dataset,endpoint,compound,concentration,concentration_unit,value,replicate,source_file,source_locator,donor,time,configuration,digitized,error_abs
Yuan2025,LDH,Acetaminophen,0.0,mM,102.5,1,42003_2025_8928_MOESM2_ESM.xlsx,Figure 4B!C3,,published_terminal_assay,Intact Liver Chip,false,
Yuan2025,LDH,Acetaminophen,0.5,mM,112.3,1,42003_2025_8928_MOESM2_ESM.xlsx,Figure 4B!D3,,published_terminal_assay,Intact Liver Chip,false,
Yuan2025,LDH,Acetaminophen,1.0,mM,128.5,1,42003_2025_8928_MOESM2_ESM.xlsx,Figure 4B!E3,,published_terminal_assay,Intact Liver Chip,false,
Yuan2025,LDH,Acetaminophen,10.0,mM,151.0,1,42003_2025_8928_MOESM2_ESM.xlsx,Figure 4B!F3,,published_terminal_assay,Intact Liver Chip,false,
Yuan2025,LDH,Acetaminophen,20.0,mM,173.5,1,42003_2025_8928_MOESM2_ESM.xlsx,Figure 4B!G3,,published_terminal_assay,Intact Liver Chip,false,
Yuan2025,LDH,Acetaminophen,0.0,mM,96.7,2,42003_2025_8928_MOESM2_ESM.xlsx,Figure 4B!C4,,published_terminal_assay,Intact Liver Chip,false,
Yuan2025,LDH,Acetaminophen,0.5,mM,118.7,2,42003_2025_8928_MOESM2_ESM.xlsx,Figure 4B!D4,,published_terminal_assay,Intact Liver Chip,false,
Yuan2025,LDH,Acetaminophen,1.0,mM,132.0,2,42003_2025_8928_MOESM2_ESM.xlsx,Figure 4B!E4,,published_terminal_assay,Intact Liver Chip,false,
Yuan2025,LDH,Acetaminophen,10.0,mM,153.5,2,42003_2025_8928_MOESM2_ESM.xlsx,Figure 4B!F4,,published_terminal_assay,Intact Liver Chip,false,
Yuan2025,LDH,Acetaminophen,20.0,mM,177.2,2,42003_2025_8928_MOESM2_ESM.xlsx,Figure 4B!G4,,published_terminal_assay,Intact Liver Chip,false,
Yuan2025,LDH,Acetaminophen,0.0,mM,103.8,3,42003_2025_8928_MOESM2_ESM.xlsx,Figure 4B!C5,,published_terminal_assay,Intact Liver Chip,false,
Yuan2025,LDH,Acetaminophen,0.5,mM,115.0,3,42003_2025_8928_MOESM2_ESM.xlsx,Figure 4B!D5,,published_terminal_assay,Intact Liver Chip,false,
Yuan2025,LDH,Acetaminophen,1.0,mM,129.7,3,42003_2025_8928_MOESM2_ESM.xlsx,Figure 4B!E5,,published_terminal_assay,Intact Liver Chip,false,
Yuan2025,LDH,Acetaminophen,10.0,mM,152.0,3,42003_2025_8928_MOESM2_ESM.xlsx,Figure 4B!F5,,published_terminal_assay,Intact Liver Chip,false,
Yuan2025,LDH,Acetaminophen,20.0,mM,175.8,3,42003_2025_8928_MOESM2_ESM.xlsx,Figure 4B!G5,,published_terminal_assay,Intact Liver Chip,false,
Yuan2025,LDH,Acetaminophen,0.0,mM,98.3,4,42003_2025_8928_MOESM2_ESM.xlsx,Figure 4B!C6,,published_terminal_assay,Intact Liver Chip,false,
Yuan2025,LDH,Acetaminophen,0.5,mM,119.4,4,42003_2025_8928_MOESM2_ESM.xlsx,Figure 4B!D6,,published_terminal_assay,Intact Liver Chip,false,
Yuan2025,LDH,Acetaminophen,1.0,mM,133.8,4,42003_2025_8928_MOESM2_ESM.xlsx,Figure 4B!E6,,published_terminal_assay,Intact Liver Chip,false,
Yuan2025,LDH,Acetaminophen,10.0,mM,154.0,4,42003_2025_8928_MOESM2_ESM.xlsx,Figure 4B!F6,,published_terminal_assay,Intact Liver Chip,false,
Yuan2025,LDH,Acetaminophen,20.0,mM,178.5,4,42003_2025_8928_MOESM2_ESM.xlsx,Figure 4B!G6,,published_terminal_assay,Intact Liver Chip,false,
Yuan2025,LDH,Acetaminophen,0.0,mM,100.0,5,42003_2025_8928_MOESM2_ESM.xlsx,Figure 4B!C7,,published_terminal_assay,Intact Liver Chip,false,
Yuan2025,LDH,Acetaminophen,0.5,mM,111.4,5,42003_2025_8928_MOESM2_ESM.xlsx,Figure 4B!D7,,published_terminal_assay,Intact Liver Chip,false,
Yuan2025,LDH,Acetaminophen,1.0,mM,127.2,5,42003_2025_8928_MOESM2_ESM.xlsx,Figure 4B!E7,,published_terminal_assay,Intact Liver Chip,false,
Yuan2025,LDH,Acetaminophen,10.0,mM,149.0,5,42003_2025_8928_MOESM2_ESM.xlsx,Figure 4B!F7,,published_terminal_assay,Intact Liver Chip,false,
Yuan2025,LDH,Acetaminophen,20.0,mM,172.0,5,42003_2025_8928_MOESM2_ESM.xlsx,Figure 4B!G7,,published_terminal_assay,Intact Liver Chip,false,
Yuan2025,LDH,Acetaminophen,0.0,mM,99.3,6,42003_2025_8928_MOESM2_ESM.xlsx,Figure 4B!C8,,published_terminal_assay,Intact Liver Chip,false,
Yuan2025,LDH,Acetaminophen,0.5,mM,115.6,6,42003_2025_8928_MOESM2_ESM.xlsx,Figure 4B!D8,,published_terminal_assay,Intact Liver Chip,false,
Yuan2025,LDH,Acetaminophen,1.0,mM,130.6,6,42003_2025_8928_MOESM2_ESM.xlsx,Figure 4B!E8,,published_terminal_assay,Intact Liver Chip,false,
Yuan2025,LDH,Acetaminophen,10.0,mM,154.3,6,42003_2025_8928_MOESM2_ESM.xlsx,Figure 4B!F8,,published_terminal_assay,Intact Liver Chip,false,
Yuan2025,LDH,Acetaminophen,20.0,mM,173.0,6,42003_2025_8928_MOESM2_ESM.xlsx,Figure 4B!G8,,published_terminal_assay,Intact Liver Chip,false,
Yuan2025,LDH,Acetaminophen,0.0,mM,102.4,1,42003_2025_8928_MOESM2_ESM.xlsx,Figure 4B!C11,,published_terminal_assay,N-B,false,
Yuan2025,LDH,Acetaminophen,0.5,mM,112.0,1,42003_2025_8928_MOESM2_ESM.xlsx,Figure 4B!D11,,published_terminal_assay,N-B,false,
Yuan2025,LDH,Acetaminophen,1.0,mM,131.5,1,42003_2025_8928_MOESM2_ESM.xlsx,Figure 4B!E11,,published_terminal_assay,N-B,false,
Yuan2025,LDH,Acetaminophen,10.0,mM,156.0,1,42003_2025_8928_MOESM2_ESM.xlsx,Figure 4B!F11,,published_terminal_assay,N-B,false,
Yuan2025,LDH,Acetaminophen,20.0,mM,177.5,1,42003_2025_8928_MOESM2_ESM.xlsx,Figure 4B!G11,,published_terminal_assay,N-B,false,
Yuan2025,LDH,Acetaminophen,0.0,mM,98.1,2,42003_2025_8928_MOESM2_ESM.xlsx,Figure 4B!C12,,published_terminal_assay,N-B,false,
Yuan2025,LDH,Acetaminophen,0.5,mM,118.5,2,42003_2025_8928_MOESM2_ESM.xlsx,Figure 4B!D12,,published_terminal_assay,N-B,false,
Yuan2025,LDH,Acetaminophen,1.0,mM,137.0,2,42003_2025_8928_MOESM2_ESM.xlsx,Figure 4B!E12,,published_terminal_assay,N-B,false,
Yuan2025,LDH,Acetaminophen,10.0,mM,162.5,2,42003_2025_8928_MOESM2_ESM.xlsx,Figure 4B!F12,,published_terminal_assay,N-B,false,
Yuan2025,LDH,Acetaminophen,20.0,mM,183.0,2,42003_2025_8928_MOESM2_ESM.xlsx,Figure 4B!G12,,published_terminal_assay,N-B,false,
Yuan2025,LDH,Acetaminophen,0.0,mM,101.2,3,42003_2025_8928_MOESM2_ESM.xlsx,Figure 4B!C13,,published_terminal_assay,N-B,false,
Yuan2025,LDH,Acetaminophen,0.5,mM,115.5,3,42003_2025_8928_MOESM2_ESM.xlsx,Figure 4B!D13,,published_terminal_assay,N-B,false,
Yuan2025,LDH,Acetaminophen,1.0,mM,135.2,3,42003_2025_8928_MOESM2_ESM.xlsx,Figure 4B!E13,,published_terminal_assay,N-B,false,
Yuan2025,LDH,Acetaminophen,10.0,mM,160.0,3,42003_2025_8928_MOESM2_ESM.xlsx,Figure 4B!F13,,published_terminal_assay,N-B,false,
Yuan2025,LDH,Acetaminophen,20.0,mM,181.2,3,42003_2025_8928_MOESM2_ESM.xlsx,Figure 4B!G13,,published_terminal_assay,N-B,false,
Yuan2025,LDH,Acetaminophen,0.0,mM,99.3,4,42003_2025_8928_MOESM2_ESM.xlsx,Figure 4B!C14,,published_terminal_assay,N-B,false,
Yuan2025,LDH,Acetaminophen,0.5,mM,119.0,4,42003_2025_8928_MOESM2_ESM.xlsx,Figure 4B!D14,,published_terminal_assay,N-B,false,
Yuan2025,LDH,Acetaminophen,1.0,mM,138.0,4,42003_2025_8928_MOESM2_ESM.xlsx,Figure 4B!E14,,published_terminal_assay,N-B,false,
Yuan2025,LDH,Acetaminophen,10.0,mM,163.0,4,42003_2025_8928_MOESM2_ESM.xlsx,Figure 4B!F14,,published_terminal_assay,N-B,false,
Yuan2025,LDH,Acetaminophen,20.0,mM,184.0,4,42003_2025_8928_MOESM2_ESM.xlsx,Figure 4B!G14,,published_terminal_assay,N-B,false,
Yuan2025,LDH,Acetaminophen,0.0,mM,101.5,5,42003_2025_8928_MOESM2_ESM.xlsx,Figure 4B!C15,,published_terminal_assay,N-B,false,
Yuan2025,LDH,Acetaminophen,0.5,mM,111.5,5,42003_2025_8928_MOESM2_ESM.xlsx,Figure 4B!D15,,published_terminal_assay,N-B,false,
Yuan2025,LDH,Acetaminophen,1.0,mM,130.8,5,42003_2025_8928_MOESM2_ESM.xlsx,Figure 4B!E15,,published_terminal_assay,N-B,false,
Yuan2025,LDH,Acetaminophen,10.0,mM,155.8,5,42003_2025_8928_MOESM2_ESM.xlsx,Figure 4B!F15,,published_terminal_assay,N-B,false,
Yuan2025,LDH,Acetaminophen,20.0,mM,176.8,5,42003_2025_8928_MOESM2_ESM.xlsx,Figure 4B!G15,,published_terminal_assay,N-B,false,
Yuan2025,LDH,Acetaminophen,0.0,mM,97.5,6,42003_2025_8928_MOESM2_ESM.xlsx,Figure 4B!C16,,published_terminal_assay,N-B,false,
Yuan2025,LDH,Acetaminophen,0.5,mM,113.5,6,42003_2025_8928_MOESM2_ESM.xlsx,Figure 4B!D16,,published_terminal_assay,N-B,false,
Yuan2025,LDH,Acetaminophen,1.0,mM,135.1,6,42003_2025_8928_MOESM2_ESM.xlsx,Figure 4B!E16,,published_terminal_assay,N-B,false,
Yuan2025,LDH,Acetaminophen,10.0,mM,159.7,6,42003_2025_8928_MOESM2_ESM.xlsx,Figure 4B!F16,,published_terminal_assay,N-B,false,
Yuan2025,LDH,Acetaminophen,20.0,mM,181.1,6,42003_2025_8928_MOESM2_ESM.xlsx,Figure 4B!G16,,published_terminal_assay,N-B,false,
Yuan2025,LDH,Acetaminophen,0.0,mM,102.1,1,42003_2025_8928_MOESM2_ESM.xlsx,Figure 4B!C19,,published_terminal_assay,N-S,false,
Yuan2025,LDH,Acetaminophen,0.5,mM,112.5,1,42003_2025_8928_MOESM2_ESM.xlsx,Figure 4B!D19,,published_terminal_assay,N-S,false,
Yuan2025,LDH,Acetaminophen,1.0,mM,136.0,1,42003_2025_8928_MOESM2_ESM.xlsx,Figure 4B!E19,,published_terminal_assay,N-S,false,
Yuan2025,LDH,Acetaminophen,10.0,mM,147.0,1,42003_2025_8928_MOESM2_ESM.xlsx,Figure 4B!F19,,published_terminal_assay,N-S,false,
Yuan2025,LDH,Acetaminophen,20.0,mM,165.5,1,42003_2025_8928_MOESM2_ESM.xlsx,Figure 4B!G19,,published_terminal_assay,N-S,false,
Yuan2025,LDH,Acetaminophen,0.0,mM,98.5,2,42003_2025_8928_MOESM2_ESM.xlsx,Figure 4B!C20,,published_terminal_assay,N-S,false,
Yuan2025,LDH,Acetaminophen,0.5,mM,117.2,2,42003_2025_8928_MOESM2_ESM.xlsx,Figure 4B!D20,,published_terminal_assay,N-S,false,
Yuan2025,LDH,Acetaminophen,1.0,mM,141.5,2,42003_2025_8928_MOESM2_ESM.xlsx,Figure 4B!E20,,published_terminal_assay,N-S,false,
Yuan2025,LDH,Acetaminophen,10.0,mM,152.5,2,42003_2025_8928_MOESM2_ESM.xlsx,Figure 4B!F20,,published_terminal_assay,N-S,false,
Yuan2025,LDH,Acetaminophen,20.0,mM,171.0,2,42003_2025_8928_MOESM2_ESM.xlsx,Figure 4B!G20,,published_terminal_assay,N-S,false,
Yuan2025,LDH,Acetaminophen,0.0,mM,101.3,3,42003_2025_8928_MOESM2_ESM.xlsx,Figure 4B!C21,,published_terminal_assay,N-S,false,
Yuan2025,LDH,Acetaminophen,0.5,mM,115.3,3,42003_2025_8928_MOESM2_ESM.xlsx,Figure 4B!D21,,published_terminal_assay,N-S,false,
Yuan2025,LDH,Acetaminophen,1.0,mM,139.2,3,42003_2025_8928_MOESM2_ESM.xlsx,Figure 4B!E21,,published_terminal_assay,N-S,false,
Yuan2025,LDH,Acetaminophen,10.0,mM,150.0,3,42003_2025_8928_MOESM2_ESM.xlsx,Figure 4B!F21,,published_terminal_assay,N-S,false,
Yuan2025,LDH,Acetaminophen,20.0,mM,169.2,3,42003_2025_8928_MOESM2_ESM.xlsx,Figure 4B!G21,,published_terminal_assay,N-S,false,
Yuan2025,LDH,Acetaminophen,0.0,mM,99.7,4,42003_2025_8928_MOESM2_ESM.xlsx,Figure 4B!C22,,published_terminal_assay,N-S,false,
Yuan2025,LDH,Acetaminophen,0.5,mM,118.0,4,42003_2025_8928_MOESM2_ESM.xlsx,Figure 4B!D22,,published_terminal_assay,N-S,false,
Yuan2025,LDH,Acetaminophen,1.0,mM,142.0,4,42003_2025_8928_MOESM2_ESM.xlsx,Figure 4B!E22,,published_terminal_assay,N-S,false,
Yuan2025,LDH,Acetaminophen,10.0,mM,153.0,4,42003_2025_8928_MOESM2_ESM.xlsx,Figure 4B!F22,,published_terminal_assay,N-S,false,
Yuan2025,LDH,Acetaminophen,20.0,mM,170.5,4,42003_2025_8928_MOESM2_ESM.xlsx,Figure 4B!G22,,published_terminal_assay,N-S,false,
Yuan2025,LDH,Acetaminophen,0.0,mM,101.8,5,42003_2025_8928_MOESM2_ESM.xlsx,Figure 4B!C23,,published_terminal_assay,N-S,false,
Yuan2025,LDH,Acetaminophen,0.5,mM,111.5,5,42003_2025_8928_MOESM2_ESM.xlsx,Figure 4B!D23,,published_terminal_assay,N-S,false,
Yuan2025,LDH,Acetaminophen,1.0,mM,135.5,5,42003_2025_8928_MOESM2_ESM.xlsx,Figure 4B!E23,,published_terminal_assay,N-S,false,
Yuan2025,LDH,Acetaminophen,10.0,mM,146.5,5,42003_2025_8928_MOESM2_ESM.xlsx,Figure 4B!F23,,published_terminal_assay,N-S,false,
Yuan2025,LDH,Acetaminophen,20.0,mM,164.5,5,42003_2025_8928_MOESM2_ESM.xlsx,Figure 4B!G23,,published_terminal_assay,N-S,false,
Yuan2025,LDH,Acetaminophen,0.0,mM,98.6,6,42003_2025_8928_MOESM2_ESM.xlsx,Figure 4B!C24,,published_terminal_assay,N-S,false,
Yuan2025,LDH,Acetaminophen,0.5,mM,114.3,6,42003_2025_8928_MOESM2_ESM.xlsx,Figure 4B!D24,,published_terminal_assay,N-S,false,
Yuan2025,LDH,Acetaminophen,1.0,mM,139.2,6,42003_2025_8928_MOESM2_ESM.xlsx,Figure 4B!E24,,published_terminal_assay,N-S,false,
Yuan2025,LDH,Acetaminophen,10.0,mM,149.8,6,42003_2025_8928_MOESM2_ESM.xlsx,Figure 4B!F24,,published_terminal_assay,N-S,false,
Yuan2025,LDH,Acetaminophen,20.0,mM,167.9,6,42003_2025_8928_MOESM2_ESM.xlsx,Figure 4B!G24,,published_terminal_assay,N-S,false,
Yuan2025,LDH,Acetaminophen,0.0,mM,102.7,1,42003_2025_8928_MOESM2_ESM.xlsx,Figure 4B!C27,,published_terminal_assay,N-K,false,
Yuan2025,LDH,Acetaminophen,0.5,mM,110.5,1,42003_2025_8928_MOESM2_ESM.xlsx,Figure 4B!D27,,published_terminal_assay,N-K,false,
Yuan2025,LDH,Acetaminophen,1.0,mM,124.0,1,42003_2025_8928_MOESM2_ESM.xlsx,Figure 4B!E27,,published_terminal_assay,N-K,false,
Yuan2025,LDH,Acetaminophen,10.0,mM,149.5,1,42003_2025_8928_MOESM2_ESM.xlsx,Figure 4B!F27,,published_terminal_assay,N-K,false,
Yuan2025,LDH,Acetaminophen,20.0,mM,166.5,1,42003_2025_8928_MOESM2_ESM.xlsx,Figure 4B!G27,,published_terminal_assay,N-K,false,
Yuan2025,LDH,Acetaminophen,0.0,mM,98.7,2,42003_2025_8928_MOESM2_ESM.xlsx,Figure 4B!C28,,published_terminal_assay,N-K,false,
Yuan2025,LDH,Acetaminophen,0.5,mM,116.2,2,42003_2025_8928_MOESM2_ESM.xlsx,Figure 4B!D28,,published_terminal_assay,N-K,false,
Yuan2025,LDH,Acetaminophen,1.0,mM,130.5,2,42003_2025_8928_MOESM2_ESM.xlsx,Figure 4B!E28,,published_terminal_assay,N-K,false,
Yuan2025,LDH,Acetaminophen,10.0,mM,155.0,2,42003_2025_8928_MOESM2_ESM.xlsx,Figure 4B!F28,,published_terminal_assay,N-K,false,
Yuan2025,LDH,Acetaminophen,20.0,mM,172.0,2,42003_2025_8928_MOESM2_ESM.xlsx,Figure 4B!G28,,published_terminal_assay,N-K,false,
Yuan2025,LDH,Acetaminophen,0.0,mM,101.2,3,42003_2025_8928_MOESM2_ESM.xlsx,Figure 4B!C29,,published_terminal_assay,N-K,false,
Yuan2025,LDH,Acetaminophen,0.5,mM,114.3,3,42003_2025_8928_MOESM2_ESM.xlsx,Figure 4B!D29,,published_terminal_assay,N-K,false,
Yuan2025,LDH,Acetaminophen,1.0,mM,128.2,3,42003_2025_8928_MOESM2_ESM.xlsx,Figure 4B!E29,,published_terminal_assay,N-K,false,
Yuan2025,LDH,Acetaminophen,10.0,mM,153.2,3,42003_2025_8928_MOESM2_ESM.xlsx,Figure 4B!F29,,published_terminal_assay,N-K,false,
Yuan2025,LDH,Acetaminophen,20.0,mM,170.2,3,42003_2025_8928_MOESM2_ESM.xlsx,Figure 4B!G29,,published_terminal_assay,N-K,false,
Yuan2025,LDH,Acetaminophen,0.0,mM,97.3,4,42003_2025_8928_MOESM2_ESM.xlsx,Figure 4B!C30,,published_terminal_assay,N-K,false,
Yuan2025,LDH,Acetaminophen,0.5,mM,117.0,4,42003_2025_8928_MOESM2_ESM.xlsx,Figure 4B!D30,,published_terminal_assay,N-K,false,
Yuan2025,LDH,Acetaminophen,1.0,mM,130.0,4,42003_2025_8928_MOESM2_ESM.xlsx,Figure 4B!E30,,published_terminal_assay,N-K,false,
Yuan2025,LDH,Acetaminophen,10.0,mM,156.0,4,42003_2025_8928_MOESM2_ESM.xlsx,Figure 4B!F30,,published_terminal_assay,N-K,false,
Yuan2025,LDH,Acetaminophen,20.0,mM,173.0,4,42003_2025_8928_MOESM2_ESM.xlsx,Figure 4B!G30,,published_terminal_assay,N-K,false,
Yuan2025,LDH,Acetaminophen,0.0,mM,99.8,5,42003_2025_8928_MOESM2_ESM.xlsx,Figure 4B!C31,,published_terminal_assay,N-K,false,
Yuan2025,LDH,Acetaminophen,0.5,mM,110.0,5,42003_2025_8928_MOESM2_ESM.xlsx,Figure 4B!D31,,published_terminal_assay,N-K,false,
Yuan2025,LDH,Acetaminophen,1.0,mM,123.5,5,42003_2025_8928_MOESM2_ESM.xlsx,Figure 4B!E31,,published_terminal_assay,N-K,false,
Yuan2025,LDH,Acetaminophen,10.0,mM,148.8,5,42003_2025_8928_MOESM2_ESM.xlsx,Figure 4B!F31,,published_terminal_assay,N-K,false,
Yuan2025,LDH,Acetaminophen,20.0,mM,166.0,5,42003_2025_8928_MOESM2_ESM.xlsx,Figure 4B!G31,,published_terminal_assay,N-K,false,
Yuan2025,LDH,Acetaminophen,0.0,mM,101.3,6,42003_2025_8928_MOESM2_ESM.xlsx,Figure 4B!C32,,published_terminal_assay,N-K,false,
Yuan2025,LDH,Acetaminophen,0.5,mM,114.8,6,42003_2025_8928_MOESM2_ESM.xlsx,Figure 4B!D32,,published_terminal_assay,N-K,false,
Yuan2025,LDH,Acetaminophen,1.0,mM,126.4,6,42003_2025_8928_MOESM2_ESM.xlsx,Figure 4B!E32,,published_terminal_assay,N-K,false,
Yuan2025,LDH,Acetaminophen,10.0,mM,153.7,6,42003_2025_8928_MOESM2_ESM.xlsx,Figure 4B!F32,,published_terminal_assay,N-K,false,
Yuan2025,LDH,Acetaminophen,20.0,mM,170.5,6,42003_2025_8928_MOESM2_ESM.xlsx,Figure 4B!G32,,published_terminal_assay,N-K,false,
Yuan2025,LDH,Acetaminophen,0.0,mM,102.8,1,42003_2025_8928_MOESM2_ESM.xlsx,Figure 4B!C35,,published_terminal_assay,N-T,false,
Yuan2025,LDH,Acetaminophen,0.5,mM,112.2,1,42003_2025_8928_MOESM2_ESM.xlsx,Figure 4B!D35,,published_terminal_assay,N-T,false,
Yuan2025,LDH,Acetaminophen,1.0,mM,126.5,1,42003_2025_8928_MOESM2_ESM.xlsx,Figure 4B!E35,,published_terminal_assay,N-T,false,
Yuan2025,LDH,Acetaminophen,10.0,mM,146.0,1,42003_2025_8928_MOESM2_ESM.xlsx,Figure 4B!F35,,published_terminal_assay,N-T,false,
Yuan2025,LDH,Acetaminophen,20.0,mM,175.5,1,42003_2025_8928_MOESM2_ESM.xlsx,Figure 4B!G35,,published_terminal_assay,N-T,false,
Yuan2025,LDH,Acetaminophen,0.0,mM,98.0,2,42003_2025_8928_MOESM2_ESM.xlsx,Figure 4B!C36,,published_terminal_assay,N-T,false,
Yuan2025,LDH,Acetaminophen,0.5,mM,118.0,2,42003_2025_8928_MOESM2_ESM.xlsx,Figure 4B!D36,,published_terminal_assay,N-T,false,
Yuan2025,LDH,Acetaminophen,1.0,mM,132.0,2,42003_2025_8928_MOESM2_ESM.xlsx,Figure 4B!E36,,published_terminal_assay,N-T,false,
Yuan2025,LDH,Acetaminophen,10.0,mM,152.5,2,42003_2025_8928_MOESM2_ESM.xlsx,Figure 4B!F36,,published_terminal_assay,N-T,false,
Yuan2025,LDH,Acetaminophen,20.0,mM,181.0,2,42003_2025_8928_MOESM2_ESM.xlsx,Figure 4B!G36,,published_terminal_assay,N-T,false,
Yuan2025,LDH,Acetaminophen,0.0,mM,101.6,3,42003_2025_8928_MOESM2_ESM.xlsx,Figure 4B!C37,,published_terminal_assay,N-T,false,
Yuan2025,LDH,Acetaminophen,0.5,mM,115.5,3,42003_2025_8928_MOESM2_ESM.xlsx,Figure 4B!D37,,published_terminal_assay,N-T,false,
Yuan2025,LDH,Acetaminophen,1.0,mM,130.2,3,42003_2025_8928_MOESM2_ESM.xlsx,Figure 4B!E37,,published_terminal_assay,N-T,false,
Yuan2025,LDH,Acetaminophen,10.0,mM,150.0,3,42003_2025_8928_MOESM2_ESM.xlsx,Figure 4B!F37,,published_terminal_assay,N-T,false,
Yuan2025,LDH,Acetaminophen,20.0,mM,179.2,3,42003_2025_8928_MOESM2_ESM.xlsx,Figure 4B!G37,,published_terminal_assay,N-T,false,
Yuan2025,LDH,Acetaminophen,0.0,mM,97.5,4,42003_2025_8928_MOESM2_ESM.xlsx,Figure 4B!C38,,published_terminal_assay,N-T,false,
Yuan2025,LDH,Acetaminophen,0.5,mM,119.0,4,42003_2025_8928_MOESM2_ESM.xlsx,Figure 4B!D38,,published_terminal_assay,N-T,false,
Yuan2025,LDH,Acetaminophen,1.0,mM,133.0,4,42003_2025_8928_MOESM2_ESM.xlsx,Figure 4B!E38,,published_terminal_assay,N-T,false,
Yuan2025,LDH,Acetaminophen,10.0,mM,153.0,4,42003_2025_8928_MOESM2_ESM.xlsx,Figure 4B!F38,,published_terminal_assay,N-T,false,
Yuan2025,LDH,Acetaminophen,20.0,mM,182.0,4,42003_2025_8928_MOESM2_ESM.xlsx,Figure 4B!G38,,published_terminal_assay,N-T,false,
Yuan2025,LDH,Acetaminophen,0.0,mM,99.1,5,42003_2025_8928_MOESM2_ESM.xlsx,Figure 4B!C39,,published_terminal_assay,N-T,false,
Yuan2025,LDH,Acetaminophen,0.5,mM,111.3,5,42003_2025_8928_MOESM2_ESM.xlsx,Figure 4B!D39,,published_terminal_assay,N-T,false,
Yuan2025,LDH,Acetaminophen,1.0,mM,126.0,5,42003_2025_8928_MOESM2_ESM.xlsx,Figure 4B!E39,,published_terminal_assay,N-T,false,
Yuan2025,LDH,Acetaminophen,10.0,mM,145.5,5,42003_2025_8928_MOESM2_ESM.xlsx,Figure 4B!F39,,published_terminal_assay,N-T,false,
Yuan2025,LDH,Acetaminophen,20.0,mM,175.0,5,42003_2025_8928_MOESM2_ESM.xlsx,Figure 4B!G39,,published_terminal_assay,N-T,false,
Yuan2025,LDH,Acetaminophen,0.0,mM,101.2,6,42003_2025_8928_MOESM2_ESM.xlsx,Figure 4B!C40,,published_terminal_assay,N-T,false,
Yuan2025,LDH,Acetaminophen,0.5,mM,114.6,6,42003_2025_8928_MOESM2_ESM.xlsx,Figure 4B!D40,,published_terminal_assay,N-T,false,
Yuan2025,LDH,Acetaminophen,1.0,mM,130.5,6,42003_2025_8928_MOESM2_ESM.xlsx,Figure 4B!E40,,published_terminal_assay,N-T,false,
Yuan2025,LDH,Acetaminophen,10.0,mM,148.2,6,42003_2025_8928_MOESM2_ESM.xlsx,Figure 4B!F40,,published_terminal_assay,N-T,false,
Yuan2025,LDH,Acetaminophen,20.0,mM,179.5,6,42003_2025_8928_MOESM2_ESM.xlsx,Figure 4B!G40,,published_terminal_assay,N-T,false,
Yuan2025,LDH,Ethinylestradiol,0.0,uM,103.4,1,42003_2025_8928_MOESM2_ESM.xlsx,Figure 4B!K3,,published_terminal_assay,Intact Liver Chip,false,
Yuan2025,LDH,Ethinylestradiol,50.0,uM,126.3,1,42003_2025_8928_MOESM2_ESM.xlsx,Figure 4B!L3,,published_terminal_assay,Intact Liver Chip,false,
Yuan2025,LDH,Ethinylestradiol,100.0,uM,144.2,1,42003_2025_8928_MOESM2_ESM.xlsx,Figure 4B!M3,,published_terminal_assay,Intact Liver Chip,false,
Yuan2025,LDH,Ethinylestradiol,250.0,uM,144.2,1,42003_2025_8928_MOESM2_ESM.xlsx,Figure 4B!N3,,published_terminal_assay,Intact Liver Chip,false,
Yuan2025,LDH,Ethinylestradiol,500.0,uM,148.2,1,42003_2025_8928_MOESM2_ESM.xlsx,Figure 4B!O3,,published_terminal_assay,Intact Liver Chip,false,
Yuan2025,LDH,Ethinylestradiol,0.0,uM,98.2,2,42003_2025_8928_MOESM2_ESM.xlsx,Figure 4B!K4,,published_terminal_assay,Intact Liver Chip,false,
Yuan2025,LDH,Ethinylestradiol,50.0,uM,118.4,2,42003_2025_8928_MOESM2_ESM.xlsx,Figure 4B!L4,,published_terminal_assay,Intact Liver Chip,false,
Yuan2025,LDH,Ethinylestradiol,100.0,uM,135.1,2,42003_2025_8928_MOESM2_ESM.xlsx,Figure 4B!M4,,published_terminal_assay,Intact Liver Chip,false,
Yuan2025,LDH,Ethinylestradiol,250.0,uM,133.3,2,42003_2025_8928_MOESM2_ESM.xlsx,Figure 4B!N4,,published_terminal_assay,Intact Liver Chip,false,
Yuan2025,LDH,Ethinylestradiol,500.0,uM,156.2,2,42003_2025_8928_MOESM2_ESM.xlsx,Figure 4B!O4,,published_terminal_assay,Intact Liver Chip,false,
Yuan2025,LDH,Ethinylestradiol,0.0,uM,95.7,3,42003_2025_8928_MOESM2_ESM.xlsx,Figure 4B!K5,,published_terminal_assay,Intact Liver Chip,false,
Yuan2025,LDH,Ethinylestradiol,50.0,uM,124.9,3,42003_2025_8928_MOESM2_ESM.xlsx,Figure 4B!L5,,published_terminal_assay,Intact Liver Chip,false,
Yuan2025,LDH,Ethinylestradiol,100.0,uM,139.9,3,42003_2025_8928_MOESM2_ESM.xlsx,Figure 4B!M5,,published_terminal_assay,Intact Liver Chip,false,
Yuan2025,LDH,Ethinylestradiol,250.0,uM,142.1,3,42003_2025_8928_MOESM2_ESM.xlsx,Figure 4B!N5,,published_terminal_assay,Intact Liver Chip,false,
Yuan2025,LDH,Ethinylestradiol,500.0,uM,157.8,3,42003_2025_8928_MOESM2_ESM.xlsx,Figure 4B!O5,,published_terminal_assay,Intact Liver Chip,false,
Yuan2025,LDH,Ethinylestradiol,0.0,uM,104.9,4,42003_2025_8928_MOESM2_ESM.xlsx,Figure 4B!K6,,published_terminal_assay,Intact Liver Chip,false,
Yuan2025,LDH,Ethinylestradiol,50.0,uM,115.8,4,42003_2025_8928_MOESM2_ESM.xlsx,Figure 4B!L6,,published_terminal_assay,Intact Liver Chip,false,
Yuan2025,LDH,Ethinylestradiol,100.0,uM,130.8,4,42003_2025_8928_MOESM2_ESM.xlsx,Figure 4B!M6,,published_terminal_assay,Intact Liver Chip,false,
Yuan2025,LDH,Ethinylestradiol,250.0,uM,137.0,4,42003_2025_8928_MOESM2_ESM.xlsx,Figure 4B!N6,,published_terminal_assay,Intact Liver Chip,false,
Yuan2025,LDH,Ethinylestradiol,500.0,uM,145.5,4,42003_2025_8928_MOESM2_ESM.xlsx,Figure 4B!O6,,published_terminal_assay,Intact Liver Chip,false,
Yuan2025,LDH,Ethinylestradiol,0.0,uM,96.3,5,42003_2025_8928_MOESM2_ESM.xlsx,Figure 4B!K7,,published_terminal_assay,Intact Liver Chip,false,
Yuan2025,LDH,Ethinylestradiol,50.0,uM,122.6,5,42003_2025_8928_MOESM2_ESM.xlsx,Figure 4B!L7,,published_terminal_assay,Intact Liver Chip,false,
Yuan2025,LDH,Ethinylestradiol,100.0,uM,142.4,5,42003_2025_8928_MOESM2_ESM.xlsx,Figure 4B!M7,,published_terminal_assay,Intact Liver Chip,false,
Yuan2025,LDH,Ethinylestradiol,250.0,uM,146.8,5,42003_2025_8928_MOESM2_ESM.xlsx,Figure 4B!N7,,published_terminal_assay,Intact Liver Chip,false,
Yuan2025,LDH,Ethinylestradiol,500.0,uM,153.0,5,42003_2025_8928_MOESM2_ESM.xlsx,Figure 4B!O7,,published_terminal_assay,Intact Liver Chip,false,
Yuan2025,LDH,Ethinylestradiol,0.0,uM,101.5,6,42003_2025_8928_MOESM2_ESM.xlsx,Figure 4B!K8,,published_terminal_assay,Intact Liver Chip,false,
Yuan2025,LDH,Ethinylestradiol,50.0,uM,122.0,6,42003_2025_8928_MOESM2_ESM.xlsx,Figure 4B!L8,,published_terminal_assay,Intact Liver Chip,false,
Yuan2025,LDH,Ethinylestradiol,100.0,uM,136.3,6,42003_2025_8928_MOESM2_ESM.xlsx,Figure 4B!M8,,published_terminal_assay,Intact Liver Chip,false,
Yuan2025,LDH,Ethinylestradiol,250.0,uM,143.2,6,42003_2025_8928_MOESM2_ESM.xlsx,Figure 4B!N8,,published_terminal_assay,Intact Liver Chip,false,
Yuan2025,LDH,Ethinylestradiol,500.0,uM,147.7,6,42003_2025_8928_MOESM2_ESM.xlsx,Figure 4B!O8,,published_terminal_assay,Intact Liver Chip,false,
Yuan2025,LDH,Ethinylestradiol,0.0,uM,102.3,1,42003_2025_8928_MOESM2_ESM.xlsx,Figure 4B!K11,,published_terminal_assay,N-B,false,
Yuan2025,LDH,Ethinylestradiol,50.0,uM,137.2,1,42003_2025_8928_MOESM2_ESM.xlsx,Figure 4B!L11,,published_terminal_assay,N-B,false,
Yuan2025,LDH,Ethinylestradiol,100.0,uM,154.2,1,42003_2025_8928_MOESM2_ESM.xlsx,Figure 4B!M11,,published_terminal_assay,N-B,false,
Yuan2025,LDH,Ethinylestradiol,250.0,uM,170.2,1,42003_2025_8928_MOESM2_ESM.xlsx,Figure 4B!N11,,published_terminal_assay,N-B,false,
Yuan2025,LDH,Ethinylestradiol,500.0,uM,192.5,1,42003_2025_8928_MOESM2_ESM.xlsx,Figure 4B!O11,,published_terminal_assay,N-B,false,
Yuan2025,LDH,Ethinylestradiol,0.0,uM,97.4,2,42003_2025_8928_MOESM2_ESM.xlsx,Figure 4B!K12,,published_terminal_assay,N-B,false,
Yuan2025,LDH,Ethinylestradiol,50.0,uM,140.5,2,42003_2025_8928_MOESM2_ESM.xlsx,Figure 4B!L12,,published_terminal_assay,N-B,false,
Yuan2025,LDH,Ethinylestradiol,100.0,uM,147.6,2,42003_2025_8928_MOESM2_ESM.xlsx,Figure 4B!M12,,published_terminal_assay,N-B,false,
Yuan2025,LDH,Ethinylestradiol,250.0,uM,170.3,2,42003_2025_8928_MOESM2_ESM.xlsx,Figure 4B!N12,,published_terminal_assay,N-B,false,
Yuan2025,LDH,Ethinylestradiol,500.0,uM,185.3,2,42003_2025_8928_MOESM2_ESM.xlsx,Figure 4B!O12,,published_terminal_assay,N-B,false,
Yuan2025,LDH,Ethinylestradiol,0.0,uM,103.8,3,42003_2025_8928_MOESM2_ESM.xlsx,Figure 4B!K13,,published_terminal_assay,N-B,false,
Yuan2025,LDH,Ethinylestradiol,50.0,uM,137.3,3,42003_2025_8928_MOESM2_ESM.xlsx,Figure 4B!L13,,published_terminal_assay,N-B,false,
Yuan2025,LDH,Ethinylestradiol,100.0,uM,153.9,3,42003_2025_8928_MOESM2_ESM.xlsx,Figure 4B!M13,,published_terminal_assay,N-B,false,
Yuan2025,LDH,Ethinylestradiol,250.0,uM,167.5,3,42003_2025_8928_MOESM2_ESM.xlsx,Figure 4B!N13,,published_terminal_assay,N-B,false,
Yuan2025,LDH,Ethinylestradiol,500.0,uM,193.7,3,42003_2025_8928_MOESM2_ESM.xlsx,Figure 4B!O13,,published_terminal_assay,N-B,false,
Yuan2025,LDH,Ethinylestradiol,0.0,uM,95.1,4,42003_2025_8928_MOESM2_ESM.xlsx,Figure 4B!K14,,published_terminal_assay,N-B,false,
Yuan2025,LDH,Ethinylestradiol,50.0,uM,144.1,4,42003_2025_8928_MOESM2_ESM.xlsx,Figure 4B!L14,,published_terminal_assay,N-B,false,
Yuan2025,LDH,Ethinylestradiol,100.0,uM,148.3,4,42003_2025_8928_MOESM2_ESM.xlsx,Figure 4B!M14,,published_terminal_assay,N-B,false,
Yuan2025,LDH,Ethinylestradiol,250.0,uM,172.8,4,42003_2025_8928_MOESM2_ESM.xlsx,Figure 4B!N14,,published_terminal_assay,N-B,false,
Yuan2025,LDH,Ethinylestradiol,500.0,uM,186.4,4,42003_2025_8928_MOESM2_ESM.xlsx,Figure 4B!O14,,published_terminal_assay,N-B,false,
Yuan2025,LDH,Ethinylestradiol,0.0,uM,101.6,5,42003_2025_8928_MOESM2_ESM.xlsx,Figure 4B!K15,,published_terminal_assay,N-B,false,
Yuan2025,LDH,Ethinylestradiol,50.0,uM,135.8,5,42003_2025_8928_MOESM2_ESM.xlsx,Figure 4B!L15,,published_terminal_assay,N-B,false,
Yuan2025,LDH,Ethinylestradiol,100.0,uM,152.1,5,42003_2025_8928_MOESM2_ESM.xlsx,Figure 4B!M15,,published_terminal_assay,N-B,false,
Yuan2025,LDH,Ethinylestradiol,250.0,uM,165.2,5,42003_2025_8928_MOESM2_ESM.xlsx,Figure 4B!N15,,published_terminal_assay,N-B,false,
Yuan2025,LDH,Ethinylestradiol,500.0,uM,191.2,5,42003_2025_8928_MOESM2_ESM.xlsx,Figure 4B!O15,,published_terminal_assay,N-B,false,
Yuan2025,LDH,Ethinylestradiol,0.0,uM,99.2,6,42003_2025_8928_MOESM2_ESM.xlsx,Figure 4B!K16,,published_terminal_assay,N-B,false,
Yuan2025,LDH,Ethinylestradiol,50.0,uM,142.7,6,42003_2025_8928_MOESM2_ESM.xlsx,Figure 4B!L16,,published_terminal_assay,N-B,false,
Yuan2025,LDH,Ethinylestradiol,100.0,uM,147.9,6,42003_2025_8928_MOESM2_ESM.xlsx,Figure 4B!M16,,published_terminal_assay,N-B,false,
Yuan2025,LDH,Ethinylestradiol,250.0,uM,173.4,6,42003_2025_8928_MOESM2_ESM.xlsx,Figure 4B!N16,,published_terminal_assay,N-B,false,
Yuan2025,LDH,Ethinylestradiol,500.0,uM,183.7,6,42003_2025_8928_MOESM2_ESM.xlsx,Figure 4B!O16,,published_terminal_assay,N-B,false,
Yuan2025,LDH,Ethinylestradiol,0.0,uM,104.3,1,42003_2025_8928_MOESM2_ESM.xlsx,Figure 4B!K19,,published_terminal_assay,N-S,false,
Yuan2025,LDH,Ethinylestradiol,50.0,uM,111.5,1,42003_2025_8928_MOESM2_ESM.xlsx,Figure 4B!L19,,published_terminal_assay,N-S,false,
Yuan2025,LDH,Ethinylestradiol,100.0,uM,133.9,1,42003_2025_8928_MOESM2_ESM.xlsx,Figure 4B!M19,,published_terminal_assay,N-S,false,
Yuan2025,LDH,Ethinylestradiol,250.0,uM,133.8,1,42003_2025_8928_MOESM2_ESM.xlsx,Figure 4B!N19,,published_terminal_assay,N-S,false,
Yuan2025,LDH,Ethinylestradiol,500.0,uM,145.3,1,42003_2025_8928_MOESM2_ESM.xlsx,Figure 4B!O19,,published_terminal_assay,N-S,false,
Yuan2025,LDH,Ethinylestradiol,0.0,uM,97.8,2,42003_2025_8928_MOESM2_ESM.xlsx,Figure 4B!K20,,published_terminal_assay,N-S,false,
Yuan2025,LDH,Ethinylestradiol,50.0,uM,117.3,2,42003_2025_8928_MOESM2_ESM.xlsx,Figure 4B!L20,,published_terminal_assay,N-S,false,
Yuan2025,LDH,Ethinylestradiol,100.0,uM,125.4,2,42003_2025_8928_MOESM2_ESM.xlsx,Figure 4B!M20,,published_terminal_assay,N-S,false,
Yuan2025,LDH,Ethinylestradiol,250.0,uM,137.4,2,42003_2025_8928_MOESM2_ESM.xlsx,Figure 4B!N20,,published_terminal_assay,N-S,false,
Yuan2025,LDH,Ethinylestradiol,500.0,uM,137.8,2,42003_2025_8928_MOESM2_ESM.xlsx,Figure 4B!O20,,published_terminal_assay,N-S,false,
Yuan2025,LDH,Ethinylestradiol,0.0,uM,102.5,3,42003_2025_8928_MOESM2_ESM.xlsx,Figure 4B!K21,,published_terminal_assay,N-S,false,
Yuan2025,LDH,Ethinylestradiol,50.0,uM,119.5,3,42003_2025_8928_MOESM2_ESM.xlsx,Figure 4B!L21,,published_terminal_assay,N-S,false,
Yuan2025,LDH,Ethinylestradiol,100.0,uM,132.7,3,42003_2025_8928_MOESM2_ESM.xlsx,Figure 4B!M21,,published_terminal_assay,N-S,false,
Yuan2025,LDH,Ethinylestradiol,250.0,uM,131.7,3,42003_2025_8928_MOESM2_ESM.xlsx,Figure 4B!N21,,published_terminal_assay,N-S,false,
Yuan2025,LDH,Ethinylestradiol,500.0,uM,144.1,3,42003_2025_8928_MOESM2_ESM.xlsx,Figure 4B!O21,,published_terminal_assay,N-S,false,
Yuan2025,LDH,Ethinylestradiol,0.0,uM,95.6,4,42003_2025_8928_MOESM2_ESM.xlsx,Figure 4B!K22,,published_terminal_assay,N-S,false,
Yuan2025,LDH,Ethinylestradiol,50.0,uM,110.2,4,42003_2025_8928_MOESM2_ESM.xlsx,Figure 4B!L22,,published_terminal_assay,N-S,false,
Yuan2025,LDH,Ethinylestradiol,100.0,uM,126.8,4,42003_2025_8928_MOESM2_ESM.xlsx,Figure 4B!M22,,published_terminal_assay,N-S,false,
Yuan2025,LDH,Ethinylestradiol,250.0,uM,136.8,4,42003_2025_8928_MOESM2_ESM.xlsx,Figure 4B!N22,,published_terminal_assay,N-S,false,
Yuan2025,LDH,Ethinylestradiol,500.0,uM,142.5,4,42003_2025_8928_MOESM2_ESM.xlsx,Figure 4B!O22,,published_terminal_assay,N-S,false,
Yuan2025,LDH,Ethinylestradiol,0.0,uM,98.9,5,42003_2025_8928_MOESM2_ESM.xlsx,Figure 4B!K23,,published_terminal_assay,N-S,false,
Yuan2025,LDH,Ethinylestradiol,50.0,uM,113.4,5,42003_2025_8928_MOESM2_ESM.xlsx,Figure 4B!L23,,published_terminal_assay,N-S,false,
Yuan2025,LDH,Ethinylestradiol,100.0,uM,131.2,5,42003_2025_8928_MOESM2_ESM.xlsx,Figure 4B!M23,,published_terminal_assay,N-S,false,
Yuan2025,LDH,Ethinylestradiol,250.0,uM,139.2,5,42003_2025_8928_MOESM2_ESM.xlsx,Figure 4B!N23,,published_terminal_assay,N-S,false,
Yuan2025,LDH,Ethinylestradiol,500.0,uM,138.9,5,42003_2025_8928_MOESM2_ESM.xlsx,Figure 4B!O23,,published_terminal_assay,N-S,false,
Yuan2025,LDH,Ethinylestradiol,0.0,uM,101.5,6,42003_2025_8928_MOESM2_ESM.xlsx,Figure 4B!K24,,published_terminal_assay,N-S,false,
Yuan2025,LDH,Ethinylestradiol,50.0,uM,118.7,6,42003_2025_8928_MOESM2_ESM.xlsx,Figure 4B!L24,,published_terminal_assay,N-S,false,
Yuan2025,LDH,Ethinylestradiol,100.0,uM,127.6,6,42003_2025_8928_MOESM2_ESM.xlsx,Figure 4B!M24,,published_terminal_assay,N-S,false,
Yuan2025,LDH,Ethinylestradiol,250.0,uM,130.5,6,42003_2025_8928_MOESM2_ESM.xlsx,Figure 4B!N24,,published_terminal_assay,N-S,false,
Yuan2025,LDH,Ethinylestradiol,500.0,uM,141.0,6,42003_2025_8928_MOESM2_ESM.xlsx,Figure 4B!O24,,published_terminal_assay,N-S,false,
Yuan2025,LDH,Ethinylestradiol,0.0,uM,103.5,1,42003_2025_8928_MOESM2_ESM.xlsx,Figure 4B!K27,,published_terminal_assay,N-K,false,
Yuan2025,LDH,Ethinylestradiol,50.0,uM,120.2,1,42003_2025_8928_MOESM2_ESM.xlsx,Figure 4B!L27,,published_terminal_assay,N-K,false,
Yuan2025,LDH,Ethinylestradiol,100.0,uM,118.7,1,42003_2025_8928_MOESM2_ESM.xlsx,Figure 4B!M27,,published_terminal_assay,N-K,false,
Yuan2025,LDH,Ethinylestradiol,250.0,uM,134.1,1,42003_2025_8928_MOESM2_ESM.xlsx,Figure 4B!N27,,published_terminal_assay,N-K,false,
Yuan2025,LDH,Ethinylestradiol,500.0,uM,150.2,1,42003_2025_8928_MOESM2_ESM.xlsx,Figure 4B!O27,,published_terminal_assay,N-K,false,
Yuan2025,LDH,Ethinylestradiol,0.0,uM,96.8,2,42003_2025_8928_MOESM2_ESM.xlsx,Figure 4B!K28,,published_terminal_assay,N-K,false,
Yuan2025,LDH,Ethinylestradiol,50.0,uM,116.9,2,42003_2025_8928_MOESM2_ESM.xlsx,Figure 4B!L28,,published_terminal_assay,N-K,false,
Yuan2025,LDH,Ethinylestradiol,100.0,uM,112.4,2,42003_2025_8928_MOESM2_ESM.xlsx,Figure 4B!M28,,published_terminal_assay,N-K,false,
Yuan2025,LDH,Ethinylestradiol,250.0,uM,141.2,2,42003_2025_8928_MOESM2_ESM.xlsx,Figure 4B!N28,,published_terminal_assay,N-K,false,
Yuan2025,LDH,Ethinylestradiol,500.0,uM,142.8,2,42003_2025_8928_MOESM2_ESM.xlsx,Figure 4B!O28,,published_terminal_assay,N-K,false,
Yuan2025,LDH,Ethinylestradiol,0.0,uM,98.2,3,42003_2025_8928_MOESM2_ESM.xlsx,Figure 4B!K29,,published_terminal_assay,N-K,false,
Yuan2025,LDH,Ethinylestradiol,50.0,uM,118.6,3,42003_2025_8928_MOESM2_ESM.xlsx,Figure 4B!L29,,published_terminal_assay,N-K,false,
Yuan2025,LDH,Ethinylestradiol,100.0,uM,119.9,3,42003_2025_8928_MOESM2_ESM.xlsx,Figure 4B!M29,,published_terminal_assay,N-K,false,
Yuan2025,LDH,Ethinylestradiol,250.0,uM,135.8,3,42003_2025_8928_MOESM2_ESM.xlsx,Figure 4B!N29,,published_terminal_assay,N-K,false,
Yuan2025,LDH,Ethinylestradiol,500.0,uM,149.5,3,42003_2025_8928_MOESM2_ESM.xlsx,Figure 4B!O29,,published_terminal_assay,N-K,false,
Yuan2025,LDH,Ethinylestradiol,0.0,uM,104.7,4,42003_2025_8928_MOESM2_ESM.xlsx,Figure 4B!K30,,published_terminal_assay,N-K,false,
Yuan2025,LDH,Ethinylestradiol,50.0,uM,124.8,4,42003_2025_8928_MOESM2_ESM.xlsx,Figure 4B!L30,,published_terminal_assay,N-K,false,
Yuan2025,LDH,Ethinylestradiol,100.0,uM,110.5,4,42003_2025_8928_MOESM2_ESM.xlsx,Figure 4B!M30,,published_terminal_assay,N-K,false,
Yuan2025,LDH,Ethinylestradiol,250.0,uM,140.5,4,42003_2025_8928_MOESM2_ESM.xlsx,Figure 4B!N30,,published_terminal_assay,N-K,false,
Yuan2025,LDH,Ethinylestradiol,500.0,uM,143.7,4,42003_2025_8928_MOESM2_ESM.xlsx,Figure 4B!O30,,published_terminal_assay,N-K,false,
Yuan2025,LDH,Ethinylestradiol,0.0,uM,102.3,5,42003_2025_8928_MOESM2_ESM.xlsx,Figure 4B!K31,,published_terminal_assay,N-K,false,
Yuan2025,LDH,Ethinylestradiol,50.0,uM,115.3,5,42003_2025_8928_MOESM2_ESM.xlsx,Figure 4B!L31,,published_terminal_assay,N-K,false,
Yuan2025,LDH,Ethinylestradiol,100.0,uM,117.3,5,42003_2025_8928_MOESM2_ESM.xlsx,Figure 4B!M31,,published_terminal_assay,N-K,false,
Yuan2025,LDH,Ethinylestradiol,250.0,uM,134.7,5,42003_2025_8928_MOESM2_ESM.xlsx,Figure 4B!N31,,published_terminal_assay,N-K,false,
Yuan2025,LDH,Ethinylestradiol,500.0,uM,148.1,5,42003_2025_8928_MOESM2_ESM.xlsx,Figure 4B!O31,,published_terminal_assay,N-K,false,
Yuan2025,LDH,Ethinylestradiol,0.0,uM,95.1,6,42003_2025_8928_MOESM2_ESM.xlsx,Figure 4B!K32,,published_terminal_assay,N-K,false,
Yuan2025,LDH,Ethinylestradiol,50.0,uM,122.4,6,42003_2025_8928_MOESM2_ESM.xlsx,Figure 4B!L32,,published_terminal_assay,N-K,false,
Yuan2025,LDH,Ethinylestradiol,100.0,uM,112.4,6,42003_2025_8928_MOESM2_ESM.xlsx,Figure 4B!M32,,published_terminal_assay,N-K,false,
Yuan2025,LDH,Ethinylestradiol,250.0,uM,142.3,6,42003_2025_8928_MOESM2_ESM.xlsx,Figure 4B!N32,,published_terminal_assay,N-K,false,
Yuan2025,LDH,Ethinylestradiol,500.0,uM,145.3,6,42003_2025_8928_MOESM2_ESM.xlsx,Figure 4B!O32,,published_terminal_assay,N-K,false,
Yuan2025,LDH,Ethinylestradiol,0.0,uM,103.5,1,42003_2025_8928_MOESM2_ESM.xlsx,Figure 4B!K35,,published_terminal_assay,N-T,false,
Yuan2025,LDH,Ethinylestradiol,50.0,uM,121.5,1,42003_2025_8928_MOESM2_ESM.xlsx,Figure 4B!L35,,published_terminal_assay,N-T,false,
Yuan2025,LDH,Ethinylestradiol,100.0,uM,134.3,1,42003_2025_8928_MOESM2_ESM.xlsx,Figure 4B!M35,,published_terminal_assay,N-T,false,
Yuan2025,LDH,Ethinylestradiol,250.0,uM,127.3,1,42003_2025_8928_MOESM2_ESM.xlsx,Figure 4B!N35,,published_terminal_assay,N-T,false,
Yuan2025,LDH,Ethinylestradiol,500.0,uM,152.4,1,42003_2025_8928_MOESM2_ESM.xlsx,Figure 4B!O35,,published_terminal_assay,N-T,false,
Yuan2025,LDH,Ethinylestradiol,0.0,uM,96.8,2,42003_2025_8928_MOESM2_ESM.xlsx,Figure 4B!K36,,published_terminal_assay,N-T,false,
Yuan2025,LDH,Ethinylestradiol,50.0,uM,117.6,2,42003_2025_8928_MOESM2_ESM.xlsx,Figure 4B!L36,,published_terminal_assay,N-T,false,
Yuan2025,LDH,Ethinylestradiol,100.0,uM,125.7,2,42003_2025_8928_MOESM2_ESM.xlsx,Figure 4B!M36,,published_terminal_assay,N-T,false,
Yuan2025,LDH,Ethinylestradiol,250.0,uM,130.3,2,42003_2025_8928_MOESM2_ESM.xlsx,Figure 4B!N36,,published_terminal_assay,N-T,false,
Yuan2025,LDH,Ethinylestradiol,500.0,uM,144.9,2,42003_2025_8928_MOESM2_ESM.xlsx,Figure 4B!O36,,published_terminal_assay,N-T,false,
Yuan2025,LDH,Ethinylestradiol,0.0,uM,98.2,3,42003_2025_8928_MOESM2_ESM.xlsx,Figure 4B!K37,,published_terminal_assay,N-T,false,
Yuan2025,LDH,Ethinylestradiol,50.0,uM,116.9,3,42003_2025_8928_MOESM2_ESM.xlsx,Figure 4B!L37,,published_terminal_assay,N-T,false,
Yuan2025,LDH,Ethinylestradiol,100.0,uM,132.1,3,42003_2025_8928_MOESM2_ESM.xlsx,Figure 4B!M37,,published_terminal_assay,N-T,false,
Yuan2025,LDH,Ethinylestradiol,250.0,uM,125.6,3,42003_2025_8928_MOESM2_ESM.xlsx,Figure 4B!N37,,published_terminal_assay,N-T,false,
Yuan2025,LDH,Ethinylestradiol,500.0,uM,151.3,3,42003_2025_8928_MOESM2_ESM.xlsx,Figure 4B!O37,,published_terminal_assay,N-T,false,
Yuan2025,LDH,Ethinylestradiol,0.0,uM,104.7,4,42003_2025_8928_MOESM2_ESM.xlsx,Figure 4B!K38,,published_terminal_assay,N-T,false,
Yuan2025,LDH,Ethinylestradiol,50.0,uM,124.2,4,42003_2025_8928_MOESM2_ESM.xlsx,Figure 4B!L38,,published_terminal_assay,N-T,false,
Yuan2025,LDH,Ethinylestradiol,100.0,uM,126.5,4,42003_2025_8928_MOESM2_ESM.xlsx,Figure 4B!M38,,published_terminal_assay,N-T,false,
Yuan2025,LDH,Ethinylestradiol,250.0,uM,135.0,4,42003_2025_8928_MOESM2_ESM.xlsx,Figure 4B!N38,,published_terminal_assay,N-T,false,
Yuan2025,LDH,Ethinylestradiol,500.0,uM,147.4,4,42003_2025_8928_MOESM2_ESM.xlsx,Figure 4B!O38,,published_terminal_assay,N-T,false,
Yuan2025,LDH,Ethinylestradiol,0.0,uM,102.3,5,42003_2025_8928_MOESM2_ESM.xlsx,Figure 4B!K39,,published_terminal_assay,N-T,false,
Yuan2025,LDH,Ethinylestradiol,50.0,uM,118.3,5,42003_2025_8928_MOESM2_ESM.xlsx,Figure 4B!L39,,published_terminal_assay,N-T,false,
Yuan2025,LDH,Ethinylestradiol,100.0,uM,131.9,5,42003_2025_8928_MOESM2_ESM.xlsx,Figure 4B!M39,,published_terminal_assay,N-T,false,
Yuan2025,LDH,Ethinylestradiol,250.0,uM,127.4,5,42003_2025_8928_MOESM2_ESM.xlsx,Figure 4B!N39,,published_terminal_assay,N-T,false,
Yuan2025,LDH,Ethinylestradiol,500.0,uM,150.2,5,42003_2025_8928_MOESM2_ESM.xlsx,Figure 4B!O39,,published_terminal_assay,N-T,false,
Yuan2025,LDH,Ethinylestradiol,0.0,uM,95.1,6,42003_2025_8928_MOESM2_ESM.xlsx,Figure 4B!K40,,published_terminal_assay,N-T,false,
Yuan2025,LDH,Ethinylestradiol,50.0,uM,123.8,6,42003_2025_8928_MOESM2_ESM.xlsx,Figure 4B!L40,,published_terminal_assay,N-T,false,
Yuan2025,LDH,Ethinylestradiol,100.0,uM,129.0,6,42003_2025_8928_MOESM2_ESM.xlsx,Figure 4B!M40,,published_terminal_assay,N-T,false,
Yuan2025,LDH,Ethinylestradiol,250.0,uM,133.2,6,42003_2025_8928_MOESM2_ESM.xlsx,Figure 4B!N40,,published_terminal_assay,N-T,false,
Yuan2025,LDH,Ethinylestradiol,500.0,uM,151.5,6,42003_2025_8928_MOESM2_ESM.xlsx,Figure 4B!O40,,published_terminal_assay,N-T,false,
Yuan2025,LDH,Sulfamethoxazole,0.0,uM,97.6,1,42003_2025_8928_MOESM2_ESM.xlsx,Figure 4B!S3,,published_terminal_assay,Intact Liver Chip,false,
Yuan2025,LDH,Sulfamethoxazole,250.0,uM,128.6,1,42003_2025_8928_MOESM2_ESM.xlsx,Figure 4B!T3,,published_terminal_assay,Intact Liver Chip,false,
Yuan2025,LDH,Sulfamethoxazole,500.0,uM,145.3,1,42003_2025_8928_MOESM2_ESM.xlsx,Figure 4B!U3,,published_terminal_assay,Intact Liver Chip,false,
Yuan2025,LDH,Sulfamethoxazole,750.0,uM,159.9,1,42003_2025_8928_MOESM2_ESM.xlsx,Figure 4B!V3,,published_terminal_assay,Intact Liver Chip,false,
Yuan2025,LDH,Sulfamethoxazole,1000.0,uM,174.2,1,42003_2025_8928_MOESM2_ESM.xlsx,Figure 4B!W3,,published_terminal_assay,Intact Liver Chip,false,
Yuan2025,LDH,Sulfamethoxazole,0.0,uM,103.8,2,42003_2025_8928_MOESM2_ESM.xlsx,Figure 4B!S4,,published_terminal_assay,Intact Liver Chip,false,
Yuan2025,LDH,Sulfamethoxazole,250.0,uM,129.6,2,42003_2025_8928_MOESM2_ESM.xlsx,Figure 4B!T4,,published_terminal_assay,Intact Liver Chip,false,
Yuan2025,LDH,Sulfamethoxazole,500.0,uM,137.9,2,42003_2025_8928_MOESM2_ESM.xlsx,Figure 4B!U4,,published_terminal_assay,Intact Liver Chip,false,
Yuan2025,LDH,Sulfamethoxazole,750.0,uM,164.9,2,42003_2025_8928_MOESM2_ESM.xlsx,Figure 4B!V4,,published_terminal_assay,Intact Liver Chip,false,
Yuan2025,LDH,Sulfamethoxazole,1000.0,uM,168.5,2,42003_2025_8928_MOESM2_ESM.xlsx,Figure 4B!W4,,published_terminal_assay,Intact Liver Chip,false,
Yuan2025,LDH,Sulfamethoxazole,0.0,uM,101.2,3,42003_2025_8928_MOESM2_ESM.xlsx,Figure 4B!S5,,published_terminal_assay,Intact Liver Chip,false,
Yuan2025,LDH,Sulfamethoxazole,250.0,uM,126.9,3,42003_2025_8928_MOESM2_ESM.xlsx,Figure 4B!T5,,published_terminal_assay,Intact Liver Chip,false,
Yuan2025,LDH,Sulfamethoxazole,500.0,uM,142.8,3,42003_2025_8928_MOESM2_ESM.xlsx,Figure 4B!U5,,published_terminal_assay,Intact Liver Chip,false,
Yuan2025,LDH,Sulfamethoxazole,750.0,uM,163.2,3,42003_2025_8928_MOESM2_ESM.xlsx,Figure 4B!V5,,published_terminal_assay,Intact Liver Chip,false,
Yuan2025,LDH,Sulfamethoxazole,1000.0,uM,176.3,3,42003_2025_8928_MOESM2_ESM.xlsx,Figure 4B!W5,,published_terminal_assay,Intact Liver Chip,false,
Yuan2025,LDH,Sulfamethoxazole,0.0,uM,95.4,4,42003_2025_8928_MOESM2_ESM.xlsx,Figure 4B!S6,,published_terminal_assay,Intact Liver Chip,false,
Yuan2025,LDH,Sulfamethoxazole,250.0,uM,134.5,4,42003_2025_8928_MOESM2_ESM.xlsx,Figure 4B!T6,,published_terminal_assay,Intact Liver Chip,false,
Yuan2025,LDH,Sulfamethoxazole,500.0,uM,139.6,4,42003_2025_8928_MOESM2_ESM.xlsx,Figure 4B!U6,,published_terminal_assay,Intact Liver Chip,false,
Yuan2025,LDH,Sulfamethoxazole,750.0,uM,159.8,4,42003_2025_8928_MOESM2_ESM.xlsx,Figure 4B!V6,,published_terminal_assay,Intact Liver Chip,false,
Yuan2025,LDH,Sulfamethoxazole,1000.0,uM,169.8,4,42003_2025_8928_MOESM2_ESM.xlsx,Figure 4B!W6,,published_terminal_assay,Intact Liver Chip,false,
Yuan2025,LDH,Sulfamethoxazole,0.0,uM,104.1,5,42003_2025_8928_MOESM2_ESM.xlsx,Figure 4B!S7,,published_terminal_assay,Intact Liver Chip,false,
Yuan2025,LDH,Sulfamethoxazole,250.0,uM,132.7,5,42003_2025_8928_MOESM2_ESM.xlsx,Figure 4B!T7,,published_terminal_assay,Intact Liver Chip,false,
Yuan2025,LDH,Sulfamethoxazole,500.0,uM,136.4,5,42003_2025_8928_MOESM2_ESM.xlsx,Figure 4B!U7,,published_terminal_assay,Intact Liver Chip,false,
Yuan2025,LDH,Sulfamethoxazole,750.0,uM,157.3,5,42003_2025_8928_MOESM2_ESM.xlsx,Figure 4B!V7,,published_terminal_assay,Intact Liver Chip,false,
Yuan2025,LDH,Sulfamethoxazole,1000.0,uM,173.1,5,42003_2025_8928_MOESM2_ESM.xlsx,Figure 4B!W7,,published_terminal_assay,Intact Liver Chip,false,
Yuan2025,LDH,Sulfamethoxazole,0.0,uM,98.9,6,42003_2025_8928_MOESM2_ESM.xlsx,Figure 4B!S8,,published_terminal_assay,Intact Liver Chip,false,
Yuan2025,LDH,Sulfamethoxazole,250.0,uM,128.3,6,42003_2025_8928_MOESM2_ESM.xlsx,Figure 4B!T8,,published_terminal_assay,Intact Liver Chip,false,
Yuan2025,LDH,Sulfamethoxazole,500.0,uM,144.6,6,42003_2025_8928_MOESM2_ESM.xlsx,Figure 4B!U8,,published_terminal_assay,Intact Liver Chip,false,
Yuan2025,LDH,Sulfamethoxazole,750.0,uM,165.7,6,42003_2025_8928_MOESM2_ESM.xlsx,Figure 4B!V8,,published_terminal_assay,Intact Liver Chip,false,
Yuan2025,LDH,Sulfamethoxazole,1000.0,uM,168.9,6,42003_2025_8928_MOESM2_ESM.xlsx,Figure 4B!W8,,published_terminal_assay,Intact Liver Chip,false,
Yuan2025,LDH,Sulfamethoxazole,0.0,uM,103.8,1,42003_2025_8928_MOESM2_ESM.xlsx,Figure 4B!S11,,published_terminal_assay,N-B,false,
Yuan2025,LDH,Sulfamethoxazole,250.0,uM,132.5,1,42003_2025_8928_MOESM2_ESM.xlsx,Figure 4B!T11,,published_terminal_assay,N-B,false,
Yuan2025,LDH,Sulfamethoxazole,500.0,uM,148.2,1,42003_2025_8928_MOESM2_ESM.xlsx,Figure 4B!U11,,published_terminal_assay,N-B,false,
Yuan2025,LDH,Sulfamethoxazole,750.0,uM,156.0,1,42003_2025_8928_MOESM2_ESM.xlsx,Figure 4B!V11,,published_terminal_assay,N-B,false,
Yuan2025,LDH,Sulfamethoxazole,1000.0,uM,178.6,1,42003_2025_8928_MOESM2_ESM.xlsx,Figure 4B!W11,,published_terminal_assay,N-B,false,
Yuan2025,LDH,Sulfamethoxazole,0.0,uM,95.6,2,42003_2025_8928_MOESM2_ESM.xlsx,Figure 4B!S12,,published_terminal_assay,N-B,false,
Yuan2025,LDH,Sulfamethoxazole,250.0,uM,128.4,2,42003_2025_8928_MOESM2_ESM.xlsx,Figure 4B!T12,,published_terminal_assay,N-B,false,
Yuan2025,LDH,Sulfamethoxazole,500.0,uM,139.7,2,42003_2025_8928_MOESM2_ESM.xlsx,Figure 4B!U12,,published_terminal_assay,N-B,false,
Yuan2025,LDH,Sulfamethoxazole,750.0,uM,159.6,2,42003_2025_8928_MOESM2_ESM.xlsx,Figure 4B!V12,,published_terminal_assay,N-B,false,
Yuan2025,LDH,Sulfamethoxazole,1000.0,uM,169.3,2,42003_2025_8928_MOESM2_ESM.xlsx,Figure 4B!W12,,published_terminal_assay,N-B,false,
Yuan2025,LDH,Sulfamethoxazole,0.0,uM,97.4,3,42003_2025_8928_MOESM2_ESM.xlsx,Figure 4B!S13,,published_terminal_assay,N-B,false,
Yuan2025,LDH,Sulfamethoxazole,250.0,uM,125.1,3,42003_2025_8928_MOESM2_ESM.xlsx,Figure 4B!T13,,published_terminal_assay,N-B,false,
Yuan2025,LDH,Sulfamethoxazole,500.0,uM,147.3,3,42003_2025_8928_MOESM2_ESM.xlsx,Figure 4B!U13,,published_terminal_assay,N-B,false,
Yuan2025,LDH,Sulfamethoxazole,750.0,uM,161.2,3,42003_2025_8928_MOESM2_ESM.xlsx,Figure 4B!V13,,published_terminal_assay,N-B,false,
Yuan2025,LDH,Sulfamethoxazole,1000.0,uM,176.8,3,42003_2025_8928_MOESM2_ESM.xlsx,Figure 4B!W13,,published_terminal_assay,N-B,false,
Yuan2025,LDH,Sulfamethoxazole,0.0,uM,102.7,4,42003_2025_8928_MOESM2_ESM.xlsx,Figure 4B!S14,,published_terminal_assay,N-B,false,
Yuan2025,LDH,Sulfamethoxazole,250.0,uM,132.5,4,42003_2025_8928_MOESM2_ESM.xlsx,Figure 4B!T14,,published_terminal_assay,N-B,false,
Yuan2025,LDH,Sulfamethoxazole,500.0,uM,142.6,4,42003_2025_8928_MOESM2_ESM.xlsx,Figure 4B!U14,,published_terminal_assay,N-B,false,
Yuan2025,LDH,Sulfamethoxazole,750.0,uM,155.8,4,42003_2025_8928_MOESM2_ESM.xlsx,Figure 4B!V14,,published_terminal_assay,N-B,false,
Yuan2025,LDH,Sulfamethoxazole,1000.0,uM,170.5,4,42003_2025_8928_MOESM2_ESM.xlsx,Figure 4B!W14,,published_terminal_assay,N-B,false,
Yuan2025,LDH,Sulfamethoxazole,0.0,uM,104.2,5,42003_2025_8928_MOESM2_ESM.xlsx,Figure 4B!S15,,published_terminal_assay,N-B,false,
Yuan2025,LDH,Sulfamethoxazole,250.0,uM,126.3,5,42003_2025_8928_MOESM2_ESM.xlsx,Figure 4B!T15,,published_terminal_assay,N-B,false,
Yuan2025,LDH,Sulfamethoxazole,500.0,uM,140.9,5,42003_2025_8928_MOESM2_ESM.xlsx,Figure 4B!U15,,published_terminal_assay,N-B,false,
Yuan2025,LDH,Sulfamethoxazole,750.0,uM,153.7,5,42003_2025_8928_MOESM2_ESM.xlsx,Figure 4B!V15,,published_terminal_assay,N-B,false,
Yuan2025,LDH,Sulfamethoxazole,1000.0,uM,172.9,5,42003_2025_8928_MOESM2_ESM.xlsx,Figure 4B!W15,,published_terminal_assay,N-B,false,
Yuan2025,LDH,Sulfamethoxazole,0.0,uM,96.8,6,42003_2025_8928_MOESM2_ESM.xlsx,Figure 4B!S16,,published_terminal_assay,N-B,false,
Yuan2025,LDH,Sulfamethoxazole,250.0,uM,134.7,6,42003_2025_8928_MOESM2_ESM.xlsx,Figure 4B!T16,,published_terminal_assay,N-B,false,
Yuan2025,LDH,Sulfamethoxazole,500.0,uM,148.3,6,42003_2025_8928_MOESM2_ESM.xlsx,Figure 4B!U16,,published_terminal_assay,N-B,false,
Yuan2025,LDH,Sulfamethoxazole,750.0,uM,162.4,6,42003_2025_8928_MOESM2_ESM.xlsx,Figure 4B!V16,,published_terminal_assay,N-B,false,
Yuan2025,LDH,Sulfamethoxazole,1000.0,uM,177.1,6,42003_2025_8928_MOESM2_ESM.xlsx,Figure 4B!W16,,published_terminal_assay,N-B,false,
Yuan2025,LDH,Sulfamethoxazole,0.0,uM,96.3,1,42003_2025_8928_MOESM2_ESM.xlsx,Figure 4B!S19,,published_terminal_assay,N-S,false,
Yuan2025,LDH,Sulfamethoxazole,250.0,uM,114.6,1,42003_2025_8928_MOESM2_ESM.xlsx,Figure 4B!T19,,published_terminal_assay,N-S,false,
Yuan2025,LDH,Sulfamethoxazole,500.0,uM,143.2,1,42003_2025_8928_MOESM2_ESM.xlsx,Figure 4B!U19,,published_terminal_assay,N-S,false,
Yuan2025,LDH,Sulfamethoxazole,750.0,uM,159.0,1,42003_2025_8928_MOESM2_ESM.xlsx,Figure 4B!V19,,published_terminal_assay,N-S,false,
Yuan2025,LDH,Sulfamethoxazole,1000.0,uM,173.5,1,42003_2025_8928_MOESM2_ESM.xlsx,Figure 4B!W19,,published_terminal_assay,N-S,false,
Yuan2025,LDH,Sulfamethoxazole,0.0,uM,104.7,2,42003_2025_8928_MOESM2_ESM.xlsx,Figure 4B!S20,,published_terminal_assay,N-S,false,
Yuan2025,LDH,Sulfamethoxazole,250.0,uM,116.3,2,42003_2025_8928_MOESM2_ESM.xlsx,Figure 4B!T20,,published_terminal_assay,N-S,false,
Yuan2025,LDH,Sulfamethoxazole,500.0,uM,135.8,2,42003_2025_8928_MOESM2_ESM.xlsx,Figure 4B!U20,,published_terminal_assay,N-S,false,
Yuan2025,LDH,Sulfamethoxazole,750.0,uM,147.8,2,42003_2025_8928_MOESM2_ESM.xlsx,Figure 4B!V20,,published_terminal_assay,N-S,false,
Yuan2025,LDH,Sulfamethoxazole,1000.0,uM,164.2,2,42003_2025_8928_MOESM2_ESM.xlsx,Figure 4B!W20,,published_terminal_assay,N-S,false,
Yuan2025,LDH,Sulfamethoxazole,0.0,uM,102.5,3,42003_2025_8928_MOESM2_ESM.xlsx,Figure 4B!S21,,published_terminal_assay,N-S,false,
Yuan2025,LDH,Sulfamethoxazole,250.0,uM,110.5,3,42003_2025_8928_MOESM2_ESM.xlsx,Figure 4B!T21,,published_terminal_assay,N-S,false,
Yuan2025,LDH,Sulfamethoxazole,500.0,uM,137.1,3,42003_2025_8928_MOESM2_ESM.xlsx,Figure 4B!U21,,published_terminal_assay,N-S,false,
Yuan2025,LDH,Sulfamethoxazole,750.0,uM,152.4,3,42003_2025_8928_MOESM2_ESM.xlsx,Figure 4B!V21,,published_terminal_assay,N-S,false,
Yuan2025,LDH,Sulfamethoxazole,1000.0,uM,171.8,3,42003_2025_8928_MOESM2_ESM.xlsx,Figure 4B!W21,,published_terminal_assay,N-S,false,
Yuan2025,LDH,Sulfamethoxazole,0.0,uM,97.8,4,42003_2025_8928_MOESM2_ESM.xlsx,Figure 4B!S22,,published_terminal_assay,N-S,false,
Yuan2025,LDH,Sulfamethoxazole,250.0,uM,117.6,4,42003_2025_8928_MOESM2_ESM.xlsx,Figure 4B!T22,,published_terminal_assay,N-S,false,
Yuan2025,LDH,Sulfamethoxazole,500.0,uM,142.5,4,42003_2025_8928_MOESM2_ESM.xlsx,Figure 4B!U22,,published_terminal_assay,N-S,false,
Yuan2025,LDH,Sulfamethoxazole,750.0,uM,156.2,4,42003_2025_8928_MOESM2_ESM.xlsx,Figure 4B!V22,,published_terminal_assay,N-S,false,
Yuan2025,LDH,Sulfamethoxazole,1000.0,uM,166.7,4,42003_2025_8928_MOESM2_ESM.xlsx,Figure 4B!W22,,published_terminal_assay,N-S,false,
Yuan2025,LDH,Sulfamethoxazole,0.0,uM,101.2,5,42003_2025_8928_MOESM2_ESM.xlsx,Figure 4B!S23,,published_terminal_assay,N-S,false,
Yuan2025,LDH,Sulfamethoxazole,250.0,uM,112.4,5,42003_2025_8928_MOESM2_ESM.xlsx,Figure 4B!T23,,published_terminal_assay,N-S,false,
Yuan2025,LDH,Sulfamethoxazole,500.0,uM,134.9,5,42003_2025_8928_MOESM2_ESM.xlsx,Figure 4B!U23,,published_terminal_assay,N-S,false,
Yuan2025,LDH,Sulfamethoxazole,750.0,uM,149.7,5,42003_2025_8928_MOESM2_ESM.xlsx,Figure 4B!V23,,published_terminal_assay,N-S,false,
Yuan2025,LDH,Sulfamethoxazole,1000.0,uM,174.3,5,42003_2025_8928_MOESM2_ESM.xlsx,Figure 4B!W23,,published_terminal_assay,N-S,false,
Yuan2025,LDH,Sulfamethoxazole,0.0,uM,98.1,6,42003_2025_8928_MOESM2_ESM.xlsx,Figure 4B!S24,,published_terminal_assay,N-S,false,
Yuan2025,LDH,Sulfamethoxazole,250.0,uM,119.8,6,42003_2025_8928_MOESM2_ESM.xlsx,Figure 4B!T24,,published_terminal_assay,N-S,false,
Yuan2025,LDH,Sulfamethoxazole,500.0,uM,144.1,6,42003_2025_8928_MOESM2_ESM.xlsx,Figure 4B!U24,,published_terminal_assay,N-S,false,
Yuan2025,LDH,Sulfamethoxazole,750.0,uM,158.3,6,42003_2025_8928_MOESM2_ESM.xlsx,Figure 4B!V24,,published_terminal_assay,N-S,false,
Yuan2025,LDH,Sulfamethoxazole,1000.0,uM,163.5,6,42003_2025_8928_MOESM2_ESM.xlsx,Figure 4B!W24,,published_terminal_assay,N-S,false,
Yuan2025,LDH,Sulfamethoxazole,0.0,uM,96.4,1,42003_2025_8928_MOESM2_ESM.xlsx,Figure 4B!S27,,published_terminal_assay,N-K,false,
Yuan2025,LDH,Sulfamethoxazole,250.0,uM,104.3,1,42003_2025_8928_MOESM2_ESM.xlsx,Figure 4B!T27,,published_terminal_assay,N-K,false,
Yuan2025,LDH,Sulfamethoxazole,500.0,uM,123.7,1,42003_2025_8928_MOESM2_ESM.xlsx,Figure 4B!U27,,published_terminal_assay,N-K,false,
Yuan2025,LDH,Sulfamethoxazole,750.0,uM,127.1,1,42003_2025_8928_MOESM2_ESM.xlsx,Figure 4B!V27,,published_terminal_assay,N-K,false,
Yuan2025,LDH,Sulfamethoxazole,1000.0,uM,142.8,1,42003_2025_8928_MOESM2_ESM.xlsx,Figure 4B!W27,,published_terminal_assay,N-K,false,
Yuan2025,LDH,Sulfamethoxazole,0.0,uM,103.7,2,42003_2025_8928_MOESM2_ESM.xlsx,Figure 4B!S28,,published_terminal_assay,N-K,false,
Yuan2025,LDH,Sulfamethoxazole,250.0,uM,108.5,2,42003_2025_8928_MOESM2_ESM.xlsx,Figure 4B!T28,,published_terminal_assay,N-K,false,
Yuan2025,LDH,Sulfamethoxazole,500.0,uM,115.4,2,42003_2025_8928_MOESM2_ESM.xlsx,Figure 4B!U28,,published_terminal_assay,N-K,false,
Yuan2025,LDH,Sulfamethoxazole,750.0,uM,132.7,2,42003_2025_8928_MOESM2_ESM.xlsx,Figure 4B!V28,,published_terminal_assay,N-K,false,
Yuan2025,LDH,Sulfamethoxazole,1000.0,uM,134.2,2,42003_2025_8928_MOESM2_ESM.xlsx,Figure 4B!W28,,published_terminal_assay,N-K,false,
Yuan2025,LDH,Sulfamethoxazole,0.0,uM,102.3,3,42003_2025_8928_MOESM2_ESM.xlsx,Figure 4B!S29,,published_terminal_assay,N-K,false,
Yuan2025,LDH,Sulfamethoxazole,250.0,uM,103.9,3,42003_2025_8928_MOESM2_ESM.xlsx,Figure 4B!T29,,published_terminal_assay,N-K,false,
Yuan2025,LDH,Sulfamethoxazole,500.0,uM,121.8,3,42003_2025_8928_MOESM2_ESM.xlsx,Figure 4B!U29,,published_terminal_assay,N-K,false,
Yuan2025,LDH,Sulfamethoxazole,750.0,uM,124.1,3,42003_2025_8928_MOESM2_ESM.xlsx,Figure 4B!V29,,published_terminal_assay,N-K,false,
Yuan2025,LDH,Sulfamethoxazole,1000.0,uM,136.5,3,42003_2025_8928_MOESM2_ESM.xlsx,Figure 4B!W29,,published_terminal_assay,N-K,false,
Yuan2025,LDH,Sulfamethoxazole,0.0,uM,97.5,4,42003_2025_8928_MOESM2_ESM.xlsx,Figure 4B!S30,,published_terminal_assay,N-K,false,
Yuan2025,LDH,Sulfamethoxazole,250.0,uM,107.2,4,42003_2025_8928_MOESM2_ESM.xlsx,Figure 4B!T30,,published_terminal_assay,N-K,false,
Yuan2025,LDH,Sulfamethoxazole,500.0,uM,112.9,4,42003_2025_8928_MOESM2_ESM.xlsx,Figure 4B!U30,,published_terminal_assay,N-K,false,
Yuan2025,LDH,Sulfamethoxazole,750.0,uM,130.2,4,42003_2025_8928_MOESM2_ESM.xlsx,Figure 4B!V30,,published_terminal_assay,N-K,false,
Yuan2025,LDH,Sulfamethoxazole,1000.0,uM,141.3,4,42003_2025_8928_MOESM2_ESM.xlsx,Figure 4B!W30,,published_terminal_assay,N-K,false,
Yuan2025,LDH,Sulfamethoxazole,0.0,uM,104.6,5,42003_2025_8928_MOESM2_ESM.xlsx,Figure 4B!S31,,published_terminal_assay,N-K,false,
Yuan2025,LDH,Sulfamethoxazole,250.0,uM,101.6,5,42003_2025_8928_MOESM2_ESM.xlsx,Figure 4B!T31,,published_terminal_assay,N-K,false,
Yuan2025,LDH,Sulfamethoxazole,500.0,uM,118.3,5,42003_2025_8928_MOESM2_ESM.xlsx,Figure 4B!U31,,published_terminal_assay,N-K,false,
Yuan2025,LDH,Sulfamethoxazole,750.0,uM,125.8,5,42003_2025_8928_MOESM2_ESM.xlsx,Figure 4B!V31,,published_terminal_assay,N-K,false,
Yuan2025,LDH,Sulfamethoxazole,1000.0,uM,133.7,5,42003_2025_8928_MOESM2_ESM.xlsx,Figure 4B!W31,,published_terminal_assay,N-K,false,
Yuan2025,LDH,Sulfamethoxazole,0.0,uM,95.5,6,42003_2025_8928_MOESM2_ESM.xlsx,Figure 4B!S32,,published_terminal_assay,N-K,false,
Yuan2025,LDH,Sulfamethoxazole,250.0,uM,109.3,6,42003_2025_8928_MOESM2_ESM.xlsx,Figure 4B!T32,,published_terminal_assay,N-K,false,
Yuan2025,LDH,Sulfamethoxazole,500.0,uM,123.1,6,42003_2025_8928_MOESM2_ESM.xlsx,Figure 4B!U32,,published_terminal_assay,N-K,false,
Yuan2025,LDH,Sulfamethoxazole,750.0,uM,133.5,6,42003_2025_8928_MOESM2_ESM.xlsx,Figure 4B!V32,,published_terminal_assay,N-K,false,
Yuan2025,LDH,Sulfamethoxazole,1000.0,uM,140.1,6,42003_2025_8928_MOESM2_ESM.xlsx,Figure 4B!W32,,published_terminal_assay,N-K,false,
Yuan2025,LDH,Sulfamethoxazole,0.0,uM,98.2,1,42003_2025_8928_MOESM2_ESM.xlsx,Figure 4B!S35,,published_terminal_assay,N-T,false,
Yuan2025,LDH,Sulfamethoxazole,250.0,uM,108.6,1,42003_2025_8928_MOESM2_ESM.xlsx,Figure 4B!T35,,published_terminal_assay,N-T,false,
Yuan2025,LDH,Sulfamethoxazole,500.0,uM,130.4,1,42003_2025_8928_MOESM2_ESM.xlsx,Figure 4B!U35,,published_terminal_assay,N-T,false,
Yuan2025,LDH,Sulfamethoxazole,750.0,uM,134.8,1,42003_2025_8928_MOESM2_ESM.xlsx,Figure 4B!V35,,published_terminal_assay,N-T,false,
Yuan2025,LDH,Sulfamethoxazole,1000.0,uM,144.7,1,42003_2025_8928_MOESM2_ESM.xlsx,Figure 4B!W35,,published_terminal_assay,N-T,false,
Yuan2025,LDH,Sulfamethoxazole,0.0,uM,104.7,2,42003_2025_8928_MOESM2_ESM.xlsx,Figure 4B!S36,,published_terminal_assay,N-T,false,
Yuan2025,LDH,Sulfamethoxazole,250.0,uM,114.7,2,42003_2025_8928_MOESM2_ESM.xlsx,Figure 4B!T36,,published_terminal_assay,N-T,false,
Yuan2025,LDH,Sulfamethoxazole,500.0,uM,121.8,2,42003_2025_8928_MOESM2_ESM.xlsx,Figure 4B!U36,,published_terminal_assay,N-T,false,
Yuan2025,LDH,Sulfamethoxazole,750.0,uM,141.8,2,42003_2025_8928_MOESM2_ESM.xlsx,Figure 4B!V36,,published_terminal_assay,N-T,false,
Yuan2025,LDH,Sulfamethoxazole,1000.0,uM,136.4,2,42003_2025_8928_MOESM2_ESM.xlsx,Figure 4B!W36,,published_terminal_assay,N-T,false,
Yuan2025,LDH,Sulfamethoxazole,0.0,uM,96.5,3,42003_2025_8928_MOESM2_ESM.xlsx,Figure 4B!S37,,published_terminal_assay,N-T,false,
Yuan2025,LDH,Sulfamethoxazole,250.0,uM,106.4,3,42003_2025_8928_MOESM2_ESM.xlsx,Figure 4B!T37,,published_terminal_assay,N-T,false,
Yuan2025,LDH,Sulfamethoxazole,500.0,uM,128.3,3,42003_2025_8928_MOESM2_ESM.xlsx,Figure 4B!U37,,published_terminal_assay,N-T,false,
Yuan2025,LDH,Sulfamethoxazole,750.0,uM,135.4,3,42003_2025_8928_MOESM2_ESM.xlsx,Figure 4B!V37,,published_terminal_assay,N-T,false,
Yuan2025,LDH,Sulfamethoxazole,1000.0,uM,142.8,3,42003_2025_8928_MOESM2_ESM.xlsx,Figure 4B!W37,,published_terminal_assay,N-T,false,
Yuan2025,LDH,Sulfamethoxazole,0.0,uM,102.8,4,42003_2025_8928_MOESM2_ESM.xlsx,Figure 4B!S38,,published_terminal_assay,N-T,false,
Yuan2025,LDH,Sulfamethoxazole,250.0,uM,112.8,4,42003_2025_8928_MOESM2_ESM.xlsx,Figure 4B!T38,,published_terminal_assay,N-T,false,
Yuan2025,LDH,Sulfamethoxazole,500.0,uM,123.5,4,42003_2025_8928_MOESM2_ESM.xlsx,Figure 4B!U38,,published_terminal_assay,N-T,false,
Yuan2025,LDH,Sulfamethoxazole,750.0,uM,139.6,4,42003_2025_8928_MOESM2_ESM.xlsx,Figure 4B!V38,,published_terminal_assay,N-T,false,
Yuan2025,LDH,Sulfamethoxazole,1000.0,uM,138.5,4,42003_2025_8928_MOESM2_ESM.xlsx,Figure 4B!W38,,published_terminal_assay,N-T,false,
Yuan2025,LDH,Sulfamethoxazole,0.0,uM,103.3,5,42003_2025_8928_MOESM2_ESM.xlsx,Figure 4B!S39,,published_terminal_assay,N-T,false,
Yuan2025,LDH,Sulfamethoxazole,250.0,uM,107.6,5,42003_2025_8928_MOESM2_ESM.xlsx,Figure 4B!T39,,published_terminal_assay,N-T,false,
Yuan2025,LDH,Sulfamethoxazole,500.0,uM,127.1,5,42003_2025_8928_MOESM2_ESM.xlsx,Figure 4B!U39,,published_terminal_assay,N-T,false,
Yuan2025,LDH,Sulfamethoxazole,750.0,uM,133.2,5,42003_2025_8928_MOESM2_ESM.xlsx,Figure 4B!V39,,published_terminal_assay,N-T,false,
Yuan2025,LDH,Sulfamethoxazole,1000.0,uM,143.2,5,42003_2025_8928_MOESM2_ESM.xlsx,Figure 4B!W39,,published_terminal_assay,N-T,false,
Yuan2025,LDH,Sulfamethoxazole,0.0,uM,94.5,6,42003_2025_8928_MOESM2_ESM.xlsx,Figure 4B!S40,,published_terminal_assay,N-T,false,
Yuan2025,LDH,Sulfamethoxazole,250.0,uM,115.3,6,42003_2025_8928_MOESM2_ESM.xlsx,Figure 4B!T40,,published_terminal_assay,N-T,false,
Yuan2025,LDH,Sulfamethoxazole,500.0,uM,122.9,6,42003_2025_8928_MOESM2_ESM.xlsx,Figure 4B!U40,,published_terminal_assay,N-T,false,
Yuan2025,LDH,Sulfamethoxazole,750.0,uM,142.5,6,42003_2025_8928_MOESM2_ESM.xlsx,Figure 4B!V40,,published_terminal_assay,N-T,false,
Yuan2025,LDH,Sulfamethoxazole,1000.0,uM,135.6,6,42003_2025_8928_MOESM2_ESM.xlsx,Figure 4B!W40,,published_terminal_assay,N-T,false,
Yuan2025,LDH,Abacavir,0.0,uM,97.3,1,42003_2025_8928_MOESM2_ESM.xlsx,Figure 4B!AA3,,published_terminal_assay,Intact Liver Chip,false,
Yuan2025,LDH,Abacavir,20.0,uM,132.6,1,42003_2025_8928_MOESM2_ESM.xlsx,Figure 4B!AB3,,published_terminal_assay,Intact Liver Chip,false,
Yuan2025,LDH,Abacavir,40.0,uM,138.7,1,42003_2025_8928_MOESM2_ESM.xlsx,Figure 4B!AC3,,published_terminal_assay,Intact Liver Chip,false,
Yuan2025,LDH,Abacavir,60.0,uM,147.0,1,42003_2025_8928_MOESM2_ESM.xlsx,Figure 4B!AD3,,published_terminal_assay,Intact Liver Chip,false,
Yuan2025,LDH,Abacavir,80.0,uM,150.3,1,42003_2025_8928_MOESM2_ESM.xlsx,Figure 4B!AE3,,published_terminal_assay,Intact Liver Chip,false,
Yuan2025,LDH,Abacavir,0.0,uM,104.6,2,42003_2025_8928_MOESM2_ESM.xlsx,Figure 4B!AA4,,published_terminal_assay,Intact Liver Chip,false,
Yuan2025,LDH,Abacavir,20.0,uM,128.6,2,42003_2025_8928_MOESM2_ESM.xlsx,Figure 4B!AB4,,published_terminal_assay,Intact Liver Chip,false,
Yuan2025,LDH,Abacavir,40.0,uM,129.5,2,42003_2025_8928_MOESM2_ESM.xlsx,Figure 4B!AC4,,published_terminal_assay,Intact Liver Chip,false,
Yuan2025,LDH,Abacavir,60.0,uM,148.5,2,42003_2025_8928_MOESM2_ESM.xlsx,Figure 4B!AD4,,published_terminal_assay,Intact Liver Chip,false,
Yuan2025,LDH,Abacavir,80.0,uM,141.7,2,42003_2025_8928_MOESM2_ESM.xlsx,Figure 4B!AE4,,published_terminal_assay,Intact Liver Chip,false,
Yuan2025,LDH,Abacavir,0.0,uM,102.4,3,42003_2025_8928_MOESM2_ESM.xlsx,Figure 4B!AA5,,published_terminal_assay,Intact Liver Chip,false,
Yuan2025,LDH,Abacavir,20.0,uM,124.5,3,42003_2025_8928_MOESM2_ESM.xlsx,Figure 4B!AB5,,published_terminal_assay,Intact Liver Chip,false,
Yuan2025,LDH,Abacavir,40.0,uM,136.2,3,42003_2025_8928_MOESM2_ESM.xlsx,Figure 4B!AC5,,published_terminal_assay,Intact Liver Chip,false,
Yuan2025,LDH,Abacavir,60.0,uM,144.7,3,42003_2025_8928_MOESM2_ESM.xlsx,Figure 4B!AD5,,published_terminal_assay,Intact Liver Chip,false,
Yuan2025,LDH,Abacavir,80.0,uM,148.5,3,42003_2025_8928_MOESM2_ESM.xlsx,Figure 4B!AE5,,published_terminal_assay,Intact Liver Chip,false,
Yuan2025,LDH,Abacavir,0.0,uM,95.8,4,42003_2025_8928_MOESM2_ESM.xlsx,Figure 4B!AA6,,published_terminal_assay,Intact Liver Chip,false,
Yuan2025,LDH,Abacavir,20.0,uM,131.8,4,42003_2025_8928_MOESM2_ESM.xlsx,Figure 4B!AB6,,published_terminal_assay,Intact Liver Chip,false,
Yuan2025,LDH,Abacavir,40.0,uM,130.8,4,42003_2025_8928_MOESM2_ESM.xlsx,Figure 4B!AC6,,published_terminal_assay,Intact Liver Chip,false,
Yuan2025,LDH,Abacavir,60.0,uM,149.2,4,42003_2025_8928_MOESM2_ESM.xlsx,Figure 4B!AD6,,published_terminal_assay,Intact Liver Chip,false,
Yuan2025,LDH,Abacavir,80.0,uM,143.2,4,42003_2025_8928_MOESM2_ESM.xlsx,Figure 4B!AE6,,published_terminal_assay,Intact Liver Chip,false,
Yuan2025,LDH,Abacavir,0.0,uM,103.7,5,42003_2025_8928_MOESM2_ESM.xlsx,Figure 4B!AA7,,published_terminal_assay,Intact Liver Chip,false,
Yuan2025,LDH,Abacavir,20.0,uM,125.7,5,42003_2025_8928_MOESM2_ESM.xlsx,Figure 4B!AB7,,published_terminal_assay,Intact Liver Chip,false,
Yuan2025,LDH,Abacavir,40.0,uM,135.4,5,42003_2025_8928_MOESM2_ESM.xlsx,Figure 4B!AC7,,published_terminal_assay,Intact Liver Chip,false,
Yuan2025,LDH,Abacavir,60.0,uM,142.6,5,42003_2025_8928_MOESM2_ESM.xlsx,Figure 4B!AD7,,published_terminal_assay,Intact Liver Chip,false,
Yuan2025,LDH,Abacavir,80.0,uM,147.8,5,42003_2025_8928_MOESM2_ESM.xlsx,Figure 4B!AE7,,published_terminal_assay,Intact Liver Chip,false,
Yuan2025,LDH,Abacavir,0.0,uM,96.8,6,42003_2025_8928_MOESM2_ESM.xlsx,Figure 4B!AA8,,published_terminal_assay,Intact Liver Chip,false,
Yuan2025,LDH,Abacavir,20.0,uM,133.2,6,42003_2025_8928_MOESM2_ESM.xlsx,Figure 4B!AB8,,published_terminal_assay,Intact Liver Chip,false,
Yuan2025,LDH,Abacavir,40.0,uM,134.0,6,42003_2025_8928_MOESM2_ESM.xlsx,Figure 4B!AC8,,published_terminal_assay,Intact Liver Chip,false,
Yuan2025,LDH,Abacavir,60.0,uM,151.8,6,42003_2025_8928_MOESM2_ESM.xlsx,Figure 4B!AD8,,published_terminal_assay,Intact Liver Chip,false,
Yuan2025,LDH,Abacavir,80.0,uM,143.9,6,42003_2025_8928_MOESM2_ESM.xlsx,Figure 4B!AE8,,published_terminal_assay,Intact Liver Chip,false,
Yuan2025,LDH,Abacavir,0.0,uM,102.3,1,42003_2025_8928_MOESM2_ESM.xlsx,Figure 4B!AA11,,published_terminal_assay,N-B,false,
Yuan2025,LDH,Abacavir,20.0,uM,123.4,1,42003_2025_8928_MOESM2_ESM.xlsx,Figure 4B!AB11,,published_terminal_assay,N-B,false,
Yuan2025,LDH,Abacavir,40.0,uM,143.2,1,42003_2025_8928_MOESM2_ESM.xlsx,Figure 4B!AC11,,published_terminal_assay,N-B,false,
Yuan2025,LDH,Abacavir,60.0,uM,146.7,1,42003_2025_8928_MOESM2_ESM.xlsx,Figure 4B!AD11,,published_terminal_assay,N-B,false,
Yuan2025,LDH,Abacavir,80.0,uM,140.3,1,42003_2025_8928_MOESM2_ESM.xlsx,Figure 4B!AE11,,published_terminal_assay,N-B,false,
Yuan2025,LDH,Abacavir,0.0,uM,98.7,2,42003_2025_8928_MOESM2_ESM.xlsx,Figure 4B!AA12,,published_terminal_assay,N-B,false,
Yuan2025,LDH,Abacavir,20.0,uM,120.9,2,42003_2025_8928_MOESM2_ESM.xlsx,Figure 4B!AB12,,published_terminal_assay,N-B,false,
Yuan2025,LDH,Abacavir,40.0,uM,139.5,2,42003_2025_8928_MOESM2_ESM.xlsx,Figure 4B!AC12,,published_terminal_assay,N-B,false,
Yuan2025,LDH,Abacavir,60.0,uM,143.0,2,42003_2025_8928_MOESM2_ESM.xlsx,Figure 4B!AD12,,published_terminal_assay,N-B,false,
Yuan2025,LDH,Abacavir,80.0,uM,137.2,2,42003_2025_8928_MOESM2_ESM.xlsx,Figure 4B!AE12,,published_terminal_assay,N-B,false,
Yuan2025,LDH,Abacavir,0.0,uM,101.4,3,42003_2025_8928_MOESM2_ESM.xlsx,Figure 4B!AA13,,published_terminal_assay,N-B,false,
Yuan2025,LDH,Abacavir,20.0,uM,118.4,3,42003_2025_8928_MOESM2_ESM.xlsx,Figure 4B!AB13,,published_terminal_assay,N-B,false,
Yuan2025,LDH,Abacavir,40.0,uM,145.7,3,42003_2025_8928_MOESM2_ESM.xlsx,Figure 4B!AC13,,published_terminal_assay,N-B,false,
Yuan2025,LDH,Abacavir,60.0,uM,146.2,3,42003_2025_8928_MOESM2_ESM.xlsx,Figure 4B!AD13,,published_terminal_assay,N-B,false,
Yuan2025,LDH,Abacavir,80.0,uM,140.3,3,42003_2025_8928_MOESM2_ESM.xlsx,Figure 4B!AE13,,published_terminal_assay,N-B,false,
Yuan2025,LDH,Abacavir,0.0,uM,97.6,4,42003_2025_8928_MOESM2_ESM.xlsx,Figure 4B!AA14,,published_terminal_assay,N-B,false,
Yuan2025,LDH,Abacavir,20.0,uM,122.0,4,42003_2025_8928_MOESM2_ESM.xlsx,Figure 4B!AB14,,published_terminal_assay,N-B,false,
Yuan2025,LDH,Abacavir,40.0,uM,138.8,4,42003_2025_8928_MOESM2_ESM.xlsx,Figure 4B!AC14,,published_terminal_assay,N-B,false,
Yuan2025,LDH,Abacavir,60.0,uM,144.8,4,42003_2025_8928_MOESM2_ESM.xlsx,Figure 4B!AD14,,published_terminal_assay,N-B,false,
Yuan2025,LDH,Abacavir,80.0,uM,136.8,4,42003_2025_8928_MOESM2_ESM.xlsx,Figure 4B!AE14,,published_terminal_assay,N-B,false,
Yuan2025,LDH,Abacavir,0.0,uM,99.8,5,42003_2025_8928_MOESM2_ESM.xlsx,Figure 4B!AA15,,published_terminal_assay,N-B,false,
Yuan2025,LDH,Abacavir,20.0,uM,119.6,5,42003_2025_8928_MOESM2_ESM.xlsx,Figure 4B!AB15,,published_terminal_assay,N-B,false,
Yuan2025,LDH,Abacavir,40.0,uM,140.1,5,42003_2025_8928_MOESM2_ESM.xlsx,Figure 4B!AC15,,published_terminal_assay,N-B,false,
Yuan2025,LDH,Abacavir,60.0,uM,142.6,5,42003_2025_8928_MOESM2_ESM.xlsx,Figure 4B!AD15,,published_terminal_assay,N-B,false,
Yuan2025,LDH,Abacavir,80.0,uM,141.0,5,42003_2025_8928_MOESM2_ESM.xlsx,Figure 4B!AE15,,published_terminal_assay,N-B,false,
Yuan2025,LDH,Abacavir,0.0,uM,100.2,6,42003_2025_8928_MOESM2_ESM.xlsx,Figure 4B!AA16,,published_terminal_assay,N-B,false,
Yuan2025,LDH,Abacavir,20.0,uM,123.5,6,42003_2025_8928_MOESM2_ESM.xlsx,Figure 4B!AB16,,published_terminal_assay,N-B,false,
Yuan2025,LDH,Abacavir,40.0,uM,142.3,6,42003_2025_8928_MOESM2_ESM.xlsx,Figure 4B!AC16,,published_terminal_assay,N-B,false,
Yuan2025,LDH,Abacavir,60.0,uM,147.3,6,42003_2025_8928_MOESM2_ESM.xlsx,Figure 4B!AD16,,published_terminal_assay,N-B,false,
Yuan2025,LDH,Abacavir,80.0,uM,137.2,6,42003_2025_8928_MOESM2_ESM.xlsx,Figure 4B!AE16,,published_terminal_assay,N-B,false,
Yuan2025,LDH,Abacavir,0.0,uM,103.4,1,42003_2025_8928_MOESM2_ESM.xlsx,Figure 4B!AA19,,published_terminal_assay,N-S,false,
Yuan2025,LDH,Abacavir,20.0,uM,136.9,1,42003_2025_8928_MOESM2_ESM.xlsx,Figure 4B!AB19,,published_terminal_assay,N-S,false,
Yuan2025,LDH,Abacavir,40.0,uM,134.9,1,42003_2025_8928_MOESM2_ESM.xlsx,Figure 4B!AC19,,published_terminal_assay,N-S,false,
Yuan2025,LDH,Abacavir,60.0,uM,152.1,1,42003_2025_8928_MOESM2_ESM.xlsx,Figure 4B!AD19,,published_terminal_assay,N-S,false,
Yuan2025,LDH,Abacavir,80.0,uM,147.7,1,42003_2025_8928_MOESM2_ESM.xlsx,Figure 4B!AE19,,published_terminal_assay,N-S,false,
Yuan2025,LDH,Abacavir,0.0,uM,98.2,2,42003_2025_8928_MOESM2_ESM.xlsx,Figure 4B!AA20,,published_terminal_assay,N-S,false,
Yuan2025,LDH,Abacavir,20.0,uM,130.7,2,42003_2025_8928_MOESM2_ESM.xlsx,Figure 4B!AB20,,published_terminal_assay,N-S,false,
Yuan2025,LDH,Abacavir,40.0,uM,140.2,2,42003_2025_8928_MOESM2_ESM.xlsx,Figure 4B!AC20,,published_terminal_assay,N-S,false,
Yuan2025,LDH,Abacavir,60.0,uM,145.6,2,42003_2025_8928_MOESM2_ESM.xlsx,Figure 4B!AD20,,published_terminal_assay,N-S,false,
Yuan2025,LDH,Abacavir,80.0,uM,153.4,2,42003_2025_8928_MOESM2_ESM.xlsx,Figure 4B!AE20,,published_terminal_assay,N-S,false,
Yuan2025,LDH,Abacavir,0.0,uM,101.7,3,42003_2025_8928_MOESM2_ESM.xlsx,Figure 4B!AA21,,published_terminal_assay,N-S,false,
Yuan2025,LDH,Abacavir,20.0,uM,135.2,3,42003_2025_8928_MOESM2_ESM.xlsx,Figure 4B!AB21,,published_terminal_assay,N-S,false,
Yuan2025,LDH,Abacavir,40.0,uM,136.9,3,42003_2025_8928_MOESM2_ESM.xlsx,Figure 4B!AC21,,published_terminal_assay,N-S,false,
Yuan2025,LDH,Abacavir,60.0,uM,150.3,3,42003_2025_8928_MOESM2_ESM.xlsx,Figure 4B!AD21,,published_terminal_assay,N-S,false,
Yuan2025,LDH,Abacavir,80.0,uM,149.6,3,42003_2025_8928_MOESM2_ESM.xlsx,Figure 4B!AE21,,published_terminal_assay,N-S,false,
Yuan2025,LDH,Abacavir,0.0,uM,96.8,4,42003_2025_8928_MOESM2_ESM.xlsx,Figure 4B!AA22,,published_terminal_assay,N-S,false,
Yuan2025,LDH,Abacavir,20.0,uM,131.4,4,42003_2025_8928_MOESM2_ESM.xlsx,Figure 4B!AB22,,published_terminal_assay,N-S,false,
Yuan2025,LDH,Abacavir,40.0,uM,142.5,4,42003_2025_8928_MOESM2_ESM.xlsx,Figure 4B!AC22,,published_terminal_assay,N-S,false,
Yuan2025,LDH,Abacavir,60.0,uM,147.2,4,42003_2025_8928_MOESM2_ESM.xlsx,Figure 4B!AD22,,published_terminal_assay,N-S,false,
Yuan2025,LDH,Abacavir,80.0,uM,152.9,4,42003_2025_8928_MOESM2_ESM.xlsx,Figure 4B!AE22,,published_terminal_assay,N-S,false,
Yuan2025,LDH,Abacavir,0.0,uM,102.1,5,42003_2025_8928_MOESM2_ESM.xlsx,Figure 4B!AA23,,published_terminal_assay,N-S,false,
Yuan2025,LDH,Abacavir,20.0,uM,134.8,5,42003_2025_8928_MOESM2_ESM.xlsx,Figure 4B!AB23,,published_terminal_assay,N-S,false,
Yuan2025,LDH,Abacavir,40.0,uM,135.8,5,42003_2025_8928_MOESM2_ESM.xlsx,Figure 4B!AC23,,published_terminal_assay,N-S,false,
Yuan2025,LDH,Abacavir,60.0,uM,149.7,5,42003_2025_8928_MOESM2_ESM.xlsx,Figure 4B!AD23,,published_terminal_assay,N-S,false,
Yuan2025,LDH,Abacavir,80.0,uM,148.3,5,42003_2025_8928_MOESM2_ESM.xlsx,Figure 4B!AE23,,published_terminal_assay,N-S,false,
Yuan2025,LDH,Abacavir,0.0,uM,97.8,6,42003_2025_8928_MOESM2_ESM.xlsx,Figure 4B!AA24,,published_terminal_assay,N-S,false,
Yuan2025,LDH,Abacavir,20.0,uM,132.0,6,42003_2025_8928_MOESM2_ESM.xlsx,Figure 4B!AB24,,published_terminal_assay,N-S,false,
Yuan2025,LDH,Abacavir,40.0,uM,141.3,6,42003_2025_8928_MOESM2_ESM.xlsx,Figure 4B!AC24,,published_terminal_assay,N-S,false,
Yuan2025,LDH,Abacavir,60.0,uM,147.9,6,42003_2025_8928_MOESM2_ESM.xlsx,Figure 4B!AD24,,published_terminal_assay,N-S,false,
Yuan2025,LDH,Abacavir,80.0,uM,154.7,6,42003_2025_8928_MOESM2_ESM.xlsx,Figure 4B!AE24,,published_terminal_assay,N-S,false,
Yuan2025,LDH,Abacavir,0.0,uM,103.7,1,42003_2025_8928_MOESM2_ESM.xlsx,Figure 4B!AA27,,published_terminal_assay,N-K,false,
Yuan2025,LDH,Abacavir,20.0,uM,114.1,1,42003_2025_8928_MOESM2_ESM.xlsx,Figure 4B!AB27,,published_terminal_assay,N-K,false,
Yuan2025,LDH,Abacavir,40.0,uM,133.2,1,42003_2025_8928_MOESM2_ESM.xlsx,Figure 4B!AC27,,published_terminal_assay,N-K,false,
Yuan2025,LDH,Abacavir,60.0,uM,139.9,1,42003_2025_8928_MOESM2_ESM.xlsx,Figure 4B!AD27,,published_terminal_assay,N-K,false,
Yuan2025,LDH,Abacavir,80.0,uM,143.9,1,42003_2025_8928_MOESM2_ESM.xlsx,Figure 4B!AE27,,published_terminal_assay,N-K,false,
Yuan2025,LDH,Abacavir,0.0,uM,96.4,2,42003_2025_8928_MOESM2_ESM.xlsx,Figure 4B!AA28,,published_terminal_assay,N-K,false,
Yuan2025,LDH,Abacavir,20.0,uM,123.8,2,42003_2025_8928_MOESM2_ESM.xlsx,Figure 4B!AB28,,published_terminal_assay,N-K,false,
Yuan2025,LDH,Abacavir,40.0,uM,126.4,2,42003_2025_8928_MOESM2_ESM.xlsx,Figure 4B!AC28,,published_terminal_assay,N-K,false,
Yuan2025,LDH,Abacavir,60.0,uM,147.5,2,42003_2025_8928_MOESM2_ESM.xlsx,Figure 4B!AD28,,published_terminal_assay,N-K,false,
Yuan2025,LDH,Abacavir,80.0,uM,136.2,2,42003_2025_8928_MOESM2_ESM.xlsx,Figure 4B!AE28,,published_terminal_assay,N-K,false,
Yuan2025,LDH,Abacavir,0.0,uM,101.8,3,42003_2025_8928_MOESM2_ESM.xlsx,Figure 4B!AA29,,published_terminal_assay,N-K,false,
Yuan2025,LDH,Abacavir,20.0,uM,118.3,3,42003_2025_8928_MOESM2_ESM.xlsx,Figure 4B!AB29,,published_terminal_assay,N-K,false,
Yuan2025,LDH,Abacavir,40.0,uM,131.8,3,42003_2025_8928_MOESM2_ESM.xlsx,Figure 4B!AC29,,published_terminal_assay,N-K,false,
Yuan2025,LDH,Abacavir,60.0,uM,142.1,3,42003_2025_8928_MOESM2_ESM.xlsx,Figure 4B!AD29,,published_terminal_assay,N-K,false,
Yuan2025,LDH,Abacavir,80.0,uM,142.7,3,42003_2025_8928_MOESM2_ESM.xlsx,Figure 4B!AE29,,published_terminal_assay,N-K,false,
Yuan2025,LDH,Abacavir,0.0,uM,98.2,4,42003_2025_8928_MOESM2_ESM.xlsx,Figure 4B!AA30,,published_terminal_assay,N-K,false,
Yuan2025,LDH,Abacavir,20.0,uM,122.6,4,42003_2025_8928_MOESM2_ESM.xlsx,Figure 4B!AB30,,published_terminal_assay,N-K,false,
Yuan2025,LDH,Abacavir,40.0,uM,127.5,4,42003_2025_8928_MOESM2_ESM.xlsx,Figure 4B!AC30,,published_terminal_assay,N-K,false,
Yuan2025,LDH,Abacavir,60.0,uM,146.3,4,42003_2025_8928_MOESM2_ESM.xlsx,Figure 4B!AD30,,published_terminal_assay,N-K,false,
Yuan2025,LDH,Abacavir,80.0,uM,138.4,4,42003_2025_8928_MOESM2_ESM.xlsx,Figure 4B!AE30,,published_terminal_assay,N-K,false,
Yuan2025,LDH,Abacavir,0.0,uM,104.1,5,42003_2025_8928_MOESM2_ESM.xlsx,Figure 4B!AA31,,published_terminal_assay,N-K,false,
Yuan2025,LDH,Abacavir,20.0,uM,117.9,5,42003_2025_8928_MOESM2_ESM.xlsx,Figure 4B!AB31,,published_terminal_assay,N-K,false,
Yuan2025,LDH,Abacavir,40.0,uM,132.9,5,42003_2025_8928_MOESM2_ESM.xlsx,Figure 4B!AC31,,published_terminal_assay,N-K,false,
Yuan2025,LDH,Abacavir,60.0,uM,140.8,5,42003_2025_8928_MOESM2_ESM.xlsx,Figure 4B!AD31,,published_terminal_assay,N-K,false,
Yuan2025,LDH,Abacavir,80.0,uM,144.8,5,42003_2025_8928_MOESM2_ESM.xlsx,Figure 4B!AE31,,published_terminal_assay,N-K,false,
Yuan2025,LDH,Abacavir,0.0,uM,95.8,6,42003_2025_8928_MOESM2_ESM.xlsx,Figure 4B!AA32,,published_terminal_assay,N-K,false,
Yuan2025,LDH,Abacavir,20.0,uM,124.5,6,42003_2025_8928_MOESM2_ESM.xlsx,Figure 4B!AB32,,published_terminal_assay,N-K,false,
Yuan2025,LDH,Abacavir,40.0,uM,126.4,6,42003_2025_8928_MOESM2_ESM.xlsx,Figure 4B!AC32,,published_terminal_assay,N-K,false,
Yuan2025,LDH,Abacavir,60.0,uM,148.6,6,42003_2025_8928_MOESM2_ESM.xlsx,Figure 4B!AD32,,published_terminal_assay,N-K,false,
Yuan2025,LDH,Abacavir,80.0,uM,137.0,6,42003_2025_8928_MOESM2_ESM.xlsx,Figure 4B!AE32,,published_terminal_assay,N-K,false,
Yuan2025,LDH,Abacavir,0.0,uM,97.8,1,42003_2025_8928_MOESM2_ESM.xlsx,Figure 4B!AA35,,published_terminal_assay,N-T,false,
Yuan2025,LDH,Abacavir,20.0,uM,112.2,1,42003_2025_8928_MOESM2_ESM.xlsx,Figure 4B!AB35,,published_terminal_assay,N-T,false,
Yuan2025,LDH,Abacavir,40.0,uM,130.4,1,42003_2025_8928_MOESM2_ESM.xlsx,Figure 4B!AC35,,published_terminal_assay,N-T,false,
Yuan2025,LDH,Abacavir,60.0,uM,129.8,1,42003_2025_8928_MOESM2_ESM.xlsx,Figure 4B!AD35,,published_terminal_assay,N-T,false,
Yuan2025,LDH,Abacavir,80.0,uM,134.9,1,42003_2025_8928_MOESM2_ESM.xlsx,Figure 4B!AE35,,published_terminal_assay,N-T,false,
Yuan2025,LDH,Abacavir,0.0,uM,101.2,2,42003_2025_8928_MOESM2_ESM.xlsx,Figure 4B!AA36,,published_terminal_assay,N-T,false,
Yuan2025,LDH,Abacavir,20.0,uM,115.8,2,42003_2025_8928_MOESM2_ESM.xlsx,Figure 4B!AB36,,published_terminal_assay,N-T,false,
Yuan2025,LDH,Abacavir,40.0,uM,124.8,2,42003_2025_8928_MOESM2_ESM.xlsx,Figure 4B!AC36,,published_terminal_assay,N-T,false,
Yuan2025,LDH,Abacavir,60.0,uM,135.6,2,42003_2025_8928_MOESM2_ESM.xlsx,Figure 4B!AD36,,published_terminal_assay,N-T,false,
Yuan2025,LDH,Abacavir,80.0,uM,127.3,2,42003_2025_8928_MOESM2_ESM.xlsx,Figure 4B!AE36,,published_terminal_assay,N-T,false,
Yuan2025,LDH,Abacavir,0.0,uM,95.6,3,42003_2025_8928_MOESM2_ESM.xlsx,Figure 4B!AA37,,published_terminal_assay,N-T,false,
Yuan2025,LDH,Abacavir,20.0,uM,119.2,3,42003_2025_8928_MOESM2_ESM.xlsx,Figure 4B!AB37,,published_terminal_assay,N-T,false,
Yuan2025,LDH,Abacavir,40.0,uM,129.6,3,42003_2025_8928_MOESM2_ESM.xlsx,Figure 4B!AC37,,published_terminal_assay,N-T,false,
Yuan2025,LDH,Abacavir,60.0,uM,130.1,3,42003_2025_8928_MOESM2_ESM.xlsx,Figure 4B!AD37,,published_terminal_assay,N-T,false,
Yuan2025,LDH,Abacavir,80.0,uM,132.7,3,42003_2025_8928_MOESM2_ESM.xlsx,Figure 4B!AE37,,published_terminal_assay,N-T,false,
Yuan2025,LDH,Abacavir,0.0,uM,104.3,4,42003_2025_8928_MOESM2_ESM.xlsx,Figure 4B!AA38,,published_terminal_assay,N-T,false,
Yuan2025,LDH,Abacavir,20.0,uM,114.5,4,42003_2025_8928_MOESM2_ESM.xlsx,Figure 4B!AB38,,published_terminal_assay,N-T,false,
Yuan2025,LDH,Abacavir,40.0,uM,125.3,4,42003_2025_8928_MOESM2_ESM.xlsx,Figure 4B!AC38,,published_terminal_assay,N-T,false,
Yuan2025,LDH,Abacavir,60.0,uM,134.8,4,42003_2025_8928_MOESM2_ESM.xlsx,Figure 4B!AD38,,published_terminal_assay,N-T,false,
Yuan2025,LDH,Abacavir,80.0,uM,128.6,4,42003_2025_8928_MOESM2_ESM.xlsx,Figure 4B!AE38,,published_terminal_assay,N-T,false,
Yuan2025,LDH,Abacavir,0.0,uM,97.6,5,42003_2025_8928_MOESM2_ESM.xlsx,Figure 4B!AA39,,published_terminal_assay,N-T,false,
Yuan2025,LDH,Abacavir,20.0,uM,120.7,5,42003_2025_8928_MOESM2_ESM.xlsx,Figure 4B!AB39,,published_terminal_assay,N-T,false,
Yuan2025,LDH,Abacavir,40.0,uM,131.9,5,42003_2025_8928_MOESM2_ESM.xlsx,Figure 4B!AC39,,published_terminal_assay,N-T,false,
Yuan2025,LDH,Abacavir,60.0,uM,129.5,5,42003_2025_8928_MOESM2_ESM.xlsx,Figure 4B!AD39,,published_terminal_assay,N-T,false,
Yuan2025,LDH,Abacavir,80.0,uM,133.5,5,42003_2025_8928_MOESM2_ESM.xlsx,Figure 4B!AE39,,published_terminal_assay,N-T,false,
Yuan2025,LDH,Abacavir,0.0,uM,103.5,6,42003_2025_8928_MOESM2_ESM.xlsx,Figure 4B!AA40,,published_terminal_assay,N-T,false,
Yuan2025,LDH,Abacavir,20.0,uM,121.4,6,42003_2025_8928_MOESM2_ESM.xlsx,Figure 4B!AB40,,published_terminal_assay,N-T,false,
Yuan2025,LDH,Abacavir,40.0,uM,120.6,6,42003_2025_8928_MOESM2_ESM.xlsx,Figure 4B!AC40,,published_terminal_assay,N-T,false,
Yuan2025,LDH,Abacavir,60.0,uM,136.2,6,42003_2025_8928_MOESM2_ESM.xlsx,Figure 4B!AD40,,published_terminal_assay,N-T,false,
Yuan2025,LDH,Abacavir,80.0,uM,127.8,6,42003_2025_8928_MOESM2_ESM.xlsx,Figure 4B!AE40,,published_terminal_assay,N-T,false,
Yuan2025,ALT,Acetaminophen,0.0,mM,0.129,1,42003_2025_8928_MOESM2_ESM.xlsx,Figure S5!C3,,published_terminal_assay,Intact Liver Chip,false,
Yuan2025,ALT,Acetaminophen,0.5,mM,0.039,1,42003_2025_8928_MOESM2_ESM.xlsx,Figure S5!D3,,published_terminal_assay,Intact Liver Chip,false,
Yuan2025,ALT,Acetaminophen,1.0,mM,0.083,1,42003_2025_8928_MOESM2_ESM.xlsx,Figure S5!E3,,published_terminal_assay,Intact Liver Chip,false,
Yuan2025,ALT,Acetaminophen,10.0,mM,0.152,1,42003_2025_8928_MOESM2_ESM.xlsx,Figure S5!F3,,published_terminal_assay,Intact Liver Chip,false,
Yuan2025,ALT,Acetaminophen,20.0,mM,0.182,1,42003_2025_8928_MOESM2_ESM.xlsx,Figure S5!G3,,published_terminal_assay,Intact Liver Chip,false,
Yuan2025,ALT,Acetaminophen,0.0,mM,0.02,2,42003_2025_8928_MOESM2_ESM.xlsx,Figure S5!C4,,published_terminal_assay,Intact Liver Chip,false,
Yuan2025,ALT,Acetaminophen,0.5,mM,0.058,2,42003_2025_8928_MOESM2_ESM.xlsx,Figure S5!D4,,published_terminal_assay,Intact Liver Chip,false,
Yuan2025,ALT,Acetaminophen,1.0,mM,0.203,2,42003_2025_8928_MOESM2_ESM.xlsx,Figure S5!E4,,published_terminal_assay,Intact Liver Chip,false,
Yuan2025,ALT,Acetaminophen,10.0,mM,0.202,2,42003_2025_8928_MOESM2_ESM.xlsx,Figure S5!F4,,published_terminal_assay,Intact Liver Chip,false,
Yuan2025,ALT,Acetaminophen,20.0,mM,0.268,2,42003_2025_8928_MOESM2_ESM.xlsx,Figure S5!G4,,published_terminal_assay,Intact Liver Chip,false,
Yuan2025,ALT,Acetaminophen,0.0,mM,0.126,3,42003_2025_8928_MOESM2_ESM.xlsx,Figure S5!C5,,published_terminal_assay,Intact Liver Chip,false,
Yuan2025,ALT,Acetaminophen,0.5,mM,0.033,3,42003_2025_8928_MOESM2_ESM.xlsx,Figure S5!D5,,published_terminal_assay,Intact Liver Chip,false,
Yuan2025,ALT,Acetaminophen,1.0,mM,0.084,3,42003_2025_8928_MOESM2_ESM.xlsx,Figure S5!E5,,published_terminal_assay,Intact Liver Chip,false,
Yuan2025,ALT,Acetaminophen,10.0,mM,0.15,3,42003_2025_8928_MOESM2_ESM.xlsx,Figure S5!F5,,published_terminal_assay,Intact Liver Chip,false,
Yuan2025,ALT,Acetaminophen,20.0,mM,0.186,3,42003_2025_8928_MOESM2_ESM.xlsx,Figure S5!G5,,published_terminal_assay,Intact Liver Chip,false,
Yuan2025,ALT,Acetaminophen,0.0,mM,0.021,4,42003_2025_8928_MOESM2_ESM.xlsx,Figure S5!C6,,published_terminal_assay,Intact Liver Chip,false,
Yuan2025,ALT,Acetaminophen,0.5,mM,0.086,4,42003_2025_8928_MOESM2_ESM.xlsx,Figure S5!D6,,published_terminal_assay,Intact Liver Chip,false,
Yuan2025,ALT,Acetaminophen,1.0,mM,0.204,4,42003_2025_8928_MOESM2_ESM.xlsx,Figure S5!E6,,published_terminal_assay,Intact Liver Chip,false,
Yuan2025,ALT,Acetaminophen,10.0,mM,0.204,4,42003_2025_8928_MOESM2_ESM.xlsx,Figure S5!F6,,published_terminal_assay,Intact Liver Chip,false,
Yuan2025,ALT,Acetaminophen,20.0,mM,0.266,4,42003_2025_8928_MOESM2_ESM.xlsx,Figure S5!G6,,published_terminal_assay,Intact Liver Chip,false,
Yuan2025,ALT,Acetaminophen,0.0,mM,0.0639,1,42003_2025_8928_MOESM2_ESM.xlsx,Figure S5!C11,,published_terminal_assay,N-B,false,
Yuan2025,ALT,Acetaminophen,0.5,mM,0.0663,1,42003_2025_8928_MOESM2_ESM.xlsx,Figure S5!D11,,published_terminal_assay,N-B,false,
Yuan2025,ALT,Acetaminophen,1.0,mM,0.1302,1,42003_2025_8928_MOESM2_ESM.xlsx,Figure S5!E11,,published_terminal_assay,N-B,false,
Yuan2025,ALT,Acetaminophen,10.0,mM,0.1538,1,42003_2025_8928_MOESM2_ESM.xlsx,Figure S5!F11,,published_terminal_assay,N-B,false,
Yuan2025,ALT,Acetaminophen,20.0,mM,0.1812,1,42003_2025_8928_MOESM2_ESM.xlsx,Figure S5!G11,,published_terminal_assay,N-B,false,
Yuan2025,ALT,Acetaminophen,0.0,mM,0.0674,2,42003_2025_8928_MOESM2_ESM.xlsx,Figure S5!C12,,published_terminal_assay,N-B,false,
Yuan2025,ALT,Acetaminophen,0.5,mM,0.0694,2,42003_2025_8928_MOESM2_ESM.xlsx,Figure S5!D12,,published_terminal_assay,N-B,false,
Yuan2025,ALT,Acetaminophen,1.0,mM,0.135,2,42003_2025_8928_MOESM2_ESM.xlsx,Figure S5!E12,,published_terminal_assay,N-B,false,
Yuan2025,ALT,Acetaminophen,10.0,mM,0.1652,2,42003_2025_8928_MOESM2_ESM.xlsx,Figure S5!F12,,published_terminal_assay,N-B,false,
Yuan2025,ALT,Acetaminophen,20.0,mM,0.1928,2,42003_2025_8928_MOESM2_ESM.xlsx,Figure S5!G12,,published_terminal_assay,N-B,false,
Yuan2025,ALT,Acetaminophen,0.0,mM,0.0692,3,42003_2025_8928_MOESM2_ESM.xlsx,Figure S5!C13,,published_terminal_assay,N-B,false,
Yuan2025,ALT,Acetaminophen,0.5,mM,0.0715,3,42003_2025_8928_MOESM2_ESM.xlsx,Figure S5!D13,,published_terminal_assay,N-B,false,
Yuan2025,ALT,Acetaminophen,1.0,mM,0.1387,3,42003_2025_8928_MOESM2_ESM.xlsx,Figure S5!E13,,published_terminal_assay,N-B,false,
Yuan2025,ALT,Acetaminophen,10.0,mM,0.1705,3,42003_2025_8928_MOESM2_ESM.xlsx,Figure S5!F13,,published_terminal_assay,N-B,false,
Yuan2025,ALT,Acetaminophen,20.0,mM,0.1955,3,42003_2025_8928_MOESM2_ESM.xlsx,Figure S5!G13,,published_terminal_assay,N-B,false,
Yuan2025,ALT,Acetaminophen,0.0,mM,0.0715,4,42003_2025_8928_MOESM2_ESM.xlsx,Figure S5!C14,,published_terminal_assay,N-B,false,
Yuan2025,ALT,Acetaminophen,0.5,mM,0.0728,4,42003_2025_8928_MOESM2_ESM.xlsx,Figure S5!D14,,published_terminal_assay,N-B,false,
Yuan2025,ALT,Acetaminophen,1.0,mM,0.1421,4,42003_2025_8928_MOESM2_ESM.xlsx,Figure S5!E14,,published_terminal_assay,N-B,false,
Yuan2025,ALT,Acetaminophen,10.0,mM,0.1585,4,42003_2025_8928_MOESM2_ESM.xlsx,Figure S5!F14,,published_terminal_assay,N-B,false,
Yuan2025,ALT,Acetaminophen,20.0,mM,0.1889,4,42003_2025_8928_MOESM2_ESM.xlsx,Figure S5!G14,,published_terminal_assay,N-B,false,
Yuan2025,ALT,Acetaminophen,0.0,mM,0.0689,1,42003_2025_8928_MOESM2_ESM.xlsx,Figure S5!C19,,published_terminal_assay,N-S,false,
Yuan2025,ALT,Acetaminophen,0.5,mM,0.0528,1,42003_2025_8928_MOESM2_ESM.xlsx,Figure S5!D19,,published_terminal_assay,N-S,false,
Yuan2025,ALT,Acetaminophen,1.0,mM,0.1472,1,42003_2025_8928_MOESM2_ESM.xlsx,Figure S5!E19,,published_terminal_assay,N-S,false,
Yuan2025,ALT,Acetaminophen,10.0,mM,0.1683,1,42003_2025_8928_MOESM2_ESM.xlsx,Figure S5!F19,,published_terminal_assay,N-S,false,
Yuan2025,ALT,Acetaminophen,20.0,mM,0.2068,1,42003_2025_8928_MOESM2_ESM.xlsx,Figure S5!G19,,published_terminal_assay,N-S,false,
Yuan2025,ALT,Acetaminophen,0.0,mM,0.0741,2,42003_2025_8928_MOESM2_ESM.xlsx,Figure S5!C20,,published_terminal_assay,N-S,false,
Yuan2025,ALT,Acetaminophen,0.5,mM,0.0573,2,42003_2025_8928_MOESM2_ESM.xlsx,Figure S5!D20,,published_terminal_assay,N-S,false,
Yuan2025,ALT,Acetaminophen,1.0,mM,0.1583,2,42003_2025_8928_MOESM2_ESM.xlsx,Figure S5!E20,,published_terminal_assay,N-S,false,
Yuan2025,ALT,Acetaminophen,10.0,mM,0.1782,2,42003_2025_8928_MOESM2_ESM.xlsx,Figure S5!F20,,published_terminal_assay,N-S,false,
Yuan2025,ALT,Acetaminophen,20.0,mM,0.2225,2,42003_2025_8928_MOESM2_ESM.xlsx,Figure S5!G20,,published_terminal_assay,N-S,false,
Yuan2025,ALT,Acetaminophen,0.0,mM,0.0685,3,42003_2025_8928_MOESM2_ESM.xlsx,Figure S5!C21,,published_terminal_assay,N-S,false,
Yuan2025,ALT,Acetaminophen,0.5,mM,0.0537,3,42003_2025_8928_MOESM2_ESM.xlsx,Figure S5!D21,,published_terminal_assay,N-S,false,
Yuan2025,ALT,Acetaminophen,1.0,mM,0.1527,3,42003_2025_8928_MOESM2_ESM.xlsx,Figure S5!E21,,published_terminal_assay,N-S,false,
Yuan2025,ALT,Acetaminophen,10.0,mM,0.1835,3,42003_2025_8928_MOESM2_ESM.xlsx,Figure S5!F21,,published_terminal_assay,N-S,false,
Yuan2025,ALT,Acetaminophen,20.0,mM,0.2145,3,42003_2025_8928_MOESM2_ESM.xlsx,Figure S5!G21,,published_terminal_assay,N-S,false,
Yuan2025,ALT,Acetaminophen,0.0,mM,0.0725,4,42003_2025_8928_MOESM2_ESM.xlsx,Figure S5!C22,,published_terminal_assay,N-S,false,
Yuan2025,ALT,Acetaminophen,0.5,mM,0.0562,4,42003_2025_8928_MOESM2_ESM.xlsx,Figure S5!D22,,published_terminal_assay,N-S,false,
Yuan2025,ALT,Acetaminophen,1.0,mM,0.1558,4,42003_2025_8928_MOESM2_ESM.xlsx,Figure S5!E22,,published_terminal_assay,N-S,false,
Yuan2025,ALT,Acetaminophen,10.0,mM,0.174,4,42003_2025_8928_MOESM2_ESM.xlsx,Figure S5!F22,,published_terminal_assay,N-S,false,
Yuan2025,ALT,Acetaminophen,20.0,mM,0.2182,4,42003_2025_8928_MOESM2_ESM.xlsx,Figure S5!G22,,published_terminal_assay,N-S,false,
Yuan2025,ALT,Acetaminophen,0.0,mM,0.0675,1,42003_2025_8928_MOESM2_ESM.xlsx,Figure S5!C27,,published_terminal_assay,N-K,false,
Yuan2025,ALT,Acetaminophen,0.5,mM,0.0712,1,42003_2025_8928_MOESM2_ESM.xlsx,Figure S5!D27,,published_terminal_assay,N-K,false,
Yuan2025,ALT,Acetaminophen,1.0,mM,0.0918,1,42003_2025_8928_MOESM2_ESM.xlsx,Figure S5!E27,,published_terminal_assay,N-K,false,
Yuan2025,ALT,Acetaminophen,10.0,mM,0.1635,1,42003_2025_8928_MOESM2_ESM.xlsx,Figure S5!F27,,published_terminal_assay,N-K,false,
Yuan2025,ALT,Acetaminophen,20.0,mM,0.1958,1,42003_2025_8928_MOESM2_ESM.xlsx,Figure S5!G27,,published_terminal_assay,N-K,false,
Yuan2025,ALT,Acetaminophen,0.0,mM,0.0728,2,42003_2025_8928_MOESM2_ESM.xlsx,Figure S5!C28,,published_terminal_assay,N-K,false,
Yuan2025,ALT,Acetaminophen,0.5,mM,0.0798,2,42003_2025_8928_MOESM2_ESM.xlsx,Figure S5!D28,,published_terminal_assay,N-K,false,
Yuan2025,ALT,Acetaminophen,1.0,mM,0.1005,2,42003_2025_8928_MOESM2_ESM.xlsx,Figure S5!E28,,published_terminal_assay,N-K,false,
Yuan2025,ALT,Acetaminophen,10.0,mM,0.1828,2,42003_2025_8928_MOESM2_ESM.xlsx,Figure S5!F28,,published_terminal_assay,N-K,false,
Yuan2025,ALT,Acetaminophen,20.0,mM,0.2132,2,42003_2025_8928_MOESM2_ESM.xlsx,Figure S5!G28,,published_terminal_assay,N-K,false,
Yuan2025,ALT,Acetaminophen,0.0,mM,0.0741,3,42003_2025_8928_MOESM2_ESM.xlsx,Figure S5!C29,,published_terminal_assay,N-K,false,
Yuan2025,ALT,Acetaminophen,0.5,mM,0.0755,3,42003_2025_8928_MOESM2_ESM.xlsx,Figure S5!D29,,published_terminal_assay,N-K,false,
Yuan2025,ALT,Acetaminophen,1.0,mM,0.0955,3,42003_2025_8928_MOESM2_ESM.xlsx,Figure S5!E29,,published_terminal_assay,N-K,false,
Yuan2025,ALT,Acetaminophen,10.0,mM,0.1775,3,42003_2025_8928_MOESM2_ESM.xlsx,Figure S5!F29,,published_terminal_assay,N-K,false,
Yuan2025,ALT,Acetaminophen,20.0,mM,0.2085,3,42003_2025_8928_MOESM2_ESM.xlsx,Figure S5!G29,,published_terminal_assay,N-K,false,
Yuan2025,ALT,Acetaminophen,0.0,mM,0.0696,4,42003_2025_8928_MOESM2_ESM.xlsx,Figure S5!C30,,published_terminal_assay,N-K,false,
Yuan2025,ALT,Acetaminophen,0.5,mM,0.0775,4,42003_2025_8928_MOESM2_ESM.xlsx,Figure S5!D30,,published_terminal_assay,N-K,false,
Yuan2025,ALT,Acetaminophen,1.0,mM,0.0982,4,42003_2025_8928_MOESM2_ESM.xlsx,Figure S5!E30,,published_terminal_assay,N-K,false,
Yuan2025,ALT,Acetaminophen,10.0,mM,0.1712,4,42003_2025_8928_MOESM2_ESM.xlsx,Figure S5!F30,,published_terminal_assay,N-K,false,
Yuan2025,ALT,Acetaminophen,20.0,mM,0.2033,4,42003_2025_8928_MOESM2_ESM.xlsx,Figure S5!G30,,published_terminal_assay,N-K,false,
Yuan2025,ALT,Acetaminophen,0.0,mM,0.0531,1,42003_2025_8928_MOESM2_ESM.xlsx,Figure S5!C35,,published_terminal_assay,N-T,false,
Yuan2025,ALT,Acetaminophen,0.5,mM,0.0718,1,42003_2025_8928_MOESM2_ESM.xlsx,Figure S5!D35,,published_terminal_assay,N-T,false,
Yuan2025,ALT,Acetaminophen,1.0,mM,0.11,1,42003_2025_8928_MOESM2_ESM.xlsx,Figure S5!E35,,published_terminal_assay,N-T,false,
Yuan2025,ALT,Acetaminophen,10.0,mM,0.1685,1,42003_2025_8928_MOESM2_ESM.xlsx,Figure S5!F35,,published_terminal_assay,N-T,false,
Yuan2025,ALT,Acetaminophen,20.0,mM,0.2258,1,42003_2025_8928_MOESM2_ESM.xlsx,Figure S5!G35,,published_terminal_assay,N-T,false,
Yuan2025,ALT,Acetaminophen,0.0,mM,0.0553,2,42003_2025_8928_MOESM2_ESM.xlsx,Figure S5!C36,,published_terminal_assay,N-T,false,
Yuan2025,ALT,Acetaminophen,0.5,mM,0.0782,2,42003_2025_8928_MOESM2_ESM.xlsx,Figure S5!D36,,published_terminal_assay,N-T,false,
Yuan2025,ALT,Acetaminophen,1.0,mM,0.128,2,42003_2025_8928_MOESM2_ESM.xlsx,Figure S5!E36,,published_terminal_assay,N-T,false,
Yuan2025,ALT,Acetaminophen,10.0,mM,0.1738,2,42003_2025_8928_MOESM2_ESM.xlsx,Figure S5!F36,,published_terminal_assay,N-T,false,
Yuan2025,ALT,Acetaminophen,20.0,mM,0.2302,2,42003_2025_8928_MOESM2_ESM.xlsx,Figure S5!G36,,published_terminal_assay,N-T,false,
Yuan2025,ALT,Acetaminophen,0.0,mM,0.0514,3,42003_2025_8928_MOESM2_ESM.xlsx,Figure S5!C37,,published_terminal_assay,N-T,false,
Yuan2025,ALT,Acetaminophen,0.5,mM,0.0735,3,42003_2025_8928_MOESM2_ESM.xlsx,Figure S5!D37,,published_terminal_assay,N-T,false,
Yuan2025,ALT,Acetaminophen,1.0,mM,0.12,3,42003_2025_8928_MOESM2_ESM.xlsx,Figure S5!E37,,published_terminal_assay,N-T,false,
Yuan2025,ALT,Acetaminophen,10.0,mM,0.1612,3,42003_2025_8928_MOESM2_ESM.xlsx,Figure S5!F37,,published_terminal_assay,N-T,false,
Yuan2025,ALT,Acetaminophen,20.0,mM,0.2195,3,42003_2025_8928_MOESM2_ESM.xlsx,Figure S5!G37,,published_terminal_assay,N-T,false,
Yuan2025,ALT,Acetaminophen,0.0,mM,0.0482,4,42003_2025_8928_MOESM2_ESM.xlsx,Figure S5!C38,,published_terminal_assay,N-T,false,
Yuan2025,ALT,Acetaminophen,0.5,mM,0.0805,4,42003_2025_8928_MOESM2_ESM.xlsx,Figure S5!D38,,published_terminal_assay,N-T,false,
Yuan2025,ALT,Acetaminophen,1.0,mM,0.122,4,42003_2025_8928_MOESM2_ESM.xlsx,Figure S5!E38,,published_terminal_assay,N-T,false,
Yuan2025,ALT,Acetaminophen,10.0,mM,0.1573,4,42003_2025_8928_MOESM2_ESM.xlsx,Figure S5!F38,,published_terminal_assay,N-T,false,
Yuan2025,ALT,Acetaminophen,20.0,mM,0.2125,4,42003_2025_8928_MOESM2_ESM.xlsx,Figure S5!G38,,published_terminal_assay,N-T,false,
Yuan2025,ALT,Ethinylestradiol,0.0,uM,0.176,1,42003_2025_8928_MOESM2_ESM.xlsx,Figure S5!K3,,published_terminal_assay,Intact Liver Chip,false,
Yuan2025,ALT,Ethinylestradiol,50.0,uM,0.272,1,42003_2025_8928_MOESM2_ESM.xlsx,Figure S5!L3,,published_terminal_assay,Intact Liver Chip,false,
Yuan2025,ALT,Ethinylestradiol,100.0,uM,0.228,1,42003_2025_8928_MOESM2_ESM.xlsx,Figure S5!M3,,published_terminal_assay,Intact Liver Chip,false,
Yuan2025,ALT,Ethinylestradiol,250.0,uM,0.265,1,42003_2025_8928_MOESM2_ESM.xlsx,Figure S5!N3,,published_terminal_assay,Intact Liver Chip,false,
Yuan2025,ALT,Ethinylestradiol,500.0,uM,0.371,1,42003_2025_8928_MOESM2_ESM.xlsx,Figure S5!O3,,published_terminal_assay,Intact Liver Chip,false,
Yuan2025,ALT,Ethinylestradiol,0.0,uM,0.277,2,42003_2025_8928_MOESM2_ESM.xlsx,Figure S5!K4,,published_terminal_assay,Intact Liver Chip,false,
Yuan2025,ALT,Ethinylestradiol,50.0,uM,0.262,2,42003_2025_8928_MOESM2_ESM.xlsx,Figure S5!L4,,published_terminal_assay,Intact Liver Chip,false,
Yuan2025,ALT,Ethinylestradiol,100.0,uM,0.254,2,42003_2025_8928_MOESM2_ESM.xlsx,Figure S5!M4,,published_terminal_assay,Intact Liver Chip,false,
Yuan2025,ALT,Ethinylestradiol,250.0,uM,0.288,2,42003_2025_8928_MOESM2_ESM.xlsx,Figure S5!N4,,published_terminal_assay,Intact Liver Chip,false,
Yuan2025,ALT,Ethinylestradiol,500.0,uM,0.318,2,42003_2025_8928_MOESM2_ESM.xlsx,Figure S5!O4,,published_terminal_assay,Intact Liver Chip,false,
Yuan2025,ALT,Ethinylestradiol,0.0,uM,0.181,3,42003_2025_8928_MOESM2_ESM.xlsx,Figure S5!K5,,published_terminal_assay,Intact Liver Chip,false,
Yuan2025,ALT,Ethinylestradiol,50.0,uM,0.273,3,42003_2025_8928_MOESM2_ESM.xlsx,Figure S5!L5,,published_terminal_assay,Intact Liver Chip,false,
Yuan2025,ALT,Ethinylestradiol,100.0,uM,0.257,3,42003_2025_8928_MOESM2_ESM.xlsx,Figure S5!M5,,published_terminal_assay,Intact Liver Chip,false,
Yuan2025,ALT,Ethinylestradiol,250.0,uM,0.265,3,42003_2025_8928_MOESM2_ESM.xlsx,Figure S5!N5,,published_terminal_assay,Intact Liver Chip,false,
Yuan2025,ALT,Ethinylestradiol,500.0,uM,0.286,3,42003_2025_8928_MOESM2_ESM.xlsx,Figure S5!O5,,published_terminal_assay,Intact Liver Chip,false,
Yuan2025,ALT,Ethinylestradiol,0.0,uM,0.237,4,42003_2025_8928_MOESM2_ESM.xlsx,Figure S5!K6,,published_terminal_assay,Intact Liver Chip,false,
Yuan2025,ALT,Ethinylestradiol,50.0,uM,0.194,4,42003_2025_8928_MOESM2_ESM.xlsx,Figure S5!L6,,published_terminal_assay,Intact Liver Chip,false,
Yuan2025,ALT,Ethinylestradiol,100.0,uM,0.203,4,42003_2025_8928_MOESM2_ESM.xlsx,Figure S5!M6,,published_terminal_assay,Intact Liver Chip,false,
Yuan2025,ALT,Ethinylestradiol,250.0,uM,0.345,4,42003_2025_8928_MOESM2_ESM.xlsx,Figure S5!N6,,published_terminal_assay,Intact Liver Chip,false,
Yuan2025,ALT,Ethinylestradiol,500.0,uM,0.245,4,42003_2025_8928_MOESM2_ESM.xlsx,Figure S5!O6,,published_terminal_assay,Intact Liver Chip,false,
Yuan2025,ALT,Ethinylestradiol,0.0,uM,0.209,1,42003_2025_8928_MOESM2_ESM.xlsx,Figure S5!K11,,published_terminal_assay,N-B,false,
Yuan2025,ALT,Ethinylestradiol,50.0,uM,0.252,1,42003_2025_8928_MOESM2_ESM.xlsx,Figure S5!L11,,published_terminal_assay,N-B,false,
Yuan2025,ALT,Ethinylestradiol,100.0,uM,0.297,1,42003_2025_8928_MOESM2_ESM.xlsx,Figure S5!M11,,published_terminal_assay,N-B,false,
Yuan2025,ALT,Ethinylestradiol,250.0,uM,0.402,1,42003_2025_8928_MOESM2_ESM.xlsx,Figure S5!N11,,published_terminal_assay,N-B,false,
Yuan2025,ALT,Ethinylestradiol,500.0,uM,0.469,1,42003_2025_8928_MOESM2_ESM.xlsx,Figure S5!O11,,published_terminal_assay,N-B,false,
Yuan2025,ALT,Ethinylestradiol,0.0,uM,0.214,2,42003_2025_8928_MOESM2_ESM.xlsx,Figure S5!K12,,published_terminal_assay,N-B,false,
Yuan2025,ALT,Ethinylestradiol,50.0,uM,0.262,2,42003_2025_8928_MOESM2_ESM.xlsx,Figure S5!L12,,published_terminal_assay,N-B,false,
Yuan2025,ALT,Ethinylestradiol,100.0,uM,0.302,2,42003_2025_8928_MOESM2_ESM.xlsx,Figure S5!M12,,published_terminal_assay,N-B,false,
Yuan2025,ALT,Ethinylestradiol,250.0,uM,0.395,2,42003_2025_8928_MOESM2_ESM.xlsx,Figure S5!N12,,published_terminal_assay,N-B,false,
Yuan2025,ALT,Ethinylestradiol,500.0,uM,0.474,2,42003_2025_8928_MOESM2_ESM.xlsx,Figure S5!O12,,published_terminal_assay,N-B,false,
Yuan2025,ALT,Ethinylestradiol,0.0,uM,0.198,3,42003_2025_8928_MOESM2_ESM.xlsx,Figure S5!K13,,published_terminal_assay,N-B,false,
Yuan2025,ALT,Ethinylestradiol,50.0,uM,0.271,3,42003_2025_8928_MOESM2_ESM.xlsx,Figure S5!L13,,published_terminal_assay,N-B,false,
Yuan2025,ALT,Ethinylestradiol,100.0,uM,0.281,3,42003_2025_8928_MOESM2_ESM.xlsx,Figure S5!M13,,published_terminal_assay,N-B,false,
Yuan2025,ALT,Ethinylestradiol,250.0,uM,0.407,3,42003_2025_8928_MOESM2_ESM.xlsx,Figure S5!N13,,published_terminal_assay,N-B,false,
Yuan2025,ALT,Ethinylestradiol,500.0,uM,0.48,3,42003_2025_8928_MOESM2_ESM.xlsx,Figure S5!O13,,published_terminal_assay,N-B,false,
Yuan2025,ALT,Ethinylestradiol,0.0,uM,0.203,4,42003_2025_8928_MOESM2_ESM.xlsx,Figure S5!K14,,published_terminal_assay,N-B,false,
Yuan2025,ALT,Ethinylestradiol,50.0,uM,0.267,4,42003_2025_8928_MOESM2_ESM.xlsx,Figure S5!L14,,published_terminal_assay,N-B,false,
Yuan2025,ALT,Ethinylestradiol,100.0,uM,0.292,4,42003_2025_8928_MOESM2_ESM.xlsx,Figure S5!M14,,published_terminal_assay,N-B,false,
Yuan2025,ALT,Ethinylestradiol,250.0,uM,0.38,4,42003_2025_8928_MOESM2_ESM.xlsx,Figure S5!N14,,published_terminal_assay,N-B,false,
Yuan2025,ALT,Ethinylestradiol,500.0,uM,0.449,4,42003_2025_8928_MOESM2_ESM.xlsx,Figure S5!O14,,published_terminal_assay,N-B,false,
Yuan2025,ALT,Ethinylestradiol,0.0,uM,0.196,1,42003_2025_8928_MOESM2_ESM.xlsx,Figure S5!K19,,published_terminal_assay,N-S,false,
Yuan2025,ALT,Ethinylestradiol,50.0,uM,0.233,1,42003_2025_8928_MOESM2_ESM.xlsx,Figure S5!L19,,published_terminal_assay,N-S,false,
Yuan2025,ALT,Ethinylestradiol,100.0,uM,0.239,1,42003_2025_8928_MOESM2_ESM.xlsx,Figure S5!M19,,published_terminal_assay,N-S,false,
Yuan2025,ALT,Ethinylestradiol,250.0,uM,0.287,1,42003_2025_8928_MOESM2_ESM.xlsx,Figure S5!N19,,published_terminal_assay,N-S,false,
Yuan2025,ALT,Ethinylestradiol,500.0,uM,0.322,1,42003_2025_8928_MOESM2_ESM.xlsx,Figure S5!O19,,published_terminal_assay,N-S,false,
Yuan2025,ALT,Ethinylestradiol,0.0,uM,0.2,2,42003_2025_8928_MOESM2_ESM.xlsx,Figure S5!K20,,published_terminal_assay,N-S,false,
Yuan2025,ALT,Ethinylestradiol,50.0,uM,0.238,2,42003_2025_8928_MOESM2_ESM.xlsx,Figure S5!L20,,published_terminal_assay,N-S,false,
Yuan2025,ALT,Ethinylestradiol,100.0,uM,0.244,2,42003_2025_8928_MOESM2_ESM.xlsx,Figure S5!M20,,published_terminal_assay,N-S,false,
Yuan2025,ALT,Ethinylestradiol,250.0,uM,0.292,2,42003_2025_8928_MOESM2_ESM.xlsx,Figure S5!N20,,published_terminal_assay,N-S,false,
Yuan2025,ALT,Ethinylestradiol,500.0,uM,0.306,2,42003_2025_8928_MOESM2_ESM.xlsx,Figure S5!O20,,published_terminal_assay,N-S,false,
Yuan2025,ALT,Ethinylestradiol,0.0,uM,0.192,3,42003_2025_8928_MOESM2_ESM.xlsx,Figure S5!K21,,published_terminal_assay,N-S,false,
Yuan2025,ALT,Ethinylestradiol,50.0,uM,0.23,3,42003_2025_8928_MOESM2_ESM.xlsx,Figure S5!L21,,published_terminal_assay,N-S,false,
Yuan2025,ALT,Ethinylestradiol,100.0,uM,0.236,3,42003_2025_8928_MOESM2_ESM.xlsx,Figure S5!M21,,published_terminal_assay,N-S,false,
Yuan2025,ALT,Ethinylestradiol,250.0,uM,0.283,3,42003_2025_8928_MOESM2_ESM.xlsx,Figure S5!N21,,published_terminal_assay,N-S,false,
Yuan2025,ALT,Ethinylestradiol,500.0,uM,0.325,3,42003_2025_8928_MOESM2_ESM.xlsx,Figure S5!O21,,published_terminal_assay,N-S,false,
Yuan2025,ALT,Ethinylestradiol,0.0,uM,0.184,4,42003_2025_8928_MOESM2_ESM.xlsx,Figure S5!K22,,published_terminal_assay,N-S,false,
Yuan2025,ALT,Ethinylestradiol,50.0,uM,0.219,4,42003_2025_8928_MOESM2_ESM.xlsx,Figure S5!L22,,published_terminal_assay,N-S,false,
Yuan2025,ALT,Ethinylestradiol,100.0,uM,0.225,4,42003_2025_8928_MOESM2_ESM.xlsx,Figure S5!M22,,published_terminal_assay,N-S,false,
Yuan2025,ALT,Ethinylestradiol,250.0,uM,0.27,4,42003_2025_8928_MOESM2_ESM.xlsx,Figure S5!N22,,published_terminal_assay,N-S,false,
Yuan2025,ALT,Ethinylestradiol,500.0,uM,0.331,4,42003_2025_8928_MOESM2_ESM.xlsx,Figure S5!O22,,published_terminal_assay,N-S,false,
Yuan2025,ALT,Ethinylestradiol,0.0,uM,0.19,1,42003_2025_8928_MOESM2_ESM.xlsx,Figure S5!K27,,published_terminal_assay,N-K,false,
Yuan2025,ALT,Ethinylestradiol,50.0,uM,0.234,1,42003_2025_8928_MOESM2_ESM.xlsx,Figure S5!L27,,published_terminal_assay,N-K,false,
Yuan2025,ALT,Ethinylestradiol,100.0,uM,0.273,1,42003_2025_8928_MOESM2_ESM.xlsx,Figure S5!M27,,published_terminal_assay,N-K,false,
Yuan2025,ALT,Ethinylestradiol,250.0,uM,0.275,1,42003_2025_8928_MOESM2_ESM.xlsx,Figure S5!N27,,published_terminal_assay,N-K,false,
Yuan2025,ALT,Ethinylestradiol,500.0,uM,0.279,1,42003_2025_8928_MOESM2_ESM.xlsx,Figure S5!O27,,published_terminal_assay,N-K,false,
Yuan2025,ALT,Ethinylestradiol,0.0,uM,0.197,2,42003_2025_8928_MOESM2_ESM.xlsx,Figure S5!K28,,published_terminal_assay,N-K,false,
Yuan2025,ALT,Ethinylestradiol,50.0,uM,0.218,2,42003_2025_8928_MOESM2_ESM.xlsx,Figure S5!L28,,published_terminal_assay,N-K,false,
Yuan2025,ALT,Ethinylestradiol,100.0,uM,0.278,2,42003_2025_8928_MOESM2_ESM.xlsx,Figure S5!M28,,published_terminal_assay,N-K,false,
Yuan2025,ALT,Ethinylestradiol,250.0,uM,0.282,2,42003_2025_8928_MOESM2_ESM.xlsx,Figure S5!N28,,published_terminal_assay,N-K,false,
Yuan2025,ALT,Ethinylestradiol,500.0,uM,0.302,2,42003_2025_8928_MOESM2_ESM.xlsx,Figure S5!O28,,published_terminal_assay,N-K,false,
Yuan2025,ALT,Ethinylestradiol,0.0,uM,0.18,3,42003_2025_8928_MOESM2_ESM.xlsx,Figure S5!K29,,published_terminal_assay,N-K,false,
Yuan2025,ALT,Ethinylestradiol,50.0,uM,0.241,3,42003_2025_8928_MOESM2_ESM.xlsx,Figure S5!L29,,published_terminal_assay,N-K,false,
Yuan2025,ALT,Ethinylestradiol,100.0,uM,0.269,3,42003_2025_8928_MOESM2_ESM.xlsx,Figure S5!M29,,published_terminal_assay,N-K,false,
Yuan2025,ALT,Ethinylestradiol,250.0,uM,0.269,3,42003_2025_8928_MOESM2_ESM.xlsx,Figure S5!N29,,published_terminal_assay,N-K,false,
Yuan2025,ALT,Ethinylestradiol,500.0,uM,0.295,3,42003_2025_8928_MOESM2_ESM.xlsx,Figure S5!O29,,published_terminal_assay,N-K,false,
Yuan2025,ALT,Ethinylestradiol,0.0,uM,0.177,4,42003_2025_8928_MOESM2_ESM.xlsx,Figure S5!K30,,published_terminal_assay,N-K,false,
Yuan2025,ALT,Ethinylestradiol,50.0,uM,0.223,4,42003_2025_8928_MOESM2_ESM.xlsx,Figure S5!L30,,published_terminal_assay,N-K,false,
Yuan2025,ALT,Ethinylestradiol,100.0,uM,0.256,4,42003_2025_8928_MOESM2_ESM.xlsx,Figure S5!M30,,published_terminal_assay,N-K,false,
Yuan2025,ALT,Ethinylestradiol,250.0,uM,0.258,4,42003_2025_8928_MOESM2_ESM.xlsx,Figure S5!N30,,published_terminal_assay,N-K,false,
Yuan2025,ALT,Ethinylestradiol,500.0,uM,0.296,4,42003_2025_8928_MOESM2_ESM.xlsx,Figure S5!O30,,published_terminal_assay,N-K,false,
Yuan2025,ALT,Ethinylestradiol,0.0,uM,0.2,1,42003_2025_8928_MOESM2_ESM.xlsx,Figure S5!K35,,published_terminal_assay,N-T,false,
Yuan2025,ALT,Ethinylestradiol,50.0,uM,0.235,1,42003_2025_8928_MOESM2_ESM.xlsx,Figure S5!L35,,published_terminal_assay,N-T,false,
Yuan2025,ALT,Ethinylestradiol,100.0,uM,0.261,1,42003_2025_8928_MOESM2_ESM.xlsx,Figure S5!M35,,published_terminal_assay,N-T,false,
Yuan2025,ALT,Ethinylestradiol,250.0,uM,0.275,1,42003_2025_8928_MOESM2_ESM.xlsx,Figure S5!N35,,published_terminal_assay,N-T,false,
Yuan2025,ALT,Ethinylestradiol,500.0,uM,0.335,1,42003_2025_8928_MOESM2_ESM.xlsx,Figure S5!O35,,published_terminal_assay,N-T,false,
Yuan2025,ALT,Ethinylestradiol,0.0,uM,0.212,2,42003_2025_8928_MOESM2_ESM.xlsx,Figure S5!K36,,published_terminal_assay,N-T,false,
Yuan2025,ALT,Ethinylestradiol,50.0,uM,0.245,2,42003_2025_8928_MOESM2_ESM.xlsx,Figure S5!L36,,published_terminal_assay,N-T,false,
Yuan2025,ALT,Ethinylestradiol,100.0,uM,0.245,2,42003_2025_8928_MOESM2_ESM.xlsx,Figure S5!M36,,published_terminal_assay,N-T,false,
Yuan2025,ALT,Ethinylestradiol,250.0,uM,0.298,2,42003_2025_8928_MOESM2_ESM.xlsx,Figure S5!N36,,published_terminal_assay,N-T,false,
Yuan2025,ALT,Ethinylestradiol,500.0,uM,0.362,2,42003_2025_8928_MOESM2_ESM.xlsx,Figure S5!O36,,published_terminal_assay,N-T,false,
Yuan2025,ALT,Ethinylestradiol,0.0,uM,0.207,3,42003_2025_8928_MOESM2_ESM.xlsx,Figure S5!K37,,published_terminal_assay,N-T,false,
Yuan2025,ALT,Ethinylestradiol,50.0,uM,0.224,3,42003_2025_8928_MOESM2_ESM.xlsx,Figure S5!L37,,published_terminal_assay,N-T,false,
Yuan2025,ALT,Ethinylestradiol,100.0,uM,0.266,3,42003_2025_8928_MOESM2_ESM.xlsx,Figure S5!M37,,published_terminal_assay,N-T,false,
Yuan2025,ALT,Ethinylestradiol,250.0,uM,0.292,3,42003_2025_8928_MOESM2_ESM.xlsx,Figure S5!N37,,published_terminal_assay,N-T,false,
Yuan2025,ALT,Ethinylestradiol,500.0,uM,0.355,3,42003_2025_8928_MOESM2_ESM.xlsx,Figure S5!O37,,published_terminal_assay,N-T,false,
Yuan2025,ALT,Ethinylestradiol,0.0,uM,0.193,4,42003_2025_8928_MOESM2_ESM.xlsx,Figure S5!K38,,published_terminal_assay,N-T,false,
Yuan2025,ALT,Ethinylestradiol,50.0,uM,0.24,4,42003_2025_8928_MOESM2_ESM.xlsx,Figure S5!L38,,published_terminal_assay,N-T,false,
Yuan2025,ALT,Ethinylestradiol,100.0,uM,0.256,4,42003_2025_8928_MOESM2_ESM.xlsx,Figure S5!M38,,published_terminal_assay,N-T,false,
Yuan2025,ALT,Ethinylestradiol,250.0,uM,0.291,4,42003_2025_8928_MOESM2_ESM.xlsx,Figure S5!N38,,published_terminal_assay,N-T,false,
Yuan2025,ALT,Ethinylestradiol,500.0,uM,0.356,4,42003_2025_8928_MOESM2_ESM.xlsx,Figure S5!O38,,published_terminal_assay,N-T,false,
Yuan2025,ALT,Sulfamethoxazole,0.0,uM,0.206,1,42003_2025_8928_MOESM2_ESM.xlsx,Figure S5!S3,,published_terminal_assay,Intact Liver Chip,false,
Yuan2025,ALT,Sulfamethoxazole,250.0,uM,0.28,1,42003_2025_8928_MOESM2_ESM.xlsx,Figure S5!T3,,published_terminal_assay,Intact Liver Chip,false,
Yuan2025,ALT,Sulfamethoxazole,500.0,uM,0.288,1,42003_2025_8928_MOESM2_ESM.xlsx,Figure S5!U3,,published_terminal_assay,Intact Liver Chip,false,
Yuan2025,ALT,Sulfamethoxazole,750.0,uM,0.338,1,42003_2025_8928_MOESM2_ESM.xlsx,Figure S5!V3,,published_terminal_assay,Intact Liver Chip,false,
Yuan2025,ALT,Sulfamethoxazole,1000.0,uM,0.302,1,42003_2025_8928_MOESM2_ESM.xlsx,Figure S5!W3,,published_terminal_assay,Intact Liver Chip,false,
Yuan2025,ALT,Sulfamethoxazole,0.0,uM,0.267,2,42003_2025_8928_MOESM2_ESM.xlsx,Figure S5!S4,,published_terminal_assay,Intact Liver Chip,false,
Yuan2025,ALT,Sulfamethoxazole,250.0,uM,0.306,2,42003_2025_8928_MOESM2_ESM.xlsx,Figure S5!T4,,published_terminal_assay,Intact Liver Chip,false,
Yuan2025,ALT,Sulfamethoxazole,500.0,uM,0.313,2,42003_2025_8928_MOESM2_ESM.xlsx,Figure S5!U4,,published_terminal_assay,Intact Liver Chip,false,
Yuan2025,ALT,Sulfamethoxazole,750.0,uM,0.312,2,42003_2025_8928_MOESM2_ESM.xlsx,Figure S5!V4,,published_terminal_assay,Intact Liver Chip,false,
Yuan2025,ALT,Sulfamethoxazole,1000.0,uM,0.302,2,42003_2025_8928_MOESM2_ESM.xlsx,Figure S5!W4,,published_terminal_assay,Intact Liver Chip,false,
Yuan2025,ALT,Sulfamethoxazole,0.0,uM,0.313,3,42003_2025_8928_MOESM2_ESM.xlsx,Figure S5!S5,,published_terminal_assay,Intact Liver Chip,false,
Yuan2025,ALT,Sulfamethoxazole,250.0,uM,0.31,3,42003_2025_8928_MOESM2_ESM.xlsx,Figure S5!T5,,published_terminal_assay,Intact Liver Chip,false,
Yuan2025,ALT,Sulfamethoxazole,500.0,uM,0.29,3,42003_2025_8928_MOESM2_ESM.xlsx,Figure S5!U5,,published_terminal_assay,Intact Liver Chip,false,
Yuan2025,ALT,Sulfamethoxazole,750.0,uM,0.339,3,42003_2025_8928_MOESM2_ESM.xlsx,Figure S5!V5,,published_terminal_assay,Intact Liver Chip,false,
Yuan2025,ALT,Sulfamethoxazole,1000.0,uM,0.303,3,42003_2025_8928_MOESM2_ESM.xlsx,Figure S5!W5,,published_terminal_assay,Intact Liver Chip,false,
Yuan2025,ALT,Sulfamethoxazole,0.0,uM,0.269,4,42003_2025_8928_MOESM2_ESM.xlsx,Figure S5!S6,,published_terminal_assay,Intact Liver Chip,false,
Yuan2025,ALT,Sulfamethoxazole,250.0,uM,0.282,4,42003_2025_8928_MOESM2_ESM.xlsx,Figure S5!T6,,published_terminal_assay,Intact Liver Chip,false,
Yuan2025,ALT,Sulfamethoxazole,500.0,uM,0.313,4,42003_2025_8928_MOESM2_ESM.xlsx,Figure S5!U6,,published_terminal_assay,Intact Liver Chip,false,
Yuan2025,ALT,Sulfamethoxazole,750.0,uM,0.314,4,42003_2025_8928_MOESM2_ESM.xlsx,Figure S5!V6,,published_terminal_assay,Intact Liver Chip,false,
Yuan2025,ALT,Sulfamethoxazole,1000.0,uM,0.306,4,42003_2025_8928_MOESM2_ESM.xlsx,Figure S5!W6,,published_terminal_assay,Intact Liver Chip,false,
Yuan2025,ALT,Sulfamethoxazole,0.0,uM,0.2181,1,42003_2025_8928_MOESM2_ESM.xlsx,Figure S5!S11,,published_terminal_assay,N-B,false,
Yuan2025,ALT,Sulfamethoxazole,250.0,uM,0.2408,1,42003_2025_8928_MOESM2_ESM.xlsx,Figure S5!T11,,published_terminal_assay,N-B,false,
Yuan2025,ALT,Sulfamethoxazole,500.0,uM,0.3204,1,42003_2025_8928_MOESM2_ESM.xlsx,Figure S5!U11,,published_terminal_assay,N-B,false,
Yuan2025,ALT,Sulfamethoxazole,750.0,uM,0.3821,1,42003_2025_8928_MOESM2_ESM.xlsx,Figure S5!V11,,published_terminal_assay,N-B,false,
Yuan2025,ALT,Sulfamethoxazole,1000.0,uM,0.4123,1,42003_2025_8928_MOESM2_ESM.xlsx,Figure S5!W11,,published_terminal_assay,N-B,false,
Yuan2025,ALT,Sulfamethoxazole,0.0,uM,0.2713,2,42003_2025_8928_MOESM2_ESM.xlsx,Figure S5!S12,,published_terminal_assay,N-B,false,
Yuan2025,ALT,Sulfamethoxazole,250.0,uM,0.3025,2,42003_2025_8928_MOESM2_ESM.xlsx,Figure S5!T12,,published_terminal_assay,N-B,false,
Yuan2025,ALT,Sulfamethoxazole,500.0,uM,0.2689,2,42003_2025_8928_MOESM2_ESM.xlsx,Figure S5!U12,,published_terminal_assay,N-B,false,
Yuan2025,ALT,Sulfamethoxazole,750.0,uM,0.3365,2,42003_2025_8928_MOESM2_ESM.xlsx,Figure S5!V12,,published_terminal_assay,N-B,false,
Yuan2025,ALT,Sulfamethoxazole,1000.0,uM,0.3607,2,42003_2025_8928_MOESM2_ESM.xlsx,Figure S5!W12,,published_terminal_assay,N-B,false,
Yuan2025,ALT,Sulfamethoxazole,0.0,uM,0.1967,3,42003_2025_8928_MOESM2_ESM.xlsx,Figure S5!S13,,published_terminal_assay,N-B,false,
Yuan2025,ALT,Sulfamethoxazole,250.0,uM,0.2916,3,42003_2025_8928_MOESM2_ESM.xlsx,Figure S5!T13,,published_terminal_assay,N-B,false,
Yuan2025,ALT,Sulfamethoxazole,500.0,uM,0.3412,3,42003_2025_8928_MOESM2_ESM.xlsx,Figure S5!U13,,published_terminal_assay,N-B,false,
Yuan2025,ALT,Sulfamethoxazole,750.0,uM,0.4017,3,42003_2025_8928_MOESM2_ESM.xlsx,Figure S5!V13,,published_terminal_assay,N-B,false,
Yuan2025,ALT,Sulfamethoxazole,1000.0,uM,0.3856,3,42003_2025_8928_MOESM2_ESM.xlsx,Figure S5!W13,,published_terminal_assay,N-B,false,
Yuan2025,ALT,Sulfamethoxazole,0.0,uM,0.2439,4,42003_2025_8928_MOESM2_ESM.xlsx,Figure S5!S14,,published_terminal_assay,N-B,false,
Yuan2025,ALT,Sulfamethoxazole,250.0,uM,0.2179,4,42003_2025_8928_MOESM2_ESM.xlsx,Figure S5!T14,,published_terminal_assay,N-B,false,
Yuan2025,ALT,Sulfamethoxazole,500.0,uM,0.2643,4,42003_2025_8928_MOESM2_ESM.xlsx,Figure S5!U14,,published_terminal_assay,N-B,false,
Yuan2025,ALT,Sulfamethoxazole,750.0,uM,0.3073,4,42003_2025_8928_MOESM2_ESM.xlsx,Figure S5!V14,,published_terminal_assay,N-B,false,
Yuan2025,ALT,Sulfamethoxazole,1000.0,uM,0.3314,4,42003_2025_8928_MOESM2_ESM.xlsx,Figure S5!W14,,published_terminal_assay,N-B,false,
Yuan2025,ALT,Sulfamethoxazole,0.0,uM,0.2852,1,42003_2025_8928_MOESM2_ESM.xlsx,Figure S5!S19,,published_terminal_assay,N-S,false,
Yuan2025,ALT,Sulfamethoxazole,250.0,uM,0.2947,1,42003_2025_8928_MOESM2_ESM.xlsx,Figure S5!T19,,published_terminal_assay,N-S,false,
Yuan2025,ALT,Sulfamethoxazole,500.0,uM,0.3024,1,42003_2025_8928_MOESM2_ESM.xlsx,Figure S5!U19,,published_terminal_assay,N-S,false,
Yuan2025,ALT,Sulfamethoxazole,750.0,uM,0.3896,1,42003_2025_8928_MOESM2_ESM.xlsx,Figure S5!V19,,published_terminal_assay,N-S,false,
Yuan2025,ALT,Sulfamethoxazole,1000.0,uM,0.2895,1,42003_2025_8928_MOESM2_ESM.xlsx,Figure S5!W19,,published_terminal_assay,N-S,false,
Yuan2025,ALT,Sulfamethoxazole,0.0,uM,0.2416,2,42003_2025_8928_MOESM2_ESM.xlsx,Figure S5!S20,,published_terminal_assay,N-S,false,
Yuan2025,ALT,Sulfamethoxazole,250.0,uM,0.2263,2,42003_2025_8928_MOESM2_ESM.xlsx,Figure S5!T20,,published_terminal_assay,N-S,false,
Yuan2025,ALT,Sulfamethoxazole,500.0,uM,0.3419,2,42003_2025_8928_MOESM2_ESM.xlsx,Figure S5!U20,,published_terminal_assay,N-S,false,
Yuan2025,ALT,Sulfamethoxazole,750.0,uM,0.2601,2,42003_2025_8928_MOESM2_ESM.xlsx,Figure S5!V20,,published_terminal_assay,N-S,false,
Yuan2025,ALT,Sulfamethoxazole,1000.0,uM,0.3312,2,42003_2025_8928_MOESM2_ESM.xlsx,Figure S5!W20,,published_terminal_assay,N-S,false,
Yuan2025,ALT,Sulfamethoxazole,0.0,uM,0.2778,3,42003_2025_8928_MOESM2_ESM.xlsx,Figure S5!S21,,published_terminal_assay,N-S,false,
Yuan2025,ALT,Sulfamethoxazole,250.0,uM,0.2815,3,42003_2025_8928_MOESM2_ESM.xlsx,Figure S5!T21,,published_terminal_assay,N-S,false,
Yuan2025,ALT,Sulfamethoxazole,500.0,uM,0.3582,3,42003_2025_8928_MOESM2_ESM.xlsx,Figure S5!U21,,published_terminal_assay,N-S,false,
Yuan2025,ALT,Sulfamethoxazole,750.0,uM,0.3684,3,42003_2025_8928_MOESM2_ESM.xlsx,Figure S5!V21,,published_terminal_assay,N-S,false,
Yuan2025,ALT,Sulfamethoxazole,1000.0,uM,0.3824,3,42003_2025_8928_MOESM2_ESM.xlsx,Figure S5!W21,,published_terminal_assay,N-S,false,
Yuan2025,ALT,Sulfamethoxazole,0.0,uM,0.2098,4,42003_2025_8928_MOESM2_ESM.xlsx,Figure S5!S22,,published_terminal_assay,N-S,false,
Yuan2025,ALT,Sulfamethoxazole,250.0,uM,0.2527,4,42003_2025_8928_MOESM2_ESM.xlsx,Figure S5!T22,,published_terminal_assay,N-S,false,
Yuan2025,ALT,Sulfamethoxazole,500.0,uM,0.2979,4,42003_2025_8928_MOESM2_ESM.xlsx,Figure S5!U22,,published_terminal_assay,N-S,false,
Yuan2025,ALT,Sulfamethoxazole,750.0,uM,0.3931,4,42003_2025_8928_MOESM2_ESM.xlsx,Figure S5!V22,,published_terminal_assay,N-S,false,
Yuan2025,ALT,Sulfamethoxazole,1000.0,uM,0.2993,4,42003_2025_8928_MOESM2_ESM.xlsx,Figure S5!W22,,published_terminal_assay,N-S,false,
Yuan2025,ALT,Sulfamethoxazole,0.0,uM,0.2337,1,42003_2025_8928_MOESM2_ESM.xlsx,Figure S5!S27,,published_terminal_assay,N-K,false,
Yuan2025,ALT,Sulfamethoxazole,250.0,uM,0.1974,1,42003_2025_8928_MOESM2_ESM.xlsx,Figure S5!T27,,published_terminal_assay,N-K,false,
Yuan2025,ALT,Sulfamethoxazole,500.0,uM,0.2941,1,42003_2025_8928_MOESM2_ESM.xlsx,Figure S5!U27,,published_terminal_assay,N-K,false,
Yuan2025,ALT,Sulfamethoxazole,750.0,uM,0.2853,1,42003_2025_8928_MOESM2_ESM.xlsx,Figure S5!V27,,published_terminal_assay,N-K,false,
Yuan2025,ALT,Sulfamethoxazole,1000.0,uM,0.3658,1,42003_2025_8928_MOESM2_ESM.xlsx,Figure S5!W27,,published_terminal_assay,N-K,false,
Yuan2025,ALT,Sulfamethoxazole,0.0,uM,0.1763,2,42003_2025_8928_MOESM2_ESM.xlsx,Figure S5!S28,,published_terminal_assay,N-K,false,
Yuan2025,ALT,Sulfamethoxazole,250.0,uM,0.2468,2,42003_2025_8928_MOESM2_ESM.xlsx,Figure S5!T28,,published_terminal_assay,N-K,false,
Yuan2025,ALT,Sulfamethoxazole,500.0,uM,0.2256,2,42003_2025_8928_MOESM2_ESM.xlsx,Figure S5!U28,,published_terminal_assay,N-K,false,
Yuan2025,ALT,Sulfamethoxazole,750.0,uM,0.3617,2,42003_2025_8928_MOESM2_ESM.xlsx,Figure S5!V28,,published_terminal_assay,N-K,false,
Yuan2025,ALT,Sulfamethoxazole,1000.0,uM,0.2817,2,42003_2025_8928_MOESM2_ESM.xlsx,Figure S5!W28,,published_terminal_assay,N-K,false,
Yuan2025,ALT,Sulfamethoxazole,0.0,uM,0.2221,3,42003_2025_8928_MOESM2_ESM.xlsx,Figure S5!S29,,published_terminal_assay,N-K,false,
Yuan2025,ALT,Sulfamethoxazole,250.0,uM,0.1805,3,42003_2025_8928_MOESM2_ESM.xlsx,Figure S5!T29,,published_terminal_assay,N-K,false,
Yuan2025,ALT,Sulfamethoxazole,500.0,uM,0.3023,3,42003_2025_8928_MOESM2_ESM.xlsx,Figure S5!U29,,published_terminal_assay,N-K,false,
Yuan2025,ALT,Sulfamethoxazole,750.0,uM,0.3472,3,42003_2025_8928_MOESM2_ESM.xlsx,Figure S5!V29,,published_terminal_assay,N-K,false,
Yuan2025,ALT,Sulfamethoxazole,1000.0,uM,0.2974,3,42003_2025_8928_MOESM2_ESM.xlsx,Figure S5!W29,,published_terminal_assay,N-K,false,
Yuan2025,ALT,Sulfamethoxazole,0.0,uM,0.1799,4,42003_2025_8928_MOESM2_ESM.xlsx,Figure S5!S30,,published_terminal_assay,N-K,false,
Yuan2025,ALT,Sulfamethoxazole,250.0,uM,0.2377,4,42003_2025_8928_MOESM2_ESM.xlsx,Figure S5!T30,,published_terminal_assay,N-K,false,
Yuan2025,ALT,Sulfamethoxazole,500.0,uM,0.2332,4,42003_2025_8928_MOESM2_ESM.xlsx,Figure S5!U30,,published_terminal_assay,N-K,false,
Yuan2025,ALT,Sulfamethoxazole,750.0,uM,0.2862,4,42003_2025_8928_MOESM2_ESM.xlsx,Figure S5!V30,,published_terminal_assay,N-K,false,
Yuan2025,ALT,Sulfamethoxazole,1000.0,uM,0.3411,4,42003_2025_8928_MOESM2_ESM.xlsx,Figure S5!W30,,published_terminal_assay,N-K,false,
Yuan2025,ALT,Sulfamethoxazole,0.0,uM,0.2382,1,42003_2025_8928_MOESM2_ESM.xlsx,Figure S5!S35,,published_terminal_assay,N-T,false,
Yuan2025,ALT,Sulfamethoxazole,250.0,uM,0.2084,1,42003_2025_8928_MOESM2_ESM.xlsx,Figure S5!T35,,published_terminal_assay,N-T,false,
Yuan2025,ALT,Sulfamethoxazole,500.0,uM,0.2315,1,42003_2025_8928_MOESM2_ESM.xlsx,Figure S5!U35,,published_terminal_assay,N-T,false,
Yuan2025,ALT,Sulfamethoxazole,750.0,uM,0.3258,1,42003_2025_8928_MOESM2_ESM.xlsx,Figure S5!V35,,published_terminal_assay,N-T,false,
Yuan2025,ALT,Sulfamethoxazole,1000.0,uM,0.4025,1,42003_2025_8928_MOESM2_ESM.xlsx,Figure S5!W35,,published_terminal_assay,N-T,false,
Yuan2025,ALT,Sulfamethoxazole,0.0,uM,0.1943,2,42003_2025_8928_MOESM2_ESM.xlsx,Figure S5!S36,,published_terminal_assay,N-T,false,
Yuan2025,ALT,Sulfamethoxazole,250.0,uM,0.2519,2,42003_2025_8928_MOESM2_ESM.xlsx,Figure S5!T36,,published_terminal_assay,N-T,false,
Yuan2025,ALT,Sulfamethoxazole,500.0,uM,0.2891,2,42003_2025_8928_MOESM2_ESM.xlsx,Figure S5!U36,,published_terminal_assay,N-T,false,
Yuan2025,ALT,Sulfamethoxazole,750.0,uM,0.2612,2,42003_2025_8928_MOESM2_ESM.xlsx,Figure S5!V36,,published_terminal_assay,N-T,false,
Yuan2025,ALT,Sulfamethoxazole,1000.0,uM,0.3483,2,42003_2025_8928_MOESM2_ESM.xlsx,Figure S5!W36,,published_terminal_assay,N-T,false,
Yuan2025,ALT,Sulfamethoxazole,0.0,uM,0.2267,3,42003_2025_8928_MOESM2_ESM.xlsx,Figure S5!S37,,published_terminal_assay,N-T,false,
Yuan2025,ALT,Sulfamethoxazole,250.0,uM,0.2406,3,42003_2025_8928_MOESM2_ESM.xlsx,Figure S5!T37,,published_terminal_assay,N-T,false,
Yuan2025,ALT,Sulfamethoxazole,500.0,uM,0.2743,3,42003_2025_8928_MOESM2_ESM.xlsx,Figure S5!U37,,published_terminal_assay,N-T,false,
Yuan2025,ALT,Sulfamethoxazole,750.0,uM,0.3094,3,42003_2025_8928_MOESM2_ESM.xlsx,Figure S5!V37,,published_terminal_assay,N-T,false,
Yuan2025,ALT,Sulfamethoxazole,1000.0,uM,0.3359,3,42003_2025_8928_MOESM2_ESM.xlsx,Figure S5!W37,,published_terminal_assay,N-T,false,
Yuan2025,ALT,Sulfamethoxazole,0.0,uM,0.1832,4,42003_2025_8928_MOESM2_ESM.xlsx,Figure S5!S38,,published_terminal_assay,N-T,false,
Yuan2025,ALT,Sulfamethoxazole,250.0,uM,0.2043,4,42003_2025_8928_MOESM2_ESM.xlsx,Figure S5!T38,,published_terminal_assay,N-T,false,
Yuan2025,ALT,Sulfamethoxazole,500.0,uM,0.2163,4,42003_2025_8928_MOESM2_ESM.xlsx,Figure S5!U38,,published_terminal_assay,N-T,false,
Yuan2025,ALT,Sulfamethoxazole,750.0,uM,0.2776,4,42003_2025_8928_MOESM2_ESM.xlsx,Figure S5!V38,,published_terminal_assay,N-T,false,
Yuan2025,ALT,Sulfamethoxazole,1000.0,uM,0.3761,4,42003_2025_8928_MOESM2_ESM.xlsx,Figure S5!W38,,published_terminal_assay,N-T,false,
Yuan2025,ALT,Abacavir,0.0,uM,0.17,1,42003_2025_8928_MOESM2_ESM.xlsx,Figure S5!AA3,,published_terminal_assay,Intact Liver Chip,false,
Yuan2025,ALT,Abacavir,20.0,uM,0.184,1,42003_2025_8928_MOESM2_ESM.xlsx,Figure S5!AB3,,published_terminal_assay,Intact Liver Chip,false,
Yuan2025,ALT,Abacavir,40.0,uM,0.189,1,42003_2025_8928_MOESM2_ESM.xlsx,Figure S5!AC3,,published_terminal_assay,Intact Liver Chip,false,
Yuan2025,ALT,Abacavir,60.0,uM,0.341,1,42003_2025_8928_MOESM2_ESM.xlsx,Figure S5!AD3,,published_terminal_assay,Intact Liver Chip,false,
Yuan2025,ALT,Abacavir,80.0,uM,0.333,1,42003_2025_8928_MOESM2_ESM.xlsx,Figure S5!AE3,,published_terminal_assay,Intact Liver Chip,false,
Yuan2025,ALT,Abacavir,0.0,uM,0.098,2,42003_2025_8928_MOESM2_ESM.xlsx,Figure S5!AA4,,published_terminal_assay,Intact Liver Chip,false,
Yuan2025,ALT,Abacavir,20.0,uM,0.168,2,42003_2025_8928_MOESM2_ESM.xlsx,Figure S5!AB4,,published_terminal_assay,Intact Liver Chip,false,
Yuan2025,ALT,Abacavir,40.0,uM,0.288,2,42003_2025_8928_MOESM2_ESM.xlsx,Figure S5!AC4,,published_terminal_assay,Intact Liver Chip,false,
Yuan2025,ALT,Abacavir,60.0,uM,0.337,2,42003_2025_8928_MOESM2_ESM.xlsx,Figure S5!AD4,,published_terminal_assay,Intact Liver Chip,false,
Yuan2025,ALT,Abacavir,80.0,uM,0.323,2,42003_2025_8928_MOESM2_ESM.xlsx,Figure S5!AE4,,published_terminal_assay,Intact Liver Chip,false,
Yuan2025,ALT,Abacavir,0.0,uM,0.177,3,42003_2025_8928_MOESM2_ESM.xlsx,Figure S5!AA5,,published_terminal_assay,Intact Liver Chip,false,
Yuan2025,ALT,Abacavir,20.0,uM,0.188,3,42003_2025_8928_MOESM2_ESM.xlsx,Figure S5!AB5,,published_terminal_assay,Intact Liver Chip,false,
Yuan2025,ALT,Abacavir,40.0,uM,0.196,3,42003_2025_8928_MOESM2_ESM.xlsx,Figure S5!AC5,,published_terminal_assay,Intact Liver Chip,false,
Yuan2025,ALT,Abacavir,60.0,uM,0.342,3,42003_2025_8928_MOESM2_ESM.xlsx,Figure S5!AD5,,published_terminal_assay,Intact Liver Chip,false,
Yuan2025,ALT,Abacavir,80.0,uM,0.337,3,42003_2025_8928_MOESM2_ESM.xlsx,Figure S5!AE5,,published_terminal_assay,Intact Liver Chip,false,
Yuan2025,ALT,Abacavir,0.0,uM,0.101,4,42003_2025_8928_MOESM2_ESM.xlsx,Figure S5!AA6,,published_terminal_assay,Intact Liver Chip,false,
Yuan2025,ALT,Abacavir,20.0,uM,0.171,4,42003_2025_8928_MOESM2_ESM.xlsx,Figure S5!AB6,,published_terminal_assay,Intact Liver Chip,false,
Yuan2025,ALT,Abacavir,40.0,uM,0.288,4,42003_2025_8928_MOESM2_ESM.xlsx,Figure S5!AC6,,published_terminal_assay,Intact Liver Chip,false,
Yuan2025,ALT,Abacavir,60.0,uM,0.329,4,42003_2025_8928_MOESM2_ESM.xlsx,Figure S5!AD6,,published_terminal_assay,Intact Liver Chip,false,
Yuan2025,ALT,Abacavir,80.0,uM,0.323,4,42003_2025_8928_MOESM2_ESM.xlsx,Figure S5!AE6,,published_terminal_assay,Intact Liver Chip,false,
Yuan2025,ALT,Abacavir,0.0,uM,0.1573,1,42003_2025_8928_MOESM2_ESM.xlsx,Figure S5!AA11,,published_terminal_assay,N-B,false,
Yuan2025,ALT,Abacavir,20.0,uM,0.2016,1,42003_2025_8928_MOESM2_ESM.xlsx,Figure S5!AB11,,published_terminal_assay,N-B,false,
Yuan2025,ALT,Abacavir,40.0,uM,0.2187,1,42003_2025_8928_MOESM2_ESM.xlsx,Figure S5!AC11,,published_terminal_assay,N-B,false,
Yuan2025,ALT,Abacavir,60.0,uM,0.3024,1,42003_2025_8928_MOESM2_ESM.xlsx,Figure S5!AD11,,published_terminal_assay,N-B,false,
Yuan2025,ALT,Abacavir,80.0,uM,0.3256,1,42003_2025_8928_MOESM2_ESM.xlsx,Figure S5!AE11,,published_terminal_assay,N-B,false,
Yuan2025,ALT,Abacavir,0.0,uM,0.1248,2,42003_2025_8928_MOESM2_ESM.xlsx,Figure S5!AA12,,published_terminal_assay,N-B,false,
Yuan2025,ALT,Abacavir,20.0,uM,0.1623,2,42003_2025_8928_MOESM2_ESM.xlsx,Figure S5!AB12,,published_terminal_assay,N-B,false,
Yuan2025,ALT,Abacavir,40.0,uM,0.2695,2,42003_2025_8928_MOESM2_ESM.xlsx,Figure S5!AC12,,published_terminal_assay,N-B,false,
Yuan2025,ALT,Abacavir,60.0,uM,0.2351,2,42003_2025_8928_MOESM2_ESM.xlsx,Figure S5!AD12,,published_terminal_assay,N-B,false,
Yuan2025,ALT,Abacavir,80.0,uM,0.3871,2,42003_2025_8928_MOESM2_ESM.xlsx,Figure S5!AE12,,published_terminal_assay,N-B,false,
Yuan2025,ALT,Abacavir,0.0,uM,0.1482,3,42003_2025_8928_MOESM2_ESM.xlsx,Figure S5!AA13,,published_terminal_assay,N-B,false,
Yuan2025,ALT,Abacavir,20.0,uM,0.1538,3,42003_2025_8928_MOESM2_ESM.xlsx,Figure S5!AB13,,published_terminal_assay,N-B,false,
Yuan2025,ALT,Abacavir,40.0,uM,0.2513,3,42003_2025_8928_MOESM2_ESM.xlsx,Figure S5!AC13,,published_terminal_assay,N-B,false,
Yuan2025,ALT,Abacavir,60.0,uM,0.2867,3,42003_2025_8928_MOESM2_ESM.xlsx,Figure S5!AD13,,published_terminal_assay,N-B,false,
Yuan2025,ALT,Abacavir,80.0,uM,0.3714,3,42003_2025_8928_MOESM2_ESM.xlsx,Figure S5!AE13,,published_terminal_assay,N-B,false,
Yuan2025,ALT,Abacavir,0.0,uM,0.1173,4,42003_2025_8928_MOESM2_ESM.xlsx,Figure S5!AA14,,published_terminal_assay,N-B,false,
Yuan2025,ALT,Abacavir,20.0,uM,0.1803,4,42003_2025_8928_MOESM2_ESM.xlsx,Figure S5!AB14,,published_terminal_assay,N-B,false,
Yuan2025,ALT,Abacavir,40.0,uM,0.2081,4,42003_2025_8928_MOESM2_ESM.xlsx,Figure S5!AC14,,published_terminal_assay,N-B,false,
Yuan2025,ALT,Abacavir,60.0,uM,0.255,4,42003_2025_8928_MOESM2_ESM.xlsx,Figure S5!AD14,,published_terminal_assay,N-B,false,
Yuan2025,ALT,Abacavir,80.0,uM,0.3275,4,42003_2025_8928_MOESM2_ESM.xlsx,Figure S5!AE14,,published_terminal_assay,N-B,false,
Yuan2025,ALT,Abacavir,0.0,uM,0.1762,1,42003_2025_8928_MOESM2_ESM.xlsx,Figure S5!AA19,,published_terminal_assay,N-S,false,
Yuan2025,ALT,Abacavir,20.0,uM,0.1472,1,42003_2025_8928_MOESM2_ESM.xlsx,Figure S5!AB19,,published_terminal_assay,N-S,false,
Yuan2025,ALT,Abacavir,40.0,uM,0.2518,1,42003_2025_8928_MOESM2_ESM.xlsx,Figure S5!AC19,,published_terminal_assay,N-S,false,
Yuan2025,ALT,Abacavir,60.0,uM,0.2789,1,42003_2025_8928_MOESM2_ESM.xlsx,Figure S5!AD19,,published_terminal_assay,N-S,false,
Yuan2025,ALT,Abacavir,80.0,uM,0.3086,1,42003_2025_8928_MOESM2_ESM.xlsx,Figure S5!AE19,,published_terminal_assay,N-S,false,
Yuan2025,ALT,Abacavir,0.0,uM,0.1428,2,42003_2025_8928_MOESM2_ESM.xlsx,Figure S5!AA20,,published_terminal_assay,N-S,false,
Yuan2025,ALT,Abacavir,20.0,uM,0.1825,2,42003_2025_8928_MOESM2_ESM.xlsx,Figure S5!AB20,,published_terminal_assay,N-S,false,
Yuan2025,ALT,Abacavir,40.0,uM,0.2043,2,42003_2025_8928_MOESM2_ESM.xlsx,Figure S5!AC20,,published_terminal_assay,N-S,false,
Yuan2025,ALT,Abacavir,60.0,uM,0.3207,2,42003_2025_8928_MOESM2_ESM.xlsx,Figure S5!AD20,,published_terminal_assay,N-S,false,
Yuan2025,ALT,Abacavir,80.0,uM,0.3751,2,42003_2025_8928_MOESM2_ESM.xlsx,Figure S5!AE20,,published_terminal_assay,N-S,false,
Yuan2025,ALT,Abacavir,0.0,uM,0.1683,3,42003_2025_8928_MOESM2_ESM.xlsx,Figure S5!AA21,,published_terminal_assay,N-S,false,
Yuan2025,ALT,Abacavir,20.0,uM,0.1903,3,42003_2025_8928_MOESM2_ESM.xlsx,Figure S5!AB21,,published_terminal_assay,N-S,false,
Yuan2025,ALT,Abacavir,40.0,uM,0.2387,3,42003_2025_8928_MOESM2_ESM.xlsx,Figure S5!AC21,,published_terminal_assay,N-S,false,
Yuan2025,ALT,Abacavir,60.0,uM,0.3364,3,42003_2025_8928_MOESM2_ESM.xlsx,Figure S5!AD21,,published_terminal_assay,N-S,false,
Yuan2025,ALT,Abacavir,80.0,uM,0.3028,3,42003_2025_8928_MOESM2_ESM.xlsx,Figure S5!AE21,,published_terminal_assay,N-S,false,
Yuan2025,ALT,Abacavir,0.0,uM,0.1271,4,42003_2025_8928_MOESM2_ESM.xlsx,Figure S5!AA22,,published_terminal_assay,N-S,false,
Yuan2025,ALT,Abacavir,20.0,uM,0.1356,4,42003_2025_8928_MOESM2_ESM.xlsx,Figure S5!AB22,,published_terminal_assay,N-S,false,
Yuan2025,ALT,Abacavir,40.0,uM,0.1996,4,42003_2025_8928_MOESM2_ESM.xlsx,Figure S5!AC22,,published_terminal_assay,N-S,false,
Yuan2025,ALT,Abacavir,60.0,uM,0.2744,4,42003_2025_8928_MOESM2_ESM.xlsx,Figure S5!AD22,,published_terminal_assay,N-S,false,
Yuan2025,ALT,Abacavir,80.0,uM,0.3587,4,42003_2025_8928_MOESM2_ESM.xlsx,Figure S5!AE22,,published_terminal_assay,N-S,false,
Yuan2025,ALT,Abacavir,0.0,uM,0.1683,1,42003_2025_8928_MOESM2_ESM.xlsx,Figure S5!AA27,,published_terminal_assay,N-K,false,
Yuan2025,ALT,Abacavir,20.0,uM,0.1462,1,42003_2025_8928_MOESM2_ESM.xlsx,Figure S5!AB27,,published_terminal_assay,N-K,false,
Yuan2025,ALT,Abacavir,40.0,uM,0.2887,1,42003_2025_8928_MOESM2_ESM.xlsx,Figure S5!AC27,,published_terminal_assay,N-K,false,
Yuan2025,ALT,Abacavir,60.0,uM,0.3218,1,42003_2025_8928_MOESM2_ESM.xlsx,Figure S5!AD27,,published_terminal_assay,N-K,false,
Yuan2025,ALT,Abacavir,80.0,uM,0.3682,1,42003_2025_8928_MOESM2_ESM.xlsx,Figure S5!AE27,,published_terminal_assay,N-K,false,
Yuan2025,ALT,Abacavir,0.0,uM,0.1427,2,42003_2025_8928_MOESM2_ESM.xlsx,Figure S5!AA28,,published_terminal_assay,N-K,false,
Yuan2025,ALT,Abacavir,20.0,uM,0.1815,2,42003_2025_8928_MOESM2_ESM.xlsx,Figure S5!AB28,,published_terminal_assay,N-K,false,
Yuan2025,ALT,Abacavir,40.0,uM,0.2263,2,42003_2025_8928_MOESM2_ESM.xlsx,Figure S5!AC28,,published_terminal_assay,N-K,false,
Yuan2025,ALT,Abacavir,60.0,uM,0.2684,2,42003_2025_8928_MOESM2_ESM.xlsx,Figure S5!AD28,,published_terminal_assay,N-K,false,
Yuan2025,ALT,Abacavir,80.0,uM,0.2973,2,42003_2025_8928_MOESM2_ESM.xlsx,Figure S5!AE28,,published_terminal_assay,N-K,false,
Yuan2025,ALT,Abacavir,0.0,uM,0.1619,3,42003_2025_8928_MOESM2_ESM.xlsx,Figure S5!AA29,,published_terminal_assay,N-K,false,
Yuan2025,ALT,Abacavir,20.0,uM,0.1958,3,42003_2025_8928_MOESM2_ESM.xlsx,Figure S5!AB29,,published_terminal_assay,N-K,false,
Yuan2025,ALT,Abacavir,40.0,uM,0.2731,3,42003_2025_8928_MOESM2_ESM.xlsx,Figure S5!AC29,,published_terminal_assay,N-K,false,
Yuan2025,ALT,Abacavir,60.0,uM,0.3125,3,42003_2025_8928_MOESM2_ESM.xlsx,Figure S5!AD29,,published_terminal_assay,N-K,false,
Yuan2025,ALT,Abacavir,80.0,uM,0.3754,3,42003_2025_8928_MOESM2_ESM.xlsx,Figure S5!AE29,,published_terminal_assay,N-K,false,
Yuan2025,ALT,Abacavir,0.0,uM,0.1375,4,42003_2025_8928_MOESM2_ESM.xlsx,Figure S5!AA30,,published_terminal_assay,N-K,false,
Yuan2025,ALT,Abacavir,20.0,uM,0.1321,4,42003_2025_8928_MOESM2_ESM.xlsx,Figure S5!AB30,,published_terminal_assay,N-K,false,
Yuan2025,ALT,Abacavir,40.0,uM,0.2195,4,42003_2025_8928_MOESM2_ESM.xlsx,Figure S5!AC30,,published_terminal_assay,N-K,false,
Yuan2025,ALT,Abacavir,60.0,uM,0.2717,4,42003_2025_8928_MOESM2_ESM.xlsx,Figure S5!AD30,,published_terminal_assay,N-K,false,
Yuan2025,ALT,Abacavir,80.0,uM,0.3251,4,42003_2025_8928_MOESM2_ESM.xlsx,Figure S5!AE30,,published_terminal_assay,N-K,false,
Yuan2025,ALT,Abacavir,0.0,uM,0.1527,1,42003_2025_8928_MOESM2_ESM.xlsx,Figure S5!AA35,,published_terminal_assay,N-T,false,
Yuan2025,ALT,Abacavir,20.0,uM,0.1372,1,42003_2025_8928_MOESM2_ESM.xlsx,Figure S5!AB35,,published_terminal_assay,N-T,false,
Yuan2025,ALT,Abacavir,40.0,uM,0.2248,1,42003_2025_8928_MOESM2_ESM.xlsx,Figure S5!AC35,,published_terminal_assay,N-T,false,
Yuan2025,ALT,Abacavir,60.0,uM,0.2137,1,42003_2025_8928_MOESM2_ESM.xlsx,Figure S5!AD35,,published_terminal_assay,N-T,false,
Yuan2025,ALT,Abacavir,80.0,uM,0.2915,1,42003_2025_8928_MOESM2_ESM.xlsx,Figure S5!AE35,,published_terminal_assay,N-T,false,
Yuan2025,ALT,Abacavir,0.0,uM,0.1281,2,42003_2025_8928_MOESM2_ESM.xlsx,Figure S5!AA36,,published_terminal_assay,N-T,false,
Yuan2025,ALT,Abacavir,20.0,uM,0.1756,2,42003_2025_8928_MOESM2_ESM.xlsx,Figure S5!AB36,,published_terminal_assay,N-T,false,
Yuan2025,ALT,Abacavir,40.0,uM,0.1685,2,42003_2025_8928_MOESM2_ESM.xlsx,Figure S5!AC36,,published_terminal_assay,N-T,false,
Yuan2025,ALT,Abacavir,60.0,uM,0.2519,2,42003_2025_8928_MOESM2_ESM.xlsx,Figure S5!AD36,,published_terminal_assay,N-T,false,
Yuan2025,ALT,Abacavir,80.0,uM,0.2361,2,42003_2025_8928_MOESM2_ESM.xlsx,Figure S5!AE36,,published_terminal_assay,N-T,false,
Yuan2025,ALT,Abacavir,0.0,uM,0.1405,3,42003_2025_8928_MOESM2_ESM.xlsx,Figure S5!AA37,,published_terminal_assay,N-T,false,
Yuan2025,ALT,Abacavir,20.0,uM,0.1629,3,42003_2025_8928_MOESM2_ESM.xlsx,Figure S5!AB37,,published_terminal_assay,N-T,false,
Yuan2025,ALT,Abacavir,40.0,uM,0.2113,3,42003_2025_8928_MOESM2_ESM.xlsx,Figure S5!AC37,,published_terminal_assay,N-T,false,
Yuan2025,ALT,Abacavir,60.0,uM,0.2456,3,42003_2025_8928_MOESM2_ESM.xlsx,Figure S5!AD37,,published_terminal_assay,N-T,false,
Yuan2025,ALT,Abacavir,80.0,uM,0.2784,3,42003_2025_8928_MOESM2_ESM.xlsx,Figure S5!AE37,,published_terminal_assay,N-T,false,
Yuan2025,ALT,Abacavir,0.0,uM,0.1263,4,42003_2025_8928_MOESM2_ESM.xlsx,Figure S5!AA38,,published_terminal_assay,N-T,false,
Yuan2025,ALT,Abacavir,20.0,uM,0.1315,4,42003_2025_8928_MOESM2_ESM.xlsx,Figure S5!AB38,,published_terminal_assay,N-T,false,
Yuan2025,ALT,Abacavir,40.0,uM,0.1698,4,42003_2025_8928_MOESM2_ESM.xlsx,Figure S5!AC38,,published_terminal_assay,N-T,false,
Yuan2025,ALT,Abacavir,60.0,uM,0.2096,4,42003_2025_8928_MOESM2_ESM.xlsx,Figure S5!AD38,,published_terminal_assay,N-T,false,
Yuan2025,ALT,Abacavir,80.0,uM,0.2192,4,42003_2025_8928_MOESM2_ESM.xlsx,Figure S5!AE38,,published_terminal_assay,N-T,false,
Yuan2025,LDH,Allopurinol,0.0,uM,82.7,1,42003_2025_8928_MOESM2_ESM.xlsx,Figure S6A!C2,,published_terminal_assay,Intact Liver Chip,false,
Yuan2025,LDH,Allopurinol,50.0,uM,133.1,1,42003_2025_8928_MOESM2_ESM.xlsx,Figure S6A!D2,,published_terminal_assay,Intact Liver Chip,false,
Yuan2025,LDH,Allopurinol,100.0,uM,168.8,1,42003_2025_8928_MOESM2_ESM.xlsx,Figure S6A!E2,,published_terminal_assay,Intact Liver Chip,false,
Yuan2025,LDH,Allopurinol,150.0,uM,183.9,1,42003_2025_8928_MOESM2_ESM.xlsx,Figure S6A!F2,,published_terminal_assay,Intact Liver Chip,false,
Yuan2025,LDH,Allopurinol,200.0,uM,142.5,1,42003_2025_8928_MOESM2_ESM.xlsx,Figure S6A!G2,,published_terminal_assay,Intact Liver Chip,false,
Yuan2025,LDH,Allopurinol,0.0,uM,118.6,2,42003_2025_8928_MOESM2_ESM.xlsx,Figure S6A!C3,,published_terminal_assay,Intact Liver Chip,false,
Yuan2025,LDH,Allopurinol,50.0,uM,125.1,2,42003_2025_8928_MOESM2_ESM.xlsx,Figure S6A!D3,,published_terminal_assay,Intact Liver Chip,false,
Yuan2025,LDH,Allopurinol,100.0,uM,162.2,2,42003_2025_8928_MOESM2_ESM.xlsx,Figure S6A!E3,,published_terminal_assay,Intact Liver Chip,false,
Yuan2025,LDH,Allopurinol,150.0,uM,155.0,2,42003_2025_8928_MOESM2_ESM.xlsx,Figure S6A!F3,,published_terminal_assay,Intact Liver Chip,false,
Yuan2025,LDH,Allopurinol,200.0,uM,185.5,2,42003_2025_8928_MOESM2_ESM.xlsx,Figure S6A!G3,,published_terminal_assay,Intact Liver Chip,false,
Yuan2025,LDH,Allopurinol,0.0,uM,116.4,3,42003_2025_8928_MOESM2_ESM.xlsx,Figure S6A!C4,,published_terminal_assay,Intact Liver Chip,false,
Yuan2025,LDH,Allopurinol,50.0,uM,139.5,3,42003_2025_8928_MOESM2_ESM.xlsx,Figure S6A!D4,,published_terminal_assay,Intact Liver Chip,false,
Yuan2025,LDH,Allopurinol,100.0,uM,170.7,3,42003_2025_8928_MOESM2_ESM.xlsx,Figure S6A!E4,,published_terminal_assay,Intact Liver Chip,false,
Yuan2025,LDH,Allopurinol,150.0,uM,197.3,3,42003_2025_8928_MOESM2_ESM.xlsx,Figure S6A!F4,,published_terminal_assay,Intact Liver Chip,false,
Yuan2025,LDH,Allopurinol,200.0,uM,199.8,3,42003_2025_8928_MOESM2_ESM.xlsx,Figure S6A!G4,,published_terminal_assay,Intact Liver Chip,false,
Yuan2025,LDH,Allopurinol,0.0,uM,77.2,4,42003_2025_8928_MOESM2_ESM.xlsx,Figure S6A!C5,,published_terminal_assay,Intact Liver Chip,false,
Yuan2025,LDH,Allopurinol,50.0,uM,124.4,4,42003_2025_8928_MOESM2_ESM.xlsx,Figure S6A!D5,,published_terminal_assay,Intact Liver Chip,false,
Yuan2025,LDH,Allopurinol,100.0,uM,117.0,4,42003_2025_8928_MOESM2_ESM.xlsx,Figure S6A!E5,,published_terminal_assay,Intact Liver Chip,false,
Yuan2025,LDH,Allopurinol,150.0,uM,147.5,4,42003_2025_8928_MOESM2_ESM.xlsx,Figure S6A!F5,,published_terminal_assay,Intact Liver Chip,false,
Yuan2025,LDH,Allopurinol,200.0,uM,194.1,4,42003_2025_8928_MOESM2_ESM.xlsx,Figure S6A!G5,,published_terminal_assay,Intact Liver Chip,false,
Yuan2025,LDH,Allopurinol,0.0,uM,89.9,5,42003_2025_8928_MOESM2_ESM.xlsx,Figure S6A!C6,,published_terminal_assay,Intact Liver Chip,false,
Yuan2025,LDH,Allopurinol,50.0,uM,154.9,5,42003_2025_8928_MOESM2_ESM.xlsx,Figure S6A!D6,,published_terminal_assay,Intact Liver Chip,false,
Yuan2025,LDH,Allopurinol,100.0,uM,165.5,5,42003_2025_8928_MOESM2_ESM.xlsx,Figure S6A!E6,,published_terminal_assay,Intact Liver Chip,false,
Yuan2025,LDH,Allopurinol,150.0,uM,183.5,5,42003_2025_8928_MOESM2_ESM.xlsx,Figure S6A!F6,,published_terminal_assay,Intact Liver Chip,false,
Yuan2025,LDH,Allopurinol,200.0,uM,187.5,5,42003_2025_8928_MOESM2_ESM.xlsx,Figure S6A!G6,,published_terminal_assay,Intact Liver Chip,false,
Yuan2025,LDH,Allopurinol,0.0,uM,119.0,6,42003_2025_8928_MOESM2_ESM.xlsx,Figure S6A!C7,,published_terminal_assay,Intact Liver Chip,false,
Yuan2025,LDH,Allopurinol,50.0,uM,147.5,6,42003_2025_8928_MOESM2_ESM.xlsx,Figure S6A!D7,,published_terminal_assay,Intact Liver Chip,false,
Yuan2025,LDH,Allopurinol,100.0,uM,122.8,6,42003_2025_8928_MOESM2_ESM.xlsx,Figure S6A!E7,,published_terminal_assay,Intact Liver Chip,false,
Yuan2025,LDH,Allopurinol,150.0,uM,195.4,6,42003_2025_8928_MOESM2_ESM.xlsx,Figure S6A!F7,,published_terminal_assay,Intact Liver Chip,false,
Yuan2025,LDH,Allopurinol,200.0,uM,199.3,6,42003_2025_8928_MOESM2_ESM.xlsx,Figure S6A!G7,,published_terminal_assay,Intact Liver Chip,false,
Yuan2025,LDH,Allopurinol,0.0,uM,124.6,1,42003_2025_8928_MOESM2_ESM.xlsx,Figure S6A!C10,,published_terminal_assay,N-B,false,
Yuan2025,LDH,Allopurinol,50.0,uM,158.8,1,42003_2025_8928_MOESM2_ESM.xlsx,Figure S6A!D10,,published_terminal_assay,N-B,false,
Yuan2025,LDH,Allopurinol,100.0,uM,124.2,1,42003_2025_8928_MOESM2_ESM.xlsx,Figure S6A!E10,,published_terminal_assay,N-B,false,
Yuan2025,LDH,Allopurinol,150.0,uM,130.3,1,42003_2025_8928_MOESM2_ESM.xlsx,Figure S6A!F10,,published_terminal_assay,N-B,false,
Yuan2025,LDH,Allopurinol,200.0,uM,214.3,1,42003_2025_8928_MOESM2_ESM.xlsx,Figure S6A!G10,,published_terminal_assay,N-B,false,
Yuan2025,LDH,Allopurinol,0.0,uM,114.2,2,42003_2025_8928_MOESM2_ESM.xlsx,Figure S6A!C11,,published_terminal_assay,N-B,false,
Yuan2025,LDH,Allopurinol,50.0,uM,154.6,2,42003_2025_8928_MOESM2_ESM.xlsx,Figure S6A!D11,,published_terminal_assay,N-B,false,
Yuan2025,LDH,Allopurinol,100.0,uM,117.0,2,42003_2025_8928_MOESM2_ESM.xlsx,Figure S6A!E11,,published_terminal_assay,N-B,false,
Yuan2025,LDH,Allopurinol,150.0,uM,172.4,2,42003_2025_8928_MOESM2_ESM.xlsx,Figure S6A!F11,,published_terminal_assay,N-B,false,
Yuan2025,LDH,Allopurinol,200.0,uM,203.2,2,42003_2025_8928_MOESM2_ESM.xlsx,Figure S6A!G11,,published_terminal_assay,N-B,false,
Yuan2025,LDH,Allopurinol,0.0,uM,116.9,3,42003_2025_8928_MOESM2_ESM.xlsx,Figure S6A!C12,,published_terminal_assay,N-B,false,
Yuan2025,LDH,Allopurinol,50.0,uM,150.1,3,42003_2025_8928_MOESM2_ESM.xlsx,Figure S6A!D12,,published_terminal_assay,N-B,false,
Yuan2025,LDH,Allopurinol,100.0,uM,176.8,3,42003_2025_8928_MOESM2_ESM.xlsx,Figure S6A!E12,,published_terminal_assay,N-B,false,
Yuan2025,LDH,Allopurinol,150.0,uM,193.4,3,42003_2025_8928_MOESM2_ESM.xlsx,Figure S6A!F12,,published_terminal_assay,N-B,false,
Yuan2025,LDH,Allopurinol,200.0,uM,212.2,3,42003_2025_8928_MOESM2_ESM.xlsx,Figure S6A!G12,,published_terminal_assay,N-B,false,
Yuan2025,LDH,Allopurinol,0.0,uM,92.4,4,42003_2025_8928_MOESM2_ESM.xlsx,Figure S6A!C13,,published_terminal_assay,N-B,false,
Yuan2025,LDH,Allopurinol,50.0,uM,159.0,4,42003_2025_8928_MOESM2_ESM.xlsx,Figure S6A!D13,,published_terminal_assay,N-B,false,
Yuan2025,LDH,Allopurinol,100.0,uM,171.1,4,42003_2025_8928_MOESM2_ESM.xlsx,Figure S6A!E13,,published_terminal_assay,N-B,false,
Yuan2025,LDH,Allopurinol,150.0,uM,187.0,4,42003_2025_8928_MOESM2_ESM.xlsx,Figure S6A!F13,,published_terminal_assay,N-B,false,
Yuan2025,LDH,Allopurinol,200.0,uM,204.6,4,42003_2025_8928_MOESM2_ESM.xlsx,Figure S6A!G13,,published_terminal_assay,N-B,false,
Yuan2025,LDH,Allopurinol,0.0,uM,125.0,5,42003_2025_8928_MOESM2_ESM.xlsx,Figure S6A!C14,,published_terminal_assay,N-B,false,
Yuan2025,LDH,Allopurinol,50.0,uM,151.6,5,42003_2025_8928_MOESM2_ESM.xlsx,Figure S6A!D14,,published_terminal_assay,N-B,false,
Yuan2025,LDH,Allopurinol,100.0,uM,169.1,5,42003_2025_8928_MOESM2_ESM.xlsx,Figure S6A!E14,,published_terminal_assay,N-B,false,
Yuan2025,LDH,Allopurinol,150.0,uM,184.4,5,42003_2025_8928_MOESM2_ESM.xlsx,Figure S6A!F14,,published_terminal_assay,N-B,false,
Yuan2025,LDH,Allopurinol,200.0,uM,207.5,5,42003_2025_8928_MOESM2_ESM.xlsx,Figure S6A!G14,,published_terminal_assay,N-B,false,
Yuan2025,LDH,Allopurinol,0.0,uM,81.3,6,42003_2025_8928_MOESM2_ESM.xlsx,Figure S6A!C15,,published_terminal_assay,N-B,false,
Yuan2025,LDH,Allopurinol,50.0,uM,161.6,6,42003_2025_8928_MOESM2_ESM.xlsx,Figure S6A!D15,,published_terminal_assay,N-B,false,
Yuan2025,LDH,Allopurinol,100.0,uM,177.9,6,42003_2025_8928_MOESM2_ESM.xlsx,Figure S6A!E15,,published_terminal_assay,N-B,false,
Yuan2025,LDH,Allopurinol,150.0,uM,194.9,6,42003_2025_8928_MOESM2_ESM.xlsx,Figure S6A!F15,,published_terminal_assay,N-B,false,
Yuan2025,LDH,Allopurinol,200.0,uM,212.5,6,42003_2025_8928_MOESM2_ESM.xlsx,Figure S6A!G15,,published_terminal_assay,N-B,false,
Yuan2025,LDH,Allopurinol,0.0,uM,92.5,1,42003_2025_8928_MOESM2_ESM.xlsx,Figure S6A!C18,,published_terminal_assay,N-S,false,
Yuan2025,LDH,Allopurinol,50.0,uM,103.3,1,42003_2025_8928_MOESM2_ESM.xlsx,Figure S6A!D18,,published_terminal_assay,N-S,false,
Yuan2025,LDH,Allopurinol,100.0,uM,156.7,1,42003_2025_8928_MOESM2_ESM.xlsx,Figure S6A!E18,,published_terminal_assay,N-S,false,
Yuan2025,LDH,Allopurinol,150.0,uM,137.0,1,42003_2025_8928_MOESM2_ESM.xlsx,Figure S6A!F18,,published_terminal_assay,N-S,false,
Yuan2025,LDH,Allopurinol,200.0,uM,192.0,1,42003_2025_8928_MOESM2_ESM.xlsx,Figure S6A!G18,,published_terminal_assay,N-S,false,
Yuan2025,LDH,Allopurinol,0.0,uM,94.2,2,42003_2025_8928_MOESM2_ESM.xlsx,Figure S6A!C19,,published_terminal_assay,N-S,false,
Yuan2025,LDH,Allopurinol,50.0,uM,112.5,2,42003_2025_8928_MOESM2_ESM.xlsx,Figure S6A!D19,,published_terminal_assay,N-S,false,
Yuan2025,LDH,Allopurinol,100.0,uM,125.3,2,42003_2025_8928_MOESM2_ESM.xlsx,Figure S6A!E19,,published_terminal_assay,N-S,false,
Yuan2025,LDH,Allopurinol,150.0,uM,131.6,2,42003_2025_8928_MOESM2_ESM.xlsx,Figure S6A!F19,,published_terminal_assay,N-S,false,
Yuan2025,LDH,Allopurinol,200.0,uM,175.9,2,42003_2025_8928_MOESM2_ESM.xlsx,Figure S6A!G19,,published_terminal_assay,N-S,false,
Yuan2025,LDH,Allopurinol,0.0,uM,116.8,3,42003_2025_8928_MOESM2_ESM.xlsx,Figure S6A!C20,,published_terminal_assay,N-S,false,
Yuan2025,LDH,Allopurinol,50.0,uM,94.8,3,42003_2025_8928_MOESM2_ESM.xlsx,Figure S6A!D20,,published_terminal_assay,N-S,false,
Yuan2025,LDH,Allopurinol,100.0,uM,164.4,3,42003_2025_8928_MOESM2_ESM.xlsx,Figure S6A!E20,,published_terminal_assay,N-S,false,
Yuan2025,LDH,Allopurinol,150.0,uM,153.0,3,42003_2025_8928_MOESM2_ESM.xlsx,Figure S6A!F20,,published_terminal_assay,N-S,false,
Yuan2025,LDH,Allopurinol,200.0,uM,182.0,3,42003_2025_8928_MOESM2_ESM.xlsx,Figure S6A!G20,,published_terminal_assay,N-S,false,
Yuan2025,LDH,Allopurinol,0.0,uM,79.9,4,42003_2025_8928_MOESM2_ESM.xlsx,Figure S6A!C21,,published_terminal_assay,N-S,false,
Yuan2025,LDH,Allopurinol,50.0,uM,95.5,4,42003_2025_8928_MOESM2_ESM.xlsx,Figure S6A!D21,,published_terminal_assay,N-S,false,
Yuan2025,LDH,Allopurinol,100.0,uM,168.3,4,42003_2025_8928_MOESM2_ESM.xlsx,Figure S6A!E21,,published_terminal_assay,N-S,false,
Yuan2025,LDH,Allopurinol,150.0,uM,158.2,4,42003_2025_8928_MOESM2_ESM.xlsx,Figure S6A!F21,,published_terminal_assay,N-S,false,
Yuan2025,LDH,Allopurinol,200.0,uM,167.5,4,42003_2025_8928_MOESM2_ESM.xlsx,Figure S6A!G21,,published_terminal_assay,N-S,false,
Yuan2025,LDH,Allopurinol,0.0,uM,121.5,5,42003_2025_8928_MOESM2_ESM.xlsx,Figure S6A!C22,,published_terminal_assay,N-S,false,
Yuan2025,LDH,Allopurinol,50.0,uM,92.0,5,42003_2025_8928_MOESM2_ESM.xlsx,Figure S6A!D22,,published_terminal_assay,N-S,false,
Yuan2025,LDH,Allopurinol,100.0,uM,159.2,5,42003_2025_8928_MOESM2_ESM.xlsx,Figure S6A!E22,,published_terminal_assay,N-S,false,
Yuan2025,LDH,Allopurinol,150.0,uM,176.0,5,42003_2025_8928_MOESM2_ESM.xlsx,Figure S6A!F22,,published_terminal_assay,N-S,false,
Yuan2025,LDH,Allopurinol,200.0,uM,192.6,5,42003_2025_8928_MOESM2_ESM.xlsx,Figure S6A!G22,,published_terminal_assay,N-S,false,
Yuan2025,LDH,Allopurinol,0.0,uM,80.7,6,42003_2025_8928_MOESM2_ESM.xlsx,Figure S6A!C23,,published_terminal_assay,N-S,false,
Yuan2025,LDH,Allopurinol,50.0,uM,142.1,6,42003_2025_8928_MOESM2_ESM.xlsx,Figure S6A!D23,,published_terminal_assay,N-S,false,
Yuan2025,LDH,Allopurinol,100.0,uM,157.5,6,42003_2025_8928_MOESM2_ESM.xlsx,Figure S6A!E23,,published_terminal_assay,N-S,false,
Yuan2025,LDH,Allopurinol,150.0,uM,143.5,6,42003_2025_8928_MOESM2_ESM.xlsx,Figure S6A!F23,,published_terminal_assay,N-S,false,
Yuan2025,LDH,Allopurinol,200.0,uM,177.5,6,42003_2025_8928_MOESM2_ESM.xlsx,Figure S6A!G23,,published_terminal_assay,N-S,false,
Yuan2025,LDH,Allopurinol,0.0,uM,105.7,1,42003_2025_8928_MOESM2_ESM.xlsx,Figure S6A!C26,,published_terminal_assay,N-K,false,
Yuan2025,LDH,Allopurinol,50.0,uM,125.2,1,42003_2025_8928_MOESM2_ESM.xlsx,Figure S6A!D26,,published_terminal_assay,N-K,false,
Yuan2025,LDH,Allopurinol,100.0,uM,148.4,1,42003_2025_8928_MOESM2_ESM.xlsx,Figure S6A!E26,,published_terminal_assay,N-K,false,
Yuan2025,LDH,Allopurinol,150.0,uM,152.5,1,42003_2025_8928_MOESM2_ESM.xlsx,Figure S6A!F26,,published_terminal_assay,N-K,false,
Yuan2025,LDH,Allopurinol,200.0,uM,171.4,1,42003_2025_8928_MOESM2_ESM.xlsx,Figure S6A!G26,,published_terminal_assay,N-K,false,
Yuan2025,LDH,Allopurinol,0.0,uM,104.4,2,42003_2025_8928_MOESM2_ESM.xlsx,Figure S6A!C27,,published_terminal_assay,N-K,false,
Yuan2025,LDH,Allopurinol,50.0,uM,130.2,2,42003_2025_8928_MOESM2_ESM.xlsx,Figure S6A!D27,,published_terminal_assay,N-K,false,
Yuan2025,LDH,Allopurinol,100.0,uM,138.5,2,42003_2025_8928_MOESM2_ESM.xlsx,Figure S6A!E27,,published_terminal_assay,N-K,false,
Yuan2025,LDH,Allopurinol,150.0,uM,159.2,2,42003_2025_8928_MOESM2_ESM.xlsx,Figure S6A!F27,,published_terminal_assay,N-K,false,
Yuan2025,LDH,Allopurinol,200.0,uM,161.0,2,42003_2025_8928_MOESM2_ESM.xlsx,Figure S6A!G27,,published_terminal_assay,N-K,false,
Yuan2025,LDH,Allopurinol,0.0,uM,102.0,3,42003_2025_8928_MOESM2_ESM.xlsx,Figure S6A!C28,,published_terminal_assay,N-K,false,
Yuan2025,LDH,Allopurinol,50.0,uM,124.7,3,42003_2025_8928_MOESM2_ESM.xlsx,Figure S6A!D28,,published_terminal_assay,N-K,false,
Yuan2025,LDH,Allopurinol,100.0,uM,146.2,3,42003_2025_8928_MOESM2_ESM.xlsx,Figure S6A!E28,,published_terminal_assay,N-K,false,
Yuan2025,LDH,Allopurinol,150.0,uM,148.9,3,42003_2025_8928_MOESM2_ESM.xlsx,Figure S6A!F28,,published_terminal_assay,N-K,false,
Yuan2025,LDH,Allopurinol,200.0,uM,163.8,3,42003_2025_8928_MOESM2_ESM.xlsx,Figure S6A!G28,,published_terminal_assay,N-K,false,
Yuan2025,LDH,Allopurinol,0.0,uM,107.0,4,42003_2025_8928_MOESM2_ESM.xlsx,Figure S6A!C29,,published_terminal_assay,N-K,false,
Yuan2025,LDH,Allopurinol,50.0,uM,128.6,4,42003_2025_8928_MOESM2_ESM.xlsx,Figure S6A!D29,,published_terminal_assay,N-K,false,
Yuan2025,LDH,Allopurinol,100.0,uM,135.5,4,42003_2025_8928_MOESM2_ESM.xlsx,Figure S6A!E29,,published_terminal_assay,N-K,false,
Yuan2025,LDH,Allopurinol,150.0,uM,156.2,4,42003_2025_8928_MOESM2_ESM.xlsx,Figure S6A!F29,,published_terminal_assay,N-K,false,
Yuan2025,LDH,Allopurinol,200.0,uM,169.6,4,42003_2025_8928_MOESM2_ESM.xlsx,Figure S6A!G29,,published_terminal_assay,N-K,false,
Yuan2025,LDH,Allopurinol,0.0,uM,105.5,5,42003_2025_8928_MOESM2_ESM.xlsx,Figure S6A!C30,,published_terminal_assay,N-K,false,
Yuan2025,LDH,Allopurinol,50.0,uM,121.9,5,42003_2025_8928_MOESM2_ESM.xlsx,Figure S6A!D30,,published_terminal_assay,N-K,false,
Yuan2025,LDH,Allopurinol,100.0,uM,142.0,5,42003_2025_8928_MOESM2_ESM.xlsx,Figure S6A!E30,,published_terminal_assay,N-K,false,
Yuan2025,LDH,Allopurinol,150.0,uM,151.0,5,42003_2025_8928_MOESM2_ESM.xlsx,Figure S6A!F30,,published_terminal_assay,N-K,false,
Yuan2025,LDH,Allopurinol,200.0,uM,160.4,5,42003_2025_8928_MOESM2_ESM.xlsx,Figure S6A!G30,,published_terminal_assay,N-K,false,
Yuan2025,LDH,Allopurinol,0.0,uM,104.6,6,42003_2025_8928_MOESM2_ESM.xlsx,Figure S6A!C31,,published_terminal_assay,N-K,false,
Yuan2025,LDH,Allopurinol,50.0,uM,131.2,6,42003_2025_8928_MOESM2_ESM.xlsx,Figure S6A!D31,,published_terminal_assay,N-K,false,
Yuan2025,LDH,Allopurinol,100.0,uM,147.4,6,42003_2025_8928_MOESM2_ESM.xlsx,Figure S6A!E31,,published_terminal_assay,N-K,false,
Yuan2025,LDH,Allopurinol,150.0,uM,160.2,6,42003_2025_8928_MOESM2_ESM.xlsx,Figure S6A!F31,,published_terminal_assay,N-K,false,
Yuan2025,LDH,Allopurinol,200.0,uM,168.1,6,42003_2025_8928_MOESM2_ESM.xlsx,Figure S6A!G31,,published_terminal_assay,N-K,false,
Yuan2025,LDH,Allopurinol,0.0,uM,97.8,1,42003_2025_8928_MOESM2_ESM.xlsx,Figure S6A!C34,,published_terminal_assay,N-T,false,
Yuan2025,LDH,Allopurinol,50.0,uM,120.3,1,42003_2025_8928_MOESM2_ESM.xlsx,Figure S6A!D34,,published_terminal_assay,N-T,false,
Yuan2025,LDH,Allopurinol,100.0,uM,156.5,1,42003_2025_8928_MOESM2_ESM.xlsx,Figure S6A!E34,,published_terminal_assay,N-T,false,
Yuan2025,LDH,Allopurinol,150.0,uM,161.8,1,42003_2025_8928_MOESM2_ESM.xlsx,Figure S6A!F34,,published_terminal_assay,N-T,false,
Yuan2025,LDH,Allopurinol,200.0,uM,173.6,1,42003_2025_8928_MOESM2_ESM.xlsx,Figure S6A!G34,,published_terminal_assay,N-T,false,
Yuan2025,LDH,Allopurinol,0.0,uM,95.6,2,42003_2025_8928_MOESM2_ESM.xlsx,Figure S6A!C35,,published_terminal_assay,N-T,false,
Yuan2025,LDH,Allopurinol,50.0,uM,127.6,2,42003_2025_8928_MOESM2_ESM.xlsx,Figure S6A!D35,,published_terminal_assay,N-T,false,
Yuan2025,LDH,Allopurinol,100.0,uM,146.2,2,42003_2025_8928_MOESM2_ESM.xlsx,Figure S6A!E35,,published_terminal_assay,N-T,false,
Yuan2025,LDH,Allopurinol,150.0,uM,170.2,2,42003_2025_8928_MOESM2_ESM.xlsx,Figure S6A!F35,,published_terminal_assay,N-T,false,
Yuan2025,LDH,Allopurinol,200.0,uM,163.7,2,42003_2025_8928_MOESM2_ESM.xlsx,Figure S6A!G35,,published_terminal_assay,N-T,false,
Yuan2025,LDH,Allopurinol,0.0,uM,95.8,3,42003_2025_8928_MOESM2_ESM.xlsx,Figure S6A!C36,,published_terminal_assay,N-T,false,
Yuan2025,LDH,Allopurinol,50.0,uM,117.7,3,42003_2025_8928_MOESM2_ESM.xlsx,Figure S6A!D36,,published_terminal_assay,N-T,false,
Yuan2025,LDH,Allopurinol,100.0,uM,154.0,3,42003_2025_8928_MOESM2_ESM.xlsx,Figure S6A!E36,,published_terminal_assay,N-T,false,
Yuan2025,LDH,Allopurinol,150.0,uM,162.5,3,42003_2025_8928_MOESM2_ESM.xlsx,Figure S6A!F36,,published_terminal_assay,N-T,false,
Yuan2025,LDH,Allopurinol,200.0,uM,171.4,3,42003_2025_8928_MOESM2_ESM.xlsx,Figure S6A!G36,,published_terminal_assay,N-T,false,
Yuan2025,LDH,Allopurinol,0.0,uM,93.4,4,42003_2025_8928_MOESM2_ESM.xlsx,Figure S6A!C37,,published_terminal_assay,N-T,false,
Yuan2025,LDH,Allopurinol,50.0,uM,125.4,4,42003_2025_8928_MOESM2_ESM.xlsx,Figure S6A!D37,,published_terminal_assay,N-T,false,
Yuan2025,LDH,Allopurinol,100.0,uM,148.2,4,42003_2025_8928_MOESM2_ESM.xlsx,Figure S6A!E37,,published_terminal_assay,N-T,false,
Yuan2025,LDH,Allopurinol,150.0,uM,167.5,4,42003_2025_8928_MOESM2_ESM.xlsx,Figure S6A!F37,,published_terminal_assay,N-T,false,
Yuan2025,LDH,Allopurinol,200.0,uM,166.2,4,42003_2025_8928_MOESM2_ESM.xlsx,Figure S6A!G37,,published_terminal_assay,N-T,false,
Yuan2025,LDH,Allopurinol,0.0,uM,94.0,5,42003_2025_8928_MOESM2_ESM.xlsx,Figure S6A!C38,,published_terminal_assay,N-T,false,
Yuan2025,LDH,Allopurinol,50.0,uM,120.1,5,42003_2025_8928_MOESM2_ESM.xlsx,Figure S6A!D38,,published_terminal_assay,N-T,false,
Yuan2025,LDH,Allopurinol,100.0,uM,152.5,5,42003_2025_8928_MOESM2_ESM.xlsx,Figure S6A!E38,,published_terminal_assay,N-T,false,
Yuan2025,LDH,Allopurinol,150.0,uM,159.8,5,42003_2025_8928_MOESM2_ESM.xlsx,Figure S6A!F38,,published_terminal_assay,N-T,false,
Yuan2025,LDH,Allopurinol,200.0,uM,171.8,5,42003_2025_8928_MOESM2_ESM.xlsx,Figure S6A!G38,,published_terminal_assay,N-T,false,
Yuan2025,LDH,Allopurinol,0.0,uM,93.4,6,42003_2025_8928_MOESM2_ESM.xlsx,Figure S6A!C39,,published_terminal_assay,N-T,false,
Yuan2025,LDH,Allopurinol,50.0,uM,128.4,6,42003_2025_8928_MOESM2_ESM.xlsx,Figure S6A!D39,,published_terminal_assay,N-T,false,
Yuan2025,LDH,Allopurinol,100.0,uM,147.5,6,42003_2025_8928_MOESM2_ESM.xlsx,Figure S6A!E39,,published_terminal_assay,N-T,false,
Yuan2025,LDH,Allopurinol,150.0,uM,171.0,6,42003_2025_8928_MOESM2_ESM.xlsx,Figure S6A!F39,,published_terminal_assay,N-T,false,
Yuan2025,LDH,Allopurinol,200.0,uM,162.7,6,42003_2025_8928_MOESM2_ESM.xlsx,Figure S6A!G39,,published_terminal_assay,N-T,false,
