arm,regime,outer_fold,role,chemical,drug_group,design,context_levels,context_logc,wells_measured,wells_full,measured_only,anchorboost,loglinear,anchorboost_call,anchorboost_margin,loglinear_call,loglinear_margin,measured_only_call,measured_only_margin,anchorboost_release,loglinear_release,measured_only_release,observed_active_fallback_call,observed_active_fallback_release,truth,source_nested_fold,primary_population
B,R1,1,test,(Methylcyclopentadienyl)tricarbonylmanganese,DTXSID9027738,0,1;5;6,-1.0;1.0;1.3010300397872925,9,21,4.115850448608398,4.115850448608398,4.115850448608398,0,0.1408163265306122,0,0.15102040816326545,0,0.15102040816326545,True,True,True,0,True,0,1,1
B,R1,1,test,(Methylcyclopentadienyl)tricarbonylmanganese,DTXSID9027738,1,0;2;6,-1.5228787660598755;-0.5228787660598755;1.3010300397872925,9,21,4.115850448608398,4.115850448608398,4.115850448608398,0,0.1408163265306122,0,0.15102040816326545,0,0.15102040816326545,True,True,True,0,True,0,1,1
B,R1,1,test,(Methylcyclopentadienyl)tricarbonylmanganese,DTXSID9027738,2,1;3;6,-1.0;0.0;1.3010300397872925,9,21,4.115850448608398,4.115850448608398,4.115850448608398,0,0.1408163265306122,0,0.15102040816326545,0,0.15102040816326545,True,True,True,0,True,0,1,1
B,R1,1,test,(Methylcyclopentadienyl)tricarbonylmanganese,DTXSID9027738,3,0;3;6,-1.5228787660598755;0.0;1.3010300397872925,9,21,4.115850448608398,4.115850448608398,4.115850448608398,0,0.1408163265306122,0,0.15102040816326545,0,0.15102040816326545,True,True,True,0,True,0,1,1
B,R1,1,test,(Methylcyclopentadienyl)tricarbonylmanganese,DTXSID9027738,4,1;4;6,-1.0;0.4771212637424469;1.3010300397872925,9,21,4.115850448608398,4.115850448608398,4.115850448608398,0,0.1408163265306122,0,0.15102040816326545,0,0.15102040816326545,True,True,True,0,True,0,1,1
B,R1,1,test,"1,2-Propylene glycol",DTXSID0021206,0,3;4;5,0.0;0.4771212637424469;1.0,9,21,3.804173231124878,3.804173231124878,3.804173231124878,0,0.1040816326530612,0,0.10612244897959189,0,0.10612244897959189,True,True,True,0,True,0,1,1
B,R1,1,test,"1,2-Propylene glycol",DTXSID0021206,1,0;1;5,-1.5228787660598755;-1.0;1.0,9,21,1.7120475769042969,2.0597714646812593,1.7120475769042969,1,0.1846938775510205,1,0.2887755102040817,1,0.2887755102040817,True,True,True,1,False,0,1,1
B,R1,1,test,"1,2-Propylene glycol",DTXSID0021206,2,1;4;6,-1.0;0.4771212637424469;1.4771212339401245,9,21,3.804173231124878,3.804173231124878,3.804173231124878,0,0.1040816326530612,0,0.10612244897959189,0,0.10612244897959189,True,True,True,0,True,0,1,1
B,R1,1,test,"1,2-Propylene glycol",DTXSID0021206,3,0;2;5,-1.5228787660598755;-0.5228787660598755;1.0,9,21,3.733917236328125,3.733917236328125,3.733917236328125,0,0.1040816326530612,0,0.10408163265306125,0,0.10612244897959189,True,True,True,0,True,0,1,1
B,R1,1,test,"1,2-Propylene glycol",DTXSID0021206,4,1;2;3,-1.0;-0.5228787660598755;0.0,9,21,3.733917236328125,3.9162765400399557,3.733917236328125,0,0.1244897959183674,0,0.10408163265306125,0,0.10612244897959189,True,True,True,0,True,0,1,1
B,R1,1,test,5-Chloro-2-methyl-3(2H)-isothiazolone,DTXSID9034286,0,2;4;6,-0.5228787660598755;0.4771212637424469;1.4771212339401245,9,21,8.236773490905762,8.236773490905762,8.236773490905762,0,0.4642857142857139,0,0.43367346938775475,0,0.43367346938775475,True,True,True,0,True,0,1,1
B,R1,1,test,5-Chloro-2-methyl-3(2H)-isothiazolone,DTXSID9034286,1,3;4;6,0.0;0.4771212637424469;1.4771212339401245,9,21,8.236773490905762,8.236773490905762,8.236773490905762,0,0.4642857142857139,0,0.43367346938775475,0,0.43367346938775475,True,True,True,0,True,0,1,1
B,R1,1,test,5-Chloro-2-methyl-3(2H)-isothiazolone,DTXSID9034286,2,0;4;5,-1.5228787660598755;0.4771212637424469;1.0,9,21,8.236773490905762,8.345373620403581,8.236773490905762,0,0.4704081632653057,0,0.43367346938775475,0,0.43367346938775475,True,True,True,0,True,0,1,1
B,R1,1,test,5-Chloro-2-methyl-3(2H)-isothiazolone,DTXSID9034286,3,0;1;2,-1.5228787660598755;-1.0;-0.5228787660598755,9,21,2.5544066429138184,2.5544066429138184,2.5544066429138184,1,0.07653061224489799,1,0.06938775510204082,1,0.06734693877551023,True,False,False,1,False,0,1,1
B,R1,1,test,5-Chloro-2-methyl-3(2H)-isothiazolone,DTXSID9034286,4,1;3;5,-1.0;0.0;1.0,9,21,8.236773490905762,8.236773490905762,8.236773490905762,0,0.4642857142857139,0,0.43367346938775475,0,0.43367346938775475,True,True,True,0,True,0,1,1
B,R1,1,test,5-Fluorouracil,DTXSID2020634,0,1;3;4,-1.0;0.0;0.4771212637424469,9,21,10.0,10.0,10.0,0,0.6051020408163257,0,0.5744897959183664,0,0.5744897959183664,True,True,True,0,True,0,1,1
B,R1,1,test,5-Fluorouracil,DTXSID2020634,1,1;5;6,-1.0;1.0;1.4771212339401245,9,21,8.509848594665527,8.509848594665527,8.509848594665527,0,0.4744897959183669,0,0.44591836734693835,0,0.44591836734693835,True,True,True,0,True,0,1,1
B,R1,1,test,5-Fluorouracil,DTXSID2020634,2,1;4;5,-1.0;0.4771212637424469;1.0,9,21,10.0,10.0,10.0,0,0.6051020408163257,0,0.5744897959183664,0,0.5744897959183664,True,True,True,0,True,0,1,1
B,R1,1,test,5-Fluorouracil,DTXSID2020634,3,3;5;6,0.0;1.0;1.4771212339401245,9,21,8.509848594665527,8.509848594665527,8.509848594665527,0,0.4744897959183669,0,0.44591836734693835,0,0.44591836734693835,True,True,True,0,True,0,1,1
B,R1,1,test,5-Fluorouracil,DTXSID2020634,4,2;4;5,-0.5228787660598755;0.4771212637424469;1.0,9,21,10.0,10.0,10.0,0,0.6051020408163257,0,0.5744897959183664,0,0.5744897959183664,True,True,True,0,True,0,1,1
B,R1,1,test,Acephate,DTXSID8023846,0,2;3;4,0.0;0.4771212637424469;1.0,9,21,2.9307796955108643,5.890819535415583,2.9307796955108643,0,0.28367346938775523,1,0.010204081632653073,1,0.010204081632653073,True,False,False,1,False,1,1,1
B,R1,1,test,Acephate,DTXSID8023846,1,1;2;4,-0.5228787660598755;0.0;1.0,9,21,2.9307796955108643,4.653577733404041,2.9307796955108643,0,0.20204081632653054,1,0.010204081632653073,1,0.010204081632653073,True,False,False,1,False,1,1,1
B,R1,1,test,Acephate,DTXSID8023846,2,0;2;4,-1.0;0.0;1.0,9,21,2.9307796955108643,2.9307796955108643,2.9307796955108643,1,0.012244897959183765,1,0.010204081632653073,1,0.010204081632653073,False,False,False,1,False,1,1,1
B,R1,1,test,Acephate,DTXSID8023846,3,0;3;5,-1.0;0.4771212637424469;1.4771212339401245,9,21,2.7063963413238525,2.7063963413238525,2.7063963413238525,1,0.04489795918367351,1,0.0387755102040816,1,0.0387755102040816,True,False,False,1,False,1,1,1
B,R1,1,test,Acephate,DTXSID8023846,4,0;1;6,-1.0;-0.5228787660598755;2.0,9,21,2.736664295196533,2.736664295196533,2.736664295196533,1,0.03877551020408171,1,0.034693877551020436,1,0.034693877551020436,False,False,False,1,False,1,1,1
B,R1,1,test,Acetaminophen,DTXSID2020006,0,0;2;6,-1.5228787660598755;-0.5228787660598755;1.4771212339401245,50,122,1.3221253156661987,1.3221253156661987,1.3221253156661987,1,0.32142857142857156,1,0.3683673469387756,1,0.3683673469387756,True,True,True,1,False,1,1,1
B,R1,1,test,Acetaminophen,DTXSID2020006,1,0;1;3,-1.5228787660598755;-1.0;0.0,50,122,0.937383770942688,1.6280389077531812,0.937383770942688,1,0.2775510204081634,1,0.3734693877551021,1,0.3734693877551021,True,True,True,1,False,1,1,1
B,R1,1,test,Acetaminophen,DTXSID2020006,2,2;3;6,-0.5228787660598755;0.0;1.4771212339401245,54,122,1.3221253156661987,1.3221253156661987,1.3221253156661987,1,0.32142857142857156,1,0.3683673469387756,1,0.3683673469387756,True,True,True,1,False,1,1,1
B,R1,1,test,Acetaminophen,DTXSID2020006,3,1;3;6,-1.0;0.0;1.4771212339401245,54,122,1.0892174243927002,1.0892174243927002,1.0892174243927002,1,0.32653061224489804,1,0.3734693877551021,1,0.3734693877551021,True,True,True,1,False,1,1,1
B,R1,1,test,Acetaminophen,DTXSID2020006,4,2;4;6,-0.5228787660598755;0.4771212637424469;1.4771212339401245,54,122,1.3221253156661987,1.3221253156661987,1.3221253156661987,1,0.32142857142857156,1,0.3683673469387756,1,0.3683673469387756,True,True,True,1,False,1,1,1
B,R1,1,test,Aspirin,DTXSID5020108,0,1;2;5,-1.0;-0.5228787660598755;1.0,27,63,1.4882168769836426,1.4882168769836426,1.4882168769836426,1,0.30204081632653074,1,0.3387755102040817,1,0.3387755102040817,True,True,True,1,False,1,1,1
B,R1,1,test,Aspirin,DTXSID5020108,1,0;1;4,-1.5228787660598755;-1.0;0.4771212637424469,27,63,1.3835463523864746,1.3835463523864746,1.3835463523864746,1,0.3183673469387756,1,0.36326530612244906,1,0.36326530612244906,True,True,True,1,False,1,1,1
B,R1,1,test,Aspirin,DTXSID5020108,2,1;4;6,-1.0;0.4771212637424469;1.3010300397872925,27,63,1.576798439025879,1.576798439025879,1.576798439025879,1,0.28775510204081645,1,0.3224489795918368,1,0.3224489795918368,True,True,True,1,False,1,1,1
B,R1,1,test,Aspirin,DTXSID5020108,3,1;3;6,-1.0;0.0;1.3010300397872925,27,63,1.576798439025879,1.576798439025879,1.576798439025879,1,0.28775510204081645,1,0.3224489795918368,1,0.3224489795918368,True,True,True,1,False,1,1,1
B,R1,1,test,Aspirin,DTXSID5020108,4,2;3;6,-0.5228787660598755;0.0;1.3010300397872925,27,63,1.576798439025879,1.576798439025879,1.576798439025879,1,0.28775510204081645,1,0.3224489795918368,1,0.3224489795918368,True,True,True,1,False,1,1,1
B,R1,1,test,Auramine hydrochloride,DTXSID9020114,0,1;2;4,-1.0;-0.5228787660598755;0.4771212637424469,18,42,6.157508850097656,6.814537121945211,6.157508850097656,0,0.32857142857142857,0,0.29591836734693877,0,0.29591836734693877,True,True,True,0,True,0,1,1
B,R1,1,test,Auramine hydrochloride,DTXSID9020114,1,1;2;3,-1.0;-0.5228787660598755;0.0,18,42,2.2128499348958335,2.2128499348958335,2.2128499348958335,1,0.16224489795918376,1,0.17653061224489802,1,0.1724489795918368,True,False,True,1,False,0,1,1
B,R1,1,test,Auramine hydrochloride,DTXSID9020114,2,0;2;4,-1.5228787660598755;-0.5228787660598755;0.4771212637424469,18,42,6.157508850097656,6.765136119009982,6.157508850097656,0,0.32857142857142857,0,0.29591836734693877,0,0.29591836734693877,True,True,True,0,True,0,1,1
B,R1,1,test,Auramine hydrochloride,DTXSID9020114,3,2;4;6,-0.5228787660598755;0.4771212637424469;1.3010300397872925,18,42,7.131032466888428,7.131032466888428,7.131032466888428,0,0.35714285714285715,0,0.3530612244897958,0,0.3530612244897958,True,True,True,0,True,0,1,1
B,R1,1,test,Auramine hydrochloride,DTXSID9020114,4,0;1;4,-1.5228787660598755;-1.0;0.4771212637424469,18,42,6.157508850097656,6.791025876132112,6.157508850097656,0,0.32857142857142857,0,0.29591836734693877,0,0.29591836734693877,True,True,True,0,True,0,1,1
B,R1,1,test,Benzo[k]fluoranthene,DTXSID0023909,0,1;3;4,-1.0;0.0;0.4771212637424469,9,21,4.592959403991699,4.592959403991699,4.592959403991699,0,0.2,0,0.2142857142857144,0,0.2142857142857144,True,True,True,0,True,0,1,1
B,R1,1,test,Benzo[k]fluoranthene,DTXSID0023909,1,1;4;5,-1.0;0.4771212637424469;1.0,9,21,3.3551719188690186,3.54563655506998,3.3551719188690186,0,0.08571428571428569,0,0.05918367346938774,0,0.05918367346938774,True,True,True,0,True,0,1,1
B,R1,1,test,Benzo[k]fluoranthene,DTXSID0023909,2,1;2;3,-1.0;-0.5228787660598755;0.0,9,21,4.592959403991699,5.527876179036341,4.592959403991699,0,0.2530612244897959,0,0.2142857142857144,0,0.2142857142857144,True,True,True,0,True,0,1,1
B,R1,1,test,Benzo[k]fluoranthene,DTXSID0023909,3,2;4;5,-0.5228787660598755;0.4771212637424469;1.0,9,21,3.3551719188690186,3.499938299990579,3.3551719188690186,0,0.08163265306122447,0,0.05918367346938774,0,0.05918367346938774,True,True,True,0,True,0,1,1
B,R1,1,test,Benzo[k]fluoranthene,DTXSID0023909,4,0;3;6,-1.5228787660598755;0.0;1.3010300397872925,9,21,4.592959403991699,4.592959403991699,4.592959403991699,0,0.2,0,0.2142857142857144,0,0.2142857142857144,True,True,True,0,True,0,1,1
B,R1,1,test,Berberine chloride,DTXSID8024602,0,0;1;11,-4.0;-3.522878646850586;1.3010300397872925,9,42,8.14588451385498,8.14588451385498,8.14588451385498,0,0.44795918367346915,0,0.41530612244897913,0,0.41530612244897913,True,True,True,0,True,0,1,1
B,R1,1,test,Berberine chloride,DTXSID8024602,1,0;5;7,-4.0;-1.5228787660598755;-0.5228787660598755,12,42,8.002988815307617,8.234701811859887,8.002988815307617,0,0.4642857142857139,0,0.3999999999999997,0,0.3999999999999997,True,True,True,0,True,0,1,1
B,R1,1,test,Berberine chloride,DTXSID8024602,2,3;5;6,-2.522878646850586;-1.5228787660598755;-1.0,15,42,4.709201812744141,10.668481392859134,4.709201812744141,0,0.6693877551020397,0,0.22244897959183685,0,0.22244897959183685,True,True,True,0,True,0,1,1
B,R1,1,test,Berberine chloride,DTXSID8024602,3,1;6;9,-3.522878646850586;-1.0;0.4771212637424469,12,42,8.14588451385498,8.14588451385498,8.14588451385498,0,0.44795918367346915,0,0.41530612244897913,0,0.41530612244897913,True,True,True,0,True,0,1,1
B,R1,1,test,Berberine chloride,DTXSID8024602,4,0;10;11,-4.0;1.0;1.3010300397872925,9,42,8.14588451385498,8.14588451385498,8.14588451385498,0,0.44795918367346915,0,0.41530612244897913,0,0.41530612244897913,True,True,True,0,True,0,1,1
B,R1,1,test,Bifenthrin,DTXSID9020160,0,0;1;6,-1.5228787660598755;-1.0;1.3010300397872925,9,21,7.777921199798584,7.777921199798584,7.777921199798584,0,0.41020408163265293,0,0.3816326530612242,0,0.3816326530612242,True,True,True,0,True,0,1,1
B,R1,1,test,Bifenthrin,DTXSID9020160,1,0;2;6,-1.5228787660598755;-0.5228787660598755;1.3010300397872925,9,21,7.777921199798584,7.777921199798584,7.777921199798584,0,0.41020408163265293,0,0.3816326530612242,0,0.3816326530612242,True,True,True,0,True,0,1,1
B,R1,1,test,Bifenthrin,DTXSID9020160,2,0;5;6,-1.5228787660598755;1.0;1.3010300397872925,9,21,7.777921199798584,7.777921199798584,7.777921199798584,0,0.41020408163265293,0,0.3816326530612242,0,0.3816326530612242,True,True,True,0,True,0,1,1
B,R1,1,test,Bifenthrin,DTXSID9020160,3,0;4;6,-1.5228787660598755;0.4771212637424469;1.3010300397872925,9,21,7.777921199798584,7.777921199798584,7.777921199798584,0,0.41020408163265293,0,0.3816326530612242,0,0.3816326530612242,True,True,True,0,True,0,1,1
B,R1,1,test,Bifenthrin,DTXSID9020160,4,0;1;5,-1.5228787660598755;-1.0;1.0,9,21,7.777921199798584,7.777921199798584,7.777921199798584,0,0.41020408163265293,0,0.3816326530612242,0,0.3816326530612242,True,True,True,0,True,0,1,1
B,R1,1,test,Bis(tributyltin)oxide,parent:DTXSID3027403,0,0;3;5,-3.0;-1.5228787660598755;-0.5228787660598755,9,21,10.0,10.0,10.0,0,0.6051020408163257,0,0.5744897959183664,0,0.5744897959183664,True,True,True,0,True,0,1,1
B,R1,1,test,Bis(tributyltin)oxide,parent:DTXSID3027403,1,0;1;5,-3.0;-2.522878646850586;-0.5228787660598755,9,21,10.0,10.0,10.0,0,0.6051020408163257,0,0.5744897959183664,0,0.5744897959183664,True,True,True,0,True,0,1,1
B,R1,1,test,Bis(tributyltin)oxide,parent:DTXSID3027403,2,0;2;6,-3.0;-2.0;0.0,9,21,10.0,10.0,10.0,0,0.6051020408163257,0,0.5744897959183664,0,0.5744897959183664,True,True,True,0,True,0,1,1
B,R1,1,test,Bis(tributyltin)oxide,parent:DTXSID3027403,3,0;2;5,-3.0;-2.0;-0.5228787660598755,9,21,10.0,10.0,10.0,0,0.6051020408163257,0,0.5744897959183664,0,0.5744897959183664,True,True,True,0,True,0,1,1
B,R1,1,test,Bis(tributyltin)oxide,parent:DTXSID3027403,4,0;5;6,-3.0;-0.5228787660598755;0.0,9,21,10.0,10.0,10.0,0,0.6051020408163257,0,0.5744897959183664,0,0.5744897959183664,True,True,True,0,True,0,1,1
B,R1,1,test,Bisindolylmaleimide I,DTXSID50157932,0,3;4;5,-0.5228787660598755;0.0;0.4771212637424469,48,99,6.9538828531901045,6.9538828531901045,6.9538828531901045,0,0.34489795918367344,0,0.3326530612244897,0,0.3326530612244897,True,True,True,0,True,0,1,1
B,R1,1,test,Bisindolylmaleimide I,DTXSID50157932,1,2;4;5,-1.0;0.0;0.4771212637424469,48,99,6.9538828531901045,6.9538828531901045,6.9538828531901045,0,0.34489795918367344,0,0.3326530612244897,0,0.3326530612244897,True,True,True,0,True,0,1,1
B,R1,1,test,Bisindolylmaleimide I,DTXSID50157932,2,0;3;6,-2.0;-0.5228787660598755;1.0,35,99,8.417078971862793,8.417078971862793,8.417078971862793,0,0.4744897959183669,0,0.44591836734693835,0,0.44591836734693835,True,True,True,0,True,0,1,1
B,R1,1,test,Bisindolylmaleimide I,DTXSID50157932,3,1;2;6,-1.5228787660598755;-1.0;1.0,48,99,8.417078971862793,8.417078971862793,8.417078971862793,0,0.4744897959183669,0,0.44591836734693835,0,0.44591836734693835,True,True,True,0,True,0,1,1
B,R1,1,test,Bisindolylmaleimide I,DTXSID50157932,4,0;2;5,-2.0;-1.0;0.4771212637424469,35,99,6.9538828531901045,7.057474538782696,6.9538828531901045,0,0.35714285714285715,0,0.3326530612244897,0,0.3326530612244897,True,True,True,0,True,0,1,1
B,R1,1,test,Bisphenol A,DTXSID7020182,0,1;2;4,-1.0;-0.5228787660598755;0.4771212637424469,18,42,2.762678861618042,4.068458085114093,2.762678861618042,0,0.13877551020408163,1,0.024489795918367308,1,0.024489795918367308,True,False,False,1,False,0,1,1
B,R1,1,test,Bisphenol A,DTXSID7020182,1,0;3;6,-1.5228787660598755;0.0;1.4771212339401245,18,42,6.207080841064453,6.207080841064453,6.207080841064453,0,0.3,0,0.29591836734693877,0,0.29591836734693877,True,True,True,0,True,0,1,1
B,R1,1,test,Bisphenol A,DTXSID7020182,2,2;5;6,-0.5228787660598755;1.0;1.4771212339401245,18,42,6.207080841064453,6.207080841064453,6.207080841064453,0,0.3,0,0.29591836734693877,0,0.29591836734693877,True,True,True,0,True,0,1,1
B,R1,1,test,Bisphenol A,DTXSID7020182,3,1;2;5,-1.0;-0.5228787660598755;1.0,18,42,5.0956130027771,5.264858364561961,5.0956130027771,0,0.24285714285714294,0,0.2551020408163266,0,0.2551020408163266,True,True,True,0,True,0,1,1
B,R1,1,test,Bisphenol A,DTXSID7020182,4,3;4;6,0.0;0.4771212637424469;1.4771212339401245,18,42,6.207080841064453,6.207080841064453,6.207080841064453,0,0.3,0,0.29591836734693877,0,0.29591836734693877,True,True,True,0,True,0,1,1
B,R1,1,test,Busulfan,DTXSID3020910,0,3;4;5,0.0;0.4771212637424469;1.0,9,21,1.6810041666030884,1.6810041666030884,1.6810041666030884,1,0.27040816326530626,1,0.30102040816326536,1,0.30102040816326536,True,True,True,1,False,1,1,1
B,R1,1,test,Busulfan,DTXSID3020910,1,0;1;5,-1.5228787660598755;-1.0;1.0,9,21,1.3607697486877441,1.3607697486877441,1.3607697486877441,1,0.3183673469387756,1,0.36530612244897964,1,0.36530612244897964,True,True,True,1,False,1,1,1
B,R1,1,test,Busulfan,DTXSID3020910,2,3;4;6,0.0;0.4771212637424469;1.3010300397872925,9,21,1.6810041666030884,1.6810041666030884,1.6810041666030884,1,0.27040816326530626,1,0.30102040816326536,1,0.30102040816326536,True,True,True,1,False,1,1,1
B,R1,1,test,Busulfan,DTXSID3020910,3,2;4;5,-0.5228787660598755;0.4771212637424469;1.0,9,21,1.6810041666030884,1.6810041666030884,1.6810041666030884,1,0.27040816326530626,1,0.30102040816326536,1,0.30102040816326536,True,True,True,1,False,1,1,1
B,R1,1,test,Busulfan,DTXSID3020910,4,0;1;2,-1.5228787660598755;-1.0;-0.5228787660598755,9,21,1.5207242965698242,1.5207242965698242,1.5207242965698242,1,0.29183673469387766,1,0.32653061224489804,1,0.32653061224489804,True,True,True,1,False,1,1,1
B,R1,1,test,Caffeine,DTXSID0020232,0,0;1;3,-1.5228787660598755;-1.0;0.0,9,21,2.8345327377319336,3.1356453251267284,2.8345327377319336,0,0.014285714285714235,1,0.018367346938775453,1,0.018367346938775453,False,False,False,1,False,0,1,1
B,R1,1,test,Caffeine,DTXSID0020232,1,0;1;5,-1.5228787660598755;-1.0;1.0,9,21,2.7651802698771157,2.7651802698771157,2.884974956512451,1,0.02857142857142858,1,0.012244897959183654,1,0.024489795918367308,False,False,False,1,False,0,1,1
B,R1,1,test,Caffeine,DTXSID0020232,2,2;4;6,-0.5228787660598755;0.4771212637424469;1.4771212339401245,9,21,3.8643010457356772,3.8643010457356772,3.8643010457356772,0,0.11428571428571432,0,0.12040816326530612,0,0.12040816326530612,True,True,True,0,True,0,1,1
B,R1,1,test,Caffeine,DTXSID0020232,3,0;2;3,-1.5228787660598755;-0.5228787660598755;0.0,9,21,2.8345327377319336,2.8345327377319336,2.8345327377319336,1,0.022448979591836782,1,0.018367346938775453,1,0.018367346938775453,False,False,False,1,False,0,1,1
B,R1,1,test,Caffeine,DTXSID0020232,4,0;3;4,-1.5228787660598755;0.0;0.4771212637424469,9,21,3.8643010457356772,3.8643010457356772,3.8643010457356772,0,0.11428571428571432,0,0.12040816326530612,0,0.12040816326530612,True,True,True,0,True,0,1,1
B,R1,1,test,Chlordiazepoxide hydrochloride,DTXSID40880060,0,0;3;6,-1.5228787660598755;0.0;1.4771212339401245,9,21,10.0,10.0,10.0,0,0.6051020408163257,0,0.5744897959183664,0,0.5744897959183664,True,True,True,0,True,0,1,1
B,R1,1,test,Chlordiazepoxide hydrochloride,DTXSID40880060,1,4;5;6,0.4771212637424469;1.0;1.4771212339401245,9,21,10.0,10.0,10.0,0,0.6051020408163257,0,0.5744897959183664,0,0.5744897959183664,True,True,True,0,True,0,1,1
B,R1,1,test,Chlordiazepoxide hydrochloride,DTXSID40880060,2,0;2;3,-1.5228787660598755;-0.5228787660598755;0.0,9,21,4.270438194274902,6.151157020888718,4.270438194274902,0,0.29795918367346935,0,0.1653061224489797,0,0.1653061224489797,True,True,True,0,True,0,1,1
B,R1,1,test,Chlordiazepoxide hydrochloride,DTXSID40880060,3,0;5;6,-1.5228787660598755;1.0;1.4771212339401245,9,21,10.0,10.0,10.0,0,0.6051020408163257,0,0.5744897959183664,0,0.5744897959183664,True,True,True,0,True,0,1,1
B,R1,1,test,Chlordiazepoxide hydrochloride,DTXSID40880060,4,1;4;6,-1.0;0.4771212637424469;1.4771212339401245,9,21,10.0,10.0,10.0,0,0.6051020408163257,0,0.5744897959183664,0,0.5744897959183664,True,True,True,0,True,0,1,1
B,R1,1,test,Cyclophosphamide monohydrate,DTXSID6024888,0,0;3;5,-1.5228787660598755;0.0;1.0,9,21,2.0738226572672525,2.0738226572672525,2.0738226572672525,1,0.1846938775510205,1,0.20000000000000007,1,0.19897959183673475,True,True,True,1,False,0,1,1
B,R1,1,test,Cyclophosphamide monohydrate,DTXSID6024888,1,3;5;6,0.0;1.0;1.4771212339401245,9,21,2.7533909479777017,2.7533909479777017,2.7533909479777017,1,0.030612244897959218,1,0.024489795918367308,1,0.024489795918367308,False,False,False,1,False,0,1,1
B,R1,1,test,Cyclophosphamide monohydrate,DTXSID6024888,2,0;2;4,-1.5228787660598755;-0.5228787660598755;0.4771212637424469,9,21,3.296278953552246,3.3385244163204058,3.296278953552246,0,0.05306122448979583,0,0.053061224489795944,0,0.053061224489795944,True,True,True,0,True,0,1,1
B,R1,1,test,Cyclophosphamide monohydrate,DTXSID6024888,3,1;3;6,-1.0;0.0;1.4771212339401245,9,21,2.7533909479777017,2.7533909479777017,2.7533909479777017,1,0.030612244897959218,1,0.024489795918367308,1,0.024489795918367308,False,False,False,1,False,0,1,1
B,R1,1,test,Cyclophosphamide monohydrate,DTXSID6024888,4,1;2;3,-1.0;-0.5228787660598755;0.0,9,21,2.0738226572672525,3.296546892635985,2.0738226572672525,0,0.04897959183673467,1,0.20000000000000007,1,0.19897959183673475,True,True,True,1,False,0,1,1
B,R1,1,test,Cymoxanil,DTXSID6032358,0,2;5;6,-0.5228787660598755;1.0;1.3010300397872925,18,42,2.4000744819641113,2.4000744819641113,2.4000744819641113,1,0.11938775510204092,1,0.1193877551020408,1,0.11734693877551022,True,False,False,1,False,1,1,1
B,R1,1,test,Cymoxanil,DTXSID6032358,1,0;1;2,-1.5228787660598755;-1.0;-0.5228787660598755,18,42,1.6694104671478271,3.6644205929099645,1.6694104671478271,0,0.08775510204081627,1,0.30102040816326536,1,0.30102040816326536,True,True,True,1,False,1,1,1
B,R1,1,test,Cymoxanil,DTXSID6032358,2,1;3;5,-1.0;0.0;1.0,18,42,1.8575007915496826,1.8575007915496826,1.8575007915496826,1,0.23673469387755114,1,0.2673469387755103,1,0.2673469387755103,True,True,True,1,False,1,1,1
B,R1,1,test,Cymoxanil,DTXSID6032358,3,0;1;3,-1.5228787660598755;-1.0;0.0,18,42,1.8575007915496826,1.8575007915496826,1.8575007915496826,1,0.23673469387755114,1,0.2673469387755103,1,0.2673469387755103,True,True,True,1,False,1,1,1
B,R1,1,test,Cymoxanil,DTXSID6032358,4,2;4;5,-0.5228787660598755;0.4771212637424469;1.0,18,42,1.6694104671478271,1.6694104671478271,1.6694104671478271,1,0.27040816326530626,1,0.30102040816326536,1,0.30102040816326536,True,True,True,1,False,1,1,1
B,R1,1,test,Diazepam,DTXSID4020406,0,0;2;4,-1.5228787660598755;-0.5228787660598755;0.4771212637424469,9,21,5.010567665100098,6.201456005424187,5.010567665100098,0,0.3,0,0.24285714285714288,0,0.24285714285714288,True,True,True,0,True,0,1,1
B,R1,1,test,Diazepam,DTXSID4020406,1,2;3;5,-0.5228787660598755;0.0;1.0,9,21,5.383351802825928,5.63629977232401,5.383351802825928,0,0.26326530612244897,0,0.2673469387755103,0,0.2673469387755103,True,True,True,0,True,0,1,1
B,R1,1,test,Diazepam,DTXSID4020406,2,1;2;4,-1.0;-0.5228787660598755;0.4771212637424469,9,21,5.010567665100098,6.9452872676179975,5.010567665100098,0,0.34489795918367344,0,0.24285714285714288,0,0.24285714285714288,True,True,True,0,True,0,1,1
B,R1,1,test,Diazepam,DTXSID4020406,3,1;4;6,-1.0;0.4771212637424469;1.4771212339401245,9,21,7.2740478515625,7.2740478515625,7.2740478515625,0,0.36938775510204086,0,0.36122448979591837,0,0.36122448979591837,True,True,True,0,True,0,1,1
B,R1,1,test,Diazepam,DTXSID4020406,4,0;2;5,-1.5228787660598755;-0.5228787660598755;1.0,9,21,4.832134246826172,5.244617456095842,4.832134246826172,0,0.24285714285714294,0,0.2367346938775512,0,0.2367346938775512,True,True,True,0,True,0,1,1
B,R1,1,test,Diazoxon,DTXSID5037523,0,0;3;6,-1.0;0.4771212637424469;2.0,9,21,2.664152145385742,2.664152145385742,2.664152145385742,1,0.06020408163265312,1,0.04489795918367345,1,0.04489795918367345,True,False,False,1,False,1,1,1
B,R1,1,test,Diazoxon,DTXSID5037523,1,4;5;6,1.0;1.4771212339401245;2.0,9,21,2.5693488121032715,2.5693488121032715,2.5693488121032715,1,0.07244897959183677,1,0.06122448979591838,1,0.06122448979591838,True,False,False,1,False,1,1,1
B,R1,1,test,Diazoxon,DTXSID5037523,2,2;3;4,0.0;0.4771212637424469;1.0,9,21,2.664152145385742,4.124657540096406,2.664152145385742,0,0.1408163265306122,1,0.04489795918367345,1,0.04489795918367345,True,False,False,1,False,1,1,1
B,R1,1,test,Diazoxon,DTXSID5037523,3,2;3;6,0.0;0.4771212637424469;2.0,9,21,2.664152145385742,2.664152145385742,2.664152145385742,1,0.06020408163265312,1,0.04489795918367345,1,0.04489795918367345,True,False,False,1,False,1,1,1
B,R1,1,test,Diazoxon,DTXSID5037523,4,0;1;6,-1.0;-0.5228787660598755;2.0,9,21,2.558300018310547,2.558300018310547,2.558300018310547,1,0.07653061224489799,1,0.06530612244897954,1,0.06326530612244896,True,False,False,1,False,1,1,1
B,R1,1,test,Diethylene glycol,DTXSID8020462,0,0;3;4,-1.5228787660598755;0.0;0.4771212637424469,9,21,1.4743348360061646,1.4743348360061646,1.5742764472961426,1,0.3071428571428573,1,0.3224489795918368,1,0.3459183673469388,True,True,True,1,False,1,1,1
B,R1,1,test,Diethylene glycol,DTXSID8020462,1,1;3;4,-1.0;0.0;0.4771212637424469,9,21,1.6485280990600586,1.6485280990600586,1.6485280990600586,1,0.2744897959183675,1,0.303061224489796,1,0.303061224489796,True,True,True,1,False,1,1,1
B,R1,1,test,Diethylene glycol,DTXSID8020462,2,0;1;2,-1.5228787660598755;-1.0;-0.5228787660598755,9,21,1.8887027104695637,2.6070540265446223,1.8887027104695637,1,0.07244897959183677,1,0.26224489795918376,1,0.26224489795918376,True,True,True,1,False,1,1,1
B,R1,1,test,Diethylene glycol,DTXSID8020462,3,1;4;6,-1.0;0.4771212637424469;1.4771212339401245,9,21,1.6766644716262817,1.6766644716262817,1.6766644716262817,1,0.27040816326530626,1,0.30102040816326536,1,0.30102040816326536,True,True,True,1,False,1,1,1
B,R1,1,test,Diethylene glycol,DTXSID8020462,4,4;5;6,0.4771212637424469;1.0;1.4771212339401245,9,21,2.3805360794067383,2.3805360794067383,2.3805360794067383,1,0.12142857142857152,1,0.12551020408163266,1,0.12346938775510208,True,False,False,1,False,1,1,1
B,R1,1,test,Diethylstilbestrol,DTXSID3020465,0,1;2;6,-1.0;-0.5228787660598755;1.4771212339401245,9,21,8.843842506408691,8.843842506408691,8.843842506408691,0,0.5020408163265302,0,0.4673469387755097,0,0.4673469387755097,True,True,True,0,True,0,1,1
B,R1,1,test,Diethylstilbestrol,DTXSID3020465,1,0;1;4,-1.5228787660598755;-1.0;0.4771212637424469,9,21,3.1531689167022705,4.130039467331221,3.1531689167022705,0,0.14489795918367349,0,0.028571428571428525,0,0.028571428571428525,True,True,True,0,True,0,1,1
B,R1,1,test,Diethylstilbestrol,DTXSID3020465,2,0;5;6,-1.5228787660598755;1.0;1.4771212339401245,9,21,8.843842506408691,8.843842506408691,8.843842506408691,0,0.5020408163265302,0,0.4673469387755097,0,0.4673469387755097,True,True,True,0,True,0,1,1
B,R1,1,test,Diethylstilbestrol,DTXSID3020465,3,0;3;5,-1.5228787660598755;0.0;1.0,9,21,5.687944412231445,5.687944412231445,5.687944412231445,0,0.2714285714285715,0,0.28163265306122454,0,0.28163265306122454,True,True,True,0,True,0,1,1
B,R1,1,test,Diethylstilbestrol,DTXSID3020465,4,0;2;5,-1.5228787660598755;-0.5228787660598755;1.0,9,21,5.687944412231445,5.687944412231445,5.687944412231445,0,0.2714285714285715,0,0.28163265306122454,0,0.28163265306122454,True,True,True,0,True,0,1,1
B,R1,1,test,Difpas-pyrazole,DTXSID6048175,0,0;2;5,-1.5228787660598755;-0.5228787660598755;1.0,8,19,5.967317581176758,5.967317581176758,5.967317581176758,0,0.2897959183673469,0,0.29591836734693877,0,0.29591836734693877,True,True,True,0,True,0,1,1
B,R1,1,test,Difpas-pyrazole,DTXSID6048175,1,0;2;4,-1.5228787660598755;-0.5228787660598755;0.4771212637424469,8,19,2.8114887873331704,2.8114887873331704,2.8114887873331704,1,0.024489795918367363,1,0.020408163265306145,1,0.020408163265306145,False,False,False,1,False,0,1,1
B,R1,1,test,Difpas-pyrazole,DTXSID6048175,2,0;1;3,-1.5228787660598755;-1.0;0.0,9,19,3.499892234802246,4.390499784743158,3.499892234802246,0,0.1816326530612245,0,0.0836734693877551,0,0.0836734693877551,True,True,True,0,True,0,1,1
B,R1,1,test,Difpas-pyrazole,DTXSID6048175,3,1;2;4,-1.0;-0.5228787660598755;0.4771212637424469,8,19,2.8114887873331704,2.8114887873331704,2.8114887873331704,1,0.024489795918367363,1,0.020408163265306145,1,0.020408163265306145,False,False,False,1,False,0,1,1
B,R1,1,test,Difpas-pyrazole,DTXSID6048175,4,0;1;5,-1.5228787660598755;-1.0;1.0,8,19,5.967317581176758,5.967317581176758,5.967317581176758,0,0.2897959183673469,0,0.29591836734693877,0,0.29591836734693877,True,True,True,0,True,0,1,1
B,R1,1,test,Dimethoate,DTXSID7020479,0,2;4;5,0.0;1.0;1.4771212339401245,9,21,2.836751699447632,4.531887295010235,2.836751699447632,0,0.2,1,0.018367346938775453,1,0.018367346938775453,True,False,False,1,False,0,1,1
B,R1,1,test,Dimethoate,DTXSID7020479,1,1;4;6,-0.5228787660598755;1.0;2.0,9,21,10.0,10.0,10.0,0,0.6051020408163257,0,0.5744897959183664,0,0.5744897959183664,True,True,True,0,True,0,1,1
B,R1,1,test,Dimethoate,DTXSID7020479,2,1;3;5,-0.5228787660598755;0.4771212637424469;1.4771212339401245,9,21,2.836751699447632,4.761522310048168,2.836751699447632,0,0.20408163265306117,1,0.018367346938775453,1,0.018367346938775453,True,False,False,1,False,0,1,1
B,R1,1,test,Dimethoate,DTXSID7020479,3,2;5;6,0.0;1.4771212339401245;2.0,9,21,10.0,10.0,10.0,0,0.6051020408163257,0,0.5744897959183664,0,0.5744897959183664,True,True,True,0,True,0,1,1
B,R1,1,test,Dimethoate,DTXSID7020479,4,0;2;6,-1.0;0.0;2.0,9,21,10.0,10.0,10.0,0,0.6051020408163257,0,0.5744897959183664,0,0.5744897959183664,True,True,True,0,True,0,1,1
B,R1,1,test,Endosulfan,DTXSID1020560,0,0;1;4,-1.5228787660598755;-1.0;0.4771212637424469,9,21,2.682372570037842,2.682372570037842,2.682372570037842,1,0.05714285714285722,1,0.04489795918367345,1,0.04489795918367345,True,False,False,1,False,0,1,1
B,R1,1,test,Endosulfan,DTXSID1020560,1,1;5;6,-1.0;1.0;1.3010300397872925,9,21,10.0,10.0,10.0,0,0.6051020408163257,0,0.5744897959183664,0,0.5744897959183664,True,True,True,0,True,0,1,1
B,R1,1,test,Endosulfan,DTXSID1020560,2,4;5;6,0.4771212637424469;1.0;1.3010300397872925,9,21,10.0,10.0,10.0,0,0.6051020408163257,0,0.5744897959183664,0,0.5744897959183664,True,True,True,0,True,0,1,1
B,R1,1,test,Endosulfan,DTXSID1020560,3,1;4;6,-1.0;0.4771212637424469;1.3010300397872925,9,21,8.8187837600708,8.8187837600708,8.8187837600708,0,0.5020408163265302,0,0.4673469387755097,0,0.4673469387755097,True,True,True,0,True,0,1,1
B,R1,1,test,Endosulfan,DTXSID1020560,4,1;3;6,-1.0;0.0;1.3010300397872925,9,21,8.8187837600708,8.8187837600708,8.8187837600708,0,0.5020408163265302,0,0.4673469387755097,0,0.4673469387755097,True,True,True,0,True,0,1,1
B,R1,1,test,Endrin,DTXSID6020561,0,1;2;4,-1.0;-0.5228787660598755;0.4771212637424469,9,21,3.3392224311828613,3.3392224311828613,3.3392224311828613,0,0.05510204081632647,0,0.05918367346938774,0,0.05918367346938774,True,True,True,0,True,0,1,1
B,R1,1,test,Endrin,DTXSID6020561,1,0;2;3,-1.5228787660598755;-0.5228787660598755;0.0,9,21,1.8903634548187256,1.8903634548187256,1.8903634548187256,1,0.23367346938775524,1,0.26224489795918376,1,0.26224489795918376,True,True,True,1,False,0,1,1
B,R1,1,test,Endrin,DTXSID6020561,2,0;3;6,-1.5228787660598755;0.0;1.3010300397872925,9,21,3.6059107780456543,3.6059107780456543,3.6059107780456543,0,0.08775510204081627,0,0.08775510204081632,0,0.08775510204081632,True,True,True,0,True,0,1,1
B,R1,1,test,Endrin,DTXSID6020561,3,2;3;6,-0.5228787660598755;0.0;1.3010300397872925,9,21,3.6059107780456543,3.6059107780456543,3.6059107780456543,0,0.08775510204081627,0,0.08775510204081632,0,0.08775510204081632,True,True,True,0,True,0,1,1
B,R1,1,test,Endrin,DTXSID6020561,4,1;2;5,-1.0;-0.5228787660598755;1.0,9,21,3.3392224311828613,3.3392224311828613,3.3392224311828613,0,0.05510204081632647,0,0.05918367346938774,0,0.05918367346938774,True,True,True,0,True,0,1,1
B,R1,1,test,Fenitrothion,DTXSID4032613,0,0;4;6,-1.5228787660598755;0.4771212637424469;1.3010300397872925,17,41,2.510462522506714,2.510462522506714,2.510462522506714,1,0.0826530612244899,1,0.07857142857142857,1,0.07653061224489793,True,False,False,1,False,1,1,1
B,R1,1,test,Fenitrothion,DTXSID4032613,1,2;4;6,-0.5228787660598755;0.4771212637424469;1.3010300397872925,17,41,2.5191524028778076,2.5191524028778076,2.5191524028778076,1,0.07857142857142863,1,0.07448979591836735,1,0.07244897959183672,True,False,False,1,False,1,1,1
B,R1,1,test,Fenitrothion,DTXSID4032613,2,0;2;5,-1.5228787660598755;-0.5228787660598755;1.0,18,41,2.5191524028778076,2.5191524028778076,2.5191524028778076,1,0.07857142857142863,1,0.07448979591836735,1,0.07244897959183672,True,False,False,1,False,1,1,1
B,R1,1,test,Fenitrothion,DTXSID4032613,3,0;1;2,-1.5228787660598755;-1.0;-0.5228787660598755,18,41,2.5191524028778076,4.237356289253043,2.5191524028778076,0,0.15714285714285714,1,0.07448979591836735,1,0.07244897959183672,True,False,False,1,False,1,1,1
B,R1,1,test,Fenitrothion,DTXSID4032613,4,1;2;5,-1.0;-0.5228787660598755;1.0,18,41,2.5191524028778076,2.5191524028778076,2.5191524028778076,1,0.07857142857142863,1,0.07448979591836735,1,0.07244897959183672,True,False,False,1,False,1,1,1
B,R1,1,test,Loperamide,DTXSID00880006,0,0;4;6,-1.5228787660598755;0.4771212637424469;1.4771212339401245,26,66,8.909379005432129,8.909379005432129,8.909379005432129,0,0.5040816326530606,0,0.4673469387755097,0,0.4673469387755097,True,True,True,0,True,0,1,1
B,R1,1,test,Loperamide,DTXSID00880006,1,2;3;5,-0.5228787660598755;0.0;1.0,30,66,8.909379005432129,8.909379005432129,8.909379005432129,0,0.5040816326530606,0,0.4673469387755097,0,0.4673469387755097,True,True,True,0,True,0,1,1
B,R1,1,test,Loperamide,DTXSID00880006,2,2;4;6,-0.5228787660598755;0.4771212637424469;1.4771212339401245,30,66,8.909379005432129,8.991133076490923,8.909379005432129,0,0.5040816326530606,0,0.4673469387755097,0,0.4673469387755097,True,True,True,0,True,0,1,1
B,R1,1,test,Loperamide,DTXSID00880006,3,3;5;6,0.0;1.0;1.4771212339401245,30,66,8.909379005432129,8.909379005432129,8.909379005432129,0,0.5040816326530606,0,0.4673469387755097,0,0.4673469387755097,True,True,True,0,True,0,1,1
B,R1,1,test,Loperamide,DTXSID00880006,4,1;4;5,-1.0;0.4771212637424469;1.0,30,66,8.909379005432129,8.909379005432129,8.909379005432129,0,0.5040816326530606,0,0.4673469387755097,0,0.4673469387755097,True,True,True,0,True,0,1,1
B,R1,1,test,Malaoxon,DTXSID9020790,0,0;5;6,-1.0;1.4771212339401245;2.0,9,21,2.366334915161133,2.366334915161133,2.366334915161133,1,0.12755102040816338,1,0.13163265306122454,1,0.12959183673469388,True,False,False,1,False,1,1,1
B,R1,1,test,Malaoxon,DTXSID9020790,1,2;4;6,0.0;1.0;2.0,9,21,2.4096693992614746,2.4096693992614746,2.4096693992614746,1,0.11530612244897967,1,0.11734693877551022,1,0.11530612244897964,True,False,False,1,False,1,1,1
B,R1,1,test,Malaoxon,DTXSID9020790,2,1;3;6,-0.5228787660598755;0.4771212637424469;2.0,9,21,2.911604881286621,2.911604881286621,2.911604881286621,1,0.012244897959183765,1,0.010204081632653073,1,0.010204081632653073,False,False,False,1,False,1,1,1
B,R1,1,test,Malaoxon,DTXSID9020790,3,0;1;5,-1.0;-0.5228787660598755;1.4771212339401245,9,21,2.366334915161133,3.9189812529873196,2.366334915161133,0,0.12653061224489792,1,0.13163265306122454,1,0.12959183673469388,True,False,False,1,False,1,1,1
B,R1,1,test,Malaoxon,DTXSID9020790,4,1;3;5,-0.5228787660598755;0.4771212637424469;1.4771212339401245,9,21,2.911604881286621,3.3761036055482,2.911604881286621,0,0.057142857142857106,1,0.010204081632653073,1,0.010204081632653073,True,False,False,1,False,1,1,1
B,R1,1,test,Methoxychlor,DTXSID9020827,0,0;4;6,-1.5228787660598755;0.4771212637424469;1.3010300397872925,9,21,8.155792236328125,8.155792236328125,8.155792236328125,0,0.4561224489795915,0,0.4244897959183669,0,0.4244897959183669,True,True,True,0,True,0,1,1
B,R1,1,test,Methoxychlor,DTXSID9020827,1,1;2;6,-1.0;-0.5228787660598755;1.3010300397872925,9,21,8.155792236328125,8.155792236328125,8.155792236328125,0,0.4561224489795915,0,0.4244897959183669,0,0.4244897959183669,True,True,True,0,True,0,1,1
B,R1,1,test,Methoxychlor,DTXSID9020827,2,0;2;3,-1.5228787660598755;-0.5228787660598755;0.0,9,21,3.235657215118408,3.5565274365450876,3.235657215118408,0,0.08571428571428569,0,0.040816326530612235,0,0.040816326530612235,True,True,True,0,True,0,1,1
B,R1,1,test,Methoxychlor,DTXSID9020827,3,0;3;6,-1.5228787660598755;0.0;1.3010300397872925,9,21,8.155792236328125,8.155792236328125,8.155792236328125,0,0.4561224489795915,0,0.4244897959183669,0,0.4244897959183669,True,True,True,0,True,0,1,1
B,R1,1,test,Methoxychlor,DTXSID9020827,4,2;3;5,-0.5228787660598755;0.0;1.0,9,21,5.873007774353027,6.552918724019722,5.873007774353027,0,0.32244897959183677,0,0.2918367346938776,0,0.2918367346938776,True,True,True,0,True,0,1,1
B,R1,1,test,Naled,DTXSID1024209,0,2;3;5,0.0;0.4771212637424469;1.4771212339401245,9,21,7.612415313720703,8.506905838214934,7.612415313720703,0,0.4744897959183669,0,0.377551020408163,0,0.377551020408163,True,True,True,0,True,0,1,1
B,R1,1,test,Naled,DTXSID1024209,1,0;1;6,-1.0;-0.5228787660598755;2.0,9,21,7.612415313720703,7.612415313720703,7.612415313720703,0,0.39387755102040806,0,0.377551020408163,0,0.377551020408163,True,True,True,0,True,0,1,1
B,R1,1,test,Naled,DTXSID1024209,2,1;3;6,-0.5228787660598755;0.4771212637424469;2.0,9,21,7.612415313720703,7.612415313720703,7.612415313720703,0,0.39387755102040806,0,0.377551020408163,0,0.377551020408163,True,True,True,0,True,0,1,1
B,R1,1,test,Naled,DTXSID1024209,3,0;3;5,-1.0;0.4771212637424469;1.4771212339401245,9,21,7.612415313720703,8.502766850882463,7.612415313720703,0,0.4744897959183669,0,0.377551020408163,0,0.377551020408163,True,True,True,0,True,0,1,1
B,R1,1,test,Naled,DTXSID1024209,4,2;4;5,0.0;1.0;1.4771212339401245,9,21,9.127082824707031,9.127082824707031,9.127082824707031,0,0.5081632653061219,0,0.4673469387755097,0,0.4673469387755097,True,True,True,0,True,0,1,1
B,R1,1,test,Oxidopamine hydrochloride,DTXSID0045838,0,1;2;6,-1.5228787660598755;-1.0;1.0,18,41,7.844647407531738,8.073932889694838,7.844647407531738,0,0.43673469387755076,0,0.3816326530612242,0,0.3816326530612242,True,True,True,0,True,0,1,1
B,R1,1,test,Oxidopamine hydrochloride,DTXSID0045838,1,2;4;7,-1.0;0.0;1.3010300397872925,15,41,9.818830490112305,9.818830490112305,9.818830490112305,0,0.5428571428571423,0,0.5020408163265299,0,0.5020408163265299,True,True,True,0,True,0,1,1
B,R1,1,test,Oxidopamine hydrochloride,DTXSID0045838,2,3;5;7,-0.5228787660598755;0.4771212637424469;1.3010300397872925,14,41,9.818830490112305,9.818830490112305,9.818830490112305,0,0.5428571428571423,0,0.5020408163265299,0,0.5020408163265299,True,True,True,0,True,0,1,1
B,R1,1,test,Oxidopamine hydrochloride,DTXSID0045838,3,0;2;3,-2.0;-1.0;-0.5228787660598755,14,41,1.827008565266927,7.079564487923802,1.827008565266927,0,0.35714285714285715,1,0.2714285714285715,1,0.2714285714285715,True,True,True,1,False,0,1,1
B,R1,1,test,Oxidopamine hydrochloride,DTXSID0045838,4,3;4;7,-0.5228787660598755;0.0;1.3010300397872925,14,41,9.818830490112305,9.818830490112305,9.818830490112305,0,0.5428571428571423,0,0.5020408163265299,0,0.5020408163265299,True,True,True,0,True,0,1,1
B,R1,1,test,Permethrin,DTXSID8022292,0,0;4;6,-1.5228787660598755;0.4771212637424469;1.3010300397872925,15,42,6.965625286102295,6.965625286102295,6.965625286102295,0,0.3489795918367347,0,0.346938775510204,0,0.346938775510204,True,True,True,0,True,0,1,1
B,R1,1,test,Permethrin,DTXSID8022292,1,2;3;6,-0.5228787660598755;0.0;1.3010300397872925,15,42,6.965625286102295,6.965625286102295,6.965625286102295,0,0.3489795918367347,0,0.346938775510204,0,0.346938775510204,True,True,True,0,True,0,1,1
B,R1,1,test,Permethrin,DTXSID8022292,2,2;5;7,-0.5228787660598755;1.0;1.4771212339401245,15,42,10.0,10.0,10.0,0,0.6051020408163257,0,0.5744897959183664,0,0.5744897959183664,True,True,True,0,True,0,1,1
B,R1,1,test,Permethrin,DTXSID8022292,3,1;3;5,-1.0;0.0;1.0,18,42,4.0265913009643555,4.5219199007221595,4.0265913009643555,0,0.19591836734693874,0,0.14081632653061238,0,0.14081632653061238,True,True,True,0,True,0,1,1
B,R1,1,test,Permethrin,DTXSID8022292,4,0;4;7,-1.5228787660598755;0.4771212637424469;1.4771212339401245,15,42,10.0,10.104705010344246,10.0,0,0.6612244897959172,0,0.5744897959183664,0,0.5744897959183664,True,True,True,0,True,0,1,1
B,R1,1,test,PharmaGSID_47330,DTXSID9047330,0,0;1;5,-1.5228787660598755;-1.0;1.0,9,21,6.669580459594727,6.669580459594727,6.669580459594727,0,0.3244897959183674,0,0.31224489795918375,0,0.31224489795918375,True,True,True,0,True,0,1,1
B,R1,1,test,PharmaGSID_47330,DTXSID9047330,1,0;3;4,-1.5228787660598755;0.0;0.4771212637424469,9,21,3.4395813941955566,3.9119781763142685,3.4395813941955566,0,0.11836734693877554,0,0.07346938775510203,0,0.07346938775510203,True,True,True,0,True,0,1,1
B,R1,1,test,PharmaGSID_47330,DTXSID9047330,2,0;4;5,-1.5228787660598755;0.4771212637424469;1.0,9,21,6.669580459594727,6.669580459594727,6.669580459594727,0,0.3244897959183674,0,0.31224489795918375,0,0.31224489795918375,True,True,True,0,True,0,1,1
B,R1,1,test,PharmaGSID_47330,DTXSID9047330,3,1;2;3,-1.0;-0.5228787660598755;0.0,9,21,2.9752469062805176,2.9752469062805176,2.9752469062805176,1,0.010204081632653128,1,0.008163265306122436,1,0.008163265306122436,False,False,False,1,False,0,1,1
B,R1,1,test,PharmaGSID_47330,DTXSID9047330,4,0;4;6,-1.5228787660598755;0.4771212637424469;1.3010300397872925,9,21,7.987465858459473,7.987465858459473,7.987465858459473,0,0.4285714285714282,0,0.39795918367346905,0,0.39795918367346905,True,True,True,0,True,0,1,1
B,R1,1,test,Phenanthrene,DTXSID6024254,0,2;3;4,-0.5228787660598755;0.0;0.4771212637424469,18,42,1.5319628715515137,1.5319628715515137,1.5319628715515137,1,0.2897959183673471,1,0.3244897959183674,1,0.3244897959183674,True,True,True,1,False,1,1,1
B,R1,1,test,Phenanthrene,DTXSID6024254,1,0;1;6,-1.5228787660598755;-1.0;1.3010300397872925,18,42,1.0479714075724285,1.0479714075724285,1.0479714075724285,1,0.3285714285714287,1,0.3734693877551021,1,0.3734693877551021,True,True,True,1,False,1,1,1
B,R1,1,test,Phenanthrene,DTXSID6024254,2,1;3;5,-1.0;0.0;1.0,18,42,1.468698501586914,1.468698501586914,1.468698501586914,1,0.3071428571428573,1,0.34795918367346945,1,0.34795918367346945,True,True,True,1,False,1,1,1
B,R1,1,test,Phenanthrene,DTXSID6024254,3,3;5;6,0.0;1.0;1.3010300397872925,18,42,1.468698501586914,1.468698501586914,1.468698501586914,1,0.3071428571428573,1,0.34795918367346945,1,0.34795918367346945,True,True,True,1,False,1,1,1
B,R1,1,test,Phenanthrene,DTXSID6024254,4,0;5;6,-1.5228787660598755;1.0;1.3010300397872925,18,42,1.0927401781082153,1.0927401781082153,1.0927401781082153,1,0.32653061224489804,1,0.3734693877551021,1,0.3734693877551021,True,True,True,1,False,1,1,1
B,R1,1,test,Pravastatin sodium,DTXSID6047525,0,1;2;5,-1.0;-0.5228787660598755;1.0,9,21,10.0,10.0,10.0,0,0.6051020408163257,0,0.5744897959183664,0,0.5744897959183664,True,True,True,0,True,0,1,1
B,R1,1,test,Pravastatin sodium,DTXSID6047525,1,0;2;6,-1.5228787660598755;-0.5228787660598755;1.3010300397872925,9,21,9.379868507385254,9.379868507385254,9.379868507385254,0,0.5204081632653055,0,0.4795918367346932,0,0.4795918367346932,True,True,True,0,True,0,1,1
B,R1,1,test,Pravastatin sodium,DTXSID6047525,2,0;1;6,-1.5228787660598755;-1.0;1.3010300397872925,9,21,9.379868507385254,9.379868507385254,9.379868507385254,0,0.5204081632653055,0,0.4795918367346932,0,0.4795918367346932,True,True,True,0,True,0,1,1
B,R1,1,test,Pravastatin sodium,DTXSID6047525,3,0;5;6,-1.5228787660598755;1.0;1.3010300397872925,9,21,10.0,10.0,10.0,0,0.6051020408163257,0,0.5744897959183664,0,0.5744897959183664,True,True,True,0,True,0,1,1
B,R1,1,test,Pravastatin sodium,DTXSID6047525,4,3;5;6,0.0;1.0;1.3010300397872925,9,21,10.0,10.0,10.0,0,0.6051020408163257,0,0.5744897959183664,0,0.5744897959183664,True,True,True,0,True,0,1,1
B,R1,1,test,S-Ethyl dipropylthiocarbamate,DTXSID1024091,0,0;1;3,-1.5228787660598755;-1.0;0.0,9,21,1.8065533638000488,2.265907495542413,1.8065533638000488,1,0.15612244897959196,1,0.2806122448979592,1,0.2806122448979592,True,True,True,1,False,1,1,1
B,R1,1,test,S-Ethyl dipropylthiocarbamate,DTXSID1024091,1,2;3;6,-0.5228787660598755;0.0;1.3010300397872925,9,21,1.5848243236541748,1.5848243236541748,1.5848243236541748,1,0.28775510204081645,1,0.3224489795918368,1,0.3224489795918368,True,True,True,1,False,1,1,1
B,R1,1,test,S-Ethyl dipropylthiocarbamate,DTXSID1024091,2,1;3;4,-1.0;0.0;0.4771212637424469,9,21,1.5848243236541748,1.5848243236541748,1.5848243236541748,1,0.28775510204081645,1,0.3224489795918368,1,0.3224489795918368,True,True,True,1,False,1,1,1
B,R1,1,test,S-Ethyl dipropylthiocarbamate,DTXSID1024091,3,0;2;3,-1.5228787660598755;-0.5228787660598755;0.0,9,21,1.8065533638000488,1.9689067677028067,1.8065533638000488,1,0.20612244897959198,1,0.2806122448979592,1,0.2806122448979592,True,True,True,1,False,1,1,1
B,R1,1,test,S-Ethyl dipropylthiocarbamate,DTXSID1024091,4,0;2;6,-1.5228787660598755;-0.5228787660598755;1.3010300397872925,9,21,1.8065533638000488,1.8065533638000488,1.8065533638000488,1,0.2500000000000001,1,0.2806122448979592,1,0.2806122448979592,True,True,True,1,False,1,1,1
B,R1,1,test,Sodium saccharin hydrate,DTXSID7021992,0,2;3;4,-0.5228787660598755;0.0;0.4771212637424469,13,31,1.3064627647399902,1.3064627647399902,1.3064627647399902,1,0.32142857142857156,1,0.3683673469387756,1,0.3683673469387756,True,True,True,1,False,0,1,1
B,R1,1,test,Sodium saccharin hydrate,DTXSID7021992,1,1;2;6,-1.0;-0.5228787660598755;1.4771212339401245,13,31,3.9900171756744385,3.9900171756744385,3.9900171756744385,0,0.13673469387755105,0,0.14081632653061238,0,0.14081632653061238,True,True,True,0,True,0,1,1
B,R1,1,test,Sodium saccharin hydrate,DTXSID7021992,2,2;3;5,-0.5228787660598755;0.0;1.0,13,31,1.3064627647399902,1.3064627647399902,1.3064627647399902,1,0.32142857142857156,1,0.3683673469387756,1,0.3683673469387756,True,True,True,1,False,0,1,1
B,R1,1,test,Sodium saccharin hydrate,DTXSID7021992,3,3;4;6,0.0;0.4771212637424469;1.4771212339401245,13,31,1.3064627647399902,1.3064627647399902,1.3064627647399902,1,0.32142857142857156,1,0.3683673469387756,1,0.3683673469387756,True,True,True,1,False,0,1,1
B,R1,1,test,Sodium saccharin hydrate,DTXSID7021992,4,0;1;2,-1.5228787660598755;-1.0;-0.5228787660598755,13,31,3.9900171756744385,3.9900171756744385,3.9900171756744385,0,0.13673469387755105,0,0.14081632653061238,0,0.14081632653061238,True,True,True,0,True,0,1,1
B,R1,1,test,Sodium valproate,DTXSID5037072,0,0;2;5,0.4771212637424469;1.4771212339401245;3.0,9,21,3.513655185699463,5.2152092400515935,3.513655185699463,0,0.24285714285714294,0,0.0836734693877551,0,0.0836734693877551,True,True,True,0,True,0,1,1
B,R1,1,test,Sodium valproate,DTXSID5037072,1,0;3;5,0.4771212637424469;2.0;3.0,9,21,3.513655185699463,4.642820202153721,3.513655185699463,0,0.20204081632653054,0,0.0836734693877551,0,0.0836734693877551,True,True,True,0,True,0,1,1
B,R1,1,test,Sodium valproate,DTXSID5037072,2,0;3;4,0.4771212637424469;2.0;2.477121353149414,9,21,3.225811004638672,4.3998074529653834,3.225811004638672,0,0.1816326530612245,0,0.040816326530612235,0,0.040816326530612235,True,True,True,0,True,0,1,1
B,R1,1,test,Sodium valproate,DTXSID5037072,3,0;4;6,0.4771212637424469;2.477121353149414;3.477121353149414,9,21,4.1073527336120605,4.75792627768879,4.1073527336120605,0,0.20408163265306117,0,0.15102040816326545,0,0.15102040816326545,True,True,True,0,True,0,1,1
B,R1,1,test,Sodium valproate,DTXSID5037072,4,2;3;4,1.4771212339401245;2.0;2.477121353149414,9,21,3.225811004638672,4.660709377182765,3.225811004638672,0,0.20204081632653054,0,0.040816326530612235,0,0.040816326530612235,True,True,True,0,True,0,1,1
B,R1,1,test,Terbufos,DTXSID2022254,0,0;3;4,-1.0;0.4771212637424469;1.0,9,21,2.0952601432800293,2.0952601432800293,2.0952601432800293,1,0.1846938775510205,1,0.19897959183673475,1,0.19897959183673475,True,True,True,1,False,0,1,1
B,R1,1,test,Terbufos,DTXSID2022254,1,1;2;4,-0.5228787660598755;0.0;1.0,9,21,1.5976791381835938,1.5976791381835938,1.5976791381835938,1,0.28775510204081645,1,0.3204081632653062,1,0.3204081632653062,True,True,True,1,False,0,1,1
B,R1,1,test,Terbufos,DTXSID2022254,2,1;2;3,-0.5228787660598755;0.0;0.4771212637424469,9,21,1.6688296794891357,4.5139868933563285,1.6688296794891357,0,0.19591836734693874,1,0.30102040816326536,1,0.30102040816326536,True,True,True,1,False,0,1,1
B,R1,1,test,Terbufos,DTXSID2022254,3,2;3;4,0.0;0.4771212637424469;1.0,9,21,1.6688296794891357,3.5446399538563345,1.6688296794891357,0,0.08571428571428569,1,0.30102040816326536,1,0.30102040816326536,True,True,True,1,False,0,1,1
B,R1,1,test,Terbufos,DTXSID2022254,4,0;2;5,-1.0;0.0;1.4771212339401245,9,21,7.612415313720703,8.425904225926855,7.612415313720703,0,0.4744897959183669,0,0.377551020408163,0,0.377551020408163,True,True,True,0,True,0,1,1
B,R1,1,test,Thalidomide,DTXSID9022524,0,0;1;4,-1.5228787660598755;-1.0;0.4771212637424469,6,14,2.4169936180114746,3.6601054219777813,2.4169936180114746,0,0.08775510204081627,1,0.10714285714285715,1,0.10510204081632657,True,False,False,1,False,0,1,1
B,R1,1,test,Thalidomide,DTXSID9022524,1,3;4;5,0.0;0.4771212637424469;1.0,6,14,4.880498886108398,5.594485640463165,4.880498886108398,0,0.26122448979591834,0,0.2367346938775512,0,0.2367346938775512,True,True,True,0,True,0,1,1
B,R1,1,test,Thalidomide,DTXSID9022524,2,2;3;4,-0.5228787660598755;0.0;0.4771212637424469,6,14,4.880498886108398,4.880498886108398,4.880498886108398,0,0.21428571428571436,0,0.2367346938775512,0,0.2367346938775512,True,True,True,0,True,0,1,1
B,R1,1,test,Thalidomide,DTXSID9022524,3,3;4;6,0.0;0.4771212637424469;1.4771212339401245,6,14,4.880498886108398,4.880498886108398,4.880498886108398,0,0.21428571428571436,0,0.2367346938775512,0,0.2367346938775512,True,True,True,0,True,0,1,1
B,R1,1,test,Thalidomide,DTXSID9022524,4,1;2;6,-1.0;-0.5228787660598755;1.4771212339401245,6,14,3.3952300548553467,3.3952300548553467,3.3952300548553467,0,0.06734693877551018,0,0.06734693877551023,0,0.06734693877551023,True,True,True,0,True,0,1,1
B,R1,1,test,Tributyltin chloride,parent:DTXSID3027403,0,3;4;7,-2.0;-1.5228787660598755;0.0,12,42,6.96956205368042,7.546898910764821,6.96956205368042,0,0.38775510204081626,0,0.346938775510204,0,0.346938775510204,True,True,True,0,True,0,1,1
B,R1,1,test,Tributyltin chloride,parent:DTXSID3027403,1,0;2;4,-3.522878646850586;-2.522878646850586;-1.5228787660598755,12,42,2.687000274658203,7.567873403664574,2.687000274658203,0,0.38775510204081626,1,0.04489795918367345,1,0.04489795918367345,True,False,False,1,False,0,1,1
B,R1,1,test,Tributyltin chloride,parent:DTXSID3027403,2,6;9;10,-0.5228787660598755;1.0;1.3010300397872925,12,42,6.96956205368042,6.96956205368042,6.96956205368042,0,0.3489795918367347,0,0.346938775510204,0,0.346938775510204,True,True,True,0,True,0,1,1
B,R1,1,test,Tributyltin chloride,parent:DTXSID3027403,3,2;3;6,-2.522878646850586;-2.0;-0.5228787660598755,12,42,6.661025047302246,7.826152647577631,6.661025047302246,0,0.41224489795918345,0,0.3102040816326531,0,0.3102040816326531,True,True,True,0,True,0,1,1
B,R1,1,test,Tributyltin chloride,parent:DTXSID3027403,4,1;6;9,-3.0;-0.5228787660598755;1.0,12,42,6.96956205368042,6.980644708088262,6.96956205368042,0,0.3489795918367347,0,0.346938775510204,0,0.346938775510204,True,True,True,0,True,0,1,1
B,R1,1,test,Tributyltin methacrylate,parent:DTXSID3027403,0,0;3;5,-3.522878646850586;-2.0;-1.0,12,42,8.725143432617188,8.796836167800667,8.725143432617188,0,0.5020408163265302,0,0.45204081632653004,0,0.45204081632653004,True,True,True,0,True,0,1,1
B,R1,1,test,Tributyltin methacrylate,parent:DTXSID3027403,1,3;6;9,-2.0;-0.5228787660598755;1.0,12,42,6.96956205368042,6.96956205368042,6.96956205368042,0,0.3489795918367347,0,0.346938775510204,0,0.346938775510204,True,True,True,0,True,0,1,1
B,R1,1,test,Tributyltin methacrylate,parent:DTXSID3027403,2,7;8;10,0.0;0.4771212637424469;1.3010300397872925,9,42,6.96956205368042,6.96956205368042,6.96956205368042,0,0.3489795918367347,0,0.346938775510204,0,0.346938775510204,True,True,True,0,True,0,1,1
B,R1,1,test,Tributyltin methacrylate,parent:DTXSID3027403,3,2;3;8,-2.522878646850586;-2.0;0.4771212637424469,9,42,6.96956205368042,7.341475541835444,6.96956205368042,0,0.3714285714285715,0,0.346938775510204,0,0.346938775510204,True,True,True,0,True,0,1,1
B,R1,1,test,Tributyltin methacrylate,parent:DTXSID3027403,4,2;5;6,-2.522878646850586;-1.0;-0.5228787660598755,15,42,8.725143432617188,8.725143432617188,8.725143432617188,0,0.4867346938775506,0,0.45204081632653004,0,0.45204081632653004,True,True,True,0,True,0,1,1
B,R1,1,test,Trimethyltin hydroxide,DTXSID9032240,0,0;1;3,-2.0;-1.5228787660598755;-0.5228787660598755,9,21,8.664705276489258,8.796490159483254,8.664705276489258,0,0.5020408163265302,0,0.4499999999999996,0,0.4499999999999996,True,True,True,0,True,0,1,1
B,R1,1,test,Trimethyltin hydroxide,DTXSID9032240,1,4;5;6,0.0;0.4771212637424469;1.0,9,21,9.379953384399414,9.379953384399414,9.379953384399414,0,0.5204081632653055,0,0.4795918367346932,0,0.4795918367346932,True,True,True,0,True,0,1,1
B,R1,1,test,Trimethyltin hydroxide,DTXSID9032240,2,2;4;6,-1.0;0.0;1.0,9,21,9.379953384399414,9.379953384399414,9.379953384399414,0,0.5204081632653055,0,0.4795918367346932,0,0.4795918367346932,True,True,True,0,True,0,1,1
B,R1,1,test,Trimethyltin hydroxide,DTXSID9032240,3,3;4;5,-0.5228787660598755;0.0;0.4771212637424469,9,21,9.379953384399414,9.379953384399414,9.379953384399414,0,0.5204081632653055,0,0.4795918367346932,0,0.4795918367346932,True,True,True,0,True,0,1,1
B,R1,1,test,Trimethyltin hydroxide,DTXSID9032240,4,0;1;2,-2.0;-1.5228787660598755;-1.0,9,21,2.535437822341919,7.2309059347771605,2.535437822341919,0,0.36326530612244884,1,0.07448979591836735,1,0.07244897959183672,True,False,False,1,False,0,1,1
B,R1,1,test,"Tris(1,3-dichloro-2-propyl) phosphate",DTXSID9026261,0,0;3;5,-1.5228787660598755;0.0;1.0,15,35,4.212831497192383,4.212831497192383,4.212831497192383,0,0.15510204081632656,0,0.1551020408163265,0,0.1551020408163265,True,True,True,0,True,0,1,1
B,R1,1,test,"Tris(1,3-dichloro-2-propyl) phosphate",DTXSID9026261,1,0;1;2,-1.5228787660598755;-1.0;-0.5228787660598755,15,35,3.8014416694641113,5.5125974336918535,3.8014416694641113,0,0.2510204081632654,0,0.10612244897959189,0,0.10612244897959189,True,True,True,0,True,0,1,1
B,R1,1,test,"Tris(1,3-dichloro-2-propyl) phosphate",DTXSID9026261,2,2;3;5,-0.5228787660598755;0.0;1.0,15,35,4.212831497192383,4.212831497192383,4.212831497192383,0,0.15510204081632656,0,0.1551020408163265,0,0.1551020408163265,True,True,True,0,True,0,1,1
B,R1,1,test,"Tris(1,3-dichloro-2-propyl) phosphate",DTXSID9026261,3,1;3;5,-1.0;0.0;1.0,15,35,4.212831497192383,4.212831497192383,4.212831497192383,0,0.15510204081632656,0,0.1551020408163265,0,0.1551020408163265,True,True,True,0,True,0,1,1
B,R1,1,test,"Tris(1,3-dichloro-2-propyl) phosphate",DTXSID9026261,4,0;1;4,-1.5228787660598755;-1.0;0.4771212637424469,15,35,2.4386038780212402,2.6455858506038377,2.4386038780212402,1,0.06428571428571433,1,0.09285714285714286,1,0.09081632653061228,True,False,False,1,False,0,1,1
B,R1,1,test,Tris(2-chloroethyl) phosphate,DTXSID5021411,0,0;2;6,-1.5228787660598755;-0.5228787660598755;1.4771212339401245,9,21,3.611485004425049,3.611485004425049,3.611485004425049,0,0.08775510204081627,0,0.08775510204081632,0,0.08775510204081632,True,True,True,0,True,0,1,1
B,R1,1,test,Tris(2-chloroethyl) phosphate,DTXSID5021411,1,1;3;6,-1.0;0.0;1.4771212339401245,9,21,3.9783260822296143,3.9783260822296143,3.9783260822296143,0,0.1346938775510204,0,0.13877551020408174,0,0.13877551020408174,True,True,True,0,True,0,1,1
B,R1,1,test,Tris(2-chloroethyl) phosphate,DTXSID5021411,2,2;3;4,-0.5228787660598755;0.0;0.4771212637424469,9,21,2.465942859649658,2.6390442027264385,2.465942859649658,1,0.06428571428571433,1,0.09285714285714286,1,0.09081632653061228,True,False,False,1,False,0,1,1
B,R1,1,test,Tris(2-chloroethyl) phosphate,DTXSID5021411,3,0;3;6,-1.5228787660598755;0.0;1.4771212339401245,9,21,3.611485004425049,3.611485004425049,3.611485004425049,0,0.08775510204081627,0,0.08775510204081632,0,0.08775510204081632,True,True,True,0,True,0,1,1
B,R1,1,test,Tris(2-chloroethyl) phosphate,DTXSID5021411,4,0;1;3,-1.5228787660598755;-1.0;0.0,9,21,3.9783260822296143,3.9783260822296143,3.9783260822296143,0,0.1346938775510204,0,0.13877551020408174,0,0.13877551020408174,True,True,True,0,True,0,1,1
B,R1,1,test,Z-Tetrachlorvinphos,DTXSID1032648,0,0;2;6,-1.0;0.0;2.0,17,41,6.761377811431885,6.761377811431885,6.761377811431885,0,0.32857142857142857,0,0.3142857142857144,0,0.3142857142857144,True,True,True,0,True,0,1,1
B,R1,1,test,Z-Tetrachlorvinphos,DTXSID1032648,1,2;4;6,0.0;1.0;2.0,17,41,6.761377811431885,6.761377811431885,6.761377811431885,0,0.32857142857142857,0,0.3142857142857144,0,0.3142857142857144,True,True,True,0,True,0,1,1
B,R1,1,test,Z-Tetrachlorvinphos,DTXSID1032648,2,0;4;5,-1.0;1.0;1.4771212339401245,18,41,3.0750300884246826,3.187296687274321,3.0750300884246826,0,0.03265306122448969,0,0.01224489795918371,0,0.01224489795918371,True,True,True,0,True,0,1,1
B,R1,1,test,Z-Tetrachlorvinphos,DTXSID1032648,3,1;2;4,-0.5228787660598755;0.0;1.0,18,41,3.0750300884246826,6.7114535872308725,3.0750300884246826,0,0.32653061224489793,0,0.01224489795918371,0,0.01224489795918371,True,True,True,0,True,0,1,1
B,R1,1,test,Z-Tetrachlorvinphos,DTXSID1032648,4,2;5;6,0.0;1.4771212339401245;2.0,17,41,6.761377811431885,6.761377811431885,6.761377811431885,0,0.32857142857142857,0,0.3142857142857144,0,0.3142857142857144,True,True,True,0,True,0,1,1
B,R1,1,test,"p,p'-DDD",DTXSID4020373,0,1;4;6,-1.0;0.4771212637424469;1.3010300397872925,9,20,8.155792236328125,8.155792236328125,8.155792236328125,0,0.4561224489795915,0,0.4244897959183669,0,0.4244897959183669,True,True,True,0,True,0,1,1
B,R1,1,test,"p,p'-DDD",DTXSID4020373,1,2;3;5,-0.5228787660598755;0.0;1.0,9,20,8.189538955688477,8.189538955688477,8.189538955688477,0,0.4642857142857139,0,0.43367346938775475,0,0.43367346938775475,True,True,True,0,True,0,1,1
B,R1,1,test,"p,p'-DDD",DTXSID4020373,2,2;3;4,-0.5228787660598755;0.0;0.4771212637424469,9,20,2.5123798847198486,3.1008043468297526,2.5123798847198486,0,0.012244897959183654,1,0.07448979591836735,1,0.07244897959183672,False,False,False,1,False,0,1,1
B,R1,1,test,"p,p'-DDD",DTXSID4020373,3,0;4;5,-1.5228787660598755;0.4771212637424469;1.0,8,20,8.189538955688477,8.221906585814274,8.189538955688477,0,0.4642857142857139,0,0.43367346938775475,0,0.43367346938775475,True,True,True,0,True,0,1,1
B,R1,1,test,"p,p'-DDD",DTXSID4020373,4,1;2;6,-1.0;-0.5228787660598755;1.3010300397872925,9,20,8.155792236328125,8.155792236328125,8.155792236328125,0,0.4561224489795915,0,0.4244897959183669,0,0.4244897959183669,True,True,True,0,True,0,1,1
B,R1,1,test,tert-Butylhydroquinone,DTXSID6020220,0,0;2;6,-1.5228787660598755;-0.5228787660598755;1.3010300397872925,9,21,9.460681915283203,9.460681915283203,9.460681915283203,0,0.5204081632653055,0,0.4816326530612238,0,0.4816326530612238,True,True,True,0,True,0,1,1
B,R1,1,test,tert-Butylhydroquinone,DTXSID6020220,1,2;4;5,-0.5228787660598755;0.4771212637424469;1.0,9,21,7.1854071617126465,7.269711987887273,7.1854071617126465,0,0.3673469387755101,0,0.3571428571428571,0,0.3571428571428571,True,True,True,0,True,0,1,1
B,R1,1,test,tert-Butylhydroquinone,DTXSID6020220,2,2;4;6,-0.5228787660598755;0.4771212637424469;1.3010300397872925,9,21,9.460681915283203,9.460681915283203,9.460681915283203,0,0.5204081632653055,0,0.4816326530612238,0,0.4816326530612238,True,True,True,0,True,0,1,1
B,R1,1,test,tert-Butylhydroquinone,DTXSID6020220,3,2;3;5,-0.5228787660598755;0.0;1.0,9,21,7.1854071617126465,7.253830656160429,7.1854071617126465,0,0.36326530612244884,0,0.3571428571428571,0,0.3571428571428571,True,True,True,0,True,0,1,1
B,R1,1,test,tert-Butylhydroquinone,DTXSID6020220,4,0;5;6,-1.5228787660598755;1.0;1.3010300397872925,9,21,9.460681915283203,9.460681915283203,9.460681915283203,0,0.5204081632653055,0,0.4816326530612238,0,0.4816326530612238,True,True,True,0,True,0,1,1
B,R1,2,test,2-(m-Chlorophenoxy)propionic acid,DTXSID9034232,0,0;3;6,-1.5228787660598755;0.0;1.3010300397872925,9,21,4.609251976013184,4.609251976013184,4.609251976013184,0,0.19793814432989704,0,0.1938144329896908,0,0.1938144329896908,True,True,True,0,True,0,2,1
B,R1,2,test,2-(m-Chlorophenoxy)propionic acid,DTXSID9034232,1,1;3;5,-1.0;0.0;1.0,9,21,3.152062733968099,3.152062733968099,3.152062733968099,0,0.024742268041237137,0,0.020618556701030966,0,0.020618556701030966,True,True,True,0,True,0,2,1
B,R1,2,test,2-(m-Chlorophenoxy)propionic acid,DTXSID9034232,2,1;4;6,-1.0;0.4771212637424469;1.3010300397872925,9,21,2.992732286453247,2.992732286453247,2.992732286453247,1,0.0,1,0.0,1,0.0,False,False,False,1,False,0,2,1
B,R1,2,test,2-(m-Chlorophenoxy)propionic acid,DTXSID9034232,3,1;3;6,-1.0;0.0;1.3010300397872925,9,21,3.152062733968099,3.152062733968099,3.152062733968099,0,0.024742268041237137,0,0.020618556701030966,0,0.020618556701030966,True,True,True,0,True,0,2,1
B,R1,2,test,2-(m-Chlorophenoxy)propionic acid,DTXSID9034232,4,3;5;6,0.0;1.0;1.3010300397872925,9,21,3.152062733968099,3.152062733968099,3.152062733968099,0,0.024742268041237137,0,0.020618556701030966,0,0.020618556701030966,True,True,True,0,True,0,2,1
B,R1,2,test,2-Ethylhexyl diphenyl phosphate,DTXSID1025300,0,2;5;6,-0.5228787660598755;1.0;1.3010300397872925,9,21,5.86148738861084,5.86148738861084,5.86148738861084,0,0.30515463917525787,0,0.2742268041237115,0,0.2742268041237115,True,True,True,0,True,0,2,1
B,R1,2,test,2-Ethylhexyl diphenyl phosphate,DTXSID1025300,1,0;2;6,-1.5228787660598755;-0.5228787660598755;1.3010300397872925,9,21,5.86148738861084,5.86148738861084,5.86148738861084,0,0.30515463917525787,0,0.2742268041237115,0,0.2742268041237115,True,True,True,0,True,0,2,1
B,R1,2,test,2-Ethylhexyl diphenyl phosphate,DTXSID1025300,2,0;4;6,-1.5228787660598755;0.4771212637424469;1.3010300397872925,9,21,5.86148738861084,5.86148738861084,5.86148738861084,0,0.30515463917525787,0,0.2742268041237115,0,0.2742268041237115,True,True,True,0,True,0,2,1
B,R1,2,test,2-Ethylhexyl diphenyl phosphate,DTXSID1025300,3,0;3;6,-1.5228787660598755;0.0;1.3010300397872925,9,21,5.86148738861084,5.86148738861084,5.86148738861084,0,0.30515463917525787,0,0.2742268041237115,0,0.2742268041237115,True,True,True,0,True,0,2,1
B,R1,2,test,2-Ethylhexyl diphenyl phosphate,DTXSID1025300,4,0;5;6,-1.5228787660598755;1.0;1.3010300397872925,9,21,5.86148738861084,5.86148738861084,5.86148738861084,0,0.30515463917525787,0,0.2742268041237115,0,0.2742268041237115,True,True,True,0,True,0,2,1
B,R1,2,test,"3,3',5,5'-Tetrabromobisphenol A",DTXSID1026081,0,0;1;5,-1.5228787660598755;-1.0;1.0,15,35,2.636094331741333,2.636094331741333,2.636094331741333,1,0.0680412371134021,1,0.08109965635738836,1,0.08109965635738836,True,False,False,1,False,1,2,1
B,R1,2,test,"3,3',5,5'-Tetrabromobisphenol A",DTXSID1026081,1,1;2;3,-1.0;-0.5228787660598755;0.0,15,35,2.636094331741333,2.636094331741333,2.636094331741333,1,0.0680412371134021,1,0.08109965635738836,1,0.08109965635738836,True,False,False,1,False,1,2,1
B,R1,2,test,"3,3',5,5'-Tetrabromobisphenol A",DTXSID1026081,2,0;3;6,-1.5228787660598755;0.0;1.4771212339401245,15,35,1.814737319946289,1.814737319946289,1.814737319946289,1,0.21958762886597943,1,0.26769759450171837,1,0.26769759450171837,True,True,True,1,False,1,2,1
B,R1,2,test,"3,3',5,5'-Tetrabromobisphenol A",DTXSID1026081,3,2;3;4,-0.5228787660598755;0.0;0.4771212637424469,15,35,1.4126797914505005,2.635937991054422,1.4126797914505005,1,0.0680412371134021,1,0.3285223367697596,1,0.3285223367697596,True,True,True,1,False,1,2,1
B,R1,2,test,"3,3',5,5'-Tetrabromobisphenol A",DTXSID1026081,4,1;3;6,-1.0;0.0;1.4771212339401245,15,35,2.636094331741333,2.636094331741333,2.636094331741333,1,0.0680412371134021,1,0.08109965635738836,1,0.08109965635738836,True,False,False,1,False,1,2,1
B,R1,2,test,Abamectin,DTXSID8023892,0,3;8;9,-2.0;0.4771212637424469;1.0,9,42,9.166666030883789,9.166666030883789,9.166666030883789,0,0.5718213058419239,0,0.5072164948453602,0,0.5072164948453602,True,True,True,0,True,0,2,1
B,R1,2,test,Abamectin,DTXSID8023892,1,3;6;10,-2.0;-0.5228787660598755;1.3010300397872925,12,42,10.0,10.0,10.0,0,0.6487972508591057,0,0.5893470790377997,0,0.5893470790377997,True,True,True,0,True,0,2,1
B,R1,2,test,Abamectin,DTXSID8023892,2,6;7;8,-0.5228787660598755;0.0;0.4771212637424469,12,42,10.0,10.0,10.0,0,0.6487972508591057,0,0.5893470790377997,0,0.5893470790377997,True,True,True,0,True,0,2,1
B,R1,2,test,Abamectin,DTXSID8023892,3,2;3;9,-2.522878646850586;-2.0;1.0,9,42,9.166666030883789,9.336437208244655,9.166666030883789,0,0.5821305841924392,0,0.5072164948453602,0,0.5072164948453602,True,True,True,0,True,0,2,1
B,R1,2,test,Abamectin,DTXSID8023892,4,0;7;10,-3.522878646850586;0.0;1.3010300397872925,9,42,9.166666030883789,9.166666030883789,9.166666030883789,0,0.5718213058419239,0,0.5072164948453602,0,0.5072164948453602,True,True,True,0,True,0,2,1
B,R1,2,test,Acenaphthylene,DTXSID3023845,0,0;3;6,-1.5228787660598755;0.0;1.3010300397872925,17,39,1.7253434658050537,1.7253434658050537,1.7253434658050537,1,0.22886597938144335,1,0.27697594501718226,1,0.27697594501718226,True,True,True,1,False,1,2,1
B,R1,2,test,Acenaphthylene,DTXSID3023845,1,0;1;4,-1.5228787660598755;-1.0;0.4771212637424469,16,39,1.457036018371582,1.83132869076756,1.457036018371582,1,0.21958762886597943,1,0.3285223367697596,1,0.3285223367697596,True,True,True,1,False,1,2,1
B,R1,2,test,Acenaphthylene,DTXSID3023845,2,3;5;6,0.0;1.0;1.3010300397872925,17,39,1.7253434658050537,1.7253434658050537,1.7253434658050537,1,0.22886597938144335,1,0.27697594501718226,1,0.27697594501718226,True,True,True,1,False,1,2,1
B,R1,2,test,Acenaphthylene,DTXSID3023845,3,3;4;6,0.0;0.4771212637424469;1.3010300397872925,17,39,1.7253434658050537,1.7253434658050537,1.7253434658050537,1,0.22886597938144335,1,0.27697594501718226,1,0.27697594501718226,True,True,True,1,False,1,2,1
B,R1,2,test,Acenaphthylene,DTXSID3023845,4,1;3;5,-1.0;0.0;1.0,17,39,1.7206900119781494,1.7206900119781494,1.7206900119781494,1,0.22886597938144335,1,0.27697594501718226,1,0.27697594501718226,True,True,True,1,False,1,2,1
B,R1,2,test,Aldicarb,DTXSID0039223,0,2;3;5,-0.5228787660598755;0.0;1.0,9,21,2.5828123092651367,2.696235139486465,2.5828123092651367,1,0.0515463917525773,1,0.08728522336769767,1,0.08728522336769767,True,False,False,1,False,0,2,1
B,R1,2,test,Aldicarb,DTXSID0039223,1,1;3;5,-1.0;0.0;1.0,9,21,2.5828123092651367,2.691940859460063,2.5828123092651367,1,0.053608247422680416,1,0.08728522336769767,1,0.08728522336769767,True,False,False,1,False,0,2,1
B,R1,2,test,Aldicarb,DTXSID0039223,2,1;2;6,-1.0;-0.5228787660598755;1.4771212339401245,9,21,3.0424656867980957,3.0424656867980957,3.0424656867980957,0,0.006185567010309312,0,0.0020618556701029744,0,0.0020618556701029744,True,True,True,0,True,0,2,1
B,R1,2,test,Aldicarb,DTXSID0039223,3,2;4;6,-0.5228787660598755;0.4771212637424469;1.4771212339401245,9,21,3.0424656867980957,3.0424656867980957,3.0424656867980957,0,0.006185567010309312,0,0.0020618556701029744,0,0.0020618556701029744,True,True,True,0,True,0,2,1
B,R1,2,test,Aldicarb,DTXSID0039223,4,0;3;6,-1.5228787660598755;0.0;1.4771212339401245,9,21,3.0424656867980957,3.0424656867980957,3.0424656867980957,0,0.006185567010309312,0,0.0020618556701029744,0,0.0020618556701029744,True,True,True,0,True,0,2,1
B,R1,2,test,Amoxicillin,DTXSID3037044,0,0;4;6,-1.5228787660598755;0.4771212637424469;1.4771212339401245,9,21,3.354830741882324,3.354830741882324,3.354830741882324,0,0.0618556701030929,0,0.061855670103092786,0,0.061855670103092786,True,True,True,0,True,0,2,1
B,R1,2,test,Amoxicillin,DTXSID3037044,1,1;4;6,-1.0;0.4771212637424469;1.4771212339401245,9,21,3.354830741882324,3.354830741882324,3.354830741882324,0,0.0618556701030929,0,0.061855670103092786,0,0.061855670103092786,True,True,True,0,True,0,2,1
B,R1,2,test,Amoxicillin,DTXSID3037044,2,0;2;3,-1.5228787660598755;-0.5228787660598755;0.0,9,21,1.3648745218912761,1.8242411799011684,1.3648745218912761,1,0.21958762886597943,1,0.33883161512027504,1,0.33883161512027504,True,True,True,1,False,0,2,1
B,R1,2,test,Amoxicillin,DTXSID3037044,3,0;1;2,-1.5228787660598755;-1.0;-0.5228787660598755,9,21,1.6697865724563599,4.89387082410476,1.6697865724563599,0,0.23711340206185583,1,0.29347079037800705,1,0.29347079037800705,True,True,True,1,False,0,2,1
B,R1,2,test,Amoxicillin,DTXSID3037044,4,1;3;5,-1.0;0.0;1.0,9,21,1.6697865724563599,1.757607315476717,1.6697865724563599,1,0.22577319587628872,1,0.29347079037800705,1,0.29347079037800705,True,True,True,1,False,0,2,1
B,R1,2,test,Azoxystrobin,DTXSID0032520,0,0;6;7,-2.522878646850586;0.4771212637424469;1.0,12,42,10.0,10.0,10.0,0,0.6487972508591057,0,0.5893470790377997,0,0.5893470790377997,True,True,True,0,True,0,2,1
B,R1,2,test,Azoxystrobin,DTXSID0032520,1,0;3;5,-2.522878646850586;-1.0;0.0,15,42,3.819220542907715,6.141900274199421,3.819220542907715,0,0.30721649484536107,0,0.11752577319587632,0,0.11752577319587632,True,True,True,0,True,0,2,1
B,R1,2,test,Azoxystrobin,DTXSID0032520,2,2;7;8,-1.5228787660598755;1.0;1.3010300397872925,12,42,10.0,10.0,10.0,0,0.6487972508591057,0,0.5893470790377997,0,0.5893470790377997,True,True,True,0,True,0,2,1
B,R1,2,test,Azoxystrobin,DTXSID0032520,3,0;4;7,-2.522878646850586;-0.5228787660598755;1.0,12,42,10.0,10.0,10.0,0,0.6487972508591057,0,0.5893470790377997,0,0.5893470790377997,True,True,True,0,True,0,2,1
B,R1,2,test,Azoxystrobin,DTXSID0032520,4,4;6;7,-0.5228787660598755;0.4771212637424469;1.0,15,42,10.0,10.0,10.0,0,0.6487972508591057,0,0.5893470790377997,0,0.5893470790377997,True,True,True,0,True,0,2,1
B,R1,2,test,Benzo[a]pyrene,DTXSID2020139,0,1;3;5,-1.0;0.0;1.0,9,21,3.577794313430786,4.039139698164981,3.577794313430786,0,0.1649484536082475,0,0.08453608247422684,0,0.08453608247422684,True,True,True,0,True,0,2,1
B,R1,2,test,Benzo[a]pyrene,DTXSID2020139,1,0;3;6,-1.5228787660598755;0.0;1.3010300397872925,9,21,3.9583892822265625,3.9583892822265625,3.9583892822265625,0,0.14226804123711345,0,0.1319587628865979,0,0.1319587628865979,True,True,True,0,True,0,2,1
B,R1,2,test,Benzo[a]pyrene,DTXSID2020139,2,4;5;6,0.4771212637424469;1.0;1.3010300397872925,9,21,3.9583892822265625,3.9583892822265625,3.9583892822265625,0,0.14226804123711345,0,0.1319587628865979,0,0.1319587628865979,True,True,True,0,True,0,2,1
B,R1,2,test,Benzo[a]pyrene,DTXSID2020139,3,1;2;4,-1.0;-0.5228787660598755;0.4771212637424469,9,21,2.3713104724884033,2.76505679700801,2.3713104724884033,1,0.028865979381443307,1,0.16563573883161525,1,0.16151202749140903,False,False,False,1,False,0,2,1
B,R1,2,test,Benzo[a]pyrene,DTXSID2020139,4,0;2;5,-1.5228787660598755;-0.5228787660598755;1.0,9,21,3.577794313430786,4.0706814019858255,3.577794313430786,0,0.1670103092783506,0,0.08453608247422684,0,0.08453608247422684,True,True,True,0,True,0,2,1
B,R1,2,test,Benzo[e]pyrene,DTXSID3023764,0,2;3;6,-0.5228787660598755;0.0;1.3010300397872925,9,21,4.431545257568359,4.431545257568359,4.431545257568359,0,0.18556701030927847,0,0.1793814432989691,0,0.1793814432989691,True,True,True,0,True,0,2,1
B,R1,2,test,Benzo[e]pyrene,DTXSID3023764,1,0;1;6,-1.5228787660598755;-1.0;1.3010300397872925,9,21,4.431545257568359,4.431545257568359,4.431545257568359,0,0.18556701030927847,0,0.1793814432989691,0,0.1793814432989691,True,True,True,0,True,0,2,1
B,R1,2,test,Benzo[e]pyrene,DTXSID3023764,2,0;3;4,-1.5228787660598755;0.0;0.4771212637424469,9,21,4.14522647857666,5.143229581429062,4.14522647857666,0,0.26185567010309296,0,0.15670103092783505,0,0.15670103092783505,True,True,True,0,True,0,2,1
B,R1,2,test,Benzo[e]pyrene,DTXSID3023764,3,0;5;6,-1.5228787660598755;1.0;1.3010300397872925,9,21,4.431545257568359,4.431545257568359,4.431545257568359,0,0.18556701030927847,0,0.1793814432989691,0,0.1793814432989691,True,True,True,0,True,0,2,1
B,R1,2,test,Benzo[e]pyrene,DTXSID3023764,4,1;3;4,-1.0;0.0;0.4771212637424469,9,21,4.14522647857666,5.061792326375245,4.14522647857666,0,0.24948453608247434,0,0.15670103092783505,0,0.15670103092783505,True,True,True,0,True,0,2,1
B,R1,2,test,Bis(2-ethylhexyl) tetrabromophthalate,DTXSID7027887,0,0;2;3,-1.5228787660598755;-0.5228787660598755;0.0,9,21,4.428524017333984,4.428524017333984,4.428524017333984,0,0.18556701030927847,0,0.1793814432989691,0,0.1793814432989691,True,True,True,0,True,0,2,1
B,R1,2,test,Bis(2-ethylhexyl) tetrabromophthalate,DTXSID7027887,1,0;5;6,-1.5228787660598755;1.0;1.3010300397872925,9,21,5.586677551269531,5.586677551269531,5.586677551269531,0,0.3010309278350518,0,0.26597938144329913,0,0.26597938144329913,True,True,True,0,True,0,2,1
B,R1,2,test,Bis(2-ethylhexyl) tetrabromophthalate,DTXSID7027887,2,1;3;6,-1.0;0.0;1.3010300397872925,9,21,5.586677551269531,5.586677551269531,5.586677551269531,0,0.3010309278350518,0,0.26597938144329913,0,0.26597938144329913,True,True,True,0,True,0,2,1
B,R1,2,test,Bis(2-ethylhexyl) tetrabromophthalate,DTXSID7027887,3,0;4;5,-1.5228787660598755;0.4771212637424469;1.0,9,21,4.904875755310059,4.904875755310059,4.904875755310059,0,0.23711340206185583,0,0.2247422680412372,0,0.2247422680412372,True,True,True,0,True,0,2,1
B,R1,2,test,Bis(2-ethylhexyl) tetrabromophthalate,DTXSID7027887,4,1;2;5,-1.0;-0.5228787660598755;1.0,9,21,4.449373722076416,4.610997185782805,4.449373722076416,0,0.19793814432989704,0,0.1793814432989691,0,0.1793814432989691,True,True,True,0,True,0,2,1
B,R1,2,test,Bisphenol AF,DTXSID7037717,0,1;2;5,-1.0;-0.5228787660598755;1.0,18,42,1.727906862894694,1.727906862894694,1.727906862894694,1,0.22886597938144335,1,0.27697594501718226,1,0.27697594501718226,True,True,True,1,False,0,2,1
B,R1,2,test,Bisphenol AF,DTXSID7037717,1,0;3;5,-1.5228787660598755;0.0;1.0,18,42,1.5299522082010906,1.5299522082010906,1.5299522082010906,1,0.2412371134020619,1,0.3017182130584194,1,0.3017182130584194,True,True,True,1,False,0,2,1
B,R1,2,test,Bisphenol AF,DTXSID7037717,2,2;5;6,-0.5228787660598755;1.0;1.3010300397872925,18,42,6.2619781494140625,6.2619781494140625,6.2619781494140625,0,0.30721649484536107,0,0.2824742268041238,0,0.2824742268041238,True,True,True,0,True,0,2,1
B,R1,2,test,Bisphenol AF,DTXSID7037717,3,0;1;6,-1.5228787660598755;-1.0;1.3010300397872925,18,42,6.2619781494140625,6.2619781494140625,6.2619781494140625,0,0.30721649484536107,0,0.2824742268041238,0,0.2824742268041238,True,True,True,0,True,0,2,1
B,R1,2,test,Bisphenol AF,DTXSID7037717,4,2;4;6,-0.5228787660598755;0.4771212637424469;1.3010300397872925,18,42,6.2619781494140625,6.2619781494140625,6.2619781494140625,0,0.30721649484536107,0,0.2824742268041238,0,0.2824742268041238,True,True,True,0,True,0,2,1
B,R1,2,test,Bisphenol B,DTXSID4022442,0,1;3;5,-1.0;0.0;1.0,9,21,4.903684616088867,4.903684616088867,4.903684616088867,0,0.23711340206185583,0,0.2247422680412372,0,0.2247422680412372,True,True,True,0,True,0,2,1
B,R1,2,test,Bisphenol B,DTXSID4022442,1,0;5;6,-1.5228787660598755;1.0;1.3010300397872925,9,21,5.962038993835449,5.962038993835449,5.962038993835449,0,0.30721649484536107,0,0.27628865979381456,0,0.27628865979381456,True,True,True,0,True,0,2,1
B,R1,2,test,Bisphenol B,DTXSID4022442,2,1;2;6,-1.0;-0.5228787660598755;1.3010300397872925,9,21,5.962038993835449,5.962038993835449,5.962038993835449,0,0.30721649484536107,0,0.27628865979381456,0,0.27628865979381456,True,True,True,0,True,0,2,1
B,R1,2,test,Bisphenol B,DTXSID4022442,3,2;4;5,-0.5228787660598755;0.4771212637424469;1.0,9,21,4.903684616088867,5.167767490235739,4.903684616088867,0,0.2701030927835053,0,0.2247422680412372,0,0.2247422680412372,True,True,True,0,True,0,2,1
B,R1,2,test,Bisphenol B,DTXSID4022442,4,1;2;4,-1.0;-0.5228787660598755;0.4771212637424469,9,21,3.843557834625244,4.331327267845757,3.843557834625244,0,0.18144329896907235,0,0.11958762886597935,0,0.11958762886597935,True,True,True,0,True,0,2,1
B,R1,2,test,Cadmium(II) chloride hydrate (2:5),DTXSID4040183,0,1;3;5,-1.0;0.0;1.0,9,21,10.0,10.0,10.0,0,0.6487972508591057,0,0.5893470790377997,0,0.5893470790377997,True,True,True,0,True,0,2,1
B,R1,2,test,Cadmium(II) chloride hydrate (2:5),DTXSID4040183,1,1;2;4,-1.0;-0.5228787660598755;0.4771212637424469,9,21,10.0,10.0,10.0,0,0.6487972508591057,0,0.5893470790377997,0,0.5893470790377997,True,True,True,0,True,0,2,1
B,R1,2,test,Cadmium(II) chloride hydrate (2:5),DTXSID4040183,2,0;5;6,-1.5228787660598755;1.0;1.4771212339401245,9,21,10.0,10.0,10.0,0,0.6487972508591057,0,0.5893470790377997,0,0.5893470790377997,True,True,True,0,True,0,2,1
B,R1,2,test,Cadmium(II) chloride hydrate (2:5),DTXSID4040183,3,1;3;6,-1.0;0.0;1.4771212339401245,9,21,10.0,10.0,10.0,0,0.6487972508591057,0,0.5893470790377997,0,0.5893470790377997,True,True,True,0,True,0,2,1
B,R1,2,test,Cadmium(II) chloride hydrate (2:5),DTXSID4040183,4,1;2;6,-1.0;-0.5228787660598755;1.4771212339401245,9,21,10.0,10.0,10.0,0,0.6487972508591057,0,0.5893470790377997,0,0.5893470790377997,True,True,True,0,True,0,2,1
B,R1,2,test,Captan,DTXSID9020243,0,1;2;5,-1.0;-0.5228787660598755;1.0,27,63,4.196249485015869,4.196249485015869,4.196249485015869,0,0.17525773195876299,0,0.16082474226804133,0,0.16082474226804133,True,True,True,0,True,0,2,1
B,R1,2,test,Captan,DTXSID9020243,1,0;1;5,-1.5228787660598755;-1.0;1.0,27,63,4.196249485015869,4.196249485015869,4.196249485015869,0,0.17525773195876299,0,0.16082474226804133,0,0.16082474226804133,True,True,True,0,True,0,2,1
B,R1,2,test,Captan,DTXSID9020243,2,1;4;6,-1.0;0.4771212637424469;1.3010300397872925,27,63,6.9058918952941895,6.9058918952941895,6.9058918952941895,0,0.33676975945017196,0,0.30584192439862545,0,0.30584192439862545,True,True,True,0,True,0,2,1
B,R1,2,test,Captan,DTXSID9020243,3,2;3;5,-0.5228787660598755;0.0;1.0,27,63,4.196249485015869,4.196249485015869,4.196249485015869,0,0.17525773195876299,0,0.16082474226804133,0,0.16082474226804133,True,True,True,0,True,0,2,1
B,R1,2,test,Captan,DTXSID9020243,4,1;3;4,-1.0;0.0;0.4771212637424469,27,63,2.29412841796875,2.5992146702360053,2.29412841796875,1,0.07010309278350518,1,0.17388316151202762,1,0.1718213058419245,True,False,False,1,False,0,2,1
B,R1,2,test,Carbamazepine,DTXSID4022731,0,0;1;2,-1.5228787660598755;-1.0;-0.5228787660598755,9,21,1.6831375360488892,4.188296526620757,1.6831375360488892,0,0.17525773195876299,1,0.2893470790378008,1,0.2893470790378008,True,True,True,1,False,1,2,1
B,R1,2,test,Carbamazepine,DTXSID4022731,1,0;5;6,-1.5228787660598755;1.0;1.4771212339401245,9,21,2.1884002685546875,2.1884002685546875,2.3173043727874756,1,0.16494845360824748,1,0.17388316151202762,1,0.19243986254295548,True,False,True,1,False,1,2,1
B,R1,2,test,Carbamazepine,DTXSID4022731,2,0;1;6,-1.5228787660598755;-1.0;1.4771212339401245,9,21,2.1884002685546875,2.1884002685546875,2.1884002685546875,1,0.16494845360824748,1,0.19243986254295548,1,0.19243986254295548,True,True,True,1,False,1,2,1
B,R1,2,test,Carbamazepine,DTXSID4022731,3,1;3;5,-1.0;0.0;1.0,9,21,2.4729445775349936,2.4729445775349936,2.4729445775349936,1,0.12371134020618563,1,0.13883161512027503,1,0.13676975945017195,True,False,False,1,False,1,2,1
B,R1,2,test,Carbamazepine,DTXSID4022731,4,2;5;6,-0.5228787660598755;1.0;1.4771212339401245,9,21,2.1884002685546875,2.1884002685546875,2.1884002685546875,1,0.16494845360824748,1,0.19243986254295548,1,0.19243986254295548,True,True,True,1,False,1,2,1
B,R1,2,test,Carbaryl,DTXSID9020247,0,0;2;6,-1.5228787660598755;-0.5228787660598755;1.4771212339401245,9,21,9.893000602722168,9.893000602722168,9.893000602722168,0,0.5986254295532639,0,0.5319587628865972,0,0.5319587628865972,True,True,True,0,True,0,2,1
B,R1,2,test,Carbaryl,DTXSID9020247,1,1;3;5,-1.0;0.0;1.0,9,21,8.068643569946289,8.068643569946289,8.068643569946289,0,0.47079037800687273,0,0.4171821305841922,0,0.4171821305841922,True,True,True,0,True,0,2,1
B,R1,2,test,Carbaryl,DTXSID9020247,2,3;5;6,0.0;1.0;1.4771212339401245,9,21,9.893000602722168,9.893000602722168,9.893000602722168,0,0.5986254295532639,0,0.5319587628865972,0,0.5319587628865972,True,True,True,0,True,0,2,1
B,R1,2,test,Carbaryl,DTXSID9020247,3,2;5;6,-0.5228787660598755;1.0;1.4771212339401245,9,21,9.893000602722168,9.893000602722168,9.893000602722168,0,0.5986254295532639,0,0.5319587628865972,0,0.5319587628865972,True,True,True,0,True,0,2,1
B,R1,2,test,Carbaryl,DTXSID9020247,4,0;4;6,-1.5228787660598755;0.4771212637424469;1.4771212339401245,9,21,9.893000602722168,9.893000602722168,9.893000602722168,0,0.5986254295532639,0,0.5319587628865972,0,0.5319587628865972,True,True,True,0,True,0,2,1
B,R1,2,test,Cariporide mesylate,DTXSID3047344,0,0;2;6,-1.5228787660598755;-0.5228787660598755;1.3010300397872925,9,21,3.9185967445373535,3.9185967445373535,3.9185967445373535,0,0.13195876288659802,0,0.12989690721649488,0,0.12989690721649488,True,True,True,0,True,0,2,1
B,R1,2,test,Cariporide mesylate,DTXSID3047344,1,1;2;3,-1.0;-0.5228787660598755;0.0,9,21,1.7111474672953289,1.9877145198408015,1.7111474672953289,1,0.19793814432989695,1,0.2790378006872854,1,0.2790378006872854,True,True,True,1,False,0,2,1
B,R1,2,test,Cariporide mesylate,DTXSID3047344,2,0;4;6,-1.5228787660598755;0.4771212637424469;1.3010300397872925,9,21,3.9185967445373535,3.9185967445373535,3.9185967445373535,0,0.13195876288659802,0,0.12989690721649488,0,0.12989690721649488,True,True,True,0,True,0,2,1
B,R1,2,test,Cariporide mesylate,DTXSID3047344,3,0;2;5,-1.5228787660598755;-0.5228787660598755;1.0,9,21,3.2107748985290527,3.736488747463648,3.2107748985290527,0,0.10103092783505163,0,0.04123711340206182,0,0.04123711340206182,True,True,True,0,True,0,2,1
B,R1,2,test,Cariporide mesylate,DTXSID3047344,4,2;4;6,-0.5228787660598755;0.4771212637424469;1.3010300397872925,9,21,3.9185967445373535,3.9185967445373535,3.9185967445373535,0,0.13195876288659802,0,0.12989690721649488,0,0.12989690721649488,True,True,True,0,True,0,2,1
B,R1,2,test,Chloramben,DTXSID2020262,0,1;2;5,-1.0;-0.5228787660598755;1.0,18,42,3.9936633110046387,3.9936633110046387,3.9936633110046387,0,0.15463917525773208,0,0.14432989690721654,0,0.14432989690721654,True,True,True,0,True,0,2,1
B,R1,2,test,Chloramben,DTXSID2020262,1,2;3;5,-0.5228787660598755;0.0;1.0,18,42,3.9936633110046387,3.9936633110046387,3.9936633110046387,0,0.15463917525773208,0,0.14432989690721654,0,0.14432989690721654,True,True,True,0,True,0,2,1
B,R1,2,test,Chloramben,DTXSID2020262,2,0;4;5,-1.5228787660598755;0.4771212637424469;1.0,18,42,3.9936633110046387,3.9936633110046387,3.9936633110046387,0,0.15463917525773208,0,0.14432989690721654,0,0.14432989690721654,True,True,True,0,True,0,2,1
B,R1,2,test,Chloramben,DTXSID2020262,3,1;2;6,-1.0;-0.5228787660598755;1.4771212339401245,18,42,3.363234519958496,3.363234519958496,3.363234519958496,0,0.0618556701030929,0,0.061855670103092786,0,0.061855670103092786,True,True,True,0,True,0,2,1
B,R1,2,test,Chloramben,DTXSID2020262,4,1;5;6,-1.0;1.0;1.4771212339401245,18,42,3.9936633110046387,3.9936633110046387,3.9936633110046387,0,0.15463917525773208,0,0.14432989690721654,0,0.14432989690721654,True,True,True,0,True,0,2,1
B,R1,2,test,Chlorpromazine hydrochloride,DTXSID7024827,0,0;2;3,-1.5228787660598755;-0.5228787660598755;0.0,9,21,1.6033086776733398,1.6166488421881877,1.6033086776733398,1,0.23505154639175263,1,0.2975945017182132,1,0.2975945017182132,True,True,True,1,False,0,2,1
B,R1,2,test,Chlorpromazine hydrochloride,DTXSID7024827,1,3;4;6,0.0;0.4771212637424469;1.4771212339401245,9,21,7.996518611907959,7.996518611907959,7.996518611907959,0,0.4625429553264605,0,0.4048109965635738,0,0.4048109965635738,True,True,True,0,True,0,2,1
B,R1,2,test,Chlorpromazine hydrochloride,DTXSID7024827,2,0;4;5,-1.5228787660598755;0.4771212637424469;1.0,9,21,8.401784896850586,8.401784896850586,8.401784896850586,0,0.508591065292096,0,0.45223367697594463,0,0.45223367697594463,True,True,True,0,True,0,2,1
B,R1,2,test,Chlorpromazine hydrochloride,DTXSID7024827,3,2;3;4,-0.5228787660598755;0.0;0.4771212637424469,9,21,3.330622673034668,4.586890896685703,3.330622673034668,0,0.19793814432989704,0,0.05773195876288656,0,0.05773195876288656,True,True,True,0,True,0,2,1
B,R1,2,test,Chlorpromazine hydrochloride,DTXSID7024827,4,2;4;5,-0.5228787660598755;0.4771212637424469;1.0,9,21,8.401784896850586,8.401784896850586,8.401784896850586,0,0.508591065292096,0,0.45223367697594463,0,0.45223367697594463,True,True,True,0,True,0,2,1
B,R1,2,test,Clothianidin,DTXSID2034465,0,3;4;6,0.0;0.4771212637424469;1.3010300397872925,9,21,1.7509489059448242,1.7509489059448242,1.7509489059448242,1,0.22886597938144335,1,0.27491408934707917,1,0.27491408934707917,True,True,True,1,False,1,2,1
B,R1,2,test,Clothianidin,DTXSID2034465,1,2;5;6,-0.5228787660598755;1.0;1.3010300397872925,9,21,1.543097972869873,1.543097972869873,1.543097972869873,1,0.2391752577319588,1,0.2975945017182132,1,0.2975945017182132,True,True,True,1,False,1,2,1
B,R1,2,test,Clothianidin,DTXSID2034465,2,0;2;3,-1.5228787660598755;-0.5228787660598755;0.0,9,21,1.7509489059448242,2.0212443665281348,1.7509489059448242,1,0.18969072164948458,1,0.27491408934707917,1,0.27491408934707917,True,True,True,1,False,1,2,1
B,R1,2,test,Clothianidin,DTXSID2034465,3,0;3;4,-1.5228787660598755;0.0;0.4771212637424469,9,21,1.7509489059448242,1.7509489059448242,1.7509489059448242,1,0.22886597938144335,1,0.27491408934707917,1,0.27491408934707917,True,True,True,1,False,1,2,1
B,R1,2,test,Clothianidin,DTXSID2034465,4,1;5;6,-1.0;1.0;1.3010300397872925,9,21,2.093852996826172,2.093852996826172,2.093852996826172,1,0.18144329896907224,1,0.20893470790378021,1,0.20893470790378021,True,True,True,1,False,1,2,1
B,R1,2,test,DDT,parent:DTXSID4020375,0,3;4;5,0.0;0.4771212637424469;1.0,27,63,8.3079833984375,8.3079833984375,8.3079833984375,0,0.5044673539518897,0,0.45223367697594463,0,0.45223367697594463,True,True,True,0,True,0,2,1
B,R1,2,test,DDT,parent:DTXSID4020375,1,1;4;5,-1.0;0.4771212637424469;1.0,27,63,8.3079833984375,8.3079833984375,8.3079833984375,0,0.5044673539518897,0,0.45223367697594463,0,0.45223367697594463,True,True,True,0,True,0,2,1
B,R1,2,test,DDT,parent:DTXSID4020375,2,0;3;5,-1.5228787660598755;0.0;1.0,27,63,8.3079833984375,8.3079833984375,8.3079833984375,0,0.5044673539518897,0,0.45223367697594463,0,0.45223367697594463,True,True,True,0,True,0,2,1
B,R1,2,test,DDT,parent:DTXSID4020375,3,0;1;4,-1.5228787660598755;-1.0;0.4771212637424469,27,63,2.558901786804199,2.558901786804199,2.558901786804199,1,0.08247422680412375,1,0.09553264604811007,1,0.09553264604811007,True,False,False,1,False,0,2,1
B,R1,2,test,DDT,parent:DTXSID4020375,4,0;3;4,-1.5228787660598755;0.0;0.4771212637424469,27,63,2.558901786804199,2.7635125311044257,2.558901786804199,1,0.028865979381443307,1,0.09553264604811007,1,0.09553264604811007,False,False,False,1,False,0,2,1
B,R1,2,test,Dichlorvos,DTXSID5020449,0,0;1;5,-2.0;-1.5228787660598755;0.4771212637424469,9,21,2.3548367023468018,2.3548367023468018,2.3548367023468018,1,0.14226804123711345,1,0.1718213058419245,1,0.16769759450171834,True,False,False,1,False,1,2,1
B,R1,2,test,Dichlorvos,DTXSID5020449,1,1;4;6,-1.5228787660598755;0.0;1.0,9,21,2.3548367023468018,2.3548367023468018,2.3548367023468018,1,0.14226804123711345,1,0.1718213058419245,1,0.16769759450171834,True,False,False,1,False,1,2,1
B,R1,2,test,Dichlorvos,DTXSID5020449,2,0;2;6,-2.0;-1.0;1.0,9,21,2.2821977138519287,2.2821977138519287,2.2821977138519287,1,0.14639175257731962,1,0.17388316151202762,1,0.1718213058419245,True,False,False,1,False,1,2,1
B,R1,2,test,Dichlorvos,DTXSID5020449,3,0;4;6,-2.0;0.0;1.0,9,21,2.061880111694336,2.061880111694336,2.061880111694336,1,0.1855670103092784,1,0.2130584192439864,1,0.2130584192439864,True,True,True,1,False,1,2,1
B,R1,2,test,Dichlorvos,DTXSID5020449,4,0;5;6,-2.0;0.4771212637424469;1.0,9,21,2.061880111694336,2.061880111694336,2.061880111694336,1,0.1855670103092784,1,0.2130584192439864,1,0.2130584192439864,True,True,True,1,False,1,2,1
B,R1,2,test,Eugenol,DTXSID9020617,0,2;3;4,-0.5228787660598755;0.0;0.4771212637424469,9,21,2.8922561009724936,4.260232439425116,2.8922561009724936,0,0.17525773195876299,1,0.016494845360824795,1,0.016494845360824795,True,False,False,1,False,0,2,1
B,R1,2,test,Eugenol,DTXSID9020617,1,1;4;6,-1.0;0.4771212637424469;1.3010300397872925,9,21,4.64305305480957,4.64305305480957,4.64305305480957,0,0.20412371134020635,0,0.20000000000000007,0,0.20000000000000007,True,True,True,0,True,0,2,1
B,R1,2,test,Eugenol,DTXSID9020617,2,0;1;3,-1.5228787660598755;-1.0;0.0,9,21,3.452157497406006,3.452157497406006,3.452157497406006,0,0.07835051546391758,0,0.07628865979381438,0,0.07628865979381438,True,True,True,0,True,0,2,1
B,R1,2,test,Eugenol,DTXSID9020617,3,1;3;5,-1.0;0.0;1.0,9,21,3.452157497406006,3.452157497406006,3.452157497406006,0,0.07835051546391758,0,0.07628865979381438,0,0.07628865979381438,True,True,True,0,True,0,2,1
B,R1,2,test,Eugenol,DTXSID9020617,4,3;4;5,0.0;0.4771212637424469;1.0,9,21,2.545301675796509,2.710694110224658,2.545301675796509,1,0.04742268041237113,1,0.09965635738831624,1,0.09759450171821316,True,False,False,1,False,0,2,1
B,R1,2,test,Fipronil,DTXSID4034609,0,0;1;2,-1.5228787660598755;-1.0;-0.5228787660598755,9,21,2.6579163869222007,4.429073486596094,2.6579163869222007,0,0.18556701030927847,1,0.07079037800687293,1,0.07079037800687293,True,False,False,1,False,0,2,1
B,R1,2,test,Fipronil,DTXSID4034609,1,0;1;3,-1.5228787660598755;-1.0;0.0,9,21,2.938561121622721,4.155770288186813,2.938561121622721,0,0.16907216494845367,1,0.010309278350515538,1,0.010309278350515538,True,False,False,1,False,0,2,1
B,R1,2,test,Fipronil,DTXSID4034609,2,0;2;6,-1.5228787660598755;-0.5228787660598755;1.4771212339401245,9,21,5.120995203653972,5.120995203653972,5.120995203653972,0,0.2577319587628868,0,0.23711340206185583,0,0.23711340206185583,True,True,True,0,True,0,2,1
B,R1,2,test,Fipronil,DTXSID4034609,3,0;3;6,-1.5228787660598755;0.0;1.4771212339401245,9,21,5.120995203653972,5.120995203653972,5.120995203653972,0,0.2577319587628868,0,0.23711340206185583,0,0.23711340206185583,True,True,True,0,True,0,2,1
B,R1,2,test,Fipronil,DTXSID4034609,4,0;1;5,-1.5228787660598755;-1.0;1.0,9,21,4.236247380574544,4.236247380574544,4.236247380574544,0,0.17525773195876299,0,0.16288659793814442,0,0.16288659793814442,True,True,True,0,True,0,2,1
B,R1,2,test,Fluorene,DTXSID8024105,0,2;3;6,-0.5228787660598755;0.0;1.3010300397872925,18,41,1.4971909523010254,1.4971909523010254,1.4971909523010254,1,0.25154639175257737,1,0.31408934707903796,1,0.31408934707903796,True,True,True,1,False,1,2,1
B,R1,2,test,Fluorene,DTXSID8024105,1,1;4;6,-1.0;0.4771212637424469;1.3010300397872925,17,41,1.7522330284118652,1.7522330284118652,1.7522330284118652,1,0.22680412371134026,1,0.27491408934707917,1,0.27491408934707917,True,True,True,1,False,1,2,1
B,R1,2,test,Fluorene,DTXSID8024105,2,0;1;6,-1.5228787660598755;-1.0;1.3010300397872925,18,41,1.7522330284118652,1.7522330284118652,1.7522330284118652,1,0.22680412371134026,1,0.27491408934707917,1,0.27491408934707917,True,True,True,1,False,1,2,1
B,R1,2,test,Fluorene,DTXSID8024105,3,3;4;6,0.0;0.4771212637424469;1.3010300397872925,17,41,1.4971909523010254,1.4971909523010254,1.4971909523010254,1,0.25154639175257737,1,0.31408934707903796,1,0.31408934707903796,True,True,True,1,False,1,2,1
B,R1,2,test,Fluorene,DTXSID8024105,4,0;1;2,-1.5228787660598755;-1.0;-0.5228787660598755,18,41,1.7522330284118652,1.7522330284118652,1.7522330284118652,1,0.22680412371134026,1,0.27491408934707917,1,0.27491408934707917,True,True,True,1,False,1,2,1
B,R1,2,test,Glycerol,DTXSID9020663,0,2;4;6,-0.5228787660598755;0.4771212637424469;1.3010300397872925,18,42,1.534170150756836,1.534170150756836,1.534170150756836,1,0.2412371134020619,1,0.3017182130584194,1,0.3017182130584194,True,True,True,1,False,1,2,1
B,R1,2,test,Glycerol,DTXSID9020663,1,1;3;5,-1.0;0.0;1.0,18,42,1.56097412109375,1.56097412109375,1.56097412109375,1,0.23711340206185572,1,0.2975945017182132,1,0.2975945017182132,True,True,True,1,False,1,2,1
B,R1,2,test,Glycerol,DTXSID9020663,2,1;4;5,-1.0;0.4771212637424469;1.0,18,42,1.3361287117004395,1.3361287117004395,1.3361287117004395,1,0.28453608247422685,1,0.34707903780068744,1,0.34707903780068744,True,True,True,1,False,1,2,1
B,R1,2,test,Glycerol,DTXSID9020663,3,0;1;5,-1.5228787660598755;-1.0;1.0,18,42,1.2887146472930908,1.2887146472930908,1.2887146472930908,1,0.2907216494845361,1,0.3532646048109967,1,0.3532646048109967,True,True,True,1,False,1,2,1
B,R1,2,test,Glycerol,DTXSID9020663,4,0;5;6,-1.5228787660598755;1.0;1.3010300397872925,18,42,1.534170150756836,1.534170150756836,1.534170150756836,1,0.2412371134020619,1,0.3017182130584194,1,0.3017182130584194,True,True,True,1,False,1,2,1
B,R1,2,test,L-Ascorbic acid,DTXSID5020106,0,1;4;6,-1.0;0.4771212637424469;1.3010300397872925,9,21,1.9013561010360718,1.9013561010360718,1.9013561010360718,1,0.21134020618556706,1,0.24914089347079055,1,0.24914089347079055,True,True,True,1,False,1,2,1
B,R1,2,test,L-Ascorbic acid,DTXSID5020106,1,0;1;6,-1.5228787660598755;-1.0;1.3010300397872925,9,21,1.9013561010360718,1.9013561010360718,1.9013561010360718,1,0.21134020618556706,1,0.24914089347079055,1,0.24914089347079055,True,True,True,1,False,1,2,1
B,R1,2,test,L-Ascorbic acid,DTXSID5020106,2,0;1;2,-1.5228787660598755;-1.0;-0.5228787660598755,9,21,2.859480619430542,3.494358299033762,2.859480619430542,0,0.08453608247422684,1,0.016494845360824795,1,0.016494845360824795,True,False,False,1,False,1,2,1
B,R1,2,test,L-Ascorbic acid,DTXSID5020106,3,1;3;4,-1.0;0.0;0.4771212637424469,9,21,1.9013561010360718,3.6749351879211893,1.9013561010360718,0,0.09896907216494849,1,0.24914089347079055,1,0.24914089347079055,True,True,True,1,False,1,2,1
B,R1,2,test,L-Ascorbic acid,DTXSID5020106,4,1;3;6,-1.0;0.0;1.3010300397872925,9,21,1.9013561010360718,1.9013561010360718,1.9013561010360718,1,0.21134020618556706,1,0.24914089347079055,1,0.24914089347079055,True,True,True,1,False,1,2,1
B,R1,2,test,Lindane,DTXSID2020686,0,1;5;6,-1.0;1.0;1.4771212339401245,9,21,6.428429126739502,6.428429126739502,6.428429126739502,0,0.31134020618556724,0,0.2824742268041238,0,0.2824742268041238,True,True,True,0,True,0,2,1
B,R1,2,test,Lindane,DTXSID2020686,1,0;3;4,-1.5228787660598755;0.0;0.4771212637424469,9,21,3.9488372802734375,6.401632077758187,3.9488372802734375,0,0.30927835051546415,0,0.1319587628865979,0,0.1319587628865979,True,True,True,0,True,0,2,1
B,R1,2,test,Lindane,DTXSID2020686,2,0;1;5,-1.5228787660598755;-1.0;1.0,9,21,5.67475700378418,7.158330585771082,5.67475700378418,0,0.3731958762886599,0,0.26597938144329913,0,0.26597938144329913,True,True,True,0,True,0,2,1
B,R1,2,test,Lindane,DTXSID2020686,3,2;5;6,-0.5228787660598755;1.0;1.4771212339401245,9,21,6.428429126739502,6.428429126739502,6.428429126739502,0,0.31134020618556724,0,0.2824742268041238,0,0.2824742268041238,True,True,True,0,True,0,2,1
B,R1,2,test,Lindane,DTXSID2020686,4,0;1;2,-1.5228787660598755;-1.0;-0.5228787660598755,9,21,2.375868797302246,4.262947158035007,2.375868797302246,0,0.17525773195876299,1,0.16563573883161525,1,0.16151202749140903,True,False,False,1,False,0,2,1
B,R1,2,test,Maneb,DTXSID9020794,0,2;3;6,-1.0;-0.5228787660598755;1.0,9,21,2.31325626373291,2.31325626373291,2.31325626373291,1,0.14432989690721654,1,0.17388316151202762,1,0.16975945017182142,True,False,False,1,False,1,2,1
B,R1,2,test,Maneb,DTXSID9020794,1,0;1;2,-2.0;-1.5228787660598755;-1.0,9,21,1.9746835231781006,4.207236385294122,1.9746835231781006,0,0.17525773195876299,1,0.22955326460481115,1,0.22955326460481115,True,True,True,1,False,1,2,1
B,R1,2,test,Maneb,DTXSID9020794,2,0;3;6,-2.0;-0.5228787660598755;1.0,9,21,2.31325626373291,2.31325626373291,2.31325626373291,1,0.14432989690721654,1,0.17388316151202762,1,0.16975945017182142,True,False,False,1,False,1,2,1
B,R1,2,test,Maneb,DTXSID9020794,3,3;5;6,-0.5228787660598755;0.4771212637424469;1.0,9,21,2.4006924629211426,2.4006924629211426,2.4006924629211426,1,0.13402061855670108,1,0.15326460481099669,1,0.1491408934707905,True,False,False,1,False,1,2,1
B,R1,2,test,Maneb,DTXSID9020794,4,0;2;6,-2.0;-1.0;1.0,9,21,1.9746835231781006,1.9746835231781006,1.9746835231781006,1,0.19793814432989695,1,0.22955326460481115,1,0.22955326460481115,True,True,True,1,False,1,2,1
B,R1,2,test,Manganese dichloride,parent:DTXSID5027279,0,0;1;4,-1.5228787660598755;-1.0;0.4771212637424469,9,21,2.520188093185425,2.520188093185425,2.520188093185425,1,0.10103092783505158,1,0.1140893470790379,1,0.11202749140893481,True,False,False,1,False,1,2,1
B,R1,2,test,Manganese dichloride,parent:DTXSID5027279,1,2;4;5,-0.5228787660598755;0.4771212637424469;1.0,9,21,1.300588846206665,1.300588846206665,1.300588846206665,1,0.2907216494845361,1,0.3532646048109967,1,0.3532646048109967,True,True,True,1,False,1,2,1
B,R1,2,test,Manganese dichloride,parent:DTXSID5027279,2,1;3;6,-1.0;0.0;1.4771212339401245,9,21,2.3699445724487305,2.3699445724487305,2.3699445724487305,1,0.14020618556701037,1,0.16563573883161525,1,0.16151202749140903,True,False,False,1,False,1,2,1
B,R1,2,test,Manganese dichloride,parent:DTXSID5027279,3,2;5;6,-0.5228787660598755;1.0;1.4771212339401245,9,21,1.633175015449524,1.633175015449524,1.633175015449524,1,0.23505154639175263,1,0.29553264604811014,1,0.29553264604811014,True,True,True,1,False,1,2,1
B,R1,2,test,Manganese dichloride,parent:DTXSID5027279,4,1;2;5,-1.0;-0.5228787660598755;1.0,9,21,2.3699445724487305,2.3699445724487305,2.3699445724487305,1,0.14020618556701037,1,0.16563573883161525,1,0.16151202749140903,True,False,False,1,False,1,2,1
B,R1,2,test,Manganese(II) acetate,parent:DTXSID5027279,0,1;4;5,-1.0;0.4771212637424469;1.0,9,21,1.944923758506775,1.944923758506775,1.944923758506775,1,0.2010309278350516,1,0.2347079037800689,1,0.2347079037800689,True,True,True,1,False,1,2,1
B,R1,2,test,Manganese(II) acetate,parent:DTXSID5027279,1,0;4;6,-1.5228787660598755;0.4771212637424469;1.3010300397872925,9,21,1.944923758506775,1.944923758506775,1.944923758506775,1,0.2010309278350516,1,0.2347079037800689,1,0.2347079037800689,True,True,True,1,False,1,2,1
B,R1,2,test,Manganese(II) acetate,parent:DTXSID5027279,2,1;3;5,-1.0;0.0;1.0,9,21,1.7748000621795654,1.7748000621795654,1.7748000621795654,1,0.22577319587628872,1,0.27388316151202763,1,0.27388316151202763,True,True,True,1,False,1,2,1
B,R1,2,test,Manganese(II) acetate,parent:DTXSID5027279,3,1;2;6,-1.0;-0.5228787660598755;1.3010300397872925,9,21,1.4449222087860107,1.4449222087860107,1.4449222087860107,1,0.265979381443299,1,0.3285223367697596,1,0.3285223367697596,True,True,True,1,False,1,2,1
B,R1,2,test,Manganese(II) acetate,parent:DTXSID5027279,4,0;1;3,-1.5228787660598755;-1.0;0.0,9,21,1.7748000621795654,1.7748000621795654,1.7748000621795654,1,0.22577319587628872,1,0.27388316151202763,1,0.27388316151202763,True,True,True,1,False,1,2,1
B,R1,2,test,Mercuric chloride,DTXSID5020811,0,1;2;7,-2.0;-1.5228787660598755;1.0,12,42,6.978609561920166,6.998427513747881,6.978609561920166,0,0.3628865979381446,0,0.32542955326460477,0,0.32542955326460477,True,True,True,0,True,0,2,1
B,R1,2,test,Mercuric chloride,DTXSID5020811,1,2;4;7,-1.5228787660598755;-0.5228787660598755;1.0,15,42,6.978609561920166,7.079985634489044,6.978609561920166,0,0.37113402061855694,0,0.32542955326460477,0,0.32542955326460477,True,True,True,0,True,0,2,1
B,R1,2,test,Mercuric chloride,DTXSID5020811,2,0;4;8,-2.522878646850586;-0.5228787660598755;1.3010300397872925,12,42,6.978609561920166,6.978609561920166,6.978609561920166,0,0.35841924398625435,0,0.32542955326460477,0,0.32542955326460477,True,True,True,0,True,0,2,1
B,R1,2,test,Mercuric chloride,DTXSID5020811,3,0;3;6,-2.522878646850586;-1.0;0.4771212637424469,15,42,6.6767191886901855,6.760246181525785,6.6767191886901855,0,0.3319587628865981,0,0.29347079037800694,0,0.29347079037800694,True,True,True,0,True,0,2,1
B,R1,2,test,Mercuric chloride,DTXSID5020811,4,1;6;7,-2.0;0.4771212637424469;1.0,12,42,6.978609561920166,6.978609561920166,6.978609561920166,0,0.35841924398625435,0,0.32542955326460477,0,0.32542955326460477,True,True,True,0,True,0,2,1
B,R1,2,test,Methamidophos,DTXSID6024177,0,1;4;6,-0.5228787660598755;1.0;2.0,17,41,3.3782882690429688,3.3782882690429688,3.3782882690429688,0,0.07010309278350524,0,0.07010309278350513,0,0.07010309278350513,True,True,True,0,True,0,2,1
B,R1,2,test,Methamidophos,DTXSID6024177,1,4;5;6,1.0;1.4771212339401245;2.0,17,41,3.3782882690429688,3.3782882690429688,3.3782882690429688,0,0.07010309278350524,0,0.07010309278350513,0,0.07010309278350513,True,True,True,0,True,0,2,1
B,R1,2,test,Methamidophos,DTXSID6024177,2,3;4;6,0.4771212637424469;1.0;2.0,17,41,3.3782882690429688,3.3782882690429688,3.3782882690429688,0,0.07010309278350524,0,0.07010309278350513,0,0.07010309278350513,True,True,True,0,True,0,2,1
B,R1,2,test,Methamidophos,DTXSID6024177,3,0;1;3,-1.0;-0.5228787660598755;0.4771212637424469,18,41,2.5957703590393066,2.5957703590393066,2.5957703590393066,1,0.07010309278350518,1,0.08109965635738836,1,0.08109965635738836,True,False,False,1,False,0,2,1
B,R1,2,test,Methamidophos,DTXSID6024177,4,1;2;6,-0.5228787660598755;0.0;2.0,17,41,3.3782882690429688,3.3782882690429688,3.3782882690429688,0,0.07010309278350524,0,0.07010309278350513,0,0.07010309278350513,True,True,True,0,True,0,2,1
B,R1,2,test,Methylmercuric(II) chloride,DTXSID5020813,0,1;4;6,-1.5228787660598755;0.0;1.0,9,21,10.0,10.00183929207537,10.0,0,0.686597938144329,0,0.5893470790377997,0,0.5893470790377997,True,True,True,0,True,0,2,1
B,R1,2,test,Methylmercuric(II) chloride,DTXSID5020813,1,3;4;5,-0.5228787660598755;0.0;0.4771212637424469,9,21,10.0,10.0,10.0,0,0.6487972508591057,0,0.5893470790377997,0,0.5893470790377997,True,True,True,0,True,0,2,1
B,R1,2,test,Methylmercuric(II) chloride,DTXSID5020813,2,0;1;6,-2.0;-1.5228787660598755;1.0,9,21,10.0,10.0,10.0,0,0.6487972508591057,0,0.5893470790377997,0,0.5893470790377997,True,True,True,0,True,0,2,1
B,R1,2,test,Methylmercuric(II) chloride,DTXSID5020813,3,0;2;6,-2.0;-1.0;1.0,9,21,10.0,10.0,10.0,0,0.6487972508591057,0,0.5893470790377997,0,0.5893470790377997,True,True,True,0,True,0,2,1
B,R1,2,test,Methylmercuric(II) chloride,DTXSID5020813,4,1;2;5,-1.5228787660598755;-1.0;0.4771212637424469,9,21,10.0,10.00059355264851,10.0,0,0.686597938144329,0,0.5893470790377997,0,0.5893470790377997,True,True,True,0,True,0,2,1
B,R1,2,test,Mevastatin,DTXSID4040684,0,1;4;6,-1.0;0.4771212637424469;1.4771212339401245,21,45,8.710358619689941,8.710358619689941,8.710358619689941,0,0.5264604810996559,0,0.4680412371134015,0,0.4680412371134015,True,True,True,0,True,0,2,1
B,R1,2,test,Mevastatin,DTXSID4040684,1,1;3;4,-1.0;0.0;0.4771212637424469,21,45,8.078546524047852,8.748663708687461,8.078546524047852,0,0.5264604810996559,0,0.4171821305841922,0,0.4171821305841922,True,True,True,0,True,0,2,1
B,R1,2,test,Mevastatin,DTXSID4040684,2,1;3;5,-1.0;0.0;1.0,21,45,10.0,10.0,10.0,0,0.6487972508591057,0,0.5893470790377997,0,0.5893470790377997,True,True,True,0,True,0,2,1
B,R1,2,test,Mevastatin,DTXSID4040684,3,1;2;3,-1.0;-0.5228787660598755;0.0,21,45,7.381742477416992,9.770664080250619,7.381742477416992,0,0.5986254295532639,0,0.3553264604810995,0,0.3553264604810995,True,True,True,0,True,0,2,1
B,R1,2,test,Mevastatin,DTXSID4040684,4,1;3;6,-1.0;0.0;1.4771212339401245,21,45,8.710358619689941,8.710358619689941,8.710358619689941,0,0.5264604810996559,0,0.4680412371134015,0,0.4680412371134015,True,True,True,0,True,0,2,1
B,R1,2,test,Mirex,DTXSID7020895,0,2;4;6,-0.5228787660598755;0.4771212637424469;1.3010300397872925,9,21,8.155792236328125,8.155792236328125,8.155792236328125,0,0.4848797250859105,0,0.43367697594501686,0,0.43367697594501686,True,True,True,0,True,0,2,1
B,R1,2,test,Mirex,DTXSID7020895,1,0;3;5,-1.5228787660598755;0.0;1.0,9,21,8.155792236328125,8.28388768092234,8.155792236328125,0,0.5003436426116836,0,0.43367697594501686,0,0.43367697594501686,True,True,True,0,True,0,2,1
B,R1,2,test,Mirex,DTXSID7020895,2,0;1;6,-1.5228787660598755;-1.0;1.3010300397872925,9,21,8.155792236328125,8.155792236328125,8.155792236328125,0,0.4848797250859105,0,0.43367697594501686,0,0.43367697594501686,True,True,True,0,True,0,2,1
B,R1,2,test,Mirex,DTXSID7020895,3,3;4;6,0.0;0.4771212637424469;1.3010300397872925,9,21,8.155792236328125,8.155792236328125,8.155792236328125,0,0.4848797250859105,0,0.43367697594501686,0,0.43367697594501686,True,True,True,0,True,0,2,1
B,R1,2,test,Mirex,DTXSID7020895,4,1;3;4,-1.0;0.0;0.4771212637424469,9,21,6.882063865661621,7.66508853996381,6.882063865661621,0,0.4192439862542957,0,0.3017182130584193,0,0.3017182130584193,True,True,True,0,True,0,2,1
B,R1,2,test,"Octachloro-4,7-methanotetrahydroindane",DTXSID7020267,0,3;5;6,0.0;1.0;1.3010300397872925,9,21,8.155792236328125,8.155792236328125,8.155792236328125,0,0.4848797250859105,0,0.43367697594501686,0,0.43367697594501686,True,True,True,0,True,0,2,1
B,R1,2,test,"Octachloro-4,7-methanotetrahydroindane",DTXSID7020267,1,1;3;6,-1.0;0.0;1.3010300397872925,9,21,8.155792236328125,8.155792236328125,8.155792236328125,0,0.4848797250859105,0,0.43367697594501686,0,0.43367697594501686,True,True,True,0,True,0,2,1
B,R1,2,test,"Octachloro-4,7-methanotetrahydroindane",DTXSID7020267,2,2;3;6,-0.5228787660598755;0.0;1.3010300397872925,9,21,8.155792236328125,8.155792236328125,8.155792236328125,0,0.4848797250859105,0,0.43367697594501686,0,0.43367697594501686,True,True,True,0,True,0,2,1
B,R1,2,test,"Octachloro-4,7-methanotetrahydroindane",DTXSID7020267,3,2;5;6,-0.5228787660598755;1.0;1.3010300397872925,9,21,8.155792236328125,8.155792236328125,8.155792236328125,0,0.4848797250859105,0,0.43367697594501686,0,0.43367697594501686,True,True,True,0,True,0,2,1
B,R1,2,test,"Octachloro-4,7-methanotetrahydroindane",DTXSID7020267,4,0;3;6,-1.5228787660598755;0.0;1.3010300397872925,9,21,8.155792236328125,8.155792236328125,8.155792236328125,0,0.4848797250859105,0,0.43367697594501686,0,0.43367697594501686,True,True,True,0,True,0,2,1
B,R1,2,test,Parathion,DTXSID7021100,0,0;2;3,-1.5228787660598755;-0.5228787660598755;0.0,18,42,2.3730080127716064,4.051045234652462,2.3730080127716064,0,0.1670103092783506,1,0.16563573883161525,1,0.16151202749140903,True,False,False,1,False,1,2,1
B,R1,2,test,Parathion,DTXSID7021100,1,1;2;3,-1.0;-0.5228787660598755;0.0,18,42,2.3730080127716064,3.863171943652679,2.3730080127716064,0,0.13195876288659802,1,0.16563573883161525,1,0.16151202749140903,True,False,False,1,False,1,2,1
B,R1,2,test,Parathion,DTXSID7021100,2,2;3;6,-0.5228787660598755;0.0;1.3010300397872925,18,42,2.3730080127716064,2.3730080127716064,2.3730080127716064,1,0.14020618556701037,1,0.16563573883161525,1,0.16151202749140903,True,False,False,1,False,1,2,1
B,R1,2,test,Parathion,DTXSID7021100,3,0;3;6,-1.5228787660598755;0.0;1.3010300397872925,18,42,1.944944143295288,1.944944143295288,1.944944143295288,1,0.2010309278350516,1,0.2347079037800689,1,0.2347079037800689,True,True,True,1,False,1,2,1
B,R1,2,test,Parathion,DTXSID7021100,4,3;5;6,0.0;1.0;1.3010300397872925,18,42,2.168982982635498,2.168982982635498,2.168982982635498,1,0.16494845360824748,1,0.19243986254295548,1,0.19243986254295548,True,True,True,1,False,1,2,1
B,R1,2,test,Prallethrin,DTXSID0032572,0,0;1;2,-1.5228787660598755;-1.0;-0.5228787660598755,9,21,2.3970437049865723,2.946481494893063,2.3970437049865723,1,0.010309278350515427,1,0.15738831615120286,1,0.15326460481099669,False,False,False,1,False,0,2,1
B,R1,2,test,Prallethrin,DTXSID0032572,1,0;1;5,-1.5228787660598755;-1.0;1.0,9,21,6.4872870445251465,6.4872870445251465,6.4872870445251465,0,0.32164948453608266,0,0.29278350515463925,0,0.29278350515463925,True,True,True,0,True,0,2,1
B,R1,2,test,Prallethrin,DTXSID0032572,2,0;4;6,-1.5228787660598755;0.4771212637424469;1.3010300397872925,9,21,8.400038719177246,8.400038719177246,8.400038719177246,0,0.508591065292096,0,0.45223367697594463,0,0.45223367697594463,True,True,True,0,True,0,2,1
B,R1,2,test,Prallethrin,DTXSID0032572,3,0;2;4,-1.5228787660598755;-0.5228787660598755;0.4771212637424469,9,21,4.850368499755859,6.362358353806874,4.850368499755859,0,0.30927835051546415,0,0.21649484536082486,0,0.21649484536082486,True,True,True,0,True,0,2,1
B,R1,2,test,Prallethrin,DTXSID0032572,4,1;2;4,-1.0;-0.5228787660598755;0.4771212637424469,9,21,4.850368499755859,6.527288225575574,4.850368499755859,0,0.32164948453608266,0,0.21649484536082486,0,0.21649484536082486,True,True,True,0,True,0,2,1
B,R1,2,test,Reserpine,DTXSID7021237,0,0;1;3,-1.5228787660598755;-1.0;0.0,9,21,3.4692800045013428,4.77657992175757,3.4692800045013428,0,0.22474226804123731,0,0.07628865979381438,0,0.07628865979381438,True,True,True,0,True,0,2,1
B,R1,2,test,Reserpine,DTXSID7021237,1,0;1;2,-1.5228787660598755;-1.0;-0.5228787660598755,9,21,2.202489137649536,4.117659672786834,2.202489137649536,0,0.1670103092783506,1,0.1780068728522338,1,0.1780068728522338,True,False,False,1,False,0,2,1
B,R1,2,test,Reserpine,DTXSID7021237,2,2;3;6,-0.5228787660598755;0.0;1.3010300397872925,9,21,10.0,10.0,10.0,0,0.6487972508591057,0,0.5893470790377997,0,0.5893470790377997,True,True,True,0,True,0,2,1
B,R1,2,test,Reserpine,DTXSID7021237,3,2;3;4,-0.5228787660598755;0.0;0.4771212637424469,9,21,5.343961238861084,6.813895371722238,5.343961238861084,0,0.3319587628865981,0,0.2536082474226805,0,0.2536082474226805,True,True,True,0,True,0,2,1
B,R1,2,test,Reserpine,DTXSID7021237,4,0;3;4,-1.5228787660598755;0.0;0.4771212637424469,9,21,5.343961238861084,6.756805597323059,5.343961238861084,0,0.3319587628865981,0,0.2536082474226805,0,0.2536082474226805,True,True,True,0,True,0,2,1
B,R1,2,test,Sodium arsenite,DTXSID5020104,0,1;2;5,-1.0;-0.5228787660598755;1.0,9,21,10.0,10.0,10.0,0,0.6487972508591057,0,0.5893470790377997,0,0.5893470790377997,True,True,True,0,True,0,2,1
B,R1,2,test,Sodium arsenite,DTXSID5020104,1,0;1;3,-1.5228787660598755;-1.0;0.0,9,21,5.581811904907227,7.150733308386394,5.581811904907227,0,0.3731958762886599,0,0.26597938144329913,0,0.26597938144329913,True,True,True,0,True,0,2,1
B,R1,2,test,Sodium arsenite,DTXSID5020104,2,0;1;6,-1.5228787660598755;-1.0;1.4771212339401245,9,21,10.0,10.0,10.0,0,0.6487972508591057,0,0.5893470790377997,0,0.5893470790377997,True,True,True,0,True,0,2,1
B,R1,2,test,Sodium arsenite,DTXSID5020104,3,1;4;5,-1.0;0.4771212637424469;1.0,9,21,10.0,10.0,10.0,0,0.6487972508591057,0,0.5893470790377997,0,0.5893470790377997,True,True,True,0,True,0,2,1
B,R1,2,test,Sodium arsenite,DTXSID5020104,4,0;3;4,-1.5228787660598755;0.0;0.4771212637424469,9,21,10.0,10.0,10.0,0,0.6487972508591057,0,0.5893470790377997,0,0.5893470790377997,True,True,True,0,True,0,2,1
B,R1,2,test,Tebuconazole,DTXSID9032113,0,4;5;6,0.4771212637424469;1.0;1.4771212339401245,6,14,9.646087646484375,9.646087646484375,9.646087646484375,0,0.5924398625429547,0,0.5257731958762879,0,0.5257731958762879,True,True,True,0,True,0,2,1
B,R1,2,test,Tebuconazole,DTXSID9032113,1,0;2;4,-1.5228787660598755;-0.5228787660598755;0.4771212637424469,6,14,7.080837726593018,7.080837726593018,7.080837726593018,0,0.37113402061855694,0,0.3429553264604811,0,0.3429553264604811,True,True,True,0,True,0,2,1
B,R1,2,test,Tebuconazole,DTXSID9032113,2,0;3;6,-1.5228787660598755;0.0;1.4771212339401245,6,14,9.646087646484375,9.646087646484375,9.646087646484375,0,0.5924398625429547,0,0.5257731958762879,0,0.5257731958762879,True,True,True,0,True,0,2,1
B,R1,2,test,Tebuconazole,DTXSID9032113,3,0;2;3,-1.5228787660598755;-0.5228787660598755;0.0,6,14,7.080837726593018,7.080837726593018,7.080837726593018,0,0.37113402061855694,0,0.3429553264604811,0,0.3429553264604811,True,True,True,0,True,0,2,1
B,R1,2,test,Tebuconazole,DTXSID9032113,4,1;3;4,-1.0;0.0;0.4771212637424469,6,14,5.448580741882324,6.855240075148567,5.448580741882324,0,0.3319587628865981,0,0.2597938144329899,0,0.2597938144329899,True,True,True,0,True,0,2,1
B,R1,2,test,Terbutaline hemisulfate,DTXSID3045437,0,0;2;6,-1.5228787660598755;-0.5228787660598755;1.4771212339401245,9,21,1.556390643119812,1.556390643119812,1.556390643119812,1,0.23711340206185572,1,0.2975945017182132,1,0.2975945017182132,True,True,True,1,False,1,2,1
B,R1,2,test,Terbutaline hemisulfate,DTXSID3045437,1,0;3;6,-1.5228787660598755;0.0;1.4771212339401245,9,21,2.502774397532145,2.502774397532145,2.502774397532145,1,0.11958762886597946,1,0.13264604810996578,1,0.13058419243986263,True,False,False,1,False,1,2,1
B,R1,2,test,Terbutaline hemisulfate,DTXSID3045437,2,2;3;4,-0.5228787660598755;0.0;0.4771212637424469,9,21,2.502774397532145,2.502774397532145,2.502774397532145,1,0.11958762886597946,1,0.13264604810996578,1,0.13058419243986263,True,False,False,1,False,1,2,1
B,R1,2,test,Terbutaline hemisulfate,DTXSID3045437,3,3;4;5,0.0;0.4771212637424469;1.0,9,21,2.502774397532145,2.502774397532145,2.502774397532145,1,0.11958762886597946,1,0.13264604810996578,1,0.13058419243986263,True,False,False,1,False,1,2,1
B,R1,2,test,Terbutaline hemisulfate,DTXSID3045437,4,1;2;5,-1.0;-0.5228787660598755;1.0,9,21,2.3442255655924478,2.384390487606542,2.3442255655924478,1,0.14020618556701037,1,0.17388316151202762,1,0.16975945017182142,True,False,False,1,False,1,2,1
B,R1,2,test,Tetraethylthiuram disulfide,DTXSID1021322,0,3;4;11,-2.522878646850586;-2.0;1.3010300397872925,18,84,7.567954063415527,7.801462134517983,7.567954063415527,0,0.44398625429553273,0,0.36151202749140887,0,0.36151202749140887,True,True,True,0,True,0,2,1
B,R1,2,test,Tetraethylthiuram disulfide,DTXSID1021322,1,1;5;6,-3.522878646850586;-1.5228787660598755;-1.0,30,84,6.46605110168457,10.251279236665312,6.46605110168457,0,0.7010309278350506,0,0.29278350515463925,0,0.29278350515463925,True,True,True,0,True,0,2,1
B,R1,2,test,Tetraethylthiuram disulfide,DTXSID1021322,2,2;4;5,-3.0;-2.0;-1.5228787660598755,24,84,1.5293948650360107,8.648265140968615,1.5293948650360107,0,0.5250859106529207,1,0.3017182130584194,1,0.3017182130584194,True,True,True,1,False,0,2,1
B,R1,2,test,Tetraethylthiuram disulfide,DTXSID1021322,3,1;3;10,-3.522878646850586;-2.522878646850586;1.0,18,84,7.567954063415527,7.742740893170561,7.567954063415527,0,0.4336769759450172,0,0.36151202749140887,0,0.36151202749140887,True,True,True,0,True,0,2,1
B,R1,2,test,Tetraethylthiuram disulfide,DTXSID1021322,4,4;7;8,-2.0;-0.5228787660598755;0.0,21,84,10.0,10.0,10.0,0,0.6487972508591057,0,0.5893470790377997,0,0.5893470790377997,True,True,True,0,True,0,2,1
B,R1,2,test,Tetramethrin,DTXSID6032649,0,1;2;5,-1.0;-0.5228787660598755;1.0,9,21,3.1340129375457764,3.161621184749781,3.1340129375457764,0,0.024742268041237137,0,0.020618556701030966,0,0.020618556701030966,True,True,True,0,True,0,2,1
B,R1,2,test,Tetramethrin,DTXSID6032649,1,0;3;4,-1.5228787660598755;0.0;0.4771212637424469,9,21,2.305171012878418,2.305171012878418,2.305171012878418,1,0.14639175257731962,1,0.17388316151202762,1,0.1718213058419245,True,False,False,1,False,0,2,1
B,R1,2,test,Tetramethrin,DTXSID6032649,2,1;3;6,-1.0;0.0;1.3010300397872925,9,21,4.306756496429443,4.306756496429443,4.306756496429443,0,0.1793814432989692,0,0.16907216494845367,0,0.16907216494845367,True,True,True,0,True,0,2,1
B,R1,2,test,Tetramethrin,DTXSID6032649,3,3;5;6,0.0;1.0;1.3010300397872925,9,21,4.306756496429443,4.306756496429443,4.306756496429443,0,0.1793814432989692,0,0.16907216494845367,0,0.16907216494845367,True,True,True,0,True,0,2,1
B,R1,2,test,Tetramethrin,DTXSID6032649,4,0;3;5,-1.5228787660598755;0.0;1.0,9,21,3.1340129375457764,3.1340129375457764,3.1340129375457764,0,0.024742268041237137,0,0.020618556701030966,0,0.020618556701030966,True,True,True,0,True,0,2,1
B,R1,2,test,Tribufos,DTXSID1024174,0,1;4;5,-0.5228787660598755;1.0;1.4771212339401245,9,21,4.558165550231934,5.043420255430764,4.558165550231934,0,0.24948453608247434,0,0.18969072164948464,0,0.18969072164948464,True,True,True,0,True,0,2,1
B,R1,2,test,Tribufos,DTXSID1024174,1,0;4;6,-1.0;1.0;2.0,9,21,9.800025939941406,9.800025939941406,9.800025939941406,0,0.5986254295532639,0,0.5319587628865972,0,0.5319587628865972,True,True,True,0,True,0,2,1
B,R1,2,test,Tribufos,DTXSID1024174,2,3;5;6,0.4771212637424469;1.4771212339401245;2.0,9,21,9.800025939941406,9.800025939941406,9.800025939941406,0,0.5986254295532639,0,0.5319587628865972,0,0.5319587628865972,True,True,True,0,True,0,2,1
B,R1,2,test,Tribufos,DTXSID1024174,3,0;1;5,-1.0;-0.5228787660598755;1.4771212339401245,9,21,4.558165550231934,5.197225829234477,4.558165550231934,0,0.2762886597938147,0,0.18969072164948464,0,0.18969072164948464,True,True,True,0,True,0,2,1
B,R1,2,test,Tribufos,DTXSID1024174,4,2;3;4,0.0;0.4771212637424469;1.0,9,21,2.44297456741333,2.44297456741333,2.44297456741333,1,0.13195876288659797,1,0.14914089347079051,1,0.1450171821305843,True,False,False,1,False,0,2,1
B,R1,2,test,Trichlorfon,DTXSID0021389,0,1;5;6,-0.5228787660598755;1.4771212339401245;2.0,9,21,9.800025939941406,9.800025939941406,9.800025939941406,0,0.5986254295532639,0,0.5319587628865972,0,0.5319587628865972,True,True,True,0,True,0,2,1
B,R1,2,test,Trichlorfon,DTXSID0021389,1,3;5;6,0.4771212637424469;1.4771212339401245;2.0,9,21,9.800025939941406,9.800025939941406,9.800025939941406,0,0.5986254295532639,0,0.5319587628865972,0,0.5319587628865972,True,True,True,0,True,0,2,1
B,R1,2,test,Trichlorfon,DTXSID0021389,2,0;3;4,-1.0;0.4771212637424469;1.0,9,21,4.632521629333496,6.753917230124614,4.632521629333496,0,0.3319587628865981,0,0.20000000000000007,0,0.20000000000000007,True,True,True,0,True,0,2,1
B,R1,2,test,Trichlorfon,DTXSID0021389,3,0;4;6,-1.0;1.0;2.0,9,21,9.800025939941406,9.800025939941406,9.800025939941406,0,0.5986254295532639,0,0.5319587628865972,0,0.5319587628865972,True,True,True,0,True,0,2,1
B,R1,2,test,Trichlorfon,DTXSID0021389,4,2;4;5,0.0;1.0;1.4771212339401245,9,21,4.632521629333496,5.999692254015047,4.632521629333496,0,0.30721649484536107,0,0.20000000000000007,0,0.20000000000000007,True,True,True,0,True,0,2,1
B,R1,2,test,Trifloxystrobin,DTXSID4032580,0,2;7;8,-2.0;0.4771212637424469;1.0,9,42,10.0,10.0,10.0,0,0.6487972508591057,0,0.5893470790377997,0,0.5893470790377997,True,True,True,0,True,0,2,1
B,R1,2,test,Trifloxystrobin,DTXSID4032580,1,2;8;9,-2.0;1.0;1.3010300397872925,9,42,10.0,10.0,10.0,0,0.6487972508591057,0,0.5893470790377997,0,0.5893470790377997,True,True,True,0,True,0,2,1
B,R1,2,test,Trifloxystrobin,DTXSID4032580,2,2;6;9,-2.0;0.0;1.3010300397872925,12,42,10.0,10.0,10.0,0,0.6487972508591057,0,0.5893470790377997,0,0.5893470790377997,True,True,True,0,True,0,2,1
B,R1,2,test,Trifloxystrobin,DTXSID4032580,3,0;5;9,-3.0;-0.5228787660598755;1.3010300397872925,12,42,10.0,10.0,10.0,0,0.6487972508591057,0,0.5893470790377997,0,0.5893470790377997,True,True,True,0,True,0,2,1
B,R1,2,test,Trifloxystrobin,DTXSID4032580,4,1;2;9,-2.522878646850586;-2.0;1.3010300397872925,9,42,10.0,10.022660038978097,10.0,0,0.6927835051546384,0,0.5893470790377997,0,0.5893470790377997,True,True,True,0,True,0,2,1
B,R1,2,test,Tris(methylphenyl) phosphate,DTXSID4021391,0,2;3;6,-0.5228787660598755;0.0;1.3010300397872925,9,21,3.1903162002563477,3.1903162002563477,3.1903162002563477,0,0.039175257731958846,0,0.03711340206185565,0,0.03711340206185565,True,True,True,0,True,0,2,1
B,R1,2,test,Tris(methylphenyl) phosphate,DTXSID4021391,1,2;3;5,-0.5228787660598755;0.0;1.0,9,21,2.062562942504883,2.062562942504883,2.062562942504883,1,0.1855670103092784,1,0.2130584192439864,1,0.2130584192439864,True,True,True,1,False,0,2,1
B,R1,2,test,Tris(methylphenyl) phosphate,DTXSID4021391,2,0;3;5,-1.5228787660598755;0.0;1.0,9,21,2.062562942504883,2.062562942504883,2.062562942504883,1,0.1855670103092784,1,0.2130584192439864,1,0.2130584192439864,True,True,True,1,False,0,2,1
B,R1,2,test,Tris(methylphenyl) phosphate,DTXSID4021391,3,1;3;6,-1.0;0.0;1.3010300397872925,9,21,3.1903162002563477,3.1903162002563477,3.1903162002563477,0,0.039175257731958846,0,0.03711340206185565,0,0.03711340206185565,True,True,True,0,True,0,2,1
B,R1,2,test,Tris(methylphenyl) phosphate,DTXSID4021391,4,0;1;4,-1.5228787660598755;-1.0;0.4771212637424469,9,21,1.470545768737793,1.470545768737793,1.470545768737793,1,0.265979381443299,1,0.3285223367697596,1,0.3285223367697596,True,True,True,1,False,0,2,1
B,R1,2,test,"o,p'-DDT",parent:DTXSID4020375,0,0;3;6,-1.5228787660598755;0.0;1.3010300397872925,9,21,8.8187837600708,8.8187837600708,8.8187837600708,0,0.5357388316151199,0,0.4752577319587624,0,0.4752577319587624,True,True,True,0,True,0,2,1
B,R1,2,test,"o,p'-DDT",parent:DTXSID4020375,1,0;4;5,-1.5228787660598755;0.4771212637424469;1.0,9,21,8.8187837600708,8.8187837600708,8.8187837600708,0,0.5357388316151199,0,0.4752577319587624,0,0.4752577319587624,True,True,True,0,True,0,2,1
B,R1,2,test,"o,p'-DDT",parent:DTXSID4020375,2,2;4;6,-0.5228787660598755;0.4771212637424469;1.3010300397872925,9,21,8.8187837600708,8.8187837600708,8.8187837600708,0,0.5357388316151199,0,0.4752577319587624,0,0.4752577319587624,True,True,True,0,True,0,2,1
B,R1,2,test,"o,p'-DDT",parent:DTXSID4020375,3,3;4;6,0.0;0.4771212637424469;1.3010300397872925,9,21,8.8187837600708,8.8187837600708,8.8187837600708,0,0.5357388316151199,0,0.4752577319587624,0,0.4752577319587624,True,True,True,0,True,0,2,1
B,R1,2,test,"o,p'-DDT",parent:DTXSID4020375,4,0;4;6,-1.5228787660598755;0.4771212637424469;1.3010300397872925,9,21,8.8187837600708,8.8187837600708,8.8187837600708,0,0.5357388316151199,0,0.4752577319587624,0,0.4752577319587624,True,True,True,0,True,0,2,1
B,R1,3,test,1-Methyl-4-phenylpyridinium iodide,DTXSID40880040,0,0;1;3,-2.0;-1.5228787660598755;-0.5228787660598755,9,21,1.615286111831665,3.311742964418527,1.615286111831665,0,0.04948453608247427,1,0.30584192439862556,1,0.30584192439862556,False,True,True,1,False,0,3,1
B,R1,3,test,1-Methyl-4-phenylpyridinium iodide,DTXSID40880040,1,0;2;5,-2.0;-1.0;0.4771212637424469,9,21,2.7266664505004883,3.4540662887889306,2.7266664505004883,0,0.07216494845360832,1,0.04742268041237113,1,0.04742268041237113,False,False,False,1,False,0,3,1
B,R1,3,test,1-Methyl-4-phenylpyridinium iodide,DTXSID40880040,2,0;1;5,-2.0;-1.5228787660598755;0.4771212637424469,9,21,2.7266664505004883,3.2389882319185315,2.7266664505004883,0,0.035051546391752675,1,0.04742268041237113,1,0.04742268041237113,False,False,False,1,False,0,3,1
B,R1,3,test,1-Methyl-4-phenylpyridinium iodide,DTXSID40880040,3,0;3;6,-2.0;-0.5228787660598755;1.0,9,21,7.574860572814941,7.574860572814941,7.574860572814941,0,0.40893470790378017,0,0.35326460481099653,0,0.35326460481099653,True,True,True,0,True,0,3,1
B,R1,3,test,1-Methyl-4-phenylpyridinium iodide,DTXSID40880040,4,0;1;4,-2.0;-1.5228787660598755;0.0,9,21,1.615286111831665,2.9920021818970635,1.615286111831665,1,0.0,1,0.30584192439862556,1,0.30584192439862556,False,True,True,1,False,0,3,1
B,R1,3,test,"2-Ethylhexyl 2,3,4,5-tetrabromobenzoate",DTXSID9052686,0,0;2;3,-1.5228787660598755;-0.5228787660598755;0.0,9,21,1.5588127374649048,2.0193652650481595,1.5588127374649048,1,0.2030927835051547,1,0.3202749140893472,1,0.3202749140893472,True,True,True,1,False,0,3,1
B,R1,3,test,"2-Ethylhexyl 2,3,4,5-tetrabromobenzoate",DTXSID9052686,1,1;2;4,-1.0;-0.5228787660598755;0.4771212637424469,9,21,2.94816517829895,2.94816517829895,2.94816517829895,1,0.010309278350515427,1,0.010309278350515483,1,0.010309278350515483,False,False,False,1,False,0,3,1
B,R1,3,test,"2-Ethylhexyl 2,3,4,5-tetrabromobenzoate",DTXSID9052686,2,0;3;4,-1.5228787660598755;0.0;0.4771212637424469,9,21,2.94816517829895,3.1308376545900454,2.94816517829895,0,0.02061855670103102,1,0.010309278350515483,1,0.010309278350515483,False,False,False,1,False,0,3,1
B,R1,3,test,"2-Ethylhexyl 2,3,4,5-tetrabromobenzoate",DTXSID9052686,3,3;4;6,0.0;0.4771212637424469;1.3010300397872925,9,21,10.0,10.0,10.0,0,0.6457044673539513,0,0.5800687285223358,0,0.5800687285223358,True,True,True,0,True,0,3,1
B,R1,3,test,"2-Ethylhexyl 2,3,4,5-tetrabromobenzoate",DTXSID9052686,4,2;3;4,-0.5228787660598755;0.0;0.4771212637424469,9,21,2.94816517829895,3.0506132561359705,2.94816517829895,0,0.002061855670103141,1,0.010309278350515483,1,0.010309278350515483,False,False,False,1,False,0,3,1
B,R1,3,test,3-Iodo-2-propynyl-N-butylcarbamate,DTXSID0028038,0,0;3;6,-2.0;-0.5228787660598755;1.0,27,84,8.481023788452148,8.481023788452148,8.481023788452148,0,0.507903780068728,0,0.45017182130584155,0,0.45017182130584155,True,True,True,0,True,0,3,1
B,R1,3,test,3-Iodo-2-propynyl-N-butylcarbamate,DTXSID0028038,1,4;5;7,0.0;0.4771212637424469;1.3010300397872925,33,84,7.974698543548584,7.974698543548584,7.974698543548584,0,0.4501718213058419,0,0.4027491408934706,0,0.4027491408934706,True,True,True,0,True,0,3,1
B,R1,3,test,3-Iodo-2-propynyl-N-butylcarbamate,DTXSID0028038,2,0;1;6,-2.0;-1.5228787660598755;1.0,27,84,8.481023788452148,8.481023788452148,8.481023788452148,0,0.507903780068728,0,0.45017182130584155,0,0.45017182130584155,True,True,True,0,True,0,3,1
B,R1,3,test,3-Iodo-2-propynyl-N-butylcarbamate,DTXSID0028038,3,3;6;7,-0.5228787660598755;1.0;1.3010300397872925,33,84,8.481023788452148,8.481023788452148,8.481023788452148,0,0.507903780068728,0,0.45017182130584155,0,0.45017182130584155,True,True,True,0,True,0,3,1
B,R1,3,test,3-Iodo-2-propynyl-N-butylcarbamate,DTXSID0028038,4,0;2;3,-2.0;-1.0;-0.5228787660598755,27,84,0.9623570442199707,4.653959584597603,0.9623570442199707,0,0.2268041237113404,1,0.36769759450171835,1,0.36769759450171835,True,True,True,1,False,0,3,1
B,R1,3,test,"5,5-Diphenylhydantoin",DTXSID8020541,0,0;3;5,-1.5228787660598755;0.0;1.0,9,21,1.6655616760253906,1.9491473470645018,1.6655616760253906,1,0.21340206185567015,1,0.2955326460481101,1,0.2955326460481101,True,True,True,1,False,1,3,1
B,R1,3,test,"5,5-Diphenylhydantoin",DTXSID8020541,1,0;2;6,-1.5228787660598755;-0.5228787660598755;1.4771212339401245,9,21,2.731877644856771,2.731877644856771,2.731877644856771,1,0.04329896907216496,1,0.04742268041237113,1,0.04742268041237113,False,False,False,1,False,1,3,1
B,R1,3,test,"5,5-Diphenylhydantoin",DTXSID8020541,2,1;2;4,-1.0;-0.5228787660598755;0.4771212637424469,9,21,1.6898155212402344,1.6898155212402344,1.823436975479126,1,0.2391752577319588,1,0.27388316151202763,1,0.28728522336769774,True,True,True,1,False,1,3,1
B,R1,3,test,"5,5-Diphenylhydantoin",DTXSID8020541,3,1;4;5,-1.0;0.4771212637424469;1.0,9,21,1.6898155212402344,2.563396762536594,1.6898155212402344,1,0.08453608247422681,1,0.28728522336769774,1,0.28728522336769774,True,True,True,1,False,1,3,1
B,R1,3,test,"5,5-Diphenylhydantoin",DTXSID8020541,4,1;2;6,-1.0;-0.5228787660598755;1.4771212339401245,9,21,2.731877644856771,2.731877644856771,2.731877644856771,1,0.04329896907216496,1,0.04742268041237113,1,0.04742268041237113,False,False,False,1,False,1,3,1
B,R1,3,test,6-Methyl-2-thiouracil,DTXSID2020890,0,2;3;6,-0.5228787660598755;0.0;1.3010300397872925,9,21,4.133716106414795,4.133716106414795,4.133716106414795,0,0.16701030927835064,0,0.152577319587629,0,0.152577319587629,True,True,True,0,True,0,3,1
B,R1,3,test,6-Methyl-2-thiouracil,DTXSID2020890,1,0;1;4,-1.5228787660598755;-1.0;0.4771212637424469,9,21,1.6035892963409424,1.7915871585340488,1.6035892963409424,1,0.2298969072164949,1,0.30584192439862556,1,0.30584192439862556,True,True,True,1,False,0,3,1
B,R1,3,test,6-Methyl-2-thiouracil,DTXSID2020890,2,0;5;6,-1.5228787660598755;1.0;1.3010300397872925,9,21,4.133716106414795,4.133716106414795,4.133716106414795,0,0.16701030927835064,0,0.152577319587629,0,0.152577319587629,True,True,True,0,True,0,3,1
B,R1,3,test,6-Methyl-2-thiouracil,DTXSID2020890,3,0;2;6,-1.5228787660598755;-0.5228787660598755;1.3010300397872925,9,21,4.133716106414795,4.133716106414795,4.133716106414795,0,0.16701030927835064,0,0.152577319587629,0,0.152577319587629,True,True,True,0,True,0,3,1
B,R1,3,test,6-Methyl-2-thiouracil,DTXSID2020890,4,0;2;3,-1.5228787660598755;-0.5228787660598755;0.0,9,21,2.0565786361694336,4.082279111484881,2.0565786361694336,0,0.15463917525773213,1,0.22542955326460495,1,0.22336769759450184,True,True,True,1,False,0,3,1
B,R1,3,test,Acenaphthene,DTXSID3021774,0,0;4;6,-1.5228787660598755;0.4771212637424469;1.3010300397872925,9,21,2.588958263397217,2.588958263397217,2.588958263397217,1,0.08041237113402064,1,0.08522336769759459,1,0.08522336769759459,True,False,False,1,False,1,3,1
B,R1,3,test,Acenaphthene,DTXSID3021774,1,0;1;2,-1.5228787660598755;-1.0;-0.5228787660598755,9,21,2.588958263397217,2.588958263397217,2.588958263397217,1,0.08041237113402064,1,0.08522336769759459,1,0.08522336769759459,True,False,False,1,False,1,3,1
B,R1,3,test,Acenaphthene,DTXSID3021774,2,2;4;5,-0.5228787660598755;0.4771212637424469;1.0,9,21,1.719602346420288,1.719602346420288,1.719602346420288,1,0.2391752577319588,1,0.2852233676975946,1,0.2852233676975946,True,True,True,1,False,1,3,1
B,R1,3,test,Acenaphthene,DTXSID3021774,3,1;4;5,-1.0;0.4771212637424469;1.0,9,21,1.719602346420288,1.890577116441919,1.719602346420288,1,0.22164948453608252,1,0.2852233676975946,1,0.2852233676975946,True,True,True,1,False,1,3,1
B,R1,3,test,Acenaphthene,DTXSID3021774,4,0;1;3,-1.5228787660598755;-1.0;0.0,9,21,2.588958263397217,2.588958263397217,2.588958263397217,1,0.08041237113402064,1,0.08522336769759459,1,0.08522336769759459,True,False,False,1,False,1,3,1
B,R1,3,test,Allethrin,parent:DTXSID2039336,0,0;2;5,-1.5228787660598755;-0.5228787660598755;1.0,9,21,5.267374038696289,5.267374038696289,5.267374038696289,0,0.2721649484536085,0,0.241237113402062,0,0.241237113402062,True,True,True,0,True,0,3,1
B,R1,3,test,Allethrin,parent:DTXSID2039336,1,0;1;5,-1.5228787660598755;-1.0;1.0,9,21,5.267374038696289,5.267374038696289,5.267374038696289,0,0.2721649484536085,0,0.241237113402062,0,0.241237113402062,True,True,True,0,True,0,3,1
B,R1,3,test,Allethrin,parent:DTXSID2039336,2,0;1;2,-1.5228787660598755;-1.0;-0.5228787660598755,9,21,3.141587495803833,4.769547487364886,3.141587495803833,0,0.23711340206185583,0,0.02474226804123708,0,0.02474226804123708,True,True,True,0,True,0,3,1
B,R1,3,test,Allethrin,parent:DTXSID2039336,3,3;4;5,0.0;0.4771212637424469;1.0,9,21,5.267374038696289,5.267374038696289,5.267374038696289,0,0.2721649484536085,0,0.241237113402062,0,0.241237113402062,True,True,True,0,True,0,3,1
B,R1,3,test,Allethrin,parent:DTXSID2039336,4,0;3;4,-1.5228787660598755;0.0;0.4771212637424469,9,21,2.703739881515503,3.6915384462645364,2.703739881515503,0,0.1051546391752578,1,0.0680412371134021,1,0.0680412371134021,True,False,False,1,False,0,3,1
B,R1,3,test,Anthracene,DTXSID0023878,0,0;2;4,-1.5228787660598755;-0.5228787660598755;0.4771212637424469,9,21,1.2792483568191528,1.6843186727709176,1.2792483568191528,1,0.2391752577319588,1,0.35945017182130595,1,0.35945017182130595,True,True,True,1,False,1,3,1
B,R1,3,test,Anthracene,DTXSID0023878,1,0;1;4,-1.5228787660598755;-1.0;0.4771212637424469,9,21,1.2792483568191528,1.8515894893122233,1.2792483568191528,1,0.22783505154639178,1,0.35945017182130595,1,0.35945017182130595,True,True,True,1,False,1,3,1
B,R1,3,test,Anthracene,DTXSID0023878,2,0;4;6,-1.5228787660598755;0.4771212637424469;1.3010300397872925,9,21,1.5563340187072754,1.5563340187072754,1.5563340187072754,1,0.2618556701030928,1,0.3202749140893472,1,0.3202749140893472,True,True,True,1,False,1,3,1
B,R1,3,test,Anthracene,DTXSID0023878,3,1;2;5,-1.0;-0.5228787660598755;1.0,9,21,1.5782122611999512,1.5782122611999512,1.5782122611999512,1,0.25360824742268046,1,0.3120274914089348,1,0.3120274914089348,True,True,True,1,False,1,3,1
B,R1,3,test,Anthracene,DTXSID0023878,4,1;2;3,-1.0;-0.5228787660598755;0.0,9,21,2.118433713912964,2.778606805081493,2.118433713912964,1,0.039175257731958735,1,0.21305841924398639,1,0.2109965635738833,False,True,True,1,False,1,3,1
B,R1,3,test,Benzo(b)fluoranthene,DTXSID0023907,0,3;5;6,0.0;1.0;1.3010300397872925,18,41,7.755619525909424,7.755619525909424,7.755619525909424,0,0.43780068728522337,0,0.3862542955326459,0,0.3862542955326459,True,True,True,0,True,0,3,1
B,R1,3,test,Benzo(b)fluoranthene,DTXSID0023907,1,1;4;6,-1.0;0.4771212637424469;1.3010300397872925,17,41,7.755619525909424,7.755619525909424,7.755619525909424,0,0.43780068728522337,0,0.3862542955326459,0,0.3862542955326459,True,True,True,0,True,0,3,1
B,R1,3,test,Benzo(b)fluoranthene,DTXSID0023907,2,1;4;5,-1.0;0.4771212637424469;1.0,17,41,5.613253116607666,6.158770745161213,5.613253116607666,0,0.32577319587628883,0,0.2577319587628867,0,0.2577319587628867,True,True,True,0,True,0,3,1
B,R1,3,test,Benzo(b)fluoranthene,DTXSID0023907,3,0;3;6,-1.5228787660598755;0.0;1.3010300397872925,18,41,7.755619525909424,7.755619525909424,7.755619525909424,0,0.43780068728522337,0,0.3862542955326459,0,0.3862542955326459,True,True,True,0,True,0,3,1
B,R1,3,test,Benzo(b)fluoranthene,DTXSID0023907,4,0;1;2,-1.5228787660598755;-1.0;-0.5228787660598755,18,41,2.1138062477111816,4.77016189954647,2.1138062477111816,0,0.23711340206185583,1,0.21512027491408947,1,0.21305841924398639,True,True,True,1,False,0,3,1
B,R1,3,test,Carbofuran,DTXSID9020249,0,0;3;4,-1.5228787660598755;0.0;0.4771212637424469,18,42,1.4351993799209595,2.983720125740985,1.4351993799209595,1,0.0,1,0.3429553264604812,1,0.3429553264604812,False,True,True,1,False,0,3,1
B,R1,3,test,Carbofuran,DTXSID9020249,1,1;2;6,-1.0;-0.5228787660598755;1.3010300397872925,18,42,6.422983169555664,6.422983169555664,6.422983169555664,0,0.34020618556701043,0,0.27835051546391765,0,0.27835051546391765,True,True,True,0,True,0,3,1
B,R1,3,test,Carbofuran,DTXSID9020249,2,3;4;5,0.0;0.4771212637424469;1.0,18,42,3.1932358741760254,3.244572189782562,3.1932358741760254,0,0.035051546391752675,0,0.03298969072164948,0,0.03298969072164948,True,True,True,0,True,0,3,1
B,R1,3,test,Carbofuran,DTXSID9020249,3,1;2;4,-1.0;-0.5228787660598755;0.4771212637424469,18,42,1.4351993799209595,2.828056181059548,1.4351993799209595,1,0.028865979381443252,1,0.3429553264604812,1,0.3429553264604812,False,True,True,1,False,0,3,1
B,R1,3,test,Carbofuran,DTXSID9020249,4,1;2;3,-1.0;-0.5228787660598755;0.0,18,42,0.7009755373001099,1.0835302053477927,0.7009755373001099,1,0.2989690721649485,1,0.3718213058419245,1,0.3718213058419245,True,True,True,1,False,0,3,1
B,R1,3,test,Chlorendic acid,DTXSID2020268,0,2;3;5,-0.5228787660598755;0.0;1.0,9,21,1.6559489965438843,1.9660936289361097,1.6559489965438843,1,0.21340206185567015,1,0.2955326460481101,1,0.2955326460481101,True,True,True,1,False,1,3,1
B,R1,3,test,Chlorendic acid,DTXSID2020268,1,0;1;4,-1.5228787660598755;-1.0;0.4771212637424469,9,21,2.1480672359466553,2.8310496455614658,2.1480672359466553,1,0.028865979381443252,1,0.20274914089347093,1,0.19862542955326476,False,True,True,1,False,1,3,1
B,R1,3,test,Chlorendic acid,DTXSID2020268,2,1;3;6,-1.0;0.0;1.3010300397872925,9,21,2.532646894454956,2.532646894454956,2.532646894454956,1,0.10309278350515469,1,0.11202749140893481,1,0.11202749140893481,True,False,False,1,False,1,3,1
B,R1,3,test,Chlorendic acid,DTXSID2020268,3,0;4;6,-1.5228787660598755;0.4771212637424469;1.3010300397872925,9,21,2.532646894454956,2.532646894454956,2.532646894454956,1,0.10309278350515469,1,0.11202749140893481,1,0.11202749140893481,True,False,False,1,False,1,3,1
B,R1,3,test,Chlorendic acid,DTXSID2020268,4,0;3;6,-1.5228787660598755;0.0;1.3010300397872925,9,21,2.532646894454956,2.532646894454956,2.532646894454956,1,0.10309278350515469,1,0.11202749140893481,1,0.11202749140893481,True,False,False,1,False,1,3,1
B,R1,3,test,Clodinafop-propargyl,DTXSID6032354,0,2;5;6,-0.5228787660598755;1.0;1.3010300397872925,9,21,1.9753025770187378,1.9753025770187378,1.9753025770187378,1,0.21340206185567015,1,0.25326460481099666,1,0.25326460481099666,True,True,True,1,False,0,3,1
B,R1,3,test,Clodinafop-propargyl,DTXSID6032354,1,1;2;4,-1.0;-0.5228787660598755;0.4771212637424469,9,21,3.2180886268615723,3.2180886268615723,3.2180886268615723,0,0.030927835051546393,0,0.03298969072164948,0,0.03298969072164948,True,True,True,0,True,0,3,1
B,R1,3,test,Clodinafop-propargyl,DTXSID6032354,2,1;4;5,-1.0;0.4771212637424469;1.0,9,21,3.2180886268615723,3.2180886268615723,3.2180886268615723,0,0.030927835051546393,0,0.03298969072164948,0,0.03298969072164948,True,True,True,0,True,0,3,1
B,R1,3,test,Clodinafop-propargyl,DTXSID6032354,3,1;3;6,-1.0;0.0;1.3010300397872925,9,21,3.2180886268615723,3.2180886268615723,3.2180886268615723,0,0.030927835051546393,0,0.03298969072164948,0,0.03298969072164948,True,True,True,0,True,0,3,1
B,R1,3,test,Clodinafop-propargyl,DTXSID6032354,4,1;2;6,-1.0;-0.5228787660598755;1.3010300397872925,9,21,3.2180886268615723,3.2180886268615723,3.2180886268615723,0,0.030927835051546393,0,0.03298969072164948,0,0.03298969072164948,True,True,True,0,True,0,3,1
B,R1,3,test,Cocaine,DTXSID2038443,0,4;5;6,0.4771212637424469;1.0;1.4771212339401245,18,42,3.543567180633545,3.543567180633545,3.543567180633545,0,0.0824742268041238,0,0.0762886597938145,0,0.0762886597938145,True,True,True,0,True,0,3,1
B,R1,3,test,Cocaine,DTXSID2038443,1,2;3;5,-0.5228787660598755;0.0;1.0,18,42,2.998143196105957,3.8829746754005923,2.998143196105957,0,0.13814432989690728,0,0.0,0,0.0,True,False,False,1,False,0,3,1
B,R1,3,test,Cocaine,DTXSID2038443,2,1;2;6,-1.0;-0.5228787660598755;1.4771212339401245,18,42,2.998143196105957,2.998143196105957,2.998143196105957,1,0.0,0,0.0,0,0.0,False,False,False,1,False,0,3,1
B,R1,3,test,Cocaine,DTXSID2038443,3,1;3;6,-1.0;0.0;1.4771212339401245,18,42,2.776158094406128,2.776158094406128,2.776158094406128,1,0.039175257731958735,1,0.041237113402061876,1,0.039175257731958735,False,False,False,1,False,0,3,1
B,R1,3,test,Cocaine,DTXSID2038443,4,3;4;6,0.0;0.4771212637424469;1.4771212339401245,18,42,3.543567180633545,3.543567180633545,3.543567180633545,0,0.0824742268041238,0,0.0762886597938145,0,0.0762886597938145,True,True,True,0,True,0,3,1
B,R1,3,test,Colchicine,DTXSID5024845,0,1;2;3,-1.0;-0.5228787660598755;0.0,9,21,10.0,10.0,10.0,0,0.6457044673539513,0,0.5800687285223358,0,0.5800687285223358,True,True,True,0,True,0,3,1
B,R1,3,test,Colchicine,DTXSID5024845,1,1;2;5,-1.0;-0.5228787660598755;1.0,9,21,10.0,10.0,10.0,0,0.6457044673539513,0,0.5800687285223358,0,0.5800687285223358,True,True,True,0,True,0,3,1
B,R1,3,test,Colchicine,DTXSID5024845,2,4;5;6,0.4771212637424469;1.0;1.4771212339401245,9,21,10.0,10.299459889382332,10.0,0,0.6969072164948444,0,0.5800687285223358,0,0.5800687285223358,True,True,True,0,True,0,3,1
B,R1,3,test,Colchicine,DTXSID5024845,3,2;4;6,-0.5228787660598755;0.4771212637424469;1.4771212339401245,9,21,10.0,10.268814222505329,10.0,0,0.6969072164948444,0,0.5800687285223358,0,0.5800687285223358,True,True,True,0,True,0,3,1
B,R1,3,test,Colchicine,DTXSID5024845,4,1;4;5,-1.0;0.4771212637424469;1.0,9,21,10.0,10.0,10.0,0,0.6457044673539513,0,0.5800687285223358,0,0.5800687285223358,True,True,True,0,True,0,3,1
B,R1,3,test,D-Mannitol,DTXSID1023235,0,0;5;6,-1.5228787660598755;1.0;1.3010300397872925,9,21,2.960042953491211,2.960042953491211,2.960042953491211,1,0.004123711340206171,1,0.006185567010309312,1,0.006185567010309312,False,False,False,1,False,0,3,1
B,R1,3,test,D-Mannitol,DTXSID1023235,1,1;2;3,-1.0;-0.5228787660598755;0.0,9,21,3.3781919479370117,3.3781919479370117,3.3781919479370117,0,0.061855670103092786,0,0.05567010309278353,0,0.05567010309278353,True,True,True,0,True,0,3,1
B,R1,3,test,D-Mannitol,DTXSID1023235,2,2;3;4,-0.5228787660598755;0.0;0.4771212637424469,9,21,3.3781919479370117,3.3781919479370117,3.3781919479370117,0,0.061855670103092786,0,0.05567010309278353,0,0.05567010309278353,True,True,True,0,True,0,3,1
B,R1,3,test,D-Mannitol,DTXSID1023235,3,1;2;4,-1.0;-0.5228787660598755;0.4771212637424469,9,21,3.3781919479370117,3.3781919479370117,3.3781919479370117,0,0.061855670103092786,0,0.05567010309278353,0,0.05567010309278353,True,True,True,0,True,0,3,1
B,R1,3,test,D-Mannitol,DTXSID1023235,4,0;2;6,-1.5228787660598755;-0.5228787660598755;1.3010300397872925,9,21,3.3781919479370117,3.3781919479370117,3.3781919479370117,0,0.061855670103092786,0,0.05567010309278353,0,0.05567010309278353,True,True,True,0,True,0,3,1
B,R1,3,test,Deltamethrin,DTXSID8020381,0,1;2;6,-1.0;-0.5228787660598755;1.4771212339401245,18,42,9.471115112304688,9.471115112304688,9.471115112304688,0,0.5821305841924393,0,0.5154639175257726,0,0.5154639175257726,True,True,True,0,True,0,3,1
B,R1,3,test,Deltamethrin,DTXSID8020381,1,0;2;6,-1.5228787660598755;-0.5228787660598755;1.4771212339401245,18,42,9.471115112304688,9.471115112304688,9.471115112304688,0,0.5821305841924393,0,0.5154639175257726,0,0.5154639175257726,True,True,True,0,True,0,3,1
B,R1,3,test,Deltamethrin,DTXSID8020381,2,0;5;6,-1.5228787660598755;1.0;1.4771212339401245,18,42,10.0,10.0,10.0,0,0.6457044673539513,0,0.5800687285223358,0,0.5800687285223358,True,True,True,0,True,0,3,1
B,R1,3,test,Deltamethrin,DTXSID8020381,3,2;3;4,-0.5228787660598755;0.0;0.4771212637424469,18,42,7.220458984375,7.423281046880225,7.220458984375,0,0.39862542955326485,0,0.33264604810996556,0,0.33264604810996556,True,True,True,0,True,0,3,1
B,R1,3,test,Deltamethrin,DTXSID8020381,4,0;3;6,-1.5228787660598755;0.0;1.4771212339401245,18,42,9.471115112304688,9.471115112304688,9.471115112304688,0,0.5821305841924393,0,0.5154639175257726,0,0.5154639175257726,True,True,True,0,True,0,3,1
B,R1,3,test,Dexamethasone,DTXSID3020384,0,2;4;5,-0.5228787660598755;0.4771212637424469;1.0,9,21,2.532621383666992,2.572937173164469,2.532621383666992,1,0.08453608247422681,1,0.11202749140893481,1,0.11202749140893481,True,False,False,1,False,1,3,1
B,R1,3,test,Dexamethasone,DTXSID3020384,1,2;5;6,-0.5228787660598755;1.0;1.4771212339401245,9,21,2.4535279273986816,2.4535279273986816,2.4535279273986816,1,0.12371134020618563,1,0.13883161512027503,1,0.13883161512027503,True,False,False,1,False,1,3,1
B,R1,3,test,Dexamethasone,DTXSID3020384,2,3;4;6,0.0;0.4771212637424469;1.4771212339401245,9,21,2.532621383666992,2.532621383666992,2.532621383666992,1,0.10309278350515469,1,0.11202749140893481,1,0.11202749140893481,True,False,False,1,False,1,3,1
B,R1,3,test,Dexamethasone,DTXSID3020384,3,0;4;6,-1.5228787660598755;0.4771212637424469;1.4771212339401245,9,21,2.532621383666992,2.532621383666992,2.532621383666992,1,0.10309278350515469,1,0.11202749140893481,1,0.11202749140893481,True,False,False,1,False,1,3,1
B,R1,3,test,Dexamethasone,DTXSID3020384,4,1;3;6,-1.0;0.0;1.4771212339401245,9,21,2.4535279273986816,2.4535279273986816,2.4535279273986816,1,0.12371134020618563,1,0.13883161512027503,1,0.13883161512027503,True,False,False,1,False,1,3,1
B,R1,3,test,"Dibenz[a,c]anthracene",DTXSID9049245,0,1;2;5,-1.0;-0.5228787660598755;1.0,9,21,4.481917381286621,4.85456864296053,4.481917381286621,0,0.2391752577319589,0,0.19175257731958772,0,0.19175257731958772,True,True,True,0,True,0,3,1
B,R1,3,test,"Dibenz[a,c]anthracene",DTXSID9049245,1,0;4;5,-1.5228787660598755;0.4771212637424469;1.0,9,21,4.481917381286621,5.268776201353718,4.481917381286621,0,0.2721649484536085,0,0.19175257731958772,0,0.19175257731958772,True,True,True,0,True,0,3,1
B,R1,3,test,"Dibenz[a,c]anthracene",DTXSID9049245,2,0;1;4,-1.5228787660598755;-1.0;0.4771212637424469,9,21,2.938084920247396,2.938084920247396,2.938084920247396,1,0.014432989690721598,1,0.01443298969072171,1,0.01443298969072171,False,False,False,1,False,0,3,1
B,R1,3,test,"Dibenz[a,c]anthracene",DTXSID9049245,3,0;2;3,-1.5228787660598755;-0.5228787660598755;0.0,9,21,3.2858403523763022,3.2858403523763022,3.2858403523763022,0,0.04329896907216502,0,0.04329896907216496,0,0.04329896907216496,True,True,True,0,True,0,3,1
B,R1,3,test,"Dibenz[a,c]anthracene",DTXSID9049245,4,1;3;6,-1.0;0.0;1.3010300397872925,9,21,4.510590553283691,4.510590553283691,4.510590553283691,0,0.21649484536082486,0,0.19175257731958772,0,0.19175257731958772,True,True,True,0,True,0,3,1
B,R1,3,test,Dicrotophos,DTXSID9023914,0,0;5;6,-1.0;1.4771212339401245;2.0,9,20,1.845680594444275,1.845680594444275,1.845680594444275,1,0.22783505154639178,1,0.26975945017182146,1,0.26975945017182146,True,True,True,1,False,1,3,1
B,R1,3,test,Dicrotophos,DTXSID9023914,1,0;3;5,-1.0;0.4771212637424469;1.4771212339401245,9,20,1.6481072902679443,1.6481072902679443,1.6481072902679443,1,0.24536082474226809,1,0.2955326460481101,1,0.2955326460481101,True,True,True,1,False,1,3,1
B,R1,3,test,Dicrotophos,DTXSID9023914,2,1;3;4,-0.5228787660598755;0.4771212637424469;1.0,9,20,2.078456401824951,2.078456401824951,2.078456401824951,1,0.18969072164948458,1,0.22336769759450187,1,0.22130584192439876,True,True,True,1,False,1,3,1
B,R1,3,test,Dicrotophos,DTXSID9023914,3,0;1;4,-1.0;-0.5228787660598755;1.0,9,20,2.078456401824951,2.096245922426398,2.078456401824951,1,0.1876288659793815,1,0.22336769759450187,1,0.22130584192439876,True,True,True,1,False,1,3,1
B,R1,3,test,Dicrotophos,DTXSID9023914,4,0;3;6,-1.0;0.4771212637424469;2.0,9,20,1.845680594444275,1.845680594444275,1.845680594444275,1,0.22783505154639178,1,0.26975945017182146,1,0.26975945017182146,True,True,True,1,False,1,3,1
B,R1,3,test,Emamectin benzoate,DTXSID0034566,0,3;5;6,-2.522878646850586;-1.5228787660598755;-1.0,12,35,7.803577423095703,8.37687445250821,7.803577423095703,0,0.49965635738831593,0,0.3862542955326459,0,0.3862542955326459,True,True,True,0,True,0,3,1
B,R1,3,test,Emamectin benzoate,DTXSID0034566,1,0;4;6,-4.0;-2.0;-1.0,9,35,7.803577423095703,8.752117289884085,7.803577423095703,0,0.5230240549828175,0,0.3862542955326459,0,0.3862542955326459,True,True,True,0,True,0,3,1
B,R1,3,test,Emamectin benzoate,DTXSID0034566,2,7;8;10,-0.5228787660598755;0.0;1.0,9,35,8.280343055725098,8.280343055725098,8.280343055725098,0,0.4914089347079036,0,0.4419243986254292,0,0.4419243986254292,True,True,True,0,True,0,3,1
B,R1,3,test,Emamectin benzoate,DTXSID0034566,3,2;6;9,-3.0;-1.0;0.4771212637424469,10,35,8.236773490905762,8.236773490905762,8.236773490905762,0,0.4852233676975942,0,0.4419243986254292,0,0.4419243986254292,True,True,True,0,True,0,3,1
B,R1,3,test,Emamectin benzoate,DTXSID0034566,4,0;1;11,-4.0;-3.522878646850586;1.4771212339401245,7,35,8.236773490905762,8.236773490905762,8.236773490905762,0,0.4852233676975942,0,0.4419243986254292,0,0.4419243986254292,True,True,True,0,True,0,3,1
B,R1,3,test,Es-fenvalerate,DTXSID4032667,0,1;4;5,-1.0;0.4771212637424469;1.0,9,21,8.200998306274414,8.200998306274414,8.200998306274414,0,0.4810996563573883,0,0.4378006872852229,0,0.4378006872852229,True,True,True,0,True,0,3,1
B,R1,3,test,Es-fenvalerate,DTXSID4032667,1,1;3;4,-1.0;0.0;0.4771212637424469,9,21,8.065959930419922,8.065959930419922,8.065959930419922,0,0.458419243986254,0,0.40893470790377984,0,0.40893470790377984,True,True,True,0,True,0,3,1
B,R1,3,test,Es-fenvalerate,DTXSID4032667,2,2;5;6,-0.5228787660598755;1.0;1.3010300397872925,9,21,8.200998306274414,8.200998306274414,8.200998306274414,0,0.4810996563573883,0,0.4378006872852229,0,0.4378006872852229,True,True,True,0,True,0,3,1
B,R1,3,test,Es-fenvalerate,DTXSID4032667,3,0;3;6,-1.5228787660598755;0.0;1.3010300397872925,9,21,7.890336513519287,7.890336513519287,7.890336513519287,0,0.43780068728522337,0,0.3862542955326459,0,0.3862542955326459,True,True,True,0,True,0,3,1
B,R1,3,test,Es-fenvalerate,DTXSID4032667,4,1;2;5,-1.0;-0.5228787660598755;1.0,9,21,8.200998306274414,8.200998306274414,8.200998306274414,0,0.4810996563573883,0,0.4378006872852229,0,0.4378006872852229,True,True,True,0,True,0,3,1
B,R1,3,test,Esketamine hydrochloride,DTXSID601027734,0,0;1;4,-1.5228787660598755;-1.0;0.4771212637424469,9,21,3.076564311981201,3.076564311981201,3.076564311981201,0,0.010309278350515538,0,0.012371134020618568,0,0.012371134020618568,True,True,True,0,True,0,3,1
B,R1,3,test,Esketamine hydrochloride,DTXSID601027734,1,2;5;6,-0.5228787660598755;1.0;1.4771212339401245,9,21,5.217926025390625,5.217926025390625,5.217926025390625,0,0.26597938144329913,0,0.2391752577319589,0,0.2391752577319589,True,True,True,0,True,0,3,1
B,R1,3,test,Esketamine hydrochloride,DTXSID601027734,2,1;2;5,-1.0;-0.5228787660598755;1.0,9,21,3.076564311981201,3.076564311981201,3.076564311981201,0,0.010309278350515538,0,0.012371134020618568,0,0.012371134020618568,True,True,True,0,True,0,3,1
B,R1,3,test,Esketamine hydrochloride,DTXSID601027734,3,0;3;4,-1.5228787660598755;0.0;0.4771212637424469,9,21,2.5628371238708496,3.48422599991577,2.5628371238708496,0,0.07835051546391758,1,0.09759450171821316,1,0.09759450171821316,False,False,False,1,False,0,3,1
B,R1,3,test,Esketamine hydrochloride,DTXSID601027734,4,2;3;5,-0.5228787660598755;0.0;1.0,9,21,2.7916078567504883,2.7916078567504883,2.7916078567504883,1,0.03711340206185565,1,0.041237113402061876,1,0.039175257731958735,False,False,False,1,False,0,3,1
B,R1,3,test,Etofenprox,DTXSID9032610,0,0;4;6,-1.5228787660598755;0.4771212637424469;1.3010300397872925,9,21,7.777921199798584,7.777921199798584,7.777921199798584,0,0.43780068728522337,0,0.3862542955326459,0,0.3862542955326459,True,True,True,0,True,0,3,1
B,R1,3,test,Etofenprox,DTXSID9032610,1,1;3;5,-1.0;0.0;1.0,9,21,5.164936542510986,5.4522959003596565,5.164936542510986,0,0.2886597938144332,0,0.2268041237113403,0,0.2268041237113403,True,True,True,0,True,0,3,1
B,R1,3,test,Etofenprox,DTXSID9032610,2,3;4;5,0.0;0.4771212637424469;1.0,9,21,5.164936542510986,5.688371550130029,5.164936542510986,0,0.2969072164948455,0,0.2268041237113403,0,0.2268041237113403,True,True,True,0,True,0,3,1
B,R1,3,test,Etofenprox,DTXSID9032610,3,2;3;4,-0.5228787660598755;0.0;0.4771212637424469,9,21,2.4632339477539062,3.674236451717481,2.4632339477539062,0,0.1051546391752578,1,0.13883161512027503,1,0.13883161512027503,True,False,False,1,False,0,3,1
B,R1,3,test,Etofenprox,DTXSID9032610,4,0;3;4,-1.5228787660598755;0.0;0.4771212637424469,9,21,2.4632339477539062,4.042062513912944,2.4632339477539062,0,0.152577319587629,1,0.13883161512027503,1,0.13883161512027503,True,False,False,1,False,0,3,1
B,R1,3,test,Fenpropathrin,DTXSID0024002,0,3;5;6,0.0;1.0;1.3010300397872925,9,21,8.220418930053711,8.220418930053711,8.220418930053711,0,0.4852233676975942,0,0.4419243986254292,0,0.4419243986254292,True,True,True,0,True,0,3,1
B,R1,3,test,Fenpropathrin,DTXSID0024002,1,2;5;6,-0.5228787660598755;1.0;1.3010300397872925,9,21,8.220418930053711,8.220418930053711,8.220418930053711,0,0.4852233676975942,0,0.4419243986254292,0,0.4419243986254292,True,True,True,0,True,0,3,1
B,R1,3,test,Fenpropathrin,DTXSID0024002,2,1;2;4,-1.0;-0.5228787660598755;0.4771212637424469,9,21,3.5537875493367515,3.5537875493367515,3.5537875493367515,0,0.08865979381443312,0,0.08041237113402055,0,0.08041237113402055,True,True,True,0,True,0,3,1
B,R1,3,test,Fenpropathrin,DTXSID0024002,3,1;4;6,-1.0;0.4771212637424469;1.3010300397872925,9,21,7.890336513519287,7.890336513519287,7.890336513519287,0,0.43780068728522337,0,0.3862542955326459,0,0.3862542955326459,True,True,True,0,True,0,3,1
B,R1,3,test,Fenpropathrin,DTXSID0024002,4,1;3;5,-1.0;0.0;1.0,9,21,8.220418930053711,8.220418930053711,8.220418930053711,0,0.4852233676975942,0,0.4419243986254292,0,0.4419243986254292,True,True,True,0,True,0,3,1
B,R1,3,test,Firemaster 550,DTXSID70880073,0,0;3;6,-1.5228787660598755;0.0;1.3010300397872925,9,21,6.042718887329102,6.042718887329102,6.042718887329102,0,0.32371134020618575,0,0.2721649484536084,0,0.2721649484536084,True,True,True,0,True,0,3,1
B,R1,3,test,Firemaster 550,DTXSID70880073,1,0;4;6,-1.5228787660598755;0.4771212637424469;1.3010300397872925,9,21,6.042718887329102,6.042718887329102,6.042718887329102,0,0.32371134020618575,0,0.2721649484536084,0,0.2721649484536084,True,True,True,0,True,0,3,1
B,R1,3,test,Firemaster 550,DTXSID70880073,2,1;4;5,-1.0;0.4771212637424469;1.0,9,21,2.312002182006836,2.312002182006836,2.312002182006836,1,0.14432989690721654,1,0.16975945017182142,1,0.16975945017182142,True,True,True,1,False,0,3,1
B,R1,3,test,Firemaster 550,DTXSID70880073,3,0;1;4,-1.5228787660598755;-1.0;0.4771212637424469,9,21,2.312002182006836,4.530287089132985,2.312002182006836,0,0.21649484536082486,1,0.16975945017182142,1,0.16975945017182142,True,True,True,1,False,0,3,1
B,R1,3,test,Firemaster 550,DTXSID70880073,4,1;2;6,-1.0;-0.5228787660598755;1.3010300397872925,9,21,6.042718887329102,6.042718887329102,6.042718887329102,0,0.32371134020618575,0,0.2721649484536084,0,0.2721649484536084,True,True,True,0,True,0,3,1
B,R1,3,test,Folic acid,DTXSID0022519,0,1;5;6,-1.0;1.0;1.3010300397872925,8,20,2.9423303604125977,2.9423303604125977,2.9423303604125977,1,0.014432989690721598,1,0.01443298969072171,1,0.01443298969072171,False,False,False,1,False,0,3,1
B,R1,3,test,Folic acid,DTXSID0022519,1,0;1;5,-1.5228787660598755;-1.0;1.0,8,20,2.9423303604125977,3.0479751028597755,2.9423303604125977,0,0.002061855670103141,1,0.01443298969072171,1,0.01443298969072171,False,False,False,1,False,0,3,1
B,R1,3,test,Folic acid,DTXSID0022519,2,2;3;4,-0.5228787660598755;0.0;0.4771212637424469,9,20,4.904070854187012,5.535306340252958,4.904070854187012,0,0.2886597938144332,0,0.21443298969072178,0,0.21443298969072178,True,True,True,0,True,0,3,1
B,R1,3,test,Folic acid,DTXSID0022519,3,0;5;6,-1.5228787660598755;1.0;1.3010300397872925,8,20,2.9423303604125977,2.9423303604125977,2.9423303604125977,1,0.014432989690721598,1,0.01443298969072171,1,0.01443298969072171,False,False,False,1,False,0,3,1
B,R1,3,test,Folic acid,DTXSID0022519,4,2;5;6,-0.5228787660598755;1.0;1.3010300397872925,8,20,2.9423303604125977,2.9423303604125977,2.9423303604125977,1,0.014432989690721598,1,0.01443298969072171,1,0.01443298969072171,False,False,False,1,False,0,3,1
B,R1,3,test,Haloperidol,DTXSID4034150,0,0;1;6,-1.5228787660598755;-1.0;1.4771212339401245,9,21,8.521600723266602,8.556974001023592,8.521600723266602,0,0.510652920962199,0,0.4584192439862539,0,0.4584192439862539,True,True,True,0,True,0,3,1
B,R1,3,test,Haloperidol,DTXSID4034150,1,2;3;4,-0.5228787660598755;0.0;0.4771212637424469,9,21,6.591622829437256,6.9149313723651264,6.591622829437256,0,0.35326460481099675,0,0.2831615120274915,0,0.2831615120274915,True,True,True,0,True,0,3,1
B,R1,3,test,Haloperidol,DTXSID4034150,2,4;5;6,0.4771212637424469;1.0;1.4771212339401245,9,21,8.521600723266602,8.521600723266602,8.521600723266602,0,0.510652920962199,0,0.4584192439862539,0,0.4584192439862539,True,True,True,0,True,0,3,1
B,R1,3,test,Haloperidol,DTXSID4034150,3,0;1;2,-1.5228787660598755;-1.0;-0.5228787660598755,9,21,3.6644721031188965,4.620514401934709,3.6644721031188965,0,0.2268041237113404,0,0.08659793814432992,0,0.08659793814432992,True,True,True,0,True,0,3,1
B,R1,3,test,Haloperidol,DTXSID4034150,4,1;2;4,-1.0;-0.5228787660598755;0.4771212637424469,9,21,6.591622829437256,7.299527828104236,6.591622829437256,0,0.39450171821305857,0,0.2831615120274915,0,0.2831615120274915,True,True,True,0,True,0,3,1
B,R1,3,test,Hexachlorophene,DTXSID6020690,0,0;3;7,-2.0;-0.5228787660598755;1.3010300397872925,14,56,6.210956573486328,7.377532296760322,6.210956573486328,0,0.39450171821305857,0,0.2721649484536084,0,0.2721649484536084,True,True,True,0,True,0,3,1
B,R1,3,test,Hexachlorophene,DTXSID6020690,1,5;6;7,0.4771212637424469;1.0;1.3010300397872925,19,56,9.66252326965332,9.66252326965332,9.66252326965332,0,0.5883161512027485,0,0.521649484536082,0,0.521649484536082,True,True,True,0,True,0,3,1
B,R1,3,test,Hexachlorophene,DTXSID6020690,2,6;7;8,1.0;1.3010300397872925;1.4771212339401245,13,56,10.0,10.0,10.0,0,0.6457044673539513,0,0.5800687285223358,0,0.5800687285223358,True,True,True,0,True,0,3,1
B,R1,3,test,Hexachlorophene,DTXSID6020690,3,2;5;6,-1.0;0.4771212637424469;1.0,24,56,9.66252326965332,9.66252326965332,9.66252326965332,0,0.5883161512027485,0,0.521649484536082,0,0.521649484536082,True,True,True,0,True,0,3,1
B,R1,3,test,Hexachlorophene,DTXSID6020690,4,1;4;5,-1.5228787660598755;0.0;0.4771212637424469,24,56,9.66252326965332,9.66252326965332,9.66252326965332,0,0.5883161512027485,0,0.521649484536082,0,0.521649484536082,True,True,True,0,True,0,3,1
B,R1,3,test,Lead(II) acetate trihydrate,DTXSID3031521,0,2;4;6,-0.5228787660598755;0.4771212637424469;1.4771212339401245,9,21,10.0,10.0,10.0,0,0.6457044673539513,0,0.5800687285223358,0,0.5800687285223358,True,True,True,0,True,0,3,1
B,R1,3,test,Lead(II) acetate trihydrate,DTXSID3031521,1,1;2;4,-1.0;-0.5228787660598755;0.4771212637424469,9,21,3.1528100967407227,3.271507428846622,3.1528100967407227,0,0.04123711340206193,0,0.02474226804123708,0,0.02474226804123708,True,True,True,0,True,0,3,1
B,R1,3,test,Lead(II) acetate trihydrate,DTXSID3031521,2,0;2;3,-1.5228787660598755;-0.5228787660598755;0.0,9,21,3.1528100967407227,3.5338883265063914,3.1528100967407227,0,0.0824742268041238,0,0.02474226804123708,0,0.02474226804123708,True,True,True,0,True,0,3,1
B,R1,3,test,Lead(II) acetate trihydrate,DTXSID3031521,3,0;1;4,-1.5228787660598755;-1.0;0.4771212637424469,9,21,2.995908260345459,3.500418631326463,2.995908260345459,0,0.0824742268041238,0,0.0,0,0.0,True,False,False,1,False,0,3,1
B,R1,3,test,Lead(II) acetate trihydrate,DTXSID3031521,4,1;3;4,-1.0;0.0;0.4771212637424469,9,21,2.995908260345459,3.7845234334142424,2.995908260345459,0,0.1134020618556702,0,0.0,0,0.0,True,False,False,1,False,0,3,1
B,R1,3,test,Malathion,DTXSID4020791,0,0;1;5,-1.0;-0.5228787660598755;1.4771212339401245,9,21,8.391295433044434,8.391295433044434,8.391295433044434,0,0.49965635738831593,0,0.4460481099656354,0,0.4460481099656354,True,True,True,0,True,0,3,1
B,R1,3,test,Malathion,DTXSID4020791,1,2;3;6,0.0;0.4771212637424469;2.0,9,21,7.612415313720703,7.612415313720703,7.612415313720703,0,0.4171821305841925,0,0.3646048109965635,0,0.3646048109965635,True,True,True,0,True,0,3,1
B,R1,3,test,Malathion,DTXSID4020791,2,1;3;4,-0.5228787660598755;0.4771212637424469;1.0,9,21,2.30259641011556,5.797090898929991,2.30259641011556,0,0.3010309278350517,1,0.17182130584192454,1,0.16975945017182142,True,True,True,1,False,0,3,1
B,R1,3,test,Malathion,DTXSID4020791,3,1;4;6,-0.5228787660598755;1.0;2.0,9,21,7.612415313720703,7.612415313720703,7.612415313720703,0,0.4171821305841925,0,0.3646048109965635,0,0.3646048109965635,True,True,True,0,True,0,3,1
B,R1,3,test,Malathion,DTXSID4020791,4,0;2;3,-1.0;0.0;0.4771212637424469,9,21,1.7298674583435059,5.213135341101349,1.7298674583435059,0,0.26597938144329913,1,0.2810996563573884,1,0.2810996563573884,True,True,True,1,False,0,3,1
B,R1,3,test,Mancozeb,DTXSID0034695,0,4;5;6,0.4771212637424469;1.0;1.3010300397872925,18,42,2.2906551361083984,2.2906551361083984,2.2906551361083984,1,0.154639175257732,1,0.18213058419244,1,0.18006872852233688,True,True,True,1,False,1,3,1
B,R1,3,test,Mancozeb,DTXSID0034695,1,2;3;5,-0.5228787660598755;0.0;1.0,18,42,2.0334372520446777,2.188132830602666,2.0334372520446777,1,0.16701030927835056,1,0.23883161512027506,1,0.23676975945017195,True,True,True,1,False,1,3,1
B,R1,3,test,Mancozeb,DTXSID0034695,2,2;5;6,-0.5228787660598755;1.0;1.3010300397872925,18,42,2.2906551361083984,2.2906551361083984,2.2906551361083984,1,0.154639175257732,1,0.18213058419244,1,0.18006872852233688,True,True,True,1,False,1,3,1
B,R1,3,test,Mancozeb,DTXSID0034695,3,2;3;4,-0.5228787660598755;0.0;0.4771212637424469,18,42,1.3746392726898193,2.003327945585398,1.3746392726898193,1,0.2030927835051547,1,0.3470790378006874,1,0.3470790378006874,True,True,True,1,False,1,3,1
B,R1,3,test,Mancozeb,DTXSID0034695,4,0;1;6,-1.5228787660598755;-1.0;1.3010300397872925,18,42,2.2906551361083984,2.2906551361083984,2.2906551361083984,1,0.154639175257732,1,0.18213058419244,1,0.18006872852233688,True,True,True,1,False,1,3,1
B,R1,3,test,Naloxone hydrochloride dihydrate,DTXSID90199452,0,0;3;6,-1.5228787660598755;0.0;1.4771212339401245,9,21,1.2727084159851074,1.2727084159851074,1.2727084159851074,1,0.2927835051546392,1,0.35945017182130595,1,0.35945017182130595,True,True,True,1,False,1,3,1
B,R1,3,test,Naloxone hydrochloride dihydrate,DTXSID90199452,1,2;3;4,-0.5228787660598755;0.0;0.4771212637424469,9,21,1.742342472076416,2.2760014852118653,1.742342472076416,1,0.1587628865979382,1,0.27903780068728534,1,0.27903780068728534,True,True,True,1,False,1,3,1
B,R1,3,test,Naloxone hydrochloride dihydrate,DTXSID90199452,2,0;4;6,-1.5228787660598755;0.4771212637424469;1.4771212339401245,9,21,1.742342472076416,1.742342472076416,1.742342472076416,1,0.2350515463917526,1,0.27903780068728534,1,0.27903780068728534,True,True,True,1,False,1,3,1
B,R1,3,test,Naloxone hydrochloride dihydrate,DTXSID90199452,3,0;1;3,-1.5228787660598755;-1.0;0.0,9,21,1.2727084159851074,1.2727084159851074,1.2727084159851074,1,0.2927835051546392,1,0.35945017182130595,1,0.35945017182130595,True,True,True,1,False,1,3,1
B,R1,3,test,Naloxone hydrochloride dihydrate,DTXSID90199452,4,0;1;6,-1.5228787660598755;-1.0;1.4771212339401245,9,21,1.2510332266489665,1.2510332266489665,1.2510332266489665,1,0.2927835051546392,1,0.35945017182130595,1,0.35945017182130595,True,True,True,1,False,1,3,1
B,R1,3,test,Phenol,DTXSID5021124,0,1;3;5,-1.0;0.0;1.0,9,21,3.201725482940674,3.201725482940674,3.201725482940674,0,0.030927835051546393,0,0.03298969072164948,0,0.03298969072164948,True,True,True,0,True,0,3,1
B,R1,3,test,Phenol,DTXSID5021124,1,1;3;6,-1.0;0.0;1.4771212339401245,9,21,3.0669946670532227,3.0669946670532227,3.0669946670532227,0,0.010309278350515538,0,0.012371134020618568,0,0.012371134020618568,True,True,True,0,True,0,3,1
B,R1,3,test,Phenol,DTXSID5021124,2,1;4;5,-1.0;0.4771212637424469;1.0,9,21,3.201725482940674,3.201725482940674,3.201725482940674,0,0.030927835051546393,0,0.03298969072164948,0,0.03298969072164948,True,True,True,0,True,0,3,1
B,R1,3,test,Phenol,DTXSID5021124,3,2;3;4,-0.5228787660598755;0.0;0.4771212637424469,9,21,1.6383557319641113,1.851877821079495,1.6383557319641113,1,0.22783505154639178,1,0.2955326460481101,1,0.2955326460481101,True,True,True,1,False,0,3,1
B,R1,3,test,Phenol,DTXSID5021124,4,0;2;6,-1.5228787660598755;-0.5228787660598755;1.4771212339401245,9,21,3.0669946670532227,3.0669946670532227,3.0669946670532227,0,0.010309278350515538,0,0.012371134020618568,0,0.012371134020618568,True,True,True,0,True,0,3,1
B,R1,3,test,Phorate,DTXSID4032459,0,2;3;4,0.0;0.4771212637424469;1.0,9,21,2.8707616329193115,2.8707616329193115,2.8707616329193115,1,0.022680412371133996,1,0.020618556701030966,1,0.018556701030927825,False,False,False,1,False,0,3,1
B,R1,3,test,Phorate,DTXSID4032459,1,1;4;6,-0.5228787660598755;1.0;2.0,9,21,9.800025939941406,9.800025939941406,9.800025939941406,0,0.598625429553264,0,0.5319587628865972,0,0.5319587628865972,True,True,True,0,True,0,3,1
B,R1,3,test,Phorate,DTXSID4032459,2,2;4;5,0.0;1.0;1.4771212339401245,9,21,2.8707616329193115,2.8707616329193115,2.8707616329193115,1,0.022680412371133996,1,0.020618556701030966,1,0.018556701030927825,False,False,False,1,False,0,3,1
B,R1,3,test,Phorate,DTXSID4032459,3,3;4;6,0.4771212637424469;1.0;2.0,9,21,9.800025939941406,9.800025939941406,9.800025939941406,0,0.598625429553264,0,0.5319587628865972,0,0.5319587628865972,True,True,True,0,True,0,3,1
B,R1,3,test,Phorate,DTXSID4032459,4,2;3;5,0.0;0.4771212637424469;1.4771212339401245,9,21,2.8707616329193115,2.8707616329193115,2.8707616329193115,1,0.022680412371133996,1,0.020618556701030966,1,0.018556701030927825,False,False,False,1,False,0,3,1
B,R1,3,test,Piperonyl butoxide,DTXSID1021166,0,1;2;6,-1.0;-0.5228787660598755;1.3010300397872925,9,21,6.927135944366455,6.927135944366455,6.927135944366455,0,0.3594501718213059,0,0.30790378006872854,0,0.30790378006872854,True,True,True,0,True,0,3,1
B,R1,3,test,Piperonyl butoxide,DTXSID1021166,1,0;4;6,-1.5228787660598755;0.4771212637424469;1.3010300397872925,9,21,6.927135944366455,6.927135944366455,6.927135944366455,0,0.3594501718213059,0,0.30790378006872854,0,0.30790378006872854,True,True,True,0,True,0,3,1
B,R1,3,test,Piperonyl butoxide,DTXSID1021166,2,3;4;5,0.0;0.4771212637424469;1.0,9,21,1.7566006183624268,1.7676649654387808,1.7566006183624268,1,0.23195876288659797,1,0.27697594501718226,1,0.27697594501718226,True,True,True,1,False,0,3,1
B,R1,3,test,Piperonyl butoxide,DTXSID1021166,3,0;2;5,-1.5228787660598755;-0.5228787660598755;1.0,9,21,2.9495136737823486,2.9495136737823486,2.9495136737823486,1,0.010309278350515427,1,0.010309278350515483,1,0.010309278350515483,False,False,False,1,False,0,3,1
B,R1,3,test,Piperonyl butoxide,DTXSID1021166,4,0;3;6,-1.5228787660598755;0.0;1.3010300397872925,9,21,6.927135944366455,6.927135944366455,6.927135944366455,0,0.3594501718213059,0,0.30790378006872854,0,0.30790378006872854,True,True,True,0,True,0,3,1
B,R1,3,test,Profenofos,DTXSID3032464,0,0;5;6,-2.0;0.4771212637424469;1.0,9,21,2.4454922676086426,2.4454922676086426,2.4454922676086426,1,0.12989690721649488,1,0.14501718213058432,1,0.14501718213058432,True,False,False,1,False,0,3,1
B,R1,3,test,Profenofos,DTXSID3032464,1,1;2;4,-1.5228787660598755;-1.0;0.0,9,21,3.3703157901763916,3.3703157901763916,3.3703157901763916,0,0.061855670103092786,0,0.05567010309278353,0,0.05567010309278353,True,True,True,0,True,0,3,1
B,R1,3,test,Profenofos,DTXSID3032464,2,3;4;6,-0.5228787660598755;0.0;1.0,9,21,3.3703157901763916,3.3703157901763916,3.3703157901763916,0,0.061855670103092786,0,0.05567010309278353,0,0.05567010309278353,True,True,True,0,True,0,3,1
B,R1,3,test,Profenofos,DTXSID3032464,3,0;3;6,-2.0;-0.5228787660598755;1.0,9,21,2.3452112674713135,2.3452112674713135,2.3452112674713135,1,0.13814432989690725,1,0.1635738831615121,1,0.1635738831615121,True,True,True,1,False,0,3,1
B,R1,3,test,Profenofos,DTXSID3032464,4,1;3;5,-1.5228787660598755;-0.5228787660598755;0.4771212637424469,9,21,3.0098845958709717,3.0098845958709717,3.0098845958709717,0,0.0,0,0.0,0,0.0,True,True,True,0,True,0,3,1
B,R1,3,test,Pyrene,DTXSID3024289,0,2;3;6,-0.5228787660598755;0.0;1.3010300397872925,9,21,1.573291301727295,1.573291301727295,1.573291301727295,1,0.2577319587628866,1,0.316151202749141,1,0.316151202749141,True,True,True,1,False,1,3,1
B,R1,3,test,Pyrene,DTXSID3024289,1,3;5;6,0.0;1.0;1.3010300397872925,9,21,1.5737967491149902,1.5737967491149902,1.5737967491149902,1,0.2577319587628866,1,0.316151202749141,1,0.316151202749141,True,True,True,1,False,1,3,1
B,R1,3,test,Pyrene,DTXSID3024289,2,0;3;5,-1.5228787660598755;0.0;1.0,9,21,1.5737967491149902,1.5737967491149902,1.5737967491149902,1,0.2577319587628866,1,0.316151202749141,1,0.316151202749141,True,True,True,1,False,1,3,1
B,R1,3,test,Pyrene,DTXSID3024289,3,2;4;6,-0.5228787660598755;0.4771212637424469;1.3010300397872925,9,21,1.6502056121826172,1.6502056121826172,1.6502056121826172,1,0.24536082474226809,1,0.2955326460481101,1,0.2955326460481101,True,True,True,1,False,1,3,1
B,R1,3,test,Pyrene,DTXSID3024289,4,2;4;5,-0.5228787660598755;0.4771212637424469;1.0,9,21,1.6502056121826172,1.6502056121826172,1.6502056121826172,1,0.24536082474226809,1,0.2955326460481101,1,0.2955326460481101,True,True,True,1,False,1,3,1
B,R1,3,test,S-Bioallethrin,parent:DTXSID2039336,0,2;3;5,-0.5228787660598755;0.0;1.0,9,21,2.9065847396850586,3.2996208926080426,2.9065847396850586,0,0.04948453608247427,1,0.020618556701030966,1,0.018556701030927825,False,False,False,1,False,0,3,1
B,R1,3,test,S-Bioallethrin,parent:DTXSID2039336,1,0;2;5,-1.5228787660598755;-0.5228787660598755;1.0,9,21,2.9065847396850586,3.2522426329380765,2.9065847396850586,0,0.035051546391752675,1,0.020618556701030966,1,0.018556701030927825,False,False,False,1,False,0,3,1
B,R1,3,test,S-Bioallethrin,parent:DTXSID2039336,2,0;1;3,-1.5228787660598755;-1.0;0.0,9,21,1.6541357040405273,2.165894176362827,1.6541357040405273,1,0.16701030927835056,1,0.2955326460481101,1,0.2955326460481101,True,True,True,1,False,0,3,1
B,R1,3,test,S-Bioallethrin,parent:DTXSID2039336,3,1;2;3,-1.0;-0.5228787660598755;0.0,9,21,1.6541357040405273,1.6541357040405273,1.6541357040405273,1,0.24536082474226809,1,0.2955326460481101,1,0.2955326460481101,True,True,True,1,False,0,3,1
B,R1,3,test,S-Bioallethrin,parent:DTXSID2039336,4,3;5;6,0.0;1.0;1.3010300397872925,9,21,5.982244968414307,5.982244968414307,5.982244968414307,0,0.3195876288659796,0,0.2721649484536084,0,0.2721649484536084,True,True,True,0,True,0,3,1
B,R1,3,test,Simvastatin,DTXSID0023581,0,1;2;4,-2.0;-1.5228787660598755;-0.5228787660598755,15,42,4.429410934448242,6.384485510311983,4.429410934448242,0,0.34020618556701043,0,0.18556701030927847,0,0.18556701030927847,True,True,True,0,True,0,3,1
B,R1,3,test,Simvastatin,DTXSID0023581,1,0;1;6,-2.522878646850586;-2.0;0.4771212637424469,12,42,10.0,10.0,10.0,0,0.6457044673539513,0,0.5800687285223358,0,0.5800687285223358,True,True,True,0,True,0,3,1
B,R1,3,test,Simvastatin,DTXSID0023581,2,2;7;8,-1.5228787660598755;1.0;1.3010300397872925,12,42,6.978609561920166,6.978609561920166,6.978609561920166,0,0.36632302405498296,0,0.32233676975945014,0,0.32233676975945014,True,True,True,0,True,0,3,1
B,R1,3,test,Simvastatin,DTXSID0023581,3,2;4;7,-1.5228787660598755;-0.5228787660598755;1.0,15,42,6.978609561920166,7.034327720460711,6.978609561920166,0,0.37044673539518924,0,0.32233676975945014,0,0.32233676975945014,True,True,True,0,True,0,3,1
B,R1,3,test,Simvastatin,DTXSID0023581,4,1;2;8,-2.0;-1.5228787660598755;1.3010300397872925,12,42,6.978609561920166,6.978609561920166,6.978609561920166,0,0.36632302405498296,0,0.32233676975945014,0,0.32233676975945014,True,True,True,0,True,0,3,1
B,R1,3,test,Sodium fluoride,DTXSID2020630,0,2;4;6,-0.5228787660598755;0.4771212637424469;1.4771212339401245,9,21,1.5438082218170166,1.5438082218170166,1.5438082218170166,1,0.2618556701030928,1,0.3223367697594503,1,0.3223367697594503,True,True,True,1,False,1,3,1
B,R1,3,test,Sodium fluoride,DTXSID2020630,1,2;5;6,-0.5228787660598755;1.0;1.4771212339401245,9,21,1.5438082218170166,1.5438082218170166,1.5438082218170166,1,0.2618556701030928,1,0.3223367697594503,1,0.3223367697594503,True,True,True,1,False,1,3,1
B,R1,3,test,Sodium fluoride,DTXSID2020630,2,0;1;3,-1.5228787660598755;-1.0;0.0,9,21,2.9267418384552,2.9267418384552,2.9267418384552,1,0.016494845360824684,1,0.020618556701030966,1,0.018556701030927825,False,False,False,1,False,1,3,1
B,R1,3,test,Sodium fluoride,DTXSID2020630,3,1;2;6,-1.0;-0.5228787660598755;1.4771212339401245,9,21,2.9267418384552,2.9267418384552,2.9267418384552,1,0.016494845360824684,1,0.020618556701030966,1,0.018556701030927825,False,False,False,1,False,1,3,1
B,R1,3,test,Sodium fluoride,DTXSID2020630,4,1;3;5,-1.0;0.0;1.0,9,21,2.9267418384552,2.9267418384552,2.9267418384552,1,0.016494845360824684,1,0.020618556701030966,1,0.018556701030927825,False,False,False,1,False,1,3,1
B,R1,3,test,Spiroxamine,DTXSID1034212,0,2;5;10,-2.522878646850586;-1.0;1.4771212339401245,10,35,10.0,10.0,10.0,0,0.6457044673539513,0,0.5800687285223358,0,0.5800687285223358,True,True,True,0,True,0,3,1
B,R1,3,test,Spiroxamine,DTXSID1034212,1,1;2;10,-3.0;-2.522878646850586;1.4771212339401245,7,35,10.0,10.0,10.0,0,0.6457044673539513,0,0.5800687285223358,0,0.5800687285223358,True,True,True,0,True,0,3,1
B,R1,3,test,Spiroxamine,DTXSID1034212,2,3;5;10,-2.0;-1.0;1.4771212339401245,10,35,10.0,10.0,10.0,0,0.6457044673539513,0,0.5800687285223358,0,0.5800687285223358,True,True,True,0,True,0,3,1
B,R1,3,test,Spiroxamine,DTXSID1034212,3,1;3;5,-3.0;-2.0;-1.0,9,35,3.7841007709503174,8.081732179875416,3.7841007709503174,0,0.4604810996563572,0,0.09896907216494844,0,0.09896907216494844,True,True,True,0,True,0,3,1
B,R1,3,test,Spiroxamine,DTXSID1034212,4,6;7;9,-0.5228787660598755;0.0;1.0,11,35,10.0,10.0,10.0,0,0.6457044673539513,0,0.5800687285223358,0,0.5800687285223358,True,True,True,0,True,0,3,1
B,R1,3,test,Tamoxifen,DTXSID1034187,0,0;2;5,-1.5228787660598755;-0.5228787660598755;1.0,9,21,7.06329345703125,7.1552569769934475,7.06329345703125,0,0.38213058419243995,0,0.3264604810996564,0,0.3264604810996564,True,True,True,0,True,0,3,1
B,R1,3,test,Tamoxifen,DTXSID1034187,1,1;4;5,-1.0;0.4771212637424469;1.0,9,21,7.06329345703125,7.091135347782057,7.06329345703125,0,0.3759450171821306,0,0.3264604810996564,0,0.3264604810996564,True,True,True,0,True,0,3,1
B,R1,3,test,Tamoxifen,DTXSID1034187,2,0;5;6,-1.5228787660598755;1.0;1.3010300397872925,9,21,7.06329345703125,7.06329345703125,7.06329345703125,0,0.3711340206185568,0,0.3264604810996564,0,0.3264604810996564,True,True,True,0,True,0,3,1
B,R1,3,test,Tamoxifen,DTXSID1034187,3,2;3;5,-0.5228787660598755;0.0;1.0,9,21,7.479805946350098,7.479805946350098,7.479805946350098,0,0.406872852233677,0,0.35326460481099653,0,0.35326460481099653,True,True,True,0,True,0,3,1
B,R1,3,test,Tamoxifen,DTXSID1034187,4,1;2;6,-1.0;-0.5228787660598755;1.3010300397872925,9,21,7.06329345703125,7.06329345703125,7.06329345703125,0,0.3711340206185568,0,0.3264604810996564,0,0.3264604810996564,True,True,True,0,True,0,3,1
B,R1,3,test,Tefluthrin,DTXSID5032577,0,3;4;6,0.0;0.4771212637424469;1.3010300397872925,9,21,8.768901824951172,8.768901824951172,8.768901824951172,0,0.5230240549828175,0,0.46460481099656303,0,0.46460481099656303,True,True,True,0,True,0,3,1
B,R1,3,test,Tefluthrin,DTXSID5032577,1,0;4;6,-1.5228787660598755;0.4771212637424469;1.3010300397872925,9,21,8.768901824951172,8.768901824951172,8.768901824951172,0,0.5230240549828175,0,0.46460481099656303,0,0.46460481099656303,True,True,True,0,True,0,3,1
B,R1,3,test,Tefluthrin,DTXSID5032577,2,2;3;4,-0.5228787660598755;0.0;0.4771212637424469,9,21,8.768901824951172,8.768901824951172,8.768901824951172,0,0.5230240549828175,0,0.46460481099656303,0,0.46460481099656303,True,True,True,0,True,0,3,1
B,R1,3,test,Tefluthrin,DTXSID5032577,3,3;4;5,0.0;0.4771212637424469;1.0,9,21,10.0,10.0,10.0,0,0.6457044673539513,0,0.5800687285223358,0,0.5800687285223358,True,True,True,0,True,0,3,1
B,R1,3,test,Tefluthrin,DTXSID5032577,4,1;5;6,-1.0;1.0;1.3010300397872925,9,21,10.0,10.0,10.0,0,0.6457044673539513,0,0.5800687285223358,0,0.5800687285223358,True,True,True,0,True,0,3,1
B,R1,3,test,Tetracycline,DTXSID7023645,0,0;1;3,-1.5228787660598755;-1.0;0.0,9,21,1.3531608581542969,3.96679931030172,1.3531608581542969,0,0.14226804123711356,1,0.34914089347079047,1,0.34914089347079047,True,True,True,1,False,1,3,1
B,R1,3,test,Tetracycline,DTXSID7023645,1,2;3;5,-0.5228787660598755;0.0;1.0,9,21,2.153393507003784,2.153393507003784,2.153393507003784,1,0.16701030927835056,1,0.20274914089347093,1,0.19862542955326476,True,True,True,1,False,1,3,1
B,R1,3,test,Tetracycline,DTXSID7023645,2,0;4;6,-1.5228787660598755;0.4771212637424469;1.3010300397872925,9,21,1.515581766764323,1.515581766764323,1.515581766764323,1,0.26391752577319594,1,0.3243986254295534,1,0.3243986254295534,True,True,True,1,False,1,3,1
B,R1,3,test,Tetracycline,DTXSID7023645,3,0;1;6,-1.5228787660598755;-1.0;1.3010300397872925,9,21,1.4809911251068115,1.4809911251068115,1.4809911251068115,1,0.2680412371134021,1,0.3326460481099658,1,0.3326460481099658,True,True,True,1,False,1,3,1
B,R1,3,test,Tetracycline,DTXSID7023645,4,4;5;6,0.4771212637424469;1.0;1.3010300397872925,9,21,2.153393507003784,2.153393507003784,2.153393507003784,1,0.16701030927835056,1,0.20274914089347093,1,0.19862542955326476,True,True,True,1,False,1,3,1
B,R1,3,test,Thiamethoxam,DTXSID2034962,0,1;5;6,-1.0;1.0;1.3010300397872925,9,21,2.6597867012023926,2.6597867012023926,2.6597867012023926,1,0.06804123711340204,1,0.0749140893470791,1,0.0749140893470791,False,False,False,1,False,1,3,1
B,R1,3,test,Thiamethoxam,DTXSID2034962,1,1;2;3,-1.0;-0.5228787660598755;0.0,9,21,2.6597867012023926,2.71173104081783,2.6597867012023926,1,0.0597938144329897,1,0.0749140893470791,1,0.0749140893470791,False,False,False,1,False,1,3,1
B,R1,3,test,Thiamethoxam,DTXSID2034962,2,0;2;6,-1.5228787660598755;-0.5228787660598755;1.3010300397872925,9,21,1.6895360946655273,1.6895360946655273,1.6895360946655273,1,0.2391752577319588,1,0.28728522336769774,1,0.28728522336769774,True,True,True,1,False,1,3,1
B,R1,3,test,Thiamethoxam,DTXSID2034962,3,2;3;6,-0.5228787660598755;0.0;1.3010300397872925,9,21,1.8018522262573242,1.8018522262573242,1.8018522262573242,1,0.2298969072164949,1,0.27388316151202763,1,0.27388316151202763,True,True,True,1,False,1,3,1
B,R1,3,test,Thiamethoxam,DTXSID2034962,4,0;1;3,-1.5228787660598755;-1.0;0.0,9,21,2.6597867012023926,2.6597867012023926,2.6597867012023926,1,0.06804123711340204,1,0.0749140893470791,1,0.0749140893470791,False,False,False,1,False,1,3,1
B,R1,3,test,Triphenyl phosphates isopropylated,DTXSID4028880,0,1;4;5,-1.0;0.4771212637424469;1.0,9,21,3.5483596324920654,4.1206372099213135,3.5483596324920654,0,0.15463917525773213,0,0.0762886597938145,0,0.0762886597938145,True,True,True,0,True,0,3,1
B,R1,3,test,Triphenyl phosphates isopropylated,DTXSID4028880,1,1;2;6,-1.0;-0.5228787660598755;1.3010300397872925,9,21,7.180240154266357,7.180240154266357,7.180240154266357,0,0.38213058419243995,0,0.33264604810996556,0,0.33264604810996556,True,True,True,0,True,0,3,1
B,R1,3,test,Triphenyl phosphates isopropylated,DTXSID4028880,2,0;4;6,-1.5228787660598755;0.4771212637424469;1.3010300397872925,9,21,7.180240154266357,7.180240154266357,7.180240154266357,0,0.38213058419243995,0,0.33264604810996556,0,0.33264604810996556,True,True,True,0,True,0,3,1
B,R1,3,test,Triphenyl phosphates isopropylated,DTXSID4028880,3,1;3;4,-1.0;0.0;0.4771212637424469,9,21,3.039968252182007,3.5074246110693768,3.039968252182007,0,0.0824742268041238,0,0.00206185567010303,0,0.00206185567010303,True,True,True,0,True,0,3,1
B,R1,3,test,Triphenyl phosphates isopropylated,DTXSID4028880,4,2;3;4,-0.5228787660598755;0.0;0.4771212637424469,9,21,3.039968252182007,3.039968252182007,3.039968252182007,0,0.002061855670103141,0,0.00206185567010303,0,0.00206185567010303,True,True,True,0,True,0,3,1
B,R1,4,test,(-)-Nicotine,DTXSID1020930,0,1;3;4,-1.0;0.0;0.4771212637424469,9,21,3.652493476867676,3.652493476867676,3.652493476867676,0,0.14845360824742282,0,0.13402061855670117,0,0.13402061855670117,True,True,True,0,True,0,4,1
B,R1,4,test,(-)-Nicotine,DTXSID1020930,1,2;3;4,-0.5228787660598755;0.0;0.4771212637424469,9,21,3.652493476867676,3.8543832874898136,3.652493476867676,0,0.17731958762886607,0,0.13402061855670117,0,0.13402061855670117,True,True,True,0,True,0,4,1
B,R1,4,test,(-)-Nicotine,DTXSID1020930,2,0;4;6,-1.5228787660598755;0.4771212637424469;1.4771212339401245,9,21,3.652493476867676,3.652493476867676,3.652493476867676,0,0.14845360824742282,0,0.13402061855670117,0,0.13402061855670117,True,True,True,0,True,0,4,1
B,R1,4,test,(-)-Nicotine,DTXSID1020930,3,0;1;5,-1.5228787660598755;-1.0;1.0,9,21,3.2099766731262207,3.3686708723896652,3.2099766731262207,0,0.10927835051546403,0,0.06597938144329901,0,0.06597938144329901,True,True,True,0,True,0,4,1
B,R1,4,test,(-)-Nicotine,DTXSID1020930,4,1;2;6,-1.0;-0.5228787660598755;1.4771212339401245,9,21,3.6096649169921875,3.6096649169921875,3.6096649169921875,0,0.13608247422680425,0,0.12371134020618563,0,0.12371134020618563,True,True,True,0,True,0,4,1
B,R1,4,test,17beta-Estradiol,DTXSID0020573,0,0;2;4,-2.0;-1.0;0.0,21,63,1.003529707590739,3.51685502684328,1.003529707590739,0,0.12164948453608254,1,0.32852233676975956,1,0.32852233676975956,True,True,True,1,False,0,4,1
B,R1,4,test,17beta-Estradiol,DTXSID0020573,1,1;2;3,-1.5228787660598755;-1.0;-0.5228787660598755,27,63,1.003529707590739,2.2702492934690017,1.003529707590739,1,0.08865979381443306,1,0.32852233676975956,1,0.32852233676975956,True,True,True,1,False,0,4,1
B,R1,4,test,17beta-Estradiol,DTXSID0020573,2,1;2;6,-1.5228787660598755;-1.0;1.0,27,63,2.13272762298584,2.13272762298584,2.13272762298584,1,0.13195876288659802,1,0.1800687285223369,1,0.1780068728522338,True,True,True,1,False,0,4,1
B,R1,4,test,17beta-Estradiol,DTXSID0020573,3,2;4;7,-1.0;0.0;1.3010300397872925,24,63,5.007454872131348,5.007454872131348,5.007454872131348,0,0.2927835051546394,0,0.27010309278350536,0,0.27010309278350536,True,True,True,0,True,0,4,1
B,R1,4,test,17beta-Estradiol,DTXSID0020573,4,2;5;6,-1.0;0.4771212637424469;1.0,27,63,2.317646026611328,2.317646026611328,2.317646026611328,1,0.08453608247422689,1,0.12852233676975955,1,0.12646048109965646,True,True,True,1,False,0,4,1
B,R1,4,test,"2,2-Bis(4-hydroxyphenyl)-1,1,1-trichloroethane",DTXSID8022325,0,3;4;5,0.0;0.4771212637424469;1.0,9,21,4.855926990509033,4.855926990509033,4.855926990509033,0,0.28865979381443324,0,0.2680412371134023,0,0.2680412371134023,True,True,True,0,True,0,4,1
B,R1,4,test,"2,2-Bis(4-hydroxyphenyl)-1,1,1-trichloroethane",DTXSID8022325,1,0;2;5,-1.5228787660598755;-0.5228787660598755;1.0,9,21,4.855926990509033,4.855926990509033,4.855926990509033,0,0.28865979381443324,0,0.2680412371134023,0,0.2680412371134023,True,True,True,0,True,0,4,1
B,R1,4,test,"2,2-Bis(4-hydroxyphenyl)-1,1,1-trichloroethane",DTXSID8022325,2,1;5;6,-1.0;1.0;1.3010300397872925,9,21,7.290647029876709,7.290647029876709,7.290647029876709,0,0.4316151202749144,0,0.37594501718213075,0,0.37594501718213075,True,True,True,0,True,0,4,1
B,R1,4,test,"2,2-Bis(4-hydroxyphenyl)-1,1,1-trichloroethane",DTXSID8022325,3,0;3;4,-1.5228787660598755;0.0;0.4771212637424469,9,21,2.9604578018188477,4.151390445469856,2.9604578018188477,0,0.22680412371134034,0,0.030927835051546393,0,0.030927835051546393,True,False,False,1,False,0,4,1
B,R1,4,test,"2,2-Bis(4-hydroxyphenyl)-1,1,1-trichloroethane",DTXSID8022325,4,1;3;4,-1.0;0.0;0.4771212637424469,9,21,2.7456583976745605,4.2965404158120055,2.7456583976745605,0,0.23092783505154652,0,0.002061855670103141,0,0.002061855670103141,True,False,False,1,False,0,4,1
B,R1,4,test,"4,4'-Sulfonyldiphenol",DTXSID3022409,0,2;4;6,-0.5228787660598755;0.4771212637424469;1.3010300397872925,9,21,1.8315393129984539,1.8315393129984539,1.8315393129984539,1,0.1804123711340207,1,0.23264604810996575,1,0.23264604810996575,True,True,True,1,False,0,4,1
B,R1,4,test,"4,4'-Sulfonyldiphenol",DTXSID3022409,1,2;3;6,-0.5228787660598755;0.0;1.3010300397872925,9,21,5.1071367263793945,5.1071367263793945,5.1071367263793945,0,0.2969072164948456,0,0.27422680412371153,0,0.27422680412371153,True,True,True,0,True,0,4,1
B,R1,4,test,"4,4'-Sulfonyldiphenol",DTXSID3022409,2,1;2;3,-1.0;-0.5228787660598755;0.0,9,21,5.1071367263793945,5.7501811782024275,5.1071367263793945,0,0.34639175257731986,0,0.27422680412371153,0,0.27422680412371153,True,True,True,0,True,0,4,1
B,R1,4,test,"4,4'-Sulfonyldiphenol",DTXSID3022409,3,1;3;6,-1.0;0.0;1.3010300397872925,9,21,5.1071367263793945,5.1071367263793945,5.1071367263793945,0,0.2969072164948456,0,0.27422680412371153,0,0.27422680412371153,True,True,True,0,True,0,4,1
B,R1,4,test,"4,4'-Sulfonyldiphenol",DTXSID3022409,4,2;4;5,-0.5228787660598755;0.4771212637424469;1.0,9,21,1.9553027153015137,1.9553027153015137,1.9553027153015137,1,0.15773195876288668,1,0.20790378006872862,1,0.20790378006872862,True,True,True,1,False,0,4,1
B,R1,4,test,6-aminopyridine-3-carboxamide,DTXSID5051446,0,1;2;6,-1.0;-0.5228787660598755;1.4771212339401245,9,21,10.0,10.0,10.0,0,0.7065292096219924,0,0.627491408934707,0,0.627491408934707,True,True,True,0,True,0,4,1
B,R1,4,test,6-aminopyridine-3-carboxamide,DTXSID5051446,1,1;4;5,-1.0;0.4771212637424469;1.0,9,21,10.0,10.001008998861533,10.0,0,0.7443298969072154,0,0.627491408934707,0,0.627491408934707,True,True,True,0,True,0,4,1
B,R1,4,test,6-aminopyridine-3-carboxamide,DTXSID5051446,2,3;4;6,0.0;0.4771212637424469;1.4771212339401245,9,21,10.0,10.0,10.0,0,0.7065292096219924,0,0.627491408934707,0,0.627491408934707,True,True,True,0,True,0,4,1
B,R1,4,test,6-aminopyridine-3-carboxamide,DTXSID5051446,3,0;3;6,-1.5228787660598755;0.0;1.4771212339401245,9,21,10.0,10.0,10.0,0,0.7065292096219924,0,0.627491408934707,0,0.627491408934707,True,True,True,0,True,0,4,1
B,R1,4,test,6-aminopyridine-3-carboxamide,DTXSID5051446,4,1;3;6,-1.0;0.0;1.4771212339401245,9,21,10.0,10.0,10.0,0,0.7065292096219924,0,0.627491408934707,0,0.627491408934707,True,True,True,0,True,0,4,1
B,R1,4,test,Acetamiprid,DTXSID0034300,0,0;2;4,-1.5228787660598755;-0.5228787660598755;0.4771212637424469,9,21,2.1601781845092773,2.1601781845092773,2.1601781845092773,1,0.12989690721649494,1,0.1800687285223369,1,0.1780068728522338,True,True,True,1,False,0,4,1
B,R1,4,test,Acetamiprid,DTXSID0034300,1,0;4;6,-1.5228787660598755;0.4771212637424469;1.4771212339401245,9,21,3.3765623569488525,3.3765623569488525,3.3765623569488525,0,0.10927835051546403,0,0.0969072164948454,0,0.0969072164948454,True,True,True,0,True,0,4,1
B,R1,4,test,Acetamiprid,DTXSID0034300,2,0;1;5,-1.5228787660598755;-1.0;1.0,9,21,2.3664567470550537,2.3664567470550537,2.3664567470550537,1,0.08453608247422689,1,0.12439862542955338,1,0.12233676975945024,True,True,True,1,False,0,4,1
B,R1,4,test,Acetamiprid,DTXSID0034300,3,1;3;4,-1.0;0.0;0.4771212637424469,9,21,2.5391829013824463,2.5391829013824463,2.5391829013824463,1,0.0494845360824743,1,0.06666666666666671,1,0.06666666666666671,True,False,False,1,False,0,4,1
B,R1,4,test,Acetamiprid,DTXSID0034300,4,0;1;3,-1.5228787660598755;-1.0;0.0,9,21,2.5391829013824463,2.5391829013824463,2.5391829013824463,1,0.0494845360824743,1,0.06666666666666671,1,0.06666666666666671,True,False,False,1,False,0,4,1
B,R1,4,test,Atrazine,DTXSID9020112,0,0;1;5,-1.5228787660598755;-1.0;1.0,9,21,1.5926990509033203,1.5926990509033203,1.5926990509033203,1,0.20618556701030935,1,0.27285223367697603,1,0.27285223367697603,True,True,True,1,False,1,4,1
B,R1,4,test,Atrazine,DTXSID9020112,1,1;4;5,-1.0;0.4771212637424469;1.0,9,21,1.5926990509033203,1.5926990509033203,1.5926990509033203,1,0.20618556701030935,1,0.27285223367697603,1,0.27285223367697603,True,True,True,1,False,1,4,1
B,R1,4,test,Atrazine,DTXSID9020112,2,0;3;4,-1.5228787660598755;0.0;0.4771212637424469,9,21,1.4714994430541992,1.6100070629721275,1.4714994430541992,1,0.20412371134020624,1,0.293470790378007,1,0.293470790378007,True,True,True,1,False,1,4,1
B,R1,4,test,Atrazine,DTXSID9020112,3,0;1;6,-1.5228787660598755;-1.0;1.3010300397872925,9,21,1.9876656532287598,1.9876656532287598,1.9876656532287598,1,0.15360824742268048,1,0.20378006872852245,1,0.20378006872852245,True,True,True,1,False,1,4,1
B,R1,4,test,Atrazine,DTXSID9020112,4,0;2;5,-1.5228787660598755;-0.5228787660598755;1.0,9,21,1.5926990509033203,1.5926990509033203,1.5926990509033203,1,0.20618556701030935,1,0.27285223367697603,1,0.27285223367697603,True,True,True,1,False,1,4,1
B,R1,4,test,Bensulide,DTXSID9032329,0,2;4;6,0.0;1.0;2.0,18,42,9.293722152709961,9.293722152709961,9.293722152709961,0,0.6226804123711336,0,0.5484536082474221,0,0.5484536082474221,True,True,True,0,True,0,4,1
B,R1,4,test,Bensulide,DTXSID9032329,1,0;2;4,-1.0;0.0;1.0,18,42,2.167854070663452,5.466881180239192,2.167854070663452,0,0.32989690721649506,1,0.1800687285223369,1,0.1780068728522338,True,True,True,1,False,0,4,1
B,R1,4,test,Bensulide,DTXSID9032329,2,2;3;6,0.0;0.4771212637424469;2.0,18,42,9.293722152709961,9.293722152709961,9.293722152709961,0,0.6226804123711336,0,0.5484536082474221,0,0.5484536082474221,True,True,True,0,True,0,4,1
B,R1,4,test,Bensulide,DTXSID9032329,3,0;4;5,-1.0;1.0;1.4771212339401245,18,42,7.392776966094971,7.726848689947914,7.392776966094971,0,0.46666666666666684,0,0.3862542955326462,0,0.3862542955326462,True,True,True,0,True,0,4,1
B,R1,4,test,Bensulide,DTXSID9032329,4,2;3;5,0.0;0.4771212637424469;1.4771212339401245,18,42,7.392776966094971,7.554439243848596,7.392776966094971,0,0.44948453608247435,0,0.3862542955326462,0,0.3862542955326462,True,True,True,0,True,0,4,1
B,R1,4,test,CP-409092,DTXSID2047276,0,1;2;4,-1.0;-0.5228787660598755;0.4771212637424469,9,21,5.2275919914245605,5.231830964044832,5.2275919914245605,0,0.3134020618556704,0,0.28865979381443324,0,0.28865979381443324,True,True,True,0,True,0,4,1
B,R1,4,test,CP-409092,DTXSID2047276,1,0;5;6,-1.5228787660598755;1.0;1.3010300397872925,9,21,8.84847354888916,8.84847354888916,8.84847354888916,0,0.5917525773195873,0,0.5278350515463912,0,0.5278350515463912,True,True,True,0,True,0,4,1
B,R1,4,test,CP-409092,DTXSID2047276,2,0;3;6,-1.5228787660598755;0.0;1.3010300397872925,9,21,8.84847354888916,8.84847354888916,8.84847354888916,0,0.5917525773195873,0,0.5278350515463912,0,0.5278350515463912,True,True,True,0,True,0,4,1
B,R1,4,test,CP-409092,DTXSID2047276,3,1;3;4,-1.0;0.0;0.4771212637424469,9,21,5.2275919914245605,5.2275919914245605,5.2275919914245605,0,0.3134020618556704,0,0.28865979381443324,0,0.28865979381443324,True,True,True,0,True,0,4,1
B,R1,4,test,CP-409092,DTXSID2047276,4,1;2;5,-1.0;-0.5228787660598755;1.0,9,21,5.010957717895508,5.081570674557279,5.010957717895508,0,0.2969072164948456,0,0.27010309278350536,0,0.27010309278350536,True,True,True,0,True,0,4,1
B,R1,4,test,Captopril,DTXSID1037197,0,0;3;5,-1.5228787660598755;0.0;1.0,9,21,3.881474494934082,3.881474494934082,3.881474494934082,0,0.1896907216494847,0,0.17113402061855681,0,0.17113402061855681,True,True,True,0,True,0,4,1
B,R1,4,test,Captopril,DTXSID1037197,1,0;5;6,-1.5228787660598755;1.0;1.4771212339401245,9,21,3.881474494934082,3.881474494934082,3.881474494934082,0,0.1896907216494847,0,0.17113402061855681,0,0.17113402061855681,True,True,True,0,True,0,4,1
B,R1,4,test,Captopril,DTXSID1037197,2,1;2;3,-1.0;-0.5228787660598755;0.0,9,21,2.1900532245635986,2.1900532245635986,2.1900532245635986,1,0.11958762886597946,1,0.16975945017182142,1,0.1676975945017183,True,True,True,1,False,0,4,1
B,R1,4,test,Captopril,DTXSID1037197,3,0;1;5,-1.5228787660598755;-1.0;1.0,9,21,3.881474494934082,3.881474494934082,3.881474494934082,0,0.1896907216494847,0,0.17113402061855681,0,0.17113402061855681,True,True,True,0,True,0,4,1
B,R1,4,test,Captopril,DTXSID1037197,4,1;2;5,-1.0;-0.5228787660598755;1.0,9,21,3.881474494934082,3.881474494934082,3.881474494934082,0,0.1896907216494847,0,0.17113402061855681,0,0.17113402061855681,True,True,True,0,True,0,4,1
B,R1,4,test,Chlorethoxyfos,DTXSID2032344,0,0;2;3,-1.0;0.0;0.4771212637424469,9,21,1.4897819757461548,2.5455219634587616,1.4897819757461548,1,0.0453608247422681,1,0.28934707903780077,1,0.28934707903780077,True,True,True,1,False,0,4,1
B,R1,4,test,Chlorethoxyfos,DTXSID2032344,1,1;2;6,-0.5228787660598755;0.0;2.0,9,21,9.800025939941406,9.800025939941406,9.800025939941406,0,0.6501718213058412,0,0.5670103092783498,0,0.5670103092783498,True,True,True,0,True,0,4,1
B,R1,4,test,Chlorethoxyfos,DTXSID2032344,2,1;4;6,-0.5228787660598755;1.0;2.0,9,21,9.800025939941406,9.800025939941406,9.800025939941406,0,0.6501718213058412,0,0.5670103092783498,0,0.5670103092783498,True,True,True,0,True,0,4,1
B,R1,4,test,Chlorethoxyfos,DTXSID2032344,3,3;4;5,0.4771212637424469;1.0;1.4771212339401245,9,21,6.926563262939453,7.260417423194715,6.926563262939453,0,0.4295532646048113,0,0.34501718213058435,0,0.34501718213058435,True,True,True,0,True,0,4,1
B,R1,4,test,Chlorethoxyfos,DTXSID2032344,4,0;1;2,-1.0;-0.5228787660598755;0.0,9,21,1.4897819757461548,2.628065877343487,1.4897819757461548,1,0.020618556701030966,1,0.28934707903780077,1,0.28934707903780077,True,True,True,1,False,0,4,1
B,R1,4,test,Chlorpyrifos oxon,DTXSID1038666,0,1;3;5,-1.0;0.0;1.0,18,42,2.7504708766937256,4.655737892359165,2.7504708766937256,0,0.27216494845360834,0,0.002061855670103141,0,0.002061855670103141,True,False,False,1,False,0,4,1
B,R1,4,test,Chlorpyrifos oxon,DTXSID1038666,1,1;3;4,-1.0;0.0;0.4771212637424469,18,42,2.0448280970255532,3.857382593848413,2.0448280970255532,0,0.17731958762886607,1,0.18934707903780082,1,0.18934707903780082,True,True,True,1,False,0,4,1
B,R1,4,test,Chlorpyrifos oxon,DTXSID1038666,2,3;5;6,0.0;1.0;1.4771212339401245,18,42,3.963376522064209,4.815423476921831,3.963376522064209,0,0.28865979381443324,0,0.18144329896907235,0,0.18144329896907235,True,True,True,0,True,0,4,1
B,R1,4,test,Chlorpyrifos oxon,DTXSID1038666,3,0;1;5,-1.5228787660598755;-1.0;1.0,15,42,2.7504708766937256,6.282922252065795,2.7504708766937256,0,0.35876288659793837,0,0.002061855670103141,0,0.002061855670103141,True,False,False,1,False,0,4,1
B,R1,4,test,Chlorpyrifos oxon,DTXSID1038666,4,3;5;7,0.0;1.0;2.0,15,42,2.7504708766937256,2.7504708766937256,2.7504708766937256,0,0.01649484536082474,0,0.002061855670103141,0,0.002061855670103141,True,False,False,1,False,0,4,1
B,R1,4,test,Chrysene,DTXSID0022432,0,1;2;5,-1.3010300397872925;-0.8239087462425232;0.6857417225837708,9,21,1.868814468383789,1.868814468383789,1.868814468383789,1,0.17835051546391759,1,0.22852233676975958,1,0.22852233676975958,True,True,True,1,False,1,4,1
B,R1,4,test,Chrysene,DTXSID0022432,1,2;4;6,-0.8239087462425232;0.16435284912586212;0.9867717623710632,9,21,1.79655122756958,1.79655122756958,1.79655122756958,1,0.1804123711340207,1,0.23883161512027504,1,0.23883161512027504,True,True,True,1,False,1,4,1
B,R1,4,test,Chrysene,DTXSID0022432,2,1;2;3,-1.3010300397872925;-0.8239087462425232;-0.30980393290519714,9,21,1.2284890015920003,1.2284890015920003,1.2284890015920003,1,0.23711340206185574,1,0.3182130584192441,1,0.3182130584192441,True,True,True,1,False,1,4,1
B,R1,4,test,Chrysene,DTXSID0022432,3,4;5;6,0.16435284912586212;0.6857417225837708;0.9867717623710632,9,21,1.868814468383789,1.868814468383789,1.868814468383789,1,0.17835051546391759,1,0.22852233676975958,1,0.22852233676975958,True,True,True,1,False,1,4,1
B,R1,4,test,Chrysene,DTXSID0022432,4,0;2;5,-2.0;-0.8239087462425232;0.6857417225837708,9,21,1.868814468383789,2.7540703454436875,1.868814468383789,0,0.01649484536082474,1,0.22852233676975958,1,0.22852233676975958,True,True,True,1,False,1,4,1
B,R1,4,test,Clove leaf oil,DTXSID8044175,0,0;1;5,-1.5228787660598755;-1.0;1.0,9,21,3.681291103363037,3.681291103363037,3.681291103363037,0,0.1587628865979383,0,0.14020618556701042,0,0.14020618556701042,True,True,True,0,True,0,4,1
B,R1,4,test,Clove leaf oil,DTXSID8044175,1,0;2;5,-1.5228787660598755;-0.5228787660598755;1.0,9,21,3.681291103363037,3.681291103363037,3.681291103363037,0,0.1587628865979383,0,0.14020618556701042,0,0.14020618556701042,True,True,True,0,True,0,4,1
B,R1,4,test,Clove leaf oil,DTXSID8044175,2,0;1;6,-1.5228787660598755;-1.0;1.3010300397872925,9,21,4.59679651260376,4.59679651260376,4.59679651260376,0,0.26804123711340216,0,0.24329896907216514,0,0.24329896907216514,True,True,True,0,True,0,4,1
B,R1,4,test,Clove leaf oil,DTXSID8044175,3,2;5;6,-0.5228787660598755;1.0;1.3010300397872925,9,21,4.59679651260376,4.59679651260376,4.59679651260376,0,0.26804123711340216,0,0.24329896907216514,0,0.24329896907216514,True,True,True,0,True,0,4,1
B,R1,4,test,Clove leaf oil,DTXSID8044175,4,1;2;5,-1.0;-0.5228787660598755;1.0,9,21,3.681291103363037,3.681291103363037,3.681291103363037,0,0.1587628865979383,0,0.14020618556701042,0,0.14020618556701042,True,True,True,0,True,0,4,1
B,R1,4,test,Cotinine,DTXSID1047576,0,2;4;5,-0.5228787660598755;0.4771212637424469;1.0,18,42,2.0819501876831055,2.0819501876831055,2.0819501876831055,1,0.13195876288659802,1,0.18213058419244,1,0.1800687285223369,True,True,True,1,False,1,4,1
B,R1,4,test,Cotinine,DTXSID1047576,1,1;3;4,-1.0;0.0;0.4771212637424469,18,42,2.090792655944824,2.654620903275614,2.090792655944824,1,0.012371134020618568,1,0.18213058419244,1,0.1800687285223369,True,True,True,1,False,1,4,1
B,R1,4,test,Cotinine,DTXSID1047576,2,1;3;6,-1.0;0.0;1.4771212339401245,18,42,2.2128167152404785,2.2128167152404785,2.2128167152404785,1,0.11134020618556709,1,0.16151202749140903,1,0.15738831615120286,True,True,True,1,False,1,4,1
B,R1,4,test,Cotinine,DTXSID1047576,3,2;4;6,-0.5228787660598755;0.4771212637424469;1.4771212339401245,18,42,2.2128167152404785,2.2128167152404785,2.2128167152404785,1,0.11134020618556709,1,0.16151202749140903,1,0.15738831615120286,True,True,True,1,False,1,4,1
B,R1,4,test,Cotinine,DTXSID1047576,4,2;3;4,-0.5228787660598755;0.0;0.4771212637424469,18,42,2.090792655944824,2.090792655944824,2.090792655944824,1,0.13195876288659802,1,0.18213058419244,1,0.1800687285223369,True,True,True,1,False,1,4,1
B,R1,4,test,Coumaphos,DTXSID2020347,0,0;3;5,-1.0;0.4771212637424469;1.4771212339401245,9,21,4.151026248931885,4.464809592268937,4.151026248931885,0,0.2597938144329898,0,0.2041237113402063,0,0.2041237113402063,True,True,True,0,True,0,4,1
B,R1,4,test,Coumaphos,DTXSID2020347,1,0;1;3,-1.0;-0.5228787660598755;0.4771212637424469,9,21,1.8716440200805664,5.088030852195992,2.0825655460357666,0,0.2969072164948456,1,0.18213058419244,1,0.22852233676975958,True,True,True,1,False,0,4,1
B,R1,4,test,Coumaphos,DTXSID2020347,2,0;1;4,-1.0;-0.5228787660598755;1.0,9,21,1.8191026449203491,3.7098007862932634,1.8191026449203491,0,0.16288659793814447,1,0.23676975945017192,1,0.23676975945017192,True,True,True,1,False,0,4,1
B,R1,4,test,Coumaphos,DTXSID2020347,3,2;3;5,0.0;0.4771212637424469;1.4771212339401245,9,21,4.151026248931885,4.680664997972733,4.151026248931885,0,0.2762886597938146,0,0.2041237113402063,0,0.2041237113402063,True,True,True,0,True,0,4,1
B,R1,4,test,Coumaphos,DTXSID2020347,4,1;4;6,-0.5228787660598755;1.0;2.0,9,21,8.903060913085938,8.903060913085938,8.903060913085938,0,0.5958762886597935,0,0.5278350515463912,0,0.5278350515463912,True,True,True,0,True,0,4,1
B,R1,4,test,Cypermethrin,DTXSID1023998,0,1;2;6,-1.0;-0.5228787660598755;1.4771212339401245,9,21,8.236773490905762,8.236773490905762,8.236773490905762,0,0.5243986254295532,0,0.4790378006872848,0,0.4790378006872848,True,True,True,0,True,0,4,1
B,R1,4,test,Cypermethrin,DTXSID1023998,1,0;1;4,-1.5228787660598755;-1.0;0.4771212637424469,9,21,3.363154411315918,5.480167025750961,3.363154411315918,0,0.33195876288659815,0,0.0969072164948454,0,0.0969072164948454,True,True,True,0,True,0,4,1
B,R1,4,test,Cypermethrin,DTXSID1023998,2,1;2;4,-1.0;-0.5228787660598755;0.4771212637424469,9,21,3.363154411315918,5.865801180607608,3.363154411315918,0,0.350515463917526,0,0.0969072164948454,0,0.0969072164948454,True,True,True,0,True,0,4,1
B,R1,4,test,Cypermethrin,DTXSID1023998,3,1;3;5,-1.0;0.0;1.0,9,21,7.317076683044434,7.884251071072548,7.317076683044434,0,0.4852233676975947,0,0.37594501718213075,0,0.37594501718213075,True,True,True,0,True,0,4,1
B,R1,4,test,Cypermethrin,DTXSID1023998,4,0;2;5,-1.5228787660598755;-0.5228787660598755;1.0,9,21,7.317076683044434,7.712950804065787,7.317076683044434,0,0.46666666666666684,0,0.37594501718213075,0,0.37594501718213075,True,True,True,0,True,0,4,1
B,R1,4,test,D-Glucitol,DTXSID5023588,0,1;2;4,-1.0;-0.5228787660598755;0.4771212637424469,27,63,1.736119031906128,2.6459689008095646,1.736119031906128,1,0.012371134020618568,1,0.24810996563573895,1,0.24810996563573895,True,True,True,1,False,1,4,1
B,R1,4,test,D-Glucitol,DTXSID5023588,1,0;1;4,-1.5228787660598755;-1.0;0.4771212637424469,27,63,1.736119031906128,2.7093386296696327,1.736119031906128,0,0.01649484536082474,1,0.24810996563573895,1,0.24810996563573895,True,True,True,1,False,1,4,1
B,R1,4,test,D-Glucitol,DTXSID5023588,2,2;6;7,-0.5228787660598755;1.3010300397872925;1.4771212339401245,18,63,1.8509362538655598,1.8509362538655598,1.8509362538655598,1,0.1804123711340207,1,0.23264604810996575,1,0.23264604810996575,True,True,True,1,False,1,4,1
B,R1,4,test,D-Glucitol,DTXSID5023588,3,2;3;7,-0.5228787660598755;0.0;1.4771212339401245,24,63,1.8466529846191406,1.8466529846191406,1.8466529846191406,1,0.1804123711340207,1,0.23264604810996575,1,0.23264604810996575,True,True,True,1,False,1,4,1
B,R1,4,test,D-Glucitol,DTXSID5023588,4,2;3;4,-0.5228787660598755;0.0;0.4771212637424469,27,63,1.736119031906128,2.4528780442169644,1.736119031906128,1,0.07835051546391761,1,0.24810996563573895,1,0.24810996563573895,True,True,True,1,False,1,4,1
B,R1,4,test,Dextroamphetamine sulfate,DTXSID2057865,0,4;5;6,0.4771212637424469;1.0;1.4771212339401245,9,21,4.39570951461792,4.39570951461792,4.39570951461792,0,0.25154639175257754,0,0.22886597938144343,0,0.22886597938144343,True,True,True,0,True,0,4,1
B,R1,4,test,Dextroamphetamine sulfate,DTXSID2057865,1,0;3;4,-1.5228787660598755;0.0;0.4771212637424469,9,21,3.336583375930786,3.336583375930786,3.336583375930786,0,0.10515463917525786,0,0.08865979381443306,0,0.08865979381443306,True,True,True,0,True,0,4,1
B,R1,4,test,Dextroamphetamine sulfate,DTXSID2057865,2,0;1;4,-1.5228787660598755;-1.0;0.4771212637424469,9,21,3.336583375930786,3.923444774499899,3.336583375930786,0,0.1896907216494847,0,0.08865979381443306,0,0.08865979381443306,True,True,True,0,True,0,4,1
B,R1,4,test,Dextroamphetamine sulfate,DTXSID2057865,3,0;2;6,-1.5228787660598755;-0.5228787660598755;1.4771212339401245,9,21,4.39570951461792,4.39570951461792,4.39570951461792,0,0.25154639175257754,0,0.22886597938144343,0,0.22886597938144343,True,True,True,0,True,0,4,1
B,R1,4,test,Dextroamphetamine sulfate,DTXSID2057865,4,2;3;4,-0.5228787660598755;0.0;0.4771212637424469,9,21,3.336583375930786,3.409027467035354,3.336583375930786,0,0.10927835051546403,0,0.08865979381443306,0,0.08865979381443306,True,True,True,0,True,0,4,1
B,R1,4,test,Di(2-ethylhexyl) phthalate,DTXSID5020607,0,0;3;7,-1.5228787660598755;0.0;1.4771212339401245,24,63,9.733028411865234,9.733028411865234,9.733028411865234,0,0.6439862542955319,0,0.5608247422680406,0,0.5608247422680406,True,True,True,0,True,0,4,1
B,R1,4,test,Di(2-ethylhexyl) phthalate,DTXSID5020607,1,0;1;4,-1.5228787660598755;-1.0;0.4771212637424469,27,63,2.8804407119750977,4.547623982683904,2.8804407119750977,0,0.2659793814432992,0,0.026804123711340222,0,0.028865979381443363,True,False,False,1,False,0,4,1
B,R1,4,test,Di(2-ethylhexyl) phthalate,DTXSID5020607,2,1;4;7,-1.0;0.4771212637424469;1.4771212339401245,24,63,9.733028411865234,9.733028411865234,9.733028411865234,0,0.6439862542955319,0,0.5608247422680406,0,0.5608247422680406,True,True,True,0,True,0,4,1
B,R1,4,test,Di(2-ethylhexyl) phthalate,DTXSID5020607,3,0;1;3,-1.5228787660598755;-1.0;0.0,27,63,1.620336651802063,3.3899492762136116,1.620336651802063,0,0.10927835051546403,1,0.27285223367697603,1,0.27285223367697603,True,True,True,1,False,0,4,1
B,R1,4,test,Di(2-ethylhexyl) phthalate,DTXSID5020607,4,0;1;7,-1.5228787660598755;-1.0;1.4771212339401245,24,63,9.733028411865234,9.733028411865234,9.733028411865234,0,0.6439862542955319,0,0.5608247422680406,0,0.5608247422680406,True,True,True,0,True,0,4,1
B,R1,4,test,Diazinon,DTXSID9020407,0,1;4;5,-0.5228787660598755;1.0;1.4771212339401245,9,21,3.507026195526123,5.785741233015667,3.507026195526123,0,0.34639175257731986,0,0.11546391752577329,0,0.11546391752577329,True,True,True,0,True,0,4,1
B,R1,4,test,Diazinon,DTXSID9020407,1,0;4;5,-1.0;1.0;1.4771212339401245,9,21,3.507026195526123,6.330493701215046,3.507026195526123,0,0.36082474226804145,0,0.11546391752577329,0,0.11546391752577329,True,True,True,0,True,0,4,1
B,R1,4,test,Diazinon,DTXSID9020407,2,1;2;3,-0.5228787660598755;0.0;0.4771212637424469,9,21,1.9711499214172363,2.932339099441993,1.9711499214172363,0,0.037113402061855705,1,0.20378006872852245,1,0.20378006872852245,True,True,True,1,False,0,4,1
B,R1,4,test,Diazinon,DTXSID9020407,3,1;5;6,-0.5228787660598755;1.4771212339401245;2.0,9,21,9.711265563964844,9.711265563964844,9.711265563964844,0,0.6439862542955319,0,0.5608247422680406,0,0.5608247422680406,True,True,True,0,True,0,4,1
B,R1,4,test,Diazinon,DTXSID9020407,4,2;3;4,0.0;0.4771212637424469;1.0,9,21,2.2258176803588867,3.2126934619938705,2.2258176803588867,0,0.0824742268041238,1,0.14707903780068737,1,0.14295532646048117,True,True,True,1,False,0,4,1
B,R1,4,test,Dieldrin,DTXSID9020453,0,0;4;5,-1.5228787660598755;0.4771212637424469;1.0,9,21,8.779414176940918,8.779414176940918,8.779414176940918,0,0.5752577319587624,0,0.5030927835051544,0,0.5030927835051544,True,True,True,0,True,0,4,1
B,R1,4,test,Dieldrin,DTXSID9020453,1,0;2;3,-1.5228787660598755;-0.5228787660598755;0.0,9,21,3.847769260406494,3.847769260406494,3.847769260406494,0,0.17731958762886607,0,0.16082474226804133,0,0.16082474226804133,True,True,True,0,True,0,4,1
B,R1,4,test,Dieldrin,DTXSID9020453,2,1;4;5,-1.0;0.4771212637424469;1.0,9,21,8.779414176940918,8.779414176940918,8.779414176940918,0,0.5752577319587624,0,0.5030927835051544,0,0.5030927835051544,True,True,True,0,True,0,4,1
B,R1,4,test,Dieldrin,DTXSID9020453,3,0;3;5,-1.5228787660598755;0.0;1.0,9,21,8.779414176940918,8.779414176940918,8.779414176940918,0,0.5752577319587624,0,0.5030927835051544,0,0.5030927835051544,True,True,True,0,True,0,4,1
B,R1,4,test,Dieldrin,DTXSID9020453,4,3;4;5,0.0;0.4771212637424469;1.0,9,21,8.779414176940918,8.893710512152964,8.779414176940918,0,0.5958762886597935,0,0.5030927835051544,0,0.5030927835051544,True,True,True,0,True,0,4,1
B,R1,4,test,Diphenhydramine hydrochloride,DTXSID4020537,0,2;3;5,-0.5228787660598755;0.0;1.0,9,21,4.590326309204102,5.571734204059544,4.590326309204102,0,0.34432989690721677,0,0.24329896907216514,0,0.24329896907216514,True,True,True,0,True,0,4,1
B,R1,4,test,Diphenhydramine hydrochloride,DTXSID4020537,1,0;1;4,-1.5228787660598755;-1.0;0.4771212637424469,9,21,3.212528864542643,3.212528864542643,3.212528864542643,0,0.0824742268041238,0,0.06597938144329901,0,0.06597938144329901,True,True,True,0,True,0,4,1
B,R1,4,test,Diphenhydramine hydrochloride,DTXSID4020537,2,1;3;6,-1.0;0.0;1.3010300397872925,9,21,8.40762710571289,8.40762710571289,8.40762710571289,0,0.5388316151202748,0,0.4831615120274911,0,0.4831615120274911,True,True,True,0,True,0,4,1
B,R1,4,test,Diphenhydramine hydrochloride,DTXSID4020537,3,1;4;5,-1.0;0.4771212637424469;1.0,9,21,4.590326309204102,5.691108696229559,4.590326309204102,0,0.34432989690721677,0,0.24329896907216514,0,0.24329896907216514,True,True,True,0,True,0,4,1
B,R1,4,test,Diphenhydramine hydrochloride,DTXSID4020537,4,0;5;6,-1.5228787660598755;1.0;1.3010300397872925,9,21,8.40762710571289,8.40762710571289,8.40762710571289,0,0.5388316151202748,0,0.4831615120274911,0,0.4831615120274911,True,True,True,0,True,0,4,1
B,R1,4,test,Fosthiazate,DTXSID0034930,0,0;3;5,-1.0;0.4771212637424469;1.4771212339401245,9,21,2.143826484680176,2.143826484680176,2.143826484680176,1,0.13195876288659802,1,0.1800687285223369,1,0.1780068728522338,True,True,True,1,False,1,4,1
B,R1,4,test,Fosthiazate,DTXSID0034930,1,1;2;3,-0.5228787660598755;0.0;0.4771212637424469,9,21,2.143826484680176,6.790616432251664,2.143826484680176,0,0.3876288659793817,1,0.1800687285223369,1,0.1780068728522338,True,True,True,1,False,1,4,1
B,R1,4,test,Fosthiazate,DTXSID0034930,2,2;3;6,0.0;0.4771212637424469;2.0,9,21,2.143826484680176,2.143826484680176,2.143826484680176,1,0.13195876288659802,1,0.1800687285223369,1,0.1780068728522338,True,True,True,1,False,1,4,1
B,R1,4,test,Fosthiazate,DTXSID0034930,3,2;3;4,0.0;0.4771212637424469;1.0,9,21,2.143826484680176,2.717820176361416,2.143826484680176,0,0.01649484536082474,1,0.1800687285223369,1,0.1780068728522338,True,True,True,1,False,1,4,1
B,R1,4,test,Fosthiazate,DTXSID0034930,4,3;5;6,0.4771212637424469;1.4771212339401245;2.0,9,21,2.143826484680176,2.143826484680176,2.143826484680176,1,0.13195876288659802,1,0.1800687285223369,1,0.1780068728522338,True,True,True,1,False,1,4,1
B,R1,4,test,Heptachlor epoxide B,DTXSID1024126,0,0;1;2,-1.5228787660598755;-1.0;-0.5228787660598755,18,42,2.7213382720947266,2.7213382720947266,2.7213382720947266,0,0.01649484536082474,1,0.004123711340206171,1,0.004123711340206171,True,False,False,1,False,0,4,1
B,R1,4,test,Heptachlor epoxide B,DTXSID1024126,1,0;3;4,-1.5228787660598755;0.0;0.4771212637424469,18,42,2.630685806274414,2.630685806274414,2.630685806274414,1,0.020618556701030966,1,0.039862542955326485,1,0.039862542955326485,True,False,False,1,False,0,4,1
B,R1,4,test,Heptachlor epoxide B,DTXSID1024126,2,2;3;4,-0.5228787660598755;0.0;0.4771212637424469,18,42,2.630685806274414,2.630685806274414,2.630685806274414,1,0.020618556701030966,1,0.039862542955326485,1,0.039862542955326485,True,False,False,1,False,0,4,1
B,R1,4,test,Heptachlor epoxide B,DTXSID1024126,3,0;4;5,-1.5228787660598755;0.4771212637424469;1.0,18,42,3.7145767211914062,3.7145767211914062,3.7145767211914062,0,0.16288659793814447,0,0.1463917525773198,0,0.1463917525773198,True,True,True,0,True,0,4,1
B,R1,4,test,Heptachlor epoxide B,DTXSID1024126,4,1;3;6,-1.0;0.0;1.4771212339401245,18,42,8.833616256713867,8.833616256713867,8.833616256713867,0,0.5917525773195873,0,0.5278350515463912,0,0.5278350515463912,True,True,True,0,True,0,4,1
B,R1,4,test,Imidacloprid,DTXSID5032442,0,1;2;5,-1.0;-0.5228787660598755;1.0,9,21,2.515410900115967,3.55994194682007,2.515410900115967,0,0.12989690721649494,1,0.07903780068728528,1,0.07903780068728528,True,True,True,1,False,0,4,1
B,R1,4,test,Imidacloprid,DTXSID5032442,1,0;1;5,-1.5228787660598755;-1.0;1.0,9,21,2.515410900115967,3.0304712501884294,2.515410900115967,0,0.055670103092783585,1,0.07903780068728528,1,0.07903780068728528,True,True,True,1,False,0,4,1
B,R1,4,test,Imidacloprid,DTXSID5032442,2,0;2;3,-1.5228787660598755;-0.5228787660598755;0.0,9,21,2.094484806060791,2.1297357883346404,2.094484806060791,1,0.13195876288659802,1,0.18213058419244,1,0.1800687285223369,True,True,True,1,False,0,4,1
B,R1,4,test,Imidacloprid,DTXSID5032442,3,1;2;6,-1.0;-0.5228787660598755;1.4771212339401245,9,21,3.287627935409546,3.287627935409546,3.287627935409546,0,0.09484536082474232,0,0.08041237113402072,0,0.08041237113402072,True,True,True,0,True,0,4,1
B,R1,4,test,Imidacloprid,DTXSID5032442,4,1;5;6,-1.0;1.0;1.4771212339401245,9,21,3.287627935409546,3.287627935409546,3.287627935409546,0,0.09484536082474232,0,0.08041237113402072,0,0.08041237113402072,True,True,True,0,True,0,4,1
B,R1,4,test,Isodecyl diphenyl phosphate,DTXSID3025465,0,3;5;6,0.0;1.0;1.3010300397872925,9,21,2.5111277103424072,2.5111277103424072,2.5111277103424072,1,0.05773195876288664,1,0.07903780068728528,1,0.07903780068728528,True,True,True,1,False,1,4,1
B,R1,4,test,Isodecyl diphenyl phosphate,DTXSID3025465,1,0;1;5,-1.5228787660598755;-1.0;1.0,9,21,2.3835620880126953,2.3835620880126953,2.3835620880126953,1,0.08453608247422689,1,0.11821305841924407,1,0.11615120274914095,True,True,True,1,False,1,4,1
B,R1,4,test,Isodecyl diphenyl phosphate,DTXSID3025465,2,1;5;6,-1.0;1.0;1.3010300397872925,9,21,2.5111277103424072,2.5111277103424072,2.5111277103424072,1,0.05773195876288664,1,0.07903780068728528,1,0.07903780068728528,True,True,True,1,False,1,4,1
B,R1,4,test,Isodecyl diphenyl phosphate,DTXSID3025465,3,2;4;5,-0.5228787660598755;0.4771212637424469;1.0,9,21,2.3835620880126953,2.4189438453772896,2.3835620880126953,1,0.08453608247422689,1,0.11821305841924407,1,0.11615120274914095,True,True,True,1,False,1,4,1
B,R1,4,test,Isodecyl diphenyl phosphate,DTXSID3025465,4,4;5;6,0.4771212637424469;1.0;1.3010300397872925,9,21,2.5111277103424072,2.5111277103424072,2.5111277103424072,1,0.05773195876288664,1,0.07903780068728528,1,0.07903780068728528,True,True,True,1,False,1,4,1
B,R1,4,test,Kepone,DTXSID1020770,0,2;4;5,-0.5228787660598755;0.4771212637424469;1.0,9,21,8.8187837600708,8.8187837600708,8.8187837600708,0,0.585567010309278,0,0.5154639175257727,0,0.5154639175257727,True,True,True,0,True,0,4,1
B,R1,4,test,Kepone,DTXSID1020770,1,1;3;5,-1.0;0.0;1.0,9,21,8.8187837600708,8.8187837600708,8.8187837600708,0,0.585567010309278,0,0.5154639175257727,0,0.5154639175257727,True,True,True,0,True,0,4,1
B,R1,4,test,Kepone,DTXSID1020770,2,1;3;4,-1.0;0.0;0.4771212637424469,9,21,4.235803604125977,5.232926214016427,4.235803604125977,0,0.3134020618556704,0,0.2041237113402063,0,0.2041237113402063,True,True,True,0,True,0,4,1
B,R1,4,test,Kepone,DTXSID1020770,3,1;2;5,-1.0;-0.5228787660598755;1.0,9,21,8.8187837600708,8.8187837600708,8.8187837600708,0,0.585567010309278,0,0.5154639175257727,0,0.5154639175257727,True,True,True,0,True,0,4,1
B,R1,4,test,Kepone,DTXSID1020770,4,0;3;6,-1.5228787660598755;0.0;1.3010300397872925,9,21,8.8187837600708,8.892388267024934,8.8187837600708,0,0.5938144329896904,0,0.5154639175257727,0,0.5154639175257727,True,True,True,0,True,0,4,1
B,R1,4,test,Methimazole,DTXSID4020820,0,0;3;5,-1.5228787660598755;0.0;1.0,9,21,2.662454605102539,2.801790717924465,2.662454605102539,0,0.02268041237113405,1,0.03161512027491409,1,0.03161512027491409,True,False,False,1,False,0,4,1
B,R1,4,test,Methimazole,DTXSID4020820,1,0;3;6,-1.5228787660598755;0.0;1.3010300397872925,9,21,3.947188138961792,3.947188138961792,3.947188138961792,0,0.2041237113402064,0,0.18144329896907235,0,0.18144329896907235,True,True,True,0,True,0,4,1
B,R1,4,test,Methimazole,DTXSID4020820,2,3;4;5,0.0;0.4771212637424469;1.0,9,21,2.747199773788452,3.2449218123166346,2.747199773788452,0,0.08865979381443306,0,0.002061855670103141,0,0.002061855670103141,True,False,False,1,False,0,4,1
B,R1,4,test,Methimazole,DTXSID4020820,3,1;4;5,-1.0;0.4771212637424469;1.0,9,21,2.747199773788452,2.968786289371366,2.747199773788452,0,0.041237113402061876,0,0.002061855670103141,0,0.002061855670103141,True,False,False,1,False,0,4,1
B,R1,4,test,Methimazole,DTXSID4020820,4,0;1;2,-1.5228787660598755;-1.0;-0.5228787660598755,9,21,2.7336483001708984,3.2096575137240255,2.7336483001708984,0,0.0824742268041238,1,0.0,1,0.0,True,False,False,1,False,0,4,1
B,R1,4,test,Molinate,DTXSID6024206,0,0;3;5,-1.5228787660598755;0.0;1.0,9,21,3.6146469116210938,3.9024297172565507,3.6146469116210938,0,0.1896907216494847,0,0.12371134020618563,0,0.12371134020618563,True,True,True,0,True,0,4,1
B,R1,4,test,Molinate,DTXSID6024206,1,0;2;5,-1.5228787660598755;-0.5228787660598755;1.0,9,21,3.6146469116210938,3.6146469116210938,3.6146469116210938,0,0.13608247422680425,0,0.12371134020618563,0,0.12371134020618563,True,True,True,0,True,0,4,1
B,R1,4,test,Molinate,DTXSID6024206,2,0;4;5,-1.5228787660598755;0.4771212637424469;1.0,9,21,3.6146469116210938,3.6761249587964677,3.6146469116210938,0,0.15670103092783516,0,0.12371134020618563,0,0.12371134020618563,True,True,True,0,True,0,4,1
B,R1,4,test,Molinate,DTXSID6024206,3,1;2;4,-1.0;-0.5228787660598755;0.4771212637424469,9,21,3.3125624656677246,4.016037405518553,3.3125624656677246,0,0.21237113402061875,0,0.08453608247422684,0,0.08453608247422684,True,True,True,0,True,0,4,1
B,R1,4,test,Molinate,DTXSID6024206,4,2;3;5,-0.5228787660598755;0.0;1.0,9,21,3.6146469116210938,3.930771255961443,3.6146469116210938,0,0.1896907216494847,0,0.12371134020618563,0,0.12371134020618563,True,True,True,0,True,0,4,1
B,R1,4,test,Octylbicycloheptenedicarboximide,DTXSID6032562,0,1;3;6,-1.0;0.0;1.3010300397872925,9,21,5.7543625831604,5.7543625831604,5.7543625831604,0,0.34639175257731986,0,0.30103092783505175,0,0.30103092783505175,True,True,True,0,True,0,4,1
B,R1,4,test,Octylbicycloheptenedicarboximide,DTXSID6032562,1,0;1;6,-1.5228787660598755;-1.0;1.3010300397872925,9,21,5.7543625831604,5.7543625831604,5.7543625831604,0,0.34639175257731986,0,0.30103092783505175,0,0.30103092783505175,True,True,True,0,True,0,4,1
B,R1,4,test,Octylbicycloheptenedicarboximide,DTXSID6032562,2,0;2;4,-1.5228787660598755;-0.5228787660598755;0.4771212637424469,9,21,4.52793820699056,4.52793820699056,4.52793820699056,0,0.2618556701030929,0,0.23711340206185577,0,0.23711340206185577,True,True,True,0,True,0,4,1
B,R1,4,test,Octylbicycloheptenedicarboximide,DTXSID6032562,3,1;3;4,-1.0;0.0;0.4771212637424469,9,21,2.9940335750579834,3.1529865565215327,2.9940335750579834,0,0.06597938144329901,0,0.03711340206185576,0,0.03711340206185576,True,False,False,1,False,0,4,1
B,R1,4,test,Octylbicycloheptenedicarboximide,DTXSID6032562,4,0;1;5,-1.5228787660598755;-1.0;1.0,9,21,4.52793820699056,4.52793820699056,4.52793820699056,0,0.2618556701030929,0,0.23711340206185577,0,0.23711340206185577,True,True,True,0,True,0,4,1
B,R1,4,test,Paraquat dichloride,DTXSID7024243,0,2;3;4,-0.5228787660598755;0.0;0.4771212637424469,9,21,10.0,10.0,10.0,0,0.7065292096219924,0,0.627491408934707,0,0.627491408934707,True,True,True,0,True,0,4,1
B,R1,4,test,Paraquat dichloride,DTXSID7024243,1,0;3;4,-1.5228787660598755;0.0;0.4771212637424469,9,21,10.0,10.00446030765776,10.0,0,0.7443298969072154,0,0.627491408934707,0,0.627491408934707,True,True,True,0,True,0,4,1
B,R1,4,test,Paraquat dichloride,DTXSID7024243,2,3;4;5,0.0;0.4771212637424469;1.0,9,21,10.0,10.0,10.0,0,0.7065292096219924,0,0.627491408934707,0,0.627491408934707,True,True,True,0,True,0,4,1
B,R1,4,test,Paraquat dichloride,DTXSID7024243,3,0;1;3,-1.5228787660598755;-1.0;0.0,9,21,2.7241411209106445,3.9832788794597347,2.7241411209106445,0,0.2103092783505156,1,0.004123711340206171,1,0.004123711340206171,True,False,False,1,False,0,4,1
B,R1,4,test,Paraquat dichloride,DTXSID7024243,4,1;3;4,-1.0;0.0;0.4771212637424469,9,21,10.0,10.0,10.0,0,0.7065292096219924,0,0.627491408934707,0,0.627491408934707,True,True,True,0,True,0,4,1
B,R1,4,test,Perfluoroundecanoic acid,DTXSID8047553,0,2;4;5,-0.5228787660598755;0.4771212637424469;1.0,9,21,2.28062105178833,2.28062105178833,2.28062105178833,1,0.08659793814432998,1,0.1367697594501719,1,0.13264604810996572,True,True,True,1,False,1,4,1
B,R1,4,test,Perfluoroundecanoic acid,DTXSID8047553,1,1;3;5,-1.0;0.0;1.0,9,21,1.6347465515136719,1.6347465515136719,1.6347465515136719,1,0.19793814432989698,1,0.2646048109965637,1,0.2646048109965637,True,True,True,1,False,1,4,1
B,R1,4,test,Perfluoroundecanoic acid,DTXSID8047553,2,3;5;6,0.0;1.0;1.3010300397872925,9,21,2.2292308807373047,2.2292308807373047,2.2292308807373047,1,0.09690721649484543,1,0.14707903780068737,1,0.14295532646048117,True,True,True,1,False,1,4,1
B,R1,4,test,Perfluoroundecanoic acid,DTXSID8047553,3,0;1;2,-1.5228787660598755;-1.0;-0.5228787660598755,9,21,2.28062105178833,3.4467933928641177,2.28062105178833,0,0.10927835051546403,1,0.1367697594501719,1,0.13264604810996572,True,True,True,1,False,1,4,1
B,R1,4,test,Perfluoroundecanoic acid,DTXSID8047553,4,0;1;3,-1.5228787660598755;-1.0;0.0,9,21,1.5070184469223022,1.5070184469223022,1.5070184469223022,1,0.2164948453608248,1,0.2872852233676977,1,0.2872852233676977,True,True,True,1,False,1,4,1
B,R1,4,test,Phenylmercuric acetate,DTXSID7021150,0,0;6;7,-3.522878646850586;-0.5228787660598755;0.0,12,42,6.978609561920166,6.978609561920166,6.978609561920166,0,0.4171821305841927,0,0.35945017182130606,0,0.35945017182130606,True,True,True,0,True,0,4,1
B,R1,4,test,Phenylmercuric acetate,DTXSID7021150,1,1;8;9,-3.0;0.4771212637424469;1.0,9,42,6.978609561920166,6.978609561920166,6.978609561920166,0,0.4171821305841927,0,0.35945017182130606,0,0.35945017182130606,True,True,True,0,True,0,4,1
B,R1,4,test,Phenylmercuric acetate,DTXSID7021150,2,3;5;8,-2.0;-1.0;0.4771212637424469,12,42,6.978609561920166,6.978609561920166,6.978609561920166,0,0.4171821305841927,0,0.35945017182130606,0,0.35945017182130606,True,True,True,0,True,0,4,1
B,R1,4,test,Phenylmercuric acetate,DTXSID7021150,3,6;8;10,-0.5228787660598755;0.4771212637424469;1.3010300397872925,12,42,6.978609561920166,6.979523484460326,6.978609561920166,0,0.4171821305841927,0,0.35945017182130606,0,0.35945017182130606,True,True,True,0,True,0,4,1
B,R1,4,test,Phenylmercuric acetate,DTXSID7021150,4,2;5;9,-2.522878646850586;-1.0;1.0,12,42,6.978609561920166,6.994937313010142,6.978609561920166,0,0.4171821305841927,0,0.35945017182130606,0,0.35945017182130606,True,True,True,0,True,0,4,1
B,R1,4,test,Phosmet,DTXSID5024261,0,0;2;6,-1.0;0.0;2.0,9,21,8.067334175109863,8.067334175109863,8.067334175109863,0,0.5079037800687285,0,0.44810996563573874,0,0.44810996563573874,True,True,True,0,True,0,4,1
B,R1,4,test,Phosmet,DTXSID5024261,1,0;1;2,-1.0;-0.5228787660598755;0.0,9,21,1.2121753692626953,3.4155174397859267,1.2121753692626953,0,0.10927835051546403,1,0.3182130584192441,1,0.3182130584192441,True,True,True,1,False,0,4,1
B,R1,4,test,Phosmet,DTXSID5024261,2,1;2;6,-0.5228787660598755;0.0;2.0,9,21,8.067334175109863,8.067334175109863,8.067334175109863,0,0.5079037800687285,0,0.44810996563573874,0,0.44810996563573874,True,True,True,0,True,0,4,1
B,R1,4,test,Phosmet,DTXSID5024261,3,2;4;6,0.0;1.0;2.0,9,21,8.067334175109863,8.067334175109863,8.067334175109863,0,0.5079037800687285,0,0.44810996563573874,0,0.44810996563573874,True,True,True,0,True,0,4,1
B,R1,4,test,Phosmet,DTXSID5024261,4,2;4;5,0.0;1.0;1.4771212339401245,9,21,6.252791086832683,6.821766338336562,6.252791086832683,0,0.39175257731958785,0,0.31340206185567027,0,0.31340206185567027,True,True,True,0,True,0,4,1
B,R1,4,test,Picoxystrobin,DTXSID9047542,0,0;3;9,-3.522878646850586;-2.0;1.0,9,42,10.0,10.23135610985398,10.0,0,0.7484536082474216,0,0.627491408934707,0,0.627491408934707,True,True,True,0,True,0,4,1
B,R1,4,test,Picoxystrobin,DTXSID9047542,1,1;4;5,-3.0;-1.5228787660598755;-1.0,15,42,3.158419132232666,8.293088806868498,3.158419132232666,0,0.5367697594501717,0,0.059793814432989756,0,0.059793814432989756,True,True,True,0,True,0,4,1
B,R1,4,test,Picoxystrobin,DTXSID9047542,2,4;5;6,-1.5228787660598755;-1.0;-0.5228787660598755,18,42,4.798041343688965,4.798041343688965,4.798041343688965,0,0.28865979381443324,0,0.2680412371134023,0,0.2680412371134023,True,True,True,0,True,0,4,1
B,R1,4,test,Picoxystrobin,DTXSID9047542,3,0;4;7,-3.522878646850586;-1.5228787660598755;0.0,12,42,8.708158493041992,8.799556464382842,8.708158493041992,0,0.5752577319587624,0,0.5030927835051544,0,0.5030927835051544,True,True,True,0,True,0,4,1
B,R1,4,test,Picoxystrobin,DTXSID9047542,4,0;1;5,-3.522878646850586;-3.0;-1.0,12,42,3.158419132232666,7.57228692866466,3.158419132232666,0,0.44948453608247435,0,0.059793814432989756,0,0.059793814432989756,True,True,True,0,True,0,4,1
B,R1,4,test,Resmethrin,DTXSID7022253,0,1;2;5,-1.0;-0.5228787660598755;1.0,9,21,2.0018479029337564,2.3691818619155764,2.0018479029337564,1,0.08453608247422689,1,0.20171821305841936,1,0.20171821305841936,True,True,True,1,False,0,4,1
B,R1,4,test,Resmethrin,DTXSID7022253,1,0;4;5,-1.5228787660598755;0.4771212637424469;1.0,9,21,2.0018479029337564,2.1265588255701084,2.0018479029337564,1,0.13195876288659802,1,0.20171821305841936,1,0.20171821305841936,True,True,True,1,False,0,4,1
B,R1,4,test,Resmethrin,DTXSID7022253,2,1;2;3,-1.0;-0.5228787660598755;0.0,9,21,1.9077447255452473,1.9077447255452473,1.9077447255452473,1,0.1762886597938145,1,0.22852233676975958,1,0.22852233676975958,True,True,True,1,False,0,4,1
B,R1,4,test,Resmethrin,DTXSID7022253,3,3;4;6,0.0;0.4771212637424469;1.3010300397872925,9,21,4.980974197387695,4.980974197387695,4.980974197387695,0,0.2927835051546394,0,0.27010309278350536,0,0.27010309278350536,True,True,True,0,True,0,4,1
B,R1,4,test,Resmethrin,DTXSID7022253,4,0;2;3,-1.5228787660598755;-0.5228787660598755;0.0,9,21,1.9077447255452473,1.9077447255452473,1.9077447255452473,1,0.1762886597938145,1,0.22852233676975958,1,0.22852233676975958,True,True,True,1,False,0,4,1
B,R1,4,test,Retinoic acid,DTXSID7021239,0,0;5;6,-1.5228787660598755;1.0;1.4771212339401245,9,21,9.379953384399414,9.379953384399414,9.379953384399414,0,0.6319587628865975,0,0.557731958762886,0,0.557731958762886,True,True,True,0,True,0,4,1
B,R1,4,test,Retinoic acid,DTXSID7021239,1,0;4;6,-1.5228787660598755;0.4771212637424469;1.4771212339401245,9,21,9.379953384399414,9.379953384399414,9.379953384399414,0,0.6319587628865975,0,0.557731958762886,0,0.557731958762886,True,True,True,0,True,0,4,1
B,R1,4,test,Retinoic acid,DTXSID7021239,2,0;2;3,-1.5228787660598755;-0.5228787660598755;0.0,9,21,3.958784739176432,3.958784739176432,3.958784739176432,0,0.2041237113402064,0,0.18144329896907235,0,0.18144329896907235,True,True,True,0,True,0,4,1
B,R1,4,test,Retinoic acid,DTXSID7021239,3,0;1;3,-1.5228787660598755;-1.0;0.0,9,21,3.958784739176432,4.34600011228365,3.958784739176432,0,0.241237113402062,0,0.18144329896907235,0,0.18144329896907235,True,True,True,0,True,0,4,1
B,R1,4,test,Retinoic acid,DTXSID7021239,4,1;2;3,-1.0;-0.5228787660598755;0.0,9,21,3.958784739176432,6.250128222578843,3.958784739176432,0,0.35876288659793837,0,0.18144329896907235,0,0.18144329896907235,True,True,True,0,True,0,4,1
B,R1,4,test,Rotenone,DTXSID6021248,0,0;2;8,-4.522878646850586;-3.522878646850586;-0.5228787660598755,15,84,7.567954063415527,7.983376499189297,7.567954063415527,0,0.4872852233676977,0,0.3965635738831615,0,0.3965635738831615,True,True,True,0,True,0,4,1
B,R1,4,test,Rotenone,DTXSID6021248,1,1;2;5,-4.0;-3.522878646850586;-2.0,18,84,3.5004444122314453,9.219589749224154,3.5004444122314453,0,0.6185567010309274,0,0.11546391752577329,0,0.11546391752577329,True,True,True,0,True,0,4,1
B,R1,4,test,Rotenone,DTXSID6021248,2,3;4;11,-3.0;-2.522878646850586;1.0,18,84,7.567954063415527,7.646427175401236,7.567954063415527,0,0.461855670103093,0,0.3965635738831615,0,0.3965635738831615,True,True,True,0,True,0,4,1
B,R1,4,test,Rotenone,DTXSID6021248,3,1;2;9,-4.0;-3.522878646850586;0.0,18,84,7.567954063415527,7.833837754202126,7.567954063415527,0,0.47697594501718216,0,0.3965635738831615,0,0.3965635738831615,True,True,True,0,True,0,4,1
B,R1,4,test,Rotenone,DTXSID6021248,4,1;2;11,-4.0;-3.522878646850586;1.0,18,84,7.567954063415527,7.734796952554548,7.567954063415527,0,0.46872852233677004,0,0.3965635738831615,0,0.3965635738831615,True,True,True,0,True,0,4,1
B,R1,4,test,Sodium orthovanadate,DTXSID2037269,0,1;3;7,-1.5228787660598755;-0.5228787660598755;1.4771212339401245,25,73,7.503614902496338,7.503614902496338,7.503614902496338,0,0.44948453608247435,0,0.3965635738831615,0,0.3965635738831615,True,True,True,0,True,0,4,1
B,R1,4,test,Sodium orthovanadate,DTXSID2037269,1,0;5;6,-2.0;0.4771212637424469;1.0,26,73,3.3178446292877197,3.995090647101545,3.3178446292877197,0,0.2103092783505156,0,0.08453608247422684,0,0.08453608247422684,True,True,True,0,True,0,4,1
B,R1,4,test,Sodium orthovanadate,DTXSID2037269,2,1;3;6,-1.5228787660598755;-0.5228787660598755;1.0,30,73,3.3178446292877197,3.3178446292877197,3.3178446292877197,0,0.10309278350515472,0,0.08453608247422684,0,0.08453608247422684,True,True,True,0,True,0,4,1
B,R1,4,test,Sodium orthovanadate,DTXSID2037269,3,0;3;5,-2.0;-0.5228787660598755;0.4771212637424469,26,73,3.275334358215332,5.124811452007954,3.275334358215332,0,0.2969072164948456,0,0.08041237113402072,0,0.08041237113402072,True,True,True,0,True,0,4,1
B,R1,4,test,Sodium orthovanadate,DTXSID2037269,4,5;6;7,0.4771212637424469;1.0;1.4771212339401245,28,73,7.503614902496338,7.503614902496338,7.503614902496338,0,0.44948453608247435,0,0.3965635738831615,0,0.3965635738831615,True,True,True,0,True,0,4,1
B,R1,4,test,Tebupirimfos,DTXSID1032482,0,0;2;5,-1.0;0.0;1.4771212339401245,9,21,1.5276236534118652,1.5276236534118652,1.5276236534118652,1,0.21237113402061863,1,0.2852233676975946,1,0.2852233676975946,True,True,True,1,False,0,4,1
B,R1,4,test,Tebupirimfos,DTXSID1032482,1,2;4;5,0.0;1.0;1.4771212339401245,9,21,1.5703388452529907,1.5703388452529907,1.5703388452529907,1,0.20618556701030935,1,0.2769759450171822,1,0.2769759450171822,True,True,True,1,False,0,4,1
B,R1,4,test,Tebupirimfos,DTXSID1032482,2,0;1;3,-1.0;-0.5228787660598755;0.4771212637424469,9,21,1.1321194171905518,1.94331526467415,1.1321194171905518,1,0.15773195876288668,1,0.32233676975945025,1,0.32233676975945025,True,True,True,1,False,0,4,1
B,R1,4,test,Tebupirimfos,DTXSID1032482,3,1;2;5,-0.5228787660598755;0.0;1.4771212339401245,9,21,1.5276236534118652,1.5276236534118652,1.5276236534118652,1,0.21237113402061863,1,0.2852233676975946,1,0.2852233676975946,True,True,True,1,False,0,4,1
B,R1,4,test,Tebupirimfos,DTXSID1032482,4,2;3;4,0.0;0.4771212637424469;1.0,9,21,1.5703388452529907,2.6140709513091736,1.5703388452529907,1,0.020618556701030966,1,0.2769759450171822,1,0.2769759450171822,True,True,True,1,False,0,4,1
B,R1,4,test,Triphenyl phosphate,DTXSID1021952,0,0;2;6,-1.5228787660598755;-0.5228787660598755;1.4771212339401245,15,35,6.133027076721191,6.133027076721191,6.133027076721191,0,0.35670103092783517,0,0.31340206185567027,0,0.31340206185567027,True,True,True,0,True,0,4,1
B,R1,4,test,Triphenyl phosphate,DTXSID1021952,1,0;2;4,-1.5228787660598755;-0.5228787660598755;0.4771212637424469,15,35,2.825507164001465,2.9444906551178516,2.825507164001465,0,0.037113402061855705,0,0.01649484536082474,0,0.018556701030927825,True,False,False,1,False,0,4,1
B,R1,4,test,Triphenyl phosphate,DTXSID1021952,2,1;2;5,-1.0;-0.5228787660598755;1.0,15,35,3.8936421871185303,4.460636378316964,3.8936421871185303,0,0.2597938144329898,0,0.17113402061855681,0,0.17113402061855681,True,True,True,0,True,0,4,1
B,R1,4,test,Triphenyl phosphate,DTXSID1021952,3,0;5;6,-1.5228787660598755;1.0;1.4771212339401245,15,35,6.133027076721191,6.133027076721191,6.133027076721191,0,0.35670103092783517,0,0.31340206185567027,0,0.31340206185567027,True,True,True,0,True,0,4,1
B,R1,4,test,Triphenyl phosphate,DTXSID1021952,4,0;4;5,-1.5228787660598755;0.4771212637424469;1.0,15,35,3.8936421871185303,4.092806766108298,3.8936421871185303,0,0.21237113402061875,0,0.17113402061855681,0,0.17113402061855681,True,True,True,0,True,0,4,1
B,R1,4,test,Triphenyl phosphite,DTXSID0026252,0,3;4;5,0.0;0.4771212637424469;1.0,9,21,2.23818302154541,2.23818302154541,2.23818302154541,1,0.09278350515463923,1,0.138831615120275,1,0.1347079037800688,True,True,True,1,False,1,4,1
B,R1,4,test,Triphenyl phosphite,DTXSID0026252,1,0;2;3,-1.5228787660598755;-0.5228787660598755;0.0,9,21,1.4525413513183594,2.348998555889962,1.4525413513183594,1,0.08453608247422689,1,0.293470790378007,1,0.293470790378007,True,True,True,1,False,1,4,1
B,R1,4,test,Triphenyl phosphite,DTXSID0026252,2,2;3;5,-0.5228787660598755;0.0;1.0,9,21,1.7117252349853516,1.7117252349853516,1.7117252349853516,1,0.18969072164948458,1,0.25017182130584203,1,0.25017182130584203,True,True,True,1,False,1,4,1
B,R1,4,test,Triphenyl phosphite,DTXSID0026252,3,2;4;6,-0.5228787660598755;0.4771212637424469;1.3010300397872925,9,21,2.23818302154541,2.23818302154541,2.23818302154541,1,0.09278350515463923,1,0.138831615120275,1,0.1347079037800688,True,True,True,1,False,1,4,1
B,R1,4,test,Triphenyl phosphite,DTXSID0026252,4,0;4;6,-1.5228787660598755;0.4771212637424469;1.3010300397872925,9,21,2.23818302154541,2.23818302154541,2.23818302154541,1,0.09278350515463923,1,0.138831615120275,1,0.1347079037800688,True,True,True,1,False,1,4,1
B,R1,4,test,Tris(2-chloroisopropyl)phosphate,DTXSID5026259,0,2;4;6,-0.5228787660598755;0.4771212637424469;1.3010300397872925,9,21,2.5220746994018555,2.5220746994018555,2.5220746994018555,1,0.051546391752577386,1,0.06872852233676979,1,0.06872852233676979,True,False,False,1,False,1,4,1
B,R1,4,test,Tris(2-chloroisopropyl)phosphate,DTXSID5026259,1,4;5;6,0.4771212637424469;1.0;1.3010300397872925,9,21,2.239488363265991,2.239488363265991,2.239488363265991,1,0.09072164948453615,1,0.138831615120275,1,0.1347079037800688,True,True,True,1,False,1,4,1
B,R1,4,test,Tris(2-chloroisopropyl)phosphate,DTXSID5026259,2,1;2;5,-1.0;-0.5228787660598755;1.0,9,21,2.5220746994018555,2.5220746994018555,2.5220746994018555,1,0.051546391752577386,1,0.06872852233676979,1,0.06872852233676979,True,False,False,1,False,1,4,1
B,R1,4,test,Tris(2-chloroisopropyl)phosphate,DTXSID5026259,3,2;5;6,-0.5228787660598755;1.0;1.3010300397872925,9,21,2.5220746994018555,2.5220746994018555,2.5220746994018555,1,0.051546391752577386,1,0.06872852233676979,1,0.06872852233676979,True,False,False,1,False,1,4,1
B,R1,4,test,Tris(2-chloroisopropyl)phosphate,DTXSID5026259,4,0;4;6,-1.5228787660598755;0.4771212637424469;1.3010300397872925,9,21,2.239488363265991,2.239488363265991,2.239488363265991,1,0.09072164948453615,1,0.138831615120275,1,0.1347079037800688,True,True,True,1,False,1,4,1
B,R1,4,test,Valinomycin,DTXSID9041150,0,1;5;8,-3.522878646850586;-1.5228787660598755;0.0,12,42,8.963916778564453,8.963916778564453,8.963916778564453,0,0.6061855670103089,0,0.5319587628865974,0,0.5319587628865974,True,True,True,0,True,0,4,1
B,R1,4,test,Valinomycin,DTXSID9041150,1,2;6;8,-3.0;-1.0;0.0,12,42,10.0,10.0,10.0,0,0.7065292096219924,0,0.627491408934707,0,0.627491408934707,True,True,True,0,True,0,4,1
B,R1,4,test,Valinomycin,DTXSID9041150,2,7;9;10,-0.5228787660598755;0.4771212637424469;1.0,9,42,8.332616806030273,8.422666459779654,8.332616806030273,0,0.542955326460481,0,0.4831615120274911,0,0.4831615120274911,True,True,True,0,True,0,4,1
B,R1,4,test,Valinomycin,DTXSID9041150,3,3;8;9,-2.522878646850586;0.0;0.4771212637424469,9,42,10.0,10.0,10.0,0,0.7065292096219924,0,0.627491408934707,0,0.627491408934707,True,True,True,0,True,0,4,1
B,R1,4,test,Valinomycin,DTXSID9041150,4,4;5;8,-2.0;-1.5228787660598755;0.0,12,42,10.0,10.0,10.0,0,0.7065292096219924,0,0.627491408934707,0,0.627491408934707,True,True,True,0,True,0,4,1
B,R1,4,test,tert-Butylphenyl diphenyl phosphate,DTXSID6024701,0,2;4;5,-0.5228787660598755;0.4771212637424469;1.0,9,21,3.9694581031799316,3.9694581031799316,3.9694581031799316,0,0.2041237113402064,0,0.18144329896907235,0,0.18144329896907235,True,True,True,0,True,0,4,1
B,R1,4,test,tert-Butylphenyl diphenyl phosphate,DTXSID6024701,1,1;2;5,-1.0;-0.5228787660598755;1.0,9,21,3.9694581031799316,3.9694581031799316,3.9694581031799316,0,0.2041237113402064,0,0.18144329896907235,0,0.18144329896907235,True,True,True,0,True,0,4,1
B,R1,4,test,tert-Butylphenyl diphenyl phosphate,DTXSID6024701,2,0;5;6,-1.5228787660598755;1.0;1.3010300397872925,9,21,6.721369743347168,6.721369743347168,6.721369743347168,0,0.3855670103092786,0,0.3243986254295534,0,0.3243986254295534,True,True,True,0,True,0,4,1
B,R1,4,test,tert-Butylphenyl diphenyl phosphate,DTXSID6024701,3,1;3;5,-1.0;0.0;1.0,9,21,3.9694581031799316,3.9694581031799316,3.9694581031799316,0,0.2041237113402064,0,0.18144329896907235,0,0.18144329896907235,True,True,True,0,True,0,4,1
B,R1,4,test,tert-Butylphenyl diphenyl phosphate,DTXSID6024701,4,0;1;6,-1.5228787660598755;-1.0;1.3010300397872925,9,21,6.721369743347168,6.721369743347168,6.721369743347168,0,0.3855670103092786,0,0.3243986254295534,0,0.3243986254295534,True,True,True,0,True,0,4,1
