compound,endpoint,concentration,unit,status,wells,value,low90,high90,response,response_low90,response_high90,next_step,call,add_concentration,call_margin,release_margin,measured_concentrations
Aminonicotinimide,hN2_NOG_BPCount,0.001,uM,measured,3,0.94,,,3.8596,,,add one concentration,active,10.0,0.22963,0.42,3
Aminonicotinimide,hN2_NOG_BPCount,0.003,uM,forecast,,0.940907,0.571587,1.310226,3.771,1.6951,5.8469,add one concentration,active,10.0,0.22963,0.42,3
Aminonicotinimide,hN2_NOG_BPCount,0.01,uM,forecast,,0.91308,0.541387,1.284772,3.6146,1.5254,5.7038,add one concentration,active,10.0,0.22963,0.42,3
Aminonicotinimide,hN2_NOG_BPCount,0.03,uM,forecast,,0.97781,0.600471,1.355149,3.9784,1.8575,6.0994,add one concentration,active,10.0,0.22963,0.42,3
Aminonicotinimide,hN2_NOG_BPCount,0.1,uM,forecast,,0.776652,0.399078,1.154226,2.8478,0.7255,4.97,add one concentration,active,10.0,0.22963,0.42,3
Aminonicotinimide,hN2_NOG_BPCount,0.3,uM,measured,3,0.983333,,,4.1032,,,add one concentration,active,10.0,0.22963,0.42,3
Aminonicotinimide,hN2_NOG_BPCount,1.0,uM,forecast,,0.919245,0.504398,1.334091,3.6492,1.3175,5.981,add one concentration,active,10.0,0.22963,0.42,3
Aminonicotinimide,hN2_NOG_BPCount,3.0,uM,forecast,,0.819568,0.364639,1.274498,3.089,0.5319,5.646,add one concentration,active,10.0,0.22963,0.42,3
Aminonicotinimide,hN2_NOG_BPCount,10.0,uM,forecast,,0.77985,0.305268,1.254432,2.8657,0.1982,5.5333,add one concentration,active,10.0,0.22963,0.42,3
Aminonicotinimide,hN2_NOG_BPCount,30.0,uM,forecast,,0.37826,-0.094694,0.851214,0.6085,-2.0499,3.2669,add one concentration,active,10.0,0.22963,0.42,3
Aminonicotinimide,hN2_NOG_BPCount,100.0,uM,measured,3,0.64,,,2.1734,,,add one concentration,active,10.0,0.22963,0.42,3
Amphetamine,hN2_NOG_BPCount,0.001,uM,measured,3,0.703333,,,2.5293,,,add one concentration,active,1.0,0.311111,0.42,3
Amphetamine,hN2_NOG_BPCount,0.003,uM,forecast,,0.754033,0.390992,1.117075,2.7206,0.6801,4.7612,add one concentration,active,1.0,0.311111,0.42,3
Amphetamine,hN2_NOG_BPCount,0.01,uM,forecast,,0.85736,0.491915,1.222806,3.3014,1.2473,5.3555,add one concentration,active,1.0,0.311111,0.42,3
Amphetamine,hN2_NOG_BPCount,0.03,uM,forecast,,1.03712,0.666518,1.407722,4.3118,2.2287,6.3949,add one concentration,active,1.0,0.311111,0.42,3
Amphetamine,hN2_NOG_BPCount,0.1,uM,forecast,,1.02465,0.65432,1.39498,4.2417,2.1602,6.3232,add one concentration,active,1.0,0.311111,0.42,3
Amphetamine,hN2_NOG_BPCount,0.3,uM,measured,3,1.383333,,,6.3515,,,add one concentration,active,1.0,0.311111,0.42,3
Amphetamine,hN2_NOG_BPCount,1.0,uM,forecast,,1.155617,0.754257,1.556978,4.9778,2.7219,7.2338,add one concentration,active,1.0,0.311111,0.42,3
Amphetamine,hN2_NOG_BPCount,3.0,uM,forecast,,0.978925,0.537943,1.419907,3.9847,1.506,6.4633,add one concentration,active,1.0,0.311111,0.42,3
Amphetamine,hN2_NOG_BPCount,10.0,uM,forecast,,0.777118,0.315255,1.238981,2.8504,0.2544,5.4464,add one concentration,active,1.0,0.311111,0.42,3
Amphetamine,hN2_NOG_BPCount,30.0,uM,forecast,,0.19902,-0.261037,0.659076,-0.399,-2.9848,2.1869,add one concentration,active,1.0,0.311111,0.42,3
Amphetamine,hN2_NOG_BPCount,100.0,uM,measured,3,0.626667,,,2.0984,,,add one concentration,active,1.0,0.311111,0.42,3
Caffeine,hN2_NOG_BPCount,0.001,uM,measured,3,0.416667,,,-0.4497,,,report the call,inactive,,0.488889,0.42,3
Caffeine,hN2_NOG_BPCount,0.003,uM,forecast,,0.42935,0.260536,0.598163,-0.4533,-1.4022,0.4955,report the call,inactive,,0.488889,0.42,3
Caffeine,hN2_NOG_BPCount,0.01,uM,forecast,,0.387348,0.211066,0.563631,-0.6894,-1.6802,0.3014,report the call,inactive,,0.488889,0.42,3
Caffeine,hN2_NOG_BPCount,0.03,uM,forecast,,0.421962,0.228774,0.615151,-0.4948,-1.5807,0.591,report the call,inactive,,0.488889,0.42,3
Caffeine,hN2_NOG_BPCount,0.1,uM,forecast,,0.42468,0.242369,0.606992,-0.4796,-1.5043,0.5452,report the call,inactive,,0.488889,0.42,3
Caffeine,hN2_NOG_BPCount,0.3,uM,measured,3,0.396667,,,-0.5621,,,report the call,inactive,,0.488889,0.42,3
Caffeine,hN2_NOG_BPCount,1.0,uM,forecast,,0.397595,0.164797,0.630392,-0.6318,-1.9403,0.6767,report the call,inactive,,0.488889,0.42,3
Caffeine,hN2_NOG_BPCount,3.0,uM,forecast,,0.355642,0.103311,0.607973,-0.8676,-2.2859,0.5507,report the call,inactive,,0.488889,0.42,3
Caffeine,hN2_NOG_BPCount,10.0,uM,forecast,,0.345917,0.114463,0.577371,-0.9223,-2.2232,0.3787,report the call,inactive,,0.488889,0.42,3
Caffeine,hN2_NOG_BPCount,30.0,uM,forecast,,0.273295,0.053449,0.49314,-1.3305,-2.5662,-0.0948,report the call,inactive,,0.488889,0.42,3
Caffeine,hN2_NOG_BPCount,100.0,uM,measured,3,0.32,,,-0.993,,,report the call,inactive,,0.488889,0.42,3
Chlorpyrifos,hN2_NOG_BPCount,0.001,uM,measured,3,0.423333,,,-1.0492,,,add one concentration,active,30.0,0.185185,0.42,3
Chlorpyrifos,hN2_NOG_BPCount,0.003,uM,forecast,,0.518048,0.262304,0.773792,-0.4606,-1.8981,0.9768,add one concentration,active,30.0,0.185185,0.42,3
Chlorpyrifos,hN2_NOG_BPCount,0.01,uM,forecast,,0.527625,0.256989,0.798261,-0.4068,-1.928,1.1144,add one concentration,active,30.0,0.185185,0.42,3
Chlorpyrifos,hN2_NOG_BPCount,0.03,uM,forecast,,0.573329,0.265864,0.880793,-0.1499,-1.8781,1.5783,add one concentration,active,30.0,0.185185,0.42,3
Chlorpyrifos,hN2_NOG_BPCount,0.1,uM,forecast,,0.577704,0.29121,0.864197,-0.1253,-1.7356,1.485,add one concentration,active,30.0,0.185185,0.42,3
Chlorpyrifos,hN2_NOG_BPCount,0.3,uM,measured,3,0.616667,,,0.0375,,,add one concentration,active,30.0,0.185185,0.42,3
Chlorpyrifos,hN2_NOG_BPCount,1.0,uM,forecast,,0.531535,0.199965,0.863105,-0.3848,-2.2485,1.4788,add one concentration,active,30.0,0.185185,0.42,3
Chlorpyrifos,hN2_NOG_BPCount,3.0,uM,forecast,,0.47019,0.131906,0.808475,-0.7296,-2.631,1.1718,add one concentration,active,30.0,0.185185,0.42,3
Chlorpyrifos,hN2_NOG_BPCount,10.0,uM,forecast,,0.253943,-0.135032,0.642917,-1.9451,-4.1314,0.2412,add one concentration,active,30.0,0.185185,0.42,3
Chlorpyrifos,hN2_NOG_BPCount,30.0,uM,forecast,,-0.051759,-0.440548,0.33703,-3.6634,-5.8487,-1.4781,add one concentration,active,30.0,0.185185,0.42,3
Chlorpyrifos,hN2_NOG_BPCount,100.0,uM,measured,3,0.036667,,,-3.2226,,,add one concentration,active,30.0,0.185185,0.42,3
Dexamethasone,hN2_NOG_BPCount,0.001,uM,measured,3,0.503333,,,-0.5995,,,report the call,inactive,,0.651852,0.42,3
Dexamethasone,hN2_NOG_BPCount,0.003,uM,forecast,,0.537536,0.246835,0.828237,-0.3511,-1.9851,1.2829,report the call,inactive,,0.651852,0.42,3
Dexamethasone,hN2_NOG_BPCount,0.01,uM,forecast,,0.519573,0.232355,0.806791,-0.4521,-2.0664,1.1623,report the call,inactive,,0.651852,0.42,3
Dexamethasone,hN2_NOG_BPCount,0.03,uM,forecast,,0.527452,0.226662,0.828242,-0.4078,-2.0984,1.2829,report the call,inactive,,0.651852,0.42,3
Dexamethasone,hN2_NOG_BPCount,0.1,uM,forecast,,0.534066,0.247175,0.820956,-0.3706,-1.9831,1.2419,report the call,inactive,,0.651852,0.42,3
Dexamethasone,hN2_NOG_BPCount,0.3,uM,measured,3,0.61,,,0.0,,,report the call,inactive,,0.651852,0.42,3
Dexamethasone,hN2_NOG_BPCount,1.0,uM,forecast,,0.571381,0.209001,0.933762,-0.1609,-2.1977,1.876,report the call,inactive,,0.651852,0.42,3
Dexamethasone,hN2_NOG_BPCount,3.0,uM,forecast,,0.526653,0.143868,0.909438,-0.4123,-2.5638,1.7393,report the call,inactive,,0.651852,0.42,3
Dexamethasone,hN2_NOG_BPCount,10.0,uM,forecast,,0.515249,0.123412,0.907086,-0.4764,-2.6788,1.7261,report the call,inactive,,0.651852,0.42,3
Dexamethasone,hN2_NOG_BPCount,30.0,uM,forecast,,0.48557,0.091422,0.879718,-0.6432,-2.8586,1.5722,report the call,inactive,,0.651852,0.42,3
Dexamethasone,hN2_NOG_BPCount,100.0,uM,measured,3,0.52,,,-0.5059,,,report the call,inactive,,0.651852,0.42,3
Dieldrin,hN2_NOG_BPCount,0.001,uM,measured,3,0.766667,,,0.1124,,,add one concentration,active,30.0,0.140741,0.42,3
Dieldrin,hN2_NOG_BPCount,0.003,uM,forecast,,0.842992,0.570937,1.115047,0.4103,-1.1189,1.9394,add one concentration,active,30.0,0.140741,0.42,3
Dieldrin,hN2_NOG_BPCount,0.01,uM,forecast,,0.859188,0.591063,1.127313,0.5013,-1.0058,2.0084,add one concentration,active,30.0,0.140741,0.42,3
Dieldrin,hN2_NOG_BPCount,0.03,uM,forecast,,0.878678,0.596302,1.161055,0.6109,-0.9763,2.198,add one concentration,active,30.0,0.140741,0.42,3
Dieldrin,hN2_NOG_BPCount,0.1,uM,forecast,,0.856567,0.57764,1.135493,0.4866,-1.0812,2.0543,add one concentration,active,30.0,0.140741,0.42,3
Dieldrin,hN2_NOG_BPCount,0.3,uM,measured,3,0.793333,,,0.2623,,,add one concentration,active,30.0,0.140741,0.42,3
Dieldrin,hN2_NOG_BPCount,1.0,uM,forecast,,0.817404,0.447355,1.187453,0.2664,-1.8135,2.3464,add one concentration,active,30.0,0.140741,0.42,3
Dieldrin,hN2_NOG_BPCount,3.0,uM,forecast,,0.74467,0.381049,1.10829,-0.1424,-2.1862,1.9014,add one concentration,active,30.0,0.140741,0.42,3
Dieldrin,hN2_NOG_BPCount,10.0,uM,forecast,,0.464723,0.049153,0.880292,-1.7159,-4.0517,0.6199,add one concentration,active,30.0,0.140741,0.42,3
Dieldrin,hN2_NOG_BPCount,30.0,uM,forecast,,0.154083,-0.267736,0.575903,-3.4619,-5.8329,-1.091,add one concentration,active,30.0,0.140741,0.42,3
Dieldrin,hN2_NOG_BPCount,100.0,uM,measured,3,0.196667,,,-3.0914,,,add one concentration,active,30.0,0.140741,0.42,3
Glyphosate,hN2_NOG_BPCount,0.001,uM,measured,3,0.726667,,,0.2998,,,report the call,inactive,,0.474074,0.42,3
Glyphosate,hN2_NOG_BPCount,0.003,uM,forecast,,0.802496,0.554522,1.050469,0.9133,-0.4804,2.3071,report the call,inactive,,0.474074,0.42,3
Glyphosate,hN2_NOG_BPCount,0.01,uM,forecast,,0.756986,0.528453,0.985519,0.6576,-0.627,1.9421,report the call,inactive,,0.474074,0.42,3
Glyphosate,hN2_NOG_BPCount,0.03,uM,forecast,,0.768521,0.54851,0.988531,0.7224,-0.5142,1.959,report the call,inactive,,0.474074,0.42,3
Glyphosate,hN2_NOG_BPCount,0.1,uM,measured,3,0.916667,,,1.3677,,,report the call,inactive,,0.474074,0.42,3
Glyphosate,hN2_NOG_BPCount,0.3,uM,forecast,,0.787124,0.554992,1.019255,0.8269,-0.4778,2.1317,report the call,inactive,,0.474074,0.42,3
Glyphosate,hN2_NOG_BPCount,1.0,uM,forecast,,0.795984,0.435859,1.156108,0.8767,-1.1474,2.9009,report the call,inactive,,0.474074,0.42,3
Glyphosate,hN2_NOG_BPCount,3.0,uM,forecast,,0.6878,0.252481,1.123118,0.2687,-2.1782,2.7155,report the call,inactive,,0.474074,0.42,3
Glyphosate,hN2_NOG_BPCount,10.0,uM,forecast,,0.698521,0.211807,1.185236,0.3289,-2.4068,3.0646,report the call,inactive,,0.474074,0.42,3
Glyphosate,hN2_NOG_BPCount,30.0,uM,measured,3,0.73,,,0.3185,,,report the call,inactive,,0.474074,0.42,3
Isoniazid,hN2_NOG_BPCount,0.001,uM,measured,3,0.876667,,,0.9181,,,add one concentration,inactive,0.003,0.355556,0.42,3
Isoniazid,hN2_NOG_BPCount,0.003,uM,forecast,,0.739379,0.491461,0.987296,0.39,-1.0035,1.7834,add one concentration,inactive,0.003,0.355556,0.42,3
Isoniazid,hN2_NOG_BPCount,0.01,uM,forecast,,0.649371,0.407988,0.890755,-0.1159,-1.4727,1.2408,add one concentration,inactive,0.003,0.355556,0.42,3
Isoniazid,hN2_NOG_BPCount,0.03,uM,forecast,,0.65023,0.39948,0.900979,-0.1111,-1.5205,1.2983,add one concentration,inactive,0.003,0.355556,0.42,3
Isoniazid,hN2_NOG_BPCount,0.1,uM,forecast,,0.592215,0.331575,0.852855,-0.4372,-1.9022,1.0278,add one concentration,inactive,0.003,0.355556,0.42,3
Isoniazid,hN2_NOG_BPCount,0.3,uM,measured,3,0.556667,,,-0.8806,,,add one concentration,inactive,0.003,0.355556,0.42,3
Isoniazid,hN2_NOG_BPCount,1.0,uM,forecast,,0.568129,0.32377,0.812488,-0.5726,-1.9461,0.8009,add one concentration,inactive,0.003,0.355556,0.42,3
Isoniazid,hN2_NOG_BPCount,3.0,uM,forecast,,0.594809,0.370288,0.819331,-0.4226,-1.6846,0.8394,add one concentration,inactive,0.003,0.355556,0.42,3
Isoniazid,hN2_NOG_BPCount,10.0,uM,forecast,,0.560089,0.32598,0.794198,-0.6178,-1.9337,0.6981,add one concentration,inactive,0.003,0.355556,0.42,3
Isoniazid,hN2_NOG_BPCount,30.0,uM,forecast,,0.467904,0.219105,0.716703,-1.1359,-2.5344,0.2625,add one concentration,inactive,0.003,0.355556,0.42,3
Isoniazid,hN2_NOG_BPCount,100.0,uM,measured,3,0.433333,,,-1.5738,,,add one concentration,inactive,0.003,0.355556,0.42,3
Sorbitol,hN2_NOG_BPCount,0.001,uM,measured,3,0.626667,,,-0.2623,,,report the call,inactive,,0.57037,0.42,3
Sorbitol,hN2_NOG_BPCount,0.003,uM,forecast,,0.684458,0.433881,0.935035,0.2499,-1.1585,1.6583,report the call,inactive,,0.57037,0.42,3
Sorbitol,hN2_NOG_BPCount,0.01,uM,forecast,,0.695777,0.457004,0.93455,0.3135,-1.0286,1.6556,report the call,inactive,,0.57037,0.42,3
Sorbitol,hN2_NOG_BPCount,0.03,uM,forecast,,0.712358,0.453049,0.971667,0.4067,-1.0508,1.8642,report the call,inactive,,0.57037,0.42,3
Sorbitol,hN2_NOG_BPCount,0.1,uM,forecast,,0.722413,0.521858,0.922968,0.4632,-0.664,1.5905,report the call,inactive,,0.57037,0.42,3
Sorbitol,hN2_NOG_BPCount,0.3,uM,measured,3,0.82,,,0.8244,,,report the call,inactive,,0.57037,0.42,3
Sorbitol,hN2_NOG_BPCount,1.0,uM,forecast,,0.856408,0.54293,1.169885,1.2164,-0.5456,2.9784,report the call,inactive,,0.57037,0.42,3
Sorbitol,hN2_NOG_BPCount,3.0,uM,forecast,,0.683092,0.304527,1.061656,0.2422,-1.8856,2.37,report the call,inactive,,0.57037,0.42,3
Sorbitol,hN2_NOG_BPCount,10.0,uM,forecast,,0.732344,0.315604,1.149085,0.519,-1.8233,2.8614,report the call,inactive,,0.57037,0.42,3
Sorbitol,hN2_NOG_BPCount,30.0,uM,forecast,,0.752248,0.33322,1.171276,0.6309,-1.7243,2.9862,report the call,inactive,,0.57037,0.42,3
Sorbitol,hN2_NOG_BPCount,100.0,uM,measured,3,0.803333,,,0.7307,,,report the call,inactive,,0.57037,0.42,3
Thiouracil,hN2_NOG_BPCount,0.001,uM,measured,3,0.66,,,0.2248,,,report the call,inactive,,0.474074,0.42,3
Thiouracil,hN2_NOG_BPCount,0.003,uM,forecast,,0.730471,0.494183,0.966759,0.7333,-0.5948,2.0615,report the call,inactive,,0.474074,0.42,3
Thiouracil,hN2_NOG_BPCount,0.01,uM,forecast,,0.721836,0.510013,0.933659,0.6848,-0.5058,1.8754,report the call,inactive,,0.474074,0.42,3
Thiouracil,hN2_NOG_BPCount,0.03,uM,forecast,,0.712237,0.511488,0.912987,0.6309,-0.4975,1.7592,report the call,inactive,,0.474074,0.42,3
Thiouracil,hN2_NOG_BPCount,0.1,uM,forecast,,0.710293,0.518554,0.902033,0.6199,-0.4578,1.6977,report the call,inactive,,0.474074,0.42,3
Thiouracil,hN2_NOG_BPCount,0.3,uM,measured,3,0.863333,,,1.3677,,,report the call,inactive,,0.474074,0.42,3
Thiouracil,hN2_NOG_BPCount,1.0,uM,forecast,,0.705691,0.397801,1.01358,0.5941,-1.1365,2.3246,report the call,inactive,,0.474074,0.42,3
Thiouracil,hN2_NOG_BPCount,3.0,uM,forecast,,0.655168,0.278146,1.032191,0.3101,-1.8091,2.4292,report the call,inactive,,0.474074,0.42,3
Thiouracil,hN2_NOG_BPCount,10.0,uM,forecast,,0.660025,0.245329,1.074721,0.3374,-1.9935,2.6683,report the call,inactive,,0.474074,0.42,3
Thiouracil,hN2_NOG_BPCount,30.0,uM,forecast,,0.659164,0.240147,1.07818,0.3325,-2.0226,2.6877,report the call,inactive,,0.474074,0.42,3
Thiouracil,hN2_NOG_BPCount,100.0,uM,measured,3,0.55,,,-0.3935,,,report the call,inactive,,0.474074,0.42,3
Valproate,hN2_NOG_BPCount,0.03,uM,measured,3,0.593333,,,-0.9555,,,report the call,inactive,,0.488889,0.42,3
Valproate,hN2_NOG_BPCount,0.1,uM,forecast,,0.641015,0.420527,0.861503,-0.725,-1.9643,0.5143,report the call,inactive,,0.488889,0.42,3
Valproate,hN2_NOG_BPCount,0.3,uM,forecast,,0.720918,0.47314,0.968696,-0.2759,-1.6686,1.1168,report the call,inactive,,0.488889,0.42,3
Valproate,hN2_NOG_BPCount,1.0,uM,forecast,,0.72607,0.477537,0.974603,-0.2469,-1.6439,1.15,report the call,inactive,,0.488889,0.42,3
Valproate,hN2_NOG_BPCount,3.0,uM,forecast,,0.689885,0.458212,0.921558,-0.4503,-1.7525,0.8519,report the call,inactive,,0.488889,0.42,3
Valproate,hN2_NOG_BPCount,10.0,uM,measured,3,0.846667,,,0.4684,,,report the call,inactive,,0.488889,0.42,3
Valproate,hN2_NOG_BPCount,30.0,uM,forecast,,0.661181,0.275639,1.046723,-0.6116,-2.7787,1.5554,report the call,inactive,,0.488889,0.42,3
Valproate,hN2_NOG_BPCount,100.0,uM,forecast,,0.645853,0.196986,1.094721,-0.6978,-3.2208,1.8252,report the call,inactive,,0.488889,0.42,3
Valproate,hN2_NOG_BPCount,300.0,uM,forecast,,0.603529,0.135678,1.071379,-0.9357,-3.5654,1.694,report the call,inactive,,0.488889,0.42,3
Valproate,hN2_NOG_BPCount,1000.0,uM,forecast,,0.531698,0.086549,0.976847,-1.3394,-3.8415,1.1626,report the call,inactive,,0.488889,0.42,3
Valproate,hN2_NOG_BPCount,3000.0,uM,measured,3,0.57,,,-1.0867,,,report the call,inactive,,0.488889,0.42,3
trans-Retinoic Acid,hN2_NOG_BPCount,0.001,uM,measured,3,0.486667,,,-1.4614,,,add one concentration,active,3.0,0.237037,0.42,3
trans-Retinoic Acid,hN2_NOG_BPCount,0.003,uM,forecast,,0.584345,0.25706,0.91163,-0.9311,-2.7707,0.9085,add one concentration,active,3.0,0.237037,0.42,3
trans-Retinoic Acid,hN2_NOG_BPCount,0.01,uM,forecast,,0.568201,0.272332,0.864071,-1.0218,-2.6849,0.6412,add one concentration,active,3.0,0.237037,0.42,3
trans-Retinoic Acid,hN2_NOG_BPCount,0.03,uM,forecast,,0.597024,0.297015,0.897034,-0.8598,-2.5461,0.8264,add one concentration,active,3.0,0.237037,0.42,3
trans-Retinoic Acid,hN2_NOG_BPCount,0.1,uM,measured,3,0.583333,,,-0.9181,,,add one concentration,active,3.0,0.237037,0.42,3
trans-Retinoic Acid,hN2_NOG_BPCount,0.3,uM,forecast,,0.456442,0.098414,0.814471,-1.65,-3.6624,0.3624,add one concentration,active,3.0,0.237037,0.42,3
trans-Retinoic Acid,hN2_NOG_BPCount,1.0,uM,forecast,,0.400237,0.015241,0.785233,-1.9659,-4.1299,0.198,add one concentration,active,3.0,0.237037,0.42,3
trans-Retinoic Acid,hN2_NOG_BPCount,3.0,uM,forecast,,0.386036,0.004574,0.767498,-2.0458,-4.1899,0.0984,add one concentration,active,3.0,0.237037,0.42,3
trans-Retinoic Acid,hN2_NOG_BPCount,10.0,uM,forecast,,0.191171,-0.187317,0.569659,-3.141,-5.2684,-1.0137,add one concentration,active,3.0,0.237037,0.42,3
trans-Retinoic Acid,hN2_NOG_BPCount,30.0,uM,measured,3,0.0,,,-4.1968,,,add one concentration,active,3.0,0.237037,0.42,3
Aminonicotinimide,hN2_NOG_NeuriteCount,0.001,uM,measured,3,1.62,,,2.6825,,,add one concentration,active,30.0,0.111111,0.35,3
Aminonicotinimide,hN2_NOG_NeuriteCount,0.003,uM,forecast,,1.675738,1.348068,2.003408,2.9107,1.3865,4.4349,add one concentration,active,30.0,0.111111,0.35,3
Aminonicotinimide,hN2_NOG_NeuriteCount,0.01,uM,forecast,,1.729941,1.413063,2.04682,3.1629,1.6888,4.6369,add one concentration,active,30.0,0.111111,0.35,3
Aminonicotinimide,hN2_NOG_NeuriteCount,0.03,uM,forecast,,1.755913,1.440189,2.071638,3.2837,1.815,4.7523,add one concentration,active,30.0,0.111111,0.35,3
Aminonicotinimide,hN2_NOG_NeuriteCount,0.1,uM,forecast,,1.754905,1.434945,2.074865,3.279,1.7906,4.7673,add one concentration,active,30.0,0.111111,0.35,3
Aminonicotinimide,hN2_NOG_NeuriteCount,0.3,uM,measured,3,1.76,,,3.3337,,,add one concentration,active,30.0,0.111111,0.35,3
Aminonicotinimide,hN2_NOG_NeuriteCount,1.0,uM,forecast,,1.739505,1.295442,2.183568,3.2073,1.1417,5.273,add one concentration,active,30.0,0.111111,0.35,3
Aminonicotinimide,hN2_NOG_NeuriteCount,3.0,uM,forecast,,1.740466,1.252659,2.228273,3.2118,0.9427,5.4809,add one concentration,active,30.0,0.111111,0.35,3
Aminonicotinimide,hN2_NOG_NeuriteCount,10.0,uM,forecast,,1.736093,0.89035,2.581837,3.1915,-0.7426,7.1256,add one concentration,active,30.0,0.111111,0.35,3
Aminonicotinimide,hN2_NOG_NeuriteCount,30.0,uM,forecast,,1.369553,0.492021,2.247085,1.4865,-2.5955,5.5684,add one concentration,active,30.0,0.111111,0.35,3
Aminonicotinimide,hN2_NOG_NeuriteCount,100.0,uM,measured,3,1.613333,,,2.6514,,,add one concentration,active,30.0,0.111111,0.35,3
Amphetamine,hN2_NOG_NeuriteCount,0.001,uM,measured,3,1.716667,,,3.1321,,,add one concentration,active,30.0,0.22963,0.35,3
Amphetamine,hN2_NOG_NeuriteCount,0.003,uM,forecast,,1.785081,1.450677,2.119485,3.4193,1.8638,4.9749,add one concentration,active,30.0,0.22963,0.35,3
Amphetamine,hN2_NOG_NeuriteCount,0.01,uM,forecast,,1.786248,1.445262,2.127234,3.4248,1.8386,5.0109,add one concentration,active,30.0,0.22963,0.35,3
Amphetamine,hN2_NOG_NeuriteCount,0.03,uM,forecast,,1.800344,1.460512,2.140177,3.4903,1.9096,5.0711,add one concentration,active,30.0,0.22963,0.35,3
Amphetamine,hN2_NOG_NeuriteCount,0.1,uM,forecast,,1.804114,1.471324,2.136904,3.5079,1.9599,5.0559,add one concentration,active,30.0,0.22963,0.35,3
Amphetamine,hN2_NOG_NeuriteCount,0.3,uM,measured,3,1.943333,,,4.1865,,,add one concentration,active,30.0,0.22963,0.35,3
Amphetamine,hN2_NOG_NeuriteCount,1.0,uM,forecast,,1.82926,1.37623,2.28229,3.6249,1.5175,5.7322,add one concentration,active,30.0,0.22963,0.35,3
Amphetamine,hN2_NOG_NeuriteCount,3.0,uM,forecast,,1.806386,1.306252,2.306521,3.5185,1.192,5.8449,add one concentration,active,30.0,0.22963,0.35,3
Amphetamine,hN2_NOG_NeuriteCount,10.0,uM,forecast,,1.81394,0.957634,2.670245,3.5536,-0.4297,7.5368,add one concentration,active,30.0,0.22963,0.35,3
Amphetamine,hN2_NOG_NeuriteCount,30.0,uM,forecast,,1.414795,0.549383,2.280207,1.6969,-2.3287,5.7225,add one concentration,active,30.0,0.22963,0.35,3
Amphetamine,hN2_NOG_NeuriteCount,100.0,uM,measured,3,1.74,,,3.2407,,,add one concentration,active,30.0,0.22963,0.35,3
Caffeine,hN2_NOG_NeuriteCount,0.001,uM,measured,3,1.393333,,,-0.0155,,,add one concentration,inactive,30.0,0.281481,0.35,3
Caffeine,hN2_NOG_NeuriteCount,0.003,uM,forecast,,1.370804,1.020348,1.721259,-0.2288,-1.859,1.4014,add one concentration,inactive,30.0,0.281481,0.35,3
Caffeine,hN2_NOG_NeuriteCount,0.01,uM,forecast,,1.304636,0.967229,1.642044,-0.5366,-2.1061,1.0329,add one concentration,inactive,30.0,0.281481,0.35,3
Caffeine,hN2_NOG_NeuriteCount,0.03,uM,forecast,,1.343228,1.0044,1.682055,-0.3571,-1.9332,1.219,add one concentration,inactive,30.0,0.281481,0.35,3
Caffeine,hN2_NOG_NeuriteCount,0.1,uM,forecast,,1.337234,0.997789,1.676679,-0.385,-1.964,1.194,add one concentration,inactive,30.0,0.281481,0.35,3
Caffeine,hN2_NOG_NeuriteCount,0.3,uM,measured,3,1.306667,,,-0.4186,,,add one concentration,inactive,30.0,0.281481,0.35,3
Caffeine,hN2_NOG_NeuriteCount,1.0,uM,forecast,,1.269591,0.918809,1.620372,-0.6997,-2.3314,0.9321,add one concentration,inactive,30.0,0.281481,0.35,3
Caffeine,hN2_NOG_NeuriteCount,3.0,uM,forecast,,1.353279,0.956121,1.750437,-0.3104,-2.1578,1.5371,add one concentration,inactive,30.0,0.281481,0.35,3
Caffeine,hN2_NOG_NeuriteCount,10.0,uM,forecast,,1.238365,0.617825,1.858904,-0.8449,-3.7314,2.0416,add one concentration,inactive,30.0,0.281481,0.35,3
Caffeine,hN2_NOG_NeuriteCount,30.0,uM,forecast,,1.141477,0.510501,1.772453,-1.2956,-4.2307,1.6395,add one concentration,inactive,30.0,0.281481,0.35,3
Caffeine,hN2_NOG_NeuriteCount,100.0,uM,measured,3,1.21,,,-0.8683,,,add one concentration,inactive,30.0,0.281481,0.35,3
Chlorpyrifos,hN2_NOG_NeuriteCount,0.001,uM,measured,3,1.293333,,,-2.1398,,,report the call,active,,0.377778,0.35,3
Chlorpyrifos,hN2_NOG_NeuriteCount,0.003,uM,forecast,,1.891493,1.373052,2.409934,0.7512,-1.6604,3.1628,report the call,active,,0.377778,0.35,3
Chlorpyrifos,hN2_NOG_NeuriteCount,0.01,uM,forecast,,1.707316,1.440779,1.973853,-0.1055,-1.3454,1.1343,report the call,active,,0.377778,0.35,3
Chlorpyrifos,hN2_NOG_NeuriteCount,0.03,uM,forecast,,1.716742,1.421879,2.011606,-0.0617,-1.4333,1.3099,report the call,active,,0.377778,0.35,3
Chlorpyrifos,hN2_NOG_NeuriteCount,0.1,uM,forecast,,1.774195,1.46189,2.086501,0.2056,-1.2472,1.6583,report the call,active,,0.377778,0.35,3
Chlorpyrifos,hN2_NOG_NeuriteCount,0.3,uM,measured,3,1.75,,,-0.0155,,,report the call,active,,0.377778,0.35,3
Chlorpyrifos,hN2_NOG_NeuriteCount,1.0,uM,forecast,,1.686132,1.369099,2.003164,-0.2041,-1.6788,1.2707,report the call,active,,0.377778,0.35,3
Chlorpyrifos,hN2_NOG_NeuriteCount,3.0,uM,forecast,,1.664772,0.715315,2.614229,-0.3034,-4.72,4.1131,report the call,active,,0.377778,0.35,3
Chlorpyrifos,hN2_NOG_NeuriteCount,10.0,uM,forecast,,1.133012,-0.095571,2.361595,-2.777,-8.4919,2.938,report the call,active,,0.377778,0.35,3
Chlorpyrifos,hN2_NOG_NeuriteCount,30.0,uM,forecast,,0.976927,-0.275612,2.229466,-3.503,-9.3294,2.3233,report the call,active,,0.377778,0.35,3
Chlorpyrifos,hN2_NOG_NeuriteCount,100.0,uM,measured,3,0.27,,,-6.9,,,report the call,active,,0.377778,0.35,3
Dexamethasone,hN2_NOG_NeuriteCount,0.001,uM,measured,3,1.613333,,,-0.6512,,,report the call,inactive,,0.503704,0.35,3
Dexamethasone,hN2_NOG_NeuriteCount,0.003,uM,forecast,,1.63677,1.260121,2.01342,-0.4337,-2.1857,1.3184,report the call,inactive,,0.503704,0.35,3
Dexamethasone,hN2_NOG_NeuriteCount,0.01,uM,forecast,,1.595233,1.310536,1.879929,-0.6269,-1.9512,0.6974,report the call,inactive,,0.503704,0.35,3
Dexamethasone,hN2_NOG_NeuriteCount,0.03,uM,forecast,,1.637683,1.346809,1.928557,-0.4294,-1.7825,0.9236,report the call,inactive,,0.503704,0.35,3
Dexamethasone,hN2_NOG_NeuriteCount,0.1,uM,forecast,,1.643255,1.318057,1.968452,-0.4035,-1.9162,1.1092,report the call,inactive,,0.503704,0.35,3
Dexamethasone,hN2_NOG_NeuriteCount,0.3,uM,measured,3,1.713333,,,-0.1861,,,report the call,inactive,,0.503704,0.35,3
Dexamethasone,hN2_NOG_NeuriteCount,1.0,uM,forecast,,1.621509,1.34033,1.902688,-0.5047,-1.8126,0.8033,report the call,inactive,,0.503704,0.35,3
Dexamethasone,hN2_NOG_NeuriteCount,3.0,uM,forecast,,1.692908,1.454683,1.931134,-0.1725,-1.2807,0.9356,report the call,inactive,,0.503704,0.35,3
Dexamethasone,hN2_NOG_NeuriteCount,10.0,uM,forecast,,1.70938,1.187528,2.231232,-0.0959,-2.5234,2.3316,report the call,inactive,,0.503704,0.35,3
Dexamethasone,hN2_NOG_NeuriteCount,30.0,uM,forecast,,1.637384,1.014777,2.25999,-0.4308,-3.327,2.4653,report the call,inactive,,0.503704,0.35,3
Dexamethasone,hN2_NOG_NeuriteCount,100.0,uM,measured,3,1.6,,,-0.7133,,,report the call,inactive,,0.503704,0.35,3
Dieldrin,hN2_NOG_NeuriteCount,0.001,uM,measured,3,1.776667,,,0.2326,,,add one concentration,active,30.0,0.118519,0.35,3
Dieldrin,hN2_NOG_NeuriteCount,0.003,uM,forecast,,1.739238,1.377447,2.10103,0.136,-1.5469,1.8189,add one concentration,active,30.0,0.118519,0.35,3
Dieldrin,hN2_NOG_NeuriteCount,0.01,uM,forecast,,1.724731,1.356896,2.092565,0.0685,-1.6425,1.7796,add one concentration,active,30.0,0.118519,0.35,3
Dieldrin,hN2_NOG_NeuriteCount,0.03,uM,forecast,,1.726636,1.357239,2.096034,0.0774,-1.6409,1.7957,add one concentration,active,30.0,0.118519,0.35,3
Dieldrin,hN2_NOG_NeuriteCount,0.1,uM,forecast,,1.743036,1.365669,2.120404,0.1537,-1.6017,1.9091,add one concentration,active,30.0,0.118519,0.35,3
Dieldrin,hN2_NOG_NeuriteCount,0.3,uM,measured,3,1.69,,,-0.1706,,,add one concentration,active,30.0,0.118519,0.35,3
Dieldrin,hN2_NOG_NeuriteCount,1.0,uM,forecast,,1.631295,1.179585,2.083005,-0.3661,-2.4673,1.7351,add one concentration,active,30.0,0.118519,0.35,3
Dieldrin,hN2_NOG_NeuriteCount,3.0,uM,forecast,,1.567726,1.134812,2.000639,-0.6618,-2.6756,1.352,add one concentration,active,30.0,0.118519,0.35,3
Dieldrin,hN2_NOG_NeuriteCount,10.0,uM,forecast,,1.422915,0.445501,2.400329,-1.3354,-5.882,3.2112,add one concentration,active,30.0,0.118519,0.35,3
Dieldrin,hN2_NOG_NeuriteCount,30.0,uM,forecast,,0.973653,-0.292867,2.240172,-3.4252,-9.3167,2.4662,add one concentration,active,30.0,0.118519,0.35,3
Dieldrin,hN2_NOG_NeuriteCount,100.0,uM,measured,3,1.006667,,,-3.3492,,,add one concentration,active,30.0,0.118519,0.35,3
Glyphosate,hN2_NOG_NeuriteCount,0.001,uM,measured,3,1.863333,,,-0.031,,,report the call,inactive,,0.422222,0.35,3
Glyphosate,hN2_NOG_NeuriteCount,0.003,uM,forecast,,2.023484,1.58507,2.461897,0.3418,-1.6975,2.3812,report the call,inactive,,0.422222,0.35,3
Glyphosate,hN2_NOG_NeuriteCount,0.01,uM,forecast,,2.041885,1.666586,2.417184,0.4274,-1.3183,2.1732,report the call,inactive,,0.422222,0.35,3
Glyphosate,hN2_NOG_NeuriteCount,0.03,uM,forecast,,2.046348,1.646462,2.446234,0.4482,-1.412,2.3083,report the call,inactive,,0.422222,0.35,3
Glyphosate,hN2_NOG_NeuriteCount,0.1,uM,measured,3,2.063333,,,0.8993,,,report the call,inactive,,0.422222,0.35,3
Glyphosate,hN2_NOG_NeuriteCount,0.3,uM,forecast,,2.064135,1.699719,2.42855,0.5309,-1.1642,2.2261,report the call,inactive,,0.422222,0.35,3
Glyphosate,hN2_NOG_NeuriteCount,1.0,uM,forecast,,2.045319,1.517204,2.573435,0.4434,-2.0132,2.9,report the call,inactive,,0.422222,0.35,3
Glyphosate,hN2_NOG_NeuriteCount,3.0,uM,forecast,,1.999573,1.43204,2.567107,0.2306,-2.4094,2.8706,report the call,inactive,,0.422222,0.35,3
Glyphosate,hN2_NOG_NeuriteCount,10.0,uM,forecast,,2.121329,1.31916,2.923498,0.797,-2.9345,4.5284,report the call,inactive,,0.422222,0.35,3
Glyphosate,hN2_NOG_NeuriteCount,30.0,uM,measured,3,1.993333,,,0.5737,,,report the call,inactive,,0.422222,0.35,3
Isoniazid,hN2_NOG_NeuriteCount,0.001,uM,measured,3,1.773333,,,0.2636,,,report the call,inactive,,0.42963,0.35,3
Isoniazid,hN2_NOG_NeuriteCount,0.003,uM,forecast,,1.677141,1.375222,1.97906,0.0332,-1.3712,1.4376,report the call,inactive,,0.42963,0.35,3
Isoniazid,hN2_NOG_NeuriteCount,0.01,uM,forecast,,1.643111,1.342322,1.943901,-0.1251,-1.5242,1.2741,report the call,inactive,,0.42963,0.35,3
Isoniazid,hN2_NOG_NeuriteCount,0.03,uM,forecast,,1.694163,1.416744,1.971583,0.1124,-1.1781,1.4029,report the call,inactive,,0.42963,0.35,3
Isoniazid,hN2_NOG_NeuriteCount,0.1,uM,forecast,,1.670386,1.315798,2.024975,0.0018,-1.6476,1.6512,report the call,inactive,,0.42963,0.35,3
Isoniazid,hN2_NOG_NeuriteCount,0.3,uM,measured,3,1.533333,,,-0.8528,,,report the call,inactive,,0.42963,0.35,3
Isoniazid,hN2_NOG_NeuriteCount,1.0,uM,forecast,,1.580243,1.19196,1.968527,-0.4175,-2.2237,1.3886,report the call,inactive,,0.42963,0.35,3
Isoniazid,hN2_NOG_NeuriteCount,3.0,uM,forecast,,1.613353,1.245091,1.981615,-0.2635,-1.9765,1.4495,report the call,inactive,,0.42963,0.35,3
Isoniazid,hN2_NOG_NeuriteCount,10.0,uM,forecast,,1.549915,0.879122,2.220708,-0.5586,-3.6789,2.5617,report the call,inactive,,0.42963,0.35,3
Isoniazid,hN2_NOG_NeuriteCount,30.0,uM,forecast,,1.517572,0.826723,2.208422,-0.709,-3.9226,2.5046,report the call,inactive,,0.42963,0.35,3
Isoniazid,hN2_NOG_NeuriteCount,100.0,uM,measured,3,1.53,,,-0.8683,,,report the call,inactive,,0.42963,0.35,3
Sorbitol,hN2_NOG_NeuriteCount,0.001,uM,measured,3,1.856667,,,-0.062,,,report the call,inactive,,0.414815,0.35,3
Sorbitol,hN2_NOG_NeuriteCount,0.003,uM,forecast,,2.040551,1.618183,2.462918,0.4212,-1.5435,2.3859,report the call,inactive,,0.414815,0.35,3
Sorbitol,hN2_NOG_NeuriteCount,0.01,uM,forecast,,2.027672,1.634643,2.4207,0.3613,-1.4669,2.1895,report the call,inactive,,0.414815,0.35,3
Sorbitol,hN2_NOG_NeuriteCount,0.03,uM,forecast,,2.064983,1.661687,2.468279,0.5349,-1.3411,2.4109,report the call,inactive,,0.414815,0.35,3
Sorbitol,hN2_NOG_NeuriteCount,0.1,uM,forecast,,2.04627,1.672036,2.420505,0.4478,-1.293,2.1886,report the call,inactive,,0.414815,0.35,3
Sorbitol,hN2_NOG_NeuriteCount,0.3,uM,measured,3,2.076667,,,0.9613,,,report the call,inactive,,0.414815,0.35,3
Sorbitol,hN2_NOG_NeuriteCount,1.0,uM,forecast,,2.057476,1.583983,2.530969,0.4999,-1.7026,2.7025,report the call,inactive,,0.414815,0.35,3
Sorbitol,hN2_NOG_NeuriteCount,3.0,uM,forecast,,2.018605,1.515835,2.521374,0.3191,-2.0196,2.6578,report the call,inactive,,0.414815,0.35,3
Sorbitol,hN2_NOG_NeuriteCount,10.0,uM,forecast,,2.0911,1.301841,2.880359,0.6564,-3.015,4.3277,report the call,inactive,,0.414815,0.35,3
Sorbitol,hN2_NOG_NeuriteCount,30.0,uM,forecast,,2.013764,1.21218,2.815347,0.2966,-3.4321,4.0253,report the call,inactive,,0.414815,0.35,3
Sorbitol,hN2_NOG_NeuriteCount,100.0,uM,measured,3,1.986667,,,0.5427,,,report the call,inactive,,0.414815,0.35,3
Thiouracil,hN2_NOG_NeuriteCount,0.001,uM,measured,3,1.873333,,,0.5892,,,report the call,inactive,,0.414815,0.35,3
Thiouracil,hN2_NOG_NeuriteCount,0.003,uM,forecast,,1.779608,1.335872,2.223344,0.3703,-1.6938,2.4344,report the call,inactive,,0.414815,0.35,3
Thiouracil,hN2_NOG_NeuriteCount,0.01,uM,forecast,,1.817497,1.372161,2.262832,0.5466,-1.525,2.6181,report the call,inactive,,0.414815,0.35,3
Thiouracil,hN2_NOG_NeuriteCount,0.03,uM,forecast,,1.758005,1.38332,2.132691,0.2698,-1.4731,2.0127,report the call,inactive,,0.414815,0.35,3
Thiouracil,hN2_NOG_NeuriteCount,0.1,uM,forecast,,1.78068,1.398475,2.162884,0.3753,-1.4026,2.1532,report the call,inactive,,0.414815,0.35,3
Thiouracil,hN2_NOG_NeuriteCount,0.3,uM,measured,3,1.95,,,0.9458,,,report the call,inactive,,0.414815,0.35,3
Thiouracil,hN2_NOG_NeuriteCount,1.0,uM,forecast,,1.75569,1.248156,2.263223,0.259,-2.1018,2.6199,report the call,inactive,,0.414815,0.35,3
Thiouracil,hN2_NOG_NeuriteCount,3.0,uM,forecast,,1.776723,1.167028,2.386418,0.3569,-2.4792,3.193,report the call,inactive,,0.414815,0.35,3
Thiouracil,hN2_NOG_NeuriteCount,10.0,uM,forecast,,1.83777,0.993285,2.682255,0.6409,-3.2874,4.5691,report the call,inactive,,0.414815,0.35,3
Thiouracil,hN2_NOG_NeuriteCount,30.0,uM,forecast,,1.723439,0.83386,2.613019,0.109,-4.029,4.2471,report the call,inactive,,0.414815,0.35,3
Thiouracil,hN2_NOG_NeuriteCount,100.0,uM,measured,3,1.766667,,,0.093,,,report the call,inactive,,0.414815,0.35,3
Valproate,hN2_NOG_NeuriteCount,0.03,uM,measured,3,1.73,,,-0.7753,,,report the call,inactive,,0.422222,0.35,3
Valproate,hN2_NOG_NeuriteCount,0.1,uM,forecast,,1.841821,1.495073,2.188568,-0.3171,-1.9301,1.2958,report the call,inactive,,0.422222,0.35,3
Valproate,hN2_NOG_NeuriteCount,0.3,uM,forecast,,1.809572,1.531379,2.087764,-0.4672,-1.7612,0.8269,report the call,inactive,,0.422222,0.35,3
Valproate,hN2_NOG_NeuriteCount,1.0,uM,forecast,,1.732517,1.446658,2.018375,-0.8256,-2.1553,0.5041,report the call,inactive,,0.422222,0.35,3
Valproate,hN2_NOG_NeuriteCount,3.0,uM,forecast,,1.844299,1.527245,2.161352,-0.3056,-1.7804,1.1692,report the call,inactive,,0.422222,0.35,3
Valproate,hN2_NOG_NeuriteCount,10.0,uM,measured,3,1.876667,,,-0.093,,,report the call,inactive,,0.422222,0.35,3
Valproate,hN2_NOG_NeuriteCount,30.0,uM,forecast,,1.792551,1.530799,2.054304,-0.5463,-1.7639,0.6713,report the call,inactive,,0.422222,0.35,3
Valproate,hN2_NOG_NeuriteCount,100.0,uM,forecast,,1.738331,1.275976,2.200685,-0.7985,-2.9493,1.3522,report the call,inactive,,0.422222,0.35,3
Valproate,hN2_NOG_NeuriteCount,300.0,uM,forecast,,1.725203,1.157305,2.2931,-0.8596,-3.5013,1.7821,report the call,inactive,,0.422222,0.35,3
Valproate,hN2_NOG_NeuriteCount,1000.0,uM,forecast,,1.715684,1.126584,2.304783,-0.9039,-3.6442,1.8364,report the call,inactive,,0.422222,0.35,3
Valproate,hN2_NOG_NeuriteCount,3000.0,uM,measured,3,1.82,,,-0.3566,,,report the call,inactive,,0.422222,0.35,3
trans-Retinoic Acid,hN2_NOG_NeuriteCount,0.001,uM,measured,3,1.543333,,,-1.1939,,,report the call,active,,0.422222,0.35,3
trans-Retinoic Acid,hN2_NOG_NeuriteCount,0.003,uM,forecast,,1.799788,1.454701,2.144875,0.0455,-1.5597,1.6508,report the call,active,,0.422222,0.35,3
trans-Retinoic Acid,hN2_NOG_NeuriteCount,0.01,uM,forecast,,1.744626,1.412261,2.076991,-0.2111,-1.7571,1.335,report the call,active,,0.422222,0.35,3
trans-Retinoic Acid,hN2_NOG_NeuriteCount,0.03,uM,forecast,,1.703845,1.351513,2.056177,-0.4008,-2.0397,1.2382,report the call,active,,0.422222,0.35,3
trans-Retinoic Acid,hN2_NOG_NeuriteCount,0.1,uM,measured,3,1.553333,,,-1.1474,,,report the call,active,,0.422222,0.35,3
trans-Retinoic Acid,hN2_NOG_NeuriteCount,0.3,uM,forecast,,1.540579,0.77952,2.301637,-1.1602,-4.7004,2.38,report the call,active,,0.422222,0.35,3
trans-Retinoic Acid,hN2_NOG_NeuriteCount,1.0,uM,forecast,,1.478969,0.520248,2.43769,-1.4468,-5.9065,3.0128,report the call,active,,0.422222,0.35,3
trans-Retinoic Acid,hN2_NOG_NeuriteCount,3.0,uM,forecast,,1.351821,0.240796,2.462846,-2.0383,-7.2064,3.1299,report the call,active,,0.422222,0.35,3
trans-Retinoic Acid,hN2_NOG_NeuriteCount,10.0,uM,forecast,,0.99152,-0.204758,2.187798,-3.7143,-9.2789,1.8504,report the call,active,,0.422222,0.35,3
trans-Retinoic Acid,hN2_NOG_NeuriteCount,30.0,uM,measured,3,0.0,,,-8.373,,,report the call,active,,0.422222,0.35,3
Aminonicotinimide,hN2_NOG_NeuriteLength,0.001,uM,measured,3,78.526667,,,3.1671,,,add one concentration,active,30.0,0.207143,0.33,3
Aminonicotinimide,hN2_NOG_NeuriteLength,0.003,uM,forecast,,75.649943,41.757968,109.541919,3.3105,0.6508,5.9701,add one concentration,active,30.0,0.207143,0.33,3
Aminonicotinimide,hN2_NOG_NeuriteLength,0.01,uM,forecast,,72.546105,38.973783,106.118428,3.0669,0.4323,5.7015,add one concentration,active,30.0,0.207143,0.33,3
Aminonicotinimide,hN2_NOG_NeuriteLength,0.03,uM,forecast,,71.773418,37.502035,106.0448,3.0062,0.3168,5.6957,add one concentration,active,30.0,0.207143,0.33,3
Aminonicotinimide,hN2_NOG_NeuriteLength,0.1,uM,forecast,,65.523177,29.323585,101.722769,2.5158,-0.325,5.3565,add one concentration,active,30.0,0.207143,0.33,3
Aminonicotinimide,hN2_NOG_NeuriteLength,0.3,uM,measured,3,77.446667,,,3.0824,,,add one concentration,active,30.0,0.207143,0.33,3
Aminonicotinimide,hN2_NOG_NeuriteLength,1.0,uM,forecast,,75.345829,33.953937,116.73772,3.2866,0.0384,6.5348,add one concentration,active,30.0,0.207143,0.33,3
Aminonicotinimide,hN2_NOG_NeuriteLength,3.0,uM,forecast,,67.757402,24.270547,111.244256,2.6911,-0.7215,6.1037,add one concentration,active,30.0,0.207143,0.33,3
Aminonicotinimide,hN2_NOG_NeuriteLength,10.0,uM,forecast,,64.45564,16.820759,112.090521,2.432,-1.3062,6.1701,add one concentration,active,30.0,0.207143,0.33,3
Aminonicotinimide,hN2_NOG_NeuriteLength,30.0,uM,forecast,,47.623721,-2.139673,97.387114,1.1111,-2.7941,5.0163,add one concentration,active,30.0,0.207143,0.33,3
Aminonicotinimide,hN2_NOG_NeuriteLength,100.0,uM,measured,3,69.886667,,,2.4891,,,add one concentration,active,30.0,0.207143,0.33,3
Amphetamine,hN2_NOG_NeuriteLength,0.001,uM,measured,3,79.086667,,,3.2111,,,add one concentration,active,30.0,0.292857,0.33,3
Amphetamine,hN2_NOG_NeuriteLength,0.003,uM,forecast,,73.739342,39.847367,107.631318,3.1605,0.5009,5.8202,add one concentration,active,30.0,0.292857,0.33,3
Amphetamine,hN2_NOG_NeuriteLength,0.01,uM,forecast,,74.776152,41.203829,108.348474,3.2419,0.6073,5.8765,add one concentration,active,30.0,0.292857,0.33,3
Amphetamine,hN2_NOG_NeuriteLength,0.03,uM,forecast,,76.842504,42.571122,111.113887,3.404,0.7146,6.0935,add one concentration,active,30.0,0.292857,0.33,3
Amphetamine,hN2_NOG_NeuriteLength,0.1,uM,forecast,,72.55167,36.352078,108.751261,3.0673,0.2266,5.9081,add one concentration,active,30.0,0.292857,0.33,3
Amphetamine,hN2_NOG_NeuriteLength,0.3,uM,measured,3,92.336667,,,4.2508,,,add one concentration,active,30.0,0.292857,0.33,3
Amphetamine,hN2_NOG_NeuriteLength,1.0,uM,forecast,,83.379091,41.9872,124.770982,3.917,0.6688,7.1652,add one concentration,active,30.0,0.292857,0.33,3
Amphetamine,hN2_NOG_NeuriteLength,3.0,uM,forecast,,74.276762,30.789907,117.763616,3.2027,-0.2099,6.6153,add one concentration,active,30.0,0.292857,0.33,3
Amphetamine,hN2_NOG_NeuriteLength,10.0,uM,forecast,,67.585421,19.95054,115.220302,2.6776,-1.0605,6.4157,add one concentration,active,30.0,0.292857,0.33,3
Amphetamine,hN2_NOG_NeuriteLength,30.0,uM,forecast,,39.015301,-10.748093,88.778694,0.4356,-3.4696,4.3407,add one concentration,active,30.0,0.292857,0.33,3
Amphetamine,hN2_NOG_NeuriteLength,100.0,uM,measured,3,67.89,,,2.3324,,,add one concentration,active,30.0,0.292857,0.33,3
Caffeine,hN2_NOG_NeuriteLength,0.001,uM,measured,3,51.163333,,,-0.0938,,,report the call,inactive,,0.478571,0.33,3
Caffeine,hN2_NOG_NeuriteLength,0.003,uM,forecast,,52.849698,34.396615,71.30278,0.1204,-1.3277,1.5685,report the call,inactive,,0.478571,0.33,3
Caffeine,hN2_NOG_NeuriteLength,0.01,uM,forecast,,52.650545,34.465192,70.835898,0.1048,-1.3223,1.5319,report the call,inactive,,0.478571,0.33,3
Caffeine,hN2_NOG_NeuriteLength,0.03,uM,forecast,,56.728648,38.165457,75.291838,0.4248,-1.0319,1.8816,report the call,inactive,,0.478571,0.33,3
Caffeine,hN2_NOG_NeuriteLength,0.1,uM,forecast,,53.937144,35.376549,72.497739,0.2058,-1.2508,1.6623,report the call,inactive,,0.478571,0.33,3
Caffeine,hN2_NOG_NeuriteLength,0.3,uM,measured,3,52.01,,,-0.0273,,,report the call,inactive,,0.478571,0.33,3
Caffeine,hN2_NOG_NeuriteLength,1.0,uM,forecast,,54.287874,36.354945,72.220802,0.2333,-1.174,1.6406,report the call,inactive,,0.478571,0.33,3
Caffeine,hN2_NOG_NeuriteLength,3.0,uM,forecast,,56.313432,38.551487,74.075378,0.3923,-1.0016,1.7861,report the call,inactive,,0.478571,0.33,3
Caffeine,hN2_NOG_NeuriteLength,10.0,uM,forecast,,53.060606,31.558817,74.562395,0.137,-1.5504,1.8243,report the call,inactive,,0.478571,0.33,3
Caffeine,hN2_NOG_NeuriteLength,30.0,uM,forecast,,45.298324,23.501462,67.095187,-0.4722,-2.1827,1.2383,report the call,inactive,,0.478571,0.33,3
Caffeine,hN2_NOG_NeuriteLength,100.0,uM,measured,3,46.0,,,-0.499,,,report the call,inactive,,0.478571,0.33,3
Chlorpyrifos,hN2_NOG_NeuriteLength,0.001,uM,measured,3,61.576667,,,-1.2573,,,report the call,active,,0.4,0.33,3
Chlorpyrifos,hN2_NOG_NeuriteLength,0.003,uM,forecast,,81.369999,57.391459,105.348539,0.1566,-1.7252,2.0383,report the call,active,,0.4,0.33,3
Chlorpyrifos,hN2_NOG_NeuriteLength,0.01,uM,forecast,,81.795811,58.393167,105.198455,0.19,-1.6465,2.0265,report the call,active,,0.4,0.33,3
Chlorpyrifos,hN2_NOG_NeuriteLength,0.03,uM,forecast,,79.685682,57.000174,102.371189,0.0244,-1.7559,1.8046,report the call,active,,0.4,0.33,3
Chlorpyrifos,hN2_NOG_NeuriteLength,0.1,uM,forecast,,79.875133,58.140508,101.609758,0.0392,-1.6664,1.7449,report the call,active,,0.4,0.33,3
Chlorpyrifos,hN2_NOG_NeuriteLength,0.3,uM,measured,3,78.61,,,0.0794,,,report the call,active,,0.4,0.33,3
Chlorpyrifos,hN2_NOG_NeuriteLength,1.0,uM,forecast,,72.842915,46.965948,98.719881,-0.5126,-2.5433,1.5181,report the call,active,,0.4,0.33,3
Chlorpyrifos,hN2_NOG_NeuriteLength,3.0,uM,forecast,,67.023426,28.474529,105.572324,-0.9693,-3.9944,2.0558,report the call,active,,0.4,0.33,3
Chlorpyrifos,hN2_NOG_NeuriteLength,10.0,uM,forecast,,51.926574,3.792752,100.060396,-2.154,-5.9313,1.6233,report the call,active,,0.4,0.33,3
Chlorpyrifos,hN2_NOG_NeuriteLength,30.0,uM,forecast,,33.733325,-14.932206,82.398856,-3.5817,-7.4007,0.2373,report the call,active,,0.4,0.33,3
Chlorpyrifos,hN2_NOG_NeuriteLength,100.0,uM,measured,3,7.986667,,,-5.4628,,,report the call,active,,0.4,0.33,3
Dexamethasone,hN2_NOG_NeuriteLength,0.001,uM,measured,3,79.246667,,,0.1294,,,report the call,inactive,,0.485714,0.33,3
Dexamethasone,hN2_NOG_NeuriteLength,0.003,uM,forecast,,78.450076,55.547271,101.352882,-0.0726,-1.8699,1.7247,report the call,inactive,,0.485714,0.33,3
Dexamethasone,hN2_NOG_NeuriteLength,0.01,uM,forecast,,78.890711,55.886966,101.894455,-0.038,-1.8432,1.7672,report the call,inactive,,0.485714,0.33,3
Dexamethasone,hN2_NOG_NeuriteLength,0.03,uM,forecast,,85.053303,62.126229,107.980376,0.4456,-1.3536,2.2448,report the call,inactive,,0.485714,0.33,3
Dexamethasone,hN2_NOG_NeuriteLength,0.1,uM,forecast,,81.361527,56.955402,105.767651,0.1559,-1.7594,2.0712,report the call,inactive,,0.485714,0.33,3
Dexamethasone,hN2_NOG_NeuriteLength,0.3,uM,measured,3,76.933333,,,-0.0522,,,report the call,inactive,,0.485714,0.33,3
Dexamethasone,hN2_NOG_NeuriteLength,1.0,uM,forecast,,80.899389,54.437457,107.361321,0.1196,-1.957,2.1962,report the call,inactive,,0.485714,0.33,3
Dexamethasone,hN2_NOG_NeuriteLength,3.0,uM,forecast,,82.49091,55.797463,109.184358,0.2445,-1.8502,2.3393,report the call,inactive,,0.485714,0.33,3
Dexamethasone,hN2_NOG_NeuriteLength,10.0,uM,forecast,,82.302335,50.800893,113.803778,0.2297,-2.2423,2.7018,report the call,inactive,,0.485714,0.33,3
Dexamethasone,hN2_NOG_NeuriteLength,30.0,uM,forecast,,83.118298,49.572325,116.664272,0.2938,-2.3388,2.9263,report the call,inactive,,0.485714,0.33,3
Dexamethasone,hN2_NOG_NeuriteLength,100.0,uM,measured,3,73.366667,,,-0.3321,,,report the call,inactive,,0.485714,0.33,3
Dieldrin,hN2_NOG_NeuriteLength,0.001,uM,measured,3,76.473333,,,0.0035,,,add one concentration,active,3.0,0.192857,0.33,3
Dieldrin,hN2_NOG_NeuriteLength,0.003,uM,forecast,,79.789499,60.754845,98.824153,0.1118,-1.382,1.6055,add one concentration,active,3.0,0.192857,0.33,3
Dieldrin,hN2_NOG_NeuriteLength,0.01,uM,forecast,,78.552598,60.255878,96.849319,0.0147,-1.4211,1.4506,add one concentration,active,3.0,0.192857,0.33,3
Dieldrin,hN2_NOG_NeuriteLength,0.03,uM,forecast,,76.947928,57.965727,95.930128,-0.1112,-1.6008,1.3784,add one concentration,active,3.0,0.192857,0.33,3
Dieldrin,hN2_NOG_NeuriteLength,0.1,uM,forecast,,77.595538,57.071139,98.119937,-0.0604,-1.671,1.5503,add one concentration,active,3.0,0.192857,0.33,3
Dieldrin,hN2_NOG_NeuriteLength,0.3,uM,measured,3,72.323333,,,-0.3221,,,add one concentration,active,3.0,0.192857,0.33,3
Dieldrin,hN2_NOG_NeuriteLength,1.0,uM,forecast,,73.557677,53.243226,93.872128,-0.3773,-1.9714,1.2169,add one concentration,active,3.0,0.192857,0.33,3
Dieldrin,hN2_NOG_NeuriteLength,3.0,uM,forecast,,68.737239,45.643974,91.830503,-0.7555,-2.5678,1.0567,add one concentration,active,3.0,0.192857,0.33,3
Dieldrin,hN2_NOG_NeuriteLength,10.0,uM,forecast,,56.151167,15.682759,96.619574,-1.7432,-4.919,1.4325,add one concentration,active,3.0,0.192857,0.33,3
Dieldrin,hN2_NOG_NeuriteLength,30.0,uM,forecast,,40.653406,-7.672944,88.979757,-2.9594,-6.7518,0.833,add one concentration,active,3.0,0.192857,0.33,3
Dieldrin,hN2_NOG_NeuriteLength,100.0,uM,measured,3,35.313333,,,-3.2265,,,add one concentration,active,3.0,0.192857,0.33,3
Glyphosate,hN2_NOG_NeuriteLength,0.001,uM,measured,3,85.05,,,0.0297,,,add one concentration,inactive,0.01,0.271429,0.33,3
Glyphosate,hN2_NOG_NeuriteLength,0.003,uM,forecast,,93.751931,76.706279,110.797582,0.4047,-0.933,1.7423,add one concentration,inactive,0.01,0.271429,0.33,3
Glyphosate,hN2_NOG_NeuriteLength,0.01,uM,forecast,,99.1637,79.092511,119.234888,0.8294,-0.7457,2.4045,add one concentration,inactive,0.01,0.271429,0.33,3
Glyphosate,hN2_NOG_NeuriteLength,0.03,uM,forecast,,98.412072,76.712982,120.111161,0.7704,-0.9324,2.4732,add one concentration,inactive,0.01,0.271429,0.33,3
Glyphosate,hN2_NOG_NeuriteLength,0.1,uM,measured,3,100.426667,,,1.2364,,,add one concentration,inactive,0.01,0.271429,0.33,3
Glyphosate,hN2_NOG_NeuriteLength,0.3,uM,forecast,,100.145474,76.821942,123.469006,0.9064,-0.9239,2.7367,add one concentration,inactive,0.01,0.271429,0.33,3
Glyphosate,hN2_NOG_NeuriteLength,1.0,uM,forecast,,99.4606,71.449543,127.471658,0.8527,-1.3455,3.0508,add one concentration,inactive,0.01,0.271429,0.33,3
Glyphosate,hN2_NOG_NeuriteLength,3.0,uM,forecast,,94.645046,66.134188,123.155904,0.4748,-1.7626,2.7122,add one concentration,inactive,0.01,0.271429,0.33,3
Glyphosate,hN2_NOG_NeuriteLength,10.0,uM,forecast,,94.231715,64.422891,124.040539,0.4423,-1.8969,2.7816,add one concentration,inactive,0.01,0.271429,0.33,3
Glyphosate,hN2_NOG_NeuriteLength,30.0,uM,measured,3,88.066667,,,0.2664,,,add one concentration,inactive,0.01,0.271429,0.33,3
Isoniazid,hN2_NOG_NeuriteLength,0.001,uM,measured,3,90.503333,,,0.5432,,,add one concentration,inactive,10.0,0.15,0.33,3
Isoniazid,hN2_NOG_NeuriteLength,0.003,uM,forecast,,87.565244,68.700819,106.429668,0.3414,-1.139,1.8218,add one concentration,inactive,10.0,0.15,0.33,3
Isoniazid,hN2_NOG_NeuriteLength,0.01,uM,forecast,,82.70547,60.56789,104.843049,-0.04,-1.7772,1.6973,add one concentration,inactive,10.0,0.15,0.33,3
Isoniazid,hN2_NOG_NeuriteLength,0.03,uM,forecast,,80.73705,57.952308,103.521791,-0.1945,-1.9825,1.5936,add one concentration,inactive,10.0,0.15,0.33,3
Isoniazid,hN2_NOG_NeuriteLength,0.1,uM,forecast,,76.904008,54.222565,99.58545,-0.4953,-2.2752,1.2847,add one concentration,inactive,10.0,0.15,0.33,3
Isoniazid,hN2_NOG_NeuriteLength,0.3,uM,measured,3,66.486667,,,-1.3415,,,add one concentration,inactive,10.0,0.15,0.33,3
Isoniazid,hN2_NOG_NeuriteLength,1.0,uM,forecast,,73.597247,49.63371,97.560784,-0.7548,-2.6353,1.1258,add one concentration,inactive,10.0,0.15,0.33,3
Isoniazid,hN2_NOG_NeuriteLength,3.0,uM,forecast,,71.697053,49.246097,94.148008,-0.9039,-2.6657,0.858,add one concentration,inactive,10.0,0.15,0.33,3
Isoniazid,hN2_NOG_NeuriteLength,10.0,uM,forecast,,74.632845,47.733853,101.531837,-0.6735,-2.7844,1.4374,add one concentration,inactive,10.0,0.15,0.33,3
Isoniazid,hN2_NOG_NeuriteLength,30.0,uM,forecast,,71.312576,40.929769,101.695382,-0.934,-3.3183,1.4502,add one concentration,inactive,10.0,0.15,0.33,3
Isoniazid,hN2_NOG_NeuriteLength,100.0,uM,measured,3,62.656667,,,-1.6421,,,add one concentration,inactive,10.0,0.15,0.33,3
Sorbitol,hN2_NOG_NeuriteLength,0.001,uM,measured,3,77.9,,,-0.5314,,,report the call,inactive,,0.421429,0.33,3
Sorbitol,hN2_NOG_NeuriteLength,0.003,uM,forecast,,85.142715,64.660478,105.624952,-0.2709,-1.8783,1.3364,report the call,inactive,,0.421429,0.33,3
Sorbitol,hN2_NOG_NeuriteLength,0.01,uM,forecast,,94.624764,76.710261,112.539267,0.4732,-0.9327,1.879,report the call,inactive,,0.421429,0.33,3
Sorbitol,hN2_NOG_NeuriteLength,0.03,uM,forecast,,91.891525,74.376177,109.406872,0.2587,-1.1158,1.6332,report the call,inactive,,0.421429,0.33,3
Sorbitol,hN2_NOG_NeuriteLength,0.1,uM,forecast,,92.479655,73.810398,111.148911,0.3048,-1.1602,1.7699,report the call,inactive,,0.421429,0.33,3
Sorbitol,hN2_NOG_NeuriteLength,0.3,uM,measured,3,93.11,,,0.6622,,,report the call,inactive,,0.421429,0.33,3
Sorbitol,hN2_NOG_NeuriteLength,1.0,uM,forecast,,91.698883,68.489555,114.908211,0.2436,-1.5778,2.0649,report the call,inactive,,0.421429,0.33,3
Sorbitol,hN2_NOG_NeuriteLength,3.0,uM,forecast,,90.671345,66.097822,115.244868,0.1629,-1.7655,2.0913,report the call,inactive,,0.421429,0.33,3
Sorbitol,hN2_NOG_NeuriteLength,10.0,uM,forecast,,90.777207,60.855838,120.698575,0.1712,-2.1768,2.5193,report the call,inactive,,0.421429,0.33,3
Sorbitol,hN2_NOG_NeuriteLength,30.0,uM,forecast,,92.930414,63.150285,122.710544,0.3402,-1.9968,2.6772,report the call,inactive,,0.421429,0.33,3
Sorbitol,hN2_NOG_NeuriteLength,100.0,uM,measured,3,93.896667,,,0.7239,,,report the call,inactive,,0.421429,0.33,3
Thiouracil,hN2_NOG_NeuriteLength,0.001,uM,measured,3,85.973333,,,0.595,,,add one concentration,inactive,0.1,0.178571,0.33,3
Thiouracil,hN2_NOG_NeuriteLength,0.003,uM,forecast,,84.32491,63.368411,105.281409,0.4347,-1.2098,2.0793,add one concentration,inactive,0.1,0.178571,0.33,3
Thiouracil,hN2_NOG_NeuriteLength,0.01,uM,forecast,,90.558619,69.038166,112.079071,0.9239,-0.7649,2.6127,add one concentration,inactive,0.1,0.178571,0.33,3
Thiouracil,hN2_NOG_NeuriteLength,0.03,uM,forecast,,87.227795,62.721839,111.733751,0.6625,-1.2606,2.5856,add one concentration,inactive,0.1,0.178571,0.33,3
Thiouracil,hN2_NOG_NeuriteLength,0.1,uM,forecast,,85.869199,60.801086,110.937313,0.5559,-1.4113,2.5231,add one concentration,inactive,0.1,0.178571,0.33,3
Thiouracil,hN2_NOG_NeuriteLength,0.3,uM,measured,3,97.533333,,,1.5021,,,add one concentration,inactive,0.1,0.178571,0.33,3
Thiouracil,hN2_NOG_NeuriteLength,1.0,uM,forecast,,92.824884,63.725711,121.924058,1.1018,-1.1818,3.3853,add one concentration,inactive,0.1,0.178571,0.33,3
Thiouracil,hN2_NOG_NeuriteLength,3.0,uM,forecast,,88.046739,60.336411,115.757067,0.7268,-1.4477,2.9014,add one concentration,inactive,0.1,0.178571,0.33,3
Thiouracil,hN2_NOG_NeuriteLength,10.0,uM,forecast,,86.349812,54.837247,117.862376,0.5936,-1.8793,3.0666,add one concentration,inactive,0.1,0.178571,0.33,3
Thiouracil,hN2_NOG_NeuriteLength,30.0,uM,forecast,,85.184905,53.818075,116.551734,0.5022,-1.9593,2.9637,add one concentration,inactive,0.1,0.178571,0.33,3
Thiouracil,hN2_NOG_NeuriteLength,100.0,uM,measured,3,81.0,,,0.2047,,,add one concentration,inactive,0.1,0.178571,0.33,3
Valproate,hN2_NOG_NeuriteLength,0.03,uM,measured,3,65.543333,,,-0.4181,,,report the call,inactive,,0.335714,0.33,3
Valproate,hN2_NOG_NeuriteLength,0.1,uM,forecast,,81.548891,58.110763,104.987018,0.1745,-1.6648,2.0138,report the call,inactive,,0.335714,0.33,3
Valproate,hN2_NOG_NeuriteLength,0.3,uM,forecast,,84.307241,63.896863,104.717619,0.391,-1.2107,1.9927,report the call,inactive,,0.335714,0.33,3
Valproate,hN2_NOG_NeuriteLength,1.0,uM,forecast,,85.780006,65.377696,106.182317,0.5066,-1.0945,2.1076,report the call,inactive,,0.335714,0.33,3
Valproate,hN2_NOG_NeuriteLength,3.0,uM,forecast,,83.599247,62.345553,104.852941,0.3354,-1.3325,2.0033,report the call,inactive,,0.335714,0.33,3
Valproate,hN2_NOG_NeuriteLength,10.0,uM,measured,3,76.623333,,,0.4514,,,report the call,inactive,,0.335714,0.33,3
Valproate,hN2_NOG_NeuriteLength,30.0,uM,forecast,,91.887263,71.022568,112.751957,0.9858,-0.6515,2.6232,report the call,inactive,,0.335714,0.33,3
Valproate,hN2_NOG_NeuriteLength,100.0,uM,forecast,,89.239703,65.814579,112.664827,0.7781,-1.0602,2.6163,report the call,inactive,,0.335714,0.33,3
Valproate,hN2_NOG_NeuriteLength,300.0,uM,forecast,,87.039405,63.035394,111.043417,0.6054,-1.2783,2.4891,report the call,inactive,,0.335714,0.33,3
Valproate,hN2_NOG_NeuriteLength,1000.0,uM,forecast,,85.813319,61.79735,109.829289,0.5092,-1.3755,2.3938,report the call,inactive,,0.335714,0.33,3
Valproate,hN2_NOG_NeuriteLength,3000.0,uM,measured,3,70.71,,,-0.0127,,,report the call,inactive,,0.335714,0.33,3
trans-Retinoic Acid,hN2_NOG_NeuriteLength,0.001,uM,measured,3,62.953333,,,-1.4409,,,report the call,active,,0.464286,0.33,3
trans-Retinoic Acid,hN2_NOG_NeuriteLength,0.003,uM,forecast,,82.786424,59.714121,105.858727,0.3454,-1.4652,2.156,report the call,active,,0.464286,0.33,3
trans-Retinoic Acid,hN2_NOG_NeuriteLength,0.01,uM,forecast,,85.922668,63.201568,108.643768,0.5915,-1.1915,2.3746,report the call,active,,0.464286,0.33,3
trans-Retinoic Acid,hN2_NOG_NeuriteLength,0.03,uM,forecast,,83.30484,60.152456,106.457224,0.3861,-1.4308,2.203,report the call,active,,0.464286,0.33,3
trans-Retinoic Acid,hN2_NOG_NeuriteLength,0.1,uM,measured,3,63.266667,,,-1.4163,,,report the call,active,,0.464286,0.33,3
trans-Retinoic Acid,hN2_NOG_NeuriteLength,0.3,uM,forecast,,77.364909,32.720693,122.009124,-0.0801,-3.5835,3.4234,report the call,active,,0.464286,0.33,3
trans-Retinoic Acid,hN2_NOG_NeuriteLength,1.0,uM,forecast,,68.668713,23.828525,113.508901,-0.7625,-4.2813,2.7563,report the call,active,,0.464286,0.33,3
trans-Retinoic Acid,hN2_NOG_NeuriteLength,3.0,uM,forecast,,57.951835,13.660999,102.242671,-1.6035,-5.0792,1.8722,report the call,active,,0.464286,0.33,3
trans-Retinoic Acid,hN2_NOG_NeuriteLength,10.0,uM,forecast,,45.283311,-2.972639,93.539261,-2.5976,-6.3845,1.1892,report the call,active,,0.464286,0.33,3
trans-Retinoic Acid,hN2_NOG_NeuriteLength,30.0,uM,measured,3,0.0,,,-6.3812,,,report the call,active,,0.464286,0.33,3
Aminonicotinimide,hN2_NOG_NeuronCount,0.001,uM,measured,3,20.956667,,,0.0522,,,report the call,inactive,,0.292857,0.24,3
Aminonicotinimide,hN2_NOG_NeuronCount,0.003,uM,forecast,,22.466266,5.215797,39.716735,0.1225,-1.2618,1.5068,report the call,inactive,,0.292857,0.24,3
Aminonicotinimide,hN2_NOG_NeuronCount,0.01,uM,forecast,,23.279136,6.479945,40.078328,0.1877,-1.1604,1.5358,report the call,inactive,,0.292857,0.24,3
Aminonicotinimide,hN2_NOG_NeuronCount,0.03,uM,forecast,,23.032536,5.054485,41.010588,0.1679,-1.2748,1.6106,report the call,inactive,,0.292857,0.24,3
Aminonicotinimide,hN2_NOG_NeuronCount,0.1,uM,forecast,,24.149551,6.013087,42.286015,0.2576,-1.1979,1.713,report the call,inactive,,0.292857,0.24,3
Aminonicotinimide,hN2_NOG_NeuronCount,0.3,uM,measured,3,18.0,,,-0.1851,,,report the call,inactive,,0.292857,0.24,3
Aminonicotinimide,hN2_NOG_NeuronCount,1.0,uM,forecast,,22.062337,6.508006,37.616669,0.0901,-1.1581,1.3383,report the call,inactive,,0.292857,0.24,3
Aminonicotinimide,hN2_NOG_NeuronCount,3.0,uM,forecast,,20.622454,3.800769,37.444138,-0.0255,-1.3754,1.3244,report the call,inactive,,0.292857,0.24,3
Aminonicotinimide,hN2_NOG_NeuronCount,10.0,uM,forecast,,24.5285,6.62805,42.428951,0.288,-1.1485,1.7245,report the call,inactive,,0.292857,0.24,3
Aminonicotinimide,hN2_NOG_NeuronCount,30.0,uM,forecast,,26.467019,8.750702,44.183335,0.4435,-0.9782,1.8652,report the call,inactive,,0.292857,0.24,3
Aminonicotinimide,hN2_NOG_NeuronCount,100.0,uM,measured,3,32.44,,,0.9737,,,report the call,inactive,,0.292857,0.24,3
Amphetamine,hN2_NOG_NeuronCount,0.001,uM,measured,3,29.363333,,,0.7268,,,report the call,inactive,,0.392857,0.24,3
Amphetamine,hN2_NOG_NeuronCount,0.003,uM,forecast,,29.231181,14.882748,43.579614,0.6654,-0.4861,1.8168,report the call,inactive,,0.392857,0.24,3
Amphetamine,hN2_NOG_NeuronCount,0.01,uM,forecast,,26.807232,12.403639,41.210825,0.4708,-0.685,1.6267,report the call,inactive,,0.392857,0.24,3
Amphetamine,hN2_NOG_NeuronCount,0.03,uM,forecast,,29.184737,14.513191,43.856282,0.6616,-0.5157,1.839,report the call,inactive,,0.392857,0.24,3
Amphetamine,hN2_NOG_NeuronCount,0.1,uM,forecast,,27.735426,13.499129,41.971722,0.5453,-0.5971,1.6878,report the call,inactive,,0.392857,0.24,3
Amphetamine,hN2_NOG_NeuronCount,0.3,uM,measured,3,29.88,,,0.7682,,,report the call,inactive,,0.392857,0.24,3
Amphetamine,hN2_NOG_NeuronCount,1.0,uM,forecast,,28.959962,13.338892,44.581032,0.6436,-0.61,1.8972,report the call,inactive,,0.392857,0.24,3
Amphetamine,hN2_NOG_NeuronCount,3.0,uM,forecast,,24.609042,8.718634,40.499449,0.2944,-0.9807,1.5696,report the call,inactive,,0.392857,0.24,3
Amphetamine,hN2_NOG_NeuronCount,10.0,uM,forecast,,29.309998,10.926773,47.693224,0.6717,-0.8035,2.1469,report the call,inactive,,0.392857,0.24,3
Amphetamine,hN2_NOG_NeuronCount,30.0,uM,forecast,,30.780759,11.973542,49.587975,0.7897,-0.7195,2.299,report the call,inactive,,0.392857,0.24,3
Amphetamine,hN2_NOG_NeuronCount,100.0,uM,measured,3,28.093333,,,0.6249,,,report the call,inactive,,0.392857,0.24,3
Caffeine,hN2_NOG_NeuronCount,0.001,uM,measured,3,48.526667,,,-0.8022,,,add one concentration,active,1.0,0.028571,0.24,3
Caffeine,hN2_NOG_NeuronCount,0.003,uM,forecast,,50.078817,31.42696,68.730675,-0.9799,-2.4767,0.5169,add one concentration,active,1.0,0.028571,0.24,3
Caffeine,hN2_NOG_NeuronCount,0.01,uM,forecast,,45.788168,26.721304,64.855032,-1.3243,-2.8543,0.2058,add one concentration,active,1.0,0.028571,0.24,3
Caffeine,hN2_NOG_NeuronCount,0.03,uM,forecast,,41.744967,21.991721,61.498214,-1.6487,-3.2339,-0.0635,add one concentration,active,1.0,0.028571,0.24,3
Caffeine,hN2_NOG_NeuronCount,0.1,uM,forecast,,41.827032,21.045905,62.608158,-1.6421,-3.3098,0.0255,add one concentration,active,1.0,0.028571,0.24,3
Caffeine,hN2_NOG_NeuronCount,0.3,uM,measured,3,34.536667,,,-1.9249,,,add one concentration,active,1.0,0.028571,0.24,3
Caffeine,hN2_NOG_NeuronCount,1.0,uM,forecast,,43.222265,21.368289,65.076242,-1.5302,-3.2839,0.2236,add one concentration,active,1.0,0.028571,0.24,3
Caffeine,hN2_NOG_NeuronCount,3.0,uM,forecast,,38.351402,15.789153,60.913652,-1.921,-3.7316,-0.1105,add one concentration,active,1.0,0.028571,0.24,3
Caffeine,hN2_NOG_NeuronCount,10.0,uM,forecast,,39.889958,15.757812,64.022104,-1.7976,-3.7342,0.139,add one concentration,active,1.0,0.028571,0.24,3
Caffeine,hN2_NOG_NeuronCount,30.0,uM,forecast,,39.068719,15.540033,62.597406,-1.8635,-3.7516,0.0247,add one concentration,active,1.0,0.028571,0.24,3
Caffeine,hN2_NOG_NeuronCount,100.0,uM,measured,3,31.77,,,-2.1469,,,add one concentration,active,1.0,0.028571,0.24,3
Chlorpyrifos,hN2_NOG_NeuronCount,0.001,uM,measured,3,11.3,,,-1.1088,,,add one concentration,inactive,30.0,0.064286,0.24,3
Chlorpyrifos,hN2_NOG_NeuronCount,0.003,uM,forecast,,14.8797,-11.075439,40.83484,-0.7351,-2.818,1.3478,add one concentration,inactive,30.0,0.064286,0.24,3
Chlorpyrifos,hN2_NOG_NeuronCount,0.01,uM,forecast,,17.202496,-7.894792,42.299784,-0.5487,-2.5627,1.4653,add one concentration,inactive,30.0,0.064286,0.24,3
Chlorpyrifos,hN2_NOG_NeuronCount,0.03,uM,forecast,,15.498789,-8.61562,39.613199,-0.6854,-2.6206,1.2497,add one concentration,inactive,30.0,0.064286,0.24,3
Chlorpyrifos,hN2_NOG_NeuronCount,0.1,uM,forecast,,19.650435,-3.859248,43.160117,-0.3523,-2.2389,1.5344,add one concentration,inactive,30.0,0.064286,0.24,3
Chlorpyrifos,hN2_NOG_NeuronCount,0.3,uM,measured,3,23.886667,,,-0.0987,,,add one concentration,inactive,30.0,0.064286,0.24,3
Chlorpyrifos,hN2_NOG_NeuronCount,1.0,uM,forecast,,17.552274,-6.354458,41.459005,-0.5206,-2.4391,1.3979,add one concentration,inactive,30.0,0.064286,0.24,3
Chlorpyrifos,hN2_NOG_NeuronCount,3.0,uM,forecast,,9.593698,-15.891749,35.079145,-1.1593,-3.2045,0.8859,add one concentration,inactive,30.0,0.064286,0.24,3
Chlorpyrifos,hN2_NOG_NeuronCount,10.0,uM,forecast,,12.454575,-13.282362,38.191512,-0.9297,-2.9951,1.1356,add one concentration,inactive,30.0,0.064286,0.24,3
Chlorpyrifos,hN2_NOG_NeuronCount,30.0,uM,forecast,,11.220617,-15.119237,37.56047,-1.0287,-3.1425,1.085,add one concentration,inactive,30.0,0.064286,0.24,3
Chlorpyrifos,hN2_NOG_NeuronCount,100.0,uM,measured,3,2.59,,,-1.8077,,,add one concentration,inactive,30.0,0.064286,0.24,3
Dexamethasone,hN2_NOG_NeuronCount,0.001,uM,measured,3,16.333333,,,-0.7049,,,report the call,inactive,,0.3,0.24,3
Dexamethasone,hN2_NOG_NeuronCount,0.003,uM,forecast,,16.922516,0.408895,33.436136,-0.5712,-1.8964,0.754,report the call,inactive,,0.3,0.24,3
Dexamethasone,hN2_NOG_NeuronCount,0.01,uM,forecast,,17.349047,0.762822,33.935273,-0.5369,-1.868,0.7941,report the call,inactive,,0.3,0.24,3
Dexamethasone,hN2_NOG_NeuronCount,0.03,uM,forecast,,14.138622,-2.320143,30.597387,-0.7946,-2.1154,0.5262,report the call,inactive,,0.3,0.24,3
Dexamethasone,hN2_NOG_NeuronCount,0.1,uM,forecast,,14.432292,-1.384537,30.249121,-0.771,-2.0403,0.4983,report the call,inactive,,0.3,0.24,3
Dexamethasone,hN2_NOG_NeuronCount,0.3,uM,measured,3,21.11,,,-0.3215,,,report the call,inactive,,0.3,0.24,3
Dexamethasone,hN2_NOG_NeuronCount,1.0,uM,forecast,,19.849617,4.917504,34.78173,-0.3363,-1.5346,0.862,report the call,inactive,,0.3,0.24,3
Dexamethasone,hN2_NOG_NeuronCount,3.0,uM,forecast,,16.832791,1.594094,32.071487,-0.5784,-1.8013,0.6445,report the call,inactive,,0.3,0.24,3
Dexamethasone,hN2_NOG_NeuronCount,10.0,uM,forecast,,14.670658,-2.479578,31.820894,-0.7519,-2.1282,0.6244,report the call,inactive,,0.3,0.24,3
Dexamethasone,hN2_NOG_NeuronCount,30.0,uM,forecast,,14.923156,-1.944273,31.790584,-0.7316,-2.0852,0.622,report the call,inactive,,0.3,0.24,3
Dexamethasone,hN2_NOG_NeuronCount,100.0,uM,measured,3,13.466667,,,-0.9349,,,report the call,inactive,,0.3,0.24,3
Dieldrin,hN2_NOG_NeuronCount,0.001,uM,measured,3,50.06,,,-0.7626,,,report the call,active,,0.271429,0.24,3
Dieldrin,hN2_NOG_NeuronCount,0.003,uM,forecast,,58.049992,30.004504,86.09548,-0.8017,-3.0523,1.4489,report the call,active,,0.271429,0.24,3
Dieldrin,hN2_NOG_NeuronCount,0.01,uM,forecast,,61.474183,34.883468,88.064898,-0.5269,-2.6608,1.607,report the call,active,,0.271429,0.24,3
Dieldrin,hN2_NOG_NeuronCount,0.03,uM,forecast,,71.724438,47.391973,96.056902,0.2957,-1.657,2.2483,report the call,active,,0.271429,0.24,3
Dieldrin,hN2_NOG_NeuronCount,0.1,uM,forecast,,77.319517,51.013334,103.625701,0.7447,-1.3664,2.8557,report the call,active,,0.271429,0.24,3
Dieldrin,hN2_NOG_NeuronCount,0.3,uM,measured,3,66.866667,,,0.5861,,,report the call,active,,0.271429,0.24,3
Dieldrin,hN2_NOG_NeuronCount,1.0,uM,forecast,,65.759164,37.357015,94.161312,-0.183,-2.4623,2.0962,report the call,active,,0.271429,0.24,3
Dieldrin,hN2_NOG_NeuronCount,3.0,uM,forecast,,51.233986,20.001116,82.466856,-1.3487,-3.8551,1.1577,report the call,active,,0.271429,0.24,3
Dieldrin,hN2_NOG_NeuronCount,10.0,uM,forecast,,46.76868,13.06315,80.47421,-1.707,-4.4118,0.9978,report the call,active,,0.271429,0.24,3
Dieldrin,hN2_NOG_NeuronCount,30.0,uM,forecast,,33.538087,0.266883,66.80929,-2.7687,-5.4387,-0.0988,report the call,active,,0.271429,0.24,3
Dieldrin,hN2_NOG_NeuronCount,100.0,uM,measured,3,14.233333,,,-3.6377,,,report the call,active,,0.271429,0.24,3
Glyphosate,hN2_NOG_NeuronCount,0.001,uM,measured,3,30.07,,,0.5802,,,add one concentration,inactive,10.0,0.114286,0.24,3
Glyphosate,hN2_NOG_NeuronCount,0.003,uM,forecast,,35.007817,14.995181,55.020453,1.0326,-0.5734,2.6386,add one concentration,inactive,10.0,0.114286,0.24,3
Glyphosate,hN2_NOG_NeuronCount,0.01,uM,forecast,,32.726333,12.409288,53.043378,0.8495,-0.7809,2.48,add one concentration,inactive,10.0,0.114286,0.24,3
Glyphosate,hN2_NOG_NeuronCount,0.03,uM,forecast,,36.685573,15.93058,57.440565,1.1673,-0.4983,2.8328,add one concentration,inactive,10.0,0.114286,0.24,3
Glyphosate,hN2_NOG_NeuronCount,0.1,uM,measured,3,31.126667,,,0.665,,,add one concentration,inactive,10.0,0.114286,0.24,3
Glyphosate,hN2_NOG_NeuronCount,0.3,uM,forecast,,36.166254,15.106842,57.225666,1.1256,-0.5644,2.8156,add one concentration,inactive,10.0,0.114286,0.24,3
Glyphosate,hN2_NOG_NeuronCount,1.0,uM,forecast,,37.301485,16.233217,58.369753,1.2167,-0.474,2.9074,add one concentration,inactive,10.0,0.114286,0.24,3
Glyphosate,hN2_NOG_NeuronCount,3.0,uM,forecast,,33.579367,13.321471,53.837262,0.918,-0.7077,2.5437,add one concentration,inactive,10.0,0.114286,0.24,3
Glyphosate,hN2_NOG_NeuronCount,10.0,uM,forecast,,38.904331,17.638017,60.170645,1.3453,-0.3613,3.0519,add one concentration,inactive,10.0,0.114286,0.24,3
Glyphosate,hN2_NOG_NeuronCount,30.0,uM,measured,3,40.343333,,,1.4046,,,add one concentration,inactive,10.0,0.114286,0.24,3
Isoniazid,hN2_NOG_NeuronCount,0.001,uM,measured,3,43.86,,,0.111,,,report the call,inactive,,0.357143,0.24,3
Isoniazid,hN2_NOG_NeuronCount,0.003,uM,forecast,,45.728585,28.580426,62.876744,0.2158,-1.1604,1.5919,report the call,inactive,,0.357143,0.24,3
Isoniazid,hN2_NOG_NeuronCount,0.01,uM,forecast,,45.546496,28.945255,62.147737,0.2011,-1.1311,1.5334,report the call,inactive,,0.357143,0.24,3
Isoniazid,hN2_NOG_NeuronCount,0.03,uM,forecast,,46.703463,29.85848,63.548446,0.294,-1.0578,1.6458,report the call,inactive,,0.357143,0.24,3
Isoniazid,hN2_NOG_NeuronCount,0.1,uM,forecast,,45.03786,28.814568,61.261153,0.1603,-1.1416,1.4622,report the call,inactive,,0.357143,0.24,3
Isoniazid,hN2_NOG_NeuronCount,0.3,uM,measured,3,48.526667,,,0.4855,,,report the call,inactive,,0.357143,0.24,3
Isoniazid,hN2_NOG_NeuronCount,1.0,uM,forecast,,46.889223,27.837058,65.941388,0.3089,-1.22,1.8378,report the call,inactive,,0.357143,0.24,3
Isoniazid,hN2_NOG_NeuronCount,3.0,uM,forecast,,43.977981,25.585534,62.370428,0.0753,-1.4007,1.5512,report the call,inactive,,0.357143,0.24,3
Isoniazid,hN2_NOG_NeuronCount,10.0,uM,forecast,,42.569534,19.184276,65.954792,-0.0378,-1.9144,1.8389,report the call,inactive,,0.357143,0.24,3
Isoniazid,hN2_NOG_NeuronCount,30.0,uM,forecast,,38.165406,14.757489,61.573324,-0.3912,-2.2696,1.4873,report the call,inactive,,0.357143,0.24,3
Isoniazid,hN2_NOG_NeuronCount,100.0,uM,measured,3,32.066667,,,-0.8354,,,report the call,inactive,,0.357143,0.24,3
Sorbitol,hN2_NOG_NeuronCount,0.001,uM,measured,3,36.753333,,,1.1165,,,add one concentration,inactive,0.1,0.114286,0.24,3
Sorbitol,hN2_NOG_NeuronCount,0.003,uM,forecast,,39.926424,22.879003,56.973845,1.4273,0.0593,2.7954,add one concentration,inactive,0.1,0.114286,0.24,3
Sorbitol,hN2_NOG_NeuronCount,0.01,uM,forecast,,37.734142,19.706818,55.761466,1.2514,-0.1953,2.6981,add one concentration,inactive,0.1,0.114286,0.24,3
Sorbitol,hN2_NOG_NeuronCount,0.03,uM,forecast,,38.859671,20.680143,57.0392,1.3417,-0.1172,2.8006,add one concentration,inactive,0.1,0.114286,0.24,3
Sorbitol,hN2_NOG_NeuronCount,0.1,uM,forecast,,39.31339,21.110235,57.516546,1.3781,-0.0826,2.8389,add one concentration,inactive,0.1,0.114286,0.24,3
Sorbitol,hN2_NOG_NeuronCount,0.3,uM,measured,3,29.44,,,0.5296,,,add one concentration,inactive,0.1,0.114286,0.24,3
Sorbitol,hN2_NOG_NeuronCount,1.0,uM,forecast,,32.227682,13.092658,51.362706,0.8095,-0.726,2.3451,add one concentration,inactive,0.1,0.114286,0.24,3
Sorbitol,hN2_NOG_NeuronCount,3.0,uM,forecast,,30.534435,11.977871,49.090998,0.6736,-0.8155,2.1628,add one concentration,inactive,0.1,0.114286,0.24,3
Sorbitol,hN2_NOG_NeuronCount,10.0,uM,forecast,,32.348846,11.844137,52.853554,0.8192,-0.8262,2.4647,add one concentration,inactive,0.1,0.114286,0.24,3
Sorbitol,hN2_NOG_NeuronCount,30.0,uM,forecast,,29.417213,8.097187,50.737239,0.584,-1.1269,2.2949,add one concentration,inactive,0.1,0.114286,0.24,3
Sorbitol,hN2_NOG_NeuronCount,100.0,uM,measured,3,28.1,,,0.4221,,,add one concentration,inactive,0.1,0.114286,0.24,3
Thiouracil,hN2_NOG_NeuronCount,0.001,uM,measured,3,23.936667,,,-0.092,,,report the call,inactive,,0.585714,0.24,3
Thiouracil,hN2_NOG_NeuronCount,0.003,uM,forecast,,26.556,10.586744,42.525256,0.1377,-1.1438,1.4192,report the call,inactive,,0.585714,0.24,3
Thiouracil,hN2_NOG_NeuronCount,0.01,uM,forecast,,27.353266,13.136979,41.569553,0.2017,-0.9392,1.3425,report the call,inactive,,0.585714,0.24,3
Thiouracil,hN2_NOG_NeuronCount,0.03,uM,forecast,,25.392372,10.759005,40.025738,0.0443,-1.13,1.2186,report the call,inactive,,0.585714,0.24,3
Thiouracil,hN2_NOG_NeuronCount,0.1,uM,forecast,,24.739633,10.410502,39.068763,-0.0081,-1.1579,1.1418,report the call,inactive,,0.585714,0.24,3
Thiouracil,hN2_NOG_NeuronCount,0.3,uM,measured,3,27.89,,,0.2252,,,report the call,inactive,,0.585714,0.24,3
Thiouracil,hN2_NOG_NeuronCount,1.0,uM,forecast,,24.649206,9.795802,39.50261,-0.0153,-1.2073,1.1767,report the call,inactive,,0.585714,0.24,3
Thiouracil,hN2_NOG_NeuronCount,3.0,uM,forecast,,20.127906,4.240598,36.015215,-0.3781,-1.6531,0.8968,report the call,inactive,,0.585714,0.24,3
Thiouracil,hN2_NOG_NeuronCount,10.0,uM,forecast,,25.404183,5.222397,45.585969,0.0453,-1.5743,1.6648,report the call,inactive,,0.585714,0.24,3
Thiouracil,hN2_NOG_NeuronCount,30.0,uM,forecast,,21.475159,1.549831,41.400488,-0.27,-1.869,1.329,report the call,inactive,,0.585714,0.24,3
Thiouracil,hN2_NOG_NeuronCount,100.0,uM,measured,3,18.346667,,,-0.5406,,,report the call,inactive,,0.585714,0.24,3
Valproate,hN2_NOG_NeuronCount,0.03,uM,measured,3,40.39,,,-0.0308,,,add one concentration,inactive,100.0,0.135714,0.24,3
Valproate,hN2_NOG_NeuronCount,0.1,uM,forecast,,54.358875,28.25421,80.463541,0.4108,-1.6841,2.5057,add one concentration,inactive,100.0,0.135714,0.24,3
Valproate,hN2_NOG_NeuronCount,0.3,uM,forecast,,52.167163,25.541604,78.792722,0.2349,-1.9018,2.3716,add one concentration,inactive,100.0,0.135714,0.24,3
Valproate,hN2_NOG_NeuronCount,1.0,uM,forecast,,49.686824,22.046974,77.326674,0.0359,-2.1822,2.2539,add one concentration,inactive,100.0,0.135714,0.24,3
Valproate,hN2_NOG_NeuronCount,3.0,uM,forecast,,49.832683,23.003085,76.66228,0.0476,-2.1055,2.2006,add one concentration,inactive,100.0,0.135714,0.24,3
Valproate,hN2_NOG_NeuronCount,10.0,uM,measured,3,47.066667,,,0.505,,,add one concentration,inactive,100.0,0.135714,0.24,3
Valproate,hN2_NOG_NeuronCount,30.0,uM,forecast,,49.403873,21.156925,77.650821,0.0132,-2.2536,2.2799,add one concentration,inactive,100.0,0.135714,0.24,3
Valproate,hN2_NOG_NeuronCount,100.0,uM,forecast,,46.022212,15.900231,76.144193,-0.2582,-2.6755,2.159,add one concentration,inactive,100.0,0.135714,0.24,3
Valproate,hN2_NOG_NeuronCount,300.0,uM,forecast,,42.847307,11.086665,74.607949,-0.513,-3.0618,2.0357,add one concentration,inactive,100.0,0.135714,0.24,3
Valproate,hN2_NOG_NeuronCount,1000.0,uM,forecast,,40.070309,9.606442,70.534176,-0.7359,-3.1805,1.7088,add one concentration,inactive,100.0,0.135714,0.24,3
Valproate,hN2_NOG_NeuronCount,3000.0,uM,measured,3,24.326667,,,-1.3198,,,add one concentration,inactive,100.0,0.135714,0.24,3
trans-Retinoic Acid,hN2_NOG_NeuronCount,0.001,uM,measured,3,22.326667,,,-1.204,,,add one concentration,active,0.3,0.207143,0.24,3
trans-Retinoic Acid,hN2_NOG_NeuronCount,0.003,uM,forecast,,24.238293,-1.688065,50.16465,-0.7368,-2.8174,1.3437,add one concentration,active,0.3,0.207143,0.24,3
trans-Retinoic Acid,hN2_NOG_NeuronCount,0.01,uM,forecast,,20.067573,-6.799437,46.934583,-1.0715,-3.2276,1.0845,add one concentration,active,0.3,0.207143,0.24,3
trans-Retinoic Acid,hN2_NOG_NeuronCount,0.03,uM,forecast,,19.95964,-6.635052,46.554333,-1.0802,-3.2144,1.054,add one concentration,active,0.3,0.207143,0.24,3
trans-Retinoic Acid,hN2_NOG_NeuronCount,0.1,uM,measured,3,26.143333,,,-0.8977,,,add one concentration,active,0.3,0.207143,0.24,3
trans-Retinoic Acid,hN2_NOG_NeuronCount,0.3,uM,forecast,,21.858027,-5.910207,49.626261,-0.9278,-3.1562,1.3005,add one concentration,active,0.3,0.207143,0.24,3
trans-Retinoic Acid,hN2_NOG_NeuronCount,1.0,uM,forecast,,14.962824,-15.408361,45.33401,-1.4812,-3.9184,0.9561,add one concentration,active,0.3,0.207143,0.24,3
trans-Retinoic Acid,hN2_NOG_NeuronCount,3.0,uM,forecast,,4.114802,-26.455961,34.685566,-2.3517,-4.805,0.1016,add one concentration,active,0.3,0.207143,0.24,3
trans-Retinoic Acid,hN2_NOG_NeuronCount,10.0,uM,forecast,,-1.669241,-31.70315,28.364668,-2.8159,-5.2261,-0.4057,add one concentration,active,0.3,0.207143,0.24,3
trans-Retinoic Acid,hN2_NOG_NeuronCount,30.0,uM,measured,3,1.25,,,-2.8954,,,add one concentration,active,0.3,0.207143,0.24,3
Aminonicotinimide,hNP1_Caspase_Apop,0.001,uM,measured,3,63199.333333,,,-1.6059,,,add one concentration,active,30.0,0.178571,0.23,3
Aminonicotinimide,hNP1_Caspase_Apop,0.003,uM,forecast,,62736.13497,46320.993799,79151.276142,-1.9363,-5.0974,1.2248,add one concentration,active,30.0,0.178571,0.23,3
Aminonicotinimide,hNP1_Caspase_Apop,0.01,uM,forecast,,61623.56975,44897.15964,78349.979859,-2.1506,-5.3716,1.0705,add one concentration,active,30.0,0.178571,0.23,3
Aminonicotinimide,hNP1_Caspase_Apop,0.03,uM,forecast,,61374.505704,44117.052736,78631.958671,-2.1985,-5.5219,1.1248,add one concentration,active,30.0,0.178571,0.23,3
Aminonicotinimide,hNP1_Caspase_Apop,0.1,uM,forecast,,57103.541519,39565.761674,74641.321365,-3.021,-6.3983,0.3563,add one concentration,active,30.0,0.178571,0.23,3
Aminonicotinimide,hNP1_Caspase_Apop,0.3,uM,measured,3,62502.666667,,,-1.74,,,add one concentration,active,30.0,0.178571,0.23,3
Aminonicotinimide,hNP1_Caspase_Apop,1.0,uM,forecast,,66018.442492,47034.753424,85002.13156,-1.3042,-4.96,2.3515,add one concentration,active,30.0,0.178571,0.23,3
Aminonicotinimide,hNP1_Caspase_Apop,3.0,uM,forecast,,63974.796305,45313.11222,82636.48039,-1.6978,-5.2915,1.896,add one concentration,active,30.0,0.178571,0.23,3
Aminonicotinimide,hNP1_Caspase_Apop,10.0,uM,forecast,,56742.278496,28968.424735,84516.132258,-3.0906,-8.4391,2.258,add one concentration,active,30.0,0.178571,0.23,3
Aminonicotinimide,hNP1_Caspase_Apop,30.0,uM,forecast,,55116.69011,23074.273907,87159.106312,-3.4036,-9.5742,2.7669,add one concentration,active,30.0,0.178571,0.23,3
Aminonicotinimide,hNP1_Caspase_Apop,100.0,uM,measured,3,50661.0,,,-4.0204,,,add one concentration,active,30.0,0.178571,0.23,3
Amphetamine,hNP1_Caspase_Apop,0.001,uM,measured,3,57253.0,,,-2.751,,,add one concentration,active,0.003,0.128571,0.23,3
Amphetamine,hNP1_Caspase_Apop,0.003,uM,forecast,,62417.785607,44985.48882,79850.082395,-1.9976,-5.3546,1.3594,add one concentration,active,0.003,0.128571,0.23,3
Amphetamine,hNP1_Caspase_Apop,0.01,uM,forecast,,58318.91838,40746.488076,75891.348683,-2.7869,-6.1709,0.597,add one concentration,active,0.003,0.128571,0.23,3
Amphetamine,hNP1_Caspase_Apop,0.03,uM,forecast,,56605.200915,38301.029963,74909.371867,-3.117,-6.6419,0.4079,add one concentration,active,0.003,0.128571,0.23,3
Amphetamine,hNP1_Caspase_Apop,0.1,uM,forecast,,56812.599425,38301.796001,75323.40285,-3.077,-6.6417,0.4877,add one concentration,active,0.003,0.128571,0.23,3
Amphetamine,hNP1_Caspase_Apop,0.3,uM,measured,3,58050.666667,,,-2.5974,,,add one concentration,active,0.003,0.128571,0.23,3
Amphetamine,hNP1_Caspase_Apop,1.0,uM,forecast,,63778.230627,46347.567565,81208.89369,-1.7356,-5.0923,1.6211,add one concentration,active,0.003,0.128571,0.23,3
Amphetamine,hNP1_Caspase_Apop,3.0,uM,forecast,,60377.107274,44075.376889,76678.83766,-2.3906,-5.5299,0.7487,add one concentration,active,0.003,0.128571,0.23,3
Amphetamine,hNP1_Caspase_Apop,10.0,uM,forecast,,63812.7108,42885.514228,84739.907371,-1.729,-5.759,2.301,add one concentration,active,0.003,0.128571,0.23,3
Amphetamine,hNP1_Caspase_Apop,30.0,uM,forecast,,68485.882561,45328.478002,91643.287119,-0.8291,-5.2886,3.6305,add one concentration,active,0.003,0.128571,0.23,3
Amphetamine,hNP1_Caspase_Apop,100.0,uM,measured,3,66187.666667,,,-1.0304,,,add one concentration,active,0.003,0.128571,0.23,3
Caffeine,hNP1_Caspase_Apop,0.001,uM,measured,3,133334.333333,,,1.0974,,,add one concentration,active,10.0,0.128571,0.23,3
Caffeine,hNP1_Caspase_Apop,0.003,uM,forecast,,129785.887448,115469.233063,144102.541833,1.0449,-1.7121,3.8019,add one concentration,active,10.0,0.128571,0.23,3
Caffeine,hNP1_Caspase_Apop,0.01,uM,forecast,,126936.126888,111149.764495,142722.489281,0.4961,-2.5439,3.5361,add one concentration,active,10.0,0.128571,0.23,3
Caffeine,hNP1_Caspase_Apop,0.03,uM,forecast,,128681.819169,112353.441824,145010.196514,0.8323,-2.3122,3.9767,add one concentration,active,10.0,0.128571,0.23,3
Caffeine,hNP1_Caspase_Apop,0.1,uM,forecast,,129961.831267,114982.338875,144941.32366,1.0788,-1.8059,3.9634,add one concentration,active,10.0,0.128571,0.23,3
Caffeine,hNP1_Caspase_Apop,0.3,uM,measured,3,131346.666667,,,0.7146,,,add one concentration,active,10.0,0.128571,0.23,3
Caffeine,hNP1_Caspase_Apop,1.0,uM,forecast,,130870.319943,116395.436745,145345.20314,1.2537,-1.5338,4.0412,add one concentration,active,10.0,0.128571,0.23,3
Caffeine,hNP1_Caspase_Apop,3.0,uM,forecast,,131432.7218,113854.406791,149011.03681,1.362,-2.0231,4.7472,add one concentration,active,10.0,0.128571,0.23,3
Caffeine,hNP1_Caspase_Apop,10.0,uM,forecast,,135300.520919,104538.664278,166062.37756,2.1069,-3.8171,8.0308,add one concentration,active,10.0,0.128571,0.23,3
Caffeine,hNP1_Caspase_Apop,30.0,uM,forecast,,134736.338041,105079.677754,164392.998328,1.9982,-3.7129,7.7093,add one concentration,active,10.0,0.128571,0.23,3
Caffeine,hNP1_Caspase_Apop,100.0,uM,measured,3,143150.666667,,,2.9877,,,add one concentration,active,10.0,0.128571,0.23,3
Chlorpyrifos,hNP1_Caspase_Apop,0.001,uM,measured,3,27578.5,,,0.2148,,,add one concentration,active,30.0,0.15,0.23,3
Chlorpyrifos,hNP1_Caspase_Apop,0.003,uM,forecast,,29204.664981,20401.161613,38008.168349,0.3213,-1.374,2.0167,add one concentration,active,30.0,0.15,0.23,3
Chlorpyrifos,hNP1_Caspase_Apop,0.01,uM,forecast,,28289.864855,17947.668174,38632.061535,0.1452,-1.8465,2.1368,add one concentration,active,30.0,0.15,0.23,3
Chlorpyrifos,hNP1_Caspase_Apop,0.03,uM,forecast,,29057.656507,17278.854532,40836.458481,0.293,-1.9753,2.5613,add one concentration,active,30.0,0.15,0.23,3
Chlorpyrifos,hNP1_Caspase_Apop,0.1,uM,forecast,,31311.446172,20043.162956,42579.729389,0.7271,-1.4429,2.897,add one concentration,active,30.0,0.15,0.23,3
Chlorpyrifos,hNP1_Caspase_Apop,0.3,uM,measured,3,28948.833333,,,0.4787,,,add one concentration,active,30.0,0.15,0.23,3
Chlorpyrifos,hNP1_Caspase_Apop,1.0,uM,forecast,,34117.819289,25063.381636,43172.256942,1.2675,-0.4762,3.0111,add one concentration,active,30.0,0.15,0.23,3
Chlorpyrifos,hNP1_Caspase_Apop,3.0,uM,forecast,,34988.835198,25969.892193,44007.778202,1.4352,-0.3016,3.172,add one concentration,active,30.0,0.15,0.23,3
Chlorpyrifos,hNP1_Caspase_Apop,10.0,uM,forecast,,34142.706468,14416.279973,53869.132963,1.2723,-2.5265,5.0711,add one concentration,active,30.0,0.15,0.23,3
Chlorpyrifos,hNP1_Caspase_Apop,30.0,uM,forecast,,36455.016841,14433.833158,58476.200524,1.7176,-2.5231,5.9583,add one concentration,active,30.0,0.15,0.23,3
Chlorpyrifos,hNP1_Caspase_Apop,100.0,uM,measured,3,44093.833333,,,3.3952,,,add one concentration,active,30.0,0.15,0.23,3
Dexamethasone,hNP1_Caspase_Apop,0.001,uM,measured,3,24985.5,,,-0.2846,,,report the call,inactive,,0.292857,0.23,3
Dexamethasone,hNP1_Caspase_Apop,0.003,uM,forecast,,27348.821543,22942.980307,31754.662778,-0.036,-0.8845,0.8124,report the call,inactive,,0.292857,0.23,3
Dexamethasone,hNP1_Caspase_Apop,0.01,uM,forecast,,27935.859702,24005.124142,31866.595262,0.077,-0.68,0.834,report the call,inactive,,0.292857,0.23,3
Dexamethasone,hNP1_Caspase_Apop,0.03,uM,forecast,,28547.013706,24794.981565,32299.045848,0.1947,-0.5278,0.9172,report the call,inactive,,0.292857,0.23,3
Dexamethasone,hNP1_Caspase_Apop,0.1,uM,forecast,,28797.638535,24656.923313,32938.353758,0.243,-0.5544,1.0404,report the call,inactive,,0.292857,0.23,3
Dexamethasone,hNP1_Caspase_Apop,0.3,uM,measured,3,26959.5,,,0.0956,,,report the call,inactive,,0.292857,0.23,3
Dexamethasone,hNP1_Caspase_Apop,1.0,uM,forecast,,31382.454078,27883.729935,34881.178221,0.7407,0.067,1.4145,report the call,inactive,,0.292857,0.23,3
Dexamethasone,hNP1_Caspase_Apop,3.0,uM,forecast,,28594.878524,26734.333167,30455.423881,0.2039,-0.1544,0.5622,report the call,inactive,,0.292857,0.23,3
Dexamethasone,hNP1_Caspase_Apop,10.0,uM,forecast,,28031.701048,19618.357678,36445.044418,0.0955,-1.5247,1.7157,report the call,inactive,,0.292857,0.23,3
Dexamethasone,hNP1_Caspase_Apop,30.0,uM,forecast,,27685.610408,18412.170803,36959.050013,0.0288,-1.757,1.8146,report the call,inactive,,0.292857,0.23,3
Dexamethasone,hNP1_Caspase_Apop,100.0,uM,measured,3,27828.833333,,,0.263,,,report the call,inactive,,0.292857,0.23,3
Diazinon,hNP1_Caspase_Apop,0.001,uM,measured,3,52805.666667,,,0.3054,,,add one concentration,active,30.0,0.15,0.23,3
Diazinon,hNP1_Caspase_Apop,0.003,uM,forecast,,53084.96308,35097.840156,71072.086003,0.1879,-3.2759,3.6518,add one concentration,active,30.0,0.15,0.23,3
Diazinon,hNP1_Caspase_Apop,0.01,uM,forecast,,53003.139519,33292.820302,72713.458735,0.1722,-3.6235,3.9679,add one concentration,active,30.0,0.15,0.23,3
Diazinon,hNP1_Caspase_Apop,0.03,uM,forecast,,53365.189724,32813.216977,73917.16247,0.2419,-3.7159,4.1997,add one concentration,active,30.0,0.15,0.23,3
Diazinon,hNP1_Caspase_Apop,0.1,uM,forecast,,55484.414853,36652.041317,74316.788388,0.65,-2.9766,4.2766,add one concentration,active,30.0,0.15,0.23,3
Diazinon,hNP1_Caspase_Apop,0.3,uM,measured,3,52891.333333,,,0.3219,,,add one concentration,active,30.0,0.15,0.23,3
Diazinon,hNP1_Caspase_Apop,1.0,uM,forecast,,58059.070915,39423.975426,76694.166404,1.1458,-2.4428,4.7345,add one concentration,active,30.0,0.15,0.23,3
Diazinon,hNP1_Caspase_Apop,3.0,uM,forecast,,58817.443044,37149.732806,80485.153281,1.2919,-2.8808,5.4645,add one concentration,active,30.0,0.15,0.23,3
Diazinon,hNP1_Caspase_Apop,10.0,uM,forecast,,59276.069221,26022.262905,92529.875536,1.3802,-5.0236,7.784,add one concentration,active,30.0,0.15,0.23,3
Diazinon,hNP1_Caspase_Apop,30.0,uM,forecast,,62163.733086,27520.971996,96806.494177,1.9363,-4.735,8.6076,add one concentration,active,30.0,0.15,0.23,3
Diazinon,hNP1_Caspase_Apop,100.0,uM,measured,3,69252.666667,,,3.4726,,,add one concentration,active,30.0,0.15,0.23,3
Dicrotophos,hNP1_Caspase_Apop,0.001,uM,measured,3,53789.0,,,0.4947,,,add one concentration,inactive,10.0,0.071429,0.23,3
Dicrotophos,hNP1_Caspase_Apop,0.003,uM,forecast,,55565.293665,39625.526961,71505.06037,0.6656,-2.404,3.7352,add one concentration,inactive,10.0,0.071429,0.23,3
Dicrotophos,hNP1_Caspase_Apop,0.01,uM,forecast,,53973.711067,36985.78003,70961.642104,0.3591,-2.9123,3.6305,add one concentration,inactive,10.0,0.071429,0.23,3
Dicrotophos,hNP1_Caspase_Apop,0.03,uM,forecast,,57367.27751,39685.516555,75049.038464,1.0126,-2.3924,4.4177,add one concentration,inactive,10.0,0.071429,0.23,3
Dicrotophos,hNP1_Caspase_Apop,0.1,uM,forecast,,59316.285049,42865.026211,75767.543888,1.3879,-1.7801,4.556,add one concentration,inactive,10.0,0.071429,0.23,3
Dicrotophos,hNP1_Caspase_Apop,0.3,uM,measured,3,59795.0,,,1.6513,,,add one concentration,inactive,10.0,0.071429,0.23,3
Dicrotophos,hNP1_Caspase_Apop,1.0,uM,forecast,,60524.026018,43646.539281,77401.512755,1.6205,-1.6297,4.8707,add one concentration,inactive,10.0,0.071429,0.23,3
Dicrotophos,hNP1_Caspase_Apop,3.0,uM,forecast,,62191.275482,42026.873227,82355.677737,1.9416,-1.9416,5.8247,add one concentration,inactive,10.0,0.071429,0.23,3
Dicrotophos,hNP1_Caspase_Apop,10.0,uM,forecast,,60477.635701,27931.231066,93024.040336,1.6116,-4.656,7.8792,add one concentration,inactive,10.0,0.071429,0.23,3
Dicrotophos,hNP1_Caspase_Apop,30.0,uM,forecast,,62148.131435,29710.594285,94585.668586,1.9333,-4.3134,8.1799,add one concentration,inactive,10.0,0.071429,0.23,3
Dicrotophos,hNP1_Caspase_Apop,100.0,uM,measured,3,57738.0,,,1.2552,,,add one concentration,inactive,10.0,0.071429,0.23,3
Dieldrin,hNP1_Caspase_Apop,0.001,uM,measured,3,9303.166667,,,-0.1911,,,add one concentration,inactive,30.0,0.021429,0.23,3
Dieldrin,hNP1_Caspase_Apop,0.003,uM,forecast,,9997.033246,5138.636675,14855.429818,-0.0858,-1.0214,0.8498,add one concentration,inactive,30.0,0.021429,0.23,3
Dieldrin,hNP1_Caspase_Apop,0.01,uM,forecast,,9514.296197,4864.005671,14164.586723,-0.1787,-1.0743,0.7168,add one concentration,inactive,30.0,0.021429,0.23,3
Dieldrin,hNP1_Caspase_Apop,0.03,uM,forecast,,10041.386291,5477.963346,14604.809235,-0.0772,-0.956,0.8016,add one concentration,inactive,30.0,0.021429,0.23,3
Dieldrin,hNP1_Caspase_Apop,0.1,uM,forecast,,12705.882713,7897.350694,17514.414731,0.4359,-0.4901,1.3619,add one concentration,inactive,30.0,0.021429,0.23,3
Dieldrin,hNP1_Caspase_Apop,0.3,uM,measured,3,10583.833333,,,0.0555,,,add one concentration,inactive,30.0,0.021429,0.23,3
Dieldrin,hNP1_Caspase_Apop,1.0,uM,forecast,,13500.900332,7218.491503,19783.309161,0.589,-0.6209,1.7988,add one concentration,inactive,30.0,0.021429,0.23,3
Dieldrin,hNP1_Caspase_Apop,3.0,uM,forecast,,11663.829119,6302.899197,17024.759042,0.2352,-0.7972,1.2676,add one concentration,inactive,30.0,0.021429,0.23,3
Dieldrin,hNP1_Caspase_Apop,10.0,uM,forecast,,16634.332809,4457.469197,28811.196421,1.1924,-1.1526,3.5373,add one concentration,inactive,30.0,0.021429,0.23,3
Dieldrin,hNP1_Caspase_Apop,30.0,uM,forecast,,21547.559589,7313.099065,35782.020113,2.1385,-0.6026,4.8797,add one concentration,inactive,30.0,0.021429,0.23,3
Dieldrin,hNP1_Caspase_Apop,100.0,uM,measured,3,20247.833333,,,1.9166,,,add one concentration,inactive,30.0,0.021429,0.23,3
Dimethoate,hNP1_Caspase_Apop,0.001,uM,measured,3,54215.0,,,0.5768,,,add one concentration,inactive,0.1,0.178571,0.23,3
Dimethoate,hNP1_Caspase_Apop,0.003,uM,forecast,,56773.162329,39067.514794,74478.809864,0.8982,-2.5115,4.3078,add one concentration,inactive,0.1,0.178571,0.23,3
Dimethoate,hNP1_Caspase_Apop,0.01,uM,forecast,,54739.073791,35777.724258,73700.423325,0.5065,-3.145,4.1579,add one concentration,inactive,0.1,0.178571,0.23,3
Dimethoate,hNP1_Caspase_Apop,0.03,uM,forecast,,58138.236386,38428.671618,77847.801155,1.1611,-2.6345,4.9566,add one concentration,inactive,0.1,0.178571,0.23,3
Dimethoate,hNP1_Caspase_Apop,0.1,uM,forecast,,59391.696946,40924.356985,77859.036907,1.4025,-2.1539,4.9588,add one concentration,inactive,0.1,0.178571,0.23,3
Dimethoate,hNP1_Caspase_Apop,0.3,uM,measured,3,57372.666667,,,1.1848,,,add one concentration,inactive,0.1,0.178571,0.23,3
Dimethoate,hNP1_Caspase_Apop,1.0,uM,forecast,,58135.259884,38938.757895,77331.761873,1.1605,-2.5362,4.8573,add one concentration,inactive,0.1,0.178571,0.23,3
Dimethoate,hNP1_Caspase_Apop,3.0,uM,forecast,,56804.715628,35104.127926,78505.30333,0.9043,-3.2747,5.0832,add one concentration,inactive,0.1,0.178571,0.23,3
Dimethoate,hNP1_Caspase_Apop,10.0,uM,forecast,,54684.98953,22268.222622,87101.756439,0.4961,-5.7466,6.7387,add one concentration,inactive,0.1,0.178571,0.23,3
Dimethoate,hNP1_Caspase_Apop,30.0,uM,forecast,,52831.06341,19478.088096,86184.038724,0.1391,-6.2839,6.562,add one concentration,inactive,0.1,0.178571,0.23,3
Dimethoate,hNP1_Caspase_Apop,100.0,uM,measured,3,52525.666667,,,0.2514,,,add one concentration,inactive,0.1,0.178571,0.23,3
Glyphosate,hNP1_Caspase_Apop,0.001,uM,measured,3,16282.833333,,,-0.0609,,,report the call,inactive,,0.378571,0.23,3
Glyphosate,hNP1_Caspase_Apop,0.003,uM,forecast,,15982.356918,12025.639591,19939.074245,0.0416,-0.7204,0.8035,report the call,inactive,,0.378571,0.23,3
Glyphosate,hNP1_Caspase_Apop,0.01,uM,forecast,,16009.280371,12340.257735,19678.303007,0.0468,-0.6598,0.7533,report the call,inactive,,0.378571,0.23,3
Glyphosate,hNP1_Caspase_Apop,0.03,uM,forecast,,16242.513579,12158.520897,20326.50626,0.0917,-0.6948,0.8781,report the call,inactive,,0.378571,0.23,3
Glyphosate,hNP1_Caspase_Apop,0.1,uM,measured,3,17703.5,,,0.2127,,,report the call,inactive,,0.378571,0.23,3
Glyphosate,hNP1_Caspase_Apop,0.3,uM,forecast,,16289.926509,12270.792351,20309.060668,0.1008,-0.6732,0.8748,report the call,inactive,,0.378571,0.23,3
Glyphosate,hNP1_Caspase_Apop,1.0,uM,forecast,,18000.761435,15261.246386,20740.276484,0.4303,-0.0973,0.9578,report the call,inactive,,0.378571,0.23,3
Glyphosate,hNP1_Caspase_Apop,3.0,uM,forecast,,15946.642787,14304.449538,17588.836035,0.0347,-0.2816,0.3509,report the call,inactive,,0.378571,0.23,3
Glyphosate,hNP1_Caspase_Apop,10.0,uM,forecast,,16201.382443,7113.275081,25289.489804,0.0837,-1.6664,1.8339,report the call,inactive,,0.378571,0.23,3
Glyphosate,hNP1_Caspase_Apop,30.0,uM,measured,3,16981.5,,,0.0736,,,report the call,inactive,,0.378571,0.23,3
Isoniazid,hNP1_Caspase_Apop,0.001,uM,measured,3,193138.0,,,-1.1447,,,report the call,active,,0.235714,0.23,3
Isoniazid,hNP1_Caspase_Apop,0.003,uM,forecast,,190247.731891,163980.844854,216514.618928,-2.6757,-7.734,2.3826,report the call,active,,0.235714,0.23,3
Isoniazid,hNP1_Caspase_Apop,0.01,uM,forecast,,176611.592479,149320.10974,203903.075217,-5.3016,-10.5573,-0.046,report the call,active,,0.235714,0.23,3
Isoniazid,hNP1_Caspase_Apop,0.03,uM,forecast,,176189.414413,145209.226576,207169.60225,-5.3829,-11.3489,0.583,report the call,active,,0.235714,0.23,3
Isoniazid,hNP1_Caspase_Apop,0.1,uM,forecast,,173625.764783,142735.527918,204516.001648,-5.8766,-11.8253,0.072,report the call,active,,0.235714,0.23,3
Isoniazid,hNP1_Caspase_Apop,0.3,uM,measured,3,175166.333333,,,-4.6055,,,report the call,active,,0.235714,0.23,3
Isoniazid,hNP1_Caspase_Apop,1.0,uM,forecast,,177077.185159,146435.675448,207718.69487,-5.212,-11.1127,0.6888,report the call,active,,0.235714,0.23,3
Isoniazid,hNP1_Caspase_Apop,3.0,uM,forecast,,178107.938598,149570.169337,206645.707859,-5.0135,-10.5091,0.4821,report the call,active,,0.235714,0.23,3
Isoniazid,hNP1_Caspase_Apop,10.0,uM,forecast,,189791.979331,153587.387574,225996.571087,-2.7634,-9.7355,4.2086,report the call,active,,0.235714,0.23,3
Isoniazid,hNP1_Caspase_Apop,30.0,uM,forecast,,199658.524852,162753.201471,236563.848233,-0.8634,-7.9704,6.2436,report the call,active,,0.235714,0.23,3
Isoniazid,hNP1_Caspase_Apop,100.0,uM,measured,3,206587.666667,,,1.4454,,,report the call,active,,0.235714,0.23,3
Sorbitol,hNP1_Caspase_Apop,0.001,uM,measured,3,16852.166667,,,0.0487,,,report the call,inactive,,0.4,0.23,3
Sorbitol,hNP1_Caspase_Apop,0.003,uM,forecast,,15873.362181,11344.178357,20402.546004,0.0206,-0.8516,0.8928,report the call,inactive,,0.4,0.23,3
Sorbitol,hNP1_Caspase_Apop,0.01,uM,forecast,,16086.485347,11418.204992,20754.765702,0.0616,-0.8374,0.9606,report the call,inactive,,0.4,0.23,3
Sorbitol,hNP1_Caspase_Apop,0.03,uM,forecast,,16382.524678,11760.600849,21004.448507,0.1186,-0.7714,1.0087,report the call,inactive,,0.4,0.23,3
Sorbitol,hNP1_Caspase_Apop,0.1,uM,forecast,,16564.019157,11671.517296,21456.521018,0.1536,-0.7886,1.0958,report the call,inactive,,0.4,0.23,3
Sorbitol,hNP1_Caspase_Apop,0.3,uM,measured,3,16574.166667,,,-0.0048,,,report the call,inactive,,0.4,0.23,3
Sorbitol,hNP1_Caspase_Apop,1.0,uM,forecast,,17887.360259,13373.445931,22401.274587,0.4084,-0.4608,1.2777,report the call,inactive,,0.4,0.23,3
Sorbitol,hNP1_Caspase_Apop,3.0,uM,forecast,,16303.976615,13561.893551,19046.059679,0.1035,-0.4246,0.6316,report the call,inactive,,0.4,0.23,3
Sorbitol,hNP1_Caspase_Apop,10.0,uM,forecast,,16035.113016,6481.197884,25589.028148,0.0517,-1.7881,1.8916,report the call,inactive,,0.4,0.23,3
Sorbitol,hNP1_Caspase_Apop,30.0,uM,forecast,,16193.887399,5840.148966,26547.625832,0.0823,-1.9116,2.0762,report the call,inactive,,0.4,0.23,3
Sorbitol,hNP1_Caspase_Apop,100.0,uM,measured,3,18031.166667,,,0.2758,,,report the call,inactive,,0.4,0.23,3
Thiouracil,hNP1_Caspase_Apop,0.001,uM,measured,3,17191.333333,,,0.0746,,,report the call,inactive,,0.507143,0.23,3
Thiouracil,hNP1_Caspase_Apop,0.003,uM,forecast,,16636.381828,12663.382863,20609.380794,0.0523,-0.7128,0.8174,report the call,inactive,,0.507143,0.23,3
Thiouracil,hNP1_Caspase_Apop,0.01,uM,forecast,,16610.854045,12782.739118,20438.968972,0.0473,-0.6899,0.7845,report the call,inactive,,0.507143,0.23,3
Thiouracil,hNP1_Caspase_Apop,0.03,uM,forecast,,17147.366273,13323.473639,20971.258907,0.1507,-0.5857,0.887,report the call,inactive,,0.507143,0.23,3
Thiouracil,hNP1_Caspase_Apop,0.1,uM,forecast,,17380.553065,12864.078034,21897.028095,0.1956,-0.6742,1.0653,report the call,inactive,,0.507143,0.23,3
Thiouracil,hNP1_Caspase_Apop,0.3,uM,measured,3,16667.666667,,,-0.0263,,,report the call,inactive,,0.507143,0.23,3
Thiouracil,hNP1_Caspase_Apop,1.0,uM,forecast,,17272.94133,12941.614216,21604.268444,0.1748,-0.6593,1.0089,report the call,inactive,,0.507143,0.23,3
Thiouracil,hNP1_Caspase_Apop,3.0,uM,forecast,,15878.564799,13140.619082,18616.510515,-0.0937,-0.6209,0.4336,report the call,inactive,,0.507143,0.23,3
Thiouracil,hNP1_Caspase_Apop,10.0,uM,forecast,,16032.782911,6289.736633,25775.829188,-0.064,-1.9402,1.8123,report the call,inactive,,0.507143,0.23,3
Thiouracil,hNP1_Caspase_Apop,30.0,uM,forecast,,16351.159919,5495.83334,27206.486499,-0.0027,-2.0931,2.0878,report the call,inactive,,0.507143,0.23,3
Thiouracil,hNP1_Caspase_Apop,100.0,uM,measured,3,15971.0,,,-0.1604,,,report the call,inactive,,0.507143,0.23,3
Valproate,hNP1_Caspase_Apop,0.03,uM,measured,3,86555.333333,,,1.8393,,,report the call,active,,0.428571,0.23,3
Valproate,hNP1_Caspase_Apop,0.1,uM,forecast,,86669.315089,76733.766427,96604.863752,1.7837,-0.1296,3.697,report the call,active,,0.428571,0.23,3
Valproate,hNP1_Caspase_Apop,0.3,uM,forecast,,89746.844927,79857.576175,99636.113679,2.3763,0.4719,4.2808,report the call,active,,0.428571,0.23,3
Valproate,hNP1_Caspase_Apop,1.0,uM,forecast,,85709.735954,76186.714839,95232.75707,1.5989,-0.235,3.4328,report the call,active,,0.428571,0.23,3
Valproate,hNP1_Caspase_Apop,3.0,uM,forecast,,85431.139079,75555.987361,95306.290798,1.5452,-0.3565,3.4469,report the call,active,,0.428571,0.23,3
Valproate,hNP1_Caspase_Apop,10.0,uM,measured,3,87193.666667,,,1.9622,,,report the call,active,,0.428571,0.23,3
Valproate,hNP1_Caspase_Apop,30.0,uM,forecast,,94935.378969,74346.39687,115524.361069,3.3755,-0.5894,7.3404,report the call,active,,0.428571,0.23,3
Valproate,hNP1_Caspase_Apop,100.0,uM,forecast,,106205.136859,68604.62586,143805.647858,5.5458,-1.6951,12.7867,report the call,active,,0.428571,0.23,3
Valproate,hNP1_Caspase_Apop,300.0,uM,forecast,,117594.48971,72659.239332,162529.740089,7.7391,-0.9143,16.3924,report the call,active,,0.428571,0.23,3
Valproate,hNP1_Caspase_Apop,1000.0,uM,forecast,,113597.33076,67651.367327,159543.294193,6.9693,-1.8787,15.8173,report the call,active,,0.428571,0.23,3
Valproate,hNP1_Caspase_Apop,3000.0,uM,measured,3,179314.333333,,,10.0,,,report the call,active,,0.428571,0.23,3
trans-Retinoic Acid,hNP1_Caspase_Apop,0.001,uM,measured,3,17327.333333,,,0.1008,,,report the call,inactive,,0.364286,0.23,3
trans-Retinoic Acid,hNP1_Caspase_Apop,0.003,uM,forecast,,16526.160864,11987.076523,21065.245205,0.031,-0.8431,0.9051,report the call,inactive,,0.364286,0.23,3
trans-Retinoic Acid,hNP1_Caspase_Apop,0.01,uM,forecast,,16275.550182,11705.531579,20845.568785,-0.0172,-0.8973,0.8628,report the call,inactive,,0.364286,0.23,3
trans-Retinoic Acid,hNP1_Caspase_Apop,0.03,uM,forecast,,15988.65435,11054.319711,20922.988989,-0.0725,-1.0227,0.8778,report the call,inactive,,0.364286,0.23,3
trans-Retinoic Acid,hNP1_Caspase_Apop,0.1,uM,measured,3,15720.666667,,,-0.2086,,,report the call,inactive,,0.364286,0.23,3
trans-Retinoic Acid,hNP1_Caspase_Apop,0.3,uM,forecast,,16572.147486,11599.101725,21545.193247,0.0399,-0.9178,0.9976,report the call,inactive,,0.364286,0.23,3
trans-Retinoic Acid,hNP1_Caspase_Apop,1.0,uM,forecast,,17249.244348,13609.435861,20889.052834,0.1703,-0.5307,0.8712,report the call,inactive,,0.364286,0.23,3
trans-Retinoic Acid,hNP1_Caspase_Apop,3.0,uM,forecast,,17746.482621,15419.244049,20073.721193,0.266,-0.1821,0.7142,report the call,inactive,,0.364286,0.23,3
trans-Retinoic Acid,hNP1_Caspase_Apop,10.0,uM,forecast,,18084.421977,5483.996529,30684.847424,0.3311,-2.0954,2.7576,report the call,inactive,,0.364286,0.23,3
trans-Retinoic Acid,hNP1_Caspase_Apop,30.0,uM,measured,3,19334.333333,,,0.4873,,,report the call,inactive,,0.364286,0.23,3
Aminonicotinimide,hNP1_CellTiter_Lum,0.001,uM,measured,3,717902.0,,,-1.6047,,,add one concentration,active,10.0,0.176471,0.4,3
Aminonicotinimide,hNP1_CellTiter_Lum,0.003,uM,forecast,,775088.642535,626820.523212,923356.761857,0.1738,-3.6717,4.0194,add one concentration,active,10.0,0.176471,0.4,3
Aminonicotinimide,hNP1_CellTiter_Lum,0.01,uM,forecast,,766068.055293,608636.864214,923499.246372,-0.0601,-4.1434,4.0231,add one concentration,active,10.0,0.176471,0.4,3
Aminonicotinimide,hNP1_CellTiter_Lum,0.03,uM,forecast,,769320.123528,608740.002812,929900.244243,0.0242,-4.1407,4.1891,add one concentration,active,10.0,0.176471,0.4,3
Aminonicotinimide,hNP1_CellTiter_Lum,0.1,uM,forecast,,761323.006125,603652.908794,918993.103456,-0.1832,-4.2726,3.9062,add one concentration,active,10.0,0.176471,0.4,3
Aminonicotinimide,hNP1_CellTiter_Lum,0.3,uM,measured,3,706658.333333,,,-1.8963,,,add one concentration,active,10.0,0.176471,0.4,3
Aminonicotinimide,hNP1_CellTiter_Lum,1.0,uM,forecast,,749607.136698,586610.55454,912603.718856,-0.4871,-4.7146,3.7405,add one concentration,active,10.0,0.176471,0.4,3
Aminonicotinimide,hNP1_CellTiter_Lum,3.0,uM,forecast,,738106.903509,537405.418684,938808.388334,-0.7854,-5.9908,4.4201,add one concentration,active,10.0,0.176471,0.4,3
Aminonicotinimide,hNP1_CellTiter_Lum,10.0,uM,forecast,,731815.509431,421461.48842,1042169.530442,-0.9485,-8.998,7.101,add one concentration,active,10.0,0.176471,0.4,3
Aminonicotinimide,hNP1_CellTiter_Lum,30.0,uM,forecast,,535231.984765,173679.625931,896784.3436,-6.0472,-15.4246,3.3302,add one concentration,active,10.0,0.176471,0.4,3
Aminonicotinimide,hNP1_CellTiter_Lum,100.0,uM,measured,3,526764.333333,,,-6.5621,,,add one concentration,active,10.0,0.176471,0.4,3
Amphetamine,hNP1_CellTiter_Lum,0.001,uM,measured,3,757360.0,,,-0.5813,,,add one concentration,inactive,10.0,0.023529,0.4,3
Amphetamine,hNP1_CellTiter_Lum,0.003,uM,forecast,,770994.586542,688179.056085,853810.117,0.0676,-2.0803,2.2156,add one concentration,inactive,10.0,0.023529,0.4,3
Amphetamine,hNP1_CellTiter_Lum,0.01,uM,forecast,,776621.544149,689502.037382,863741.050917,0.2136,-2.046,2.4731,add one concentration,inactive,10.0,0.023529,0.4,3
Amphetamine,hNP1_CellTiter_Lum,0.03,uM,forecast,,772111.19555,684438.264142,859784.126958,0.0966,-2.1773,2.3705,add one concentration,inactive,10.0,0.023529,0.4,3
Amphetamine,hNP1_CellTiter_Lum,0.1,uM,forecast,,776166.013335,686998.435746,865333.590924,0.2018,-2.1109,2.5145,add one concentration,inactive,10.0,0.023529,0.4,3
Amphetamine,hNP1_CellTiter_Lum,0.3,uM,measured,3,756174.666667,,,-0.612,,,add one concentration,inactive,10.0,0.023529,0.4,3
Amphetamine,hNP1_CellTiter_Lum,1.0,uM,forecast,,781605.704474,691464.600913,871746.808036,0.3428,-1.9951,2.6808,add one concentration,inactive,10.0,0.023529,0.4,3
Amphetamine,hNP1_CellTiter_Lum,3.0,uM,forecast,,773777.340685,647079.054091,900475.62728,0.1398,-3.1463,3.4259,add one concentration,inactive,10.0,0.023529,0.4,3
Amphetamine,hNP1_CellTiter_Lum,10.0,uM,forecast,,801976.929679,657767.42523,946186.434128,0.8712,-2.8691,4.6115,add one concentration,inactive,10.0,0.023529,0.4,3
Amphetamine,hNP1_CellTiter_Lum,30.0,uM,forecast,,742124.609232,605905.786412,878343.432052,-0.6812,-4.2142,2.8519,add one concentration,inactive,10.0,0.023529,0.4,3
Amphetamine,hNP1_CellTiter_Lum,100.0,uM,measured,3,678995.0,,,-2.6138,,,add one concentration,inactive,10.0,0.023529,0.4,3
Caffeine,hNP1_CellTiter_Lum,0.001,uM,measured,3,1950000.0,,,-0.3895,,,add one concentration,inactive,10.0,0.023529,0.4,3
Caffeine,hNP1_CellTiter_Lum,0.003,uM,forecast,,1955465.958713,1805731.401175,2105200.516252,0.2105,-3.6731,4.0941,add one concentration,inactive,10.0,0.023529,0.4,3
Caffeine,hNP1_CellTiter_Lum,0.01,uM,forecast,,1958757.419883,1796048.764349,2121466.075416,0.2959,-3.9242,4.516,add one concentration,inactive,10.0,0.023529,0.4,3
Caffeine,hNP1_CellTiter_Lum,0.03,uM,forecast,,1959113.46911,1794588.121118,2123638.817102,0.3051,-3.9621,4.5723,add one concentration,inactive,10.0,0.023529,0.4,3
Caffeine,hNP1_CellTiter_Lum,0.1,uM,forecast,,1960098.882643,1798214.909634,2121982.855652,0.3307,-3.868,4.5294,add one concentration,inactive,10.0,0.023529,0.4,3
Caffeine,hNP1_CellTiter_Lum,0.3,uM,measured,3,1935666.666667,,,-0.7612,,,add one concentration,inactive,10.0,0.023529,0.4,3
Caffeine,hNP1_CellTiter_Lum,1.0,uM,forecast,,1963299.820425,1797144.851833,2129454.789017,0.4137,-3.8958,4.7232,add one concentration,inactive,10.0,0.023529,0.4,3
Caffeine,hNP1_CellTiter_Lum,3.0,uM,forecast,,1950744.230332,1753423.043253,2148065.417411,0.088,-5.0298,5.2058,add one concentration,inactive,10.0,0.023529,0.4,3
Caffeine,hNP1_CellTiter_Lum,10.0,uM,forecast,,1983134.599281,1777626.486089,2188642.712474,0.9281,-4.402,6.2583,add one concentration,inactive,10.0,0.023529,0.4,3
Caffeine,hNP1_CellTiter_Lum,30.0,uM,forecast,,1891795.651623,1698251.954094,2085339.349153,-1.4409,-6.4607,3.579,add one concentration,inactive,10.0,0.023529,0.4,3
Caffeine,hNP1_CellTiter_Lum,100.0,uM,measured,3,1869000.0,,,-2.4903,,,add one concentration,inactive,10.0,0.023529,0.4,3
Diazinon,hNP1_CellTiter_Lum,0.001,uM,measured,3,644452.666667,,,-0.7023,,,add one concentration,inactive,1.0,0.329412,0.4,3
Diazinon,hNP1_CellTiter_Lum,0.003,uM,forecast,,659570.566447,533798.921726,785342.211168,-0.2419,-3.504,3.0202,add one concentration,inactive,1.0,0.329412,0.4,3
Diazinon,hNP1_CellTiter_Lum,0.01,uM,forecast,,675854.143611,532938.781062,818769.50616,0.1804,-3.5263,3.8871,add one concentration,inactive,1.0,0.329412,0.4,3
Diazinon,hNP1_CellTiter_Lum,0.03,uM,forecast,,693836.945432,559214.983376,828458.907488,0.6468,-2.8448,4.1384,add one concentration,inactive,1.0,0.329412,0.4,3
Diazinon,hNP1_CellTiter_Lum,0.1,uM,forecast,,706920.383169,574782.105309,839058.66103,0.9862,-2.441,4.4134,add one concentration,inactive,1.0,0.329412,0.4,3
Diazinon,hNP1_CellTiter_Lum,0.3,uM,measured,3,730296.666667,,,1.5241,,,add one concentration,inactive,1.0,0.329412,0.4,3
Diazinon,hNP1_CellTiter_Lum,1.0,uM,forecast,,704583.372424,565801.839906,843364.904943,0.9256,-2.674,4.5251,add one concentration,inactive,1.0,0.329412,0.4,3
Diazinon,hNP1_CellTiter_Lum,3.0,uM,forecast,,697565.07893,536483.188605,858646.969255,0.7435,-3.4344,4.9214,add one concentration,inactive,1.0,0.329412,0.4,3
Diazinon,hNP1_CellTiter_Lum,10.0,uM,forecast,,677805.2003,478628.874974,876981.525625,0.231,-4.9349,5.397,add one concentration,inactive,1.0,0.329412,0.4,3
Diazinon,hNP1_CellTiter_Lum,30.0,uM,forecast,,628587.74325,439960.269351,817215.217149,-1.0455,-5.9378,3.8468,add one concentration,inactive,1.0,0.329412,0.4,3
Diazinon,hNP1_CellTiter_Lum,100.0,uM,measured,3,632209.333333,,,-1.0199,,,add one concentration,inactive,1.0,0.329412,0.4,3
Dicrotophos,hNP1_CellTiter_Lum,0.001,uM,measured,3,636197.333333,,,-0.9165,,,report the call,inactive,,0.494118,0.4,3
Dicrotophos,hNP1_CellTiter_Lum,0.003,uM,forecast,,660308.327691,510397.761012,810218.894369,-0.2228,-4.1109,3.6654,report the call,inactive,,0.494118,0.4,3
Dicrotophos,hNP1_CellTiter_Lum,0.01,uM,forecast,,657053.774274,501831.995122,812275.553427,-0.3072,-4.3331,3.7187,report the call,inactive,,0.494118,0.4,3
Dicrotophos,hNP1_CellTiter_Lum,0.03,uM,forecast,,659021.787933,494059.010814,823984.565052,-0.2562,-4.5347,4.0224,report the call,inactive,,0.494118,0.4,3
Dicrotophos,hNP1_CellTiter_Lum,0.1,uM,forecast,,671111.281294,525665.671142,816556.891445,0.0574,-3.7149,3.8297,report the call,inactive,,0.494118,0.4,3
Dicrotophos,hNP1_CellTiter_Lum,0.3,uM,measured,3,686017.333333,,,0.3757,,,report the call,inactive,,0.494118,0.4,3
Dicrotophos,hNP1_CellTiter_Lum,1.0,uM,forecast,,672881.568571,514912.069564,830851.067577,0.1033,-3.9939,4.2005,report the call,inactive,,0.494118,0.4,3
Dicrotophos,hNP1_CellTiter_Lum,3.0,uM,forecast,,666414.391359,459883.713772,872945.068946,-0.0644,-5.4211,5.2923,report the call,inactive,,0.494118,0.4,3
Dicrotophos,hNP1_CellTiter_Lum,10.0,uM,forecast,,663527.457583,455571.921384,871482.993781,-0.1393,-5.5329,5.2543,report the call,inactive,,0.494118,0.4,3
Dicrotophos,hNP1_CellTiter_Lum,30.0,uM,forecast,,652469.460857,454392.843462,850546.078252,-0.4261,-5.5635,4.7113,report the call,inactive,,0.494118,0.4,3
Dicrotophos,hNP1_CellTiter_Lum,100.0,uM,measured,3,638593.0,,,-0.8543,,,report the call,inactive,,0.494118,0.4,3
Dimethoate,hNP1_CellTiter_Lum,0.001,uM,measured,3,656600.0,,,-0.3873,,,report the call,inactive,,0.423529,0.4,3
Dimethoate,hNP1_CellTiter_Lum,0.003,uM,forecast,,666323.204365,522798.958158,809847.450571,-0.0668,-3.7893,3.6557,report the call,inactive,,0.423529,0.4,3
Dimethoate,hNP1_CellTiter_Lum,0.01,uM,forecast,,678793.860994,532804.537263,824783.184725,0.2567,-3.5298,4.0431,report the call,inactive,,0.423529,0.4,3
Dimethoate,hNP1_CellTiter_Lum,0.03,uM,forecast,,693622.285223,556034.098547,831210.471899,0.6413,-2.9273,4.2098,report the call,inactive,,0.423529,0.4,3
Dimethoate,hNP1_CellTiter_Lum,0.1,uM,forecast,,706244.880709,565119.514509,847370.246908,0.9686,-2.6916,4.6289,report the call,inactive,,0.423529,0.4,3
Dimethoate,hNP1_CellTiter_Lum,0.3,uM,measured,3,712671.333333,,,1.067,,,report the call,inactive,,0.423529,0.4,3
Dimethoate,hNP1_CellTiter_Lum,1.0,uM,forecast,,702740.659568,555945.683715,849535.635422,0.8778,-2.9296,4.6851,report the call,inactive,,0.423529,0.4,3
Dimethoate,hNP1_CellTiter_Lum,3.0,uM,forecast,,706198.283854,544422.536161,867974.031547,0.9674,-3.2285,5.1633,report the call,inactive,,0.423529,0.4,3
Dimethoate,hNP1_CellTiter_Lum,10.0,uM,forecast,,687275.844018,489864.840381,884686.847654,0.4767,-4.6435,5.5968,report the call,inactive,,0.423529,0.4,3
Dimethoate,hNP1_CellTiter_Lum,30.0,uM,forecast,,649937.169017,464208.833082,835665.504953,-0.4918,-5.3089,4.3254,report the call,inactive,,0.423529,0.4,3
Dimethoate,hNP1_CellTiter_Lum,100.0,uM,measured,3,645476.666667,,,-0.6758,,,report the call,inactive,,0.423529,0.4,3
Isoniazid,hNP1_CellTiter_Lum,0.001,uM,measured,3,1847666.666667,,,1.3483,,,add one concentration,inactive,0.01,0.047059,0.4,3
Isoniazid,hNP1_CellTiter_Lum,0.003,uM,forecast,,1821824.483147,1746130.483118,1897518.483177,1.0238,-0.9394,2.9871,add one concentration,inactive,0.01,0.047059,0.4,3
Isoniazid,hNP1_CellTiter_Lum,0.01,uM,forecast,,1869242.583117,1800189.54754,1938295.618695,2.2537,0.4627,4.0447,add one concentration,inactive,0.01,0.047059,0.4,3
Isoniazid,hNP1_CellTiter_Lum,0.03,uM,forecast,,1849878.179344,1780762.432313,1918993.926376,1.7514,-0.0412,3.5441,add one concentration,inactive,0.01,0.047059,0.4,3
Isoniazid,hNP1_CellTiter_Lum,0.1,uM,forecast,,1837740.286209,1774927.62203,1900552.950388,1.4366,-0.1925,3.0658,add one concentration,inactive,0.01,0.047059,0.4,3
Isoniazid,hNP1_CellTiter_Lum,0.3,uM,measured,3,1845333.333333,,,1.2877,,,add one concentration,inactive,0.01,0.047059,0.4,3
Isoniazid,hNP1_CellTiter_Lum,1.0,uM,forecast,,1815485.023798,1756158.423429,1874811.624167,0.8594,-0.6793,2.3981,add one concentration,inactive,0.01,0.047059,0.4,3
Isoniazid,hNP1_CellTiter_Lum,3.0,uM,forecast,,1860319.783463,1776717.931696,1943921.63523,2.0223,-0.1461,4.1906,add one concentration,inactive,0.01,0.047059,0.4,3
Isoniazid,hNP1_CellTiter_Lum,10.0,uM,forecast,,1843148.336281,1746633.865887,1939662.806675,1.5769,-0.9264,4.0801,add one concentration,inactive,0.01,0.047059,0.4,3
Isoniazid,hNP1_CellTiter_Lum,30.0,uM,forecast,,1822426.670655,1734162.233139,1910691.108171,1.0394,-1.2498,3.3287,add one concentration,inactive,0.01,0.047059,0.4,3
Isoniazid,hNP1_CellTiter_Lum,100.0,uM,measured,3,1839333.333333,,,1.1321,,,add one concentration,inactive,0.01,0.047059,0.4,3
Valproate,hNP1_CellTiter_Lum,0.03,uM,measured,3,460293.333333,,,-1.438,,,add one concentration,active,100.0,0.176471,0.4,3
Valproate,hNP1_CellTiter_Lum,0.1,uM,forecast,,484802.420554,405693.334637,563911.506472,-0.44,-2.4918,1.6118,add one concentration,active,100.0,0.176471,0.4,3
Valproate,hNP1_CellTiter_Lum,0.3,uM,forecast,,492988.13463,424446.898987,561529.370274,-0.2277,-2.0054,1.5501,add one concentration,active,100.0,0.176471,0.4,3
Valproate,hNP1_CellTiter_Lum,1.0,uM,forecast,,498303.856393,427681.762676,568925.95011,-0.0898,-1.9215,1.7419,add one concentration,active,100.0,0.176471,0.4,3
Valproate,hNP1_CellTiter_Lum,3.0,uM,forecast,,482367.303558,409690.09779,555044.509326,-0.5031,-2.3881,1.3819,add one concentration,active,100.0,0.176471,0.4,3
Valproate,hNP1_CellTiter_Lum,10.0,uM,measured,3,490910.666667,,,-0.6439,,,add one concentration,active,100.0,0.176471,0.4,3
Valproate,hNP1_CellTiter_Lum,30.0,uM,forecast,,350558.018352,240782.738241,460333.298462,-3.9218,-6.769,-1.0746,add one concentration,active,100.0,0.176471,0.4,3
Valproate,hNP1_CellTiter_Lum,100.0,uM,forecast,,252910.631242,105303.464015,400517.798468,-6.4544,-10.2828,-2.626,add one concentration,active,100.0,0.176471,0.4,3
Valproate,hNP1_CellTiter_Lum,300.0,uM,forecast,,308483.21988,149430.203919,467536.23584,-5.0131,-9.1383,-0.8878,add one concentration,active,100.0,0.176471,0.4,3
Valproate,hNP1_CellTiter_Lum,1000.0,uM,forecast,,293136.644659,-16136.764068,602410.053385,-5.4111,-13.4326,2.6104,add one concentration,active,100.0,0.176471,0.4,3
Valproate,hNP1_CellTiter_Lum,3000.0,uM,measured,3,293694.0,,,-5.759,,,add one concentration,active,100.0,0.176471,0.4,3
Aminonicotinimide,hNP1_Pro_MeanAvgInten,0.001,uM,measured,3,85.426667,,,0.1607,,,add one concentration,inactive,10.0,0.25,0.47,3
Aminonicotinimide,hNP1_Pro_MeanAvgInten,0.003,uM,forecast,,89.985497,53.862175,126.108819,0.2139,-1.1696,1.5975,add one concentration,inactive,10.0,0.25,0.47,3
Aminonicotinimide,hNP1_Pro_MeanAvgInten,0.01,uM,forecast,,78.993679,39.386136,118.601223,-0.2071,-1.7241,1.31,add one concentration,inactive,10.0,0.25,0.47,3
Aminonicotinimide,hNP1_Pro_MeanAvgInten,0.03,uM,forecast,,81.503664,42.941029,120.066299,-0.1109,-1.5879,1.3661,add one concentration,inactive,10.0,0.25,0.47,3
Aminonicotinimide,hNP1_Pro_MeanAvgInten,0.1,uM,forecast,,88.364343,52.664284,124.064402,0.1518,-1.2155,1.5192,add one concentration,inactive,10.0,0.25,0.47,3
Aminonicotinimide,hNP1_Pro_MeanAvgInten,0.3,uM,measured,3,81.21,,,-0.0008,,,add one concentration,inactive,10.0,0.25,0.47,3
Aminonicotinimide,hNP1_Pro_MeanAvgInten,1.0,uM,forecast,,78.726159,35.377333,122.074985,-0.2173,-1.8776,1.443,add one concentration,inactive,10.0,0.25,0.47,3
Aminonicotinimide,hNP1_Pro_MeanAvgInten,3.0,uM,forecast,,88.328627,41.906017,134.751237,0.1505,-1.6276,1.9285,add one concentration,inactive,10.0,0.25,0.47,3
Aminonicotinimide,hNP1_Pro_MeanAvgInten,10.0,uM,forecast,,80.423955,20.078854,140.769055,-0.1523,-2.4636,2.159,add one concentration,inactive,10.0,0.25,0.47,3
Aminonicotinimide,hNP1_Pro_MeanAvgInten,30.0,uM,forecast,,67.855678,6.85761,128.853747,-0.6337,-2.97,1.7026,add one concentration,inactive,10.0,0.25,0.47,3
Aminonicotinimide,hNP1_Pro_MeanAvgInten,100.0,uM,measured,3,48.623333,,,-1.2489,,,add one concentration,inactive,10.0,0.25,0.47,3
Amphetamine,hNP1_Pro_MeanAvgInten,0.001,uM,measured,3,77.076667,,,-0.1591,,,report the call,inactive,,0.7,0.47,3
Amphetamine,hNP1_Pro_MeanAvgInten,0.003,uM,forecast,,87.92822,56.107965,119.748475,0.1351,-1.0836,1.3539,report the call,inactive,,0.7,0.47,3
Amphetamine,hNP1_Pro_MeanAvgInten,0.01,uM,forecast,,87.756618,54.369943,121.143293,0.1286,-1.1502,1.4073,report the call,inactive,,0.7,0.47,3
Amphetamine,hNP1_Pro_MeanAvgInten,0.03,uM,forecast,,86.701672,54.214152,119.189193,0.0882,-1.1562,1.3325,report the call,inactive,,0.7,0.47,3
Amphetamine,hNP1_Pro_MeanAvgInten,0.1,uM,forecast,,92.237438,59.600213,124.874663,0.3002,-0.9499,1.5502,report the call,inactive,,0.7,0.47,3
Amphetamine,hNP1_Pro_MeanAvgInten,0.3,uM,measured,3,86.106667,,,0.1868,,,report the call,inactive,,0.7,0.47,3
Amphetamine,hNP1_Pro_MeanAvgInten,1.0,uM,forecast,,84.613935,43.645427,125.582443,0.0082,-1.561,1.5774,report the call,inactive,,0.7,0.47,3
Amphetamine,hNP1_Pro_MeanAvgInten,3.0,uM,forecast,,82.373289,40.821744,123.924833,-0.0776,-1.6691,1.5139,report the call,inactive,,0.7,0.47,3
Amphetamine,hNP1_Pro_MeanAvgInten,10.0,uM,forecast,,82.719845,30.55511,134.88458,-0.0644,-2.0623,1.9336,report the call,inactive,,0.7,0.47,3
Amphetamine,hNP1_Pro_MeanAvgInten,30.0,uM,forecast,,76.472807,25.382321,127.563294,-0.3036,-2.2605,1.6532,report the call,inactive,,0.7,0.47,3
Amphetamine,hNP1_Pro_MeanAvgInten,100.0,uM,measured,3,72.45,,,-0.3363,,,report the call,inactive,,0.7,0.47,3
Caffeine,hNP1_Pro_MeanAvgInten,0.001,uM,measured,3,103.93,,,0.4294,,,report the call,inactive,,0.485714,0.47,3
Caffeine,hNP1_Pro_MeanAvgInten,0.003,uM,forecast,,109.016283,61.877779,156.154786,0.5395,-1.266,2.345,report the call,inactive,,0.485714,0.47,3
Caffeine,hNP1_Pro_MeanAvgInten,0.01,uM,forecast,,103.4237,55.850028,150.997372,0.3253,-1.4968,2.1475,report the call,inactive,,0.485714,0.47,3
Caffeine,hNP1_Pro_MeanAvgInten,0.03,uM,forecast,,108.072618,60.886341,155.258895,0.5034,-1.3039,2.3107,report the call,inactive,,0.485714,0.47,3
Caffeine,hNP1_Pro_MeanAvgInten,0.1,uM,forecast,,118.711715,70.767822,166.655608,0.9109,-0.9254,2.7472,report the call,inactive,,0.485714,0.47,3
Caffeine,hNP1_Pro_MeanAvgInten,0.3,uM,measured,3,116.536667,,,0.9122,,,report the call,inactive,,0.485714,0.47,3
Caffeine,hNP1_Pro_MeanAvgInten,1.0,uM,forecast,,110.490953,52.426263,168.555642,0.596,-1.628,2.82,report the call,inactive,,0.485714,0.47,3
Caffeine,hNP1_Pro_MeanAvgInten,3.0,uM,forecast,,116.627478,58.490415,174.764541,0.831,-1.3957,3.0578,report the call,inactive,,0.485714,0.47,3
Caffeine,hNP1_Pro_MeanAvgInten,10.0,uM,forecast,,107.579016,44.419813,170.73822,0.4845,-1.9346,2.9036,report the call,inactive,,0.485714,0.47,3
Caffeine,hNP1_Pro_MeanAvgInten,30.0,uM,forecast,,95.375278,37.827811,152.922745,0.0171,-2.1871,2.2212,report the call,inactive,,0.485714,0.47,3
Caffeine,hNP1_Pro_MeanAvgInten,100.0,uM,measured,3,90.733333,,,-0.0761,,,report the call,inactive,,0.485714,0.47,3
Chlorpyrifos,hNP1_Pro_MeanAvgInten,0.001,uM,measured,3,98.683333,,,-0.0276,,,add one concentration,active,3.0,0.25,0.47,3
Chlorpyrifos,hNP1_Pro_MeanAvgInten,0.003,uM,forecast,,118.197232,67.088938,169.305526,0.5281,-1.4295,2.4856,add one concentration,active,3.0,0.25,0.47,3
Chlorpyrifos,hNP1_Pro_MeanAvgInten,0.01,uM,forecast,,110.553187,58.815612,162.290761,0.2353,-1.7463,2.2169,add one concentration,active,3.0,0.25,0.47,3
Chlorpyrifos,hNP1_Pro_MeanAvgInten,0.03,uM,forecast,,119.883989,69.443764,170.324214,0.5927,-1.3393,2.5246,add one concentration,active,3.0,0.25,0.47,3
Chlorpyrifos,hNP1_Pro_MeanAvgInten,0.1,uM,forecast,,104.063453,54.679589,153.447318,-0.0133,-1.9048,1.8782,add one concentration,active,3.0,0.25,0.47,3
Chlorpyrifos,hNP1_Pro_MeanAvgInten,0.3,uM,measured,3,96.636667,,,-0.106,,,add one concentration,active,3.0,0.25,0.47,3
Chlorpyrifos,hNP1_Pro_MeanAvgInten,1.0,uM,forecast,,112.899412,50.276038,175.522786,0.3252,-2.0734,2.7237,add one concentration,active,3.0,0.25,0.47,3
Chlorpyrifos,hNP1_Pro_MeanAvgInten,3.0,uM,forecast,,109.982778,38.01095,181.954606,0.2134,-2.5432,2.9701,add one concentration,active,3.0,0.25,0.47,3
Chlorpyrifos,hNP1_Pro_MeanAvgInten,10.0,uM,forecast,,88.663873,2.575307,174.752438,-0.6031,-3.9004,2.6942,add one concentration,active,3.0,0.25,0.47,3
Chlorpyrifos,hNP1_Pro_MeanAvgInten,30.0,uM,forecast,,71.718455,-13.621107,157.058017,-1.2521,-4.5208,2.0165,add one concentration,active,3.0,0.25,0.47,3
Chlorpyrifos,hNP1_Pro_MeanAvgInten,100.0,uM,measured,3,22.21,,,-2.9566,,,add one concentration,active,3.0,0.25,0.47,3
Dexamethasone,hNP1_Pro_MeanAvgInten,0.001,uM,measured,3,68.576667,,,-1.1807,,,add one concentration,inactive,3.0,0.285714,0.47,3
Dexamethasone,hNP1_Pro_MeanAvgInten,0.003,uM,forecast,,88.317584,43.406983,133.228185,-0.6164,-2.3365,1.1038,add one concentration,inactive,3.0,0.285714,0.47,3
Dexamethasone,hNP1_Pro_MeanAvgInten,0.01,uM,forecast,,79.007992,36.340131,121.675853,-0.9729,-2.6072,0.6613,add one concentration,inactive,3.0,0.285714,0.47,3
Dexamethasone,hNP1_Pro_MeanAvgInten,0.03,uM,forecast,,79.911239,37.907547,121.91493,-0.9383,-2.5471,0.6705,add one concentration,inactive,3.0,0.285714,0.47,3
Dexamethasone,hNP1_Pro_MeanAvgInten,0.1,uM,forecast,,84.477105,40.44995,128.50426,-0.7635,-2.4498,0.9228,add one concentration,inactive,3.0,0.285714,0.47,3
Dexamethasone,hNP1_Pro_MeanAvgInten,0.3,uM,measured,3,72.48,,,-1.0312,,,add one concentration,inactive,3.0,0.285714,0.47,3
Dexamethasone,hNP1_Pro_MeanAvgInten,1.0,uM,forecast,,77.615786,26.482783,128.748789,-1.0263,-2.9847,0.9322,add one concentration,inactive,3.0,0.285714,0.47,3
Dexamethasone,hNP1_Pro_MeanAvgInten,3.0,uM,forecast,,74.36451,24.61512,124.1139,-1.1508,-3.0563,0.7547,add one concentration,inactive,3.0,0.285714,0.47,3
Dexamethasone,hNP1_Pro_MeanAvgInten,10.0,uM,forecast,,78.368739,21.114642,135.622836,-0.9974,-3.1903,1.1955,add one concentration,inactive,3.0,0.285714,0.47,3
Dexamethasone,hNP1_Pro_MeanAvgInten,30.0,uM,forecast,,86.647459,28.691677,144.603242,-0.6803,-2.9001,1.5395,add one concentration,inactive,3.0,0.285714,0.47,3
Dexamethasone,hNP1_Pro_MeanAvgInten,100.0,uM,measured,3,68.333333,,,-1.19,,,add one concentration,inactive,3.0,0.285714,0.47,3
Dieldrin,hNP1_Pro_MeanAvgInten,0.001,uM,measured,3,145.593333,,,1.1672,,,add one concentration,active,30.0,0.278571,0.47,3
Dieldrin,hNP1_Pro_MeanAvgInten,0.003,uM,forecast,,157.631014,91.997626,223.264402,1.3766,-1.1373,3.8905,add one concentration,active,30.0,0.278571,0.47,3
Dieldrin,hNP1_Pro_MeanAvgInten,0.01,uM,forecast,,159.376765,86.827081,231.926449,1.4435,-1.3353,4.2222,add one concentration,active,30.0,0.278571,0.47,3
Dieldrin,hNP1_Pro_MeanAvgInten,0.03,uM,forecast,,160.953849,85.885337,236.02236,1.5039,-1.3714,4.3791,add one concentration,active,30.0,0.278571,0.47,3
Dieldrin,hNP1_Pro_MeanAvgInten,0.1,uM,forecast,,136.826468,65.194128,208.458808,0.5798,-2.1639,3.3234,add one concentration,active,30.0,0.278571,0.47,3
Dieldrin,hNP1_Pro_MeanAvgInten,0.3,uM,measured,3,162.783333,,,1.8256,,,add one concentration,active,30.0,0.278571,0.47,3
Dieldrin,hNP1_Pro_MeanAvgInten,1.0,uM,forecast,,140.579697,64.979161,216.180233,0.7235,-2.1721,3.6191,add one concentration,active,30.0,0.278571,0.47,3
Dieldrin,hNP1_Pro_MeanAvgInten,3.0,uM,forecast,,115.31446,44.007024,186.621896,-0.2442,-2.9754,2.487,add one concentration,active,30.0,0.278571,0.47,3
Dieldrin,hNP1_Pro_MeanAvgInten,10.0,uM,forecast,,103.956158,4.07172,203.840596,-0.6792,-4.505,3.1465,add one concentration,active,30.0,0.278571,0.47,3
Dieldrin,hNP1_Pro_MeanAvgInten,30.0,uM,forecast,,115.856463,16.965983,214.746943,-0.2234,-4.0111,3.5642,add one concentration,active,30.0,0.278571,0.47,3
Dieldrin,hNP1_Pro_MeanAvgInten,100.0,uM,measured,3,10.706667,,,-3.9992,,,add one concentration,active,30.0,0.278571,0.47,3
Glyphosate,hNP1_Pro_MeanAvgInten,0.001,uM,measured,3,87.456667,,,-1.1553,,,add one concentration,inactive,0.003,0.3,0.47,3
Glyphosate,hNP1_Pro_MeanAvgInten,0.003,uM,forecast,,92.493118,56.626685,128.359551,-0.6667,-2.0405,0.707,add one concentration,inactive,0.003,0.3,0.47,3
Glyphosate,hNP1_Pro_MeanAvgInten,0.01,uM,forecast,,94.168166,61.499085,126.837246,-0.6026,-1.8538,0.6487,add one concentration,inactive,0.003,0.3,0.47,3
Glyphosate,hNP1_Pro_MeanAvgInten,0.03,uM,forecast,,92.008013,59.981667,124.034359,-0.6853,-1.912,0.5414,add one concentration,inactive,0.003,0.3,0.47,3
Glyphosate,hNP1_Pro_MeanAvgInten,0.1,uM,measured,3,106.143333,,,-0.4396,,,add one concentration,inactive,0.003,0.3,0.47,3
Glyphosate,hNP1_Pro_MeanAvgInten,0.3,uM,forecast,,87.452306,49.3264,125.578212,-0.8598,-2.3201,0.6005,add one concentration,inactive,0.003,0.3,0.47,3
Glyphosate,hNP1_Pro_MeanAvgInten,1.0,uM,forecast,,87.307442,50.035422,124.579462,-0.8653,-2.2929,0.5622,add one concentration,inactive,0.003,0.3,0.47,3
Glyphosate,hNP1_Pro_MeanAvgInten,3.0,uM,forecast,,89.265789,52.417334,126.114245,-0.7903,-2.2017,0.621,add one concentration,inactive,0.003,0.3,0.47,3
Glyphosate,hNP1_Pro_MeanAvgInten,10.0,uM,forecast,,89.072402,37.391154,140.753649,-0.7977,-2.7772,1.1817,add one concentration,inactive,0.003,0.3,0.47,3
Glyphosate,hNP1_Pro_MeanAvgInten,30.0,uM,measured,3,92.73,,,-0.9533,,,add one concentration,inactive,0.003,0.3,0.47,3
Isoniazid,hNP1_Pro_MeanAvgInten,0.001,uM,measured,3,87.056667,,,-0.3814,,,report the call,inactive,,0.621429,0.47,3
Isoniazid,hNP1_Pro_MeanAvgInten,0.003,uM,forecast,,85.681154,58.175518,113.186791,-0.2662,-1.3197,0.7874,report the call,inactive,,0.621429,0.47,3
Isoniazid,hNP1_Pro_MeanAvgInten,0.01,uM,forecast,,93.547395,63.740579,123.35421,0.0351,-1.1065,1.1768,report the call,inactive,,0.621429,0.47,3
Isoniazid,hNP1_Pro_MeanAvgInten,0.03,uM,forecast,,88.065146,59.399366,116.730926,-0.1748,-1.2728,0.9231,report the call,inactive,,0.621429,0.47,3
Isoniazid,hNP1_Pro_MeanAvgInten,0.1,uM,forecast,,97.805729,67.699725,127.911733,0.1982,-0.9549,1.3513,report the call,inactive,,0.621429,0.47,3
Isoniazid,hNP1_Pro_MeanAvgInten,0.3,uM,measured,3,105.596667,,,0.3288,,,report the call,inactive,,0.621429,0.47,3
Isoniazid,hNP1_Pro_MeanAvgInten,1.0,uM,forecast,,92.450263,56.289077,128.611449,-0.0069,-1.3919,1.3781,report the call,inactive,,0.621429,0.47,3
Isoniazid,hNP1_Pro_MeanAvgInten,3.0,uM,forecast,,92.154535,57.41979,126.889281,-0.0182,-1.3486,1.3122,report the call,inactive,,0.621429,0.47,3
Isoniazid,hNP1_Pro_MeanAvgInten,10.0,uM,forecast,,89.36202,42.91031,135.81373,-0.1252,-1.9043,1.654,report the call,inactive,,0.621429,0.47,3
Isoniazid,hNP1_Pro_MeanAvgInten,30.0,uM,forecast,,78.637321,32.220159,125.054484,-0.5359,-2.3138,1.2419,report the call,inactive,,0.621429,0.47,3
Isoniazid,hNP1_Pro_MeanAvgInten,100.0,uM,measured,3,88.39,,,-0.3303,,,report the call,inactive,,0.621429,0.47,3
Sorbitol,hNP1_Pro_MeanAvgInten,0.001,uM,measured,3,99.2,,,-0.7055,,,report the call,inactive,,0.507143,0.47,3
Sorbitol,hNP1_Pro_MeanAvgInten,0.003,uM,forecast,,95.062284,45.967338,144.157229,-0.5683,-2.4487,1.3121,report the call,inactive,,0.507143,0.47,3
Sorbitol,hNP1_Pro_MeanAvgInten,0.01,uM,forecast,,89.965072,43.078059,136.852084,-0.7635,-2.5594,1.0323,report the call,inactive,,0.507143,0.47,3
Sorbitol,hNP1_Pro_MeanAvgInten,0.03,uM,forecast,,88.223721,41.433386,135.014057,-0.8302,-2.6224,0.9619,report the call,inactive,,0.507143,0.47,3
Sorbitol,hNP1_Pro_MeanAvgInten,0.1,uM,forecast,,93.563388,43.639711,143.487064,-0.6257,-2.5379,1.2864,report the call,inactive,,0.507143,0.47,3
Sorbitol,hNP1_Pro_MeanAvgInten,0.3,uM,measured,3,106.52,,,-0.4251,,,report the call,inactive,,0.507143,0.47,3
Sorbitol,hNP1_Pro_MeanAvgInten,1.0,uM,forecast,,92.252141,40.176978,144.327304,-0.6759,-2.6705,1.3186,report the call,inactive,,0.507143,0.47,3
Sorbitol,hNP1_Pro_MeanAvgInten,3.0,uM,forecast,,94.189416,45.191465,143.187366,-0.6017,-2.4784,1.275,report the call,inactive,,0.507143,0.47,3
Sorbitol,hNP1_Pro_MeanAvgInten,10.0,uM,forecast,,92.513581,37.580589,147.446572,-0.6659,-2.7699,1.4381,report the call,inactive,,0.507143,0.47,3
Sorbitol,hNP1_Pro_MeanAvgInten,30.0,uM,forecast,,95.668916,38.096788,153.241044,-0.5451,-2.7502,1.66,report the call,inactive,,0.507143,0.47,3
Sorbitol,hNP1_Pro_MeanAvgInten,100.0,uM,measured,3,96.686667,,,-0.8018,,,report the call,inactive,,0.507143,0.47,3
Thiouracil,hNP1_Pro_MeanAvgInten,0.001,uM,measured,3,151.51,,,1.5198,,,add one concentration,inactive,30.0,0.114286,0.47,3
Thiouracil,hNP1_Pro_MeanAvgInten,0.003,uM,forecast,,146.489297,80.051131,212.927462,1.3252,-1.2195,3.8699,add one concentration,inactive,30.0,0.114286,0.47,3
Thiouracil,hNP1_Pro_MeanAvgInten,0.01,uM,forecast,,139.944789,73.452829,206.43675,1.0745,-1.4722,3.6213,add one concentration,inactive,30.0,0.114286,0.47,3
Thiouracil,hNP1_Pro_MeanAvgInten,0.03,uM,forecast,,152.15455,87.37144,216.937659,1.5422,-0.9391,4.0235,add one concentration,inactive,30.0,0.114286,0.47,3
Thiouracil,hNP1_Pro_MeanAvgInten,0.1,uM,forecast,,131.934997,71.002046,192.867948,0.7678,-1.5661,3.1016,add one concentration,inactive,30.0,0.114286,0.47,3
Thiouracil,hNP1_Pro_MeanAvgInten,0.3,uM,measured,3,126.52,,,0.5627,,,add one concentration,inactive,30.0,0.114286,0.47,3
Thiouracil,hNP1_Pro_MeanAvgInten,1.0,uM,forecast,,138.848754,59.474804,218.222704,1.0326,-2.0076,4.0727,add one concentration,inactive,30.0,0.114286,0.47,3
Thiouracil,hNP1_Pro_MeanAvgInten,3.0,uM,forecast,,114.415856,37.868176,190.963537,0.0967,-2.8352,3.0286,add one concentration,inactive,30.0,0.114286,0.47,3
Thiouracil,hNP1_Pro_MeanAvgInten,10.0,uM,forecast,,112.272303,30.152868,194.391739,0.0146,-3.1307,3.1599,add one concentration,inactive,30.0,0.114286,0.47,3
Thiouracil,hNP1_Pro_MeanAvgInten,30.0,uM,forecast,,124.202366,39.567787,208.836945,0.4716,-2.7701,3.7132,add one concentration,inactive,30.0,0.114286,0.47,3
Thiouracil,hNP1_Pro_MeanAvgInten,100.0,uM,measured,3,92.456667,,,-0.742,,,add one concentration,inactive,30.0,0.114286,0.47,3
Valproate,hNP1_Pro_MeanAvgInten,0.03,uM,measured,3,183.53,,,0.1454,,,add one concentration,active,100.0,0.035714,0.47,3
Valproate,hNP1_Pro_MeanAvgInten,0.1,uM,forecast,,188.913817,132.344105,245.483529,0.7294,-1.4373,2.8961,add one concentration,active,100.0,0.035714,0.47,3
Valproate,hNP1_Pro_MeanAvgInten,0.3,uM,forecast,,172.580409,115.95878,229.202038,0.1038,-2.0649,2.2725,add one concentration,active,100.0,0.035714,0.47,3
Valproate,hNP1_Pro_MeanAvgInten,1.0,uM,forecast,,190.883195,130.131118,251.635272,0.8048,-1.5221,3.1317,add one concentration,active,100.0,0.035714,0.47,3
Valproate,hNP1_Pro_MeanAvgInten,3.0,uM,forecast,,195.463482,129.607111,261.319853,0.9803,-1.5421,3.5027,add one concentration,active,100.0,0.035714,0.47,3
Valproate,hNP1_Pro_MeanAvgInten,10.0,uM,measured,3,220.026667,,,1.5433,,,add one concentration,active,100.0,0.035714,0.47,3
Valproate,hNP1_Pro_MeanAvgInten,30.0,uM,forecast,,187.07823,117.92494,256.23152,0.6591,-1.9896,3.3078,add one concentration,active,100.0,0.035714,0.47,3
Valproate,hNP1_Pro_MeanAvgInten,100.0,uM,forecast,,168.960155,99.048707,238.871603,-0.0348,-2.7126,2.6429,add one concentration,active,100.0,0.035714,0.47,3
Valproate,hNP1_Pro_MeanAvgInten,300.0,uM,forecast,,148.456119,76.343478,220.56876,-0.8202,-3.5822,1.9418,add one concentration,active,100.0,0.035714,0.47,3
Valproate,hNP1_Pro_MeanAvgInten,1000.0,uM,forecast,,121.724346,35.219414,208.229278,-1.8441,-5.1573,1.4692,add one concentration,active,100.0,0.035714,0.47,3
Valproate,hNP1_Pro_MeanAvgInten,3000.0,uM,measured,3,124.916667,,,-2.0996,,,add one concentration,active,100.0,0.035714,0.47,3
trans-Retinoic Acid,hNP1_Pro_MeanAvgInten,0.001,uM,measured,3,142.793333,,,1.1859,,,add one concentration,inactive,0.03,0.228571,0.47,3
trans-Retinoic Acid,hNP1_Pro_MeanAvgInten,0.003,uM,forecast,,146.5073,93.640469,199.37413,1.3259,-0.699,3.3508,add one concentration,inactive,0.03,0.228571,0.47,3
trans-Retinoic Acid,hNP1_Pro_MeanAvgInten,0.01,uM,forecast,,138.298147,83.89306,192.703235,1.0115,-1.0723,3.0953,add one concentration,inactive,0.03,0.228571,0.47,3
trans-Retinoic Acid,hNP1_Pro_MeanAvgInten,0.03,uM,forecast,,145.087521,94.76195,195.413091,1.2715,-0.656,3.1991,add one concentration,inactive,0.03,0.228571,0.47,3
trans-Retinoic Acid,hNP1_Pro_MeanAvgInten,0.1,uM,measured,3,129.3,,,0.6691,,,add one concentration,inactive,0.03,0.228571,0.47,3
trans-Retinoic Acid,hNP1_Pro_MeanAvgInten,0.3,uM,forecast,,129.304431,75.221579,183.387284,0.667,-1.4045,2.7385,add one concentration,inactive,0.03,0.228571,0.47,3
trans-Retinoic Acid,hNP1_Pro_MeanAvgInten,1.0,uM,forecast,,119.000809,60.658161,177.343457,0.2724,-1.9623,2.507,add one concentration,inactive,0.03,0.228571,0.47,3
trans-Retinoic Acid,hNP1_Pro_MeanAvgInten,3.0,uM,forecast,,115.324504,59.008909,171.640099,0.1315,-2.0254,2.2885,add one concentration,inactive,0.03,0.228571,0.47,3
trans-Retinoic Acid,hNP1_Pro_MeanAvgInten,10.0,uM,forecast,,124.429879,59.598576,189.261182,0.4803,-2.0028,2.9634,add one concentration,inactive,0.03,0.228571,0.47,3
trans-Retinoic Acid,hNP1_Pro_MeanAvgInten,30.0,uM,measured,3,128.66,,,0.6446,,,add one concentration,inactive,0.03,0.228571,0.47,3
Aminonicotinimide,hNP1_Pro_ObjectCount,0.001,uM,measured,3,93.113333,,,-0.5302,,,add one concentration,inactive,30.0,0.192857,0.2,3
Aminonicotinimide,hNP1_Pro_ObjectCount,0.003,uM,forecast,,94.740488,53.906182,135.574795,-0.476,-1.6356,0.6837,add one concentration,inactive,30.0,0.192857,0.2,3
Aminonicotinimide,hNP1_Pro_ObjectCount,0.01,uM,forecast,,89.957022,45.310615,134.603429,-0.6118,-1.8798,0.6561,add one concentration,inactive,30.0,0.192857,0.2,3
Aminonicotinimide,hNP1_Pro_ObjectCount,0.03,uM,forecast,,94.283469,50.180496,138.386442,-0.4889,-1.7415,0.7636,add one concentration,inactive,30.0,0.192857,0.2,3
Aminonicotinimide,hNP1_Pro_ObjectCount,0.1,uM,forecast,,93.470012,49.031236,137.908787,-0.512,-1.7741,0.75,add one concentration,inactive,30.0,0.192857,0.2,3
Aminonicotinimide,hNP1_Pro_ObjectCount,0.3,uM,measured,3,92.313333,,,-0.5529,,,add one concentration,inactive,30.0,0.192857,0.2,3
Aminonicotinimide,hNP1_Pro_ObjectCount,1.0,uM,forecast,,84.640027,33.900031,135.380024,-0.7628,-2.2038,0.6782,add one concentration,inactive,30.0,0.192857,0.2,3
Aminonicotinimide,hNP1_Pro_ObjectCount,3.0,uM,forecast,,95.230575,39.702021,150.759129,-0.462,-2.039,1.1149,add one concentration,inactive,30.0,0.192857,0.2,3
Aminonicotinimide,hNP1_Pro_ObjectCount,10.0,uM,forecast,,92.994312,24.461248,161.527375,-0.5256,-2.4719,1.4208,add one concentration,inactive,30.0,0.192857,0.2,3
Aminonicotinimide,hNP1_Pro_ObjectCount,30.0,uM,forecast,,85.370496,18.326002,152.41499,-0.7421,-2.6461,1.162,add one concentration,inactive,30.0,0.192857,0.2,3
Aminonicotinimide,hNP1_Pro_ObjectCount,100.0,uM,measured,3,53.51,,,-1.6549,,,add one concentration,inactive,30.0,0.192857,0.2,3
Amphetamine,hNP1_Pro_ObjectCount,0.001,uM,measured,3,91.85,,,-0.5661,,,add one concentration,inactive,10.0,0.15,0.2,3
Amphetamine,hNP1_Pro_ObjectCount,0.003,uM,forecast,,109.606589,62.592269,156.62091,-0.0538,-1.389,1.2814,add one concentration,inactive,10.0,0.15,0.2,3
Amphetamine,hNP1_Pro_ObjectCount,0.01,uM,forecast,,98.414852,48.75659,148.073113,-0.3716,-1.7819,1.0387,add one concentration,inactive,10.0,0.15,0.2,3
Amphetamine,hNP1_Pro_ObjectCount,0.03,uM,forecast,,104.656832,55.377396,153.936269,-0.1943,-1.5939,1.2052,add one concentration,inactive,10.0,0.15,0.2,3
Amphetamine,hNP1_Pro_ObjectCount,0.1,uM,forecast,,100.973468,48.871724,153.075212,-0.2989,-1.7786,1.1807,add one concentration,inactive,10.0,0.15,0.2,3
Amphetamine,hNP1_Pro_ObjectCount,0.3,uM,measured,3,119.78,,,0.2271,,,add one concentration,inactive,10.0,0.15,0.2,3
Amphetamine,hNP1_Pro_ObjectCount,1.0,uM,forecast,,91.648869,40.026636,143.271101,-0.5638,-2.0298,0.9023,add one concentration,inactive,10.0,0.15,0.2,3
Amphetamine,hNP1_Pro_ObjectCount,3.0,uM,forecast,,109.849841,60.336332,159.36335,-0.0469,-1.453,1.3593,add one concentration,inactive,10.0,0.15,0.2,3
Amphetamine,hNP1_Pro_ObjectCount,10.0,uM,forecast,,114.182424,64.733849,163.631,0.0762,-1.3281,1.4805,add one concentration,inactive,10.0,0.15,0.2,3
Amphetamine,hNP1_Pro_ObjectCount,30.0,uM,forecast,,79.076453,23.65066,134.502245,-0.9208,-2.4949,0.6533,add one concentration,inactive,10.0,0.15,0.2,3
Amphetamine,hNP1_Pro_ObjectCount,100.0,uM,measured,3,50.1,,,-1.7518,,,add one concentration,inactive,10.0,0.15,0.2,3
Caffeine,hNP1_Pro_ObjectCount,0.001,uM,measured,3,108.61,,,0.1854,,,report the call,inactive,,0.428571,0.2,3
Caffeine,hNP1_Pro_ObjectCount,0.003,uM,forecast,,85.638975,47.379221,123.898729,0.1672,-0.9193,1.2538,report the call,inactive,,0.428571,0.2,3
Caffeine,hNP1_Pro_ObjectCount,0.01,uM,forecast,,74.304282,35.736149,112.872415,-0.1547,-1.25,0.9407,report the call,inactive,,0.428571,0.2,3
Caffeine,hNP1_Pro_ObjectCount,0.03,uM,forecast,,73.614328,35.677465,111.551191,-0.1743,-1.2516,0.9031,report the call,inactive,,0.428571,0.2,3
Caffeine,hNP1_Pro_ObjectCount,0.1,uM,forecast,,66.922606,31.633181,102.21203,-0.3643,-1.3665,0.6379,report the call,inactive,,0.428571,0.2,3
Caffeine,hNP1_Pro_ObjectCount,0.3,uM,measured,3,92.573333,,,-0.2701,,,report the call,inactive,,0.428571,0.2,3
Caffeine,hNP1_Pro_ObjectCount,1.0,uM,forecast,,56.841077,20.446486,93.235669,-0.6506,-1.6842,0.383,report the call,inactive,,0.428571,0.2,3
Caffeine,hNP1_Pro_ObjectCount,3.0,uM,forecast,,55.041581,18.375439,91.707724,-0.7017,-1.743,0.3396,report the call,inactive,,0.428571,0.2,3
Caffeine,hNP1_Pro_ObjectCount,10.0,uM,forecast,,51.468095,15.001638,87.934552,-0.8032,-1.8388,0.2324,report the call,inactive,,0.428571,0.2,3
Caffeine,hNP1_Pro_ObjectCount,30.0,uM,forecast,,47.277433,14.215262,80.339605,-0.9222,-1.8612,0.0167,report the call,inactive,,0.428571,0.2,3
Caffeine,hNP1_Pro_ObjectCount,100.0,uM,measured,3,63.51,,,-1.0955,,,report the call,inactive,,0.428571,0.2,3
Chlorpyrifos,hNP1_Pro_ObjectCount,0.001,uM,measured,3,86.553333,,,-0.5262,,,report the call,active,,0.228571,0.2,3
Chlorpyrifos,hNP1_Pro_ObjectCount,0.003,uM,forecast,,110.125288,48.558645,171.69193,0.1953,-1.5532,1.9437,report the call,active,,0.228571,0.2,3
Chlorpyrifos,hNP1_Pro_ObjectCount,0.01,uM,forecast,,99.557403,34.232168,164.882637,-0.1049,-1.9601,1.7503,report the call,active,,0.228571,0.2,3
Chlorpyrifos,hNP1_Pro_ObjectCount,0.03,uM,forecast,,110.877001,46.308263,175.44574,0.2166,-1.6171,2.0503,report the call,active,,0.228571,0.2,3
Chlorpyrifos,hNP1_Pro_ObjectCount,0.1,uM,forecast,,115.012717,47.073661,182.951773,0.3341,-1.5954,2.2635,report the call,active,,0.228571,0.2,3
Chlorpyrifos,hNP1_Pro_ObjectCount,0.3,uM,measured,3,143.11,,,1.0799,,,report the call,active,,0.228571,0.2,3
Chlorpyrifos,hNP1_Pro_ObjectCount,1.0,uM,forecast,,115.098769,45.558099,184.639438,0.3365,-1.6384,2.3114,report the call,active,,0.228571,0.2,3
Chlorpyrifos,hNP1_Pro_ObjectCount,3.0,uM,forecast,,106.617717,42.157424,171.078011,0.0956,-1.735,1.9263,report the call,active,,0.228571,0.2,3
Chlorpyrifos,hNP1_Pro_ObjectCount,10.0,uM,forecast,,85.441664,11.125412,159.757916,-0.5057,-2.6163,1.6048,report the call,active,,0.228571,0.2,3
Chlorpyrifos,hNP1_Pro_ObjectCount,30.0,uM,forecast,,38.060532,-35.001329,111.122393,-1.8514,-3.9263,0.2236,report the call,active,,0.228571,0.2,3
Chlorpyrifos,hNP1_Pro_ObjectCount,100.0,uM,measured,3,7.02,,,-2.785,,,report the call,active,,0.228571,0.2,3
Dexamethasone,hNP1_Pro_ObjectCount,0.001,uM,measured,3,97.223333,,,-0.2232,,,report the call,inactive,,0.428571,0.2,3
Dexamethasone,hNP1_Pro_ObjectCount,0.003,uM,forecast,,129.566754,73.402914,185.730594,0.7474,-0.8476,2.3424,report the call,inactive,,0.428571,0.2,3
Dexamethasone,hNP1_Pro_ObjectCount,0.01,uM,forecast,,124.890318,72.697974,177.082662,0.6146,-0.8677,2.0968,report the call,inactive,,0.428571,0.2,3
Dexamethasone,hNP1_Pro_ObjectCount,0.03,uM,forecast,,124.972428,74.726867,175.217988,0.6169,-0.81,2.0439,report the call,inactive,,0.428571,0.2,3
Dexamethasone,hNP1_Pro_ObjectCount,0.1,uM,forecast,,124.350642,66.648202,182.053082,0.5993,-1.0395,2.238,report the call,inactive,,0.428571,0.2,3
Dexamethasone,hNP1_Pro_ObjectCount,0.3,uM,measured,3,143.61,,,1.0941,,,report the call,inactive,,0.428571,0.2,3
Dexamethasone,hNP1_Pro_ObjectCount,1.0,uM,forecast,,118.789151,61.434325,176.143977,0.4413,-1.1875,2.0702,report the call,inactive,,0.428571,0.2,3
Dexamethasone,hNP1_Pro_ObjectCount,3.0,uM,forecast,,120.877514,63.599736,178.155292,0.5006,-1.1261,2.1273,report the call,inactive,,0.428571,0.2,3
Dexamethasone,hNP1_Pro_ObjectCount,10.0,uM,forecast,,115.12652,55.92064,174.3324,0.3373,-1.3441,2.0187,report the call,inactive,,0.428571,0.2,3
Dexamethasone,hNP1_Pro_ObjectCount,30.0,uM,forecast,,107.651673,47.333615,167.969731,0.125,-1.588,1.838,report the call,inactive,,0.428571,0.2,3
Dexamethasone,hNP1_Pro_ObjectCount,100.0,uM,measured,3,108.233333,,,0.0895,,,report the call,inactive,,0.428571,0.2,3
Dieldrin,hNP1_Pro_ObjectCount,0.001,uM,measured,3,52.96,,,-0.419,,,report the call,inactive,,0.214286,0.2,3
Dieldrin,hNP1_Pro_ObjectCount,0.003,uM,forecast,,54.01131,13.927478,94.095143,-0.4552,-1.5936,0.6832,report the call,inactive,,0.214286,0.2,3
Dieldrin,hNP1_Pro_ObjectCount,0.01,uM,forecast,,52.429805,7.750099,97.109512,-0.5001,-1.769,0.7688,report the call,inactive,,0.214286,0.2,3
Dieldrin,hNP1_Pro_ObjectCount,0.03,uM,forecast,,46.829169,3.283203,90.375135,-0.6592,-1.8959,0.5775,report the call,inactive,,0.214286,0.2,3
Dieldrin,hNP1_Pro_ObjectCount,0.1,uM,forecast,,42.478758,1.418631,83.538886,-0.7827,-1.9488,0.3834,report the call,inactive,,0.214286,0.2,3
Dieldrin,hNP1_Pro_ObjectCount,0.3,uM,measured,3,43.036667,,,-0.7008,,,report the call,inactive,,0.214286,0.2,3
Dieldrin,hNP1_Pro_ObjectCount,1.0,uM,forecast,,35.883589,-8.069707,79.836885,-0.97,-2.2183,0.2782,report the call,inactive,,0.214286,0.2,3
Dieldrin,hNP1_Pro_ObjectCount,3.0,uM,forecast,,44.63706,0.16875,89.105371,-0.7214,-1.9843,0.5414,report the call,inactive,,0.214286,0.2,3
Dieldrin,hNP1_Pro_ObjectCount,10.0,uM,forecast,,43.791925,-11.446389,99.03024,-0.7454,-2.3142,0.8233,report the call,inactive,,0.214286,0.2,3
Dieldrin,hNP1_Pro_ObjectCount,30.0,uM,forecast,,38.448537,-13.780945,90.678019,-0.8972,-2.3805,0.5861,report the call,inactive,,0.214286,0.2,3
Dieldrin,hNP1_Pro_ObjectCount,100.0,uM,measured,3,12.383333,,,-1.5714,,,report the call,inactive,,0.214286,0.2,3
Glyphosate,hNP1_Pro_ObjectCount,0.001,uM,measured,3,112.363333,,,-0.1054,,,report the call,inactive,,0.707143,0.2,3
Glyphosate,hNP1_Pro_ObjectCount,0.003,uM,forecast,,123.082159,69.698429,176.465889,0.2224,-1.2936,1.7385,report the call,inactive,,0.707143,0.2,3
Glyphosate,hNP1_Pro_ObjectCount,0.01,uM,forecast,,113.98319,56.762435,171.203945,-0.036,-1.661,1.5891,report the call,inactive,,0.707143,0.2,3
Glyphosate,hNP1_Pro_ObjectCount,0.03,uM,forecast,,113.539101,59.66971,167.408491,-0.0486,-1.5785,1.4813,report the call,inactive,,0.707143,0.2,3
Glyphosate,hNP1_Pro_ObjectCount,0.1,uM,measured,3,118.026667,,,0.0555,,,report the call,inactive,,0.707143,0.2,3
Glyphosate,hNP1_Pro_ObjectCount,0.3,uM,forecast,,103.574097,43.485108,163.663087,-0.3316,-2.0381,1.3749,report the call,inactive,,0.707143,0.2,3
Glyphosate,hNP1_Pro_ObjectCount,1.0,uM,forecast,,94.724236,33.200292,156.24818,-0.5829,-2.3302,1.1643,report the call,inactive,,0.707143,0.2,3
Glyphosate,hNP1_Pro_ObjectCount,3.0,uM,forecast,,110.049214,46.426082,173.672345,-0.1477,-1.9546,1.6592,report the call,inactive,,0.707143,0.2,3
Glyphosate,hNP1_Pro_ObjectCount,10.0,uM,forecast,,120.993662,60.120238,181.867086,0.1631,-1.5657,1.8919,report the call,inactive,,0.707143,0.2,3
Glyphosate,hNP1_Pro_ObjectCount,30.0,uM,measured,3,108.86,,,-0.2049,,,report the call,inactive,,0.707143,0.2,3
Isoniazid,hNP1_Pro_ObjectCount,0.001,uM,measured,3,139.833333,,,-0.2225,,,add one concentration,inactive,10.0,0.185714,0.2,3
Isoniazid,hNP1_Pro_ObjectCount,0.003,uM,forecast,,141.751986,84.124765,199.379208,-0.2933,-1.9299,1.3433,add one concentration,inactive,10.0,0.185714,0.2,3
Isoniazid,hNP1_Pro_ObjectCount,0.01,uM,forecast,,135.846447,74.829956,196.862938,-0.461,-2.1939,1.2718,add one concentration,inactive,10.0,0.185714,0.2,3
Isoniazid,hNP1_Pro_ObjectCount,0.03,uM,forecast,,124.468779,62.811527,186.126032,-0.7841,-2.5352,0.9669,add one concentration,inactive,10.0,0.185714,0.2,3
Isoniazid,hNP1_Pro_ObjectCount,0.1,uM,forecast,,113.672653,43.321046,184.024259,-1.0908,-3.0887,0.9072,add one concentration,inactive,10.0,0.185714,0.2,3
Isoniazid,hNP1_Pro_ObjectCount,0.3,uM,measured,3,100.776667,,,-1.3317,,,add one concentration,inactive,10.0,0.185714,0.2,3
Isoniazid,hNP1_Pro_ObjectCount,1.0,uM,forecast,,93.673136,18.913555,168.432717,-1.6587,-3.7819,0.4644,add one concentration,inactive,10.0,0.185714,0.2,3
Isoniazid,hNP1_Pro_ObjectCount,3.0,uM,forecast,,103.28807,28.510468,178.065671,-1.3857,-3.5093,0.738,add one concentration,inactive,10.0,0.185714,0.2,3
Isoniazid,hNP1_Pro_ObjectCount,10.0,uM,forecast,,102.79231,25.183336,180.401285,-1.3998,-3.6038,0.8043,add one concentration,inactive,10.0,0.185714,0.2,3
Isoniazid,hNP1_Pro_ObjectCount,30.0,uM,forecast,,108.968507,31.29622,186.640794,-1.2243,-3.4302,0.9815,add one concentration,inactive,10.0,0.185714,0.2,3
Isoniazid,hNP1_Pro_ObjectCount,100.0,uM,measured,3,95.973333,,,-1.4681,,,add one concentration,inactive,10.0,0.185714,0.2,3
Sorbitol,hNP1_Pro_ObjectCount,0.001,uM,measured,3,143.5,,,0.7789,,,report the call,inactive,,0.4,0.2,3
Sorbitol,hNP1_Pro_ObjectCount,0.003,uM,forecast,,132.919135,77.235964,188.602305,0.5018,-1.0796,2.0832,report the call,inactive,,0.4,0.2,3
Sorbitol,hNP1_Pro_ObjectCount,0.01,uM,forecast,,125.264598,64.312579,186.216618,0.2844,-1.4466,2.0154,report the call,inactive,,0.4,0.2,3
Sorbitol,hNP1_Pro_ObjectCount,0.03,uM,forecast,,125.063834,63.044921,187.082747,0.2787,-1.4826,2.04,report the call,inactive,,0.4,0.2,3
Sorbitol,hNP1_Pro_ObjectCount,0.1,uM,forecast,,120.474961,56.026873,184.923049,0.1484,-1.6819,1.9787,report the call,inactive,,0.4,0.2,3
Sorbitol,hNP1_Pro_ObjectCount,0.3,uM,measured,3,116.666667,,,0.0169,,,report the call,inactive,,0.4,0.2,3
Sorbitol,hNP1_Pro_ObjectCount,1.0,uM,forecast,,107.971487,46.700721,169.242254,-0.2067,-1.9468,1.5334,report the call,inactive,,0.4,0.2,3
Sorbitol,hNP1_Pro_ObjectCount,3.0,uM,forecast,,111.308265,52.492035,170.124495,-0.1119,-1.7823,1.5584,report the call,inactive,,0.4,0.2,3
Sorbitol,hNP1_Pro_ObjectCount,10.0,uM,forecast,,103.155924,44.357091,161.954758,-0.3435,-2.0133,1.3264,report the call,inactive,,0.4,0.2,3
Sorbitol,hNP1_Pro_ObjectCount,30.0,uM,forecast,,99.209464,36.151167,162.267761,-0.4555,-2.2464,1.3353,report the call,inactive,,0.4,0.2,3
Sorbitol,hNP1_Pro_ObjectCount,100.0,uM,measured,3,74.293333,,,-1.1865,,,report the call,inactive,,0.4,0.2,3
Thiouracil,hNP1_Pro_ObjectCount,0.001,uM,measured,3,132.0,,,-0.0434,,,report the call,inactive,,0.678571,0.2,3
Thiouracil,hNP1_Pro_ObjectCount,0.003,uM,forecast,,139.187586,77.28859,201.086581,0.2112,-1.5467,1.9691,report the call,inactive,,0.678571,0.2,3
Thiouracil,hNP1_Pro_ObjectCount,0.01,uM,forecast,,133.689709,72.140309,195.239108,0.0551,-1.6929,1.8031,report the call,inactive,,0.678571,0.2,3
Thiouracil,hNP1_Pro_ObjectCount,0.03,uM,forecast,,122.19356,62.967751,181.419369,-0.2714,-1.9534,1.4106,report the call,inactive,,0.678571,0.2,3
Thiouracil,hNP1_Pro_ObjectCount,0.1,uM,forecast,,119.769817,58.218409,181.321224,-0.3402,-2.0883,1.4078,report the call,inactive,,0.678571,0.2,3
Thiouracil,hNP1_Pro_ObjectCount,0.3,uM,measured,3,123.276667,,,-0.2911,,,report the call,inactive,,0.678571,0.2,3
Thiouracil,hNP1_Pro_ObjectCount,1.0,uM,forecast,,115.756309,51.731048,179.781569,-0.4542,-2.2725,1.3641,report the call,inactive,,0.678571,0.2,3
Thiouracil,hNP1_Pro_ObjectCount,3.0,uM,forecast,,122.506388,59.65464,185.358136,-0.2625,-2.0475,1.5225,report the call,inactive,,0.678571,0.2,3
Thiouracil,hNP1_Pro_ObjectCount,10.0,uM,forecast,,122.680472,59.846354,185.51459,-0.2576,-2.042,1.5269,report the call,inactive,,0.678571,0.2,3
Thiouracil,hNP1_Pro_ObjectCount,30.0,uM,forecast,,125.127298,62.226325,188.028271,-0.1881,-1.9744,1.5983,report the call,inactive,,0.678571,0.2,3
Thiouracil,hNP1_Pro_ObjectCount,100.0,uM,measured,3,110.633333,,,-0.6502,,,report the call,inactive,,0.678571,0.2,3
Valproate,hNP1_Pro_ObjectCount,0.03,uM,measured,3,168.61,,,0.5435,,,add one concentration,inactive,30.0,0.085714,0.2,3
Valproate,hNP1_Pro_ObjectCount,0.1,uM,forecast,,149.441389,89.189692,209.693086,0.3604,-1.3507,2.0716,add one concentration,inactive,30.0,0.085714,0.2,3
Valproate,hNP1_Pro_ObjectCount,0.3,uM,forecast,,147.070697,85.335164,208.80623,0.2931,-1.4602,2.0464,add one concentration,inactive,30.0,0.085714,0.2,3
Valproate,hNP1_Pro_ObjectCount,1.0,uM,forecast,,148.109176,83.925505,212.292848,0.3226,-1.5002,2.1454,add one concentration,inactive,30.0,0.085714,0.2,3
Valproate,hNP1_Pro_ObjectCount,3.0,uM,forecast,,166.672006,100.873776,232.470236,0.8498,-1.0189,2.7184,add one concentration,inactive,30.0,0.085714,0.2,3
Valproate,hNP1_Pro_ObjectCount,10.0,uM,measured,3,181.776667,,,0.9174,,,add one concentration,inactive,30.0,0.085714,0.2,3
Valproate,hNP1_Pro_ObjectCount,30.0,uM,forecast,,151.304326,79.714435,222.894216,0.4133,-1.6198,2.4465,add one concentration,inactive,30.0,0.085714,0.2,3
Valproate,hNP1_Pro_ObjectCount,100.0,uM,forecast,,117.734747,53.895679,181.573816,-0.54,-2.353,1.273,add one concentration,inactive,30.0,0.085714,0.2,3
Valproate,hNP1_Pro_ObjectCount,300.0,uM,forecast,,84.433487,19.354539,149.512434,-1.4858,-3.334,0.3624,add one concentration,inactive,30.0,0.085714,0.2,3
Valproate,hNP1_Pro_ObjectCount,1000.0,uM,forecast,,64.864668,-6.078592,135.807928,-2.0415,-4.0563,-0.0268,add one concentration,inactive,30.0,0.085714,0.2,3
Valproate,hNP1_Pro_ObjectCount,3000.0,uM,measured,3,91.193333,,,-1.6551,,,add one concentration,inactive,30.0,0.085714,0.2,3
trans-Retinoic Acid,hNP1_Pro_ObjectCount,0.001,uM,measured,3,145.833333,,,0.3495,,,report the call,inactive,,0.671429,0.2,3
trans-Retinoic Acid,hNP1_Pro_ObjectCount,0.003,uM,forecast,,138.476619,68.342065,208.611172,0.191,-1.8008,2.1828,report the call,inactive,,0.671429,0.2,3
trans-Retinoic Acid,hNP1_Pro_ObjectCount,0.01,uM,forecast,,133.595802,65.924069,201.267535,0.0524,-1.8694,1.9743,report the call,inactive,,0.671429,0.2,3
trans-Retinoic Acid,hNP1_Pro_ObjectCount,0.03,uM,forecast,,127.826705,62.282194,193.371216,-0.1114,-1.9729,1.75,report the call,inactive,,0.671429,0.2,3
trans-Retinoic Acid,hNP1_Pro_ObjectCount,0.1,uM,measured,3,132.0,,,-0.0434,,,report the call,inactive,,0.671429,0.2,3
trans-Retinoic Acid,hNP1_Pro_ObjectCount,0.3,uM,forecast,,115.539178,39.994575,191.083781,-0.4604,-2.6058,1.6851,report the call,inactive,,0.671429,0.2,3
trans-Retinoic Acid,hNP1_Pro_ObjectCount,1.0,uM,forecast,,107.904272,35.337478,180.471066,-0.6772,-2.7381,1.3837,report the call,inactive,,0.671429,0.2,3
trans-Retinoic Acid,hNP1_Pro_ObjectCount,3.0,uM,forecast,,112.726854,38.281676,187.172033,-0.5402,-2.6545,1.574,report the call,inactive,,0.671429,0.2,3
trans-Retinoic Acid,hNP1_Pro_ObjectCount,10.0,uM,forecast,,111.059645,37.451776,184.667514,-0.5876,-2.678,1.5028,report the call,inactive,,0.671429,0.2,3
trans-Retinoic Acid,hNP1_Pro_ObjectCount,30.0,uM,measured,3,116.776667,,,-0.4757,,,report the call,inactive,,0.671429,0.2,3
Aminonicotinimide,hNP1_Pro_ResponderAvgInten,0.001,uM,measured,3,45.623333,,,0.5825,,,add one concentration,inactive,10.0,0.192857,0.35,3
Aminonicotinimide,hNP1_Pro_ResponderAvgInten,0.003,uM,forecast,,41.415934,29.643269,53.188598,0.2158,-1.3965,1.8281,add one concentration,inactive,10.0,0.192857,0.35,3
Aminonicotinimide,hNP1_Pro_ResponderAvgInten,0.01,uM,forecast,,41.724494,31.927809,51.521178,0.2581,-1.0836,1.5998,add one concentration,inactive,10.0,0.192857,0.35,3
Aminonicotinimide,hNP1_Pro_ResponderAvgInten,0.03,uM,forecast,,40.698035,30.434549,50.961522,0.1175,-1.2881,1.5231,add one concentration,inactive,10.0,0.192857,0.35,3
Aminonicotinimide,hNP1_Pro_ResponderAvgInten,0.1,uM,forecast,,38.796541,27.175517,50.417565,-0.1429,-1.7344,1.4486,add one concentration,inactive,10.0,0.192857,0.35,3
Aminonicotinimide,hNP1_Pro_ResponderAvgInten,0.3,uM,measured,3,40.096667,,,-0.1744,,,add one concentration,inactive,10.0,0.192857,0.35,3
Aminonicotinimide,hNP1_Pro_ResponderAvgInten,1.0,uM,forecast,,39.69554,26.22398,53.1671,-0.0198,-1.8647,1.8252,add one concentration,inactive,10.0,0.192857,0.35,3
Aminonicotinimide,hNP1_Pro_ResponderAvgInten,3.0,uM,forecast,,36.21205,24.538916,47.885183,-0.4969,-2.0955,1.1018,add one concentration,inactive,10.0,0.192857,0.35,3
Aminonicotinimide,hNP1_Pro_ResponderAvgInten,10.0,uM,forecast,,34.537859,17.181656,51.894062,-0.7261,-3.1031,1.6508,add one concentration,inactive,10.0,0.192857,0.35,3
Aminonicotinimide,hNP1_Pro_ResponderAvgInten,30.0,uM,forecast,,31.424012,12.327815,50.520208,-1.1526,-3.7679,1.4627,add one concentration,inactive,10.0,0.192857,0.35,3
Aminonicotinimide,hNP1_Pro_ResponderAvgInten,100.0,uM,measured,3,30.14,,,-1.538,,,add one concentration,inactive,10.0,0.192857,0.35,3
Amphetamine,hNP1_Pro_ResponderAvgInten,0.001,uM,measured,3,45.946667,,,0.6268,,,report the call,inactive,,0.635714,0.35,3
Amphetamine,hNP1_Pro_ResponderAvgInten,0.003,uM,forecast,,41.939848,28.76066,55.119036,0.2876,-1.5173,2.0925,report the call,inactive,,0.635714,0.35,3
Amphetamine,hNP1_Pro_ResponderAvgInten,0.01,uM,forecast,,41.381893,29.011035,53.752752,0.2112,-1.4831,1.9054,report the call,inactive,,0.635714,0.35,3
Amphetamine,hNP1_Pro_ResponderAvgInten,0.03,uM,forecast,,40.30677,28.931288,51.682252,0.0639,-1.494,1.6218,report the call,inactive,,0.635714,0.35,3
Amphetamine,hNP1_Pro_ResponderAvgInten,0.1,uM,forecast,,41.255431,29.66029,52.850572,0.1938,-1.3941,1.7818,report the call,inactive,,0.635714,0.35,3
Amphetamine,hNP1_Pro_ResponderAvgInten,0.3,uM,measured,3,41.59,,,0.0301,,,report the call,inactive,,0.635714,0.35,3
Amphetamine,hNP1_Pro_ResponderAvgInten,1.0,uM,forecast,,39.038198,27.637345,50.439052,-0.1098,-1.6712,1.4516,report the call,inactive,,0.635714,0.35,3
Amphetamine,hNP1_Pro_ResponderAvgInten,3.0,uM,forecast,,39.744343,29.221088,50.267599,-0.0131,-1.4543,1.4281,report the call,inactive,,0.635714,0.35,3
Amphetamine,hNP1_Pro_ResponderAvgInten,10.0,uM,forecast,,38.587237,23.427024,53.74745,-0.1716,-2.2478,1.9047,report the call,inactive,,0.635714,0.35,3
Amphetamine,hNP1_Pro_ResponderAvgInten,30.0,uM,forecast,,37.919542,22.543241,53.295843,-0.263,-2.3688,1.8428,report the call,inactive,,0.635714,0.35,3
Amphetamine,hNP1_Pro_ResponderAvgInten,100.0,uM,measured,3,43.31,,,0.2657,,,report the call,inactive,,0.635714,0.35,3
Caffeine,hNP1_Pro_ResponderAvgInten,0.001,uM,measured,3,38.063333,,,0.2164,,,report the call,inactive,,0.65,0.35,3
Caffeine,hNP1_Pro_ResponderAvgInten,0.003,uM,forecast,,39.01454,26.711912,51.317168,0.1431,-1.5418,1.8279,report the call,inactive,,0.65,0.35,3
Caffeine,hNP1_Pro_ResponderAvgInten,0.01,uM,forecast,,37.441443,25.974329,48.908557,-0.0724,-1.6428,1.4981,report the call,inactive,,0.65,0.35,3
Caffeine,hNP1_Pro_ResponderAvgInten,0.03,uM,forecast,,37.313075,26.233699,48.392451,-0.09,-1.6073,1.4274,report the call,inactive,,0.65,0.35,3
Caffeine,hNP1_Pro_ResponderAvgInten,0.1,uM,forecast,,39.02589,27.270302,50.781478,0.1446,-1.4653,1.7546,report the call,inactive,,0.65,0.35,3
Caffeine,hNP1_Pro_ResponderAvgInten,0.3,uM,measured,3,39.45,,,0.4063,,,report the call,inactive,,0.65,0.35,3
Caffeine,hNP1_Pro_ResponderAvgInten,1.0,uM,forecast,,36.931483,25.274245,48.588721,-0.1422,-1.7387,1.4543,report the call,inactive,,0.65,0.35,3
Caffeine,hNP1_Pro_ResponderAvgInten,3.0,uM,forecast,,36.799124,25.736604,47.861643,-0.1604,-1.6754,1.3547,report the call,inactive,,0.65,0.35,3
Caffeine,hNP1_Pro_ResponderAvgInten,10.0,uM,forecast,,35.503639,19.825092,51.182186,-0.3378,-2.485,1.8094,report the call,inactive,,0.65,0.35,3
Caffeine,hNP1_Pro_ResponderAvgInten,30.0,uM,forecast,,36.684583,21.640755,51.728411,-0.176,-2.2363,1.8842,report the call,inactive,,0.65,0.35,3
Caffeine,hNP1_Pro_ResponderAvgInten,100.0,uM,measured,3,33.466667,,,-0.4131,,,report the call,inactive,,0.65,0.35,3
Chlorpyrifos,hNP1_Pro_ResponderAvgInten,0.001,uM,measured,3,40.033333,,,0.0178,,,add one concentration,active,10.0,0.3,0.35,3
Chlorpyrifos,hNP1_Pro_ResponderAvgInten,0.003,uM,forecast,,41.066687,28.785197,53.348176,0.1324,-1.5496,1.8144,add one concentration,active,10.0,0.3,0.35,3
Chlorpyrifos,hNP1_Pro_ResponderAvgInten,0.01,uM,forecast,,38.600473,27.342255,49.85869,-0.2054,-1.7472,1.3365,add one concentration,active,10.0,0.3,0.35,3
Chlorpyrifos,hNP1_Pro_ResponderAvgInten,0.03,uM,forecast,,40.30529,30.357542,50.253038,0.0281,-1.3343,1.3905,add one concentration,active,10.0,0.3,0.35,3
Chlorpyrifos,hNP1_Pro_ResponderAvgInten,0.1,uM,forecast,,39.769386,28.419936,51.118835,-0.0453,-1.5996,1.5091,add one concentration,active,10.0,0.3,0.35,3
Chlorpyrifos,hNP1_Pro_ResponderAvgInten,0.3,uM,measured,3,36.65,,,-0.4456,,,add one concentration,active,10.0,0.3,0.35,3
Chlorpyrifos,hNP1_Pro_ResponderAvgInten,1.0,uM,forecast,,38.727353,22.767604,54.687103,-0.188,-2.3737,1.9977,add one concentration,active,10.0,0.3,0.35,3
Chlorpyrifos,hNP1_Pro_ResponderAvgInten,3.0,uM,forecast,,38.846931,18.933594,58.760268,-0.1716,-2.8988,2.5556,add one concentration,active,10.0,0.3,0.35,3
Chlorpyrifos,hNP1_Pro_ResponderAvgInten,10.0,uM,forecast,,37.661556,16.138495,59.184616,-0.334,-3.2816,2.6137,add one concentration,active,10.0,0.3,0.35,3
Chlorpyrifos,hNP1_Pro_ResponderAvgInten,30.0,uM,forecast,,20.240745,-2.186405,42.667895,-2.7198,-5.7912,0.3517,add one concentration,active,10.0,0.3,0.35,3
Chlorpyrifos,hNP1_Pro_ResponderAvgInten,100.0,uM,measured,3,3.226667,,,-5.023,,,add one concentration,active,10.0,0.3,0.35,3
Dexamethasone,hNP1_Pro_ResponderAvgInten,0.001,uM,measured,3,31.623333,,,-1.134,,,add one concentration,inactive,1.0,0.214286,0.35,3
Dexamethasone,hNP1_Pro_ResponderAvgInten,0.003,uM,forecast,,35.744613,24.409062,47.080164,-0.5965,-2.1489,0.956,add one concentration,inactive,1.0,0.214286,0.35,3
Dexamethasone,hNP1_Pro_ResponderAvgInten,0.01,uM,forecast,,29.136962,18.81333,39.460593,-1.5014,-2.9153,-0.0876,add one concentration,inactive,1.0,0.214286,0.35,3
Dexamethasone,hNP1_Pro_ResponderAvgInten,0.03,uM,forecast,,34.231595,24.132109,44.33108,-0.8037,-2.1868,0.5795,add one concentration,inactive,1.0,0.214286,0.35,3
Dexamethasone,hNP1_Pro_ResponderAvgInten,0.1,uM,forecast,,30.934474,20.229617,41.639331,-1.2552,-2.7213,0.2108,add one concentration,inactive,1.0,0.214286,0.35,3
Dexamethasone,hNP1_Pro_ResponderAvgInten,0.3,uM,measured,3,31.823333,,,-1.1066,,,add one concentration,inactive,1.0,0.214286,0.35,3
Dexamethasone,hNP1_Pro_ResponderAvgInten,1.0,uM,forecast,,39.977989,28.428145,51.527834,-0.0167,-1.5985,1.5651,add one concentration,inactive,1.0,0.214286,0.35,3
Dexamethasone,hNP1_Pro_ResponderAvgInten,3.0,uM,forecast,,38.463443,28.110554,48.816333,-0.2241,-1.642,1.1937,add one concentration,inactive,1.0,0.214286,0.35,3
Dexamethasone,hNP1_Pro_ResponderAvgInten,10.0,uM,forecast,,37.733292,23.398367,52.068217,-0.3241,-2.2873,1.6391,add one concentration,inactive,1.0,0.214286,0.35,3
Dexamethasone,hNP1_Pro_ResponderAvgInten,30.0,uM,forecast,,37.218519,24.307009,50.130029,-0.3946,-2.1629,1.3736,add one concentration,inactive,1.0,0.214286,0.35,3
Dexamethasone,hNP1_Pro_ResponderAvgInten,100.0,uM,measured,3,33.913333,,,-0.8203,,,add one concentration,inactive,1.0,0.214286,0.35,3
Dieldrin,hNP1_Pro_ResponderAvgInten,0.001,uM,measured,3,49.006667,,,1.0066,,,add one concentration,active,10.0,0.342857,0.35,3
Dieldrin,hNP1_Pro_ResponderAvgInten,0.003,uM,forecast,,48.650421,35.821105,61.479736,1.0669,-0.6901,2.8239,add one concentration,active,10.0,0.342857,0.35,3
Dieldrin,hNP1_Pro_ResponderAvgInten,0.01,uM,forecast,,50.721737,38.689461,62.754013,1.3506,-0.2973,2.9984,add one concentration,active,10.0,0.342857,0.35,3
Dieldrin,hNP1_Pro_ResponderAvgInten,0.03,uM,forecast,,51.499668,39.347724,63.651612,1.4571,-0.2071,3.1214,add one concentration,active,10.0,0.342857,0.35,3
Dieldrin,hNP1_Pro_ResponderAvgInten,0.1,uM,forecast,,44.877797,32.031358,57.724237,0.5502,-1.2091,2.3096,add one concentration,active,10.0,0.342857,0.35,3
Dieldrin,hNP1_Pro_ResponderAvgInten,0.3,uM,measured,3,51.57,,,1.3577,,,add one concentration,active,10.0,0.342857,0.35,3
Dieldrin,hNP1_Pro_ResponderAvgInten,1.0,uM,forecast,,43.460629,30.334706,56.586551,0.3562,-1.4415,2.1538,add one concentration,active,10.0,0.342857,0.35,3
Dieldrin,hNP1_Pro_ResponderAvgInten,3.0,uM,forecast,,43.892947,27.373668,60.412226,0.4154,-1.847,2.6777,add one concentration,active,10.0,0.342857,0.35,3
Dieldrin,hNP1_Pro_ResponderAvgInten,10.0,uM,forecast,,39.903193,18.292895,61.513491,-0.131,-3.0906,2.8285,add one concentration,active,10.0,0.342857,0.35,3
Dieldrin,hNP1_Pro_ResponderAvgInten,30.0,uM,forecast,,29.561043,6.891858,52.230227,-1.5474,-4.652,1.5572,add one concentration,active,10.0,0.342857,0.35,3
Dieldrin,hNP1_Pro_ResponderAvgInten,100.0,uM,measured,3,0.0,,,-5.705,,,add one concentration,active,10.0,0.342857,0.35,3
Glyphosate,hNP1_Pro_ResponderAvgInten,0.001,uM,measured,3,33.08,,,-1.0796,,,report the call,inactive,,0.428571,0.35,3
Glyphosate,hNP1_Pro_ResponderAvgInten,0.003,uM,forecast,,36.219145,27.643793,44.794498,-0.4274,-1.6018,0.747,report the call,inactive,,0.428571,0.35,3
Glyphosate,hNP1_Pro_ResponderAvgInten,0.01,uM,forecast,,33.13591,25.253558,41.018263,-0.8497,-1.9292,0.2298,report the call,inactive,,0.428571,0.35,3
Glyphosate,hNP1_Pro_ResponderAvgInten,0.03,uM,forecast,,35.896876,25.998815,45.794936,-0.4715,-1.8271,0.884,report the call,inactive,,0.428571,0.35,3
Glyphosate,hNP1_Pro_ResponderAvgInten,0.1,uM,measured,3,38.213333,,,-0.3766,,,report the call,inactive,,0.428571,0.35,3
Glyphosate,hNP1_Pro_ResponderAvgInten,0.3,uM,forecast,,35.069003,24.69474,45.443267,-0.5849,-2.0057,0.8359,report the call,inactive,,0.428571,0.35,3
Glyphosate,hNP1_Pro_ResponderAvgInten,1.0,uM,forecast,,40.348489,29.924988,50.771991,0.1381,-1.2894,1.5656,report the call,inactive,,0.428571,0.35,3
Glyphosate,hNP1_Pro_ResponderAvgInten,3.0,uM,forecast,,37.697686,27.901941,47.493431,-0.2249,-1.5665,1.1166,report the call,inactive,,0.428571,0.35,3
Glyphosate,hNP1_Pro_ResponderAvgInten,10.0,uM,forecast,,36.174848,21.986974,50.362723,-0.4335,-2.3765,1.5096,report the call,inactive,,0.428571,0.35,3
Glyphosate,hNP1_Pro_ResponderAvgInten,30.0,uM,measured,3,36.94,,,-0.551,,,report the call,inactive,,0.428571,0.35,3
Isoniazid,hNP1_Pro_ResponderAvgInten,0.001,uM,measured,3,34.233333,,,-0.2903,,,report the call,inactive,,0.635714,0.35,3
Isoniazid,hNP1_Pro_ResponderAvgInten,0.003,uM,forecast,,37.32844,26.927773,47.729106,0.171,-1.2534,1.5954,report the call,inactive,,0.635714,0.35,3
Isoniazid,hNP1_Pro_ResponderAvgInten,0.01,uM,forecast,,35.949287,25.876647,46.021927,-0.0179,-1.3974,1.3616,report the call,inactive,,0.635714,0.35,3
Isoniazid,hNP1_Pro_ResponderAvgInten,0.03,uM,forecast,,35.864276,25.802107,45.926444,-0.0295,-1.4076,1.3485,report the call,inactive,,0.635714,0.35,3
Isoniazid,hNP1_Pro_ResponderAvgInten,0.1,uM,forecast,,36.656259,27.146717,46.165801,0.0789,-1.2234,1.3813,report the call,inactive,,0.635714,0.35,3
Isoniazid,hNP1_Pro_ResponderAvgInten,0.3,uM,measured,3,40.16,,,0.5213,,,report the call,inactive,,0.635714,0.35,3
Isoniazid,hNP1_Pro_ResponderAvgInten,1.0,uM,forecast,,36.312796,26.836512,45.789079,0.0319,-1.2659,1.3297,report the call,inactive,,0.635714,0.35,3
Isoniazid,hNP1_Pro_ResponderAvgInten,3.0,uM,forecast,,35.301869,26.645048,43.958689,-0.1066,-1.2921,1.079,report the call,inactive,,0.635714,0.35,3
Isoniazid,hNP1_Pro_ResponderAvgInten,10.0,uM,forecast,,32.746032,20.252881,45.239183,-0.4566,-2.1676,1.2544,report the call,inactive,,0.635714,0.35,3
Isoniazid,hNP1_Pro_ResponderAvgInten,30.0,uM,forecast,,32.856766,19.993678,45.719853,-0.4414,-2.2031,1.3202,report the call,inactive,,0.635714,0.35,3
Isoniazid,hNP1_Pro_ResponderAvgInten,100.0,uM,measured,3,34.053333,,,-0.315,,,report the call,inactive,,0.635714,0.35,3
Sorbitol,hNP1_Pro_ResponderAvgInten,0.001,uM,measured,3,38.706667,,,-0.3091,,,add one concentration,inactive,1.0,0.342857,0.35,3
Sorbitol,hNP1_Pro_ResponderAvgInten,0.003,uM,forecast,,39.530726,29.024473,50.036979,0.0261,-1.4127,1.465,add one concentration,inactive,1.0,0.342857,0.35,3
Sorbitol,hNP1_Pro_ResponderAvgInten,0.01,uM,forecast,,38.846862,28.396742,49.296983,-0.0675,-1.4987,1.3636,add one concentration,inactive,1.0,0.342857,0.35,3
Sorbitol,hNP1_Pro_ResponderAvgInten,0.03,uM,forecast,,38.721886,28.213221,49.230551,-0.0847,-1.5238,1.3545,add one concentration,inactive,1.0,0.342857,0.35,3
Sorbitol,hNP1_Pro_ResponderAvgInten,0.1,uM,forecast,,37.364044,27.099031,47.629056,-0.2706,-1.6764,1.1352,add one concentration,inactive,1.0,0.342857,0.35,3
Sorbitol,hNP1_Pro_ResponderAvgInten,0.3,uM,measured,3,35.87,,,-0.6975,,,add one concentration,inactive,1.0,0.342857,0.35,3
Sorbitol,hNP1_Pro_ResponderAvgInten,1.0,uM,forecast,,38.666046,28.033312,49.29878,-0.0923,-1.5485,1.3639,add one concentration,inactive,1.0,0.342857,0.35,3
Sorbitol,hNP1_Pro_ResponderAvgInten,3.0,uM,forecast,,36.935976,25.522934,48.349018,-0.3292,-1.8923,1.2338,add one concentration,inactive,1.0,0.342857,0.35,3
Sorbitol,hNP1_Pro_ResponderAvgInten,10.0,uM,forecast,,35.972255,20.610131,51.334379,-0.4612,-2.5651,1.6427,add one concentration,inactive,1.0,0.342857,0.35,3
Sorbitol,hNP1_Pro_ResponderAvgInten,30.0,uM,forecast,,32.526205,16.830053,48.222357,-0.9332,-3.0828,1.2165,add one concentration,inactive,1.0,0.342857,0.35,3
Sorbitol,hNP1_Pro_ResponderAvgInten,100.0,uM,measured,3,31.653333,,,-1.275,,,add one concentration,inactive,1.0,0.342857,0.35,3
Thiouracil,hNP1_Pro_ResponderAvgInten,0.001,uM,measured,3,60.82,,,1.6462,,,add one concentration,inactive,0.03,0.171429,0.35,3
Thiouracil,hNP1_Pro_ResponderAvgInten,0.003,uM,forecast,,56.325377,43.100322,69.550432,1.0553,-0.7559,2.8665,add one concentration,inactive,0.03,0.171429,0.35,3
Thiouracil,hNP1_Pro_ResponderAvgInten,0.01,uM,forecast,,57.510204,44.681679,70.338729,1.2175,-0.5394,2.9744,add one concentration,inactive,0.03,0.171429,0.35,3
Thiouracil,hNP1_Pro_ResponderAvgInten,0.03,uM,forecast,,57.32796,44.110388,70.545531,1.1926,-0.6176,3.0028,add one concentration,inactive,0.03,0.171429,0.35,3
Thiouracil,hNP1_Pro_ResponderAvgInten,0.1,uM,forecast,,51.398469,37.776236,65.020701,0.3805,-1.4851,2.2461,add one concentration,inactive,0.03,0.171429,0.35,3
Thiouracil,hNP1_Pro_ResponderAvgInten,0.3,uM,measured,3,50.543333,,,0.2388,,,add one concentration,inactive,0.03,0.171429,0.35,3
Thiouracil,hNP1_Pro_ResponderAvgInten,1.0,uM,forecast,,50.567699,35.750801,65.384597,0.2667,-1.7625,2.296,add one concentration,inactive,0.03,0.171429,0.35,3
Thiouracil,hNP1_Pro_ResponderAvgInten,3.0,uM,forecast,,46.064902,32.722997,59.406807,-0.3499,-2.1771,1.4773,add one concentration,inactive,0.03,0.171429,0.35,3
Thiouracil,hNP1_Pro_ResponderAvgInten,10.0,uM,forecast,,44.875698,26.721714,63.029683,-0.5128,-2.999,1.9734,add one concentration,inactive,0.03,0.171429,0.35,3
Thiouracil,hNP1_Pro_ResponderAvgInten,30.0,uM,forecast,,46.54164,28.66683,64.41645,-0.2846,-2.7326,2.1634,add one concentration,inactive,0.03,0.171429,0.35,3
Thiouracil,hNP1_Pro_ResponderAvgInten,100.0,uM,measured,3,40.826667,,,-1.092,,,add one concentration,inactive,0.03,0.171429,0.35,3
Valproate,hNP1_Pro_ResponderAvgInten,0.03,uM,measured,3,23.746667,,,-0.179,,,add one concentration,inactive,30.0,0.021429,0.35,3
Valproate,hNP1_Pro_ResponderAvgInten,0.1,uM,forecast,,26.527832,14.436942,38.618723,0.2106,-1.4453,1.8665,add one concentration,inactive,30.0,0.021429,0.35,3
Valproate,hNP1_Pro_ResponderAvgInten,0.3,uM,forecast,,25.767861,14.551877,36.983846,0.1065,-1.4295,1.6426,add one concentration,inactive,30.0,0.021429,0.35,3
Valproate,hNP1_Pro_ResponderAvgInten,1.0,uM,forecast,,25.341614,14.847549,35.835679,0.0482,-1.389,1.4853,add one concentration,inactive,30.0,0.021429,0.35,3
Valproate,hNP1_Pro_ResponderAvgInten,3.0,uM,forecast,,24.452916,13.234953,35.670878,-0.0736,-1.6099,1.4628,add one concentration,inactive,30.0,0.021429,0.35,3
Valproate,hNP1_Pro_ResponderAvgInten,10.0,uM,measured,3,26.193333,,,0.1561,,,add one concentration,inactive,30.0,0.021429,0.35,3
Valproate,hNP1_Pro_ResponderAvgInten,30.0,uM,forecast,,23.756043,12.847632,34.664454,-0.169,-1.6629,1.3249,add one concentration,inactive,30.0,0.021429,0.35,3
Valproate,hNP1_Pro_ResponderAvgInten,100.0,uM,forecast,,18.324894,4.761866,31.887921,-0.9128,-2.7703,0.9447,add one concentration,inactive,30.0,0.021429,0.35,3
Valproate,hNP1_Pro_ResponderAvgInten,300.0,uM,forecast,,21.55797,5.177268,37.938673,-0.47,-2.7134,1.7734,add one concentration,inactive,30.0,0.021429,0.35,3
Valproate,hNP1_Pro_ResponderAvgInten,1000.0,uM,forecast,,19.946382,-0.540057,40.432821,-0.6907,-3.4964,2.1149,add one concentration,inactive,30.0,0.021429,0.35,3
Valproate,hNP1_Pro_ResponderAvgInten,3000.0,uM,measured,3,10.203333,,,-2.0337,,,add one concentration,inactive,30.0,0.021429,0.35,3
trans-Retinoic Acid,hNP1_Pro_ResponderAvgInten,0.001,uM,measured,3,59.78,,,1.5037,,,add one concentration,inactive,3.0,0.214286,0.35,3
trans-Retinoic Acid,hNP1_Pro_ResponderAvgInten,0.003,uM,forecast,,57.312772,43.44551,71.180035,1.1905,-0.7087,3.0897,add one concentration,inactive,3.0,0.214286,0.35,3
trans-Retinoic Acid,hNP1_Pro_ResponderAvgInten,0.01,uM,forecast,,54.15667,40.000725,68.312614,0.7583,-1.1804,2.697,add one concentration,inactive,3.0,0.214286,0.35,3
trans-Retinoic Acid,hNP1_Pro_ResponderAvgInten,0.03,uM,forecast,,52.840716,39.037404,66.644028,0.578,-1.3124,2.4684,add one concentration,inactive,3.0,0.214286,0.35,3
trans-Retinoic Acid,hNP1_Pro_ResponderAvgInten,0.1,uM,measured,3,48.713333,,,-0.0119,,,add one concentration,inactive,3.0,0.214286,0.35,3
trans-Retinoic Acid,hNP1_Pro_ResponderAvgInten,0.3,uM,forecast,,51.852159,36.373875,67.330444,0.4427,-1.6771,2.5624,add one concentration,inactive,3.0,0.214286,0.35,3
trans-Retinoic Acid,hNP1_Pro_ResponderAvgInten,1.0,uM,forecast,,51.32958,35.515214,67.143946,0.3711,-1.7947,2.5369,add one concentration,inactive,3.0,0.214286,0.35,3
trans-Retinoic Acid,hNP1_Pro_ResponderAvgInten,3.0,uM,forecast,,49.394213,34.04589,64.742535,0.106,-1.996,2.208,add one concentration,inactive,3.0,0.214286,0.35,3
trans-Retinoic Acid,hNP1_Pro_ResponderAvgInten,10.0,uM,forecast,,49.871478,32.042633,67.700322,0.1714,-2.2703,2.6131,add one concentration,inactive,3.0,0.214286,0.35,3
trans-Retinoic Acid,hNP1_Pro_ResponderAvgInten,30.0,uM,measured,3,47.413333,,,-0.1899,,,add one concentration,inactive,3.0,0.214286,0.35,3
