method,coverage,n,rank,endpoint,total_curves,extrapolation_n_gt_21,resolvable_p10,resolvable_median,resolvable_p90,resolvable_mean,p_at_least_one,p_strict_majority,p_all,posthoc_wrong_reports_mean
selected,0.9,5,6,ALBUMIN,6,False,0,0,0,0.0,0.0,0.0,0.0,0.0
selected,0.9,5,6,VIABILITY,6,False,0,0,0,0.0,0.0,0.0,0.0,0.0
selected,0.9,5,6,ALL,12,False,0,0,0,0.0,0.0,0.0,0.0,0.0
selected,0.9,6,7,ALBUMIN,6,False,0,0,0,0.0,0.0,0.0,0.0,0.0
selected,0.9,6,7,VIABILITY,6,False,0,0,0,0.0,0.0,0.0,0.0,0.0
selected,0.9,6,7,ALL,12,False,0,0,0,0.0,0.0,0.0,0.0,0.0
selected,0.9,7,8,ALBUMIN,6,False,0,0,0,0.0,0.0,0.0,0.0,0.0
selected,0.9,7,8,VIABILITY,6,False,0,0,0,0.0,0.0,0.0,0.0,0.0
selected,0.9,7,8,ALL,12,False,0,0,0,0.0,0.0,0.0,0.0,0.0
selected,0.9,8,9,ALBUMIN,6,False,0,0,0,0.0,0.0,0.0,0.0,0.0
selected,0.9,8,9,VIABILITY,6,False,0,0,0,0.0,0.0,0.0,0.0,0.0
selected,0.9,8,9,ALL,12,False,0,0,0,0.0,0.0,0.0,0.0,0.0
selected,0.9,9,9,ALBUMIN,6,False,0,0,0,0.00018199952601384903,0.0001689803597329982,6.44608916217797e-10,0.0,0.00016898164895083064
selected,0.9,9,9,VIABILITY,6,False,0,0,0,0.00033928087852641044,0.0001689803597329982,3.300397651035121e-07,3.300397651035121e-07,9.901192953105363e-07
selected,0.9,9,9,ALL,12,False,0,0,0,0.0005212804045402594,0.0001689803597329982,3.300397651035121e-07,0.0,0.00016997176824614117
selected,0.9,10,10,ALBUMIN,6,False,0,0,0,6.80615542451216e-05,6.43734703744755e-05,6.13913253540759e-11,0.0,6.43735931571262e-05
selected,0.9,10,10,VIABILITY,6,False,0,0,0,0.00012899839961760129,6.43734703744755e-05,6.286471716257373e-08,6.286471716257373e-08,1.8859415148772117e-07
selected,0.9,10,10,ALL,12,False,0,0,0,0.0001970599538627229,6.43734703744755e-05,6.286471716257373e-08,0.0,6.456218730861393e-05
selected,0.9,11,11,ALBUMIN,6,False,0,0,0,2.5570954554988215e-05,2.4523226809323996e-05,5.846792890864371e-12,0.0,2.4523238502909776e-05
selected,0.9,11,11,VIABILITY,6,False,0,0,0,4.9094350546009945e-05,2.4523226809323996e-05,1.1974231840490233e-08,1.1974231840490233e-08,3.59226955214707e-08
selected,0.9,11,11,ALL,12,False,0,0,0,7.466530510099817e-05,2.4523226809323996e-05,1.1974231840490233e-08,0.0,2.455916119843125e-05
selected,0.9,12,12,ALBUMIN,6,False,0,0,0,9.640389795740627e-06,9.342181641647236e-06,5.568374181775591e-13,0.0,9.342182755322072e-06
selected,0.9,12,12,VIABILITY,6,False,0,0,0,1.8693486507553894e-05,9.342181641647236e-06,2.280806064855282e-09,2.280806064855282e-09,6.842418194565846e-09
selected,0.9,12,12,ALL,12,False,0,0,0,2.8333876303294524e-05,9.342181641647236e-06,2.280806064855282e-09,0.0,9.349025173516639e-06
selected,0.9,13,13,ALBUMIN,6,False,0,0,0,3.6439112376623416e-06,3.5589263396751376e-06,5.303213506452944e-14,0.0,3.5589264457394073e-06
selected,0.9,13,13,VIABILITY,6,False,0,0,0,7.119590436352069e-06,3.5589263396751376e-06,4.3443925044862515e-10,4.3443925044862515e-10,1.3033177513458755e-09
selected,0.9,13,13,ALL,12,False,0,0,0,1.0763501674014412e-05,3.5589263396751376e-06,4.3443925044862515e-10,0.0,3.5602297634907534e-06
selected,0.9,14,14,ALBUMIN,6,False,0,0,0,1.3800214667888736e-06,1.3557814627333854e-06,5.050679529955184e-15,0.0,1.3557814728347447e-06
selected,0.9,14,14,VIABILITY,6,False,0,0,0,2.7118939268004466e-06,1.3557814627333854e-06,8.275033341878574e-11,8.275033341878574e-11,2.4825100025635723e-10
selected,0.9,14,14,ALL,12,False,0,0,0,4.09191539358932e-06,1.3557814627333854e-06,8.275033341878574e-11,0.0,1.356029723835001e-06
selected,0.9,15,15,ALBUMIN,6,False,0,0,0,5.234060088156067e-07,5.164881762793851e-07,4.810170980909699e-16,0.0,5.164881772414192e-07
selected,0.9,15,15,VIABILITY,6,False,0,0,0,1.033039400431851e-06,5.164881762793851e-07,1.5761968270244903e-11,1.5761968270244903e-11,4.728590481073471e-11
selected,0.9,15,15,ALL,12,False,0,0,0,1.5564454092474576e-06,5.164881762793851e-07,1.5761968270244903e-11,0.0,5.165354631462299e-07
selected,0.9,16,16,ALBUMIN,6,False,0,0,0,1.9873242274608245e-07,1.9675740048738473e-07,4.581115219913999e-17,0.0,1.9675740057900701e-07
selected,0.9,16,16,VIABILITY,6,False,0,0,0,3.9352681009345153e-07,1.9675740048738473e-07,3.0022796705228383e-12,3.0022796705228383e-12,9.006839011568514e-12
selected,0.9,16,16,ALL,12,False,0,0,0,5.92259232839534e-07,1.9675740048738473e-07,3.0022796705228383e-12,0.0,1.967664074180186e-07
selected,0.9,17,17,ALBUMIN,6,False,0,0,0,7.551920631073495e-08,7.495520018567036e-08,4.36296687610857e-18,0.0,7.49552001943963e-08
selected,0.9,17,17,VIABILITY,6,False,0,0,0,1.4991268782251826e-07,7.495520018567036e-08,5.718627943853025e-13,5.718627943853025e-13,1.7155883831559074e-12
selected,0.9,17,17,ALL,12,False,0,0,0,2.2543189413325323e-07,7.495520018567036e-08,5.718627943853025e-13,0.0,7.495691578277946e-08
selected,0.9,18,18,ALBUMIN,6,False,0,0,0,2.8715452117869427e-08,2.8554361975493472e-08,4.1552065486748284e-19,0.0,2.8554361976324518e-08
selected,0.9,18,18,VIABILITY,6,False,0,0,0,5.710915965597315e-08,2.8554361975493472e-08,1.0892624654958142e-13,1.0892624654958142e-13,3.2677873964874424e-13
selected,0.9,18,18,ALL,12,False,0,0,0,8.582461177384257e-08,2.8554361975493472e-08,1.0892624654958142e-13,0.0,2.8554688755064168e-08
selected,0.9,19,18,ALBUMIN,6,False,0,0,0,3.489639741231881e-07,3.4673153827384935e-07,7.182571319852203e-18,0.0,3.467315382882145e-07
selected,0.9,19,18,VIABILITY,6,False,0,0,0,6.934698610967695e-07,3.4673153827384935e-07,1.6961372677006252e-12,1.6961372677006252e-12,5.088411803101876e-12
selected,0.9,19,18,ALL,12,False,0,0,0,1.0424338352199577e-06,3.4673153827384935e-07,1.6961372677006252e-12,0.0,3.467366267000176e-07
selected,0.9,20,19,ALBUMIN,6,False,0,0,0,1.3949266092946927e-07,1.3882211354979141e-07,7.198589122874305e-19,0.0,1.388221135512311e-07
selected,0.9,20,19,VIABILITY,6,False,0,0,0,2.7764558657817916e-07,1.3882211354979141e-07,3.3986964909801366e-13,3.3986964909801366e-13,1.0196089472940411e-12
selected,0.9,20,19,ALL,12,False,0,0,0,4.1713824750764843e-07,1.3882211354979141e-07,3.3986964909801366e-13,0.0,1.3882313316017843e-07
selected,0.9,21,20,ALBUMIN,6,False,0,0,0,5.565085561500868e-08,5.544991315919172e-08,7.1967944110511e-20,0.0,5.544991315933566e-08
selected,0.9,21,20,VIABILITY,6,False,0,0,0,1.1090009806355138e-07,5.544991315919172e-08,6.793629198470816e-14,6.793629198470816e-14,2.0380887595412449e-13
selected,0.9,21,20,ALL,12,False,0,0,0,1.6655095367856006e-07,5.544991315919172e-08,6.793629198470816e-14,0.0,5.545011696821161e-08
selected,0.9,22,21,ALBUMIN,6,True,0,0,0,2.216112117520541e-08,2.2101033002951865e-08,7.178847292819052e-21,0.0,2.210103300296622e-08
selected,0.9,22,21,VIABILITY,6,True,0,0,0,4.420212020438597e-08,2.2101033002951865e-08,1.3549620562047056e-14,1.3549620562047056e-14,4.064886168614117e-14
selected,0.9,22,21,ALL,12,True,0,0,0,6.63632413795914e-08,2.2101033002951865e-08,1.3549620562047056e-14,0.0,2.2101073651827905e-08
selected,0.9,23,22,ALBUMIN,6,True,0,0,0,8.809662490616657e-09,8.791729357831191e-09,7.146290162239374e-22,0.0,8.791729357832619e-09
selected,0.9,23,22,VIABILITY,6,True,0,0,0,1.758346950346812e-08,8.791729357831191e-09,2.696951434622619e-15,2.696951434622619e-15,8.090854303867859e-15
selected,0.9,23,22,ALL,12,True,0,0,0,2.6393131994084774e-08,8.791729357831191e-09,2.696951434622619e-15,0.0,8.791737448686924e-09
selected,0.9,24,23,ALBUMIN,6,True,0,0,0,3.496396761342132e-09,3.491054313021226e-09,7.100555145472683e-23,0.0,3.491054313021368e-09
selected,0.9,24,23,VIABILITY,6,True,0,0,0,6.98211076929789e-09,3.491054313021226e-09,5.358138594645059e-16,5.358138594645059e-16,1.6074415783935176e-15
selected,0.9,24,23,ALL,12,True,0,0,0,1.0478507530640023e-08,3.491054313021226e-09,5.358138594645059e-16,0.0,3.4910559204629467e-09
selected,0.9,25,24,ALBUMIN,6,True,0,0,0,1.3855425927465164e-09,1.3839536740905574e-09,7.042971104991619e-24,0.0,1.3839536740905717e-09
selected,0.9,25,24,VIABILITY,6,True,0,0,0,2.7679077732650647e-09,1.3839536740905574e-09,1.0627098738339017e-16,1.0627098738339017e-16,3.188129621501705e-16
selected,0.9,25,24,ALL,12,True,0,0,0,4.153450366011581e-09,1.3839536740905574e-09,1.0627098738339017e-16,0.0,1.3839539929035336e-09
selected,0.9,26,25,ALBUMIN,6,True,0,0,0,5.48274466241121e-10,5.478026268958476e-10,6.974770226766184e-25,0.0,5.478026268958491e-10
selected,0.9,26,25,VIABILITY,6,True,0,0,0,1.0956053379686035e-09,5.478026268958476e-10,2.1044227049835503e-17,2.1044227049835503e-17,6.313268114950652e-17
selected,0.9,26,25,ALL,12,True,0,0,0,1.6438798042097246e-09,5.478026268958476e-10,2.1044227049835503e-17,0.0,5.478026900285302e-10
selected,0.9,27,26,ALBUMIN,6,True,0,0,0,2.1666746098936133e-10,2.165275453406103e-10,6.897094214256113e-26,0.0,2.1652754534061043e-10
selected,0.9,27,26,VIABILITY,6,True,0,0,0,4.330551073260673e-10,2.165275453406103e-10,4.1612116694741996e-18,4.1612116694741996e-18,1.2483635008422597e-17
selected,0.9,27,26,ALL,12,True,0,0,0,6.497225683154287e-10,2.165275453406103e-10,4.1612116694741996e-18,0.0,2.1652755782424545e-10
selected,0.9,28,27,ALBUMIN,6,True,0,0,0,8.551510138664177e-11,8.547366692315376e-11,6.811000111720323e-27,0.0,8.547366692315378e-11
selected,0.9,28,27,VIABILITY,6,True,0,0,0,1.7094733713316403e-10,8.547366692315376e-11,8.217141217104251e-19,8.217141217104251e-19,2.465142365131275e-18
selected,0.9,28,27,ALL,12,True,0,0,0,2.5646243851980576e-10,8.547366692315376e-11,8.217141217104251e-19,0.0,8.547366938829614e-11
selected,0.9,29,27,ALBUMIN,6,True,0,0,0,7.848630399014649e-10,7.844276851495886e-10,8.969092281950806e-26,0.0,7.844276851495889e-10
selected,0.9,29,27,VIABILITY,6,True,0,0,0,1.5688554092073409e-09,7.844276851495886e-10,9.727040915747158e-18,9.727040915747158e-18,2.918112274724147e-17
selected,0.9,29,27,ALL,12,True,0,0,0,2.3537184491088055e-09,7.844276851495886e-10,9.727040915747158e-18,0.0,7.844277143307114e-10
selected,0.9,30,28,ALBUMIN,6,True,0,0,0,3.198242026645622e-10,3.196910628015005e-10,9.149763362733733e-27,0.0,3.196910628015005e-10
selected,0.9,30,28,VIABILITY,6,True,0,0,0,6.393821335388464e-10,3.196910628015005e-10,1.9839613576164536e-18,1.9839613576164536e-18,5.951884072849361e-18
selected,0.9,30,28,ALL,12,True,0,0,0,9.592063362034086e-10,3.196910628015005e-10,1.9839613576164536e-18,0.0,3.1969106875338455e-10
selected,0.9,31,29,ALBUMIN,6,True,0,0,0,1.300432714078565e-10,1.3000264551656665e-10,9.312777038792093e-28,0.0,1.3000264551656665e-10
selected,0.9,31,29,VIABILITY,6,True,0,0,0,2.600052926480974e-10,1.3000264551656665e-10,4.037410396305956e-19,4.037410396305956e-19,1.2112231188917869e-18
selected,0.9,31,29,ALL,12,True,0,0,0,3.900485640559539e-10,1.3000264551656665e-10,4.037410396305956e-19,0.0,1.3000264672778975e-10
selected,0.9,32,30,ALBUMIN,6,True,0,0,0,5.276915812798866e-11,5.275678757459026e-11,9.458458261651569e-29,0.0,5.275678757459026e-11
selected,0.9,32,30,VIABILITY,6,True,0,0,0,1.0551357547713438e-10,5.275678757459026e-11,8.198846256943585e-20,8.198846256943585e-20,2.4596538770830756e-19
selected,0.9,32,30,ALL,12,True,0,0,0,1.5828273360512306e-10,5.275678757459026e-11,8.198846256943585e-20,0.0,5.275678782055565e-11
selected,0.9,33,31,ALBUMIN,6,True,0,0,0,2.1371753941593508e-11,2.136799450610463e-11,9.587186170781731e-30,0.0,2.136799450610463e-11
selected,0.9,33,31,VIABILITY,6,True,0,0,0,4.27359890786753e-11,2.136799450610463e-11,1.661651040462877e-20,1.661651040462877e-20,4.984953121388631e-20
selected,0.9,33,31,ALL,12,True,0,0,0,6.41077430202688e-11,2.136799450610463e-11,1.661651040462877e-20,0.0,2.136799455595416e-11
selected,0.9,34,32,ALBUMIN,6,True,0,0,0,8.64003909195949e-12,8.638898699529807e-12,9.699386048547868e-31,0.0,8.638898699529809e-12
selected,0.9,34,32,VIABILITY,6,True,0,0,0,1.7277797412505086e-11,8.638898699529807e-12,3.361368030197847e-21,3.361368030197847e-21,1.0084104090593541e-20
selected,0.9,34,32,ALL,12,True,0,0,0,2.591783650446458e-11,8.638898699529807e-12,3.361368030197847e-21,0.0,8.638898709613913e-12
selected,0.9,35,33,ALBUMIN,6,True,0,0,0,3.486990962091818e-12,3.4866456349638095e-12,9.795522020741774e-32,0.0,3.4866456349638095e-12
selected,0.9,35,33,VIABILITY,6,True,0,0,0,6.973291272642738e-12,3.4866456349638095e-12,6.787796925153975e-22,6.787796925153975e-22,2.0363390775461926e-21
selected,0.9,35,33,ALL,12,True,0,0,0,1.0460282234734556e-11,3.4866456349638095e-12,6.787796925153975e-22,0.0,3.4866456370001484e-12
selected,0.9,36,34,ALBUMIN,6,True,0,0,0,1.4050316235578359e-12,1.4049272250381545e-12,9.876090445057217e-33,0.0,1.4049272250381545e-12
selected,0.9,36,34,VIABILITY,6,True,0,0,0,2.8098544506236796e-12,1.4049272250381545e-12,1.3684265459975113e-22,1.3684265459975113e-22,4.1052796379925338e-22
selected,0.9,36,34,ALL,12,True,0,0,0,4.214886074181516e-12,1.4049272250381545e-12,1.3684265459975113e-22,0.0,1.4049272254486824e-12
selected,0.9,37,35,ALBUMIN,6,True,0,0,0,5.652740008702058e-13,5.652424882614198e-13,9.941613933906073e-34,0.0,5.652424882614197e-13
selected,0.9,37,35,VIABILITY,6,True,0,0,0,1.1304849766330172e-12,5.652424882614198e-13,2.754442846550313e-23,2.754442846550313e-23,8.263328539650938e-23
selected,0.9,37,35,ALL,12,True,0,0,0,1.695758977503223e-12,5.652424882614198e-13,2.754442846550313e-23,0.0,5.65242488344053e-13
selected,0.9,38,36,ALBUMIN,6,True,0,0,0,2.2709323522388708e-13,2.2708373712412238e-13,9.99263596173708e-35,0.0,2.2708373712412236e-13
selected,0.9,38,36,VIABILITY,6,True,0,0,0,4.54167474270389e-13,2.2708373712412238e-13,5.536078169083132e-24,5.536078169083132e-24,1.6608234507249397e-23
selected,0.9,38,36,ALL,12,True,0,0,0,6.81260709494276e-13,2.2708373712412238e-13,5.536078169083132e-24,0.0,2.2708373714073057e-13
selected,0.9,39,36,ALBUMIN,6,True,0,0,0,1.8589230709718648e-12,1.858833901342192e-12,1.1786860828993703e-33,0.0,1.8588339013421917e-12
selected,0.9,39,36,VIABILITY,6,True,0,0,0,3.717667802918926e-12,1.858833901342192e-12,5.863558999536631e-23,5.863558999536631e-23,1.759067699860989e-22
selected,0.9,39,36,ALL,12,True,0,0,0,5.576590873890791e-12,1.858833901342192e-12,5.863558999536631e-23,0.0,1.858833901518099e-12
selected,0.9,40,37,ALBUMIN,6,True,0,0,0,7.645527785013628e-13,7.645252594657879e-13,1.2133032238090253e-34,0.0,7.645252594657879e-13
selected,0.9,40,37,VIABILITY,6,True,0,0,0,1.5290505189798483e-12,7.645252594657879e-13,1.206816097311003e-23,1.206816097311003e-23,3.6204482919330087e-23
selected,0.9,40,37,ALL,12,True,0,0,0,2.2936032974812113e-12,7.645252594657879e-13,1.206816097311003e-23,0.0,7.645252595019924e-13
selected,0.9,41,38,ALBUMIN,6,True,0,0,0,3.1385321410071006e-13,3.138447377148882e-13,1.2464864412463116e-35,0.0,3.138447377148882e-13
selected,0.9,41,38,VIABILITY,6,True,0,0,0,6.276894754396924e-13,3.138447377148882e-13,2.478986399672445e-24,2.478986399672445e-24,7.436959199017334e-24
selected,0.9,41,38,ALL,12,True,0,0,0,9.415426895404025e-13,3.138447377148882e-13,2.478986399672445e-24,0.0,3.1384473772232515e-13
selected,0.9,42,39,ALBUMIN,6,True,0,0,0,1.2860522459526136e-13,1.286026184989795e-13,1.2781882803678415e-36,0.0,1.2860261849897954e-13
selected,0.9,42,39,VIABILITY,6,True,0,0,0,2.572052369999922e-13,1.286026184989795e-13,5.082788432266253e-25,5.082788432266253e-25,1.5248365296798759e-24
selected,0.9,42,39,ALL,12,True,0,0,0,3.858104615952535e-13,1.286026184989795e-13,5.082788432266253e-25,0.0,1.2860261850050437e-13
selected,0.9,43,40,ALBUMIN,6,True,0,0,0,5.2606651494719406e-14,5.2605851641170826e-14,1.3083688220422338e-37,0.0,5.2605851641170826e-14
selected,0.9,43,40,VIABILITY,6,True,0,0,0,1.0521170328275778e-13,5.2605851641170826e-14,1.0403113934030354e-25,1.0403113934030354e-25,3.1209341802091064e-25
selected,0.9,43,40,ALL,12,True,0,0,0,1.5781835477747716e-13,5.2605851641170826e-14,1.0403113934030354e-25,0.0,5.260585164148292e-14
selected,0.9,44,41,ALBUMIN,6,True,0,0,0,2.1483611245104394e-14,2.1483366166068218e-14,1.3369953344614862e-38,0.0,2.148336616606822e-14
selected,0.9,44,41,VIABILITY,6,True,0,0,0,4.296673233222147e-14,2.1483366166068218e-14,2.1256609496913846e-26,2.1256609496913846e-26,6.376982849074154e-26
selected,0.9,44,41,ALL,12,True,0,0,0,6.445034357732587e-14,2.1483366166068218e-14,2.1256609496913846e-26,0.0,2.1483366166131993e-14
selected,0.9,45,42,ALBUMIN,6,True,0,0,0,8.759730469610658e-15,8.759655495642999e-15,1.364041916455104e-39,0.0,8.759655495642997e-15
selected,0.9,45,42,VIABILITY,6,True,0,0,0,1.751931099130334e-14,8.759655495642999e-15,4.336380400007231e-27,4.336380400007231e-27,1.3009141200021692e-26
selected,0.9,45,42,ALL,12,True,0,0,0,2.6279041460914e-14,8.759655495642999e-15,4.336380400007231e-27,0.0,8.759655495656007e-15
selected,0.9,46,43,ALBUMIN,6,True,0,0,0,3.566327102581116e-15,3.566304201591888e-15,1.3894891358165945e-40,0.0,3.566304201591887e-15
selected,0.9,46,43,VIABILITY,6,True,0,0,0,7.132608403187308e-15,3.566304201591888e-15,8.832724210466983e-28,8.832724210466983e-28,2.649817263140095e-27
selected,0.9,46,43,ALL,12,True,0,0,0,1.0698935505768426e-14,3.566304201591888e-15,8.832724210466983e-28,0.0,3.566304201594537e-15
selected,0.9,47,44,ALBUMIN,6,True,0,0,0,1.449862375723378e-15,1.4498553907272044e-15,1.413323665546134e-41,0.0,1.4498553907272044e-15
selected,0.9,47,44,VIABILITY,6,True,0,0,0,2.8997107814551275e-15,1.4498553907272044e-15,1.7964908978563729e-28,1.7964908978563729e-28,5.389472693569118e-28
selected,0.9,47,44,ALL,12,True,0,0,0,4.349573157178506e-15,1.4498553907272044e-15,1.7964908978563729e-28,0.0,1.4498553907277434e-15
selected,0.9,48,45,ALBUMIN,6,True,0,0,0,5.886186081962172e-16,5.886164806783722e-16,1.435537920545083e-42,0.0,5.886164806783723e-16
selected,0.9,48,45,VIABILITY,6,True,0,0,0,1.1772329613568905e-15,5.886164806783722e-16,3.648763277581102e-29,3.648763277581102e-29,1.0946289832743306e-28
selected,0.9,48,45,ALL,12,True,0,0,0,1.7658515695531077e-15,5.886164806783722e-16,3.648763277581102e-29,0.0,5.886164806784817e-16
selected,0.9,49,45,ALBUMIN,6,True,0,0,0,4.525727422630697e-15,4.5257086409016035e-15,1.5947193617592237e-41,0.0,4.5257086409016035e-15
selected,0.9,49,45,VIABILITY,6,True,0,0,0,9.051417281804662e-15,4.5257086409016035e-15,3.6371382022684236e-28,3.6371382022684236e-28,1.0911414606805271e-27
selected,0.9,49,45,ALL,12,True,0,0,0,1.357714470443536e-14,4.5257086409016035e-15,3.6371382022684236e-28,0.0,4.5257086409026945e-15
selected,0.9,50,46,ALBUMIN,6,True,0,0,0,1.8718227169084766e-15,1.871816888454833e-15,1.650525412353189e-42,0.0,1.8718168884548328e-15
selected,0.9,50,46,VIABILITY,6,True,0,0,0,3.743633776909966e-15,1.871816888454833e-15,7.526999573297029e-29,7.526999573297029e-29,2.2580998719891087e-28
selected,0.9,50,46,ALL,12,True,0,0,0,5.615456493818445e-15,1.871816888454833e-15,7.526999573297029e-29,0.0,1.8718168884550584e-15
selected,0.9,51,47,ALBUMIN,6,True,0,0,0,7.728987138429341e-16,7.728969081456109e-16,1.705390557031842e-43,0.0,7.728969081456109e-16
selected,0.9,51,47,VIABILITY,6,True,0,0,0,1.545793816291284e-15,7.728969081456109e-16,1.5550777411257635e-29,1.5550777411257635e-29,4.665233223377291e-29
selected,0.9,51,47,ALL,12,True,0,0,0,2.318692530134218e-15,7.728969081456109e-16,1.5550777411257635e-29,0.0,7.728969081456576e-16
selected,0.9,52,48,ALBUMIN,6,True,0,0,0,3.186326723742506e-16,3.18632113853653e-16,1.7592137386770344e-44,0.0,3.18632113853653e-16
selected,0.9,52,48,VIABILITY,6,True,0,0,0,6.372642277073188e-16,3.18632113853653e-16,3.207595508897577e-30,3.207595508897577e-30,9.622786526692731e-30
selected,0.9,52,48,ALL,12,True,0,0,0,9.558969000815694e-16,3.18632113853653e-16,3.207595508897577e-30,0.0,3.186321138536626e-16
selected,0.9,53,49,ALBUMIN,6,True,0,0,0,1.3115792679429862e-16,1.3115775430459096e-16,1.811899782695903e-45,0.0,1.31157754304591e-16
selected,0.9,53,49,VIABILITY,6,True,0,0,0,2.623155086091846e-16,1.3115775430459096e-16,6.605897195216925e-31,6.605897195216925e-31,1.9817691585650772e-30
selected,0.9,53,49,ALL,12,True,0,0,0,3.9347343540348326e-16,1.3115775430459096e-16,6.605897195216925e-31,0.0,1.3115775430459296e-16
selected,0.9,54,50,ALBUMIN,6,True,0,0,0,5.390889743897796e-17,5.390884424744593e-17,1.863359478738513e-46,0.0,5.390884424744594e-17
selected,0.9,54,50,VIABILITY,6,True,0,0,0,1.0781768849489242e-16,5.390884424744593e-17,1.3584217107884753e-31,1.3584217107884753e-31,4.075265132365425e-31
selected,0.9,54,50,ALL,12,True,0,0,0,1.617265859338704e-16,5.390884424744593e-17,1.3584217107884753e-31,0.0,5.3908844247446346e-17
selected,0.9,55,51,ALBUMIN,6,True,0,0,0,2.2126451917744116e-17,2.2126435538220523e-17,1.9135096292154625e-47,0.0,2.2126435538220523e-17
selected,0.9,55,51,VIABILITY,6,True,0,0,0,4.425287107644116e-17,2.2126435538220523e-17,2.789410397060509e-32,2.789410397060509e-32,8.368231191181527e-32
selected,0.9,55,51,ALL,12,True,0,0,0,6.637932299418527e-17,2.2126435538220523e-17,2.789410397060509e-32,0.0,2.2126435538220607e-17
selected,0.9,56,52,ALBUMIN,6,True,0,0,0,9.069241852364144e-18,9.069236815476193e-18,1.9622730671437645e-48,0.0,9.069236815476193e-18
selected,0.9,56,52,VIABILITY,6,True,0,0,0,1.8138473630952407e-17,9.069236815476193e-18,5.719897841927839e-33,5.719897841927839e-33,1.7159693525783517e-32
selected,0.9,56,52,ALL,12,True,0,0,0,2.7207715483316555e-17,9.069236815476193e-18,5.719897841927839e-33,0.0,9.06923681547621e-18
selected,0.9,57,53,ALBUMIN,6,True,0,0,0,3.712438886324738e-18,3.712437339478518e-18,2.009578645785484e-49,0.0,3.7124373394785175e-18
selected,0.9,57,53,VIABILITY,6,True,0,0,0,7.42487467895704e-18,3.712437339478518e-18,1.1713427386094305e-33,1.1713427386094305e-33,3.514028215828291e-33
selected,0.9,57,53,ALL,12,True,0,0,0,1.1137313565281778e-17,3.712437339478518e-18,1.1713427386094305e-33,0.0,3.7124373394785206e-18
selected,0.9,58,54,ALBUMIN,6,True,0,0,0,1.5177382981403618e-18,1.5177378237058864e-18,2.0553612024698824e-50,0.0,1.5177378237058862e-18
selected,0.9,58,54,VIABILITY,6,True,0,0,0,3.0354756474117736e-18,1.5177378237058864e-18,2.3956325652803114e-34,2.3956325652803114e-34,7.186897695840935e-34
selected,0.9,58,54,ALL,12,True,0,0,0,4.553213945552135e-18,1.5177378237058864e-18,2.3956325652803114e-34,0.0,1.517737823705887e-18
selected,0.9,59,54,ALBUMIN,6,True,0,0,0,1.1216223522119295e-17,1.1216219493405896e-17,2.1985735770323743e-49,0.0,1.1216219493405894e-17
selected,0.9,59,54,VIABILITY,6,True,0,0,0,2.2432438986811798e-17,1.1216219493405896e-17,2.2983522074126466e-33,2.2983522074126466e-33,6.89505662223794e-33
selected,0.9,59,54,ALL,12,True,0,0,0,3.364866250893109e-17,1.1216219493405896e-17,2.2983522074126466e-33,0.0,1.1216219493405902e-17
selected,0.9,60,55,ALBUMIN,6,True,0,0,0,4.6564893191239215e-18,4.656488064252539e-18,2.283839923265385e-50,0.0,4.65648806425254e-18
selected,0.9,60,55,VIABILITY,6,True,0,0,0,9.312976128505082e-18,4.656488064252539e-18,4.773951370975942e-34,4.773951370975942e-34,1.4321854112927823e-33
selected,0.9,60,55,ALL,12,True,0,0,0,1.3969465447629004e-17,4.656488064252539e-18,4.773951370975942e-34,0.0,4.656488064252541e-18
selected,0.9,61,56,ALBUMIN,6,True,0,0,0,1.9303663021743636e-18,1.930365911877117e-18,2.3688970538919204e-51,0.0,1.930365911877117e-18
selected,0.9,61,56,VIABILITY,6,True,0,0,0,3.8607318237542346e-18,1.930365911877117e-18,9.901444716199898e-35,9.901444716199898e-35,2.9704334148599695e-34
selected,0.9,61,56,ALL,12,True,0,0,0,5.791098125928598e-18,1.930365911877117e-18,9.901444716199898e-35,0.0,1.9303659118771173e-18
selected,0.9,62,57,ALBUMIN,6,True,0,0,0,7.991180651051978e-19,7.991179438845954e-19,2.453602632380462e-52,0.0,7.991179438845953e-19
selected,0.9,62,57,VIABILITY,6,True,0,0,0,1.5982358877691909e-18,7.991179438845954e-19,2.0506889046110208e-35,2.0506889046110208e-35,6.152066713833063e-35
selected,0.9,62,57,ALL,12,True,0,0,0,2.3973539528743884e-18,7.991179438845954e-19,2.0506889046110208e-35,0.0,7.991179438845954e-19
selected,0.9,63,58,ALBUMIN,6,True,0,0,0,3.303636020970085e-19,3.3036356449922286e-19,2.5378172978162944e-53,0.0,3.3036356449922286e-19
selected,0.9,63,58,VIABILITY,6,True,0,0,0,6.607271289984457e-19,3.3036356449922286e-19,4.241329804054725e-36,4.241329804054725e-36,1.2723989412164176e-35
selected,0.9,63,58,ALL,12,True,0,0,0,9.910907310954543e-19,3.3036356449922286e-19,4.241329804054725e-36,0.0,3.3036356449922286e-19
selected,0.9,64,59,ALBUMIN,6,True,0,0,0,1.363962467442563e-19,1.3639623509837927e-19,2.621405020243988e-54,0.0,1.3639623509837925e-19
selected,0.9,64,59,VIABILITY,6,True,0,0,0,2.727924701967585e-19,1.3639623509837927e-19,8.76041685008763e-37,8.76041685008763e-37,2.628125055026289e-36
selected,0.9,64,59,ALL,12,True,0,0,0,4.0918871694101486e-19,1.3639623509837927e-19,8.76041685008763e-37,0.0,1.3639623509837925e-19
selected,0.9,65,60,ALBUMIN,6,True,0,0,0,5.624186206405861e-20,5.624185846138813e-20,2.704233425897286e-55,0.0,5.624185846138813e-20
selected,0.9,65,60,VIABILITY,6,True,0,0,0,1.1248371692277626e-19,5.624185846138813e-20,1.8071177502025114e-37,1.8071177502025114e-37,5.421353250607535e-37
selected,0.9,65,60,ALL,12,True,0,0,0,1.6872557898683487e-19,5.624185846138813e-20,1.8071177502025114e-37,0.0,5.624185846138813e-20
selected,0.9,66,61,ALBUMIN,6,True,0,0,0,2.3162275565577734e-20,2.316227445247118e-20,2.78617409269876e-56,0.0,2.3162274452471184e-20
selected,0.9,66,61,VIABILITY,6,True,0,0,0,4.632454890494237e-20,2.316227445247118e-20,3.7230999943256597e-38,3.7230999943256597e-38,1.116929998297698e-37
selected,0.9,66,61,ALL,12,True,0,0,0,6.948682447052011e-20,2.316227445247118e-20,3.7230999943256597e-38,0.0,2.3162274452471184e-20
selected,0.9,67,62,ALBUMIN,6,True,0,0,0,9.527598483161287e-21,9.527598139662321e-21,2.8671028165412284e-57,0.0,9.527598139662321e-21
selected,0.9,67,62,VIABILITY,6,True,0,0,0,1.9055196279324642e-20,9.527598139662321e-21,7.66119149647553e-39,7.66119149647553e-39,2.298357448942659e-38
selected,0.9,67,62,ALL,12,True,0,0,0,2.858279476248593e-20,9.527598139662321e-21,7.66119149647553e-39,0.0,9.527598139662321e-21
selected,0.9,68,63,ALBUMIN,6,True,0,0,0,3.914551775751303e-21,3.914551669873113e-21,2.946899848977457e-58,0.0,3.914551669873113e-21
selected,0.9,68,63,VIABILITY,6,True,0,0,0,7.829103339746227e-21,3.914551669873113e-21,1.5746257025144498e-39,1.5746257025144498e-39,4.72387710754335e-39
selected,0.9,68,63,ALL,12,True,0,0,0,1.1743655115497528e-20,3.914551669873113e-21,1.5746257025144498e-39,0.0,3.914551669873113e-21
selected,0.9,69,63,ALBUMIN,6,True,0,0,0,2.814865793856564e-20,2.8148657063248753e-20,3.071262565084363e-57,0.0,2.814865706324875e-20
selected,0.9,69,63,VIABILITY,6,True,0,0,0,5.62973141264975e-20,2.8148657063248753e-20,1.4713878845033616e-38,1.4713878845033616e-38,4.4141636535100854e-38
selected,0.9,69,63,ALL,12,True,0,0,0,8.444597206506313e-20,2.8148657063248753e-20,1.4713878845033616e-38,0.0,2.814865706324875e-20
selected,0.9,70,64,ALBUMIN,6,True,0,0,0,1.1717823974675234e-20,1.1717823701300184e-20,3.198743166908216e-58,0.0,1.1717823701300185e-20
selected,0.9,70,64,VIABILITY,6,True,0,0,0,2.343564740260037e-20,1.1717823701300184e-20,3.064336943162881e-39,3.064336943162881e-39,9.193010829488643e-39
selected,0.9,70,64,ALL,12,True,0,0,0,3.515347137727561e-20,1.1717823701300184e-20,3.064336943162881e-39,0.0,1.1717823701300185e-20
selected,0.9,71,65,ALBUMIN,6,True,0,0,0,4.871643219089846e-21,4.871643133821621e-21,3.327137414982774e-59,0.0,4.871643133821621e-21
selected,0.9,71,65,VIABILITY,6,True,0,0,0,9.743286267643242e-21,4.871643133821621e-21,6.373490469398118e-40,6.373490469398118e-40,1.9120471408194354e-39
selected,0.9,71,65,ALL,12,True,0,0,0,1.4614929486733088e-20,4.871643133821621e-21,6.373490469398118e-40,0.0,4.871643133821621e-21
selected,0.9,72,66,ALBUMIN,6,True,0,0,0,2.022829561609016e-21,2.0228295350466573e-21,3.4562695045375345e-60,0.0,2.022829535046657e-21
selected,0.9,72,66,VIABILITY,6,True,0,0,0,4.045659070093314e-21,2.0228295350466573e-21,1.323933234765506e-40,1.323933234765506e-40,3.971799704296517e-40
selected,0.9,72,66,ALL,12,True,0,0,0,6.06848863170233e-21,2.0228295350466573e-21,1.323933234765506e-40,0.0,2.022829535046657e-21
selected,0.9,73,67,ALBUMIN,6,True,0,0,0,8.389070087552552e-22,8.3890700049082895e-22,3.585962946372534e-61,0.0,8.3890700049082895e-22
selected,0.9,73,67,VIABILITY,6,True,0,0,0,1.6778140009816579e-21,8.3890700049082895e-22,2.746745886080805e-41,2.746745886080805e-41,8.240237658242415e-41
selected,0.9,73,67,ALL,12,True,0,0,0,2.5167210097369133e-21,8.3890700049082895e-22,2.746745886080805e-41,0.0,8.3890700049082895e-22
selected,0.9,74,68,ALBUMIN,6,True,0,0,0,3.4749921330742434e-22,3.474992107391561e-22,3.716041073857465e-62,0.0,3.4749921073915604e-22
selected,0.9,74,68,VIABILITY,6,True,0,0,0,6.949984214783121e-22,3.474992107391561e-22,5.691799679715783e-42,5.691799679715783e-42,1.707539903914735e-41
selected,0.9,74,68,ALL,12,True,0,0,0,1.0424976347857363e-21,3.474992107391561e-22,5.691799679715783e-42,0.0,3.4749921073915604e-22
selected,0.9,75,69,ALBUMIN,6,True,0,0,0,1.437783351126872e-22,1.4377833431549332e-22,3.846327533389462e-63,0.0,1.437783343154933e-22
selected,0.9,75,69,VIABILITY,6,True,0,0,0,2.875566686309866e-22,1.4377833431549332e-22,1.1780776085650058e-42,1.1780776085650058e-42,3.534232825695018e-42
selected,0.9,75,69,ALL,12,True,0,0,0,4.313350037436738e-22,1.4377833431549332e-22,1.1780776085650058e-42,0.0,1.437783343154933e-22
selected,0.9,76,70,ALBUMIN,6,True,0,0,0,5.942186399385966e-23,5.942186374668883e-23,3.976646757098373e-64,0.0,5.942186374668882e-23
selected,0.9,76,70,VIABILITY,6,True,0,0,0,1.1884372749337764e-22,5.942186374668883e-23,2.4355958141163566e-43,2.4355958141163566e-43,7.30678744234907e-43
selected,0.9,76,70,ALL,12,True,0,0,0,1.7826559148723735e-22,5.942186374668883e-23,2.4355958141163566e-43,0.0,5.942186374668882e-23
selected,0.9,77,71,ALBUMIN,6,True,0,0,0,2.4531568513149726e-23,2.4531568436598296e-23,4.106824416745413e-65,0.0,2.4531568436598296e-23
selected,0.9,77,71,VIABILITY,6,True,0,0,0,4.906313687319659e-23,2.4531568436598296e-23,5.029871049012247e-44,5.029871049012247e-44,1.5089613147036743e-43
selected,0.9,77,71,ALL,12,True,0,0,0,7.359470538634632e-23,2.4531568436598296e-23,5.029871049012247e-44,0.0,2.4531568436598296e-23
selected,0.9,78,72,ALBUMIN,6,True,0,0,0,1.0116798566910998e-23,1.0116798543227553e-23,4.2366878579122225e-66,0.0,1.0116798543227552e-23
selected,0.9,78,72,VIABILITY,6,True,0,0,0,2.0233597086455104e-23,1.0116798543227553e-23,1.0376277060326298e-44,1.0376277060326298e-44,3.112883118097889e-44
selected,0.9,78,72,ALL,12,True,0,0,0,3.03503956533661e-23,1.0116798543227553e-23,1.0376277060326298e-44,0.0,1.0116798543227552e-23
selected,0.9,79,72,ALBUMIN,6,True,0,0,0,7.130602603769712e-23,7.130602584569927e-23,4.332323741089548e-65,0.0,7.130602584569927e-23
selected,0.9,79,72,VIABILITY,6,True,0,0,0,1.4261205169139854e-22,7.130602584569927e-23,9.51096051562202e-44,9.51096051562202e-44,2.8532881546866065e-43
selected,0.9,79,72,ALL,12,True,0,0,0,2.1391807772909567e-22,7.130602584569927e-23,9.51096051562202e-44,0.0,7.130602584569927e-23
selected,0.9,80,73,ALBUMIN,6,True,0,0,0,2.9744295456287706e-23,2.9744295396202935e-23,4.5210476760886877e-66,0.0,2.974429539620293e-23
selected,0.9,80,73,VIABILITY,6,True,0,0,0,5.948859079240586e-23,2.9744295396202935e-23,1.9847131854113388e-44,1.9847131854113388e-44,5.954139556234016e-44
selected,0.9,80,73,ALL,12,True,0,0,0,8.923288624869358e-23,2.9744295396202935e-23,1.9847131854113388e-44,0.0,2.974429539620293e-23
selected,0.9,81,74,ALBUMIN,6,True,0,0,0,1.2393018514998782e-23,1.2393018496217514e-23,4.7124313755699585e-67,0.0,1.2393018496217512e-23
selected,0.9,81,74,VIABILITY,6,True,0,0,0,2.4786036992435024e-23,1.2393018496217514e-23,4.136765607098257e-45,4.136765607098257e-45,1.2410296821294772e-44
selected,0.9,81,74,ALL,12,True,0,0,0,3.7179055507433805e-23,1.2393018496217514e-23,4.136765607098257e-45,0.0,1.2393018496217512e-23
selected,0.9,82,75,ALBUMIN,6,True,0,0,0,5.157737014828863e-24,5.157737008964907e-24,4.906274164828673e-68,0.0,5.157737008964907e-24
selected,0.9,82,75,VIABILITY,6,True,0,0,0,1.0315474017929815e-23,5.157737008964907e-24,8.612452312727105e-46,8.612452312727105e-46,2.5837356938181315e-45
selected,0.9,82,75,ALL,12,True,0,0,0,1.547321103275868e-23,5.157737008964907e-24,8.612452312727105e-46,0.0,5.157737008964907e-24
selected,0.9,83,76,ALBUMIN,6,True,0,0,0,2.144184848484081e-24,2.144184846655248e-24,5.102370264776688e-69,0.0,2.1441848466552476e-24
selected,0.9,83,76,VIABILITY,6,True,0,0,0,4.288369693310495e-24,2.144184846655248e-24,1.7910511491031104e-46,1.7910511491031104e-46,5.373153447309331e-46
selected,0.9,83,76,ALL,12,True,0,0,0,6.4325545417945764e-24,2.144184846655248e-24,1.7910511491031104e-46,0.0,2.1441848466552476e-24
selected,0.9,84,77,ALBUMIN,6,True,0,0,0,8.904263035071989e-25,8.904263029374452e-25,5.300509354141156e-70,0.0,8.904263029374452e-25
selected,0.9,84,77,VIABILITY,6,True,0,0,0,1.7808526058748904e-24,8.904263029374452e-25,3.7206293712117676e-47,3.7206293712117676e-47,1.1161888113635303e-46
selected,0.9,84,77,ALL,12,True,0,0,0,2.671278909382089e-24,8.904263029374452e-25,3.7206293712117676e-47,0.0,8.904263029374452e-25
selected,0.9,85,78,ALBUMIN,6,True,0,0,0,3.693837914398278e-25,3.6938379126251458e-25,5.500477132449776e-71,0.0,3.6938379126251458e-25
selected,0.9,85,78,VIABILITY,6,True,0,0,0,7.3876758252502915e-25,3.6938379126251458e-25,7.720824372233349e-48,7.720824372233349e-48,2.316247311670005e-47
selected,0.9,85,78,ALL,12,True,0,0,0,1.108151373964857e-24,3.6938379126251458e-25,7.720824372233349e-48,0.0,3.6938379126251458e-25
selected,0.9,86,79,ALBUMIN,6,True,0,0,0,1.530779867151041e-25,1.5307798665997926e-25,5.702055881741316e-72,0.0,1.5307798665997926e-25
selected,0.9,86,79,VIABILITY,6,True,0,0,0,3.061559733199585e-25,1.5307798665997926e-25,1.6005193810485664e-48,1.6005193810485664e-48,4.8015581431457e-48
selected,0.9,86,79,ALL,12,True,0,0,0,4.592339600350627e-25,1.5307798665997926e-25,1.6005193810485664e-48,0.0,1.5307798665997926e-25
selected,0.9,87,80,ALBUMIN,6,True,0,0,0,6.337431364120803e-26,6.337431362408753e-26,5.905025025043621e-73,0.0,6.337431362408753e-26
selected,0.9,87,80,VIABILITY,6,True,0,0,0,1.2674862724817506e-25,6.337431362408753e-26,3.3145071500422406e-49,3.3145071500422406e-49,9.943521450126721e-49
selected,0.9,87,80,ALL,12,True,0,0,0,1.901229408893831e-25,6.337431362408753e-26,3.3145071500422406e-49,0.0,6.337431362408753e-26
selected,0.9,88,81,ALBUMIN,6,True,0,0,0,2.6211363371672963e-26,2.6211363366360957e-26,6.10916167976777e-74,0.0,2.6211363366360957e-26
selected,0.9,88,81,VIABILITY,6,True,0,0,0,5.242272673272191e-26,2.6211363366360957e-26,6.857220560932459e-50,6.857220560932459e-50,2.0571661682797376e-49
selected,0.9,88,81,ALL,12,True,0,0,0,7.863409010439488e-26,2.6211363366360957e-26,6.857220560932459e-50,0.0,2.6211363366360957e-26
selected,0.9,89,81,ALBUMIN,6,True,0,0,0,1.8194182163163953e-25,1.819418215892151e-25,6.157125446808709e-73,0.0,1.819418215892151e-25
selected,0.9,89,81,VIABILITY,6,True,0,0,0,3.638836431784302e-25,1.819418215892151e-25,6.193652729129237e-49,6.193652729129237e-49,1.858095818738771e-48
selected,0.9,89,81,ALL,12,True,0,0,0,5.458254648100697e-25,1.819418215892151e-25,6.193652729129237e-49,0.0,1.819418215892151e-25
selected,0.9,90,82,ALBUMIN,6,True,0,0,0,7.601581327573864e-26,7.601581326244125e-26,6.435217486871349e-74,0.0,7.601581326244126e-26
selected,0.9,90,82,VIABILITY,6,True,0,0,0,1.5203162652488253e-25,7.601581326244125e-26,1.2944762986157425e-49,1.2944762986157425e-49,3.883428895847227e-49
selected,0.9,90,82,ALL,12,True,0,0,0,2.280474398006212e-25,7.601581326244125e-26,1.2944762986157425e-49,0.0,7.601581326244126e-26
selected,0.9,91,83,ALBUMIN,6,True,0,0,0,3.17261930602882e-26,3.172619305612472e-26,6.718686735038518e-75,0.0,3.172619305612472e-26
selected,0.9,91,83,VIABILITY,6,True,0,0,0,6.345238611224944e-26,3.172619305612472e-26,2.7025822951884437e-50,2.7025822951884437e-50,8.10774688556533e-50
selected,0.9,91,83,ALL,12,True,0,0,0,9.517857917253765e-26,3.172619305612472e-26,2.7025822951884437e-50,0.0,3.172619305612472e-26
selected,0.9,92,84,ALBUMIN,6,True,0,0,0,1.3227717147961424e-26,1.3227717146659165e-26,7.007321507993635e-76,0.0,1.3227717146659165e-26
selected,0.9,92,84,VIABILITY,6,True,0,0,0,2.645543429331833e-26,1.3227717146659165e-26,5.636529942631949e-51,5.636529942631949e-51,1.6909589827895845e-50
selected,0.9,92,84,ALL,12,True,0,0,0,3.968315144127976e-26,1.3227717146659165e-26,5.636529942631949e-51,0.0,1.3227717146659165e-26
selected,0.9,93,85,ALBUMIN,6,True,0,0,0,5.509532187107656e-27,5.509532186700746e-27,7.300899688779652e-77,0.0,5.509532186700746e-27
selected,0.9,93,85,VIABILITY,6,True,0,0,0,1.1019064373401493e-26,5.509532186700746e-27,1.174364507595147e-51,1.174364507595147e-51,3.5230935227854405e-51
selected,0.9,93,85,ALL,12,True,0,0,0,1.652859656050915e-26,5.509532186700746e-27,1.174364507595147e-51,0.0,5.509532186700746e-27
selected,0.9,94,86,ALBUMIN,6,True,0,0,0,2.292540808559383e-27,2.292540808432364e-27,7.599189253313897e-78,0.0,2.292540808432364e-27
selected,0.9,94,86,VIABILITY,6,True,0,0,0,4.585081616864728e-27,2.292540808432364e-27,2.444342320580659e-52,2.444342320580659e-52,7.333026961741977e-52
selected,0.9,94,86,ALL,12,True,0,0,0,6.87762242542411e-27,2.292540808432364e-27,2.444342320580659e-52,0.0,2.292540808432364e-27
selected,0.9,95,87,ALBUMIN,6,True,0,0,0,9.53018374109947e-28,9.530183740703357e-28,7.901948816180342e-79,0.0,9.530183740703357e-28
selected,0.9,95,87,VIABILITY,6,True,0,0,0,1.9060367481406714e-27,9.530183740703357e-28,5.082748587758832e-53,5.082748587758832e-53,1.5248245763276497e-52
selected,0.9,95,87,ALL,12,True,0,0,0,2.859055122250618e-27,9.530183740703357e-28,5.082748587758832e-53,0.0,9.530183740703357e-28
selected,0.9,96,88,ALBUMIN,6,True,0,0,0,3.9580050319316285e-28,3.958005031808217e-28,8.208928193428276e-80,0.0,3.958005031808217e-28
selected,0.9,96,88,VIABILITY,6,True,0,0,0,7.916010063616434e-28,3.958005031808217e-28,1.0558978188162226e-53,1.0558978188162226e-53,3.1676934564486677e-53
selected,0.9,96,88,ALL,12,True,0,0,0,1.1874015095548063e-27,3.958005031808217e-28,1.0558978188162226e-53,0.0,3.958005031808217e-28
selected,0.9,97,89,ALBUMIN,6,True,0,0,0,1.6422943995785228e-28,1.6422943995401084e-28,8.519868980126761e-81,0.0,1.6422943995401084e-28
selected,0.9,97,89,VIABILITY,6,True,0,0,0,3.284588799080217e-28,1.6422943995401084e-28,2.191496070878879e-54,2.191496070878879e-54,6.574488212636636e-54
selected,0.9,97,89,ALL,12,True,0,0,0,4.926883198658739e-28,1.6422943995401084e-28,2.191496070878879e-54,0.0,1.6422943995401084e-28
selected,0.9,98,90,ALBUMIN,6,True,0,0,0,6.808222483267725e-29,6.808222483148262e-29,8.834505140452941e-82,0.0,6.808222483148262e-29
selected,0.9,98,90,VIABILITY,6,True,0,0,0,1.3616444966296525e-28,6.808222483148262e-29,4.544264820581528e-55,4.544264820581528e-55,1.3632794461744585e-54
selected,0.9,98,90,ALL,12,True,0,0,0,2.042466744956425e-28,6.808222483148262e-29,4.544264820581528e-55,0.0,6.808222483148262e-29
selected,0.9,99,90,ALBUMIN,6,True,0,0,0,4.669151172010288e-28,4.669151171915997e-28,8.802699293685335e-81,0.0,4.669151171915997e-28
selected,0.9,99,90,VIABILITY,6,True,0,0,0,9.338302343831994e-28,4.669151171915997e-28,4.057237481093732e-54,4.057237481093732e-54,1.2171712443281195e-53
selected,0.9,99,90,ALL,12,True,0,0,0,1.4007453515842283e-27,4.669151171915997e-28,4.057237481093732e-54,0.0,4.669151171915997e-28
selected,0.9,100,91,ALBUMIN,6,True,0,0,0,1.9532890953981236e-28,1.953289095368532e-28,9.2116122251977e-82,0.0,1.953289095368532e-28
selected,0.9,100,91,VIABILITY,6,True,0,0,0,3.906578190737064e-28,1.953289095368532e-28,8.490200676668114e-55,8.490200676668114e-55,2.547060203000434e-54
selected,0.9,100,91,ALL,12,True,0,0,0,5.859867286135188e-28,1.953289095368532e-28,8.490200676668114e-55,0.0,1.953289095368532e-28
selected,0.9,101,92,ALBUMIN,6,True,0,0,0,8.163504971371137e-29,8.163504971278358e-29,9.630114181170505e-83,0.0,8.163504971278358e-29
selected,0.9,101,92,VIABILITY,6,True,0,0,0,1.6327009942556717e-28,8.163504971278358e-29,1.7749365983281446e-55,1.7749365983281446e-55,5.3248097949844335e-55
selected,0.9,101,92,ALL,12,True,0,0,0,2.4490514913927854e-28,8.163504971278358e-29,1.7749365983281446e-55,0.0,8.163504971278358e-29
selected,0.9,102,93,ALBUMIN,6,True,0,0,0,3.408606485911549e-29,3.408606485882488e-29,1.0058007079288278e-83,0.0,3.408606485882488e-29
selected,0.9,102,93,VIABILITY,6,True,0,0,0,6.817212971764976e-29,3.408606485882488e-29,3.7070953432744727e-56,3.7070953432744727e-56,1.1121286029823417e-55
selected,0.9,102,93,ALL,12,True,0,0,0,1.0225819457676526e-28,3.408606485882488e-29,3.7070953432744727e-56,0.0,3.408606485882488e-29
selected,0.9,103,94,ALBUMIN,6,True,0,0,0,1.4219207899965334e-29,1.421920789987439e-29,1.0495075987900592e-84,0.0,1.421920789987439e-29
selected,0.9,103,94,VIABILITY,6,True,0,0,0,2.843841579974878e-29,1.421920789987439e-29,7.735334276969804e-57,7.735334276969804e-57,2.3206002830909414e-56
selected,0.9,103,94,ALL,12,True,0,0,0,4.265762369971411e-29,1.421920789987439e-29,7.735334276969804e-57,0.0,1.421920789987439e-29
selected,0.9,104,95,ALBUMIN,6,True,0,0,0,5.926254437807987e-30,5.9262544377795526e-30,1.0941089515144092e-85,0.0,5.9262544377795526e-30
selected,0.9,104,95,VIABILITY,6,True,0,0,0,1.1852508875559105e-29,5.9262544377795526e-30,1.6126012008911452e-57,1.6126012008911452e-57,4.8378036026734363e-57
selected,0.9,104,95,ALL,12,True,0,0,0,1.7778763313367092e-29,5.9262544377795526e-30,1.6126012008911452e-57,0.0,5.9262544377795526e-30
selected,0.9,105,96,ALBUMIN,6,True,0,0,0,2.4677395102381058e-30,2.4677395102292237e-30,1.1395800235735359e-86,0.0,2.4677395102292237e-30
selected,0.9,105,96,VIABILITY,6,True,0,0,0,4.9354790204584474e-30,2.4677395102292237e-30,3.358809203654702e-58,3.358809203654702e-58,1.0076427610964104e-57
selected,0.9,105,96,ALL,12,True,0,0,0,7.403218530696555e-30,2.4677395102292237e-30,3.358809203654702e-58,0.0,2.4677395102292237e-30
selected,0.9,106,97,ALBUMIN,6,True,0,0,0,1.0266916237526928e-30,1.0266916237499207e-30,1.185894515349362e-87,0.0,1.0266916237499207e-30
selected,0.9,106,97,VIABILITY,6,True,0,0,0,2.0533832474998413e-30,1.0266916237499207e-30,6.989752858928809e-59,6.989752858928809e-59,2.0969258576786425e-58
selected,0.9,106,97,ALL,12,True,0,0,0,3.0800748712525343e-30,1.0266916237499207e-30,6.989752858928809e-59,0.0,1.0266916237499207e-30
selected,0.9,107,98,ALBUMIN,6,True,0,0,0,4.267855816621995e-31,4.267855816613351e-31,1.2330246197585641e-88,0.0,4.267855816613351e-31
selected,0.9,107,98,VIABILITY,6,True,0,0,0,8.535711633226701e-31,4.267855816613351e-31,1.453328798393648e-59,1.453328798393648e-59,4.359986395180944e-59
selected,0.9,107,98,ALL,12,True,0,0,0,1.2803567449848696e-30,4.267855816613351e-31,1.453328798393648e-59,0.0,4.267855816613351e-31
selected,0.9,108,99,ALBUMIN,6,True,0,0,0,1.7726198009317434e-31,1.77261980092905e-31,1.2809410750428681e-89,0.0,1.77261980092905e-31
selected,0.9,108,99,VIABILITY,6,True,0,0,0,3.5452396018581e-31,1.77261980092905e-31,3.019247663678706e-60,3.019247663678706e-60,9.057742991036117e-60
selected,0.9,108,99,ALL,12,True,0,0,0,5.317859402789844e-31,1.77261980092905e-31,3.019247663678706e-60,0.0,1.77261980092905e-31
selected,0.9,109,99,ALBUMIN,6,True,0,0,0,1.2038733694051233e-30,1.2038733694030177e-30,1.264594062965829e-88,0.0,1.2038733694030177e-30
selected,0.9,109,99,VIABILITY,6,True,0,0,0,2.4077467388060354e-30,1.2038733694030177e-30,2.6705273465351835e-59,2.6705273465351835e-59,8.011582039605552e-59
selected,0.9,109,99,ALL,12,True,0,0,0,3.611620108211159e-30,1.2038733694030177e-30,2.6705273465351835e-59,0.0,1.2038733694030177e-30
selected,0.9,110,100,ALBUMIN,6,True,0,0,0,5.041579587964497e-31,5.041579587957882e-31,1.3246736370615901e-89,0.0,5.041579587957882e-31
selected,0.9,110,100,VIABILITY,6,True,0,0,0,1.0083159175915764e-30,5.041579587957882e-31,5.594063359291082e-60,5.594063359291082e-60,1.6782190077873244e-59
selected,0.9,110,100,ALL,12,True,0,0,0,1.5124738763880262e-30,5.041579587957882e-31,5.594063359291082e-60,0.0,5.041579587957882e-31
selected,0.9,111,101,ALBUMIN,6,True,0,0,0,2.109438819701095e-31,2.1094388196990185e-31,1.3863614259907907e-90,0.0,2.1094388196990185e-31
selected,0.9,111,101,VIABILITY,6,True,0,0,0,4.218877639398037e-31,2.1094388196990185e-31,1.170762194211684e-60,1.170762194211684e-60,3.512286582635052e-60
selected,0.9,111,101,ALL,12,True,0,0,0,6.328316459099133e-31,2.1094388196990185e-31,1.170762194211684e-60,0.0,2.1094388196990185e-31
selected,0.9,112,102,ALBUMIN,6,True,0,0,0,8.818381585898756e-32,8.818381585892245e-32,1.449643313624203e-91,0.0,8.818381585892245e-32
selected,0.9,112,102,VIABILITY,6,True,0,0,0,1.763676317178449e-31,8.818381585892245e-32,2.448094750720081e-61,2.448094750720081e-61,7.344284252160243e-61
selected,0.9,112,102,ALL,12,True,0,0,0,2.6455144757683245e-31,8.818381585892245e-32,2.448094750720081e-61,0.0,8.818381585892245e-32
selected,0.9,113,103,ALBUMIN,6,True,0,0,0,3.6833199969382846e-32,3.683319996936244e-32,1.514502734899592e-92,0.0,3.683319996936244e-32
selected,0.9,113,103,VIABILITY,6,True,0,0,0,7.366639993872488e-32,3.683319996936244e-32,5.1146161265017126e-62,5.1146161265017126e-62,1.5343848379505138e-61
selected,0.9,113,103,ALL,12,True,0,0,0,1.1049959990810772e-31,3.683319996936244e-32,5.1146161265017126e-62,0.0,3.683319996936244e-32
selected,0.9,114,104,ALBUMIN,6,True,0,0,0,1.5371823749229097e-32,1.537182374922271e-32,1.5809206883237491e-93,0.0,1.537182374922271e-32
selected,0.9,114,104,VIABILITY,6,True,0,0,0,3.074364749844542e-32,1.537182374922271e-32,1.0676527496750863e-62,1.0676527496750863e-62,3.202958249025259e-62
selected,0.9,114,104,ALL,12,True,0,0,0,4.611547124767452e-32,1.537182374922271e-32,1.0676527496750863e-62,0.0,1.537182374922271e-32
selected,0.9,115,105,ALBUMIN,6,True,0,0,0,6.409930382572949e-33,6.409930382570951e-33,1.6488757539643463e-94,0.0,6.409930382570951e-33
selected,0.9,115,105,VIABILITY,6,True,0,0,0,1.2819860765141902e-32,6.409930382570951e-33,2.2268237429370248e-63,2.2268237429370248e-63,6.680471228811075e-63
selected,0.9,115,105,ALL,12,True,0,0,0,1.922979114771485e-32,6.409930382570951e-33,2.2268237429370248e-63,0.0,6.409930382570951e-33
selected,0.9,116,106,ALBUMIN,6,True,0,0,0,2.6707277080502096e-33,2.670727708049585e-33,1.718344116818869e-95,0.0,2.670727708049585e-33
selected,0.9,116,106,VIABILITY,6,True,0,0,0,5.34145541609917e-33,2.670727708049585e-33,4.640737534792632e-64,4.640737534792632e-64,1.3922212604377897e-63
selected,0.9,116,106,ALL,12,True,0,0,0,8.012183124149379e-33,2.670727708049585e-33,4.640737534792632e-64,0.0,2.670727708049585e-33
selected,0.9,117,107,ALBUMIN,6,True,0,0,0,1.111886700881843e-33,1.111886700881648e-33,1.7892995954335018e-96,0.0,1.111886700881648e-33
selected,0.9,117,107,VIABILITY,6,True,0,0,0,2.223773401763296e-33,1.111886700881648e-33,9.66361995222095e-65,9.66361995222095e-65,2.899085985666285e-64
selected,0.9,117,107,ALL,12,True,0,0,0,3.3356601026451395e-33,1.111886700881648e-33,9.66361995222095e-65,0.0,1.111886700881648e-33
selected,0.9,118,108,ALBUMIN,6,True,0,0,0,4.625430503658262e-34,4.625430503657654e-34,1.8617136756313464e-97,0.0,4.625430503657654e-34
selected,0.9,118,108,VIABILITY,6,True,0,0,0,9.250861007315307e-34,4.625430503657654e-34,2.0107149565867226e-65,2.0107149565867226e-65,6.032144869760168e-65
selected,0.9,118,108,ALL,12,True,0,0,0,1.3876291510973567e-33,4.625430503657654e-34,2.0107149565867226e-65,0.0,4.625430503657654e-34
selected,0.9,119,108,ALBUMIN,6,True,0,0,0,3.116137881911665e-33,3.116137881911193e-33,1.8239993406255008e-96,0.0,3.116137881911193e-33
selected,0.9,119,108,VIABILITY,6,True,0,0,0,6.232275763822385e-33,3.116137881911193e-33,1.7647819536410778e-64,1.7647819536410778e-64,5.294345860923233e-64
selected,0.9,119,108,ALL,12,True,0,0,0,9.34841364573405e-33,3.116137881911193e-33,1.7647819536410778e-64,0.0,3.116137881911193e-33
selected,0.9,120,109,ALBUMIN,6,True,0,0,0,1.3061241233572065e-33,1.306124123357058e-33,1.9122639217135185e-97,0.0,1.306124123357058e-33
selected,0.9,120,109,VIABILITY,6,True,0,0,0,2.612248246714116e-33,1.306124123357058e-33,3.699908352555369e-65,3.699908352555369e-65,1.1099725057666108e-64
selected,0.9,120,109,ALL,12,True,0,0,0,3.918372370071322e-33,1.306124123357058e-33,3.699908352555369e-65,0.0,1.306124123357058e-33
selected,0.9,121,110,ALBUMIN,6,True,0,0,0,5.470095719320422e-34,5.470095719319956e-34,2.003132549201774e-98,0.0,5.470095719319956e-34
selected,0.9,121,110,VIABILITY,6,True,0,0,0,1.0940191438639912e-33,5.470095719319956e-34,7.750514856918523e-66,7.750514856918523e-66,2.325154457075557e-65
selected,0.9,121,110,ALL,12,True,0,0,0,1.6410287157960336e-33,5.470095719319956e-34,7.750514856918523e-66,0.0,5.470095719319956e-34
selected,0.9,122,111,ALBUMIN,6,True,0,0,0,2.2890442657293645e-34,2.289044265729218e-34,2.0966042208494102e-99,0.0,2.289044265729218e-34
selected,0.9,122,111,VIABILITY,6,True,0,0,0,4.578088531458436e-34,2.289044265729218e-34,1.6222433263473434e-66,1.6222433263473434e-66,4.86672997904203e-66
selected,0.9,122,111,ALL,12,True,0,0,0,6.867132797187801e-34,2.289044265729218e-34,1.6222433263473434e-66,0.0,2.289044265729218e-34
selected,0.9,123,112,ALBUMIN,6,True,0,0,0,9.571239659847071e-35,9.571239659846611e-35,2.1926745973183217e-100,0.0,9.571239659846611e-35
selected,0.9,123,112,VIABILITY,6,True,0,0,0,1.9142479319693223e-34,9.571239659846611e-35,3.392761419120214e-67,3.392761419120214e-67,1.0178284257360642e-66
selected,0.9,123,112,ALL,12,True,0,0,0,2.871371897954029e-34,9.571239659846611e-35,3.392761419120214e-67,0.0,9.571239659846611e-35
selected,0.9,124,113,ALBUMIN,6,True,0,0,0,3.998920038466473e-35,3.9989200384663294e-35,2.2913359716983487e-101,0.0,3.9989200384663294e-35
selected,0.9,124,113,VIABILITY,6,True,0,0,0,7.997840076932659e-35,3.9989200384663294e-35,7.0900353331163286e-68,7.0900353331163286e-68,2.1270105999348987e-67
selected,0.9,124,113,ALL,12,True,0,0,0,1.1996760115399132e-34,3.9989200384663294e-35,7.0900353331163286e-68,0.0,3.9989200384663294e-35
selected,0.9,125,114,ALBUMIN,6,True,0,0,0,1.6694884900427574e-35,1.6694884900427125e-35,2.3925772459837012e-102,0.0,1.6694884900427125e-35
selected,0.9,125,114,VIABILITY,6,True,0,0,0,3.338976980085425e-35,1.6694884900427125e-35,1.4804950408236368e-68,1.4804950408236368e-68,4.44148512247091e-68
selected,0.9,125,114,ALL,12,True,0,0,0,5.008465470128182e-35,1.6694884900427125e-35,1.4804950408236368e-68,0.0,1.6694884900427125e-35
selected,0.9,126,115,ALBUMIN,6,True,0,0,0,6.96459438905042e-36,6.96459438905028e-36,2.496383914515602e-103,0.0,6.96459438905028e-36
selected,0.9,126,115,VIABILITY,6,True,0,0,0,1.392918877810056e-35,6.96459438905028e-36,3.0891185529884756e-69,3.0891185529884756e-69,9.267355658965427e-69
selected,0.9,126,115,ALL,12,True,0,0,0,2.089378316715098e-35,6.96459438905028e-36,3.0891185529884756e-69,0.0,6.96459438905028e-36
selected,0.9,127,116,ALBUMIN,6,True,0,0,0,2.9032557408234675e-36,2.9032557408234234e-36,2.602738054385854e-104,0.0,2.9032557408234234e-36
selected,0.9,127,116,VIABILITY,6,True,0,0,0,5.806511481646847e-36,2.9032557408234234e-36,6.440753831976103e-70,6.440753831976103e-70,1.9322261495928308e-69
selected,0.9,127,116,ALL,12,True,0,0,0,8.709767222470314e-36,2.9032557408234234e-36,6.440753831976103e-70,0.0,2.9032557408234234e-36
selected,0.9,128,117,ALBUMIN,6,True,0,0,0,1.2093640878683929e-36,1.209364087868379e-36,2.7116183227763603e-105,0.0,1.209364087868379e-36
selected,0.9,128,117,VIABILITY,6,True,0,0,0,2.418728175736758e-36,1.209364087868379e-36,1.3418953333974528e-70,1.3418953333974528e-70,4.0256860001923584e-70
selected,0.9,128,117,ALL,12,True,0,0,0,3.628092263605151e-36,1.209364087868379e-36,1.3418953333974528e-70,0.0,1.209364087868379e-36
selected,0.9,129,117,ALBUMIN,6,True,0,0,0,8.09247937606676e-36,8.092479376066653e-36,2.6397472007685243e-104,0.0,8.092479376066653e-36
selected,0.9,129,117,VIABILITY,6,True,0,0,0,1.6184958752133305e-35,8.092479376066653e-36,1.1701480854319152e-69,1.1701480854319152e-69,3.510444256295745e-69
selected,0.9,129,117,ALL,12,True,0,0,0,2.427743812820006e-35,8.092479376066653e-36,1.1701480854319152e-69,0.0,8.092479376066653e-36
selected,0.9,130,118,ALBUMIN,6,True,0,0,0,3.394480052375802e-36,3.394480052375768e-36,2.76945923531582e-105,0.0,3.394480052375768e-36
selected,0.9,130,118,VIABILITY,6,True,0,0,0,6.788960104751537e-36,3.394480052375768e-36,2.4550131915673054e-70,2.4550131915673054e-70,7.365039574701916e-70
selected,0.9,130,118,ALL,12,True,0,0,0,1.0183440157127338e-35,3.394480052375768e-36,2.4550131915673054e-70,0.0,3.394480052375768e-36
selected,0.9,131,119,ALBUMIN,6,True,0,0,0,1.4227612078888851e-36,1.4227612078888746e-36,2.903295658985267e-106,0.0,1.4227612078888746e-36
selected,0.9,131,119,VIABILITY,6,True,0,0,0,2.8455224157777492e-36,1.4227612078888746e-36,5.146729233546504e-71,5.146729233546504e-71,1.5440187700639512e-70
selected,0.9,131,119,ALL,12,True,0,0,0,4.2682836236666345e-36,1.4227612078888746e-36,5.146729233546504e-71,0.0,1.4227612078888746e-36
selected,0.9,132,120,ALBUMIN,6,True,0,0,0,5.958859181640825e-37,5.958859181640792e-37,3.0412809841171596e-107,0.0,5.958859181640792e-37
selected,0.9,132,120,VIABILITY,6,True,0,0,0,1.1917718363281585e-36,5.958859181640792e-37,1.078148599119008e-71,1.078148599119008e-71,3.2344457973570238e-71
selected,0.9,132,120,ALL,12,True,0,0,0,1.787657754492241e-36,5.958859181640792e-37,1.078148599119008e-71,0.0,5.958859181640792e-37
selected,0.9,133,121,ALBUMIN,6,True,0,0,0,2.4938579675559465e-37,2.493857967555936e-37,3.183435397067721e-108,0.0,2.493857967555936e-37
selected,0.9,133,121,VIABILITY,6,True,0,0,0,4.987715935111872e-37,2.493857967555936e-37,2.2568408523896122e-72,2.2568408523896122e-72,6.770522557168836e-72
selected,0.9,133,121,ALL,12,True,0,0,0,7.481573902667818e-37,2.493857967555936e-37,2.2568408523896122e-72,0.0,2.493857967555936e-37
selected,0.9,134,122,ALBUMIN,6,True,0,0,0,1.0429483682697183e-37,1.0429483682697152e-37,3.329774662799877e-109,0.0,1.0429483682697152e-37
selected,0.9,134,122,VIABILITY,6,True,0,0,0,2.0858967365394304e-37,1.0429483682697152e-37,4.720666635498446e-73,4.720666635498446e-73,1.4161999906495338e-72
selected,0.9,134,122,ALL,12,True,0,0,0,3.1288451048091487e-37,1.0429483682697152e-37,4.720666635498446e-73,0.0,1.0429483682697152e-37
selected,0.9,135,123,ALBUMIN,6,True,0,0,0,4.358542658361378e-38,4.358542658361368e-38,3.480310037401094e-110,0.0,4.358542658361368e-38
selected,0.9,135,123,VIABILITY,6,True,0,0,0,8.717085316722736e-38,4.358542658361368e-38,9.867128290264887e-74,9.867128290264887e-74,2.9601384870794665e-73
selected,0.9,135,123,ALL,12,True,0,0,0,1.3075627975084114e-37,4.358542658361368e-38,9.867128290264887e-74,0.0,4.358542658361368e-38
selected,0.9,136,124,ALBUMIN,6,True,0,0,0,1.8201701046321222e-38,1.820170104632119e-38,3.635048188717205e-111,0.0,1.820170104632119e-38
selected,0.9,136,124,VIABILITY,6,True,0,0,0,3.640340209264238e-38,1.820170104632119e-38,2.0609530850970294e-74,2.0609530850970294e-74,6.182859255291089e-74
selected,0.9,136,124,ALL,12,True,0,0,0,5.46051031389636e-38,1.820170104632119e-38,2.0609530850970294e-74,0.0,1.820170104632119e-38
selected,0.9,137,125,ALBUMIN,6,True,0,0,0,7.595904815685942e-39,7.595904815685933e-39,3.793991125267693e-112,0.0,7.595904815685933e-39
selected,0.9,137,125,VIABILITY,6,True,0,0,0,1.5191809631371866e-38,7.595904815685933e-39,4.3016993931695517e-75,4.3016993931695517e-75,1.2905098179508655e-74
selected,0.9,137,125,ALL,12,True,0,0,0,2.2787714447057807e-38,7.595904815685933e-39,4.3016993931695517e-75,0.0,7.595904815685933e-39
selected,0.9,138,126,ALBUMIN,6,True,0,0,0,3.1677323704378466e-39,3.1677323704378434e-39,3.957136133584383e-113,0.0,3.1677323704378434e-39
selected,0.9,138,126,VIABILITY,6,True,0,0,0,6.335464740875687e-39,3.1677323704378434e-39,8.972454355029557e-76,8.972454355029557e-76,2.691736306508867e-75
selected,0.9,138,126,ALL,12,True,0,0,0,9.503197111313532e-39,3.1677323704378434e-39,8.972454355029557e-76,0.0,3.1677323704378434e-39
selected,0.9,139,126,ALBUMIN,6,True,0,0,0,2.1075067094078508e-38,2.1075067094078485e-38,3.831334834189772e-112,0.0,2.1075067094078485e-38
selected,0.9,139,126,VIABILITY,6,True,0,0,0,4.215013418815697e-38,2.1075067094078485e-38,7.780976514740904e-75,7.780976514740904e-75,2.334292954422271e-74
selected,0.9,139,126,ALL,12,True,0,0,0,6.322520128223549e-38,2.1075067094078485e-38,7.780976514740904e-75,0.0,2.1075067094078485e-38
selected,0.9,140,127,ALBUMIN,6,True,0,0,0,8.845832836475074e-39,8.845832836475066e-39,4.022057169503342e-113,0.0,8.845832836475066e-39
selected,0.9,140,127,VIABILITY,6,True,0,0,0,1.7691665672950132e-38,8.845832836475066e-39,1.6334872705083743e-75,1.6334872705083743e-75,4.900461811525122e-75
selected,0.9,140,127,ALL,12,True,0,0,0,2.6537498509425203e-38,8.845832836475066e-39,1.6334872705083743e-75,0.0,8.845832836475066e-39
selected,0.9,141,128,ALBUMIN,6,True,0,0,0,3.7101964028358394e-39,3.7101964028358375e-39,4.219216133464528e-114,0.0,3.7101964028358375e-39
selected,0.9,141,128,VIABILITY,6,True,0,0,0,7.420392805671675e-39,3.7101964028358375e-39,3.426758806432772e-76,3.426758806432772e-76,1.0280276419298316e-75
selected,0.9,141,128,ALL,12,True,0,0,0,1.1130589208507515e-38,3.7101964028358375e-39,3.426758806432772e-76,0.0,3.7101964028358375e-39
selected,0.9,142,129,ALBUMIN,6,True,0,0,0,1.555063256576519e-39,1.555063256576518e-39,4.422882062463618e-115,0.0,1.555063256576518e-39
selected,0.9,142,129,VIABILITY,6,True,0,0,0,3.110126513153036e-39,1.555063256576518e-39,7.183599080551122e-77,7.183599080551122e-77,2.1550797241653365e-76
selected,0.9,142,129,ALL,12,True,0,0,0,4.665189769729556e-39,1.555063256576518e-39,7.183599080551122e-77,0.0,1.555063256576518e-39
selected,0.9,143,130,ALBUMIN,6,True,0,0,0,6.51323406391731e-40,6.513234063917307e-40,4.633119948004236e-116,0.0,6.513234063917307e-40
selected,0.9,143,130,VIABILITY,6,True,0,0,0,1.3026468127834614e-39,6.513234063917307e-40,1.5048594191317409e-77,1.5048594191317409e-77,4.514578257395223e-77
selected,0.9,143,130,ALL,12,True,0,0,0,1.9539702191751925e-39,6.513234063917307e-40,1.5048594191317409e-77,0.0,6.513234063917307e-40
selected,0.9,144,131,ALBUMIN,6,True,0,0,0,2.726133739333443e-40,2.726133739333442e-40,4.8499892473803255e-117,0.0,2.726133739333442e-40
selected,0.9,144,131,VIABILITY,6,True,0,0,0,5.452267478666884e-40,2.726133739333442e-40,3.1502825197720334e-78,3.1502825197720334e-78,9.450847559316098e-78
selected,0.9,144,131,ALL,12,True,0,0,0,8.178401218000327e-40,2.726133739333442e-40,3.1502825197720334e-78,0.0,2.726133739333442e-40
selected,0.9,145,132,ALBUMIN,6,True,0,0,0,1.140259666661463e-40,1.1402596666614628e-40,5.073543702423191e-118,0.0,1.1402596666614628e-40
selected,0.9,145,132,VIABILITY,6,True,0,0,0,2.2805193333229256e-40,1.1402596666614628e-40,6.590329658606799e-79,6.590329658606799e-79,1.9770988975820399e-78
selected,0.9,145,132,ALL,12,True,0,0,0,3.4207789999843886e-40,1.1402596666614628e-40,6.590329658606799e-79,0.0,1.1402596666614628e-40
selected,0.9,146,133,ALBUMIN,6,True,0,0,0,4.766182798290334e-41,4.766182798290334e-41,5.303831166727472e-119,0.0,4.766182798290334e-41
selected,0.9,146,133,VIABILITY,6,True,0,0,0,9.532365596580667e-41,4.766182798290334e-41,1.377758441909161e-79,1.377758441909161e-79,4.133275325727483e-79
selected,0.9,146,133,ALL,12,True,0,0,0,1.4298548394871e-40,4.766182798290334e-41,1.377758441909161e-79,0.0,4.766182798290334e-41
selected,0.9,147,134,ALBUMIN,6,True,0,0,0,1.990911979026895e-41,1.9909119790268946e-41,5.5408934417419926e-120,0.0,1.9909119790268946e-41
selected,0.9,147,134,VIABILITY,6,True,0,0,0,3.981823958053789e-41,1.9909119790268946e-41,2.878402211603537e-80,2.878402211603537e-80,8.63520663481061e-80
selected,0.9,147,134,ALL,12,True,0,0,0,5.972735937080685e-41,1.9909119790268946e-41,2.878402211603537e-80,0.0,1.9909119790268946e-41
selected,0.9,148,135,ALBUMIN,6,True,0,0,0,8.310973082899366e-42,8.310973082899366e-42,5.784766122087236e-121,0.0,8.310973082899366e-42
selected,0.9,148,135,VIABILITY,6,True,0,0,0,1.662194616579873e-41,8.310973082899366e-42,6.0096115332244805e-81,6.0096115332244805e-81,1.8028834599673443e-80
selected,0.9,148,135,ALL,12,True,0,0,0,2.49329192486981e-41,8.310973082899366e-42,6.0096115332244805e-81,0.0,8.310973082899366e-42
selected,0.9,149,135,ALBUMIN,6,True,0,0,0,5.501915574114966e-41,5.501915574114966e-41,5.5746513793578665e-120,0.0,5.501915574114966e-41
selected,0.9,149,135,VIABILITY,6,True,0,0,0,1.1003831148229932e-40,5.501915574114966e-41,5.1868288625142994e-80,5.1868288625142994e-80,1.5560486587542898e-79
selected,0.9,149,135,ALL,12,True,0,0,0,1.6505746722344897e-40,5.501915574114966e-41,5.1868288625142994e-80,0.0,5.501915574114966e-41
selected,0.9,150,136,ALBUMIN,6,True,0,0,0,2.3106016478704937e-41,2.310601647870493e-41,5.855258887761298e-121,0.0,2.310601647870493e-41
selected,0.9,150,136,VIABILITY,6,True,0,0,0,4.621203295740986e-41,2.310601647870493e-41,1.089473339627894e-80,1.089473339627894e-80,3.2684200188836823e-80
selected,0.9,150,136,ALL,12,True,0,0,0,6.93180494361148e-41,2.310601647870493e-41,1.089473339627894e-80,0.0,2.310601647870493e-41
selected,0.9,151,137,ALBUMIN,6,True,0,0,0,9.697134435660922e-42,9.69713443566092e-42,6.145808514359428e-122,0.0,9.69713443566092e-42
selected,0.9,151,137,VIABILITY,6,True,0,0,0,1.939426887132184e-41,9.69713443566092e-42,2.286843642315898e-81,2.286843642315898e-81,6.860530926947695e-81
selected,0.9,151,137,ALL,12,True,0,0,0,2.9091403306982763e-41,9.69713443566092e-42,2.286843642315898e-81,0.0,9.69713443566092e-42
selected,0.9,152,138,ALBUMIN,6,True,0,0,0,4.066988621271917e-42,4.0669886212719166e-42,6.446449169654179e-123,0.0,4.0669886212719166e-42
selected,0.9,152,138,VIABILITY,6,True,0,0,0,8.133977242543833e-42,4.0669886212719166e-42,4.796954284147247e-82,4.796954284147247e-82,1.439086285244174e-81
selected,0.9,152,138,ALL,12,True,0,0,0,1.220096586381575e-41,4.0669886212719166e-42,4.796954284147247e-82,0.0,4.0669886212719166e-42
selected,0.9,153,139,ALBUMIN,6,True,0,0,0,1.7045809917698362e-42,1.7045809917698362e-42,6.757323525120898e-124,0.0,1.7045809917698362e-42
selected,0.9,153,139,VIABILITY,6,True,0,0,0,3.4091619835396723e-42,1.7045809917698362e-42,1.0055598257210465e-82,1.0055598257210465e-82,3.0166794771631395e-82
selected,0.9,153,139,ALL,12,True,0,0,0,5.113742975309509e-42,1.7045809917698362e-42,1.0055598257210465e-82,0.0,1.7045809917698362e-42
selected,0.9,154,140,ALBUMIN,6,True,0,0,0,7.139722427083269e-43,7.139722427083269e-43,7.078567692268238e-125,0.0,7.139722427083269e-43
selected,0.9,154,140,VIABILITY,6,True,0,0,0,1.4279444854166537e-42,7.139722427083269e-43,2.1065286835316852e-83,2.1065286835316852e-83,6.319586050595055e-83
selected,0.9,154,140,ALL,12,True,0,0,0,2.1419167281249808e-42,7.139722427083269e-43,2.1065286835316852e-83,0.0,7.139722427083269e-43
selected,0.9,155,141,ALBUMIN,6,True,0,0,0,2.9886000500636104e-43,2.9886000500636104e-43,7.410310908553983e-126,0.0,2.9886000500636104e-43
selected,0.9,155,141,VIABILITY,6,True,0,0,0,5.977200100127221e-43,2.9886000500636104e-43,4.410093442847029e-84,4.410093442847029e-84,1.3230280328541086e-83
selected,0.9,155,141,ALL,12,True,0,0,0,8.965800150190833e-43,2.9886000500636104e-43,4.410093442847029e-84,0.0,2.9886000500636104e-43
selected,0.9,156,142,ALBUMIN,6,True,0,0,0,1.2502036476642947e-43,1.2502036476642947e-43,7.752675230829234e-127,0.0,1.2502036476642947e-43
selected,0.9,156,142,VIABILITY,6,True,0,0,0,2.5004072953285893e-43,1.2502036476642947e-43,9.226838165953255e-85,9.226838165953255e-85,2.7680514497859765e-84
selected,0.9,156,142,ALL,12,True,0,0,0,3.7506109429928844e-43,1.2502036476642947e-43,9.226838165953255e-85,0.0,1.2502036476642947e-43
selected,0.9,157,143,ALBUMIN,6,True,0,0,0,5.226655154730314e-44,5.226655154730314e-44,8.105775236965382e-128,0.0,5.226655154730314e-44
selected,0.9,157,143,VIABILITY,6,True,0,0,0,1.0453310309460628e-43,5.226655154730314e-44,1.92924055770019e-85,1.92924055770019e-85,5.78772167310057e-85
selected,0.9,157,143,ALL,12,True,0,0,0,1.5679965464190943e-43,5.226655154730314e-44,1.92924055770019e-85,0.0,5.226655154730314e-44
selected,0.9,158,144,ALBUMIN,6,True,0,0,0,2.1837384246862713e-44,2.1837384246862713e-44,8.469717736298289e-129,0.0,2.1837384246862713e-44
selected,0.9,158,144,VIABILITY,6,True,0,0,0,4.3674768493725427e-44,2.1837384246862713e-44,4.03136229367549e-86,4.03136229367549e-86,1.209408688102647e-85
selected,0.9,158,144,ALL,12,True,0,0,0,6.551215274058814e-44,2.1837384246862713e-44,4.03136229367549e-86,0.0,2.1837384246862713e-44
selected,0.9,159,144,ALBUMIN,6,True,0,0,0,1.4394045557307446e-43,1.4394045557307446e-43,8.128819057483907e-128,0.0,1.4394045557307446e-43
selected,0.9,159,144,VIABILITY,6,True,0,0,0,2.8788091114614892e-43,1.4394045557307446e-43,3.465034437323832e-85,3.465034437323832e-85,1.0395103311971495e-84
selected,0.9,159,144,ALL,12,True,0,0,0,4.318213667192234e-43,1.4394045557307446e-43,3.465034437323832e-85,0.0,1.4394045557307446e-43
selected,0.9,160,145,ALBUMIN,6,True,0,0,0,6.047913003363011e-44,6.047913003363011e-44,8.541958284749232e-129,0.0,6.047913003363011e-44
selected,0.9,160,145,VIABILITY,6,True,0,0,0,1.2095826006726023e-43,6.047913003363011e-44,7.281591542200516e-86,7.281591542200516e-86,2.184477462660155e-85
selected,0.9,160,145,ALL,12,True,0,0,0,1.8143739010089035e-43,6.047913003363011e-44,7.281591542200516e-86,0.0,6.047913003363011e-44
selected,0.9,161,146,ALBUMIN,6,True,0,0,0,2.539522307452051e-44,2.539522307452051e-44,8.970340375148276e-130,0.0,2.539522307452051e-44
selected,0.9,161,146,VIABILITY,6,True,0,0,0,5.079044614904102e-44,2.539522307452051e-44,1.5292099947902678e-86,1.5292099947902678e-86,4.587629984370803e-86
selected,0.9,161,146,ALL,12,True,0,0,0,7.618566922356152e-44,2.539522307452051e-44,1.5292099947902678e-86,0.0,2.539522307452051e-44
selected,0.9,162,147,ALBUMIN,6,True,0,0,0,1.0656778141926521e-44,1.0656778141926521e-44,9.414244990573565e-131,0.0,1.0656778141926521e-44
selected,0.9,162,147,VIABILITY,6,True,0,0,0,2.1313556283853042e-44,1.0656778141926521e-44,3.2094720401003287e-87,3.2094720401003287e-87,9.628416120300985e-87
selected,0.9,162,147,ALL,12,True,0,0,0,3.1970334425779563e-44,1.0656778141926521e-44,3.2094720401003287e-87,0.0,1.0656778141926521e-44
selected,0.9,163,148,ALBUMIN,6,True,0,0,0,4.4692094238695697e-45,4.4692094238695697e-45,9.873945083790172e-132,0.0,4.4692094238695697e-45
selected,0.9,163,148,VIABILITY,6,True,0,0,0,8.938418847739139e-45,4.4692094238695697e-45,6.731769690747636e-88,6.731769690747636e-88,2.0195309072242907e-87
selected,0.9,163,148,ALL,12,True,0,0,0,1.3407628271608708e-44,4.4692094238695697e-45,6.731769690747636e-88,0.0,4.4692094238695697e-45
selected,0.9,164,149,ALBUMIN,6,True,0,0,0,1.873138121312854e-45,1.873138121312854e-45,1.0349706397894547e-132,0.0,1.873138121312854e-45
selected,0.9,164,149,VIABILITY,6,True,0,0,0,3.746276242625708e-45,1.873138121312854e-45,1.4110992071290093e-88,1.4110992071290093e-88,4.2332976213870276e-88
selected,0.9,164,149,ALL,12,True,0,0,0,5.619414363938563e-45,1.873138121312854e-45,1.4110992071290093e-88,0.0,1.873138121312854e-45
selected,0.9,165,150,ALBUMIN,6,True,0,0,0,7.845968784383222e-46,7.845968784383222e-46,1.084178696928626e-133,0.0,7.845968784383222e-46
selected,0.9,165,150,VIABILITY,6,True,0,0,0,1.5691937568766444e-45,7.845968784383222e-46,2.956118829826948e-89,2.956118829826948e-89,8.868356489480845e-89
selected,0.9,165,150,ALL,12,True,0,0,0,2.3537906353149665e-45,7.845968784383222e-46,2.956118829826948e-89,0.0,7.845968784383222e-46
selected,0.9,166,151,ALBUMIN,6,True,0,0,0,3.2844626237661324e-46,3.2844626237661324e-46,1.1350436635124433e-134,0.0,3.2844626237661324e-46
selected,0.9,166,151,VIABILITY,6,True,0,0,0,6.568925247532265e-46,3.2844626237661324e-46,6.189072935203845e-90,6.189072935203845e-90,1.8567218805611533e-89
selected,0.9,166,151,ALL,12,True,0,0,0,9.853387871298398e-46,3.2844626237661324e-46,6.189072935203845e-90,0.0,3.2844626237661324e-46
selected,0.9,167,152,ALBUMIN,6,True,0,0,0,1.374125133605462e-46,1.374125133605462e-46,1.1875896546232978e-135,0.0,1.374125133605462e-46
selected,0.9,167,152,VIABILITY,6,True,0,0,0,2.748250267210924e-46,1.374125133605462e-46,1.2950065204843293e-90,1.2950065204843293e-90,3.8850195614529878e-90
selected,0.9,167,152,ALL,12,True,0,0,0,4.122375400816386e-46,1.374125133605462e-46,1.2950065204843293e-90,0.0,1.374125133605462e-46
selected,0.9,168,153,ALBUMIN,6,True,0,0,0,5.745603194279376e-47,5.745603194279376e-47,1.2418398686409403e-136,0.0,5.745603194279376e-47
selected,0.9,168,153,VIABILITY,6,True,0,0,0,1.1491206388558752e-46,5.745603194279376e-47,2.708096642710977e-91,2.708096642710977e-91,8.124289928132931e-91
selected,0.9,168,153,ALL,12,True,0,0,0,1.7236809582838129e-46,5.745603194279376e-47,2.708096642710977e-91,0.0,5.745603194279376e-47
selected,0.9,169,153,ALBUMIN,6,True,0,0,0,3.7728195761380324e-46,3.7728195761380324e-46,1.1875896546232974e-135,0.0,3.7728195761380324e-46
selected,0.9,169,153,VIABILITY,6,True,0,0,0,7.545639152276065e-46,3.7728195761380324e-46,2.3192033766975607e-90,2.3192033766975607e-90,6.957610130092682e-90
selected,0.9,169,153,ALL,12,True,0,0,0,1.1318458728414097e-45,3.7728195761380324e-46,2.3192033766975607e-90,0.0,3.7728195761380324e-46
selected,0.9,170,154,ALBUMIN,6,True,0,0,0,1.5858990697601672e-46,1.5858990697601672e-46,1.2484592627757626e-136,0.0,1.5858990697601672e-46
selected,0.9,170,154,VIABILITY,6,True,0,0,0,3.1717981395203343e-46,1.5858990697601672e-46,4.875709036813054e-91,4.875709036813054e-91,1.4627127110439161e-90
selected,0.9,170,154,ALL,12,True,0,0,0,4.7576972092805015e-46,1.5858990697601672e-46,4.875709036813054e-91,0.0,1.5858990697601672e-46
selected,0.9,171,155,ALBUMIN,6,True,0,0,0,6.662293453712085e-47,6.662293453712085e-47,1.3116529976541868e-137,0.0,6.662293453712085e-47
selected,0.9,171,155,VIABILITY,6,True,0,0,0,1.332458690742417e-46,6.662293453712085e-47,1.0244100830373785e-91,1.0244100830373785e-91,3.0732302491121353e-91
selected,0.9,171,155,ALL,12,True,0,0,0,1.9986880361136257e-46,6.662293453712085e-47,1.0244100830373785e-91,0.0,6.662293453712085e-47
selected,0.9,172,156,ALBUMIN,6,True,0,0,0,2.7971377456810643e-47,2.7971377456810643e-47,1.3772201347742004e-138,0.0,2.7971377456810643e-47
selected,0.9,172,156,VIABILITY,6,True,0,0,0,5.594275491362129e-47,2.7971377456810643e-47,2.1510486510110767e-92,2.1510486510110767e-92,6.45314595303323e-92
selected,0.9,172,156,ALL,12,True,0,0,0,8.391413237043193e-47,2.7971377456810643e-47,2.1510486510110767e-92,0.0,2.7971377456810643e-47
selected,0.9,173,157,ALBUMIN,6,True,0,0,0,1.1736779611112588e-47,1.1736779611112588e-47,1.4452093283034309e-139,0.0,1.1736779611112588e-47
selected,0.9,173,157,VIABILITY,6,True,0,0,0,2.3473559222225176e-47,1.1736779611112588e-47,4.514088770789817e-93,4.514088770789817e-93,1.354226631236945e-92
selected,0.9,173,157,ALL,12,True,0,0,0,3.5210338833337764e-47,1.1736779611112588e-47,4.514088770789817e-93,0.0,1.1736779611112588e-47
selected,0.9,174,158,ALBUMIN,6,True,0,0,0,4.9218923140406693e-48,4.9218923140406693e-48,1.5156685371266705e-140,0.0,4.9218923140406693e-48
selected,0.9,174,158,VIABILITY,6,True,0,0,0,9.843784628081339e-48,4.9218923140406693e-48,9.46752636240198e-94,9.46752636240198e-94,2.840257908720594e-93
selected,0.9,174,158,ALL,12,True,0,0,0,1.476567694212201e-47,4.9218923140406693e-48,9.46752636240198e-94,0.0,4.9218923140406693e-48
selected,0.9,175,159,ALBUMIN,6,True,0,0,0,2.0628437554137537e-48,2.0628437554137537e-48,1.5886449506040782e-141,0.0,2.0628437554137537e-48
selected,0.9,175,159,VIABILITY,6,True,0,0,0,4.1256875108275074e-48,2.0628437554137537e-48,1.9845066226595603e-94,1.9845066226595603e-94,5.953519867978681e-94
selected,0.9,175,159,ALL,12,True,0,0,0,6.188531266241262e-48,2.0628437554137537e-48,1.9845066226595603e-94,0.0,2.0628437554137537e-48
selected,0.9,176,160,ALBUMIN,6,True,0,0,0,8.640812570376886e-49,8.640812570376886e-49,1.664184914151246e-142,0.0,8.640812570376886e-49
selected,0.9,176,160,VIABILITY,6,True,0,0,0,1.7281625140753772e-48,8.640812570376886e-49,4.1573938162341415e-95,4.1573938162341415e-95,1.2472181448702425e-94
selected,0.9,176,160,ALL,12,True,0,0,0,2.592243771113066e-48,8.640812570376886e-49,4.1573938162341415e-95,0.0,8.640812570376886e-49
selected,0.9,177,161,ALBUMIN,6,True,0,0,0,3.617426862896227e-49,3.617426862896227e-49,1.7423338547710448e-143,0.0,3.617426862896227e-49
selected,0.9,177,161,VIABILITY,6,True,0,0,0,7.234853725792454e-49,3.617426862896227e-49,8.704529302536427e-96,8.704529302536427e-96,2.6113587907609282e-95
selected,0.9,177,161,ALL,12,True,0,0,0,1.0852280588688681e-48,3.617426862896227e-49,8.704529302536427e-96,0.0,3.617426862896227e-49
selected,0.9,178,162,ALBUMIN,6,True,0,0,0,1.5135776579886234e-49,1.5135776579886234e-49,1.823136206667969e-144,0.0,1.5135776579886234e-49
selected,0.9,178,162,VIABILITY,6,True,0,0,0,3.0271553159772467e-49,1.5135776579886234e-49,1.821494261796432e-96,1.821494261796432e-96,5.464482785389296e-96
selected,0.9,178,162,ALL,12,True,0,0,0,4.540732973965871e-49,1.5135776579886234e-49,1.821494261796432e-96,0.0,1.5135776579886234e-49
selected,0.9,179,162,ALBUMIN,6,True,0,0,0,9.905401937508024e-49,9.905401937508024e-49,1.737964050193721e-143,0.0,9.905401937508024e-49
selected,0.9,179,162,VIABILITY,6,True,0,0,0,1.9810803875016048e-48,9.905401937508024e-49,1.5549003922880104e-95,1.5549003922880104e-95,4.664701176864031e-95
selected,0.9,179,162,ALL,12,True,0,0,0,2.971620581252407e-48,9.905401937508024e-49,1.5549003922880104e-95,0.0,9.905401937508024e-49
selected,0.9,180,163,ALBUMIN,6,True,0,0,0,4.1653151948737945e-49,4.1653151948737945e-49,1.827708959253292e-144,0.0,4.1653151948737945e-49
selected,0.9,180,163,VIABILITY,6,True,0,0,0,8.330630389747589e-49,4.1653151948737945e-49,3.27010565754277e-96,3.27010565754277e-96,9.81031697262831e-96
selected,0.9,180,163,ALL,12,True,0,0,0,1.2495945584621384e-48,4.1653151948737945e-49,3.27010565754277e-96,0.0,4.1653151948737945e-49
selected,0.9,181,164,ALBUMIN,6,True,0,0,0,1.7505547772888434e-49,1.7505547772888434e-49,1.920982799175593e-145,0.0,1.7505547772888434e-49
selected,0.9,181,164,VIABILITY,6,True,0,0,0,3.501109554577687e-49,1.7505547772888434e-49,6.8734002767339e-97,6.8734002767339e-97,2.06202008302017e-96
selected,0.9,181,164,ALL,12,True,0,0,0,5.251664331866531e-49,1.7505547772888434e-49,6.8734002767339e-97,0.0,1.7505547772888434e-49
selected,0.9,182,165,ALBUMIN,6,True,0,0,0,7.352896539836722e-50,7.352896539836722e-50,2.017869051002882e-146,0.0,7.352896539836722e-50
selected,0.9,182,165,VIABILITY,6,True,0,0,0,1.4705793079673444e-49,7.352896539836722e-50,1.4438929712012899e-97,1.4438929712012899e-97,4.3316789136038696e-97
selected,0.9,182,165,ALL,12,True,0,0,0,2.2058689619510165e-49,7.352896539836722e-50,1.4438929712012899e-97,0.0,7.352896539836722e-50
selected,0.9,183,166,ALBUMIN,6,True,0,0,0,3.0867319813018615e-50,3.0867319813018615e-50,2.1184508146922842e-147,0.0,3.0867319813018615e-50
selected,0.9,183,166,VIABILITY,6,True,0,0,0,6.173463962603723e-50,3.0867319813018615e-50,3.031480019580754e-98,3.031480019580754e-98,9.094440058742263e-98
selected,0.9,183,166,ALL,12,True,0,0,0,9.260195943905583e-50,3.0867319813018615e-50,3.031480019580754e-98,0.0,3.0867319813018615e-50
selected,0.9,184,167,ALBUMIN,6,True,0,0,0,1.2950897226400623e-50,1.2950897226400623e-50,2.2228107043147617e-148,0.0,1.2950897226400623e-50
selected,0.9,184,167,VIABILITY,6,True,0,0,0,2.5901794452801247e-50,1.2950897226400623e-50,6.361119258170317e-99,6.361119258170317e-99,1.908335777451095e-98
selected,0.9,184,167,ALL,12,True,0,0,0,3.8852691679201877e-50,1.2950897226400623e-50,6.361119258170317e-99,0.0,1.2950897226400623e-50
selected,0.9,185,168,ALBUMIN,6,True,0,0,0,5.43080197476056e-51,5.43080197476056e-51,2.3310307418081064e-149,0.0,5.43080197476056e-51
selected,0.9,185,168,VIABILITY,6,True,0,0,0,1.086160394952112e-50,5.43080197476056e-51,1.3340564779875437e-99,1.3340564779875437e-99,4.0021694339626315e-99
selected,0.9,185,168,ALL,12,True,0,0,0,1.6292405924281684e-50,5.43080197476056e-51,1.3340564779875437e-99,0.0,5.43080197476056e-51
selected,0.9,186,169,ALBUMIN,6,True,0,0,0,2.2761134905124613e-51,2.2761134905124613e-51,2.4431922494426873e-150,0.0,2.2761134905124613e-51
selected,0.9,186,169,VIABILITY,6,True,0,0,0,4.5522269810249226e-51,2.2761134905124613e-51,2.7962721003537444e-100,2.7962721003537444e-100,8.388816301061233e-100
selected,0.9,186,169,ALL,12,True,0,0,0,6.828340471537384e-51,2.2761134905124613e-51,2.7962721003537444e-100,0.0,2.2761134905124613e-51
selected,0.9,187,170,ALBUMIN,6,True,0,0,0,9.534376763222182e-52,9.534376763222182e-52,2.5593757411626305e-151,0.0,9.534376763222182e-52
selected,0.9,187,170,VIABILITY,6,True,0,0,0,1.9068753526444363e-51,9.534376763222182e-52,5.858033053229928e-101,5.858033053229928e-101,1.7574099159689785e-100
selected,0.9,187,170,ALL,12,True,0,0,0,2.860313028966655e-51,9.534376763222182e-52,5.858033053229928e-101,0.0,9.534376763222182e-52
selected,0.9,188,171,ALBUMIN,6,True,0,0,0,3.991735256139264e-52,3.991735256139264e-52,2.679660812968537e-152,0.0,3.991735256139264e-52
selected,0.9,188,171,VIABILITY,6,True,0,0,0,7.983470512278528e-52,3.991735256139264e-52,1.226574625546451e-101,1.226574625546451e-101,3.679723876639353e-101
selected,0.9,188,171,ALL,12,True,0,0,0,1.1975205768417795e-51,3.991735256139264e-52,1.226574625546451e-101,0.0,3.991735256139264e-52
selected,0.9,189,171,ALBUMIN,6,True,0,0,0,2.604499670231047e-51,2.604499670231047e-51,2.54725188052842e-151,0.0,2.604499670231047e-51
selected,0.9,189,171,VIABILITY,6,True,0,0,0,5.208999340462094e-51,2.604499670231047e-51,1.0440481338821518e-100,1.0440481338821518e-100,3.1321444016464555e-100
selected,0.9,189,171,ALL,12,True,0,0,0,7.813499010693141e-51,2.604499670231047e-51,1.0440481338821518e-100,0.0,2.604499670231047e-51
selected,0.9,190,172,ALBUMIN,6,True,0,0,0,1.0955923081245957e-51,1.0955923081245957e-51,2.6796608129685354e-152,0.0,1.0955923081245957e-51
selected,0.9,190,172,VIABILITY,6,True,0,0,0,2.1911846162491915e-51,1.0955923081245957e-51,2.1964595427333004e-101,2.1964595427333004e-101,6.589378628199901e-101
selected,0.9,190,172,ALL,12,True,0,0,0,3.2867769243737874e-51,1.0955923081245957e-51,2.1964595427333004e-101,0.0,1.0955923081245957e-51
selected,0.9,191,173,ALBUMIN,6,True,0,0,0,4.606146806600873e-52,4.606146806600873e-52,2.817410906318942e-153,0.0,4.606146806600873e-52
selected,0.9,191,173,VIABILITY,6,True,0,0,0,9.212293613201745e-52,4.606146806600873e-52,4.6183701642459366e-102,4.6183701642459366e-102,1.385511049273781e-101
selected,0.9,191,173,ALL,12,True,0,0,0,1.3818440419802618e-51,4.606146806600873e-52,4.6183701642459366e-102,0.0,4.606146806600873e-52
selected,0.9,192,174,ALBUMIN,6,True,0,0,0,1.9355004681319233e-52,1.9355004681319233e-52,2.9606399210865575e-154,0.0,1.9355004681319233e-52
selected,0.9,192,174,VIABILITY,6,True,0,0,0,3.871000936263847e-52,1.9355004681319233e-52,9.705540065254525e-103,9.705540065254525e-103,2.9116620195763573e-102
selected,0.9,192,174,ALL,12,True,0,0,0,5.806501404395771e-52,1.9355004681319233e-52,9.705540065254525e-103,0.0,1.9355004681319233e-52
selected,0.9,193,175,ALBUMIN,6,True,0,0,0,8.128642404668158e-53,8.128642404668158e-53,3.10948582671806e-155,0.0,8.128642404668158e-53
selected,0.9,193,175,VIABILITY,6,True,0,0,0,1.6257284809336316e-52,8.128642404668158e-53,2.0385373035431695e-103,2.0385373035431695e-103,6.115611910629508e-103
selected,0.9,193,175,ALL,12,True,0,0,0,2.4385927214004478e-52,8.128642404668158e-53,2.0385373035431695e-103,0.0,8.128642404668158e-53
selected,0.9,194,176,ALBUMIN,6,True,0,0,0,3.4120428522465884e-53,3.4120428522465884e-53,3.264086658252869e-156,0.0,3.4120428522465884e-53
selected,0.9,194,176,VIABILITY,6,True,0,0,0,6.824085704493177e-53,3.4120428522465884e-53,4.279451587700605e-104,4.279451587700605e-104,1.2838354763101816e-103
selected,0.9,194,176,ALL,12,True,0,0,0,1.0236128556739764e-52,3.4120428522465884e-53,4.279451587700605e-104,0.0,3.4120428522465884e-53
selected,0.9,195,177,ALBUMIN,6,True,0,0,0,1.4314794038271432e-53,1.4314794038271432e-53,3.4245803696932994e-157,0.0,1.4314794038271432e-53
selected,0.9,195,177,VIABILITY,6,True,0,0,0,2.8629588076542865e-53,1.4314794038271432e-53,8.979053097137774e-105,8.979053097137774e-105,2.6937159291413322e-104
selected,0.9,195,177,ALL,12,True,0,0,0,4.294438211481431e-53,1.4314794038271432e-53,8.979053097137774e-105,0.0,1.4314794038271432e-53
selected,0.9,196,178,ALBUMIN,6,True,0,0,0,6.002501922225329e-54,6.002501922225329e-54,3.591104684272786e-158,0.0,6.002501922225329e-54
selected,0.9,196,178,VIABILITY,6,True,0,0,0,1.2005003844450658e-53,6.002501922225329e-54,1.88299149684257e-105,1.88299149684257e-105,5.64897449052771e-105
selected,0.9,196,178,ALL,12,True,0,0,0,1.8007505766675989e-53,6.002501922225329e-54,1.88299149684257e-105,0.0,6.002501922225329e-54
selected,0.9,197,179,ALBUMIN,6,True,0,0,0,2.5156977387153556e-54,2.5156977387153556e-54,3.7637969418107814e-159,0.0,2.5156977387153556e-54
selected,0.9,197,179,VIABILITY,6,True,0,0,0,5.031395477430711e-54,2.5156977387153556e-54,3.9467895146230423e-106,3.9467895146230423e-106,1.1840368543869127e-105
selected,0.9,197,179,ALL,12,True,0,0,0,7.547093216146066e-54,2.5156977387153556e-54,3.9467895146230423e-106,0.0,2.5156977387153556e-54
selected,0.9,198,180,ALBUMIN,6,True,0,0,0,1.0538186769404892e-54,1.0538186769404892e-54,3.9427939433503594e-160,0.0,1.0538186769404892e-54
selected,0.9,198,180,VIABILITY,6,True,0,0,0,2.1076373538809785e-54,1.0538186769404892e-54,8.268366394976094e-107,8.268366394976094e-107,2.480509918492828e-106
selected,0.9,198,180,ALL,12,True,0,0,0,3.161456030821468e-54,1.0538186769404892e-54,8.268366394976094e-107,0.0,1.0538186769404892e-54
selected,0.9,199,180,ALBUMIN,6,True,0,0,0,6.857368636467779e-54,6.857368636467779e-54,3.738462223408707e-159,0.0,6.857368636467779e-54
selected,0.9,199,180,VIABILITY,6,True,0,0,0,1.3714737272935557e-53,6.857368636467779e-54,7.01982580516012e-106,7.01982580516012e-106,2.105947741548036e-105
selected,0.9,199,180,ALL,12,True,0,0,0,2.0572105909403336e-53,6.857368636467779e-54,7.01982580516012e-106,0.0,6.857368636467779e-54
selected,0.9,200,181,ALBUMIN,6,True,0,0,0,2.88546817474897e-54,2.88546817474897e-54,3.933946898829e-160,0.0,2.88546817474897e-54
selected,0.9,200,181,VIABILITY,6,True,0,0,0,5.77093634949794e-54,2.88546817474897e-54,1.4772643375843863e-106,1.4772643375843863e-106,4.431793012753159e-106
selected,0.9,200,181,ALL,12,True,0,0,0,8.656404524246911e-54,2.88546817474897e-54,1.4772643375843863e-106,0.0,2.88546817474897e-54
selected,0.8,5,5,ALBUMIN,6,False,0,0,0,0.01019367542575465,0.008023307944637018,7.835261664684588e-06,0.0,0.008038978467966387
selected,0.8,5,5,VIABILITY,6,False,0,0,0,0.017049529382353663,0.008023307944637018,0.0002507283732699068,0.0002507283732699068,0.0007521851198097206
selected,0.8,5,5,ALL,12,False,0,0,0,0.027243204808108313,0.008023307944637018,0.0002507283732699068,0.0,0.008791163587776108
selected,0.8,6,6,ALBUMIN,6,False,0,0,0,0.0036497395049497447,0.003056498264623626,7.462153966366274e-07,0.0,0.0030579906954168994
selected,0.8,6,6,VIABILITY,6,False,0,0,0,0.006304027670786229,0.003056498264623626,4.7757785384744155e-05,4.7757785384744155e-05,0.00014327335615423246
selected,0.8,6,6,ALL,12,False,0,0,0,0.009953767175735973,0.003056498264623626,4.7757785384744155e-05,0.0,0.0032012640515711316
selected,0.8,7,7,ALBUMIN,6,False,0,0,0,0.0013290451554763398,0.0011643802912851906,7.106813301301212e-08,0.0,0.0011645224275512165
selected,0.8,7,7,VIABILITY,6,False,0,0,0,0.0023651474666730437,0.0011643802912851906,9.096721025665552e-06,9.096721025665552e-06,2.7290163076996657e-05
selected,0.8,7,7,ALL,12,False,0,0,0,0.003694192622149383,0.0011643802912851906,9.096721025665552e-06,0.0,0.0011918125906282134
selected,0.8,8,8,ALBUMIN,6,False,0,0,0,0.0004897271203958564,0.0004435734442991202,6.768393620286869e-09,0.0,0.0004435869810863608
selected,0.8,8,8,VIABILITY,6,False,0,0,0,0.0008940777236654142,0.0004435734442991202,1.7327087667934384e-06,1.7327087667934384e-06,5.198126300380316e-06
selected,0.8,8,8,ALL,12,False,0,0,0,0.0013838048440612707,0.0004435734442991202,1.7327087667934384e-06,0.0,0.00044878510738674115
selected,0.8,9,8,ALBUMIN,6,False,0,0,0,0.0029515478754519155,0.002640318120828097,5.575867125283944e-08,0.0,0.002640429638170602
selected,0.8,9,8,VIABILITY,6,False,0,0,0,0.005332452484777445,0.002640318120828097,1.2954060780312849e-05,1.2954060780312849e-05,3.8862182340938553e-05
selected,0.8,9,8,ALL,12,False,0,0,0,0.00828400036022936,0.002640318120828097,1.2954060780312849e-05,0.0,0.002679291820511541
selected,0.8,10,9,ALBUMIN,6,False,0,0,0,0.0012074412719323957,0.0011104423639597023,5.893567233991287e-09,0.0,0.00111045415109417
selected,0.8,10,9,VIABILITY,6,False,0,0,0,0.002231823188705692,0.0011104423639597023,2.734615196571957e-06,2.734615196571957e-06,8.20384558971587e-06
selected,0.8,10,9,ALL,12,False,0,0,0,0.003439264460638088,0.0011104423639597023,2.734615196571957e-06,0.0,0.0011186579966838864
selected,0.8,11,10,ALBUMIN,6,False,0,0,0,0.0004929675511464555,0.0004628759060259905,6.168366499861913e-10,0.0,0.0004628771396992905
selected,0.8,11,10,VIABILITY,6,False,0,0,0,0.0009280388903335147,0.0004628759060259905,5.717695703834086e-07,5.717695703834086e-07,1.7153087111502258e-06
selected,0.8,11,10,ALL,12,False,0,0,0,0.00142100644147997,0.0004628759060259905,5.717695703834086e-07,0.0,0.00046459244841044067
selected,0.8,12,11,ALBUMIN,6,False,0,0,0,0.00020080716690671174,0.00019151472365376833,6.403630309041932e-11,0.0,0.00019151485172637454
selected,0.8,12,11,VIABILITY,6,False,0,0,0,0.0003835038549690266,0.00019151472365376833,1.1860191537247468e-07,1.1860191537247468e-07,3.5580574611742405e-07
selected,0.8,12,11,ALL,12,False,0,0,0,0.0005843110218757383,0.00019151472365376833,1.1860191537247468e-07,0.0,0.00019187065747249197
selected,0.8,13,12,ALBUMIN,6,False,0,0,0,8.159813249268005e-05,7.874124526531242e-05,6.602500815533916e-12,0.0,7.874125847031405e-05
selected,0.8,13,12,VIABILITY,6,False,0,0,0,0.0001575802393619758,7.874124526531242e-05,2.4437207837735165e-08,2.4437207837735165e-08,7.33116235132055e-08
selected,0.8,13,12,ALL,12,False,0,0,0,0.00023917837185465584,7.874124526531242e-05,2.4437207837735165e-08,0.0,7.881457009382726e-05
selected,0.8,14,12,ALBUMIN,6,False,0,0,0,0.00037274005789465585,0.0003579898584176795,4.215675936665343e-11,0.0,0.0003579899427311982
selected,0.8,14,12,VIABILITY,6,False,0,0,0,0.0007165438051706914,0.0003579898584176795,1.4102208383312693e-07,1.4102208383312693e-07,4.230662514993808e-07
selected,0.8,14,12,ALL,12,False,0,0,0,0.0010892838630653472,0.0003579898584176795,1.4102208383312693e-07,0.0,0.0003584130089826976
selected,0.8,15,13,ALBUMIN,6,False,0,0,0,0.00016113644073293573,0.0001563103044743033,4.627264229360607e-12,0.0,0.0001563103137288317
selected,0.8,15,13,VIABILITY,6,False,0,0,0,0.00031274426553017863,0.0001563103044743033,3.091414539303471e-08,3.091414539303471e-08,9.274243617910413e-08
selected,0.8,15,13,ALL,12,False,0,0,0,0.00047388070626311443,0.0001563103044743033,3.091414539303471e-08,0.0,0.0001564030561650108
selected,0.8,16,14,ALBUMIN,6,False,0,0,0,6.922653442830763e-05,6.765995109259944e-05,5.031438846031545e-13,0.0,6.765995209888721e-05
selected,0.8,16,14,VIABILITY,6,False,0,0,0,0.00013534676057913136,6.765995109259944e-05,6.714598483124328e-09,6.714598483124328e-09,2.0143795449372984e-08
selected,0.8,16,14,ALL,12,False,0,0,0,0.000204573295007439,6.765995109259944e-05,6.714598483124328e-09,0.0,6.768009589433658e-05
selected,0.8,17,15,ALBUMIN,6,False,0,0,0,2.9568754155959655e-05,2.9063878871993688e-05,5.426003755472423e-14,0.0,2.9063878980513764e-05
selected,0.8,17,15,VIABILITY,6,False,0,0,0,5.813354442360376e-05,2.9063878871993688e-05,1.4466699040962194e-09,1.4466699040962194e-09,4.340009712288658e-09
selected,0.8,17,15,ALL,12,False,0,0,0,8.770229857956341e-05,2.9063878871993688e-05,1.4466699040962194e-09,0.0,2.9068218990226052e-05
selected,0.8,18,16,ALBUMIN,6,False,0,0,0,1.2561830750689191e-05,1.2400177849763906e-05,5.809082635211127e-15,0.0,1.2400177861382072e-05
selected,0.8,18,16,VIABILITY,6,False,0,0,0,2.4801593564625163e-05,1.2400177849763906e-05,3.0946627433777023e-10,3.0946627433777023e-10,9.283988230133108e-10
selected,0.8,18,16,ALL,12,False,0,0,0,3.736342431531435e-05,1.2400177849763906e-05,3.0946627433777023e-10,0.0,1.2401106260205086e-05
selected,0.8,19,16,ALBUMIN,6,False,0,0,0,5.123802151675069e-05,5.0488637329146274e-05,3.3495342589218614e-14,0.0,5.0488637396136965e-05
selected,0.8,19,16,VIABILITY,6,False,0,0,0,0.00010098371116855451,5.0488637329146274e-05,1.6091275654902832e-09,1.6091275654902832e-09,4.827382696470849e-09
selected,0.8,19,16,ALL,12,False,0,0,0,0.00015222173268530521,5.0488637329146274e-05,1.6091275654902832e-09,0.0,5.0493464778833434e-05
selected,0.8,20,17,ALBUMIN,6,False,0,0,0,2.2739800387440048e-05,2.2489085271386016e-05,3.749093055299855e-15,0.0,2.2489085278884202e-05
selected,0.8,20,17,VIABILITY,6,False,0,0,0,4.4979609545926345e-05,2.2489085271386016e-05,3.5975078857878995e-10,3.5975078857878995e-10,1.0792523657363699e-09
selected,0.8,20,17,ALL,12,False,0,0,0,6.771940993336639e-05,2.2489085271386016e-05,3.5975078857878995e-10,0.0,2.2490164531249935e-05
selected,0.8,21,18,ALBUMIN,6,False,0,0,0,1.0023501681565523e-05,9.940266421969663e-06,4.1617994225573706e-16,0.0,9.940266422802024e-06
selected,0.8,21,18,VIABILITY,6,False,0,0,0,1.9880851957545713e-05,9.940266421969663e-06,7.977840159582238e-11,7.977840159582238e-11,2.393352047874672e-10
selected,0.8,21,18,ALL,12,False,0,0,0,2.990435363911123e-05,9.940266421969663e-06,7.977840159582238e-11,0.0,9.940505758006811e-06
selected,0.8,22,19,ALBUMIN,6,True,0,0,0,4.390453350307601e-06,4.36301360000684e-06,4.585626302861282e-17,0.0,4.363013600098553e-06
selected,0.8,22,19,VIABILITY,6,True,0,0,0,8.726097449276082e-06,4.36301360000684e-06,1.7562315599607365e-11,1.7562315599607365e-11,5.26869467988221e-11
selected,0.8,22,19,ALL,12,True,0,0,0,1.311655079958368e-05,4.36301360000684e-06,1.7562315599607365e-11,0.0,4.363066287045352e-06
selected,0.8,23,20,ALBUMIN,6,True,0,0,0,1.911859951010736e-06,1.902872004354067e-06,5.018564066223183e-18,0.0,1.9028720043641042e-06
selected,0.8,23,20,VIABILITY,6,True,0,0,0,3.8057593705964207e-06,1.902872004354067e-06,3.84047207162009e-12,3.84047207162009e-12,1.152141621486027e-11
selected,0.8,23,20,ALL,12,True,0,0,0,5.717619321607157e-06,1.902872004354067e-06,3.84047207162009e-12,0.0,1.9028835257803192e-06
selected,0.8,24,20,ALBUMIN,6,True,0,0,0,7.331047704471197e-06,7.291753594831573e-06,2.7382065878960372e-17,0.0,7.291753594886337e-06
selected,0.8,24,20,VIABILITY,6,True,0,0,0,1.4583582666294508e-05,7.291753594831573e-06,1.886915784036806e-11,1.886915784036806e-11,5.660747352110418e-11
selected,0.8,24,20,ALL,12,True,0,0,0,2.1914630370765705e-05,7.291753594831573e-06,1.886915784036806e-11,0.0,7.291810202359858e-06
selected,0.8,25,21,ALBUMIN,6,True,0,0,0,3.3019000942710618e-06,3.2885844133339964e-06,3.101692482274281e-18,0.0,3.2885844133401996e-06
selected,0.8,25,21,VIABILITY,6,True,0,0,0,6.5771859061203666e-06,3.2885844133339964e-06,4.269863093584317e-12,4.269863093584317e-12,1.2809589280752951e-11
selected,0.8,25,21,ALL,12,True,0,0,0,9.87908600039143e-06,3.2885844133339964e-06,4.269863093584317e-12,0.0,3.28859722292948e-06
selected,0.8,26,22,ALBUMIN,6,True,0,0,0,1.477569321855404e-06,1.4730881858974549e-06,3.4881567992891957e-19,0.0,1.4730881858981524e-06
selected,0.8,26,22,VIABILITY,6,True,0,0,0,2.946180209256584e-06,1.4730881858974549e-06,9.593654185766664e-13,9.593654185766664e-13,2.8780962557299995e-12
selected,0.8,26,22,ALL,12,True,0,0,0,4.423749531111988e-06,1.4730881858974549e-06,9.593654185766664e-13,0.0,1.473091063994408e-06
selected,0.8,27,23,ALBUMIN,6,True,0,0,0,6.572203344591025e-07,6.557219189996173e-07,3.896807447013423e-20,0.0,6.557219189996952e-07
selected,0.8,27,23,VIABILITY,6,True,0,0,0,1.3114446945798855e-06,6.557219189996173e-07,2.1414516273078845e-13,2.1414516273078845e-13,6.424354881923653e-13
selected,0.8,27,23,ALL,12,True,0,0,0,1.968665029038988e-06,6.557219189996173e-07,2.1414516273078845e-13,0.0,6.557225614351834e-07
selected,0.8,28,24,ALBUMIN,6,True,0,0,0,2.9068974620087656e-07,2.9019166299561573e-07,4.326727275984325e-21,0.0,2.9019166299562436e-07
selected,0.8,28,24,VIABILITY,6,True,0,0,0,5.803835160394796e-07,2.9019166299561573e-07,4.7512062044753675e-14,4.7512062044753675e-14,1.42536186134261e-13
selected,0.8,28,24,ALL,12,True,0,0,0,8.710732622403561e-07,2.9019166299561573e-07,4.7512062044753675e-14,0.0,2.9019180553181045e-07
selected,0.8,29,24,ALBUMIN,6,True,0,0,0,1.072088068411778e-06,1.0699895424708191e-06,2.2802112446197602e-20,0.0,1.0699895424708647e-06
selected,0.8,29,24,VIABILITY,6,True,0,0,0,2.1399799859577825e-06,1.0699895424708191e-06,2.2525403610985743e-13,2.2525403610985743e-13,6.757621083295724e-13
selected,0.8,29,24,ALL,12,True,0,0,0,3.212068054369561e-06,1.0699895424708191e-06,2.2525403610985743e-13,0.0,1.069990218232973e-06
selected,0.8,30,25,ALBUMIN,6,True,0,0,0,4.874055218617402e-07,4.866883508792483e-07,2.6038242938414203e-21,0.0,4.866883508792536e-07
selected,0.8,30,25,VIABILITY,6,True,0,0,0,9.733769073239014e-07,4.866883508792483e-07,5.139135116125396e-14,5.139135116125396e-14,1.5417405348376188e-13
selected,0.8,30,25,ALL,12,True,0,0,0,1.4607824291856418e-06,4.866883508792483e-07,5.139135116125396e-14,0.0,4.866885050533071e-07
selected,0.8,31,26,ALBUMIN,6,True,0,0,0,2.2027996101843499e-07,2.200363775802445e-07,2.9544850500071394e-22,0.0,2.200363775802451e-07
selected,0.8,31,26,VIABILITY,6,True,0,0,0,4.4007280176572455e-07,2.200363775802445e-07,1.1651308887287436e-14,1.1651308887287436e-14,3.49539266618623e-14
selected,0.8,31,26,ALL,12,True,0,0,0,6.603527627841594e-07,2.200363775802445e-07,1.1651308887287436e-14,0.0,2.2003641253417176e-07
selected,0.8,32,27,ALBUMIN,6,True,0,0,0,9.900198629772106e-08,9.891973036751017e-08,3.33252469272272e-23,0.0,9.891973036751025e-08
selected,0.8,32,27,VIABILITY,6,True,0,0,0,1.9783947123941163e-07,9.891973036751017e-08,2.6260978214049323e-15,2.6260978214049323e-15,7.878293464214797e-15
selected,0.8,32,27,ALL,12,True,0,0,0,2.968414575371327e-07,9.891973036751017e-08,2.6260978214049323e-15,0.0,9.891973824580368e-08
selected,0.8,33,28,ALBUMIN,6,True,0,0,0,4.4263298484002375e-08,4.4235670955764145e-08,3.7381419594967714e-24,0.0,4.423567095576415e-08
selected,0.8,33,28,VIABILITY,6,True,0,0,0,8.847134426616989e-08,4.4235670955764145e-08,5.88660402651915e-16,5.88660402651915e-16,1.765981207955745e-15
selected,0.8,33,28,ALL,12,True,0,0,0,1.3273464275017227e-07,4.4235670955764145e-08,5.88660402651915e-16,0.0,4.4235672721745354e-08
selected,0.8,34,28,ALBUMIN,6,True,0,0,0,1.5892526653019806e-07,1.5881179543751767e-07,1.9236149323546038e-23,0.0,1.588117954375177e-07
selected,0.8,34,28,VIABILITY,6,True,0,0,0,3.176236017675099e-07,1.5881179543751767e-07,2.723118650869361e-15,2.723118650869361e-15,8.169355952608082e-15
selected,0.8,34,28,ALL,12,True,0,0,0,4.76548868297708e-07,1.5881179543751767e-07,2.723118650869361e-15,0.0,1.5881180360687365e-07
selected,0.8,35,29,ALBUMIN,6,True,0,0,0,7.272385941464751e-08,7.26848447216417e-08,2.2094269473966732e-24,0.0,7.268484472164172e-08
selected,0.8,35,29,VIABILITY,6,True,0,0,0,1.453696919431263e-07,7.26848447216417e-08,6.249607129957493e-16,6.249607129957493e-16,1.874882138987248e-15
selected,0.8,35,29,ALL,12,True,0,0,0,2.1809355135777378e-07,7.26848447216417e-08,6.249607129957493e-16,0.0,7.268484659652386e-08
selected,0.8,36,30,ALBUMIN,6,True,0,0,0,3.309958700494984e-08,3.308624669135392e-08,2.52332421402493e-25,0.0,3.3086246691353925e-08
selected,0.8,36,30,VIABILITY,6,True,0,0,0,6.617249395321006e-08,3.308624669135392e-08,1.426255548638845e-16,1.426255548638845e-16,4.278766645916534e-16
selected,0.8,36,30,ALL,12,True,0,0,0,9.92720809581599e-08,3.308624669135392e-08,1.426255548638845e-16,0.0,3.308624711923059e-08
selected,0.8,37,31,ALBUMIN,6,True,0,0,0,1.4988568173287497e-08,1.4984030448936647e-08,2.8664475574586646e-26,0.0,1.4984030448936644e-08
selected,0.8,37,31,VIABILITY,6,True,0,0,0,2.996806102738336e-08,1.4984030448936647e-08,3.2377518719458244e-17,3.2377518719458244e-17,9.713255615837474e-17
selected,0.8,37,31,ALL,12,True,0,0,0,4.4956629200670854e-08,1.4984030448936647e-08,3.2377518719458244e-17,0.0,1.4984030546069197e-08
selected,0.8,38,32,ALBUMIN,6,True,0,0,0,6.75475838156773e-09,6.753222449312198e-09,3.2398550042870054e-27,0.0,6.7532224493121984e-09
selected,0.8,38,32,VIABILITY,6,True,0,0,0,1.3506444927878192e-08,6.753222449312198e-09,7.313449058359801e-18,7.313449058359801e-18,2.19403471750794e-17
selected,0.8,38,32,ALL,12,True,0,0,0,2.0261203309445922e-08,6.753222449312198e-09,7.313449058359801e-18,0.0,6.753222471252545e-09
selected,0.8,39,32,ALBUMIN,6,True,0,0,0,2.37809491201983e-08,2.377475736010016e-08,1.6384556795734434e-26,0.0,2.377475736010016e-08
selected,0.8,39,32,VIABILITY,6,True,0,0,0,4.754951485312047e-08,2.377475736010016e-08,3.3230038095686076e-17,3.3230038095686076e-17,9.969011428705823e-17
selected,0.8,39,32,ALL,12,True,0,0,0,7.133046397331877e-08,2.377475736010016e-08,3.3230038095686076e-17,0.0,2.3774757459790274e-08
selected,0.8,40,33,ALBUMIN,6,True,0,0,0,1.0934755874545146e-08,1.0932617181871738e-08,1.8901758024865984e-27,0.0,1.0932617181871738e-08
selected,0.8,40,33,VIABILITY,6,True,0,0,0,2.186523439438566e-08,1.0932617181871738e-08,7.660546232966847e-18,7.660546232966847e-18,2.298163869890054e-17
selected,0.8,40,33,ALL,12,True,0,0,0,3.2799990268930816e-08,1.0932617181871738e-08,7.660546232966847e-18,0.0,1.0932617204853376e-08
selected,0.8,41,34,ALBUMIN,6,True,0,0,0,5.00335963909137e-09,5.002624603180407e-09,2.169427873930531e-28,0.0,5.002624603180408e-09
selected,0.8,41,34,VIABILITY,6,True,0,0,0,1.000524921338904e-08,5.002624603180407e-09,1.75705604821205e-18,1.75705604821205e-18,5.2711681446361505e-18
selected,0.8,41,34,ALL,12,True,0,0,0,1.500860885248041e-08,5.002624603180407e-09,1.75705604821205e-18,0.0,5.002624608451575e-09
selected,0.8,42,35,ALBUMIN,6,True,0,0,0,2.2787337779005663e-09,2.2784823541457334e-09,2.4778771654018555e-29,0.0,2.2784823541457334e-09
selected,0.8,42,35,VIABILITY,6,True,0,0,0,4.556964709895756e-09,2.2784823541457334e-09,4.010723082963823e-19,4.010723082963823e-19,1.203216924889147e-18
selected,0.8,42,35,ALL,12,True,0,0,0,6.835698487796323e-09,2.2784823541457334e-09,4.010723082963823e-19,0.0,2.2784823553489503e-09
selected,0.8,43,36,ALBUMIN,6,True,0,0,0,1.033245797186155e-09,1.033160183158454e-09,2.8171698552717496e-30,0.0,1.033160183158454e-09
selected,0.8,43,36,VIABILITY,6,True,0,0,0,2.066320366681441e-09,1.033160183158454e-09,9.113316774422972e-20,9.113316774422972e-20,2.733995032326892e-19
selected,0.8,43,36,ALL,12,True,0,0,0,3.099566163867596e-09,1.033160183158454e-09,9.113316774422972e-20,0.0,1.0331601834318536e-09
selected,0.8,44,36,ALBUMIN,6,True,0,0,0,3.583445831130021e-09,3.583105580894313e-09,1.4059418395106426e-29,0.0,3.583105580894313e-09
selected,0.8,44,36,VIABILITY,6,True,0,0,0,7.166211163422433e-09,3.583105580894313e-09,4.084518116428622e-19,4.084518116428622e-19,1.2253554349285865e-18
selected,0.8,44,36,ALL,12,True,0,0,0,1.0749656994552455e-08,3.583105580894313e-09,4.084518116428622e-19,0.0,3.5831055821196683e-09
selected,0.8,45,37,ALBUMIN,6,True,0,0,0,1.6538997631007616e-09,1.653781814353425e-09,1.627513925130514e-30,0.0,1.653781814353425e-09
selected,0.8,45,37,VIABILITY,6,True,0,0,0,3.307563629084814e-09,1.653781814353425e-09,9.44910369918343e-20,9.44910369918343e-20,2.834731109755029e-19
selected,0.8,45,37,ALL,12,True,0,0,0,4.961463392185575e-09,1.653781814353425e-09,9.44910369918343e-20,0.0,1.653781814636898e-09
selected,0.8,46,38,ALBUMIN,6,True,0,0,0,7.599273341067803e-10,7.598866329445194e-10,1.8752499038426942e-31,0.0,7.598866329445193e-10
selected,0.8,46,38,VIABILITY,6,True,0,0,0,1.519773265976074e-09,7.598866329445194e-10,2.1758811203951403e-20,2.1758811203951403e-20,6.52764336118542e-20
selected,0.8,46,38,ALL,12,True,0,0,0,2.2797006000828546e-09,7.598866329445194e-10,2.1758811203951403e-20,0.0,7.598866330097958e-10
selected,0.8,47,39,ALBUMIN,6,True,0,0,0,3.476782776089526e-10,3.476642936481822e-10,2.1511228483699867e-32,0.0,3.476642936481822e-10
selected,0.8,47,39,VIABILITY,6,True,0,0,0,6.953285873163183e-10,3.476642936481822e-10,4.988473428299199e-21,4.988473428299199e-21,1.4965420284897596e-20
selected,0.8,47,39,ALL,12,True,0,0,0,1.043006864925271e-09,3.476642936481822e-10,4.988473428299199e-21,0.0,3.4766429366314763e-10
selected,0.8,48,40,ALBUMIN,6,True,0,0,0,1.584192619500188e-10,1.584144773167746e-10,2.4571459212413327e-33,0.0,1.584144773167746e-10
selected,0.8,48,40,VIABILITY,6,True,0,0,0,3.168289546381047e-10,1.584144773167746e-10,1.1388720829724422e-21,1.1388720829724422e-21,3.4166162489173264e-21
selected,0.8,48,40,ALL,12,True,0,0,0,4.752482165881236e-10,1.584144773167746e-10,1.1388720829724422e-21,0.0,1.5841447732019122e-10
selected,0.8,49,40,ALBUMIN,6,True,0,0,0,5.429408433109631e-10,5.429220406567773e-10,1.2135410079950432e-32,0.0,5.429220406567772e-10
selected,0.8,49,40,VIABILITY,6,True,0,0,0,1.0858440813337527e-09,5.429220406567773e-10,5.049578211558352e-21,5.049578211558352e-21,1.5148734634675056e-20
selected,0.8,49,40,ALL,12,True,0,0,0,1.628784924644716e-09,5.429220406567773e-10,5.049578211558352e-21,0.0,5.42922040671926e-10
selected,0.8,50,41,ALBUMIN,6,True,0,0,0,2.5134367534268094e-10,2.5133713845727524e-10,1.408667304047847e-33,0.0,2.5133713845727524e-10
selected,0.8,50,41,VIABILITY,6,True,0,0,0,5.026742769192363e-10,2.5133713845727524e-10,1.171461300710658e-21,1.171461300710658e-21,3.5143839021319734e-21
selected,0.8,50,41,ALL,12,True,0,0,0,7.540179522619173e-10,2.5133713845727524e-10,1.171461300710658e-21,0.0,2.513371384607896e-10
selected,0.8,51,42,ALBUMIN,6,True,0,0,0,1.1587603235772496e-10,1.1587376925890031e-10,1.628202917478955e-34,0.0,1.1587376925890033e-10
selected,0.8,51,42,VIABILITY,6,True,0,0,0,2.3174753851888312e-10,1.1587376925890031e-10,2.706211355892419e-22,2.706211355892419e-22,8.118634067677257e-22
selected,0.8,51,42,ALL,12,True,0,0,0,3.476235708766081e-10,1.1587376925890031e-10,2.706211355892419e-22,0.0,1.1587376925971218e-10
selected,0.8,52,43,ALBUMIN,6,True,0,0,0,5.321122236731806e-11,5.321044201067245e-11,1.8742746107765012e-35,0.0,5.321044201067246e-11
selected,0.8,52,43,VIABILITY,6,True,0,0,0,1.0642088402159396e-10,5.321044201067245e-11,6.226354637748595e-23,6.226354637748595e-23,1.8679063913245786e-22
selected,0.8,52,43,ALL,12,True,0,0,0,1.5963210638891203e-10,5.321044201067245e-11,6.226354637748595e-23,0.0,5.3210442010859246e-11
selected,0.8,53,44,ALBUMIN,6,True,0,0,0,2.4342554869199592e-11,2.434228682212008e-11,2.14909744046317e-36,0.0,2.434228682212008e-11
selected,0.8,53,44,VIABILITY,6,True,0,0,0,4.8684573644297245e-11,2.434228682212008e-11,1.426977167533176e-23,1.426977167533176e-23,4.280931502599529e-23
selected,0.8,53,44,ALL,12,True,0,0,0,7.302712851349683e-11,2.434228682212008e-11,1.426977167533176e-23,0.0,2.434228682216289e-11
selected,0.8,54,44,ALBUMIN,6,True,0,0,0,8.262951065197647e-11,8.262846682186396e-11,1.052493914872029e-35,0.0,8.262846682186394e-11
selected,0.8,54,44,VIABILITY,6,True,0,0,0,1.6525693364397876e-10,8.262846682186396e-11,6.272062994607794e-23,6.272062994607794e-23,1.8816188983823383e-22
selected,0.8,54,44,ALL,12,True,0,0,0,2.4788644429595524e-10,8.262846682186396e-11,6.272062994607794e-23,0.0,8.26284668220521e-11
selected,0.8,55,45,ALBUMIN,6,True,0,0,0,3.834647305015593e-11,3.8346109289591e-11,1.2244915376036167e-36,0.0,3.8346109289591e-11
selected,0.8,55,45,VIABILITY,6,True,0,0,0,7.669221857924033e-11,3.8346109289591e-11,1.4584387638128813e-23,1.4584387638128813e-23,4.3753162914386435e-23
selected,0.8,55,45,ALL,12,True,0,0,0,1.1503869162939627e-10,3.8346109289591e-11,1.4584387638128813e-23,0.0,3.834610928963475e-11
selected,0.8,56,46,ALBUMIN,6,True,0,0,0,1.7727995021430552e-11,1.772786874546394e-11,1.4189975218262813e-37,0.0,1.7727868745463938e-11
selected,0.8,56,46,VIABILITY,6,True,0,0,0,3.545573749094139e-11,1.772786874546394e-11,3.378066677548074e-24,3.378066677548074e-24,1.0134200032644221e-23
selected,0.8,56,46,ALL,12,True,0,0,0,5.318373251237195e-11,1.772786874546394e-11,3.378066677548074e-24,0.0,1.7727868745474074e-11
selected,0.8,57,47,ALBUMIN,6,True,0,0,0,8.165829846903935e-12,8.165786174274568e-12,1.6381864017875904e-38,0.0,8.165786174274568e-12
selected,0.8,57,47,VIABILITY,6,True,0,0,0,1.6331572348552254e-11,8.165786174274568e-12,7.79499498282975e-25,7.79499498282975e-25,2.338498494848925e-24
selected,0.8,57,47,ALL,12,True,0,0,0,2.4497402195456193e-11,8.165786174274568e-12,7.79499498282975e-25,0.0,8.165786174276908e-12
selected,0.8,58,48,ALBUMIN,6,True,0,0,0,3.748060948420258e-12,3.7480458982235566e-12,1.8843571781780765e-39,0.0,3.7480458982235566e-12
selected,0.8,58,48,VIABILITY,6,True,0,0,0,7.49609179644783e-12,3.7480458982235566e-12,1.79222581492253e-25,1.79222581492253e-25,5.37667744476759e-25
selected,0.8,58,48,ALL,12,True,0,0,0,1.1244152744868089e-11,3.7480458982235566e-12,1.79222581492253e-25,0.0,3.748045898224094e-12
selected,0.8,59,48,ALBUMIN,6,True,0,0,0,1.2621833453589815e-11,1.2621775283884465e-11,9.164490482961402e-39,0.0,1.2621775283884465e-11
selected,0.8,59,48,VIABILITY,6,True,0,0,0,2.5243550567772057e-11,1.2621775283884465e-11,7.820980996543634e-25,7.820980996543634e-25,2.3462942989630903e-24
selected,0.8,59,48,ALL,12,True,0,0,0,3.7865384021361873e-11,1.2621775283884465e-11,7.820980996543634e-25,0.0,1.262177528388681e-11
selected,0.8,60,49,ALBUMIN,6,True,0,0,0,5.869662223860509e-12,5.869641912057168e-12,1.0682311231775654e-39,0.0,5.869641912057168e-12
selected,0.8,60,49,VIABILITY,6,True,0,0,0,1.1739283824115064e-11,5.869641912057168e-12,1.8221303545139048e-25,1.8221303545139048e-25,5.466391063541714e-25
selected,0.8,60,49,ALL,12,True,0,0,0,1.7608946047975574e-11,5.869641912057168e-12,1.8221303545139048e-25,0.0,5.869641912057714e-12
selected,0.8,61,50,ALBUMIN,6,True,0,0,0,2.719965773596411e-12,2.7199587065400604e-12,1.2406093544767187e-40,0.0,2.7199587065400604e-12
selected,0.8,61,50,VIABILITY,6,True,0,0,0,5.43991741308029e-12,2.7199587065400604e-12,4.2298151672271434e-26,4.2298151672271434e-26,1.2689445501681428e-25
selected,0.8,61,50,ALL,12,True,0,0,0,8.159883186676702e-12,2.7199587065400604e-12,4.2298151672271434e-26,0.0,2.7199587065401872e-12
selected,0.8,62,51,ALBUMIN,6,True,0,0,0,1.2561083908633356e-12,1.256105940547347e-12,1.435735173048427e-41,0.0,1.256105940547347e-12
selected,0.8,62,51,VIABILITY,6,True,0,0,0,2.512211881094733e-12,1.256105940547347e-12,9.784597727409493e-27,9.784597727409493e-27,2.935379318222848e-26
selected,0.8,62,51,ALL,12,True,0,0,0,3.768320271958069e-12,1.256105940547347e-12,9.784597727409493e-27,0.0,1.2561059405473765e-12
selected,0.8,63,52,ALBUMIN,6,True,0,0,0,5.781693718532547e-13,5.781685251109458e-13,1.6559097314821636e-42,0.0,5.781685251109458e-13
selected,0.8,63,52,VIABILITY,6,True,0,0,0,1.1563370502219007e-12,5.781685251109458e-13,2.25578224811373e-27,2.25578224811373e-27,6.76734674434119e-27
selected,0.8,63,52,ALL,12,True,0,0,0,1.7345064220751554e-12,5.781685251109458e-13,2.25578224811373e-27,0.0,5.781685251109526e-13
selected,0.8,64,52,ALBUMIN,6,True,0,0,0,1.9340466080865737e-12,1.9340433559837486e-12,8.006630730983218e-42,0.0,1.9340433559837486e-12
selected,0.8,64,52,VIABILITY,6,True,0,0,0,3.868086711967537e-12,1.9340433559837486e-12,9.784597727409493e-27,9.784597727409493e-27,2.9353793182228476e-26
selected,0.8,64,52,ALL,12,True,0,0,0,5.80213332005411e-12,1.9340433559837486e-12,9.784597727409493e-27,0.0,1.934043355983778e-12
selected,0.8,65,53,ALBUMIN,6,True,0,0,0,9.009970032951188e-13,9.009958657949464e-13,9.34765588681678e-43,0.0,9.009958657949464e-13
selected,0.8,65,53,VIABILITY,6,True,0,0,0,1.8019917315899018e-12,9.009958657949464e-13,2.2833603267924692e-27,2.2833603267924692e-27,6.850080980377407e-27
selected,0.8,65,53,ALL,12,True,0,0,0,2.7029887348850212e-12,9.009958657949464e-13,2.2833603267924692e-27,0.0,9.009958657949531e-13
selected,0.8,66,54,ALBUMIN,6,True,0,0,0,4.183505346579132e-13,4.1835013812362876e-13,1.0876157385759897e-43,0.0,4.1835013812362876e-13
selected,0.8,66,54,VIABILITY,6,True,0,0,0,8.367002762472596e-13,4.1835013812362876e-13,5.310497031083484e-28,5.310497031083484e-28,1.5931491093250454e-27
selected,0.8,66,54,ALL,12,True,0,0,0,1.255050810905173e-12,4.1835013812362876e-13,5.310497031083484e-28,0.0,4.183501381236303e-13
selected,0.8,67,55,ALBUMIN,6,True,0,0,0,1.9362633921439706e-13,1.93626201430105e-13,1.2612958375431046e-44,0.0,1.93626201430105e-13
selected,0.8,67,55,VIABILITY,6,True,0,0,0,3.872524028602105e-13,1.93626201430105e-13,1.2310437272686016e-28,1.2310437272686016e-28,3.6931311818058054e-28
selected,0.8,67,55,ALL,12,True,0,0,0,5.808787420746075e-13,1.93626201430105e-13,1.2310437272686016e-28,0.0,1.9362620143010537e-13
selected,0.8,68,56,ALBUMIN,6,True,0,0,0,8.933877723584669e-14,8.933872950999351e-14,1.458054068408965e-45,0.0,8.933872950999351e-14
selected,0.8,68,56,VIABILITY,6,True,0,0,0,1.7867745901998715e-13,8.933872950999351e-14,2.844692810154512e-29,2.844692810154512e-29,8.534078430463537e-29
selected,0.8,68,56,ALL,12,True,0,0,0,2.6801623625583383e-13,8.933872950999351e-14,2.844692810154512e-29,0.0,8.93387295099936e-14
selected,0.8,69,56,ALBUMIN,6,True,0,0,0,2.971498448856036e-13,2.971496625669187e-13,7.015075994251466e-45,0.0,2.971496625669187e-13
selected,0.8,69,56,VIABILITY,6,True,0,0,0,5.942993251338379e-13,2.971496625669187e-13,1.227576421604671e-28,1.227576421604671e-28,3.682729264814013e-28
selected,0.8,69,56,ALL,12,True,0,0,0,8.914491700194416e-13,2.971496625669187e-13,1.227576421604671e-28,0.0,2.971496625669191e-13
selected,0.8,70,57,ALBUMIN,6,True,0,0,0,1.386408769811455e-13,1.386408131178865e-13,8.201306330443914e-46,0.0,1.386408131178865e-13
selected,0.8,70,57,VIABILITY,6,True,0,0,0,2.772816262357731e-13,1.386408131178865e-13,2.8687516657817875e-29,2.8687516657817875e-29,8.606254997345363e-29
selected,0.8,70,57,ALL,12,True,0,0,0,4.1592250321691867e-13,1.386408131178865e-13,2.8687516657817875e-29,0.0,1.386408131178866e-13
selected,0.8,71,58,ALBUMIN,6,True,0,0,0,6.448464854109797e-14,6.448462624114629e-14,9.557562003771599e-47,0.0,6.448462624114629e-14
selected,0.8,71,58,VIABILITY,6,True,0,0,0,1.289692524822926e-13,6.448462624114629e-14,6.682808937899937e-30,6.682808937899937e-30,2.004842681369981e-29
selected,0.8,71,58,ALL,12,True,0,0,0,1.9345390102339054e-13,6.448462624114629e-14,6.682808937899937e-30,0.0,6.44846262411463e-14
selected,0.8,72,59,ALBUMIN,6,True,0,0,0,2.990276688924463e-14,2.990275912621322e-14,1.1103689128891755e-47,0.0,2.990275912621321e-14
selected,0.8,72,59,VIABILITY,6,True,0,0,0,5.980551825242644e-14,2.990275912621322e-14,1.5519903890849196e-30,1.5519903890849196e-30,4.6559711672547586e-30
selected,0.8,72,59,ALL,12,True,0,0,0,8.970828514167108e-14,2.990275912621322e-14,1.5519903890849196e-30,0.0,2.990275912621322e-14
selected,0.8,73,60,ALBUMIN,6,True,0,0,0,1.3825961612286603e-14,1.3825958917818203e-14,1.2861281515949891e-48,0.0,1.3825958917818203e-14
selected,0.8,73,60,VIABILITY,6,True,0,0,0,2.765191783563641e-14,1.3825958917818203e-14,3.5935460049837775e-31,3.5935460049837775e-31,1.0780638014951332e-30
selected,0.8,73,60,ALL,12,True,0,0,0,4.147787944792301e-14,1.3825958917818203e-14,3.5935460049837775e-31,0.0,1.3825958917818205e-14
selected,0.8,74,60,ALBUMIN,6,True,0,0,0,4.5760837604576687e-14,4.576082735898381e-14,6.161515575694742e-48,0.0,4.576082735898381e-14
selected,0.8,74,60,VIABILITY,6,True,0,0,0,9.152165471796763e-14,4.576082735898381e-14,1.5438772204550782e-30,1.5438772204550782e-30,4.631631661365235e-30
selected,0.8,74,60,ALL,12,True,0,0,0,1.3728249232254432e-13,4.576082735898381e-14,1.5438772204550782e-30,0.0,4.5760827358983816e-14
selected,0.8,75,61,ALBUMIN,6,True,0,0,0,2.1378812348902496e-14,2.1378808755490706e-14,7.212023072151764e-49,0.0,2.137880875549071e-14
selected,0.8,75,61,VIABILITY,6,True,0,0,0,4.275761751098142e-14,2.1378808755490706e-14,3.612347951332298e-31,3.612347951332298e-31,1.0837043853996892e-30
selected,0.8,75,61,ALL,12,True,0,0,0,6.413642985988392e-14,2.1378808755490706e-14,3.612347951332298e-31,0.0,2.137880875549071e-14
selected,0.8,76,62,ALBUMIN,6,True,0,0,0,9.958660783268333e-15,9.958659526688309e-15,8.41632828030495e-50,0.0,9.958659526688309e-15
selected,0.8,76,62,VIABILITY,6,True,0,0,0,1.9917319053376618e-14,9.958659526688309e-15,8.426935594778492e-32,8.426935594778492e-32,2.5280806784335473e-31
selected,0.8,76,62,ALL,12,True,0,0,0,2.9875979836644955e-14,9.958659526688309e-15,8.426935594778492e-32,0.0,9.958659526688309e-15
selected,0.8,77,63,ALBUMIN,6,True,0,0,0,4.6257484970109336e-15,4.625748058860466e-15,9.793135559851818e-51,0.0,4.625748058860466e-15
selected,0.8,77,63,VIABILITY,6,True,0,0,0,9.251496117720932e-15,4.625748058860466e-15,1.9601542190200311e-32,1.9601542190200311e-32,5.880462657060093e-32
selected,0.8,77,63,ALL,12,True,0,0,0,1.3877244614731866e-14,4.625748058860466e-15,1.9601542190200311e-32,0.0,4.625748058860466e-15
selected,0.8,78,64,ALBUMIN,6,True,0,0,0,2.1426994854490208e-15,2.142699333099351e-15,1.136293023606588e-51,0.0,2.1426993330993513e-15
selected,0.8,78,64,VIABILITY,6,True,0,0,0,4.2853986661987026e-15,2.142699333099351e-15,4.546601421238797e-33,4.546601421238797e-33,1.363980426371639e-32
selected,0.8,78,64,ALL,12,True,0,0,0,6.428098151647723e-15,2.142699333099351e-15,4.546601421238797e-33,0.0,2.1426993330993513e-15
selected,0.8,79,64,ALBUMIN,6,True,0,0,0,7.061501195384604e-15,7.061500618416606e-15,5.423491232032796e-51,0.0,7.061500618416606e-15
selected,0.8,79,64,VIABILITY,6,True,0,0,0,1.4123001236833212e-14,7.061500618416606e-15,1.9458161801924477e-32,1.9458161801924477e-32,5.837448540577343e-32
selected,0.8,79,64,ALL,12,True,0,0,0,2.1184502432217816e-14,7.061500618416606e-15,1.9458161801924477e-32,0.0,7.061500618416606e-15
selected,0.8,80,65,ALBUMIN,6,True,0,0,0,3.3028632316989342e-15,3.3028630291153994e-15,6.354819233663244e-52,0.0,3.3028630291154e-15
selected,0.8,80,65,VIABILITY,6,True,0,0,0,6.6057260582308e-15,3.3028630291153994e-15,4.557696332236333e-33,4.557696332236333e-33,1.3673088996709003e-32
selected,0.8,80,65,ALL,12,True,0,0,0,9.908589289929733e-15,3.3028630291153994e-15,4.557696332236333e-33,0.0,3.3028630291154e-15
selected,0.8,81,66,ALBUMIN,6,True,0,0,0,1.5405714830855178e-15,1.540571412153663e-15,7.425006300981486e-53,0.0,1.5405714121536629e-15
selected,0.8,81,66,VIABILITY,6,True,0,0,0,3.0811428243073258e-15,1.540571412153663e-15,1.0645469180969864e-33,1.0645469180969864e-33,3.193640754290959e-33
selected,0.8,81,66,ALL,12,True,0,0,0,4.621714307392844e-15,1.540571412153663e-15,1.0645469180969864e-33,0.0,1.5405714121536629e-15
selected,0.8,82,67,ALBUMIN,6,True,0,0,0,7.166428887320397e-16,7.166428639637606e-16,8.651533877235878e-54,0.0,7.166428639637606e-16
selected,0.8,82,67,VIABILITY,6,True,0,0,0,1.4332857279275212e-15,7.166428639637606e-16,2.4796653557090514e-34,2.4796653557090514e-34,7.4389960671271545e-34
selected,0.8,82,67,ALL,12,True,0,0,0,2.1499286166595615e-15,7.166428639637606e-16,2.4796653557090514e-34,0.0,7.166428639637606e-16
selected,0.8,83,68,ALBUMIN,6,True,0,0,0,3.3249423889191433e-16,3.324942302661223e-16,1.0053655917042775e-54,0.0,3.324942302661223e-16
selected,0.8,83,68,VIABILITY,6,True,0,0,0,6.649884605322446e-16,3.324942302661223e-16,5.76052239372488e-35,5.76052239372488e-35,1.7281567181174637e-34
selected,0.8,83,68,ALL,12,True,0,0,0,9.974826994241588e-16,3.324942302661223e-16,5.76052239372488e-35,0.0,3.324942302661223e-16
selected,0.8,84,68,ALBUMIN,6,True,0,0,0,1.0916451341722423e-15,1.0916451016209782e-15,4.7829368280085794e-54,0.0,1.0916451016209782e-15
selected,0.8,84,68,VIABILITY,6,True,0,0,0,2.1832902032419564e-15,1.0916451016209782e-15,2.457003294800283e-34,2.457003294800283e-34,7.37100988440085e-34
selected,0.8,84,68,ALL,12,True,0,0,0,3.274935337414199e-15,1.0916451016209782e-15,2.457003294800283e-34,0.0,1.0916451016209782e-15
selected,0.8,85,69,ALBUMIN,6,True,0,0,0,5.111179761431125e-16,5.11117964702559e-16,5.609454462567126e-55,0.0,5.111179647025591e-16
selected,0.8,85,69,VIABILITY,6,True,0,0,0,1.0222359294051182e-15,5.11117964702559e-16,5.760522393724882e-35,5.760522393724882e-35,1.7281567181174647e-34
selected,0.8,85,69,ALL,12,True,0,0,0,1.5333539055482308e-15,5.11117964702559e-16,5.760522393724882e-35,0.0,5.111179647025591e-16
selected,0.8,86,70,ALBUMIN,6,True,0,0,0,2.386828734026106e-16,2.3868286939232796e-16,6.561174377374689e-56,0.0,2.3868286939232796e-16
selected,0.8,86,70,VIABILITY,6,True,0,0,0,4.773657387846559e-16,2.3868286939232796e-16,1.3469726432386815e-35,1.3469726432386815e-35,4.040917929716044e-35
selected,0.8,86,70,ALL,12,True,0,0,0,7.160486121872666e-16,2.3868286939232796e-16,1.3469726432386815e-35,0.0,2.3868286939232796e-16
selected,0.8,87,71,ALBUMIN,6,True,0,0,0,1.111758329893733e-16,1.1117583158726735e-16,7.654330966216215e-57,0.0,1.1117583158726732e-16
selected,0.8,87,71,VIABILITY,6,True,0,0,0,2.2235166317453465e-16,1.1117583158726735e-16,3.141419533289865e-36,3.141419533289865e-36,9.424258599869595e-36
selected,0.8,87,71,ALL,12,True,0,0,0,3.33527496163908e-16,1.1117583158726735e-16,3.141419533289865e-36,0.0,1.1117583158726732e-16
selected,0.8,88,72,ALBUMIN,6,True,0,0,0,5.165544420748839e-17,5.165544371850667e-17,8.906892301261216e-58,0.0,5.165544371850667e-17
selected,0.8,88,72,VIABILITY,6,True,0,0,0,1.0331088743701334e-16,5.165544371850667e-17,7.307885467803152e-37,7.307885467803152e-37,2.1923656403409454e-36
selected,0.8,88,72,ALL,12,True,0,0,0,1.5496633164450172e-16,5.165544371850667e-17,7.307885467803152e-37,0.0,5.165544371850667e-17
selected,0.8,89,72,ALBUMIN,6,True,0,0,0,1.6902898354008531e-16,1.6902898170060055e-16,4.2251456602433694e-57,0.0,1.6902898170060055e-16
selected,0.8,89,72,VIABILITY,6,True,0,0,0,3.380579634012011e-16,1.6902898170060055e-16,3.1076571945432326e-36,3.1076571945432326e-36,9.322971583629697e-36
selected,0.8,89,72,ALL,12,True,0,0,0,5.070869469412865e-16,1.6902898170060055e-16,3.1076571945432326e-36,0.0,1.6902898170060055e-16
selected,0.8,90,73,ALBUMIN,6,True,0,0,0,7.921338483095552e-17,7.92133841838792e-17,4.959354596294366e-58,0.0,7.921338418387918e-17
selected,0.8,90,73,VIABILITY,6,True,0,0,0,1.5842676836775837e-16,7.92133841838792e-17,7.29216543706398e-37,7.29216543706398e-37,2.187649631119194e-36
selected,0.8,90,73,ALL,12,True,0,0,0,2.3764015319871385e-16,7.92133841838792e-17,7.29216543706398e-37,0.0,7.921338418387918e-17
selected,0.8,91,74,ALBUMIN,6,True,0,0,0,3.702993352244942e-17,3.702993329539955e-17,5.8063420418407435e-59,0.0,3.702993329539956e-17
selected,0.8,91,74,VIABILITY,6,True,0,0,0,7.405986659079912e-17,3.702993329539955e-17,1.7067862178776717e-37,1.7067862178776717e-37,5.120358653633015e-37
selected,0.8,91,74,ALL,12,True,0,0,0,1.1108980011324853e-16,3.702993329539955e-17,1.7067862178776717e-37,0.0,3.702993329539956e-17
selected,0.8,92,75,ALBUMIN,6,True,0,0,0,1.726831674243165e-17,1.7268316662958653e-17,6.781109519818422e-60,0.0,1.7268316662958653e-17
selected,0.8,92,75,VIABILITY,6,True,0,0,0,3.4536633325917306e-17,1.7268316662958653e-17,3.9849919356376243e-38,3.9849919356376243e-38,1.1954975806912872e-37
selected,0.8,92,75,ALL,12,True,0,0,0,5.1804950068348956e-17,1.7268316662958653e-17,3.9849919356376243e-38,0.0,1.7268316662958653e-17
selected,0.8,93,76,ALBUMIN,6,True,0,0,0,8.03368187072438e-18,8.033681842973558e-18,7.900331989673898e-61,0.0,8.033681842973558e-18
selected,0.8,93,76,VIABILITY,6,True,0,0,0,1.6067363685947115e-17,8.033681842973558e-18,9.281689200978201e-39,9.281689200978201e-39,2.7845067602934603e-38
selected,0.8,93,76,ALL,12,True,0,0,0,2.4101045556671496e-17,8.033681842973558e-18,9.281689200978201e-39,0.0,8.033681842973558e-18
selected,0.8,94,76,ALBUMIN,6,True,0,0,0,2.620978857688809e-17,2.6209788472785486e-17,3.738023134624246e-60,0.0,2.6209788472785483e-17
selected,0.8,94,76,VIABILITY,6,True,0,0,0,5.2419576945570966e-17,2.6209788472785486e-17,3.9364709353909585e-38,3.9364709353909585e-38,1.1809412806172875e-37
selected,0.8,94,76,ALL,12,True,0,0,0,7.862936552245905e-17,2.6209788472785486e-17,3.9364709353909585e-38,0.0,2.6209788472785483e-17
selected,0.8,95,77,ALBUMIN,6,True,0,0,0,1.2292995087360401e-17,1.2292995050711438e-17,4.39082016151097e-61,0.0,1.229299505071144e-17
selected,0.8,95,77,VIABILITY,6,True,0,0,0,2.458599010142288e-17,1.2292995050711438e-17,9.243991180736429e-39,9.243991180736429e-39,2.773197354220929e-38
selected,0.8,95,77,ALL,12,True,0,0,0,3.687898518878328e-17,1.2292995050711438e-17,9.243991180736429e-39,0.0,1.229299505071144e-17
selected,0.8,96,78,ALBUMIN,6,True,0,0,0,5.752016089695063e-18,5.7520160768238246e-18,5.145133432679397e-62,0.0,5.7520160768238246e-18
selected,0.8,96,78,VIABILITY,6,True,0,0,0,1.1504032153647649e-17,5.7520160768238246e-18,2.1655292723840536e-39,2.1655292723840536e-39,6.496587817152161e-39
selected,0.8,96,78,ALL,12,True,0,0,0,1.7256048243342715e-17,5.7520160768238246e-18,2.1655292723840536e-39,0.0,5.7520160768238246e-18
selected,0.8,97,79,ALBUMIN,6,True,0,0,0,2.6851834488881945e-18,2.685183444378352e-18,6.014770889513041e-63,0.0,2.6851834443783525e-18
selected,0.8,97,79,VIABILITY,6,True,0,0,0,5.370366888756705e-18,2.685183444378352e-18,5.06109630865547e-40,5.06109630865547e-40,1.5183288925966407e-39
selected,0.8,97,79,ALL,12,True,0,0,0,8.0555503376449e-18,2.685183444378352e-18,5.06109630865547e-40,0.0,2.6851834443783525e-18
selected,0.8,98,80,ALBUMIN,6,True,0,0,0,1.250667398469857e-18,1.250667396893308e-18,7.01513923369278e-64,0.0,1.2506673968933083e-18
selected,0.8,98,80,VIABILITY,6,True,0,0,0,2.5013347937866166e-18,1.250667396893308e-18,1.180114868576022e-40,1.180114868576022e-40,3.540344605728066e-40
selected,0.8,98,80,ALL,12,True,0,0,0,3.752002192256474e-18,1.250667396893308e-18,1.180114868576022e-40,0.0,1.2506673968933083e-18
selected,0.8,99,80,ALBUMIN,6,True,0,0,0,4.0693656013597085e-18,4.069365595460412e-18,3.311534889194284e-63,0.0,4.069365595460412e-18
selected,0.8,99,80,VIABILITY,6,True,0,0,0,8.138731190920823e-18,4.069365595460412e-18,4.993008914969864e-40,4.993008914969864e-40,1.4979026744909592e-39
selected,0.8,99,80,ALL,12,True,0,0,0,1.2208096792280533e-17,4.069365595460412e-18,4.993008914969864e-40,0.0,4.069365595460412e-18
selected,0.8,100,81,ALBUMIN,6,True,0,0,0,1.9100414418506934e-18,1.910041439772397e-18,3.892435578152143e-64,0.0,1.910041439772397e-18
selected,0.8,100,81,VIABILITY,6,True,0,0,0,3.820082879544794e-18,1.910041439772397e-18,1.1733061292074617e-40,1.1733061292074617e-40,3.519918387622385e-40
selected,0.8,100,81,ALL,12,True,0,0,0,5.730124321395487e-18,1.910041439772397e-18,1.1733061292074617e-40,0.0,1.910041439772397e-18
selected,0.8,101,82,ALBUMIN,6,True,0,0,0,8.94486282037049e-19,8.944862813065478e-19,4.564669345553543e-65,0.0,8.944862813065478e-19
selected,0.8,101,82,VIABILITY,6,True,0,0,0,1.7889725626130955e-18,8.944862813065478e-19,2.7508090033917145e-41,2.7508090033917145e-41,8.252427010175143e-41
selected,0.8,101,82,ALL,12,True,0,0,0,2.6834588446501446e-18,8.944862813065478e-19,2.7508090033917145e-41,0.0,8.944862813065478e-19
selected,0.8,102,83,ALBUMIN,6,True,0,0,0,4.179656264870081e-19,4.179656262308183e-19,5.340905650276927e-66,0.0,4.179656262308183e-19
selected,0.8,102,83,VIABILITY,6,True,0,0,0,8.359312524616366e-19,4.179656262308183e-19,6.434745523882935e-42,6.434745523882935e-42,1.9304236571648805e-41
selected,0.8,102,83,ALL,12,True,0,0,0,1.2538968789486445e-18,4.179656262308183e-19,6.434745523882935e-42,0.0,4.179656262308183e-19
selected,0.8,103,84,ALBUMIN,6,True,0,0,0,1.948785038065295e-19,1.9487850371687937e-19,6.235328951003733e-67,0.0,1.9487850371687937e-19
selected,0.8,103,84,VIABILITY,6,True,0,0,0,3.8975700743375875e-19,1.9487850371687937e-19,1.501914450966149e-42,1.501914450966149e-42,4.505743352898447e-42
selected,0.8,103,84,ALL,12,True,0,0,0,5.846355112402882e-19,1.9487850371687937e-19,1.501914450966149e-42,0.0,1.9487850371687937e-19
selected,0.8,104,84,ALBUMIN,6,True,0,0,0,6.325541920313086e-19,6.325541916966073e-19,2.937291913115541e-66,0.0,6.325541916966073e-19
selected,0.8,104,84,VIABILITY,6,True,0,0,0,1.2651083833932145e-18,6.325541916966073e-19,6.340786836779758e-42,6.340786836779758e-42,1.9022360510339272e-41
selected,0.8,104,84,ALL,12,True,0,0,0,1.897662575424523e-18,6.325541916966073e-19,6.340786836779758e-42,0.0,6.325541916966073e-19
selected,0.8,105,85,ALBUMIN,6,True,0,0,0,2.9710207721788903e-19,2.9710207709989963e-19,3.4546208341147566e-67,0.0,2.9710207709989963e-19
selected,0.8,105,85,VIABILITY,6,True,0,0,0,5.942041541997993e-19,2.9710207709989963e-19,1.4909419512250743e-42,1.4909419512250743e-42,4.4728258536752227e-42
selected,0.8,105,85,ALL,12,True,0,0,0,8.913062314176883e-19,2.9710207709989963e-19,1.4909419512250743e-42,0.0,2.9710207709989963e-19
selected,0.8,106,86,ALBUMIN,6,True,0,0,0,1.392422585076579e-19,1.3924225846615505e-19,4.0540926975703336e-68,0.0,1.3924225846615507e-19
selected,0.8,106,86,VIABILITY,6,True,0,0,0,2.7848451693231015e-19,1.3924225846615505e-19,3.4980197815338476e-43,3.4980197815338476e-43,1.0494059344601543e-42
selected,0.8,106,86,ALL,12,True,0,0,0,4.17726775439968e-19,1.3924225846615505e-19,3.4980197815338476e-43,0.0,1.3924225846615507e-19
selected,0.8,107,87,ALBUMIN,6,True,0,0,0,6.511981872357096e-20,6.511981870900355e-20,4.747302853674699e-69,0.0,6.511981870900355e-20
selected,0.8,107,87,VIABILITY,6,True,0,0,0,1.302396374180071e-19,6.511981870900355e-20,8.189314726612206e-44,8.189314726612206e-44,2.456794417983662e-43
selected,0.8,107,87,ALL,12,True,0,0,0,1.9535945614157807e-19,6.511981870900355e-20,8.189314726612206e-44,0.0,6.511981870900355e-20
selected,0.8,108,88,ALBUMIN,6,True,0,0,0,3.039140687386427e-20,3.039140686876187e-20,5.5472728601507755e-70,0.0,3.039140686876187e-20
selected,0.8,108,88,VIABILITY,6,True,0,0,0,6.078281373752374e-20,3.039140686876187e-20,1.9131801004628603e-44,1.9131801004628603e-44,5.73954030138858e-44
selected,0.8,108,88,ALL,12,True,0,0,0,9.117422061138801e-20,3.039140686876187e-20,1.9131801004628603e-44,0.0,3.039140686876187e-20
selected,0.8,109,88,ALBUMIN,6,True,0,0,0,9.843074437069454e-20,9.843074435168439e-20,2.608233686501423e-69,0.0,9.84307443516844e-20
selected,0.8,109,88,VIABILITY,6,True,0,0,0,1.968614887033688e-19,9.843074435168439e-20,8.061230346486703e-44,8.061230346486703e-44,2.418369103946011e-43
selected,0.8,109,88,ALL,12,True,0,0,0,2.9529223307406335e-19,9.843074435168439e-20,8.061230346486703e-44,0.0,9.84307443516844e-20
selected,0.8,110,89,ALBUMIN,6,True,0,0,0,4.6259888723486495e-20,4.625988871678109e-20,3.0692862405162765e-70,0.0,4.625988871678109e-20
selected,0.8,110,89,VIABILITY,6,True,0,0,0,9.251977743356219e-20,4.625988871678109e-20,1.8965457653816263e-44,1.8965457653816263e-44,5.689637296144879e-44
selected,0.8,110,89,ALL,12,True,0,0,0,1.3877966615704868e-19,4.625988871678109e-20,1.8965457653816263e-44,0.0,4.625988871678109e-20
selected,0.8,111,90,ALBUMIN,6,True,0,0,0,2.169576193545228e-20,2.1695761933092058e-20,3.604199283763369e-71,0.0,2.1695761933092055e-20
selected,0.8,111,90,VIABILITY,6,True,0,0,0,4.339152386618411e-20,2.1695761933092058e-20,4.4525565533013674e-45,4.4525565533013674e-45,1.3357669659904104e-44
selected,0.8,111,90,ALL,12,True,0,0,0,6.508728580163638e-20,2.1695761933092058e-20,4.4525565533013674e-45,0.0,2.1695761933092055e-20
selected,0.8,112,91,ALBUMIN,6,True,0,0,0,1.0154521413330702e-20,1.0154521412501637e-20,4.223563139482031e-72,0.0,1.0154521412501637e-20
selected,0.8,112,91,VIABILITY,6,True,0,0,0,2.0309042825003274e-20,1.0154521412501637e-20,1.0431766122280267e-45,1.0431766122280267e-45,3.12952983668408e-45
selected,0.8,112,91,ALL,12,True,0,0,0,3.046356423833397e-20,1.0154521412501637e-20,1.0431766122280267e-45,0.0,1.0154521412501637e-20
selected,0.8,113,92,ALBUMIN,6,True,0,0,0,4.74324380606856e-21,4.743243805777924e-21,4.939303543506991e-73,0.0,4.743243805777924e-21
selected,0.8,113,92,VIABILITY,6,True,0,0,0,9.486487611555848e-21,4.743243805777924e-21,2.439080546137639e-46,2.439080546137639e-46,7.317241638412917e-46
selected,0.8,113,92,ALL,12,True,0,0,0,1.422973141762441e-20,4.743243805777924e-21,2.439080546137639e-46,0.0,4.743243805777924e-21
selected,0.8,114,92,ALBUMIN,6,True,0,0,0,1.533154457845663e-20,1.5331544577375835e-20,2.3183827557352895e-72,0.0,1.5331544577375835e-20
selected,0.8,114,92,VIABILITY,6,True,0,0,0,3.066308915475167e-20,1.5331544577375835e-20,1.0258764269982813e-45,1.0258764269982813e-45,3.077629280994844e-45
selected,0.8,114,92,ALL,12,True,0,0,0,4.59946337332083e-20,1.5331544577375835e-20,1.0258764269982813e-45,0.0,1.5331544577375835e-20
selected,0.8,115,93,ALBUMIN,6,True,0,0,0,7.209462929978737e-21,7.209462929597307e-21,2.7295630573579523e-73,0.0,7.209462929597307e-21
selected,0.8,115,93,VIABILITY,6,True,0,0,0,1.4418925859194613e-20,7.209462929597307e-21,2.4147958140760097e-46,2.4147958140760097e-46,7.244387442228029e-46
selected,0.8,115,93,ALL,12,True,0,0,0,2.162838878917335e-20,7.209462929597307e-21,2.4147958140760097e-46,0.0,7.209462929597307e-21
selected,0.8,116,94,ALBUMIN,6,True,0,0,0,3.3833927218687535e-21,3.3833927217344116e-21,3.207147035439021e-74,0.0,3.3833927217344116e-21
selected,0.8,116,94,VIABILITY,6,True,0,0,0,6.766785443468823e-21,3.3833927217344116e-21,5.672661214405109e-47,5.672661214405109e-47,1.7017983643215328e-46
selected,0.8,116,94,ALL,12,True,0,0,0,1.0150178165337577e-20,3.3833927217344116e-21,5.672661214405109e-47,0.0,3.3833927217344116e-21
selected,0.8,117,95,ALBUMIN,6,True,0,0,0,1.5847133130193392e-21,1.5847133129721167e-21,3.760790613515886e-75,0.0,1.5847133129721167e-21
selected,0.8,117,95,VIABILITY,6,True,0,0,0,3.1694266259442333e-21,1.5847133129721167e-21,1.3299369115536833e-47,1.3299369115536833e-47,3.98981073466105e-47
selected,0.8,117,95,ALL,12,True,0,0,0,4.7541399389635734e-21,1.5847133129721167e-21,1.3299369115536833e-47,0.0,1.5847133129721167e-21
selected,0.8,118,96,ALBUMIN,6,True,0,0,0,7.408216204565994e-22,7.408216204400323e-22,4.4013945593964793e-76,0.0,7.408216204400323e-22
selected,0.8,118,96,VIABILITY,6,True,0,0,0,1.4816432408800645e-21,7.408216204400323e-22,3.11192563817109e-48,3.11192563817109e-48,9.33577691451327e-48
selected,0.8,118,96,ALL,12,True,0,0,0,2.2224648613366637e-21,7.408216204400323e-22,3.11192563817109e-48,0.0,7.408216204400323e-22
selected,0.8,119,96,ALBUMIN,6,True,0,0,0,2.3901668746429164e-21,2.390166874581413e-21,2.0626522368671681e-75,0.0,2.390166874581413e-21
selected,0.8,119,96,VIABILITY,6,True,0,0,0,4.780333749162826e-21,2.390166874581413e-21,1.306735694524487e-47,1.306735694524487e-47,3.920207083573461e-47
selected,0.8,119,96,ALL,12,True,0,0,0,7.170500623805742e-21,2.390166874581413e-21,1.306735694524487e-47,0.0,2.390166874581413e-21
selected,0.8,120,97,ALBUMIN,6,True,0,0,0,1.1245234677793607e-21,1.1245234677576445e-21,2.4295908325748428e-76,0.0,1.1245234677576445e-21
selected,0.8,120,97,VIABILITY,6,True,0,0,0,2.249046935515289e-21,1.1245234677576445e-21,3.077358168354862e-48,3.077358168354862e-48,9.232074505064586e-48
selected,0.8,120,97,ALL,12,True,0,0,0,3.37357040329465e-21,1.1245234677576445e-21,3.077358168354862e-48,0.0,1.1245234677576445e-21
selected,0.8,121,98,ALBUMIN,6,True,0,0,0,5.280494026937134e-22,5.280494026860606e-22,2.856224630788976e-77,0.0,5.280494026860606e-22
selected,0.8,121,98,VIABILITY,6,True,0,0,0,1.0560988053721211e-21,5.280494026860606e-22,7.23308382931594e-49,7.23308382931594e-49,2.1699251487947824e-48
selected,0.8,121,98,ALL,12,True,0,0,0,1.5841482080658344e-21,5.280494026860606e-22,7.23308382931594e-49,0.0,5.280494026860606e-22
selected,0.8,122,99,ALBUMIN,6,True,0,0,0,2.4749211649376007e-22,2.474921164910683e-22,3.3513451699879795e-78,0.0,2.474921164910683e-22
selected,0.8,122,99,VIABILITY,6,True,0,0,0,4.949842329821366e-22,2.474921164910683e-22,1.6968345769113598e-49,1.6968345769113598e-49,5.09050373073408e-49
selected,0.8,122,99,ALL,12,True,0,0,0,7.4247634947589665e-22,2.474921164910683e-22,1.6968345769113598e-49,0.0,2.474921164910683e-22
selected,0.8,123,100,ALBUMIN,6,True,0,0,0,1.15782683434624e-22,1.1578268343367894e-22,3.9249000998411454e-79,0.0,1.1578268343367894e-22
selected,0.8,123,100,VIABILITY,6,True,0,0,0,2.315653668673579e-22,1.1578268343367894e-22,3.973205628789236e-50,3.973205628789236e-50,1.1919616886367709e-49
selected,0.8,123,100,ALL,12,True,0,0,0,3.4734805030198196e-22,1.1578268343367894e-22,3.973205628789236e-50,0.0,1.1578268343367894e-22
selected,0.8,124,100,ALBUMIN,6,True,0,0,0,3.7292967178732284e-22,3.7292967178382006e-22,1.8366931237955264e-78,0.0,3.7292967178382006e-22
selected,0.8,124,100,VIABILITY,6,True,0,0,0,7.458593435676401e-22,3.7292967178382006e-22,1.6658937670534436e-49,1.6658937670534436e-49,4.997681301160331e-49
selected,0.8,124,100,ALL,12,True,0,0,0,1.118789015354963e-21,3.7292967178382006e-22,1.6658937670534436e-49,0.0,3.7292967178382006e-22
selected,0.8,125,101,ALBUMIN,6,True,0,0,0,1.755387454896157e-22,1.7553874548837835e-22,2.1643477325281896e-79,0.0,1.7553874548837835e-22
selected,0.8,125,101,VIABILITY,6,True,0,0,0,3.510774909767567e-22,1.7553874548837835e-22,3.9248790305349692e-50,3.9248790305349692e-50,1.1774637091604908e-49
selected,0.8,125,101,ALL,12,True,0,0,0,5.266162364663724e-22,1.7553874548837835e-22,3.9248790305349692e-50,0.0,1.7553874548837835e-22
selected,0.8,126,102,ALBUMIN,6,True,0,0,0,8.247371658950227e-23,8.247371658906598e-23,2.545665555565878e-80,0.0,8.247371658906598e-23
selected,0.8,126,102,VIABILITY,6,True,0,0,0,1.6494743317813196e-22,8.247371658906598e-23,9.229793039910104e-51,9.229793039910104e-51,2.7689379119730313e-50
selected,0.8,126,102,ALL,12,True,0,0,0,2.474211497676342e-22,8.247371658906598e-23,9.229793039910104e-51,0.0,8.247371658906598e-23
selected,0.8,127,103,ALBUMIN,6,True,0,0,0,3.8678408871896076e-23,3.8678408871742527e-23,2.9886417089340684e-81,0.0,3.8678408871742527e-23
selected,0.8,127,103,VIABILITY,6,True,0,0,0,7.735681774348505e-23,3.8678408871742527e-23,2.166499565689023e-51,2.166499565689023e-51,6.49949869706707e-51
selected,0.8,127,103,ALL,12,True,0,0,0,1.1603522661538114e-22,3.8678408871742527e-23,2.166499565689023e-51,0.0,3.8678408871742527e-23
selected,0.8,128,104,ALBUMIN,6,True,0,0,0,1.8106965209845177e-23,1.8106965209791236e-23,3.502341652132759e-82,0.0,1.8106965209791236e-23
selected,0.8,128,104,VIABILITY,6,True,0,0,0,3.621393041958247e-23,1.8106965209791236e-23,5.076215791405678e-52,5.076215791405678e-52,1.5228647374217034e-51
selected,0.8,128,104,ALL,12,True,0,0,0,5.432089562942766e-23,1.8106965209791236e-23,5.076215791405678e-52,0.0,1.8106965209791236e-23
selected,0.8,129,104,ALBUMIN,6,True,0,0,0,5.823107627634921e-23,5.823107627614956e-23,1.6367719389133199e-81,0.0,5.823107627614956e-23
selected,0.8,129,104,VIABILITY,6,True,0,0,0,1.1646215255229912e-22,5.823107627614956e-23,2.1254225869744897e-51,2.1254225869744897e-51,6.376267760923468e-51
selected,0.8,129,104,ALL,12,True,0,0,0,1.7469322882864833e-22,5.823107627614956e-23,2.1254225869744897e-51,0.0,5.823107627614956e-23
selected,0.8,130,105,ALBUMIN,6,True,0,0,0,2.742149099312354e-23,2.742149099305299e-23,1.9295138793401235e-82,0.0,2.742149099305299e-23
selected,0.8,130,105,VIABILITY,6,True,0,0,0,5.484298198610598e-23,2.742149099305299e-23,5.009548167456477e-52,5.009548167456477e-52,1.5028644502369432e-51
selected,0.8,130,105,ALL,12,True,0,0,0,8.226447297922952e-23,2.742149099305299e-23,5.009548167456477e-52,0.0,2.742149099305299e-23
selected,0.8,131,106,ALBUMIN,6,True,0,0,0,1.28899859162432e-23,1.2889985916218311e-23,2.270497375958152e-83,0.0,1.2889985916218311e-23
selected,0.8,131,106,VIABILITY,6,True,0,0,0,2.5779971832436622e-23,1.2889985916218311e-23,1.1786037660097764e-52,1.1786037660097764e-52,3.5358112980293295e-52
selected,0.8,131,106,ALL,12,True,0,0,0,3.8669957748679826e-23,1.2889985916218311e-23,1.1786037660097764e-52,0.0,1.2889985916218311e-23
selected,0.8,132,107,ALBUMIN,6,True,0,0,0,6.0485585485169566e-24,6.048558548508192e-24,2.666986107424802e-84,0.0,6.048558548508192e-24
selected,0.8,132,107,VIABILITY,6,True,0,0,0,1.2097117097016384e-23,6.048558548508192e-24,2.7680014230893644e-53,2.7680014230893644e-53,8.304004269268094e-53
selected,0.8,132,107,ALL,12,True,0,0,0,1.814567564553334e-23,6.048558548508192e-24,2.7680014230893644e-53,0.0,6.048558548508192e-24
selected,0.8,133,108,ALBUMIN,6,True,0,0,0,2.8333617081455033e-24,2.8333617081424224e-24,3.127232057027833e-85,0.0,2.8333617081424224e-24
selected,0.8,133,108,VIABILITY,6,True,0,0,0,5.666723416284845e-24,2.8333617081424224e-24,6.48943508919164e-54,6.48943508919164e-54,1.946830526757492e-53
selected,0.8,133,108,ALL,12,True,0,0,0,8.500085124430348e-24,2.8333617081424224e-24,6.48943508919164e-54,0.0,2.8333617081424224e-24
selected,0.8,134,108,ALBUMIN,6,True,0,0,0,9.098873499635823e-24,9.098873499624435e-24,1.459671798849407e-84,0.0,9.098873499624435e-24
selected,0.8,134,108,VIABILITY,6,True,0,0,0,1.819774699924887e-23,9.098873499624435e-24,2.713666604777307e-53,2.713666604777307e-53,8.14099981433192e-53
selected,0.8,134,108,ALL,12,True,0,0,0,2.7296620498884695e-23,9.098873499624435e-24,2.713666604777307e-53,0.0,9.098873499624435e-24
selected,0.8,135,109,ALBUMIN,6,True,0,0,0,4.2864742312150265e-24,4.286474231211001e-24,1.7213603246876157e-85,0.0,4.286474231211001e-24
selected,0.8,135,109,VIABILITY,6,True,0,0,0,8.572948462422002e-24,4.286474231211001e-24,6.398397915652921e-54,6.398397915652921e-54,1.919519374695876e-53
selected,0.8,135,109,ALL,12,True,0,0,0,1.285942269363703e-23,4.286474231211001e-24,6.398397915652921e-54,0.0,4.286474231211001e-24
selected,0.8,136,110,ALBUMIN,6,True,0,0,0,2.0158795567316405e-24,2.01587955673022e-24,2.0264185844570096e-86,0.0,2.01587955673022e-24
selected,0.8,136,110,VIABILITY,6,True,0,0,0,4.03175911346044e-24,2.01587955673022e-24,1.506014870067565e-54,1.506014870067565e-54,4.518044610202695e-54
selected,0.8,136,110,ALL,12,True,0,0,0,6.04763867019208e-24,2.01587955673022e-24,1.506014870067565e-54,0.0,2.01587955673022e-24
selected,0.8,137,111,ALBUMIN,6,True,0,0,0,9.464392944644475e-25,9.464392944639468e-25,2.3814402680419204e-87,0.0,9.464392944639468e-25
selected,0.8,137,111,VIABILITY,6,True,0,0,0,1.8928785889278936e-24,9.464392944639468e-25,3.538692524059048e-55,3.538692524059048e-55,1.0616077572177142e-54
selected,0.8,137,111,ALL,12,True,0,0,0,2.8393178833923415e-24,9.464392944639468e-25,3.538692524059048e-55,0.0,9.464392944639468e-25
selected,0.8,138,112,ALBUMIN,6,True,0,0,0,4.436050913565153e-25,4.436050913563392e-25,2.793929544560245e-88,0.0,4.436050913563392e-25
selected,0.8,138,112,VIABILITY,6,True,0,0,0,8.872101827126784e-25,4.436050913563392e-25,8.30087639981015e-56,8.30087639981015e-56,2.4902629199430453e-55
selected,0.8,138,112,ALL,12,True,0,0,0,1.3308152740691936e-24,4.436050913563392e-25,8.30087639981015e-56,0.0,4.436050913563392e-25
selected,0.8,139,112,ALBUMIN,6,True,0,0,0,1.4226685132807972e-24,1.4226685132801474e-24,1.3026117526036552e-87,0.0,1.4226685132801474e-24
selected,0.8,139,112,VIABILITY,6,True,0,0,0,2.8453370265602948e-24,1.4226685132801474e-24,3.46703631019455e-55,3.46703631019455e-55,1.0401108930583648e-54
selected,0.8,139,112,ALL,12,True,0,0,0,4.268005539841093e-24,1.4226685132801474e-24,3.46703631019455e-55,0.0,1.4226685132801474e-24
selected,0.8,140,113,ALBUMIN,6,True,0,0,0,6.704714029843219e-25,6.70471402984092e-25,1.536658147176463e-88,0.0,6.70471402984092e-25
selected,0.8,140,113,VIABILITY,6,True,0,0,0,1.340942805968184e-24,6.70471402984092e-25,8.177549718805261e-56,8.177549718805261e-56,2.453264915641578e-55
selected,0.8,140,113,ALL,12,True,0,0,0,2.011414208952506e-24,6.70471402984092e-25,8.177549718805261e-56,0.0,6.70471402984092e-25
selected,0.8,141,114,ALBUMIN,6,True,0,0,0,3.154521178886901e-25,3.154521178886089e-25,1.809697248920864e-89,0.0,3.154521178886089e-25
selected,0.8,141,114,VIABILITY,6,True,0,0,0,6.309042357772178e-25,3.154521178886089e-25,1.9255583599521134e-56,1.9255583599521134e-56,5.776675079856341e-56
selected,0.8,141,114,ALL,12,True,0,0,0,9.463563536659077e-25,3.154521178886089e-25,1.9255583599521134e-56,0.0,3.154521178886089e-25
selected,0.8,142,115,ALBUMIN,6,True,0,0,0,1.4817486075091621e-25,1.481748607508876e-25,2.12771037207438e-90,0.0,1.481748607508876e-25
selected,0.8,142,115,VIABILITY,6,True,0,0,0,2.963497215017752e-25,1.481748607508876e-25,4.5265814007192215e-57,4.5265814007192215e-57,1.3579744202157664e-56
selected,0.8,142,115,ALL,12,True,0,0,0,4.445245822526915e-25,1.481748607508876e-25,4.5265814007192215e-57,0.0,1.481748607508876e-25
selected,0.8,143,116,ALBUMIN,6,True,0,0,0,6.948874724843318e-26,6.948874724842311e-26,2.4975159722298085e-91,0.0,6.948874724842311e-26
selected,0.8,143,116,VIABILITY,6,True,0,0,0,1.3897749449684622e-25,6.948874724842311e-26,1.0623688752867233e-57,1.0623688752867233e-57,3.1871066258601696e-57
selected,0.8,143,116,ALL,12,True,0,0,0,2.084662417452794e-25,6.948874724842311e-26,1.0623688752867233e-57,0.0,6.948874724842311e-26
selected,0.8,144,116,ALBUMIN,6,True,0,0,0,2.2257873678386714e-25,2.2257873678383e-25,1.1631805251268923e-90,0.0,2.2257873678383e-25
selected,0.8,144,116,VIABILITY,6,True,0,0,0,4.4515747356766e-25,2.2257873678383e-25,4.4323171143128944e-57,4.4323171143128944e-57,1.3296951342938683e-56
selected,0.8,144,116,ALL,12,True,0,0,0,6.677362103515272e-25,2.2257873678383e-25,4.4323171143128944e-57,0.0,2.2257873678383e-25
selected,0.8,145,117,ALBUMIN,6,True,0,0,0,1.0493322758422011e-25,1.0493322758420698e-25,1.3726034994417394e-91,0.0,1.0493322758420698e-25
selected,0.8,145,117,VIABILITY,6,True,0,0,0,2.0986645516841396e-25,1.0493322758420698e-25,1.0457681450452144e-57,1.0457681450452144e-57,3.137304435135643e-57
selected,0.8,145,117,ALL,12,True,0,0,0,3.1479968275263414e-25,1.0493322758420698e-25,1.0457681450452144e-57,0.0,1.0493322758420698e-25
selected,0.8,146,118,ALBUMIN,6,True,0,0,0,4.939037423803222e-26,4.9390374238027584e-26,1.6170870577878176e-92,0.0,4.9390374238027584e-26
selected,0.8,146,118,VIABILITY,6,True,0,0,0,9.878074847605517e-26,4.9390374238027584e-26,2.4633859593033753e-58,2.4633859593033753e-58,7.390157877910126e-58
selected,0.8,146,118,ALL,12,True,0,0,0,1.4817112271408741e-25,4.9390374238027584e-26,2.4633859593033753e-58,0.0,4.9390374238027584e-26
selected,0.8,147,119,ALBUMIN,6,True,0,0,0,2.3210369109563706e-26,2.321036910956207e-26,1.902053800251728e-93,0.0,2.321036910956207e-26
selected,0.8,147,119,VIABILITY,6,True,0,0,0,4.642073821912414e-26,2.321036910956207e-26,5.793389186129464e-59,5.793389186129464e-59,1.738016755838839e-58
selected,0.8,147,119,ALL,12,True,0,0,0,6.963110732868785e-26,2.321036910956207e-26,5.793389186129464e-59,0.0,2.321036910956207e-26
selected,0.8,148,120,ALBUMIN,6,True,0,0,0,1.0890366696167113e-26,1.0890366696166537e-26,2.2336947347214648e-94,0.0,1.0890366696166537e-26
selected,0.8,148,120,VIABILITY,6,True,0,0,0,2.1780733392333073e-26,1.0890366696166537e-26,1.3603373256814e-59,1.3603373256814e-59,4.0810119770442e-59
selected,0.8,148,120,ALL,12,True,0,0,0,3.2671100088500184e-26,1.0890366696166537e-26,1.3603373256814e-59,0.0,1.0890366696166537e-26
selected,0.8,149,120,ALBUMIN,6,True,0,0,0,3.484255529626768e-26,3.484255529626556e-26,1.0392817242549975e-93,0.0,3.484255529626556e-26
selected,0.8,149,120,VIABILITY,6,True,0,0,0,6.968511059253112e-26,3.484255529626556e-26,5.669642254064412e-59,5.669642254064412e-59,1.7008926762193235e-58
selected,0.8,149,120,ALL,12,True,0,0,0,1.0452766588879883e-25,3.484255529626556e-26,5.669642254064412e-59,0.0,3.484255529626556e-26
selected,0.8,150,121,ALBUMIN,6,True,0,0,0,1.6431686519126702e-26,1.6431686519125953e-26,1.2267554093505655e-94,0.0,1.6431686519125953e-26
selected,0.8,150,121,VIABILITY,6,True,0,0,0,3.2863373038251906e-26,1.6431686519125953e-26,1.338106784384185e-59,1.338106784384185e-59,4.014320353152555e-59
selected,0.8,150,121,ALL,12,True,0,0,0,4.929505955737861e-26,1.6431686519125953e-26,1.338106784384185e-59,0.0,1.6431686519125953e-26
selected,0.8,151,122,ALBUMIN,6,True,0,0,0,7.73706135872971e-27,7.737061358729444e-27,1.4457573600942988e-95,0.0,7.737061358729444e-27
selected,0.8,151,122,VIABILITY,6,True,0,0,0,1.5474122717458888e-26,7.737061358729444e-27,3.1531210441246646e-60,3.1531210441246646e-60,9.459363132373993e-60
selected,0.8,151,122,ALL,12,True,0,0,0,2.3211184076188596e-26,7.737061358729444e-27,3.1531210441246646e-60,0.0,7.737061358729444e-27
selected,0.8,152,123,ALBUMIN,6,True,0,0,0,3.6374879029297755e-27,3.6374879029296815e-27,1.7012011829483476e-96,0.0,3.6374879029296815e-27
selected,0.8,152,123,VIABILITY,6,True,0,0,0,7.274975805859363e-27,3.6374879029296815e-27,7.418486526222515e-61,7.418486526222515e-61,2.2255459578667545e-60
selected,0.8,152,123,ALL,12,True,0,0,0,1.0912463708789139e-26,3.6374879029296815e-27,7.418486526222515e-61,0.0,3.6374879029296815e-27
selected,0.8,153,124,ALBUMIN,6,True,0,0,0,1.7075299771641298e-27,1.7075299771640968e-27,1.9987047637832615e-97,0.0,1.7075299771640968e-27
selected,0.8,153,124,VIABILITY,6,True,0,0,0,3.4150599543281936e-27,1.7075299771640968e-27,1.742707919821176e-61,1.742707919821176e-61,5.2281237594635285e-61
selected,0.8,153,124,ALL,12,True,0,0,0,5.122589931492323e-27,1.7075299771640968e-27,1.742707919821176e-61,0.0,1.7075299771640968e-27
selected,0.8,154,124,ALBUMIN,6,True,0,0,0,5.457162518651643e-27,5.4571625186515215e-27,9.29088248140909e-97,0.0,5.4571625186515215e-27
selected,0.8,154,124,VIABILITY,6,True,0,0,0,1.0914325037303043e-26,5.4571625186515215e-27,7.256321423182479e-61,7.256321423182479e-61,2.176896426954744e-60
selected,0.8,154,124,ALL,12,True,0,0,0,1.6371487555954685e-26,5.4571625186515215e-27,7.256321423182479e-61,0.0,5.4571625186515215e-27
selected,0.8,155,125,ALBUMIN,6,True,0,0,0,2.5743805109488664e-27,2.5743805109488237e-27,1.0969838632166283e-97,0.0,2.5743805109488237e-27
selected,0.8,155,125,VIABILITY,6,True,0,0,0,5.1487610218976474e-27,2.5743805109488237e-27,1.7130648364697714e-61,1.7130648364697714e-61,5.1391945094093134e-61
selected,0.8,155,125,ALL,12,True,0,0,0,7.723141532846514e-27,2.5743805109488237e-27,1.7130648364697714e-61,0.0,2.5743805109488237e-27
selected,0.8,156,126,ALBUMIN,6,True,0,0,0,1.2126092006435649e-27,1.2126092006435498e-27,1.2932345497294682e-98,0.0,1.2126092006435498e-27
selected,0.8,156,126,VIABILITY,6,True,0,0,0,2.4252184012870996e-27,1.2126092006435498e-27,4.038004236081028e-62,4.038004236081028e-62,1.2114012708243082e-61
selected,0.8,156,126,ALL,12,True,0,0,0,3.6378276019306646e-27,1.2126092006435498e-27,4.038004236081028e-62,0.0,1.2126092006435498e-27
selected,0.8,157,127,ALBUMIN,6,True,0,0,0,5.7032250553358525e-28,5.7032250553358e-28,1.5222907969156712e-99,0.0,5.7032250553358e-28
selected,0.8,157,127,VIABILITY,6,True,0,0,0,1.14064501106716e-27,5.7032250553358e-28,9.503965504208546e-63,9.503965504208546e-63,2.8511896512625635e-62
selected,0.8,157,127,ALL,12,True,0,0,0,1.710967516600745e-27,5.7032250553358e-28,9.503965504208546e-63,0.0,5.7032250553358e-28
selected,0.8,158,128,ALBUMIN,6,True,0,0,0,2.678432820397223e-28,2.6784328203972044e-28,1.7892477669857057e-100,0.0,2.6784328203972044e-28
selected,0.8,158,128,VIABILITY,6,True,0,0,0,5.356865640794409e-28,2.6784328203972044e-28,2.2335582053911969e-63,2.2335582053911969e-63,6.70067461617359e-63
selected,0.8,158,128,ALL,12,True,0,0,0,8.0352984611916315e-28,2.6784328203972044e-28,2.2335582053911969e-63,0.0,2.6784328203972044e-28
selected,0.8,159,128,ALBUMIN,6,True,0,0,0,8.55145491711368e-28,8.551454917113612e-28,8.310041352064102e-100,0.0,8.551454917113612e-28
selected,0.8,159,128,VIABILITY,6,True,0,0,0,1.7102909834227225e-27,8.551454917113612e-28,9.291772357238451e-63,9.291772357238451e-63,2.7875317071715355e-62
selected,0.8,159,128,ALL,12,True,0,0,0,2.5654364751340902e-27,8.551454917113612e-28,9.291772357238451e-63,0.0,8.551454917113612e-28
selected,0.8,160,129,ALBUMIN,6,True,0,0,0,4.035258237830595e-28,4.03525823783057e-28,9.814262402628263e-101,0.0,4.03525823783057e-28
selected,0.8,160,129,VIABILITY,6,True,0,0,0,8.07051647566114e-28,4.03525823783057e-28,2.194170849633123e-63,2.194170849633123e-63,6.582512548899369e-63
selected,0.8,160,129,ALL,12,True,0,0,0,1.2105774713491735e-27,4.03525823783057e-28,2.194170849633123e-63,0.0,4.03525823783057e-28
selected,0.8,161,130,ALBUMIN,6,True,0,0,0,1.9013594746403646e-28,1.9013594746403561e-28,1.1573527098397403e-101,0.0,1.9013594746403561e-28
selected,0.8,161,130,VIABILITY,6,True,0,0,0,3.8027189492807123e-28,1.9013594746403561e-28,5.1736576847128474e-64,5.1736576847128474e-64,1.552097305413854e-63
selected,0.8,161,130,ALL,12,True,0,0,0,5.704078423921077e-28,1.9013594746403561e-28,5.1736576847128474e-64,0.0,1.9013594746403561e-28
selected,0.8,162,131,ALBUMIN,6,True,0,0,0,8.945969812377976e-29,8.945969812377945e-29,1.3628131017750479e-102,0.0,8.945969812377945e-29
selected,0.8,162,131,VIABILITY,6,True,0,0,0,1.789193962475589e-28,8.945969812377945e-29,1.2181174932541571e-64,1.2181174932541571e-64,3.654352479762471e-64
selected,0.8,162,131,ALL,12,True,0,0,0,2.6837909437133868e-28,8.945969812377945e-29,1.2181174932541571e-64,0.0,8.945969812377945e-29
selected,0.8,163,132,ALBUMIN,6,True,0,0,0,4.2030974334258613e-29,4.20309743342585e-29,1.6024264197656017e-103,0.0,4.20309743342585e-29
selected,0.8,163,132,VIABILITY,6,True,0,0,0,8.4061948668517e-29,4.20309743342585e-29,2.863871973380427e-65,2.863871973380427e-65,8.591615920141281e-65
selected,0.8,163,132,ALL,12,True,0,0,0,1.260929230027756e-28,4.20309743342585e-29,2.863871973380427e-65,0.0,4.20309743342585e-29
selected,0.8,164,132,ALBUMIN,6,True,0,0,0,1.3406528359249602e-28,1.3406528359249564e-28,7.436324781288035e-103,0.0,1.3406528359249564e-28
selected,0.8,164,132,VIABILITY,6,True,0,0,0,2.681305671849913e-28,1.3406528359249564e-28,1.19038742492332e-64,1.19038742492332e-64,3.57116227476996e-64
selected,0.8,164,132,ALL,12,True,0,0,0,4.021958507774873e-28,1.3406528359249564e-28,1.19038742492332e-64,0.0,1.3406528359249564e-28
selected,0.8,165,133,ALBUMIN,6,True,0,0,0,6.327987690470307e-29,6.327987690470293e-29,8.78450576921549e-104,0.0,6.327987690470293e-29
selected,0.8,165,133,VIABILITY,6,True,0,0,0,1.2655975380940586e-28,6.327987690470293e-29,2.8116930280652586e-65,2.8116930280652586e-65,8.435079084195775e-65
selected,0.8,165,133,ALL,12,True,0,0,0,1.8983963071410892e-28,6.327987690470293e-29,2.8116930280652586e-65,0.0,6.327987690470293e-29
selected,0.8,166,134,ALBUMIN,6,True,0,0,0,2.9825979007142426e-29,2.9825979007142376e-29,1.036211865023085e-104,0.0,2.9825979007142376e-29
selected,0.8,166,134,VIABILITY,6,True,0,0,0,5.965195801428475e-29,2.9825979007142376e-29,6.631647051254635e-66,6.631647051254635e-66,1.9894941153763906e-65
selected,0.8,166,134,ALL,12,True,0,0,0,8.94779370214272e-29,2.9825979007142376e-29,6.631647051254635e-66,0.0,2.9825979007142376e-29
selected,0.8,167,135,ALBUMIN,6,True,0,0,0,1.403821198228088e-29,1.403821198228086e-29,1.2205636531026323e-105,0.0,1.403821198228086e-29
selected,0.8,167,135,VIABILITY,6,True,0,0,0,2.807642396456172e-29,1.403821198228086e-29,1.561914263649718e-66,1.561914263649718e-66,4.685742790949154e-66
selected,0.8,167,135,ALL,12,True,0,0,0,4.21146359468426e-29,1.403821198228086e-29,1.561914263649718e-66,0.0,1.403821198228086e-29
selected,0.8,168,136,ALBUMIN,6,True,0,0,0,6.598191966332019e-30,6.598191966332012e-30,1.4356916666847873e-106,0.0,6.598191966332012e-30
selected,0.8,168,136,VIABILITY,6,True,0,0,0,1.3196383932664023e-29,6.598191966332012e-30,3.673528872405174e-67,3.673528872405174e-67,1.1020586617215523e-66
selected,0.8,168,136,ALL,12,True,0,0,0,1.9794575898996043e-29,6.598191966332012e-30,3.673528872405174e-67,0.0,6.598191966332012e-30
selected,0.8,169,136,ALBUMIN,6,True,0,0,0,2.102732169423284e-29,2.1027321694232817e-29,6.657483116062499e-106,0.0,2.1027321694232817e-29
selected,0.8,169,136,VIABILITY,6,True,0,0,0,4.2054643388465635e-29,2.1027321694232817e-29,1.5257154340615604e-66,1.5257154340615604e-66,4.5771463021846816e-66
selected,0.8,169,136,ALL,12,True,0,0,0,6.308196508269848e-29,2.1027321694232817e-29,1.5257154340615604e-66,0.0,2.1027321694232817e-29
selected,0.8,170,137,ALBUMIN,6,True,0,0,0,9.927602502286714e-30,9.927602502286707e-30,7.86624452213819e-107,0.0,9.927602502286707e-30
selected,0.8,170,137,VIABILITY,6,True,0,0,0,1.9855205004573413e-29,9.927602502286707e-30,3.604578720808683e-67,3.604578720808683e-67,1.0813736162426048e-66
selected,0.8,170,137,ALL,12,True,0,0,0,2.978280750686013e-29,9.927602502286707e-30,3.604578720808683e-67,0.0,9.927602502286707e-30
selected,0.8,171,138,ALBUMIN,6,True,0,0,0,4.6806028147487656e-30,4.680602814748763e-30,9.281425210657142e-108,0.0,4.680602814748763e-30
selected,0.8,171,138,VIABILITY,6,True,0,0,0,9.361205629497525e-30,4.680602814748763e-30,8.504072152582138e-68,8.504072152582138e-68,2.5512216457746415e-67
selected,0.8,171,138,ALL,12,True,0,0,0,1.404180844424629e-29,4.680602814748763e-30,8.504072152582138e-68,0.0,4.680602814748763e-30
selected,0.8,172,139,ALBUMIN,6,True,0,0,0,2.2037582417494798e-30,2.2037582417494788e-30,1.0936029733666422e-108,0.0,2.2037582417494788e-30
selected,0.8,172,139,VIABILITY,6,True,0,0,0,4.4075164834989575e-30,2.2037582417494788e-30,2.003543133270469e-68,2.003543133270469e-68,6.0106293998114066e-68
selected,0.8,172,139,ALL,12,True,0,0,0,6.611274725248438e-30,2.2037582417494788e-30,2.003543133270469e-68,0.0,2.2037582417494788e-30
selected,0.8,173,140,ALBUMIN,6,True,0,0,0,1.0361877955531747e-30,1.0361877955531744e-30,1.2867976349068104e-109,0.0,1.0361877955531744e-30
selected,0.8,173,140,VIABILITY,6,True,0,0,0,2.0723755911063487e-30,1.0361877955531744e-30,4.713869272799145e-69,4.713869272799145e-69,1.4141607818397436e-68
selected,0.8,173,140,ALL,12,True,0,0,0,3.1085633866595235e-30,1.0361877955531744e-30,4.713869272799145e-69,0.0,1.0361877955531744e-30
selected,0.8,174,140,ALBUMIN,6,True,0,0,0,3.2993775680121176e-30,3.299377568012116e-30,5.962756046910771e-109,0.0,3.299377568012116e-30
selected,0.8,174,140,VIABILITY,6,True,0,0,0,6.598755136024232e-30,3.299377568012116e-30,1.956333838408014e-68,1.956333838408014e-68,5.869001515224042e-68
selected,0.8,174,140,ALL,12,True,0,0,0,9.89813270403635e-30,3.299377568012116e-30,1.956333838408014e-68,0.0,3.299377568012116e-30
selected,0.8,175,141,ALBUMIN,6,True,0,0,0,1.5581070696100325e-30,1.5581070696100321e-30,7.04688526473664e-110,0.0,1.5581070696100321e-30
selected,0.8,175,141,VIABILITY,6,True,0,0,0,3.1162141392200642e-30,1.5581070696100321e-30,4.6229541557913014e-69,4.6229541557913014e-69,1.3868862467373905e-68
selected,0.8,175,141,ALL,12,True,0,0,0,4.6743212088300976e-30,1.5581070696100321e-30,4.6229541557913014e-69,0.0,1.5581070696100321e-30
selected,0.8,176,142,ALBUMIN,6,True,0,0,0,7.348113256846972e-31,7.3481132568469705e-31,8.316754297046007e-111,0.0,7.3481132568469705e-31
selected,0.8,176,142,VIABILITY,6,True,0,0,0,1.4696226513693941e-30,7.3481132568469705e-31,1.0909484280634454e-69,1.0909484280634454e-69,3.2728452841903363e-69
selected,0.8,176,142,ALL,12,True,0,0,0,2.204433977054091e-30,7.3481132568469705e-31,1.0909484280634454e-69,0.0,7.3481132568469705e-31
selected,0.8,177,143,ALBUMIN,6,True,0,0,0,3.4607879468306298e-31,3.460787946830629e-31,9.802222315487676e-112,0.0,3.460787946830629e-31
selected,0.8,177,143,VIABILITY,6,True,0,0,0,6.921575893661258e-31,3.460787946830629e-31,2.5710133472997312e-70,2.5710133472997312e-70,7.713040041899194e-70
selected,0.8,177,143,ALL,12,True,0,0,0,1.0382363840491888e-30,3.460787946830629e-31,2.5710133472997312e-70,0.0,3.460787946830629e-31
selected,0.8,178,144,ALBUMIN,6,True,0,0,0,1.6278033850646835e-31,1.6278033850646832e-31,1.1537629375788392e-112,0.0,1.6278033850646832e-31
selected,0.8,178,144,VIABILITY,6,True,0,0,0,3.2556067701293665e-31,1.6278033850646832e-31,6.0510012025977635e-71,6.0510012025977635e-71,1.815300360779329e-70
selected,0.8,178,144,ALL,12,True,0,0,0,4.88341015519405e-31,1.6278033850646832e-31,6.0510012025977635e-71,0.0,1.6278033850646832e-31
selected,0.8,179,144,ALBUMIN,6,True,0,0,0,5.179055107452041e-31,5.17905510745204e-31,5.342676595450327e-112,0.0,5.17905510745204e-31
selected,0.8,179,144,VIABILITY,6,True,0,0,0,1.035811021490408e-30,5.17905510745204e-31,2.5094949742086818e-70,2.5094949742086818e-70,7.528484922626045e-70
selected,0.8,179,144,ALL,12,True,0,0,0,1.5537165322356121e-30,5.17905510745204e-31,2.5094949742086818e-70,0.0,5.17905510745204e-31
selected,0.8,180,145,ALBUMIN,6,True,0,0,0,2.4463293276916652e-31,2.4463293276916652e-31,6.315339531153625e-113,0.0,2.4463293276916652e-31
selected,0.8,180,145,VIABILITY,6,True,0,0,0,4.8926586553833305e-31,2.4463293276916652e-31,5.931346764022933e-71,5.931346764022933e-71,1.77940402920688e-70
selected,0.8,180,145,ALL,12,True,0,0,0,7.338987983074996e-31,2.4463293276916652e-31,5.931346764022933e-71,0.0,2.4463293276916652e-31
selected,0.8,181,146,ALBUMIN,6,True,0,0,0,1.1540058062286282e-31,1.154005806228628e-31,7.455157175556391e-114,0.0,1.154005806228628e-31
selected,0.8,181,146,VIABILITY,6,True,0,0,0,2.308011612457256e-31,1.154005806228628e-31,1.4000514785694021e-71,1.4000514785694021e-71,4.2001544357082065e-71
selected,0.8,181,146,ALL,12,True,0,0,0,3.4620174186858846e-31,1.154005806228628e-31,1.4000514785694021e-71,0.0,1.154005806228628e-31
selected,0.8,182,147,ALBUMIN,6,True,0,0,0,5.436716708475217e-32,5.436716708475216e-32,8.789137948568751e-115,0.0,5.436716708475216e-32
selected,0.8,182,147,VIABILITY,6,True,0,0,0,1.0873433416950431e-31,5.436716708475216e-32,3.300391541504987e-72,3.300391541504987e-72,9.90117462451496e-72
selected,0.8,182,147,ALL,12,True,0,0,0,1.631015012542565e-31,5.436716708475216e-32,3.300391541504987e-72,0.0,5.436716708475216e-32
selected,0.8,183,148,ALBUMIN,6,True,0,0,0,2.558043235475892e-32,2.558043235475892e-32,1.0348373636169413e-115,0.0,2.558043235475892e-32
selected,0.8,183,148,VIABILITY,6,True,0,0,0,5.116086470951784e-32,2.558043235475892e-32,7.770064680454434e-73,7.770064680454434e-73,2.33101940413633e-72
selected,0.8,183,148,ALL,12,True,0,0,0,7.674129706427676e-32,2.558043235475892e-32,7.770064680454434e-73,0.0,2.558043235475892e-32
selected,0.8,184,148,ALBUMIN,6,True,0,0,0,8.132617262553951e-32,8.13261726255395e-32,4.788903519823769e-115,0.0,8.13261726255395e-32
selected,0.8,184,148,VIABILITY,6,True,0,0,0,1.62652345251079e-31,8.13261726255395e-32,3.2202840788554797e-72,3.2202840788554797e-72,9.660852236566439e-72
selected,0.8,184,148,ALL,12,True,0,0,0,2.4397851787661847e-31,8.13261726255395e-32,3.2202840788554797e-72,0.0,8.13261726255395e-32
selected,0.8,185,149,ALBUMIN,6,True,0,0,0,3.842275862048576e-32,3.842275862048575e-32,5.661830300879032e-116,0.0,3.842275862048575e-32
selected,0.8,185,149,VIABILITY,6,True,0,0,0,7.68455172409715e-32,3.842275862048575e-32,7.612839608973741e-73,7.612839608973741e-73,2.2838518826921225e-72
selected,0.8,185,149,ALL,12,True,0,0,0,1.1526827586145728e-31,3.842275862048575e-32,7.612839608973741e-73,0.0,3.842275862048575e-32
selected,0.8,186,150,ALBUMIN,6,True,0,0,0,1.812967689230433e-32,1.812967689230433e-32,6.68520677349885e-117,0.0,1.812967689230433e-32
selected,0.8,186,150,VIABILITY,6,True,0,0,0,3.625935378460866e-32,1.812967689230433e-32,1.7973711293029243e-73,1.7973711293029243e-73,5.392113387908773e-73
selected,0.8,186,150,ALL,12,True,0,0,0,5.4389030676913e-32,1.812967689230433e-32,1.7973711293029243e-73,0.0,1.812967689230433e-32
selected,0.8,187,151,ALBUMIN,6,True,0,0,0,8.543611618801486e-33,8.543611618801486e-33,7.883458847596699e-118,0.0,8.543611618801486e-33
selected,0.8,187,151,VIABILITY,6,True,0,0,0,1.7087223237602972e-32,8.543611618801486e-33,4.238128598187703e-74,4.238128598187703e-74,1.271438579456311e-73
selected,0.8,187,151,ALL,12,True,0,0,0,2.563083485640446e-32,8.543611618801486e-33,4.238128598187703e-74,0.0,8.543611618801486e-33
selected,0.8,188,152,ALBUMIN,6,True,0,0,0,4.0211412154081635e-33,4.0211412154081635e-33,9.284731257788038e-119,0.0,4.0211412154081635e-33
selected,0.8,188,152,VIABILITY,6,True,0,0,0,8.042282430816327e-33,4.0211412154081635e-33,9.980731406848764e-75,9.980731406848764e-75,2.994219422054629e-74
selected,0.8,188,152,ALL,12,True,0,0,0,1.2063423646224492e-32,4.0211412154081635e-33,9.980731406848764e-75,0.0,4.0211412154081635e-33
selected,0.8,189,152,ALBUMIN,6,True,0,0,0,1.27750607607152e-32,1.27750607607152e-32,4.294077541999563e-118,0.0,1.27750607607152e-32
selected,0.8,189,152,VIABILITY,6,True,0,0,0,2.55501215214304e-32,1.27750607607152e-32,4.1338797095936625e-74,4.1338797095936625e-74,1.2401639128780988e-73
selected,0.8,189,152,ALL,12,True,0,0,0,3.8325182282145605e-32,1.27750607607152e-32,4.1338797095936625e-74,0.0,1.27750607607152e-32
selected,0.8,190,153,ALBUMIN,6,True,0,0,0,6.036846373867017e-33,6.036846373867017e-33,5.077725737512088e-119,0.0,6.036846373867017e-33
selected,0.8,190,153,VIABILITY,6,True,0,0,0,1.2073692747734033e-32,6.036846373867017e-33,9.774428343104755e-75,9.774428343104755e-75,2.9323285029314263e-74
selected,0.8,190,153,ALL,12,True,0,0,0,1.811053912160105e-32,6.036846373867017e-33,9.774428343104755e-75,0.0,6.036846373867017e-33
selected,0.8,191,154,ALBUMIN,6,True,0,0,0,2.8491445786571765e-33,2.8491445786571765e-33,5.996806459018384e-120,0.0,2.8491445786571765e-33
selected,0.8,191,154,VIABILITY,6,True,0,0,0,5.698289157314353e-33,2.8491445786571765e-33,2.3082222266552615e-75,2.3082222266552615e-75,6.924666679965784e-75
selected,0.8,191,154,ALL,12,True,0,0,0,8.547433735971529e-33,2.8491445786571765e-33,2.3082222266552615e-75,0.0,2.8491445786571765e-33
selected,0.8,192,155,ALBUMIN,6,True,0,0,0,1.3430195498752838e-33,1.3430195498752838e-33,7.073407045498768e-121,0.0,1.3430195498752838e-33
selected,0.8,192,155,VIABILITY,6,True,0,0,0,2.6860390997505676e-33,1.3430195498752838e-33,5.44406063090817e-76,5.44406063090817e-76,1.6332181892724511e-75
selected,0.8,192,155,ALL,12,True,0,0,0,4.029058649625852e-33,1.3430195498752838e-33,5.44406063090817e-76,0.0,1.3430195498752838e-33
selected,0.8,193,156,ALBUMIN,6,True,0,0,0,6.322951123302804e-34,6.322951123302804e-34,8.332999803193291e-122,0.0,6.322951123302804e-34
selected,0.8,193,156,VIABILITY,6,True,0,0,0,1.2645902246605608e-33,6.322951123302804e-34,1.2824298671063516e-76,1.2824298671063516e-76,3.8472896013190547e-76
selected,0.8,193,156,ALL,12,True,0,0,0,1.8968853369908412e-33,6.322951123302804e-34,1.2824298671063516e-76,0.0,6.322951123302804e-34
selected,0.8,194,156,ALBUMIN,6,True,0,0,0,2.007431116803319e-33,2.007431116803319e-33,3.8516976334011156e-121,0.0,2.007431116803319e-33
selected,0.8,194,156,VIABILITY,6,True,0,0,0,4.014862233606638e-33,2.007431116803319e-33,5.30846865113518e-76,5.30846865113518e-76,1.592540595340554e-75
selected,0.8,194,156,ALL,12,True,0,0,0,6.0222933504099575e-33,2.007431116803319e-33,5.30846865113518e-76,0.0,2.007431116803319e-33
selected,0.8,195,157,ALBUMIN,6,True,0,0,0,9.487946689153444e-34,9.487946689153444e-34,4.5553959028162136e-122,0.0,9.487946689153444e-34
selected,0.8,195,157,VIABILITY,6,True,0,0,0,1.8975893378306888e-33,9.487946689153444e-34,1.2553929766153154e-76,1.2553929766153154e-76,3.7661789298459464e-76
selected,0.8,195,157,ALL,12,True,0,0,0,2.8463840067460337e-33,9.487946689153444e-34,1.2553929766153154e-76,0.0,9.487946689153444e-34
selected,0.8,196,158,ALBUMIN,6,True,0,0,0,4.47892982926494e-34,4.47892982926494e-34,5.38102494212629e-123,0.0,4.47892982926494e-34
selected,0.8,196,158,VIABILITY,6,True,0,0,0,8.95785965852988e-34,4.47892982926494e-34,2.965215704504693e-77,2.965215704504693e-77,8.895647113514078e-77
selected,0.8,196,158,ALL,12,True,0,0,0,1.343678948779482e-33,4.47892982926494e-34,2.965215704504693e-77,0.0,4.47892982926494e-34
selected,0.8,197,159,ALBUMIN,6,True,0,0,0,2.1117994988534967e-34,2.1117994988534967e-34,6.348555142401984e-124,0.0,2.1117994988534967e-34
selected,0.8,197,159,VIABILITY,6,True,0,0,0,4.223598997706993e-34,2.1117994988534967e-34,6.995279937354384e-78,6.995279937354384e-78,2.098583981206315e-77
selected,0.8,197,159,ALL,12,True,0,0,0,6.33539849656049e-34,2.1117994988534967e-34,6.995279937354384e-78,0.0,2.1117994988534967e-34
selected,0.8,198,160,ALBUMIN,6,True,0,0,0,9.945196543705853e-35,9.945196543705853e-35,7.481036461841942e-125,0.0,9.945196543705853e-35
selected,0.8,198,160,VIABILITY,6,True,0,0,0,1.9890393087411706e-34,9.945196543705853e-35,1.6482840820498842e-78,1.6482840820498842e-78,4.944852246149653e-78
selected,0.8,198,160,ALL,12,True,0,0,0,2.983558963111756e-34,9.945196543705853e-35,1.6482840820498842e-78,0.0,9.945196543705853e-35
selected,0.8,199,160,ALBUMIN,6,True,0,0,0,3.1554125404034955e-34,3.1554125404034955e-34,3.4560142597400727e-124,0.0,3.1554125404034955e-34
selected,0.8,199,160,VIABILITY,6,True,0,0,0,6.310825080806991e-34,3.1554125404034955e-34,6.819005348718034e-78,6.819005348718034e-78,2.0457016046154104e-77
selected,0.8,199,160,ALL,12,True,0,0,0,9.466237621210486e-34,3.1554125404034955e-34,6.819005348718034e-78,0.0,3.1554125404034955e-34
selected,0.8,200,161,ALBUMIN,6,True,0,0,0,1.4916536427346989e-34,1.4916536427346989e-34,4.0880889371186885e-125,0.0,1.4916536427346989e-34
selected,0.8,200,161,VIABILITY,6,True,0,0,0,2.9833072854693978e-34,1.4916536427346989e-34,1.6128892638554247e-78,1.6128892638554247e-78,4.838667791566274e-78
selected,0.8,200,161,ALL,12,True,0,0,0,4.474960928204096e-34,1.4916536427346989e-34,1.6128892638554247e-78,0.0,1.4916536427346989e-34
fixed50,0.9,5,6,ALBUMIN,6,False,0,0,0,0.0,0.0,0.0,0.0,0.0
fixed50,0.9,5,6,VIABILITY,6,False,0,0,0,0.0,0.0,0.0,0.0,0.0
fixed50,0.9,5,6,ALL,12,False,0,0,0,0.0,0.0,0.0,0.0,0.0
fixed50,0.9,6,7,ALBUMIN,6,False,0,0,0,0.0,0.0,0.0,0.0,0.0
fixed50,0.9,6,7,VIABILITY,6,False,0,0,0,0.0,0.0,0.0,0.0,0.0
fixed50,0.9,6,7,ALL,12,False,0,0,0,0.0,0.0,0.0,0.0,0.0
fixed50,0.9,7,8,ALBUMIN,6,False,0,0,0,0.0,0.0,0.0,0.0,0.0
fixed50,0.9,7,8,VIABILITY,6,False,0,0,0,0.0,0.0,0.0,0.0,0.0
fixed50,0.9,7,8,ALL,12,False,0,0,0,0.0,0.0,0.0,0.0,0.0
fixed50,0.9,8,9,ALBUMIN,6,False,0,0,0,0.0,0.0,0.0,0.0,0.0
fixed50,0.9,8,9,VIABILITY,6,False,0,0,0,0.0,0.0,0.0,0.0,0.0
fixed50,0.9,8,9,ALL,12,False,0,0,0,0.0,0.0,0.0,0.0,0.0
fixed50,0.9,9,9,ALBUMIN,6,False,0,0,0,0.0014280075747620214,0.0012590017894878848,6.44608916217797e-10,0.0,0.00016898100434191437
fixed50,0.9,9,9,VIABILITY,6,False,0,0,0,0.0001714641285353142,0.0001689803597329982,0.0,0.0,2.4780932222490032e-08
fixed50,0.9,9,9,ALL,12,False,0,0,0,0.0015994717032973358,0.0012590017894878848,6.44608916217797e-10,0.0,0.0001690057852741369
fixed50,0.9,10,10,ALBUMIN,6,False,0,0,0,0.0006639017335598729,0.0005995246616608974,6.13913253540759e-11,0.0,6.437353176580086e-05
fixed50,0.9,10,10,VIABILITY,6,False,0,0,0,6.496248381005336e-05,6.43734703744755e-05,0.0,0.0,3.540133174641434e-09
fixed50,0.9,10,10,ALL,12,False,0,0,0,0.0007288642173699263,0.0005995246616608974,6.13913253540759e-11,0.0,6.437707189897549e-05
fixed50,0.9,11,11,ALBUMIN,6,False,0,0,0,0.00031001167251366445,0.0002854879341242369,5.846792890864371e-12,0.0,2.4523232656116885e-05
fixed50,0.9,11,11,VIABILITY,6,False,0,0,0,2.4663130947968757e-05,2.4523226809323996e-05,0.0,0.0,5.057333106630618e-10
fixed50,0.9,11,11,ALL,12,False,0,0,0,0.00033467480346163325,0.0002854879341242369,5.846792890864371e-12,0.0,2.452373838942755e-05
fixed50,0.9,12,12,ALBUMIN,6,False,0,0,0,0.00014528888974335612,0.00013594663529725565,5.568374181775591e-13,0.0,9.342182198484654e-06
fixed50,0.9,12,12,VIABILITY,6,False,0,0,0,9.375443985771163e-06,9.342181641647236e-06,0.0,0.0,7.224761580900885e-11
fixed50,0.9,12,12,ALL,12,False,0,0,0,0.00015466433372912728,0.00013594663529725565,5.568374181775591e-13,0.0,9.342254446100464e-06
fixed50,0.9,13,13,ALBUMIN,6,False,0,0,0,6.829542971248841e-05,6.473649299869316e-05,5.303213506452944e-14,0.0,3.558926392707272e-06
fixed50,0.9,13,13,VIABILITY,6,False,0,0,0,3.5668390646936142e-06,3.5589263396751376e-06,0.0,0.0,1.0321087972715547e-11
fixed50,0.9,13,13,ALL,12,False,0,0,0,7.186226877718203e-05,6.473649299869316e-05,5.303213506452944e-14,0.0,3.558936713795245e-06
fixed50,0.9,14,14,ALBUMIN,6,False,0,0,0,3.2182684370174325e-05,3.082690142794912e-05,5.050679529955184e-15,0.0,1.3557814677840652e-06
fixed50,0.9,14,14,VIABILITY,6,False,0,0,0,1.3576644619198827e-06,1.3557814627333854e-06,0.0,0.0,1.474441138959364e-12
fixed50,0.9,14,14,ALL,12,False,0,0,0,3.354034883209421e-05,3.082690142794912e-05,5.050679529955184e-15,0.0,1.3557829422252042e-06
fixed50,0.9,15,15,ALBUMIN,6,False,0,0,0,1.5195965257846815e-05,1.4679476870451963e-05,4.810170980909699e-16,0.0,5.164881767604021e-07
fixed50,0.9,15,15,VIABILITY,6,False,0,0,0,5.169363689960615e-07,5.164881762793851e-07,0.0,0.0,2.1063444842276627e-13
fixed50,0.9,15,15,ALL,12,False,0,0,0,1.5712901626842876e-05,1.4679476870451963e-05,4.810170980909699e-16,0.0,5.164883873948504e-07
fixed50,0.9,16,16,ALBUMIN,6,False,0,0,0,7.186984511791432e-06,6.9902270811676014e-06,4.581115219913999e-17,0.0,1.9675740053319587e-07
fixed50,0.9,16,16,VIABILITY,6,False,0,0,0,1.9686409297855075e-07,1.9675740048738473e-07,0.0,0.0,3.009063548896661e-14
fixed50,0.9,16,16,ALL,12,False,0,0,0,7.383848604769983e-06,6.9902270811676014e-06,4.581115219913999e-17,0.0,1.9675743062383137e-07
fixed50,0.9,17,17,ALBUMIN,6,False,0,0,0,3.4036347669494575e-06,3.3286795624607624e-06,4.36296687610857e-18,0.0,7.495520019003332e-08
fixed50,0.9,17,17,VIABILITY,6,False,0,0,0,7.49806002939827e-08,7.495520018567036e-08,0.0,0.0,4.298662212709515e-15
fixed50,0.9,17,17,ALL,12,False,0,0,0,3.478615367243441e-06,3.3286795624607624e-06,4.36296687610857e-18,0.0,7.495520448869554e-08
fixed50,0.9,18,18,ALBUMIN,6,False,0,0,0,1.6136398685236996e-06,1.5850855059336962e-06,4.1552065486748284e-19,0.0,2.8554361975908995e-08
fixed50,0.9,18,18,VIABILITY,6,False,0,0,0,2.8560409210933343e-08,2.8554361975493472e-08,0.0,0.0,6.14094601815645e-16
fixed50,0.9,18,18,ALL,12,False,0,0,0,1.642200277734633e-06,1.5850855059336962e-06,4.1552065486748284e-19,0.0,2.8554362590003597e-08
fixed50,0.9,19,18,ALBUMIN,6,False,0,0,0,1.687690896739256e-05,1.6530177419022832e-05,7.182571319852203e-18,0.0,3.46731538281032e-07
fixed50,0.9,19,18,VIABILITY,6,False,0,0,0,3.4682052007662674e-07,3.4673153827384935e-07,0.0,0.0,1.0088697029828455e-14
fixed50,0.9,19,18,ALL,12,False,0,0,0,1.7223729487469188e-05,1.6530177419022832e-05,7.182571319852203e-18,0.0,3.4673154836972897e-07
fixed50,0.9,20,19,ALBUMIN,6,False,0,0,0,8.405707973678062e-06,8.266885858611113e-06,7.198589122874305e-19,0.0,1.3882211355051126e-07
fixed50,0.9,20,19,VIABILITY,6,False,0,0,0,1.3884439570043783e-07,1.3882211354979141e-07,0.0,0.0,1.5164376901978174e-15
fixed50,0.9,20,19,ALL,12,False,0,0,0,8.5445523693785e-06,8.266885858611113e-06,7.198589122874305e-19,0.0,1.3882211506694892e-07
fixed50,0.9,21,20,ALBUMIN,6,False,0,0,0,4.180334989836491e-06,4.124885076449851e-06,7.1967944110511e-20,0.0,5.544991315926369e-08
fixed50,0.9,21,20,VIABILITY,6,False,0,0,0,5.545547946441781e-08,5.544991315919172e-08,0.0,0.0,2.2737613536614256e-16
fixed50,0.9,21,20,ALL,12,False,0,0,0,4.2357904693009095e-06,4.124885076449851e-06,7.1967944110511e-20,0.0,5.544991338663982e-08
fixed50,0.9,22,21,ALBUMIN,6,True,0,0,0,2.0759857184061965e-06,2.0538846853692206e-06,7.178847292819052e-21,0.0,2.210103300295904e-08
fixed50,0.9,22,21,VIABILITY,6,True,0,0,0,2.2102420475729017e-08,2.2101033002951865e-08,0.0,0.0,3.4016902141391406e-17
fixed50,0.9,22,21,ALL,12,True,0,0,0,2.0980881388819254e-06,2.0538846853692206e-06,7.178847292819052e-21,0.0,2.2101033036975944e-08
fixed50,0.9,23,22,ALBUMIN,6,True,0,0,0,1.029524292197576e-06,1.0207325628346654e-06,7.146290162239374e-22,0.0,8.791729357831904e-09
fixed50,0.9,23,22,VIABILITY,6,True,0,0,0,8.792074510740825e-09,8.791729357831191e-09,0.0,0.0,5.078785604353821e-18
fixed50,0.9,23,22,ALL,12,True,0,0,0,1.0383163667083168e-06,1.0207325628346654e-06,7.146290162239374e-22,0.0,8.79172936291069e-09
fixed50,0.9,24,23,ALBUMIN,6,True,0,0,0,5.098838158866523e-07,5.063927615728741e-07,7.100555145472683e-23,0.0,3.491054313021297e-09
fixed50,0.9,24,23,VIABILITY,6,True,0,0,0,3.4911400168970694e-09,3.491054313021226e-09,0.0,0.0,7.568591085624911e-19
fixed50,0.9,24,23,ALL,12,True,0,0,0,5.133749559035494e-07,5.063927615728741e-07,7.100555145472683e-23,0.0,3.4910543137781564e-09
fixed50,0.9,25,24,ALBUMIN,6,True,0,0,0,2.5220414319152864e-07,2.508201895173255e-07,7.042971104991619e-24,0.0,1.3839536740905646e-09
fixed50,0.9,25,24,VIABILITY,6,True,0,0,0,1.3839749190086312e-09,1.3839536740905574e-09,0.0,0.0,1.1259677378614398e-19
fixed50,0.9,25,24,ALL,12,True,0,0,0,2.5358811811053726e-07,2.508201895173255e-07,7.042971104991619e-24,0.0,1.3839536742031613e-09
fixed50,0.9,26,25,ALBUMIN,6,True,0,0,0,1.2459588298970012e-07,1.2404808036278755e-07,6.974770226766184e-25,0.0,5.478026268958484e-10
fixed50,0.9,26,25,VIABILITY,6,True,0,0,0,5.478078850331516e-10,5.478026268958476e-10,0.0,0.0,1.672440253966377e-20
fixed50,0.9,26,25,ALL,12,True,0,0,0,1.2514369087473327e-07,1.2404808036278755e-07,6.974770226766184e-25,0.0,5.478026269125728e-10
fixed50,0.9,27,26,ALBUMIN,6,True,0,0,0,6.148223004112137e-08,6.126570249577828e-08,6.897094214256113e-26,0.0,2.1652754534061036e-10
fixed50,0.9,27,26,VIABILITY,6,True,0,0,0,2.1652884485598147e-10,2.165275453406103e-10,0.0,0.0,2.4805073830438527e-21
fixed50,0.9,27,26,ALL,12,True,0,0,0,6.169875888597735e-08,6.126570249577828e-08,6.897094214256113e-26,0.0,2.1652754534309086e-10
fixed50,0.9,28,27,ALBUMIN,6,True,0,0,0,3.030494534934556e-08,3.021947168242204e-08,6.811000111720323e-27,0.0,8.547366692315376e-11
fixed50,0.9,28,27,VIABILITY,6,True,0,0,0,8.547398765978545e-11,8.547366692315376e-11,0.0,0.0,3.674020576112279e-22
fixed50,0.9,28,27,ALL,12,True,0,0,0,3.0390419337005347e-08,3.021947168242204e-08,6.811000111720323e-27,0.0,8.547366692352118e-11
fixed50,0.9,29,27,ALBUMIN,6,True,0,0,0,2.3797877145661784e-07,2.3719434377146363e-07,8.969092281950806e-26,0.0,7.844276851495888e-10
fixed50,0.9,29,27,VIABILITY,6,True,0,0,0,7.844312684792011e-10,7.844276851495886e-10,0.0,0.0,4.5936127084764766e-21
fixed50,0.9,29,27,ALL,12,True,0,0,0,2.38763202725097e-07,2.3719434377146363e-07,8.969092281950806e-26,0.0,7.844276851541823e-10
fixed50,0.9,30,28,ALBUMIN,6,True,0,0,0,1.2106785459369392e-07,1.2074816353089172e-07,9.149763362733733e-27,0.0,3.1969106280150044e-10
fixed50,0.9,30,28,VIABILITY,6,True,0,0,0,3.1969197621332074e-10,3.196910628015005e-10,0.0,0.0,7.028156013306921e-22
fixed50,0.9,30,28,ALL,12,True,0,0,0,1.2138754656990724e-07,1.2074816353089172e-07,9.149763362733733e-27,0.0,3.196910628022033e-10
fixed50,0.9,31,29,ALBUMIN,6,True,0,0,0,6.146684972713702e-08,6.133684708162035e-08,9.312777038792093e-28,0.0,1.3000264551656665e-10
fixed50,0.9,31,29,VIABILITY,6,True,0,0,0,1.3000287782730626e-10,1.3000264551656665e-10,0.0,0.0,1.0728543186960262e-22
fixed50,0.9,31,29,ALL,12,True,0,0,0,6.159685260496432e-08,6.133684708162035e-08,9.312777038792093e-28,0.0,1.3000264551667393e-10
fixed50,0.9,32,30,ALBUMIN,6,True,0,0,0,3.114739024148703e-08,3.109463345391242e-08,9.458458261651569e-29,0.0,5.275678757459026e-11
fixed50,0.9,32,30,VIABILITY,6,True,0,0,0,5.275684653454078e-11,5.275678757459026e-11,0.0,0.0,1.6342401065199788e-23
fixed50,0.9,32,30,ALL,12,True,0,0,0,3.120014708802157e-08,3.109463345391242e-08,9.458458261651569e-29,0.0,5.27567875746066e-11
fixed50,0.9,33,31,ALBUMIN,6,True,0,0,0,1.57548770660907e-08,1.5733509071584593e-08,9.587186170781731e-30,0.0,2.136799450610463e-11
fixed50,0.9,33,31,VIABILITY,6,True,0,0,0,2.136800944046715e-11,2.136799450610463e-11,0.0,0.0,2.4844154188145946e-24
fixed50,0.9,33,31,ALL,12,True,0,0,0,1.577624507553117e-08,1.5733509071584593e-08,9.587186170781731e-30,0.0,2.1367994506107112e-11
fixed50,0.9,34,32,ALBUMIN,6,True,0,0,0,7.955402891684764e-09,7.946763992985233e-09,9.699386048547868e-31,0.0,8.638898699529809e-12
fixed50,0.9,34,32,VIABILITY,6,True,0,0,0,8.638902475334563e-12,8.638898699529807e-12,0.0,0.0,3.7697981360394305e-25
fixed50,0.9,34,32,ALL,12,True,0,0,0,7.964041794160098e-09,7.946763992985233e-09,9.699386048547868e-31,0.0,8.638898699530185e-12
fixed50,0.9,35,33,ALBUMIN,6,True,0,0,0,4.010528426233616e-09,4.0070417805986524e-09,9.795522020741774e-32,0.0,3.4866456349638095e-12
fixed50,0.9,35,33,VIABILITY,6,True,0,0,0,3.486646587919345e-12,3.4866456349638095e-12,0.0,0.0,5.710119495589776e-26
fixed50,0.9,35,33,ALL,12,True,0,0,0,4.014015072821536e-09,4.0070417805986524e-09,9.795522020741774e-32,0.0,3.486645634963867e-12
fixed50,0.9,36,34,ALBUMIN,6,True,0,0,0,2.018688014699155e-09,2.017283087474117e-09,9.876090445057217e-33,0.0,1.4049272250381545e-12
fixed50,0.9,36,34,VIABILITY,6,True,0,0,0,1.4049274651530099e-12,1.4049272250381545e-12,0.0,0.0,8.63473758498181e-27
fixed50,0.9,36,34,ALL,12,True,0,0,0,2.0200929421643082e-09,2.017283087474117e-09,9.876090445057217e-33,0.0,1.404927225038163e-12
fixed50,0.9,37,35,ALBUMIN,6,True,0,0,0,1.0146086527567302e-09,1.0140434102684687e-09,9.941613933906073e-34,0.0,5.652424882614197e-13
fixed50,0.9,37,35,VIABILITY,6,True,0,0,0,5.652425486685457e-13,5.652424882614198e-13,0.0,0.0,1.303676806187803e-27
fixed50,0.9,37,35,ALL,12,True,0,0,0,1.0151738953053986e-09,1.0140434102684687e-09,9.941613933906073e-34,0.0,5.65242488261421e-13
fixed50,0.9,38,36,ALBUMIN,6,True,0,0,0,5.09238275548328e-10,5.090111918112038e-10,9.99263596173708e-35,0.0,2.2708373712412236e-13
fixed50,0.9,38,36,VIABILITY,6,True,0,0,0,2.270837522986912e-13,2.2708373712412238e-13,0.0,0.0,1.9653701510462605e-28
fixed50,0.9,38,36,ALL,12,True,0,0,0,5.094653593006267e-10,5.090111918112038e-10,9.99263596173708e-35,0.0,2.2708373712412256e-13
fixed50,0.9,39,36,ALBUMIN,6,True,0,0,0,3.5570961052960496e-09,3.5552372713947074e-09,1.1786860828993703e-33,0.0,1.8588339013421917e-12
fixed50,0.9,39,36,VIABILITY,6,True,0,0,0,1.8588340529324074e-12,1.858833901342192e-12,0.0,0.0,2.1999328275408505e-27
fixed50,0.9,39,36,ALL,12,True,0,0,0,3.558954939348982e-09,3.5552372713947074e-09,1.1786860828993703e-33,0.0,1.858833901342194e-12
fixed50,0.9,40,37,ALBUMIN,6,True,0,0,0,1.82738937847782e-09,1.826624853218354e-09,1.2133032238090253e-34,0.0,7.645252594657879e-13
fixed50,0.9,40,37,VIABILITY,6,True,0,0,0,7.645252984589615e-13,7.645252594657879e-13,0.0,0.0,3.396367159929278e-28
fixed50,0.9,40,37,ALL,12,True,0,0,0,1.8281539037762788e-09,1.826624853218354e-09,1.2133032238090253e-34,0.0,7.645252594657882e-13
fixed50,0.9,41,38,ALBUMIN,6,True,0,0,0,9.370481351883195e-10,9.367342904506046e-10,1.2464864412463116e-35,0.0,3.138447377148882e-13
fixed50,0.9,41,38,VIABILITY,6,True,0,0,0,3.1384474772555444e-13,3.138447377148882e-13,0.0,0.0,5.233229722104782e-29
fixed50,0.9,41,38,ALL,12,True,0,0,0,9.373619799360452e-10,9.367342904506046e-10,1.2464864412463116e-35,0.0,3.1384473771488825e-13
fixed50,0.9,42,39,ALBUMIN,6,True,0,0,0,4.796509497924405e-10,4.795223471739414e-10,1.2781882803678415e-36,0.0,1.2860261849897954e-13
fixed50,0.9,42,39,VIABILITY,6,True,0,0,0,1.2860262106426478e-13,1.286026184989795e-13,0.0,0.0,8.048533425382117e-30
fixed50,0.9,42,39,ALL,12,True,0,0,0,4.797795524135048e-10,4.795223471739414e-10,1.2781882803678415e-36,0.0,1.2860261849897954e-13
fixed50,0.9,43,40,ALBUMIN,6,True,0,0,0,2.4510728980678086e-10,2.450546839551397e-10,1.3083688220422338e-37,0.0,5.2605851641170826e-14
fixed50,0.9,43,40,VIABILITY,6,True,0,0,0,5.260585229738405e-14,5.2605851641170826e-14,0.0,0.0,1.2356466875873936e-30
fixed50,0.9,43,40,ALL,12,True,0,0,0,2.451598956590783e-10,2.450546839551397e-10,1.3083688220422338e-37,0.0,5.2605851641170826e-14
fixed50,0.9,44,41,ALBUMIN,6,True,0,0,0,1.2505105400691929e-10,1.250295706407532e-10,1.3369953344614862e-38,0.0,2.148336616606822e-14
fixed50,0.9,44,41,VIABILITY,6,True,0,0,0,2.1483366333649916e-14,2.1483366166068218e-14,0.0,0.0,1.893819385689183e-31
fixed50,0.9,44,41,ALL,12,True,0,0,0,1.2507253737325292e-10,1.250295706407532e-10,1.3369953344614862e-38,0.0,2.148336616606822e-14
fixed50,0.9,45,42,ALBUMIN,6,True,0,0,0,6.370145473488991e-11,6.369269507939427e-11,1.364041916455104e-39,0.0,8.759655495642997e-15
fixed50,0.9,45,42,VIABILITY,6,True,0,0,0,8.759655538371107e-15,8.759655495642999e-15,0.0,0.0,2.897898053124268e-32
fixed50,0.9,45,42,ALL,12,True,0,0,0,6.371021439042828e-11,6.369269507939427e-11,1.364041916455104e-39,0.0,8.759655495642997e-15
fixed50,0.9,46,43,ALBUMIN,6,True,0,0,0,3.240193711759637e-11,3.239837081339478e-11,1.3894891358165945e-40,0.0,3.566304201591887e-15
fixed50,0.9,46,43,VIABILITY,6,True,0,0,0,3.566304212469592e-15,3.566304201591888e-15,0.0,0.0,4.427507362210693e-33
fixed50,0.9,46,43,ALL,12,True,0,0,0,3.240550342180884e-11,3.239837081339478e-11,1.3894891358165945e-40,0.0,3.566304201591887e-15
fixed50,0.9,47,44,ALBUMIN,6,True,0,0,0,1.6458082947456873e-11,1.6456633092066145e-11,1.413323665546134e-41,0.0,1.4498553907272044e-15
fixed50,0.9,47,44,VIABILITY,6,True,0,0,0,1.4498553934924027e-15,1.4498553907272044e-15,0.0,0.0,6.754549842190926e-34
fixed50,0.9,47,44,ALL,12,True,0,0,0,1.645953280285036e-11,1.6456633092066145e-11,1.413323665546134e-41,0.0,1.4498553907272044e-15
fixed50,0.9,48,45,ALBUMIN,6,True,0,0,0,8.348329144667544e-12,8.347740528186864e-12,1.435537920545083e-42,0.0,5.886164806783723e-16
fixed50,0.9,48,45,VIABILITY,6,True,0,0,0,5.88616481380325e-16,5.886164806783722e-16,0.0,0.0,1.0290153692816672e-34
fixed50,0.9,48,45,ALL,12,True,0,0,0,8.348917761148924e-12,8.347740528186864e-12,1.435537920545083e-42,0.0,5.886164806783723e-16
fixed50,0.9,49,45,ALBUMIN,6,True,0,0,0,5.468879517328082e-11,5.468426946463992e-11,1.5947193617592237e-41,0.0,4.5257086409016035e-15
fixed50,0.9,49,45,VIABILITY,6,True,0,0,0,4.5257086474985435e-15,4.5257086409016035e-15,0.0,0.0,1.0844217322840395e-33
fixed50,0.9,49,45,ALL,12,True,0,0,0,5.469332088192832e-11,5.468426946463992e-11,1.5947193617592237e-41,0.0,4.5257086409016035e-15
fixed50,0.9,50,46,ALBUMIN,6,True,0,0,0,2.825715811036626e-11,2.82552862934778e-11,1.650525412353189e-42,0.0,1.8718168884548328e-15
fixed50,0.9,50,46,VIABILITY,6,True,0,0,0,1.871816890161117e-15,1.871816888454833e-15,0.0,0.0,1.6833621661855823e-34
fixed50,0.9,50,46,ALL,12,True,0,0,0,2.825902992725642e-11,2.82552862934778e-11,1.650525412353189e-42,0.0,1.8718168884548328e-15
fixed50,0.9,51,47,ALBUMIN,6,True,0,0,0,1.4576461275705772e-11,1.4575688378797624e-11,1.705390557031842e-43,0.0,7.728969081456109e-16
fixed50,0.9,51,47,VIABILITY,6,True,0,0,0,7.72896908586197e-16,7.728969081456109e-16,0.0,0.0,2.608691294379404e-35
fixed50,0.9,51,47,ALL,12,True,0,0,0,1.4577234172614356e-11,1.4575688378797624e-11,1.705390557031842e-43,0.0,7.728969081456109e-16
fixed50,0.9,52,48,ALBUMIN,6,True,0,0,0,7.507521766243909e-12,7.507203134130055e-12,1.7592137386770344e-44,0.0,3.18632113853653e-16
fixed50,0.9,52,48,VIABILITY,6,True,0,0,0,3.1863211396723516e-16,3.18632113853653e-16,0.0,0.0,4.036109030684709e-36
fixed50,0.9,52,48,ALL,12,True,0,0,0,7.507840398357876e-12,7.507203134130055e-12,1.7592137386770344e-44,0.0,3.18632113853653e-16
fixed50,0.9,53,49,ALBUMIN,6,True,0,0,0,3.860893491063786e-12,3.860762333309481e-12,1.811899782695903e-45,0.0,1.31157754304591e-16
fixed50,0.9,53,49,VIABILITY,6,True,0,0,0,1.311577543338269e-16,1.3115775430459096e-16,0.0,0.0,6.234846155606463e-37
fixed50,0.9,53,49,ALL,12,True,0,0,0,3.861024648818119e-12,3.860762333309481e-12,1.811899782695903e-45,0.0,1.31157754304591e-16
fixed50,0.9,54,50,ALBUMIN,6,True,0,0,0,1.982668890905038e-12,1.9826149820607905e-12,1.863359478738513e-46,0.0,5.390884424744594e-17
fixed50,0.9,54,50,VIABILITY,6,True,0,0,0,5.390884425496002e-17,5.390884424744593e-17,0.0,0.0,9.616947269891042e-38
fixed50,0.9,54,50,ALL,12,True,0,0,0,1.9827227997492926e-12,1.9826149820607905e-12,1.863359478738513e-46,0.0,5.390884424744594e-17
fixed50,0.9,55,51,ALBUMIN,6,True,0,0,0,1.016732756425574e-12,1.0167106299900355e-12,1.9135096292154625e-47,0.0,2.2126435538220523e-17
fixed50,0.9,55,51,VIABILITY,6,True,0,0,0,2.212643554014899e-17,2.2126435538220523e-17,0.0,0.0,1.4812279228814038e-38
fixed50,0.9,55,51,ALL,12,True,0,0,0,1.0167548828611139e-12,1.0167106299900355e-12,1.9135096292154625e-47,0.0,2.2126435538220523e-17
fixed50,0.9,56,52,ALBUMIN,6,True,0,0,0,5.206903867722144e-13,5.206813175353991e-13,1.9622730671437645e-48,0.0,9.069236815476193e-18
fixed50,0.9,56,52,VIABILITY,6,True,0,0,0,9.069236815970443e-18,9.069236815476193e-18,0.0,0.0,2.2782578258580135e-39
fixed50,0.9,56,52,ALL,12,True,0,0,0,5.206994560090305e-13,5.206813175353991e-13,1.9622730671437645e-48,0.0,9.069236815476193e-18
fixed50,0.9,57,53,ALBUMIN,6,True,0,0,0,2.663110235857458e-13,2.6630731114840633e-13,2.009578645785484e-49,0.0,3.7124373394785175e-18
fixed50,0.9,57,53,VIABILITY,6,True,0,0,0,3.712437339605022e-18,3.712437339478518e-18,0.0,0.0,3.4994684078785634e-40
fixed50,0.9,57,53,ALL,12,True,0,0,0,2.6631473602308544e-13,2.6630731114840633e-13,2.009578645785484e-49,0.0,3.7124373394785175e-18
fixed50,0.9,58,54,ALBUMIN,6,True,0,0,0,1.3603642669343044e-13,1.3603490895560674e-13,2.0553612024698824e-50,0.0,1.5177378237058862e-18
fixed50,0.9,58,54,VIABILITY,6,True,0,0,0,1.5177378237382237e-18,1.5177378237058864e-18,0.0,0.0,5.368342798732009e-41
fixed50,0.9,58,54,ALL,12,True,0,0,0,1.3603794443125419e-13,1.3603490895560674e-13,2.0553612024698824e-50,0.0,1.5177378237058862e-18
fixed50,0.9,59,54,ALBUMIN,6,True,0,0,0,8.556460610972312e-13,8.556348448777377e-13,2.1985735770323743e-49,0.0,1.1216219493405894e-17
fixed50,0.9,59,54,VIABILITY,6,True,0,0,0,1.1216219493698313e-17,1.1216219493405896e-17,0.0,0.0,5.446342263424944e-40
fixed50,0.9,59,54,ALL,12,True,0,0,0,8.556572773167249e-13,8.556348448777377e-13,2.1985735770323743e-49,0.0,1.1216219493405894e-17
fixed50,0.9,60,55,ALBUMIN,6,True,0,0,0,4.438049701369985e-13,4.4380031364893425e-13,2.283839923265385e-50,0.0,4.65648806425254e-18
fixed50,0.9,60,55,VIABILITY,6,True,0,0,0,4.656488064328453e-18,4.656488064252539e-18,0.0,0.0,8.485490724796609e-41
fixed50,0.9,60,55,ALL,12,True,0,0,0,4.4380962662506274e-13,4.4380031364893425e-13,2.283839923265385e-50,0.0,4.65648806425254e-18
fixed50,0.9,61,56,ALBUMIN,6,True,0,0,0,2.298622277920912e-13,2.2986029742617937e-13,2.3688970538919204e-51,0.0,1.930365911877117e-18
fixed50,0.9,61,56,VIABILITY,6,True,0,0,0,1.930365911896796e-18,1.930365911877117e-18,0.0,0.0,1.320098738907854e-41
fixed50,0.9,61,56,ALL,12,True,0,0,0,2.2986415815800317e-13,2.2986029742617937e-13,2.3688970538919204e-51,0.0,1.930365911877117e-18
fixed50,0.9,62,57,ALBUMIN,6,True,0,0,0,1.1888880921769422e-13,1.1888801009975032e-13,2.453602632380462e-52,0.0,7.991179438845953e-19
fixed50,0.9,62,57,VIABILITY,6,True,0,0,0,7.991179438896893e-19,7.991179438845954e-19,0.0,0.0,2.0507600640985894e-42
fixed50,0.9,62,57,ALL,12,True,0,0,0,1.188896083356381e-13,1.1888801009975032e-13,2.453602632380462e-52,0.0,7.991179438845953e-19
fixed50,0.9,63,58,ALBUMIN,6,True,0,0,0,6.140896022740337e-14,6.140862986383887e-14,2.5378172978162944e-53,0.0,3.3036356449922286e-19
fixed50,0.9,63,58,VIABILITY,6,True,0,0,0,3.303635645005396e-19,3.3036356449922286e-19,0.0,0.0,3.1814328678340934e-43
fixed50,0.9,63,58,ALL,12,True,0,0,0,6.140929059096787e-14,6.140862986383887e-14,2.5378172978162944e-53,0.0,3.3036356449922286e-19
fixed50,0.9,64,59,ALBUMIN,6,True,0,0,0,3.167805234494738e-14,3.167791594871228e-14,2.621405020243988e-54,0.0,1.3639623509837925e-19
fixed50,0.9,64,59,VIABILITY,6,True,0,0,0,1.363962350987192e-19,1.3639623509837927e-19,0.0,0.0,4.928895926898487e-44
fixed50,0.9,64,59,ALL,12,True,0,0,0,3.167818874118248e-14,3.167791594871228e-14,2.621405020243988e-54,0.0,1.3639623509837925e-19
fixed50,0.9,65,60,ALBUMIN,6,True,0,0,0,1.6320702694460145e-14,1.6320646452601684e-14,2.704233425897286e-55,0.0,5.624185846138813e-20
fixed50,0.9,65,60,VIABILITY,6,True,0,0,0,5.624185846147577e-20,5.624185846138813e-20,0.0,0.0,7.626303189267763e-45
fixed50,0.9,65,60,ALL,12,True,0,0,0,1.6320758936318606e-14,1.6320646452601684e-14,2.704233425897286e-55,0.0,5.624185846138813e-20
fixed50,0.9,66,61,ALBUMIN,6,True,0,0,0,8.398268684342896e-15,8.398245522068443e-15,2.78617409269876e-56,0.0,2.3162274452471184e-20
fixed50,0.9,66,61,VIABILITY,6,True,0,0,0,2.3162274452493754e-20,2.316227445247118e-20,0.0,0.0,1.1785111769305897e-45
fixed50,0.9,66,61,ALL,12,True,0,0,0,8.39829184661735e-15,8.398245522068443e-15,2.78617409269876e-56,0.0,2.3162274452471184e-20
fixed50,0.9,67,62,ALBUMIN,6,True,0,0,0,4.316455975387164e-15,4.316446447789024e-15,2.8671028165412284e-57,0.0,9.527598139662321e-21
fixed50,0.9,67,62,VIABILITY,6,True,0,0,0,9.527598139668126e-21,9.527598139662321e-21,0.0,0.0,1.81896954883158e-46
fixed50,0.9,67,62,ALL,12,True,0,0,0,4.316465502985303e-15,4.316446447789024e-15,2.8671028165412284e-57,0.0,9.527598139662321e-21
fixed50,0.9,68,63,ALBUMIN,6,True,0,0,0,2.2159854009219445e-15,2.2159814863702746e-15,2.946899848977457e-58,0.0,3.914551669873113e-21
fixed50,0.9,68,63,VIABILITY,6,True,0,0,0,3.914551669874604e-21,3.914551669873113e-21,0.0,0.0,2.8041763921918595e-47
fixed50,0.9,68,63,ALL,12,True,0,0,0,2.215989315473614e-15,2.2159814863702746e-15,2.946899848977457e-58,0.0,3.914551669873113e-21
fixed50,0.9,69,63,ALBUMIN,6,True,0,0,0,1.3551852283953925e-14,1.3551824135296861e-14,3.071262565084363e-57,0.0,2.814865706324875e-20
fixed50,0.9,69,63,VIABILITY,6,True,0,0,0,2.814865706326188e-20,2.8148657063248753e-20,0.0,0.0,2.771406445258301e-46
fixed50,0.9,69,63,ALL,12,True,0,0,0,1.3551880432610986e-14,1.3551824135296861e-14,3.071262565084363e-57,0.0,2.814865706324875e-20
fixed50,0.9,70,64,ALBUMIN,6,True,0,0,0,7.0485066236910246e-15,7.0484949058673236e-15,3.198743166908216e-58,0.0,1.1717823701300185e-20
fixed50,0.9,70,64,VIABILITY,6,True,0,0,0,1.1717823701303602e-20,1.1717823701300184e-20,0.0,0.0,4.3292715795627453e-47
fixed50,0.9,70,64,ALL,12,True,0,0,0,7.0485183415147264e-15,7.0484949058673236e-15,3.198743166908216e-58,0.0,1.1717823701300185e-20
fixed50,0.9,71,65,ALBUMIN,6,True,0,0,0,3.661349137182573e-15,3.6613442655394385e-15,3.327137414982774e-59,0.0,4.871643133821621e-21
fixed50,0.9,71,65,VIABILITY,6,True,0,0,0,4.8716431338225095e-21,4.871643133821621e-21,0.0,0.0,6.753976931533306e-48
fixed50,0.9,71,65,ALL,12,True,0,0,0,3.661354008825706e-15,3.6613442655394385e-15,3.327137414982774e-59,0.0,4.871643133821621e-21
fixed50,0.9,72,66,ALBUMIN,6,True,0,0,0,1.8995316695903662e-15,1.899529646760831e-15,3.4562695045375345e-60,0.0,2.022829535046657e-21
fixed50,0.9,72,66,VIABILITY,6,True,0,0,0,2.022829535046888e-21,2.0228295350466573e-21,0.0,0.0,1.0523275703230087e-48
fixed50,0.9,72,66,ALL,12,True,0,0,0,1.899533692419901e-15,1.899529646760831e-15,3.4562695045375345e-60,0.0,2.022829535046657e-21
fixed50,0.9,73,67,ALBUMIN,6,True,0,0,0,9.843021122763475e-16,9.84301273369347e-16,3.585962946372534e-61,0.0,8.3890700049082895e-22
fixed50,0.9,73,67,VIABILITY,6,True,0,0,0,8.389070004908888e-22,8.3890700049082895e-22,0.0,0.0,1.6375883870581947e-49
fixed50,0.9,73,67,ALL,12,True,0,0,0,9.84302951183348e-16,9.84301273369347e-16,3.585962946372534e-61,0.0,8.3890700049082895e-22
fixed50,0.9,74,68,ALBUMIN,6,True,0,0,0,5.094496574173974e-16,5.094493099181866e-16,3.716041073857465e-62,0.0,3.4749921073915604e-22
fixed50,0.9,74,68,VIABILITY,6,True,0,0,0,3.4749921073917156e-22,3.474992107391561e-22,0.0,0.0,2.5452831439178117e-50
fixed50,0.9,74,68,ALL,12,True,0,0,0,5.094500049166081e-16,5.094493099181866e-16,3.716041073857465e-62,0.0,3.4749921073915604e-22
fixed50,0.9,75,69,ALBUMIN,6,True,0,0,0,2.63377707930513e-16,2.6337756415217874e-16,3.846327533389462e-63,0.0,1.437783343154933e-22
fixed50,0.9,75,69,VIABILITY,6,True,0,0,0,1.437783343154973e-22,1.4377833431549332e-22,0.0,0.0,3.951477368313704e-51
fixed50,0.9,75,69,ALL,12,True,0,0,0,2.6337785170884735e-16,2.6337756415217874e-16,3.846327533389462e-63,0.0,1.437783343154933e-22
fixed50,0.9,76,70,ALBUMIN,6,True,0,0,0,1.3601129553780662e-16,1.3601123611594287e-16,3.976646757098373e-64,0.0,5.942186374668882e-23
fixed50,0.9,76,70,VIABILITY,6,True,0,0,0,5.942186374668985e-23,5.942186374668883e-23,0.0,0.0,6.127577920925222e-52
fixed50,0.9,76,70,ALL,12,True,0,0,0,1.3601135495967037e-16,1.3601123611594287e-16,3.976646757098373e-64,0.0,5.942186374668882e-23
fixed50,0.9,77,71,ALBUMIN,6,True,0,0,0,7.016200261517172e-17,7.016197808360328e-17,4.106824416745413e-65,0.0,2.4531568436598296e-23
fixed50,0.9,77,71,VIABILITY,6,True,0,0,0,2.4531568436598563e-23,2.4531568436598296e-23,0.0,0.0,9.49155721071961e-53
fixed50,0.9,77,71,ALL,12,True,0,0,0,7.016202714674016e-17,7.016197808360328e-17,4.106824416745413e-65,0.0,2.4531568436598296e-23
fixed50,0.9,78,72,ALBUMIN,6,True,0,0,0,3.615532912266775e-17,3.61553190058692e-17,4.2366878579122225e-66,0.0,1.0116798543227552e-23
fixed50,0.9,78,72,VIABILITY,6,True,0,0,0,1.0116798543227621e-23,1.0116798543227553e-23,0.0,0.0,1.4686495771441324e-53
fixed50,0.9,78,72,ALL,12,True,0,0,0,3.615533923946629e-17,3.61553190058692e-17,4.2366878579122225e-66,0.0,1.0116798543227552e-23
fixed50,0.9,79,72,ALBUMIN,6,True,0,0,0,2.1659888745905547e-16,2.1659881615302962e-16,4.332323741089548e-65,0.0,7.130602584569927e-23
fixed50,0.9,79,72,VIABILITY,6,True,0,0,0,7.130602584569987e-23,7.130602584569927e-23,0.0,0.0,1.4239808667325498e-52
fixed50,0.9,79,72,ALL,12,True,0,0,0,2.1659895876508132e-16,2.1659881615302962e-16,4.332323741089548e-65,0.0,7.130602584569927e-23
fixed50,0.9,80,73,ALBUMIN,6,True,0,0,0,1.1289157141261442e-16,1.1289154166831902e-16,4.5210476760886877e-66,0.0,2.974429539620293e-23
fixed50,0.9,80,73,VIABILITY,6,True,0,0,0,2.974429539620308e-23,2.9744295396202935e-23,0.0,0.0,2.228837618226357e-53
fixed50,0.9,80,73,ALL,12,True,0,0,0,1.128916011569098e-16,1.1289154166831902e-16,4.5210476760886877e-66,0.0,2.974429539620293e-23
fixed50,0.9,81,74,ALBUMIN,6,True,0,0,0,5.877164565444352e-17,5.877163326142503e-17,4.7124313755699585e-67,0.0,1.2393018496217512e-23
fixed50,0.9,81,74,VIABILITY,6,True,0,0,0,1.2393018496217553e-23,1.2393018496217514e-23,0.0,0.0,3.4845076122453403e-54
fixed50,0.9,81,74,ALL,12,True,0,0,0,5.877165804746202e-17,5.877163326142503e-17,4.7124313755699585e-67,0.0,1.2393018496217512e-23
fixed50,0.9,82,75,ALBUMIN,6,True,0,0,0,3.0562419751476015e-17,3.056241459373901e-17,4.906274164828673e-68,0.0,5.157737008964907e-24
fixed50,0.9,82,75,VIABILITY,6,True,0,0,0,5.157737008964918e-24,5.157737008964907e-24,0.0,0.0,5.441343416440354e-55
fixed50,0.9,82,75,ALL,12,True,0,0,0,3.056242490921303e-17,3.056241459373901e-17,4.906274164828673e-68,0.0,5.157737008964907e-24
fixed50,0.9,83,76,ALBUMIN,6,True,0,0,0,1.5875712415700007e-17,1.587571027151516e-17,5.102370264776688e-69,0.0,2.1441848466552476e-24
fixed50,0.9,83,76,VIABILITY,6,True,0,0,0,2.1441848466552505e-24,2.144184846655248e-24,0.0,0.0,8.487604033106963e-56
fixed50,0.9,83,76,ALL,12,True,0,0,0,1.5875714559884856e-17,1.587571027151516e-17,5.102370264776688e-69,0.0,2.1441848466552476e-24
fixed50,0.9,84,77,ALBUMIN,6,True,0,0,0,8.237888738729817e-18,8.237887848303514e-18,5.300509354141156e-70,0.0,8.904263029374452e-25
fixed50,0.9,84,77,VIABILITY,6,True,0,0,0,8.90426302937446e-25,8.904263029374452e-25,0.0,0.0,1.3224839186377571e-56
fixed50,0.9,84,77,ALL,12,True,0,0,0,8.237889629156119e-18,8.237887848303514e-18,5.300509354141156e-70,0.0,8.904263029374452e-25
fixed50,0.9,85,78,ALBUMIN,6,True,0,0,0,4.2701882575773585e-18,4.270187888193568e-18,5.500477132449776e-71,0.0,3.6938379126251458e-25
fixed50,0.9,85,78,VIABILITY,6,True,0,0,0,3.6938379126251476e-25,3.6938379126251458e-25,0.0,0.0,2.0584182287632315e-57
fixed50,0.9,85,78,ALL,12,True,0,0,0,4.270188626961151e-18,4.270187888193568e-18,5.500477132449776e-71,0.0,3.6938379126251458e-25
fixed50,0.9,86,79,ALBUMIN,6,True,0,0,0,2.211247280530739e-18,2.2112471274527524e-18,5.702055881741316e-72,0.0,1.5307798665997926e-25
fixed50,0.9,86,79,VIABILITY,6,True,0,0,0,1.530779866599793e-25,1.5307798665997926e-25,0.0,0.0,3.200559917719887e-58
fixed50,0.9,86,79,ALL,12,True,0,0,0,2.2112474336087256e-18,2.2112471274527524e-18,5.702055881741316e-72,0.0,1.5307798665997926e-25
fixed50,0.9,87,80,ALBUMIN,6,True,0,0,0,1.1439240719379157e-18,1.1439240085636022e-18,5.905025025043621e-73,0.0,6.337431362408753e-26
fixed50,0.9,87,80,VIABILITY,6,True,0,0,0,6.337431362408754e-26,6.337431362408753e-26,0.0,0.0,4.971394406629811e-59
fixed50,0.9,87,80,ALL,12,True,0,0,0,1.1439241353122294e-18,1.1439240085636022e-18,5.905025025043621e-73,0.0,6.337431362408753e-26
fixed50,0.9,88,81,ALBUMIN,6,True,0,0,0,5.912031339216554e-19,5.912031077102921e-19,6.10916167976777e-74,0.0,2.6211363366360957e-26
fixed50,0.9,88,81,VIABILITY,6,True,0,0,0,2.621136336636096e-26,2.6211363366360957e-26,0.0,0.0,7.714375940592598e-60
fixed50,0.9,88,81,ALL,12,True,0,0,0,5.912031601330188e-19,5.912031077102921e-19,6.10916167976777e-74,0.0,2.6211363366360957e-26
fixed50,0.9,89,81,ALBUMIN,6,True,0,0,0,3.486408008407548e-18,3.4864078264657265e-18,6.157125446808709e-73,0.0,1.819418215892151e-25
fixed50,0.9,89,81,VIABILITY,6,True,0,0,0,1.8194182158921513e-25,1.819418215892151e-25,0.0,0.0,7.3713697280986955e-59
fixed50,0.9,89,81,ALL,12,True,0,0,0,3.48640819034937e-18,3.4864078264657265e-18,6.157125446808709e-73,0.0,1.819418215892151e-25
fixed50,0.9,90,82,ALBUMIN,6,True,0,0,0,1.820090783338935e-18,1.8200907073231215e-18,6.435217486871349e-74,0.0,7.601581326244126e-26
fixed50,0.9,90,82,VIABILITY,6,True,0,0,0,7.601581326244126e-26,7.601581326244125e-26,0.0,0.0,1.1555606283155238e-59
fixed50,0.9,90,82,ALL,12,True,0,0,0,1.820090859354748e-18,1.8200907073231215e-18,6.435217486871349e-74,0.0,7.601581326244126e-26
fixed50,0.9,91,83,ALBUMIN,6,True,0,0,0,9.49193290020079e-19,9.491932582938861e-19,6.718686735038518e-75,0.0,3.172619305612472e-26
fixed50,0.9,91,83,VIABILITY,6,True,0,0,0,3.172619305612472e-26,3.172619305612472e-26,0.0,0.0,1.8095641406380635e-60
fixed50,0.9,91,83,ALL,12,True,0,0,0,9.491933217462722e-19,9.491932582938861e-19,6.718686735038518e-75,0.0,3.172619305612472e-26
fixed50,0.9,92,84,ALBUMIN,6,True,0,0,0,4.945078563657773e-19,4.945078431380601e-19,7.007321507993635e-76,0.0,1.3227717146659165e-26
fixed50,0.9,92,84,VIABILITY,6,True,0,0,0,1.3227717146659165e-26,1.3227717146659165e-26,0.0,0.0,2.8307561229200064e-61
fixed50,0.9,92,84,ALL,12,True,0,0,0,4.945078695934944e-19,4.945078431380601e-19,7.007321507993635e-76,0.0,1.3227717146659165e-26
fixed50,0.9,93,85,ALBUMIN,6,True,0,0,0,2.5737033053911196e-19,2.573703250295798e-19,7.300899688779652e-77,0.0,5.509532186700746e-27
fixed50,0.9,93,85,VIABILITY,6,True,0,0,0,5.509532186700746e-27,5.509532186700746e-27,0.0,0.0,4.423727112220857e-62
fixed50,0.9,93,85,ALL,12,True,0,0,0,2.573703360486442e-19,2.573703250295798e-19,7.300899688779652e-77,0.0,5.509532186700746e-27
fixed50,0.9,94,86,ALBUMIN,6,True,0,0,0,1.3381968763534916e-19,1.3381968534280837e-19,7.599189253313897e-78,0.0,2.292540808432364e-27
fixed50,0.9,94,86,VIABILITY,6,True,0,0,0,2.2925408084323642e-27,2.292540808432364e-27,0.0,0.0,6.906236283904907e-63
fixed50,0.9,94,86,ALL,12,True,0,0,0,1.3381968992788998e-19,1.3381968534280837e-19,7.599189253313897e-78,0.0,2.292540808432364e-27
fixed50,0.9,95,87,ALBUMIN,6,True,0,0,0,6.951315179662133e-20,6.951315084360296e-20,7.901948816180342e-79,0.0,9.530183740703357e-28
fixed50,0.9,95,87,VIABILITY,6,True,0,0,0,9.530183740703357e-28,9.530183740703357e-28,0.0,0.0,1.0771378207810825e-63
fixed50,0.9,95,87,ALL,12,True,0,0,0,6.951315274963971e-20,6.951315084360296e-20,7.901948816180342e-79,0.0,9.530183740703357e-28
fixed50,0.9,96,88,ALBUMIN,6,True,0,0,0,3.607516121518605e-20,3.607516081938554e-20,8.208928193428276e-80,0.0,3.958005031808217e-28
fixed50,0.9,96,88,VIABILITY,6,True,0,0,0,3.958005031808217e-28,3.958005031808217e-28,0.0,0.0,1.6783674689477188e-64
fixed50,0.9,96,88,ALL,12,True,0,0,0,3.6075161610986546e-20,3.607516081938554e-20,8.208928193428276e-80,0.0,3.958005031808217e-28
fixed50,0.9,97,89,ALBUMIN,6,True,0,0,0,1.8704776555450092e-20,1.8704776391220653e-20,8.519868980126761e-81,0.0,1.6422943995401084e-28
fixed50,0.9,97,89,VIABILITY,6,True,0,0,0,1.6422943995401084e-28,1.6422943995401084e-28,0.0,0.0,2.6127488626775408e-65
fixed50,0.9,97,89,ALL,12,True,0,0,0,1.870477671967953e-20,1.8704776391220653e-20,8.519868980126761e-81,0.0,1.6422943995401084e-28
fixed50,0.9,98,90,ALBUMIN,6,True,0,0,0,9.689649174487503e-21,9.689649106405279e-21,8.834505140452941e-82,0.0,6.808222483148262e-29
fixed50,0.9,98,90,VIABILITY,6,True,0,0,0,6.808222483148262e-29,6.808222483148262e-29,0.0,0.0,4.0636073234115813e-66
fixed50,0.9,98,90,ALL,12,True,0,0,0,9.689649242569728e-21,9.689649106405279e-21,8.834505140452941e-82,0.0,6.808222483148262e-29
fixed50,0.9,99,90,ALBUMIN,6,True,0,0,0,5.643475401310381e-20,5.64347535461887e-20,8.802699293685335e-81,0.0,4.669151171915997e-28
fixed50,0.9,99,90,VIABILITY,6,True,0,0,0,4.669151171915997e-28,4.669151171915997e-28,0.0,0.0,3.8385200461977515e-65
fixed50,0.9,99,90,ALL,12,True,0,0,0,5.643475448001894e-20,5.64347535461887e-20,8.802699293685335e-81,0.0,4.669151171915997e-28
fixed50,0.9,100,91,ALBUMIN,6,True,0,0,0,2.950066975478526e-20,2.950066955945635e-20,9.2116122251977e-82,0.0,1.953289095368532e-28
fixed50,0.9,100,91,VIABILITY,6,True,0,0,0,1.953289095368532e-28,1.953289095368532e-28,0.0,0.0,6.024841217043923e-66
fixed50,0.9,100,91,ALL,12,True,0,0,0,2.9500669950114164e-20,2.950066955945635e-20,9.2116122251977e-82,0.0,1.953289095368532e-28
fixed50,0.9,101,92,ALBUMIN,6,True,0,0,0,1.5406434169227266e-20,1.5406434087592217e-20,9.630114181170505e-83,0.0,8.163504971278358e-29
fixed50,0.9,101,92,VIABILITY,6,True,0,0,0,8.163504971278358e-29,8.163504971278358e-29,0.0,0.0,9.447220263165129e-67
fixed50,0.9,101,92,ALL,12,True,0,0,0,1.5406434250862317e-20,1.5406434087592217e-20,9.630114181170505e-83,0.0,8.163504971278358e-29
fixed50,0.9,102,93,ALBUMIN,6,True,0,0,0,8.038329656573333e-21,8.038329622487267e-21,1.0058007079288278e-83,0.0,3.408606485882488e-29
fixed50,0.9,102,93,VIABILITY,6,True,0,0,0,3.408606485882488e-29,3.408606485882488e-29,0.0,0.0,1.4799525882665518e-67
fixed50,0.9,102,93,ALL,12,True,0,0,0,8.038329690659396e-21,8.038329622487267e-21,1.0058007079288278e-83,0.0,3.408606485882488e-29
fixed50,0.9,103,94,ALBUMIN,6,True,0,0,0,4.190164478279923e-21,4.190164464060715e-21,1.0495075987900592e-84,0.0,1.421920789987439e-29
fixed50,0.9,103,94,VIABILITY,6,True,0,0,0,1.421920789987439e-29,1.421920789987439e-29,0.0,0.0,2.3162493413497756e-68
fixed50,0.9,103,94,ALL,12,True,0,0,0,4.190164492499131e-21,4.190164464060715e-21,1.0495075987900592e-84,0.0,1.421920789987439e-29
fixed50,0.9,104,95,ALBUMIN,6,True,0,0,0,2.1822566112335015e-21,2.1822566053072473e-21,1.0941089515144092e-85,0.0,5.9262544377795526e-30
fixed50,0.9,104,95,VIABILITY,6,True,0,0,0,5.9262544377795526e-30,5.9262544377795526e-30,0.0,0.0,3.621802171012637e-69
fixed50,0.9,104,95,ALL,12,True,0,0,0,2.182256617159756e-21,2.1822566053072473e-21,1.0941089515144092e-85,0.0,5.9262544377795526e-30
fixed50,0.9,105,96,ALBUMIN,6,True,0,0,0,1.135527698951124e-21,1.1355276964833844e-21,1.1395800235735359e-86,0.0,2.4677395102292237e-30
fixed50,0.9,105,96,VIABILITY,6,True,0,0,0,2.4677395102292237e-30,2.4677395102292237e-30,0.0,0.0,5.658143676766178e-70
fixed50,0.9,105,96,ALL,12,True,0,0,0,1.1355277014188633e-21,1.1355276964833844e-21,1.1395800235735359e-86,0.0,2.4677395102292237e-30
fixed50,0.9,106,97,ALBUMIN,6,True,0,0,0,5.903563908309804e-22,5.903563898042888e-22,1.185894515349362e-87,0.0,1.0266916237499207e-30
fixed50,0.9,106,97,VIABILITY,6,True,0,0,0,1.0266916237499207e-30,1.0266916237499207e-30,0.0,0.0,8.831627340536508e-71
fixed50,0.9,106,97,ALL,12,True,0,0,0,5.903563918576721e-22,5.903563898042888e-22,1.185894515349362e-87,0.0,1.0266916237499207e-30
fixed50,0.9,107,98,ALBUMIN,6,True,0,0,0,3.066639086013047e-22,3.0666390817451915e-22,1.2330246197585641e-88,0.0,4.267855816613351e-31
fixed50,0.9,107,98,VIABILITY,6,True,0,0,0,4.267855816613351e-31,4.267855816613351e-31,0.0,0.0,1.377312466787934e-71
fixed50,0.9,107,98,ALL,12,True,0,0,0,3.066639090280903e-22,3.0666390817451915e-22,1.2330246197585641e-88,0.0,4.267855816613351e-31
fixed50,0.9,108,99,ALBUMIN,6,True,0,0,0,1.5916587368518563e-22,1.5916587350792364e-22,1.2809410750428681e-89,0.0,1.77261980092905e-31
fixed50,0.9,108,99,VIABILITY,6,True,0,0,0,1.77261980092905e-31,1.77261980092905e-31,0.0,0.0,2.1461320805455546e-72
fixed50,0.9,108,99,ALL,12,True,0,0,0,1.591658738624476e-22,1.5916587350792364e-22,1.2809410750428681e-89,0.0,1.77261980092905e-31
fixed50,0.9,109,99,ALBUMIN,6,True,0,0,0,9.177271958542879e-22,9.177271946504146e-22,1.264594062965829e-88,0.0,1.2038733694030177e-30
fixed50,0.9,109,99,VIABILITY,6,True,0,0,0,1.2038733694030177e-30,1.2038733694030177e-30,0.0,0.0,2.0084920643860525e-71
fixed50,0.9,109,99,ALL,12,True,0,0,0,9.177271970581613e-22,9.177271946504146e-22,1.264594062965829e-88,0.0,1.2038733694030177e-30
fixed50,0.9,110,100,ALBUMIN,6,True,0,0,0,4.802500311094322e-22,4.802500306052742e-22,1.3246736370615901e-89,0.0,5.041579587957882e-31
fixed50,0.9,110,100,VIABILITY,6,True,0,0,0,5.041579587957882e-31,5.041579587957882e-31,0.0,0.0,3.155674294065445e-72
fixed50,0.9,110,100,ALL,12,True,0,0,0,4.802500316135901e-22,4.802500306052742e-22,1.3246736370615901e-89,0.0,5.041579587957882e-31
fixed50,0.9,111,101,ALBUMIN,6,True,0,0,0,2.510953258401923e-22,2.5109532562924837e-22,1.3863614259907907e-90,0.0,2.1094388196990185e-31
fixed50,0.9,111,101,VIABILITY,6,True,0,0,0,2.1094388196990185e-31,2.1094388196990185e-31,0.0,0.0,4.953641533833604e-73
fixed50,0.9,111,101,ALL,12,True,0,0,0,2.5109532605113616e-22,2.5109532562924837e-22,1.3863614259907907e-90,0.0,2.1094388196990185e-31
fixed50,0.9,112,102,ALBUMIN,6,True,0,0,0,1.3116994970451904e-22,1.3116994961633524e-22,1.449643313624203e-91,0.0,8.818381585892245e-32
fixed50,0.9,112,102,VIABILITY,6,True,0,0,0,8.818381585892245e-32,8.818381585892245e-32,0.0,0.0,7.769169848136397e-74
fixed50,0.9,112,102,ALL,12,True,0,0,0,1.3116994979270286e-22,1.3116994961633524e-22,1.449643313624203e-91,0.0,8.818381585892245e-32
fixed50,0.9,113,103,ALBUMIN,6,True,0,0,0,6.846387069216816e-23,6.846387065533496e-23,1.514502734899592e-92,0.0,3.683319996936244e-32
fixed50,0.9,113,103,VIABILITY,6,True,0,0,0,3.683319996936244e-32,3.683319996936244e-32,0.0,0.0,1.2174450653599873e-74
fixed50,0.9,113,103,ALL,12,True,0,0,0,6.846387072900137e-23,6.846387065533496e-23,1.514502734899592e-92,0.0,3.683319996936244e-32
fixed50,0.9,114,104,ALBUMIN,6,True,0,0,0,3.570480029348514e-23,3.570480027811332e-23,1.5809206883237491e-93,0.0,1.537182374922271e-32
fixed50,0.9,114,104,VIABILITY,6,True,0,0,0,1.537182374922271e-32,1.537182374922271e-32,0.0,0.0,1.9061441285827555e-75
fixed50,0.9,114,104,ALL,12,True,0,0,0,3.570480030885697e-23,3.570480027811332e-23,1.5809206883237491e-93,0.0,1.537182374922271e-32
fixed50,0.9,115,105,ALBUMIN,6,True,0,0,0,1.8605285527182308e-23,1.8605285520772378e-23,1.6488757539643463e-94,0.0,6.409930382570951e-33
fixed50,0.9,115,105,VIABILITY,6,True,0,0,0,6.409930382570951e-33,6.409930382570951e-33,0.0,0.0,2.981950298850193e-76
fixed50,0.9,115,105,ALL,12,True,0,0,0,1.860528553359224e-23,1.8605285520772378e-23,1.6488757539643463e-94,0.0,6.409930382570951e-33
fixed50,0.9,116,106,ALBUMIN,6,True,0,0,0,9.687171250907001e-24,9.687171248236273e-24,1.718344116818869e-95,0.0,2.670727708049585e-33
fixed50,0.9,116,106,VIABILITY,6,True,0,0,0,2.670727708049585e-33,2.670727708049585e-33,0.0,0.0,4.6611157299659196e-77
fixed50,0.9,116,106,ALL,12,True,0,0,0,9.687171253577728e-24,9.687171248236273e-24,1.718344116818869e-95,0.0,2.670727708049585e-33
fixed50,0.9,117,107,ALBUMIN,6,True,0,0,0,5.0398161028333915e-24,5.0398161017215046e-24,1.7892995954335018e-96,0.0,1.111886700881648e-33
fixed50,0.9,117,107,VIABILITY,6,True,0,0,0,1.111886700881648e-33,1.111886700881648e-33,0.0,0.0,7.279985844265988e-78
fixed50,0.9,117,107,ALL,12,True,0,0,0,5.0398161039452776e-24,5.0398161017215046e-24,1.7892995954335018e-96,0.0,1.111886700881648e-33
fixed50,0.9,118,108,ALBUMIN,6,True,0,0,0,2.6199649578038596e-24,2.6199649573413165e-24,1.8617136756313464e-97,0.0,4.625430503657654e-34
fixed50,0.9,118,108,VIABILITY,6,True,0,0,0,4.625430503657654e-34,4.625430503657654e-34,0.0,0.0,1.1361312911538328e-78
fixed50,0.9,118,108,ALL,12,True,0,0,0,2.6199649582664026e-24,2.6199649573413165e-24,1.8617136756313464e-97,0.0,4.625430503657654e-34
fixed50,0.9,119,108,ALBUMIN,6,True,0,0,0,1.4981109334347588e-23,1.498110933123145e-23,1.8239993406255008e-96,0.0,3.116137881911193e-33
fixed50,0.9,119,108,VIABILITY,6,True,0,0,0,3.116137881911193e-33,3.116137881911193e-33,0.0,0.0,1.0551388918001032e-77
fixed50,0.9,119,108,ALL,12,True,0,0,0,1.4981109337463723e-23,1.498110933123145e-23,1.8239993406255008e-96,0.0,3.116137881911193e-33
fixed50,0.9,120,109,ALBUMIN,6,True,0,0,0,7.846745141434314e-24,7.84674514012819e-24,1.9122639217135185e-97,0.0,1.306124123357058e-33
fixed50,0.9,120,109,VIABILITY,6,True,0,0,0,1.306124123357058e-33,1.306124123357058e-33,0.0,0.0,1.6592011593120108e-78
fixed50,0.9,120,109,ALL,12,True,0,0,0,7.846745142740438e-24,7.84674514012819e-24,1.9122639217135185e-97,0.0,1.306124123357058e-33
fixed50,0.9,121,110,ALBUMIN,6,True,0,0,0,4.1065804271217264e-24,4.1065804265747175e-24,2.003132549201774e-98,0.0,5.470095719319956e-34
fixed50,0.9,121,110,VIABILITY,6,True,0,0,0,5.470095719319956e-34,5.470095719319956e-34,0.0,0.0,2.6069194431504753e-79
fixed50,0.9,121,110,ALL,12,True,0,0,0,4.106580427668736e-24,4.1065804265747175e-24,2.003132549201774e-98,0.0,5.470095719319956e-34
fixed50,0.9,122,111,ALBUMIN,6,True,0,0,0,2.147446529227993e-24,2.1474465289990887e-24,2.0966042208494102e-99,0.0,2.289044265729218e-34
fixed50,0.9,122,111,VIABILITY,6,True,0,0,0,2.289044265729218e-34,2.289044265729218e-34,0.0,0.0,4.09262105298104e-80
fixed50,0.9,122,111,ALL,12,True,0,0,0,2.1474465294568975e-24,2.1474465289990887e-24,2.0966042208494102e-99,0.0,2.289044265729218e-34
fixed50,0.9,123,112,ALBUMIN,6,True,0,0,0,1.1220740044091433e-24,1.1220740043134308e-24,2.1926745973183217e-100,0.0,9.571239659846611e-35
fixed50,0.9,123,112,VIABILITY,6,True,0,0,0,9.571239659846611e-35,9.571239659846611e-35,0.0,0.0,6.419879098923763e-81
fixed50,0.9,123,112,ALL,12,True,0,0,0,1.1220740045048557e-24,1.1220740043134308e-24,2.1926745973183217e-100,0.0,9.571239659846611e-35
fixed50,0.9,124,113,ALBUMIN,6,True,0,0,0,5.858460258826042e-25,5.85846025842615e-25,2.2913359716983487e-101,0.0,3.9989200384663294e-35
fixed50,0.9,124,113,VIABILITY,6,True,0,0,0,3.9989200384663294e-35,3.9989200384663294e-35,0.0,0.0,1.0062582239249693e-81
fixed50,0.9,124,113,ALL,12,True,0,0,0,5.858460259225934e-25,5.85846025842615e-25,2.2913359716983487e-101,0.0,3.9989200384663294e-35
fixed50,0.9,125,114,ALBUMIN,6,True,0,0,0,3.0564261528037536e-25,3.056426152636805e-25,2.3925772459837012e-102,0.0,1.6694884900427125e-35
fixed50,0.9,125,114,VIABILITY,6,True,0,0,0,1.6694884900427125e-35,1.6694884900427125e-35,0.0,0.0,1.5759957853957033e-82
fixed50,0.9,125,114,ALL,12,True,0,0,0,3.0564261529707027e-25,3.056426152636805e-25,2.3925772459837012e-102,0.0,1.6694884900427125e-35
fixed50,0.9,126,115,ALBUMIN,6,True,0,0,0,1.5933757633009857e-25,1.59337576323134e-25,2.496383914515602e-103,0.0,6.96459438905028e-36
fixed50,0.9,126,115,VIABILITY,6,True,0,0,0,6.96459438905028e-36,6.96459438905028e-36,0.0,0.0,2.466432706942635e-83
fixed50,0.9,126,115,ALL,12,True,0,0,0,1.5933757633706317e-25,1.59337576323134e-25,2.496383914515602e-103,0.0,6.96459438905028e-36
fixed50,0.9,127,116,ALBUMIN,6,True,0,0,0,8.300451253096956e-26,8.300451252806631e-26,2.602738054385854e-104,0.0,2.9032557408234234e-36
fixed50,0.9,127,116,VIABILITY,6,True,0,0,0,2.9032557408234234e-36,2.9032557408234234e-36,0.0,0.0,3.8570703175777278e-84
fixed50,0.9,127,116,ALL,12,True,0,0,0,8.300451253387282e-26,8.300451252806631e-26,2.602738054385854e-104,0.0,2.9032557408234234e-36
fixed50,0.9,128,117,ALBUMIN,6,True,0,0,0,4.320853920426091e-26,4.320853920305155e-26,2.7116183227763603e-105,0.0,1.209364087868379e-36
fixed50,0.9,128,117,VIABILITY,6,True,0,0,0,1.209364087868379e-36,1.209364087868379e-36,0.0,0.0,6.027333625472179e-85
fixed50,0.9,128,117,ALL,12,True,0,0,0,4.320853920547028e-26,4.320853920305155e-26,2.7116183227763603e-105,0.0,1.209364087868379e-36
fixed50,0.9,129,117,ALBUMIN,6,True,0,0,0,2.4534681641756813e-25,2.4534681640947568e-25,2.6397472007685243e-104,0.0,8.092479376066653e-36
fixed50,0.9,129,117,VIABILITY,6,True,0,0,0,8.092479376066653e-36,8.092479376066653e-36,0.0,0.0,5.561723008307996e-84
fixed50,0.9,129,117,ALL,12,True,0,0,0,2.4534681642566063e-25,2.4534681640947568e-25,2.6397472007685243e-104,0.0,8.092479376066653e-36
fixed50,0.9,130,118,ALBUMIN,6,True,0,0,0,1.2860517402137004e-25,1.2860517401797557e-25,2.76945923531582e-105,0.0,3.394480052375768e-36
fixed50,0.9,130,118,VIABILITY,6,True,0,0,0,3.394480052375768e-36,3.394480052375768e-36,0.0,0.0,8.752053211055023e-85
fixed50,0.9,130,118,ALL,12,True,0,0,0,1.2860517402476451e-25,1.2860517401797557e-25,2.76945923531582e-105,0.0,3.394480052375768e-36
fixed50,0.9,131,119,ALBUMIN,6,True,0,0,0,6.736056743790108e-26,6.736056743647832e-26,2.903295658985267e-106,0.0,1.4227612078888746e-36
fixed50,0.9,131,119,VIABILITY,6,True,0,0,0,1.4227612078888746e-36,1.4227612078888746e-36,0.0,0.0,1.3761779164264006e-85
fixed50,0.9,131,119,ALL,12,True,0,0,0,6.736056743932385e-26,6.736056743647832e-26,2.903295658985267e-106,0.0,1.4227612078888746e-36
fixed50,0.9,132,120,ALBUMIN,6,True,0,0,0,3.5255551582027605e-26,3.525555158143172e-26,3.0412809841171596e-107,0.0,5.958859181640792e-37
fixed50,0.9,132,120,VIABILITY,6,True,0,0,0,5.958859181640792e-37,5.958859181640792e-37,0.0,0.0,2.1622633948000246e-86
fixed50,0.9,132,120,ALL,12,True,0,0,0,3.525555158262349e-26,3.525555158143172e-26,3.0412809841171596e-107,0.0,5.958859181640792e-37
fixed50,0.9,133,121,ALBUMIN,6,True,0,0,0,1.8438638514751936e-26,1.8438638514502554e-26,3.183435397067721e-108,0.0,2.493857967555936e-37
fixed50,0.9,133,121,VIABILITY,6,True,0,0,0,2.493857967555936e-37,2.493857967555936e-37,0.0,0.0,3.394823453128282e-87
fixed50,0.9,133,121,ALL,12,True,0,0,0,1.8438638515001324e-26,1.8438638514502554e-26,3.183435397067721e-108,0.0,2.493857967555936e-37
fixed50,0.9,134,122,ALBUMIN,6,True,0,0,0,9.636397515387728e-27,9.636397515283433e-27,3.329774662799877e-109,0.0,1.0429483682697152e-37
fixed50,0.9,134,122,VIABILITY,6,True,0,0,0,1.0429483682697152e-37,1.0429483682697152e-37,0.0,0.0,5.326052762475598e-88
fixed50,0.9,134,122,ALL,12,True,0,0,0,9.636397515492023e-27,9.636397515283433e-27,3.329774662799877e-109,0.0,1.0429483682697152e-37
fixed50,0.9,135,123,ALBUMIN,6,True,0,0,0,5.032571231582434e-27,5.032571231538849e-27,3.480310037401094e-110,0.0,4.358542658361368e-38
fixed50,0.9,135,123,VIABILITY,6,True,0,0,0,4.358542658361368e-38,4.358542658361368e-38,0.0,0.0,8.349844287283296e-89
fixed50,0.9,135,123,ALL,12,True,0,0,0,5.03257123162602e-27,5.032571231538849e-27,3.480310037401094e-110,0.0,4.358542658361368e-38
fixed50,0.9,136,124,ALBUMIN,6,True,0,0,0,2.6263902470215568e-27,2.626390247003355e-27,3.635048188717205e-111,0.0,1.820170104632119e-38
fixed50,0.9,136,124,VIABILITY,6,True,0,0,0,1.820170104632119e-38,1.820170104632119e-38,0.0,0.0,1.3080995131151077e-89
fixed50,0.9,136,124,ALL,12,True,0,0,0,2.6263902470397585e-27,2.626390247003355e-27,3.635048188717205e-111,0.0,1.820170104632119e-38
fixed50,0.9,137,125,ALBUMIN,6,True,0,0,0,1.3697058618464826e-27,1.3697058618388866e-27,3.793991125267693e-112,0.0,7.595904815685933e-39
fixed50,0.9,137,125,VIABILITY,6,True,0,0,0,7.595904815685933e-39,7.595904815685933e-39,0.0,0.0,2.0478466370626726e-90
fixed50,0.9,137,125,ALL,12,True,0,0,0,1.3697058618540786e-27,1.3697058618388866e-27,3.793991125267693e-112,0.0,7.595904815685933e-39
fixed50,0.9,138,126,ALBUMIN,6,True,0,0,0,7.1383629701336055e-28,7.138362970101928e-28,3.957136133584383e-113,0.0,3.1677323704378434e-39
fixed50,0.9,138,126,VIABILITY,6,True,0,0,0,3.1677323704378434e-39,3.1677323704378434e-39,0.0,0.0,3.2037081570254414e-91
fixed50,0.9,138,126,ALL,12,True,0,0,0,7.138362970165282e-28,7.138362970101928e-28,3.957136133584383e-113,0.0,3.1677323704378434e-39
fixed50,0.9,139,126,ALBUMIN,6,True,0,0,0,4.029220910451039e-27,4.0292209104299634e-27,3.831334834189772e-112,0.0,2.1075067094078485e-38
fixed50,0.9,139,126,VIABILITY,6,True,0,0,0,2.1075067094078485e-38,2.1075067094078485e-38,0.0,0.0,2.9400594239190007e-90
fixed50,0.9,139,126,ALL,12,True,0,0,0,4.029220910472114e-27,4.0292209104299634e-27,3.831334834189772e-112,0.0,2.1075067094078485e-38
fixed50,0.9,140,127,ALBUMIN,6,True,0,0,0,2.113414760053764e-27,2.1134147600449184e-27,4.022057169503342e-113,0.0,8.845832836475066e-39
fixed50,0.9,140,127,VIABILITY,6,True,0,0,0,8.845832836475066e-39,8.845832836475066e-39,0.0,0.0,4.629389032245283e-91
fixed50,0.9,140,127,ALL,12,True,0,0,0,2.11341476006261e-27,2.1134147600449184e-27,4.022057169503342e-113,0.0,8.845832836475066e-39
fixed50,0.9,141,128,ALBUMIN,6,True,0,0,0,1.1077422401614658e-27,1.1077422401577556e-27,4.219216133464528e-114,0.0,3.7101964028358375e-39
fixed50,0.9,141,128,VIABILITY,6,True,0,0,0,3.7101964028358375e-39,3.7101964028358375e-39,0.0,0.0,7.284118343012289e-92
fixed50,0.9,141,128,ALL,12,True,0,0,0,1.107742240165176e-27,1.1077422401577556e-27,4.219216133464528e-114,0.0,3.7101964028358375e-39
fixed50,0.9,142,129,ALBUMIN,6,True,0,0,0,5.802131281649283e-28,5.802131281633733e-28,4.422882062463618e-115,0.0,1.555063256576518e-39
fixed50,0.9,142,129,VIABILITY,6,True,0,0,0,1.555063256576518e-39,1.555063256576518e-39,0.0,0.0,1.1453037792833693e-92
fixed50,0.9,142,129,ALL,12,True,0,0,0,5.802131281664834e-28,5.802131281633733e-28,4.422882062463618e-115,0.0,1.555063256576518e-39
fixed50,0.9,143,130,ALBUMIN,6,True,0,0,0,3.0369362316881507e-28,3.0369362316816374e-28,4.633119948004236e-116,0.0,6.513234063917307e-40
fixed50,0.9,143,130,VIABILITY,6,True,0,0,0,6.513234063917307e-40,6.513234063917307e-40,0.0,0.0,1.7995309484316204e-93
fixed50,0.9,143,130,ALL,12,True,0,0,0,3.036936231694664e-28,3.0369362316816374e-28,4.633119948004236e-116,0.0,6.513234063917307e-40
fixed50,0.9,144,131,ALBUMIN,6,True,0,0,0,1.5885007293285036e-28,1.5885007293257775e-28,4.8499892473803255e-117,0.0,2.726133739333442e-40
fixed50,0.9,144,131,VIABILITY,6,True,0,0,0,2.726133739333442e-40,2.726133739333442e-40,0.0,0.0,2.82551301454152e-94
fixed50,0.9,144,131,ALL,12,True,0,0,0,1.5885007293312298e-28,1.5885007293257775e-28,4.8499892473803255e-117,0.0,2.726133739333442e-40
fixed50,0.9,145,132,ALBUMIN,6,True,0,0,0,8.303229309290856e-29,8.303229309279453e-29,5.073543702423191e-118,0.0,1.1402596666614628e-40
fixed50,0.9,145,132,VIABILITY,6,True,0,0,0,1.1402596666614628e-40,1.1402596666614628e-40,0.0,0.0,4.433421403348097e-95
fixed50,0.9,145,132,ALL,12,True,0,0,0,8.303229309302258e-29,8.303229309279453e-29,5.073543702423191e-118,0.0,1.1402596666614628e-40
fixed50,0.9,146,133,ALBUMIN,6,True,0,0,0,4.3372920521526985e-29,4.3372920521479324e-29,5.303831166727472e-119,0.0,4.766182798290334e-41
fixed50,0.9,146,133,VIABILITY,6,True,0,0,0,4.766182798290334e-41,4.766182798290334e-41,0.0,0.0,6.9516624360812756e-96
fixed50,0.9,146,133,ALL,12,True,0,0,0,4.3372920521574646e-29,4.3372920521479324e-29,5.303831166727472e-119,0.0,4.766182798290334e-41
fixed50,0.9,147,134,ALBUMIN,6,True,0,0,0,2.2641562141935987e-29,2.2641562141916074e-29,5.5408934417419926e-120,0.0,1.9909119790268946e-41
fixed50,0.9,147,134,VIABILITY,6,True,0,0,0,1.9909119790268946e-41,1.9909119790268946e-41,0.0,0.0,1.0893074057694052e-96
fixed50,0.9,147,134,ALL,12,True,0,0,0,2.2641562141955894e-29,2.2641562141916074e-29,5.5408934417419926e-120,0.0,1.9909119790268946e-41
fixed50,0.9,148,135,ALBUMIN,6,True,0,0,0,1.1811748063048061e-29,1.181174806303975e-29,5.784766122087236e-121,0.0,8.310973082899366e-42
fixed50,0.9,148,135,VIABILITY,6,True,0,0,0,8.310973082899366e-42,8.310973082899366e-42,0.0,0.0,1.7058012489963397e-97
fixed50,0.9,148,135,ALL,12,True,0,0,0,1.1811748063056372e-29,1.181174806303975e-29,5.784766122087236e-121,0.0,8.310973082899366e-42
fixed50,0.9,149,135,ALBUMIN,6,True,0,0,0,6.632917948056743e-29,6.632917948051241e-29,5.5746513793578665e-120,0.0,5.501915574114966e-41
fixed50,0.9,149,135,VIABILITY,6,True,0,0,0,5.501915574114966e-41,5.501915574114966e-41,0.0,0.0,1.558045814376431e-96
fixed50,0.9,149,135,ALL,12,True,0,0,0,6.632917948062245e-29,6.632917948051241e-29,5.5746513793578665e-120,0.0,5.501915574114966e-41
fixed50,0.9,150,136,ALBUMIN,6,True,0,0,0,3.4810988971456964e-29,3.4810988971433854e-29,5.855258887761298e-121,0.0,2.310601647870493e-41
fixed50,0.9,150,136,VIABILITY,6,True,0,0,0,2.310601647870493e-41,2.310601647870493e-41,0.0,0.0,2.4545922560155637e-97
fixed50,0.9,150,136,ALL,12,True,0,0,0,3.481098897148007e-29,3.4810988971433854e-29,5.855258887761298e-121,0.0,2.310601647870493e-41
fixed50,0.9,151,137,ALBUMIN,6,True,0,0,0,1.825731748558298e-29,1.8257317485573282e-29,6.145808514359428e-122,0.0,9.69713443566092e-42
fixed50,0.9,151,137,VIABILITY,6,True,0,0,0,9.69713443566092e-42,9.69713443566092e-42,0.0,0.0,3.8644111824002605e-98
fixed50,0.9,151,137,ALL,12,True,0,0,0,1.8257317485592676e-29,1.8257317485573282e-29,6.145808514359428e-122,0.0,9.69713443566092e-42
fixed50,0.9,152,138,ALBUMIN,6,True,0,0,0,9.569085318858718e-30,9.56908531885465e-30,6.446449169654179e-123,0.0,4.0669886212719166e-42
fixed50,0.9,152,138,VIABILITY,6,True,0,0,0,4.0669886212719166e-42,4.0669886212719166e-42,0.0,0.0,6.079896828788197e-99
fixed50,0.9,152,138,ALL,12,True,0,0,0,9.569085318862785e-30,9.56908531885465e-30,6.446449169654179e-123,0.0,4.0669886212719166e-42
fixed50,0.9,153,139,ALBUMIN,6,True,0,0,0,5.0121105454221544e-30,5.01211054542045e-30,6.757323525120898e-124,0.0,1.7045809917698362e-42
fixed50,0.9,153,139,VIABILITY,6,True,0,0,0,1.7045809917698362e-42,1.7045809917698362e-42,0.0,0.0,9.55920970327957e-100
fixed50,0.9,153,139,ALL,12,True,0,0,0,5.012110545423859e-30,5.01211054542045e-30,6.757323525120898e-124,0.0,1.7045809917698362e-42
fixed50,0.9,154,140,ALBUMIN,6,True,0,0,0,2.623562616899643e-30,2.623562616898929e-30,7.078567692268238e-125,0.0,7.139722427083269e-43
fixed50,0.9,154,140,VIABILITY,6,True,0,0,0,7.139722427083269e-43,7.139722427083269e-43,0.0,0.0,1.5019814777459998e-100
fixed50,0.9,154,140,ALL,12,True,0,0,0,2.623562616900357e-30,2.623562616898929e-30,7.078567692268238e-125,0.0,7.139722427083269e-43
fixed50,0.9,155,141,ALBUMIN,6,True,0,0,0,1.3724184638641443e-30,1.3724184638638457e-30,7.410310908553983e-126,0.0,2.9886000500636104e-43
fixed50,0.9,155,141,VIABILITY,6,True,0,0,0,2.9886000500636104e-43,2.9886000500636104e-43,0.0,0.0,2.3584561373358224e-101
fixed50,0.9,155,141,ALL,12,True,0,0,0,1.3724184638644433e-30,1.3724184638638457e-30,7.410310908553983e-126,0.0,2.9886000500636104e-43
fixed50,0.9,156,142,ALBUMIN,6,True,0,0,0,7.174797819307112e-31,7.174797819305861e-31,7.752675230829234e-127,0.0,1.2502036476642947e-43
fixed50,0.9,156,142,VIABILITY,6,True,0,0,0,1.2502036476642947e-43,1.2502036476642947e-43,0.0,0.0,3.7009687774185265e-102
fixed50,0.9,156,142,ALL,12,True,0,0,0,7.174797819308361e-31,7.174797819305861e-31,7.752675230829234e-127,0.0,1.2502036476642947e-43
fixed50,0.9,157,143,ALBUMIN,6,True,0,0,0,3.7485592417883295e-31,3.748559241787807e-31,8.105775236965382e-128,0.0,5.226655154730314e-44
fixed50,0.9,157,143,VIABILITY,6,True,0,0,0,5.226655154730314e-44,5.226655154730314e-44,0.0,0.0,5.804049494843309e-103
fixed50,0.9,157,143,ALL,12,True,0,0,0,3.7485592417888523e-31,3.748559241787807e-31,8.105775236965382e-128,0.0,5.226655154730314e-44
fixed50,0.9,158,144,ALBUMIN,6,True,0,0,0,1.9572856598022317e-31,1.9572856598020132e-31,8.469717736298289e-129,0.0,2.1837384246862713e-44
fixed50,0.9,158,144,VIABILITY,6,True,0,0,0,2.1837384246862713e-44,2.1837384246862713e-44,0.0,0.0,9.096586758056564e-104
fixed50,0.9,158,144,ALL,12,True,0,0,0,1.95728565980245e-31,1.9572856598020132e-31,8.469717736298289e-129,0.0,2.1837384246862713e-44
fixed50,0.9,159,144,ALBUMIN,6,True,0,0,0,1.0942086483732214e-30,1.0942086483730773e-30,8.128819057483907e-128,0.0,1.4394045557307446e-43
fixed50,0.9,159,144,VIABILITY,6,True,0,0,0,1.4394045557307446e-43,1.4394045557307446e-43,0.0,0.0,8.274551527309929e-103
fixed50,0.9,159,144,ALL,12,True,0,0,0,1.0942086483733652e-30,1.0942086483730773e-30,8.128819057483907e-128,0.0,1.4394045557307446e-43
fixed50,0.9,160,145,ALBUMIN,6,True,0,0,0,5.74552013417734e-31,5.745520134176735e-31,8.541958284749232e-129,0.0,6.047913003363011e-44
fixed50,0.9,160,145,VIABILITY,6,True,0,0,0,6.047913003363011e-44,6.047913003363011e-44,0.0,0.0,1.304206507136243e-103
fixed50,0.9,160,145,ALL,12,True,0,0,0,5.745520134177945e-31,5.745520134176735e-31,8.541958284749232e-129,0.0,6.047913003363011e-44
fixed50,0.9,161,146,ALBUMIN,6,True,0,0,0,3.014976239501635e-31,3.014976239501381e-31,8.970340375148276e-130,0.0,2.539522307452051e-44
fixed50,0.9,161,146,VIABILITY,6,True,0,0,0,2.539522307452051e-44,2.539522307452051e-44,0.0,0.0,2.0543290789704036e-104
fixed50,0.9,161,146,ALL,12,True,0,0,0,3.014976239501889e-31,3.014976239501381e-31,8.970340375148276e-130,0.0,2.539522307452051e-44
fixed50,0.9,162,147,ALBUMIN,6,True,0,0,0,1.5811289888728798e-31,1.5811289888727732e-31,9.414244990573565e-131,0.0,1.0656778141926521e-44
fixed50,0.9,162,147,VIABILITY,6,True,0,0,0,1.0656778141926521e-44,1.0656778141926521e-44,0.0,0.0,3.2338436784015393e-105
fixed50,0.9,162,147,ALL,12,True,0,0,0,1.5811289888729864e-31,1.5811289888727732e-31,9.414244990573565e-131,0.0,1.0656778141926521e-44
fixed50,0.9,163,148,ALBUMIN,6,True,0,0,0,8.286727057441013e-32,8.286727057440567e-32,9.873945083790172e-132,0.0,4.4692094238695697e-45
fixed50,0.9,163,148,VIABILITY,6,True,0,0,0,4.4692094238695697e-45,4.4692094238695697e-45,0.0,0.0,5.087412177300097e-106
fixed50,0.9,163,148,ALL,12,True,0,0,0,8.286727057441461e-32,8.286727057440567e-32,9.873945083790172e-132,0.0,4.4692094238695697e-45
fixed50,0.9,164,149,ALBUMIN,6,True,0,0,0,4.340447322885389e-32,4.340447322885202e-32,1.0349706397894547e-132,0.0,1.873138121312854e-45
fixed50,0.9,164,149,VIABILITY,6,True,0,0,0,1.873138121312854e-45,1.873138121312854e-45,0.0,0.0,7.998474949694091e-107
fixed50,0.9,164,149,ALL,12,True,0,0,0,4.340447322885577e-32,4.340447322885202e-32,1.0349706397894547e-132,0.0,1.873138121312854e-45
fixed50,0.9,165,150,ALBUMIN,6,True,0,0,0,2.2720872191234409e-32,2.2720872191233623e-32,1.084178696928626e-133,0.0,7.845968784383222e-46
fixed50,0.9,165,150,VIABILITY,6,True,0,0,0,7.845968784383222e-46,7.845968784383222e-46,0.0,0.0,1.256762505760891e-107
fixed50,0.9,165,150,ALL,12,True,0,0,0,2.2720872191235194e-32,2.2720872191233623e-32,1.084178696928626e-133,0.0,7.845968784383222e-46
fixed50,0.9,166,151,ALBUMIN,6,True,0,0,0,1.1886604981052884e-32,1.1886604981052555e-32,1.1350436635124433e-134,0.0,3.2844626237661324e-46
fixed50,0.9,166,151,VIABILITY,6,True,0,0,0,3.2844626237661324e-46,3.2844626237661324e-46,0.0,0.0,1.9735055028567366e-108
fixed50,0.9,166,151,ALL,12,True,0,0,0,1.1886604981053212e-32,1.1886604981052555e-32,1.1350436635124433e-134,0.0,3.2844626237661324e-46
fixed50,0.9,167,152,ALBUMIN,6,True,0,0,0,6.214929304956644e-33,6.214929304956507e-33,1.1875896546232978e-135,0.0,1.374125133605462e-46
fixed50,0.9,167,152,VIABILITY,6,True,0,0,0,1.374125133605462e-46,1.374125133605462e-46,0.0,0.0,3.09717568997834e-109
fixed50,0.9,167,152,ALL,12,True,0,0,0,6.214929304956781e-33,6.214929304956507e-33,1.1875896546232978e-135,0.0,1.374125133605462e-46
fixed50,0.9,168,153,ALBUMIN,6,True,0,0,0,3.247605251359951e-33,3.2476052513598936e-33,1.2418398686409403e-136,0.0,5.745603194279376e-47
fixed50,0.9,168,153,VIABILITY,6,True,0,0,0,5.745603194279376e-47,5.745603194279376e-47,0.0,0.0,4.8577921484265483e-110
fixed50,0.9,168,153,ALL,12,True,0,0,0,3.2476052513600085e-33,3.2476052513598936e-33,1.2418398686409403e-136,0.0,5.745603194279376e-47
fixed50,0.9,169,153,ALBUMIN,6,True,0,0,0,1.808422551934336e-32,1.808422551934298e-32,1.1875896546232974e-135,0.0,3.7728195761380324e-46
fixed50,0.9,169,153,VIABILITY,6,True,0,0,0,3.7728195761380324e-46,3.7728195761380324e-46,0.0,0.0,4.402873927546182e-109
fixed50,0.9,169,153,ALL,12,True,0,0,0,1.8084225519343739e-32,1.808422551934298e-32,1.1875896546232974e-135,0.0,3.7728195761380324e-46
fixed50,0.9,170,154,ALBUMIN,6,True,0,0,0,9.499950051499822e-33,9.499950051499662e-33,1.2484592627757626e-136,0.0,1.5858990697601672e-46
fixed50,0.9,170,154,VIABILITY,6,True,0,0,0,1.5858990697601672e-46,1.5858990697601672e-46,0.0,0.0,6.942520426896213e-110
fixed50,0.9,170,154,ALL,12,True,0,0,0,9.499950051499981e-33,9.499950051499662e-33,1.2484592627757626e-136,0.0,1.5858990697601672e-46
fixed50,0.9,171,155,ALBUMIN,6,True,0,0,0,4.9874985068696685e-33,4.9874985068696014e-33,1.3116529976541868e-137,0.0,6.662293453712085e-47
fixed50,0.9,171,155,VIABILITY,6,True,0,0,0,6.662293453712085e-47,6.662293453712085e-47,0.0,0.0,1.0940443561576667e-110
fixed50,0.9,171,155,ALL,12,True,0,0,0,4.987498506869735e-33,4.9874985068696014e-33,1.3116529976541868e-137,0.0,6.662293453712085e-47
fixed50,0.9,172,156,ALBUMIN,6,True,0,0,0,2.6169018428704278e-33,2.6169018428703994e-33,1.3772201347742004e-138,0.0,2.7971377456810643e-47
fixed50,0.9,172,156,VIABILITY,6,True,0,0,0,2.7971377456810643e-47,2.7971377456810643e-47,0.0,0.0,1.7230296620716823e-111
fixed50,0.9,172,156,ALL,12,True,0,0,0,2.6169018428704555e-33,2.6169018428703994e-33,1.3772201347742004e-138,0.0,2.7971377456810643e-47
fixed50,0.9,173,157,ALBUMIN,6,True,0,0,0,1.3722662317352983e-33,1.3722662317352865e-33,1.4452093283034309e-139,0.0,1.1736779611112588e-47
fixed50,0.9,173,157,VIABILITY,6,True,0,0,0,1.1736779611112588e-47,1.1736779611112588e-47,0.0,0.0,2.7120256434745297e-112
fixed50,0.9,173,157,ALL,12,True,0,0,0,1.3722662317353101e-33,1.3722662317352865e-33,1.4452093283034309e-139,0.0,1.1736779611112588e-47
fixed50,0.9,174,158,ALBUMIN,6,True,0,0,0,7.191817284705824e-34,7.191817284705774e-34,1.5156685371266705e-140,0.0,4.9218923140406693e-48
fixed50,0.9,174,158,VIABILITY,6,True,0,0,0,4.9218923140406693e-48,4.9218923140406693e-48,0.0,0.0,4.2661993004148415e-113
fixed50,0.9,174,158,ALL,12,True,0,0,0,7.1918172847058735e-34,7.191817284705774e-34,1.5156685371266705e-140,0.0,4.9218923140406693e-48
fixed50,0.9,175,159,ALBUMIN,6,True,0,0,0,3.766961842630466e-34,3.766961842630446e-34,1.5886449506040782e-141,0.0,2.0628437554137537e-48
fixed50,0.9,175,159,VIABILITY,6,True,0,0,0,2.0628437554137537e-48,2.0628437554137537e-48,0.0,0.0,6.707147241277715e-114
fixed50,0.9,175,159,ALL,12,True,0,0,0,3.766961842630487e-34,3.766961842630446e-34,1.5886449506040782e-141,0.0,2.0628437554137537e-48
fixed50,0.9,176,160,ALBUMIN,6,True,0,0,0,1.9719642314798657e-34,1.971964231479857e-34,1.664184914151246e-142,0.0,8.640812570376886e-49
fixed50,0.9,176,160,VIABILITY,6,True,0,0,0,8.640812570376886e-49,8.640812570376886e-49,0.0,0.0,1.0538696056062217e-114
fixed50,0.9,176,160,ALL,12,True,0,0,0,1.9719642314798747e-34,1.971964231479857e-34,1.664184914151246e-142,0.0,8.640812570376886e-49
fixed50,0.9,177,161,ALBUMIN,6,True,0,0,0,1.0317273875438364e-34,1.0317273875438327e-34,1.7423338547710448e-143,0.0,3.617426862896227e-49
fixed50,0.9,177,161,VIABILITY,6,True,0,0,0,3.617426862896227e-49,3.617426862896227e-49,0.0,0.0,1.6549740571498807e-115
fixed50,0.9,177,161,ALL,12,True,0,0,0,1.03172738754384e-34,1.0317273875438327e-34,1.7423338547710448e-143,0.0,3.617426862896227e-49
fixed50,0.9,178,162,ALBUMIN,6,True,0,0,0,5.395004683581609e-35,5.395004683581594e-35,1.823136206667969e-144,0.0,1.5135776579886234e-49
fixed50,0.9,178,162,VIABILITY,6,True,0,0,0,1.5135776579886234e-49,1.5135776579886234e-49,0.0,0.0,2.5974886299949567e-116
fixed50,0.9,178,162,ALL,12,True,0,0,0,5.395004683581624e-35,5.395004683581594e-35,1.823136206667969e-144,0.0,1.5135776579886234e-49
fixed50,0.9,179,162,ALBUMIN,6,True,0,0,0,2.99374112984416e-34,2.99374112984415e-34,1.737964050193721e-143,0.0,9.905401937508024e-49
fixed50,0.9,179,162,VIABILITY,6,True,0,0,0,9.905401937508024e-49,9.905401937508024e-49,0.0,0.0,2.3467243634933493e-115
fixed50,0.9,179,162,ALL,12,True,0,0,0,2.9937411298441697e-34,2.99374112984415e-34,1.737964050193721e-143,0.0,9.905401937508024e-49
fixed50,0.9,180,163,ALBUMIN,6,True,0,0,0,1.5732826164796877e-34,1.5732826164796837e-34,1.827708959253292e-144,0.0,4.1653151948737945e-49
fixed50,0.9,180,163,VIABILITY,6,True,0,0,0,4.1653151948737945e-49,4.1653151948737945e-49,0.0,0.0,3.701708471526097e-116
fixed50,0.9,180,163,ALL,12,True,0,0,0,1.5732826164796918e-34,1.5732826164796837e-34,1.827708959253292e-144,0.0,4.1653151948737945e-49
fixed50,0.9,181,164,ALBUMIN,6,True,0,0,0,8.263280958673451e-35,8.263280958673433e-35,1.920982799175593e-145,0.0,1.7505547772888434e-49
fixed50,0.9,181,164,VIABILITY,6,True,0,0,0,1.7505547772888434e-49,1.7505547772888434e-49,0.0,0.0,5.835697077983731e-117
fixed50,0.9,181,164,ALL,12,True,0,0,0,8.263280958673468e-35,8.263280958673433e-35,1.920982799175593e-145,0.0,1.7505547772888434e-49
fixed50,0.9,182,165,ALBUMIN,6,True,0,0,0,4.337648896221831e-35,4.3376488962218235e-35,2.017869051002882e-146,0.0,7.352896539836722e-50
fixed50,0.9,182,165,VIABILITY,6,True,0,0,0,7.352896539836722e-50,7.352896539836722e-50,0.0,0.0,9.194678424896715e-118
fixed50,0.9,182,165,ALL,12,True,0,0,0,4.337648896221838e-35,4.3376488962218235e-35,2.017869051002882e-146,0.0,7.352896539836722e-50
fixed50,0.9,183,166,ALBUMIN,6,True,0,0,0,2.2757007422068357e-35,2.2757007422068328e-35,2.1184508146922842e-147,0.0,3.0867319813018615e-50
fixed50,0.9,183,166,VIABILITY,6,True,0,0,0,3.0867319813018615e-50,3.0867319813018615e-50,0.0,0.0,1.447892962906084e-118
fixed50,0.9,183,166,ALL,12,True,0,0,0,2.275700742206839e-35,2.2757007422068328e-35,2.1184508146922842e-147,0.0,3.0867319813018615e-50
fixed50,0.9,184,167,ALBUMIN,6,True,0,0,0,1.1932666854519785e-35,1.1932666854519773e-35,2.2228107043147617e-148,0.0,1.2950897226400623e-50
fixed50,0.9,184,167,VIABILITY,6,True,0,0,0,1.2950897226400623e-50,1.2950897226400623e-50,0.0,0.0,2.2787425417606173e-119
fixed50,0.9,184,167,ALL,12,True,0,0,0,1.1932666854519799e-35,1.1932666854519773e-35,2.2228107043147617e-148,0.0,1.2950897226400623e-50
fixed50,0.9,185,168,ALBUMIN,6,True,0,0,0,6.253514689053748e-36,6.253514689053742e-36,2.3310307418081064e-149,0.0,5.43080197476056e-51
fixed50,0.9,185,168,VIABILITY,6,True,0,0,0,5.43080197476056e-51,5.43080197476056e-51,0.0,0.0,3.584393560777763e-120
fixed50,0.9,185,168,ALL,12,True,0,0,0,6.253514689053753e-36,6.253514689053742e-36,2.3310307418081064e-149,0.0,5.43080197476056e-51
fixed50,0.9,186,169,ALBUMIN,6,True,0,0,0,3.275501223602455e-36,3.2755012236024525e-36,2.4431922494426873e-150,0.0,2.2761134905124613e-51
fixed50,0.9,186,169,VIABILITY,6,True,0,0,0,2.2761134905124613e-51,2.2761134905124613e-51,0.0,0.0,5.63508447246081e-121
fixed50,0.9,186,169,ALL,12,True,0,0,0,3.275501223602457e-36,3.2755012236024525e-36,2.4431922494426873e-150,0.0,2.2761134905124613e-51
fixed50,0.9,187,170,ALBUMIN,6,True,0,0,0,1.7147502949635723e-36,1.714750294963571e-36,2.5593757411626305e-151,0.0,9.534376763222182e-52
fixed50,0.9,187,170,VIABILITY,6,True,0,0,0,9.534376763222182e-52,9.534376763222182e-52,0.0,0.0,8.854257140762579e-122
fixed50,0.9,187,170,ALL,12,True,0,0,0,1.7147502949635733e-36,1.714750294963571e-36,2.5593757411626305e-151,0.0,9.534376763222182e-52
fixed50,0.9,188,171,ALBUMIN,6,True,0,0,0,8.972140942479655e-37,8.972140942479652e-37,2.679660812968537e-152,0.0,3.991735256139264e-52
fixed50,0.9,188,171,VIABILITY,6,True,0,0,0,3.991735256139264e-52,3.991735256139264e-52,0.0,0.0,1.3905076633011367e-122
fixed50,0.9,188,171,ALL,12,True,0,0,0,8.972140942479659e-37,8.972140942479652e-37,2.679660812968537e-152,0.0,3.991735256139264e-52
fixed50,0.9,189,171,ALBUMIN,6,True,0,0,0,4.963267156008121e-36,4.963267156008118e-36,2.54725188052842e-151,0.0,2.604499670231047e-51
fixed50,0.9,189,171,VIABILITY,6,True,0,0,0,2.604499670231047e-51,2.604499670231047e-51,0.0,0.0,1.2526895772529316e-121
fixed50,0.9,189,171,ALL,12,True,0,0,0,4.9632671560081235e-36,4.963267156008118e-36,2.54725188052842e-151,0.0,2.604499670231047e-51
fixed50,0.9,190,172,ALBUMIN,6,True,0,0,0,2.609236436041716e-36,2.6092364360417145e-36,2.6796608129685354e-152,0.0,1.0955923081245957e-51
fixed50,0.9,190,172,VIABILITY,6,True,0,0,0,1.0955923081245957e-51,1.0955923081245957e-51,0.0,0.0,1.9766333532605135e-122
fixed50,0.9,190,172,ALL,12,True,0,0,0,2.609236436041717e-36,2.6092364360417145e-36,2.6796608129685354e-152,0.0,1.0955923081245957e-51
fixed50,0.9,191,173,ALBUMIN,6,True,0,0,0,1.3709589255388995e-36,1.370958925538899e-36,2.817410906318942e-153,0.0,4.606146806600873e-52
fixed50,0.9,191,173,VIABILITY,6,True,0,0,0,4.606146806600873e-52,4.606146806600873e-52,0.0,0.0,3.1172483194733126e-123
fixed50,0.9,191,173,ALL,12,True,0,0,0,1.3709589255388999e-36,1.370958925538899e-36,2.817410906318942e-153,0.0,4.606146806600873e-52
fixed50,0.9,192,174,ALBUMIN,6,True,0,0,0,7.199514812613381e-37,7.1995148126133786e-37,2.9606399210865575e-154,0.0,1.9355004681319233e-52
fixed50,0.9,192,174,VIABILITY,6,True,0,0,0,1.9355004681319233e-52,1.9355004681319233e-52,0.0,0.0,4.91339751588771e-124
fixed50,0.9,192,174,ALL,12,True,0,0,0,7.199514812613383e-37,7.1995148126133786e-37,2.9606399210865575e-154,0.0,1.9355004681319233e-52
fixed50,0.9,193,175,ALBUMIN,6,True,0,0,0,3.778786041368401e-37,3.7787860413684e-37,3.10948582671806e-155,0.0,8.128642404668158e-53
fixed50,0.9,193,175,VIABILITY,6,True,0,0,0,8.128642404668158e-53,8.128642404668158e-53,0.0,0.0,7.740342561682357e-125
fixed50,0.9,193,175,ALL,12,True,0,0,0,3.7787860413684015e-37,3.7787860413684e-37,3.10948582671806e-155,0.0,8.128642404668158e-53
fixed50,0.9,194,176,ALBUMIN,6,True,0,0,0,1.9823216798710356e-37,1.982321679871035e-37,3.264086658252869e-156,0.0,3.4120428522465884e-53
fixed50,0.9,194,176,VIABILITY,6,True,0,0,0,3.4120428522465884e-53,3.4120428522465884e-53,0.0,0.0,1.2187335075937183e-125
fixed50,0.9,194,176,ALL,12,True,0,0,0,1.9823216798710356e-37,1.982321679871035e-37,3.264086658252869e-156,0.0,3.4120428522465884e-53
fixed50,0.9,195,177,ALBUMIN,6,True,0,0,0,1.039372312634864e-37,1.039372312634864e-37,3.4245803696932994e-157,0.0,1.4314794038271432e-53
fixed50,0.9,195,177,VIABILITY,6,True,0,0,0,1.4314794038271432e-53,1.4314794038271432e-53,0.0,0.0,1.917918221284615e-126
fixed50,0.9,195,177,ALL,12,True,0,0,0,1.0393723126348641e-37,1.039372312634864e-37,3.4245803696932994e-157,0.0,1.4314794038271432e-53
fixed50,0.9,196,178,ALBUMIN,6,True,0,0,0,5.446853968128218e-38,5.446853968128218e-38,3.591104684272786e-158,0.0,6.002501922225329e-54
fixed50,0.9,196,178,VIABILITY,6,True,0,0,0,6.002501922225329e-54,6.002501922225329e-54,0.0,0.0,3.0166617394220134e-127
fixed50,0.9,196,178,ALL,12,True,0,0,0,5.446853968128219e-38,5.446853968128218e-38,3.591104684272786e-158,0.0,6.002501922225329e-54
fixed50,0.9,197,179,ALBUMIN,6,True,0,0,0,2.852989990035112e-38,2.852989990035112e-38,3.7637969418107814e-159,0.0,2.5156977387153556e-54
fixed50,0.9,197,179,VIABILITY,6,True,0,0,0,2.5156977387153556e-54,2.5156977387153556e-54,0.0,0.0,4.742427885463067e-128
fixed50,0.9,197,179,ALL,12,True,0,0,0,2.852989990035112e-38,2.852989990035112e-38,3.7637969418107814e-159,0.0,2.5156977387153556e-54
fixed50,0.9,198,180,ALBUMIN,6,True,0,0,0,1.493609293880968e-38,1.493609293880968e-38,3.9427939433503594e-160,0.0,1.0538186769404892e-54
fixed50,0.9,198,180,VIABILITY,6,True,0,0,0,1.0538186769404892e-54,1.0538186769404892e-54,0.0,0.0,7.451690401118008e-129
fixed50,0.9,198,180,ALL,12,True,0,0,0,1.493609293880968e-38,1.493609293880968e-38,3.9427939433503594e-160,0.0,1.0538186769404892e-54
fixed50,0.9,199,180,ALBUMIN,6,True,0,0,0,8.239408237202277e-38,8.239408237202276e-38,3.738462223408707e-159,0.0,6.857368636467779e-54
fixed50,0.9,199,180,VIABILITY,6,True,0,0,0,6.857368636467779e-54,6.857368636467779e-54,0.0,0.0,6.695975441461812e-128
fixed50,0.9,199,180,ALL,12,True,0,0,0,8.239408237202278e-38,8.239408237202276e-38,3.738462223408707e-159,0.0,6.857368636467779e-54
fixed50,0.9,200,181,ALBUMIN,6,True,0,0,0,4.3329124999191137e-38,4.3329124999191137e-38,3.933946898829e-160,0.0,2.88546817474897e-54
fixed50,0.9,200,181,VIABILITY,6,True,0,0,0,2.88546817474897e-54,2.88546817474897e-54,0.0,0.0,1.0568779468491823e-128
fixed50,0.9,200,181,ALL,12,True,0,0,0,4.332912499919114e-38,4.3329124999191137e-38,3.933946898829e-160,0.0,2.88546817474897e-54
fixed50,0.8,5,5,ALBUMIN,6,False,0,0,0,0.03257583492670724,0.02448519270213934,7.835261664684588e-06,0.0,0.008031143206301702
fixed50,0.8,5,5,VIABILITY,6,False,0,0,0,0.008847969234845071,0.008023307944637018,0.0,0.0,5.949901826619859e-05
fixed50,0.8,5,5,ALL,12,False,0,0,0,0.04142380416155231,0.02448519270213934,7.835261664684588e-06,0.0,0.008090642224567901
fixed50,0.8,6,6,ALBUMIN,6,False,0,0,0,0.014725359912219878,0.011659615572447303,7.462153966366274e-07,0.0,0.0030572444800202624
fixed50,0.8,6,6,VIABILITY,6,False,0,0,0,0.0032471796176954293,0.003056498264623626,0.0,0.0,8.499859752314083e-06
fixed50,0.8,6,6,ALL,12,False,0,0,0,0.01797253952991531,0.011659615572447303,7.462153966366274e-07,0.0,0.003065744339772577
fixed50,0.8,7,7,ALBUMIN,6,False,0,0,0,0.006717863516738678,0.005552197891641572,7.106813301301212e-08,0.0,0.0011644513594182035
fixed50,0.8,7,7,VIABILITY,6,False,0,0,0,0.0012089711029925423,0.0011643802912851906,0.0,0.0,1.214265678902012e-06
fixed50,0.8,7,7,ALL,12,False,0,0,0,0.007926834619731222,0.005552197891641572,7.106813301301212e-08,0.0,0.0011656656250971056
fixed50,0.8,8,8,ALBUMIN,6,False,0,0,0,0.0030876574371428564,0.002643903757924558,6.768393620286869e-09,0.0,0.00044358021269274054
fixed50,0.8,8,8,VIABILITY,6,False,0,0,0,0.0004540746598790705,0.0004435734442991202,0.0,0.0,1.7346652555743024e-07
fixed50,0.8,8,8,ALL,12,False,0,0,0,0.0035417320970219266,0.002643903757924558,6.768393620286869e-09,0.0,0.00044375367921829794
fixed50,0.8,9,8,ALBUMIN,6,False,0,0,0,0.01636485633618953,0.013723119505417946,5.575867125283944e-08,0.0,0.0026403738794993498
fixed50,0.8,9,8,VIABILITY,6,False,0,0,0,0.002714958910629121,0.002640318120828097,0.0,0.0,1.3629512722369524e-06
fixed50,0.8,9,8,ALL,12,False,0,0,0,0.019079815246818652,0.013723119505417946,5.575867125283944e-08,0.0,0.0026417368307715865
fixed50,0.8,10,9,ALBUMIN,6,False,0,0,0,0.00830496014558136,0.007194295939930769,5.893567233991287e-09,0.0,0.0011104482575269362
fixed50,0.8,10,9,VIABILITY,6,False,0,0,0,0.0011299789310626617,0.0011104423639597023,0.0,0.0,2.1594812365312748e-07
fixed50,0.8,10,9,ALL,12,False,0,0,0,0.009434939076644019,0.007194295939930769,5.893567233991287e-09,0.0,0.0011106642056505894
fixed50,0.8,11,10,ALBUMIN,6,False,0,0,0,0.004202802344021959,0.0037398919370275037,6.168366499861913e-10,0.0,0.00046287652286264053
fixed50,0.8,11,10,VIABILITY,6,False,0,0,0,0.00046795601243089936,0.0004628759060259905,0.0,0.0,3.388413181442514e-08
fixed50,0.8,11,10,ALL,12,False,0,0,0,0.004670758356452858,0.0037398919370275037,6.168366499861913e-10,0.0,0.00046291040699445493
fixed50,0.8,12,11,ALBUMIN,6,False,0,0,0,0.0021219622829870563,0.0019304422212210307,6.403630309041932e-11,0.0,0.00019151478769007142
fixed50,0.8,12,11,VIABILITY,6,False,0,0,0,0.00019282768753214232,0.00019151472365376833,0.0,0.0,5.274075954057647e-09
fixed50,0.8,12,11,ALL,12,False,0,0,0,0.0023147899705191982,0.0019304422212210307,6.403630309041932e-11,0.0,0.0001915200617660255
fixed50,0.8,13,12,ALBUMIN,6,False,0,0,0,0.0010692104101137686,0.0009904683428800056,6.602500815533916e-12,0.0,7.874125186781324e-05
fixed50,0.8,13,12,VIABILITY,6,False,0,0,0,7.907870303870175e-05,7.874124526531242e-05,0.0,0.0,8.153659498445285e-10
fixed50,0.8,13,12,ALL,12,False,0,0,0,0.0011482891131524707,0.0009904683428800056,6.602500815533916e-12,0.0,7.874206723376307e-05
fixed50,0.8,14,12,ALBUMIN,6,False,0,0,0,0.004257906155820952,0.0038999112996498447,4.215675936665343e-11,0.0,0.0003579899005744389
fixed50,0.8,14,12,VIABILITY,6,False,0,0,0,0.00035983426786639954,0.0003579898584176795,0.0,0.0,4.9555966680424225e-09
fixed50,0.8,14,12,ALL,12,False,0,0,0,0.004617740423687351,0.0038999112996498447,4.215675936665343e-11,0.0,0.00035799485617110687
fixed50,0.8,15,13,ALBUMIN,6,False,0,0,0,0.002278229506091349,0.002121918381623832,4.627264229360607e-12,0.0,0.00015631030910156747
fixed50,0.8,15,13,VIABILITY,6,False,0,0,0,0.000156814741297094,0.0001563103044743033,0.0,0.0,8.153659498445284e-10
fixed50,0.8,15,13,ALL,12,False,0,0,0,0.0024350442473884434,0.002121918381623832,4.627264229360607e-12,0.0,0.00015631112446751734
fixed50,0.8,16,14,ALBUMIN,6,False,0,0,0,0.0012126592804013337,0.0011449991958952534,5.031438846031545e-13,0.0,6.765995159574332e-05
fixed50,0.8,16,14,VIABILITY,6,False,0,0,0,6.779671853801598e-05,6.765995109259944e-05,0.0,0.0,1.3291033695476554e-10
fixed50,0.8,16,14,ALL,12,False,0,0,0,0.0012804559989393496,0.0011449991958952534,5.031438846031545e-13,0.0,6.766008450608027e-05
fixed50,0.8,17,15,ALBUMIN,6,False,0,0,0,0.0006424063965942864,0.0006133424961790202,5.426003755472423e-14,0.0,2.9063878926253724e-05
fixed50,0.8,17,15,VIABILITY,6,False,0,0,0,2.9100674509211854e-05,2.9063878871993688e-05,0.0,0.0,2.1489012401334873e-11
fixed50,0.8,17,15,ALL,12,False,0,0,0,0.0006715070711034982,0.0006133424961790202,5.426003755472423e-14,0.0,2.9063900415266127e-05
fixed50,0.8,18,16,ALBUMIN,6,False,0,0,0,0.00033881683954186846,0.0003264166582369261,5.809082635211127e-15,0.0,1.2400177855572988e-05
fixed50,0.8,18,16,VIABILITY,6,False,0,0,0,1.2410008993738176e-05,1.2400177849763906e-05,0.0,0.0,3.4493693783984783e-12
fixed50,0.8,18,16,ALL,12,False,0,0,0,0.0003512268485356067,0.0003264166582369261,5.809082635211127e-15,0.0,1.2400181304942368e-05
fixed50,0.8,19,16,ALBUMIN,6,False,0,0,0,0.0011966934229174714,0.0011462047666429092,3.3495342589218614e-14,0.0,5.048863736264162e-05
fixed50,0.8,19,16,VIABILITY,6,False,0,0,0,5.053697886938724e-05,5.0488637329146274e-05,0.0,0.0,1.891192054091539e-11
fixed50,0.8,19,16,ALL,12,False,0,0,0,0.0012472304017868583,0.0011462047666429092,3.3495342589218614e-14,0.0,5.048865627456216e-05
fixed50,0.8,20,17,ALBUMIN,6,False,0,0,0,0.0006587661328982894,0.0006362770444499019,3.749093055299855e-15,0.0,2.2489085275135106e-05
fixed50,0.8,20,17,VIABILITY,6,False,0,0,0,2.250258232340668e-05,2.2489085271386016e-05,0.0,0.0,3.1732523933535345e-12
fixed50,0.8,20,17,ALL,12,False,0,0,0,0.000681268715221696,0.0006362770444499019,3.749093055299855e-15,0.0,2.24890884483875e-05
fixed50,0.8,21,18,ALBUMIN,6,False,0,0,0,0.00036054351745472334,0.0003506032505042394,4.1617994225573706e-16,0.0,9.940266422385843e-06
fixed50,0.8,21,18,VIABILITY,6,False,0,0,0,9.944004876580519e-06,9.940266421969663e-06,0.0,0.0,5.280980828389371e-13
fixed50,0.8,21,18,ALL,12,False,0,0,0,0.0003704875223313039,0.0003506032505042394,4.1617994225573706e-16,0.0,9.940266950483928e-06
fixed50,0.8,22,19,ALBUMIN,6,True,0,0,0,0.00019625860088838548,0.00019189558720109374,4.585626302861282e-17,0.0,4.363013600052697e-06
fixed50,0.8,22,19,VIABILITY,6,True,0,0,0,4.364041627021002e-06,4.36301360000684e-06,0.0,0.0,8.723903108650417e-14
fixed50,0.8,22,19,ALL,12,True,0,0,0,0.0002006226425154065,0.00019189558720109374,4.585626302861282e-17,0.0,4.363013687291728e-06
fixed50,0.8,23,20,ALBUMIN,6,True,0,0,0,0.00010629047444109095,0.00010438760242241688,5.018564066223183e-18,0.0,1.9028720043590858e-06
fixed50,0.8,23,20,VIABILITY,6,True,0,0,0,1.9031528443059778e-06,1.902872004354067e-06,0.0,0.0,1.4314977413169444e-14
fixed50,0.8,23,20,ALL,12,True,0,0,0,0.00010819362728539694,0.00010438760242241688,5.018564066223183e-18,0.0,1.902872018674063e-06
fixed50,0.8,24,20,ALBUMIN,6,True,0,0,0,0.0003512845525092984,0.0003439927988402226,2.7382065878960372e-17,0.0,7.291753594858955e-06
fixed50,0.8,24,20,VIABILITY,6,True,0,0,0,7.293057329517441e-06,7.291753594831573e-06,0.0,0.0,7.421687864483726e-14
fixed50,0.8,24,20,ALL,12,True,0,0,0,0.00035857760983881585,0.0003439927988402226,2.7382065878960372e-17,0.0,7.291753669075834e-06
fixed50,0.8,25,21,ALBUMIN,6,True,0,0,0,0.0001966724026606853,0.0001933838182347447,3.101692482274281e-18,0.0,3.2885844133370978e-06
fixed50,0.8,25,21,VIABILITY,6,True,0,0,0,3.288952923131457e-06,3.2885844133339964e-06,0.0,0.0,1.260349452083608e-14
fixed50,0.8,25,21,ALL,12,True,0,0,0,0.00019996135558381678,0.0001933838182347447,3.101692482274281e-18,0.0,3.2885844259405927e-06
fixed50,0.8,26,22,ALBUMIN,6,True,0,0,0,0.00010947766571671436,0.00010800457752869154,3.4881567992891957e-19,0.0,1.4730881858978034e-06
fixed50,0.8,26,22,VIABILITY,6,True,0,0,0,1.4731916162609444e-06,1.4730881858974549e-06,0.0,0.0,2.125027833080775e-15
fixed50,0.8,26,22,ALL,12,True,0,0,0,0.00011095085733297531,0.00010800457752869154,3.4881567992891957e-19,0.0,1.4730881880228314e-06
fixed50,0.8,27,23,ALBUMIN,6,True,0,0,0,6.061137610697825e-05,5.9955654187622656e-05,3.896807447013423e-20,0.0,6.557219189996562e-07
fixed50,0.8,27,23,VIABILITY,6,True,0,0,0,6.557507610913838e-07,6.557219189996173e-07,0.0,0.0,3.5593605462857997e-16
fixed50,0.8,27,23,ALL,12,True,0,0,0,6.126712686806963e-05,5.9955654187622656e-05,3.896807447013423e-20,0.0,6.557219193555923e-07
fixed50,0.8,28,24,ALBUMIN,6,True,0,0,0,3.338619926250237e-05,3.309600759944749e-05,4.326727275984325e-21,0.0,2.9019166299562e-07
fixed50,0.8,28,24,VIABILITY,6,True,0,0,0,2.9019965763158166e-07,2.9019166299561573e-07,0.0,0.0,5.92560669378393e-17
fixed50,0.8,28,24,ALL,12,True,0,0,0,3.367639892013395e-05,3.309600759944749e-05,4.326727275984325e-21,0.0,2.901916630548761e-07
fixed50,0.8,29,24,ALBUMIN,6,True,0,0,0,0.0001057917213773487,0.00010472173183458126,2.2802112446197602e-20,0.0,1.0699895424708418e-06
fixed50,0.8,29,24,VIABILITY,6,True,0,0,0,1.0700253335562898e-06,1.0699895424708191e-06,0.0,0.0,2.966000570904318e-16
fixed50,0.8,29,24,ALL,12,True,0,0,0,0.000106861746710905,0.00010472173183458126,2.2802112446197602e-20,0.0,1.069989542767442e-06
fixed50,0.8,30,25,ALBUMIN,6,True,0,0,0,5.987388440970241e-05,5.938719605877238e-05,2.6038242938414203e-21,0.0,4.866883508792509e-07
fixed50,0.8,30,25,VIABILITY,6,True,0,0,0,4.86698551555322e-07,4.866883508792483e-07,0.0,0.0,5.077949586096098e-17
fixed50,0.8,30,25,ALL,12,True,0,0,0,6.036058296125773e-05,5.938719605877238e-05,2.6038242938414203e-21,0.0,4.866883509300304e-07
fixed50,0.8,31,26,ALBUMIN,6,True,0,0,0,3.370178342161334e-05,3.348174704402446e-05,2.9544850500071394e-22,0.0,2.200363775802448e-07
fixed50,0.8,31,26,VIABILITY,6,True,0,0,0,2.200392667388698e-07,2.200363775802445e-07,0.0,0.0,8.638828221623138e-18
fixed50,0.8,31,26,ALL,12,True,0,0,0,3.392182268835222e-05,3.348174704402446e-05,2.9544850500071394e-22,0.0,2.200363775888836e-07
fixed50,0.8,32,27,ALBUMIN,6,True,0,0,0,1.8872444806313098e-05,1.8773525075944128e-05,3.33252469272272e-23,0.0,9.891973036751021e-08
fixed50,0.8,32,27,VIABILITY,6,True,0,0,0,9.892054391699305e-08,9.891973036751017e-08,0.0,0.0,1.4610221951425174e-18
fixed50,0.8,32,27,ALL,12,True,0,0,0,1.8971365350230096e-05,1.8773525075944128e-05,3.33252469272272e-23,0.0,9.891973036897123e-08
fixed50,0.8,33,28,ALBUMIN,6,True,0,0,0,1.0516824186431533e-05,1.0472588515475523e-05,3.7381419594967714e-24,0.0,4.4235670955764145e-08
fixed50,0.8,33,28,VIABILITY,6,True,0,0,0,4.423589879624631e-08,4.4235670955764145e-08,0.0,0.0,2.4573228589712115e-19
fixed50,0.8,33,28,ALL,12,True,0,0,0,1.0561060085227778e-05,1.0472588515475523e-05,3.7381419594967714e-24,0.0,4.423567095600988e-08
fixed50,0.8,34,28,ALBUMIN,6,True,0,0,0,3.237194844547489e-05,3.221313665003617e-05,1.9236149323546038e-23,0.0,1.5881179543751767e-07
fixed50,0.8,34,28,VIABILITY,6,True,0,0,0,1.5881279027724515e-07,1.5881179543751767e-07,0.0,0.0,1.2006029288756472e-18
fixed50,0.8,34,28,ALL,12,True,0,0,0,3.253076123575213e-05,3.221313665003617e-05,1.9236149323546038e-23,0.0,1.5881179543871826e-07
fixed50,0.8,35,29,ALBUMIN,6,True,0,0,0,1.8457649722095288e-05,1.838496487737344e-05,2.2094269473966732e-24,0.0,7.26848447216417e-08
fixed50,0.8,35,29,VIABILITY,6,True,0,0,0,7.268512995651481e-08,7.26848447216417e-08,0.0,0.0,2.0675797393881406e-19
fixed50,0.8,35,29,ALL,12,True,0,0,0,1.85303348520518e-05,1.838496487737344e-05,2.2094269473966732e-24,0.0,7.268484472184847e-08
fixed50,0.8,36,30,ALBUMIN,6,True,0,0,0,1.0470825967362119e-05,1.0437739720670727e-05,2.52332421402493e-25,0.0,3.3086246691353925e-08
fixed50,0.8,36,30,VIABILITY,6,True,0,0,0,3.308632801690033e-08,3.308624669135392e-08,0.0,0.0,3.5405395501429004e-20
fixed50,0.8,36,30,ALL,12,True,0,0,0,1.0503912295379019e-05,1.0437739720670727e-05,2.52332421402493e-25,0.0,3.308624669138933e-08
fixed50,0.8,37,31,ALBUMIN,6,True,0,0,0,5.911452233003837e-06,5.8964682025548945e-06,2.8664475574586646e-26,0.0,1.4984030448936644e-08
fixed50,0.8,37,31,VIABILITY,6,True,0,0,0,1.4984053514695012e-08,1.4984030448936647e-08,0.0,0.0,6.030667769305863e-21
fixed50,0.8,37,31,ALL,12,True,0,0,0,5.926436286518533e-06,5.8964682025548945e-06,2.8664475574586646e-26,0.0,1.4984030448942676e-08
fixed50,0.8,38,32,ALBUMIN,6,True,0,0,0,3.322160807949124e-06,3.3154075854998108e-06,3.2398550042870054e-27,0.0,6.7532224493121984e-09
fixed50,0.8,38,32,VIABILITY,6,True,0,0,0,6.753228958912942e-09,6.753222449312198e-09,0.0,0.0,1.022073639865511e-21
fixed50,0.8,38,32,ALL,12,True,0,0,0,3.3289140369080368e-06,3.3154075854998108e-06,3.2398550042870054e-27,0.0,6.75322244931322e-09
fixed50,0.8,39,32,ALBUMIN,6,True,0,0,0,1.001131182912476e-05,9.987537071764655e-06,1.6384556795734434e-26,0.0,2.377475736010016e-08
fixed50,0.8,39,32,VIABILITY,6,True,0,0,0,2.3774785268813612e-08,2.377475736010016e-08,0.0,0.0,4.906289495349865e-21
fixed50,0.8,39,32,ALL,12,True,0,0,0,1.0035086614393573e-05,9.987537071764655e-06,1.6384556795734434e-26,0.0,2.3774757360105067e-08
fixed50,0.8,40,33,ALBUMIN,6,True,0,0,0,5.739029882982808e-06,5.7280972658009365e-06,1.8901758024865984e-27,0.0,1.0932617181871738e-08
fixed50,0.8,40,33,VIABILITY,6,True,0,0,0,1.0932625219980082e-08,1.0932617181871738e-08,0.0,0.0,8.486711463171021e-22
fixed50,0.8,40,33,ALL,12,True,0,0,0,5.74996250820279e-06,5.7280972658009365e-06,1.8901758024865984e-27,0.0,1.0932617181872586e-08
fixed50,0.8,41,34,ALBUMIN,6,True,0,0,0,3.2745487758507444e-06,3.269546151247564e-06,2.169427873930531e-28,0.0,5.002624603180408e-09
fixed50,0.8,41,34,VIABILITY,6,True,0,0,0,5.00262690662685e-09,5.002624603180407e-09,0.0,0.0,1.4605325038069298e-22
fixed50,0.8,41,34,ALL,12,True,0,0,0,3.2795514027573716e-06,3.269546151247564e-06,2.169427873930531e-28,0.0,5.002624603180554e-09
fixed50,0.8,42,35,ALBUMIN,6,True,0,0,0,1.860051584628485e-06,1.8577731022743394e-06,2.4778771654018555e-29,0.0,2.2784823541457334e-09
fixed50,0.8,42,35,VIABILITY,6,True,0,0,0,2.2784830110856888e-09,2.2784823541457334e-09,0.0,0.0,2.5014033013496432e-23
fixed50,0.8,42,35,ALL,12,True,0,0,0,1.862330067639571e-06,1.8577731022743394e-06,2.4778771654018555e-29,0.0,2.2784823541457586e-09
fixed50,0.8,43,36,ALBUMIN,6,True,0,0,0,1.0520788059013696e-06,1.0510456457182112e-06,2.8171698552717496e-30,0.0,1.033160183158454e-09
fixed50,0.8,43,36,VIABILITY,6,True,0,0,0,1.0331603696679984e-09,1.033160183158454e-09,0.0,0.0,4.2644528934056116e-24
fixed50,0.8,43,36,ALL,12,True,0,0,0,1.0531119662710378e-06,1.0510456457182112e-06,2.8171698552717496e-30,0.0,1.0331601831584584e-09
fixed50,0.8,44,36,ALBUMIN,6,True,0,0,0,3.119466884151101e-06,3.115883778570207e-06,1.4059418395106426e-29,0.0,3.583105580894313e-09
fixed50,0.8,44,36,VIABILITY,6,True,0,0,0,3.5831063694427654e-09,3.583105580894313e-09,0.0,0.0,2.0197166199903926e-23
fixed50,0.8,44,36,ALL,12,True,0,0,0,3.123049990520544e-06,3.115883778570207e-06,1.4059418395106426e-29,0.0,3.583105580894333e-09
fixed50,0.8,45,37,ALBUMIN,6,True,0,0,0,1.795604152579844e-06,1.7939503707654906e-06,1.627513925130514e-30,0.0,1.653781814353425e-09
fixed50,0.8,45,37,VIABILITY,6,True,0,0,0,1.6537820422730508e-09,1.653781814353425e-09,0.0,0.0,3.505752259762835e-24
fixed50,0.8,45,37,ALL,12,True,0,0,0,1.7972579346221171e-06,1.7939503707654906e-06,1.627513925130514e-30,0.0,1.6537818143534285e-09
fixed50,0.8,46,38,ALBUMIN,6,True,0,0,0,1.0291117586698342e-06,1.0283518720368894e-06,1.8752499038426942e-31,0.0,7.598866329445193e-10
fixed50,0.8,46,38,VIABILITY,6,True,0,0,0,7.598866985198925e-10,7.598866329445194e-10,0.0,0.0,6.05699644680406e-25
fixed50,0.8,46,38,ALL,12,True,0,0,0,1.029871645368354e-06,1.0283518720368894e-06,1.8752499038426942e-31,0.0,7.598866329445199e-10
fixed50,0.8,47,39,ALBUMIN,6,True,0,0,0,5.873770934544026e-07,5.870294291607543e-07,2.1511228483699867e-32,0.0,3.476642936481822e-10
fixed50,0.8,47,39,VIABILITY,6,True,0,0,0,3.476643124326056e-10,3.476642936481822e-10,0.0,0.0,1.0418678643306854e-25
fixed50,0.8,47,39,ALL,12,True,0,0,0,5.877247577668353e-07,5.870294291607543e-07,2.1511228483699867e-32,0.0,3.4766429364818233e-10
fixed50,0.8,48,40,ALBUMIN,6,True,0,0,0,3.3392588008277985e-07,3.3376746560546303e-07,2.4571459212413327e-33,0.0,1.584144773167746e-10
fixed50,0.8,48,40,VIABILITY,6,True,0,0,0,1.584144826752235e-10,1.584144773167746e-10,0.0,0.0,1.78457449033072e-26
fixed50,0.8,48,40,ALL,12,True,0,0,0,3.3408429456545505e-07,3.3376746560546303e-07,2.4571459212413327e-33,0.0,1.5841447731677462e-10
fixed50,0.8,49,40,ALBUMIN,6,True,0,0,0,9.77515374453209e-07,9.769724524125522e-07,1.2135410079950432e-32,0.0,5.429220406567772e-10
fixed50,0.8,49,40,VIABILITY,6,True,0,0,0,5.429220630640825e-10,5.429220406567773e-10,0.0,0.0,8.362939559264919e-26
fixed50,0.8,49,40,ALL,12,True,0,0,0,9.78058296516273e-07,9.769724524125522e-07,1.2135410079950432e-32,0.0,5.429220406567773e-10
fixed50,0.8,50,41,ALBUMIN,6,True,0,0,0,5.645005896831271e-07,5.642492525446698e-07,1.408667304047847e-33,0.0,2.5133713845727524e-10
fixed50,0.8,50,41,VIABILITY,6,True,0,0,0,2.5133714495231457e-10,2.5133713845727524e-10,0.0,0.0,1.45565623688401e-26
fixed50,0.8,50,41,ALL,12,True,0,0,0,5.647519268280793e-07,5.642492525446698e-07,1.408667304047847e-33,0.0,2.513371384572753e-10
fixed50,0.8,51,42,ALBUMIN,6,True,0,0,0,3.246884713383876e-07,3.245725975691287e-07,1.628202917478955e-34,0.0,1.1587376925890033e-10
fixed50,0.8,51,42,VIABILITY,6,True,0,0,0,1.158737711336533e-10,1.1587376925890031e-10,0.0,0.0,2.5229677305458305e-27
fixed50,0.8,51,42,ALL,12,True,0,0,0,3.248043451095213e-07,3.245725975691287e-07,1.628202917478955e-34,0.0,1.1587376925890033e-10
fixed50,0.8,52,43,ALBUMIN,6,True,0,0,0,1.8603726601847948e-07,1.8598405557646878e-07,1.8742746107765012e-35,0.0,5.321044201067246e-11
fixed50,0.8,52,43,VIABILITY,6,True,0,0,0,5.321044254962838e-11,5.321044201067245e-11,0.0,0.0,4.355074361478468e-28
fixed50,0.8,52,43,ALL,12,True,0,0,0,1.8609047646102907e-07,1.8598405557646878e-07,1.8742746107765012e-35,0.0,5.321044201067246e-11
fixed50,0.8,53,44,ALBUMIN,6,True,0,0,0,1.0620104256297726e-07,1.0617670027615514e-07,2.14909744046317e-36,0.0,2.434228682212008e-11
fixed50,0.8,53,44,VIABILITY,6,True,0,0,0,2.434228697646113e-11,2.434228682212008e-11,0.0,0.0,7.488306635151732e-29
fixed50,0.8,53,44,ALL,12,True,0,0,0,1.0622538484995372e-07,1.0617670027615514e-07,2.14909744046317e-36,0.0,2.434228682212008e-11
fixed50,0.8,54,44,ALBUMIN,6,True,0,0,0,3.076778921199589e-07,3.0759526365313704e-07,1.052493914872029e-35,0.0,8.262846682186394e-11
fixed50,0.8,54,44,VIABILITY,6,True,0,0,0,8.262846746155234e-11,8.262846682186396e-11,0.0,0.0,3.4792723205445266e-28
fixed50,0.8,54,44,ALL,12,True,0,0,0,3.0776052058742045e-07,3.0759526365313704e-07,1.052493914872029e-35,0.0,8.262846682186394e-11
fixed50,0.8,55,45,ALBUMIN,6,True,0,0,0,1.781502475915097e-07,1.7811190148222013e-07,1.2244915376036167e-36,0.0,3.8346109289591e-11
fixed50,0.8,55,45,VIABILITY,6,True,0,0,0,3.834610947544811e-11,3.8346109289591e-11,0.0,0.0,6.069895384746872e-29
fixed50,0.8,55,45,ALL,12,True,0,0,0,1.7818859370098518e-07,1.7811190148222013e-07,1.2244915376036167e-36,0.0,3.8346109289591e-11
fixed50,0.8,56,46,ALBUMIN,6,True,0,0,0,1.0276894237318321e-07,1.0275121450443775e-07,1.4189975218262813e-37,0.0,1.7727868745463938e-11
fixed50,0.8,56,46,VIABILITY,6,True,0,0,0,1.772786879925374e-11,1.772786874546394e-11,0.0,0.0,1.0547984636725517e-29
fixed50,0.8,56,46,ALL,12,True,0,0,0,1.0278667024198246e-07,1.0275121450443775e-07,1.4189975218262813e-37,0.0,1.7727868745463938e-11
fixed50,0.8,57,47,ALBUMIN,6,True,0,0,0,5.907202552088317e-08,5.9063859734708884e-08,1.6381864017875904e-38,0.0,8.165786174274568e-12
fixed50,0.8,57,47,VIABILITY,6,True,0,0,0,8.165786189783991e-12,8.165786174274568e-12,0.0,0.0,1.8260769479006114e-30
fixed50,0.8,57,47,ALL,12,True,0,0,0,5.9080191307072944e-08,5.9063859734708884e-08,1.6381864017875904e-38,0.0,8.165786174274568e-12
fixed50,0.8,58,48,ALBUMIN,6,True,0,0,0,3.383782843030775e-08,3.383408038440953e-08,1.8843571781780765e-39,0.0,3.7480458982235566e-12
fixed50,0.8,58,48,VIABILITY,6,True,0,0,0,3.748045902679375e-12,3.7480458982235566e-12,0.0,0.0,3.149865580434094e-31
fixed50,0.8,58,48,ALL,12,True,0,0,0,3.384157647621043e-08,3.383408038440953e-08,1.8843571781780765e-39,0.0,3.7480458982235566e-12
fixed50,0.8,59,48,ALBUMIN,6,True,0,0,0,9.719420009551e-08,9.718157832022611e-08,9.164490482961402e-39,0.0,1.2621775283884465e-11
fixed50,0.8,59,48,VIABILITY,6,True,0,0,0,1.2621775302217102e-11,1.2621775283884465e-11,0.0,0.0,1.453210488065717e-30
fixed50,0.8,59,48,ALL,12,True,0,0,0,9.72068218708122e-08,9.718157832022611e-08,9.164490482961402e-39,0.0,1.2621775283884465e-11
fixed50,0.8,60,49,ALBUMIN,6,True,0,0,0,5.640121169195466e-08,5.639534205004261e-08,1.0682311231775654e-39,0.0,5.869641912057168e-12
fixed50,0.8,60,49,VIABILITY,6,True,0,0,0,5.869641917394054e-12,5.869641912057168e-12,0.0,0.0,2.540102760779287e-31
fixed50,0.8,60,49,ALL,12,True,0,0,0,5.640708133387205e-08,5.639534205004261e-08,1.0682311231775654e-39,0.0,5.869641912057168e-12
fixed50,0.8,61,50,ALBUMIN,6,True,0,0,0,3.261600004362759e-08,3.261328008492105e-08,1.2406093544767187e-40,0.0,2.7199587065400604e-12
fixed50,0.8,61,50,VIABILITY,6,True,0,0,0,2.719958708088097e-12,2.7199587065400604e-12,0.0,0.0,4.4237644243329976e-32
fixed50,0.8,61,50,ALL,12,True,0,0,0,3.261872000233568e-08,3.261328008492105e-08,1.2406093544767187e-40,0.0,2.7199587065400604e-12
fixed50,0.8,62,51,ALBUMIN,6,True,0,0,0,1.879829066826716e-08,1.879703456232661e-08,1.435735173048427e-41,0.0,1.256105940547347e-12
fixed50,0.8,62,51,VIABILITY,6,True,0,0,0,1.256105940994814e-12,1.256105940547347e-12,0.0,0.0,7.677271266442797e-33
fixed50,0.8,62,51,ALL,12,True,0,0,0,1.8799546774208152e-08,1.879703456232661e-08,1.435735173048427e-41,0.0,1.256105940547347e-12
fixed50,0.8,63,52,ALBUMIN,6,True,0,0,0,1.0799412708434771e-08,1.079883453990966e-08,1.6559097314821636e-42,0.0,5.781685251109458e-13
fixed50,0.8,63,52,VIABILITY,6,True,0,0,0,5.781685252398536e-13,5.781685251109458e-13,0.0,0.0,1.3278507494483813e-33
fixed50,0.8,63,52,ALL,12,True,0,0,0,1.079999087696001e-08,1.079883453990966e-08,1.6559097314821636e-42,0.0,5.781685251109458e-13
fixed50,0.8,64,52,ALBUMIN,6,True,0,0,0,3.0796268639307996e-08,3.079433459595201e-08,8.006630730983218e-42,0.0,1.9340433559837486e-12
fixed50,0.8,64,52,VIABILITY,6,True,0,0,0,1.9340433565108553e-12,1.9340433559837486e-12,0.0,0.0,6.0899161371941925e-33
fixed50,0.8,64,52,ALL,12,True,0,0,0,3.079820268266451e-08,3.079433459595201e-08,8.006630730983218e-42,0.0,1.9340433559837486e-12
fixed50,0.8,65,53,ALBUMIN,6,True,0,0,0,1.7904363760816146e-08,1.790346276495035e-08,9.34765588681678e-43,0.0,9.009958657949464e-13
fixed50,0.8,65,53,VIABILITY,6,True,0,0,0,9.009958659486503e-13,9.009958657949464e-13,0.0,0.0,1.0661988050667436e-33
fixed50,0.8,65,53,ALL,12,True,0,0,0,1.7905264756682095e-08,1.790346276495035e-08,9.34765588681678e-43,0.0,9.009958657949464e-13
fixed50,0.8,66,54,ALBUMIN,6,True,0,0,0,1.0375519309022814e-08,1.037510095888469e-08,1.0876157385759897e-43,0.0,4.1835013812362876e-13
fixed50,0.8,66,54,VIABILITY,6,True,0,0,0,4.183501381682978e-13,4.1835013812362876e-13,0.0,0.0,1.8603269566436067e-34
fixed50,0.8,66,54,ALL,12,True,0,0,0,1.0375937659160981e-08,1.037510095888469e-08,1.0876157385759897e-43,0.0,4.1835013812362876e-13
fixed50,0.8,67,55,ALBUMIN,6,True,0,0,0,5.99370834875161e-09,5.99351472255018e-09,1.2612958375431046e-44,0.0,1.93626201430105e-13
fixed50,0.8,67,55,VIABILITY,6,True,0,0,0,1.9362620144304433e-13,1.93626201430105e-13,0.0,0.0,3.235289878457949e-35
fixed50,0.8,67,55,ALL,12,True,0,0,0,5.993901974953053e-09,5.99351472255018e-09,1.2612958375431046e-44,0.0,1.93626201430105e-13
fixed50,0.8,68,56,ALBUMIN,6,True,0,0,0,3.4519046860899727e-09,3.4518153473604625e-09,1.458054068408965e-45,0.0,8.933872950999351e-14
fixed50,0.8,68,56,VIABILITY,6,True,0,0,0,8.933872951372986e-14,8.933872950999351e-14,0.0,0.0,5.608622444461732e-36
fixed50,0.8,68,56,ALL,12,True,0,0,0,3.4519940248194863e-09,3.4518153473604625e-09,1.458054068408965e-45,0.0,8.933872950999351e-14
fixed50,0.8,69,56,ALBUMIN,6,True,0,0,0,9.783085299693382e-09,9.782788150030816e-09,7.015075994251466e-45,0.0,2.971496625669187e-13
fixed50,0.8,69,56,VIABILITY,6,True,0,0,0,2.9714966258211667e-13,2.971496625669187e-13,0.0,0.0,2.5593356412901393e-35
fixed50,0.8,69,56,ALL,12,True,0,0,0,9.783382449355965e-09,9.782788150030816e-09,7.015075994251466e-45,0.0,2.971496625669187e-13
fixed50,0.8,70,57,ALBUMIN,6,True,0,0,0,5.696865262589853e-09,5.696726621776736e-09,8.201306330443914e-46,0.0,1.386408131178865e-13
fixed50,0.8,70,57,VIABILITY,6,True,0,0,0,1.3864081312232456e-13,1.386408131178865e-13,0.0,0.0,4.487030231947261e-36
fixed50,0.8,70,57,ALL,12,True,0,0,0,5.697003903402976e-09,5.696726621776736e-09,8.201306330443914e-46,0.0,1.386408131178865e-13
fixed50,0.8,71,58,ALBUMIN,6,True,0,0,0,3.307281440757316e-09,3.3072169561310746e-09,9.557562003771599e-47,0.0,6.448462624114629e-14
fixed50,0.8,71,58,VIABILITY,6,True,0,0,0,6.448462624243818e-14,6.448462624114629e-14,0.0,0.0,7.841659896746111e-37
fixed50,0.8,71,58,ALL,12,True,0,0,0,3.3073459253835584e-09,3.3072169561310746e-09,9.557562003771599e-47,0.0,6.448462624114629e-14
fixed50,0.8,72,59,ALBUMIN,6,True,0,0,0,1.9143471358947814e-09,1.914317233135655e-09,1.1103689128891755e-47,0.0,2.990275912621321e-14
fixed50,0.8,72,59,VIABILITY,6,True,0,0,0,2.990275912658813e-14,2.990275912621322e-14,0.0,0.0,1.3662076504072368e-37
fixed50,0.8,72,59,ALL,12,True,0,0,0,1.9143770386539077e-09,1.914317233135655e-09,1.1103689128891755e-47,0.0,2.990275912621321e-14
fixed50,0.8,73,60,ALBUMIN,6,True,0,0,0,1.1048978060221744e-09,1.1048839800632565e-09,1.2861281515949891e-48,0.0,1.3825958917818203e-14
fixed50,0.8,73,60,VIABILITY,6,True,0,0,0,1.3825958917926682e-14,1.3825958917818203e-14,0.0,0.0,2.3731524910844956e-38
fixed50,0.8,73,60,ALL,12,True,0,0,0,1.1049116319810923e-09,1.1048839800632565e-09,1.2861281515949891e-48,0.0,1.3825958917818203e-14
fixed50,0.8,74,60,ALBUMIN,6,True,0,0,0,3.1147470019207205e-09,3.1147012410933617e-09,6.161515575694742e-48,0.0,4.576082735898381e-14
fixed50,0.8,74,60,VIABILITY,6,True,0,0,0,4.5760827359423066e-14,4.576082735898381e-14,0.0,0.0,1.0782248949738727e-37
fixed50,0.8,74,60,ALL,12,True,0,0,0,3.1147927627480797e-09,3.1147012410933617e-09,6.161515575694742e-48,0.0,4.576082735898381e-14
fixed50,0.8,75,61,ALBUMIN,6,True,0,0,0,1.8163168655540975e-09,1.816295486745342e-09,7.212023072151764e-49,0.0,2.137880875549071e-14
fixed50,0.8,75,61,VIABILITY,6,True,0,0,0,2.137880875561914e-14,2.1378808755490706e-14,0.0,0.0,1.8926326934471107e-38
fixed50,0.8,75,61,ALL,12,True,0,0,0,1.816338244362853e-09,1.816295486745342e-09,7.212023072151764e-49,0.0,2.137880875549071e-14
fixed50,0.8,76,62,ALBUMIN,6,True,0,0,0,1.0561147227186738e-09,1.0561047640591471e-09,8.41632828030495e-50,0.0,9.958659526688309e-15
fixed50,0.8,76,62,VIABILITY,6,True,0,0,0,9.958659526725748e-15,9.958659526688309e-15,0.0,0.0,3.3122468590174594e-39
fixed50,0.8,76,62,ALL,12,True,0,0,0,1.0561246813782004e-09,1.0561047640591471e-09,8.41632828030495e-50,0.0,9.958659526688309e-15
fixed50,0.8,77,63,ALBUMIN,6,True,0,0,0,6.123728696524384e-10,6.123682439043796e-10,9.793135559851818e-51,0.0,4.625748058860466e-15
fixed50,0.8,77,63,VIABILITY,6,True,0,0,0,4.6257480588713485e-15,4.625748058860466e-15,0.0,0.0,5.779839886615208e-40
fixed50,0.8,77,63,ALL,12,True,0,0,0,6.123774954004973e-10,6.123682439043796e-10,9.793135559851818e-51,0.0,4.625748058860466e-15
fixed50,0.8,78,64,ALBUMIN,6,True,0,0,0,3.5411103624908583e-10,3.541088935497527e-10,1.136293023606588e-51,0.0,2.1426993330993513e-15
fixed50,0.8,78,64,VIABILITY,6,True,0,0,0,2.1426993331025055e-15,2.142699333099351e-15,0.0,0.0,1.0057301129778533e-40
fixed50,0.8,78,64,ALL,12,True,0,0,0,3.5411317894841886e-10,3.541088935497527e-10,1.136293023606588e-51,0.0,2.1426993330993513e-15
fixed50,0.8,79,64,ALBUMIN,6,True,0,0,0,9.936152987856375e-10,9.93608237285019e-10,5.423491232032796e-51,0.0,7.061500618416606e-15
fixed50,0.8,79,64,VIABILITY,6,True,0,0,0,7.061500618429328e-15,7.061500618416606e-15,0.0,0.0,4.552211659108458e-40
fixed50,0.8,79,64,ALL,12,True,0,0,0,9.936223602862559e-10,9.93608237285019e-10,5.423491232032796e-51,0.0,7.061500618416606e-15
fixed50,0.8,80,65,ALBUMIN,6,True,0,0,0,5.801257293549333e-10,5.801224264919042e-10,6.354819233663244e-52,0.0,3.3028630291154e-15
fixed50,0.8,80,65,VIABILITY,6,True,0,0,0,3.3028630291191236e-15,3.3028630291153994e-15,0.0,0.0,7.9990752324706e-41
fixed50,0.8,80,65,ALL,12,True,0,0,0,5.801290322179625e-10,5.801224264919042e-10,6.354819233663244e-52,0.0,3.3028630291154e-15
fixed50,0.8,81,66,ALBUMIN,6,True,0,0,0,3.377879607376811e-10,3.3778642016626894e-10,7.425006300981486e-53,0.0,1.5405714121536629e-15
fixed50,0.8,81,66,VIABILITY,6,True,0,0,0,1.5405714121547497e-15,1.540571412153663e-15,0.0,0.0,1.40161741117583e-41
fixed50,0.8,81,66,ALL,12,True,0,0,0,3.3778950130909327e-10,3.3778642016626894e-10,7.425006300981486e-53,0.0,1.5405714121536629e-15
fixed50,0.8,82,67,ALBUMIN,6,True,0,0,0,1.9616219804739816e-10,1.9616148140453422e-10,8.651533877235878e-54,0.0,7.166428639637606e-16
fixed50,0.8,82,67,VIABILITY,6,True,0,0,0,7.166428639640771e-16,7.166428639637606e-16,0.0,0.0,2.4492026068908527e-42
fixed50,0.8,82,67,ALL,12,True,0,0,0,1.9616291469026212e-10,1.9616148140453422e-10,8.651533877235878e-54,0.0,7.166428639637606e-16
fixed50,0.8,83,68,ALBUMIN,6,True,0,0,0,1.1362275932547204e-10,1.1362242683124177e-10,1.0053655917042775e-54,0.0,3.324942302661223e-16
fixed50,0.8,83,68,VIABILITY,6,True,0,0,0,3.3249423026621416e-16,3.324942302661223e-16,0.0,0.0,4.268323224577376e-43
fixed50,0.8,83,68,ALL,12,True,0,0,0,1.136230918197023e-10,1.1362242683124177e-10,1.0053655917042775e-54,0.0,3.324942302661223e-16
fixed50,0.8,84,68,ALBUMIN,6,True,0,0,0,3.175146354282265e-10,3.175135437831249e-10,4.7829368280085794e-54,0.0,1.0916451016209782e-15
fixed50,0.8,84,68,VIABILITY,6,True,0,0,0,1.0916451016213474e-15,1.0916451016209782e-15,0.0,0.0,1.9255531582429918e-42
fixed50,0.8,84,68,ALL,12,True,0,0,0,3.1751572707332814e-10,3.175135437831249e-10,4.7829368280085794e-54,0.0,1.0916451016209782e-15
fixed50,0.8,85,69,ALBUMIN,6,True,0,0,0,1.8558450863810634e-10,1.8558399752014166e-10,5.609454462567126e-55,0.0,5.111179647025591e-16
fixed50,0.8,85,69,VIABILITY,6,True,0,0,0,5.111179647026673e-16,5.11117964702559e-16,0.0,0.0,3.386722732938989e-43
fixed50,0.8,85,69,ALL,12,True,0,0,0,1.8558501975607108e-10,1.8558399752014166e-10,5.609454462567126e-55,0.0,5.111179647025591e-16
fixed50,0.8,86,70,ALBUMIN,6,True,0,0,0,1.0819285295695467e-10,1.0819261427408527e-10,6.561174377374689e-56,0.0,2.3868286939232796e-16
fixed50,0.8,86,70,VIABILITY,6,True,0,0,0,2.3868286939235957e-16,2.3868286939232796e-16,0.0,0.0,5.940752128422428e-44
fixed50,0.8,86,70,ALL,12,True,0,0,0,1.0819309163982406e-10,1.0819261427408527e-10,6.561174377374689e-56,0.0,2.3868286939232796e-16
fixed50,0.8,87,71,ALBUMIN,6,True,0,0,0,6.291613389099948e-11,6.291602271516789e-11,7.654330966216215e-57,0.0,1.1117583158726732e-16
fixed50,0.8,87,71,VIABILITY,6,True,0,0,0,1.1117583158727654e-16,1.1117583158726735e-16,0.0,0.0,1.039370766619973e-44
fixed50,0.8,87,71,ALL,12,True,0,0,0,6.291624506683106e-11,6.291602271516789e-11,7.654330966216215e-57,0.0,1.1117583158726732e-16
fixed50,0.8,88,72,ALBUMIN,6,True,0,0,0,3.6497137646092454e-11,3.649708599064874e-11,8.906892301261216e-58,0.0,5.165544371850667e-17
fixed50,0.8,88,72,VIABILITY,6,True,0,0,0,5.165544371850934e-17,5.165544371850667e-17,0.0,0.0,1.8138247994630392e-45
fixed50,0.8,88,72,ALL,12,True,0,0,0,3.649718930153618e-11,3.649708599064874e-11,8.906892301261216e-58,0.0,5.165544371850667e-17
fixed50,0.8,89,72,ALBUMIN,6,True,0,0,0,1.0161956403245084e-10,1.0161939500346914e-10,4.2251456602433694e-57,0.0,1.6902898170060055e-16
fixed50,0.8,89,72,VIABILITY,6,True,0,0,0,1.6902898170061127e-16,1.6902898170060055e-16,0.0,0.0,8.158612129486811e-45
fixed50,0.8,89,72,ALL,12,True,0,0,0,1.0161973306143255e-10,1.0161939500346914e-10,4.2251456602433694e-57,0.0,1.6902898170060055e-16
fixed50,0.8,90,73,ALBUMIN,6,True,0,0,0,5.945364053725596e-11,5.945356132387178e-11,4.959354596294366e-58,0.0,7.921338418387918e-17
fixed50,0.8,90,73,VIABILITY,6,True,0,0,0,7.921338418388233e-17,7.92133841838792e-17,0.0,0.0,1.436158886961625e-45
fixed50,0.8,90,73,ALL,12,True,0,0,0,5.945371975064014e-11,5.945356132387178e-11,4.959354596294366e-58,0.0,7.921338418387918e-17
fixed50,0.8,91,74,ALBUMIN,6,True,0,0,0,3.469870578261291e-11,3.469866875267962e-11,5.8063420418407435e-59,0.0,3.702993329539956e-17
fixed50,0.8,91,74,VIABILITY,6,True,0,0,0,3.7029933295400477e-17,3.702993329539955e-17,0.0,0.0,2.5216516518615134e-46
fixed50,0.8,91,74,ALL,12,True,0,0,0,3.469874281254621e-11,3.469866875267962e-11,5.8063420418407435e-59,0.0,3.702993329539956e-17
fixed50,0.8,92,75,ALBUMIN,6,True,0,0,0,2.0202577758586463e-11,2.0202560490269797e-11,6.781109519818422e-60,0.0,1.7268316662958653e-17
fixed50,0.8,92,75,VIABILITY,6,True,0,0,0,1.726831666295892e-17,1.7268316662958653e-17,0.0,0.0,4.416626811748708e-47
fixed50,0.8,92,75,ALL,12,True,0,0,0,2.0202595026903123e-11,2.0202560490269797e-11,6.781109519818422e-60,0.0,1.7268316662958653e-17
fixed50,0.8,93,76,ALBUMIN,6,True,0,0,0,1.1735000523051938e-11,1.1734992489370097e-11,7.900331989673898e-61,0.0,8.033681842973558e-18
fixed50,0.8,93,76,VIABILITY,6,True,0,0,0,8.033681842973636e-18,8.033681842973558e-18,0.0,0.0,7.716937583549758e-48
fixed50,0.8,93,76,ALL,12,True,0,0,0,1.1735008556733782e-11,1.1734992489370097e-11,7.900331989673898e-61,0.0,8.033681842973558e-18
fixed50,0.8,94,76,ALBUMIN,6,True,0,0,0,3.2567924098197526e-11,3.256789788840905e-11,3.738023134624246e-60,0.0,2.6209788472785483e-17
fixed50,0.8,94,76,VIABILITY,6,True,0,0,0,2.6209788472785794e-17,2.6209788472785486e-17,0.0,0.0,3.4620014882408264e-47
fixed50,0.8,94,76,ALL,12,True,0,0,0,3.256795030798599e-11,3.256789788840905e-11,3.738023134624246e-60,0.0,2.6209788472785483e-17
fixed50,0.8,95,77,ALBUMIN,6,True,0,0,0,1.9070902548192152e-11,1.90708902551971e-11,4.39082016151097e-61,0.0,1.229299505071144e-17
fixed50,0.8,95,77,VIABILITY,6,True,0,0,0,1.229299505071153e-17,1.2292995050711438e-17,0.0,0.0,6.09870737008458e-48
fixed50,0.8,95,77,ALL,12,True,0,0,0,1.9070914841187203e-11,1.90708902551971e-11,4.39082016151097e-61,0.0,1.229299505071144e-17
fixed50,0.8,96,78,ALBUMIN,6,True,0,0,0,1.1141299685907447e-11,1.114129393389137e-11,5.145133432679397e-62,0.0,5.7520160768238246e-18
fixed50,0.8,96,78,VIABILITY,6,True,0,0,0,5.7520160768238515e-18,5.7520160768238246e-18,0.0,0.0,1.0717607770034124e-48
fixed50,0.8,96,78,ALL,12,True,0,0,0,1.1141305437923525e-11,1.114129393389137e-11,5.145133432679397e-62,0.0,5.7520160768238246e-18
fixed50,0.8,97,79,ALBUMIN,6,True,0,0,0,6.493914159701492e-12,6.493911474518048e-12,6.014770889513041e-63,0.0,2.6851834443783525e-18
fixed50,0.8,97,79,VIABILITY,6,True,0,0,0,2.6851834443783603e-18,2.685183444378352e-18,0.0,0.0,1.879020353627671e-49
fixed50,0.8,97,79,ALL,12,True,0,0,0,6.4939168448849365e-12,6.493911474518048e-12,6.014770889513041e-63,0.0,2.6851834443783525e-18
fixed50,0.8,98,80,ALBUMIN,6,True,0,0,0,3.776636663948484e-12,3.776635413281088e-12,7.01513923369278e-64,0.0,1.2506673968933083e-18
fixed50,0.8,98,80,VIABILITY,6,True,0,0,0,1.2506673968933104e-18,1.250667396893308e-18,0.0,0.0,3.2867138546957694e-50
fixed50,0.8,98,80,ALL,12,True,0,0,0,3.7766379146158815e-12,3.776635413281088e-12,7.01513923369278e-64,0.0,1.2506673968933083e-18
fixed50,0.8,99,80,ALBUMIN,6,True,0,0,0,1.0450650861123433e-11,1.0450646791757839e-11,3.311534889194284e-63,0.0,4.069365595460412e-18
fixed50,0.8,99,80,VIABILITY,6,True,0,0,0,4.069365595460421e-18,4.069365595460412e-18,0.0,0.0,1.471033783059751e-49
fixed50,0.8,99,80,ALL,12,True,0,0,0,1.045065493048903e-11,1.0450646791757839e-11,3.311534889194284e-63,0.0,4.069365595460412e-18
fixed50,0.8,100,81,ALBUMIN,6,True,0,0,0,6.124459183250955e-12,6.124457273209515e-12,3.892435578152143e-64,0.0,1.910041439772397e-18
fixed50,0.8,100,81,VIABILITY,6,True,0,0,0,1.9100414397723997e-18,1.910041439772397e-18,0.0,0.0,2.593136684730308e-50
fixed50,0.8,100,81,ALL,12,True,0,0,0,6.1244610932923954e-12,6.124457273209515e-12,3.892435578152143e-64,0.0,1.910041439772397e-18
fixed50,0.8,101,82,ALBUMIN,6,True,0,0,0,3.5811368751923733e-12,3.5811359807060917e-12,4.564669345553543e-65,0.0,8.944862813065478e-19
fixed50,0.8,101,82,VIABILITY,6,True,0,0,0,8.944862813065487e-19,8.944862813065478e-19,0.0,0.0,4.5606417223168235e-51
fixed50,0.8,101,82,ALL,12,True,0,0,0,3.5811377696786544e-12,3.5811359807060917e-12,4.564669345553543e-65,0.0,8.944862813065478e-19
fixed50,0.8,102,83,ALBUMIN,6,True,0,0,0,2.0894090436029284e-12,2.0894086256373024e-12,5.340905650276927e-66,0.0,4.179656262308183e-19
fixed50,0.8,102,83,VIABILITY,6,True,0,0,0,4.1796562623081853e-19,4.179656262308183e-19,0.0,0.0,8.002876498018209e-52
fixed50,0.8,102,83,ALL,12,True,0,0,0,2.0894094615685544e-12,2.0894086256373024e-12,5.340905650276927e-66,0.0,4.179656262308183e-19
fixed50,0.8,103,84,ALBUMIN,6,True,0,0,0,1.2164530533499044e-12,1.2164528584714008e-12,6.235328951003733e-67,0.0,1.9487850371687937e-19
fixed50,0.8,103,84,VIABILITY,6,True,0,0,0,1.9487850371687942e-19,1.9487850371687937e-19,0.0,0.0,1.4012221882672593e-52
fixed50,0.8,103,84,ALL,12,True,0,0,0,1.216453248228408e-12,1.2164528584714008e-12,6.235328951003733e-67,0.0,1.9487850371687937e-19
fixed50,0.8,104,84,ALBUMIN,6,True,0,0,0,3.3572735866943503e-12,3.357272954140158e-12,2.937291913115541e-66,0.0,6.325541916966073e-19
fixed50,0.8,104,84,VIABILITY,6,True,0,0,0,6.325541916966075e-19,6.325541916966073e-19,0.0,0.0,6.2581535732983145e-52
fixed50,0.8,104,84,ALL,12,True,0,0,0,3.3572742192485416e-12,3.357272954140158e-12,2.937291913115541e-66,0.0,6.325541916966073e-19
fixed50,0.8,105,85,ALBUMIN,6,True,0,0,0,1.9688955928266696e-12,1.9688952957245925e-12,3.4546208341147566e-67,0.0,2.9710207709989963e-19
fixed50,0.8,105,85,VIABILITY,6,True,0,0,0,2.971020770998997e-19,2.9710207709989963e-19,0.0,0.0,1.1038590422449492e-52
fixed50,0.8,105,85,ALL,12,True,0,0,0,1.9688958899287463e-12,1.9688952957245925e-12,3.4546208341147566e-67,0.0,2.9710207709989963e-19
fixed50,0.8,106,86,ALBUMIN,6,True,0,0,0,1.1522026947224e-12,1.1522025554801414e-12,4.0540926975703336e-68,0.0,1.3924225846615507e-19
fixed50,0.8,106,86,VIABILITY,6,True,0,0,0,1.3924225846615507e-19,1.3924225846615505e-19,0.0,0.0,1.9427765441200296e-53
fixed50,0.8,106,86,ALL,12,True,0,0,0,1.1522028339646584e-12,1.1522025554801414e-12,4.0540926975703336e-68,0.0,1.3924225846615507e-19
fixed50,0.8,107,87,ALBUMIN,6,True,0,0,0,6.728591517964617e-13,6.728590866766431e-13,4.747302853674699e-69,0.0,6.511981870900355e-20
fixed50,0.8,107,87,VIABILITY,6,True,0,0,0,6.511981870900356e-20,6.511981870900355e-20,0.0,0.0,3.4118805391583736e-54
fixed50,0.8,107,87,ALL,12,True,0,0,0,6.728592169162805e-13,6.728590866766431e-13,4.747302853674699e-69,0.0,6.511981870900355e-20
fixed50,0.8,108,88,ALBUMIN,6,True,0,0,0,3.9212703626906667e-13,3.9212700587765983e-13,5.5472728601507755e-70,0.0,3.039140686876187e-20
fixed50,0.8,108,88,VIABILITY,6,True,0,0,0,3.0391406868761874e-20,3.039140686876187e-20,0.0,0.0,5.979237501296606e-55
fixed50,0.8,108,88,ALL,12,True,0,0,0,3.9212706666047355e-13,3.9212700587765983e-13,5.5472728601507755e-70,0.0,3.039140686876187e-20
fixed50,0.8,109,88,ALBUMIN,6,True,0,0,0,1.0796342409589756e-12,1.0796341425282313e-12,2.608233686501423e-69,0.0,9.84307443516844e-20
fixed50,0.8,109,88,VIABILITY,6,True,0,0,0,9.84307443516844e-20,9.843074435168439e-20,0.0,0.0,2.665320574722183e-54
fixed50,0.8,109,88,ALL,12,True,0,0,0,1.0796343393897202e-12,1.0796341425282313e-12,2.608233686501423e-69,0.0,9.84307443516844e-20
fixed50,0.8,110,89,ALBUMIN,6,True,0,0,0,6.335730108422132e-13,6.335729645823245e-13,3.0692862405162765e-70,0.0,4.625988871678109e-20
fixed50,0.8,110,89,VIABILITY,6,True,0,0,0,4.62598887167811e-20,4.625988871678109e-20,0.0,0.0,4.703895304307713e-55
fixed50,0.8,110,89,ALL,12,True,0,0,0,6.33573057102102e-13,6.335729645823245e-13,3.0692862405162765e-70,0.0,4.625988871678109e-20
fixed50,0.8,111,90,ALBUMIN,6,True,0,0,0,3.7104366806487266e-13,3.7104364636911073e-13,3.604199283763369e-71,0.0,2.1695761933092055e-20
fixed50,0.8,111,90,VIABILITY,6,True,0,0,0,2.1695761933092055e-20,2.1695761933092058e-20,0.0,0.0,8.284151297963905e-56
fixed50,0.8,111,90,ALL,12,True,0,0,0,3.710436897606346e-13,3.7104364636911073e-13,3.604199283763369e-71,0.0,2.1695761933092055e-20
fixed50,0.8,112,91,ALBUMIN,6,True,0,0,0,2.1685977122380773e-13,2.1685976106928636e-13,4.223563139482031e-72,0.0,1.0154521412501637e-20
fixed50,0.8,112,91,VIABILITY,6,True,0,0,0,1.0154521412501637e-20,1.0154521412501637e-20,0.0,0.0,1.4559243238249101e-56
fixed50,0.8,112,91,ALL,12,True,0,0,0,2.168597813783292e-13,2.1685976106928636e-13,4.223563139482031e-72,0.0,1.0154521412501637e-20
fixed50,0.8,113,92,ALBUMIN,6,True,0,0,0,1.2649558395182739e-13,1.2649557920858357e-13,4.939303543506991e-73,0.0,4.743243805777924e-21
fixed50,0.8,113,92,VIABILITY,6,True,0,0,0,4.743243805777924e-21,4.743243805777924e-21,0.0,0.0,2.553569437565162e-57
fixed50,0.8,113,92,ALL,12,True,0,0,0,1.2649558869507118e-13,1.2649557920858357e-13,4.939303543506991e-73,0.0,4.743243805777924e-21
fixed50,0.8,114,92,ALBUMIN,6,True,0,0,0,3.4751621251111115e-13,3.475161971795666e-13,2.3183827557352895e-72,0.0,1.5331544577375835e-20
fixed50,0.8,114,92,VIABILITY,6,True,0,0,0,1.5331544577375835e-20,1.5331544577375835e-20,0.0,0.0,1.136292748611897e-56
fixed50,0.8,114,92,ALL,12,True,0,0,0,3.475162278426557e-13,3.475161971795666e-13,2.3183827557352895e-72,0.0,1.5331544577375835e-20
fixed50,0.8,115,93,ALBUMIN,6,True,0,0,0,2.0405872253829834e-13,2.0405871532883542e-13,2.7295630573579523e-73,0.0,7.209462929597307e-21
fixed50,0.8,115,93,VIABILITY,6,True,0,0,0,7.209462929597307e-21,7.209462929597307e-21,0.0,0.0,2.006404341381697e-57
fixed50,0.8,115,93,ALL,12,True,0,0,0,2.040587297477613e-13,2.0405871532883542e-13,2.7295630573579523e-73,0.0,7.209462929597307e-21
fixed50,0.8,116,94,ALBUMIN,6,True,0,0,0,1.1958554711553536e-13,1.1958554373214264e-13,3.207147035439021e-74,0.0,3.3833927217344116e-21
fixed50,0.8,116,94,VIABILITY,6,True,0,0,0,3.3833927217344116e-21,3.3833927217344116e-21,0.0,0.0,3.5356231120537494e-58
fixed50,0.8,116,94,ALL,12,True,0,0,0,1.195855504989281e-13,1.1958554373214264e-13,3.207147035439021e-74,0.0,3.3833927217344116e-21
fixed50,0.8,117,95,ALBUMIN,6,True,0,0,0,6.994578895811043e-14,6.994578737339713e-14,3.760790613515886e-75,0.0,1.5847133129721167e-21
fixed50,0.8,117,95,VIABILITY,6,True,0,0,0,1.5847133129721167e-21,1.5847133129721167e-21,0.0,0.0,6.217982564237593e-59
fixed50,0.8,117,95,ALL,12,True,0,0,0,6.994579054282375e-14,6.994578737339713e-14,3.760790613515886e-75,0.0,1.5847133129721167e-21
fixed50,0.8,118,96,ALBUMIN,6,True,0,0,0,4.083375055044319e-14,4.083374980962157e-14,4.4013945593964793e-76,0.0,7.408216204400323e-22
fixed50,0.8,118,96,VIABILITY,6,True,0,0,0,7.408216204400323e-22,7.408216204400323e-22,0.0,0.0,1.091403494933703e-59
fixed50,0.8,118,96,ALL,12,True,0,0,0,4.083375129126481e-14,4.083374980962157e-14,4.4013945593964793e-76,0.0,7.408216204400323e-22
fixed50,0.8,119,96,ALBUMIN,6,True,0,0,0,1.1195632844255272e-13,1.1195632605238584e-13,2.0626522368671681e-75,0.0,2.390166874581413e-21
fixed50,0.8,119,96,VIABILITY,6,True,0,0,0,2.390166874581413e-21,2.390166874581413e-21,0.0,0.0,4.84877200535519e-59
fixed50,0.8,119,96,ALL,12,True,0,0,0,1.1195633083271959e-13,1.1195632605238584e-13,2.0626522368671681e-75,0.0,2.390166874581413e-21
fixed50,0.8,120,97,ALBUMIN,6,True,0,0,0,6.577604329705887e-14,6.577604217253541e-14,2.4295908325748428e-76,0.0,1.1245234677576445e-21
fixed50,0.8,120,97,VIABILITY,6,True,0,0,0,1.1245234677576445e-21,1.1245234677576445e-21,0.0,0.0,8.565679630323596e-60
fixed50,0.8,120,97,ALL,12,True,0,0,0,6.577604442158234e-14,6.577604217253541e-14,2.4295908325748428e-76,0.0,1.1245234677576445e-21
fixed50,0.8,121,98,ALBUMIN,6,True,0,0,0,3.8571162653544835e-14,3.857116212549543e-14,2.856224630788976e-77,0.0,5.280494026860606e-22
fixed50,0.8,121,98,VIABILITY,6,True,0,0,0,5.280494026860606e-22,5.280494026860606e-22,0.0,0.0,1.510238023862046e-60
fixed50,0.8,121,98,ALL,12,True,0,0,0,3.857116318159423e-14,3.857116212549543e-14,2.856224630788976e-77,0.0,5.280494026860606e-22
fixed50,0.8,122,99,ALBUMIN,6,True,0,0,0,2.2576067690325547e-14,2.2576067442833432e-14,3.3513451699879795e-78,0.0,2.474921164910683e-22
fixed50,0.8,122,99,VIABILITY,6,True,0,0,0,2.474921164910683e-22,2.474921164910683e-22,0.0,0.0,2.6576508744535707e-61
fixed50,0.8,122,99,ALL,12,True,0,0,0,2.2576067937817665e-14,2.2576067442833432e-14,3.3513451699879795e-78,0.0,2.474921164910683e-22
fixed50,0.8,123,100,ALBUMIN,6,True,0,0,0,1.3189816710685547e-14,1.3189816594902864e-14,3.9249000998411454e-79,0.0,1.1578268343367894e-22
fixed50,0.8,123,100,VIABILITY,6,True,0,0,0,1.1578268343367894e-22,1.1578268343367894e-22,0.0,0.0,4.668038579624323e-62
fixed50,0.8,123,100,ALL,12,True,0,0,0,1.318981682646823e-14,1.3189816594902864e-14,3.9249000998411454e-79,0.0,1.1578268343367894e-22
fixed50,0.8,124,100,ALBUMIN,6,True,0,0,0,3.609673868004404e-14,3.609673830711437e-14,1.8366931237955264e-78,0.0,3.7292967178382006e-22
fixed50,0.8,124,100,VIABILITY,6,True,0,0,0,3.7292967178382006e-22,3.7292967178382006e-22,0.0,0.0,2.0708168521791587e-61
fixed50,0.8,124,100,ALL,12,True,0,0,0,3.609673905297371e-14,3.609673830711437e-14,1.8366931237955264e-78,0.0,3.7292967178382006e-22
fixed50,0.8,125,101,ALBUMIN,6,True,0,0,0,2.121814742767382e-14,2.1218147252135075e-14,2.1643477325281896e-79,0.0,1.7553874548837835e-22
fixed50,0.8,125,101,VIABILITY,6,True,0,0,0,1.7553874548837835e-22,1.7553874548837835e-22,0.0,0.0,3.6598018404023854e-62
fixed50,0.8,125,101,ALL,12,True,0,0,0,2.1218147603212566e-14,2.1218147252135075e-14,2.1643477325281896e-79,0.0,1.7553874548837835e-22
fixed50,0.8,126,102,ALBUMIN,6,True,0,0,0,1.2449529315408378e-14,1.2449529232934661e-14,2.545665555565878e-80,0.0,8.247371658906598e-23
fixed50,0.8,126,102,VIABILITY,6,True,0,0,0,8.247371658906598e-23,8.247371658906598e-23,0.0,0.0,6.455927383180118e-63
fixed50,0.8,126,102,ALL,12,True,0,0,0,1.2449529397882094e-14,1.2449529232934661e-14,2.545665555565878e-80,0.0,8.247371658906598e-23
fixed50,0.8,127,103,ALBUMIN,6,True,0,0,0,7.291518672083406e-15,7.291518633404996e-15,2.9886417089340684e-81,0.0,3.8678408871742527e-23
fixed50,0.8,127,103,VIABILITY,6,True,0,0,0,3.8678408871742527e-23,3.8678408871742527e-23,0.0,0.0,1.1367348500900491e-63
fixed50,0.8,127,103,ALL,12,True,0,0,0,7.291518710761815e-15,7.291518633404996e-15,2.9886417089340684e-81,0.0,3.8678408871742527e-23
fixed50,0.8,128,104,ALBUMIN,6,True,0,0,0,4.263005724372497e-15,4.263005706265532e-15,3.502341652132759e-82,0.0,1.8106965209791236e-23
fixed50,0.8,128,104,VIABILITY,6,True,0,0,0,1.8106965209791236e-23,1.8106965209791236e-23,0.0,0.0,1.9978970209776266e-64
fixed50,0.8,128,104,ALL,12,True,0,0,0,4.263005742479463e-15,4.263005706265532e-15,3.502341652132759e-82,0.0,1.8106965209791236e-23
fixed50,0.8,129,104,ALBUMIN,6,True,0,0,0,1.1646808710665212e-14,1.1646808652434136e-14,1.6367719389133199e-81,0.0,5.823107627614956e-23
fixed50,0.8,129,104,VIABILITY,6,True,0,0,0,5.823107627614956e-23,5.823107627614956e-23,0.0,0.0,8.850981532006926e-64
fixed50,0.8,129,104,ALL,12,True,0,0,0,1.1646808768896289e-14,1.1646808652434136e-14,1.6367719389133199e-81,0.0,5.823107627614956e-23
fixed50,0.8,130,105,ALBUMIN,6,True,0,0,0,6.849365282138939e-15,6.8493652547174485e-15,1.9295138793401235e-82,0.0,2.742149099305299e-23
fixed50,0.8,130,105,VIABILITY,6,True,0,0,0,2.742149099305299e-23,2.742149099305299e-23,0.0,0.0,1.5648724502257764e-64
fixed50,0.8,130,105,ALL,12,True,0,0,0,6.8493653095604305e-15,6.8493652547174485e-15,1.9295138793401235e-82,0.0,2.742149099305299e-23
fixed50,0.8,131,106,ALBUMIN,6,True,0,0,0,4.020940588681495e-15,4.0209405757915084e-15,2.270497375958152e-83,0.0,1.2889985916218311e-23
fixed50,0.8,131,106,VIABILITY,6,True,0,0,0,1.2889985916218311e-23,1.2889985916218311e-23,0.0,0.0,2.7617288474067473e-65
fixed50,0.8,131,106,ALL,12,True,0,0,0,4.0209406015714804e-15,4.0209405757915084e-15,2.270497375958152e-83,0.0,1.2889985916218311e-23
fixed50,0.8,132,107,ALBUMIN,6,True,0,0,0,2.3564139289231824e-15,2.3564139228746238e-15,2.666986107424802e-84,0.0,6.048558548508192e-24
fixed50,0.8,132,107,VIABILITY,6,True,0,0,0,6.048558548508192e-24,6.048558548508192e-24,0.0,0.0,4.865315013346691e-66
fixed50,0.8,132,107,ALL,12,True,0,0,0,2.356413934971741e-15,2.3564139228746238e-15,2.666986107424802e-84,0.0,6.048558548508192e-24
fixed50,0.8,133,108,ALBUMIN,6,True,0,0,0,1.378587854568562e-15,1.3785878517352005e-15,3.127232057027833e-85,0.0,2.8333617081424224e-24
fixed50,0.8,133,108,VIABILITY,6,True,0,0,0,2.8333617081424224e-24,2.8333617081424224e-24,0.0,0.0,8.556214261435612e-67
fixed50,0.8,133,108,ALL,12,True,0,0,0,1.3785878574019239e-15,1.3785878517352005e-15,3.127232057027833e-85,0.0,2.8333617081424224e-24
fixed50,0.8,134,108,ALBUMIN,6,True,0,0,0,3.76047188027626e-15,3.760471871177386e-15,1.459671798849407e-84,0.0,9.098873499624435e-24
fixed50,0.8,134,108,VIABILITY,6,True,0,0,0,9.098873499624435e-24,9.098873499624435e-24,0.0,0.0,3.785782124484309e-66
fixed50,0.8,134,108,ALL,12,True,0,0,0,3.760471889375133e-15,3.760471871177386e-15,1.459671798849407e-84,0.0,9.098873499624435e-24
fixed50,0.8,135,109,ALBUMIN,6,True,0,0,0,2.2124573055089302e-15,2.212457301222456e-15,1.7213603246876157e-85,0.0,4.286474231211001e-24
fixed50,0.8,135,109,VIABILITY,6,True,0,0,0,4.286474231211001e-24,4.286474231211001e-24,0.0,0.0,6.695794770425612e-67
fixed50,0.8,135,109,ALL,12,True,0,0,0,2.2124573097954043e-15,2.212457301222456e-15,1.7213603246876157e-85,0.0,4.286474231211001e-24
fixed50,0.8,136,110,ALBUMIN,6,True,0,0,0,1.2994736119149823e-15,1.2994736098991027e-15,2.0264185844570096e-86,0.0,2.01587955673022e-24
fixed50,0.8,136,110,VIABILITY,6,True,0,0,0,2.01587955673022e-24,2.01587955673022e-24,0.0,0.0,1.1821989984120365e-67
fixed50,0.8,136,110,ALL,12,True,0,0,0,1.2994736139308619e-15,1.2994736098991027e-15,2.0264185844570096e-86,0.0,2.01587955673022e-24
fixed50,0.8,137,111,ALBUMIN,6,True,0,0,0,7.619594029668574e-16,7.619594020204181e-16,2.3814402680419204e-87,0.0,9.464392944639468e-25
fixed50,0.8,137,111,VIABILITY,6,True,0,0,0,9.464392944639468e-25,9.464392944639468e-25,0.0,0.0,2.083690958226257e-68
fixed50,0.8,137,111,ALL,12,True,0,0,0,7.619594039132966e-16,7.619594020204181e-16,2.3814402680419204e-87,0.0,9.464392944639468e-25
fixed50,0.8,138,112,ALBUMIN,6,True,0,0,0,4.460458611539426e-16,4.460458607103375e-16,2.793929544560245e-88,0.0,4.436050913563392e-25
fixed50,0.8,138,112,VIABILITY,6,True,0,0,0,4.436050913563392e-25,4.436050913563392e-25,0.0,0.0,3.666420952307702e-69
fixed50,0.8,138,112,ALL,12,True,0,0,0,4.460458615975476e-16,4.460458607103375e-16,2.793929544560245e-88,0.0,4.436050913563392e-25
fixed50,0.8,139,112,ALBUMIN,6,True,0,0,0,1.2149359626760585e-15,1.21493596125339e-15,1.3026117526036552e-87,0.0,1.4226685132801474e-24
fixed50,0.8,139,112,VIABILITY,6,True,0,0,0,1.4226685132801474e-24,1.4226685132801474e-24,0.0,0.0,1.6203603126560466e-68
fixed50,0.8,139,112,ALL,12,True,0,0,0,1.2149359640987271e-15,1.21493596125339e-15,1.3026117526036552e-87,0.0,1.4226685132801474e-24
fixed50,0.8,140,113,ALBUMIN,6,True,0,0,0,7.1509201475960675e-16,7.150920140891354e-16,1.536658147176463e-88,0.0,6.70471402984092e-25
fixed50,0.8,140,113,VIABILITY,6,True,0,0,0,6.70471402984092e-25,6.70471402984092e-25,0.0,0.0,2.866855762623215e-69
fixed50,0.8,140,113,ALL,12,True,0,0,0,7.150920154300783e-16,7.150920140891354e-16,1.536658147176463e-88,0.0,6.70471402984092e-25
fixed50,0.8,141,114,ALBUMIN,6,True,0,0,0,4.201988302368854e-16,4.201988299214332e-16,1.809697248920864e-89,0.0,3.154521178886089e-25
fixed50,0.8,141,114,VIABILITY,6,True,0,0,0,3.154521178886089e-25,3.154521178886089e-25,0.0,0.0,5.0636950351927673e-70
fixed50,0.8,141,114,ALL,12,True,0,0,0,4.2019883055233745e-16,4.201988299214332e-16,1.809697248920864e-89,0.0,3.154521178886089e-25
fixed50,0.8,142,115,ALBUMIN,6,True,0,0,0,2.465148744821145e-16,2.4651487433393964e-16,2.12771037207438e-90,0.0,1.481748607508876e-25
fixed50,0.8,142,115,VIABILITY,6,True,0,0,0,1.481748607508876e-25,1.481748607508876e-25,0.0,0.0,8.929110435429537e-71
fixed50,0.8,142,115,ALL,12,True,0,0,0,2.4651487463028934e-16,2.4651487433393964e-16,2.12771037207438e-90,0.0,1.481748607508876e-25
fixed50,0.8,143,116,ALBUMIN,6,True,0,0,0,1.443901468944258e-16,1.4439014682493708e-16,2.4975159722298085e-91,0.0,6.948874724842311e-26
fixed50,0.8,143,116,VIABILITY,6,True,0,0,0,6.948874724842311e-26,6.948874724842311e-26,0.0,0.0,1.5719510961217916e-71
fixed50,0.8,143,116,ALL,12,True,0,0,0,1.4439014696391457e-16,1.4439014682493708e-16,2.4975159722298085e-91,0.0,6.948874724842311e-26
fixed50,0.8,144,116,ALBUMIN,6,True,0,0,0,3.9275470544525973e-16,3.92754705222681e-16,1.1631805251268923e-90,0.0,2.2257873678383e-25
fixed50,0.8,144,116,VIABILITY,6,True,0,0,0,2.2257873678383e-25,2.2257873678383e-25,0.0,0.0,6.939674491637134e-71
fixed50,0.8,144,116,ALL,12,True,0,0,0,3.927547056678385e-16,3.92754705222681e-16,1.1631805251268923e-90,0.0,2.2257873678383e-25
fixed50,0.8,145,117,ALBUMIN,6,True,0,0,0,2.312565688325296e-16,2.3125656872759636e-16,1.3726034994417394e-91,0.0,1.0493322758420698e-25
fixed50,0.8,145,117,VIABILITY,6,True,0,0,0,1.0493322758420698e-25,1.0493322758420698e-25,0.0,0.0,1.228205262911448e-71
fixed50,0.8,145,117,ALL,12,True,0,0,0,2.312565689374628e-16,2.3125656872759636e-16,1.3726034994417394e-91,0.0,1.0493322758420698e-25
fixed50,0.8,146,118,ALBUMIN,6,True,0,0,0,1.359483482161918e-16,1.3594834816680142e-16,1.6170870577878176e-92,0.0,4.9390374238027584e-26
fixed50,0.8,146,118,VIABILITY,6,True,0,0,0,4.9390374238027584e-26,4.9390374238027584e-26,0.0,0.0,2.1701718212362758e-72
fixed50,0.8,146,118,ALL,12,True,0,0,0,1.3594834826558216e-16,1.3594834816680142e-16,1.6170870577878176e-92,0.0,4.9390374238027584e-26
fixed50,0.8,147,119,ALBUMIN,6,True,0,0,0,7.979419079745305e-17,7.979419077424268e-17,1.902053800251728e-93,0.0,2.321036910956207e-26
fixed50,0.8,147,119,VIABILITY,6,True,0,0,0,2.321036910956207e-26,2.321036910956207e-26,0.0,0.0,3.8284179950477774e-73
fixed50,0.8,147,119,ALL,12,True,0,0,0,7.979419082066342e-17,7.979419077424268e-17,1.902053800251728e-93,0.0,2.321036910956207e-26
fixed50,0.8,148,120,ALBUMIN,6,True,0,0,0,4.676233349539264e-17,4.6762333484502274e-17,2.2336947347214648e-94,0.0,1.0890366696166537e-26
fixed50,0.8,148,120,VIABILITY,6,True,0,0,0,1.0890366696166537e-26,1.0890366696166537e-26,0.0,0.0,6.743061919921949e-74
fixed50,0.8,148,120,ALL,12,True,0,0,0,4.6762333506283007e-17,4.6762333484502274e-17,2.2336947347214648e-94,0.0,1.0890366696166537e-26
fixed50,0.8,149,120,ALBUMIN,6,True,0,0,0,1.2703679786879605e-16,1.270367978339535e-16,1.0392817242549975e-93,0.0,3.484255529626556e-26
fixed50,0.8,149,120,VIABILITY,6,True,0,0,0,3.484255529626556e-26,3.484255529626556e-26,0.0,0.0,2.9738556838750855e-73
fixed50,0.8,149,120,ALL,12,True,0,0,0,1.270367979036386e-16,1.270367978339535e-16,1.0392817242549975e-93,0.0,3.484255529626556e-26
fixed50,0.8,150,121,ALBUMIN,6,True,0,0,0,7.482654107707145e-17,7.482654106063978e-17,1.2267554093505655e-94,0.0,1.6431686519125953e-26
fixed50,0.8,150,121,VIABILITY,6,True,0,0,0,1.6431686519125953e-26,1.6431686519125953e-26,0.0,0.0,5.264780103711524e-74
fixed50,0.8,150,121,ALL,12,True,0,0,0,7.482654109350314e-17,7.482654106063978e-17,1.2267554093505655e-94,0.0,1.6431686519125953e-26
fixed50,0.8,151,122,ALBUMIN,6,True,0,0,0,4.400584639699924e-17,4.400584638926218e-17,1.4457573600942988e-95,0.0,7.737061358729444e-27
fixed50,0.8,151,122,VIABILITY,6,True,0,0,0,7.737061358729444e-27,7.737061358729444e-27,0.0,0.0,9.305811541768134e-75
fixed50,0.8,151,122,ALL,12,True,0,0,0,4.4005846404736294e-17,4.400584638926218e-17,1.4457573600942988e-95,0.0,7.737061358729444e-27
fixed50,0.8,152,123,ALBUMIN,6,True,0,0,0,2.584064383482771e-17,2.5840643831190223e-17,1.7012011829483476e-96,0.0,3.6374879029296815e-27
fixed50,0.8,152,123,VIABILITY,6,True,0,0,0,3.6374879029296815e-27,3.6374879029296815e-27,0.0,0.0,1.6422981766657825e-75
fixed50,0.8,152,123,ALL,12,True,0,0,0,2.58406438384652e-17,2.5840643831190223e-17,1.7012011829483476e-96,0.0,3.6374879029296815e-27
fixed50,0.8,153,124,ALBUMIN,6,True,0,0,0,1.515109374065256e-17,1.515109373894503e-17,1.9987047637832615e-97,0.0,1.7075299771640968e-27
fixed50,0.8,153,124,VIABILITY,6,True,0,0,0,1.7075299771640968e-27,1.7075299771640968e-27,0.0,0.0,2.893898938602558e-76
fixed50,0.8,153,124,ALL,12,True,0,0,0,1.515109374236009e-17,1.515109373894503e-17,1.9987047637832615e-97,0.0,1.7075299771640968e-27
fixed50,0.8,154,124,ALBUMIN,6,True,0,0,0,4.111142968271194e-17,4.111142967725478e-17,9.29088248140909e-97,0.0,5.4571625186515215e-27
fixed50,0.8,154,124,VIABILITY,6,True,0,0,0,5.4571625186515215e-27,5.4571625186515215e-27,0.0,0.0,1.275080214189995e-75
fixed50,0.8,154,124,ALL,12,True,0,0,0,4.11114296881691e-17,4.111142967725478e-17,9.29088248140909e-97,0.0,5.4571625186515215e-27
fixed50,0.8,155,125,ALBUMIN,6,True,0,0,0,2.4223254150068536e-17,2.4223254147494153e-17,1.0969838632166283e-97,0.0,2.5743805109488237e-27
fixed50,0.8,155,125,VIABILITY,6,True,0,0,0,2.5743805109488237e-27,2.5743805109488237e-27,0.0,0.0,2.2579696996801438e-76
fixed50,0.8,155,125,ALL,12,True,0,0,0,2.4223254152642912e-17,2.4223254147494153e-17,1.0969838632166283e-97,0.0,2.5743805109488237e-27
fixed50,0.8,156,126,ALBUMIN,6,True,0,0,0,1.425118859780047e-17,1.425118859658786e-17,1.2932345497294682e-98,0.0,1.2126092006435498e-27
fixed50,0.8,156,126,VIABILITY,6,True,0,0,0,1.2126092006435498e-27,1.2126092006435498e-27,0.0,0.0,3.99239381344062e-77
fixed50,0.8,156,126,ALL,12,True,0,0,0,1.425118859901308e-17,1.425118859658786e-17,1.2932345497294682e-98,0.0,1.2126092006435498e-27
fixed50,0.8,157,127,ALBUMIN,6,True,0,0,0,8.37196627689597e-18,8.371966276325647e-18,1.5222907969156712e-99,0.0,5.7032250553358e-28
fixed50,0.8,157,127,VIABILITY,6,True,0,0,0,5.7032250553358e-28,5.7032250553358e-28,0.0,0.0,7.0484359053326585e-78
fixed50,0.8,157,127,ALL,12,True,0,0,0,8.371966277466292e-18,8.371966276325647e-18,1.5222907969156712e-99,0.0,5.7032250553358e-28
fixed50,0.8,158,128,ALBUMIN,6,True,0,0,0,4.911006755479259e-18,4.911006755211416e-18,1.7892477669857057e-100,0.0,2.6784328203972044e-28
fixed50,0.8,158,128,VIABILITY,6,True,0,0,0,2.6784328203972044e-28,2.6784328203972044e-28,0.0,0.0,1.2425260628528534e-78
fixed50,0.8,158,128,ALL,12,True,0,0,0,4.911006755747102e-18,4.911006755211416e-18,1.7892477669857057e-100,0.0,2.6784328203972044e-28
fixed50,0.8,159,128,ALBUMIN,6,True,0,0,0,1.3310877790414481e-17,1.3310877789559336e-17,8.310041352064102e-100,0.0,8.551454917113612e-28
fixed50,0.8,159,128,VIABILITY,6,True,0,0,0,8.551454917113612e-28,8.551454917113612e-28,0.0,0.0,5.469870556455658e-78
fixed50,0.8,159,128,ALL,12,True,0,0,0,1.3310877791269627e-17,1.3310877789559336e-17,8.310041352064102e-100,0.0,8.551454917113612e-28
fixed50,0.8,160,129,ALBUMIN,6,True,0,0,0,7.845336703997642e-18,7.845336703594117e-18,9.814262402628263e-101,0.0,4.03525823783057e-28
fixed50,0.8,160,129,VIABILITY,6,True,0,0,0,4.03525823783057e-28,4.03525823783057e-28,0.0,0.0,9.688809951866002e-79
fixed50,0.8,160,129,ALL,12,True,0,0,0,7.845336704401168e-18,7.845336703594117e-18,9.814262402628263e-101,0.0,4.03525823783057e-28
fixed50,0.8,161,130,ALBUMIN,6,True,0,0,0,4.617257804727643e-18,4.617257804537507e-18,1.1573527098397403e-101,0.0,1.9013594746403561e-28
fixed50,0.8,161,130,VIABILITY,6,True,0,0,0,1.9013594746403561e-28,1.9013594746403561e-28,0.0,0.0,1.7136346495066453e-79
fixed50,0.8,161,130,ALL,12,True,0,0,0,4.6172578049177794e-18,4.617257804537507e-18,1.1573527098397403e-101,0.0,1.9013594746403561e-28
fixed50,0.8,162,131,ALBUMIN,6,True,0,0,0,2.7135189667217893e-18,2.7135189666323295e-18,1.3628131017750479e-102,0.0,8.945969812377945e-29
fixed50,0.8,162,131,VIABILITY,6,True,0,0,0,8.945969812377945e-29,8.945969812377945e-29,0.0,0.0,3.0264209601229865e-80
fixed50,0.8,162,131,ALL,12,True,0,0,0,2.713518966811249e-18,2.7135189666323295e-18,1.3628131017750479e-102,0.0,8.945969812377945e-29
fixed50,0.8,163,132,ALBUMIN,6,True,0,0,0,1.5924513849199483e-18,1.5924513848779175e-18,1.6024264197656017e-103,0.0,4.20309743342585e-29
fixed50,0.8,163,132,VIABILITY,6,True,0,0,0,4.20309743342585e-29,4.20309743342585e-29,0.0,0.0,5.337187391187964e-81
fixed50,0.8,163,132,ALL,12,True,0,0,0,1.5924513849619796e-18,1.5924513848779175e-18,1.6024264197656017e-103,0.0,4.20309743342585e-29
fixed50,0.8,164,132,ALBUMIN,6,True,0,0,0,4.3117075728984284e-18,4.311707572764363e-18,7.436324781288035e-103,0.0,1.3406528359249564e-28
fixed50,0.8,164,132,VIABILITY,6,True,0,0,0,1.3406528359249564e-28,1.3406528359249564e-28,0.0,0.0,2.3476047302959518e-80
fixed50,0.8,164,132,ALL,12,True,0,0,0,4.311707573032494e-18,4.311707572764363e-18,7.436324781288035e-103,0.0,1.3406528359249564e-28
fixed50,0.8,165,133,ALBUMIN,6,True,0,0,0,2.5420329108697977e-18,2.5420329108065178e-18,8.78450576921549e-104,0.0,6.327987690470293e-29
fixed50,0.8,165,133,VIABILITY,6,True,0,0,0,6.327987690470293e-29,6.327987690470293e-29,0.0,0.0,4.159339344969029e-81
fixed50,0.8,165,133,ALL,12,True,0,0,0,2.542032910933078e-18,2.5420329108065178e-18,8.78450576921549e-104,0.0,6.327987690470293e-29
fixed50,0.8,166,134,ALBUMIN,6,True,0,0,0,1.4965752695078634e-18,1.4965752694780373e-18,1.036211865023085e-104,0.0,2.9825979007142376e-29
fixed50,0.8,166,134,VIABILITY,6,True,0,0,0,2.9825979007142376e-29,2.9825979007142376e-29,0.0,0.0,7.358626392027223e-82
fixed50,0.8,166,134,ALL,12,True,0,0,0,1.4965752695376893e-18,1.4965752694780373e-18,1.036211865023085e-104,0.0,2.9825979007142376e-29
fixed50,0.8,167,135,ALBUMIN,6,True,0,0,0,8.79851856341658e-19,8.798518563276198e-19,1.2205636531026323e-105,0.0,1.403821198228086e-29
fixed50,0.8,167,135,VIABILITY,6,True,0,0,0,1.403821198228086e-29,1.403821198228086e-29,0.0,0.0,1.3000215609269426e-82
fixed50,0.8,167,135,ALL,12,True,0,0,0,8.798518563556962e-19,8.798518563276198e-19,1.2205636531026323e-105,0.0,1.403821198228086e-29
fixed50,0.8,168,136,ALBUMIN,6,True,0,0,0,5.165615212509031e-19,5.165615212443049e-19,1.4356916666847873e-106,0.0,6.598191966332012e-30
fixed50,0.8,168,136,VIABILITY,6,True,0,0,0,6.598191966332012e-30,6.598191966332012e-30,0.0,0.0,2.2934747966371718e-83
fixed50,0.8,168,136,ALL,12,True,0,0,0,5.165615212575014e-19,5.165615212443049e-19,1.4356916666847873e-106,0.0,6.598191966332012e-30
fixed50,0.8,169,136,ALBUMIN,6,True,0,0,0,1.3972653638915512e-18,1.3972653638705239e-18,6.657483116062499e-106,0.0,2.1027321694232817e-29
fixed50,0.8,169,136,VIABILITY,6,True,0,0,0,2.1027321694232817e-29,2.1027321694232817e-29,0.0,0.0,1.0080195387642451e-82
fixed50,0.8,169,136,ALL,12,True,0,0,0,1.3972653639125785e-18,1.3972653638705239e-18,6.657483116062499e-106,0.0,2.1027321694232817e-29
fixed50,0.8,170,137,ALBUMIN,6,True,0,0,0,8.240061049721381e-19,8.240061049622105e-19,7.86624452213819e-107,0.0,9.927602502286707e-30
fixed50,0.8,170,137,VIABILITY,6,True,0,0,0,9.927602502286707e-30,9.927602502286707e-30,0.0,0.0,1.786356438819602e-83
fixed50,0.8,170,137,ALL,12,True,0,0,0,8.240061049820657e-19,8.240061049622105e-19,7.86624452213819e-107,0.0,9.927602502286707e-30
fixed50,0.8,171,138,ALBUMIN,6,True,0,0,0,4.852710545170715e-19,4.852710545123909e-19,9.281425210657142e-108,0.0,4.680602814748763e-30
fixed50,0.8,171,138,VIABILITY,6,True,0,0,0,4.680602814748763e-30,4.680602814748763e-30,0.0,0.0,3.1612429982076646e-84
fixed50,0.8,171,138,ALL,12,True,0,0,0,4.852710545217521e-19,4.852710545123909e-19,9.281425210657142e-108,0.0,4.680602814748763e-30
fixed50,0.8,172,139,ALBUMIN,6,True,0,0,0,2.853963353050742e-19,2.853963353028704e-19,1.0936029733666422e-108,0.0,2.2037582417494788e-30
fixed50,0.8,172,139,VIABILITY,6,True,0,0,0,2.2037582417494788e-30,2.2037582417494788e-30,0.0,0.0,5.586581558805348e-85
fixed50,0.8,172,139,ALL,12,True,0,0,0,2.8539633530727793e-19,2.853963353028704e-19,1.0936029733666422e-108,0.0,2.2037582417494788e-30
fixed50,0.8,173,140,ALBUMIN,6,True,0,0,0,1.6762157783889238e-19,1.676215778378562e-19,1.2867976349068104e-109,0.0,1.0361877955531744e-30
fixed50,0.8,173,140,VIABILITY,6,True,0,0,0,1.0361877955531744e-30,1.0361877955531744e-30,0.0,0.0,9.859177059762957e-86
fixed50,0.8,173,140,ALL,12,True,0,0,0,1.6762157783992858e-19,1.676215778378562e-19,1.2867976349068104e-109,0.0,1.0361877955531744e-30
fixed50,0.8,174,140,ALBUMIN,6,True,0,0,0,4.529861862647888e-19,4.529861862614895e-19,5.962756046910771e-109,0.0,3.299377568012116e-30
fixed50,0.8,174,140,VIABILITY,6,True,0,0,0,3.299377568012116e-30,3.299377568012116e-30,0.0,0.0,4.330097733452875e-85
fixed50,0.8,174,140,ALL,12,True,0,0,0,4.529861862680882e-19,4.529861862614895e-19,5.962756046910771e-109,0.0,3.299377568012116e-30
fixed50,0.8,175,141,ALBUMIN,6,True,0,0,0,2.672080024117433e-19,2.6720800241018525e-19,7.04688526473664e-110,0.0,1.5581070696100321e-30
fixed50,0.8,175,141,VIABILITY,6,True,0,0,0,1.5581070696100321e-30,1.5581070696100321e-30,0.0,0.0,7.675222756104784e-86
fixed50,0.8,175,141,ALL,12,True,0,0,0,2.6720800241330145e-19,2.6720800241018525e-19,7.04688526473664e-110,0.0,1.5581070696100321e-30
fixed50,0.8,176,142,ALBUMIN,6,True,0,0,0,1.574100214113315e-19,1.5741002141059669e-19,8.316754297046007e-111,0.0,7.3481132568469705e-31
fixed50,0.8,176,142,VIABILITY,6,True,0,0,0,7.3481132568469705e-31,7.3481132568469705e-31,0.0,0.0,1.3585996039019543e-86
fixed50,0.8,176,142,ALL,12,True,0,0,0,1.5741002141206631e-19,1.5741002141059669e-19,8.316754297046007e-111,0.0,7.3481132568469705e-31
fixed50,0.8,177,143,ALBUMIN,6,True,0,0,0,9.260638406712104e-20,9.260638406677497e-20,9.802222315487676e-112,0.0,3.460787946830629e-31
fixed50,0.8,177,143,VIABILITY,6,True,0,0,0,3.460787946830629e-31,3.460787946830629e-31,0.0,0.0,2.401633113589994e-87
fixed50,0.8,177,143,ALL,12,True,0,0,0,9.260638406746712e-20,9.260638406677497e-20,9.802222315487676e-112,0.0,3.460787946830629e-31
fixed50,0.8,178,144,ALBUMIN,6,True,0,0,0,5.441043398416575e-20,5.441043398400296e-20,1.1537629375788392e-112,0.0,1.6278033850646832e-31
fixed50,0.8,178,144,VIABILITY,6,True,0,0,0,1.6278033850646832e-31,1.6278033850646832e-31,0.0,0.0,4.2397853037218045e-88
fixed50,0.8,178,144,ALL,12,True,0,0,0,5.441043398432853e-20,5.441043398400296e-20,1.1537629375788392e-112,0.0,1.6278033850646832e-31
fixed50,0.8,179,144,ALBUMIN,6,True,0,0,0,1.4691219064756058e-19,1.4691219064704268e-19,5.342676595450327e-112,0.0,5.17905510745204e-31
fixed50,0.8,179,144,VIABILITY,6,True,0,0,0,5.17905510745204e-31,5.17905510745204e-31,0.0,0.0,1.8608051255263463e-87
fixed50,0.8,179,144,ALL,12,True,0,0,0,1.469121906480785e-19,1.4691219064704268e-19,5.342676595450327e-112,0.0,5.17905510745204e-31
fixed50,0.8,180,145,ALBUMIN,6,True,0,0,0,8.668204551847609e-20,8.668204551823146e-20,6.315339531153625e-113,0.0,2.4463293276916652e-31
fixed50,0.8,180,145,VIABILITY,6,True,0,0,0,2.4463293276916652e-31,2.4463293276916652e-31,0.0,0.0,3.299005985466102e-88
fixed50,0.8,180,145,ALL,12,True,0,0,0,8.668204551872071e-20,8.668204551823146e-20,6.315339531153625e-113,0.0,2.4463293276916652e-31
fixed50,0.8,181,146,ALBUMIN,6,True,0,0,0,5.1078018841217033e-20,5.1078018841101634e-20,7.455157175556391e-114,0.0,1.154005806228628e-31
fixed50,0.8,181,146,VIABILITY,6,True,0,0,0,1.154005806228628e-31,1.154005806228628e-31,0.0,0.0,5.841014056005592e-89
fixed50,0.8,181,146,ALL,12,True,0,0,0,5.107801884133244e-20,5.1078018841101634e-20,7.455157175556391e-114,0.0,1.154005806228628e-31
fixed50,0.8,182,147,ALBUMIN,6,True,0,0,0,3.00593338164969e-20,3.005933381644253e-20,8.789137948568751e-115,0.0,5.436716708475216e-32
fixed50,0.8,182,147,VIABILITY,6,True,0,0,0,5.436716708475216e-32,5.436716708475216e-32,0.0,0.0,1.0328170994922478e-89
fixed50,0.8,182,147,ALL,12,True,0,0,0,3.0059333816551265e-20,3.005933381644253e-20,8.789137948568751e-115,0.0,5.436716708475216e-32
fixed50,0.8,183,148,ALBUMIN,6,True,0,0,0,1.76673653212042e-20,1.766736532117862e-20,1.0348373636169413e-115,0.0,2.558043235475892e-32
fixed50,0.8,183,148,VIABILITY,6,True,0,0,0,2.558043235475892e-32,2.558043235475892e-32,0.0,0.0,1.8238770582322202e-90
fixed50,0.8,183,148,ALL,12,True,0,0,0,1.766736532122978e-20,1.766736532117862e-20,1.0348373636169413e-115,0.0,2.558043235475892e-32
fixed50,0.8,184,148,ALBUMIN,6,True,0,0,0,4.766379699630348e-20,4.766379699622216e-20,4.788903519823769e-115,0.0,8.13261726255395e-32
fixed50,0.8,184,148,VIABILITY,6,True,0,0,0,8.13261726255395e-32,8.13261726255395e-32,0.0,0.0,7.9996143217811e-90
fixed50,0.8,184,148,ALL,12,True,0,0,0,4.766379699638481e-20,4.766379699622216e-20,4.788903519823769e-115,0.0,8.13261726255395e-32
fixed50,0.8,185,149,ALBUMIN,6,True,0,0,0,2.81294412336196e-20,2.812944123358118e-20,5.661830300879032e-116,0.0,3.842275862048575e-32
fixed50,0.8,185,149,VIABILITY,6,True,0,0,0,3.842275862048575e-32,3.842275862048575e-32,0.0,0.0,1.4185197861073908e-90
fixed50,0.8,185,149,ALL,12,True,0,0,0,2.812944123365802e-20,2.812944123358118e-20,5.661830300879032e-116,0.0,3.842275862048575e-32
fixed50,0.8,186,150,ALBUMIN,6,True,0,0,0,1.657988605274735e-20,1.6579886052729222e-20,6.68520677349885e-117,0.0,1.812967689230433e-32
fixed50,0.8,186,150,VIABILITY,6,True,0,0,0,1.812967689230433e-32,1.812967689230433e-32,0.0,0.0,2.5121155111253287e-91
fixed50,0.8,186,150,ALL,12,True,0,0,0,1.657988605276548e-20,1.6579886052729222e-20,6.68520677349885e-117,0.0,1.812967689230433e-32
fixed50,0.8,187,151,ALBUMIN,6,True,0,0,0,9.760148707853759e-21,9.760148707845215e-21,7.883458847596699e-118,0.0,8.543611618801486e-33
fixed50,0.8,187,151,VIABILITY,6,True,0,0,0,8.543611618801486e-33,8.543611618801486e-33,0.0,0.0,4.443123519915831e-92
fixed50,0.8,187,151,ALL,12,True,0,0,0,9.760148707862303e-21,9.760148707845215e-21,7.883458847596699e-118,0.0,8.543611618801486e-33
fixed50,0.8,188,152,ALBUMIN,6,True,0,0,0,5.738417760219741e-21,5.73841776021572e-21,9.284731257788038e-119,0.0,4.0211412154081635e-33
fixed50,0.8,188,152,VIABILITY,6,True,0,0,0,4.0211412154081635e-33,4.0211412154081635e-33,0.0,0.0,7.848530302468535e-93
fixed50,0.8,188,152,ALL,12,True,0,0,0,5.738417760223762e-21,5.73841776021572e-21,9.284731257788038e-119,0.0,4.0211412154081635e-33
fixed50,0.8,189,152,ALBUMIN,6,True,0,0,0,1.5469246822703958e-20,1.5469246822691184e-20,4.294077541999563e-118,0.0,1.27750607607152e-32
fixed50,0.8,189,152,VIABILITY,6,True,0,0,0,1.27750607607152e-32,1.27750607607152e-32,0.0,0.0,3.4402771694660324e-92
fixed50,0.8,189,152,ALL,12,True,0,0,0,1.5469246822716735e-20,1.5469246822691184e-20,4.294077541999563e-118,0.0,1.27750607607152e-32
fixed50,0.8,190,153,ALBUMIN,6,True,0,0,0,9.131404209637553e-21,9.131404209631516e-21,5.077725737512088e-119,0.0,6.036846373867017e-33
fixed50,0.8,190,153,VIABILITY,6,True,0,0,0,6.036846373867017e-33,6.036846373867017e-33,0.0,0.0,6.101540737192758e-93
fixed50,0.8,190,153,ALL,12,True,0,0,0,9.131404209643591e-21,9.131404209631516e-21,5.077725737512088e-119,0.0,6.036846373867017e-33
fixed50,0.8,191,154,ALBUMIN,6,True,0,0,0,5.383535873246753e-21,5.383535873243904e-21,5.996806459018384e-120,0.0,2.8491445786571765e-33
fixed50,0.8,191,154,VIABILITY,6,True,0,0,0,2.8491445786571765e-33,2.8491445786571765e-33,0.0,0.0,1.0807808100976708e-93
fixed50,0.8,191,154,ALL,12,True,0,0,0,5.383535873249602e-21,5.383535873243904e-21,5.996806459018384e-120,0.0,2.8491445786571765e-33
fixed50,0.8,192,155,ALBUMIN,6,True,0,0,0,3.1700452973329573e-21,3.170045297331614e-21,7.073407045498768e-121,0.0,1.3430195498752838e-33
fixed50,0.8,192,155,VIABILITY,6,True,0,0,0,1.3430195498752838e-33,1.3430195498752838e-33,0.0,0.0,1.9120275251403293e-94
fixed50,0.8,192,155,ALL,12,True,0,0,0,3.1700452973343e-21,3.170045297331614e-21,7.073407045498768e-121,0.0,1.3430195498752838e-33
fixed50,0.8,193,156,ALBUMIN,6,True,0,0,0,1.8643918700660147e-21,1.8643918700653824e-21,8.332999803193291e-122,0.0,6.322951123302804e-34
fixed50,0.8,193,156,VIABILITY,6,True,0,0,0,6.322951123302804e-34,6.322951123302804e-34,0.0,0.0,3.378433126420954e-95
fixed50,0.8,193,156,ALL,12,True,0,0,0,1.864391870066647e-21,1.8643918700653824e-21,8.332999803193291e-122,0.0,6.322951123302804e-34
fixed50,0.8,194,156,ALBUMIN,6,True,0,0,0,5.022175221726323e-21,5.022175221724316e-21,3.8516976334011156e-121,0.0,2.007431116803319e-33
fixed50,0.8,194,156,VIABILITY,6,True,0,0,0,2.007431116803319e-33,2.007431116803319e-33,0.0,0.0,1.4800145645675068e-94
fixed50,0.8,194,156,ALL,12,True,0,0,0,5.02217522172833e-21,5.022175221724316e-21,3.8516976334011156e-121,0.0,2.007431116803319e-33
fixed50,0.8,195,157,ALBUMIN,6,True,0,0,0,2.9651820372197194e-21,2.9651820372187704e-21,4.5553959028162136e-122,0.0,9.487946689153444e-34
fixed50,0.8,195,157,VIABILITY,6,True,0,0,0,9.487946689153444e-34,9.487946689153444e-34,0.0,0.0,2.625353180096507e-95
fixed50,0.8,195,157,ALL,12,True,0,0,0,2.965182037220668e-21,2.9651820372187704e-21,4.5553959028162136e-122,0.0,9.487946689153444e-34
fixed50,0.8,196,158,ALBUMIN,6,True,0,0,0,1.7485800627618897e-21,1.748580062761442e-21,5.38102494212629e-123,0.0,4.47892982926494e-34
fixed50,0.8,196,158,VIABILITY,6,True,0,0,0,4.47892982926494e-34,4.47892982926494e-34,0.0,0.0,4.65130677104861e-96
fixed50,0.8,196,158,ALL,12,True,0,0,0,1.7485800627623377e-21,1.748580062761442e-21,5.38102494212629e-123,0.0,4.47892982926494e-34
fixed50,0.8,197,159,ALBUMIN,6,True,0,0,0,1.0299122297488858e-21,1.0299122297486744e-21,6.348555142401984e-124,0.0,2.1117994988534967e-34
fixed50,0.8,197,159,VIABILITY,6,True,0,0,0,2.1117994988534967e-34,2.1117994988534967e-34,0.0,0.0,8.230643606836695e-97
fixed50,0.8,197,159,ALL,12,True,0,0,0,1.0299122297490968e-21,1.0299122297486744e-21,6.348555142401984e-124,0.0,2.1117994988534967e-34
fixed50,0.8,198,160,ALBUMIN,6,True,0,0,0,6.059003606157531e-22,6.059003606156536e-22,7.481036461841942e-125,0.0,9.945196543705853e-35
fixed50,0.8,198,160,VIABILITY,6,True,0,0,0,9.945196543705853e-35,9.945196543705853e-35,0.0,0.0,1.4546889361997442e-97
fixed50,0.8,198,160,ALL,12,True,0,0,0,6.059003606158526e-22,6.059003606156536e-22,7.481036461841942e-125,0.0,9.945196543705853e-35
fixed50,0.8,199,160,ALBUMIN,6,True,0,0,0,1.630984000278205e-21,1.6309840002778895e-21,3.4560142597400727e-124,0.0,3.1554125404034955e-34
fixed50,0.8,199,160,VIABILITY,6,True,0,0,0,3.1554125404034955e-34,3.1554125404034955e-34,0.0,0.0,6.369117598419933e-97
fixed50,0.8,199,160,ALL,12,True,0,0,0,1.6309840002785205e-21,1.6309840002778895e-21,3.4560142597400727e-124,0.0,3.1554125404034955e-34
fixed50,0.8,200,161,ALBUMIN,6,True,0,0,0,9.631542124147583e-22,9.631542124146091e-22,4.0880889371186885e-125,0.0,1.4916536427346989e-34
fixed50,0.8,200,161,VIABILITY,6,True,0,0,0,1.4916536427346989e-34,1.4916536427346989e-34,0.0,0.0,1.1299856138744999e-97
fixed50,0.8,200,161,ALL,12,True,0,0,0,9.631542124149074e-22,9.631542124146091e-22,4.0880889371186885e-125,0.0,1.4916536427346989e-34
interpolation,0.9,5,6,ALBUMIN,6,False,0,0,0,0.0,0.0,0.0,0.0,0.0
interpolation,0.9,5,6,VIABILITY,6,False,0,0,0,0.0,0.0,0.0,0.0,0.0
interpolation,0.9,5,6,ALL,12,False,0,0,0,0.0,0.0,0.0,0.0,0.0
interpolation,0.9,6,7,ALBUMIN,6,False,0,0,0,0.0,0.0,0.0,0.0,0.0
interpolation,0.9,6,7,VIABILITY,6,False,0,0,0,0.0,0.0,0.0,0.0,0.0
interpolation,0.9,6,7,ALL,12,False,0,0,0,0.0,0.0,0.0,0.0,0.0
interpolation,0.9,7,8,ALBUMIN,6,False,0,0,0,0.0,0.0,0.0,0.0,0.0
interpolation,0.9,7,8,VIABILITY,6,False,0,0,0,0.0,0.0,0.0,0.0,0.0
interpolation,0.9,7,8,ALL,12,False,0,0,0,0.0,0.0,0.0,0.0,0.0
interpolation,0.9,8,9,ALBUMIN,6,False,0,0,0,0.0,0.0,0.0,0.0,0.0
interpolation,0.9,8,9,VIABILITY,6,False,0,0,0,0.0,0.0,0.0,0.0,0.0
interpolation,0.9,8,9,ALL,12,False,0,0,0,0.0,0.0,0.0,0.0,0.0
interpolation,0.9,9,9,ALBUMIN,6,False,0,0,0,0.0025356100366227875,0.0012590017894878848,2.458987870093525e-06,6.44608916217797e-10,0.001263920409836988
interpolation,0.9,9,9,VIABILITY,6,False,0,0,0,0.006782772036374695,0.0012590017894878848,0.0012590017894878848,0.00048776308893527136,0.0030057666679110407
interpolation,0.9,9,9,ALL,12,False,0,0,0,0.009318382072997483,0.0012590017894878848,0.0012590017894878848,6.44608916217797e-10,0.004269687077748029
interpolation,0.9,10,10,ALBUMIN,6,False,0,0,0,0.0012038454276887597,0.0005995246616608974,5.854733024032202e-07,6.13913253540759e-11,0.0006006956696570293
interpolation,0.9,10,10,VIABILITY,6,False,0,0,0,0.003206664632133889,0.0005995246616608974,0.0005995246616608974,0.00020904132382940202,0.001408090647151197
interpolation,0.9,10,10,ALL,12,False,0,0,0,0.004410510059822649,0.0005995246616608974,0.0005995246616608974,6.13913253540759e-11,0.002008786316808226
interpolation,0.9,11,11,ALBUMIN,6,False,0,0,0,0.0005722904127261729,0.0002854879341242369,1.3939840533410005e-07,5.846792890864371e-12,0.000285766736781698
interpolation,0.9,11,11,VIABILITY,6,False,0,0,0,0.001517028809405214,0.0002854879341242369,0.0002854879341242369,8.958913878402943e-05,0.0006605650070325034
interpolation,0.9,11,11,ALL,12,False,0,0,0,0.0020893192221313867,0.0002854879341242369,0.0002854879341242369,5.846792890864371e-12,0.0009463317438142013
interpolation,0.9,12,12,ALBUMIN,6,False,0,0,0,0.0002722555775787187,0.00013594663529725565,3.3190096508119056e-08,5.568374181775591e-13,0.00013601301604710932
interpolation,0.9,12,12,VIABILITY,6,False,0,0,0,0.0007181285216794338,0.00013594663529725565,0.00013594663529725565,3.839534519315547e-05,0.00031028861578766677
interpolation,0.9,12,12,ALL,12,False,0,0,0,0.0009903840992581524,0.00013594663529725565,0.00013594663529725565,5.568374181775591e-13,0.00044630163183477604
interpolation,0.9,13,13,ALBUMIN,6,False,0,0,0,0.00012957334121095198,6.473649299869316e-05,7.902403930504537e-09,5.303213506452944e-14,6.475229785958631e-05
interpolation,0.9,13,13,VIABILITY,6,False,0,0,0,0.0003401376129333896,6.473649299869316e-05,6.473649299869316e-05,1.645514793992377e-05,0.0001459281339373101
interpolation,0.9,13,13,ALL,12,False,0,0,0,0.0004697109541443416,6.473649299869316e-05,6.473649299869316e-05,5.303213506452944e-14,0.00021068043179689642
interpolation,0.9,14,14,ALBUMIN,6,False,0,0,0,6.168172315406035e-05,3.082690142794912e-05,1.881524745358223e-09,5.050679529955184e-15,3.083066448249052e-05
interpolation,0.9,14,14,VIABILITY,6,False,0,0,0,0.00016118671339971293,3.082690142794912e-05,3.082690142794912e-05,7.05220625996733e-06,6.870600911586558e-05
interpolation,0.9,14,14,ALL,12,False,0,0,0,0.0002228684365537733,3.082690142794912e-05,3.082690142794912e-05,5.050679529955184e-15,9.953667359835609e-05
interpolation,0.9,15,15,ALBUMIN,6,False,0,0,0,2.9366751775155318e-05,1.4679476870451963e-05,4.479820822281483e-10,4.810170980909699e-16,1.4680372835097437e-05
interpolation,0.9,15,15,VIABILITY,6,False,0,0,0,7.64197584636744e-05,1.4679476870451963e-05,1.4679476870451963e-05,3.02237411141457e-06,3.2381327852318496e-05
interpolation,0.9,15,15,ALL,12,False,0,0,0,0.00010578651023882971,1.4679476870451963e-05,1.4679476870451963e-05,4.810170980909699e-16,4.706170068741594e-05
interpolation,0.9,16,16,ALBUMIN,6,False,0,0,0,1.3982639507069481e-05,6.9902270811676014e-06,1.066624005305115e-10,4.581115219913999e-17,6.990440406014473e-06
interpolation,0.9,16,16,VIABILITY,6,False,0,0,0,3.624643859644425e-05,6.9902270811676014e-06,6.9902270811676014e-06,1.2953031906062442e-06,1.5275757352941447e-05
interpolation,0.9,16,16,ALL,12,False,0,0,0,5.022907810351373e-05,6.9902270811676014e-06,6.9902270811676014e-06,4.581115219913999e-17,2.226619775895592e-05
interpolation,0.9,17,17,ALBUMIN,6,False,0,0,0,6.657973350798732e-06,3.3286795624607624e-06,2.5395809650121783e-11,4.36296687610857e-18,3.3287303540844257e-06
interpolation,0.9,17,17,VIABILITY,6,False,0,0,0,1.719852775113506e-05,3.3286795624607624e-06,3.3286795624607624e-06,5.551299388312475e-07,7.212489063752772e-06
interpolation,0.9,17,17,ALL,12,False,0,0,0,2.385650110193379e-05,3.3286795624607624e-06,3.3286795624607624e-06,4.36296687610857e-18,1.0541219417837196e-05
interpolation,0.9,18,18,ALBUMIN,6,False,0,0,0,3.170344086325797e-06,1.5850855059336962e-06,6.0466213452670905e-12,4.1552065486748284e-19,1.5850975991768022e-06
interpolation,0.9,18,18,VIABILITY,6,False,0,0,0,8.163340360596159e-06,1.5850855059336962e-06,1.5850855059336962e-06,2.3791283092767746e-07,3.40808384279507e-06
interpolation,0.9,18,18,ALL,12,False,0,0,0,1.1333684446921953e-05,1.5850855059336962e-06,1.5850855059336962e-06,4.1552065486748284e-19,4.993181441971871e-06
interpolation,0.9,19,18,ALBUMIN,6,False,0,0,0,3.306276352117871e-05,1.6530177419022832e-05,8.89717140803586e-11,7.182571319852203e-18,1.6530355362458175e-05
interpolation,0.9,19,18,VIABILITY,6,False,0,0,0,8.533590332986937e-05,1.6530177419022832e-05,1.6530177419022832e-05,2.685016234755217e-06,3.574537107280088e-05
interpolation,0.9,19,18,ALL,12,False,0,0,0,0.00011839866685104808,1.6530177419022832e-05,1.6530177419022832e-05,7.182571319852203e-18,5.227572643525906e-05
interpolation,0.9,20,19,ALBUMIN,6,False,0,0,0,1.6534486485999954e-05,8.266885858611113e-06,2.2280634208750615e-11,7.198589122874305e-19,8.266930419880252e-06
interpolation,0.9,20,19,VIABILITY,6,False,0,0,0,4.254341490327989e-05,8.266885858611113e-06,8.266885858611113e-06,1.20898561022432e-06,1.7742757327446547e-05
interpolation,0.9,20,19,ALL,12,False,0,0,0,5.907790138927984e-05,8.266885858611113e-06,8.266885858611113e-06,7.198589122874305e-19,2.6009687747326795e-05
interpolation,0.9,21,20,ALBUMIN,6,False,0,0,0,8.249982159574856e-06,4.124885076449851e-06,5.566077849951619e-12,7.1967944110511e-20,4.124896208605623e-06
interpolation,0.9,21,20,VIABILITY,6,False,0,0,0,2.116753251524159e-05,4.124885076449851e-06,4.124885076449851e-06,5.431071329923365e-07,8.79287728589204e-06
interpolation,0.9,21,20,ALL,12,False,0,0,0,2.941751467481645e-05,4.124885076449851e-06,4.124885076449851e-06,7.1967944110511e-20,1.2917773494497663e-05
interpolation,0.9,22,21,ALBUMIN,6,True,0,0,0,4.1078322202385874e-06,2.0538846853692206e-06,1.3874387602518694e-12,7.178847292819052e-21,2.0538874602467485e-06
interpolation,0.9,22,21,VIABILITY,6,True,0,0,0,1.0512885245084046e-05,2.0538846853692206e-06,2.0538846853692206e-06,2.4346181823794396e-07,4.351231188976385e-06
interpolation,0.9,22,21,ALL,12,True,0,0,0,1.4620717465322634e-05,2.0538846853692206e-06,2.0538846853692206e-06,7.178847292819052e-21,6.405118649223134e-06
interpolation,0.9,23,22,ALBUMIN,6,True,0,0,0,2.0414837464008257e-06,1.0207325628346654e-06,3.4514783084830416e-13,7.146290162239374e-22,1.0207332531303277e-06
interpolation,0.9,23,22,VIABILITY,6,True,0,0,0,5.212590001297054e-06,1.0207325628346654e-06,1.0207325628346654e-06,1.0892718712372688e-07,2.1503923127930577e-06
interpolation,0.9,23,22,ALL,12,True,0,0,0,7.254073747697879e-06,1.0207325628346654e-06,1.0207325628346654e-06,7.146290162239374e-22,3.1711255659233852e-06
interpolation,0.9,24,23,ALBUMIN,6,True,0,0,0,1.0127910364644933e-06,5.063927615728741e-07,8.570311898378038e-14,7.100555145472683e-23,5.063929329791122e-07
interpolation,0.9,24,23,VIABILITY,6,True,0,0,0,2.5806124914369225e-06,5.063927615728741e-07,5.063927615728741e-07,4.86486835725517e-08,1.0614342067183e-06
interpolation,0.9,24,23,ALL,12,True,0,0,0,3.5934035279014154e-06,5.063927615728741e-07,5.063927615728741e-07,7.100555145472683e-23,1.5678271396974123e-06
interpolation,0.9,25,24,ALBUMIN,6,True,0,0,0,5.016420103366469e-07,2.508201895173255e-07,2.1244805477066377e-14,7.042971104991619e-24,2.5082023200693647e-07
interpolation,0.9,25,24,VIABILITY,6,True,0,0,0,1.275792784850579e-06,2.508201895173255e-07,2.508201895173255e-07,2.1691837263951624e-08,5.233322162986026e-07
interpolation,0.9,25,24,ALL,12,True,0,0,0,1.777434795187226e-06,2.508201895173255e-07,2.508201895173255e-07,7.042971104991619e-24,7.741524483055392e-07
interpolation,0.9,26,25,ALBUMIN,6,True,0,0,0,2.4809664306011727e-07,1.2404808036278755e-07,5.258120579567869e-15,6.974770226766184e-25,1.2404809087902873e-07
interpolation,0.9,26,25,VIABILITY,6,True,0,0,0,6.298979326901215e-07,1.2404808036278755e-07,1.2404808036278755e-07,9.657530876183732e-09,2.577536916017588e-07
interpolation,0.9,26,25,ALL,12,True,0,0,0,8.779945757502387e-07,1.2404808036278755e-07,1.2404808036278755e-07,6.974770226766184e-25,3.8180178248078754e-07
interpolation,0.9,27,26,ALBUMIN,6,True,0,0,0,1.2253154750206989e-07,6.126570249577828e-08,1.2995128906634762e-15,6.897094214256113e-26,6.126570509480406e-08
interpolation,0.9,27,26,VIABILITY,6,True,0,0,0,3.106221810793843e-07,6.126570249577828e-08,6.126570249577828e-08,4.2936686004929e-09,1.2682507359204945e-07
interpolation,0.9,27,26,ALL,12,True,0,0,0,4.3315372858145414e-07,6.126570249577828e-08,6.126570249577828e-08,6.897094214256113e-26,1.880907786868535e-07
interpolation,0.9,28,27,ALBUMIN,6,True,0,0,0,6.043898543995838e-08,3.021947168242204e-08,3.207362642860165e-16,6.811000111720323e-27,3.021947232389457e-08
interpolation,0.9,28,27,VIABILITY,6,True,0,0,0,1.5300381358221325e-07,3.021947168242204e-08,3.021947168242204e-08,1.906455170103025e-09,6.234539853494711e-08
interpolation,0.9,28,27,ALL,12,True,0,0,0,2.1344279902217162e-07,3.021947168242204e-08,3.021947168242204e-08,6.811000111720323e-27,9.256487085884167e-08
interpolation,0.9,29,27,ALBUMIN,6,True,0,0,0,4.743891300546022e-07,2.3719434377146363e-07,3.583325018877548e-15,8.969092281950806e-26,2.3719435093811368e-07
interpolation,0.9,29,27,VIABILITY,6,True,0,0,0,1.2022014546097605e-06,2.3719434377146363e-07,2.3719434377146363e-07,1.6229735752442275e-08,4.906184232953696e-07
interpolation,0.9,29,27,ALL,12,True,0,0,0,1.6765905846643626e-06,2.3719434377146363e-07,2.3719434377146363e-07,8.969092281950806e-26,7.278127742334832e-07
interpolation,0.9,30,28,ALBUMIN,6,True,0,0,0,2.414964620264848e-07,1.2074816353089172e-07,9.13411117412873e-16,9.149763362733733e-27,1.2074816535771396e-07
interpolation,0.9,30,28,VIABILITY,6,True,0,0,0,6.111795452187986e-07,1.2074816353089172e-07,1.2074816353089172e-07,7.438727564339877e-09,2.489350546261233e-07
interpolation,0.9,30,28,ALL,12,True,0,0,0,8.526760072452833e-07,1.2074816353089172e-07,1.2074816353089172e-07,9.149763362733733e-27,3.696832199838373e-07
interpolation,0.9,31,29,ALBUMIN,6,True,0,0,0,1.226737352533495e-07,6.133684708162035e-08,2.3231063234535403e-16,9.312777038792093e-28,6.133684754624162e-08
interpolation,0.9,31,29,VIABILITY,6,True,0,0,0,3.100862755391293e-07,6.133684708162035e-08,6.133684708162035e-08,3.4020401310275522e-09,1.2607573429426826e-07
interpolation,0.9,31,29,ALL,12,True,0,0,0,4.3276001079247884e-07,6.133684708162035e-08,6.133684708162035e-08,9.312777038792093e-28,1.8741258184050987e-07
interpolation,0.9,32,30,ALBUMIN,6,True,0,0,0,6.218927939621612e-08,3.109463345391242e-08,5.895993417546004e-17,9.458458261651569e-29,3.109463357183229e-08
interpolation,0.9,32,30,VIABILITY,6,True,0,0,0,1.570258875419786e-07,3.109463345391242e-08,3.109463345391242e-08,1.5527202724164875e-09,6.374198718024134e-08
interpolation,0.9,32,30,ALL,12,True,0,0,0,2.1921516693819475e-07,3.109463345391242e-08,3.109463345391242e-08,9.458458261651569e-29,9.483662075207362e-08
interpolation,0.9,33,31,ALBUMIN,6,True,0,0,0,3.146702193245677e-08,1.5733509071584593e-08,1.493436003707425e-17,9.587186170781731e-30,1.573350910145331e-08
interpolation,0.9,33,31,VIABILITY,6,True,0,0,0,7.937486226640295e-08,1.5733509071584593e-08,1.5733509071584593e-08,7.073169084800011e-10,3.217433505164918e-08
interpolation,0.9,33,31,ALL,12,True,0,0,0,1.1084188419885976e-07,1.5733509071584593e-08,1.5733509071584593e-08,9.587186170781731e-30,4.79078441531025e-08
interpolation,0.9,34,32,ALBUMIN,6,True,0,0,0,1.589352913391114e-08,7.946763992985233e-09,3.775804379879697e-18,9.699386048547868e-31,7.946764000536841e-09
interpolation,0.9,34,32,VIABILITY,6,True,0,0,0,4.005544593778537e-08,7.946763992985233e-09,7.946763992985233e-09,3.2162597285920753e-10,1.6215153958829672e-08
interpolation,0.9,34,32,ALL,12,True,0,0,0,5.594897507169651e-08,7.946763992985233e-09,7.946763992985233e-09,9.699386048547868e-31,2.4161917959366515e-08
interpolation,0.9,35,33,ALBUMIN,6,True,0,0,0,8.014083908429665e-09,4.0070417805986524e-09,9.529554785060737e-19,9.795522020741774e-32,4.0070417825045634e-09
interpolation,0.9,35,33,VIABILITY,6,True,0,0,0,2.0181207753382288e-08,4.0070417805986524e-09,4.0070417805986524e-09,1.4599885038902473e-10,8.16008241158633e-09
interpolation,0.9,35,33,ALL,12,True,0,0,0,2.8195291661811954e-08,4.0070417805986524e-09,4.0070417805986524e-09,9.795522020741774e-32,1.2167124194090894e-08
interpolation,0.9,36,34,ALBUMIN,6,True,0,0,0,4.034566279826847e-09,2.017283087474117e-09,2.4011484684606826e-19,9.876090445057217e-33,2.017283087954347e-09
interpolation,0.9,36,34,VIABILITY,6,True,0,0,0,1.015258377754589e-08,2.017283087474117e-09,2.017283087474117e-09,6.61683401753053e-11,4.1007345151235395e-09
interpolation,0.9,36,34,ALL,12,True,0,0,0,1.4187150057372737e-08,2.017283087474117e-09,2.017283087474117e-09,9.876090445057217e-33,6.118017603077886e-09
interpolation,0.9,37,35,ALBUMIN,6,True,0,0,0,2.028086852170333e-09,1.0140434102684687e-09,6.040712457884003e-20,9.941613933906073e-34,1.0140434103892828e-09
interpolation,0.9,37,35,VIABILITY,6,True,0,0,0,5.100159781840835e-09,1.0140434102684687e-09,1.0140434102684687e-09,2.9942730498491453e-11,2.0580295510354287e-09
interpolation,0.9,37,35,ALL,12,True,0,0,0,7.128246634011167e-09,1.0140434102684687e-09,1.0140434102684687e-09,9.941613933906073e-34,3.072072961424712e-09
interpolation,0.9,38,36,ALBUMIN,6,True,0,0,0,1.018022393150851e-09,5.090111918112038e-10,1.5174568634027474e-20,9.99263596173708e-35,5.090111918415529e-10
interpolation,0.9,38,36,VIABILITY,6,True,0,0,0,2.5585862704764437e-09,5.090111918112038e-10,5.090111918112038e-10,1.3530311420424763e-11,1.0315526950428324e-09
interpolation,0.9,38,36,ALL,12,True,0,0,0,3.5766086636272953e-09,5.090111918112038e-10,5.090111918112038e-10,9.99263596173708e-35,1.5405638868843856e-09
interpolation,0.9,39,36,ALBUMIN,6,True,0,0,0,7.110474632262165e-09,3.5552372713947074e-09,1.5159021354695418e-19,1.1786860828993703e-33,3.5552372716978877e-09
interpolation,0.9,39,36,VIABILITY,6,True,0,0,0,1.7878812657674898e-08,3.5552372713947074e-09,3.5552372713947074e-09,1.0262630070135819e-10,7.213100843490772e-09
interpolation,0.9,39,36,ALL,12,True,0,0,0,2.4989287289937064e-08,3.5552372713947074e-09,3.5552372713947074e-09,1.1786860828993703e-33,1.0768338115188662e-08
interpolation,0.9,40,37,ALBUMIN,6,True,0,0,0,3.653249734033718e-09,1.826624853218354e-09,3.8993173301363885e-20,1.2133032238090253e-34,1.8266248532963403e-09
interpolation,0.9,40,37,VIABILITY,6,True,0,0,0,9.180595906762074e-09,1.826624853218354e-09,1.826624853218354e-09,4.747164067030416e-11,3.7007213471070124e-09
interpolation,0.9,40,37,ALL,12,True,0,0,0,1.2833845640795793e-08,1.826624853218354e-09,1.826624853218354e-09,1.2133032238090253e-34,5.527346200403353e-09
interpolation,0.9,41,38,ALBUMIN,6,True,0,0,0,1.873468589397614e-09,9.367342904506046e-10,1.0010666159641798e-20,1.2464864412463116e-35,9.367342904706259e-10
interpolation,0.9,41,38,VIABILITY,6,True,0,0,0,4.705588810283457e-09,9.367342904506046e-10,9.367342904506046e-10,2.1917358030433568e-11,1.895385938931643e-09
interpolation,0.9,41,38,ALL,12,True,0,0,0,6.579057399681071e-09,9.367342904506046e-10,9.367342904506046e-10,1.2464864412463116e-35,2.832120229402269e-09
interpolation,0.9,42,39,ALBUMIN,6,True,0,0,0,9.590446969591092e-10,4.795223471739414e-10,2.5652852523071773e-21,1.2781882803678415e-36,4.795223471790721e-10
interpolation,0.9,42,39,VIABILITY,6,True,0,0,0,2.4077126398974936e-09,4.795223471739414e-10,4.795223471739414e-10,1.0100904027786646e-11,9.691455983756695e-10
interpolation,0.9,42,39,ALL,12,True,0,0,0,3.3667573368566035e-09,4.795223471739414e-10,4.795223471739414e-10,1.2781882803678415e-36,1.4486679455547416e-09
interpolation,0.9,43,40,ALBUMIN,6,True,0,0,0,4.901093687114453e-10,2.450546839551397e-10,6.562132247854793e-22,1.3083688220422338e-37,2.450546839564522e-10
interpolation,0.9,43,40,VIABILITY,6,True,0,0,0,1.2299205758022635e-09,2.450546839551397e-10,2.450546839551397e-10,4.6471560265649864e-12,4.947565239368444e-10
interpolation,0.9,43,40,ALL,12,True,0,0,0,1.720029944513709e-09,2.450546839551397e-10,2.450546839551397e-10,1.3083688220422338e-37,7.398112078932966e-10
interpolation,0.9,44,41,ALBUMIN,6,True,0,0,0,2.500591415269206e-10,1.250295706407532e-10,1.6758169393171133e-22,1.3369953344614862e-38,1.2502957064108837e-10
interpolation,0.9,44,41,VIABILITY,6,True,0,0,0,6.272823896154825e-10,1.250295706407532e-10,1.250295706407532e-10,2.134536411716438e-12,2.5219367769322285e-10
interpolation,0.9,44,41,ALL,12,True,0,0,0,8.77341531142403e-10,1.250295706407532e-10,1.250295706407532e-10,1.3369953344614862e-38,3.772232483343112e-10
interpolation,0.9,45,42,ALBUMIN,6,True,0,0,0,1.2738539023384794e-10,6.369269507939427e-11,4.272810881228173e-23,1.364041916455104e-39,6.369269507947973e-11
interpolation,0.9,45,42,VIABILITY,6,True,0,0,0,3.1944238188130095e-10,6.369269507939427e-11,6.369269507939427e-11,9.789064843296485e-13,1.2836429664311817e-10
interpolation,0.9,45,42,ALL,12,True,0,0,0,4.4682777211514895e-10,6.369269507939427e-11,6.369269507939427e-11,1.364041916455104e-39,1.9205699172259793e-10
interpolation,0.9,46,43,ALBUMIN,6,True,0,0,0,6.47967416497123e-11,3.239837081339478e-11,1.0877704445080299e-23,1.3894891358165945e-40,3.2398370813416536e-11
interpolation,0.9,46,43,VIABILITY,6,True,0,0,0,1.6244011415607496e-10,3.239837081339478e-11,3.239837081339478e-11,4.48260089101021e-13,6.524500171589059e-11
interpolation,0.9,46,43,ALL,12,True,0,0,0,2.272368558057872e-10,3.239837081339478e-11,3.239837081339478e-11,1.3894891358165945e-40,9.764337252930712e-11
interpolation,0.9,47,44,ALBUMIN,6,True,0,0,0,3.291326619112281e-11,1.6456633092066145e-11,2.7651983493368585e-24,1.413323665546134e-41,1.6456633092071673e-11
interpolation,0.9,47,44,VIABILITY,6,True,0,0,0,8.248813916225052e-11,1.6456633092066145e-11,1.6456633092066145e-11,2.049737019197897e-13,3.311823988605208e-11
interpolation,0.9,47,44,ALL,12,True,0,0,0,1.1540140535337332e-10,1.6456633092066145e-11,1.6456633092066145e-11,1.413323665546134e-41,4.957487297812375e-11
interpolation,0.9,48,45,ALBUMIN,6,True,0,0,0,1.669548105850265e-11,8.347740528186864e-12,7.019527513934498e-25,1.435537920545083e-42,8.347740528188267e-12
interpolation,0.9,48,45,VIABILITY,6,True,0,0,0,4.1832301730540626e-11,8.347740528186864e-12,8.347740528186864e-12,9.359908960630397e-14,1.6789080145980033e-11
interpolation,0.9,48,45,ALL,12,True,0,0,0,5.852778278904327e-11,8.347740528186864e-12,8.347740528186864e-12,1.435537920545083e-42,2.5136820674168303e-11
interpolation,0.9,49,45,ALBUMIN,6,True,0,0,0,1.0936853894807477e-10,5.468426946463992e-11,6.5969401740889e-24,1.5947193617592237e-41,5.4684269464653116e-11
interpolation,0.9,49,45,VIABILITY,6,True,0,0,0,2.7408773013327524e-10,5.468426946463992e-11,5.468426946463992e-11,6.663828100756592e-13,1.100349217393555e-10
interpolation,0.9,49,45,ALL,12,True,0,0,0,3.834562690813501e-10,5.468426946463992e-11,5.468426946463992e-11,1.5947193617592237e-41,1.6471919120400862e-10
interpolation,0.9,50,46,ALBUMIN,6,True,0,0,0,5.651057259278747e-11,2.82552862934778e-11,1.7062839419267486e-24,1.650525412353189e-42,2.8255286293481217e-11
interpolation,0.9,50,46,VIABILITY,6,True,0,0,0,1.4158641551806152e-10,2.82552862934778e-11,2.82552862934778e-11,3.0998405067250483e-13,5.6820556637628106e-11
interpolation,0.9,50,46,ALL,12,True,0,0,0,1.9809698811084899e-10,2.82552862934778e-11,2.82552862934778e-11,1.650525412353189e-42,8.507584293110933e-11
interpolation,0.9,51,47,ALBUMIN,6,True,0,0,0,2.915137675940183e-11,1.4575688378797624e-11,4.405861592760883e-25,1.705390557031842e-43,1.4575688378798507e-11
interpolation,0.9,51,47,VIABILITY,6,True,0,0,0,7.302240167785791e-11,1.4575688378797624e-11,1.4575688378797624e-11,1.4395978386979316e-13,2.9295336541465043e-11
interpolation,0.9,51,47,ALL,12,True,0,0,0,1.0217377843725975e-10,1.4575688378797624e-11,1.4575688378797624e-11,1.705390557031842e-43,4.387102492026355e-11
interpolation,0.9,52,48,ALBUMIN,6,True,0,0,0,1.5014406268818857e-11,7.507203134130055e-12,1.1358217287698153e-25,1.7592137386770344e-44,7.507203134130283e-12
interpolation,0.9,52,48,VIABILITY,6,True,0,0,0,3.7602766600961364e-11,7.507203134130055e-12,7.507203134130055e-12,6.67509303110853e-14,1.5081157198571198e-11
interpolation,0.9,52,48,ALL,12,True,0,0,0,5.2617172869780224e-11,7.507203134130055e-12,7.507203134130055e-12,1.7592137386770344e-44,2.2588360332701477e-11
interpolation,0.9,53,49,ALBUMIN,6,True,0,0,0,7.721524666791511e-12,3.860762333309481e-12,2.92359065438786e-26,1.811899782695903e-45,3.86076233330954e-12
interpolation,0.9,53,49,VIABILITY,6,True,0,0,0,1.9334715629134805e-11,3.860762333309481e-12,3.860762333309481e-12,3.0903962587399537e-14,7.752428629206362e-12
interpolation,0.9,53,49,ALL,12,True,0,0,0,2.7056240295926316e-11,3.860762333309481e-12,3.860762333309481e-12,1.811899782695903e-45,1.1613190962515901e-11
interpolation,0.9,54,50,ALBUMIN,6,True,0,0,0,3.965229964174787e-12,1.9826149820607905e-12,7.514078965382699e-27,1.863359478738513e-46,1.982614982060805e-12
interpolation,0.9,54,50,VIABILITY,6,True,0,0,0,9.92736176540428e-12,1.9826149820607905e-12,1.9826149820607905e-12,1.4286855100326538e-14,3.979516819221908e-12
interpolation,0.9,54,50,ALL,12,True,0,0,0,1.3892591729579064e-11,1.9826149820607905e-12,1.9826149820607905e-12,1.863359478738513e-46,5.962131801282712e-12
interpolation,0.9,55,51,ALBUMIN,6,True,0,0,0,2.0334212599964546e-12,1.0167106299900355e-12,1.9284661594837562e-27,1.9135096292154625e-47,1.0167106299900395e-12
interpolation,0.9,55,51,VIABILITY,6,True,0,0,0,5.090148658156488e-12,1.0167106299900355e-12,1.0167106299900355e-12,6.595508206309888e-15,2.040016768186381e-12
interpolation,0.9,55,51,ALL,12,True,0,0,0,7.123569918152942e-12,1.0167106299900355e-12,1.0167106299900355e-12,1.9135096292154625e-47,3.0567273981764207e-12
interpolation,0.9,56,52,ALBUMIN,6,True,0,0,0,1.041362635075836e-12,5.206813175353991e-13,4.942518535806659e-28,1.9622730671437645e-48,5.206813175354001e-13
interpolation,0.9,56,52,VIABILITY,6,True,0,0,0,2.6064472716885913e-12,5.206813175353991e-13,5.206813175353991e-13,3.0406840115963137e-15,1.0444033190823943e-12
interpolation,0.9,56,52,ALL,12,True,0,0,0,3.647809906764428e-12,5.206813175353991e-13,5.206813175353991e-13,1.9622730671437645e-48,1.5650846366177944e-12
interpolation,0.9,57,53,ALBUMIN,6,True,0,0,0,5.326146222983598e-13,2.6630731114840633e-13,1.2650459565679664e-28,2.009578645785484e-49,2.663073111484066e-13
interpolation,0.9,57,53,VIABILITY,6,True,0,0,0,1.3329365516637603e-12,2.6630731114840633e-13,2.6630731114840633e-13,1.3999959217285096e-15,5.340146182185412e-13
interpolation,0.9,57,53,ALL,12,True,0,0,0,1.86555117396212e-12,2.6630731114840633e-13,2.6630731114840633e-13,2.009578645785484e-49,8.003219293669477e-13
interpolation,0.9,58,54,ALBUMIN,6,True,0,0,0,2.72069817911688e-13,1.3603490895560674e-13,3.2337508048258713e-29,2.0553612024698824e-50,1.3603490895560682e-13
interpolation,0.9,58,54,VIABILITY,6,True,0,0,0,6.80818320582869e-13,1.3603490895560674e-13,1.3603490895560674e-13,6.437758048352635e-16,2.7271359371604875e-13
interpolation,0.9,58,54,ALL,12,True,0,0,0,9.52888138494557e-13,1.3603490895560674e-13,1.3603490895560674e-13,2.0553612024698824e-50,4.0874850267165554e-13
interpolation,0.9,59,54,ALBUMIN,6,True,0,0,0,1.7112696897595047e-12,8.556348448777377e-13,2.9241803572898256e-28,2.1985735770323743e-49,8.556348448777384e-13
interpolation,0.9,59,54,VIABILITY,6,True,0,0,0,4.282577494488935e-12,8.556348448777377e-13,8.556348448777377e-13,4.403270100247403e-15,1.7156729598557229e-12
interpolation,0.9,59,54,ALL,12,True,0,0,0,5.993847184248441e-12,8.556348448777377e-13,8.556348448777377e-13,2.1985735770323743e-49,2.5713078047334613e-12
interpolation,0.9,60,55,ALBUMIN,6,True,0,0,0,8.876006272991235e-13,4.4380031364893425e-13,7.591361056972034e-29,2.283839923265385e-50,4.438003136489344e-13
interpolation,0.9,60,55,VIABILITY,6,True,0,0,0,2.2210576408483117e-12,4.4380031364893425e-13,4.4380031364893425e-13,2.056072603640882e-15,8.896566999015093e-13
interpolation,0.9,60,55,ALL,12,True,0,0,0,3.1086582681474355e-12,4.4380031364893425e-13,4.4380031364893425e-13,2.283839923265385e-50,1.3334570135504436e-12
interpolation,0.9,61,56,ALBUMIN,6,True,0,0,0,4.59720594852749e-13,2.2986029742617937e-13,1.9678694943937996e-29,2.3688970538919204e-51,2.2986029742617937e-13
interpolation,0.9,61,56,VIABILITY,6,True,0,0,0,1.1502601686971633e-12,2.2986029742617937e-13,2.2986029742617937e-13,9.586815662664043e-16,4.606792764186251e-13
interpolation,0.9,61,56,ALL,12,True,0,0,0,1.6099807635499123e-12,2.2986029742617937e-13,2.2986029742617937e-13,2.3688970538919204e-51,6.905395738448045e-13
interpolation,0.9,62,57,ALBUMIN,6,True,0,0,0,2.3777602019962185e-13,1.1888801009975032e-13,5.0939591736457985e-30,2.453602632380462e-52,1.1888801009975032e-13
interpolation,0.9,62,57,VIABILITY,6,True,0,0,0,5.948864296164479e-13,1.1888801009975032e-13,1.1888801009975032e-13,4.463791176961765e-16,2.382223993171969e-13
interpolation,0.9,62,57,ALL,12,True,0,0,0,8.326624498160697e-13,1.1888801009975032e-13,1.1888801009975032e-13,2.453602632380462e-52,3.5711040941694717e-13
interpolation,0.9,63,58,ALBUMIN,6,True,0,0,0,1.2281725972771532e-13,6.140862986383887e-14,1.316792850512482e-30,2.5378172978162944e-53,6.140862986383887e-14
interpolation,0.9,63,58,VIABILITY,6,True,0,0,0,3.0725071075409833e-13,6.140862986383887e-14,6.140862986383887e-14,2.0756143490404032e-16,1.2302482116258176e-13
interpolation,0.9,63,58,ALL,12,True,0,0,0,4.300679704818138e-13,6.140862986383887e-14,6.140862986383887e-14,2.5378172978162944e-53,1.8443345102642067e-13
interpolation,0.9,64,59,ALBUMIN,6,True,0,0,0,6.335583189743622e-14,3.167791594871228e-14,3.399394910814519e-31,2.621405020243988e-54,3.1677915948712284e-14
interpolation,0.9,64,59,VIABILITY,6,True,0,0,0,1.5848596742957946e-13,3.167791594871228e-14,3.167791594871228e-14,9.638768601804586e-17,6.34522195834426e-14
interpolation,0.9,64,59,ALL,12,True,0,0,0,2.2184179932701564e-13,3.167791594871228e-14,3.167791594871228e-14,2.621405020243988e-54,9.513013553215489e-14
interpolation,0.9,65,60,ALBUMIN,6,True,0,0,0,3.264129290520697e-14,1.6320646452601684e-14,8.76448381210566e-32,2.704233425897286e-55,1.6320646452601684e-14
interpolation,0.9,65,60,VIABILITY,6,True,0,0,0,8.164793626915696e-14,1.6320646452601684e-14,1.6320646452601684e-14,4.470400614852787e-17,3.26859969113519e-14
interpolation,0.9,65,60,ALL,12,True,0,0,0,1.142892291743639e-13,1.6320646452601684e-14,1.6320646452601684e-14,2.704233425897286e-55,4.900664336395358e-14
interpolation,0.9,66,61,ALBUMIN,6,True,0,0,0,1.6796491044138e-14,8.398245522068443e-15,2.2568836365399116e-32,2.78617409269876e-56,8.398245522068445e-15
interpolation,0.9,66,61,VIABILITY,6,True,0,0,0,4.201193562226561e-14,8.398245522068443e-15,8.398245522068443e-15,2.070801192339453e-17,1.681719905606028e-14
interpolation,0.9,66,61,ALL,12,True,0,0,0,5.880842666640363e-14,8.398245522068443e-15,8.398245522068443e-15,2.78617409269876e-56,2.5215444578128723e-14
interpolation,0.9,67,62,ALBUMIN,6,True,0,0,0,8.63289289557839e-15,4.316446447789024e-15,5.804526779632543e-33,2.8671028165412284e-57,4.316446447789023e-15
interpolation,0.9,67,62,VIABILITY,6,True,0,0,0,2.1591813302726648e-14,4.316446447789024e-15,4.316446447789024e-15,9.581063781529417e-18,8.642473959359577e-15
interpolation,0.9,67,62,ALL,12,True,0,0,0,3.022470619830504e-14,4.316446447789024e-15,4.316446447789024e-15,2.8671028165412284e-57,1.2958920407148602e-14
interpolation,0.9,68,63,ALBUMIN,6,True,0,0,0,4.431962972740655e-15,2.2159814863702746e-15,1.4911291519583495e-33,2.946899848977457e-58,2.215981486370274e-15
interpolation,0.9,68,63,VIABILITY,6,True,0,0,0,1.1084335231631715e-14,2.2159814863702746e-15,2.2159814863702746e-15,4.427799780343036e-18,4.436390772520892e-15
interpolation,0.9,68,63,ALL,12,True,0,0,0,1.551629820437237e-14,2.2159814863702746e-15,2.2159814863702746e-15,2.946899848977457e-58,6.652372258891167e-15
interpolation,0.9,69,63,ALBUMIN,6,True,0,0,0,2.7103648270594596e-14,1.3551824135296861e-14,1.31304560837776e-32,3.071262565084363e-57,1.3551824135296861e-14
interpolation,0.9,69,63,VIABILITY,6,True,0,0,0,6.778857861569898e-14,1.3551824135296861e-14,1.3551824135296861e-14,2.9457939214676874e-17,2.71331062098084e-14
interpolation,0.9,69,63,ALL,12,True,0,0,0,9.489222688629357e-14,1.3551824135296861e-14,1.3551824135296861e-14,3.071262565084363e-57,4.068493034510526e-14
interpolation,0.9,70,64,ALBUMIN,6,True,0,0,0,1.409698981173492e-14,7.0484949058673236e-15,3.417820458132511e-33,3.198743166908216e-58,7.0484949058673236e-15
interpolation,0.9,70,64,VIABILITY,6,True,0,0,0,3.5256267347272666e-14,7.0484949058673236e-15,7.0484949058673236e-15,1.3792817936046173e-17,1.4110782629670694e-14
interpolation,0.9,70,64,ALL,12,True,0,0,0,4.935325715900758e-14,7.0484949058673236e-15,7.0484949058673236e-15,3.198743166908216e-58,2.1159277535538016e-14
interpolation,0.9,71,65,ALBUMIN,6,True,0,0,0,7.32268853107896e-15,3.6613442655394385e-15,8.884882639541027e-34,3.327137414982774e-59,3.661344265539438e-15
interpolation,0.9,71,65,VIABILITY,6,True,0,0,0,1.831317112003388e-14,3.6613442655394385e-15,3.6613442655394385e-15,6.44979233668803e-18,7.329138323415565e-15
interpolation,0.9,71,65,ALL,12,True,0,0,0,2.5635859651112844e-14,3.6613442655394385e-15,3.6613442655394385e-15,3.327137414982774e-59,1.0990482588955004e-14
interpolation,0.9,72,66,ALBUMIN,6,True,0,0,0,3.799059293521689e-15,1.899529646760831e-15,2.306765944058717e-34,3.4562695045375345e-60,1.899529646760831e-15
interpolation,0.9,72,66,VIABILITY,6,True,0,0,0,9.500660521849278e-15,1.899529646760831e-15,1.899529646760831e-15,3.0122880451203726e-18,3.802071581566783e-15
interpolation,0.9,72,66,ALL,12,True,0,0,0,1.3299719815370965e-14,1.899529646760831e-15,1.899529646760831e-15,3.4562695045375345e-60,5.701601228327614e-15
interpolation,0.9,73,67,ALBUMIN,6,True,0,0,0,1.9686025467387023e-15,9.84301273369347e-16,5.981642049724036e-35,3.585962946372534e-61,9.84301273369347e-16
interpolation,0.9,73,67,VIABILITY,6,True,0,0,0,4.9229115100282656e-15,9.84301273369347e-16,9.84301273369347e-16,1.4051431815303002e-18,1.9700076899202243e-15
interpolation,0.9,73,67,ALL,12,True,0,0,0,6.891514056766967e-15,9.84301273369347e-16,9.84301273369347e-16,3.585962946372534e-61,2.954308963289571e-15
interpolation,0.9,74,68,ALBUMIN,6,True,0,0,0,1.0188986198363758e-15,5.094493099181866e-16,1.5492352638924486e-35,3.716041073857465e-62,5.094493099181866e-16
interpolation,0.9,74,68,VIABILITY,6,True,0,0,0,2.5479012349363733e-15,5.094493099181866e-16,5.094493099181866e-16,6.546853454402661e-19,1.0195533051818135e-15
interpolation,0.9,74,68,ALL,12,True,0,0,0,3.566799854772749e-15,5.094493099181866e-16,5.094493099181866e-16,3.716041073857465e-62,1.5290026151e-15
interpolation,0.9,75,69,ALBUMIN,6,True,0,0,0,5.267551283043582e-16,2.6337756415217874e-16,4.007825252666167e-36,3.846327533389462e-63,2.633775641521787e-16
interpolation,0.9,75,69,VIABILITY,6,True,0,0,0,1.3171925026617707e-15,2.6337756415217874e-16,2.6337756415217874e-16,3.046819008772671e-19,5.270598102052347e-16
interpolation,0.9,75,69,ALL,12,True,0,0,0,1.843947630966129e-15,2.6337756415217874e-16,2.6337756415217874e-16,3.846327533389462e-63,7.904373743574135e-16
interpolation,0.9,76,70,ALBUMIN,6,True,0,0,0,2.7202247223188603e-16,1.3601123611594287e-16,1.0356390760982808e-36,3.976646757098373e-64,1.360112361159429e-16
interpolation,0.9,76,70,VIABILITY,6,True,0,0,0,6.801978173977206e-16,1.3601123611594287e-16,1.3601123611594287e-16,1.4163681800630475e-19,2.7216410904989205e-16
interpolation,0.9,76,70,ALL,12,True,0,0,0,9.522202896296068e-16,1.3601123611594287e-16,1.3601123611594287e-16,3.976646757098373e-64,4.0817534516583494e-16
interpolation,0.9,77,71,ALBUMIN,6,True,0,0,0,1.4032395616720662e-16,7.016197808360328e-17,2.67318839978691e-37,4.106824416745413e-65,7.016197808360327e-17
interpolation,0.9,77,71,VIABILITY,6,True,0,0,0,3.5087566136072766e-16,7.016197808360328e-17,7.016197808360328e-17,6.577094271124472e-20,1.403897271099178e-16
interpolation,0.9,77,71,ALL,12,True,0,0,0,4.911996175279342e-16,7.016197808360328e-17,7.016197808360328e-17,4.106824416745413e-65,2.105517051935211e-16
interpolation,0.9,78,72,ALBUMIN,6,True,0,0,0,7.231063801173843e-17,3.61553190058692e-17,6.892629074593304e-38,4.2366878579122225e-66,3.61553190058692e-17
interpolation,0.9,78,72,VIABILITY,6,True,0,0,0,1.8080710436804688e-16,3.61553190058692e-17,3.61553190058692e-17,3.050933870086473e-20,7.234114735043927e-17
interpolation,0.9,78,72,ALL,12,True,0,0,0,2.5311774237978526e-16,3.61553190058692e-17,3.61553190058692e-17,4.2366878579122225e-66,1.0849646635630847e-16
interpolation,0.9,79,72,ALBUMIN,6,True,0,0,0,4.3319763230605943e-16,2.1659881615302962e-16,5.95273870343046e-37,4.332323741089548e-65,2.1659881615302962e-16
interpolation,0.9,79,72,VIABILITY,6,True,0,0,0,1.0831929822536127e-15,2.1659881615302962e-16,2.1659881615302962e-16,1.989014884647202e-19,4.33396533794524e-16
interpolation,0.9,79,72,ALL,12,True,0,0,0,1.5163906145596723e-15,2.1659881615302962e-16,2.1659881615302962e-16,4.332323741089548e-65,6.499953499475536e-16
interpolation,0.9,80,73,ALBUMIN,6,True,0,0,0,2.2578308333663815e-16,1.1289154166831902e-16,1.5525843343117373e-37,4.5210476760886877e-66,1.1289154166831902e-16
interpolation,0.9,80,73,VIABILITY,6,True,0,0,0,5.645510306250493e-16,1.1289154166831902e-16,1.1289154166831902e-16,9.332228345404889e-20,2.2587640562009214e-16
interpolation,0.9,80,73,ALL,12,True,0,0,0,7.903341139616872e-16,1.1289154166831902e-16,1.1289154166831902e-16,4.5210476760886877e-66,3.387679472884111e-16
interpolation,0.9,81,74,ALBUMIN,6,True,0,0,0,1.1754326652285006e-16,5.877163326142503e-17,4.0446838672694424e-38,4.7124313755699585e-67,5.877163326142503e-17
interpolation,0.9,81,74,VIABILITY,6,True,0,0,0,2.9390190148842153e-16,5.877163326142503e-17,5.877163326142503e-17,4.3735181296395054e-20,1.1758700170414644e-16
interpolation,0.9,81,74,ALL,12,True,0,0,0,4.114451680112716e-16,5.877163326142503e-17,5.877163326142503e-17,4.7124313755699585e-67,1.763586349655715e-16
interpolation,0.9,82,75,ALBUMIN,6,True,0,0,0,6.112482918747801e-17,3.056241459373901e-17,1.0524897953785729e-38,4.906274164828673e-68,3.056241459373901e-17
interpolation,0.9,82,75,VIABILITY,6,True,0,0,0,1.528325462468557e-16,3.056241459373901e-17,3.056241459373901e-17,2.047327816066169e-20,6.114530246563867e-17
interpolation,0.9,82,75,ALL,12,True,0,0,0,2.139573754343337e-16,3.056241459373901e-17,3.056241459373901e-17,4.906274164828673e-68,9.170771705937768e-17
interpolation,0.9,83,76,ALBUMIN,6,True,0,0,0,3.175142054303032e-17,1.587571027151516e-17,2.7356943380698154e-39,5.102370264776688e-69,1.587571027151516e-17
interpolation,0.9,83,76,VIABILITY,6,True,0,0,0,7.938812477255286e-17,1.587571027151516e-17,1.587571027151516e-17,9.573414977060918e-21,3.176099395800738e-17
interpolation,0.9,83,76,ALL,12,True,0,0,0,1.111395453155832e-16,1.587571027151516e-17,1.587571027151516e-17,5.102370264776688e-69,4.763670422952254e-17
interpolation,0.9,84,77,ALBUMIN,6,True,0,0,0,1.647577569660703e-17,8.237887848303514e-18,7.103061798479441e-40,5.300509354141156e-70,8.237887848303513e-18
interpolation,0.9,84,77,VIABILITY,6,True,0,0,0,4.1193911028801555e-17,8.237887848303514e-18,8.237887848303514e-18,4.471787283984617e-21,1.6480247483891014e-17
interpolation,0.9,84,77,ALL,12,True,0,0,0,5.766968672540857e-17,8.237887848303514e-18,8.237887848303514e-18,5.300509354141156e-70,2.471813533219453e-17
interpolation,0.9,85,78,ALBUMIN,6,True,0,0,0,8.540375776387136e-18,4.270187888193568e-18,1.8423133355654926e-40,5.500477132449776e-71,4.270187888193568e-18
interpolation,0.9,85,78,VIABILITY,6,True,0,0,0,2.1353026051668044e-17,4.270187888193568e-18,4.270187888193568e-18,2.0866107002086848e-21,8.542462387087343e-18
interpolation,0.9,85,78,ALL,12,True,0,0,0,2.9893401828055185e-17,4.270187888193568e-18,4.270187888193568e-18,5.500477132449776e-71,1.2812650275280912e-17
interpolation,0.9,86,79,ALBUMIN,6,True,0,0,0,4.422494254905505e-18,2.2112471274527524e-18,4.773450225383686e-41,5.702055881741316e-72,2.2112471274527524e-18
interpolation,0.9,86,79,VIABILITY,6,True,0,0,0,1.1057208291867153e-17,2.2112471274527524e-18,2.2112471274527524e-18,9.726546033902547e-22,4.423466909508895e-18
interpolation,0.9,86,79,ALL,12,True,0,0,0,1.5479702546772656e-17,2.2112471274527524e-18,2.2112471274527524e-18,5.702055881741316e-72,6.634714036961648e-18
interpolation,0.9,87,80,ALBUMIN,6,True,0,0,0,2.2878480171272044e-18,1.1439240085636022e-18,1.235557672028274e-41,5.905025025043621e-73,1.1439240085636022e-18
interpolation,0.9,87,80,VIABILITY,6,True,0,0,0,5.720072985535363e-18,1.1439240085636022e-18,1.1439240085636022e-18,4.529427173519999e-22,2.2883009598445562e-18
interpolation,0.9,87,80,ALL,12,True,0,0,0,8.007921002662567e-18,1.1439240085636022e-18,1.1439240085636022e-18,5.905025025043621e-73,3.4322249684081586e-18
interpolation,0.9,88,81,ALBUMIN,6,True,0,0,0,1.1824062154205842e-18,5.912031077102921e-19,3.1949620732017646e-42,6.10916167976777e-74,5.912031077102921e-19
interpolation,0.9,88,81,VIABILITY,6,True,0,0,0,2.956226258407641e-18,5.912031077102921e-19,5.912031077102921e-19,2.1071985618059908e-22,1.1826169352767647e-18
interpolation,0.9,88,81,ALL,12,True,0,0,0,4.138632473828225e-18,5.912031077102921e-19,5.912031077102921e-19,6.10916167976777e-74,1.773820042987057e-18
interpolation,0.9,89,81,ALBUMIN,6,True,0,0,0,6.972815652931454e-18,3.4864078264657265e-18,2.718704805365194e-41,6.157125446808709e-73,3.486407826465727e-18
interpolation,0.9,89,81,VIABILITY,6,True,0,0,0,1.7433391759958907e-17,3.4864078264657265e-18,3.4864078264657265e-18,1.352627630274346e-21,6.974168280561727e-18
interpolation,0.9,89,81,ALL,12,True,0,0,0,2.440620741289036e-17,3.4864078264657265e-18,3.4864078264657265e-18,6.157125446808709e-73,1.0460576107027453e-17
interpolation,0.9,90,82,ALBUMIN,6,True,0,0,0,3.640181414646243e-18,1.8200907073231215e-18,7.101962553263319e-42,6.435217486871349e-74,1.8200907073231215e-18
interpolation,0.9,90,82,VIABILITY,6,True,0,0,0,9.1010891992237e-18,1.8200907073231215e-18,1.8200907073231215e-18,6.356626080920288e-22,3.640817077254335e-18
interpolation,0.9,90,82,ALL,12,True,0,0,0,1.2741270613869944e-17,1.8200907073231215e-18,1.8200907073231215e-18,6.435217486871349e-74,5.460907784577457e-18
interpolation,0.9,91,83,ALBUMIN,6,True,0,0,0,1.8983865165877722e-18,9.491932582938861e-19,1.8532468301652427e-42,6.718686735038518e-75,9.491932582938861e-19
interpolation,0.9,91,83,VIABILITY,6,True,0,0,0,4.74626470572214e-18,9.491932582938861e-19,9.491932582938861e-19,2.984142527101024e-22,1.898684930840482e-18
interpolation,0.9,91,83,ALL,12,True,0,0,0,6.644651222309912e-18,9.491932582938861e-19,9.491932582938861e-19,6.718686735038518e-75,2.8478781891343683e-18
interpolation,0.9,92,84,ALBUMIN,6,True,0,0,0,9.890156862761203e-19,4.945078431380601e-19,4.831001554609268e-43,7.007321507993635e-76,4.945078431380601e-19
interpolation,0.9,92,84,VIABILITY,6,True,0,0,0,2.4726791638483134e-18,4.945078431380601e-19,4.945078431380601e-19,1.399481580125708e-22,9.89155634434133e-19
interpolation,0.9,92,84,ALL,12,True,0,0,0,3.4616948501244333e-18,4.945078431380601e-19,4.945078431380601e-19,7.007321507993635e-76,1.483663477572193e-18
interpolation,0.9,93,85,ALBUMIN,6,True,0,0,0,5.147406500591596e-19,2.573703250295798e-19,1.2580567112760177e-43,7.300899688779652e-77,2.573703250295798e-19
interpolation,0.9,93,85,VIABILITY,6,True,0,0,0,1.2869171912614618e-18,2.573703250295798e-19,2.573703250295798e-19,6.556611356270901e-23,5.148062161727223e-19
interpolation,0.9,93,85,ALL,12,True,0,0,0,1.8016578413206215e-18,2.573703250295798e-19,2.573703250295798e-19,7.300899688779652e-77,7.721765412023021e-19
interpolation,0.9,94,86,ALBUMIN,6,True,0,0,0,2.6763937068561673e-19,1.3381968534280837e-19,3.27289567214415e-44,7.599189253313897e-78,1.3381968534280837e-19
interpolation,0.9,94,86,VIABILITY,6,True,0,0,0,6.691291145244087e-19,1.3381968534280837e-19,1.3381968534280837e-19,3.068781036689146e-23,2.676700584959836e-19
interpolation,0.9,94,86,ALL,12,True,0,0,0,9.367684852100254e-19,1.3381968534280837e-19,1.3381968534280837e-19,7.599189253313897e-78,4.01489743838792e-19
interpolation,0.9,95,87,ALBUMIN,6,True,0,0,0,1.390263016872059e-19,6.951315084360296e-20,8.506334478420818e-45,7.901948816180342e-79,6.951315084360295e-20
interpolation,0.9,95,87,VIABILITY,6,True,0,0,0,3.4758010368701757e-19,6.951315084360296e-20,6.951315084360296e-20,1.434946900273773e-23,1.3904065115620867e-19
interpolation,0.9,95,87,ALL,12,True,0,0,0,4.866064053742234e-19,6.951315084360296e-20,6.951315084360296e-20,7.901948816180342e-79,2.085538019998116e-19
interpolation,0.9,96,88,ALBUMIN,6,True,0,0,0,7.215032163877108e-20,3.607516081938554e-20,2.2087178580405145e-45,8.208928193428276e-80,3.607516081938554e-20
interpolation,0.9,96,88,VIABILITY,6,True,0,0,0,1.8038250754410977e-19,3.607516081938554e-20,3.607516081938554e-20,6.703447182074653e-24,7.215702508595315e-20
interpolation,0.9,96,88,ALL,12,True,0,0,0,2.5253282918288085e-19,3.607516081938554e-20,3.607516081938554e-20,8.208928193428276e-80,1.0823218590533871e-19
interpolation,0.9,97,89,ALBUMIN,6,True,0,0,0,3.74095527824413e-20,1.8704776391220653e-20,5.729732813183564e-46,8.519868980126761e-81,1.870477639122065e-20
interpolation,0.9,97,89,VIABILITY,6,True,0,0,0,9.352701063983672e-20,1.8704776391220653e-20,1.8704776391220653e-20,3.1286837334529563e-24,3.741268146617476e-20
interpolation,0.9,97,89,ALL,12,True,0,0,0,1.30936563422278e-19,1.8704776391220653e-20,1.8704776391220653e-20,8.519868980126761e-81,5.61174578573954e-20
interpolation,0.9,98,90,ALBUMIN,6,True,0,0,0,1.9379298212810558e-20,9.689649106405279e-21,1.4850237724652861e-46,8.834505140452941e-82,9.689649106405279e-21
interpolation,0.9,98,90,VIABILITY,6,True,0,0,0,4.844970446268834e-20,9.689649106405279e-21,9.689649106405279e-21,1.4589306619458712e-24,1.9380757143472504e-20
interpolation,0.9,98,90,ALL,12,True,0,0,0,6.78290026754989e-20,9.689649106405279e-21,9.689649106405279e-21,8.834505140452941e-82,2.907040624987778e-20
interpolation,0.9,99,90,ALBUMIN,6,True,0,0,0,1.128695070923774e-19,5.64347535461887e-20,1.24898249891423e-45,8.802699293685335e-81,5.64347535461887e-20
interpolation,0.9,99,90,VIABILITY,6,True,0,0,0,2.8218301884260577e-19,5.64347535461887e-20,5.64347535461887e-20,9.251111662312265e-24,1.128787582040397e-19
interpolation,0.9,99,90,ALL,12,True,0,0,0,3.9505252593498324e-19,5.64347535461887e-20,5.64347535461887e-20,8.802699293685335e-81,1.6931351175022842e-19
interpolation,0.9,100,91,ALBUMIN,6,True,0,0,0,5.90013391189127e-20,2.950066955945635e-20,3.266753493260612e-46,9.2116122251977e-82,2.950066955945635e-20
interpolation,0.9,100,91,VIABILITY,6,True,0,0,0,1.47507700966601e-19,2.950066955945635e-20,2.950066955945635e-20,4.353169319224818e-24,5.900569228823193e-20
interpolation,0.9,100,91,ALL,12,True,0,0,0,2.0650904008551369e-19,2.950066955945635e-20,2.950066955945635e-20,9.2116122251977e-82,8.850636184768828e-20
interpolation,0.9,101,92,ALBUMIN,6,True,0,0,0,3.0812868175184435e-20,1.5406434087592217e-20,8.536003022920907e-47,9.630114181170505e-83,1.5406434087592217e-20
interpolation,0.9,101,92,VIABILITY,6,True,0,0,0,7.703421688404181e-20,1.5406434087592217e-20,1.5406434087592217e-20,2.046446080722095e-24,3.0814914621265157e-20
interpolation,0.9,101,92,ALL,12,True,0,0,0,1.0784708505922624e-19,1.5406434087592217e-20,1.5406434087592217e-20,9.630114181170505e-83,4.622134870885737e-20
interpolation,0.9,102,93,ALBUMIN,6,True,0,0,0,1.6076659244974532e-20,8.038329622487267e-21,2.228330344664678e-47,1.0058007079288278e-83,8.038329622487266e-21
interpolation,0.9,102,93,VIABILITY,6,True,0,0,0,4.019260925239708e-20,8.038329622487267e-21,8.038329622487267e-21,9.611399607433286e-25,1.607762038493528e-20
interpolation,0.9,102,93,ALL,12,True,0,0,0,5.62692684973716e-20,8.038329622487267e-21,8.038329622487267e-21,1.0058007079288278e-83,2.4115950007422545e-20
interpolation,0.9,103,94,ALBUMIN,6,True,0,0,0,8.38032892812143e-21,4.190164464060715e-21,5.811654363642803e-48,1.0495075987900592e-84,4.190164464060715e-21
interpolation,0.9,103,94,VIABILITY,6,True,0,0,0,2.0951273316373823e-20,4.190164464060715e-21,4.190164464060715e-21,4.509960702463977e-25,8.380779924191677e-21
interpolation,0.9,103,94,ALL,12,True,0,0,0,2.933160224449525e-20,4.190164464060715e-21,4.190164464060715e-21,1.0495075987900592e-84,1.2570944388252392e-20
interpolation,0.9,104,95,ALBUMIN,6,True,0,0,0,4.3645132106144945e-21,2.1822566053072473e-21,1.5143396332744908e-48,1.0941089515144092e-85,2.1822566053072473e-21
interpolation,0.9,104,95,VIABILITY,6,True,0,0,0,1.0911494456554562e-20,2.1822566053072473e-21,2.1822566053072473e-21,2.114300183261063e-25,4.36472464063282e-21
interpolation,0.9,104,95,ALL,12,True,0,0,0,1.5276007667169056e-20,2.1822566053072473e-21,2.1822566053072473e-21,1.0941089515144092e-85,6.546981245940067e-21
interpolation,0.9,105,96,ALBUMIN,6,True,0,0,0,2.2710553929667683e-21,1.1355276964833844e-21,3.942375481659583e-49,1.1395800235735359e-86,1.1355276964833842e-21
interpolation,0.9,105,96,VIABILITY,6,True,0,0,0,5.677737514528181e-21,1.1355276964833844e-21,1.1355276964833844e-21,9.903211125974397e-26,2.2711544250780283e-21
interpolation,0.9,105,96,ALL,12,True,0,0,0,7.948792907494948e-21,1.1355276964833844e-21,1.1355276964833844e-21,1.1395800235735359e-86,3.406682121561412e-21
interpolation,0.9,106,97,ALBUMIN,6,True,0,0,0,1.1807127796085776e-21,5.903563898042888e-22,1.025442968356114e-49,1.185894515349362e-87,5.903563898042888e-22
interpolation,0.9,106,97,VIABILITY,6,True,0,0,0,2.9518282946137665e-21,5.903563898042888e-22,5.903563898042888e-22,4.634559232238666e-26,1.1807591252009001e-21
interpolation,0.9,106,97,ALL,12,True,0,0,0,4.132541074222344e-21,5.903563898042888e-22,5.903563898042888e-22,1.185894515349362e-87,1.771115515005189e-21
interpolation,0.9,107,98,ALBUMIN,6,True,0,0,0,6.133278163490383e-22,3.0666390817451915e-22,2.664963645019957e-50,1.2330246197585641e-88,3.0666390817451915e-22
interpolation,0.9,107,98,VIABILITY,6,True,0,0,0,1.5333412114825586e-21,3.0666390817451915e-22,3.0666390817451915e-22,2.1670609962917407e-26,6.1334948695900125e-22
interpolation,0.9,107,98,ALL,12,True,0,0,0,2.146669027831597e-21,3.0666390817451915e-22,3.0666390817451915e-22,1.2330246197585641e-88,9.200133951335204e-22
interpolation,0.9,108,99,ALBUMIN,6,True,0,0,0,3.183317470158473e-22,1.5916587350792364e-22,6.919974979745085e-51,1.2809410750428681e-89,1.5916587350792364e-22
interpolation,0.9,108,99,VIABILITY,6,True,0,0,0,7.958394919843663e-22,1.5916587350792364e-22,1.5916587350792364e-22,1.0124444748063706e-26,3.1834187146059538e-22
interpolation,0.9,108,99,ALL,12,True,0,0,0,1.1141712390002135e-21,1.5916587350792364e-22,1.5916587350792364e-22,1.2809410750428681e-89,4.77507744968519e-22
interpolation,0.9,109,99,ALBUMIN,6,True,0,0,0,1.8354543893008293e-21,9.177271946504146e-22,5.765339018948516e-50,1.264594062965829e-88,9.177271946504146e-22
interpolation,0.9,109,99,VIABILITY,6,True,0,0,0,4.588699539947244e-21,9.177271946504146e-22,9.177271946504146e-22,6.356669517110077e-26,1.8355179559960004e-21
interpolation,0.9,109,99,ALL,12,True,0,0,0,6.424153929248073e-21,9.177271946504146e-22,9.177271946504146e-22,1.264594062965829e-88,2.7532451506464146e-21
interpolation,0.9,110,100,ALBUMIN,6,True,0,0,0,9.605000612105484e-22,4.802500306052742e-22,1.5094912014503586e-50,1.3246736370615901e-89,4.802500306052742e-22
interpolation,0.9,110,100,VIABILITY,6,True,0,0,0,2.4012800966029497e-21,4.802500306052742e-22,4.802500306052742e-22,2.9943576578829257e-26,9.605300047871272e-22
interpolation,0.9,110,100,ALL,12,True,0,0,0,3.3617801578134983e-21,4.802500306052742e-22,4.802500306052742e-22,1.3246736370615901e-89,1.4407800353924015e-21
interpolation,0.9,111,101,ALBUMIN,6,True,0,0,0,5.021906512584967e-22,2.5109532562924837e-22,3.9486439210560307e-51,1.3863614259907907e-90,2.5109532562924837e-22
interpolation,0.9,111,101,VIABILITY,6,True,0,0,0,1.2554907208240558e-21,2.5109532562924837e-22,2.5109532562924837e-22,1.4092677813901257e-26,5.022047439363107e-22
interpolation,0.9,111,101,ALL,12,True,0,0,0,1.7576813720825523e-21,2.5109532562924837e-22,2.5109532562924837e-22,1.3863614259907907e-90,7.53300069565559e-22
interpolation,0.9,112,102,ALBUMIN,6,True,0,0,0,2.6233989923267044e-22,1.3116994961633524e-22,1.032010827296768e-51,1.449643313624203e-91,1.3116994961633522e-22
interpolation,0.9,112,102,VIABILITY,6,True,0,0,0,6.55856374918912e-22,1.3116994961633524e-22,1.3116994961633524e-22,6.62683723579514e-27,2.6234652606990627e-22
interpolation,0.9,112,102,ALL,12,True,0,0,0,9.181962741515824e-22,1.3116994961633524e-22,1.3116994961633524e-22,1.449643313624203e-91,3.9351647568624146e-22
interpolation,0.9,113,103,ALBUMIN,6,True,0,0,0,1.3692774131066993e-22,6.846387065533496e-23,2.694923714119939e-52,1.514502734899592e-92,6.846387065533496e-23
interpolation,0.9,113,103,VIABILITY,6,True,0,0,0,3.42322466777168e-22,6.846387065533496e-23,6.846387065533496e-23,3.1135004931569674e-27,1.369308548111631e-22
interpolation,0.9,113,103,ALL,12,True,0,0,0,4.792502080878379e-22,6.846387065533496e-23,6.846387065533496e-23,1.514502734899592e-92,2.0539472546649805e-22
interpolation,0.9,114,104,ALBUMIN,6,True,0,0,0,7.140960055622664e-23,3.570480027811332e-23,7.031394904727014e-53,1.5809206883237491e-93,3.570480027811332e-23
interpolation,0.9,114,104,VIABILITY,6,True,0,0,0,1.7852546298931807e-22,3.570480027811332e-23,3.570480027811332e-23,1.4615987514727235e-27,7.141106215497811e-23
interpolation,0.9,114,104,ALL,12,True,0,0,0,2.499350635455447e-22,3.570480027811332e-23,3.570480027811332e-23,1.5809206883237491e-93,1.0711586243309142e-22
interpolation,0.9,115,105,ALBUMIN,6,True,0,0,0,3.7210571041544756e-23,1.8605285520772378e-23,1.8330569583949383e-53,1.6488757539643463e-94,1.8605285520772378e-23
interpolation,0.9,115,105,VIABILITY,6,True,0,0,0,9.30271131718501e-23,1.8605285520772378e-23,1.8605285520772378e-23,6.85567988208971e-28,3.721125660953297e-23
interpolation,0.9,115,105,ALL,12,True,0,0,0,1.3023768421339486e-22,1.8605285520772378e-23,1.8605285520772378e-23,1.6488757539643463e-94,5.581654213030535e-23
interpolation,0.9,116,106,ALBUMIN,6,True,0,0,0,1.9374342496472544e-23,9.687171248236273e-24,4.7748130345573546e-54,1.718344116818869e-95,9.687171248236272e-24
interpolation,0.9,116,106,VIABILITY,6,True,0,0,0,4.843617754983172e-23,9.687171248236273e-24,9.687171248236273e-24,3.2130865035047513e-28,1.93746638051229e-23
interpolation,0.9,116,106,ALL,12,True,0,0,0,6.781052004630425e-23,9.687171248236273e-24,9.687171248236273e-24,1.718344116818869e-95,2.9061835053359163e-23
interpolation,0.9,117,107,ALBUMIN,6,True,0,0,0,1.0079632203443009e-23,5.0398161017215046e-24,1.2427650567283443e-54,1.7892995954335018e-96,5.0398161017215046e-24
interpolation,0.9,117,107,VIABILITY,6,True,0,0,0,2.519923097864659e-23,5.0398161017215046e-24,5.0398161017215046e-24,1.504700390637412e-28,1.0079782673482074e-23
interpolation,0.9,117,107,ALL,12,True,0,0,0,3.5278863182089594e-23,5.0398161017215046e-24,5.0398161017215046e-24,1.7892995954335018e-96,1.5119598775203576e-23
interpolation,0.9,118,108,ALBUMIN,6,True,0,0,0,5.239929914682633e-24,2.6199649573413165e-24,3.232065044230612e-55,1.8617136756313464e-97,2.6199649573413165e-24
interpolation,0.9,118,108,VIABILITY,6,True,0,0,0,1.3099895197529944e-23,2.6199649573413165e-24,2.6199649573413165e-24,7.041082336061225e-29,5.2400003255059936e-24
interpolation,0.9,118,108,ALL,12,True,0,0,0,1.8339825112212575e-23,2.6199649573413165e-24,2.6199649573413165e-24,1.8617136756313464e-97,7.85996528284731e-24
interpolation,0.9,119,108,ALBUMIN,6,True,0,0,0,2.99622186624629e-23,1.498110933123145e-23,2.6718625471075506e-54,1.8239993406255008e-96,1.498110933123145e-23
interpolation,0.9,119,108,VIABILITY,6,True,0,0,0,7.490598513142681e-23,1.498110933123145e-23,1.498110933123145e-23,4.384752695801922e-28,2.9962657137732475e-23
interpolation,0.9,119,108,ALL,12,True,0,0,0,1.0486820379388973e-22,1.498110933123145e-23,1.498110933123145e-23,1.8239993406255008e-96,4.494376646896393e-23
interpolation,0.9,120,109,ALBUMIN,6,True,0,0,0,1.569349028025638e-23,7.84674514012819e-24,7.00151301397115e-55,1.9122639217135185e-97,7.84674514012819e-24
interpolation,0.9,120,109,VIABILITY,6,True,0,0,0,3.923393243162958e-23,7.84674514012819e-24,7.84674514012819e-24,2.0673098862712326e-28,1.5693697011245008e-23
interpolation,0.9,120,109,ALL,12,True,0,0,0,5.492742271188596e-23,7.84674514012819e-24,7.84674514012819e-24,1.9122639217135185e-97,2.3540442151373196e-23
interpolation,0.9,121,110,ALBUMIN,6,True,0,0,0,8.213160853149433e-24,4.1065804265747175e-24,1.8332004433015953e-55,2.003132549201774e-98,4.106580426574717e-24
interpolation,0.9,121,110,VIABILITY,6,True,0,0,0,2.053299952186858e-23,4.1065804265747175e-24,4.1065804265747175e-24,9.738899499264783e-29,8.213258242144427e-24
interpolation,0.9,121,110,ALL,12,True,0,0,0,2.874616037501801e-23,4.1065804265747175e-24,4.1065804265747175e-24,2.003132549201774e-98,1.2319838668719143e-23
interpolation,0.9,122,111,ALBUMIN,6,True,0,0,0,4.2948930579981774e-24,2.1474465289990887e-24,4.795947700309981e-56,2.0966042208494102e-99,2.1474465289990887e-24
interpolation,0.9,122,111,VIABILITY,6,True,0,0,0,1.0737278487050579e-23,2.1474465289990887e-24,2.1474465289990887e-24,4.5842055136395134e-29,4.2949389000533136e-24
interpolation,0.9,122,111,ALL,12,True,0,0,0,1.5032171545048758e-23,2.1474465289990887e-24,2.1474465289990887e-24,2.0966042208494102e-99,6.442385429052402e-24
interpolation,0.9,123,112,ALBUMIN,6,True,0,0,0,2.2441480086268617e-24,1.1220740043134308e-24,1.2536934716739272e-56,2.1926745973183217e-100,1.1220740043134308e-24
interpolation,0.9,123,112,VIABILITY,6,True,0,0,0,5.610391582824366e-24,1.1220740043134308e-24,1.1220740043134308e-24,2.1561257211828217e-29,2.2441695698840736e-24
interpolation,0.9,123,112,ALL,12,True,0,0,0,7.854539591451227e-24,1.1220740043134308e-24,1.1220740043134308e-24,2.1926745973183217e-100,3.366243574197504e-24
interpolation,0.9,124,113,ALBUMIN,6,True,0,0,0,1.1716920516852302e-24,5.85846025842615e-25,3.274662817882241e-57,2.2913359716983487e-101,5.858460258426151e-25
interpolation,0.9,124,113,VIABILITY,6,True,0,0,0,2.9292402623906515e-24,5.85846025842615e-25,5.85846025842615e-25,1.013317757641344e-29,1.1717021848628064e-24
interpolation,0.9,124,113,ALL,12,True,0,0,0,4.100932314075882e-24,5.85846025842615e-25,5.85846025842615e-25,2.2913359716983487e-101,1.7575482107054216e-24
interpolation,0.9,125,114,ALBUMIN,6,True,0,0,0,6.11285230527361e-25,3.056426152636805e-25,8.546844877973851e-58,2.3925772459837012e-102,3.056426152636805e-25
interpolation,0.9,125,114,VIABILITY,6,True,0,0,0,1.528217834975594e-24,3.056426152636805e-25,3.056426152636805e-25,4.758657191616607e-30,6.112899891845525e-25
interpolation,0.9,125,114,ALL,12,True,0,0,0,2.1395030655029552e-24,3.056426152636805e-25,3.056426152636805e-25,2.3925772459837012e-102,9.16932604448233e-25
interpolation,0.9,126,115,ALBUMIN,6,True,0,0,0,3.18675152646268e-25,1.59337576323134e-25,2.2290234230739583e-58,2.496383914515602e-103,1.59337576323134e-25
interpolation,0.9,126,115,VIABILITY,6,True,0,0,0,7.9669011465237995e-25,1.59337576323134e-25,1.59337576323134e-25,2.233036710039146e-30,3.18677385682978e-25
interpolation,0.9,126,115,ALL,12,True,0,0,0,1.115365267298648e-24,1.59337576323134e-25,1.59337576323134e-25,2.496383914515602e-103,4.780149620061121e-25
interpolation,0.9,127,116,ALBUMIN,6,True,0,0,0,1.6600902505613262e-25,8.300451252806631e-26,5.808960870131168e-59,2.602738054385854e-104,8.300451252806631e-26
interpolation,0.9,127,116,VIABILITY,6,True,0,0,0,4.150236097335111e-25,8.300451252806631e-26,8.300451252806631e-26,1.047093179559294e-30,1.660100721493122e-25
interpolation,0.9,127,116,ALL,12,True,0,0,0,5.810326347896437e-25,8.300451252806631e-26,8.300451252806631e-26,2.602738054385854e-104,2.490145846773785e-25
interpolation,0.9,128,117,ALBUMIN,6,True,0,0,0,8.64170784061031e-26,4.320853920305155e-26,1.5127340294142814e-59,2.7116183227763603e-105,4.320853920305155e-26
interpolation,0.9,128,117,VIABILITY,6,True,0,0,0,2.1604318664971177e-25,4.320853920305155e-26,4.320853920305155e-26,4.906344540508908e-31,8.641756904055713e-26
interpolation,0.9,128,117,ALL,12,True,0,0,0,3.024602650558149e-25,4.320853920305155e-26,4.320853920305155e-26,2.7116183227763603e-105,1.296261082436087e-25
interpolation,0.9,129,117,ALBUMIN,6,True,0,0,0,4.9069363281895135e-25,2.4534681640947568e-25,1.2423786323298447e-58,2.6397472007685243e-104,2.4534681640947568e-25
interpolation,0.9,129,117,VIABILITY,6,True,0,0,0,1.226737116493149e-24,2.4534681640947568e-25,2.4534681640947568e-25,3.0344457706607334e-30,4.90696667264722e-25
interpolation,0.9,129,117,ALL,12,True,0,0,0,1.7174307493121002e-24,2.4534681640947568e-25,2.4534681640947568e-25,2.6397472007685243e-104,7.360434836741976e-25
interpolation,0.9,130,118,ALBUMIN,6,True,0,0,0,2.572103480359511e-25,1.2860517401797557e-25,3.257969500108817e-59,2.76945923531582e-105,1.2860517401797555e-25
interpolation,0.9,130,118,VIABILITY,6,True,0,0,0,6.430273018413392e-25,1.2860517401797557e-25,1.2860517401797557e-25,1.4317514612948252e-30,2.5721177978741245e-25
interpolation,0.9,130,118,ALL,12,True,0,0,0,9.002376498772901e-25,1.2860517401797557e-25,1.2860517401797557e-25,2.76945923531582e-105,3.85816953805388e-25
interpolation,0.9,131,119,ALBUMIN,6,True,0,0,0,1.3472113487295665e-25,6.736056743647832e-26,8.536995505231608e-60,2.903295658985267e-106,6.736056743647832e-26
interpolation,0.9,131,119,VIABILITY,6,True,0,0,0,3.3680351221377945e-25,6.736056743647832e-26,6.736056743647832e-26,6.7503138786540085e-31,1.347218099043445e-25
interpolation,0.9,131,119,ALL,12,True,0,0,0,4.715246470867361e-25,6.736056743647832e-26,6.736056743647832e-26,2.903295658985267e-106,2.0208237734082283e-25
interpolation,0.9,132,120,ALBUMIN,6,True,0,0,0,7.051110316286344e-26,3.525555158143172e-26,2.2352875541367527e-60,3.0412809841171596e-107,3.525555158143172e-26
interpolation,0.9,132,120,VIABILITY,6,True,0,0,0,1.7627807592655505e-25,3.525555158143172e-26,3.525555158143172e-26,3.1801939643951435e-31,7.051142118225988e-26
interpolation,0.9,132,120,ALL,12,True,0,0,0,2.4678917908941846e-25,3.525555158143172e-26,3.525555158143172e-26,3.0412809841171596e-107,1.057669727636916e-25
interpolation,0.9,133,121,ALBUMIN,6,True,0,0,0,3.68772770290051e-26,1.8438638514502554e-26,5.848402336119095e-61,3.183435397067721e-108,1.843863851450255e-26
interpolation,0.9,133,121,VIABILITY,6,True,0,0,0,9.21933422862561e-26,1.8438638514502554e-26,1.8438638514502554e-26,1.497137433387393e-31,3.687742674274844e-26
interpolation,0.9,133,121,ALL,12,True,0,0,0,1.290706193152612e-25,1.8438638514502554e-26,1.8438638514502554e-26,3.183435397067721e-108,5.531606525725099e-26
interpolation,0.9,134,122,ALBUMIN,6,True,0,0,0,1.9272795030566865e-26,9.636397515283433e-27,1.5290498443874102e-61,3.329774662799877e-109,9.636397515283433e-27
interpolation,0.9,134,122,VIABILITY,6,True,0,0,0,4.818205800567929e-26,9.636397515283433e-27,9.636397515283433e-27,7.042926212597748e-32,1.927286545982899e-26
interpolation,0.9,134,122,ALL,12,True,0,0,0,6.745485303624616e-26,9.636397515283433e-27,9.636397515283433e-27,3.329774662799877e-109,2.8909262975112425e-26
interpolation,0.9,135,123,ALBUMIN,6,True,0,0,0,1.0065142463077698e-26,5.032571231538849e-27,3.994767883920053e-62,3.480310037401094e-110,5.032571231538849e-27
interpolation,0.9,135,123,VIABILITY,6,True,0,0,0,2.5162889265690038e-26,5.032571231538849e-27,5.032571231538849e-27,3.310799579397483e-32,1.0065175571073492e-26
interpolation,0.9,135,123,ALL,12,True,0,0,0,3.5228031728767733e-26,5.032571231538849e-27,5.032571231538849e-27,3.480310037401094e-110,1.509774680261234e-26
interpolation,0.9,136,124,ALBUMIN,6,True,0,0,0,5.25278049400671e-27,2.626390247003355e-27,1.0429219187752666e-62,3.635048188717205e-111,2.626390247003355e-27
interpolation,0.9,136,124,VIABILITY,6,True,0,0,0,1.3131966787713075e-26,2.626390247003355e-27,2.626390247003355e-27,1.555269629982724e-32,5.252796046703009e-27
interpolation,0.9,136,124,ALL,12,True,0,0,0,1.8384747281719787e-26,2.626390247003355e-27,2.626390247003355e-27,3.635048188717205e-111,7.879186293706365e-27
interpolation,0.9,137,125,ALBUMIN,6,True,0,0,0,2.7394117236777736e-27,1.3697058618388866e-27,2.720865668941396e-63,3.793991125267693e-112,1.3697058618388868e-27
interpolation,0.9,137,125,VIABILITY,6,True,0,0,0,6.84853661009097e-27,1.3697058618388866e-27,1.3697058618388866e-27,7.300896537601185e-33,2.739419024574311e-27
interpolation,0.9,137,125,ALL,12,True,0,0,0,9.587948333768745e-27,1.3697058618388866e-27,1.3697058618388866e-27,3.793991125267693e-112,4.109124886413198e-27
interpolation,0.9,138,126,ALBUMIN,6,True,0,0,0,1.4276725940203855e-27,7.138362970101928e-28,7.093524649849295e-64,3.957136133584383e-113,7.138362970101928e-28
interpolation,0.9,138,126,VIABILITY,6,True,0,0,0,3.56918490995927e-27,7.138362970101928e-28,7.138362970101928e-28,3.4249083064298626e-33,1.4276760189286919e-27
interpolation,0.9,138,126,ALL,12,True,0,0,0,4.9968575039796555e-27,7.138362970101928e-28,7.138362970101928e-28,3.957136133584383e-113,2.1415123159388848e-27
interpolation,0.9,139,126,ALBUMIN,6,True,0,0,0,8.058441820859927e-27,4.0292209104299634e-27,5.793396826633138e-63,3.831334834189772e-112,4.0292209104299634e-27
interpolation,0.9,139,126,VIABILITY,6,True,0,0,0,2.0146125610674913e-26,4.0292209104299634e-27,4.0292209104299634e-27,2.10585250943961e-32,8.058462879385022e-27
interpolation,0.9,139,126,ALL,12,True,0,0,0,2.820456743153484e-26,4.0292209104299634e-27,4.0292209104299634e-27,3.831334834189772e-112,1.2087683789814986e-26
interpolation,0.9,140,127,ALBUMIN,6,True,0,0,0,4.226829520089837e-27,2.1134147600449184e-27,1.5201864485886878e-63,4.022057169503342e-113,2.1134147600449184e-27
interpolation,0.9,140,127,VIABILITY,6,True,0,0,0,1.056708374277357e-26,2.1134147600449184e-27,2.1134147600449184e-27,9.942548978625996e-33,4.226839462638815e-27
interpolation,0.9,140,127,ALL,12,True,0,0,0,1.4793913262863406e-26,2.1134147600449184e-27,2.1134147600449184e-27,4.022057169503342e-113,6.3402542226837334e-27
interpolation,0.9,141,128,ALBUMIN,6,True,0,0,0,2.215484480315511e-27,1.1077422401577556e-27,3.9860892154290045e-64,4.219216133464528e-114,1.1077422401577556e-27
interpolation,0.9,141,128,VIABILITY,6,True,0,0,0,5.538715891695497e-27,1.1077422401577556e-27,1.1077422401577556e-27,4.690906719207056e-33,2.2154891712222304e-27
interpolation,0.9,141,128,ALL,12,True,0,0,0,7.754200372011008e-27,1.1077422401577556e-27,1.1077422401577556e-27,4.219216133464528e-114,3.323231411379986e-27
interpolation,0.9,142,129,ALBUMIN,6,True,0,0,0,1.1604262563267466e-27,5.802131281633733e-28,1.0444517281995408e-64,4.422882062463618e-115,5.802131281633733e-28
interpolation,0.9,142,129,VIABILITY,6,True,0,0,0,2.9010678524326526e-27,5.802131281633733e-28,5.802131281633733e-28,2.2116157864679767e-33,1.160428467942533e-27
interpolation,0.9,142,129,ALL,12,True,0,0,0,4.0614941087593995e-27,5.802131281633733e-28,5.802131281633733e-28,4.422882062463618e-115,1.7406415961059064e-27
interpolation,0.9,143,130,ALBUMIN,6,True,0,0,0,6.073872463363275e-28,3.0369362316816374e-28,2.734799246067319e-65,4.633119948004236e-116,3.0369362316816374e-28
interpolation,0.9,143,130,VIABILITY,6,True,0,0,0,1.5184691578243376e-27,3.0369362316816374e-28,3.0369362316816374e-28,1.041983519195722e-33,6.073882883198466e-28
interpolation,0.9,143,130,ALL,12,True,0,0,0,2.1258564041606655e-27,3.0369362316816374e-28,3.0369362316816374e-28,4.633119948004236e-116,9.110819114880105e-28
interpolation,0.9,144,131,ALBUMIN,6,True,0,0,0,3.177001458651555e-28,1.5885007293257775e-28,7.155873795147231e-66,4.8499892473803255e-117,1.5885007293257775e-28
interpolation,0.9,144,131,VIABILITY,6,True,0,0,0,7.9425085524833905e-28,1.5885007293257775e-28,1.5885007293257775e-28,4.905854503388011e-34,3.1770063645060583e-28
interpolation,0.9,144,131,ALL,12,True,0,0,0,1.1119510011134946e-27,1.5885007293257775e-28,1.5885007293257775e-28,4.8499892473803255e-117,4.765507093831836e-28
interpolation,0.9,145,132,ALBUMIN,6,True,0,0,0,1.6606458618558906e-28,8.303229309279453e-29,1.871131723471956e-66,5.073543702423191e-118,8.303229309279453e-29
interpolation,0.9,145,132,VIABILITY,6,True,0,0,0,4.151616962850111e-28,8.303229309279453e-29,8.303229309279453e-29,2.3082103840184415e-34,1.6606481700662746e-28
interpolation,0.9,145,132,ALL,12,True,0,0,0,5.812262824706001e-28,8.303229309279453e-29,8.303229309279453e-29,5.073543702423191e-118,2.49097110099422e-28
interpolation,0.9,146,133,ALBUMIN,6,True,0,0,0,8.674584104295865e-29,4.3372920521479324e-29,4.8893908207059396e-67,5.303831166727472e-119,4.3372920521479324e-29
interpolation,0.9,146,133,VIABILITY,6,True,0,0,0,2.1686471113674757e-28,4.3372920521479324e-29,4.3372920521479324e-29,1.0852935096399092e-34,8.674594957230962e-29
interpolation,0.9,146,133,ALL,12,True,0,0,0,3.0361055217970623e-28,4.3372920521479324e-29,4.3372920521479324e-29,5.303831166727472e-119,1.3011887009378894e-28
interpolation,0.9,147,134,ALBUMIN,6,True,0,0,0,4.5283124283832154e-29,2.2641562141916074e-29,1.276785635517992e-67,5.5408934417419926e-120,2.2641562141916077e-29
interpolation,0.9,147,134,VIABILITY,6,True,0,0,0,1.1320786170535552e-28,2.2641562141916074e-29,2.2641562141916074e-29,5.099577513393759e-35,4.5283175279607284e-29
interpolation,0.9,147,134,ALL,12,True,0,0,0,1.5849098598918768e-28,2.2641562141916074e-29,2.2641562141916074e-29,5.5408934417419926e-120,6.792473742152336e-29
interpolation,0.9,148,135,ALBUMIN,6,True,0,0,0,2.36234961260795e-29,1.181174806303975e-29,3.331947289390502e-68,5.784766122087236e-121,1.181174806303975e-29
interpolation,0.9,148,135,VIABILITY,6,True,0,0,0,5.905876426160614e-29,1.181174806303975e-29,1.181174806303975e-29,2.3946407392942336e-35,2.3623520072486893e-29
interpolation,0.9,148,135,ALL,12,True,0,0,0,8.268226038768564e-29,1.181174806303975e-29,1.181174806303975e-29,5.784766122087236e-121,3.5435268135526644e-29
interpolation,0.9,149,135,ALBUMIN,6,True,0,0,0,1.3265835896102481e-28,6.632917948051241e-29,2.7082194597840052e-67,5.5746513793578665e-120,6.632917948051241e-29
interpolation,0.9,149,135,VIABILITY,6,True,0,0,0,3.316460438991661e-28,6.632917948051241e-29,6.632917948051241e-29,1.464966040970432e-34,1.3265850545762892e-28
interpolation,0.9,149,135,ALL,12,True,0,0,0,4.64304402860191e-28,6.632917948051241e-29,6.632917948051241e-29,5.5746513793578665e-120,1.9898768493814132e-28
interpolation,0.9,150,136,ALBUMIN,6,True,0,0,0,6.962197794286771e-29,3.4810988971433854e-29,7.110205326819337e-68,5.855258887761298e-121,3.4810988971433854e-29
interpolation,0.9,150,136,VIABILITY,6,True,0,0,0,1.7405501406285566e-28,3.4810988971433854e-29,3.4810988971433854e-29,6.920568638736687e-35,6.96220471485541e-29
interpolation,0.9,150,136,ALL,12,True,0,0,0,2.4367699200572335e-28,3.4810988971433854e-29,3.4810988971433854e-29,5.855258887761298e-121,1.0443303611998795e-28
interpolation,0.9,151,137,ALBUMIN,6,True,0,0,0,3.6514634971146564e-29,1.8257317485573282e-29,1.8654602451437297e-68,6.145808514359428e-122,1.8257317485573282e-29
interpolation,0.9,151,137,VIABILITY,6,True,0,0,0,9.128662009898036e-29,1.8257317485573282e-29,1.8257317485573282e-29,3.267111394056611e-35,3.6514667642260507e-29
interpolation,0.9,151,137,ALL,12,True,0,0,0,1.2780125507012693e-28,1.8257317485573282e-29,1.8257317485573282e-29,6.145808514359428e-122,5.477198512783379e-29
interpolation,0.9,152,138,ALBUMIN,6,True,0,0,0,1.91381706377093e-29,9.56908531885465e-30,4.891020467895128e-69,6.446449169654179e-123,9.56908531885465e-30
interpolation,0.9,152,138,VIABILITY,6,True,0,0,0,4.784544200765902e-29,9.56908531885465e-30,9.56908531885465e-30,1.5413385767051246e-35,1.9138186051095067e-29
interpolation,0.9,152,138,ALL,12,True,0,0,0,6.698361264536832e-29,9.56908531885465e-30,9.56908531885465e-30,6.446449169654179e-123,2.8707271369949716e-29
interpolation,0.9,153,139,ALBUMIN,6,True,0,0,0,1.00242210908409e-29,5.01211054542045e-30,1.281523467380275e-69,6.757323525120898e-124,5.01211054542045e-30
interpolation,0.9,153,139,VIABILITY,6,True,0,0,0,2.506055999398279e-29,5.01211054542045e-30,5.01211054542045e-30,7.26688054228647e-36,1.0024228357721441e-29
interpolation,0.9,153,139,ALL,12,True,0,0,0,3.508478108482369e-29,5.01211054542045e-30,5.01211054542045e-30,6.757323525120898e-124,1.503633890314189e-29
interpolation,0.9,154,140,ALBUMIN,6,True,0,0,0,5.247125233797858e-30,2.623562616898929e-30,3.355607385711407e-70,7.078567692268238e-125,2.623562616898929e-30
interpolation,0.9,154,140,VIABILITY,6,True,0,0,0,1.31178165083681e-29,2.623562616898929e-30,2.623562616898929e-30,3.4238734527006164e-36,5.24712865767131e-30
interpolation,0.9,154,140,ALL,12,True,0,0,0,1.8364941742165956e-29,2.623562616898929e-30,2.623562616898929e-30,7.078567692268238e-125,7.87069127457024e-30
interpolation,0.9,155,141,ALBUMIN,6,True,0,0,0,2.744836927727691e-30,1.3724184638638457e-30,8.780859531160547e-71,7.410310908553983e-126,1.3724184638638455e-30
interpolation,0.9,155,141,VIABILITY,6,True,0,0,0,6.862093931489339e-30,1.3724184638638457e-30,1.3724184638638457e-30,1.612170110467287e-36,2.7448385398978015e-30
interpolation,0.9,155,141,ALL,12,True,0,0,0,9.60693085921703e-30,1.3724184638638457e-30,1.3724184638638457e-30,7.410310908553983e-126,4.117257003761647e-30
interpolation,0.9,156,142,ALBUMIN,6,True,0,0,0,1.4349595638611722e-30,7.174797819305861e-31,2.2962965110274903e-71,7.752675230829234e-127,7.174797819305861e-31
interpolation,0.9,156,142,VIABILITY,6,True,0,0,0,3.587399668284992e-30,7.174797819305861e-31,7.174797819305861e-31,7.58632061694745e-37,1.434960322493234e-30
interpolation,0.9,156,142,ALL,12,True,0,0,0,5.022359232146164e-30,7.174797819305861e-31,7.174797819305861e-31,7.752675230829234e-127,2.15244010442382e-30
interpolation,0.9,157,143,ALBUMIN,6,True,0,0,0,7.497118483575614e-31,3.748559241787807e-31,6.001331456003338e-72,8.105775236965382e-128,3.748559241787807e-31
interpolation,0.9,157,143,VIABILITY,6,True,0,0,0,1.874279977658956e-30,3.748559241787807e-31,3.748559241787807e-31,3.5676505281592285e-37,7.497122051226142e-31
interpolation,0.9,157,143,ALL,12,True,0,0,0,2.6239918260165178e-30,3.748559241787807e-31,3.748559241787807e-31,8.105775236965382e-128,1.124568129301395e-30
interpolation,0.9,158,144,ALBUMIN,6,True,0,0,0,3.9145713196040263e-31,1.9572856598020132e-31,1.5674711767481977e-72,8.469717736298289e-129,1.9572856598020132e-31
interpolation,0.9,158,144,VIABILITY,6,True,0,0,0,9.786429975757884e-31,1.9572856598020132e-31,1.9572856598020132e-31,1.6767478190490856e-37,3.9145729963518456e-31
interpolation,0.9,158,144,ALL,12,True,0,0,0,1.3701001295361911e-30,1.9572856598020132e-31,1.9572856598020132e-31,8.469717736298289e-129,5.871858656153858e-31
interpolation,0.9,159,144,ALBUMIN,6,True,0,0,0,2.188417296746155e-30,1.0942086483730773e-30,1.2687311242181717e-71,8.128819057483907e-128,1.0942086483730774e-30
interpolation,0.9,159,144,VIABILITY,6,True,0,0,0,5.4710442631476774e-30,1.0942086483730773e-30,1.0942086483730773e-30,1.0212822905889161e-36,2.1884183180284452e-30
interpolation,0.9,159,144,ALL,12,True,0,0,0,7.659461559893833e-30,1.0942086483730773e-30,1.0942086483730773e-30,8.128819057483907e-128,3.282626966401523e-30
interpolation,0.9,160,145,ALBUMIN,6,True,0,0,0,1.149104026835347e-30,5.745520134176735e-31,3.3325251553884403e-72,8.541958284749232e-129,5.745520134176735e-31
interpolation,0.9,160,145,VIABILITY,6,True,0,0,0,2.8727605497849684e-30,5.745520134176735e-31,5.745520134176735e-31,4.826966005859112e-37,1.1491045095319477e-30
interpolation,0.9,160,145,ALL,12,True,0,0,0,4.021864576620315e-30,5.745520134176735e-31,5.745520134176735e-31,8.541958284749232e-129,1.723656522949621e-30
interpolation,0.9,161,146,ALBUMIN,6,True,0,0,0,6.029952479002762e-31,3.014976239501381e-31,8.747816843097446e-73,8.970340375148276e-130,3.014976239501381e-31
interpolation,0.9,161,146,VIABILITY,6,True,0,0,0,1.5074883477466693e-30,3.014976239501381e-31,3.014976239501381e-31,2.2799597871256915e-37,6.0299547589625495e-31
interpolation,0.9,161,146,ALL,12,True,0,0,0,2.1104835956469455e-30,3.014976239501381e-31,3.014976239501381e-31,8.970340375148276e-130,9.04493099846393e-31
interpolation,0.9,162,147,ALBUMIN,6,True,0,0,0,3.1622579777455468e-31,1.5811289888727732e-31,2.2948374098999617e-73,9.414244990573565e-131,1.5811289888727734e-31
interpolation,0.9,162,147,VIABILITY,6,True,0,0,0,7.905646020601536e-31,1.5811289888727732e-31,1.5811289888727732e-31,1.076237670053048e-37,3.1622590539832167e-31
interpolation,0.9,162,147,ALL,12,True,0,0,0,1.1067903998347083e-30,1.5811289888727732e-31,1.5811289888727732e-31,9.414244990573565e-131,4.7433880428559905e-31
interpolation,0.9,163,148,ALBUMIN,6,True,0,0,0,1.6573454114881133e-31,8.286727057440567e-32,6.016358093525161e-74,9.873945083790172e-132,8.286727057440567e-32
interpolation,0.9,163,148,VIABILITY,6,True,0,0,0,4.143364036436137e-31,8.286727057440567e-32,8.286727057440567e-32,5.077158538263178e-38,1.6573459192039671e-31
interpolation,0.9,163,148,ALL,12,True,0,0,0,5.80070944792425e-31,8.286727057440567e-32,8.286727057440567e-32,9.873945083790172e-132,2.486018624948024e-31
interpolation,0.9,164,149,ALBUMIN,6,True,0,0,0,8.680894645770404e-32,4.340447322885202e-32,1.5763345914461146e-74,1.0349706397894547e-132,4.340447322885202e-32
interpolation,0.9,164,149,VIABILITY,6,True,0,0,0,2.1702239008117675e-31,4.340447322885202e-32,4.340447322885202e-32,2.393691664374464e-38,8.680897039462068e-32
interpolation,0.9,164,149,ALL,12,True,0,0,0,3.0383133653888076e-31,4.340447322885202e-32,4.340447322885202e-32,1.0349706397894547e-132,1.302134436234727e-31
interpolation,0.9,165,150,ALBUMIN,6,True,0,0,0,4.544174438246725e-32,2.2720872191233623e-32,4.1276179767659726e-75,1.084178696928626e-133,2.2720872191233626e-32
interpolation,0.9,165,150,VIABILITY,6,True,0,0,0,1.1360437223473672e-31,2.2720872191233623e-32,2.2720872191233623e-32,1.1278568590501614e-38,4.544175566103584e-32
interpolation,0.9,165,150,ALL,12,True,0,0,0,1.5904611661720398e-31,2.2720872191233623e-32,2.2720872191233623e-32,1.084178696928626e-133,6.816262785226947e-32
interpolation,0.9,166,151,ALBUMIN,6,True,0,0,0,2.377320996210511e-32,1.1886604981052555e-32,1.0801654216553354e-75,1.1350436635124433e-134,1.1886604981052555e-32
interpolation,0.9,166,151,VIABILITY,6,True,0,0,0,5.943303021632442e-32,1.1886604981052555e-32,1.1886604981052555e-32,5.3110616511156175e-39,2.377321527316676e-32
interpolation,0.9,166,151,ALL,12,True,0,0,0,8.320624017842954e-32,1.1886604981052555e-32,1.1886604981052555e-32,1.1350436635124433e-134,3.565982025421932e-32
interpolation,0.9,167,152,ALBUMIN,6,True,0,0,0,1.2429858609913012e-32,6.214929304956507e-33,2.825036049597098e-76,1.1875896546232978e-135,6.214929304956506e-33
interpolation,0.9,167,152,VIABILITY,6,True,0,0,0,3.107464902428462e-32,6.214929304956507e-33,6.214929304956507e-33,2.4995020902696157e-39,1.2429861109415104e-32
interpolation,0.9,167,152,ALL,12,True,0,0,0,4.3504507634197645e-32,6.214929304956507e-33,6.214929304956507e-33,1.1875896546232978e-135,1.8644790414371613e-32
interpolation,0.9,168,153,ALBUMIN,6,True,0,0,0,6.495210502719787e-33,3.2476052513598936e-33,7.384207083037157e-77,1.2418398686409403e-136,3.2476052513598936e-33
interpolation,0.9,168,153,VIABILITY,6,True,0,0,0,1.623802743243752e-32,3.2476052513598936e-33,3.2476052513598936e-33,1.175638048931413e-39,6.495211678357836e-33
interpolation,0.9,168,153,ALL,12,True,0,0,0,2.2733237935157305e-32,3.2476052513598936e-33,3.2476052513598936e-33,1.2418398686409403e-136,9.742816929717731e-33
interpolation,0.9,169,153,ALBUMIN,6,True,0,0,0,3.6168451038685966e-32,1.808422551934298e-32,5.954959061537173e-76,1.1875896546232974e-135,1.8084225519342983e-32
interpolation,0.9,169,153,VIABILITY,6,True,0,0,0,9.042113472974115e-32,1.808422551934298e-32,1.808422551934298e-32,7.133026234953322e-39,3.61684581717122e-32
interpolation,0.9,169,153,ALL,12,True,0,0,0,1.2658958576842711e-31,1.808422551934298e-32,1.808422551934298e-32,1.1875896546232974e-135,5.425268369105518e-32
interpolation,0.9,170,154,ALBUMIN,6,True,0,0,0,1.8999900102999327e-32,9.499950051499662e-33,1.5648190966622055e-76,1.2484592627757626e-136,9.499950051499664e-33
interpolation,0.9,170,154,VIABILITY,6,True,0,0,0,4.749975363030568e-32,9.499950051499662e-33,9.499950051499662e-33,3.372807361236413e-39,1.8999903475806688e-32
interpolation,0.9,170,154,ALL,12,True,0,0,0,6.649965373330501e-32,9.499950051499662e-33,9.499950051499662e-33,1.2484592627757626e-136,2.8499853527306353e-32
interpolation,0.9,171,155,ALBUMIN,6,True,0,0,0,9.974997013739203e-33,4.9874985068696014e-33,4.109480483802879e-77,1.3116529976541868e-137,4.9874985068696014e-33
interpolation,0.9,171,155,VIABILITY,6,True,0,0,0,2.49374941282021e-32,4.9874985068696014e-33,4.9874985068696014e-33,1.5938540907395437e-39,9.974998607593294e-33
interpolation,0.9,171,155,ALL,12,True,0,0,0,3.49124911419413e-32,4.9874985068696014e-33,4.9874985068696014e-33,1.3116529976541868e-137,1.4962497114462895e-32
interpolation,0.9,172,156,ALBUMIN,6,True,0,0,0,5.2338036857407995e-33,2.6169018428703994e-33,1.0785749652743415e-77,1.3772201347742004e-138,2.6169018428703998e-33
interpolation,0.9,172,156,VIABILITY,6,True,0,0,0,1.3084509967097306e-32,2.6169018428703994e-33,2.6169018428703994e-33,7.527453093894112e-40,5.233804438486109e-33
interpolation,0.9,172,156,ALL,12,True,0,0,0,1.8318313652838108e-32,2.6169018428703994e-33,2.6169018428703994e-33,1.3772201347742004e-138,7.850706281356509e-33
interpolation,0.9,173,157,ALBUMIN,6,True,0,0,0,2.7445324634705734e-33,1.3722662317352865e-33,2.8291600741886424e-78,1.4452093283034309e-139,1.3722662317352867e-33
interpolation,0.9,173,157,VIABILITY,6,True,0,0,0,6.861331513974735e-33,1.3722662317352865e-33,1.3722662317352865e-33,3.5529830281737074e-40,2.744532818768876e-33
interpolation,0.9,173,157,ALL,12,True,0,0,0,9.60586397744531e-33,1.3722662317352865e-33,1.3722662317352865e-33,1.4452093283034309e-139,4.116799050504163e-33
interpolation,0.9,174,158,ALBUMIN,6,True,0,0,0,1.438363456941155e-33,7.191817284705774e-34,7.416714525781242e-79,1.5156685371266705e-140,7.191817284705775e-34
interpolation,0.9,174,158,VIABILITY,6,True,0,0,0,3.595908809957836e-33,7.191817284705774e-34,7.191817284705774e-34,1.676049484853516e-40,1.4383636245461032e-33
interpolation,0.9,174,158,ALL,12,True,0,0,0,5.034272266898991e-33,7.191817284705774e-34,7.191817284705774e-34,1.5156685371266705e-140,2.1575453530166812e-33
interpolation,0.9,175,159,ALBUMIN,6,True,0,0,0,7.533923685260891e-34,3.766961842630446e-34,1.9431910152292524e-79,1.5886449506040782e-141,3.7669618426304456e-34
interpolation,0.9,175,159,VIABILITY,6,True,0,0,0,1.8834810003343388e-33,3.766961842630446e-34,3.766961842630446e-34,7.901911578976939e-41,7.533924475452049e-34
interpolation,0.9,175,159,ALL,12,True,0,0,0,2.6368733688604277e-33,3.766961842630446e-34,3.766961842630446e-34,1.5886449506040782e-141,1.1300886318082495e-33
interpolation,0.9,176,160,ALBUMIN,6,True,0,0,0,3.943928462959714e-34,1.971964231479857e-34,5.08829508271184e-80,1.664184914151246e-142,1.971964231479857e-34
interpolation,0.9,176,160,VIABILITY,6,True,0,0,0,9.859821529732742e-34,1.971964231479857e-34,1.971964231479857e-34,3.72333456503438e-41,3.943928835293171e-34
interpolation,0.9,176,160,ALL,12,True,0,0,0,1.3803749992692457e-33,1.971964231479857e-34,1.971964231479857e-34,1.664184914151246e-142,5.915893066773028e-34
interpolation,0.9,177,161,ALBUMIN,6,True,0,0,0,2.0634547750876655e-34,1.0317273875438327e-34,1.3316339930597536e-80,1.7423338547710448e-143,1.0317273875438327e-34
interpolation,0.9,177,161,VIABILITY,6,True,0,0,0,5.158637113062561e-34,1.0317273875438327e-34,1.0317273875438327e-34,1.7534339727471735e-41,2.0634549504310625e-34
interpolation,0.9,177,161,ALL,12,True,0,0,0,7.222091888150226e-34,1.0317273875438327e-34,1.0317273875438327e-34,1.7423338547710448e-143,3.0951823379748955e-34
interpolation,0.9,178,162,ALBUMIN,6,True,0,0,0,1.0790009367163187e-34,5.395004683581594e-35,3.4830211954833942e-81,1.823136206667969e-144,5.395004683581594e-35
interpolation,0.9,178,162,VIABILITY,6,True,0,0,0,2.6975024243198892e-34,5.395004683581594e-35,5.395004683581594e-35,8.252909252720127e-42,1.0790010192454112e-34
interpolation,0.9,178,162,ALL,12,True,0,0,0,3.7765033610362077e-34,5.395004683581594e-35,5.395004683581594e-35,1.823136206667969e-144,1.6185014876035705e-34
interpolation,0.9,179,162,ALBUMIN,6,True,0,0,0,5.9874822596883e-34,2.99374112984415e-34,2.7997457257812793e-80,1.737964050193721e-143,2.99374112984415e-34
interpolation,0.9,179,162,VIABILITY,6,True,0,0,0,1.4968706148244286e-33,2.99374112984415e-34,2.99374112984415e-34,4.990235356799205e-41,5.987482758711836e-34
interpolation,0.9,179,162,ALL,12,True,0,0,0,2.0956188407932585e-33,2.99374112984415e-34,2.99374112984415e-34,1.737964050193721e-143,8.981223888555986e-34
interpolation,0.9,180,163,ALBUMIN,6,True,0,0,0,3.146565232959367e-34,1.5732826164796837e-34,7.359789743847067e-81,1.827708959253292e-144,1.5732826164796835e-34
interpolation,0.9,180,163,VIABILITY,6,True,0,0,0,7.866413318450155e-34,1.5732826164796837e-34,1.5732826164796837e-34,2.3605173559407653e-41,3.1465654690111026e-34
interpolation,0.9,180,163,ALL,12,True,0,0,0,1.1012978551409519e-33,1.5732826164796837e-34,1.5732826164796837e-34,1.827708959253292e-144,4.719848085490786e-34
interpolation,0.9,181,164,ALBUMIN,6,True,0,0,0,1.6526561917346866e-34,8.263280958673433e-35,1.9335844378087525e-81,1.920982799175593e-145,8.263280958673433e-35
interpolation,0.9,181,164,VIABILITY,6,True,0,0,0,4.131640590932034e-34,8.263280958673433e-35,8.263280958673433e-35,1.1159531837553523e-41,1.652656303330005e-34
interpolation,0.9,181,164,ALL,12,True,0,0,0,5.784296782666722e-34,8.263280958673433e-35,8.263280958673433e-35,1.920982799175593e-145,2.4789843991973484e-34
interpolation,0.9,182,165,ALBUMIN,6,True,0,0,0,8.675297792443647e-35,4.3376488962218235e-35,5.077087694101827e-82,2.017869051002882e-146,4.3376488962218235e-35
interpolation,0.9,182,165,VIABILITY,6,True,0,0,0,2.168824500838778e-34,4.3376488962218235e-35,4.3376488962218235e-35,5.2727866677218165e-42,8.675298319722314e-35
interpolation,0.9,182,165,ALL,12,True,0,0,0,3.036354280083143e-34,4.3376488962218235e-35,4.3376488962218235e-35,2.017869051002882e-146,1.3012947215944138e-34
interpolation,0.9,183,166,ALBUMIN,6,True,0,0,0,4.5514014844136655e-35,2.2757007422068328e-35,1.3323637164894213e-82,2.1184508146922842e-147,2.2757007422068328e-35
interpolation,0.9,183,166,VIABILITY,6,True,0,0,0,1.1378503960030333e-34,2.2757007422068328e-35,2.2757007422068328e-35,2.4899616783468302e-42,4.551401733409833e-35
interpolation,0.9,183,166,ALL,12,True,0,0,0,1.5929905444443996e-34,2.2757007422068328e-35,2.2757007422068328e-35,2.1184508146922842e-147,6.827102475616666e-35
interpolation,0.9,184,167,ALBUMIN,6,True,0,0,0,2.3865333709039547e-35,1.1932666854519773e-35,3.494542387168021e-83,2.2228107043147617e-148,1.1932666854519773e-35
interpolation,0.9,184,167,VIABILITY,6,True,0,0,0,5.96633354477835e-35,1.1932666854519773e-35,1.1932666854519773e-35,1.1751846394768913e-42,2.3865334884224185e-35
interpolation,0.9,184,167,ALL,12,True,0,0,0,8.352866915682306e-35,1.1932666854519773e-35,1.1932666854519773e-35,2.2228107043147617e-148,3.579800173874396e-35
interpolation,0.9,185,168,ALBUMIN,6,True,0,0,0,1.2507029378107484e-35,6.253514689053742e-36,9.160515985999863e-84,2.3310307418081064e-149,6.253514689053742e-36
interpolation,0.9,185,168,VIABILITY,6,True,0,0,0,3.126757399961765e-35,6.253514689053742e-36,6.253514689053742e-36,5.54348946186724e-43,1.250702993245643e-35
interpolation,0.9,185,168,ALL,12,True,0,0,0,4.3774603377725144e-35,6.253514689053742e-36,6.253514689053742e-36,2.3310307418081064e-149,1.8760544621510173e-35
interpolation,0.9,186,169,ALBUMIN,6,True,0,0,0,6.551002447204905e-36,3.2755012236024525e-36,2.400017178104652e-84,2.4431922494426873e-150,3.2755012236024525e-36
interpolation,0.9,186,169,VIABILITY,6,True,0,0,0,1.6377506379364775e-35,3.2755012236024525e-36,3.2755012236024525e-36,2.613525093023338e-43,6.551002708557415e-36
interpolation,0.9,186,169,ALL,12,True,0,0,0,2.2928508826569676e-35,3.2755012236024525e-36,3.2755012236024525e-36,2.4431922494426873e-150,9.826503932159867e-36
interpolation,0.9,187,170,ALBUMIN,6,True,0,0,0,3.4295005899271426e-36,1.714750294963571e-36,6.2845789623862e-85,2.5593757411626305e-151,1.7147502949635713e-36
interpolation,0.9,187,170,VIABILITY,6,True,0,0,0,8.573751597969171e-36,1.714750294963571e-36,1.714750294963571e-36,1.2315131591138729e-43,3.429500713078458e-36
interpolation,0.9,187,170,ALL,12,True,0,0,0,1.2003252187896314e-35,1.714750294963571e-36,1.714750294963571e-36,2.5593757411626305e-151,5.144251008042029e-36
interpolation,0.9,188,171,ALBUMIN,6,True,0,0,0,1.79442818849593e-36,8.972140942479652e-37,1.6447808432132613e-85,2.679660812968537e-152,8.97214094247965e-37
interpolation,0.9,188,171,VIABILITY,6,True,0,0,0,4.4860705292391505e-36,8.972140942479652e-37,8.972140942479652e-37,5.799932474136965e-44,1.794428246495255e-36
interpolation,0.9,188,171,ALL,12,True,0,0,0,6.28049871773508e-36,8.972140942479652e-37,8.972140942479652e-37,2.679660812968537e-152,2.6916423407432202e-36
interpolation,0.9,189,171,ALBUMIN,6,True,0,0,0,9.926534312016236e-36,4.963267156008118e-36,1.3182903150151256e-84,2.54725188052842e-151,4.963267156008118e-36
interpolation,0.9,189,171,VIABILITY,6,True,0,0,0,2.4816336129672637e-35,4.963267156008118e-36,4.963267156008118e-36,3.496320471214485e-43,9.926534661648283e-36
interpolation,0.9,189,171,ALL,12,True,0,0,0,3.4742870441688873e-35,4.963267156008118e-36,4.963267156008118e-36,2.54725188052842e-151,1.48898018176564e-35
interpolation,0.9,190,172,ALBUMIN,6,True,0,0,0,5.218472872083429e-36,2.6092364360417145e-36,3.466589628519259e-85,2.6796608129685354e-152,2.6092364360417145e-36
interpolation,0.9,190,172,VIABILITY,6,True,0,0,0,1.304618234565153e-35,2.6092364360417145e-36,2.6092364360417145e-36,1.6544295930245131e-43,5.2184730375263886e-36
interpolation,0.9,190,172,ALL,12,True,0,0,0,1.8264655217734962e-35,2.6092364360417145e-36,2.6092364360417145e-36,2.6796608129685354e-152,7.827709473568103e-36
interpolation,0.9,191,173,ALBUMIN,6,True,0,0,0,2.741917851077798e-36,1.370958925538899e-36,9.110808119216966e-86,2.817410906318942e-153,1.370958925538899e-36
interpolation,0.9,191,173,VIABILITY,6,True,0,0,0,6.854794705938302e-36,1.370958925538899e-36,1.370958925538899e-36,7.824380643133142e-44,2.7419179293216045e-36
interpolation,0.9,191,173,ALL,12,True,0,0,0,9.5967125570161e-36,1.370958925538899e-36,1.370958925538899e-36,2.817410906318942e-153,4.1128768548605033e-36
interpolation,0.9,192,174,ALBUMIN,6,True,0,0,0,1.4399029625226757e-36,7.1995148126133786e-37,2.393189292212643e-86,2.9606399210865575e-154,7.1995148126133786e-37
interpolation,0.9,192,174,VIABILITY,6,True,0,0,0,3.5997574432911116e-36,7.1995148126133786e-37,7.1995148126133786e-37,3.6984421959694975e-44,1.4399029995070977e-36
interpolation,0.9,192,174,ALL,12,True,0,0,0,5.039660405813787e-36,7.1995148126133786e-37,7.1995148126133786e-37,2.9606399210865575e-154,2.1598544807684355e-36
interpolation,0.9,193,175,ALBUMIN,6,True,0,0,0,7.5575720827368e-37,3.7787860413684e-37,6.282976463658567e-87,3.10948582671806e-155,3.7787860413684e-37
interpolation,0.9,193,175,VIABILITY,6,True,0,0,0,1.8893930381567947e-36,3.7787860413684e-37,3.7787860413684e-37,1.7472594820398935e-44,7.557572257462747e-37
interpolation,0.9,193,175,ALL,12,True,0,0,0,2.6451502464304745e-36,3.7787860413684e-37,3.7787860413684e-37,3.10948582671806e-155,1.1336358298831148e-36
interpolation,0.9,194,176,ALBUMIN,6,True,0,0,0,3.9646433597420705e-37,1.982321679871035e-37,1.648635135108505e-87,3.264086658252869e-156,1.9823216798710352e-37
interpolation,0.9,194,176,VIABILITY,6,True,0,0,0,9.911608481857873e-37,1.982321679871035e-37,1.982321679871035e-37,8.250269992927577e-45,3.964643442244769e-37
interpolation,0.9,194,176,ALL,12,True,0,0,0,1.3876251841599946e-36,1.982321679871035e-37,1.982321679871035e-37,3.264086658252869e-156,5.9469651221158055e-37
interpolation,0.9,195,177,ALBUMIN,6,True,0,0,0,2.078744625269728e-37,1.039372312634864e-37,4.323713124100303e-88,3.4245803696932994e-157,1.039372312634864e-37
interpolation,0.9,195,177,VIABILITY,6,True,0,0,0,5.196861602110517e-37,1.039372312634864e-37,1.039372312634864e-37,3.8936197903396507e-45,2.0787446642059256e-37
interpolation,0.9,195,177,ALL,12,True,0,0,0,7.275606227380245e-37,1.039372312634864e-37,1.039372312634864e-37,3.4245803696932994e-157,3.1181169768407895e-37
interpolation,0.9,196,178,ALBUMIN,6,True,0,0,0,1.0893707936256436e-37,5.446853968128218e-38,1.1333520072560395e-88,3.591104684272786e-158,5.446853968128218e-38
interpolation,0.9,196,178,VIABILITY,6,True,0,0,0,2.7234270024301666e-37,5.446853968128218e-38,5.446853968128218e-38,1.8366057721685933e-45,1.0893708119917012e-37
interpolation,0.9,196,178,ALL,12,True,0,0,0,3.812797796055811e-37,5.446853968128218e-38,5.446853968128218e-38,3.591104684272786e-158,1.6340562088045228e-37
interpolation,0.9,197,179,ALBUMIN,6,True,0,0,0,5.705979980070223e-38,2.852989990035112e-38,2.9692774441297433e-89,3.7637969418107814e-159,2.8529899900351113e-38
interpolation,0.9,197,179,VIABILITY,6,True,0,0,0,1.4264950036763565e-37,2.852989990035112e-38,2.852989990035112e-38,8.658800557283201e-46,5.70598006665823e-38
interpolation,0.9,197,179,ALL,12,True,0,0,0,1.9970930016833787e-37,2.852989990035112e-38,2.852989990035112e-38,3.7637969418107814e-159,8.55897005669334e-38
interpolation,0.9,198,180,ALBUMIN,6,True,0,0,0,2.9872185877619355e-38,1.493609293880968e-38,7.775299078157796e-90,3.9427939433503594e-160,1.4936092938809677e-38
interpolation,0.9,198,180,VIABILITY,6,True,0,0,0,7.46804651020682e-38,1.493609293880968e-38,1.493609293880968e-38,4.080198016052534e-46,2.987218628563916e-38
interpolation,0.9,198,180,ALL,12,True,0,0,0,1.0455265097968753e-37,1.493609293880968e-38,1.493609293880968e-38,3.9427939433503594e-160,4.480827922444884e-38
interpolation,0.9,199,180,ALBUMIN,6,True,0,0,0,1.6478816474404554e-37,8.239408237202276e-38,6.2157004866398934e-89,3.738462223408707e-159,8.239408237202277e-38
interpolation,0.9,199,180,VIABILITY,6,True,0,0,0,4.119704143130132e-37,8.239408237202276e-38,8.239408237202276e-38,2.452899432801502e-45,1.6478816719694495e-37
interpolation,0.9,199,180,ALL,12,True,0,0,0,5.767585790570588e-37,8.239408237202276e-38,8.239408237202276e-38,3.738462223408707e-159,2.4718224956896776e-37
interpolation,0.9,200,181,ALBUMIN,6,True,0,0,0,8.665824999838227e-38,4.3329124999191137e-38,1.6349769091330218e-89,3.933946898829e-160,4.3329124999191137e-38
interpolation,0.9,200,181,VIABILITY,6,True,0,0,0,2.166456261570105e-37,4.3329124999191137e-38,4.3329124999191137e-38,1.1610548403949836e-45,8.665825115943711e-38
interpolation,0.9,200,181,ALL,12,True,0,0,0,3.033038761553928e-37,4.3329124999191137e-38,4.3329124999191137e-38,3.933946898829e-160,1.2998737615862825e-37
interpolation,0.8,5,5,ALBUMIN,6,False,0,0,0,0.05241251379434543,0.02448519270213934,0.0007651622719418543,7.835261664684588e-06,0.02602335250768773
interpolation,0.8,5,5,VIABILITY,6,False,0,0,0,0.13688422494938296,0.02448519270213934,0.02448519270213934,0.014458261438686257,0.06342864684296494
interpolation,0.8,5,5,ALL,12,False,0,0,0,0.18929673874372838,0.02448519270213934,0.02448519270213934,7.835261664684588e-06,0.08945199935065266
interpolation,0.8,6,6,ALBUMIN,6,False,0,0,0,0.02422833137107832,0.011659615572447303,0.0001821814933194891,7.462153966366274e-07,0.01202472477448292
interpolation,0.8,6,6,VIABILITY,6,False,0,0,0,0.06449447562167349,0.011659615572447303,0.011659615572447303,0.0061963977594369675,0.029515628904331574
interpolation,0.8,6,6,ALL,12,False,0,0,0,0.08872280699275181,0.011659615572447303,0.011659615572447303,7.462153966366274e-07,0.04154035367881449
interpolation,0.8,7,7,ALBUMIN,6,False,0,0,0,0.011346645950372516,0.005552197891641572,4.337654602844978e-05,7.106813301301212e-08,0.005639022051831486
interpolation,0.8,7,7,VIABILITY,6,False,0,0,0,0.03041658849796656,0.005552197891641572,0.005552197891641572,0.0026555990397587,0.013759994823041844
interpolation,0.8,7,7,ALL,12,False,0,0,0,0.04176323444833908,0.005552197891641572,0.005552197891641572,7.106813301301212e-08,0.01939901687487333
interpolation,0.8,8,8,ALBUMIN,6,False,0,0,0,0.005352877212894225,0.002643903757924558,1.0327749054392805e-05,6.768393620286869e-09,0.002664566024426964
interpolation,0.8,8,8,VIABILITY,6,False,0,0,0,0.01435763266380509,0.002643903757924558,0.002643903757924558,0.0011381138741823,0.006425921390031416
interpolation,0.8,8,8,ALL,12,False,0,0,0,0.019710509876699315,0.002643903757924558,0.002643903757924558,6.768393620286869e-09,0.00909048741445838
interpolation,0.8,9,8,ALBUMIN,6,False,0,0,0,0.02789101462306572,0.013723119505417946,7.327783852878705e-05,5.575867125283944e-08,0.013869730941146774
interpolation,0.8,9,8,VIABILITY,6,False,0,0,0,0.07495651768324826,0.013723119505417946,0.013723119505417946,0.006340920156158529,0.03378715916699442
interpolation,0.8,9,8,ALL,12,False,0,0,0,0.10284753230631398,0.013723119505417946,0.013723119505417946,5.575867125283944e-08,0.04765689010814119
interpolation,0.8,10,9,ALBUMIN,6,False,0,0,0,0.014521491517029039,0.007194295939930769,1.9320618979306265e-05,5.893567233991287e-09,0.007232943071456615
interpolation,0.8,10,9,VIABILITY,6,False,0,0,0,0.03896773867454194,0.007194295939930769,0.007194295939930769,0.0029962589748880955,0.017384850854749632
interpolation,0.8,10,9,ALL,12,False,0,0,0,0.05348923019157098,0.007194295939930769,0.007194295939930769,5.893567233991287e-09,0.02461779392620625
interpolation,0.8,11,10,ALBUMIN,6,False,0,0,0,0.007519395577314627,0.0037398919370275037,5.046222273094421e-06,6.168366499861913e-10,0.0037499849984103427
interpolation,0.8,11,10,VIABILITY,6,False,0,0,0,0.020103022859420647,0.0037398919370275037,0.0037398919370275037,0.001403563174283128,0.008883347048338135
interpolation,0.8,11,10,ALL,12,False,0,0,0,0.027622418436735276,0.0037398919370275037,0.0037398919370275037,6.168366499861913e-10,0.012633332046748479
interpolation,0.8,12,11,ALBUMIN,6,False,0,0,0,0.0038726735993481693,0.0019304422212210307,1.3076898024198908e-06,6.403630309041932e-11,0.0019330576648621737
interpolation,0.8,12,11,VIABILITY,6,False,0,0,0,0.010304931974388797,0.0019304422212210307,0.0019304422212210307,0.000652720868283643,0.004513605310725704
interpolation,0.8,12,11,ALL,12,False,0,0,0,0.014177605573736965,0.0019304422212210307,0.0019304422212210307,6.403630309041932e-11,0.006446662975587878
interpolation,0.8,13,12,ALBUMIN,6,False,0,0,0,0.0019844424139919196,0.0009904683428800056,3.366424074394933e-07,6.602500815533916e-12,0.0009911416342973855
interpolation,0.8,13,12,VIABILITY,6,False,0,0,0,0.0052540194266319645,0.0009904683428800056,0.0009904683428800056,0.0003016777122319358,0.002282614397991947
interpolation,0.8,13,12,ALL,12,False,0,0,0,0.007238461840623883,0.0009904683428800056,0.0009904683428800056,6.602500815533916e-12,0.0032737560322893323
interpolation,0.8,14,12,ALBUMIN,6,False,0,0,0,0.007818110642240177,0.0038999112996498447,1.839453852052013e-06,4.215675936665343e-11,0.0039035902495107083
interpolation,0.8,14,12,VIABILITY,6,False,0,0,0,0.02077914014519663,0.0038999112996498447,0.0038999112996498447,0.0012795836469474055,0.009079406246247096
interpolation,0.8,14,12,ALL,12,False,0,0,0,0.028597250787436808,0.0038999112996498447,0.0038999112996498447,4.215675936665343e-11,0.012982996495757803
interpolation,0.8,15,13,ALBUMIN,6,False,0,0,0,0.004249639223647321,0.002121918381623832,5.036214568408842e-07,4.627264229360607e-12,0.002122925629164778
interpolation,0.8,15,13,VIABILITY,6,False,0,0,0,0.011237238265256251,0.002121918381623832,0.002121918381623832,0.0006276463571370924,0.004871483120384756
interpolation,0.8,15,13,ALL,12,False,0,0,0,0.01548687748890357,0.002121918381623832,0.002121918381623832,4.627264229360607e-12,0.006994408749549534
interpolation,0.8,16,14,ALBUMIN,6,False,0,0,0,0.002291831529094747,0.0011449991958952534,1.3663453507958527e-07,5.031438846031545e-13,0.0011452724654685564
interpolation,0.8,16,14,VIABILITY,6,False,0,0,0,0.006030255764729138,0.0011449991958952534,0.0011449991958952534,0.0003052597852528715,0.0025952581770433782
interpolation,0.8,16,14,ALL,12,False,0,0,0,0.008322087293823886,0.0011449991958952534,0.0011449991958952534,5.031438846031545e-13,0.0037405306425119344
interpolation,0.8,17,15,ALBUMIN,6,False,0,0,0,0.0012272619692142539,0.0006133424961790202,3.677414820576235e-08,5.426003755472423e-14,0.0006134160445296917
interpolation,0.8,17,15,VIABILITY,6,False,0,0,0,0.0032140686391026398,0.0006133424961790202,0.0006133424961790202,0.00014735615820753894,0.0013740411505655794
interpolation,0.8,17,15,ALL,12,False,0,0,0,0.004441330608316894,0.0006133424961790202,0.0006133424961790202,5.426003755472423e-14,0.001987457195095271
interpolation,0.8,18,16,ALBUMIN,6,False,0,0,0,0.000653014315291904,0.0003264166582369261,9.827694604889508e-09,5.809082635211127e-15,0.000326436313631945
interpolation,0.8,18,16,VIABILITY,6,False,0,0,0,0.001702743401970151,0.0003264166582369261,0.0003264166582369261,7.066011078552021e-05,0.0007234934272593725
interpolation,0.8,18,16,ALL,12,False,0,0,0,0.002355757717262055,0.0003264166582369261,0.0003264166582369261,5.809082635211127e-15,0.0010499297408913175
interpolation,0.8,19,16,ALBUMIN,6,False,0,0,0,0.0022932539535690027,0.0011462047666429092,4.832262832042214e-08,3.3495342589218614e-14,0.0011463014119330451
interpolation,0.8,19,16,VIABILITY,6,False,0,0,0,0.005998902351656685,0.0011462047666429092,0.0011462047666429092,0.0002678785184421397,0.002560288051727958
interpolation,0.8,19,16,ALL,12,False,0,0,0,0.008292156305225687,0.0011462047666429092,0.0011462047666429092,3.3495342589218614e-14,0.003706589463661003
interpolation,0.8,20,17,ALBUMIN,6,False,0,0,0,0.0012728314320188565,0.0006362770444499019,1.3493878768273566e-08,3.749093055299855e-15,0.0006363040322111874
interpolation,0.8,20,17,VIABILITY,6,False,0,0,0,0.003315436964067514,0.0006362770444499019,0.0006362770444499019,0.00013405174181800502,0.0014066058307178086
interpolation,0.8,20,17,ALL,12,False,0,0,0,0.004588268396086371,0.0006362770444499019,0.0006362770444499019,3.749093055299855e-15,0.0020429098629289964
interpolation,0.8,21,18,ALBUMIN,6,False,0,0,0,0.0007012971323422826,0.0003506032505042394,3.737926512769767e-09,4.1617994225573706e-16,0.00035061072635768115
interpolation,0.8,21,18,VIABILITY,6,False,0,0,0,0.0018195923086463612,0.0003506032505042394,0.0003506032505042394,6.657605612516403e-05,0.0007677825571336429
interpolation,0.8,21,18,ALL,12,False,0,0,0,0.0025208894409886437,0.0003506032505042394,0.0003506032505042394,4.1617994225573706e-16,0.001118393283491324
interpolation,0.8,22,19,ALBUMIN,6,True,0,0,0,0.0003838206524696771,0.00019189558720109374,1.0279397751298233e-09,4.585626302861282e-17,0.00019189764308068986
interpolation,0.8,22,19,VIABILITY,6,True,0,0,0,0.0009923161492842122,0.00019189558720109374,0.00019189558720109374,3.2838213278743536e-05,0.00041662938768093104
interpolation,0.8,22,19,ALL,12,True,0,0,0,0.001376136801753889,0.00019189558720109374,0.00019189558720109374,4.585626302861282e-17,0.0006085270307616209
interpolation,0.8,23,20,ALBUMIN,6,True,0,0,0,0.00020878475060228725,0.00010438760242241688,2.808256369333477e-10,5.018564066223183e-18,0.00010438816407369577
interpolation,0.8,23,20,VIABILITY,6,True,0,0,0,0.0005380341379632809,0.00010438760242241688,0.00010438760242241688,1.6096125851196526e-05,0.00022487133069603032
interpolation,0.8,23,20,ALL,12,True,0,0,0,0.0007468188885655682,0.00010438760242241688,0.00010438760242241688,5.018564066223183e-18,0.0003292594947697261
interpolation,0.8,24,20,ALBUMIN,6,True,0,0,0,0.0006880274802418375,0.0003439927988402226,1.3036604689880465e-09,2.7382065878960372e-17,0.00034399540616118795
interpolation,0.8,24,20,VIABILITY,6,True,0,0,0,0.0017773174069273358,0.0003439927988402226,0.0003439927988402226,5.735341272622309e-05,0.0007453390104066682
interpolation,0.8,24,20,ALL,12,True,0,0,0,0.0024653448871691736,0.0003439927988402226,0.0003439927988402226,2.7382065878960372e-17,0.0010893344165678561
interpolation,0.8,25,21,ALBUMIN,6,True,0,0,0,0.0003867816848749482,0.0001933838182347447,3.684971939666075e-10,3.101692482274281e-18,0.00019338455522913573
interpolation,0.8,25,21,VIABILITY,6,True,0,0,0,0.0009959817928999284,0.0001933838182347447,0.0001933838182347447,2.9062701726204875e-05,0.0004158303381956943
interpolation,0.8,25,21,ALL,12,True,0,0,0,0.001382763477774877,0.0001933838182347447,0.0001933838182347447,3.101692482274281e-18,0.0006092148934248301
interpolation,0.8,26,22,ALBUMIN,6,True,0,0,0,0.00021601384209045217,0.00010800457752869154,1.0342823846166464e-10,3.4881567992891957e-19,0.00010800478438516881
interpolation,0.8,26,22,VIABILITY,6,True,0,0,0,0.0005546515531451634,0.00010800457752869154,0.00010800457752869154,1.4628665501705782e-05,0.00023063782055908886
interpolation,0.8,26,22,ALL,12,True,0,0,0,0.0007706653952356156,0.00010800457752869154,0.00010800457752869154,3.4881567992891957e-19,0.00033864260494425767
interpolation,0.8,27,23,ALBUMIN,6,True,0,0,0,0.00011991286426003126,5.9955654187622656e-05,2.884173583040362e-11,3.896807447013423e-20,5.995571187109436e-05
interpolation,0.8,27,23,VIABILITY,6,True,0,0,0,0.0003070961908196183,5.9955654187622656e-05,5.9955654187622656e-05,7.3179198815049395e-06,0.00012722922825675025
interpolation,0.8,27,23,ALL,12,True,0,0,0,0.0004270090550796495,5.9955654187622656e-05,5.9955654187622656e-05,3.896807447013423e-20,0.0001871849401278446
interpolation,0.8,28,24,ALBUMIN,6,True,0,0,0,6.619252922374159e-05,3.309600759944749e-05,7.994576709864825e-12,4.326727275984325e-21,3.309602358860092e-05
interpolation,0.8,28,24,VIABILITY,6,True,0,0,0,0.00016911988088969725,3.309600759944749e-05,3.309600759944749e-05,3.6398428924597996e-06,6.983185809135477e-05
interpolation,0.8,28,24,ALL,12,True,0,0,0,0.00023531241011343884,3.309600759944749e-05,3.309600759944749e-05,4.326727275984325e-21,0.0001029278816799557
interpolation,0.8,29,24,ALBUMIN,6,True,0,0,0,0.00020944563355142717,0.00010472173183458126,3.579078887058321e-11,2.2802112446197602e-20,0.00010472180341615903
interpolation,0.8,29,24,VIABILITY,6,True,0,0,0,0.0005360758868390744,0.00010472173183458126,0.00010472173183458126,1.2467227666168135e-05,0.00022191069133533064
interpolation,0.8,29,24,ALL,12,True,0,0,0,0.0007455215203905016,0.00010472173183458126,0.00010472173183458126,2.2802112446197602e-20,0.00032663249475148965
interpolation,0.8,30,25,ALBUMIN,6,True,0,0,0,0.00011877512963838648,5.938719605877238e-05,1.0200625294048822e-11,2.6038242938414203e-21,5.938721646002297e-05
interpolation,0.8,30,25,VIABILITY,6,True,0,0,0,0.00030330810894961237,5.938719605877238e-05,5.938719605877238e-05,6.372128655750474e-06,0.00012514652077329523
interpolation,0.8,30,25,ALL,12,True,0,0,0,0.0004220832385879989,5.938719605877238e-05,5.938719605877238e-05,2.6038242938414203e-21,0.0001845337372333182
interpolation,0.8,31,26,ALBUMIN,6,True,0,0,0,6.696374343813578e-05,3.348174704402446e-05,2.88914998646757e-12,2.9544850500071394e-22,3.348175282232443e-05
interpolation,0.8,31,26,VIABILITY,6,True,0,0,0,0.00017064624152765797,3.348174704402446e-05,3.348174704402446e-05,3.2375063075356764e-06,7.020100039558461e-05
interpolation,0.8,31,26,ALL,12,True,0,0,0,0.00023760998496579378,3.348174704402446e-05,3.348174704402446e-05,2.9544850500071394e-22,0.00010368275321790903
interpolation,0.8,32,27,ALBUMIN,6,True,0,0,0,3.754713403228842e-05,1.8773525075944128e-05,8.135480218611712e-13,3.33252469272272e-23,1.8773526703040176e-05
interpolation,0.8,32,27,VIABILITY,6,True,0,0,0,9.550337411371799e-05,1.8773525075944128e-05,1.8773525075944128e-05,1.6357487339973463e-06,3.9182798885885605e-05
interpolation,0.8,32,27,ALL,12,True,0,0,0,0.0001330505081460064,1.8773525075944128e-05,1.8773525075944128e-05,3.33252469272272e-23,5.7956325588925773e-05
interpolation,0.8,33,28,ALBUMIN,6,True,0,0,0,2.0945205113571093e-05,1.0472588515475523e-05,2.2784023643432137e-13,3.7381419594967714e-24,1.0472588971155996e-05
interpolation,0.8,33,28,VIABILITY,6,True,0,0,0,5.3185100162911046e-05,1.0472588515475523e-05,1.0472588515475523e-05,8.22157585533433e-07,2.1767334616484478e-05
interpolation,0.8,33,28,ALL,12,True,0,0,0,7.413030527648214e-05,1.0472588515475523e-05,1.0472588515475523e-05,3.7381419594967714e-24,3.223992358764047e-05
interpolation,0.8,34,28,ALBUMIN,6,True,0,0,0,6.442638875811895e-05,3.221313665003617e-05,9.948385268742438e-13,1.9236149323546038e-23,3.221313863971322e-05
interpolation,0.8,34,28,VIABILITY,6,True,0,0,0,0.00016380559139995068,3.221313665003617e-05,3.221313665003617e-05,2.7399081497698014e-06,6.716618144984214e-05
interpolation,0.8,34,28,ALL,12,True,0,0,0,0.0002282319801580696,3.221313665003617e-05,3.221313665003617e-05,1.9236149323546038e-23,9.937932008955536e-05
interpolation,0.8,35,29,ALBUMIN,6,True,0,0,0,3.676996933928426e-05,1.838496487737344e-05,2.8523466633118627e-13,2.2094269473966732e-24,1.838496544784277e-05
interpolation,0.8,35,29,VIABILITY,6,True,0,0,0,9.333404847165667e-05,1.838496487737344e-05,1.838496487737344e-05,1.4092240847894638e-06,3.8179153839536347e-05
interpolation,0.8,35,29,ALL,12,True,0,0,0,0.0001301040178109409,1.838496487737344e-05,1.838496487737344e-05,2.2094269473966732e-24,5.656411928737911e-05
interpolation,0.8,36,30,ALBUMIN,6,True,0,0,0,2.0875492944163447e-05,1.0437739720670727e-05,8.13255110027215e-14,2.52332421402493e-25,1.0437739883321751e-05
interpolation,0.8,36,30,VIABILITY,6,True,0,0,0,5.290963782694638e-05,1.0437739720670727e-05,1.0437739720670727e-05,7.209392235927379e-07,2.1596418664934194e-05
interpolation,0.8,36,30,ALL,12,True,0,0,0,7.378513077110981e-05,1.0437739720670727e-05,1.0437739720670727e-05,2.52332421402493e-25,3.2034158548255944e-05
interpolation,0.8,37,31,ALBUMIN,6,True,0,0,0,1.1792940988933268e-05,5.8964682025548945e-06,2.3065752337445833e-14,2.8664475574586646e-26,5.8964682486863985e-06
interpolation,0.8,37,31,VIABILITY,6,True,0,0,0,2.9849305164894614e-05,5.8964682025548945e-06,5.8964682025548945e-06,3.669641521201361e-07,1.2159900557229927e-05
interpolation,0.8,37,31,ALL,12,True,0,0,0,4.1642246153827876e-05,5.8964682025548945e-06,5.8964682025548945e-06,2.8664475574586646e-26,1.8056368805916323e-05
interpolation,0.8,38,32,ALBUMIN,6,True,0,0,0,6.630816719943763e-06,3.3154075854998108e-06,6.50959972135368e-15,3.2398550042870054e-27,3.3154075985190104e-06
interpolation,0.8,38,32,VIABILITY,6,True,0,0,0,1.6762936490064078e-05,3.3154075854998108e-06,3.3154075854998108e-06,1.8589856256502615e-07,6.816713733564647e-06
interpolation,0.8,38,32,ALL,12,True,0,0,0,2.3393753210007844e-05,3.3154075854998108e-06,3.3154075854998108e-06,3.2398550042870054e-27,1.0132121332083658e-05
interpolation,0.8,39,32,ALBUMIN,6,True,0,0,0,1.9975080391073594e-05,9.987537071764655e-06,2.790870854487415e-14,1.6384556795734434e-26,9.987537127582071e-06
interpolation,0.8,39,32,VIABILITY,6,True,0,0,0,5.054483855831243e-05,9.987537071764655e-06,9.987537071764655e-06,6.07153199489159e-07,2.058222734301847e-05
interpolation,0.8,39,32,ALL,12,True,0,0,0,7.051991894938602e-05,9.987537071764655e-06,9.987537071764655e-06,1.6384556795734434e-26,3.056976447060054e-05
interpolation,0.8,40,33,ALBUMIN,6,True,0,0,0,1.14561966863631e-05,5.7280972658009365e-06,8.038107494462283e-15,1.8901758024865984e-27,5.728097281877152e-06
interpolation,0.8,40,33,VIABILITY,6,True,0,0,0,2.8954265763493106e-05,5.7280972658009365e-06,5.7280972658009365e-06,3.1377943448842356e-07,1.1769973966090296e-05
interpolation,0.8,40,33,ALL,12,True,0,0,0,4.0410462449856215e-05,5.7280972658009365e-06,5.7280972658009365e-06,1.8901758024865984e-27,1.7498071247967447e-05
interpolation,0.8,41,34,ALBUMIN,6,True,0,0,0,6.539093042136175e-06,3.269546151247564e-06,2.30344629665222e-15,2.169427873930531e-28,3.2695461558544564e-06
interpolation,0.8,41,34,VIABILITY,6,True,0,0,0,1.6509108234881707e-05,3.269546151247564e-06,3.269546151247564e-06,1.6137747864388572e-07,6.700469781139013e-06
interpolation,0.8,41,34,ALL,12,True,0,0,0,2.3048201277017884e-05,3.269546151247564e-06,3.269546151247564e-06,2.169427873930531e-28,9.97001593699347e-06
interpolation,0.8,42,35,ALBUMIN,6,True,0,0,0,3.7155464572859127e-06,1.8577731022743394e-06,6.569399303342056e-16,2.4778771654018555e-29,1.8577731035882192e-06
interpolation,0.8,42,35,VIABILITY,6,True,0,0,0,9.371480634684163e-06,1.8577731022743394e-06,1.8577731022743394e-06,8.261512331246492e-08,3.798161327861144e-06
interpolation,0.8,42,35,ALL,12,True,0,0,0,1.3087027091970074e-05,1.8577731022743394e-06,1.8577731022743394e-06,2.4778771654018555e-29,5.655934431449362e-06
interpolation,0.8,43,36,ALBUMIN,6,True,0,0,0,2.102091377423378e-06,1.0510456457182112e-06,1.865095399576297e-16,2.8171698552717496e-30,1.0510456460912303e-06
interpolation,0.8,43,36,VIABILITY,6,True,0,0,0,5.297336997733076e-06,1.0510456457182112e-06,1.0510456457182112e-06,4.210876914201993e-08,2.1442000605784426e-06
interpolation,0.8,43,36,ALL,12,True,0,0,0,7.399428375156455e-06,1.0510456457182112e-06,1.0510456457182112e-06,2.8171698552717496e-30,3.1952457066696726e-06
interpolation,0.8,44,36,ALBUMIN,6,True,0,0,0,6.231767898967338e-06,3.115883778570207e-06,7.885484324038424e-16,1.4059418395106426e-29,3.1158837801473042e-06
interpolation,0.8,44,36,VIABILITY,6,True,0,0,0,1.5714836942135688e-05,3.115883778570207e-06,3.115883778570207e-06,1.3541804928465211e-07,6.367185606425066e-06
interpolation,0.8,44,36,ALL,12,True,0,0,0,2.1946604841103024e-05,3.115883778570207e-06,3.115883778570207e-06,1.4059418395106426e-29,9.48306938657237e-06
interpolation,0.8,45,37,ALBUMIN,6,True,0,0,0,3.587900859935473e-06,1.7939503707654906e-06,2.2791962250684005e-16,1.627513925130514e-30,1.7939503712213299e-06
interpolation,0.8,45,37,VIABILITY,6,True,0,0,0,9.040001516980745e-06,1.7939503707654906e-06,1.7939503707654906e-06,7.024966315328993e-08,3.658150404684271e-06
interpolation,0.8,45,37,ALL,12,True,0,0,0,1.2627902376916218e-05,1.7939503707654906e-06,1.7939503707654906e-06,1.627513925130514e-30,5.452100775905601e-06
interpolation,0.8,46,38,ALBUMIN,6,True,0,0,0,2.0567037849060698e-06,1.0283518720368894e-06,6.557537253666561e-17,1.8752499038426942e-31,1.0283518721680402e-06
interpolation,0.8,46,38,VIABILITY,6,True,0,0,0,5.1780409456244784e-06,1.0283518720368894e-06,1.0283518720368894e-06,3.628158544003168e-08,2.0929853295138103e-06
interpolation,0.8,46,38,ALL,12,True,0,0,0,7.234744730530549e-06,1.0283518720368894e-06,1.0283518720368894e-06,1.8752499038426942e-31,3.1213372016818508e-06
interpolation,0.8,47,39,ALBUMIN,6,True,0,0,0,1.174058872343033e-06,5.870294291607543e-07,1.8784423297141673e-17,2.1511228483699867e-32,5.870294291983232e-07
interpolation,0.8,47,39,VIABILITY,6,True,0,0,0,2.9538061946857975e-06,5.870294291607543e-07,5.870294291607543e-07,1.8659048882025507e-08,1.1927179072035343e-06
interpolation,0.8,47,39,ALL,12,True,0,0,0,4.127865067028831e-06,5.870294291607543e-07,5.870294291607543e-07,2.1511228483699867e-32,1.7797473364018575e-06
interpolation,0.8,48,40,ALBUMIN,6,True,0,0,0,6.675349360062751e-07,3.3376746560546303e-07,5.358448851124418e-18,2.4571459212413327e-33,3.337674656161799e-07
interpolation,0.8,48,40,VIABILITY,6,True,0,0,0,1.6783946272585024e-06,3.3376746560546303e-07,3.3376746560546303e-07,9.557299231187156e-09,6.770922304421132e-07
interpolation,0.8,48,40,ALL,12,True,0,0,0,2.3459295632647775e-06,3.3376746560546303e-07,3.3376746560546303e-07,2.4571459212413327e-33,1.010859696058293e-06
interpolation,0.8,49,40,ALBUMIN,6,True,0,0,0,1.9539449236725684e-06,9.769724524125522e-07,2.24073052905114e-17,1.2135410079950432e-32,9.769724524573668e-07
interpolation,0.8,49,40,VIABILITY,6,True,0,0,0,4.915223560495865e-06,9.769724524125522e-07,9.769724524125522e-07,3.036129843310339e-08,1.984306203258208e-06
interpolation,0.8,49,40,ALL,12,True,0,0,0,6.869168484168433e-06,9.769724524125522e-07,9.769724524125522e-07,1.2135410079950432e-32,2.961278655715575e-06
interpolation,0.8,50,41,ALBUMIN,6,True,0,0,0,1.128498511639214e-06,5.642492525446698e-07,6.495039280416881e-18,1.408667304047847e-33,5.642492525576599e-07
interpolation,0.8,50,41,VIABILITY,6,True,0,0,0,2.837044761715111e-06,5.642492525446698e-07,5.642492525446698e-07,1.579849899176203e-08,1.1442970040811016e-06
interpolation,0.8,50,41,ALL,12,True,0,0,0,3.965543273354325e-06,5.642492525446698e-07,5.642492525446698e-07,1.408667304047847e-33,1.7085462566387612e-06
interpolation,0.8,51,42,ALBUMIN,6,True,0,0,0,6.491451974051055e-07,3.245725975691287e-07,1.8747529824800295e-18,1.628202917478955e-34,3.2457259757287824e-07
interpolation,0.8,51,42,VIABILITY,6,True,0,0,0,1.6310502676171923e-06,3.245725975691287e-07,3.245725975691287e-07,8.187279771548771e-09,6.573324749098062e-07
interpolation,0.8,51,42,ALL,12,True,0,0,0,2.280195465022298e-06,3.245725975691287e-07,3.245725975691287e-07,1.628202917478955e-34,9.819050724826843e-07
interpolation,0.8,52,43,ALBUMIN,6,True,0,0,0,3.719681119343721e-07,1.8598405557646878e-07,5.389559235527083e-19,1.8742746107765012e-35,1.8598405557754668e-07
interpolation,0.8,52,43,VIABILITY,6,True,0,0,0,9.34146617039292e-07,1.8598405557646878e-07,1.8598405557646878e-07,4.226339156947996e-09,3.761944503098856e-07
interpolation,0.8,52,43,ALL,12,True,0,0,0,1.3061147289736639e-06,1.8598405557646878e-07,1.8598405557646878e-07,1.8742746107765012e-35,5.621785058874321e-07
interpolation,0.8,53,44,ALBUMIN,6,True,0,0,0,2.1235340082066602e-07,1.0617670027615514e-07,1.543410450132804e-19,2.14909744046317e-36,1.0617670027646383e-07
interpolation,0.8,53,44,VIABILITY,6,True,0,0,0,5.330569942391266e-07,1.0617670027615514e-07,1.0617670027615514e-07,2.1734928583509175e-09,2.145268934106612e-07
interpolation,0.8,53,44,ALL,12,True,0,0,0,7.454103950597926e-07,1.0617670027615514e-07,1.0617670027615514e-07,2.14909744046317e-36,3.2070359368712506e-07
interpolation,0.8,54,44,ALBUMIN,6,True,0,0,0,6.151905283513835e-07,3.0759526365313704e-07,6.39688391741606e-19,1.052493914872029e-35,3.075952636544164e-07
interpolation,0.8,54,44,VIABILITY,6,True,0,0,0,1.5448127048594207e-06,3.0759526365313704e-07,3.0759526365313704e-07,6.83638659373571e-09,6.220269139000097e-07
interpolation,0.8,54,44,ALL,12,True,0,0,0,2.1600032332108043e-06,3.0759526365313704e-07,3.0759526365313704e-07,1.052493914872029e-35,9.296221775544262e-07
interpolation,0.8,55,45,ALBUMIN,6,True,0,0,0,3.5622380332857247e-07,1.7811190148222013e-07,1.858571064891458e-19,1.2244915376036167e-36,1.7811190148259185e-07
interpolation,0.8,55,45,VIABILITY,6,True,0,0,0,8.94125812683917e-07,1.7811190148222013e-07,1.7811190148222013e-07,3.5663052728165033e-09,3.597901082372567e-07
interpolation,0.8,55,45,ALL,12,True,0,0,0,1.2503496160124896e-06,1.7811190148222013e-07,1.7811190148222013e-07,1.2244915376036167e-36,5.379020097198486e-07
interpolation,0.8,56,46,ALBUMIN,6,True,0,0,0,2.0550242913525904e-07,1.0275121450443775e-07,5.378980125694824e-20,1.4189975218262813e-37,1.0275121450454533e-07
interpolation,0.8,56,46,VIABILITY,6,True,0,0,0,5.156094780554761e-07,1.0275121450443775e-07,1.0275121450443775e-07,1.8534055332873963e-09,2.073558345421629e-07
interpolation,0.8,56,46,ALL,12,True,0,0,0,7.211119071907353e-07,1.0275121450443775e-07,1.0275121450443775e-07,1.4189975218262813e-37,3.1010704904670826e-07
interpolation,0.8,57,47,ALBUMIN,6,True,0,0,0,1.1812771951312143e-07,5.9063859734708884e-08,1.550942292877506e-20,1.6381864017875904e-38,5.906385973473991e-08
interpolation,0.8,57,47,VIABILITY,6,True,0,0,0,2.96279017386208e-07,5.9063859734708884e-08,5.9063859734708884e-08,9.59718712663514e-10,1.1908743818208129e-07
interpolation,0.8,57,47,ALL,12,True,0,0,0,4.144067368993294e-07,5.9063859734708884e-08,5.9063859734708884e-08,1.6381864017875904e-38,1.781512979168212e-07
interpolation,0.8,58,48,ALBUMIN,6,True,0,0,0,6.766816078387816e-08,3.383408038440953e-08,4.455818244348154e-21,1.8843571781780765e-39,3.383408038441844e-08
interpolation,0.8,58,48,VIABILITY,6,True,0,0,0,1.6966562079785194e-07,3.383408038440953e-08,3.383408038440953e-08,4.952188758042926e-10,6.816337964462336e-08
interpolation,0.8,58,48,ALL,12,True,0,0,0,2.3733378158173013e-07,3.383408038440953e-08,3.383408038440953e-08,1.8843571781780765e-39,1.0199746002904179e-07
interpolation,0.8,59,48,ALBUMIN,6,True,0,0,0,1.9436315669865857e-07,9.718157832022611e-08,1.833263797804427e-20,9.164490482961402e-39,9.718157832026275e-08
interpolation,0.8,59,48,VIABILITY,6,True,0,0,0,4.874527594589284e-07,9.718157832022611e-08,9.718157832022611e-08,1.5448678577978577e-09,1.9590802449825005e-07
interpolation,0.8,59,48,ALL,12,True,0,0,0,6.818159161575869e-07,9.718157832022611e-08,9.718157832022611e-08,9.164490482961402e-39,2.9308960281851274e-07
interpolation,0.8,60,49,ALBUMIN,6,True,0,0,0,1.1279068412040768e-07,5.639534205004261e-08,5.3368861639479075e-21,1.0682311231775654e-39,5.6395342050053274e-08
interpolation,0.8,60,49,VIABILITY,6,True,0,0,0,2.8278432465637256e-07,5.639534205004261e-08,5.639534205004261e-08,8.076144061595203e-10,1.1359829850624473e-07
interpolation,0.8,60,49,ALL,12,True,0,0,0,3.955750087767802e-07,5.639534205004261e-08,5.639534205004261e-08,1.0682311231775654e-39,1.69993640556298e-07
interpolation,0.8,61,50,ALBUMIN,6,True,0,0,0,6.522656017691225e-08,3.261328008492105e-08,1.5480372385553834e-21,1.2406093544767187e-40,3.2613280084924144e-08
interpolation,0.8,61,50,VIABILITY,6,True,0,0,0,1.634871179756776e-07,3.261328008492105e-08,3.261328008492105e-08,4.207175510723461e-10,6.564727772091444e-08
interpolation,0.8,61,50,ALL,12,True,0,0,0,2.2871367815258982e-07,3.261328008492105e-08,3.261328008492105e-08,1.2406093544767187e-40,9.826055780583859e-08
interpolation,0.8,62,51,ALBUMIN,6,True,0,0,0,3.7594069127104425e-08,1.879703456232661e-08,4.474668364175549e-22,1.435735173048427e-41,1.8797034562327502e-08
interpolation,0.8,62,51,VIABILITY,6,True,0,0,0,9.42035985784741e-08,1.879703456232661e-08,1.879703456232661e-08,2.184257668410521e-10,3.781249489149427e-08
interpolation,0.8,62,51,ALL,12,True,0,0,0,1.317976677055785e-07,1.879703456232661e-08,1.879703456232661e-08,1.435735173048427e-41,5.660952945382178e-08
interpolation,0.8,63,52,ALBUMIN,6,True,0,0,0,2.1597669080666322e-08,1.079883453990966e-08,1.2890770974834199e-22,1.6559097314821636e-42,1.0798834539909918e-08
interpolation,0.8,63,52,VIABILITY,6,True,0,0,0,5.410720274687389e-08,1.079883453990966e-08,1.079883453990966e-08,1.130300473255881e-10,2.1710699127144908e-08
interpolation,0.8,63,52,ALL,12,True,0,0,0,7.570487182754023e-08,1.079883453990966e-08,1.079883453990966e-08,1.6559097314821636e-42,3.250953366705482e-08
interpolation,0.8,64,52,ALBUMIN,6,True,0,0,0,6.158866919515717e-08,3.079433459595201e-08,5.27106618084858e-22,8.006630730983218e-42,3.0794334595953064e-08
interpolation,0.8,64,52,VIABILITY,6,True,0,0,0,1.5432184339599543e-07,3.079433459595201e-08,3.079433459595201e-08,3.501704162353821e-10,6.19388396081394e-08
interpolation,0.8,64,52,ALL,12,True,0,0,0,2.1591051259115267e-07,3.079433459595201e-08,3.079433459595201e-08,8.006630730983218e-42,9.273317420409247e-08
interpolation,0.8,65,53,ALBUMIN,6,True,0,0,0,3.580692553103851e-08,1.790346276495035e-08,1.5370397876563416e-22,9.34765588681678e-43,1.7903462764950657e-08
interpolation,0.8,65,53,VIABILITY,6,True,0,0,0,8.970070420131431e-08,1.790346276495035e-08,1.790346276495035e-08,1.8339037656255994e-10,3.599031590646326e-08
interpolation,0.8,65,53,ALL,12,True,0,0,0,1.2550762973235283e-07,1.790346276495035e-08,1.790346276495035e-08,9.34765588681678e-43,5.3893778671413915e-08
interpolation,0.8,66,54,ALBUMIN,6,True,0,0,0,2.0750201918166e-08,1.037510095888469e-08,4.4669066116265205e-23,1.0876157385759897e-43,1.0375100958884777e-08
interpolation,0.8,66,54,VIABILITY,6,True,0,0,0,5.197123450323344e-08,1.037510095888469e-08,1.037510095888469e-08,9.572970880999842e-11,2.0845931626579376e-08
interpolation,0.8,66,54,ALL,12,True,0,0,0,7.272143642139943e-08,1.037510095888469e-08,1.037510095888469e-08,1.0876157385759897e-43,3.122103258546415e-08
interpolation,0.8,67,55,ALBUMIN,6,True,0,0,0,1.198702944523817e-08,5.99351472255018e-09,1.2939329630999081e-23,1.2612958375431046e-44,5.9935147225502055e-09
interpolation,0.8,67,55,VIABILITY,6,True,0,0,0,3.001738582892861e-08,5.99351472255018e-09,5.99351472255018e-09,4.981221617770432e-11,1.2036841661278064e-08
interpolation,0.8,67,55,ALL,12,True,0,0,0,4.200441527416677e-08,5.99351472255018e-09,5.99351472255018e-09,1.2612958375431046e-44,1.8030356383828266e-08
interpolation,0.8,68,56,ALBUMIN,6,True,0,0,0,6.903630694768658e-09,3.4518153473604625e-09,3.736332468605884e-24,1.458054068408965e-45,3.45181534736047e-09
interpolation,0.8,68,56,VIABILITY,6,True,0,0,0,1.7284916443839522e-08,3.4518153473604625e-09,3.4518153473604625e-09,2.5839707037207896e-11,6.9294704017581325e-09
interpolation,0.8,68,56,ALL,12,True,0,0,0,2.4188547138608177e-08,3.4518153473604625e-09,3.4518153473604625e-09,1.458054068408965e-45,1.0381285749118604e-08
interpolation,0.8,69,56,ALBUMIN,6,True,0,0,0,1.956557630024398e-08,9.782788150030816e-09,1.519794065620181e-23,7.015075994251466e-45,9.782788150030846e-09
interpolation,0.8,69,56,VIABILITY,6,True,0,0,0,4.899352102713263e-08,9.782788150030816e-09,9.782788150030816e-09,7.958027697854051e-11,1.9645156577040175e-08
interpolation,0.8,69,56,ALL,12,True,0,0,0,6.855909732737659e-08,9.782788150030816e-09,9.782788150030816e-09,7.015075994251466e-45,2.9427944727071015e-08
interpolation,0.8,70,57,ALBUMIN,6,True,0,0,0,1.1393453243617343e-08,5.696726621776736e-09,4.438063582132167e-24,8.201306330443914e-46,5.696726621776745e-09
interpolation,0.8,70,57,VIABILITY,6,True,0,0,0,2.8525375637638223e-08,5.696726621776736e-09,5.696726621776736e-09,4.1742528754541025e-11,1.1435195772308014e-08
interpolation,0.8,70,57,ALL,12,True,0,0,0,3.9918828881255566e-08,5.696726621776736e-09,5.696726621776736e-09,8.201306330443914e-46,1.7131922394084758e-08
interpolation,0.8,71,58,ALBUMIN,6,True,0,0,0,6.614433912284451e-09,3.3072169561310746e-09,1.2919006949772996e-24,9.557562003771599e-47,3.307216956131077e-09
interpolation,0.8,71,58,VIABILITY,6,True,0,0,0,1.6557912705081492e-08,3.3072169561310746e-09,3.3072169561310746e-09,2.1827924426120223e-11,6.63626183668827e-09
interpolation,0.8,71,58,ALL,12,True,0,0,0,2.3172346617365944e-08,3.3072169561310746e-09,3.3072169561310746e-09,9.557562003771599e-47,9.943478792819347e-09
interpolation,0.8,72,59,ALBUMIN,6,True,0,0,0,3.828634466279073e-09,1.914317233135655e-09,3.7491561702986264e-25,1.1103689128891755e-47,1.914317233135656e-09
interpolation,0.8,72,59,VIABILITY,6,True,0,0,0,9.582966280444411e-09,1.914317233135655e-09,1.914317233135655e-09,1.1380114766135918e-11,3.840014581037446e-09
interpolation,0.8,72,59,ALL,12,True,0,0,0,1.3411600746723485e-08,1.914317233135655e-09,1.914317233135655e-09,1.1103689128891755e-47,5.754331814173102e-09
interpolation,0.8,73,60,ALBUMIN,6,True,0,0,0,2.209767960129208e-09,1.1048839800632565e-09,1.0847927476910629e-25,1.2861281515949891e-48,1.104883980063257e-09
interpolation,0.8,73,60,VIABILITY,6,True,0,0,0,5.5303357853328876e-09,1.1048839800632565e-09,1.1048839800632565e-09,5.9158850166041775e-12,2.2156838451431176e-09
interpolation,0.8,73,60,ALL,12,True,0,0,0,7.740103745462096e-09,1.1048839800632565e-09,1.1048839800632565e-09,1.2861281515949891e-48,3.320567825206374e-09
interpolation,0.8,74,60,ALBUMIN,6,True,0,0,0,6.22940248219697e-09,3.1147012410933617e-09,4.392590874397732e-25,6.161515575694742e-48,3.1147012410933625e-09
interpolation,0.8,74,60,VIABILITY,6,True,0,0,0,1.559163297125022e-08,3.1147012410933617e-09,3.1147012410933617e-09,1.8126765783414903e-11,6.247529247970138e-09
interpolation,0.8,74,60,ALL,12,True,0,0,0,2.1821035453447195e-08,3.1147012410933617e-09,3.1147012410933617e-09,6.161515575694742e-48,9.3622304890635e-09
interpolation,0.8,75,61,ALBUMIN,6,True,0,0,0,3.6325909734942774e-09,1.816295486745342e-09,1.2843107299368616e-25,7.212023072151764e-49,1.8162954867453423e-09
interpolation,0.8,75,61,VIABILITY,6,True,0,0,0,9.090998435922085e-09,1.816295486745342e-09,1.816295486745342e-09,9.521002195376875e-12,3.642111975686061e-09
interpolation,0.8,75,61,ALL,12,True,0,0,0,1.2723589409416364e-08,1.816295486745342e-09,1.816295486745342e-09,7.212023072151764e-49,5.458407462431403e-09
interpolation,0.8,76,62,ALBUMIN,6,True,0,0,0,2.1122095281195503e-09,1.0561047640591471e-09,3.7439265486049456e-26,8.41632828030495e-50,1.0561047640591471e-09
interpolation,0.8,76,62,VIABILITY,6,True,0,0,0,5.285510169546596e-09,1.0561047640591471e-09,1.0561047640591471e-09,4.986349250860342e-12,2.1171958773691545e-09
interpolation,0.8,76,62,ALL,12,True,0,0,0,7.397719697666146e-09,1.0561047640591471e-09,1.0561047640591471e-09,8.41632828030495e-50,3.173300641428301e-09
interpolation,0.8,77,63,ALBUMIN,6,True,0,0,0,1.2247364878091974e-09,6.123682439043796e-10,1.0882516751101732e-26,9.793135559851818e-51,6.123682439043796e-10
interpolation,0.8,77,63,VIABILITY,6,True,0,0,0,3.0644453087005238e-09,6.123682439043796e-10,6.123682439043796e-10,2.604089178625848e-12,1.227340576987385e-09
interpolation,0.8,77,63,ALL,12,True,0,0,0,4.289181796509722e-09,6.123682439043796e-10,6.123682439043796e-10,9.793135559851818e-51,1.8397088208917644e-09
interpolation,0.8,78,64,ALBUMIN,6,True,0,0,0,7.082177870996577e-10,3.541088935497527e-10,3.1543623573338765e-27,1.136293023606588e-51,3.541088935497527e-10
interpolation,0.8,78,64,VIABILITY,6,True,0,0,0,1.7719007064133617e-09,3.541088935497527e-10,3.541088935497527e-10,1.3562386645982589e-12,7.095740257641036e-10
interpolation,0.8,78,64,ALL,12,True,0,0,0,2.480118493513019e-09,3.541088935497527e-10,3.541088935497527e-10,1.136293023606588e-51,1.0636829193138563e-09
interpolation,0.8,79,64,ALBUMIN,6,True,0,0,0,1.987216474570615e-09,9.93608237285019e-10,1.2722553511522652e-26,5.423491232032796e-51,9.93608237285019e-10
interpolation,0.8,79,64,VIABILITY,6,True,0,0,0,4.972178349092383e-09,9.93608237285019e-10,9.93608237285019e-10,4.137162667288315e-12,1.991353637237326e-09
interpolation,0.8,79,64,ALL,12,True,0,0,0,6.959394823662998e-09,9.93608237285019e-10,9.93608237285019e-10,5.423491232032796e-51,2.9849618745223456e-09
interpolation,0.8,80,65,ALBUMIN,6,True,0,0,0,1.1602448529840109e-09,5.801224264919042e-10,3.723897545083206e-27,6.354819233663244e-52,5.801224264919041e-10
interpolation,0.8,80,65,VIABILITY,6,True,0,0,0,2.9027877505177693e-09,5.801224264919042e-10,5.801224264919042e-10,2.1756180582480066e-12,1.1624204710420565e-09
interpolation,0.8,80,65,ALL,12,True,0,0,0,4.063032603501779e-09,5.801224264919042e-10,5.801224264919042e-10,6.354819233663244e-52,1.7425428975339605e-09
interpolation,0.8,81,66,ALBUMIN,6,True,0,0,0,6.755728403326088e-10,3.3778642016626894e-10,1.0869287637090118e-27,7.425006300981486e-53,3.3778642016626894e-10
interpolation,0.8,81,66,VIABILITY,6,True,0,0,0,1.6900730579969122e-09,3.3778642016626894e-10,3.3778642016626894e-10,1.140957165567405e-12,6.767137974981053e-10
interpolation,0.8,81,66,ALL,12,True,0,0,0,2.365645898329521e-09,3.3778642016626894e-10,3.3778642016626894e-10,7.425006300981486e-53,1.0145002176643742e-09
interpolation,0.8,82,67,ALBUMIN,6,True,0,0,0,3.923229628090932e-10,1.9616148140453422e-10,3.1638593798278643e-28,8.651533877235878e-54,1.9616148140453422e-10
interpolation,0.8,82,67,VIABILITY,6,True,0,0,0,9.814041594329975e-10,1.9616148140453422e-10,1.9616148140453422e-10,5.967524103263088e-13,3.929197152193947e-10
interpolation,0.8,82,67,ALL,12,True,0,0,0,1.3737271222420908e-09,1.9616148140453422e-10,1.9616148140453422e-10,8.651533877235878e-54,5.89081196623929e-10
interpolation,0.8,83,68,ALBUMIN,6,True,0,0,0,2.2724485366249217e-10,1.1362242683124177e-10,9.184964903626717e-29,1.0053655917042775e-54,1.1362242683124177e-10
interpolation,0.8,83,68,VIABILITY,6,True,0,0,0,5.68423440149074e-10,1.1362242683124177e-10,1.1362242683124177e-10,3.1130599286509423e-13,2.2755615965534863e-10
interpolation,0.8,83,68,ALL,12,True,0,0,0,7.956682938115662e-10,1.1362242683124177e-10,1.1362242683124177e-10,1.0053655917042775e-54,3.411785864865904e-10
interpolation,0.8,84,68,ALBUMIN,6,True,0,0,0,6.350270875662823e-10,3.175135437831249e-10,3.691786963958073e-28,4.7829368280085794e-54,3.1751354378312493e-10
interpolation,0.8,84,68,VIABILITY,6,True,0,0,0,1.5885136334615951e-09,3.175135437831249e-10,3.175135437831249e-10,9.459145459708296e-13,6.359730021122205e-10
interpolation,0.8,84,68,ALL,12,True,0,0,0,2.2235407210278776e-09,3.175135437831249e-10,3.175135437831249e-10,4.7829368280085794e-54,9.534865458953457e-10
interpolation,0.8,85,69,ALBUMIN,6,True,0,0,0,3.711679950402948e-10,1.8558399752014166e-10,1.0816312241035774e-28,5.609454462567126e-55,1.8558399752014168e-10
interpolation,0.8,85,69,VIABILITY,6,True,0,0,0,9.284179431680162e-10,1.8558399752014166e-10,1.8558399752014166e-10,4.979555673079578e-13,3.7166595060759127e-10
interpolation,0.8,85,69,ALL,12,True,0,0,0,1.2995859382083112e-09,1.8558399752014166e-10,1.8558399752014166e-10,5.609454462567126e-55,5.57249948127733e-10
interpolation,0.8,86,70,ALBUMIN,6,True,0,0,0,2.1638522854817456e-10,1.0819261427408527e-10,3.160575944016031e-29,6.561174377374689e-56,1.0819261427408527e-10
interpolation,0.8,86,70,VIABILITY,6,True,0,0,0,5.412245268558316e-10,1.0819261427408527e-10,1.0819261427408527e-10,2.61455485405199e-13,2.1664668403357575e-10
interpolation,0.8,86,70,ALL,12,True,0,0,0,7.576097554040062e-10,1.0819261427408527e-10,1.0819261427408527e-10,6.561174377374689e-56,3.24839298307661e-10
interpolation,0.8,87,71,ALBUMIN,6,True,0,0,0,1.258320454303372e-10,6.291602271516789e-11,9.211428775408687e-30,7.654330966216215e-57,6.291602271516789e-11
interpolation,0.8,87,71,VIABILITY,6,True,0,0,0,3.147170445283245e-10,6.291602271516789e-11,6.291602271516789e-11,1.369309524849711e-13,1.2596897638282077e-10
interpolation,0.8,87,71,ALL,12,True,0,0,0,4.405490899586616e-10,6.291602271516789e-11,6.291602271516789e-11,7.654330966216215e-57,1.8888499909798866e-10
interpolation,0.8,88,72,ALBUMIN,6,True,0,0,0,7.299417198129797e-11,3.649708599064874e-11,2.6778715392135506e-30,8.906892301261216e-58,3.6497085990648744e-11
interpolation,0.8,88,72,VIABILITY,6,True,0,0,0,1.82556966734517e-10,3.649708599064874e-11,3.649708599064874e-11,7.153678127334232e-14,7.30657087625708e-11
interpolation,0.8,88,72,ALL,12,True,0,0,0,2.5555113871581505e-10,3.649708599064874e-11,3.649708599064874e-11,8.906892301261216e-58,1.0956279475321954e-10
interpolation,0.8,89,72,ALBUMIN,6,True,0,0,0,2.0323879000694012e-10,1.0161939500346914e-10,1.0730435079622122e-29,4.2251456602433694e-57,1.0161939500346914e-10
interpolation,0.8,89,72,VIABILITY,6,True,0,0,0,5.083135879431558e-10,1.0161939500346914e-10,1.0161939500346914e-10,2.1661292581006498e-13,2.0345540293274833e-10
interpolation,0.8,89,72,ALL,12,True,0,0,0,7.115523779500959e-10,1.0161939500346914e-10,1.0161939500346914e-10,4.2251456602433694e-57,3.050747979362175e-10
interpolation,0.8,90,73,ALBUMIN,6,True,0,0,0,1.1890712264774419e-10,5.945356132387178e-11,3.1465392584965893e-30,4.959354596294366e-58,5.945356132387177e-11
interpolation,0.8,90,73,VIABILITY,6,True,0,0,0,2.973819451256153e-10,5.945356132387178e-11,5.945356132387178e-11,1.1413850625634815e-13,1.1902126115399993e-10
interpolation,0.8,90,73,ALL,12,True,0,0,0,4.162890677733595e-10,5.945356132387178e-11,5.945356132387178e-11,4.959354596294366e-58,1.784748224778717e-10
interpolation,0.8,91,74,ALBUMIN,6,True,0,0,0,6.939733750535948e-11,3.469866875267962e-11,9.203467474029875e-31,5.8063420418407435e-59,3.469866875267962e-11
interpolation,0.8,91,74,VIABILITY,6,True,0,0,0,1.7355333727302142e-10,3.469866875267962e-11,3.469866875267962e-11,5.999350962326883e-14,6.945733101498253e-11
interpolation,0.8,91,74,ALL,12,True,0,0,0,2.4295067477838087e-10,3.469866875267962e-11,3.469866875267962e-11,5.8063420418407435e-59,1.0415599976766213e-10
interpolation,0.8,92,75,ALBUMIN,6,True,0,0,0,4.040512098053968e-11,2.0202560490269797e-11,2.685336247854918e-31,6.781109519818422e-60,2.02025604902698e-11
interpolation,0.8,92,75,VIABILITY,6,True,0,0,0,1.0104426008436834e-10,2.0202560490269797e-11,2.0202560490269797e-11,3.145763301934865e-14,4.0436578613558945e-11
interpolation,0.8,92,75,ALL,12,True,0,0,0,1.4144938106490802e-10,2.0202560490269797e-11,2.0202560490269797e-11,6.781109519818422e-60,6.063913910382875e-11
interpolation,0.8,93,76,ALBUMIN,6,True,0,0,0,2.346998497874022e-11,1.1734992489370097e-11,7.816280802101689e-32,7.900331989673898e-61,1.1734992489370095e-11
interpolation,0.8,93,76,VIABILITY,6,True,0,0,0,5.869141836188376e-11,1.1734992489370097e-11,1.1734992489370097e-11,1.645591503328776e-14,2.348644089377348e-11
interpolation,0.8,93,76,ALL,12,True,0,0,0,8.216140334062397e-11,1.1734992489370097e-11,1.1734992489370097e-11,7.900331989673898e-61,3.5221433383143574e-11
interpolation,0.8,94,76,ALBUMIN,6,True,0,0,0,6.51357957768182e-11,3.256789788840905e-11,3.123491302312837e-31,3.738023134624246e-60,3.256789788840905e-11
interpolation,0.8,94,76,VIABILITY,6,True,0,0,0,1.628891634469048e-10,3.256789788840905e-11,3.256789788840905e-11,4.9674004859565445e-14,6.518546978167766e-11
interpolation,0.8,94,76,ALL,12,True,0,0,0,2.2802495922372302e-10,3.256789788840905e-11,3.256789788840905e-11,3.738023134624246e-60,9.775336767008672e-11
interpolation,0.8,95,77,ALBUMIN,6,True,0,0,0,3.814178051039424e-11,1.90708902551971e-11,9.16622702035636e-32,4.39082016151097e-61,1.9070890255197102e-11
interpolation,0.8,95,77,VIABILITY,6,True,0,0,0,9.538064783390018e-11,1.90708902551971e-11,1.90708902551971e-11,2.6196557914677457e-14,3.8167977068308876e-11
interpolation,0.8,95,77,ALL,12,True,0,0,0,1.3352242834429444e-10,1.90708902551971e-11,1.90708902551971e-11,4.39082016151097e-61,5.7238867323505975e-11
interpolation,0.8,96,78,ALBUMIN,6,True,0,0,0,2.2282587867782754e-11,1.114129393389137e-11,2.683465207544546e-32,5.145133432679397e-62,1.114129393389137e-11
interpolation,0.8,96,78,VIABILITY,6,True,0,0,0,5.572025236395911e-11,1.114129393389137e-11,1.114129393389137e-11,1.3782694502259866e-14,2.2296370562285e-11
interpolation,0.8,96,78,ALL,12,True,0,0,0,7.800284023174186e-11,1.114129393389137e-11,1.114129393389137e-11,5.145133432679397e-62,3.343766449617637e-11
interpolation,0.8,97,79,ALBUMIN,6,True,0,0,0,1.2987822949036099e-11,6.493911474518048e-12,7.837547862077493e-33,6.014770889513041e-63,6.493911474518048e-12
interpolation,0.8,97,79,VIABILITY,6,True,0,0,0,3.247679209518265e-11,6.493911474518048e-12,6.493911474518048e-12,7.234722592413231e-15,1.2995057671628508e-11
interpolation,0.8,97,79,ALL,12,True,0,0,0,4.546461504421875e-11,6.493911474518048e-12,6.493911474518048e-12,6.014770889513041e-63,1.9488969146146556e-11
interpolation,0.8,98,80,ALBUMIN,6,True,0,0,0,7.553270826562177e-12,3.776635413281088e-12,2.2838434959030173e-33,7.01513923369278e-64,3.776635413281088e-12
interpolation,0.8,98,80,VIABILITY,6,True,0,0,0,1.8886966111193575e-11,3.776635413281088e-12,3.776635413281088e-12,3.789044788135889e-15,7.557059871350312e-12
interpolation,0.8,98,80,ALL,12,True,0,0,0,2.644023693775575e-11,3.776635413281088e-12,3.776635413281088e-12,7.01513923369278e-64,1.13336952846314e-11
interpolation,0.8,99,80,ALBUMIN,6,True,0,0,0,2.090129358351568e-11,1.0450646791757839e-11,9.104182191205002e-33,3.311534889194284e-63,1.0450646791757839e-11
interpolation,0.8,99,80,VIABILITY,6,True,0,0,0,5.226463976503941e-11,1.0450646791757839e-11,1.0450646791757839e-11,1.1405806250222646e-14,2.0912699389765898e-11
interpolation,0.8,99,80,ALL,12,True,0,0,0,7.31659333485551e-11,1.0450646791757839e-11,1.0450646791757839e-11,3.311534889194284e-63,3.136334618152374e-11
interpolation,0.8,100,81,ALBUMIN,6,True,0,0,0,1.2248914546419033e-11,6.124457273209515e-12,2.673577135634559e-33,3.892435578152143e-64,6.124457273209516e-12
interpolation,0.8,100,81,VIABILITY,6,True,0,0,0,3.062830603383533e-11,6.124457273209515e-12,6.124457273209515e-12,6.019667787747009e-15,1.2254934214206777e-11
interpolation,0.8,100,81,ALL,12,True,0,0,0,4.2877220580254355e-11,6.124457273209515e-12,6.124457273209515e-12,3.892435578152143e-64,1.8379391487416295e-11
interpolation,0.8,101,82,ALBUMIN,6,True,0,0,0,7.162271961412185e-12,3.5811359807060917e-12,7.833346148907482e-34,4.564669345553543e-65,3.581135980706092e-12
interpolation,0.8,101,82,VIABILITY,6,True,0,0,0,1.79088497626079e-11,3.5811359807060917e-12,3.5811359807060917e-12,3.1698590774424403e-15,7.1654418204896265e-12
interpolation,0.8,101,82,ALL,12,True,0,0,0,2.507112172402009e-11,3.5811359807060917e-12,3.5811359807060917e-12,4.564669345553543e-65,1.0746577801195719e-11
interpolation,0.8,102,83,ALBUMIN,6,True,0,0,0,4.178817251274604e-12,2.0894086256373024e-12,2.2899519969003733e-34,5.340905650276927e-66,2.089408625637302e-12
interpolation,0.8,102,83,VIABILITY,6,True,0,0,0,1.0448708645732208e-11,2.0894086256373024e-12,2.0894086256373024e-12,1.6655175456962999e-15,4.180482768820301e-12
interpolation,0.8,102,83,ALL,12,True,0,0,0,1.462752589700681e-11,2.0894086256373024e-12,2.0894086256373024e-12,5.340905650276927e-66,6.269891394457603e-12
interpolation,0.8,103,84,ALBUMIN,6,True,0,0,0,2.4329057169428015e-12,1.2164528584714008e-12,6.67960592698637e-35,6.235328951003733e-67,1.2164528584714006e-12
interpolation,0.8,103,84,VIABILITY,6,True,0,0,0,6.083137506101126e-12,1.2164528584714008e-12,1.2164528584714008e-12,8.732137441226017e-16,2.433778930686924e-12
interpolation,0.8,103,84,ALL,12,True,0,0,0,8.516043223043926e-12,1.2164528584714008e-12,1.2164528584714008e-12,6.235328951003733e-67,3.650231789158324e-12
interpolation,0.8,104,84,ALBUMIN,6,True,0,0,0,6.714545908280316e-12,3.357272954140158e-12,2.6568310049936224e-34,2.937291913115541e-66,3.357272954140158e-12
interpolation,0.8,104,84,VIABILITY,6,True,0,0,0,1.6788986712121247e-11,3.357272954140158e-12,3.357272954140158e-12,2.621941420453123e-15,6.717167849700769e-12
interpolation,0.8,104,84,ALL,12,True,0,0,0,2.350353262040156e-11,3.357272954140158e-12,3.357272954140158e-12,2.937291913115541e-66,1.0074440803840928e-11
interpolation,0.8,105,85,ALBUMIN,6,True,0,0,0,3.937790591449184e-12,1.9688952957245925e-12,7.807083484976721e-35,3.4546208341147566e-67,1.968895295724592e-12
interpolation,0.8,105,85,VIABILITY,6,True,0,0,0,9.845861224952678e-12,1.9688952957245925e-12,1.9688952957245925e-12,1.3847463297158828e-15,3.9391753377789e-12
interpolation,0.8,105,85,ALL,12,True,0,0,0,1.3783651816401863e-11,1.9688952957245925e-12,1.9688952957245925e-12,3.4546208341147566e-67,5.908070633503493e-12
interpolation,0.8,106,86,ALBUMIN,6,True,0,0,0,2.3044051109602827e-12,1.1522025554801414e-12,2.2890756717533393e-35,4.0540926975703336e-68,1.1522025554801414e-12
interpolation,0.8,106,86,VIABILITY,6,True,0,0,0,5.76174253809415e-12,1.1522025554801414e-12,1.1522025554801414e-12,7.297606934432271e-16,2.305134871653726e-12
interpolation,0.8,106,86,ALL,12,True,0,0,0,8.066147649054433e-12,1.1522025554801414e-12,1.1522025554801414e-12,4.0540926975703336e-68,3.457337427133867e-12
interpolation,0.8,107,87,ALBUMIN,6,True,0,0,0,1.3457181733532862e-12,6.728590866766431e-13,6.697267564662992e-36,4.747302853674699e-69,6.728590866766431e-13
interpolation,0.8,107,87,VIABILITY,6,True,0,0,0,3.3646792049864015e-12,6.728590866766431e-13,6.728590866766431e-13,3.8377160318624295e-16,1.3461019449564724e-12
interpolation,0.8,107,87,ALL,12,True,0,0,0,4.7103973783396875e-12,6.728590866766431e-13,6.728590866766431e-13,4.747302853674699e-69,2.0189610316331156e-12
interpolation,0.8,108,88,ALBUMIN,6,True,0,0,0,7.842540117553197e-13,3.9212700587765983e-13,1.9553317700348284e-36,5.5472728601507755e-70,3.9212700587765983e-13
interpolation,0.8,108,88,VIABILITY,6,True,0,0,0,1.960836432357705e-12,3.9212700587765983e-13,3.9212700587765983e-13,2.0140296940546777e-16,7.844554147247251e-13
interpolation,0.8,108,88,ALL,12,True,0,0,0,2.745090444113024e-12,3.9212700587765983e-13,3.9212700587765983e-13,5.5472728601507755e-70,1.176582420602385e-12
interpolation,0.8,109,88,ALBUMIN,6,True,0,0,0,2.159268285056463e-12,1.0796341425282313e-12,7.761783763457073e-36,2.608233686501423e-69,1.0796341425282315e-12
interpolation,0.8,109,88,VIABILITY,6,True,0,0,0,5.398774070966651e-12,1.0796341425282313e-12,1.0796341425282313e-12,6.033583254937065e-16,2.1598716433819564e-12
interpolation,0.8,109,88,ALL,12,True,0,0,0,7.558042356023114e-12,1.0796341425282313e-12,1.0796341425282313e-12,2.608233686501423e-69,3.2395057859101873e-12
interpolation,0.8,110,89,ALBUMIN,6,True,0,0,0,1.267145929164649e-12,6.335729645823245e-13,2.2821017956386768e-36,3.0692862405162765e-70,6.335729645823245e-13
interpolation,0.8,110,89,VIABILITY,6,True,0,0,0,3.1681836803681966e-12,6.335729645823245e-13,6.335729645823245e-13,3.1885745657410886e-16,1.267464786621223e-12
interpolation,0.8,110,89,ALL,12,True,0,0,0,4.4353296095328454e-12,6.335729645823245e-13,6.335729645823245e-13,3.0692862405162765e-70,1.9010377512035474e-12
interpolation,0.8,111,90,ALBUMIN,6,True,0,0,0,7.420872927382214e-13,3.7104364636911073e-13,6.6956831126194255e-37,3.604199283763369e-71,3.710436463691107e-13
interpolation,0.8,111,90,VIABILITY,6,True,0,0,0,1.8553863906075154e-12,3.7104364636911073e-13,3.7104364636911073e-13,1.6815876196180202e-16,7.422554515001832e-13
interpolation,0.8,111,90,ALL,12,True,0,0,0,2.5974736833457365e-12,3.7104364636911073e-13,3.7104364636911073e-13,3.604199283763369e-71,1.1132990978692938e-12
interpolation,0.8,112,91,ALBUMIN,6,True,0,0,0,4.3371952213857266e-13,2.1685976106928636e-13,1.960465737862346e-37,4.223563139482031e-72,2.1685976106928633e-13
interpolation,0.8,112,91,VIABILITY,6,True,0,0,0,1.0843873090840985e-12,2.1685976106928636e-13,2.1685976106928636e-13,8.850373766672557e-17,4.338080258762394e-13
interpolation,0.8,112,91,ALL,12,True,0,0,0,1.518106831222671e-12,2.1685976106928636e-13,2.1685976106928636e-13,4.223563139482031e-72,6.506677869455257e-13
interpolation,0.8,113,92,ALBUMIN,6,True,0,0,0,2.529911584171672e-13,1.2649557920858357e-13,5.728562507540459e-38,4.939303543506991e-73,1.264955792085836e-13
interpolation,0.8,113,92,VIABILITY,6,True,0,0,0,6.325243839435937e-13,1.2649557920858357e-13,1.2649557920858357e-13,4.6487900675916e-17,2.53037646317843e-13
interpolation,0.8,113,92,ALL,12,True,0,0,0,8.855155423607609e-13,1.2649557920858357e-13,1.2649557920858357e-13,4.939303543506991e-73,3.795332255264266e-13
interpolation,0.8,114,92,ALBUMIN,6,True,0,0,0,6.950323943591332e-13,3.475161971795666e-13,2.2698245629103014e-37,2.3183827557352895e-72,3.475161971795666e-13
interpolation,0.8,114,92,VIABILITY,6,True,0,0,0,1.7377199632059108e-12,3.475161971795666e-13,3.475161971795666e-13,1.38977308077763e-16,6.95171371667211e-13
interpolation,0.8,114,92,ALL,12,True,0,0,0,2.432752357565044e-12,3.475161971795666e-13,3.475161971795666e-13,2.3183827557352895e-72,1.0426875688467776e-12
interpolation,0.8,115,93,ALBUMIN,6,True,0,0,0,4.081174306576708e-13,2.0405871532883542e-13,6.677178334211658e-38,2.7295630573579523e-73,2.040587153288354e-13
interpolation,0.8,115,93,VIABILITY,6,True,0,0,0,1.0203670645581937e-12,2.0405871532883542e-13,2.0405871532883542e-13,7.348791401682786e-17,4.0819091857168767e-13
interpolation,0.8,115,93,ALL,12,True,0,0,0,1.4284844952158646e-12,2.0405871532883542e-13,2.0405871532883542e-13,2.7295630573579523e-73,6.12249633900523e-13
interpolation,0.8,116,94,ALBUMIN,6,True,0,0,0,2.391710874642853e-13,1.1958554373214264e-13,1.9602742407336593e-38,3.207147035439021e-74,1.1958554373214264e-13
interpolation,0.8,116,94,VIABILITY,6,True,0,0,0,5.979665002138222e-13,1.1958554373214264e-13,1.1958554373214264e-13,3.8781553108958984e-17,2.3920986901739423e-13
interpolation,0.8,116,94,ALL,12,True,0,0,0,8.371375876781074e-13,1.1958554373214264e-13,1.1958554373214264e-13,3.207147035439021e-74,3.5879541274953685e-13
interpolation,0.8,117,95,ALBUMIN,6,True,0,0,0,1.3989157474679425e-13,6.994578737339713e-14,5.743551048586656e-39,3.760790613515886e-75,6.994578737339713e-14
interpolation,0.8,117,95,VIABILITY,6,True,0,0,0,3.497493630802831e-13,6.994578737339713e-14,6.994578737339713e-14,2.0426213297502507e-17,1.3991200096009173e-13
interpolation,0.8,117,95,ALL,12,True,0,0,0,4.896409378270774e-13,6.994578737339713e-14,6.994578737339713e-14,3.760790613515886e-75,2.0985778833348886e-13
interpolation,0.8,118,96,ALBUMIN,6,True,0,0,0,8.166749961924313e-14,4.083374980962157e-14,1.6795776426374222e-39,4.4013945593964793e-76,4.083374980962157e-14
interpolation,0.8,118,96,VIABILITY,6,True,0,0,0,2.041794869542267e-13,4.083374980962157e-14,4.083374980962157e-14,1.0737906118823985e-17,8.167823752536197e-14
interpolation,0.8,118,96,ALL,12,True,0,0,0,2.858469865734698e-13,4.083374980962157e-14,4.083374980962157e-14,4.4013945593964793e-76,1.225119873349835e-13
interpolation,0.8,119,96,ALBUMIN,6,True,0,0,0,2.239126521047717e-13,1.1195632605238584e-13,6.643851575370437e-39,2.0626522368671681e-75,1.1195632605238584e-13
interpolation,0.8,119,96,VIABILITY,6,True,0,0,0,5.59813670408677e-13,1.1195632605238584e-13,1.1195632605238584e-13,3.204014674771964e-17,2.2394469225151942e-13
interpolation,0.8,119,96,ALL,12,True,0,0,0,7.837263225134487e-13,1.1195632605238584e-13,1.1195632605238584e-13,2.0626522368671681e-75,3.3590101830390524e-13
interpolation,0.8,120,97,ALBUMIN,6,True,0,0,0,1.3155208434507082e-13,6.577604217253541e-14,1.955370638900368e-39,2.4295908325748428e-76,6.577604217253541e-14
interpolation,0.8,120,97,VIABILITY,6,True,0,0,0,3.2889716192231266e-13,6.577604217253541e-14,6.577604217253541e-14,1.6951059635585215e-17,1.315690354047064e-13
interpolation,0.8,120,97,ALL,12,True,0,0,0,4.604492462673834e-13,6.577604217253541e-14,6.577604217253541e-14,2.4295908325748428e-76,1.973450775772418e-13
interpolation,0.8,121,98,ALBUMIN,6,True,0,0,0,7.714232425099086e-14,3.857116212549543e-14,5.7437478132450105e-40,2.856224630788976e-77,3.857116212549543e-14
interpolation,0.8,121,98,VIABILITY,6,True,0,0,0,1.928647615820165e-13,3.857116212549543e-14,3.857116212549543e-14,8.950954539313653e-18,7.715127520553018e-14
interpolation,0.8,121,98,ALL,12,True,0,0,0,2.700070858330073e-13,3.857116212549543e-14,3.857116212549543e-14,2.856224630788976e-77,1.157224373310256e-13
interpolation,0.8,122,99,ALBUMIN,6,True,0,0,0,4.5152134885666864e-14,2.2576067442833432e-14,1.6839689316444298e-40,3.3513451699879795e-78,2.2576067442833432e-14
interpolation,0.8,122,99,VIABILITY,6,True,0,0,0,1.128850548769427e-13,2.2576067442833432e-14,2.2576067442833432e-14,4.7176627755431305e-18,4.5156852548442404e-14
interpolation,0.8,122,99,ALL,12,True,0,0,0,1.5803718976260955e-13,2.2576067442833432e-14,2.2576067442833432e-14,3.3513451699879795e-78,6.773291999127584e-14
interpolation,0.8,123,100,ALBUMIN,6,True,0,0,0,2.6379633189805727e-14,1.3189816594902864e-14,4.927880188130914e-41,3.9249000998411454e-79,1.3189816594902864e-14
interpolation,0.8,123,100,VIABILITY,6,True,0,0,0,6.595156487280856e-14,1.3189816594902864e-14,1.3189816594902864e-14,2.4818982942444144e-18,2.638211508809997e-14
interpolation,0.8,123,100,ALL,12,True,0,0,0,9.23311980626143e-14,1.3189816594902864e-14,1.3189816594902864e-14,3.9249000998411454e-79,3.9571931683002835e-14
interpolation,0.8,124,100,ALBUMIN,6,True,0,0,0,7.219347661422875e-14,3.609673830711437e-14,1.9463123469703804e-40,1.8366931237955264e-78,3.609673830711437e-14
interpolation,0.8,124,100,VIABILITY,6,True,0,0,0,1.804910841308518e-13,3.609673830711437e-14,3.609673830711437e-14,7.392595279954093e-18,7.22008692095087e-14
interpolation,0.8,124,100,ALL,12,True,0,0,0,2.5268456074508054e-13,3.609673830711437e-14,3.609673830711437e-14,1.8366931237955264e-78,1.0829760751662306e-13
interpolation,0.8,125,101,ALBUMIN,6,True,0,0,0,4.243629450427015e-14,2.1218147252135075e-14,5.730779340827322e-41,2.1643477325281896e-79,2.1218147252135075e-14
interpolation,0.8,125,101,VIABILITY,6,True,0,0,0,1.0609464927637688e-13,2.1218147252135075e-14,2.1218147252135075e-14,3.91301570150838e-18,4.244020751997166e-14
interpolation,0.8,125,101,ALL,12,True,0,0,0,1.4853094378064705e-13,2.1218147252135075e-14,2.1218147252135075e-14,2.1643477325281896e-79,6.365835477210673e-14
interpolation,0.8,126,102,ALBUMIN,6,True,0,0,0,2.4899058465869323e-14,1.2449529232934661e-14,1.6842375772498575e-41,2.545665555565878e-80,1.2449529232934661e-14
interpolation,0.8,126,102,VIABILITY,6,True,0,0,0,6.224971357593081e-14,1.2449529232934661e-14,1.2449529232934661e-14,2.0674112574954464e-18,2.490112587712682e-14
interpolation,0.8,126,102,ALL,12,True,0,0,0,8.714877204180013e-14,1.2449529232934661e-14,1.2449529232934661e-14,2.545665555565878e-80,3.735065511006148e-14
interpolation,0.8,127,103,ALBUMIN,6,True,0,0,0,1.4583037266809992e-14,7.291518633404996e-15,4.9407823502119126e-42,2.9886417089340684e-81,7.291518633404996e-15
interpolation,0.8,127,103,VIABILITY,6,True,0,0,0,3.6458683493576827e-14,7.291518633404996e-15,7.291518633404996e-15,1.0903265518415402e-18,1.4584127593361834e-14
interpolation,0.8,127,103,ALL,12,True,0,0,0,5.1041720760386815e-14,7.291518633404996e-15,7.291518633404996e-15,2.9886417089340684e-81,2.1875646226766832e-14
interpolation,0.8,128,104,ALBUMIN,6,True,0,0,0,8.526011412531065e-15,4.263005706265532e-15,1.4467870551809257e-42,3.502341652132759e-82,4.263005706265532e-15
interpolation,0.8,128,104,VIABILITY,6,True,0,0,0,2.131560253433879e-14,4.263005706265532e-15,4.263005706265532e-15,5.7400301112845e-19,8.526585415542193e-15
interpolation,0.8,128,104,ALL,12,True,0,0,0,2.9841613946869854e-14,4.263005706265532e-15,4.263005706265532e-15,3.502341652132759e-82,1.2789591121807725e-14
interpolation,0.8,129,104,ALBUMIN,6,True,0,0,0,2.3293617304868272e-14,1.1646808652434136e-14,5.706133700552037e-42,1.6367719389133199e-81,1.1646808652434136e-14
interpolation,0.8,129,104,VIABILITY,6,True,0,0,0,5.823575022655114e-14,1.1646808652434136e-14,1.1646808652434136e-14,1.7069643804646016e-18,2.329532426924874e-14
interpolation,0.8,129,104,ALL,12,True,0,0,0,8.152936753141942e-14,1.1646808652434136e-14,1.1646808652434136e-14,1.6367719389133199e-81,3.4942132921682875e-14
interpolation,0.8,130,105,ALBUMIN,6,True,0,0,0,1.3698730509434895e-14,6.8493652547174485e-15,1.680817090640876e-42,1.9295138793401235e-82,6.849365254717448e-15
interpolation,0.8,130,105,VIABILITY,6,True,0,0,0,3.4247730204909224e-14,6.8493652547174485e-15,6.8493652547174485e-15,9.039313219790875e-19,1.3699634440756876e-14
interpolation,0.8,130,105,ALL,12,True,0,0,0,4.7946460714344113e-14,6.8493652547174485e-15,6.8493652547174485e-15,1.9295138793401235e-82,2.0548999695474322e-14
interpolation,0.8,131,106,ALBUMIN,6,True,0,0,0,8.041881151583017e-15,4.0209405757915084e-15,4.942158224130977e-43,2.270497375958152e-83,4.0209405757915084e-15
interpolation,0.8,131,106,VIABILITY,6,True,0,0,0,2.0105180711105633e-14,4.0209405757915084e-15,4.0209405757915084e-15,4.778321480888144e-19,8.042358983731106e-15
interpolation,0.8,131,106,ALL,12,True,0,0,0,2.814706186268865e-14,4.0209405757915084e-15,4.0209405757915084e-15,2.270497375958152e-83,1.2063299559522615e-14
interpolation,0.8,132,107,ALBUMIN,6,True,0,0,0,4.712827845749248e-15,2.3564139228746238e-15,1.4505866576925443e-43,2.666986107424802e-84,2.356413922874624e-15
interpolation,0.8,132,107,VIABILITY,6,True,0,0,0,1.1782321763266035e-14,2.3564139228746238e-15,2.3564139228746238e-15,2.5214889291512564e-19,4.713079994642163e-15
interpolation,0.8,132,107,ALL,12,True,0,0,0,1.6495149609015284e-14,2.3564139228746238e-15,2.3564139228746238e-15,2.666986107424802e-84,7.069493917516787e-15
interpolation,0.8,133,108,ALBUMIN,6,True,0,0,0,2.757175703470401e-15,1.3785878517352005e-15,4.25024915881523e-44,3.127232057027833e-85,1.3785878517352005e-15
interpolation,0.8,133,108,VIABILITY,6,True,0,0,0,6.893072087717049e-15,1.3785878517352005e-15,1.3785878517352005e-15,1.328290410475946e-19,2.7573085325114484e-15
interpolation,0.8,133,108,ALL,12,True,0,0,0,9.650247791187452e-15,1.3785878517352005e-15,1.3785878517352005e-15,3.127232057027833e-85,4.1358963842466495e-15
interpolation,0.8,134,108,ALBUMIN,6,True,0,0,0,7.520943742354773e-15,3.760471871177386e-15,1.6741065244975108e-43,1.459671798849407e-84,3.7604718711773865e-15
interpolation,0.8,134,108,VIABILITY,6,True,0,0,0,1.880275377075707e-14,3.760471871177386e-15,3.760471871177386e-15,3.9441487014179757e-19,7.521338157224913e-15
interpolation,0.8,134,108,ALL,12,True,0,0,0,2.6323697513111842e-14,3.760471871177386e-15,3.760471871177386e-15,1.459671798849407e-84,1.1281810028402299e-14
interpolation,0.8,135,109,ALBUMIN,6,True,0,0,0,4.424914602444912e-15,2.212457301222456e-15,4.933168556823971e-44,1.7213603246876157e-85,2.212457301222456e-15
interpolation,0.8,135,109,VIABILITY,6,True,0,0,0,1.1062495458013646e-14,2.212457301222456e-15,2.212457301222456e-15,2.089519013660134e-19,4.425123554346278e-15
interpolation,0.8,135,109,ALL,12,True,0,0,0,1.548741006045856e-14,2.212457301222456e-15,2.212457301222456e-15,1.7213603246876157e-85,6.637580855568733e-15
interpolation,0.8,136,110,ALBUMIN,6,True,0,0,0,2.5989472197982053e-15,1.2994736098991027e-15,1.4511544613665588e-44,2.0264185844570096e-86,1.2994736098991027e-15
interpolation,0.8,136,110,VIABILITY,6,True,0,0,0,6.497478557750281e-15,1.2994736098991027e-15,1.2994736098991027e-15,1.1050825476812007e-19,2.5990577280529734e-15
interpolation,0.8,136,110,ALL,12,True,0,0,0,9.096425777548487e-15,1.2994736098991027e-15,1.2994736098991027e-15,2.0264185844570096e-86,3.8985313379520765e-15
interpolation,0.8,137,111,ALBUMIN,6,True,0,0,0,1.523918804040836e-15,7.619594020204181e-16,4.2614598305009084e-45,2.3814402680419204e-87,7.61959402020418e-16
interpolation,0.8,137,111,VIABILITY,6,True,0,0,0,3.809855356009051e-15,7.619594020204181e-16,7.619594020204181e-16,5.834590696040522e-20,1.5239771499477966e-15
interpolation,0.8,137,111,ALL,12,True,0,0,0,5.333774160049887e-15,7.619594020204181e-16,7.619594020204181e-16,2.3814402680419204e-87,2.2859365519682143e-15
interpolation,0.8,138,112,ALBUMIN,6,True,0,0,0,8.92091721420675e-16,4.460458607103375e-16,1.2493156535520424e-45,2.793929544560245e-88,4.460458607103375e-16
interpolation,0.8,138,112,VIABILITY,6,True,0,0,0,2.230260057792047e-15,4.460458607103375e-16,4.460458607103375e-16,3.0754240359413204e-20,8.921224756610344e-16
interpolation,0.8,138,112,ALL,12,True,0,0,0,3.122351779212722e-15,4.460458607103375e-16,4.460458607103375e-16,2.793929544560245e-88,1.3381683363713719e-15
interpolation,0.8,139,112,ALBUMIN,6,True,0,0,0,2.42987192250678e-15,1.21493596125339e-15,4.914887932378704e-45,1.3026117526036552e-87,1.21493596125339e-15
interpolation,0.8,139,112,VIABILITY,6,True,0,0,0,6.074770999396055e-15,1.21493596125339e-15,1.21493596125339e-15,9.119312910444332e-20,2.4299631156358846e-15
interpolation,0.8,139,112,ALL,12,True,0,0,0,8.504642921902835e-15,1.21493596125339e-15,1.21493596125339e-15,1.3026117526036552e-87,3.6448990768892744e-15
interpolation,0.8,140,113,ALBUMIN,6,True,0,0,0,1.4301840281782709e-15,7.150920140891354e-16,1.448802580290909e-45,1.536658147176463e-88,7.150920140891354e-16
interpolation,0.8,140,113,VIABILITY,6,True,0,0,0,3.575508401301641e-15,7.150920140891354e-16,7.150920140891354e-16,4.833085596383522e-20,1.4302323590342346e-15
interpolation,0.8,140,113,ALL,12,True,0,0,0,5.005692429479912e-15,7.150920140891354e-16,7.150920140891354e-16,1.536658147176463e-88,2.14532437312337e-15
interpolation,0.8,141,114,ALBUMIN,6,True,0,0,0,8.403976598428665e-16,4.201988299214332e-16,4.263585236278424e-46,1.809697248920864e-89,4.2019882992143327e-16
interpolation,0.8,141,114,VIABILITY,6,True,0,0,0,2.1010197217340287e-15,4.201988299214332e-16,4.201988299214332e-16,2.5572126862627382e-20,8.404232319697291e-16
interpolation,0.8,141,114,ALL,12,True,0,0,0,2.9414173815768955e-15,4.201988299214332e-16,4.201988299214332e-16,1.809697248920864e-89,1.2606220618911625e-15
interpolation,0.8,142,115,ALBUMIN,6,True,0,0,0,4.930297486678793e-16,2.4651487433393964e-16,1.2526284278094952e-46,2.12771037207438e-90,2.4651487433393964e-16
interpolation,0.8,142,115,VIABILITY,6,True,0,0,0,1.2325878799589545e-15,2.4651487433393964e-16,2.4651487433393964e-16,1.3508289256348026e-20,4.930432569571356e-16
interpolation,0.8,142,115,ALL,12,True,0,0,0,1.7256176286268338e-15,2.4651487433393964e-16,2.4651487433393964e-16,2.12771037207438e-90,7.395581312910753e-16
interpolation,0.8,143,116,ALBUMIN,6,True,0,0,0,2.8878029364987415e-16,1.4439014682493708e-16,3.674195938496862e-47,2.4975159722298085e-91,1.4439014682493708e-16
interpolation,0.8,143,116,VIABILITY,6,True,0,0,0,7.219578583209973e-16,1.4439014682493708e-16,1.4439014682493708e-16,7.124196311907034e-21,2.8878741784618606e-16
interpolation,0.8,143,116,ALL,12,True,0,0,0,1.0107381519708714e-15,1.4439014682493708e-16,1.4439014682493708e-16,2.4975159722298085e-91,4.3317756467112307e-16
interpolation,0.8,144,116,ALBUMIN,6,True,0,0,0,7.85509410445362e-16,3.92754705222681e-16,1.4438214922872093e-46,1.1631805251268923e-90,3.92754705222681e-16
interpolation,0.8,144,116,VIABILITY,6,True,0,0,0,1.9637946236560085e-15,3.92754705222681e-16,3.92754705222681e-16,2.1097542603566137e-20,7.855305079879656e-16
interpolation,0.8,144,116,ALL,12,True,0,0,0,2.7493040341013707e-15,3.92754705222681e-16,3.92754705222681e-16,1.1631805251268923e-90,1.1782852132106467e-15
interpolation,0.8,145,117,ALBUMIN,6,True,0,0,0,4.625131374551927e-16,2.3125656872759636e-16,4.257467903167437e-47,1.3726034994417394e-91,2.3125656872759636e-16
interpolation,0.8,145,117,VIABILITY,6,True,0,0,0,1.1562940290531667e-15,2.3125656872759636e-16,2.3125656872759636e-16,1.1185415184852299e-20,4.625243228703776e-16
interpolation,0.8,145,117,ALL,12,True,0,0,0,1.6188071665083593e-15,2.3125656872759636e-16,2.3125656872759636e-16,1.3726034994417394e-91,6.937808915979739e-16
interpolation,0.8,146,118,ALBUMIN,6,True,0,0,0,2.7189669633360283e-16,1.3594834816680142e-16,1.2533809722411576e-47,1.6170870577878176e-92,1.3594834816680142e-16
interpolation,0.8,146,118,VIABILITY,6,True,0,0,0,6.797476615661307e-16,1.3594834816680142e-16,1.3594834816680142e-16,5.920732123630649e-21,2.7190261706572646e-16
interpolation,0.8,146,118,ALL,12,True,0,0,0,9.516443578997336e-16,1.3594834816680142e-16,1.3594834816680142e-16,1.6170870577878176e-92,4.078509652325279e-16
interpolation,0.8,147,119,ALBUMIN,6,True,0,0,0,1.5958838154848536e-16,7.979419077424268e-17,3.6839975368741e-48,1.902053800251728e-93,7.979419077424268e-17
interpolation,0.8,147,119,VIABILITY,6,True,0,0,0,3.989740829190988e-16,7.979419077424268e-17,7.979419077424268e-17,3.1290478853557347e-21,1.5959151059637073e-16
interpolation,0.8,147,119,ALL,12,True,0,0,0,5.585624644675842e-16,7.979419077424268e-17,7.979419077424268e-17,1.902053800251728e-93,2.393857013706134e-16
interpolation,0.8,148,120,ALBUMIN,6,True,0,0,0,9.352466696900455e-17,4.6762333484502274e-17,1.081111599951311e-48,2.2336947347214648e-94,4.6762333484502274e-17
interpolation,0.8,148,120,VIABILITY,6,True,0,0,0,2.3381331851991766e-16,4.6762333484502274e-17,4.6762333484502274e-17,1.6510974062690136e-21,9.35263180664108e-17
interpolation,0.8,148,120,ALL,12,True,0,0,0,3.2733798548892216e-16,4.6762333484502274e-17,4.6762333484502274e-17,2.2336947347214648e-94,1.402886515509131e-16
interpolation,0.8,149,120,ALBUMIN,6,True,0,0,0,2.54073595667907e-16,1.270367978339535e-16,4.24389582544041e-48,1.0392817242549975e-93,1.270367978339535e-16
interpolation,0.8,149,120,VIABILITY,6,True,0,0,0,6.351888728288127e-16,1.270367978339535e-16,1.270367978339535e-16,4.8836590452567165e-21,2.540784793269522e-16
interpolation,0.8,149,120,ALL,12,True,0,0,0,8.892624684967198e-16,1.270367978339535e-16,1.270367978339535e-16,1.0392817242549975e-93,3.811152771609057e-16
interpolation,0.8,150,121,ALBUMIN,6,True,0,0,0,1.4965308212127955e-16,7.482654106063978e-17,1.251801542279295e-48,1.2267554093505655e-94,7.482654106063978e-17
interpolation,0.8,150,121,VIABILITY,6,True,0,0,0,3.741352953827955e-16,7.482654106063978e-17,7.482654106063978e-17,2.5900795966416314e-21,1.4965567220087619e-16
interpolation,0.8,150,121,ALL,12,True,0,0,0,5.23788377504075e-16,7.482654106063978e-17,7.482654106063978e-17,1.2267554093505655e-94,2.24482213261516e-16
interpolation,0.8,151,122,ALBUMIN,6,True,0,0,0,8.801169277852436e-17,4.400584638926218e-17,3.6865683060246e-49,1.4457573600942988e-95,4.400584638926218e-17
interpolation,0.8,151,122,VIABILITY,6,True,0,0,0,2.2003060347720402e-16,4.400584638926218e-17,4.400584638926218e-17,1.3715308931271244e-21,8.801306430941748e-17
interpolation,0.8,151,122,ALL,12,True,0,0,0,3.0804229625572837e-16,4.400584638926218e-17,4.400584638926218e-17,1.4457573600942988e-95,1.3201891069867966e-16
interpolation,0.8,152,123,ALBUMIN,6,True,0,0,0,5.1681287662380446e-17,2.5840643831190223e-17,1.084014608460159e-49,1.7012011829483476e-96,2.5840643831190223e-17
interpolation,0.8,152,123,VIABILITY,6,True,0,0,0,1.2920394431382003e-16,2.5840643831190223e-17,2.5840643831190223e-17,7.251578688975319e-22,5.168201282024934e-17
interpolation,0.8,152,123,ALL,12,True,0,0,0,1.8088523197620046e-16,2.5840643831190223e-17,2.5840643831190223e-17,1.7012011829483476e-96,7.752265665143957e-17
interpolation,0.8,153,124,ALBUMIN,6,True,0,0,0,3.030218747789006e-17,1.515109373894503e-17,3.182612944264868e-50,1.9987047637832615e-97,1.515109373894503e-17
interpolation,0.8,153,124,VIABILITY,6,True,0,0,0,7.575585152262999e-17,1.515109373894503e-17,1.515109373894503e-17,3.8282790484562267e-22,3.0302570305794904e-17
interpolation,0.8,153,124,ALL,12,True,0,0,0,1.0605803900052005e-16,1.515109373894503e-17,1.515109373894503e-17,1.9987047637832615e-97,4.5453664044739934e-17
interpolation,0.8,154,124,ALBUMIN,6,True,0,0,0,8.222285935450956e-17,4.111142967725478e-17,1.2481046043245169e-49,9.29088248140909e-97,4.111142967725478e-17
interpolation,0.8,154,124,VIABILITY,6,True,0,0,0,2.0555827944967162e-16,4.111142967725478e-17,4.111142967725478e-17,1.1310633977019393e-21,8.222399041790727e-17
interpolation,0.8,154,124,ALL,12,True,0,0,0,2.8778113880418114e-16,4.111142967725478e-17,4.111142967725478e-17,9.29088248140909e-97,1.2333542009516203e-16
interpolation,0.8,155,125,ALBUMIN,6,True,0,0,0,4.8446508294988306e-17,2.4223254147494153e-17,3.6825287022745623e-50,1.0969838632166283e-97,2.4223254147494153e-17
interpolation,0.8,155,125,VIABILITY,6,True,0,0,0,1.2111687079503483e-16,2.4223254147494153e-17,2.4223254147494153e-17,6.000575640619725e-22,4.844710835255237e-17
interpolation,0.8,155,125,ALL,12,True,0,0,0,1.6956337909002313e-16,2.4223254147494153e-17,2.4223254147494153e-17,1.0969838632166283e-97,7.267036250004652e-17
interpolation,0.8,156,126,ALBUMIN,6,True,0,0,0,2.850237719317572e-17,1.425118859658786e-17,1.084871201607048e-50,1.2932345497294682e-98,1.425118859658786e-17
interpolation,0.8,156,126,VIABILITY,6,True,0,0,0,7.125626084883178e-17,1.425118859658786e-17,1.425118859658786e-17,3.1786589247044735e-22,2.8502695059068194e-17
interpolation,0.8,156,126,ALL,12,True,0,0,0,9.97586380420075e-17,1.425118859658786e-17,1.425118859658786e-17,1.2932345497294682e-98,4.275388365565605e-17
interpolation,0.8,157,127,ALBUMIN,6,True,0,0,0,1.6743932552651294e-17,8.371966276325647e-18,3.1912182499304234e-51,1.5222907969156712e-99,8.371966276325647e-18
interpolation,0.8,157,127,VIABILITY,6,True,0,0,0,4.185999951316435e-17,8.371966276325647e-18,8.371966276325647e-18,1.6813153611576057e-22,1.6744100684187408e-17
interpolation,0.8,157,127,ALL,12,True,0,0,0,5.860393206581564e-17,8.371966276325647e-18,8.371966276325647e-18,1.5222907969156712e-99,2.511606696051306e-17
interpolation,0.8,158,128,ALBUMIN,6,True,0,0,0,9.82201351042283e-18,4.911006755211416e-18,9.373252591467903e-52,1.7892477669857057e-100,4.911006755211415e-18
interpolation,0.8,158,128,VIABILITY,6,True,0,0,0,2.4555122577017444e-17,4.911006755211416e-18,4.911006755211416e-18,8.880096036428976e-23,9.822102311383196e-18
interpolation,0.8,158,128,ALL,12,True,0,0,0,3.4377136087440267e-17,4.911006755211416e-18,4.911006755211416e-18,1.7892477669857057e-100,1.473310906659461e-17
interpolation,0.8,159,128,ALBUMIN,6,True,0,0,0,2.6621755579118672e-17,1.3310877789559336e-17,3.6724642187766974e-51,8.310041352064102e-100,1.3310877789559336e-17
interpolation,0.8,159,128,VIABILITY,6,True,0,0,0,6.655465103305614e-17,1.3310877789559336e-17,1.3310877789559336e-17,2.620852594711889e-22,2.662201766437814e-17
interpolation,0.8,159,128,ALL,12,True,0,0,0,9.317640661217483e-17,1.3310877789559336e-17,1.3310877789559336e-17,8.310041352064102e-100,3.9932895453937484e-17
interpolation,0.8,160,129,ALBUMIN,6,True,0,0,0,1.5690673407188233e-17,7.845336703594117e-18,1.0838505605555351e-51,9.814262402628263e-101,7.845336703594117e-18
interpolation,0.8,160,129,VIABILITY,6,True,0,0,0,3.9226822602321315e-17,7.845336703594117e-18,7.845336703594117e-18,1.39084350730131e-22,1.5690812491538965e-17
interpolation,0.8,160,129,ALL,12,True,0,0,0,5.491749600950955e-17,7.845336703594117e-18,7.845336703594117e-18,9.814262402628263e-101,2.3536149195133082e-17
interpolation,0.8,161,130,ALBUMIN,6,True,0,0,0,9.234515609075014e-18,4.617257804537507e-18,3.1940208267553155e-52,1.1573527098397403e-101,4.617257804537507e-18
interpolation,0.8,161,130,VIABILITY,6,True,0,0,0,2.3086362724495412e-17,4.617257804537507e-18,4.617257804537507e-18,7.370180787774145e-23,9.234589310882891e-18
interpolation,0.8,161,130,ALL,12,True,0,0,0,3.2320878333570426e-17,4.617257804537507e-18,4.617257804537507e-18,1.1573527098397403e-101,1.3851847115420398e-17
interpolation,0.8,162,131,ALBUMIN,6,True,0,0,0,5.42703793326466e-18,2.7135189666323295e-18,9.398778791604333e-53,1.3628131017750479e-102,2.71351896663233e-18
interpolation,0.8,162,131,VIABILITY,6,True,0,0,0,1.356763383192755e-17,2.7135189666323295e-18,2.7135189666323295e-18,3.899876590224238e-23,5.427076932030562e-18
interpolation,0.8,162,131,ALL,12,True,0,0,0,1.8994671765192212e-17,2.7135189666323295e-18,2.7135189666323295e-18,1.3628131017750479e-102,8.140595898662893e-18
interpolation,0.8,163,132,ALBUMIN,6,True,0,0,0,3.1849027697558347e-18,1.5924513848779175e-18,2.761716677639029e-53,1.6024264197656017e-103,1.5924513848779174e-18
interpolation,0.8,163,132,VIABILITY,6,True,0,0,0,7.962277530921684e-18,1.5924513848779175e-18,1.5924513848779175e-18,2.0606532096252678e-23,3.1849233762879312e-18
interpolation,0.8,163,132,ALL,12,True,0,0,0,1.1147180300677518e-17,1.5924513848779175e-18,1.5924513848779175e-18,1.6024264197656017e-103,4.7773747611658486e-18
interpolation,0.8,164,132,ALBUMIN,6,True,0,0,0,8.623415145528727e-18,4.311707572764363e-18,1.0811129806927313e-52,7.436324781288035e-103,4.311707572764364e-18
interpolation,0.8,164,132,VIABILITY,6,True,0,0,0,2.1558598621257178e-17,4.311707572764363e-18,4.311707572764363e-18,6.075743536022124e-23,8.623475902964087e-18
interpolation,0.8,164,132,ALL,12,True,0,0,0,3.0182013766785905e-17,4.311707572764363e-18,4.311707572764363e-18,7.436324781288035e-103,1.2935183475728448e-17
interpolation,0.8,165,133,ALBUMIN,6,True,0,0,0,5.0840658216130356e-18,2.5420329108065178e-18,3.1914833237915057e-53,8.78450576921549e-104,2.5420329108065178e-18
interpolation,0.8,165,133,VIABILITY,6,True,0,0,0,1.2710196806064767e-17,2.5420329108065178e-18,2.5420329108065178e-18,3.225203217714397e-23,5.084098073645213e-18
interpolation,0.8,165,133,ALL,12,True,0,0,0,1.77942626276778e-17,2.5420329108065178e-18,2.5420329108065178e-18,8.78450576921549e-104,7.62613098445173e-18
interpolation,0.8,166,134,ALBUMIN,6,True,0,0,0,2.993150538956074e-18,1.4965752694780373e-18,9.407821606740573e-54,1.036211865023085e-104,1.496575269478037e-18
interpolation,0.8,166,134,VIABILITY,6,True,0,0,0,7.48289344348834e-18,1.4965752694780373e-18,1.4965752694780373e-18,1.7096098153918157e-23,2.9931676350542285e-18
interpolation,0.8,166,134,ALL,12,True,0,0,0,1.0476043982444413e-17,1.4965752694780373e-18,1.4965752694780373e-18,1.036211865023085e-104,4.489742904532265e-18
interpolation,0.8,167,135,ALBUMIN,6,True,0,0,0,1.7597037126552397e-18,8.798518563276198e-19,2.76929294509352e-54,1.2205636531026323e-105,8.798518563276198e-19
interpolation,0.8,167,135,VIABILITY,6,True,0,0,0,4.3992683311955885e-18,8.798518563276198e-19,8.798518563276198e-19,9.049557489135155e-24,1.759712762212729e-18
interpolation,0.8,167,135,ALL,12,True,0,0,0,6.158972043850828e-18,8.798518563276198e-19,8.798518563276198e-19,1.2205636531026323e-105,2.6395646185403485e-18
interpolation,0.8,168,136,ALBUMIN,6,True,0,0,0,1.03312304248861e-18,5.165615212443049e-19,8.140296532151106e-55,1.4356916666847873e-106,5.16561521244305e-19
interpolation,0.8,168,136,VIABILITY,6,True,0,0,0,2.582812389835233e-18,5.165615212443049e-19,5.165615212443049e-19,4.783613708123214e-24,1.033127826102318e-18
interpolation,0.8,168,136,ALL,12,True,0,0,0,3.615935432323843e-18,5.165615212443049e-19,5.165615212443049e-19,1.4356916666847873e-106,1.5496893473466228e-18
interpolation,0.8,169,136,ALBUMIN,6,True,0,0,0,2.7945307277410478e-18,1.3972653638705239e-18,3.1840457645828824e-54,6.657483116062499e-106,1.3972653638705239e-18
interpolation,0.8,169,136,VIABILITY,6,True,0,0,0,6.986340910480032e-18,1.3972653638705239e-18,1.3972653638705239e-18,1.409112741214926e-23,2.79454481886846e-18
interpolation,0.8,169,136,ALL,12,True,0,0,0,9.78087163822108e-18,1.3972653638705239e-18,1.3972653638705239e-18,6.657483116062499e-106,4.191810182738984e-18
interpolation,0.8,170,137,ALBUMIN,6,True,0,0,0,1.648012209924421e-18,8.240061049622105e-19,9.401649644643752e-55,7.86624452213819e-107,8.240061049622105e-19
interpolation,0.8,170,137,VIABILITY,6,True,0,0,0,4.120038006821591e-18,8.240061049622105e-19,8.240061049622105e-19,7.482010538282027e-24,1.6480196919349592e-18
interpolation,0.8,170,137,ALL,12,True,0,0,0,5.768050216746012e-18,8.240061049622105e-19,8.240061049622105e-19,7.86624452213819e-107,2.4720257968971697e-18
interpolation,0.8,171,138,ALBUMIN,6,True,0,0,0,9.705421090247819e-19,4.852710545123909e-19,2.7721790846829295e-55,9.281425210657142e-108,4.852710545123909e-19
interpolation,0.8,171,138,VIABILITY,6,True,0,0,0,2.426359239817951e-18,4.852710545123909e-19,4.852710545123909e-19,3.9672559963922546e-24,9.705460762807782e-19
interpolation,0.8,171,138,ALL,12,True,0,0,0,3.3969013488427328e-18,4.852710545123909e-19,4.852710545123909e-19,9.281425210657142e-108,1.455817130793169e-18
interpolation,0.8,172,139,ALBUMIN,6,True,0,0,0,5.707926706057408e-19,2.853963353028704e-19,8.162793853156064e-56,1.0936029733666422e-108,2.853963353028704e-19
interpolation,0.8,172,139,VIABILITY,6,True,0,0,0,1.4269837772392095e-18,2.853963353028704e-19,2.853963353028704e-19,2.1007248576868142e-24,5.707947713305984e-19
interpolation,0.8,172,139,ALL,12,True,0,0,0,1.9977764478449502e-18,2.853963353028704e-19,2.853963353028704e-19,1.0936029733666422e-108,8.561911066334689e-19
interpolation,0.8,173,140,ALBUMIN,6,True,0,0,0,3.352431556757124e-19,1.676215778378562e-19,2.400293882426715e-56,1.2867976349068104e-109,1.676215778378562e-19
interpolation,0.8,173,140,VIABILITY,6,True,0,0,0,8.3810900005795415e-19,1.676215778378562e-19,1.676215778378562e-19,1.1108686731318241e-24,3.3524426654438555e-19
interpolation,0.8,173,140,ALL,12,True,0,0,0,1.1733521557336666e-18,1.676215778378562e-19,1.676215778378562e-19,1.2867976349068104e-109,5.028658443822418e-19
interpolation,0.8,174,140,ALBUMIN,6,True,0,0,0,9.05972372522979e-19,4.529861862614895e-19,9.381473818954567e-56,5.962756046910771e-109,4.529861862614895e-19
interpolation,0.8,174,140,VIABILITY,6,True,0,0,0,2.2649342007280526e-18,4.529861862614895e-19,4.529861862614895e-19,3.2694206049975363e-24,9.05975641943584e-19
interpolation,0.8,174,140,ALL,12,True,0,0,0,3.170906573251031e-18,4.529861862614895e-19,4.529861862614895e-19,5.962756046910771e-109,1.3589618282050733e-18
interpolation,0.8,175,141,ALBUMIN,6,True,0,0,0,5.344160048203705e-19,2.6720800241018525e-19,2.770723838242478e-56,7.04688526473664e-110,2.6720800241018525e-19
interpolation,0.8,175,141,VIABILITY,6,True,0,0,0,1.3360417484591388e-18,2.6720800241018525e-19,2.6720800241018525e-19,1.73640821257046e-24,5.344177412285831e-19
interpolation,0.8,175,141,ALL,12,True,0,0,0,1.8704577532795093e-18,2.6720800241018525e-19,2.6720800241018525e-19,7.04688526473664e-110,8.016257436387684e-19
interpolation,0.8,176,142,ALBUMIN,6,True,0,0,0,3.1482004282119337e-19,1.5741002141059669e-19,8.171925200651463e-57,8.316754297046007e-111,1.5741002141059669e-19
interpolation,0.8,176,142,VIABILITY,6,True,0,0,0,7.870510280290724e-19,1.5741002141059669e-19,1.5741002141059669e-19,9.20976088939034e-25,3.148209637972823e-19
interpolation,0.8,176,142,ALL,12,True,0,0,0,1.1018710708502657e-18,1.5741002141059669e-19,1.5741002141059669e-19,8.316754297046007e-111,4.722309852078789e-19
interpolation,0.8,177,143,ALBUMIN,6,True,0,0,0,1.8521276813354993e-19,9.260638406677497e-20,2.4069769779953517e-57,9.802222315487676e-112,9.260638406677497e-20
interpolation,0.8,177,143,VIABILITY,6,True,0,0,0,4.630324081629202e-19,9.260638406677497e-20,9.260638406677497e-20,4.878290454004101e-25,1.8521325596259535e-19
interpolation,0.8,177,143,ALL,12,True,0,0,0,6.482451762964702e-19,9.260638406677497e-20,9.260638406677497e-20,9.802222315487676e-112,2.778196400293703e-19
interpolation,0.8,178,144,ALBUMIN,6,True,0,0,0,1.0882086796800592e-19,5.441043398400296e-20,7.080162130767187e-58,1.1537629375788392e-112,5.441043398400296e-20
interpolation,0.8,178,144,VIABILITY,6,True,0,0,0,2.7205242797775144e-19,5.441043398400296e-20,5.441043398400296e-20,2.5805773659021126e-25,1.0882112602574253e-19
interpolation,0.8,178,144,ALL,12,True,0,0,0,3.8087329594575733e-19,5.441043398400296e-20,5.441043398400296e-20,1.1537629375788392e-112,1.6323156000974547e-19
interpolation,0.8,179,144,ALBUMIN,6,True,0,0,0,2.9382438129408535e-19,1.4691219064704268e-19,2.765261220937377e-57,5.342676595450327e-112,1.4691219064704268e-19
interpolation,0.8,179,144,VIABILITY,6,True,0,0,0,7.345617121006189e-19,1.4691219064704268e-19,1.4691219064704268e-19,7.588654055887684e-25,2.938251401594909e-19
interpolation,0.8,179,144,ALL,12,True,0,0,0,1.0283860933947043e-18,1.4691219064704268e-19,1.4691219064704268e-19,5.342676595450327e-112,4.407373308065336e-19
interpolation,0.8,180,145,ALBUMIN,6,True,0,0,0,1.733640910364629e-19,8.668204551823146e-20,8.168651552915681e-58,6.315339531153625e-113,8.668204551823144e-20
interpolation,0.8,180,145,VIABILITY,6,True,0,0,0,4.334106307241313e-19,8.668204551823146e-20,8.668204551823146e-20,4.0313297403820557e-25,1.7336449416943694e-19
interpolation,0.8,180,145,ALL,12,True,0,0,0,6.067747217605941e-19,8.668204551823146e-20,8.668204551823146e-20,6.315339531153625e-113,2.6004653968766835e-19
interpolation,0.8,181,146,ALBUMIN,6,True,0,0,0,1.0215603768220327e-19,5.1078018841101634e-20,2.409845447558613e-58,7.455157175556391e-114,5.1078018841101634e-20
interpolation,0.8,181,146,VIABILITY,6,True,0,0,0,2.5539030808181913e-19,5.1078018841101634e-20,5.1078018841101634e-20,2.1387631094726623e-25,1.0215625155851421e-19
interpolation,0.8,181,146,ALL,12,True,0,0,0,3.575463457640224e-19,5.1078018841101634e-20,5.1078018841101634e-20,7.455157175556391e-114,1.5323427039961586e-19
interpolation,0.8,182,147,ALBUMIN,6,True,0,0,0,6.011866763288506e-20,3.005933381644253e-20,7.100021581430393e-59,8.789137948568751e-115,3.005933381644253e-20
interpolation,0.8,182,147,VIABILITY,6,True,0,0,0,1.502967824043474e-19,3.005933381644253e-20,3.005933381644253e-20,1.133221347648983e-25,6.011878095501982e-20
interpolation,0.8,182,147,ALL,12,True,0,0,0,2.1041545003723247e-19,3.005933381644253e-20,3.005933381644253e-20,8.789137948568751e-115,9.017811477146236e-20
interpolation,0.8,183,148,ALBUMIN,6,True,0,0,0,3.533473064235724e-20,1.766736532117862e-20,2.089145671588563e-59,1.0348373636169413e-115,1.766736532117862e-20
interpolation,0.8,183,148,VIABILITY,6,True,0,0,0,8.83368865727507e-20,1.766736532117862e-20,1.766736532117862e-20,5.996685760690711e-26,3.533479060921485e-20
interpolation,0.8,183,148,ALL,12,True,0,0,0,1.2367161721510796e-19,1.766736532117862e-20,1.766736532117862e-20,1.0348373636169413e-115,5.3002155930393463e-20
interpolation,0.8,184,148,ALBUMIN,6,True,0,0,0,9.532759399244432e-20,4.766379699622216e-20,8.153896276754266e-59,4.788903519823769e-115,4.766379699622216e-20
interpolation,0.8,184,148,VIABILITY,6,True,0,0,0,2.3831916118625075e-19,4.766379699622216e-20,4.766379699622216e-20,1.7620513998681627e-25,9.53277701975843e-20
interpolation,0.8,184,148,ALL,12,True,0,0,0,3.336467551786951e-19,4.766379699622216e-20,4.766379699622216e-20,4.788903519823769e-115,1.4299156719380646e-19
interpolation,0.8,185,149,ALBUMIN,6,True,0,0,0,5.625888246716235e-20,2.812944123358118e-20,2.4091646867903554e-59,5.661830300879032e-116,2.812944123358118e-20
interpolation,0.8,185,149,VIABILITY,6,True,0,0,0,1.4064729979449775e-19,2.812944123358118e-20,2.812944123358118e-20,9.362659188680359e-26,5.625897609375423e-20
interpolation,0.8,185,149,ALL,12,True,0,0,0,1.969061822616601e-19,2.812944123358118e-20,2.812944123358118e-20,5.661830300879032e-116,8.438841732733541e-20
interpolation,0.8,186,150,ALBUMIN,6,True,0,0,0,3.3159772105458444e-20,1.6579886052729222e-20,7.108979176255709e-60,6.68520677349885e-117,1.6579886052729222e-20
interpolation,0.8,186,150,VIABILITY,6,True,0,0,0,8.289947994863281e-20,1.6579886052729222e-20,1.6579886052729222e-20,4.968498671373834e-26,3.3159821790445153e-20
interpolation,0.8,186,150,ALL,12,True,0,0,0,1.1605925205409128e-19,1.6579886052729222e-20,1.6579886052729222e-20,6.68520677349885e-117,4.9739707843174376e-20
interpolation,0.8,187,151,ALBUMIN,6,True,0,0,0,1.952029741569043e-20,9.760148707845215e-21,2.0950487149120535e-60,7.883458847596699e-118,9.760148707845215e-21
interpolation,0.8,187,151,VIABILITY,6,True,0,0,0,4.8800769872388327e-20,9.760148707845215e-21,9.760148707845215e-21,2.633316225033792e-26,1.952032374885268e-20
interpolation,0.8,187,151,ALL,12,True,0,0,0,6.832106728807875e-20,9.760148707845215e-21,9.760148707845215e-21,7.883458847596699e-118,2.9280472456697896e-20
interpolation,0.8,188,152,ALBUMIN,6,True,0,0,0,1.147683552043144e-20,5.73841776021572e-21,6.166428551339671e-61,9.284731257788038e-119,5.73841776021572e-21
interpolation,0.8,188,152,VIABILITY,6,True,0,0,0,2.8692102740320766e-20,5.73841776021572e-21,5.73841776021572e-21,1.393924217089835e-26,1.147684945967361e-20
interpolation,0.8,188,152,ALL,12,True,0,0,0,4.0168938260752207e-20,5.73841776021572e-21,5.73841776021572e-21,9.284731257788038e-119,1.721526721988933e-20
interpolation,0.8,189,152,ALBUMIN,6,True,0,0,0,3.093849364538237e-20,1.5469246822691184e-20,2.4051904847239307e-60,4.294077541999563e-118,1.5469246822691184e-20
interpolation,0.8,189,152,VIABILITY,6,True,0,0,0,7.734627504177503e-20,1.5469246822691184e-20,1.5469246822691184e-20,4.0928319100643214e-26,3.0938534573701473e-20
interpolation,0.8,189,152,ALL,12,True,0,0,0,1.0828476868715738e-19,1.5469246822691184e-20,1.5469246822691184e-20,4.294077541999563e-118,4.640778139639265e-20
interpolation,0.8,190,153,ALBUMIN,6,True,0,0,0,1.8262808419263032e-20,9.131404209631516e-21,7.107769409018594e-61,5.077725737512088e-119,9.131404209631516e-21
interpolation,0.8,190,153,VIABILITY,6,True,0,0,0,4.565704280002728e-20,9.131404209631516e-21,9.131404209631516e-21,2.1751869703192914e-26,1.8262830171132734e-20
interpolation,0.8,190,153,ALL,12,True,0,0,0,6.391985121929032e-20,9.131404209631516e-21,9.131404209631516e-21,5.077725737512088e-119,2.7394234380764253e-20
interpolation,0.8,191,154,ALBUMIN,6,True,0,0,0,1.0767071746487807e-20,5.383535873243904e-21,2.097832071231581e-61,5.996806459018384e-120,5.383535873243904e-21
interpolation,0.8,191,154,VIABILITY,6,True,0,0,0,2.6917690912135763e-20,5.383535873243904e-21,5.383535873243904e-21,1.1545916242365029e-26,1.0767083292404051e-20
interpolation,0.8,191,154,ALL,12,True,0,0,0,3.7684762658623566e-20,5.383535873243904e-21,5.383535873243904e-21,5.996806459018384e-120,1.6150619165647954e-20
interpolation,0.8,192,155,ALBUMIN,6,True,0,0,0,6.340090594663228e-21,3.170045297331614e-21,6.183978852122258e-62,7.073407045498768e-121,3.170045297331614e-21
interpolation,0.8,192,155,VIABILITY,6,True,0,0,0,1.5850232607702946e-20,3.170045297331614e-21,3.170045297331614e-21,6.121044875895289e-27,6.340096715708104e-21
interpolation,0.8,192,155,ALL,12,True,0,0,0,2.2190323202366173e-20,3.170045297331614e-21,3.170045297331614e-21,7.073407045498768e-121,9.510142013039718e-21
interpolation,0.8,193,156,ALBUMIN,6,True,0,0,0,3.728783740130765e-21,1.8643918700653824e-21,1.8206706537241548e-62,8.332999803193291e-122,1.8643918700653824e-21
interpolation,0.8,193,156,VIABILITY,6,True,0,0,0,9.321962591440075e-21,1.8643918700653824e-21,1.8643918700653824e-21,3.241113164294769e-27,3.728786981243929e-21
interpolation,0.8,193,156,ALL,12,True,0,0,0,1.3050746331570841e-20,1.8643918700653824e-21,1.8643918700653824e-21,8.332999803193291e-122,5.5931788513093114e-21
interpolation,0.8,194,156,ALBUMIN,6,True,0,0,0,1.004435044344863e-20,5.022175221724316e-21,7.097102247025115e-62,3.8516976334011156e-121,5.022175221724315e-21
interpolation,0.8,194,156,VIABILITY,6,True,0,0,0,2.511088561845828e-20,5.022175221724316e-21,5.022175221724316e-21,9.509836701951544e-27,1.0044359953285334e-20
interpolation,0.8,194,156,ALL,12,True,0,0,0,3.515523606190691e-20,5.022175221724316e-21,5.022175221724316e-21,3.8516976334011156e-121,1.506653517500965e-20
interpolation,0.8,195,157,ALBUMIN,6,True,0,0,0,5.930364074437541e-21,2.9651820372187704e-21,2.0976994186960005e-62,4.5553959028162136e-122,2.9651820372187704e-21
interpolation,0.8,195,157,VIABILITY,6,True,0,0,0,1.4825915241233242e-20,2.9651820372187704e-21,2.9651820372187704e-21,5.0551393894775004e-27,5.93036912957693e-21
interpolation,0.8,195,157,ALL,12,True,0,0,0,2.0756279315670783e-20,2.9651820372187704e-21,2.9651820372187704e-21,4.5553959028162136e-122,8.895551166795701e-21
interpolation,0.8,196,158,ALBUMIN,6,True,0,0,0,3.497160125522884e-21,1.748580062761442e-21,6.192590918470812e-63,5.38102494212629e-123,1.748580062761442e-21
interpolation,0.8,196,158,VIABILITY,6,True,0,0,0,8.742902997701897e-21,1.748580062761442e-21,1.748580062761442e-21,2.6838946872051463e-27,3.497162809417571e-21
interpolation,0.8,196,158,ALL,12,True,0,0,0,1.224006312322478e-20,1.748580062761442e-21,1.748580062761442e-21,5.38102494212629e-123,5.2457428721790126e-21
interpolation,0.8,197,159,ALBUMIN,6,True,0,0,0,2.059824459497349e-21,1.0299122297486744e-21,1.8258895311533275e-63,6.348555142401984e-124,1.0299122297486746e-21
interpolation,0.8,197,159,VIABILITY,6,True,0,0,0,5.149562571976319e-21,1.0299122297486744e-21,1.0299122297486744e-21,1.4232329467565526e-27,2.0598258827302956e-21
interpolation,0.8,197,159,ALL,12,True,0,0,0,7.209387031473668e-21,1.0299122297486744e-21,1.0299122297486744e-21,6.348555142401984e-124,3.08973811247897e-21
interpolation,0.8,198,160,ALBUMIN,6,True,0,0,0,1.2118007212313074e-21,6.059003606156536e-22,5.377191608305609e-64,7.481036461841942e-125,6.059003606156537e-22
interpolation,0.8,198,160,VIABILITY,6,True,0,0,0,3.0295025569032285e-21,6.059003606156536e-22,6.059003606156536e-22,7.538249605884293e-28,1.2118014750562677e-21
interpolation,0.8,198,160,ALL,12,True,0,0,0,4.241303278134536e-21,6.059003606156536e-22,6.059003606156536e-22,7.481036461841942e-125,1.8177018356719217e-21
interpolation,0.8,199,160,ALBUMIN,6,True,0,0,0,3.261968000555779e-21,1.6309840002778895e-21,2.0948481799020255e-63,3.4560142597400727e-124,1.6309840002778895e-21
interpolation,0.8,199,160,VIABILITY,6,True,0,0,0,8.154922211728488e-21,1.6309840002778895e-21,1.6309840002778895e-21,2.210339040382871e-27,3.2619702108948193e-21
interpolation,0.8,199,160,ALL,12,True,0,0,0,1.1416890212284266e-20,1.6309840002778895e-21,1.6309840002778895e-21,3.4560142597400727e-124,4.892954211172709e-21
interpolation,0.8,200,161,ALBUMIN,6,True,0,0,0,1.9263084248292182e-21,9.631542124146091e-22,6.192830618295423e-64,4.0880889371186885e-125,9.631542124146091e-22
interpolation,0.8,200,161,VIABILITY,6,True,0,0,0,4.815772237246722e-21,9.631542124146091e-22,9.631542124146091e-22,1.175173676528977e-27,1.926309600002895e-21
interpolation,0.8,200,161,ALL,12,True,0,0,0,6.7420806620759405e-21,9.631542124146091e-22,9.631542124146091e-22,4.0880889371186885e-125,2.889463812417504e-21
