arm,fold,population,design,levels_1based,contains_top,method,lane_lambda,grid_index,feasible,calibration_groups,calibration_rows,calibration_lane_designs,calibration_reports,calibration_wrong,calibration_fn,calibration_fp,calibration_wells_used,calibration_wells_full,calibration_corrected_risk,test_rows,test_lane_designs,test_reports,test_wrong,test_fn,test_fp,test_wells_used,test_wells_full
B,1,seven,012,1-2-3,False,anchorboost,0.23,24,True,77,78,17,27,6,4,2,1481,1817,0.08974358974358974,45,11,21,2,1,1,1023,1349
B,1,seven,013,1-2-4,False,anchorboost,0.24,25,True,77,78,19,32,6,5,1,1421,1817,0.08974358974358974,45,17,24,3,1,2,912,1349
B,1,seven,014,1-2-5,False,anchorboost,0.13,14,True,77,78,30,56,7,7,0,1062,1817,0.09615384615384616,45,21,32,2,1,1,736,1349
B,1,seven,015,1-2-6,False,anchorboost,0.09,10,True,77,78,43,67,6,6,0,923,1817,0.08974358974358974,45,29,41,3,2,1,625,1349
B,1,seven,016,1-2-7,True,anchorboost,-1.0,0,True,77,78,54,78,4,4,0,780,1817,0.0641025641025641,45,30,45,4,4,0,566,1349
B,1,seven,023,1-3-4,False,anchorboost,0.2,21,True,77,78,18,38,7,6,1,1325,1817,0.09615384615384616,45,17,32,5,2,3,775,1349
B,1,seven,024,1-3-5,False,anchorboost,0.17,18,True,77,78,29,54,7,7,0,1086,1817,0.09615384615384616,45,22,33,3,2,1,734,1349
B,1,seven,025,1-3-6,False,anchorboost,0.19,20,True,77,78,40,57,5,5,0,1042,1817,0.07692307692307693,45,28,36,2,2,0,702,1349
B,1,seven,026,1-3-7,True,anchorboost,-1.0,0,True,77,78,52,78,6,6,0,779,1817,0.08974358974358974,45,31,45,3,3,0,568,1349
B,1,seven,034,1-4-5,False,anchorboost,0.16,17,True,77,78,27,54,7,7,0,1086,1817,0.09615384615384616,45,24,35,3,2,1,705,1349
B,1,seven,035,1-4-6,False,anchorboost,0.13,14,True,77,78,40,61,5,5,0,995,1817,0.07692307692307693,45,27,38,3,3,0,661,1349
B,1,seven,036,1-4-7,True,anchorboost,-1.0,0,True,77,78,53,78,5,5,0,780,1817,0.07692307692307693,45,30,45,4,4,0,566,1349
B,1,seven,045,1-5-6,False,anchorboost,0.13,14,True,77,78,43,64,5,5,0,946,1817,0.07692307692307693,45,31,40,1,1,0,626,1349
B,1,seven,046,1-5-7,True,anchorboost,-1.0,0,True,77,78,55,78,3,3,0,779,1817,0.05128205128205128,45,32,45,2,2,0,566,1349
B,1,seven,056,1-6-7,True,anchorboost,-1.0,0,True,77,78,53,78,5,5,0,779,1817,0.07692307692307693,45,30,45,4,4,0,567,1349
B,1,seven,123,2-3-4,False,anchorboost,0.19,20,True,77,78,20,36,6,5,1,1361,1817,0.08333333333333333,45,19,36,6,3,3,729,1349
B,1,seven,124,2-3-5,False,anchorboost,0.03,4,True,77,78,30,67,7,7,0,930,1817,0.09615384615384616,45,24,42,6,3,3,622,1349
B,1,seven,125,2-3-6,False,anchorboost,0.04,5,True,77,78,44,70,6,6,0,886,1817,0.08974358974358974,45,30,42,3,2,1,635,1349
B,1,seven,126,2-3-7,True,anchorboost,-1.0,0,True,77,78,54,78,4,4,0,779,1817,0.0641025641025641,45,32,45,2,2,0,588,1349
B,1,seven,134,2-4-5,False,anchorboost,0.08,9,True,77,78,30,66,7,7,0,943,1817,0.09615384615384616,45,26,42,5,3,2,629,1349
B,1,seven,135,2-4-6,False,anchorboost,0.07,8,True,77,78,44,69,6,6,0,899,1817,0.08974358974358974,45,29,41,2,2,0,634,1349
B,1,seven,136,2-4-7,True,anchorboost,-1.0,0,True,77,78,55,78,3,3,0,780,1817,0.05128205128205128,45,31,45,3,3,0,586,1349
B,1,seven,145,2-5-6,False,anchorboost,0.03,4,True,77,78,46,71,5,5,0,862,1817,0.07692307692307693,45,33,43,1,0,1,610,1349
B,1,seven,146,2-5-7,True,anchorboost,-1.0,0,True,77,78,56,78,2,2,0,779,1817,0.038461538461538464,45,33,45,1,1,0,586,1349
B,1,seven,156,2-6-7,True,anchorboost,-1.0,0,True,77,78,55,78,3,3,0,779,1817,0.05128205128205128,45,31,45,3,3,0,587,1349
B,1,seven,234,3-4-5,False,anchorboost,0.08,9,True,77,78,29,61,7,6,1,1002,1817,0.09615384615384616,45,24,41,6,3,3,646,1349
B,1,seven,235,3-4-6,False,anchorboost,0.13,14,True,77,78,41,64,5,5,0,958,1817,0.07692307692307693,45,28,39,3,3,0,682,1349
B,1,seven,236,3-4-7,True,anchorboost,-1.0,0,True,77,78,53,78,5,5,0,779,1817,0.07692307692307693,45,30,45,4,4,0,588,1349
B,1,seven,245,3-5-6,False,anchorboost,0.06,7,True,77,78,44,71,6,6,0,861,1817,0.08974358974358974,45,31,42,2,1,1,624,1349
B,1,seven,246,3-5-7,True,anchorboost,-1.0,0,True,77,78,55,78,3,3,0,778,1817,0.05128205128205128,45,32,45,2,2,0,588,1349
B,1,seven,256,3-6-7,True,anchorboost,-1.0,0,True,77,78,53,78,5,5,0,778,1817,0.07692307692307693,45,31,45,3,3,0,589,1349
B,1,seven,345,4-5-6,False,anchorboost,0.08,9,True,77,78,44,71,6,6,0,862,1817,0.08974358974358974,45,31,42,2,1,1,622,1349
B,1,seven,346,4-5-7,True,anchorboost,-1.0,0,True,77,78,56,78,2,2,0,779,1817,0.038461538461538464,45,32,45,2,2,0,586,1349
B,1,seven,356,4-6-7,True,anchorboost,-1.0,0,True,77,78,54,78,4,4,0,779,1817,0.0641025641025641,45,30,45,4,4,0,587,1349
B,1,seven,456,5-6-7,True,anchorboost,-1.0,0,True,77,78,56,78,2,2,0,778,1817,0.038461538461538464,45,33,45,1,1,0,587,1349
B,1,seven,012,1-2-3,False,measured_only,0.34,35,True,77,78,17,31,7,7,0,1409,1817,0.09615384615384616,45,11,13,0,0,0,1111,1349
B,1,seven,013,1-2-4,False,measured_only,0.36,37,True,77,78,19,27,5,5,0,1457,1817,0.07692307692307693,45,17,22,1,1,0,960,1349
B,1,seven,014,1-2-5,False,measured_only,0.29,30,True,77,78,30,45,6,6,0,1206,1817,0.08974358974358974,45,21,29,1,1,0,772,1349
B,1,seven,015,1-2-6,False,measured_only,0.13,14,True,77,78,43,64,6,6,0,959,1817,0.08974358974358974,45,29,38,2,2,0,661,1349
B,1,seven,016,1-2-7,True,measured_only,-1.0,0,True,77,78,54,78,4,4,0,780,1817,0.0641025641025641,45,30,45,4,4,0,566,1349
B,1,seven,023,1-3-4,False,measured_only,0.33,34,True,77,78,18,30,6,6,0,1421,1817,0.08974358974358974,45,17,20,0,0,0,983,1349
B,1,seven,024,1-3-5,False,measured_only,0.28,29,True,77,78,29,47,6,6,0,1182,1817,0.08974358974358974,45,22,28,0,0,0,798,1349
B,1,seven,025,1-3-6,False,measured_only,0.2,21,True,77,78,40,60,6,6,0,1006,1817,0.08974358974358974,45,28,36,2,2,0,702,1349
B,1,seven,026,1-3-7,True,measured_only,-1.0,0,True,77,78,52,78,6,6,0,779,1817,0.08974358974358974,45,31,45,3,3,0,568,1349
B,1,seven,034,1-4-5,False,measured_only,0.29,30,True,77,78,27,41,6,6,0,1267,1817,0.08974358974358974,45,24,31,1,1,0,771,1349
B,1,seven,035,1-4-6,False,measured_only,0.17,18,True,77,78,40,63,6,6,0,971,1817,0.08974358974358974,45,27,37,3,3,0,673,1349
B,1,seven,036,1-4-7,True,measured_only,-1.0,0,True,77,78,53,78,5,5,0,780,1817,0.07692307692307693,45,30,45,4,4,0,566,1349
B,1,seven,045,1-5-6,False,measured_only,0.13,14,True,77,78,43,66,6,6,0,922,1817,0.08974358974358974,45,31,39,1,1,0,638,1349
B,1,seven,046,1-5-7,True,measured_only,-1.0,0,True,77,78,55,78,3,3,0,779,1817,0.05128205128205128,45,32,45,2,2,0,566,1349
B,1,seven,056,1-6-7,True,measured_only,-1.0,0,True,77,78,53,78,5,5,0,779,1817,0.07692307692307693,45,30,45,4,4,0,567,1349
B,1,seven,123,2-3-4,False,measured_only,0.34,35,True,77,78,20,32,6,6,0,1397,1817,0.08974358974358974,45,19,21,0,0,0,995,1349
B,1,seven,124,2-3-5,False,measured_only,0.28,29,True,77,78,30,47,6,6,0,1182,1817,0.08974358974358974,45,24,31,1,1,0,777,1349
B,1,seven,125,2-3-6,False,measured_only,0.05,6,True,77,78,44,69,6,6,0,898,1817,0.08974358974358974,45,30,42,2,2,0,635,1349
B,1,seven,126,2-3-7,True,measured_only,-1.0,0,True,77,78,54,78,4,4,0,779,1817,0.0641025641025641,45,32,45,2,2,0,588,1349
B,1,seven,134,2-4-5,False,measured_only,0.29,30,True,77,78,30,42,5,5,0,1254,1817,0.07692307692307693,45,26,35,2,2,0,736,1349
B,1,seven,135,2-4-6,False,measured_only,0.13,14,True,77,78,44,66,6,6,0,935,1817,0.08974358974358974,45,29,37,1,1,0,693,1349
B,1,seven,136,2-4-7,True,measured_only,-1.0,0,True,77,78,55,78,3,3,0,780,1817,0.05128205128205128,45,31,45,3,3,0,586,1349
B,1,seven,145,2-5-6,False,measured_only,0.04,5,True,77,78,46,71,6,6,0,862,1817,0.08974358974358974,45,33,43,0,0,0,610,1349
B,1,seven,146,2-5-7,True,measured_only,-1.0,0,True,77,78,56,78,2,2,0,779,1817,0.038461538461538464,45,33,45,1,1,0,586,1349
B,1,seven,156,2-6-7,True,measured_only,-1.0,0,True,77,78,55,78,3,3,0,779,1817,0.05128205128205128,45,31,45,3,3,0,587,1349
B,1,seven,234,3-4-5,False,measured_only,0.24,25,True,77,78,29,47,6,6,0,1194,1817,0.08333333333333333,45,24,33,2,2,0,754,1349
B,1,seven,235,3-4-6,False,measured_only,0.13,14,True,77,78,41,63,5,5,0,970,1817,0.07692307692307693,45,28,38,3,3,0,694,1349
B,1,seven,236,3-4-7,True,measured_only,-1.0,0,True,77,78,53,78,5,5,0,779,1817,0.07692307692307693,45,30,45,4,4,0,588,1349
B,1,seven,245,3-5-6,False,measured_only,0.05,6,True,77,78,44,70,6,6,0,873,1817,0.08974358974358974,45,31,42,1,1,0,624,1349
B,1,seven,246,3-5-7,True,measured_only,-1.0,0,True,77,78,55,78,3,3,0,778,1817,0.05128205128205128,45,32,45,2,2,0,588,1349
B,1,seven,256,3-6-7,True,measured_only,-1.0,0,True,77,78,53,78,5,5,0,778,1817,0.07692307692307693,45,31,45,3,3,0,589,1349
B,1,seven,345,4-5-6,False,measured_only,0.1,11,True,77,78,44,69,6,6,0,886,1817,0.08974358974358974,45,31,40,1,1,0,646,1349
B,1,seven,346,4-5-7,True,measured_only,-1.0,0,True,77,78,56,78,2,2,0,779,1817,0.038461538461538464,45,32,45,2,2,0,586,1349
B,1,seven,356,4-6-7,True,measured_only,-1.0,0,True,77,78,54,78,4,4,0,779,1817,0.0641025641025641,45,30,45,4,4,0,587,1349
B,1,seven,456,5-6-7,True,measured_only,-1.0,0,True,77,78,56,78,2,2,0,778,1817,0.038461538461538464,45,33,45,1,1,0,587,1349
B,1,seven,012,1-2-3,False,loglinear,0.34,35,True,77,78,17,31,7,7,0,1409,1817,0.09615384615384616,45,11,13,0,0,0,1111,1349
B,1,seven,013,1-2-4,False,loglinear,0.36,37,True,77,78,19,27,5,5,0,1457,1817,0.07692307692307693,45,17,22,1,1,0,960,1349
B,1,seven,014,1-2-5,False,loglinear,0.29,30,True,77,78,30,45,6,6,0,1206,1817,0.08974358974358974,45,21,29,1,1,0,772,1349
B,1,seven,015,1-2-6,False,loglinear,0.14,15,True,77,78,43,64,6,6,0,959,1817,0.08974358974358974,45,29,38,2,2,0,661,1349
B,1,seven,016,1-2-7,True,loglinear,-1.0,0,True,77,78,54,78,4,4,0,780,1817,0.0641025641025641,45,30,45,3,3,0,566,1349
B,1,seven,023,1-3-4,False,loglinear,0.33,34,True,77,78,18,29,6,6,0,1433,1817,0.08974358974358974,45,17,20,0,0,0,983,1349
B,1,seven,024,1-3-5,False,loglinear,0.28,29,True,77,78,29,47,6,6,0,1182,1817,0.08974358974358974,45,22,28,0,0,0,798,1349
B,1,seven,025,1-3-6,False,loglinear,0.2,21,True,77,78,40,60,6,6,0,1006,1817,0.08974358974358974,45,28,36,2,2,0,702,1349
B,1,seven,026,1-3-7,True,loglinear,-1.0,0,True,77,78,52,78,6,6,0,779,1817,0.08974358974358974,45,31,45,3,3,0,568,1349
B,1,seven,034,1-4-5,False,loglinear,0.29,30,True,77,78,27,41,6,6,0,1267,1817,0.08974358974358974,45,24,31,1,1,0,771,1349
B,1,seven,035,1-4-6,False,loglinear,0.18,19,True,77,78,40,63,6,6,0,971,1817,0.08974358974358974,45,27,37,3,3,0,673,1349
B,1,seven,036,1-4-7,True,loglinear,-1.0,0,True,77,78,53,78,5,5,0,780,1817,0.07692307692307693,45,30,45,4,4,0,566,1349
B,1,seven,045,1-5-6,False,loglinear,0.13,14,True,77,78,43,67,6,6,0,910,1817,0.08974358974358974,45,31,40,1,1,0,626,1349
B,1,seven,046,1-5-7,True,loglinear,-1.0,0,True,77,78,55,78,3,3,0,779,1817,0.05128205128205128,45,32,45,2,2,0,566,1349
B,1,seven,056,1-6-7,True,loglinear,-1.0,0,True,77,78,53,78,5,5,0,779,1817,0.07692307692307693,45,30,45,4,4,0,567,1349
B,1,seven,123,2-3-4,False,loglinear,0.34,35,True,77,78,20,31,6,6,0,1409,1817,0.08974358974358974,45,19,21,0,0,0,995,1349
B,1,seven,124,2-3-5,False,loglinear,0.28,29,True,77,78,30,47,6,6,0,1182,1817,0.08974358974358974,45,24,31,1,1,0,777,1349
B,1,seven,125,2-3-6,False,loglinear,0.05,6,True,77,78,44,69,6,6,0,898,1817,0.08974358974358974,45,30,42,2,2,0,635,1349
B,1,seven,126,2-3-7,True,loglinear,-1.0,0,True,77,78,54,78,4,4,0,779,1817,0.0641025641025641,45,32,45,2,2,0,588,1349
B,1,seven,134,2-4-5,False,loglinear,0.29,30,True,77,78,30,42,5,5,0,1254,1817,0.07692307692307693,45,26,35,2,2,0,736,1349
B,1,seven,135,2-4-6,False,loglinear,0.13,14,True,77,78,44,67,6,6,0,923,1817,0.08974358974358974,45,29,38,2,2,0,681,1349
B,1,seven,136,2-4-7,True,loglinear,-1.0,0,True,77,78,55,78,3,3,0,780,1817,0.05128205128205128,45,31,45,3,3,0,586,1349
B,1,seven,145,2-5-6,False,loglinear,0.04,5,True,77,78,46,71,6,6,0,862,1817,0.08974358974358974,45,33,43,0,0,0,610,1349
B,1,seven,146,2-5-7,True,loglinear,-1.0,0,True,77,78,56,78,2,2,0,779,1817,0.038461538461538464,45,33,45,1,1,0,586,1349
B,1,seven,156,2-6-7,True,loglinear,-1.0,0,True,77,78,55,78,3,3,0,779,1817,0.05128205128205128,45,31,45,3,3,0,587,1349
B,1,seven,234,3-4-5,False,loglinear,0.24,25,True,77,78,29,47,6,6,0,1194,1817,0.08333333333333333,45,24,33,2,2,0,754,1349
B,1,seven,235,3-4-6,False,loglinear,0.13,14,True,77,78,41,65,6,6,0,946,1817,0.08974358974358974,45,28,38,3,3,0,694,1349
B,1,seven,236,3-4-7,True,loglinear,-1.0,0,True,77,78,53,78,5,5,0,779,1817,0.07692307692307693,45,30,45,4,4,0,588,1349
B,1,seven,245,3-5-6,False,loglinear,0.05,6,True,77,78,44,70,6,6,0,873,1817,0.08974358974358974,45,31,42,1,1,0,624,1349
B,1,seven,246,3-5-7,True,loglinear,-1.0,0,True,77,78,55,78,3,3,0,778,1817,0.05128205128205128,45,32,45,2,2,0,588,1349
B,1,seven,256,3-6-7,True,loglinear,-1.0,0,True,77,78,53,78,5,5,0,778,1817,0.07692307692307693,45,31,45,3,3,0,589,1349
B,1,seven,345,4-5-6,False,loglinear,0.1,11,True,77,78,44,69,6,6,0,886,1817,0.08974358974358974,45,31,40,1,1,0,646,1349
B,1,seven,346,4-5-7,True,loglinear,-1.0,0,True,77,78,56,78,2,2,0,779,1817,0.038461538461538464,45,32,45,2,2,0,586,1349
B,1,seven,356,4-6-7,True,loglinear,-1.0,0,True,77,78,54,78,4,4,0,779,1817,0.0641025641025641,45,30,45,4,4,0,587,1349
B,1,seven,456,5-6-7,True,loglinear,-1.0,0,True,77,78,56,78,2,2,0,778,1817,0.038461538461538464,45,33,45,1,1,0,587,1349
B,1,all,012,1-2-3,False,anchorboost,0.19,20,True,91,92,21,45,7,5,2,1686,2583,0.08695652173913043,50,13,27,3,1,2,1071,1558
B,1,all,013,1-2-4,False,anchorboost,0.21,22,True,91,92,26,48,8,7,1,1735,2583,0.09239130434782608,50,20,33,5,2,3,947,1558
B,1,all,014,1-2-5,False,anchorboost,0.1,11,True,91,92,41,73,8,8,0,1253,2583,0.09239130434782608,50,26,38,2,1,1,784,1558
B,1,all,015,1-2-6,False,anchorboost,0.07,8,True,91,92,54,83,8,8,0,1106,2583,0.09782608695652174,50,34,47,3,2,1,670,1558
B,1,all,016,1-2-7,True,anchorboost,-1.0,0,True,91,92,66,92,5,5,0,978,2583,0.06521739130434782,50,35,50,4,4,0,620,1558
B,1,all,023,1-3-4,False,anchorboost,0.19,20,True,91,92,25,51,8,7,1,1666,2583,0.09239130434782608,50,20,37,6,3,3,844,1558
B,1,all,024,1-3-5,False,anchorboost,0.13,14,True,91,92,40,72,8,8,0,1271,2583,0.09239130434782608,50,27,38,3,2,1,794,1558
B,1,all,025,1-3-6,False,anchorboost,0.13,14,True,91,92,51,76,8,8,0,1225,2583,0.09782608695652174,50,33,44,4,3,1,719,1558
B,1,all,026,1-3-7,True,anchorboost,-1.0,0,True,91,92,64,92,7,7,0,983,2583,0.08695652173913043,50,36,50,3,3,0,622,1558
B,1,all,034,1-4-5,False,anchorboost,0.15,16,True,91,92,38,68,8,8,0,1370,2583,0.09239130434782608,50,29,40,3,2,1,774,1558
B,1,all,035,1-4-6,False,anchorboost,0.1,11,True,91,92,51,79,8,8,0,1241,2583,0.09782608695652174,50,32,46,5,4,1,691,1558
B,1,all,036,1-4-7,True,anchorboost,-1.0,0,True,91,92,65,92,6,6,0,1005,2583,0.07608695652173914,50,35,50,4,4,0,629,1558
B,1,all,045,1-5-6,False,anchorboost,0.04,5,True,91,92,55,87,8,8,0,1053,2583,0.09782608695652174,50,36,48,2,1,1,647,1558
B,1,all,046,1-5-7,True,anchorboost,-1.0,0,True,91,92,67,92,4,4,0,985,2583,0.05434782608695652,50,37,50,2,2,0,620,1558
B,1,all,056,1-6-7,True,anchorboost,-1.0,0,True,91,92,66,92,5,5,0,965,2583,0.06521739130434782,50,35,50,4,4,0,618,1558
B,1,all,123,2-3-4,False,anchorboost,0.19,20,True,91,92,27,48,8,7,1,1727,2583,0.09239130434782608,50,22,39,6,3,3,848,1558
B,1,all,124,2-3-5,False,anchorboost,0.03,4,True,91,92,41,81,8,8,0,1193,2583,0.09239130434782608,50,29,47,6,3,3,685,1558
B,1,all,125,2-3-6,False,anchorboost,0.04,5,True,91,92,55,84,8,8,0,1129,2583,0.09782608695652174,50,35,47,3,2,1,695,1558
B,1,all,126,2-3-7,True,anchorboost,-1.0,0,True,91,92,66,92,5,5,0,1013,2583,0.06521739130434782,50,37,50,2,2,0,645,1558
B,1,all,134,2-4-5,False,anchorboost,0.08,9,True,91,92,41,80,8,8,0,1227,2583,0.09239130434782608,50,31,47,5,3,2,701,1558
B,1,all,135,2-4-6,False,anchorboost,0.04,5,True,91,92,55,86,8,8,0,1145,2583,0.09782608695652174,50,34,47,3,2,1,691,1558
B,1,all,136,2-4-7,True,anchorboost,-1.0,0,True,91,92,67,92,4,4,0,1035,2583,0.05434782608695652,50,36,50,3,3,0,652,1558
B,1,all,145,2-5-6,False,anchorboost,0.03,4,True,91,92,58,85,6,6,0,1107,2583,0.07608695652173914,50,38,48,1,0,1,670,1558
B,1,all,146,2-5-7,True,anchorboost,-1.0,0,True,91,92,68,92,3,3,0,1015,2583,0.043478260869565216,50,38,50,1,1,0,643,1558
B,1,all,156,2-6-7,True,anchorboost,-1.0,0,True,91,92,68,92,3,3,0,995,2583,0.043478260869565216,50,36,50,3,3,0,641,1558
B,1,all,234,3-4-5,False,anchorboost,0.08,9,True,91,92,40,75,8,7,1,1292,2583,0.09239130434782608,50,29,46,6,3,3,718,1558
B,1,all,235,3-4-6,False,anchorboost,0.08,9,True,91,92,52,82,8,8,0,1210,2583,0.09782608695652174,50,33,46,4,3,1,727,1558
B,1,all,236,3-4-7,True,anchorboost,-1.0,0,True,91,92,65,92,6,6,0,1040,2583,0.07608695652173914,50,35,50,4,4,0,654,1558
B,1,all,245,3-5-6,False,anchorboost,0.04,5,True,91,92,56,86,8,8,0,1100,2583,0.09782608695652174,50,36,47,2,1,1,684,1558
B,1,all,246,3-5-7,True,anchorboost,-1.0,0,True,91,92,67,92,4,4,0,1020,2583,0.05434782608695652,50,37,50,2,2,0,645,1558
B,1,all,256,3-6-7,True,anchorboost,-1.0,0,True,91,92,66,92,5,5,0,1000,2583,0.06521739130434782,50,36,50,3,3,0,643,1558
B,1,all,345,4-5-6,False,anchorboost,0.04,5,True,91,92,56,86,8,8,0,1122,2583,0.09782608695652174,50,36,48,2,1,1,679,1558
B,1,all,346,4-5-7,True,anchorboost,-1.0,0,True,91,92,68,92,3,3,0,1042,2583,0.043478260869565216,50,37,50,2,2,0,652,1558
B,1,all,356,4-6-7,True,anchorboost,-1.0,0,True,91,92,67,92,4,4,0,1022,2583,0.05434782608695652,50,35,50,4,4,0,650,1558
B,1,all,456,5-6-7,True,anchorboost,-1.0,0,True,91,92,69,92,2,2,0,1002,2583,0.03260869565217391,50,38,50,1,1,0,641,1558
B,1,all,012,1-2-3,False,measured_only,0.38,39,True,91,92,21,21,0,0,0,2254,2583,0.010869565217391304,50,13,13,0,0,0,1350,1558
B,1,all,013,1-2-4,False,measured_only,0.35,36,True,91,92,26,40,8,8,0,1875,2583,0.09782608695652174,50,20,25,1,1,0,1079,1558
B,1,all,014,1-2-5,False,measured_only,0.29,30,True,91,92,41,57,6,6,0,1502,2583,0.07608695652173914,50,26,34,1,1,0,832,1558
B,1,all,015,1-2-6,False,measured_only,0.13,14,True,91,92,54,78,8,8,0,1166,2583,0.09782608695652174,50,34,43,2,2,0,718,1558
B,1,all,016,1-2-7,True,measured_only,-1.0,0,True,91,92,66,92,5,5,0,978,2583,0.06521739130434782,50,35,50,4,4,0,620,1558
B,1,all,023,1-3-4,False,measured_only,0.32,33,True,91,92,25,41,8,8,0,1866,2583,0.09782608695652174,50,20,27,3,3,0,990,1558
B,1,all,024,1-3-5,False,measured_only,0.26,27,True,91,92,40,62,8,8,0,1448,2583,0.09782608695652174,50,27,34,0,0,0,846,1558
B,1,all,025,1-3-6,False,measured_only,0.19,20,True,91,92,51,75,8,8,0,1237,2583,0.09782608695652174,50,33,42,3,3,0,743,1558
B,1,all,026,1-3-7,True,measured_only,-1.0,0,True,91,92,64,92,7,7,0,983,2583,0.08695652173913043,50,36,50,3,3,0,622,1558
B,1,all,034,1-4-5,False,measured_only,0.27,28,True,91,92,38,58,8,8,0,1530,2583,0.09782608695652174,50,29,37,1,1,0,828,1558
B,1,all,035,1-4-6,False,measured_only,0.13,14,True,91,92,51,77,8,8,0,1235,2583,0.09782608695652174,50,32,42,3,3,0,739,1558
B,1,all,036,1-4-7,True,measured_only,-1.0,0,True,91,92,65,92,6,6,0,1005,2583,0.07608695652173914,50,35,50,4,4,0,629,1558
B,1,all,045,1-5-6,False,measured_only,0.13,14,True,91,92,55,80,7,7,0,1137,2583,0.08695652173913043,50,36,44,1,1,0,695,1558
B,1,all,046,1-5-7,True,measured_only,-1.0,0,True,91,92,67,92,4,4,0,985,2583,0.05434782608695652,50,37,50,2,2,0,620,1558
B,1,all,056,1-6-7,True,measured_only,-1.0,0,True,91,92,66,92,5,5,0,965,2583,0.06521739130434782,50,35,50,4,4,0,618,1558
B,1,all,123,2-3-4,False,measured_only,0.34,35,True,91,92,27,41,8,8,0,1849,2583,0.09782608695652174,50,22,24,0,0,0,1114,1558
B,1,all,124,2-3-5,False,measured_only,0.24,25,True,91,92,41,61,8,8,0,1481,2583,0.09239130434782608,50,29,37,1,1,0,828,1558
B,1,all,125,2-3-6,False,measured_only,0.05,6,True,91,92,55,83,8,8,0,1141,2583,0.09782608695652174,50,35,47,2,2,0,695,1558
B,1,all,126,2-3-7,True,measured_only,-1.0,0,True,91,92,66,92,5,5,0,1013,2583,0.06521739130434782,50,37,50,2,2,0,645,1558
B,1,all,134,2-4-5,False,measured_only,0.27,28,True,91,92,41,58,7,7,0,1550,2583,0.08695652173913043,50,31,40,2,2,0,808,1558
B,1,all,135,2-4-6,False,measured_only,0.07,8,True,91,92,55,82,8,8,0,1205,2583,0.09782608695652174,50,34,44,2,2,0,738,1558
B,1,all,136,2-4-7,True,measured_only,-1.0,0,True,91,92,67,92,4,4,0,1035,2583,0.05434782608695652,50,36,50,3,3,0,652,1558
B,1,all,145,2-5-6,False,measured_only,0.04,5,True,91,92,58,85,7,7,0,1107,2583,0.08695652173913043,50,38,48,0,0,0,670,1558
B,1,all,146,2-5-7,True,measured_only,-1.0,0,True,91,92,68,92,3,3,0,1015,2583,0.043478260869565216,50,38,50,1,1,0,643,1558
B,1,all,156,2-6-7,True,measured_only,-1.0,0,True,91,92,68,92,3,3,0,995,2583,0.043478260869565216,50,36,50,3,3,0,641,1558
B,1,all,234,3-4-5,False,measured_only,0.24,25,True,91,92,40,59,6,6,0,1544,2583,0.07065217391304347,50,29,38,2,2,0,826,1558
B,1,all,235,3-4-6,False,measured_only,0.07,8,True,91,92,52,81,8,8,0,1222,2583,0.09782608695652174,50,33,45,3,3,0,728,1558
B,1,all,236,3-4-7,True,measured_only,-1.0,0,True,91,92,65,92,6,6,0,1040,2583,0.07608695652173914,50,35,50,4,4,0,654,1558
B,1,all,245,3-5-6,False,measured_only,0.04,5,True,91,92,56,85,8,8,0,1112,2583,0.09782608695652174,50,36,47,1,1,0,684,1558
B,1,all,246,3-5-7,True,measured_only,-1.0,0,True,91,92,67,92,4,4,0,1020,2583,0.05434782608695652,50,37,50,2,2,0,645,1558
B,1,all,256,3-6-7,True,measured_only,-1.0,0,True,91,92,66,92,5,5,0,1000,2583,0.06521739130434782,50,36,50,3,3,0,643,1558
B,1,all,345,4-5-6,False,measured_only,0.07,8,True,91,92,56,85,8,8,0,1134,2583,0.09782608695652174,50,36,45,1,1,0,715,1558
B,1,all,346,4-5-7,True,measured_only,-1.0,0,True,91,92,68,92,3,3,0,1042,2583,0.043478260869565216,50,37,50,2,2,0,652,1558
B,1,all,356,4-6-7,True,measured_only,-1.0,0,True,91,92,67,92,4,4,0,1022,2583,0.05434782608695652,50,35,50,4,4,0,650,1558
B,1,all,456,5-6-7,True,measured_only,-1.0,0,True,91,92,69,92,2,2,0,1002,2583,0.03260869565217391,50,38,50,1,1,0,641,1558
B,1,all,012,1-2-3,False,loglinear,0.38,39,True,91,92,21,21,0,0,0,2254,2583,0.010869565217391304,50,13,13,0,0,0,1350,1558
B,1,all,013,1-2-4,False,loglinear,0.35,36,True,91,92,26,40,8,8,0,1875,2583,0.09782608695652174,50,20,25,1,1,0,1079,1558
B,1,all,014,1-2-5,False,loglinear,0.29,30,True,91,92,41,57,6,6,0,1502,2583,0.07608695652173914,50,26,34,1,1,0,832,1558
B,1,all,015,1-2-6,False,loglinear,0.14,15,True,91,92,54,78,8,8,0,1166,2583,0.09782608695652174,50,34,43,2,2,0,718,1558
B,1,all,016,1-2-7,True,loglinear,-1.0,0,True,91,92,66,92,5,5,0,978,2583,0.06521739130434782,50,35,50,3,3,0,620,1558
B,1,all,023,1-3-4,False,loglinear,0.32,33,True,91,92,25,41,8,8,0,1866,2583,0.09782608695652174,50,20,26,2,2,0,1002,1558
B,1,all,024,1-3-5,False,loglinear,0.26,27,True,91,92,40,62,8,8,0,1448,2583,0.09782608695652174,50,27,34,0,0,0,846,1558
B,1,all,025,1-3-6,False,loglinear,0.2,21,True,91,92,51,72,6,6,0,1303,2583,0.07608695652173914,50,33,41,2,2,0,759,1558
B,1,all,026,1-3-7,True,loglinear,-1.0,0,True,91,92,64,92,7,7,0,983,2583,0.08695652173913043,50,36,50,3,3,0,622,1558
B,1,all,034,1-4-5,False,loglinear,0.27,28,True,91,92,38,58,8,8,0,1530,2583,0.09782608695652174,50,29,37,1,1,0,828,1558
B,1,all,035,1-4-6,False,loglinear,0.14,15,True,91,92,51,77,8,8,0,1235,2583,0.09782608695652174,50,32,42,3,3,0,739,1558
B,1,all,036,1-4-7,True,loglinear,-1.0,0,True,91,92,65,92,6,6,0,1005,2583,0.07608695652173914,50,35,50,4,4,0,629,1558
B,1,all,045,1-5-6,False,loglinear,0.13,14,True,91,92,55,81,7,7,0,1125,2583,0.08695652173913043,50,36,45,1,1,0,683,1558
B,1,all,046,1-5-7,True,loglinear,-1.0,0,True,91,92,67,92,4,4,0,985,2583,0.05434782608695652,50,37,50,2,2,0,620,1558
B,1,all,056,1-6-7,True,loglinear,-1.0,0,True,91,92,66,92,5,5,0,965,2583,0.06521739130434782,50,35,50,4,4,0,618,1558
B,1,all,123,2-3-4,False,loglinear,0.34,35,True,91,92,27,40,8,8,0,1861,2583,0.09782608695652174,50,22,24,0,0,0,1114,1558
B,1,all,124,2-3-5,False,loglinear,0.24,25,True,91,92,41,61,8,8,0,1481,2583,0.09239130434782608,50,29,37,1,1,0,828,1558
B,1,all,125,2-3-6,False,loglinear,0.05,6,True,91,92,55,83,8,8,0,1141,2583,0.09782608695652174,50,35,47,2,2,0,695,1558
B,1,all,126,2-3-7,True,loglinear,-1.0,0,True,91,92,66,92,5,5,0,1013,2583,0.06521739130434782,50,37,50,2,2,0,645,1558
B,1,all,134,2-4-5,False,loglinear,0.27,28,True,91,92,41,58,7,7,0,1550,2583,0.08695652173913043,50,31,40,2,2,0,808,1558
B,1,all,135,2-4-6,False,loglinear,0.07,8,True,91,92,55,82,8,8,0,1205,2583,0.09782608695652174,50,34,44,2,2,0,738,1558
B,1,all,136,2-4-7,True,loglinear,-1.0,0,True,91,92,67,92,4,4,0,1035,2583,0.05434782608695652,50,36,50,3,3,0,652,1558
B,1,all,145,2-5-6,False,loglinear,0.04,5,True,91,92,58,85,7,7,0,1107,2583,0.08695652173913043,50,38,48,0,0,0,670,1558
B,1,all,146,2-5-7,True,loglinear,-1.0,0,True,91,92,68,92,3,3,0,1015,2583,0.043478260869565216,50,38,50,1,1,0,643,1558
B,1,all,156,2-6-7,True,loglinear,-1.0,0,True,91,92,68,92,3,3,0,995,2583,0.043478260869565216,50,36,50,3,3,0,641,1558
B,1,all,234,3-4-5,False,loglinear,0.24,25,True,91,92,40,59,6,6,0,1544,2583,0.07065217391304347,50,29,38,2,2,0,826,1558
B,1,all,235,3-4-6,False,loglinear,0.07,8,True,91,92,52,81,8,8,0,1222,2583,0.09782608695652174,50,33,45,3,3,0,728,1558
B,1,all,236,3-4-7,True,loglinear,-1.0,0,True,91,92,65,92,6,6,0,1040,2583,0.07608695652173914,50,35,50,4,4,0,654,1558
B,1,all,245,3-5-6,False,loglinear,0.04,5,True,91,92,56,85,8,8,0,1112,2583,0.09782608695652174,50,36,47,1,1,0,684,1558
B,1,all,246,3-5-7,True,loglinear,-1.0,0,True,91,92,67,92,4,4,0,1020,2583,0.05434782608695652,50,37,50,2,2,0,645,1558
B,1,all,256,3-6-7,True,loglinear,-1.0,0,True,91,92,66,92,5,5,0,1000,2583,0.06521739130434782,50,36,50,3,3,0,643,1558
B,1,all,345,4-5-6,False,loglinear,0.07,8,True,91,92,56,85,8,8,0,1134,2583,0.09782608695652174,50,36,45,1,1,0,715,1558
B,1,all,346,4-5-7,True,loglinear,-1.0,0,True,91,92,68,92,3,3,0,1042,2583,0.043478260869565216,50,37,50,2,2,0,652,1558
B,1,all,356,4-6-7,True,loglinear,-1.0,0,True,91,92,67,92,4,4,0,1022,2583,0.05434782608695652,50,35,50,4,4,0,650,1558
B,1,all,456,5-6-7,True,loglinear,-1.0,0,True,91,92,69,92,2,2,0,1002,2583,0.03260869565217391,50,38,50,1,1,0,641,1558
B,2,seven,012,1-2-3,False,anchorboost,0.17,18,True,77,78,16,40,6,4,2,1246,1817,0.08974358974358974,46,8,27,8,4,4,828,1223
B,2,seven,013,1-2-4,False,anchorboost,0.2,21,True,77,78,18,35,6,5,1,1349,1817,0.08974358974358974,46,16,24,3,2,1,878,1223
B,2,seven,014,1-2-5,False,anchorboost,0.17,18,True,77,78,28,49,7,6,1,1159,1817,0.09615384615384616,46,20,26,3,3,0,828,1223
B,2,seven,015,1-2-6,False,anchorboost,0.05,6,True,77,78,43,71,6,6,0,863,1817,0.08974358974358974,46,27,45,5,5,0,534,1223
B,2,seven,016,1-2-7,True,anchorboost,-1.0,0,True,77,78,53,78,5,5,0,780,1817,0.07692307692307693,46,33,46,0,0,0,522,1223
B,2,seven,023,1-3-4,False,anchorboost,0.2,21,True,77,78,18,36,7,4,3,1349,1817,0.09615384615384616,46,14,20,4,4,0,936,1223
B,2,seven,024,1-3-5,False,anchorboost,0.15,16,True,77,78,28,49,7,7,0,1158,1817,0.09615384615384616,46,19,26,2,2,0,852,1223
B,2,seven,025,1-3-6,False,anchorboost,0.19,20,True,77,78,40,54,4,4,0,1102,1817,0.0641025641025641,46,26,34,2,2,0,697,1223
B,2,seven,026,1-3-7,True,anchorboost,-1.0,0,True,77,78,52,78,6,6,0,779,1817,0.08974358974358974,46,33,46,0,0,0,522,1223
B,2,seven,034,1-4-5,False,anchorboost,0.15,16,True,77,78,27,54,6,6,0,1111,1817,0.08333333333333333,46,20,30,3,3,0,781,1223
B,2,seven,035,1-4-6,False,anchorboost,0.15,16,True,77,78,40,63,5,5,0,959,1817,0.07692307692307693,46,26,35,3,3,0,673,1223
B,2,seven,036,1-4-7,True,anchorboost,-1.0,0,True,77,78,52,78,6,6,0,780,1817,0.08974358974358974,46,33,46,0,0,0,522,1223
B,2,seven,045,1-5-6,False,anchorboost,0.14,15,True,77,78,43,65,6,6,0,934,1817,0.08974358974358974,46,27,40,3,3,0,603,1223
B,2,seven,046,1-5-7,True,anchorboost,-1.0,0,True,77,78,54,78,4,4,0,779,1817,0.0641025641025641,46,33,46,0,0,0,520,1223
B,2,seven,056,1-6-7,True,anchorboost,-1.0,0,True,77,78,52,78,6,6,0,779,1817,0.08974358974358974,46,33,46,0,0,0,521,1223
B,2,seven,123,2-3-4,False,anchorboost,0.21,22,True,77,78,20,35,7,5,2,1373,1817,0.09615384615384616,46,15,23,4,4,0,888,1223
B,2,seven,124,2-3-5,False,anchorboost,0.08,9,True,77,78,30,60,7,7,0,1026,1817,0.09615384615384616,46,20,40,6,5,1,641,1223
B,2,seven,125,2-3-6,False,anchorboost,0.04,5,True,77,78,44,72,6,6,0,850,1817,0.08974358974358974,46,27,45,6,6,0,539,1223
B,2,seven,126,2-3-7,True,anchorboost,-1.0,0,True,77,78,54,78,4,4,0,779,1817,0.0641025641025641,46,33,46,0,0,0,527,1223
B,2,seven,134,2-4-5,False,anchorboost,0.09,10,True,77,78,29,61,7,7,0,1027,1817,0.09615384615384616,46,21,38,5,4,1,689,1223
B,2,seven,135,2-4-6,False,anchorboost,0.04,5,True,77,78,44,73,6,6,0,839,1817,0.08974358974358974,46,27,46,6,6,0,527,1223
B,2,seven,136,2-4-7,True,anchorboost,-1.0,0,True,77,78,54,78,4,4,0,780,1817,0.0641025641025641,46,33,46,0,0,0,527,1223
B,2,seven,145,2-5-6,False,anchorboost,0.02,3,True,77,78,46,72,6,6,0,850,1817,0.08974358974358974,46,27,44,4,4,0,549,1223
B,2,seven,146,2-5-7,True,anchorboost,-1.0,0,True,77,78,55,78,3,3,0,779,1817,0.05128205128205128,46,32,46,1,1,0,525,1223
B,2,seven,156,2-6-7,True,anchorboost,-1.0,0,True,77,78,54,78,4,4,0,779,1817,0.0641025641025641,46,32,46,1,1,0,526,1223
B,2,seven,234,3-4-5,False,anchorboost,0.11,12,True,77,78,29,58,7,7,0,1050,1817,0.09615384615384616,46,20,39,6,6,0,642,1223
B,2,seven,235,3-4-6,False,anchorboost,0.14,15,True,77,78,41,64,6,6,0,958,1817,0.08974358974358974,46,26,37,3,3,0,658,1223
B,2,seven,236,3-4-7,True,anchorboost,-1.0,0,True,77,78,53,78,5,5,0,779,1817,0.07692307692307693,46,33,46,0,0,0,527,1223
B,2,seven,245,3-5-6,False,anchorboost,0.06,7,True,77,78,44,69,6,6,0,885,1817,0.08974358974358974,46,27,42,3,3,0,584,1223
B,2,seven,246,3-5-7,True,anchorboost,-1.0,0,True,77,78,55,78,3,3,0,778,1817,0.05128205128205128,46,33,46,0,0,0,525,1223
B,2,seven,256,3-6-7,True,anchorboost,-1.0,0,True,77,78,53,78,5,5,0,778,1817,0.07692307692307693,46,33,46,0,0,0,526,1223
B,2,seven,345,4-5-6,False,anchorboost,0.07,8,True,77,78,44,68,6,6,0,898,1817,0.08974358974358974,46,27,43,3,3,0,572,1223
B,2,seven,346,4-5-7,True,anchorboost,-1.0,0,True,77,78,55,78,3,3,0,779,1817,0.05128205128205128,46,33,46,0,0,0,525,1223
B,2,seven,356,4-6-7,True,anchorboost,-1.0,0,True,77,78,53,78,5,5,0,779,1817,0.07692307692307693,46,33,46,0,0,0,526,1223
B,2,seven,456,5-6-7,True,anchorboost,-1.0,0,True,77,78,55,78,3,3,0,778,1817,0.05128205128205128,46,32,46,1,1,0,524,1223
B,2,seven,012,1-2-3,False,measured_only,0.32,33,True,77,78,16,30,7,7,0,1421,1817,0.09615384615384616,46,8,14,4,4,0,1007,1223
B,2,seven,013,1-2-4,False,measured_only,0.31,32,True,77,78,18,32,6,6,0,1397,1817,0.08974358974358974,46,16,19,2,2,0,949,1223
B,2,seven,014,1-2-5,False,measured_only,0.28,29,True,77,78,28,42,6,6,0,1242,1817,0.08974358974358974,46,20,26,2,2,0,840,1223
B,2,seven,015,1-2-6,False,measured_only,0.17,18,True,77,78,43,64,6,6,0,959,1817,0.08974358974358974,46,27,38,4,4,0,637,1223
B,2,seven,016,1-2-7,True,measured_only,-1.0,0,True,77,78,53,78,5,5,0,780,1817,0.07692307692307693,46,33,46,0,0,0,522,1223
B,2,seven,023,1-3-4,False,measured_only,0.3,31,True,77,78,18,29,5,5,0,1433,1817,0.07692307692307693,46,14,20,3,3,0,918,1223
B,2,seven,024,1-3-5,False,measured_only,0.27,28,True,77,78,28,43,5,5,0,1242,1817,0.07692307692307693,46,19,27,2,2,0,832,1223
B,2,seven,025,1-3-6,False,measured_only,0.22,23,True,77,78,40,57,5,5,0,1066,1817,0.07692307692307693,46,26,36,2,2,0,665,1223
B,2,seven,026,1-3-7,True,measured_only,-1.0,0,True,77,78,52,78,6,6,0,779,1817,0.08974358974358974,46,33,46,0,0,0,522,1223
B,2,seven,034,1-4-5,False,measured_only,0.29,30,True,77,78,27,41,6,6,0,1267,1817,0.08974358974358974,46,20,26,1,1,0,844,1223
B,2,seven,035,1-4-6,False,measured_only,0.18,19,True,77,78,40,63,6,6,0,971,1817,0.08974358974358974,46,26,37,3,3,0,641,1223
B,2,seven,036,1-4-7,True,measured_only,-1.0,0,True,77,78,52,78,6,6,0,780,1817,0.08974358974358974,46,33,46,0,0,0,522,1223
B,2,seven,045,1-5-6,False,measured_only,0.17,18,True,77,78,43,65,5,5,0,934,1817,0.07692307692307693,46,27,40,3,3,0,603,1223
B,2,seven,046,1-5-7,True,measured_only,-1.0,0,True,77,78,54,78,4,4,0,779,1817,0.0641025641025641,46,33,46,0,0,0,520,1223
B,2,seven,056,1-6-7,True,measured_only,-1.0,0,True,77,78,52,78,6,6,0,779,1817,0.08974358974358974,46,33,46,0,0,0,521,1223
B,2,seven,123,2-3-4,False,measured_only,0.3,31,True,77,78,20,32,6,6,0,1397,1817,0.08974358974358974,46,15,18,2,2,0,962,1223
B,2,seven,124,2-3-5,False,measured_only,0.27,28,True,77,78,30,45,6,6,0,1218,1817,0.08974358974358974,46,20,25,2,2,0,869,1223
B,2,seven,125,2-3-6,False,measured_only,0.07,8,True,77,78,44,69,6,6,0,898,1817,0.08974358974358974,46,27,44,5,5,0,562,1223
B,2,seven,126,2-3-7,True,measured_only,-1.0,0,True,77,78,54,78,4,4,0,779,1817,0.0641025641025641,46,33,46,0,0,0,527,1223
B,2,seven,134,2-4-5,False,measured_only,0.28,29,True,77,78,29,41,5,5,0,1266,1817,0.07692307692307693,46,21,23,0,0,0,917,1223
B,2,seven,135,2-4-6,False,measured_only,0.12,13,True,77,78,44,68,6,6,0,911,1817,0.08974358974358974,46,27,42,3,3,0,594,1223
B,2,seven,136,2-4-7,True,measured_only,-1.0,0,True,77,78,54,78,4,4,0,780,1817,0.0641025641025641,46,33,46,0,0,0,527,1223
B,2,seven,145,2-5-6,False,measured_only,0.05,6,True,77,78,46,71,6,6,0,862,1817,0.08974358974358974,46,27,45,5,5,0,537,1223
B,2,seven,146,2-5-7,True,measured_only,-1.0,0,True,77,78,55,78,3,3,0,779,1817,0.05128205128205128,46,32,46,1,1,0,525,1223
B,2,seven,156,2-6-7,True,measured_only,-1.0,0,True,77,78,54,78,4,4,0,779,1817,0.0641025641025641,46,32,46,1,1,0,526,1223
B,2,seven,234,3-4-5,False,measured_only,0.23,24,True,77,78,29,48,7,7,0,1182,1817,0.09615384615384616,46,20,28,1,1,0,825,1223
B,2,seven,235,3-4-6,False,measured_only,0.15,16,True,77,78,41,65,6,6,0,946,1817,0.08974358974358974,46,26,38,3,3,0,634,1223
B,2,seven,236,3-4-7,True,measured_only,-1.0,0,True,77,78,53,78,5,5,0,779,1817,0.07692307692307693,46,33,46,0,0,0,527,1223
B,2,seven,245,3-5-6,False,measured_only,0.07,8,True,77,78,44,70,6,6,0,873,1817,0.08974358974358974,46,27,42,3,3,0,584,1223
B,2,seven,246,3-5-7,True,measured_only,-1.0,0,True,77,78,55,78,3,3,0,778,1817,0.05128205128205128,46,33,46,0,0,0,525,1223
B,2,seven,256,3-6-7,True,measured_only,-1.0,0,True,77,78,53,78,5,5,0,778,1817,0.07692307692307693,46,33,46,0,0,0,526,1223
B,2,seven,345,4-5-6,False,measured_only,0.14,15,True,77,78,44,69,6,6,0,886,1817,0.08974358974358974,46,27,40,3,3,0,608,1223
B,2,seven,346,4-5-7,True,measured_only,-1.0,0,True,77,78,55,78,3,3,0,779,1817,0.05128205128205128,46,33,46,0,0,0,525,1223
B,2,seven,356,4-6-7,True,measured_only,-1.0,0,True,77,78,53,78,5,5,0,779,1817,0.07692307692307693,46,33,46,0,0,0,526,1223
B,2,seven,456,5-6-7,True,measured_only,-1.0,0,True,77,78,55,78,3,3,0,778,1817,0.05128205128205128,46,32,46,1,1,0,524,1223
B,2,seven,012,1-2-3,False,loglinear,0.32,33,True,77,78,16,30,7,7,0,1421,1817,0.09615384615384616,46,8,14,4,4,0,1007,1223
B,2,seven,013,1-2-4,False,loglinear,0.31,32,True,77,78,18,32,6,6,0,1397,1817,0.08974358974358974,46,16,19,2,2,0,949,1223
B,2,seven,014,1-2-5,False,loglinear,0.28,29,True,77,78,28,42,6,6,0,1242,1817,0.08974358974358974,46,20,26,2,2,0,840,1223
B,2,seven,015,1-2-6,False,loglinear,0.17,18,True,77,78,43,64,6,6,0,959,1817,0.08974358974358974,46,27,40,4,4,0,613,1223
B,2,seven,016,1-2-7,True,loglinear,-1.0,0,True,77,78,53,78,5,5,0,780,1817,0.07692307692307693,46,33,46,0,0,0,522,1223
B,2,seven,023,1-3-4,False,loglinear,0.3,31,True,77,78,18,28,5,5,0,1445,1817,0.07692307692307693,46,14,20,3,3,0,918,1223
B,2,seven,024,1-3-5,False,loglinear,0.27,28,True,77,78,28,42,5,5,0,1254,1817,0.07692307692307693,46,19,27,2,2,0,832,1223
B,2,seven,025,1-3-6,False,loglinear,0.22,23,True,77,78,40,57,5,5,0,1066,1817,0.07692307692307693,46,26,36,2,2,0,665,1223
B,2,seven,026,1-3-7,True,loglinear,-1.0,0,True,77,78,52,78,6,6,0,779,1817,0.08974358974358974,46,33,46,0,0,0,522,1223
B,2,seven,034,1-4-5,False,loglinear,0.29,30,True,77,78,27,41,6,6,0,1267,1817,0.08974358974358974,46,20,26,1,1,0,844,1223
B,2,seven,035,1-4-6,False,loglinear,0.18,19,True,77,78,40,63,6,6,0,971,1817,0.08974358974358974,46,26,37,3,3,0,641,1223
B,2,seven,036,1-4-7,True,loglinear,-1.0,0,True,77,78,52,78,6,6,0,780,1817,0.08974358974358974,46,33,46,0,0,0,522,1223
B,2,seven,045,1-5-6,False,loglinear,0.17,18,True,77,78,43,66,6,6,0,922,1817,0.08974358974358974,46,27,40,3,3,0,603,1223
B,2,seven,046,1-5-7,True,loglinear,-1.0,0,True,77,78,54,78,4,4,0,779,1817,0.0641025641025641,46,33,46,0,0,0,520,1223
B,2,seven,056,1-6-7,True,loglinear,-1.0,0,True,77,78,52,78,6,6,0,779,1817,0.08974358974358974,46,33,46,0,0,0,521,1223
B,2,seven,123,2-3-4,False,loglinear,0.3,31,True,77,78,20,31,6,6,0,1409,1817,0.08974358974358974,46,15,18,2,2,0,962,1223
B,2,seven,124,2-3-5,False,loglinear,0.27,28,True,77,78,30,44,6,6,0,1230,1817,0.08974358974358974,46,20,25,2,2,0,869,1223
B,2,seven,125,2-3-6,False,loglinear,0.07,8,True,77,78,44,69,6,6,0,898,1817,0.08974358974358974,46,27,44,5,5,0,562,1223
B,2,seven,126,2-3-7,True,loglinear,-1.0,0,True,77,78,54,78,4,4,0,779,1817,0.0641025641025641,46,33,46,0,0,0,527,1223
B,2,seven,134,2-4-5,False,loglinear,0.28,29,True,77,78,29,41,5,5,0,1266,1817,0.07692307692307693,46,21,23,0,0,0,917,1223
B,2,seven,135,2-4-6,False,loglinear,0.12,13,True,77,78,44,68,6,6,0,911,1817,0.08974358974358974,46,27,42,3,3,0,594,1223
B,2,seven,136,2-4-7,True,loglinear,-1.0,0,True,77,78,54,78,4,4,0,780,1817,0.0641025641025641,46,33,46,0,0,0,527,1223
B,2,seven,145,2-5-6,False,loglinear,0.06,7,True,77,78,46,71,6,6,0,862,1817,0.08974358974358974,46,27,44,4,4,0,549,1223
B,2,seven,146,2-5-7,True,loglinear,-1.0,0,True,77,78,55,78,3,3,0,779,1817,0.05128205128205128,46,32,46,1,1,0,525,1223
B,2,seven,156,2-6-7,True,loglinear,-1.0,0,True,77,78,54,78,4,4,0,779,1817,0.0641025641025641,46,32,46,1,1,0,526,1223
B,2,seven,234,3-4-5,False,loglinear,0.23,24,True,77,78,29,48,7,7,0,1182,1817,0.09615384615384616,46,20,28,1,1,0,825,1223
B,2,seven,235,3-4-6,False,loglinear,0.15,16,True,77,78,41,66,6,6,0,934,1817,0.08974358974358974,46,26,39,3,3,0,622,1223
B,2,seven,236,3-4-7,True,loglinear,-1.0,0,True,77,78,53,78,5,5,0,779,1817,0.07692307692307693,46,33,46,0,0,0,527,1223
B,2,seven,245,3-5-6,False,loglinear,0.07,8,True,77,78,44,70,6,6,0,873,1817,0.08974358974358974,46,27,42,3,3,0,584,1223
B,2,seven,246,3-5-7,True,loglinear,-1.0,0,True,77,78,55,78,3,3,0,778,1817,0.05128205128205128,46,33,46,0,0,0,525,1223
B,2,seven,256,3-6-7,True,loglinear,-1.0,0,True,77,78,53,78,5,5,0,778,1817,0.07692307692307693,46,33,46,0,0,0,526,1223
B,2,seven,345,4-5-6,False,loglinear,0.14,15,True,77,78,44,69,6,6,0,886,1817,0.08974358974358974,46,27,40,3,3,0,608,1223
B,2,seven,346,4-5-7,True,loglinear,-1.0,0,True,77,78,55,78,3,3,0,779,1817,0.05128205128205128,46,33,46,0,0,0,525,1223
B,2,seven,356,4-6-7,True,loglinear,-1.0,0,True,77,78,53,78,5,5,0,779,1817,0.07692307692307693,46,33,46,0,0,0,526,1223
B,2,seven,456,5-6-7,True,loglinear,-1.0,0,True,77,78,55,78,3,3,0,778,1817,0.05128205128205128,46,32,46,1,1,0,524,1223
B,2,all,012,1-2-3,False,anchorboost,0.17,18,True,91,92,20,53,7,5,2,1507,2583,0.08695652173913043,51,10,32,8,4,4,888,1475
B,2,all,013,1-2-4,False,anchorboost,0.17,18,True,91,92,25,54,8,7,1,1589,2583,0.09782608695652174,51,19,31,4,3,1,899,1475
B,2,all,014,1-2-5,False,anchorboost,0.15,16,True,91,92,39,65,8,7,1,1362,2583,0.09239130434782608,51,25,33,3,3,0,867,1475
B,2,all,015,1-2-6,False,anchorboost,0.02,3,True,91,92,54,87,8,8,0,1046,2583,0.09782608695652174,51,32,51,6,6,0,573,1475
B,2,all,016,1-2-7,True,anchorboost,-1.0,0,True,91,92,65,92,6,6,0,978,2583,0.07608695652173914,51,38,51,0,0,0,573,1475
B,2,all,023,1-3-4,False,anchorboost,0.19,20,True,91,92,25,50,8,5,3,1655,2583,0.09239130434782608,51,17,27,4,4,0,978,1475
B,2,all,024,1-3-5,False,anchorboost,0.15,16,True,91,92,39,63,7,7,0,1391,2583,0.08152173913043478,51,24,31,2,2,0,924,1475
B,2,all,025,1-3-6,False,anchorboost,0.15,16,True,91,92,51,72,7,7,0,1303,2583,0.08695652173913043,51,31,41,3,3,0,733,1475
B,2,all,026,1-3-7,True,anchorboost,-1.0,0,True,91,92,64,92,7,7,0,983,2583,0.08695652173913043,51,38,51,0,0,0,582,1475
B,2,all,034,1-4-5,False,anchorboost,0.14,15,True,91,92,38,71,8,8,0,1329,2583,0.09239130434782608,51,25,38,4,4,0,826,1475
B,2,all,035,1-4-6,False,anchorboost,0.14,15,True,91,92,51,77,7,7,0,1253,2583,0.08695652173913043,51,31,42,3,3,0,710,1475
B,2,all,036,1-4-7,True,anchorboost,-1.0,0,True,91,92,64,92,7,7,0,1005,2583,0.08695652173913043,51,38,51,0,0,0,591,1475
B,2,all,045,1-5-6,False,anchorboost,0.04,5,True,91,92,55,87,8,8,0,1053,2583,0.09782608695652174,51,32,50,5,5,0,595,1475
B,2,all,046,1-5-7,True,anchorboost,-1.0,0,True,91,92,66,92,5,5,0,985,2583,0.06521739130434782,51,38,51,0,0,0,583,1475
B,2,all,056,1-6-7,True,anchorboost,-1.0,0,True,91,92,65,92,6,6,0,965,2583,0.07608695652173914,51,38,51,0,0,0,572,1475
B,2,all,123,2-3-4,False,anchorboost,0.21,22,True,91,92,27,45,8,6,2,1818,2583,0.09239130434782608,51,18,27,4,4,0,996,1475
B,2,all,124,2-3-5,False,anchorboost,0.07,8,True,91,92,41,74,8,7,1,1313,2583,0.09239130434782608,51,25,46,7,6,1,693,1475
B,2,all,125,2-3-6,False,anchorboost,0.04,5,True,91,92,55,86,8,8,0,1093,2583,0.09782608695652174,51,32,50,6,6,0,602,1475
B,2,all,126,2-3-7,True,anchorboost,-1.0,0,True,91,92,66,92,5,5,0,1013,2583,0.06521739130434782,51,38,51,0,0,0,590,1475
B,2,all,134,2-4-5,False,anchorboost,0.06,7,True,91,92,40,79,8,8,0,1275,2583,0.09239130434782608,51,26,46,7,6,1,702,1475
B,2,all,135,2-4-6,False,anchorboost,0.03,4,True,91,92,55,88,8,8,0,1121,2583,0.09782608695652174,51,32,51,6,6,0,599,1475
B,2,all,136,2-4-7,True,anchorboost,-1.0,0,True,91,92,66,92,5,5,0,1035,2583,0.06521739130434782,51,38,51,0,0,0,599,1475
B,2,all,145,2-5-6,False,anchorboost,0.02,3,True,91,92,58,86,7,7,0,1095,2583,0.08695652173913043,51,32,49,4,4,0,615,1475
B,2,all,146,2-5-7,True,anchorboost,-1.0,0,True,91,92,67,92,4,4,0,1015,2583,0.05434782608695652,51,37,51,1,1,0,591,1475
B,2,all,156,2-6-7,True,anchorboost,-1.0,0,True,91,92,67,92,4,4,0,995,2583,0.05434782608695652,51,37,51,1,1,0,580,1475
B,2,all,234,3-4-5,False,anchorboost,0.11,12,True,91,92,40,72,8,8,0,1340,2583,0.09239130434782608,51,25,44,6,6,0,735,1475
B,2,all,235,3-4-6,False,anchorboost,0.09,10,True,91,92,52,81,8,8,0,1210,2583,0.09782608695652174,51,31,45,3,3,0,703,1475
B,2,all,236,3-4-7,True,anchorboost,-1.0,0,True,91,92,65,92,6,6,0,1040,2583,0.07608695652173914,51,38,51,0,0,0,608,1475
B,2,all,245,3-5-6,False,anchorboost,0.04,5,True,91,92,56,85,8,8,0,1112,2583,0.09782608695652174,51,32,49,5,5,0,624,1475
B,2,all,246,3-5-7,True,anchorboost,-1.0,0,True,91,92,67,92,4,4,0,1020,2583,0.05434782608695652,51,38,51,0,0,0,600,1475
B,2,all,256,3-6-7,True,anchorboost,-1.0,0,True,91,92,66,92,5,5,0,1000,2583,0.06521739130434782,51,38,51,0,0,0,589,1475
B,2,all,345,4-5-6,False,anchorboost,0.04,5,True,91,92,56,86,8,8,0,1122,2583,0.09782608695652174,51,32,50,5,5,0,621,1475
B,2,all,346,4-5-7,True,anchorboost,-1.0,0,True,91,92,67,92,4,4,0,1042,2583,0.05434782608695652,51,38,51,0,0,0,609,1475
B,2,all,356,4-6-7,True,anchorboost,-1.0,0,True,91,92,66,92,5,5,0,1022,2583,0.06521739130434782,51,38,51,0,0,0,598,1475
B,2,all,456,5-6-7,True,anchorboost,-1.0,0,True,91,92,68,92,3,3,0,1002,2583,0.043478260869565216,51,37,51,1,1,0,590,1475
B,2,all,012,1-2-3,False,measured_only,0.36,37,True,91,92,20,22,2,2,0,2167,2583,0.03260869565217391,51,10,10,0,0,0,1304,1475
B,2,all,013,1-2-4,False,measured_only,0.3,31,True,91,92,25,41,8,8,0,1863,2583,0.09782608695652174,51,19,23,3,3,0,1048,1475
B,2,all,014,1-2-5,False,measured_only,0.27,28,True,91,92,39,59,8,8,0,1478,2583,0.09782608695652174,51,25,33,3,3,0,855,1475
B,2,all,015,1-2-6,False,measured_only,0.17,18,True,91,92,54,78,8,8,0,1166,2583,0.09782608695652174,51,32,43,4,4,0,688,1475
B,2,all,016,1-2-7,True,measured_only,-1.0,0,True,91,92,65,92,6,6,0,978,2583,0.07608695652173914,51,38,51,0,0,0,573,1475
B,2,all,023,1-3-4,False,measured_only,0.3,31,True,91,92,25,37,6,6,0,1914,2583,0.07608695652173914,51,17,24,4,4,0,1023,1475
B,2,all,024,1-3-5,False,measured_only,0.26,27,True,91,92,39,59,8,8,0,1496,2583,0.09782608695652174,51,24,32,2,2,0,904,1475
B,2,all,025,1-3-6,False,measured_only,0.21,22,True,91,92,51,72,7,7,0,1315,2583,0.08695652173913043,51,31,42,3,3,0,713,1475
B,2,all,026,1-3-7,True,measured_only,-1.0,0,True,91,92,64,92,7,7,0,983,2583,0.08695652173913043,51,38,51,0,0,0,582,1475
B,2,all,034,1-4-5,False,measured_only,0.26,27,True,91,92,38,59,8,8,0,1518,2583,0.09782608695652174,51,25,33,2,2,0,890,1475
B,2,all,035,1-4-6,False,measured_only,0.17,18,True,91,92,51,77,8,8,0,1235,2583,0.09782608695652174,51,31,42,3,3,0,710,1475
B,2,all,036,1-4-7,True,measured_only,-1.0,0,True,91,92,64,92,7,7,0,1005,2583,0.08695652173913043,51,38,51,0,0,0,591,1475
B,2,all,045,1-5-6,False,measured_only,0.15,16,True,91,92,55,82,8,8,0,1113,2583,0.09782608695652174,51,32,45,3,3,0,666,1475
B,2,all,046,1-5-7,True,measured_only,-1.0,0,True,91,92,66,92,5,5,0,985,2583,0.06521739130434782,51,38,51,0,0,0,583,1475
B,2,all,056,1-6-7,True,measured_only,-1.0,0,True,91,92,65,92,6,6,0,965,2583,0.07608695652173914,51,38,51,0,0,0,572,1475
B,2,all,123,2-3-4,False,measured_only,0.3,31,True,91,92,27,41,8,8,0,1849,2583,0.09782608695652174,51,18,22,3,3,0,1070,1475
B,2,all,124,2-3-5,False,measured_only,0.22,23,True,91,92,41,60,8,8,0,1505,2583,0.09239130434782608,51,25,35,4,4,0,884,1475
B,2,all,125,2-3-6,False,measured_only,0.07,8,True,91,92,55,83,8,8,0,1141,2583,0.09782608695652174,51,32,49,5,5,0,625,1475
B,2,all,126,2-3-7,True,measured_only,-1.0,0,True,91,92,66,92,5,5,0,1013,2583,0.06521739130434782,51,38,51,0,0,0,590,1475
B,2,all,134,2-4-5,False,measured_only,0.26,27,True,91,92,40,57,7,7,0,1562,2583,0.08695652173913043,51,26,30,1,1,0,953,1475
B,2,all,135,2-4-6,False,measured_only,0.1,11,True,91,92,55,82,8,8,0,1205,2583,0.09782608695652174,51,32,47,3,3,0,666,1475
B,2,all,136,2-4-7,True,measured_only,-1.0,0,True,91,92,66,92,5,5,0,1035,2583,0.06521739130434782,51,38,51,0,0,0,599,1475
B,2,all,145,2-5-6,False,measured_only,0.05,6,True,91,92,58,85,7,7,0,1107,2583,0.08695652173913043,51,32,50,5,5,0,603,1475
B,2,all,146,2-5-7,True,measured_only,-1.0,0,True,91,92,67,92,4,4,0,1015,2583,0.05434782608695652,51,37,51,1,1,0,591,1475
B,2,all,156,2-6-7,True,measured_only,-1.0,0,True,91,92,67,92,4,4,0,995,2583,0.05434782608695652,51,37,51,1,1,0,580,1475
B,2,all,234,3-4-5,False,measured_only,0.22,23,True,91,92,40,61,8,8,0,1520,2583,0.09239130434782608,51,25,36,4,4,0,882,1475
B,2,all,235,3-4-6,False,measured_only,0.1,11,True,91,92,52,81,8,8,0,1222,2583,0.09782608695652174,51,31,46,3,3,0,679,1475
B,2,all,236,3-4-7,True,measured_only,-1.0,0,True,91,92,65,92,6,6,0,1040,2583,0.07608695652173914,51,38,51,0,0,0,608,1475
B,2,all,245,3-5-6,False,measured_only,0.05,6,True,91,92,56,85,8,8,0,1112,2583,0.09782608695652174,51,32,49,5,5,0,624,1475
B,2,all,246,3-5-7,True,measured_only,-1.0,0,True,91,92,67,92,4,4,0,1020,2583,0.05434782608695652,51,38,51,0,0,0,600,1475
B,2,all,256,3-6-7,True,measured_only,-1.0,0,True,91,92,66,92,5,5,0,1000,2583,0.06521739130434782,51,38,51,0,0,0,589,1475
B,2,all,345,4-5-6,False,measured_only,0.1,11,True,91,92,56,85,8,8,0,1134,2583,0.09782608695652174,51,32,48,3,3,0,656,1475
B,2,all,346,4-5-7,True,measured_only,-1.0,0,True,91,92,67,92,4,4,0,1042,2583,0.05434782608695652,51,38,51,0,0,0,609,1475
B,2,all,356,4-6-7,True,measured_only,-1.0,0,True,91,92,66,92,5,5,0,1022,2583,0.06521739130434782,51,38,51,0,0,0,598,1475
B,2,all,456,5-6-7,True,measured_only,-1.0,0,True,91,92,68,92,3,3,0,1002,2583,0.043478260869565216,51,37,51,1,1,0,590,1475
B,2,all,012,1-2-3,False,loglinear,0.36,37,True,91,92,20,22,2,2,0,2167,2583,0.03260869565217391,51,10,10,0,0,0,1304,1475
B,2,all,013,1-2-4,False,loglinear,0.3,31,True,91,92,25,41,8,8,0,1863,2583,0.09782608695652174,51,19,23,3,3,0,1048,1475
B,2,all,014,1-2-5,False,loglinear,0.27,28,True,91,92,39,59,8,8,0,1478,2583,0.09782608695652174,51,25,33,3,3,0,855,1475
B,2,all,015,1-2-6,False,loglinear,0.17,18,True,91,92,54,78,8,8,0,1166,2583,0.09782608695652174,51,32,45,4,4,0,664,1475
B,2,all,016,1-2-7,True,loglinear,-1.0,0,True,91,92,65,92,6,6,0,978,2583,0.07608695652173914,51,38,51,0,0,0,573,1475
B,2,all,023,1-3-4,False,loglinear,0.3,31,True,91,92,25,36,6,6,0,1926,2583,0.07608695652173914,51,17,24,4,4,0,1023,1475
B,2,all,024,1-3-5,False,loglinear,0.26,27,True,91,92,39,59,8,8,0,1496,2583,0.09782608695652174,51,24,32,2,2,0,904,1475
B,2,all,025,1-3-6,False,loglinear,0.21,22,True,91,92,51,72,7,7,0,1315,2583,0.08695652173913043,51,31,42,3,3,0,713,1475
B,2,all,026,1-3-7,True,loglinear,-1.0,0,True,91,92,64,92,7,7,0,983,2583,0.08695652173913043,51,38,51,0,0,0,582,1475
B,2,all,034,1-4-5,False,loglinear,0.26,27,True,91,92,38,59,8,8,0,1518,2583,0.09782608695652174,51,25,33,2,2,0,890,1475
B,2,all,035,1-4-6,False,loglinear,0.17,18,True,91,92,51,77,8,8,0,1235,2583,0.09782608695652174,51,31,42,3,3,0,710,1475
B,2,all,036,1-4-7,True,loglinear,-1.0,0,True,91,92,64,92,7,7,0,1005,2583,0.08695652173913043,51,38,51,0,0,0,591,1475
B,2,all,045,1-5-6,False,loglinear,0.16,17,True,91,92,55,82,8,8,0,1113,2583,0.09782608695652174,51,32,45,3,3,0,666,1475
B,2,all,046,1-5-7,True,loglinear,-1.0,0,True,91,92,66,92,5,5,0,985,2583,0.06521739130434782,51,38,51,0,0,0,583,1475
B,2,all,056,1-6-7,True,loglinear,-1.0,0,True,91,92,65,92,6,6,0,965,2583,0.07608695652173914,51,38,51,0,0,0,572,1475
B,2,all,123,2-3-4,False,loglinear,0.3,31,True,91,92,27,40,8,8,0,1861,2583,0.09782608695652174,51,18,22,3,3,0,1070,1475
B,2,all,124,2-3-5,False,loglinear,0.22,23,True,91,92,41,60,8,8,0,1505,2583,0.09239130434782608,51,25,35,4,4,0,884,1475
B,2,all,125,2-3-6,False,loglinear,0.07,8,True,91,92,55,83,8,8,0,1141,2583,0.09782608695652174,51,32,49,5,5,0,625,1475
B,2,all,126,2-3-7,True,loglinear,-1.0,0,True,91,92,66,92,5,5,0,1013,2583,0.06521739130434782,51,38,51,0,0,0,590,1475
B,2,all,134,2-4-5,False,loglinear,0.26,27,True,91,92,40,57,7,7,0,1562,2583,0.08695652173913043,51,26,30,1,1,0,953,1475
B,2,all,135,2-4-6,False,loglinear,0.1,11,True,91,92,55,82,8,8,0,1205,2583,0.09782608695652174,51,32,47,3,3,0,666,1475
B,2,all,136,2-4-7,True,loglinear,-1.0,0,True,91,92,66,92,5,5,0,1035,2583,0.06521739130434782,51,38,51,0,0,0,599,1475
B,2,all,145,2-5-6,False,loglinear,0.06,7,True,91,92,58,85,7,7,0,1107,2583,0.08695652173913043,51,32,49,4,4,0,615,1475
B,2,all,146,2-5-7,True,loglinear,-1.0,0,True,91,92,67,92,4,4,0,1015,2583,0.05434782608695652,51,37,51,1,1,0,591,1475
B,2,all,156,2-6-7,True,loglinear,-1.0,0,True,91,92,67,92,4,4,0,995,2583,0.05434782608695652,51,37,51,1,1,0,580,1475
B,2,all,234,3-4-5,False,loglinear,0.22,23,True,91,92,40,61,8,8,0,1520,2583,0.09239130434782608,51,25,36,4,4,0,882,1475
B,2,all,235,3-4-6,False,loglinear,0.1,11,True,91,92,52,81,8,8,0,1222,2583,0.09782608695652174,51,31,46,3,3,0,679,1475
B,2,all,236,3-4-7,True,loglinear,-1.0,0,True,91,92,65,92,6,6,0,1040,2583,0.07608695652173914,51,38,51,0,0,0,608,1475
B,2,all,245,3-5-6,False,loglinear,0.06,7,True,91,92,56,85,8,8,0,1112,2583,0.09782608695652174,51,32,48,4,4,0,636,1475
B,2,all,246,3-5-7,True,loglinear,-1.0,0,True,91,92,67,92,4,4,0,1020,2583,0.05434782608695652,51,38,51,0,0,0,600,1475
B,2,all,256,3-6-7,True,loglinear,-1.0,0,True,91,92,66,92,5,5,0,1000,2583,0.06521739130434782,51,38,51,0,0,0,589,1475
B,2,all,345,4-5-6,False,loglinear,0.1,11,True,91,92,56,85,8,8,0,1134,2583,0.09782608695652174,51,32,48,3,3,0,656,1475
B,2,all,346,4-5-7,True,loglinear,-1.0,0,True,91,92,67,92,4,4,0,1042,2583,0.05434782608695652,51,38,51,0,0,0,609,1475
B,2,all,356,4-6-7,True,loglinear,-1.0,0,True,91,92,66,92,5,5,0,1022,2583,0.06521739130434782,51,38,51,0,0,0,598,1475
B,2,all,456,5-6-7,True,loglinear,-1.0,0,True,91,92,68,92,3,3,0,1002,2583,0.043478260869565216,51,37,51,1,1,0,590,1475
B,3,seven,012,1-2-3,False,anchorboost,0.24,25,True,81,83,14,29,6,3,3,1681,2077,0.07926829268292683,41,10,17,3,3,0,723,963
B,3,seven,013,1-2-4,False,anchorboost,0.19,20,True,81,83,24,42,7,5,2,1516,2077,0.0975609756097561,41,10,22,3,3,0,651,963
B,3,seven,014,1-2-5,False,anchorboost,0.17,18,True,81,83,33,49,7,6,1,1382,2077,0.0975609756097561,41,15,26,3,3,0,605,963
B,3,seven,015,1-2-6,False,anchorboost,0.1,11,True,81,83,49,75,7,7,0,1003,2077,0.0975609756097561,41,21,34,2,2,0,497,963
B,3,seven,016,1-2-7,True,anchorboost,-1.0,0,True,81,83,60,83,2,2,0,888,2077,0.036585365853658534,41,26,41,3,3,0,414,963
B,3,seven,023,1-3-4,False,anchorboost,0.18,19,True,81,83,23,39,7,6,1,1540,2077,0.09146341463414634,41,9,27,7,5,2,591,963
B,3,seven,024,1-3-5,False,anchorboost,0.16,17,True,81,83,32,50,7,7,0,1394,2077,0.0975609756097561,41,15,26,3,3,0,604,963
B,3,seven,025,1-3-6,False,anchorboost,0.19,20,True,81,83,48,65,7,7,0,1147,2077,0.0975609756097561,41,18,28,2,2,0,580,963
B,3,seven,026,1-3-7,True,anchorboost,-1.0,0,True,81,83,60,83,2,2,0,888,2077,0.036585365853658534,41,25,41,4,4,0,413,963
B,3,seven,034,1-4-5,False,anchorboost,0.15,16,True,81,83,34,56,6,6,0,1311,2077,0.08536585365853659,41,13,30,4,4,0,557,963
B,3,seven,035,1-4-6,False,anchorboost,0.1,11,True,81,83,49,76,7,7,0,983,2077,0.0975609756097561,41,17,35,5,5,0,485,963
B,3,seven,036,1-4-7,True,anchorboost,-1.0,0,True,81,83,61,83,1,1,0,888,2077,0.024390243902439025,41,24,41,5,5,0,414,963
B,3,seven,045,1-5-6,False,anchorboost,0.14,15,True,81,83,50,73,7,7,0,1017,2077,0.0975609756097561,41,20,31,1,1,0,532,963
B,3,seven,046,1-5-7,True,anchorboost,-1.0,0,True,81,83,60,83,2,2,0,886,2077,0.036585365853658534,41,27,41,2,2,0,413,963
B,3,seven,056,1-6-7,True,anchorboost,-1.0,0,True,81,83,61,83,1,1,0,887,2077,0.024390243902439025,41,24,41,5,5,0,413,963
B,3,seven,123,2-3-4,False,anchorboost,0.22,23,True,81,83,22,35,6,5,1,1598,2077,0.07926829268292683,41,13,23,5,4,1,663,963
B,3,seven,124,2-3-5,False,anchorboost,0.13,14,True,81,83,32,59,6,6,0,1279,2077,0.08536585365853659,41,18,32,3,3,0,532,963
B,3,seven,125,2-3-6,False,anchorboost,0.1,11,True,81,83,49,74,7,7,0,1032,2077,0.0975609756097561,41,22,33,1,1,0,508,963
B,3,seven,126,2-3-7,True,anchorboost,-1.0,0,True,81,83,60,83,2,2,0,893,2077,0.036585365853658534,41,27,41,2,2,0,413,963
B,3,seven,134,2-4-5,False,anchorboost,0.11,12,True,81,83,34,63,7,7,0,1231,2077,0.0975609756097561,41,16,33,4,4,0,521,963
B,3,seven,135,2-4-6,False,anchorboost,0.09,10,True,81,83,50,75,7,7,0,1020,2077,0.0975609756097561,41,21,34,2,2,0,497,963
B,3,seven,136,2-4-7,True,anchorboost,-1.0,0,True,81,83,61,83,1,1,0,893,2077,0.024390243902439025,41,26,41,3,3,0,414,963
B,3,seven,145,2-5-6,False,anchorboost,0.03,4,True,81,83,50,79,7,7,0,939,2077,0.0975609756097561,41,23,37,3,3,0,460,963
B,3,seven,146,2-5-7,True,anchorboost,-1.0,0,True,81,83,59,83,3,3,0,891,2077,0.04878048780487805,41,28,41,1,1,0,413,963
B,3,seven,156,2-6-7,True,anchorboost,-1.0,0,True,81,83,60,83,2,2,0,892,2077,0.036585365853658534,41,26,41,3,3,0,413,963
B,3,seven,234,3-4-5,False,anchorboost,0.13,14,True,81,83,33,62,7,7,0,1196,2077,0.0975609756097561,41,16,32,5,5,0,532,963
B,3,seven,235,3-4-6,False,anchorboost,0.1,11,True,81,83,49,75,7,7,0,1012,2077,0.0975609756097561,41,18,33,3,3,0,508,963
B,3,seven,236,3-4-7,True,anchorboost,-1.0,0,True,81,83,61,83,1,1,0,893,2077,0.024390243902439025,41,25,41,4,4,0,413,963
B,3,seven,245,3-5-6,False,anchorboost,0.07,8,True,81,83,50,77,7,7,0,974,2077,0.0975609756097561,41,21,33,1,1,0,507,963
B,3,seven,246,3-5-7,True,anchorboost,-1.0,0,True,81,83,60,83,2,2,0,891,2077,0.036585365853658534,41,28,41,1,1,0,412,963
B,3,seven,256,3-6-7,True,anchorboost,-1.0,0,True,81,83,61,83,1,1,0,892,2077,0.024390243902439025,41,25,41,4,4,0,412,963
B,3,seven,345,4-5-6,False,anchorboost,0.07,8,True,81,83,51,78,6,6,0,962,2077,0.08536585365853659,41,20,33,3,3,0,508,963
B,3,seven,346,4-5-7,True,anchorboost,-1.0,0,True,81,83,61,83,1,1,0,891,2077,0.024390243902439025,41,27,41,2,2,0,413,963
B,3,seven,356,4-6-7,True,anchorboost,-1.0,0,True,81,83,62,83,0,0,0,892,2077,0.012195121951219513,41,24,41,5,5,0,413,963
B,3,seven,456,5-6-7,True,anchorboost,-1.0,0,True,81,83,60,83,2,2,0,890,2077,0.036585365853658534,41,27,41,2,2,0,412,963
B,3,seven,012,1-2-3,False,measured_only,0.35,36,True,81,83,14,21,6,6,0,1765,2077,0.07926829268292683,41,10,16,2,2,0,747,963
B,3,seven,013,1-2-4,False,measured_only,0.31,32,True,81,83,24,38,7,7,0,1551,2077,0.09146341463414634,41,10,16,3,3,0,747,963
B,3,seven,014,1-2-5,False,measured_only,0.27,28,True,81,83,33,51,7,7,0,1358,2077,0.0975609756097561,41,15,25,5,5,0,604,963
B,3,seven,015,1-2-6,False,measured_only,0.16,17,True,81,83,49,71,7,7,0,1051,2077,0.0975609756097561,41,21,32,3,3,0,533,963
B,3,seven,016,1-2-7,True,measured_only,-1.0,0,True,81,83,60,83,2,2,0,888,2077,0.036585365853658534,41,26,41,3,3,0,414,963
B,3,seven,023,1-3-4,False,measured_only,0.33,34,True,81,83,23,35,7,7,0,1590,2077,0.09146341463414634,41,9,13,1,1,0,783,963
B,3,seven,024,1-3-5,False,measured_only,0.2,21,True,81,83,32,53,7,7,0,1362,2077,0.0975609756097561,41,15,31,7,7,0,532,963
B,3,seven,025,1-3-6,False,measured_only,0.23,24,True,81,83,48,67,7,7,0,1115,2077,0.0975609756097561,41,18,29,2,2,0,568,963
B,3,seven,026,1-3-7,True,measured_only,-1.0,0,True,81,83,60,83,2,2,0,888,2077,0.036585365853658534,41,25,41,3,3,0,413,963
B,3,seven,034,1-4-5,False,measured_only,0.23,24,True,81,83,34,55,7,7,0,1327,2077,0.0975609756097561,41,13,28,7,7,0,569,963
B,3,seven,035,1-4-6,False,measured_only,0.11,12,True,81,83,49,77,7,7,0,971,2077,0.0975609756097561,41,17,34,6,6,0,509,963
B,3,seven,036,1-4-7,True,measured_only,-1.0,0,True,81,83,61,83,1,1,0,888,2077,0.024390243902439025,41,24,41,5,5,0,414,963
B,3,seven,045,1-5-6,False,measured_only,0.16,17,True,81,83,50,74,7,7,0,1005,2077,0.0975609756097561,41,20,32,2,2,0,520,963
B,3,seven,046,1-5-7,True,measured_only,-1.0,0,True,81,83,60,83,2,2,0,886,2077,0.036585365853658534,41,27,41,2,2,0,413,963
B,3,seven,056,1-6-7,True,measured_only,-1.0,0,True,81,83,61,83,1,1,0,887,2077,0.024390243902439025,41,24,41,5,5,0,413,963
B,3,seven,123,2-3-4,False,measured_only,0.29,30,True,81,83,22,34,7,7,0,1600,2077,0.09146341463414634,41,13,22,4,4,0,675,963
B,3,seven,124,2-3-5,False,measured_only,0.26,27,True,81,83,32,46,6,6,0,1471,2077,0.08536585365853659,41,18,28,4,4,0,568,963
B,3,seven,125,2-3-6,False,measured_only,0.16,17,True,81,83,49,69,7,7,0,1092,2077,0.0975609756097561,41,22,32,1,1,0,532,963
B,3,seven,126,2-3-7,True,measured_only,-1.0,0,True,81,83,60,83,2,2,0,893,2077,0.036585365853658534,41,27,41,1,1,0,413,963
B,3,seven,134,2-4-5,False,measured_only,0.26,27,True,81,83,34,47,4,4,0,1447,2077,0.06097560975609756,41,16,27,6,6,0,580,963
B,3,seven,135,2-4-6,False,measured_only,0.11,12,True,81,83,50,77,7,7,0,984,2077,0.0975609756097561,41,21,34,3,3,0,509,963
B,3,seven,136,2-4-7,True,measured_only,-1.0,0,True,81,83,61,83,1,1,0,893,2077,0.024390243902439025,41,26,41,3,3,0,414,963
B,3,seven,145,2-5-6,False,measured_only,0.08,9,True,81,83,50,77,7,7,0,982,2077,0.0975609756097561,41,23,35,2,2,0,484,963
B,3,seven,146,2-5-7,True,measured_only,-1.0,0,True,81,83,59,83,3,3,0,891,2077,0.04878048780487805,41,28,41,1,1,0,413,963
B,3,seven,156,2-6-7,True,measured_only,-1.0,0,True,81,83,60,83,2,2,0,892,2077,0.036585365853658534,41,26,41,3,3,0,413,963
B,3,seven,234,3-4-5,False,measured_only,0.23,24,True,81,83,33,50,7,7,0,1415,2077,0.0975609756097561,41,16,30,5,5,0,544,963
B,3,seven,235,3-4-6,False,measured_only,0.11,12,True,81,83,49,76,7,7,0,988,2077,0.0975609756097561,41,18,33,3,3,0,520,963
B,3,seven,236,3-4-7,True,measured_only,-1.0,0,True,81,83,61,83,1,1,0,893,2077,0.024390243902439025,41,25,41,3,3,0,413,963
B,3,seven,245,3-5-6,False,measured_only,0.16,17,True,81,83,50,73,7,7,0,1034,2077,0.0975609756097561,41,21,33,1,1,0,507,963
B,3,seven,246,3-5-7,True,measured_only,-1.0,0,True,81,83,60,83,2,2,0,891,2077,0.036585365853658534,41,28,41,1,1,0,412,963
B,3,seven,256,3-6-7,True,measured_only,-1.0,0,True,81,83,61,83,1,1,0,892,2077,0.024390243902439025,41,25,41,3,3,0,412,963
B,3,seven,345,4-5-6,False,measured_only,0.11,12,True,81,83,51,78,6,6,0,962,2077,0.08536585365853659,41,20,36,4,4,0,472,963
B,3,seven,346,4-5-7,True,measured_only,-1.0,0,True,81,83,61,83,1,1,0,891,2077,0.024390243902439025,41,27,41,2,2,0,413,963
B,3,seven,356,4-6-7,True,measured_only,-1.0,0,True,81,83,62,83,0,0,0,892,2077,0.012195121951219513,41,24,41,5,5,0,413,963
B,3,seven,456,5-6-7,True,measured_only,-1.0,0,True,81,83,60,83,2,2,0,890,2077,0.036585365853658534,41,27,41,2,2,0,412,963
B,3,seven,012,1-2-3,False,loglinear,0.35,36,True,81,83,14,21,6,6,0,1765,2077,0.07926829268292683,41,10,16,2,2,0,747,963
B,3,seven,013,1-2-4,False,loglinear,0.29,30,True,81,83,24,38,7,7,0,1551,2077,0.09146341463414634,41,10,19,6,6,0,711,963
B,3,seven,014,1-2-5,False,loglinear,0.27,28,True,81,83,33,51,7,7,0,1358,2077,0.0975609756097561,41,15,25,5,5,0,604,963
B,3,seven,015,1-2-6,False,loglinear,0.16,17,True,81,83,49,71,7,7,0,1051,2077,0.0975609756097561,41,21,32,3,3,0,533,963
B,3,seven,016,1-2-7,True,loglinear,-1.0,0,True,81,83,60,83,2,2,0,888,2077,0.036585365853658534,41,26,41,3,3,0,414,963
B,3,seven,023,1-3-4,False,loglinear,0.33,34,True,81,83,23,35,7,7,0,1590,2077,0.09146341463414634,41,9,12,1,1,0,795,963
B,3,seven,024,1-3-5,False,loglinear,0.21,22,True,81,83,32,53,7,7,0,1362,2077,0.0975609756097561,41,15,31,7,7,0,532,963
B,3,seven,025,1-3-6,False,loglinear,0.23,24,True,81,83,48,67,7,7,0,1115,2077,0.0975609756097561,41,18,29,2,2,0,568,963
B,3,seven,026,1-3-7,True,loglinear,-1.0,0,True,81,83,60,83,2,2,0,888,2077,0.036585365853658534,41,25,41,3,3,0,413,963
B,3,seven,034,1-4-5,False,loglinear,0.23,24,True,81,83,34,55,7,7,0,1327,2077,0.0975609756097561,41,13,28,7,7,0,569,963
B,3,seven,035,1-4-6,False,loglinear,0.11,12,True,81,83,49,77,7,7,0,971,2077,0.0975609756097561,41,17,34,6,6,0,509,963
B,3,seven,036,1-4-7,True,loglinear,-1.0,0,True,81,83,61,83,1,1,0,888,2077,0.024390243902439025,41,24,41,5,5,0,414,963
B,3,seven,045,1-5-6,False,loglinear,0.16,17,True,81,83,50,74,7,7,0,1005,2077,0.0975609756097561,41,20,32,2,2,0,520,963
B,3,seven,046,1-5-7,True,loglinear,-1.0,0,True,81,83,60,83,2,2,0,886,2077,0.036585365853658534,41,27,41,2,2,0,413,963
B,3,seven,056,1-6-7,True,loglinear,-1.0,0,True,81,83,61,83,1,1,0,887,2077,0.024390243902439025,41,24,41,5,5,0,413,963
B,3,seven,123,2-3-4,False,loglinear,0.29,30,True,81,83,22,33,6,6,0,1612,2077,0.07926829268292683,41,13,22,4,4,0,675,963
B,3,seven,124,2-3-5,False,loglinear,0.26,27,True,81,83,32,46,6,6,0,1471,2077,0.08536585365853659,41,18,28,4,4,0,568,963
B,3,seven,125,2-3-6,False,loglinear,0.16,17,True,81,83,49,68,7,7,0,1104,2077,0.0975609756097561,41,22,32,1,1,0,532,963
B,3,seven,126,2-3-7,True,loglinear,-1.0,0,True,81,83,60,83,2,2,0,893,2077,0.036585365853658534,41,27,41,1,1,0,413,963
B,3,seven,134,2-4-5,False,loglinear,0.26,27,True,81,83,34,47,4,4,0,1447,2077,0.06097560975609756,41,16,27,6,6,0,580,963
B,3,seven,135,2-4-6,False,loglinear,0.11,12,True,81,83,50,77,7,7,0,984,2077,0.0975609756097561,41,21,34,3,3,0,509,963
B,3,seven,136,2-4-7,True,loglinear,-1.0,0,True,81,83,61,83,1,1,0,893,2077,0.024390243902439025,41,26,41,3,3,0,414,963
B,3,seven,145,2-5-6,False,loglinear,0.08,9,True,81,83,50,77,7,7,0,982,2077,0.0975609756097561,41,23,35,2,2,0,484,963
B,3,seven,146,2-5-7,True,loglinear,-1.0,0,True,81,83,59,83,3,3,0,891,2077,0.04878048780487805,41,28,41,1,1,0,413,963
B,3,seven,156,2-6-7,True,loglinear,-1.0,0,True,81,83,60,83,2,2,0,892,2077,0.036585365853658534,41,26,41,3,3,0,413,963
B,3,seven,234,3-4-5,False,loglinear,0.23,24,True,81,83,33,50,7,7,0,1415,2077,0.0975609756097561,41,16,30,5,5,0,544,963
B,3,seven,235,3-4-6,False,loglinear,0.11,12,True,81,83,49,76,7,7,0,988,2077,0.0975609756097561,41,18,33,3,3,0,520,963
B,3,seven,236,3-4-7,True,loglinear,-1.0,0,True,81,83,61,83,1,1,0,893,2077,0.024390243902439025,41,25,41,3,3,0,413,963
B,3,seven,245,3-5-6,False,loglinear,0.14,15,True,81,83,50,76,7,7,0,986,2077,0.0975609756097561,41,21,33,1,1,0,507,963
B,3,seven,246,3-5-7,True,loglinear,-1.0,0,True,81,83,60,83,2,2,0,891,2077,0.036585365853658534,41,28,41,1,1,0,412,963
B,3,seven,256,3-6-7,True,loglinear,-1.0,0,True,81,83,61,83,1,1,0,892,2077,0.024390243902439025,41,25,41,3,3,0,412,963
B,3,seven,345,4-5-6,False,loglinear,0.11,12,True,81,83,51,78,6,6,0,962,2077,0.08536585365853659,41,20,36,4,4,0,472,963
B,3,seven,346,4-5-7,True,loglinear,-1.0,0,True,81,83,61,83,1,1,0,891,2077,0.024390243902439025,41,27,41,2,2,0,413,963
B,3,seven,356,4-6-7,True,loglinear,-1.0,0,True,81,83,62,83,0,0,0,892,2077,0.012195121951219513,41,24,41,5,5,0,413,963
B,3,seven,456,5-6-7,True,loglinear,-1.0,0,True,81,83,60,83,2,2,0,890,2077,0.036585365853658534,41,27,41,2,2,0,412,963
B,3,all,012,1-2-3,False,anchorboost,0.18,19,True,95,97,18,52,8,5,3,1793,2843,0.08854166666666667,46,12,28,4,3,1,698,1215
B,3,all,013,1-2-4,False,anchorboost,0.15,16,True,95,97,31,59,9,7,2,1737,2843,0.09895833333333333,46,13,33,5,5,0,656,1215
B,3,all,014,1-2-5,False,anchorboost,0.15,16,True,95,97,44,67,8,7,1,1552,2843,0.09375,46,20,31,3,3,0,677,1215
B,3,all,015,1-2-6,False,anchorboost,0.1,11,True,95,97,60,89,8,8,0,1197,2843,0.09375,46,26,39,2,2,0,561,1215
B,3,all,016,1-2-7,True,anchorboost,-1.0,0,True,95,97,72,97,3,3,0,1077,2843,0.041666666666666664,46,31,46,3,3,0,474,1215
B,3,all,023,1-3-4,False,anchorboost,0.17,18,True,95,97,30,53,9,8,1,1845,2843,0.09895833333333333,46,12,32,7,5,2,670,1215
B,3,all,024,1-3-5,False,anchorboost,0.16,17,True,95,97,43,64,7,7,0,1624,2843,0.08333333333333333,46,20,31,3,3,0,679,1215
B,3,all,025,1-3-6,False,anchorboost,0.14,15,True,95,97,59,81,8,8,0,1377,2843,0.09375,46,23,35,2,2,0,623,1215
B,3,all,026,1-3-7,True,anchorboost,-1.0,0,True,95,97,72,97,3,3,0,1089,2843,0.041666666666666664,46,30,46,4,4,0,476,1215
B,3,all,034,1-4-5,False,anchorboost,0.13,14,True,95,97,45,76,8,8,0,1481,2843,0.09375,46,18,35,4,4,0,638,1215
B,3,all,035,1-4-6,False,anchorboost,0.1,11,True,95,97,60,88,7,7,0,1297,2843,0.08333333333333333,46,22,40,5,5,0,558,1215
B,3,all,036,1-4-7,True,anchorboost,-1.0,0,True,95,97,73,97,2,2,0,1113,2843,0.03125,46,29,46,5,5,0,483,1215
B,3,all,045,1-5-6,False,anchorboost,0.07,8,True,95,97,62,92,8,8,0,1166,2843,0.09375,46,25,41,3,3,0,541,1215
B,3,all,046,1-5-7,True,anchorboost,-1.0,0,True,95,97,72,97,3,3,0,1090,2843,0.041666666666666664,46,32,46,2,2,0,478,1215
B,3,all,056,1-6-7,True,anchorboost,-1.0,0,True,95,97,74,97,1,1,0,1067,2843,0.020833333333333332,46,29,46,5,5,0,470,1215
B,3,all,123,2-3-4,False,anchorboost,0.17,18,True,95,97,29,55,9,8,1,1830,2843,0.09895833333333333,46,16,29,5,4,1,768,1215
B,3,all,124,2-3-5,False,anchorboost,0.11,12,True,95,97,43,76,8,8,0,1516,2843,0.09375,46,23,37,3,3,0,621,1215
B,3,all,125,2-3-6,False,anchorboost,0.14,15,True,95,97,60,80,7,7,0,1353,2843,0.08333333333333333,46,27,37,1,1,0,601,1215
B,3,all,126,2-3-7,True,anchorboost,-1.0,0,True,95,97,72,97,3,3,0,1113,2843,0.041666666666666664,46,32,46,2,2,0,490,1215
B,3,all,134,2-4-5,False,anchorboost,0.1,11,True,95,97,45,78,8,7,1,1516,2843,0.09375,46,21,39,4,4,0,604,1215
B,3,all,135,2-4-6,False,anchorboost,0.09,10,True,95,97,61,88,8,8,0,1311,2843,0.09375,46,26,39,2,2,0,584,1215
B,3,all,136,2-4-7,True,anchorboost,-1.0,0,True,95,97,73,97,2,2,0,1137,2843,0.03125,46,31,46,3,3,0,497,1215
B,3,all,145,2-5-6,False,anchorboost,0.03,4,True,95,97,62,93,8,8,0,1167,2843,0.09375,46,28,42,3,3,0,543,1215
B,3,all,146,2-5-7,True,anchorboost,-1.0,0,True,95,97,71,97,4,4,0,1114,2843,0.052083333333333336,46,33,46,1,1,0,492,1215
B,3,all,156,2-6-7,True,anchorboost,-1.0,0,True,95,97,73,97,2,2,0,1091,2843,0.03125,46,31,46,3,3,0,484,1215
B,3,all,234,3-4-5,False,anchorboost,0.13,14,True,95,97,44,75,7,7,0,1517,2843,0.08333333333333333,46,21,37,5,5,0,630,1215
B,3,all,235,3-4-6,False,anchorboost,0.1,11,True,95,97,60,88,8,8,0,1315,2843,0.09375,46,23,38,3,3,0,598,1215
B,3,all,236,3-4-7,True,anchorboost,-1.0,0,True,95,97,73,97,2,2,0,1149,2843,0.03125,46,30,46,4,4,0,499,1215
B,3,all,245,3-5-6,False,anchorboost,0.07,8,True,95,97,62,91,8,8,0,1214,2843,0.09375,46,26,38,1,1,0,593,1215
B,3,all,246,3-5-7,True,anchorboost,-1.0,0,True,95,97,72,97,3,3,0,1126,2843,0.041666666666666664,46,33,46,1,1,0,494,1215
B,3,all,256,3-6-7,True,anchorboost,-1.0,0,True,95,97,74,97,1,1,0,1103,2843,0.020833333333333332,46,30,46,4,4,0,486,1215
B,3,all,345,4-5-6,False,anchorboost,0.07,8,True,95,97,63,92,7,7,0,1226,2843,0.08333333333333333,46,25,38,3,3,0,600,1215
B,3,all,346,4-5-7,True,anchorboost,-1.0,0,True,95,97,73,97,2,2,0,1150,2843,0.03125,46,32,46,2,2,0,501,1215
B,3,all,356,4-6-7,True,anchorboost,-1.0,0,True,95,97,75,97,0,0,0,1127,2843,0.010416666666666666,46,29,46,5,5,0,493,1215
B,3,all,456,5-6-7,True,anchorboost,-1.0,0,True,95,97,73,97,2,2,0,1104,2843,0.03125,46,32,46,2,2,0,488,1215
B,3,all,012,1-2-3,False,measured_only,0.35,36,True,95,97,18,28,9,9,0,2261,2843,0.09895833333333333,46,12,19,3,3,0,883,1215
B,3,all,013,1-2-4,False,measured_only,0.31,32,True,95,97,31,47,9,9,0,1969,2843,0.09895833333333333,46,13,19,3,3,0,906,1215
B,3,all,014,1-2-5,False,measured_only,0.2,21,True,95,97,44,68,8,8,0,1585,2843,0.09375,46,20,33,6,6,0,641,1215
B,3,all,015,1-2-6,False,measured_only,0.2,21,True,95,97,60,81,8,8,0,1335,2843,0.09375,46,26,35,2,2,0,621,1215
B,3,all,016,1-2-7,True,measured_only,-1.0,0,True,95,97,72,97,3,3,0,1077,2843,0.041666666666666664,46,31,46,3,3,0,474,1215
B,3,all,023,1-3-4,False,measured_only,0.33,34,True,95,97,30,44,9,9,0,2014,2843,0.09895833333333333,46,12,16,1,1,0,945,1215
B,3,all,024,1-3-5,False,measured_only,0.2,21,True,95,97,43,65,7,7,0,1661,2843,0.08333333333333333,46,20,36,7,7,0,607,1215
B,3,all,025,1-3-6,False,measured_only,0.23,24,True,95,97,59,79,7,7,0,1405,2843,0.08333333333333333,46,23,34,2,2,0,635,1215
B,3,all,026,1-3-7,True,measured_only,-1.0,0,True,95,97,72,97,3,3,0,1089,2843,0.041666666666666664,46,30,46,3,3,0,476,1215
B,3,all,034,1-4-5,False,measured_only,0.2,21,True,95,97,45,69,8,8,0,1614,2843,0.09375,46,18,35,8,8,0,626,1215
B,3,all,035,1-4-6,False,measured_only,0.11,12,True,95,97,60,90,8,8,0,1243,2843,0.09375,46,22,39,6,6,0,582,1215
B,3,all,036,1-4-7,True,measured_only,-1.0,0,True,95,97,73,97,2,2,0,1113,2843,0.03125,46,29,46,5,5,0,483,1215
B,3,all,045,1-5-6,False,measured_only,0.16,17,True,95,97,62,88,8,8,0,1214,2843,0.09375,46,25,37,2,2,0,589,1215
B,3,all,046,1-5-7,True,measured_only,-1.0,0,True,95,97,72,97,3,3,0,1090,2843,0.041666666666666664,46,32,46,2,2,0,478,1215
B,3,all,056,1-6-7,True,measured_only,-1.0,0,True,95,97,74,97,1,1,0,1067,2843,0.020833333333333332,46,29,46,5,5,0,470,1215
B,3,all,123,2-3-4,False,measured_only,0.31,32,True,95,97,29,43,9,9,0,2005,2843,0.09895833333333333,46,16,22,3,3,0,878,1215
B,3,all,124,2-3-5,False,measured_only,0.2,21,True,95,97,43,64,8,8,0,1696,2843,0.09375,46,23,36,5,5,0,621,1215
B,3,all,125,2-3-6,False,measured_only,0.2,21,True,95,97,60,80,8,8,0,1377,2843,0.09375,46,27,36,1,1,0,625,1215
B,3,all,126,2-3-7,True,measured_only,-1.0,0,True,95,97,72,97,3,3,0,1113,2843,0.041666666666666664,46,32,46,1,1,0,490,1215
B,3,all,134,2-4-5,False,measured_only,0.23,24,True,95,97,45,64,8,8,0,1720,2843,0.09375,46,21,33,6,6,0,663,1215
B,3,all,135,2-4-6,False,measured_only,0.11,12,True,95,97,61,90,8,8,0,1275,2843,0.09375,46,26,39,3,3,0,596,1215
B,3,all,136,2-4-7,True,measured_only,-1.0,0,True,95,97,73,97,2,2,0,1137,2843,0.03125,46,31,46,3,3,0,497,1215
B,3,all,145,2-5-6,False,measured_only,0.08,9,True,95,97,62,91,8,8,0,1210,2843,0.09375,46,28,40,2,2,0,567,1215
B,3,all,146,2-5-7,True,measured_only,-1.0,0,True,95,97,71,97,4,4,0,1114,2843,0.052083333333333336,46,33,46,1,1,0,492,1215
B,3,all,156,2-6-7,True,measured_only,-1.0,0,True,95,97,73,97,2,2,0,1091,2843,0.03125,46,31,46,3,3,0,484,1215
B,3,all,234,3-4-5,False,measured_only,0.2,21,True,95,97,44,64,8,8,0,1724,2843,0.09375,46,21,38,7,7,0,606,1215
B,3,all,235,3-4-6,False,measured_only,0.11,12,True,95,97,60,89,8,8,0,1291,2843,0.09375,46,23,38,3,3,0,610,1215
B,3,all,236,3-4-7,True,measured_only,-1.0,0,True,95,97,73,97,2,2,0,1149,2843,0.03125,46,30,46,3,3,0,499,1215
B,3,all,245,3-5-6,False,measured_only,0.16,17,True,95,97,62,87,8,8,0,1274,2843,0.09375,46,26,38,1,1,0,593,1215
B,3,all,246,3-5-7,True,measured_only,-1.0,0,True,95,97,72,97,3,3,0,1126,2843,0.041666666666666664,46,33,46,1,1,0,494,1215
B,3,all,256,3-6-7,True,measured_only,-1.0,0,True,95,97,74,97,1,1,0,1103,2843,0.020833333333333332,46,30,46,3,3,0,486,1215
B,3,all,345,4-5-6,False,measured_only,0.11,12,True,95,97,63,92,7,7,0,1226,2843,0.08333333333333333,46,25,41,4,4,0,564,1215
B,3,all,346,4-5-7,True,measured_only,-1.0,0,True,95,97,73,97,2,2,0,1150,2843,0.03125,46,32,46,2,2,0,501,1215
B,3,all,356,4-6-7,True,measured_only,-1.0,0,True,95,97,75,97,0,0,0,1127,2843,0.010416666666666666,46,29,46,5,5,0,493,1215
B,3,all,456,5-6-7,True,measured_only,-1.0,0,True,95,97,73,97,2,2,0,1104,2843,0.03125,46,32,46,2,2,0,488,1215
B,3,all,012,1-2-3,False,loglinear,0.35,36,True,95,97,18,28,9,9,0,2261,2843,0.09895833333333333,46,12,19,3,3,0,883,1215
B,3,all,013,1-2-4,False,loglinear,0.29,30,True,95,97,31,47,9,9,0,1969,2843,0.09895833333333333,46,13,22,6,6,0,870,1215
B,3,all,014,1-2-5,False,loglinear,0.21,22,True,95,97,44,68,8,8,0,1585,2843,0.09375,46,20,33,6,6,0,641,1215
B,3,all,015,1-2-6,False,loglinear,0.21,22,True,95,97,60,81,8,8,0,1335,2843,0.09375,46,26,35,2,2,0,621,1215
B,3,all,016,1-2-7,True,loglinear,-1.0,0,True,95,97,72,97,3,3,0,1077,2843,0.041666666666666664,46,31,46,3,3,0,474,1215
B,3,all,023,1-3-4,False,loglinear,0.33,34,True,95,97,30,44,9,9,0,2014,2843,0.09895833333333333,46,12,15,1,1,0,957,1215
B,3,all,024,1-3-5,False,loglinear,0.21,22,True,95,97,43,65,7,7,0,1661,2843,0.08333333333333333,46,20,36,7,7,0,607,1215
B,3,all,025,1-3-6,False,loglinear,0.23,24,True,95,97,59,79,7,7,0,1405,2843,0.08333333333333333,46,23,34,2,2,0,635,1215
B,3,all,026,1-3-7,True,loglinear,-1.0,0,True,95,97,72,97,3,3,0,1089,2843,0.041666666666666664,46,30,46,3,3,0,476,1215
B,3,all,034,1-4-5,False,loglinear,0.21,22,True,95,97,45,69,8,8,0,1614,2843,0.09375,46,18,35,8,8,0,626,1215
B,3,all,035,1-4-6,False,loglinear,0.11,12,True,95,97,60,90,8,8,0,1243,2843,0.09375,46,22,39,6,6,0,582,1215
B,3,all,036,1-4-7,True,loglinear,-1.0,0,True,95,97,73,97,2,2,0,1113,2843,0.03125,46,29,46,5,5,0,483,1215
B,3,all,045,1-5-6,False,loglinear,0.16,17,True,95,97,62,88,8,8,0,1214,2843,0.09375,46,25,37,2,2,0,589,1215
B,3,all,046,1-5-7,True,loglinear,-1.0,0,True,95,97,72,97,3,3,0,1090,2843,0.041666666666666664,46,32,46,2,2,0,478,1215
B,3,all,056,1-6-7,True,loglinear,-1.0,0,True,95,97,74,97,1,1,0,1067,2843,0.020833333333333332,46,29,46,5,5,0,470,1215
B,3,all,123,2-3-4,False,loglinear,0.29,30,True,95,97,29,43,9,9,0,2005,2843,0.09895833333333333,46,16,25,4,4,0,842,1215
B,3,all,124,2-3-5,False,loglinear,0.21,22,True,95,97,43,63,8,8,0,1720,2843,0.09375,46,23,36,5,5,0,621,1215
B,3,all,125,2-3-6,False,loglinear,0.21,22,True,95,97,60,79,8,8,0,1401,2843,0.09375,46,27,36,1,1,0,625,1215
B,3,all,126,2-3-7,True,loglinear,-1.0,0,True,95,97,72,97,3,3,0,1113,2843,0.041666666666666664,46,32,46,1,1,0,490,1215
B,3,all,134,2-4-5,False,loglinear,0.23,24,True,95,97,45,64,8,8,0,1720,2843,0.09375,46,21,33,6,6,0,663,1215
B,3,all,135,2-4-6,False,loglinear,0.11,12,True,95,97,61,90,8,8,0,1275,2843,0.09375,46,26,39,3,3,0,596,1215
B,3,all,136,2-4-7,True,loglinear,-1.0,0,True,95,97,73,97,2,2,0,1137,2843,0.03125,46,31,46,3,3,0,497,1215
B,3,all,145,2-5-6,False,loglinear,0.08,9,True,95,97,62,91,8,8,0,1210,2843,0.09375,46,28,40,2,2,0,567,1215
B,3,all,146,2-5-7,True,loglinear,-1.0,0,True,95,97,71,97,4,4,0,1114,2843,0.052083333333333336,46,33,46,1,1,0,492,1215
B,3,all,156,2-6-7,True,loglinear,-1.0,0,True,95,97,73,97,2,2,0,1091,2843,0.03125,46,31,46,3,3,0,484,1215
B,3,all,234,3-4-5,False,loglinear,0.21,22,True,95,97,44,64,8,8,0,1724,2843,0.09375,46,21,38,7,7,0,606,1215
B,3,all,235,3-4-6,False,loglinear,0.11,12,True,95,97,60,89,8,8,0,1291,2843,0.09375,46,23,38,3,3,0,610,1215
B,3,all,236,3-4-7,True,loglinear,-1.0,0,True,95,97,73,97,2,2,0,1149,2843,0.03125,46,30,46,3,3,0,499,1215
B,3,all,245,3-5-6,False,loglinear,0.14,15,True,95,97,62,90,8,8,0,1226,2843,0.09375,46,26,38,1,1,0,593,1215
B,3,all,246,3-5-7,True,loglinear,-1.0,0,True,95,97,72,97,3,3,0,1126,2843,0.041666666666666664,46,33,46,1,1,0,494,1215
B,3,all,256,3-6-7,True,loglinear,-1.0,0,True,95,97,74,97,1,1,0,1103,2843,0.020833333333333332,46,30,46,3,3,0,486,1215
B,3,all,345,4-5-6,False,loglinear,0.11,12,True,95,97,63,92,7,7,0,1226,2843,0.08333333333333333,46,25,41,4,4,0,564,1215
B,3,all,346,4-5-7,True,loglinear,-1.0,0,True,95,97,73,97,2,2,0,1150,2843,0.03125,46,32,46,2,2,0,501,1215
B,3,all,356,4-6-7,True,loglinear,-1.0,0,True,95,97,75,97,0,0,0,1127,2843,0.010416666666666666,46,29,46,5,5,0,493,1215
B,3,all,456,5-6-7,True,loglinear,-1.0,0,True,95,97,73,97,2,2,0,1104,2843,0.03125,46,32,46,2,2,0,488,1215
B,4,seven,012,1-2-3,False,anchorboost,0.22,23,True,84,87,18,40,8,3,5,1623,2186,0.1,37,6,14,1,0,1,666,854
B,4,seven,013,1-2-4,False,anchorboost,0.14,15,True,84,87,26,49,7,5,2,1493,2186,0.09411764705882353,37,8,22,4,3,1,578,854
B,4,seven,014,1-2-5,False,anchorboost,0.09,10,True,84,87,35,59,8,6,2,1337,2186,0.1,37,13,29,5,4,1,482,854
B,4,seven,015,1-2-6,False,anchorboost,0.0,1,True,84,87,48,86,7,6,1,958,2186,0.09411764705882353,37,22,36,4,4,0,378,854
B,4,seven,016,1-2-7,True,anchorboost,-1.0,0,True,84,87,59,87,4,2,2,936,2186,0.058823529411764705,37,27,37,1,1,0,366,854
B,4,seven,023,1-3-4,False,anchorboost,0.17,18,True,84,87,23,45,8,5,3,1539,2186,0.1,37,9,15,3,2,1,674,854
B,4,seven,024,1-3-5,False,anchorboost,0.09,10,True,84,87,34,63,7,5,2,1312,2186,0.08823529411764706,37,13,27,5,5,0,506,854
B,4,seven,025,1-3-6,False,anchorboost,0.04,5,True,84,87,44,78,7,7,0,1053,2186,0.09411764705882353,37,22,36,6,6,0,378,854
B,4,seven,026,1-3-7,True,anchorboost,-1.0,0,True,84,87,58,87,5,3,2,935,2186,0.07058823529411765,37,27,37,2,2,0,366,854
B,4,seven,034,1-4-5,False,anchorboost,0.09,10,True,84,87,33,67,8,7,1,1242,2186,0.1,37,14,26,2,2,0,530,854
B,4,seven,035,1-4-6,False,anchorboost,0.08,9,True,84,87,43,74,7,7,0,1102,2186,0.09411764705882353,37,23,34,4,4,0,402,854
B,4,seven,036,1-4-7,True,anchorboost,-1.0,0,True,84,87,57,87,4,3,1,936,2186,0.058823529411764705,37,28,37,1,1,0,366,854
B,4,seven,045,1-5-6,False,anchorboost,-1.0,0,True,84,87,47,87,7,7,0,932,2186,0.09411764705882353,37,23,37,6,5,1,366,854
B,4,seven,046,1-5-7,True,anchorboost,-1.0,0,True,84,87,60,87,2,1,1,933,2186,0.03529411764705882,37,27,37,2,2,0,366,854
B,4,seven,056,1-6-7,True,anchorboost,-1.0,0,True,84,87,57,87,3,2,1,934,2186,0.047058823529411764,37,28,37,1,1,0,366,854
B,4,seven,123,2-3-4,False,anchorboost,0.19,20,True,84,87,28,43,5,4,1,1586,2186,0.058823529411764705,37,7,14,2,0,2,674,854
B,4,seven,124,2-3-5,False,anchorboost,0.08,9,True,84,87,38,72,8,6,2,1197,2186,0.1,37,12,28,4,3,1,482,854
B,4,seven,125,2-3-6,False,anchorboost,0.04,5,True,84,87,49,76,5,5,0,1102,2186,0.07058823529411765,37,22,36,4,4,0,378,854
B,4,seven,126,2-3-7,True,anchorboost,-1.0,0,True,84,87,60,87,4,1,3,940,2186,0.058823529411764705,37,27,37,1,1,0,366,854
B,4,seven,134,2-4-5,False,anchorboost,0.08,9,True,84,87,37,70,8,7,1,1222,2186,0.1,37,13,27,3,3,0,518,854
B,4,seven,135,2-4-6,False,anchorboost,0.04,5,True,84,87,48,78,7,6,1,1079,2186,0.09411764705882353,37,23,37,4,4,0,366,854
B,4,seven,136,2-4-7,True,anchorboost,-1.0,0,True,84,87,59,87,3,1,2,941,2186,0.047058823529411764,37,28,37,1,1,0,366,854
B,4,seven,145,2-5-6,False,anchorboost,-1.0,0,True,84,87,50,87,7,5,2,937,2186,0.09411764705882353,37,23,37,3,3,0,366,854
B,4,seven,146,2-5-7,True,anchorboost,-1.0,0,True,84,87,60,87,2,0,2,938,2186,0.03529411764705882,37,27,37,1,1,0,366,854
B,4,seven,156,2-6-7,True,anchorboost,-1.0,0,True,84,87,58,87,2,0,2,939,2186,0.03529411764705882,37,28,37,0,0,0,366,854
B,4,seven,234,3-4-5,False,anchorboost,0.16,17,True,84,87,36,52,4,3,1,1473,2186,0.058823529411764705,37,13,21,0,0,0,590,854
B,4,seven,235,3-4-6,False,anchorboost,0.04,5,True,84,87,44,75,7,7,0,1106,2186,0.09411764705882353,37,23,37,5,5,0,366,854
B,4,seven,236,3-4-7,True,anchorboost,-1.0,0,True,84,87,58,87,5,3,2,940,2186,0.07058823529411765,37,28,37,1,1,0,366,854
B,4,seven,245,3-5-6,False,anchorboost,-1.0,0,True,84,87,48,87,7,5,2,936,2186,0.09411764705882353,37,23,37,5,5,0,366,854
B,4,seven,246,3-5-7,True,anchorboost,-1.0,0,True,84,87,61,87,3,1,2,937,2186,0.047058823529411764,37,27,37,2,2,0,366,854
B,4,seven,256,3-6-7,True,anchorboost,-1.0,0,True,84,87,58,87,4,2,2,938,2186,0.058823529411764705,37,28,37,1,1,0,366,854
B,4,seven,345,4-5-6,False,anchorboost,0.01,2,True,84,87,47,85,7,6,1,972,2186,0.09411764705882353,37,24,37,4,4,0,366,854
B,4,seven,346,4-5-7,True,anchorboost,-1.0,0,True,84,87,60,87,2,1,1,938,2186,0.03529411764705882,37,28,37,1,1,0,366,854
B,4,seven,356,4-6-7,True,anchorboost,-1.0,0,True,84,87,57,87,3,2,1,939,2186,0.047058823529411764,37,29,37,0,0,0,366,854
B,4,seven,456,5-6-7,True,anchorboost,-1.0,0,True,84,87,59,87,2,1,1,936,2186,0.03529411764705882,37,28,37,1,1,0,366,854
B,4,seven,012,1-2-3,False,measured_only,0.29,30,True,84,87,18,31,7,7,0,1742,2186,0.08235294117647059,37,6,13,4,4,0,686,854
B,4,seven,013,1-2-4,False,measured_only,0.26,27,True,84,87,26,39,8,8,0,1636,2186,0.1,37,8,18,5,5,0,626,854
B,4,seven,014,1-2-5,False,measured_only,0.25,26,True,84,87,35,50,7,7,0,1444,2186,0.09411764705882353,37,13,20,2,2,0,602,854
B,4,seven,015,1-2-6,False,measured_only,0.07,8,True,84,87,48,76,7,7,0,1098,2186,0.09411764705882353,37,22,35,5,5,0,390,854
B,4,seven,016,1-2-7,True,measured_only,-1.0,0,True,84,87,59,87,3,2,1,936,2186,0.047058823529411764,37,27,37,1,1,0,366,854
B,4,seven,023,1-3-4,False,measured_only,0.26,27,True,84,87,23,40,8,8,0,1593,2186,0.1,37,9,17,5,5,0,626,854
B,4,seven,024,1-3-5,False,measured_only,0.18,19,True,84,87,34,60,8,8,0,1340,2186,0.1,37,13,23,5,5,0,566,854
B,4,seven,025,1-3-6,False,measured_only,0.07,8,True,84,87,44,74,7,7,0,1113,2186,0.09411764705882353,37,22,35,6,6,0,390,854
B,4,seven,026,1-3-7,True,measured_only,-1.0,0,True,84,87,58,87,4,3,1,935,2186,0.058823529411764705,37,27,37,2,2,0,366,854
B,4,seven,034,1-4-5,False,measured_only,0.23,24,True,84,87,33,53,7,7,0,1425,2186,0.09411764705882353,37,14,21,2,2,0,602,854
B,4,seven,035,1-4-6,False,measured_only,0.12,13,True,84,87,43,68,7,7,0,1186,2186,0.09411764705882353,37,23,34,4,4,0,402,854
B,4,seven,036,1-4-7,True,measured_only,-1.0,0,True,84,87,57,87,3,3,0,936,2186,0.047058823529411764,37,28,37,1,1,0,366,854
B,4,seven,045,1-5-6,False,measured_only,0.03,4,True,84,87,47,79,7,7,0,1039,2186,0.09411764705882353,37,23,36,5,5,0,378,854
B,4,seven,046,1-5-7,True,measured_only,-1.0,0,True,84,87,60,87,1,1,0,933,2186,0.023529411764705882,37,27,37,2,2,0,366,854
B,4,seven,056,1-6-7,True,measured_only,-1.0,0,True,84,87,57,87,2,2,0,934,2186,0.03529411764705882,37,28,37,1,1,0,366,854
B,4,seven,123,2-3-4,False,measured_only,0.26,27,True,84,87,28,39,6,6,0,1637,2186,0.07647058823529412,37,7,14,4,4,0,674,854
B,4,seven,124,2-3-5,False,measured_only,0.19,20,True,84,87,38,59,8,8,0,1365,2186,0.1,37,12,20,4,4,0,614,854
B,4,seven,125,2-3-6,False,measured_only,0.03,4,True,84,87,49,79,6,6,0,1046,2186,0.08235294117647059,37,22,35,5,5,0,390,854
B,4,seven,126,2-3-7,True,measured_only,-1.0,0,True,84,87,60,87,3,1,2,940,2186,0.047058823529411764,37,27,37,1,1,0,366,854
B,4,seven,134,2-4-5,False,measured_only,0.21,22,True,84,87,37,54,7,7,0,1413,2186,0.08823529411764706,37,13,21,4,4,0,602,854
B,4,seven,135,2-4-6,False,measured_only,0.05,6,True,84,87,48,77,7,7,0,1091,2186,0.09411764705882353,37,23,36,5,5,0,378,854
B,4,seven,136,2-4-7,True,measured_only,-1.0,0,True,84,87,59,87,2,1,1,941,2186,0.03529411764705882,37,28,37,1,1,0,366,854
B,4,seven,145,2-5-6,False,measured_only,0.01,2,True,84,87,50,84,7,6,1,973,2186,0.09411764705882353,37,23,36,4,4,0,378,854
B,4,seven,146,2-5-7,True,measured_only,-1.0,0,True,84,87,60,87,1,0,1,938,2186,0.023529411764705882,37,27,37,1,1,0,366,854
B,4,seven,156,2-6-7,True,measured_only,-1.0,0,True,84,87,58,87,1,0,1,939,2186,0.023529411764705882,37,28,37,0,0,0,366,854
B,4,seven,234,3-4-5,False,measured_only,0.21,22,True,84,87,36,56,5,5,0,1393,2186,0.06470588235294118,37,13,19,3,3,0,626,854
B,4,seven,235,3-4-6,False,measured_only,0.05,6,True,84,87,44,75,7,7,0,1106,2186,0.09411764705882353,37,23,36,5,5,0,378,854
B,4,seven,236,3-4-7,True,measured_only,-1.0,0,True,84,87,58,87,4,3,1,940,2186,0.058823529411764705,37,28,37,1,1,0,366,854
B,4,seven,245,3-5-6,False,measured_only,0.01,2,True,84,87,48,85,7,6,1,960,2186,0.09411764705882353,37,23,36,5,5,0,378,854
B,4,seven,246,3-5-7,True,measured_only,-1.0,0,True,84,87,61,87,2,1,1,937,2186,0.03529411764705882,37,27,37,2,2,0,366,854
B,4,seven,256,3-6-7,True,measured_only,-1.0,0,True,84,87,58,87,3,2,1,938,2186,0.047058823529411764,37,28,37,1,1,0,366,854
B,4,seven,345,4-5-6,False,measured_only,0.07,8,True,84,87,47,78,7,7,0,1056,2186,0.09411764705882353,37,24,35,3,3,0,390,854
B,4,seven,346,4-5-7,True,measured_only,-1.0,0,True,84,87,60,87,1,1,0,938,2186,0.023529411764705882,37,28,37,1,1,0,366,854
B,4,seven,356,4-6-7,True,measured_only,-1.0,0,True,84,87,57,87,2,2,0,939,2186,0.03529411764705882,37,29,37,0,0,0,366,854
B,4,seven,456,5-6-7,True,measured_only,-1.0,0,True,84,87,59,87,1,1,0,936,2186,0.023529411764705882,37,28,37,1,1,0,366,854
B,4,seven,012,1-2-3,False,loglinear,0.29,30,True,84,87,18,31,7,7,0,1742,2186,0.08235294117647059,37,6,13,4,4,0,686,854
B,4,seven,013,1-2-4,False,loglinear,0.26,27,True,84,87,26,38,7,7,0,1648,2186,0.08823529411764706,37,8,18,5,5,0,626,854
B,4,seven,014,1-2-5,False,loglinear,0.25,26,True,84,87,35,50,7,7,0,1444,2186,0.09411764705882353,37,13,20,2,2,0,602,854
B,4,seven,015,1-2-6,False,loglinear,0.07,8,True,84,87,48,76,7,7,0,1098,2186,0.09411764705882353,37,22,35,5,5,0,390,854
B,4,seven,016,1-2-7,True,loglinear,-1.0,0,True,84,87,59,87,3,2,1,936,2186,0.047058823529411764,37,27,37,1,1,0,366,854
B,4,seven,023,1-3-4,False,loglinear,0.26,27,True,84,87,23,40,8,8,0,1593,2186,0.1,37,9,17,5,5,0,626,854
B,4,seven,024,1-3-5,False,loglinear,0.19,20,True,84,87,34,59,7,7,0,1352,2186,0.08823529411764706,37,13,22,5,5,0,590,854
B,4,seven,025,1-3-6,False,loglinear,0.06,7,True,84,87,44,74,7,7,0,1113,2186,0.09411764705882353,37,22,36,6,6,0,378,854
B,4,seven,026,1-3-7,True,loglinear,-1.0,0,True,84,87,58,87,4,3,1,935,2186,0.058823529411764705,37,27,37,2,2,0,366,854
B,4,seven,034,1-4-5,False,loglinear,0.23,24,True,84,87,33,53,7,7,0,1425,2186,0.09411764705882353,37,14,21,2,2,0,602,854
B,4,seven,035,1-4-6,False,loglinear,0.12,13,True,84,87,43,68,7,7,0,1186,2186,0.09411764705882353,37,23,34,4,4,0,402,854
B,4,seven,036,1-4-7,True,loglinear,-1.0,0,True,84,87,57,87,3,3,0,936,2186,0.047058823529411764,37,28,37,1,1,0,366,854
B,4,seven,045,1-5-6,False,loglinear,0.03,4,True,84,87,47,79,7,7,0,1039,2186,0.09411764705882353,37,23,36,5,5,0,378,854
B,4,seven,046,1-5-7,True,loglinear,-1.0,0,True,84,87,60,87,2,1,1,933,2186,0.03529411764705882,37,27,37,2,2,0,366,854
B,4,seven,056,1-6-7,True,loglinear,-1.0,0,True,84,87,57,87,2,2,0,934,2186,0.03529411764705882,37,28,37,1,1,0,366,854
B,4,seven,123,2-3-4,False,loglinear,0.26,27,True,84,87,28,38,5,5,0,1649,2186,0.06470588235294118,37,7,14,4,4,0,674,854
B,4,seven,124,2-3-5,False,loglinear,0.19,20,True,84,87,38,59,8,8,0,1365,2186,0.1,37,12,20,4,4,0,614,854
B,4,seven,125,2-3-6,False,loglinear,0.03,4,True,84,87,49,79,6,6,0,1046,2186,0.08235294117647059,37,22,35,5,5,0,390,854
B,4,seven,126,2-3-7,True,loglinear,-1.0,0,True,84,87,60,87,3,1,2,940,2186,0.047058823529411764,37,27,37,1,1,0,366,854
B,4,seven,134,2-4-5,False,loglinear,0.21,22,True,84,87,37,54,7,7,0,1413,2186,0.08823529411764706,37,13,21,4,4,0,602,854
B,4,seven,135,2-4-6,False,loglinear,0.05,6,True,84,87,48,77,7,7,0,1091,2186,0.09411764705882353,37,23,36,5,5,0,378,854
B,4,seven,136,2-4-7,True,loglinear,-1.0,0,True,84,87,59,87,2,1,1,941,2186,0.03529411764705882,37,28,37,1,1,0,366,854
B,4,seven,145,2-5-6,False,loglinear,0.01,2,True,84,87,50,84,7,6,1,973,2186,0.09411764705882353,37,23,36,4,4,0,378,854
B,4,seven,146,2-5-7,True,loglinear,-1.0,0,True,84,87,60,87,1,0,1,938,2186,0.023529411764705882,37,27,37,1,1,0,366,854
B,4,seven,156,2-6-7,True,loglinear,-1.0,0,True,84,87,58,87,1,0,1,939,2186,0.023529411764705882,37,28,37,0,0,0,366,854
B,4,seven,234,3-4-5,False,loglinear,0.21,22,True,84,87,36,56,5,5,0,1393,2186,0.06470588235294118,37,13,19,3,3,0,626,854
B,4,seven,235,3-4-6,False,loglinear,0.05,6,True,84,87,44,75,7,7,0,1106,2186,0.09411764705882353,37,23,36,5,5,0,378,854
B,4,seven,236,3-4-7,True,loglinear,-1.0,0,True,84,87,58,87,4,3,1,940,2186,0.058823529411764705,37,28,37,1,1,0,366,854
B,4,seven,245,3-5-6,False,loglinear,0.01,2,True,84,87,48,85,7,6,1,960,2186,0.09411764705882353,37,23,36,5,5,0,378,854
B,4,seven,246,3-5-7,True,loglinear,-1.0,0,True,84,87,61,87,2,1,1,937,2186,0.03529411764705882,37,27,37,2,2,0,366,854
B,4,seven,256,3-6-7,True,loglinear,-1.0,0,True,84,87,58,87,3,2,1,938,2186,0.047058823529411764,37,28,37,1,1,0,366,854
B,4,seven,345,4-5-6,False,loglinear,0.07,8,True,84,87,47,78,7,7,0,1056,2186,0.09411764705882353,37,24,35,3,3,0,390,854
B,4,seven,346,4-5-7,True,loglinear,-1.0,0,True,84,87,60,87,1,1,0,938,2186,0.023529411764705882,37,28,37,1,1,0,366,854
B,4,seven,356,4-6-7,True,loglinear,-1.0,0,True,84,87,57,87,2,2,0,939,2186,0.03529411764705882,37,29,37,0,0,0,366,854
B,4,seven,456,5-6-7,True,loglinear,-1.0,0,True,84,87,59,87,2,1,1,936,2186,0.03529411764705882,37,28,37,1,1,0,366,854
B,4,all,012,1-2-3,False,anchorboost,0.21,22,True,94,97,22,52,9,3,6,1729,2690,0.1,46,8,22,1,0,1,881,1368
B,4,all,013,1-2-4,False,anchorboost,0.14,15,True,94,97,32,59,7,5,2,1638,2690,0.08421052631578947,46,12,30,4,3,1,784,1368
B,4,all,014,1-2-5,False,anchorboost,0.08,9,True,94,97,45,74,9,7,2,1412,2690,0.1,46,19,41,7,6,1,601,1368
B,4,all,015,1-2-6,False,anchorboost,-1.0,0,True,94,97,58,97,8,7,1,1050,2690,0.09473684210526316,46,28,46,6,5,1,509,1368
B,4,all,016,1-2-7,True,anchorboost,-1.0,0,True,94,97,69,97,4,2,2,1047,2690,0.05263157894736842,46,34,46,2,2,0,504,1368
B,4,all,023,1-3-4,False,anchorboost,0.16,17,True,94,97,29,58,9,5,4,1653,2690,0.1,46,13,22,3,2,1,925,1368
B,4,all,024,1-3-5,False,anchorboost,0.09,10,True,94,97,44,73,7,5,2,1459,2690,0.07894736842105263,46,19,36,5,5,0,664,1368
B,4,all,025,1-3-6,False,anchorboost,0.0,1,True,94,97,54,96,8,7,1,1084,2690,0.09473684210526316,46,28,46,8,7,1,512,1368
B,4,all,026,1-3-7,True,anchorboost,-1.0,0,True,94,97,68,97,5,3,2,1058,2690,0.06315789473684211,46,34,46,3,3,0,507,1368
B,4,all,034,1-4-5,False,anchorboost,0.09,10,True,94,97,43,77,8,7,1,1404,2690,0.08947368421052632,46,20,35,2,2,0,703,1368
B,4,all,035,1-4-6,False,anchorboost,0.05,6,True,94,97,53,90,8,8,0,1172,2690,0.09473684210526316,46,29,42,4,4,0,605,1368
B,4,all,036,1-4-7,True,anchorboost,-1.0,0,True,94,97,67,97,4,3,1,1074,2690,0.05263157894736842,46,35,46,2,2,0,522,1368
B,4,all,045,1-5-6,False,anchorboost,-1.0,0,True,94,97,57,97,7,7,0,1064,2690,0.08421052631578947,46,30,46,6,5,1,512,1368
B,4,all,046,1-5-7,True,anchorboost,-1.0,0,True,94,97,70,97,2,1,1,1061,2690,0.031578947368421054,46,34,46,2,2,0,507,1368
B,4,all,056,1-6-7,True,anchorboost,-1.0,0,True,94,97,67,97,3,2,1,1042,2690,0.042105263157894736,46,36,46,1,1,0,495,1368
B,4,all,123,2-3-4,False,anchorboost,0.18,19,True,94,97,34,59,9,7,2,1689,2690,0.09473684210526316,46,11,23,4,2,2,918,1368
B,4,all,124,2-3-5,False,anchorboost,0.06,7,True,94,97,48,83,9,7,2,1349,2690,0.1,46,18,39,5,4,1,632,1368
B,4,all,125,2-3-6,False,anchorboost,0.02,3,True,94,97,59,90,8,5,3,1198,2690,0.09473684210526316,46,28,46,6,6,0,528,1368
B,4,all,126,2-3-7,True,anchorboost,-1.0,0,True,94,97,70,97,4,1,3,1080,2690,0.05263157894736842,46,34,46,2,2,0,523,1368
B,4,all,134,2-4-5,False,anchorboost,0.04,5,True,94,97,47,86,9,8,1,1329,2690,0.1,46,19,41,5,4,1,659,1368
B,4,all,135,2-4-6,False,anchorboost,0.0,1,True,94,97,58,96,8,6,2,1122,2690,0.09473684210526316,46,29,46,5,5,0,543,1368
B,4,all,136,2-4-7,True,anchorboost,-1.0,0,True,94,97,69,97,3,1,2,1096,2690,0.042105263157894736,46,35,46,2,2,0,538,1368
B,4,all,145,2-5-6,False,anchorboost,-1.0,0,True,94,97,60,97,7,5,2,1086,2690,0.08421052631578947,46,30,46,4,4,0,528,1368
B,4,all,146,2-5-7,True,anchorboost,-1.0,0,True,94,97,70,97,2,0,2,1083,2690,0.031578947368421054,46,34,46,1,1,0,523,1368
B,4,all,156,2-6-7,True,anchorboost,-1.0,0,True,94,97,68,97,2,0,2,1064,2690,0.031578947368421054,46,36,46,0,0,0,511,1368
B,4,all,234,3-4-5,False,anchorboost,0.14,15,True,94,97,46,69,9,7,2,1568,2690,0.1,46,19,29,0,0,0,818,1368
B,4,all,235,3-4-6,False,anchorboost,0.04,5,True,94,97,54,85,7,7,0,1277,2690,0.08421052631578947,46,29,45,6,6,0,588,1368
B,4,all,236,3-4-7,True,anchorboost,-1.0,0,True,94,97,68,97,5,3,2,1107,2690,0.06315789473684211,46,35,46,2,2,0,541,1368
B,4,all,245,3-5-6,False,anchorboost,-1.0,0,True,94,97,58,97,7,5,2,1097,2690,0.08421052631578947,46,30,46,6,6,0,531,1368
B,4,all,246,3-5-7,True,anchorboost,-1.0,0,True,94,97,71,97,3,1,2,1094,2690,0.042105263157894736,46,34,46,2,2,0,526,1368
B,4,all,256,3-6-7,True,anchorboost,-1.0,0,True,94,97,68,97,4,2,2,1075,2690,0.05263157894736842,46,36,46,1,1,0,514,1368
B,4,all,345,4-5-6,False,anchorboost,0.0,1,True,94,97,57,96,8,6,2,1136,2690,0.09473684210526316,46,31,46,5,5,0,546,1368
B,4,all,346,4-5-7,True,anchorboost,-1.0,0,True,94,97,70,97,2,1,1,1110,2690,0.031578947368421054,46,35,46,1,1,0,541,1368
B,4,all,356,4-6-7,True,anchorboost,-1.0,0,True,94,97,67,97,3,2,1,1091,2690,0.042105263157894736,46,37,46,0,0,0,529,1368
B,4,all,456,5-6-7,True,anchorboost,-1.0,0,True,94,97,69,97,2,1,1,1078,2690,0.031578947368421054,46,36,46,1,1,0,514,1368
B,4,all,012,1-2-3,False,measured_only,0.29,30,True,94,97,22,37,9,9,0,2037,2690,0.09473684210526316,46,8,19,7,7,0,951,1368
B,4,all,013,1-2-4,False,measured_only,0.26,27,True,94,97,32,46,9,9,0,1894,2690,0.1,46,12,23,6,6,0,945,1368
B,4,all,014,1-2-5,False,measured_only,0.14,15,True,94,97,45,71,9,9,0,1436,2690,0.1,46,19,34,8,8,0,730,1368
B,4,all,015,1-2-6,False,measured_only,0.03,4,True,94,97,58,91,8,8,0,1133,2690,0.09473684210526316,46,28,45,8,8,0,521,1368
B,4,all,016,1-2-7,True,measured_only,-1.0,0,True,94,97,69,97,3,2,1,1047,2690,0.042105263157894736,46,34,46,2,2,0,504,1368
B,4,all,023,1-3-4,False,measured_only,0.26,27,True,94,97,29,47,9,9,0,1860,2690,0.1,46,13,22,6,6,0,945,1368
B,4,all,024,1-3-5,False,measured_only,0.18,19,True,94,97,44,70,8,8,0,1487,2690,0.08947368421052632,46,19,30,5,5,0,793,1368
B,4,all,025,1-3-6,False,measured_only,0.03,4,True,94,97,54,87,8,8,0,1192,2690,0.09473684210526316,46,28,45,8,8,0,524,1368
B,4,all,026,1-3-7,True,measured_only,-1.0,0,True,94,97,68,97,4,3,1,1058,2690,0.05263157894736842,46,34,46,3,3,0,507,1368
B,4,all,034,1-4-5,False,measured_only,0.21,22,True,94,97,43,68,9,9,0,1504,2690,0.1,46,20,30,4,4,0,820,1368
B,4,all,035,1-4-6,False,measured_only,0.11,12,True,94,97,53,81,8,8,0,1292,2690,0.09473684210526316,46,29,43,5,5,0,593,1368
B,4,all,036,1-4-7,True,measured_only,-1.0,0,True,94,97,67,97,3,3,0,1074,2690,0.042105263157894736,46,35,46,2,2,0,522,1368
B,4,all,045,1-5-6,False,measured_only,0.01,2,True,94,97,57,93,8,8,0,1112,2690,0.09473684210526316,46,30,45,6,6,0,524,1368
B,4,all,046,1-5-7,True,measured_only,-1.0,0,True,94,97,70,97,1,1,0,1061,2690,0.021052631578947368,46,34,46,2,2,0,507,1368
B,4,all,056,1-6-7,True,measured_only,-1.0,0,True,94,97,67,97,2,2,0,1042,2690,0.031578947368421054,46,36,46,1,1,0,495,1368
B,4,all,123,2-3-4,False,measured_only,0.26,27,True,94,97,34,46,7,7,0,1912,2690,0.07894736842105263,46,11,20,6,6,0,959,1368
B,4,all,124,2-3-5,False,measured_only,0.18,19,True,94,97,48,72,9,9,0,1493,2690,0.1,46,18,28,4,4,0,824,1368
B,4,all,125,2-3-6,False,measured_only,0.03,4,True,94,97,59,89,6,6,0,1190,2690,0.07368421052631578,46,28,44,7,7,0,552,1368
B,4,all,126,2-3-7,True,measured_only,-1.0,0,True,94,97,70,97,3,1,2,1080,2690,0.042105263157894736,46,34,46,2,2,0,523,1368
B,4,all,134,2-4-5,False,measured_only,0.21,22,True,94,97,47,64,7,7,0,1592,2690,0.07894736842105263,46,19,28,4,4,0,851,1368
B,4,all,135,2-4-6,False,measured_only,0.03,4,True,94,97,58,91,8,8,0,1182,2690,0.09473684210526316,46,29,45,7,7,0,585,1368
B,4,all,136,2-4-7,True,measured_only,-1.0,0,True,94,97,69,97,2,1,1,1096,2690,0.031578947368421054,46,35,46,2,2,0,538,1368
B,4,all,145,2-5-6,False,measured_only,0.0,1,True,94,97,60,95,8,7,1,1110,2690,0.09473684210526316,46,30,46,5,5,0,528,1368
B,4,all,146,2-5-7,True,measured_only,-1.0,0,True,94,97,70,97,1,0,1,1083,2690,0.021052631578947368,46,34,46,1,1,0,523,1368
B,4,all,156,2-6-7,True,measured_only,-1.0,0,True,94,97,68,97,1,0,1,1064,2690,0.021052631578947368,46,36,46,0,0,0,511,1368
B,4,all,234,3-4-5,False,measured_only,0.19,20,True,94,97,46,71,9,9,0,1524,2690,0.1,46,19,26,3,3,0,878,1368
B,4,all,235,3-4-6,False,measured_only,0.03,4,True,94,97,54,87,8,8,0,1241,2690,0.09473684210526316,46,29,44,6,6,0,600,1368
B,4,all,236,3-4-7,True,measured_only,-1.0,0,True,94,97,68,97,4,3,1,1107,2690,0.05263157894736842,46,35,46,2,2,0,541,1368
B,4,all,245,3-5-6,False,measured_only,0.0,1,True,94,97,58,96,8,7,1,1109,2690,0.09473684210526316,46,30,46,6,6,0,531,1368
B,4,all,246,3-5-7,True,measured_only,-1.0,0,True,94,97,71,97,2,1,1,1094,2690,0.031578947368421054,46,34,46,2,2,0,526,1368
B,4,all,256,3-6-7,True,measured_only,-1.0,0,True,94,97,68,97,3,2,1,1075,2690,0.042105263157894736,46,36,46,1,1,0,514,1368
B,4,all,345,4-5-6,False,measured_only,0.03,4,True,94,97,57,90,8,8,0,1208,2690,0.09473684210526316,46,31,45,5,5,0,558,1368
B,4,all,346,4-5-7,True,measured_only,-1.0,0,True,94,97,70,97,1,1,0,1110,2690,0.021052631578947368,46,35,46,1,1,0,541,1368
B,4,all,356,4-6-7,True,measured_only,-1.0,0,True,94,97,67,97,2,2,0,1091,2690,0.031578947368421054,46,37,46,0,0,0,529,1368
B,4,all,456,5-6-7,True,measured_only,-1.0,0,True,94,97,69,97,1,1,0,1078,2690,0.021052631578947368,46,36,46,1,1,0,514,1368
B,4,all,012,1-2-3,False,loglinear,0.29,30,True,94,97,22,37,9,9,0,2037,2690,0.09473684210526316,46,8,19,7,7,0,951,1368
B,4,all,013,1-2-4,False,loglinear,0.26,27,True,94,97,32,45,8,8,0,1906,2690,0.08947368421052632,46,12,23,6,6,0,945,1368
B,4,all,014,1-2-5,False,loglinear,0.14,15,True,94,97,45,71,9,9,0,1436,2690,0.1,46,19,34,8,8,0,730,1368
B,4,all,015,1-2-6,False,loglinear,0.03,4,True,94,97,58,91,8,8,0,1133,2690,0.09473684210526316,46,28,45,8,8,0,521,1368
B,4,all,016,1-2-7,True,loglinear,-1.0,0,True,94,97,69,97,3,2,1,1047,2690,0.042105263157894736,46,34,46,2,2,0,504,1368
B,4,all,023,1-3-4,False,loglinear,0.26,27,True,94,97,29,47,9,9,0,1860,2690,0.1,46,13,22,6,6,0,945,1368
B,4,all,024,1-3-5,False,loglinear,0.19,20,True,94,97,44,69,7,7,0,1499,2690,0.07894736842105263,46,19,29,5,5,0,817,1368
B,4,all,025,1-3-6,False,loglinear,0.03,4,True,94,97,54,87,8,8,0,1192,2690,0.09473684210526316,46,28,45,8,8,0,524,1368
B,4,all,026,1-3-7,True,loglinear,-1.0,0,True,94,97,68,97,4,3,1,1058,2690,0.05263157894736842,46,34,46,3,3,0,507,1368
B,4,all,034,1-4-5,False,loglinear,0.21,22,True,94,97,43,68,9,9,0,1504,2690,0.1,46,20,30,4,4,0,820,1368
B,4,all,035,1-4-6,False,loglinear,0.11,12,True,94,97,53,81,8,8,0,1292,2690,0.09473684210526316,46,29,43,5,5,0,593,1368
B,4,all,036,1-4-7,True,loglinear,-1.0,0,True,94,97,67,97,3,3,0,1074,2690,0.042105263157894736,46,35,46,2,2,0,522,1368
B,4,all,045,1-5-6,False,loglinear,0.01,2,True,94,97,57,93,8,8,0,1112,2690,0.09473684210526316,46,30,45,6,6,0,524,1368
B,4,all,046,1-5-7,True,loglinear,-1.0,0,True,94,97,70,97,2,1,1,1061,2690,0.031578947368421054,46,34,46,2,2,0,507,1368
B,4,all,056,1-6-7,True,loglinear,-1.0,0,True,94,97,67,97,2,2,0,1042,2690,0.031578947368421054,46,36,46,1,1,0,495,1368
B,4,all,123,2-3-4,False,loglinear,0.26,27,True,94,97,34,45,6,6,0,1924,2690,0.06842105263157895,46,11,20,6,6,0,959,1368
B,4,all,124,2-3-5,False,loglinear,0.19,20,True,94,97,48,69,8,8,0,1529,2690,0.08947368421052632,46,18,27,4,4,0,848,1368
B,4,all,125,2-3-6,False,loglinear,0.03,4,True,94,97,59,89,6,6,0,1190,2690,0.07368421052631578,46,28,44,7,7,0,552,1368
B,4,all,126,2-3-7,True,loglinear,-1.0,0,True,94,97,70,97,3,1,2,1080,2690,0.042105263157894736,46,34,46,2,2,0,523,1368
B,4,all,134,2-4-5,False,loglinear,0.21,22,True,94,97,47,64,7,7,0,1592,2690,0.07894736842105263,46,19,28,4,4,0,851,1368
B,4,all,135,2-4-6,False,loglinear,0.03,4,True,94,97,58,91,8,8,0,1182,2690,0.09473684210526316,46,29,45,7,7,0,585,1368
B,4,all,136,2-4-7,True,loglinear,-1.0,0,True,94,97,69,97,2,1,1,1096,2690,0.031578947368421054,46,35,46,2,2,0,538,1368
B,4,all,145,2-5-6,False,loglinear,0.0,1,True,94,97,60,95,8,7,1,1110,2690,0.09473684210526316,46,30,46,5,5,0,528,1368
B,4,all,146,2-5-7,True,loglinear,-1.0,0,True,94,97,70,97,1,0,1,1083,2690,0.021052631578947368,46,34,46,1,1,0,523,1368
B,4,all,156,2-6-7,True,loglinear,-1.0,0,True,94,97,68,97,1,0,1,1064,2690,0.021052631578947368,46,36,46,0,0,0,511,1368
B,4,all,234,3-4-5,False,loglinear,0.19,20,True,94,97,46,71,9,9,0,1524,2690,0.1,46,19,26,3,3,0,878,1368
B,4,all,235,3-4-6,False,loglinear,0.03,4,True,94,97,54,87,8,8,0,1241,2690,0.09473684210526316,46,29,44,6,6,0,600,1368
B,4,all,236,3-4-7,True,loglinear,-1.0,0,True,94,97,68,97,4,3,1,1107,2690,0.05263157894736842,46,35,46,2,2,0,541,1368
B,4,all,245,3-5-6,False,loglinear,0.0,1,True,94,97,58,96,8,7,1,1109,2690,0.09473684210526316,46,30,46,6,6,0,531,1368
B,4,all,246,3-5-7,True,loglinear,-1.0,0,True,94,97,71,97,2,1,1,1094,2690,0.031578947368421054,46,34,46,2,2,0,526,1368
B,4,all,256,3-6-7,True,loglinear,-1.0,0,True,94,97,68,97,3,2,1,1075,2690,0.042105263157894736,46,36,46,1,1,0,514,1368
B,4,all,345,4-5-6,False,loglinear,0.03,4,True,94,97,57,90,8,8,0,1208,2690,0.09473684210526316,46,31,45,5,5,0,558,1368
B,4,all,346,4-5-7,True,loglinear,-1.0,0,True,94,97,70,97,1,1,0,1110,2690,0.021052631578947368,46,35,46,1,1,0,541,1368
B,4,all,356,4-6-7,True,loglinear,-1.0,0,True,94,97,67,97,2,2,0,1091,2690,0.031578947368421054,46,37,46,0,0,0,529,1368
B,4,all,456,5-6-7,True,loglinear,-1.0,0,True,94,97,69,97,2,1,1,1078,2690,0.031578947368421054,46,36,46,1,1,0,514,1368
