replicate,sampled_groups,sampled_labels,sampled_designs,anchorboost_wells,measured_only_wells,loglinear_wells,savings_vs_measured_only,savings_vs_loglinear
1,188,192,960,12045.0,13134.0,13182.0,0.08291457286432158,0.0862539827036869
2,188,192,960,12636.0,14149.0,14149.0,0.10693335218036615,0.10693335218036615
3,188,197,985,12156.0,13635.0,13635.0,0.10847084708470844,0.10847084708470844
4,188,194,970,11526.0,13324.0,13324.0,0.1349444611227859,0.1349444611227859
5,188,196,980,11391.0,12969.0,13017.0,0.12167476289613699,0.12491357455634944
6,188,197,985,11758.0,13148.0,13148.0,0.10571950106480077,0.10571950106480077
7,188,193,965,11242.0,13414.0,13486.0,0.16192038169077083,0.166394779771615
8,188,197,985,11879.0,13407.0,13407.0,0.11397031401506674,0.11397031401506674
9,188,194,970,12558.0,14322.0,14346.0,0.12316715542521994,0.12463404433291514
10,188,193,965,12135.0,14110.0,14134.0,0.13997165131112688,0.14143200792415456
11,188,188,940,11234.0,12631.0,12631.0,0.11060090254136645,0.11060090254136645
12,188,192,960,12737.0,14660.0,14660.0,0.13117326057298773,0.13117326057298773
13,188,194,970,11729.0,13672.0,13696.0,0.14211527208894092,0.1436185747663551
14,188,196,980,11496.0,13898.0,13922.0,0.17283062311123898,0.17425657233156155
15,188,191,955,11794.0,13334.0,13382.0,0.11549422528873554,0.11866686593932152
16,188,193,965,11184.0,12719.0,12719.0,0.12068558848966116,0.12068558848966116
17,188,194,970,12198.0,13173.0,13197.0,0.07401503074470506,0.07569902250511484
18,188,193,965,12187.0,13571.0,13595.0,0.10198216785793235,0.10356748804707616
19,188,192,960,11528.0,13680.0,13704.0,0.15730994152046784,0.1587857559836544
20,188,189,945,10822.0,12411.0,12459.0,0.12803158488437671,0.13139096235652936
21,188,194,970,12365.0,13924.0,13924.0,0.11196495259982764,0.11196495259982764
22,188,195,975,11355.0,13047.0,13095.0,0.12968498505403536,0.1328751431844215
23,188,196,980,12550.0,14315.0,14339.0,0.12329724065665382,0.12476462793779208
24,188,192,960,11892.0,13341.0,13389.0,0.1086125477850236,0.11180820076181941
25,188,195,975,11778.0,13782.0,13806.0,0.14540705267740528,0.14689265536723162
26,188,193,965,11498.0,12476.0,12476.0,0.07839050977877526,0.07839050977877526
27,188,192,960,12044.0,13487.0,13487.0,0.10699191814339737,0.10699191814339737
28,188,192,960,11084.0,12592.0,12592.0,0.11975857687420588,0.11975857687420588
29,188,191,955,11271.0,12832.0,12832.0,0.12164900249376553,0.12164900249376553
30,188,194,970,11421.0,13089.0,13089.0,0.12743525097410036,0.12743525097410036
31,188,194,970,11886.0,13305.0,13305.0,0.10665163472378802,0.10665163472378802
32,188,193,965,11815.0,13097.0,13097.0,0.09788501183477127,0.09788501183477127
33,188,192,960,11823.0,14270.0,14294.0,0.17147862648913803,0.17286973555337903
34,188,196,980,11754.0,13816.0,13816.0,0.14924724956572089,0.14924724956572089
35,188,195,975,11690.0,13214.0,13214.0,0.11533222339942484,0.11533222339942484
36,188,193,965,11513.0,13445.0,13493.0,0.1436965414652287,0.14674275550285332
37,188,198,990,11942.0,13741.0,13741.0,0.13092205807437596,0.13092205807437596
38,188,193,965,11971.0,13770.0,13794.0,0.1306463326071169,0.1321589096708714
39,188,192,960,11509.0,13026.0,13026.0,0.11645938891447871,0.11645938891447871
40,188,192,960,11245.0,12720.0,12720.0,0.11595911949685533,0.11595911949685533
41,188,192,960,12552.0,14055.0,14055.0,0.10693703308431168,0.10693703308431168
42,188,194,970,11706.0,13313.0,13313.0,0.12070908134905733,0.12070908134905733
43,188,191,955,11324.0,13072.0,13096.0,0.13372093023255816,0.13530849114233356
44,188,190,950,11620.0,12996.0,13020.0,0.10587873191751307,0.10752688172043012
45,188,194,970,11671.0,13755.0,13755.0,0.15150854234823696,0.15150854234823696
46,188,197,985,11835.0,13896.0,13896.0,0.14831606217616577,0.14831606217616577
47,188,197,985,12077.0,13373.0,13421.0,0.09691168772900616,0.10014156918262429
48,188,191,955,12247.0,14184.0,14184.0,0.13656232374506483,0.13656232374506483
49,188,193,965,11705.0,13280.0,13280.0,0.11859939759036142,0.11859939759036142
50,188,197,985,12139.0,14211.0,14283.0,0.14580254732249665,0.15010852061891755
51,188,190,950,11769.0,13317.0,13341.0,0.11624239693624694,0.1178322464582865
52,188,193,965,11064.0,12572.0,12572.0,0.11994909322303526,0.11994909322303526
53,188,192,960,11361.0,13172.0,13196.0,0.13748861220771336,0.13905729008790546
54,188,192,960,11618.0,12755.0,12851.0,0.08914151313210505,0.09594584079059998
55,188,189,945,11602.0,13354.0,13402.0,0.13119664519994012,0.13430831219221007
56,188,199,995,11764.0,13504.0,13528.0,0.12885071090047395,0.1303962152572442
57,188,192,960,11836.0,13814.0,13814.0,0.14318807007383816,0.14318807007383816
58,188,194,970,12020.0,13554.0,13578.0,0.11317692194186213,0.11474443953454116
59,188,195,975,11669.0,13029.0,13077.0,0.10438253127638342,0.10766995488261832
60,188,193,965,11639.0,12953.0,12977.0,0.10144368100054046,0.10310549433613314
61,188,191,955,11207.0,12357.0,12381.0,0.09306465970704869,0.09482271222033767
62,188,193,965,11484.0,13830.0,13854.0,0.16963123644251632,0.17106972715461244
63,188,195,975,11311.0,12490.0,12490.0,0.09439551641313049,0.09439551641313049
64,188,198,990,11789.0,13480.0,13528.0,0.1254451038575668,0.12854819633353043
65,188,193,965,11558.0,12872.0,12872.0,0.10208203853325049,0.10208203853325049
66,188,193,965,12149.0,14005.0,14005.0,0.13252409853623703,0.13252409853623703
67,188,194,970,12010.0,13211.0,13283.0,0.09090909090909094,0.09583678385906802
68,188,191,955,11243.0,12779.0,12851.0,0.12019719852883637,0.1251264493035561
69,188,192,960,12201.0,13481.0,13529.0,0.09494844596098218,0.09815950920245398
70,188,195,975,12054.0,13925.0,13949.0,0.13436265709156192,0.13585203240375654
71,188,192,960,12021.0,13400.0,13400.0,0.10291044776119407,0.10291044776119407
72,188,193,965,11032.0,12497.0,12545.0,0.11722813475234051,0.12060581905141488
73,188,193,965,11952.0,13516.0,13564.0,0.11571470849363719,0.11884399882040697
74,188,194,970,12596.0,14501.0,14525.0,0.13137025032756366,0.13280550774526678
75,188,190,950,12013.0,13881.0,13905.0,0.134572437144298,0.13606616325062926
76,188,197,985,11619.0,13732.0,13756.0,0.15387416254005248,0.1553503925559756
77,188,191,955,12276.0,13805.0,13877.0,0.11075697211155378,0.11537075736830726
78,188,190,950,11623.0,13033.0,13057.0,0.10818691015115478,0.10982614689438619
79,188,193,965,12196.0,14084.0,14084.0,0.1340528259017325,0.1340528259017325
80,188,189,945,11874.0,13176.0,13224.0,0.09881602914389798,0.10208711433756801
81,188,194,970,11959.0,13532.0,13532.0,0.11624297960390184,0.11624297960390184
82,188,193,965,11509.0,13157.0,13181.0,0.1252565174431861,0.12684925271223735
83,188,195,975,12703.0,14425.0,14425.0,0.11937608318890813,0.11937608318890813
84,188,196,980,11475.0,13401.0,13425.0,0.14372061786433843,0.14525139664804465
85,188,195,975,11936.0,13852.0,13900.0,0.13831937626335544,0.14129496402877695
86,188,190,950,11166.0,12475.0,12475.0,0.10492985971943891,0.10492985971943891
87,188,195,975,11635.0,13163.0,13163.0,0.11608295981159311,0.11608295981159311
88,188,194,970,11682.0,13236.0,13284.0,0.1174070716228468,0.12059620596205967
89,188,191,955,10765.0,11966.0,12014.0,0.1003677085074377,0.10396204428167133
90,188,195,975,12357.0,13840.0,13864.0,0.1071531791907514,0.10869878822850543
91,188,193,965,11827.0,13039.0,13087.0,0.0929519134902983,0.09627874990448537
92,188,194,970,11733.0,13256.0,13256.0,0.11489136994568494,0.11489136994568494
93,188,197,985,11828.0,13071.0,13071.0,0.09509601407696422,0.09509601407696422
94,188,193,965,12325.0,13861.0,13885.0,0.11081451554721877,0.11235145840835437
95,188,191,955,12129.0,13655.0,13679.0,0.1117539362870743,0.11331237663571903
96,188,193,965,12433.0,13704.0,13704.0,0.09274664331582017,0.09274664331582017
97,188,193,965,11780.0,13345.0,13369.0,0.11727238666167106,0.11885705737153118
98,188,192,960,12079.0,13798.0,13846.0,0.124583272938107,0.12761808464538493
99,188,196,980,11990.0,13850.0,13874.0,0.13429602888086645,0.13579357070779874
100,188,197,985,12382.0,13986.0,13986.0,0.11468611468611467,0.11468611468611467
101,188,195,975,12803.0,14497.0,14497.0,0.11685176243360695,0.11685176243360695
102,188,190,950,12264.0,13770.0,13794.0,0.10936819172113288,0.1109177903436277
103,188,190,950,11361.0,12721.0,12769.0,0.10690983413253674,0.1102670530190305
104,188,196,980,11192.0,12389.0,12389.0,0.09661796755186047,0.09661796755186047
105,188,190,950,11152.0,12858.0,12906.0,0.13268004355265206,0.13590578025724465
106,188,194,970,12916.0,14777.0,14777.0,0.12593895919334097,0.12593895919334097
107,188,192,960,12090.0,13827.0,13827.0,0.1256237795617271,0.1256237795617271
108,188,194,970,11058.0,12639.0,12735.0,0.12508901020650365,0.13168433451118966
109,188,196,980,12083.0,13774.0,13798.0,0.12276753303325105,0.12429337585157274
110,188,189,945,11945.0,13186.0,13210.0,0.09411497042317607,0.09576078728236181
111,188,191,955,11551.0,13331.0,13355.0,0.1335233665891531,0.13508049419693002
112,188,196,980,11999.0,13537.0,13561.0,0.1136145379330723,0.11518324607329844
113,188,191,955,11892.0,13864.0,13864.0,0.14223889209463358,0.14223889209463358
114,188,191,955,12173.0,14278.0,14350.0,0.14742961199047488,0.15170731707317076
115,188,197,985,12213.0,13207.0,13207.0,0.07526311804346175,0.07526311804346175
116,188,196,980,12478.0,14162.0,14234.0,0.11890975850868524,0.12336658704510328
117,188,195,975,11542.0,12823.0,12847.0,0.09989861966778446,0.10158013544018063
118,188,196,980,11497.0,13324.0,13324.0,0.13712098468928247,0.13712098468928247
119,188,196,980,11648.0,13024.0,13048.0,0.10565110565110569,0.10729613733905574
120,188,191,955,12700.0,14293.0,14317.0,0.11145315888896667,0.11294265558427041
121,188,194,970,11570.0,13456.0,13504.0,0.14016052318668248,0.14321682464454977
122,188,192,960,11871.0,13388.0,13388.0,0.113310427248282,0.113310427248282
123,188,196,980,12260.0,13844.0,13844.0,0.11441779832418375,0.11441779832418375
124,188,191,955,11521.0,13004.0,13028.0,0.11404183328206707,0.11567393306723983
125,188,196,980,12228.0,13811.0,13811.0,0.11461878213018606,0.11461878213018606
126,188,192,960,12758.0,14821.0,14821.0,0.13919438634370151,0.13919438634370151
127,188,193,965,11785.0,13632.0,13680.0,0.13549002347417838,0.13852339181286555
128,188,189,945,11596.0,13215.0,13215.0,0.12251229663261443,0.12251229663261443
129,188,194,970,11331.0,13137.0,13161.0,0.1374743092030144,0.13904718486437195
130,188,192,960,11398.0,12710.0,12758.0,0.10322580645161294,0.10659978052986363
131,188,193,965,11221.0,12938.0,12938.0,0.13270984696243626,0.13270984696243626
132,188,192,960,12094.0,13321.0,13393.0,0.09211020193679154,0.09699096542970209
133,188,191,955,11912.0,13400.0,13448.0,0.111044776119403,0.11421772754312909
134,188,194,970,12105.0,13685.0,13685.0,0.11545487760321516,0.11545487760321516
135,188,195,975,12584.0,13691.0,13691.0,0.08085603681250453,0.08085603681250453
136,188,193,965,11201.0,12820.0,12844.0,0.12628705148205932,0.1279196511990034
137,188,192,960,11500.0,13439.0,13439.0,0.1442815685690899,0.1442815685690899
138,188,197,985,11878.0,13487.0,13559.0,0.11930006673092608,0.12397669444649306
139,188,194,970,12025.0,13344.0,13344.0,0.09884592326139086,0.09884592326139086
140,188,195,975,11436.0,13314.0,13314.0,0.14105452906714733,0.14105452906714733
141,188,195,975,11797.0,12953.0,13025.0,0.08924573457886209,0.09428023032629562
142,188,189,945,11031.0,12301.0,12301.0,0.10324363872855868,0.10324363872855868
143,188,192,960,11548.0,13320.0,13344.0,0.13303303303303304,0.13459232613908878
144,188,195,975,12369.0,14441.0,14441.0,0.14348036839554046,0.14348036839554046
145,188,192,960,12312.0,14000.0,14000.0,0.12057142857142855,0.12057142857142855
146,188,189,945,12324.0,13986.0,14010.0,0.11883311883311887,0.12034261241970023
147,188,191,955,12538.0,14070.0,14094.0,0.10888415067519541,0.1104015893287924
148,188,194,970,11902.0,13600.0,13624.0,0.12485294117647061,0.1263945977686436
149,188,198,990,12560.0,14496.0,14544.0,0.13355408388520973,0.13641364136413636
150,188,191,955,11600.0,12690.0,12690.0,0.08589440504334123,0.08589440504334123
151,188,191,955,12011.0,13712.0,13736.0,0.12405192532088682,0.12558241118229474
152,188,193,965,11629.0,13582.0,13606.0,0.14379325577970847,0.1453035425547553
153,188,196,980,11522.0,13125.0,13173.0,0.12213333333333332,0.12533211872770056
154,188,192,960,12377.0,14116.0,14116.0,0.12319353924624543,0.12319353924624543
155,188,196,980,11975.0,13540.0,13612.0,0.11558345642540624,0.12026153394064065
156,188,192,960,12172.0,13823.0,13823.0,0.11943861679809009,0.11943861679809009
157,188,190,950,12120.0,13823.0,13847.0,0.12320046299645515,0.12472015599046726
158,188,201,1005,12609.0,14558.0,14606.0,0.1338782799835142,0.13672463371217303
159,188,190,950,12065.0,13723.0,13723.0,0.12081906288712385,0.12081906288712385
160,188,191,955,11723.0,13260.0,13284.0,0.11591251885369536,0.11750978620897323
161,188,192,960,11751.0,12850.0,12850.0,0.08552529182879376,0.08552529182879376
162,188,193,965,11668.0,13096.0,13096.0,0.10904092852779479,0.10904092852779479
163,188,194,970,12179.0,14210.0,14282.0,0.14292751583391983,0.1472482845539841
164,188,191,955,11302.0,12875.0,12947.0,0.12217475728155336,0.12705646095620604
165,188,194,970,11794.0,13529.0,13553.0,0.12824303348362776,0.1297867630782853
166,188,192,960,11320.0,13478.0,13478.0,0.16011277637631693,0.16011277637631693
167,188,190,950,11995.0,13223.0,13271.0,0.09286848672767145,0.0961494989073921
168,188,190,950,11534.0,12799.0,12799.0,0.09883584655051181,0.09883584655051181
169,188,193,965,11701.0,13184.0,13184.0,0.11248483009708743,0.11248483009708743
170,188,191,955,11240.0,13019.0,13019.0,0.13664643981872648,0.13664643981872648
171,188,191,955,12005.0,13418.0,13418.0,0.10530630496348192,0.10530630496348192
172,188,194,970,12119.0,13935.0,13935.0,0.13031933979189092,0.13031933979189092
173,188,193,965,12259.0,14445.0,14445.0,0.15133264105226718,0.15133264105226718
174,188,197,985,11583.0,13331.0,13331.0,0.13112294651564027,0.13112294651564027
175,188,190,950,11517.0,13128.0,13128.0,0.12271480804387569,0.12271480804387569
176,188,190,950,11901.0,13119.0,13143.0,0.09284244225931859,0.09449897283725173
177,188,195,975,11395.0,13442.0,13466.0,0.15228388632643952,0.15379474231397594
178,188,191,955,11954.0,13832.0,13832.0,0.13577212261422789,0.13577212261422789
179,188,189,945,11029.0,12311.0,12311.0,0.10413451384940298,0.10413451384940298
180,188,195,975,11911.0,13901.0,13925.0,0.1431551686928998,0.14463195691202868
181,188,189,945,11661.0,12581.0,12581.0,0.07312614259597805,0.07312614259597805
182,188,192,960,11813.0,13289.0,13313.0,0.11106930544059002,0.11267182453241198
183,188,193,965,12047.0,13844.0,13844.0,0.1298035249927767,0.1298035249927767
184,188,196,980,11737.0,13465.0,13465.0,0.12833271444485705,0.12833271444485705
185,188,190,950,11809.0,13522.0,13546.0,0.1266824434255288,0.12822973571534035
186,188,198,990,12377.0,13960.0,13960.0,0.11339541547277932,0.11339541547277932
187,188,192,960,11708.0,13413.0,13461.0,0.12711548497726088,0.13022806626550776
188,188,192,960,11937.0,13335.0,13359.0,0.1048368953880765,0.10644509319559847
189,188,191,955,11194.0,13018.0,13090.0,0.14011368873866958,0.1448433919022154
190,188,192,960,11733.0,12768.0,12816.0,0.08106203007518797,0.08450374531835203
191,188,192,960,12179.0,13483.0,13507.0,0.09671438107246166,0.0983193899459539
192,188,190,950,11297.0,12499.0,12523.0,0.09616769341547327,0.09789986424978037
193,188,192,960,11603.0,13021.0,13045.0,0.10890100606712239,0.1105404369490226
194,188,194,970,11426.0,12840.0,12840.0,0.11012461059190026,0.11012461059190026
195,188,192,960,11323.0,12889.0,12889.0,0.12149895259523624,0.12149895259523624
196,188,194,970,11781.0,13411.0,13483.0,0.12154201774662587,0.12623303419120369
197,188,193,965,12040.0,13550.0,13550.0,0.11143911439114396,0.11143911439114396
198,188,188,940,11709.0,13199.0,13199.0,0.11288733994999622,0.11288733994999622
199,188,188,940,11409.0,12746.0,12770.0,0.10489565353836494,0.10657791699295227
200,188,191,955,11611.0,12982.0,12982.0,0.1056077645971345,0.1056077645971345
201,188,191,955,11794.0,13565.0,13565.0,0.13055657943236265,0.13055657943236265
202,188,194,970,12288.0,13604.0,13628.0,0.09673625404292852,0.09832697387731137
203,188,188,940,11193.0,12635.0,12659.0,0.11412742382271468,0.11580693577691759
204,188,197,985,12250.0,13598.0,13598.0,0.09913222532725396,0.09913222532725396
205,188,191,955,11985.0,14074.0,14122.0,0.1484297285775188,0.15132417504602746
206,188,195,975,12157.0,13988.0,14012.0,0.13089791249642546,0.13238652583499855
207,188,192,960,11991.0,13763.0,13787.0,0.12875099905543852,0.13026764343221875
208,188,196,980,11703.0,13369.0,13369.0,0.12461665046001946,0.12461665046001946
209,188,190,950,11688.0,13188.0,13212.0,0.1137397634212921,0.11534968210717533
210,188,191,955,11438.0,13271.0,13295.0,0.13812071433953732,0.13967657013915002
211,188,191,955,11566.0,13145.0,13145.0,0.12012171928489923,0.12012171928489923
212,188,195,975,11629.0,13806.0,13830.0,0.15768506446472552,0.15914678235719448
213,188,189,945,10943.0,12177.0,12201.0,0.10133858914346716,0.10310630276206867
214,188,192,960,12226.0,13735.0,13759.0,0.10986530760829993,0.11141798095791844
215,188,196,980,11351.0,13229.0,13277.0,0.14196084360117922,0.1450628907132635
216,188,192,960,11919.0,13514.0,13538.0,0.11802575107296143,0.11958930418082436
217,188,191,955,11599.0,13156.0,13180.0,0.11834904226208576,0.1199544764795144
218,188,189,945,11102.0,12235.0,12283.0,0.09260318757662445,0.096149149230644
219,188,196,980,11744.0,12969.0,12969.0,0.09445601048654484,0.09445601048654484
220,188,193,965,11483.0,13208.0,13280.0,0.130602665051484,0.13531626506024097
221,188,197,985,11252.0,12670.0,12670.0,0.11191791633780579,0.11191791633780579
222,188,195,975,12209.0,13392.0,13416.0,0.08833632019115889,0.08996720333929631
223,188,191,955,12120.0,13623.0,13671.0,0.11032812155912797,0.11345183234584155
224,188,193,965,11465.0,12899.0,12923.0,0.11117140863632835,0.11282210013154836
225,188,191,955,11845.0,13466.0,13466.0,0.12037724639833658,0.12037724639833658
226,188,191,955,11786.0,13512.0,13536.0,0.12773830669034936,0.12928486997635935
227,188,189,945,11166.0,12358.0,12430.0,0.0964557371743,0.10168946098149634
228,188,190,950,11592.0,13259.0,13283.0,0.12572592201523491,0.12730557855906044
229,188,190,950,12943.0,14648.0,14648.0,0.116398143091207,0.116398143091207
230,188,192,960,11287.0,12547.0,12619.0,0.10042241173188815,0.10555511530232187
231,188,198,990,11962.0,13840.0,13840.0,0.13569364161849706,0.13569364161849706
232,188,195,975,11816.0,13286.0,13286.0,0.11064278187565857,0.11064278187565857
233,188,194,970,12331.0,13714.0,13762.0,0.10084585095522824,0.10398197936346465
234,188,191,955,11787.0,13690.0,13714.0,0.13900657414170925,0.14051334402800053
235,188,189,945,11449.0,12866.0,12938.0,0.11013524016788434,0.11508733961972484
236,188,192,960,11709.0,13261.0,13333.0,0.11703491441067793,0.12180304507612694
237,188,192,960,11597.0,13304.0,13328.0,0.12830727600721592,0.12987695078031214
238,188,190,950,11050.0,12577.0,12577.0,0.121412101455037,0.121412101455037
239,188,196,980,11441.0,12902.0,12926.0,0.11323825763447526,0.11488472845427822
240,188,196,980,12006.0,13498.0,13522.0,0.11053489405837902,0.11211359266380716
241,188,191,955,11566.0,12878.0,12902.0,0.1018791737847492,0.10354983723453726
242,188,194,970,12265.0,13973.0,14045.0,0.12223574035640161,0.12673549305802778
243,188,194,970,11642.0,13233.0,13257.0,0.12022972870853166,0.12182243343139476
244,188,192,960,11738.0,13236.0,13236.0,0.11317618615896041,0.11317618615896041
245,188,194,970,11278.0,12884.0,12908.0,0.12465072958708479,0.12627827703749617
246,188,192,960,12637.0,13926.0,13950.0,0.09256067786873479,0.09412186379928311
247,188,197,985,11336.0,13188.0,13236.0,0.1404306945708219,0.1435478996675733
248,188,192,960,11842.0,13657.0,13705.0,0.13289887969539427,0.13593578985771615
249,188,189,945,11475.0,13136.0,13160.0,0.1264464068209501,0.12803951367781152
250,188,193,965,11894.0,13502.0,13550.0,0.11909346763442452,0.12221402214022137
251,188,194,970,11904.0,13349.0,13373.0,0.10824780882463103,0.10984820160023934
252,188,194,970,12370.0,14088.0,14160.0,0.1219477569562748,0.12641242937853103
253,188,191,955,11935.0,13362.0,13434.0,0.10679538991168991,0.11158255173440523
254,188,192,960,12438.0,13981.0,14029.0,0.11036406551748801,0.11340794069427618
255,188,192,960,11285.0,12875.0,12899.0,0.123495145631068,0.1251259787580432
256,188,190,950,11428.0,13018.0,13042.0,0.12213857735443234,0.12375402545621839
257,188,198,990,11685.0,13649.0,13697.0,0.143893325518353,0.1468934803241586
258,188,195,975,12464.0,14024.0,14072.0,0.11123787792355966,0.11426947129050602
259,188,200,1000,12115.0,14320.0,14392.0,0.15398044692737434,0.15821289605336297
260,188,191,955,12007.0,13682.0,13706.0,0.12242362227744485,0.12396030935356783
261,188,190,950,12404.0,14194.0,14194.0,0.1261096237846978,0.1261096237846978
262,188,191,955,11791.0,13575.0,13575.0,0.1314180478821363,0.1314180478821363
263,188,191,955,11791.0,13696.0,13696.0,0.13909170560747663,0.13909170560747663
264,188,192,960,10997.0,12615.0,12615.0,0.12826000792707093,0.12826000792707093
265,188,202,1010,12290.0,14082.0,14106.0,0.12725465132793634,0.12873954345668515
266,188,194,970,11188.0,12842.0,12866.0,0.1287961376732596,0.13042126535053633
267,188,191,955,11566.0,12831.0,12855.0,0.09858935390850287,0.10027226760015562
268,188,191,955,11597.0,13285.0,13309.0,0.1270605946556267,0.1286347584341423
269,188,191,955,12522.0,13783.0,13831.0,0.09148951607052169,0.09464246981418556
270,188,193,965,12619.0,14250.0,14274.0,0.11445614035087714,0.11594507496146844
271,188,195,975,11760.0,14003.0,14003.0,0.160179961436835,0.160179961436835
272,188,189,945,11710.0,13396.0,13420.0,0.12585846521349653,0.1274217585692996
273,188,197,985,11825.0,13893.0,13965.0,0.14885193982581157,0.15324024346580734
274,188,192,960,12213.0,13720.0,13744.0,0.10983965014577257,0.11139406286379516
275,188,192,960,11897.0,13061.0,13085.0,0.08912028175484266,0.0907909820405044
276,188,191,955,11806.0,13386.0,13386.0,0.11803376662184373,0.11803376662184373
277,188,194,970,11360.0,12807.0,12831.0,0.11298508628094006,0.11464422102719973
278,188,194,970,12074.0,13971.0,13971.0,0.1357812611838809,0.1357812611838809
279,188,197,985,12095.0,14171.0,14219.0,0.14649636581751468,0.14937759336099588
280,188,191,955,11150.0,12687.0,12735.0,0.12114763143375107,0.12446014919513149
281,188,193,965,11125.0,12802.0,12802.0,0.1309951570067177,0.1309951570067177
282,188,194,970,12167.0,13905.0,13953.0,0.12499101042790361,0.1280011467068014
283,188,189,945,11381.0,13083.0,13155.0,0.13009248643277538,0.13485366780691754
284,188,191,955,12117.0,13661.0,13661.0,0.11302247273259647,0.11302247273259647
285,188,197,985,11961.0,13503.0,13503.0,0.1141968451455232,0.1141968451455232
286,188,190,950,11040.0,12337.0,12337.0,0.10513090702764039,0.10513090702764039
287,188,193,965,11078.0,13514.0,13514.0,0.1802575107296137,0.1802575107296137
288,188,198,990,12354.0,14204.0,14252.0,0.13024500140805406,0.133174291327533
289,188,192,960,11485.0,13139.0,13187.0,0.12588477053048175,0.12906650489118066
290,188,188,940,11400.0,12771.0,12771.0,0.10735259572468869,0.10735259572468869
291,188,193,965,12115.0,13726.0,13726.0,0.11736849774151248,0.11736849774151248
292,188,190,950,11116.0,12337.0,12385.0,0.0989705763151496,0.10246265643924102
293,188,193,965,11377.0,13150.0,13198.0,0.1348288973384031,0.1379754508258827
294,188,192,960,11518.0,12818.0,12866.0,0.10141987829614607,0.1047722679931603
295,188,196,980,12683.0,14408.0,14432.0,0.11972515269294837,0.12118902439024393
296,188,193,965,11987.0,13790.0,13814.0,0.1307469180565627,0.1322571304473722
297,188,196,980,11143.0,12465.0,12489.0,0.10605695948656235,0.10777484186083752
298,188,191,955,12730.0,13928.0,13928.0,0.0860137851809305,0.0860137851809305
299,188,192,960,12001.0,13370.0,13394.0,0.1023934181002244,0.10400179184709568
300,188,189,945,10638.0,11905.0,11953.0,0.10642587148257032,0.11001422237095293
301,188,189,945,11464.0,12832.0,12856.0,0.10660847880299251,0.10827629122588678
302,188,195,975,12228.0,13951.0,13951.0,0.1235036914916493,0.1235036914916493
303,188,193,965,11767.0,13078.0,13150.0,0.10024468573176326,0.1051711026615969
304,188,193,965,11278.0,12877.0,12901.0,0.12417488545468669,0.12580420122471125
305,188,196,980,11845.0,13902.0,13950.0,0.1479643216803338,0.1508960573476702
306,188,194,970,12214.0,13851.0,13899.0,0.11818641253339113,0.12123174329088426
307,188,197,985,11611.0,12807.0,12807.0,0.09338642929647845,0.09338642929647845
308,188,193,965,11744.0,13101.0,13149.0,0.1035798793985192,0.1068522321089056
309,188,190,950,11704.0,13038.0,13038.0,0.10231630618192977,0.10231630618192977
310,188,192,960,11444.0,12920.0,12920.0,0.11424148606811146,0.11424148606811146
311,188,199,995,11694.0,13441.0,13465.0,0.12997544825533813,0.13152617898254737
312,188,189,945,12157.0,13783.0,13783.0,0.11797141406079958,0.11797141406079958
313,188,192,960,11716.0,13705.0,13705.0,0.1451295147756293,0.1451295147756293
314,188,196,980,12376.0,13704.0,13728.0,0.09690601284296552,0.09848484848484851
315,188,192,960,11161.0,12786.0,12810.0,0.12709213201939618,0.1287275565964091
316,188,197,985,11542.0,13165.0,13213.0,0.12328142802886444,0.12646635888897295
317,188,193,965,11900.0,13922.0,13946.0,0.14523775319637988,0.1467087336870787
318,188,192,960,11855.0,13513.0,13585.0,0.12269666247317401,0.1273463378726537
319,188,195,975,12588.0,14496.0,14520.0,0.13162251655629142,0.1330578512396694
320,188,189,945,12190.0,13312.0,13312.0,0.08428485576923073,0.08428485576923073
321,188,192,960,12203.0,13613.0,13613.0,0.10357746271945933,0.10357746271945933
322,188,193,965,11094.0,12247.0,12247.0,0.09414550502163799,0.09414550502163799
323,188,194,970,11716.0,13112.0,13136.0,0.10646735814521047,0.10809987819732036
324,188,189,945,11538.0,13254.0,13278.0,0.1294703485740154,0.131043831902395
325,188,190,950,12076.0,13355.0,13403.0,0.09576937476600522,0.0990076848466761
326,188,188,940,11539.0,12808.0,12808.0,0.09907870081199255,0.09907870081199255
327,188,192,960,11826.0,13977.0,13977.0,0.15389568576947843,0.15389568576947843
328,188,191,955,12486.0,13919.0,13919.0,0.10295279833321358,0.10295279833321358
329,188,197,985,12966.0,14767.0,14767.0,0.12196112954560845,0.12196112954560845
330,188,192,960,11593.0,12946.0,12970.0,0.10451104588289817,0.10616808018504242
331,188,195,975,11840.0,13581.0,13581.0,0.128193800161991,0.128193800161991
332,188,195,975,12128.0,14110.0,14110.0,0.14046775336640682,0.14046775336640682
333,188,191,955,11595.0,13383.0,13431.0,0.13360233131584842,0.13669868215322756
334,188,195,975,11749.0,13170.0,13218.0,0.10789673500379648,0.11113632924799521
335,188,194,970,12215.0,13696.0,13720.0,0.10813376168224298,0.10969387755102045
336,188,191,955,11493.0,13004.0,13052.0,0.11619501691787137,0.11944529574011642
337,188,192,960,11821.0,13491.0,13515.0,0.12378622785560744,0.12534221235664078
338,188,192,960,12112.0,13940.0,13964.0,0.1311334289813486,0.13262675451160122
339,188,196,980,12395.0,13931.0,13955.0,0.11025769865766999,0.11178788964528841
340,188,188,940,11609.0,13545.0,13569.0,0.1429309708379476,0.14444690102439384
341,188,192,960,12198.0,13737.0,13785.0,0.11203319502074693,0.11512513601741026
342,188,191,955,11554.0,12965.0,12965.0,0.10883146934053223,0.10883146934053223
343,188,190,950,12151.0,13633.0,13681.0,0.10870681434753904,0.11183393026825528
344,188,190,950,11446.0,13457.0,13481.0,0.14943895370439175,0.15095319338328017
345,188,192,960,11821.0,13429.0,13453.0,0.11974085933427658,0.1213112316955326
346,188,191,955,11491.0,12855.0,12855.0,0.10610657331777518,0.10610657331777518
347,188,192,960,12278.0,13652.0,13652.0,0.10064459419865224,0.10064459419865224
348,188,198,990,12224.0,14261.0,14285.0,0.1428371081971811,0.14427721386069303
349,188,196,980,12868.0,14536.0,14536.0,0.11474958723170059,0.11474958723170059
350,188,190,950,11270.0,12967.0,12967.0,0.13087067170509759,0.13087067170509759
351,188,196,980,11624.0,13303.0,13327.0,0.12621213260166875,0.1277856982066482
352,188,193,965,11344.0,12855.0,12855.0,0.11754181252430962,0.11754181252430962
353,188,192,960,11742.0,13325.0,13373.0,0.11879924953095689,0.12196216256636505
354,188,196,980,11866.0,13193.0,13217.0,0.10058364284090049,0.10221684194597869
355,188,194,970,11355.0,12628.0,12652.0,0.10080772885650935,0.10251343661081247
356,188,198,990,11977.0,13600.0,13600.0,0.11933823529411769,0.11933823529411769
357,188,195,975,12063.0,13633.0,13633.0,0.115161739895841,0.115161739895841
358,188,191,955,11351.0,12511.0,12535.0,0.09271840780113505,0.09445552453131234
359,188,194,970,11711.0,13577.0,13577.0,0.13743831479708335,0.13743831479708335
360,188,191,955,11550.0,13032.0,13032.0,0.11372007366482506,0.11372007366482506
361,188,195,975,11566.0,13247.0,13271.0,0.1268966558466068,0.1284756235400497
362,188,197,985,11862.0,13620.0,13668.0,0.12907488986784144,0.1321334503950834
363,188,197,985,11824.0,13649.0,13673.0,0.13370942926221696,0.13523001535873624
364,188,189,945,11721.0,13348.0,13348.0,0.12189091998801316,0.12189091998801316
365,188,192,960,12158.0,13216.0,13240.0,0.08005447941888622,0.0817220543806646
366,188,194,970,11689.0,13123.0,13123.0,0.10927379410195837,0.10927379410195837
367,188,190,950,11845.0,13543.0,13543.0,0.12537842427822488,0.12537842427822488
368,188,197,985,12410.0,14059.0,14083.0,0.11729141475211613,0.11879571114109211
369,188,194,970,11837.0,13410.0,13410.0,0.1173005219985086,0.1173005219985086
370,188,193,965,11467.0,12640.0,12688.0,0.0928006329113924,0.09623266078184112
371,188,200,1000,11963.0,13860.0,13860.0,0.13686868686868692,0.13686868686868692
372,188,196,980,12196.0,13536.0,13536.0,0.09899527186761226,0.09899527186761226
373,188,191,955,12316.0,13802.0,13874.0,0.10766555571656278,0.11229638172120515
374,188,193,965,11931.0,13740.0,13764.0,0.13165938864628823,0.1331734960767219
375,188,195,975,12522.0,14177.0,14177.0,0.11673837906468221,0.11673837906468221
376,188,193,965,11651.0,13098.0,13098.0,0.11047488166132235,0.11047488166132235
377,188,193,965,11745.0,12809.0,12809.0,0.08306659380123349,0.08306659380123349
378,188,194,970,12072.0,13269.0,13317.0,0.09021026452633962,0.09348952466771798
379,188,191,955,11280.0,12436.0,12484.0,0.09295593438404637,0.09644344761294454
380,188,193,965,12017.0,13974.0,13998.0,0.1400457993416344,0.14152021717388197
381,188,194,970,11827.0,13629.0,13629.0,0.13221806442145423,0.13221806442145423
382,188,193,965,11776.0,13229.0,13253.0,0.10983445460730212,0.11144646495133181
383,188,193,965,11698.0,12726.0,12726.0,0.08077950652208077,0.08077950652208077
384,188,193,965,11897.0,13467.0,13467.0,0.11658127274077379,0.11658127274077379
385,188,193,965,11758.0,13174.0,13198.0,0.10748443904660698,0.10910744052129107
386,188,192,960,11740.0,13135.0,13135.0,0.1062047963456414,0.1062047963456414
387,188,197,985,11772.0,13808.0,13808.0,0.14745075318655854,0.14745075318655854
388,188,195,975,12253.0,14313.0,14337.0,0.1439251030531684,0.14535816419055592
389,188,198,990,11516.0,12652.0,12748.0,0.08978817578248499,0.09664261060558521
390,188,194,970,12089.0,13831.0,13831.0,0.12594895524546312,0.12594895524546312
391,188,194,970,11921.0,13263.0,13287.0,0.10118374425092358,0.10280725521186118
392,188,189,945,11292.0,12908.0,12908.0,0.1251936783390145,0.1251936783390145
393,188,197,985,12457.0,14093.0,14093.0,0.11608600014191439,0.11608600014191439
394,188,191,955,12262.0,13698.0,13746.0,0.10483282230982627,0.10795867888840394
395,188,194,970,12565.0,14305.0,14305.0,0.12163579168123029,0.12163579168123029
396,188,194,970,12169.0,13728.0,13776.0,0.11356351981351986,0.11665214866434381
397,188,192,960,12262.0,14072.0,14072.0,0.12862421830585558,0.12862421830585558
398,188,193,965,12314.0,13768.0,13792.0,0.10560720511330624,0.1071635730858469
399,188,198,990,11748.0,13481.0,13505.0,0.12855129441436097,0.13009996297667525
400,188,194,970,11076.0,12246.0,12294.0,0.09554140127388533,0.09907271839921916
401,188,193,965,11972.0,13502.0,13550.0,0.11331654569693383,0.11645756457564571
402,188,192,960,12193.0,14600.0,14624.0,0.1648630136986301,0.16623358862144422
403,188,192,960,11922.0,13409.0,13409.0,0.11089566708926846,0.11089566708926846
404,188,191,955,11434.0,12788.0,12836.0,0.1058805129809196,0.10922405733873486
405,188,194,970,11848.0,13443.0,13443.0,0.11864911106151899,0.11864911106151899
406,188,191,955,11598.0,13101.0,13197.0,0.11472406686512482,0.12116390088656515
407,188,192,960,11430.0,12576.0,12576.0,0.09112595419847325,0.09112595419847325
408,188,193,965,10986.0,12536.0,12536.0,0.12364390555201021,0.12364390555201021
409,188,192,960,11424.0,12557.0,12581.0,0.09022855777653893,0.09196407280820285
410,188,197,985,11449.0,12810.0,12834.0,0.10624512099921934,0.10791647187159104
411,188,193,965,12171.0,13810.0,13810.0,0.11868211440984788,0.11868211440984788
412,188,195,975,11826.0,13192.0,13192.0,0.10354760460885382,0.10354760460885382
413,188,195,975,11845.0,13917.0,13965.0,0.1488826614931379,0.1518080916577157
414,188,196,980,12071.0,14221.0,14245.0,0.1511848674495464,0.15261495261495261
415,188,189,945,11138.0,12408.0,12456.0,0.10235332043842682,0.10581245985870258
416,188,196,980,12508.0,14142.0,14142.0,0.11554235610239005,0.11554235610239005
417,188,189,945,12199.0,13865.0,13865.0,0.120158672917418,0.120158672917418
418,188,197,985,12160.0,14090.0,14114.0,0.13697657913413763,0.1384440980586652
419,188,190,950,11103.0,12380.0,12404.0,0.10315024232633274,0.104885520799742
420,188,192,960,11939.0,13147.0,13195.0,0.0918840800182551,0.09518757104964004
421,188,195,975,11736.0,13613.0,13613.0,0.13788290604569164,0.13788290604569164
422,188,194,970,12376.0,14675.0,14699.0,0.15666098807495743,0.15803796176610652
423,188,193,965,12367.0,14334.0,14358.0,0.13722617552671967,0.1386683382086642
424,188,194,970,11317.0,12877.0,12877.0,0.12114622971188937,0.12114622971188937
425,188,190,950,10891.0,11974.0,11998.0,0.09044596626023049,0.09226537756292719
426,188,196,980,12999.0,14826.0,14850.0,0.12322946175637395,0.12464646464646467
427,188,192,960,11500.0,12775.0,12823.0,0.09980430528375739,0.10317398424705604
428,188,196,980,11608.0,12975.0,12975.0,0.10535645472061661,0.10535645472061661
429,188,195,975,11331.0,12686.0,12710.0,0.10681065741762574,0.10849724626278523
430,188,191,955,11377.0,12883.0,12907.0,0.11689823798804622,0.1185403269543659
431,188,194,970,11574.0,13053.0,13053.0,0.11330728568145254,0.11330728568145254
432,188,196,980,11789.0,13521.0,13545.0,0.12809703424302932,0.12964193429309712
433,188,193,965,11068.0,12613.0,12637.0,0.12249266629667799,0.12415921500356097
434,188,192,960,11943.0,13351.0,13375.0,0.10546026514867801,0.10706542056074764
435,188,188,940,11343.0,12783.0,12807.0,0.11264961276695606,0.11431248535956895
436,188,190,950,11827.0,13074.0,13074.0,0.09538014379684867,0.09538014379684867
437,188,193,965,11578.0,12733.0,12757.0,0.09070918086860913,0.0924198479266285
438,188,192,960,11552.0,13240.0,13264.0,0.12749244712990937,0.12907117008443914
439,188,199,995,12198.0,13403.0,13451.0,0.0899052450943818,0.09315292543305331
440,188,197,985,12074.0,13962.0,14010.0,0.13522417991691738,0.13818700927908634
441,188,196,980,11436.0,13065.0,13065.0,0.12468427095292767,0.12468427095292767
442,188,195,975,11613.0,13333.0,13357.0,0.129003225080627,0.13056824137156542
443,188,192,960,11714.0,13411.0,13435.0,0.12653791663559766,0.12809825083736515
444,188,188,940,11723.0,12937.0,12937.0,0.09383937543479937,0.09383937543479937
445,188,196,980,11937.0,13527.0,13551.0,0.11754269239299175,0.11910560106265222
446,188,192,960,11847.0,13491.0,13515.0,0.12185901712252611,0.12341842397336289
447,188,191,955,12005.0,13129.0,13153.0,0.08561200396069768,0.08728046833422032
448,188,189,945,11839.0,13446.0,13494.0,0.11951509742674404,0.1226471024158885
449,188,192,960,11726.0,13434.0,13482.0,0.12714009230311152,0.13024773772437326
450,188,194,970,11462.0,13145.0,13169.0,0.12803347280334731,0.12962259852684332
451,188,191,955,12208.0,13917.0,13917.0,0.12279945390529567,0.12279945390529567
452,188,189,945,11278.0,12459.0,12483.0,0.09479091419857133,0.09653128254426024
453,188,192,960,12134.0,13486.0,13534.0,0.10025211330268424,0.10344318013890941
454,188,195,975,11728.0,13135.0,13135.0,0.10711838599162538,0.10711838599162538
455,188,192,960,11881.0,13735.0,13735.0,0.1349836184929013,0.1349836184929013
456,188,194,970,11467.0,13043.0,13067.0,0.12083109714022844,0.1224458559730619
457,188,188,940,11862.0,12939.0,12939.0,0.08323672617667521,0.08323672617667521
458,188,193,965,12431.0,14090.0,14114.0,0.11774308019872248,0.11924330452033438
459,188,192,960,12342.0,13822.0,13846.0,0.1070756764578209,0.10862342914921275
460,188,194,970,12403.0,13866.0,13866.0,0.10550988028270591,0.10550988028270591
461,188,194,970,11640.0,13130.0,13130.0,0.11348057882711349,0.11348057882711349
462,188,190,950,11177.0,12850.0,12898.0,0.13019455252918288,0.13343153977360833
463,188,193,965,11379.0,13371.0,13395.0,0.1489791339466009,0.1505039193729003
464,188,196,980,12314.0,13572.0,13596.0,0.09269083407014445,0.09429243895263317
465,188,193,965,11729.0,13194.0,13266.0,0.11103531908443232,0.11586009347203374
466,188,191,955,11839.0,13380.0,13380.0,0.11517189835575481,0.11517189835575481
467,188,195,975,11373.0,12853.0,12877.0,0.11514821442464795,0.11679739069659079
468,188,197,985,11686.0,13486.0,13486.0,0.13347174847990506,0.13347174847990506
469,188,195,975,12683.0,14291.0,14291.0,0.1125183682037646,0.1125183682037646
470,188,193,965,12911.0,14147.0,14171.0,0.08736834664593196,0.08891397925340483
471,188,196,980,12260.0,13865.0,13865.0,0.11575910566173819,0.11575910566173819
472,188,193,965,11575.0,13173.0,13173.0,0.12130873756927052,0.12130873756927052
473,188,192,960,12082.0,13417.0,13441.0,0.0995006335246329,0.10110854847109585
474,188,191,955,11525.0,13236.0,13284.0,0.1292686612269568,0.13241493526046366
475,188,195,975,12026.0,13667.0,13691.0,0.12007024218921492,0.12161273829523045
476,188,190,950,12083.0,13769.0,13769.0,0.12244897959183676,0.12244897959183676
477,188,195,975,11943.0,12963.0,12987.0,0.07868548947003007,0.08038808038808043
478,188,191,955,11941.0,13302.0,13302.0,0.10231544128702452,0.10231544128702452
479,188,193,965,11621.0,13527.0,13527.0,0.14090337842832856,0.14090337842832856
480,188,190,950,11523.0,13295.0,13295.0,0.1332831891688605,0.1332831891688605
481,188,195,975,11904.0,13633.0,13657.0,0.12682461673879553,0.1283590832540089
482,188,191,955,11338.0,12863.0,12911.0,0.11855710176475165,0.12183409495778796
483,188,190,950,12008.0,13789.0,13813.0,0.1291609253752991,0.13067400275103158
484,188,191,955,11790.0,13322.0,13370.0,0.11499774808587304,0.11817501869857894
485,188,195,975,11280.0,13286.0,13310.0,0.1509860003010688,0.15251690458302025
486,188,190,950,11355.0,13019.0,13043.0,0.12781319609801056,0.12941807866288435
487,188,192,960,11943.0,12804.0,12828.0,0.067244611059044,0.0689897100093545
488,188,191,955,11841.0,13153.0,13153.0,0.09974910666768033,0.09974910666768033
489,188,193,965,11958.0,13616.0,13640.0,0.1217685076380729,0.12331378299120233
490,188,192,960,11735.0,13420.0,13444.0,0.12555886736214605,0.12711990479024105
491,188,192,960,11025.0,12773.0,12773.0,0.13685117043764194,0.13685117043764194
492,188,190,950,12198.0,13675.0,13699.0,0.10800731261425955,0.10957004160887651
493,188,192,960,11795.0,13393.0,13417.0,0.1193160606286866,0.1208914064246851
494,188,191,955,11299.0,12978.0,12978.0,0.1293727847125905,0.1293727847125905
495,188,190,950,11347.0,13012.0,13084.0,0.12795880725484166,0.13275756649342707
496,188,191,955,11366.0,12705.0,12705.0,0.1053915781188508,0.1053915781188508
497,188,194,970,11719.0,13108.0,13108.0,0.10596582239853525,0.10596582239853525
498,188,193,965,11742.0,13270.0,13294.0,0.11514694800301428,0.11674439596810593
499,188,190,950,11730.0,13199.0,13199.0,0.11129631032653986,0.11129631032653986
500,188,194,970,11743.0,13050.0,13074.0,0.10015325670498088,0.10180510937739029
501,188,190,950,11421.0,12911.0,12911.0,0.1154054682054062,0.1154054682054062
502,188,190,950,11399.0,13039.0,13063.0,0.1257765166040341,0.12738268391640506
503,188,196,980,11657.0,13413.0,13413.0,0.1309177663460822,0.1309177663460822
504,188,200,1000,12164.0,13709.0,13709.0,0.11269968633744254,0.11269968633744254
505,188,191,955,12035.0,13483.0,13507.0,0.10739449677371504,0.10898052861479235
506,188,198,990,11528.0,13339.0,13411.0,0.13576729889796835,0.14040712847662362
507,188,193,965,12924.0,14316.0,14316.0,0.09723386420787927,0.09723386420787927
508,188,195,975,12750.0,14546.0,14546.0,0.12347036986113025,0.12347036986113025
509,188,194,970,12312.0,13906.0,13906.0,0.11462677980727742,0.11462677980727742
510,188,193,965,12344.0,14079.0,14151.0,0.12323318417501239,0.12769415589004307
511,188,194,970,12222.0,13546.0,13570.0,0.0977410305625277,0.09933677229182014
512,188,190,950,12319.0,13950.0,13998.0,0.11691756272401432,0.1199457065295042
513,188,188,940,11493.0,13183.0,13207.0,0.12819540317075018,0.12977966230029525
514,188,189,945,11869.0,13766.0,13766.0,0.13780328345198312,0.13780328345198312
515,188,193,965,11643.0,12992.0,12992.0,0.10383312807881773,0.10383312807881773
516,188,193,965,11811.0,13818.0,13842.0,0.14524533217542335,0.14672735153879501
517,188,195,975,11483.0,13667.0,13667.0,0.15980098046389113,0.15980098046389113
518,188,190,950,11842.0,13622.0,13622.0,0.1306709734253414,0.1306709734253414
519,188,196,980,11870.0,13849.0,13969.0,0.14289840421691102,0.15026129286276757
520,188,194,970,12129.0,13506.0,13506.0,0.10195468680586406,0.10195468680586406
521,188,192,960,11639.0,12907.0,12907.0,0.09824126443015413,0.09824126443015413
522,188,194,970,11914.0,13244.0,13268.0,0.10042283298097254,0.10205004522158578
523,188,192,960,11781.0,13662.0,13734.0,0.1376811594202898,0.14220183486238536
524,188,194,970,11489.0,12626.0,12722.0,0.09005227308728025,0.09691872347115238
525,188,193,965,11900.0,13548.0,13596.0,0.12164157071154413,0.12474257134451305
526,188,196,980,12125.0,13928.0,13952.0,0.12945146467547386,0.13094896788990829
527,188,189,945,11284.0,12653.0,12653.0,0.10819568481782982,0.10819568481782982
528,188,191,955,11504.0,13132.0,13204.0,0.1239719768504417,0.12874886398061192
529,188,191,955,11948.0,13895.0,13895.0,0.14012234616768626,0.14012234616768626
530,188,204,1020,13105.0,15077.0,15077.0,0.13079525104463752,0.13079525104463752
531,188,192,960,12051.0,14062.0,14062.0,0.14300952922770582,0.14300952922770582
532,188,191,955,11712.0,13671.0,13719.0,0.14329602808865483,0.1462934616225673
533,188,194,970,11579.0,13318.0,13342.0,0.13057516143565095,0.13213910957877384
534,188,194,970,11912.0,13345.0,13369.0,0.10738104158860995,0.10898346921983693
535,188,198,990,11806.0,13545.0,13545.0,0.1283868586194168,0.1283868586194168
536,188,196,980,11937.0,13747.0,13747.0,0.13166509056521425,0.13166509056521425
537,188,195,975,11813.0,13618.0,13618.0,0.1325451608165663,0.1325451608165663
538,188,194,970,11308.0,12888.0,12888.0,0.1225946617008069,0.1225946617008069
539,188,193,965,11009.0,12476.0,12476.0,0.11758576466816284,0.11758576466816284
540,188,195,975,12002.0,13622.0,13646.0,0.11892526794890623,0.1204748644291368
541,188,190,950,11461.0,12651.0,12651.0,0.09406371037862615,0.09406371037862615
542,188,191,955,11393.0,12719.0,12743.0,0.10425347904709492,0.10594051636192414
543,188,192,960,11687.0,12797.0,12845.0,0.08673907947175119,0.09015181004281825
544,188,196,980,11543.0,13529.0,13529.0,0.1467957720452362,0.1467957720452362
545,188,193,965,11904.0,13749.0,13797.0,0.1341915775692778,0.13720373994346602
546,188,193,965,12571.0,14473.0,14497.0,0.1314171215366544,0.13285507346347525
547,188,190,950,10937.0,12691.0,12739.0,0.13820817902450555,0.14145537326320745
548,188,195,975,11552.0,13377.0,13449.0,0.13642819765268743,0.14105137928470524
549,188,193,965,11812.0,13384.0,13432.0,0.11745367603108192,0.12060750446694457
550,188,193,965,11923.0,13292.0,13364.0,0.1029942822750527,0.10782699790481887
551,188,193,965,11975.0,13320.0,13320.0,0.10097597597597596,0.10097597597597596
552,188,191,955,11976.0,13187.0,13211.0,0.09183286570106919,0.09348270380743318
553,188,196,980,12092.0,13937.0,13937.0,0.13238143072397213,0.13238143072397213
554,188,197,985,11747.0,13421.0,13421.0,0.12472990090157221,0.12472990090157221
555,188,195,975,12161.0,13807.0,13831.0,0.11921489099732019,0.1207432578989227
556,188,194,970,12218.0,13933.0,13933.0,0.1230890691164861,0.1230890691164861
557,188,195,975,11915.0,13513.0,13513.0,0.11825649374676239,0.11825649374676239
558,188,191,955,11709.0,12905.0,12905.0,0.09267725687717943,0.09267725687717943
559,188,193,965,12207.0,13829.0,13829.0,0.11728975341673298,0.11728975341673298
560,188,191,955,12228.0,13672.0,13720.0,0.10561732007021651,0.10874635568513125
561,188,196,980,11853.0,13014.0,13062.0,0.08921161825726143,0.09255856683509411
562,188,191,955,11891.0,13551.0,13575.0,0.12250018448822964,0.12405156537753226
563,188,189,945,11784.0,13282.0,13282.0,0.11278421924408977,0.11278421924408977
564,188,193,965,11773.0,13430.0,13478.0,0.12338049143708119,0.12650244843448588
565,188,195,975,11818.0,13644.0,13644.0,0.13383172090296103,0.13383172090296103
566,188,195,975,11587.0,12810.0,12834.0,0.095472287275566,0.09716378369954803
567,188,189,945,11346.0,12621.0,12669.0,0.10102210601378658,0.10442813165995735
568,188,195,975,12172.0,14287.0,14335.0,0.14803667669909704,0.15088943146145795
569,188,193,965,11852.0,13650.0,13650.0,0.13172161172161168,0.13172161172161168
570,188,197,985,12584.0,14345.0,14369.0,0.12276054374346457,0.12422576379706307
571,188,191,955,11153.0,12630.0,12630.0,0.11694378463974664,0.11694378463974664
572,188,193,965,12146.0,13835.0,13859.0,0.12208167690639682,0.12360199148567719
573,188,193,965,12387.0,13542.0,13566.0,0.08529020824102795,0.08690844758956218
574,188,193,965,12332.0,13635.0,13659.0,0.09556288962229553,0.09715206091221906
575,188,191,955,11996.0,13792.0,13792.0,0.13022041763341063,0.13022041763341063
576,188,192,960,12192.0,13826.0,13874.0,0.11818313322725305,0.12123396280813037
577,188,192,960,11913.0,13625.0,13625.0,0.125651376146789,0.125651376146789
578,188,190,950,12028.0,13610.0,13682.0,0.11623806024981631,0.12088875895336937
579,188,195,975,11811.0,13381.0,13405.0,0.11733054330767512,0.1189108541588959
580,188,194,970,12074.0,13378.0,13378.0,0.09747346389594858,0.09747346389594858
581,188,192,960,11592.0,13094.0,13142.0,0.1147090270352833,0.11794247450920714
582,188,197,985,12267.0,13979.0,14003.0,0.12246941841333425,0.12397343426408625
583,188,194,970,11924.0,13533.0,13629.0,0.11889455405305549,0.1251008878127522
584,188,195,975,11758.0,13258.0,13282.0,0.1131392366872831,0.11474175575967471
585,188,191,955,11655.0,13347.0,13347.0,0.12677006068779506,0.12677006068779506
586,188,189,945,11675.0,13166.0,13190.0,0.11324624031596542,0.11485974222896134
587,188,189,945,11115.0,12399.0,12423.0,0.10355673844664892,0.10528857763825161
588,188,193,965,12096.0,13692.0,13692.0,0.1165644171779141,0.1165644171779141
589,188,196,980,11339.0,13046.0,13070.0,0.13084470335735088,0.13244070390206575
590,188,193,965,11771.0,12968.0,13016.0,0.09230413325107956,0.09565150583896742
591,188,197,985,11682.0,13632.0,13656.0,0.14304577464788737,0.1445518453427065
592,188,194,970,11504.0,13095.0,13143.0,0.12149675448644526,0.12470516624819294
593,188,196,980,11610.0,13003.0,13051.0,0.10712912404829655,0.11041299517278369
594,188,194,970,12399.0,14034.0,14034.0,0.11650277896536987,0.11650277896536987
595,188,192,960,11852.0,13249.0,13273.0,0.1054419201449166,0.10705944398402778
596,188,195,975,11908.0,13444.0,13444.0,0.11425171080035701,0.11425171080035701
597,188,193,965,12538.0,14003.0,14003.0,0.10462043847746916,0.10462043847746916
598,188,193,965,11746.0,13126.0,13174.0,0.10513484686881003,0.10839532412327313
599,188,192,960,11336.0,13012.0,13036.0,0.12880418075622502,0.13040810064436947
600,188,196,980,11662.0,13570.0,13570.0,0.14060427413411936,0.14060427413411936
601,188,197,985,12108.0,13737.0,13761.0,0.11858484385236956,0.12012208415086112
602,188,190,950,12562.0,14464.0,14536.0,0.13149889380530977,0.1358007705008255
603,188,189,945,12136.0,12893.0,12917.0,0.05871403086946403,0.06046295579468919
604,188,191,955,11863.0,13328.0,13328.0,0.10991896758703479,0.10991896758703479
605,188,194,970,11363.0,12833.0,12833.0,0.11454842982934621,0.11454842982934621
606,188,195,975,12251.0,13671.0,13695.0,0.10386950479116375,0.10543994158451986
607,188,195,975,13250.0,14737.0,14737.0,0.10090249033046073,0.10090249033046073
608,188,191,955,12142.0,13510.0,13534.0,0.10125832716506289,0.10285207625240134
609,188,195,975,13124.0,15220.0,15220.0,0.13771353482260185,0.13771353482260185
610,188,191,955,12005.0,13551.0,13575.0,0.1140875212161464,0.1156537753222836
611,188,190,950,11400.0,12901.0,12925.0,0.11634756995581741,0.11798839458413923
612,188,192,960,11063.0,12496.0,12520.0,0.1146766965428937,0.11637380191693292
613,188,190,950,11541.0,13111.0,13135.0,0.11974677751506368,0.12135515797487628
614,188,191,955,11805.0,13423.0,13471.0,0.12053937271846826,0.12367307549550888
615,188,197,985,12182.0,13415.0,13463.0,0.09191203876257925,0.09514966946445813
616,188,192,960,11531.0,12562.0,12610.0,0.08207291832510744,0.08556701030927838
617,188,199,995,12491.0,14465.0,14465.0,0.13646733494642238,0.13646733494642238
618,188,191,955,11973.0,13738.0,13762.0,0.12847576066385213,0.12999564016858012
619,188,191,955,12130.0,13876.0,13876.0,0.12582876909772267,0.12582876909772267
620,188,194,970,12640.0,14389.0,14389.0,0.12155118493293493,0.12155118493293493
621,188,194,970,11611.0,13133.0,13181.0,0.11589126627579383,0.11911084136256733
622,188,200,1000,12257.0,13468.0,13492.0,0.08991683991683996,0.09153572487399941
623,188,191,955,11120.0,12242.0,12290.0,0.09165169090017966,0.09519934906427985
624,188,195,975,11845.0,13624.0,13624.0,0.13057839107457425,0.13057839107457425
625,188,194,970,11472.0,13209.0,13233.0,0.13150124914830796,0.13307639990931763
626,188,197,985,11587.0,13054.0,13054.0,0.11237934732649002,0.11237934732649002
627,188,195,975,11865.0,13868.0,13940.0,0.14443322757427168,0.14885222381635577
628,188,193,965,11598.0,12923.0,12923.0,0.10253037220459649,0.10253037220459649
629,188,200,1000,11912.0,13963.0,13987.0,0.1468882045405715,0.14835204118109668
630,188,196,980,12321.0,13929.0,13977.0,0.11544260176609955,0.11848036059240186
631,188,190,950,11512.0,12288.0,12312.0,0.06315104166666663,0.0649772579597141
632,188,191,955,11367.0,12803.0,12827.0,0.11216121221588693,0.11382240586263348
633,188,197,985,12756.0,15059.0,15083.0,0.15293180158045028,0.15427965258900744
634,188,197,985,12081.0,13726.0,13750.0,0.11984554859390939,0.12138181818181815
635,188,191,955,11314.0,12900.0,12924.0,0.12294573643410855,0.12457443515939337
636,188,198,990,11655.0,13356.0,13356.0,0.12735849056603776,0.12735849056603776
637,188,198,990,12275.0,14141.0,14165.0,0.13195672158970373,0.1334274620543593
638,188,191,955,11733.0,13506.0,13506.0,0.13127498889382494,0.13127498889382494
639,188,196,980,11620.0,13013.0,13037.0,0.10704679935449168,0.10869064968934572
640,188,197,985,11841.0,13344.0,13344.0,0.11263489208633093,0.11263489208633093
641,188,191,955,11441.0,13253.0,13325.0,0.1367237606579642,0.1413883677298311
642,188,200,1000,12597.0,14421.0,14445.0,0.12648221343873522,0.1279335410176532
643,188,189,945,11813.0,12826.0,12850.0,0.07898019647590826,0.08070038910505839
644,188,194,970,11458.0,13116.0,13140.0,0.12641049100335466,0.12800608828006088
645,188,193,965,11531.0,13335.0,13359.0,0.1352830896137983,0.13683658956508715
646,188,196,980,12887.0,14807.0,14831.0,0.12966840008104275,0.13107679859753218
647,188,193,965,12253.0,13839.0,13839.0,0.11460365633355007,0.11460365633355007
648,188,192,960,11840.0,13022.0,13070.0,0.09076946705575184,0.09410864575363431
649,188,191,955,11541.0,13345.0,13369.0,0.13518171599850126,0.13673423591891687
650,188,196,980,11259.0,12768.0,12768.0,0.11818609022556392,0.11818609022556392
651,188,193,965,11905.0,13759.0,13783.0,0.1347481648375609,0.1362548066458681
652,188,194,970,11812.0,13548.0,13572.0,0.1281369943903159,0.1296787503684056
653,188,194,970,11904.0,13550.0,13550.0,0.12147601476014758,0.12147601476014758
654,188,191,955,12041.0,13362.0,13386.0,0.09886244574165548,0.10047811145973407
655,188,194,970,11791.0,13096.0,13144.0,0.09964874770922416,0.10293670115642117
656,188,190,950,11828.0,13356.0,13356.0,0.11440551063192572,0.11440551063192572
657,188,196,980,11786.0,13012.0,13012.0,0.09422071933599752,0.09422071933599752
658,188,193,965,11625.0,13729.0,13753.0,0.15325223978439795,0.1547298771177198
659,188,196,980,12111.0,13487.0,13535.0,0.10202417142433451,0.10520871813816035
660,188,192,960,12039.0,13359.0,13359.0,0.09880979115203237,0.09880979115203237
661,188,190,950,11629.0,13033.0,13033.0,0.10772654032072426,0.10772654032072426
662,188,189,945,12032.0,13580.0,13604.0,0.1139911634756996,0.11555424875036757
663,188,193,965,11204.0,12820.0,12892.0,0.1260530421216849,0.13093391250387842
664,188,195,975,11496.0,13043.0,13043.0,0.11860768228168361,0.11860768228168361
665,188,193,965,11846.0,13275.0,13275.0,0.10764595103578156,0.10764595103578156
666,188,190,950,11555.0,12572.0,12572.0,0.08089405027044227,0.08089405027044227
667,188,191,955,11127.0,12798.0,12870.0,0.13056727613689634,0.13543123543123547
668,188,189,945,11408.0,12979.0,13003.0,0.12104168271823712,0.12266400061524263
669,188,196,980,12261.0,13614.0,13614.0,0.09938298810048485,0.09938298810048485
670,188,193,965,12562.0,13883.0,13907.0,0.09515234459410793,0.0967138850938376
671,188,193,965,11535.0,13694.0,13694.0,0.1576602891777421,0.1576602891777421
672,188,197,985,11708.0,13196.0,13196.0,0.11276144286147316,0.11276144286147316
673,188,195,975,12329.0,13952.0,13952.0,0.1163274082568807,0.1163274082568807
674,188,192,960,11319.0,12623.0,12623.0,0.10330349362275215,0.10330349362275215
675,188,192,960,12242.0,13762.0,13810.0,0.11044906263624477,0.11354091238233166
676,188,192,960,12211.0,13564.0,13564.0,0.09974933647891482,0.09974933647891482
677,188,194,970,12141.0,14257.0,14257.0,0.14841832082485795,0.14841832082485795
678,188,192,960,11303.0,12829.0,12829.0,0.11894925559279756,0.11894925559279756
679,188,194,970,12298.0,14086.0,14086.0,0.12693454493823653,0.12693454493823653
680,188,190,950,12277.0,13990.0,14038.0,0.12244460328806295,0.1254452201168258
681,188,192,960,11480.0,12996.0,12996.0,0.11665127731609726,0.11665127731609726
682,188,194,970,12689.0,14179.0,14203.0,0.10508498483673034,0.10659719777511789
683,188,191,955,11424.0,13213.0,13213.0,0.1353969575418149,0.1353969575418149
684,188,193,965,12162.0,13901.0,13925.0,0.12509891374721238,0.1266068222621185
685,188,192,960,12046.0,14093.0,14117.0,0.14524941460299434,0.14670255720053837
686,188,193,965,12102.0,13468.0,13492.0,0.10142560142560142,0.10302401423065521
687,188,192,960,11696.0,13116.0,13164.0,0.1082647148520891,0.11151625645700391
688,188,200,1000,12385.0,13675.0,13747.0,0.09433272394881165,0.09907616207172476
689,188,193,965,12204.0,13956.0,13956.0,0.12553740326741192,0.12553740326741192
690,188,191,955,12376.0,13676.0,13700.0,0.09505703422053235,0.09664233576642334
691,188,200,1000,11853.0,14121.0,14121.0,0.16061185468451245,0.16061185468451245
692,188,189,945,11098.0,12495.0,12519.0,0.11180472188875545,0.1135074686476556
693,188,194,970,11829.0,13039.0,13039.0,0.09279852749443973,0.09279852749443973
694,188,190,950,12172.0,13493.0,13517.0,0.0979026161713481,0.09950432788340613
695,188,190,950,11672.0,13725.0,13749.0,0.14958105646630238,0.15106553203869377
696,188,193,965,11965.0,13206.0,13254.0,0.09397243677116462,0.09725365927267238
697,188,189,945,11403.0,12807.0,12807.0,0.10962754743499648,0.10962754743499648
698,188,189,945,11503.0,12794.0,12794.0,0.10090667500390804,0.10090667500390804
699,188,198,990,12710.0,14520.0,14544.0,0.12465564738292012,0.12610011001100108
700,188,194,970,11621.0,13336.0,13360.0,0.12859928014397115,0.13016467065868265
701,188,193,965,12127.0,13429.0,13477.0,0.0969543525206642,0.10017066112636341
702,188,195,975,12233.0,14003.0,14051.0,0.1264014853959866,0.12938580883922857
703,188,197,985,12334.0,13796.0,13796.0,0.1059727457233981,0.1059727457233981
704,188,192,960,12138.0,13810.0,13834.0,0.1210716871832006,0.12259650137342781
705,188,194,970,11817.0,13275.0,13323.0,0.10983050847457632,0.11303760414321096
706,188,192,960,11691.0,13211.0,13259.0,0.1150556354553024,0.11825929557281845
707,188,196,980,11420.0,13080.0,13104.0,0.12691131498470953,0.1285103785103785
708,188,194,970,11406.0,12710.0,12734.0,0.10259638080251765,0.10428773362651167
709,188,189,945,12121.0,13632.0,13632.0,0.11084213615023475,0.11084213615023475
710,188,191,955,11840.0,13498.0,13522.0,0.12283301229811827,0.12438988315337973
711,188,189,945,11600.0,12770.0,12770.0,0.09162098668754892,0.09162098668754892
712,188,195,975,11860.0,13591.0,13615.0,0.12736369656390256,0.12890194638266617
713,188,192,960,12598.0,13752.0,13752.0,0.08391506689936012,0.08391506689936012
714,188,191,955,12221.0,14274.0,14298.0,0.14382793890990608,0.14526507203804728
715,188,191,955,11503.0,13175.0,13175.0,0.12690702087286532,0.12690702087286532
716,188,194,970,11661.0,13322.0,13322.0,0.12468097883200724,0.12468097883200724
717,188,191,955,11933.0,13557.0,13581.0,0.11979051412554398,0.12134599808556068
718,188,196,980,11612.0,13129.0,13129.0,0.11554573844161775,0.11554573844161775
719,188,192,960,12009.0,13332.0,13380.0,0.09923492349234919,0.10246636771300444
720,188,191,955,11740.0,13161.0,13161.0,0.10797051895752607,0.10797051895752607
721,188,196,980,12535.0,13840.0,13888.0,0.09429190751445082,0.09742223502304148
722,188,195,975,11591.0,13207.0,13207.0,0.12235935488755967,0.12235935488755967
723,188,192,960,12896.0,14232.0,14280.0,0.09387296233839237,0.09691876750700279
724,188,189,945,11710.0,13375.0,13375.0,0.12448598130841126,0.12448598130841126
725,188,192,960,12255.0,13730.0,13730.0,0.10742898761835395,0.10742898761835395
726,188,194,970,11680.0,13000.0,13024.0,0.10153846153846158,0.10319410319410316
727,188,196,980,12367.0,13562.0,13586.0,0.08811384751511575,0.0897247166200501
728,188,193,965,11407.0,12990.0,13014.0,0.12186297151655123,0.12348240356539109
729,188,195,975,11755.0,13117.0,13189.0,0.10383471830449031,0.10872696944423388
730,188,191,955,11981.0,13151.0,13247.0,0.08896661850809828,0.09556880803200729
731,188,193,965,12163.0,14229.0,14253.0,0.1451964298264109,0.14663579597277765
732,188,190,950,11879.0,13109.0,13181.0,0.09382866732779005,0.0987785448751991
733,188,195,975,12049.0,13283.0,13283.0,0.09290070014303997,0.09290070014303997
734,188,191,955,12974.0,14360.0,14360.0,0.0965181058495822,0.0965181058495822
735,188,193,965,12550.0,13834.0,13834.0,0.09281480410582621,0.09281480410582621
736,188,192,960,11701.0,13326.0,13422.0,0.12194206813747566,0.12822232156161528
737,188,195,975,11631.0,13325.0,13373.0,0.12712945590994373,0.1302624691542661
738,188,193,965,11427.0,12622.0,12622.0,0.09467596260497546,0.09467596260497546
739,188,190,950,11718.0,13176.0,13176.0,0.11065573770491799,0.11065573770491799
740,188,190,950,11691.0,13470.0,13494.0,0.1320712694877506,0.13361493997332152
741,188,196,980,11977.0,13829.0,13877.0,0.13392146937594906,0.13691720112416228
742,188,191,955,12248.0,13371.0,13371.0,0.08398773464961484,0.08398773464961484
743,188,193,965,11775.0,13667.0,13763.0,0.13843564791102658,0.14444525176197054
744,188,192,960,12032.0,13452.0,13476.0,0.10556051144811185,0.10715345799940634
745,188,189,945,11658.0,12982.0,13006.0,0.1019873671237097,0.10364447178225433
746,188,195,975,11931.0,13414.0,13414.0,0.11055613538094533,0.11055613538094533
747,188,194,970,12381.0,14146.0,14194.0,0.12477025307507428,0.1277300267718754
748,188,197,985,12008.0,13636.0,13636.0,0.11938985039601058,0.11938985039601058
749,188,194,970,12287.0,14279.0,14279.0,0.1395055676167799,0.1395055676167799
750,188,196,980,11228.0,12679.0,12679.0,0.11444120198753849,0.11444120198753849
751,188,192,960,11324.0,12899.0,12899.0,0.12210248856500505,0.12210248856500505
752,188,195,975,11870.0,13326.0,13350.0,0.10926009305117812,0.11086142322097381
753,188,192,960,12402.0,14513.0,14561.0,0.145455798249845,0.14827278346267425
754,188,191,955,11265.0,13164.0,13164.0,0.14425706472196898,0.14425706472196898
755,188,191,955,12592.0,14431.0,14431.0,0.12743399625805563,0.12743399625805563
756,188,190,950,12508.0,13741.0,13741.0,0.08973146059238779,0.08973146059238779
757,188,194,970,12420.0,13965.0,14037.0,0.11063372717508058,0.11519555460568498
758,188,194,970,11721.0,13448.0,13496.0,0.12842058298631764,0.13152045050385297
759,188,191,955,12059.0,13469.0,13469.0,0.10468483183606803,0.10468483183606803
760,188,193,965,11754.0,13225.0,13225.0,0.11122873345935724,0.11122873345935724
761,188,192,960,11995.0,13533.0,13533.0,0.11364811941180819,0.11364811941180819
762,188,195,975,11234.0,12732.0,12732.0,0.11765629908890984,0.11765629908890984
763,188,191,955,11591.0,13513.0,13537.0,0.14223340486938507,0.14375415527812663
764,188,190,950,11085.0,12741.0,12741.0,0.12997409936425708,0.12997409936425708
765,188,190,950,11691.0,12892.0,12916.0,0.09315854793670497,0.09484360483121712
766,188,191,955,11203.0,12922.0,12922.0,0.13302894288809786,0.13302894288809786
767,188,192,960,11782.0,13543.0,13591.0,0.13003027394225797,0.1331027886101096
768,188,193,965,11789.0,13506.0,13506.0,0.12712868354805273,0.12712868354805273
769,188,188,940,12032.0,13509.0,13557.0,0.10933451772892144,0.1124880135723243
770,188,191,955,12286.0,13908.0,13932.0,0.11662352602818526,0.11814527706000577
771,188,195,975,11662.0,12923.0,12947.0,0.09757796177358202,0.09925079168919437
772,188,194,970,11634.0,13246.0,13270.0,0.12169711611052392,0.12328560663149968
773,188,189,945,11538.0,13349.0,13445.0,0.13566559292830926,0.14183711416883604
774,188,195,975,11596.0,13871.0,13871.0,0.16401124648547327,0.16401124648547327
775,188,190,950,11553.0,13227.0,13227.0,0.12655931050124747,0.12655931050124747
776,188,192,960,11559.0,12597.0,12621.0,0.0824005715646583,0.08414547183265986
777,188,191,955,11768.0,13309.0,13309.0,0.11578631001577877,0.11578631001577877
778,188,193,965,12170.0,13679.0,13727.0,0.11031508151180647,0.11342609455816999
779,188,191,955,11181.0,12700.0,12724.0,0.11960629921259847,0.12126689720213768
780,188,190,950,10705.0,12014.0,12038.0,0.10895621774596309,0.11073267984715074
781,188,194,970,12623.0,14796.0,14820.0,0.14686401730197352,0.14824561403508774
782,188,194,970,11827.0,13704.0,13704.0,0.13696730881494457,0.13696730881494457
783,188,194,970,11303.0,12707.0,12755.0,0.11049028094750923,0.11383771070168558
784,188,194,970,11952.0,13217.0,13265.0,0.0957100703639252,0.09898228420655864
785,188,191,955,11143.0,13041.0,13041.0,0.14554098612069621,0.14554098612069621
786,188,193,965,11896.0,13198.0,13270.0,0.09865131080466738,0.10354182366239639
787,188,193,965,11671.0,13036.0,13060.0,0.10471003375268484,0.10635528330781008
788,188,191,955,12610.0,14544.0,14568.0,0.13297579757975797,0.13440417353102696
789,188,191,955,11862.0,13634.0,13658.0,0.1299691946604078,0.13149802313662318
790,188,195,975,12240.0,13980.0,14004.0,0.12446351931330468,0.12596401028277637
791,188,192,960,11928.0,13339.0,13339.0,0.10578004348152037,0.10578004348152037
792,188,195,975,13029.0,14280.0,14280.0,0.08760504201680674,0.08760504201680674
793,188,192,960,11455.0,12591.0,12687.0,0.09022317528393298,0.09710727516355322
794,188,193,965,11598.0,13228.0,13228.0,0.1232234653764741,0.1232234653764741
795,188,191,955,12005.0,13252.0,13372.0,0.094099003923936,0.10222853724199821
796,188,191,955,11324.0,12984.0,13080.0,0.1278496611213802,0.13425076452599394
797,188,192,960,11893.0,13215.0,13263.0,0.1000378357926599,0.10329488049460911
798,188,194,970,11694.0,13228.0,13228.0,0.11596613244632592,0.11596613244632592
799,188,193,965,11132.0,12734.0,12734.0,0.12580493167896967,0.12580493167896967
800,188,193,965,12120.0,13702.0,13726.0,0.11545759743103201,0.11700422555733647
801,188,193,965,12080.0,13066.0,13090.0,0.07546303382825659,0.07715813598166543
802,188,191,955,11605.0,13649.0,13697.0,0.1497545607736831,0.15273417536686862
803,188,188,940,11635.0,12943.0,12943.0,0.10105848721316546,0.10105848721316546
804,188,193,965,11584.0,13213.0,13213.0,0.12328767123287676,0.12328767123287676
805,188,194,970,11910.0,13375.0,13375.0,0.10953271028037381,0.10953271028037381
806,188,193,965,11595.0,13394.0,13418.0,0.13431387188293265,0.13586227455656585
807,188,193,965,12220.0,13692.0,13716.0,0.10750803388840202,0.10906969962088076
808,188,197,985,11996.0,13434.0,13434.0,0.1070418341521513,0.1070418341521513
809,188,193,965,12022.0,13738.0,13762.0,0.12490901150094624,0.12643511117570116
810,188,194,970,11579.0,13225.0,13225.0,0.12446124763705102,0.12446124763705102
811,188,196,980,11694.0,13135.0,13159.0,0.10970688998858014,0.11133064822554906
812,188,190,950,11291.0,13025.0,13073.0,0.13312859884836847,0.136311481679798
813,188,194,970,12060.0,14322.0,14322.0,0.1579388353581902,0.1579388353581902
814,188,198,990,11938.0,13749.0,13749.0,0.13171867044875996,0.13171867044875996
815,188,189,945,11868.0,13446.0,13494.0,0.11735832217759934,0.1204979991107159
816,188,189,945,10824.0,11911.0,11911.0,0.09126017966585509,0.09126017966585509
817,188,191,955,11585.0,13196.0,13220.0,0.12208244922703848,0.12367624810892586
818,188,193,965,12116.0,13502.0,13526.0,0.10265145904310469,0.10424367884075114
819,188,193,965,12007.0,13719.0,13743.0,0.12479043662074496,0.12631885323437386
820,188,194,970,12573.0,14092.0,14116.0,0.10779165483962527,0.10930858600170024
821,188,194,970,11621.0,13466.0,13466.0,0.13701173325412153,0.13701173325412153
822,188,198,990,12735.0,14311.0,14359.0,0.11012507861085874,0.11309979803607495
823,188,196,980,11776.0,13012.0,13036.0,0.09498924070089143,0.09665541577170911
824,188,189,945,11696.0,12749.0,12797.0,0.08259471331084789,0.08603578963819647
825,188,192,960,11782.0,13231.0,13279.0,0.10951553170584238,0.11273439265004892
826,188,196,980,12242.0,13754.0,13778.0,0.10993165624545587,0.11148207286979239
827,188,191,955,11698.0,13975.0,13999.0,0.1629338103756709,0.164368883491678
828,188,190,950,11101.0,12218.0,12218.0,0.09142249140612213,0.09142249140612213
829,188,193,965,11763.0,12853.0,12877.0,0.08480510386680151,0.08651083326861841
830,188,194,970,11771.0,13591.0,13591.0,0.13391214774483118,0.13391214774483118
831,188,188,940,11413.0,12980.0,13028.0,0.12072419106317411,0.12396377034080441
832,188,193,965,11567.0,13040.0,13064.0,0.11296012269938649,0.11458971218616043
833,188,191,955,12264.0,13364.0,13436.0,0.08231068542352593,0.08722834176838345
834,188,192,960,11731.0,13597.0,13597.0,0.13723615503419873,0.13723615503419873
835,188,190,950,12134.0,13719.0,13719.0,0.11553320212843499,0.11553320212843499
836,188,193,965,11811.0,13444.0,13492.0,0.1214668253495983,0.1245923510228284
837,188,193,965,11723.0,13256.0,13304.0,0.11564574532287264,0.11883644016837036
838,188,196,980,12420.0,14083.0,14083.0,0.11808563516296244,0.11808563516296244
839,188,193,965,11960.0,13308.0,13356.0,0.10129245566576495,0.10452231206948193
840,188,194,970,11711.0,13246.0,13246.0,0.11588404046504608,0.11588404046504608
841,188,193,965,11929.0,13364.0,13388.0,0.10737803052978145,0.10897818942336424
842,188,194,970,11368.0,13459.0,13459.0,0.15536072516531685,0.15536072516531685
843,188,195,975,11074.0,12710.0,12806.0,0.12871754523996848,0.1352491019834453
844,188,190,950,11625.0,13015.0,13087.0,0.10679984633115636,0.11171391457171242
845,188,192,960,11779.0,13019.0,13019.0,0.09524541055380598,0.09524541055380598
846,188,192,960,11792.0,13244.0,13244.0,0.10963455149501666,0.10963455149501666
847,188,191,955,11820.0,13211.0,13235.0,0.10529104534100375,0.10691348696637704
848,188,197,985,11660.0,13311.0,13335.0,0.12403275486439791,0.12560929883764527
849,188,193,965,12250.0,13485.0,13485.0,0.09158324063774559,0.09158324063774559
850,188,192,960,12235.0,13922.0,13946.0,0.12117511851745444,0.12268750896314351
851,188,195,975,12195.0,13693.0,13717.0,0.10939896297378227,0.11095720638623607
852,188,192,960,11087.0,12974.0,12974.0,0.1454447356250963,0.1454447356250963
853,188,193,965,12114.0,13328.0,13352.0,0.09108643457382948,0.09272019173157575
854,188,197,985,12006.0,13696.0,13768.0,0.12339369158878499,0.1279779198140616
855,188,193,965,11367.0,13212.0,13236.0,0.13964577656675747,0.1412058023572076
856,188,196,980,11440.0,13209.0,13257.0,0.1339238398061927,0.1370596665912348
857,188,192,960,11729.0,13491.0,13563.0,0.13060558891112595,0.13522082135220825
858,188,195,975,12386.0,14111.0,14159.0,0.12224505704769328,0.1252207076770958
859,188,192,960,11683.0,13170.0,13194.0,0.11290812452543664,0.11452175231165684
860,188,190,950,12122.0,13826.0,13850.0,0.12324605815130918,0.12476534296028885
861,188,191,955,11499.0,12658.0,12682.0,0.09156264812766635,0.09328181674814695
862,188,192,960,11614.0,13084.0,13132.0,0.11235096300825431,0.11559549192811458
863,188,196,980,12194.0,13320.0,13344.0,0.08453453453453452,0.08618105515587526
864,188,190,950,12258.0,13668.0,13692.0,0.10316066725197537,0.1047326906222612
865,188,189,945,11533.0,12696.0,12720.0,0.09160365469439191,0.09331761006289307
866,188,194,970,11671.0,13488.0,13488.0,0.1347123368920522,0.1347123368920522
867,188,190,950,11540.0,13060.0,13108.0,0.11638591117917307,0.11962160512664022
868,188,189,945,11310.0,13014.0,13014.0,0.1309359151682803,0.1309359151682803
869,188,192,960,11970.0,13582.0,13582.0,0.11868649683404509,0.11868649683404509
870,188,192,960,12248.0,13527.0,13575.0,0.09455163746580908,0.09775322283609578
871,188,189,945,11483.0,12819.0,12819.0,0.10422029799516341,0.10422029799516341
872,188,189,945,11304.0,12437.0,12509.0,0.09109913966390604,0.09633064193780483
873,188,193,965,12021.0,14072.0,14144.0,0.14575042637862423,0.15009898190045246
874,188,195,975,13195.0,14840.0,14840.0,0.11084905660377353,0.11084905660377353
875,188,192,960,11781.0,13011.0,13011.0,0.09453539312889092,0.09453539312889092
876,188,195,975,10996.0,12497.0,12521.0,0.12010882611826834,0.12179538375529109
877,188,198,990,12369.0,14140.0,14140.0,0.12524752475247525,0.12524752475247525
878,188,192,960,11851.0,13471.0,13543.0,0.12025833271472053,0.12493539097688844
879,188,193,965,12091.0,13712.0,13760.0,0.11821761960326727,0.12129360465116279
880,188,192,960,11687.0,13317.0,13317.0,0.12239993992640985,0.12239993992640985
881,188,191,955,12495.0,14099.0,14099.0,0.11376693382509395,0.11376693382509395
882,188,191,955,11808.0,13161.0,13185.0,0.10280373831775702,0.10443686006825936
883,188,188,940,12152.0,13801.0,13801.0,0.11948409535540905,0.11948409535540905
884,188,193,965,11923.0,13164.0,13164.0,0.09427225767243996,0.09427225767243996
885,188,190,950,11324.0,12947.0,12995.0,0.12535722561211093,0.12858791843016548
886,188,191,955,11463.0,13269.0,13269.0,0.13610671489938952,0.13610671489938952
887,188,191,955,11396.0,13119.0,13167.0,0.13133622989557125,0.13450292397660824
888,188,196,980,12227.0,13412.0,13412.0,0.08835371309275275,0.08835371309275275
889,188,192,960,11849.0,13029.0,13053.0,0.09056719625450915,0.09223933195433998
890,188,195,975,12268.0,14180.0,14204.0,0.13483779971791254,0.13629963390594202
891,188,191,955,11722.0,13414.0,13438.0,0.12613687192485468,0.12769757404375648
892,188,194,970,11658.0,13110.0,13182.0,0.11075514874141879,0.11561219845243509
893,188,193,965,11921.0,13864.0,13912.0,0.14014714368147718,0.1431138585393904
894,188,193,965,12833.0,14537.0,14537.0,0.11721813303982942,0.11721813303982942
895,188,197,985,12137.0,14085.0,14109.0,0.1383031593894214,0.13976894181019206
896,188,193,965,11784.0,13356.0,13356.0,0.1176999101527404,0.1176999101527404
897,188,200,1000,11718.0,13253.0,13277.0,0.1158228325662114,0.11742110416509755
898,188,193,965,11238.0,12579.0,12579.0,0.10660624850942046,0.10660624850942046
899,188,190,950,11472.0,13050.0,13098.0,0.12091954022988505,0.12414109024278519
900,188,193,965,11920.0,13846.0,13846.0,0.13910154557272858,0.13910154557272858
901,188,197,985,13360.0,15208.0,15208.0,0.12151499210941608,0.12151499210941608
902,188,193,965,11806.0,13404.0,13428.0,0.11921814383766038,0.12079237414358057
903,188,194,970,12137.0,13448.0,13448.0,0.09748661511005352,0.09748661511005352
904,188,195,975,12130.0,13640.0,13712.0,0.11070381231671556,0.11537339556592763
905,188,190,950,11534.0,13246.0,13246.0,0.12924656500075493,0.12924656500075493
906,188,195,975,11701.0,12933.0,12933.0,0.0952601871182247,0.0952601871182247
907,188,194,970,11768.0,13590.0,13614.0,0.1340691685062546,0.13559571029822237
908,188,196,980,11811.0,13401.0,13425.0,0.11864786209984335,0.12022346368715087
909,188,197,985,12893.0,15017.0,15089.0,0.14143970167143904,0.1455364835310491
910,188,196,980,12274.0,13844.0,13868.0,0.11340652990465183,0.11494087107008943
911,188,192,960,12188.0,13681.0,13681.0,0.10912944960163729,0.10912944960163729
912,188,191,955,11431.0,13070.0,13070.0,0.12540168324407042,0.12540168324407042
913,188,196,980,11809.0,13195.0,13219.0,0.1050397877984085,0.10666464936833342
914,188,198,990,12049.0,13396.0,13396.0,0.10055240370259777,0.10055240370259777
915,188,190,950,11314.0,12764.0,12764.0,0.11360075211532439,0.11360075211532439
916,188,193,965,12267.0,13612.0,13636.0,0.0988098736409051,0.10039601056028158
917,188,195,975,11305.0,12364.0,12364.0,0.08565189259139439,0.08565189259139439
918,188,194,970,11439.0,12770.0,12770.0,0.1042286609240407,0.1042286609240407
919,188,194,970,11766.0,13476.0,13500.0,0.12689225289403383,0.12844444444444447
920,188,197,985,11801.0,13259.0,13283.0,0.10996304397013346,0.11157118120906417
921,188,189,945,12210.0,13366.0,13390.0,0.08648810414484509,0.08812546676624344
922,188,189,945,11736.0,13351.0,13375.0,0.12096472174368966,0.12254205607476631
923,188,198,990,11709.0,12849.0,12849.0,0.08872285780994627,0.08872285780994627
924,188,202,1010,13057.0,15210.0,15210.0,0.14155161078238,0.14155161078238
925,188,194,970,12014.0,13553.0,13553.0,0.11355419464325245,0.11355419464325245
926,188,196,980,11508.0,12964.0,12964.0,0.11231101511879049,0.11231101511879049
927,188,195,975,11802.0,13284.0,13284.0,0.11156278229448957,0.11156278229448957
928,188,197,985,12639.0,14055.0,14055.0,0.10074706510138742,0.10074706510138742
929,188,194,970,11693.0,13279.0,13327.0,0.11943670457112732,0.12260823891348394
930,188,189,945,12065.0,13450.0,13474.0,0.10297397769516725,0.10457176784919109
931,188,193,965,11865.0,13449.0,13449.0,0.11777827347758196,0.11777827347758196
932,188,192,960,11486.0,13096.0,13120.0,0.12293830177153331,0.12454268292682924
933,188,195,975,12016.0,13888.0,13888.0,0.13479262672811065,0.13479262672811065
934,188,190,950,11505.0,13434.0,13434.0,0.14359088878963822,0.14359088878963822
935,188,194,970,11636.0,13366.0,13390.0,0.1294328894209188,0.1309932785660941
936,188,195,975,11185.0,12776.0,12800.0,0.12453036944270512,0.12617187500000004
937,188,194,970,12280.0,13890.0,13914.0,0.1159107271418287,0.1174356762972546
938,188,191,955,11660.0,12960.0,12960.0,0.10030864197530864,0.10030864197530864
939,188,195,975,11950.0,13634.0,13682.0,0.12351474255537631,0.12658967987136382
940,188,195,975,10968.0,12849.0,12873.0,0.1463927153864114,0.14798415287811695
941,188,190,950,12567.0,14140.0,14188.0,0.11124469589816122,0.11425148012404851
942,188,190,950,11664.0,13329.0,13353.0,0.12491559756921,0.12648842956638962
943,188,190,950,11333.0,13289.0,13337.0,0.14718940477086317,0.15025867886331257
944,188,195,975,11817.0,13923.0,13971.0,0.1512605042016807,0.15417650848185527
945,188,192,960,12765.0,14609.0,14657.0,0.12622356081867347,0.12908507880193765
946,188,194,970,11823.0,13029.0,13077.0,0.09256274464655767,0.09589355356733198
947,188,191,955,12235.0,14195.0,14219.0,0.13807678760126807,0.13953161263098668
948,188,192,960,12013.0,13239.0,13239.0,0.09260518166024623,0.09260518166024623
949,188,192,960,11408.0,13061.0,13061.0,0.1265599877497895,0.1265599877497895
950,188,193,965,11942.0,13378.0,13426.0,0.10734040962774705,0.11053180396246087
951,188,193,965,13125.0,14621.0,14621.0,0.10231858286026951,0.10231858286026951
952,188,192,960,11610.0,12932.0,12956.0,0.102227033714816,0.10389008953380674
953,188,192,960,10697.0,11912.0,11936.0,0.10199798522498316,0.10380361930294901
954,188,189,945,11119.0,12678.0,12774.0,0.12296892254298786,0.12956004383904807
955,188,192,960,11368.0,13130.0,13130.0,0.13419649657273425,0.13419649657273425
956,188,194,970,11449.0,13053.0,13077.0,0.12288362828468546,0.12449338533302745
957,188,191,955,11417.0,12767.0,12791.0,0.10574136445523619,0.10741927918067395
958,188,189,945,10984.0,12474.0,12474.0,0.11944845278178606,0.11944845278178606
959,188,196,980,11676.0,13326.0,13326.0,0.12381809995497528,0.12381809995497528
960,188,195,975,12189.0,14503.0,14527.0,0.15955319589050543,0.1609416947752461
961,188,198,990,12281.0,13914.0,13938.0,0.1173638062383211,0.11888362749318415
962,188,201,1005,12452.0,13812.0,13836.0,0.09846510280915144,0.10002891008962123
963,188,190,950,11405.0,13034.0,13082.0,0.12498081939542738,0.1281914080415839
964,188,197,985,12682.0,14453.0,14477.0,0.12253511381720061,0.1239897768874767
965,188,190,950,11310.0,12594.0,12618.0,0.10195331110052408,0.103661436043747
966,188,194,970,11634.0,13661.0,13685.0,0.1483785960032209,0.14987212276214834
967,188,193,965,12805.0,14714.0,14714.0,0.12974038330841375,0.12974038330841375
968,188,194,970,12717.0,14324.0,14348.0,0.11218933258866237,0.11367437970448846
969,188,193,965,11898.0,13491.0,13563.0,0.11807871914609736,0.12276045122760448
970,188,193,965,12227.0,13646.0,13670.0,0.10398651619522203,0.1055596196049744
971,188,191,955,11927.0,13524.0,13572.0,0.11808636498077496,0.12120542292956082
972,188,193,965,11745.0,13526.0,13574.0,0.13167233476267926,0.13474289082068658
973,188,189,945,11897.0,13008.0,13008.0,0.08540897908979095,0.08540897908979095
974,188,192,960,11574.0,13397.0,13445.0,0.13607524072553556,0.13915953886203047
975,188,190,950,11723.0,13778.0,13778.0,0.14915082014806214,0.14915082014806214
976,188,195,975,12177.0,14032.0,14056.0,0.1321978335233751,0.1336795674445077
977,188,193,965,12105.0,13955.0,13955.0,0.13256897169473303,0.13256897169473303
978,188,193,965,11591.0,12704.0,12728.0,0.08761020151133503,0.08933060967944684
979,188,191,955,12241.0,13895.0,13895.0,0.11903562432529691,0.11903562432529691
980,188,194,970,11665.0,13388.0,13388.0,0.12869734090230056,0.12869734090230056
981,188,197,985,12290.0,13612.0,13684.0,0.09712018806935052,0.10187079801227716
982,188,194,970,11577.0,13810.0,13834.0,0.16169442433019554,0.163148763914992
983,188,191,955,11324.0,12831.0,12831.0,0.11744992596056425,0.11744992596056425
984,188,195,975,12245.0,13775.0,13775.0,0.1110707803992741,0.1110707803992741
985,188,191,955,11823.0,13062.0,13086.0,0.094855305466238,0.09651535992663918
986,188,190,950,12172.0,13384.0,13432.0,0.09055588762701738,0.09380583680762355
987,188,200,1000,12776.0,14672.0,14672.0,0.1292257360959651,0.1292257360959651
988,188,193,965,11010.0,12293.0,12317.0,0.1043683397055235,0.10611350166436628
989,188,191,955,12431.0,14486.0,14534.0,0.14186110727599066,0.14469519746800608
990,188,193,965,11110.0,12723.0,12723.0,0.12677827556393928,0.12677827556393928
991,188,192,960,12190.0,13465.0,13489.0,0.09468993687337546,0.0963006894506635
992,188,196,980,11608.0,13225.0,13225.0,0.12226843100189033,0.12226843100189033
993,188,191,955,12276.0,13639.0,13639.0,0.09993401275753355,0.09993401275753355
994,188,188,940,11671.0,13417.0,13417.0,0.13013341283446378,0.13013341283446378
995,188,193,965,11320.0,12813.0,12813.0,0.11652228205728554,0.11652228205728554
996,188,192,960,11423.0,12798.0,12798.0,0.10743866229098298,0.10743866229098298
997,188,196,980,11977.0,13936.0,13936.0,0.14057118254879453,0.14057118254879453
998,188,197,985,12288.0,14036.0,14060.0,0.12453690510116844,0.12603129445234706
999,188,191,955,11816.0,13477.0,13501.0,0.12324701343028865,0.12480556995778092
1000,188,189,945,12231.0,13695.0,13695.0,0.10690032858707554,0.10690032858707554
1001,188,192,960,11931.0,13332.0,13404.0,0.10508550855085508,0.10989256938227399
1002,188,196,980,12323.0,14598.0,14622.0,0.15584326620084943,0.1572288332649432
1003,188,193,965,12369.0,14012.0,14012.0,0.11725663716814161,0.11725663716814161
1004,188,191,955,11524.0,12997.0,13045.0,0.11333384627221665,0.11659639708700653
1005,188,193,965,11608.0,12665.0,12713.0,0.08345834978286615,0.08691890191142926
1006,188,191,955,12371.0,13805.0,13805.0,0.10387540746106483,0.10387540746106483
1007,188,196,980,12720.0,14351.0,14375.0,0.11365061668176435,0.11513043478260865
1008,188,193,965,11912.0,13561.0,13609.0,0.12159870216060764,0.12469689176280407
1009,188,191,955,11698.0,12998.0,13022.0,0.1000153869826127,0.10167409000153582
1010,188,194,970,12570.0,13901.0,13901.0,0.09574850730163298,0.09574850730163298
1011,188,192,960,12382.0,14439.0,14487.0,0.14246138929288732,0.14530268516601086
1012,188,194,970,12209.0,13730.0,13754.0,0.11077931536780772,0.11233095826668604
1013,188,193,965,11578.0,13135.0,13207.0,0.11853825656642558,0.12334368138108576
1014,188,190,950,12075.0,13901.0,13901.0,0.13135745629810802,0.13135745629810802
1015,188,192,960,11688.0,13066.0,13090.0,0.10546456451859787,0.10710466004583652
1016,188,199,995,12384.0,13788.0,13788.0,0.10182767624020883,0.10182767624020883
1017,188,191,955,12533.0,14189.0,14261.0,0.11671012756360566,0.12116962344856597
1018,188,190,950,11378.0,12703.0,12703.0,0.10430606943241749,0.10430606943241749
1019,188,198,990,12378.0,13626.0,13650.0,0.09158960810215766,0.09318681318681321
1020,188,191,955,11702.0,13109.0,13109.0,0.10733084140666715,0.10733084140666715
1021,188,192,960,11551.0,12824.0,12824.0,0.09926699937616967,0.09926699937616967
1022,188,193,965,11233.0,12859.0,12859.0,0.12644840189750373,0.12644840189750373
1023,188,194,970,11900.0,13344.0,13368.0,0.10821342925659472,0.10981448234590063
1024,188,191,955,11546.0,13327.0,13375.0,0.13363847827718167,0.1367476635514019
1025,188,198,990,12427.0,13833.0,13857.0,0.10164100339767224,0.10319694017464098
1026,188,190,950,11170.0,12448.0,12472.0,0.10266709511568128,0.10439384220654269
1027,188,194,970,11096.0,12524.0,12548.0,0.11402107952730756,0.11571565189671662
1028,188,189,945,11535.0,13118.0,13118.0,0.1206738832139046,0.1206738832139046
1029,188,190,950,12539.0,13728.0,13776.0,0.08661130536130535,0.0897938443670151
1030,188,191,955,12386.0,13715.0,13739.0,0.09690120306234051,0.0984787830264211
1031,188,196,980,12148.0,14450.0,14450.0,0.15930795847750867,0.15930795847750867
1032,188,194,970,12821.0,14545.0,14545.0,0.11852870402200066,0.11852870402200066
1033,188,193,965,12316.0,14216.0,14240.0,0.13365222284749578,0.13511235955056178
1034,188,191,955,11617.0,13433.0,13457.0,0.1351894587955036,0.1367318124396225
1035,188,196,980,12247.0,13845.0,13869.0,0.11542072950523652,0.11695147451150045
1036,188,192,960,11689.0,13370.0,13394.0,0.12572924457741208,0.1272958040913842
1037,188,195,975,11490.0,12651.0,12699.0,0.09177140147023954,0.0952043467989605
1038,188,196,980,12537.0,14056.0,14056.0,0.10806772908366535,0.10806772908366535
1039,188,192,960,12182.0,13403.0,13427.0,0.09109900768484669,0.09272361659343109
1040,188,196,980,12645.0,13879.0,13927.0,0.08891130484905252,0.0920514109284124
1041,188,196,980,11559.0,13079.0,13079.0,0.1162168361495527,0.1162168361495527
1042,188,199,995,12709.0,14729.0,14753.0,0.1371444089890692,0.13854809191350914
1043,188,193,965,12447.0,14090.0,14138.0,0.1166075230660043,0.11960673362568963
1044,188,196,980,12198.0,14230.0,14230.0,0.14279690794096978,0.14279690794096978
1045,188,195,975,11904.0,13280.0,13280.0,0.10361445783132528,0.10361445783132528
1046,188,189,945,11499.0,13736.0,13808.0,0.16285672684915553,0.16722190034762452
1047,188,190,950,11966.0,13572.0,13644.0,0.1183318597111701,0.12298446203459401
1048,188,192,960,11576.0,12861.0,12933.0,0.09991447010341337,0.10492538467486279
1049,188,197,985,12321.0,13721.0,13769.0,0.10203337949129077,0.10516377369453123
1050,188,191,955,11409.0,13055.0,13055.0,0.12608196093450785,0.12608196093450785
1051,188,194,970,11924.0,13583.0,13583.0,0.12213796657586684,0.12213796657586684
1052,188,190,950,12257.0,13337.0,13337.0,0.08097773112394091,0.08097773112394091
1053,188,195,975,12164.0,13703.0,13751.0,0.1123111727358973,0.11540978837902693
1054,188,199,995,11958.0,13407.0,13479.0,0.10807786976952338,0.11284219897618519
1055,188,194,970,11336.0,12708.0,12732.0,0.107963487566887,0.10964498900408415
1056,188,192,960,11736.0,13100.0,13124.0,0.1041221374045802,0.10576043889058218
1057,188,193,965,11649.0,13274.0,13274.0,0.12241976796745513,0.12241976796745513
1058,188,201,1005,12239.0,13836.0,13836.0,0.1154235328129517,0.1154235328129517
1059,188,192,960,12219.0,13897.0,13921.0,0.12074548463697199,0.1222613318008764
1060,188,190,950,12332.0,13930.0,13954.0,0.11471643933955489,0.11623907123405475
1061,188,192,960,12227.0,13738.0,13738.0,0.10998689765613623,0.10998689765613623
1062,188,191,955,12548.0,13931.0,13931.0,0.09927499820544106,0.09927499820544106
1063,188,192,960,11829.0,13428.0,13428.0,0.11907953529937443,0.11907953529937443
1064,188,190,950,11774.0,13253.0,13277.0,0.11159737417943105,0.11320328387436918
1065,188,192,960,12219.0,14082.0,14130.0,0.13229654878568387,0.135244161358811
1066,188,195,975,12217.0,13945.0,13945.0,0.12391538185729656,0.12391538185729656
1067,188,197,985,12494.0,14196.0,14220.0,0.11989292758523529,0.12137834036568218
1068,188,189,945,12759.0,14252.0,14300.0,0.10475722705585178,0.10776223776223781
1069,188,192,960,12083.0,13979.0,13979.0,0.13563201945775805,0.13563201945775805
1070,188,196,980,11668.0,13747.0,13795.0,0.15123299629009967,0.15418629938383477
1071,188,195,975,12025.0,13671.0,13695.0,0.12040084851144761,0.121942314713399
1072,188,194,970,11635.0,13304.0,13352.0,0.1254509921828022,0.12859496704613538
1073,188,198,990,11671.0,13615.0,13615.0,0.14278369445464556,0.14278369445464556
1074,188,193,965,11644.0,13047.0,13095.0,0.10753429907258372,0.11080565101183659
1075,188,195,975,11472.0,13090.0,13114.0,0.12360580595874715,0.12520969955772454
1076,188,192,960,11725.0,12905.0,12905.0,0.09143742735373883,0.09143742735373883
1077,188,198,990,12125.0,13881.0,13929.0,0.12650385418917942,0.12951396367291268
1078,188,195,975,12730.0,14159.0,14207.0,0.1009252065823858,0.10396283522207361
1079,188,190,950,12075.0,13085.0,13109.0,0.07718761941153995,0.07887710733084141
1080,188,192,960,11209.0,13446.0,13470.0,0.16636918042540527,0.1678544914625093
1081,188,195,975,11820.0,12882.0,12906.0,0.08244061481136467,0.08414690841469086
1082,188,192,960,12064.0,13267.0,13315.0,0.09067611366548578,0.09395418700713476
1083,188,192,960,11401.0,12556.0,12556.0,0.09198789423383247,0.09198789423383247
1084,188,196,980,12393.0,14079.0,14079.0,0.11975282335393134,0.11975282335393134
1085,188,197,985,11803.0,13207.0,13231.0,0.10630726130082535,0.10792835008691704
1086,188,194,970,11693.0,13207.0,13231.0,0.11463617778450819,0.11624215856700171
1087,188,192,960,11594.0,12910.0,12934.0,0.10193648334624317,0.1036029070666461
1088,188,189,945,11457.0,13139.0,13187.0,0.12801583073293255,0.13118980814438463
1089,188,192,960,11829.0,13485.0,13557.0,0.12280311457174642,0.1274618278380173
1090,188,193,965,11478.0,13598.0,13598.0,0.155905280188263,0.155905280188263
1091,188,192,960,11885.0,13725.0,13749.0,0.13406193078324224,0.13557349625427306
1092,188,191,955,11183.0,12912.0,12936.0,0.13390644361833948,0.1355132962275819
1093,188,192,960,11682.0,13134.0,13134.0,0.11055276381909551,0.11055276381909551
1094,188,191,955,12298.0,14129.0,14153.0,0.12959162007219194,0.13106761817282553
1095,188,190,950,10927.0,12510.0,12510.0,0.1265387689848122,0.1265387689848122
1096,188,200,1000,12296.0,14056.0,14056.0,0.12521343198634038,0.12521343198634038
1097,188,190,950,11290.0,12976.0,13024.0,0.1299321824907521,0.13313882063882065
1098,188,191,955,11820.0,13422.0,13422.0,0.11935628073312476,0.11935628073312476
1099,188,195,975,11454.0,13005.0,13053.0,0.11926182237600924,0.12250057458055619
1100,188,196,980,12127.0,13785.0,13809.0,0.1202756619513965,0.12180462017524807
1101,188,196,980,13225.0,15220.0,15220.0,0.1310775295663601,0.1310775295663601
1102,188,197,985,11776.0,13856.0,13856.0,0.15011547344110854,0.15011547344110854
1103,188,192,960,12016.0,13414.0,13438.0,0.10421947219323091,0.10581931835094505
1104,188,194,970,11843.0,13571.0,13619.0,0.1273303367474763,0.13040605037080544
1105,188,191,955,11262.0,12674.0,12722.0,0.111409184156541,0.11476182990095896
1106,188,194,970,11644.0,13805.0,13805.0,0.1565374864179645,0.1565374864179645
1107,188,195,975,11871.0,13332.0,13332.0,0.10958595859585962,0.10958595859585962
1108,188,192,960,11307.0,12787.0,12811.0,0.11574255102838815,0.1173991101397237
1109,188,190,950,11484.0,12824.0,12824.0,0.10449157829070488,0.10449157829070488
1110,188,191,955,11550.0,13072.0,13072.0,0.11643206854345167,0.11643206854345167
1111,188,193,965,11863.0,13579.0,13627.0,0.1263716032108403,0.12944888823658918
1112,188,190,950,11522.0,12949.0,12949.0,0.11020155996602055,0.11020155996602055
1113,188,195,975,12422.0,14156.0,14180.0,0.12249222944334559,0.12397743300423136
1114,188,196,980,12329.0,13914.0,13914.0,0.11391404340951561,0.11391404340951561
1115,188,192,960,11131.0,12850.0,12850.0,0.1337743190661479,0.1337743190661479
1116,188,189,945,12046.0,13490.0,13538.0,0.10704225352112673,0.11020830255576897
1117,188,196,980,11304.0,13242.0,13290.0,0.14635251472587218,0.1494356659142212
1118,188,190,950,12585.0,14302.0,14350.0,0.12005313942106,0.12299651567944248
1119,188,195,975,12020.0,13764.0,13764.0,0.12670735251380416,0.12670735251380416
1120,188,190,950,12450.0,14286.0,14286.0,0.128517429651407,0.128517429651407
1121,188,192,960,11911.0,13829.0,13829.0,0.13869404873815894,0.13869404873815894
1122,188,191,955,11882.0,14082.0,14082.0,0.1562278085499219,0.1562278085499219
1123,188,196,980,11342.0,13409.0,13433.0,0.1541501976284585,0.1556614308047346
1124,188,191,955,11973.0,13914.0,13914.0,0.13949978438982324,0.13949978438982324
1125,188,193,965,11405.0,13238.0,13262.0,0.13846502492823687,0.14002412909063489
1126,188,195,975,12102.0,13675.0,13723.0,0.11502742230347351,0.11812285943306855
1127,188,199,995,12044.0,13766.0,13814.0,0.12509080342873746,0.12813088171420295
1128,188,192,960,11771.0,13551.0,13575.0,0.13135561951147512,0.13289134438305705
1129,188,191,955,11648.0,13093.0,13165.0,0.1103643168105094,0.1152297759210027
1130,188,197,985,11556.0,13023.0,13047.0,0.11264685556323428,0.11427914463094968
1131,188,193,965,11667.0,13064.0,13064.0,0.10693508879363134,0.10693508879363134
1132,188,197,985,11924.0,13828.0,13852.0,0.13769164015041946,0.13918567715853303
1133,188,191,955,12159.0,13296.0,13296.0,0.08551444043321299,0.08551444043321299
1134,188,195,975,11828.0,13326.0,13350.0,0.11241182650457748,0.11400749063670412
1135,188,196,980,12991.0,14492.0,14516.0,0.10357438586806511,0.10505648939101686
1136,188,194,970,12076.0,13913.0,13913.0,0.13203478760871123,0.13203478760871123
1137,188,197,985,12416.0,14367.0,14391.0,0.13579731328739475,0.13723855187269818
1138,188,191,955,11312.0,12698.0,12722.0,0.1091510474090408,0.11083163024681653
1139,188,191,955,11520.0,12754.0,12802.0,0.09675395954210442,0.10014060303077643
1140,188,190,950,11518.0,12994.0,12994.0,0.11359088810220097,0.11359088810220097
1141,188,193,965,11446.0,13196.0,13220.0,0.13261594422552292,0.13419062027231465
1142,188,193,965,11502.0,13054.0,13078.0,0.11889076145242838,0.12050772289340883
1143,188,191,955,12215.0,13768.0,13840.0,0.11279779198140616,0.1174132947976878
1144,188,193,965,11236.0,13438.0,13438.0,0.16386367018901626,0.16386367018901626
1145,188,191,955,11542.0,12660.0,12684.0,0.08830963665086888,0.09003468937243775
1146,188,196,980,11717.0,13150.0,13198.0,0.10897338403041823,0.11221397181391124
1147,188,194,970,12110.0,13731.0,13731.0,0.1180540383074794,0.1180540383074794
1148,188,188,940,11902.0,13221.0,13221.0,0.09976552454428556,0.09976552454428556
1149,188,191,955,12228.0,14033.0,14081.0,0.12862538302572513,0.13159576734606915
1150,188,191,955,11845.0,13460.0,13484.0,0.11998514115898962,0.12155146840700093
1151,188,191,955,11863.0,13565.0,13565.0,0.12546995945447847,0.12546995945447847
1152,188,194,970,11066.0,13056.0,13080.0,0.15242034313725494,0.15397553516819573
1153,188,192,960,11542.0,13380.0,13380.0,0.13736920777279527,0.13736920777279527
1154,188,192,960,11788.0,13570.0,13594.0,0.1313190862196021,0.13285272914521107
1155,188,195,975,11575.0,13173.0,13173.0,0.12130873756927052,0.12130873756927052
1156,188,196,980,11644.0,13453.0,13453.0,0.13446814836839371,0.13446814836839371
1157,188,193,965,11862.0,13034.0,13058.0,0.08991867423661193,0.09159136161739934
1158,188,195,975,11869.0,13212.0,13260.0,0.10165001513775351,0.10490196078431369
1159,188,189,945,11604.0,12955.0,12979.0,0.10428406020841374,0.10594036520533168
1160,188,194,970,11610.0,13729.0,13753.0,0.1543448175395149,0.15582054824401947
1161,188,192,960,11286.0,12586.0,12634.0,0.10328936914031461,0.10669621655849293
1162,188,195,975,11621.0,13820.0,13820.0,0.15911722141823448,0.15911722141823448
1163,188,196,980,12178.0,13989.0,13989.0,0.12945886053327615,0.12945886053327615
1164,188,193,965,11640.0,13176.0,13176.0,0.1165755919854281,0.1165755919854281
1165,188,194,970,12288.0,13659.0,13659.0,0.10037338018888642,0.10037338018888642
1166,188,192,960,12420.0,13687.0,13687.0,0.09256959158325417,0.09256959158325417
1167,188,192,960,11405.0,12786.0,12786.0,0.10800875958079148,0.10800875958079148
1168,188,191,955,11608.0,13037.0,13061.0,0.1096111068497354,0.11124722456167213
1169,188,192,960,11758.0,13616.0,13664.0,0.1364571092831962,0.13949063231850112
1170,188,198,990,11900.0,13857.0,13857.0,0.14122826008515554,0.14122826008515554
1171,188,188,940,12339.0,13830.0,13854.0,0.10780911062906728,0.10935469900389783
1172,188,192,960,11570.0,12908.0,12932.0,0.10365664704059496,0.10532013609650481
1173,188,193,965,11847.0,13215.0,13239.0,0.10351872871736667,0.1051438930432812
1174,188,190,950,11355.0,12981.0,12981.0,0.12525999537785992,0.12525999537785992
1175,188,196,980,12274.0,14259.0,14259.0,0.1392103233045796,0.1392103233045796
1176,188,190,950,11961.0,13704.0,13704.0,0.1271891418563923,0.1271891418563923
1177,188,192,960,12205.0,13705.0,13705.0,0.10944910616563297,0.10944910616563297
1178,188,193,965,11328.0,13211.0,13235.0,0.1425327378699569,0.144087646392142
1179,188,197,985,11754.0,13580.0,13604.0,0.1344624447717231,0.1359894148779771
1180,188,194,970,11797.0,13229.0,13253.0,0.10824703303348704,0.10986191805628909
1181,188,190,950,11480.0,13235.0,13283.0,0.13260294673214956,0.13573740871791007
1182,188,193,965,11238.0,12936.0,12936.0,0.13126159554730987,0.13126159554730987
1183,188,190,950,11853.0,13278.0,13278.0,0.10732037957523721,0.10732037957523721
1184,188,191,955,11264.0,12613.0,12637.0,0.10695314358201857,0.10864920471630923
1185,188,196,980,11397.0,12827.0,12827.0,0.1114835893038123,0.1114835893038123
1186,188,190,950,11915.0,13245.0,13245.0,0.10041525103812754,0.10041525103812754
1187,188,195,975,12015.0,13692.0,13716.0,0.12248028045574055,0.12401574803149606
1188,188,193,965,11796.0,13296.0,13344.0,0.11281588447653434,0.11600719424460426
1189,188,193,965,11323.0,12898.0,12970.0,0.12211195534191344,0.12698535080956053
1190,188,194,970,11387.0,12927.0,12927.0,0.11913050204997289,0.11913050204997289
1191,188,192,960,11772.0,13012.0,13012.0,0.09529664924684911,0.09529664924684911
1192,188,194,970,12468.0,13974.0,13998.0,0.10777157578359808,0.10930132876125165
1193,188,193,965,12137.0,13384.0,13432.0,0.09317095038852363,0.09641155449672423
1194,188,192,960,12181.0,13670.0,13718.0,0.1089246525237747,0.11204257180346988
1195,188,194,970,11618.0,13155.0,13155.0,0.11683770429494489,0.11683770429494489
1196,188,195,975,12457.0,13738.0,13762.0,0.09324501383025185,0.09482633338177593
1197,188,194,970,12528.0,14381.0,14429.0,0.12885056671997774,0.13174856192390327
1198,188,191,955,11364.0,13164.0,13164.0,0.13673655423883313,0.13673655423883313
1199,188,194,970,11630.0,13607.0,13607.0,0.14529286396707575,0.14529286396707575
1200,188,191,955,12841.0,14201.0,14201.0,0.09576790366875576,0.09576790366875576
1201,188,196,980,11818.0,13419.0,13443.0,0.11930844325210521,0.12088075578367918
1202,188,196,980,12167.0,14289.0,14313.0,0.1485058436559591,0.14993362677286382
1203,188,196,980,11776.0,13364.0,13388.0,0.11882669859323558,0.12040633403047507
1204,188,196,980,12619.0,13993.0,14017.0,0.09819195311941686,0.0997360348148677
1205,188,194,970,12173.0,13950.0,13974.0,0.12738351254480285,0.12888220981823384
1206,188,192,960,11472.0,12767.0,12791.0,0.10143338294039317,0.10311938081463534
1207,188,195,975,12336.0,13954.0,13978.0,0.11595241507811382,0.11747031048790957
1208,188,194,970,12303.0,14028.0,14052.0,0.1229683490162532,0.124466268146883
1209,188,194,970,11751.0,13142.0,13166.0,0.10584385938213359,0.10747379614157682
1210,188,192,960,11288.0,13068.0,13092.0,0.13621059075604525,0.1377940727161625
1211,188,194,970,13085.0,14244.0,14268.0,0.0813675933726481,0.0829128118867396
1212,188,192,960,11654.0,13233.0,13281.0,0.1193229048590645,0.12250583540396054
1213,188,192,960,11711.0,13266.0,13266.0,0.1172169455751545,0.1172169455751545
1214,188,193,965,12241.0,14255.0,14279.0,0.14128376008418098,0.1427270817284123
1215,188,193,965,12152.0,13855.0,13879.0,0.12291591483219055,0.12443259600835799
1216,188,190,950,11959.0,13434.0,13458.0,0.1097960398987643,0.11138356367959579
1217,188,198,990,12014.0,13251.0,13251.0,0.09335144517394911,0.09335144517394911
1218,188,194,970,12387.0,14274.0,14274.0,0.132198402690206,0.132198402690206
1219,188,200,1000,12923.0,14540.0,14540.0,0.11121045392022011,0.11121045392022011
1220,188,195,975,11569.0,12891.0,12891.0,0.10255216817934998,0.10255216817934998
1221,188,196,980,11945.0,13668.0,13692.0,0.12606087211003802,0.1275927548933684
1222,188,190,950,11910.0,13311.0,13359.0,0.10525129592066707,0.10846620256007189
1223,188,195,975,12052.0,13371.0,13419.0,0.0986463241343205,0.10187048215217231
1224,188,192,960,12344.0,13851.0,13851.0,0.10880080860587682,0.10880080860587682
1225,188,191,955,12136.0,13221.0,13221.0,0.08206640950003785,0.08206640950003785
1226,188,198,990,11938.0,13598.0,13622.0,0.12207677599647004,0.12362355013948023
1227,188,195,975,11619.0,12716.0,12716.0,0.08626926706511484,0.08626926706511484
1228,188,193,965,11591.0,13157.0,13157.0,0.11902409363836741,0.11902409363836741
1229,188,193,965,12018.0,13222.0,13342.0,0.0910603539555287,0.0992354969269974
1230,188,192,960,12108.0,13779.0,13851.0,0.12127150010886134,0.12583928958197965
1231,188,192,960,11822.0,13454.0,13454.0,0.12130221495466031,0.12130221495466031
1232,188,190,950,11698.0,13325.0,13373.0,0.12210131332082552,0.12525237418679425
1233,188,188,940,10799.0,11862.0,11862.0,0.08961389310402967,0.08961389310402967
1234,188,193,965,11729.0,13414.0,13414.0,0.12561502907410171,0.12561502907410171
1235,188,197,985,12930.0,14903.0,14927.0,0.13238945178823058,0.13378441749849268
1236,188,193,965,11014.0,12406.0,12406.0,0.11220377236820889,0.11220377236820889
1237,188,191,955,11475.0,12787.0,12811.0,0.10260420739813869,0.10428537975177576
1238,188,190,950,11605.0,13016.0,13064.0,0.10840503995082973,0.1116809552969994
1239,188,193,965,11404.0,12606.0,12606.0,0.09535141995874985,0.09535141995874985
1240,188,194,970,12021.0,13511.0,13535.0,0.11028051217526458,0.11185814554857776
1241,188,194,970,12012.0,13560.0,13584.0,0.11415929203539821,0.11572438162544174
1242,188,193,965,11898.0,13310.0,13310.0,0.10608564988730274,0.10608564988730274
1243,188,191,955,11346.0,12712.0,12760.0,0.10745752045311519,0.11081504702194356
1244,188,192,960,11097.0,12371.0,12371.0,0.10298278231347502,0.10298278231347502
1245,188,190,950,10914.0,12259.0,12283.0,0.10971531119993472,0.11145485630546281
1246,188,191,955,12350.0,13566.0,13566.0,0.08963585434173671,0.08963585434173671
1247,188,192,960,11287.0,12634.0,12634.0,0.10661706506252966,0.10661706506252966
1248,188,195,975,12398.0,14128.0,14176.0,0.12245186862967161,0.12542325056433412
1249,188,195,975,12014.0,13625.0,13673.0,0.11823853211009172,0.12133401594383086
1250,188,195,975,11892.0,13256.0,13256.0,0.10289680144840074,0.10289680144840074
1251,188,192,960,11429.0,12596.0,12644.0,0.092648459828517,0.09609300854160074
1252,188,192,960,11375.0,12959.0,12959.0,0.1222316536769813,0.1222316536769813
1253,188,194,970,11898.0,13612.0,13636.0,0.12591830737584486,0.1274567321795248
1254,188,190,950,11381.0,12602.0,12626.0,0.09688938263767655,0.09860605100586095
1255,188,198,990,11990.0,13646.0,13646.0,0.12135424300161224,0.12135424300161224
1256,188,193,965,12857.0,14657.0,14681.0,0.12280821450501467,0.12424221783257272
1257,188,196,980,11737.0,13566.0,13566.0,0.13482234999262865,0.13482234999262865
1258,188,190,950,11167.0,12443.0,12443.0,0.10254761713413163,0.10254761713413163
1259,188,193,965,11307.0,12495.0,12543.0,0.09507803121248504,0.09854101889500122
1260,188,194,970,12494.0,13875.0,13923.0,0.09953153153153149,0.1026359261653379
1261,188,190,950,11754.0,12756.0,12756.0,0.0785512699905927,0.0785512699905927
1262,188,191,955,11589.0,13147.0,13147.0,0.11850612306990183,0.11850612306990183
1263,188,195,975,12009.0,13318.0,13318.0,0.09828803123592134,0.09828803123592134
1264,188,191,955,11680.0,12940.0,12940.0,0.09737248840803714,0.09737248840803714
1265,188,194,970,12005.0,13671.0,13695.0,0.12186379928315416,0.12340270171595469
1266,188,194,970,11371.0,12842.0,12842.0,0.11454602086902355,0.11454602086902355
1267,188,194,970,12194.0,13495.0,13519.0,0.09640607632456466,0.09801020785561065
1268,188,188,940,11403.0,12719.0,12743.0,0.10346725371491472,0.10515577179628033
1269,188,190,950,11795.0,12862.0,12934.0,0.08295754937023792,0.0880624710066491
1270,188,190,950,12088.0,12921.0,12945.0,0.06446869437350056,0.06620316724604092
1271,188,188,940,10784.0,12233.0,12257.0,0.1184500940080111,0.12017622583013787
1272,188,194,970,11840.0,12843.0,12891.0,0.07809701783072487,0.08152974943759217
1273,188,199,995,11995.0,13507.0,13531.0,0.11194195602280299,0.11351710886113364
1274,188,195,975,12015.0,13269.0,13269.0,0.09450599140854621,0.09450599140854621
1275,188,195,975,12211.0,13680.0,13680.0,0.10738304093567252,0.10738304093567252
1276,188,198,990,12183.0,13818.0,13890.0,0.11832392531480673,0.12289416846652268
1277,188,193,965,12018.0,14585.0,14633.0,0.1760027425437093,0.1787056652771134
1278,188,192,960,10950.0,12458.0,12506.0,0.12104671696901592,0.1244202782664321
1279,188,193,965,11673.0,13107.0,13131.0,0.1094071869993134,0.1110349554489376
1280,188,197,985,11947.0,13843.0,13867.0,0.13696453080979554,0.13845821013917936
1281,188,192,960,11723.0,13455.0,13479.0,0.12872538089929397,0.13027672676014546
1282,188,192,960,11807.0,13960.0,13960.0,0.15422636103151866,0.15422636103151866
1283,188,191,955,12493.0,13639.0,13687.0,0.0840237554072879,0.08723606341784174
1284,188,194,970,11863.0,13623.0,13671.0,0.1291932760772223,0.13225074976227047
1285,188,192,960,12159.0,13982.0,14030.0,0.13038191961092838,0.13335709194583034
1286,188,195,975,12525.0,14368.0,14416.0,0.128271158129176,0.13117369589345174
1287,188,192,960,11663.0,12884.0,12908.0,0.09476870537100279,0.09645181282925319
1288,188,194,970,11993.0,13472.0,13520.0,0.1097832541567696,0.1129437869822485
1289,188,193,965,12111.0,13638.0,13662.0,0.11196656401231853,0.11352657004830913
1290,188,191,955,12010.0,13802.0,13850.0,0.12983625561512824,0.1328519855595668
1291,188,194,970,12169.0,14150.0,14198.0,0.14,0.14290745175376818
1292,188,194,970,12150.0,14073.0,14073.0,0.13664463866979326,0.13664463866979326
1293,188,196,980,11804.0,13684.0,13684.0,0.13738672902660043,0.13738672902660043
1294,188,192,960,11501.0,13475.0,13499.0,0.14649350649350645,0.14801096377509448
1295,188,194,970,11144.0,11956.0,11980.0,0.0679156908665105,0.06978297161936564
1296,188,194,970,12208.0,13847.0,13895.0,0.11836498880623958,0.12141057934508814
1297,188,190,950,11907.0,13127.0,13151.0,0.09293821893806653,0.09459356702912325
1298,188,189,945,12098.0,13438.0,13462.0,0.09971721982437864,0.10132224038032978
1299,188,192,960,11065.0,12587.0,12611.0,0.12091840788114716,0.12259138847038298
1300,188,195,975,12051.0,13300.0,13348.0,0.09390977443609028,0.09716811507341927
1301,188,195,975,11396.0,13351.0,13423.0,0.14643097895288737,0.15100946137227145
1302,188,190,950,11504.0,12960.0,12960.0,0.11234567901234571,0.11234567901234571
1303,188,191,955,11768.0,13866.0,13866.0,0.15130535121880861,0.15130535121880861
1304,188,197,985,11301.0,12626.0,12650.0,0.1049421827974022,0.1066403162055336
1305,188,194,970,11252.0,12723.0,12723.0,0.11561738583667369,0.11561738583667369
1306,188,195,975,12164.0,14278.0,14326.0,0.14805995237428216,0.15091442133184418
1307,188,193,965,12080.0,14176.0,14176.0,0.14785553047404065,0.14785553047404065
1308,188,200,1000,11407.0,13284.0,13284.0,0.14129780186690755,0.14129780186690755
1309,188,196,980,11754.0,13884.0,13908.0,0.15341400172860842,0.15487489214840378
1310,188,196,980,12051.0,13620.0,13644.0,0.11519823788546257,0.11675461741424797
1311,188,195,975,11980.0,13356.0,13356.0,0.1030248577418389,0.1030248577418389
1312,188,191,955,12144.0,13613.0,13661.0,0.10791155513112471,0.11104604348144353
1313,188,193,965,12059.0,13687.0,13687.0,0.11894498429166367,0.11894498429166367
1314,188,196,980,11895.0,13367.0,13391.0,0.11012194209620707,0.11171682473302968
1315,188,194,970,11913.0,13538.0,13538.0,0.12003250110799235,0.12003250110799235
1316,188,193,965,11700.0,13490.0,13538.0,0.13269088213491476,0.13576599202245532
1317,188,194,970,12492.0,14067.0,14091.0,0.11196417146513116,0.11347668724717908
1318,188,194,970,12279.0,13903.0,13951.0,0.11680932172912317,0.11984803956705614
1319,188,191,955,11987.0,13240.0,13288.0,0.0946374622356495,0.0979078868151716
1320,188,194,970,11378.0,12742.0,12742.0,0.10704755925286458,0.10704755925286458
1321,188,190,950,11948.0,13432.0,13456.0,0.11048243001786773,0.11206896551724133
1322,188,192,960,11815.0,13423.0,13423.0,0.11979438277583254,0.11979438277583254
1323,188,191,955,11557.0,13345.0,13417.0,0.1339827650805545,0.13863009614667954
1324,188,192,960,12250.0,14009.0,14009.0,0.12556213862516952,0.12556213862516952
1325,188,192,960,11847.0,13429.0,13429.0,0.11780475091220488,0.11780475091220488
1326,188,197,985,11604.0,13700.0,13700.0,0.152992700729927,0.152992700729927
1327,188,189,945,11662.0,13445.0,13469.0,0.13261435477872818,0.13415992278565592
1328,188,193,965,11933.0,13535.0,13583.0,0.11835980790543033,0.12147537362880068
1329,188,196,980,11639.0,13405.0,13405.0,0.13174188735546433,0.13174188735546433
1330,188,197,985,12054.0,13450.0,13450.0,0.10379182156133826,0.10379182156133826
1331,188,194,970,11908.0,13629.0,13653.0,0.1262748550884144,0.12781073756683514
1332,188,192,960,12197.0,13566.0,13566.0,0.10091404983045849,0.10091404983045849
1333,188,192,960,11495.0,13015.0,13063.0,0.11678832116788318,0.12003368292122785
1334,188,190,950,11849.0,13305.0,13353.0,0.10943254415633219,0.1126338650490526
1335,188,195,975,11609.0,13728.0,13728.0,0.15435606060606055,0.15435606060606055
1336,188,191,955,11423.0,13192.0,13192.0,0.1340964220739842,0.1340964220739842
1337,188,192,960,11783.0,13444.0,13444.0,0.12354953882772979,0.12354953882772979
1338,188,198,990,12627.0,14365.0,14413.0,0.12098851374869479,0.12391590924859497
1339,188,196,980,12663.0,14038.0,14062.0,0.09794842570166695,0.09948798179490825
1340,188,192,960,11710.0,13387.0,13435.0,0.12527078509001266,0.1283959806475623
1341,188,193,965,11859.0,13624.0,13648.0,0.1295507927187316,0.13108147713950757
1342,188,197,985,12015.0,13521.0,13593.0,0.11138229420900825,0.11608916354005738
1343,188,195,975,12167.0,13311.0,13311.0,0.08594395612651196,0.08594395612651196
1344,188,194,970,12081.0,13307.0,13307.0,0.09213196062222895,0.09213196062222895
1345,188,191,955,11870.0,13167.0,13167.0,0.09850383534594065,0.09850383534594065
1346,188,196,980,12001.0,13561.0,13609.0,0.11503576432416485,0.11815710191784845
1347,188,191,955,11887.0,13753.0,13777.0,0.13567948811168473,0.1371851636785948
1348,188,190,950,11467.0,13237.0,13309.0,0.13371609881393065,0.13840258471710876
1349,188,192,960,11829.0,13707.0,13731.0,0.1370102867148173,0.13851868035831327
1350,188,193,965,11940.0,13644.0,13668.0,0.12489006156552329,0.12642669007901663
1351,188,192,960,11428.0,12551.0,12575.0,0.08947494223567842,0.09121272365805166
1352,188,191,955,11557.0,13060.0,13060.0,0.11508422664624807,0.11508422664624807
1353,188,194,970,11790.0,13441.0,13489.0,0.12283312253552559,0.12595448142931276
1354,188,194,970,11438.0,12713.0,12761.0,0.10029104066703376,0.10367526055951726
1355,188,193,965,11588.0,13331.0,13331.0,0.1307478808791539,0.1307478808791539
1356,188,190,950,11307.0,12779.0,12803.0,0.11518898192346816,0.11684761384050613
1357,188,192,960,11710.0,13391.0,13439.0,0.1255320737808976,0.1286554059081777
1358,188,192,960,12082.0,13402.0,13402.0,0.09849276227428738,0.09849276227428738
1359,188,197,985,12338.0,13752.0,13824.0,0.10282140779522975,0.10749421296296291
1360,188,189,945,11987.0,13608.0,13608.0,0.1191211052322163,0.1191211052322163
1361,188,191,955,11819.0,13915.0,13939.0,0.1506288178224937,0.15209125475285168
1362,188,196,980,12596.0,14164.0,14236.0,0.11070319118892968,0.1152008991289688
1363,188,193,965,11746.0,13455.0,13455.0,0.12701597918989227,0.12701597918989227
1364,188,194,970,12166.0,13911.0,13935.0,0.12544029904392207,0.12694653749551488
1365,188,195,975,12005.0,13671.0,13743.0,0.12186379928315416,0.12646438186713238
1366,188,194,970,11796.0,13089.0,13089.0,0.09878523951409579,0.09878523951409579
1367,188,193,965,11641.0,13048.0,13096.0,0.10783261802575106,0.11110262675626148
1368,188,195,975,11373.0,12875.0,12875.0,0.11666019417475726,0.11666019417475726
1369,188,192,960,11747.0,13601.0,13601.0,0.13631350635982653,0.13631350635982653
1370,188,194,970,12196.0,14097.0,14097.0,0.13485138681989073,0.13485138681989073
1371,188,191,955,11800.0,13353.0,13353.0,0.11630345240769868,0.11630345240769868
1372,188,194,970,11097.0,12416.0,12416.0,0.10623389175257736,0.10623389175257736
1373,188,196,980,12708.0,14350.0,14350.0,0.11442508710801391,0.11442508710801391
1374,188,194,970,11594.0,12739.0,12787.0,0.08988146636313687,0.0932978806600454
1375,188,195,975,11704.0,13612.0,13684.0,0.14017043784895677,0.14469453376205788
1376,188,195,975,11954.0,13464.0,13488.0,0.11215092097445034,0.11373072360616843
1377,188,197,985,13013.0,14392.0,14440.0,0.09581712062256809,0.09882271468144044
1378,188,195,975,12742.0,14742.0,14838.0,0.13566680233346895,0.1412589297749023
1379,188,189,945,12310.0,14011.0,14035.0,0.12140461066305042,0.12290701816886351
1380,188,190,950,11903.0,13246.0,13246.0,0.10138909859580247,0.10138909859580247
1381,188,191,955,11921.0,13787.0,13787.0,0.1353448901138754,0.1353448901138754
1382,188,193,965,11672.0,13303.0,13303.0,0.12260392392693376,0.12260392392693376
1383,188,189,945,11890.0,13747.0,13747.0,0.13508401833127226,0.13508401833127226
1384,188,196,980,11158.0,12915.0,12915.0,0.13604336043360432,0.13604336043360432
1385,188,193,965,11693.0,12970.0,13018.0,0.0984579799537394,0.10178214779536032
1386,188,194,970,11989.0,13856.0,13856.0,0.1347430715935335,0.1347430715935335
1387,188,190,950,11576.0,12935.0,12983.0,0.10506378044066489,0.10837248709851344
1388,188,195,975,12430.0,14086.0,14110.0,0.11756353826494392,0.11906449326718638
1389,188,196,980,11400.0,13124.0,13196.0,0.1313623895153917,0.1361018490451652
1390,188,196,980,11939.0,13490.0,13514.0,0.11497405485544843,0.11654580435104334
1391,188,199,995,13020.0,14775.0,14847.0,0.11878172588832492,0.12305516265912309
1392,188,189,945,12519.0,13799.0,13847.0,0.09276034495253282,0.09590525023470786
1393,188,192,960,11709.0,13406.0,13406.0,0.12658511114426374,0.12658511114426374
1394,188,190,950,11154.0,12902.0,12902.0,0.13548287087273292,0.13548287087273292
1395,188,193,965,11765.0,13231.0,13255.0,0.11080039301640088,0.11241041116559791
1396,188,194,970,12212.0,13761.0,13761.0,0.11256449385945788,0.11256449385945788
1397,188,191,955,11691.0,12884.0,12932.0,0.09259546724619683,0.09596350139189602
1398,188,194,970,12929.0,13971.0,13971.0,0.07458306492019184,0.07458306492019184
1399,188,191,955,11662.0,13523.0,13523.0,0.1376173925904015,0.1376173925904015
1400,188,195,975,11501.0,13350.0,13374.0,0.13850187265917602,0.1400478540451623
1401,188,194,970,12102.0,13451.0,13451.0,0.10028994126830715,0.10028994126830715
1402,188,192,960,11377.0,13023.0,13047.0,0.12639176840973665,0.1279987736644439
1403,188,198,990,12130.0,13991.0,13991.0,0.13301408048030872,0.13301408048030872
1404,188,193,965,11444.0,12917.0,12941.0,0.1140357668189208,0.11567885016613866
1405,188,195,975,11793.0,13356.0,13404.0,0.117026055705301,0.12018800358102055
1406,188,191,955,12197.0,13876.0,13876.0,0.1210002882675123,0.1210002882675123
1407,188,193,965,11912.0,13651.0,13651.0,0.12738993480331107,0.12738993480331107
1408,188,199,995,11861.0,13613.0,13637.0,0.1287005068684346,0.13023392241695386
1409,188,192,960,11339.0,12647.0,12647.0,0.10342373685459005,0.10342373685459005
1410,188,193,965,12201.0,13912.0,13936.0,0.12298734905117881,0.12449770378874858
1411,188,194,970,11670.0,13319.0,13319.0,0.12380809370072832,0.12380809370072832
1412,188,189,945,11143.0,12484.0,12556.0,0.10741749439282278,0.11253583943931189
1413,188,194,970,11690.0,13390.0,13390.0,0.1269604182225541,0.1269604182225541
1414,188,193,965,11877.0,13248.0,13320.0,0.10348731884057971,0.10833333333333328
1415,188,193,965,12097.0,13599.0,13623.0,0.11044929774248102,0.11201644278059164
1416,188,191,955,11944.0,13652.0,13676.0,0.12510987401113394,0.12664521789997074
1417,188,196,980,12392.0,14189.0,14189.0,0.12664740291775323,0.12664740291775323
1418,188,198,990,12156.0,14108.0,14108.0,0.1383612134958888,0.1383612134958888
1419,188,194,970,11252.0,12669.0,12717.0,0.11184781750730133,0.11520012581583705
1420,188,192,960,12509.0,14273.0,14273.0,0.12358999509563506,0.12358999509563506
1421,188,194,970,11491.0,12911.0,12935.0,0.10998373479978318,0.11163509856977194
1422,188,189,945,12369.0,13753.0,13777.0,0.1006325892532538,0.10219931770341872
1423,188,189,945,11252.0,12773.0,12797.0,0.11907930791513344,0.12073142142689697
1424,188,193,965,11812.0,13061.0,13109.0,0.0956282061097925,0.09893965977572661
1425,188,194,970,12041.0,13731.0,13731.0,0.12307916393562013,0.12307916393562013
1426,188,193,965,12393.0,13918.0,13918.0,0.10957034056617332,0.10957034056617332
1427,188,195,975,12249.0,14278.0,14278.0,0.1421067376383247,0.1421067376383247
1428,188,198,990,11973.0,13508.0,13508.0,0.11363636363636365,0.11363636363636365
1429,188,193,965,12176.0,13631.0,13655.0,0.10674198518083777,0.10831197363603073
1430,188,191,955,11597.0,12819.0,12843.0,0.09532724861533659,0.09701783072490855
1431,188,195,975,11915.0,13477.0,13477.0,0.11590116494768865,0.11590116494768865
1432,188,191,955,12204.0,13458.0,13482.0,0.09317877842175659,0.09479305740987987
1433,188,198,990,12098.0,13781.0,13805.0,0.12212466439300484,0.12365085114089103
1434,188,194,970,11477.0,13109.0,13133.0,0.12449462201540928,0.1260945709281961
1435,188,194,970,11579.0,13672.0,13696.0,0.15308660035108246,0.15457067757009346
1436,188,192,960,12015.0,13805.0,13829.0,0.12966316551973922,0.13117362065225247
1437,188,199,995,12284.0,14349.0,14373.0,0.14391246776778865,0.1453419606206081
1438,188,197,985,12407.0,14223.0,14223.0,0.12768051747170073,0.12768051747170073
1439,188,193,965,11435.0,13022.0,13046.0,0.1218706803870373,0.12348612601563702
1440,188,200,1000,11704.0,13937.0,13937.0,0.16022099447513816,0.16022099447513816
1441,188,191,955,12330.0,13994.0,14090.0,0.11890810347291692,0.12491128459900636
1442,188,189,945,11821.0,13583.0,13583.0,0.1297209747478466,0.1297209747478466
1443,188,192,960,12855.0,14899.0,14995.0,0.13719041546412514,0.1427142380793598
1444,188,192,960,11511.0,13169.0,13169.0,0.12590173893234113,0.12590173893234113
1445,188,192,960,11480.0,13027.0,13027.0,0.11875335840945733,0.11875335840945733
1446,188,191,955,11456.0,12760.0,12760.0,0.10219435736677118,0.10219435736677118
1447,188,191,955,11357.0,12906.0,12930.0,0.12002169533550289,0.12165506573859242
1448,188,190,950,11801.0,13666.0,13666.0,0.13647007171081516,0.13647007171081516
1449,188,196,980,12003.0,13760.0,13784.0,0.12768895348837206,0.12920777713290776
1450,188,196,980,12683.0,14279.0,14327.0,0.11177253309055257,0.11474837718992115
1451,188,198,990,12679.0,14316.0,14364.0,0.11434758312377757,0.11730715678084103
1452,188,192,960,11679.0,13063.0,13063.0,0.10594809768047153,0.10594809768047153
1453,188,194,970,11312.0,12557.0,12605.0,0.09914788564147492,0.10257834192780646
1454,188,191,955,12029.0,13651.0,13675.0,0.11881913412936784,0.1203656307129799
1455,188,192,960,11903.0,13660.0,13684.0,0.1286237188872621,0.13015200233849755
1456,188,200,1000,12071.0,13825.0,13945.0,0.12687160940325493,0.13438508425959128
1457,188,198,990,11910.0,13901.0,13925.0,0.14322710596359978,0.14470377019748648
1458,188,193,965,12109.0,13653.0,13653.0,0.11308869845455216,0.11308869845455216
1459,188,193,965,11412.0,13068.0,13092.0,0.1267217630853994,0.12832263978001834
1460,188,195,975,12397.0,14608.0,14608.0,0.15135542168674698,0.15135542168674698
1461,188,192,960,11613.0,13116.0,13164.0,0.11459286367795063,0.11782133090246127
1462,188,197,985,12759.0,14506.0,14506.0,0.12043292430718322,0.12043292430718322
1463,188,193,965,12001.0,13753.0,13753.0,0.12739038755180687,0.12739038755180687
1464,188,192,960,12242.0,13440.0,13488.0,0.08913690476190472,0.09237841043890871
1465,188,196,980,12119.0,13299.0,13347.0,0.08872847582525001,0.09200569416348248
1466,188,194,970,11584.0,13184.0,13232.0,0.12135922330097082,0.12454655380894797
1467,188,197,985,11663.0,13082.0,13130.0,0.10846965295826327,0.11172886519421177
1468,188,192,960,11475.0,12739.0,12739.0,0.09922285893712224,0.09922285893712224
1469,188,191,955,11609.0,13761.0,13785.0,0.15638398372211326,0.15785273848385928
1470,188,192,960,12177.0,13948.0,13948.0,0.12697160883280756,0.12697160883280756
1471,188,196,980,12077.0,13433.0,13433.0,0.10094543288915359,0.10094543288915359
1472,188,190,950,11302.0,13174.0,13222.0,0.14209807195992108,0.14521252458024503
1473,188,190,950,11601.0,13045.0,13069.0,0.1106937523955539,0.11232688040400951
1474,188,198,990,11821.0,13217.0,13289.0,0.10562154800635548,0.1104673037850854
1475,188,193,965,11815.0,13236.0,13284.0,0.10735871864611668,0.11058416139716953
1476,188,194,970,11749.0,13624.0,13672.0,0.13762477980035237,0.1406524283206554
1477,188,195,975,11843.0,13904.0,13928.0,0.14823072497123135,0.14969844916714536
1478,188,194,970,11916.0,14186.0,14234.0,0.16001691808825602,0.16284951524518754
1479,188,196,980,12479.0,14093.0,14141.0,0.11452494146029946,0.11753058482426981
1480,188,192,960,11806.0,13630.0,13654.0,0.13382245047688923,0.13534495385967482
1481,188,198,990,12344.0,14348.0,14372.0,0.13967103429049343,0.1411077094350125
1482,188,195,975,12104.0,13705.0,13705.0,0.11681867931411893,0.11681867931411893
1483,188,194,970,11721.0,13455.0,13479.0,0.12887402452619845,0.13042510572000887
1484,188,191,955,10779.0,11797.0,11821.0,0.08629312537085698,0.08814821081126811
1485,188,191,955,11430.0,13422.0,13518.0,0.14841305319624498,0.15446071904127834
1486,188,196,980,11934.0,13712.0,13712.0,0.12966744457409574,0.12966744457409574
1487,188,191,955,11543.0,12845.0,12893.0,0.10136239782016354,0.1047079810750019
1488,188,193,965,11633.0,13119.0,13143.0,0.11327082856925075,0.11489005554287457
1489,188,197,985,11461.0,13166.0,13166.0,0.12950022785963844,0.12950022785963844
1490,188,193,965,11977.0,13046.0,13094.0,0.0819408247738771,0.08530624713609292
1491,188,191,955,11775.0,13215.0,13239.0,0.10896708286038592,0.11058237026965778
1492,188,194,970,11856.0,13186.0,13210.0,0.10086455331412103,0.10249810749432253
1493,188,192,960,11656.0,13169.0,13193.0,0.11489103196901818,0.11650117486545897
1494,188,189,945,11804.0,13385.0,13409.0,0.11811729548001493,0.11969572675068985
1495,188,193,965,12129.0,13406.0,13454.0,0.09525585558705052,0.09848372231306679
1496,188,193,965,11458.0,12948.0,12972.0,0.11507568736484397,0.1167129201356768
1497,188,196,980,12091.0,13703.0,13799.0,0.11763847332700872,0.12377708529603593
1498,188,190,950,11681.0,13489.0,13513.0,0.13403513974349468,0.1355731517797676
1499,188,198,990,12728.0,14894.0,14894.0,0.14542768900228276,0.14542768900228276
1500,188,190,950,11453.0,13047.0,13071.0,0.12217367977312787,0.12378547930533246
1501,188,192,960,11867.0,13338.0,13386.0,0.11028639976008392,0.11347676677125351
1502,188,189,945,11621.0,12812.0,12884.0,0.09295972525757101,0.09802856255821168
1503,188,191,955,11209.0,12751.0,12799.0,0.12093169163202888,0.12422845534807403
1504,188,192,960,11841.0,13416.0,13440.0,0.11739713774597493,0.11897321428571428
1505,188,196,980,11513.0,13169.0,13193.0,0.1257498671121573,0.12734025619646783
1506,188,190,950,12461.0,13700.0,13724.0,0.09043795620437955,0.09202856310113672
1507,188,196,980,12653.0,14352.0,14400.0,0.11838071348940915,0.12131944444444442
1508,188,192,960,11684.0,12893.0,12917.0,0.09377181416272395,0.09545560114577689
1509,188,192,960,11582.0,12962.0,12986.0,0.10646505168955411,0.10811643308178043
1510,188,192,960,11982.0,13517.0,13565.0,0.11356070133905449,0.11669738297088095
1511,188,190,950,12182.0,14193.0,14193.0,0.1416895652786585,0.1416895652786585
1512,188,192,960,11983.0,12980.0,13028.0,0.07681047765793525,0.08021185139699105
1513,188,188,940,11513.0,13104.0,13152.0,0.12141330891330893,0.12461982968369834
1514,188,190,950,10907.0,12309.0,12333.0,0.11390039808270369,0.1156247466147734
1515,188,191,955,11647.0,13459.0,13507.0,0.1346311018649231,0.13770637447249578
1516,188,197,985,11417.0,12983.0,13031.0,0.12061927135484862,0.12385849129000082
1517,188,193,965,11198.0,12061.0,12085.0,0.07155293922560313,0.07339677285891599
1518,188,193,965,11201.0,12763.0,12763.0,0.12238501919611378,0.12238501919611378
1519,188,191,955,12040.0,13366.0,13390.0,0.09920694298967525,0.10082150858849892
1520,188,194,970,11838.0,13666.0,13666.0,0.13376262256695448,0.13376262256695448
1521,188,192,960,11965.0,13895.0,13919.0,0.138898884490824,0.14038364825059269
1522,188,198,990,12852.0,14621.0,14669.0,0.1209903563367759,0.12386665757720361
1523,188,190,950,12351.0,14260.0,14284.0,0.13387096774193552,0.1353262391486978
1524,188,192,960,11488.0,13248.0,13296.0,0.13285024154589375,0.1359807460890493
1525,188,192,960,11936.0,13421.0,13469.0,0.11064749273526564,0.11381691291112928
1526,188,192,960,11624.0,13551.0,13551.0,0.1422035274149509,0.1422035274149509
1527,188,195,975,11987.0,13755.0,13755.0,0.12853507815339882,0.12853507815339882
1528,188,194,970,11727.0,13236.0,13260.0,0.11400725294650949,0.11561085972850682
1529,188,193,965,10829.0,12358.0,12382.0,0.12372552192911479,0.12542400258439668
1530,188,191,955,10984.0,12540.0,12564.0,0.12408293460925035,0.12575612862145813
1531,188,193,965,11218.0,12755.0,12779.0,0.12050176401411217,0.1221535331403083
1532,188,190,950,11713.0,13576.0,13600.0,0.13722746022392462,0.13875000000000004
1533,188,195,975,11549.0,13001.0,13001.0,0.1116837166371818,0.1116837166371818
1534,188,196,980,12703.0,14765.0,14789.0,0.13965458855401292,0.14105078098586787
1535,188,191,955,11850.0,13335.0,13359.0,0.11136107986501687,0.11295755670334606
1536,188,197,985,12573.0,14070.0,14094.0,0.10639658848614075,0.10791826309067687
1537,188,190,950,11797.0,12918.0,12942.0,0.08677813903080978,0.08847164271364549
1538,188,191,955,12592.0,14062.0,14062.0,0.10453705020622961,0.10453705020622961
1539,188,190,950,11227.0,13141.0,13141.0,0.1456510159044213,0.1456510159044213
1540,188,195,975,11975.0,13510.0,13534.0,0.11361954108068095,0.11519136988325696
1541,188,190,950,11527.0,13218.0,13218.0,0.12793160841277051,0.12793160841277051
1542,188,189,945,11646.0,12968.0,13016.0,0.10194324491054907,0.10525507068223727
1543,188,195,975,11880.0,13616.0,13616.0,0.12749706227967095,0.12749706227967095
1544,188,196,980,12147.0,13816.0,13816.0,0.12080196873190507,0.12080196873190507
1545,188,196,980,12517.0,13975.0,14023.0,0.10432915921288011,0.10739499393852958
1546,188,195,975,12227.0,13974.0,14022.0,0.12501789036782596,0.12801312223648553
1547,188,192,960,12270.0,13612.0,13684.0,0.09858947987070232,0.10333235895936865
1548,188,195,975,12044.0,13784.0,13808.0,0.1262333139872316,0.1277520278099652
1549,188,189,945,11672.0,13536.0,13584.0,0.13770685579196218,0.14075382803297998
1550,188,191,955,11528.0,13341.0,13341.0,0.13589685930589912,0.13589685930589912
1551,188,189,945,11547.0,13085.0,13109.0,0.11753916698509748,0.11915477915935613
1552,188,194,970,11928.0,13425.0,13449.0,0.11150837988826812,0.11309391032790539
1553,188,198,990,11787.0,13524.0,13524.0,0.12843833185448095,0.12843833185448095
1554,188,191,955,11391.0,12914.0,12938.0,0.1179340250890506,0.11957025815427424
1555,188,193,965,12149.0,13475.0,13499.0,0.09840445269016695,0.10000740795614493
1556,188,189,945,11478.0,12785.0,12809.0,0.10222917481423544,0.10391131235849793
1557,188,190,950,11079.0,12551.0,12575.0,0.1172814915146203,0.11896620278330017
1558,188,192,960,11564.0,13518.0,13542.0,0.14454801006065987,0.14606409688376898
1559,188,192,960,12067.0,13680.0,13704.0,0.11790935672514624,0.1194541739638062
1560,188,193,965,11808.0,13725.0,13773.0,0.13967213114754096,0.142670442169462
1561,188,191,955,13159.0,14730.0,14730.0,0.10665308893414804,0.10665308893414804
1562,188,195,975,12050.0,13626.0,13626.0,0.11566123587259647,0.11566123587259647
1563,188,192,960,12470.0,13825.0,13825.0,0.09801084990958409,0.09801084990958409
1564,188,192,960,11606.0,13408.0,13432.0,0.13439737470167068,0.13594401429422276
1565,188,192,960,11505.0,12920.0,12968.0,0.10952012383900933,0.11281616286243057
1566,188,192,960,11911.0,13204.0,13204.0,0.09792487125113603,0.09792487125113603
1567,188,193,965,12394.0,13921.0,13921.0,0.10969039580489903,0.10969039580489903
1568,188,198,990,12077.0,13714.0,13714.0,0.11936707014729475,0.11936707014729475
1569,188,191,955,11954.0,13564.0,13564.0,0.11869654969035681,0.11869654969035681
1570,188,199,995,11123.0,12538.0,12562.0,0.1128569149784655,0.11455182295812771
1571,188,193,965,11373.0,13027.0,13051.0,0.12696706839640748,0.12857252317830048
1572,188,191,955,11121.0,12477.0,12477.0,0.1086799711469103,0.1086799711469103
1573,188,192,960,11449.0,12848.0,12872.0,0.10888854296388539,0.110550031075202
1574,188,193,965,11110.0,12764.0,12788.0,0.12958320275775614,0.13121676571786045
1575,188,194,970,11794.0,13411.0,13459.0,0.12057266423085522,0.12370904227654356
1576,188,188,940,11981.0,13819.0,13867.0,0.13300528258195243,0.13600634600129802
1577,188,193,965,12147.0,13688.0,13760.0,0.11258036236119229,0.1172238372093023
1578,188,192,960,12343.0,13574.0,13598.0,0.09068808015323415,0.09229298426239152
1579,188,196,980,11362.0,13078.0,13078.0,0.1312127236580517,0.1312127236580517
1580,188,193,965,11578.0,13364.0,13412.0,0.1336426219694702,0.13674321503131526
1581,188,194,970,11676.0,13150.0,13150.0,0.11209125475285175,0.11209125475285175
1582,188,192,960,11887.0,13327.0,13351.0,0.10805132437908005,0.10965470751254591
1583,188,192,960,11890.0,13801.0,13825.0,0.13846822694007677,0.13996383363471976
1584,188,192,960,11477.0,13038.0,13038.0,0.11972695198650096,0.11972695198650096
1585,188,195,975,12573.0,14612.0,14636.0,0.13954284150013685,0.14095381251708117
1586,188,189,945,11455.0,13120.0,13168.0,0.1269054878048781,0.130088092345079
1587,188,191,955,11645.0,13452.0,13452.0,0.1343294677371395,0.1343294677371395
1588,188,190,950,12242.0,14130.0,14154.0,0.13361641896673748,0.13508548820121524
1589,188,197,985,12251.0,13805.0,13853.0,0.11256791017747192,0.11564282104959211
1590,188,195,975,11515.0,12859.0,12907.0,0.1045182362547632,0.10784845432710932
1591,188,189,945,11795.0,13070.0,13070.0,0.09755164498852331,0.09755164498852331
1592,188,192,960,12202.0,13587.0,13611.0,0.10193567380584379,0.1035192124017339
1593,188,195,975,13221.0,14397.0,14421.0,0.08168368410085436,0.08321198252548367
1594,188,192,960,11164.0,12424.0,12448.0,0.10141661300708305,0.10314910025706936
1595,188,191,955,12326.0,13775.0,13799.0,0.10519056261343007,0.10674686571490688
1596,188,189,945,11193.0,12640.0,12640.0,0.11447784810126582,0.11447784810126582
1597,188,190,950,11602.0,13310.0,13334.0,0.1283245679939895,0.12989350532473376
1598,188,199,995,11835.0,13458.0,13482.0,0.12059741417744096,0.12216288384512686
1599,188,196,980,11947.0,13852.0,13876.0,0.13752526710944268,0.1390170077832228
1600,188,191,955,11895.0,13583.0,13631.0,0.12427298829419131,0.12735676032572807
1601,188,195,975,11254.0,12757.0,12781.0,0.11781766873089283,0.11947421954463655
1602,188,196,980,11263.0,12917.0,12917.0,0.1280483084307502,0.1280483084307502
1603,188,198,990,12020.0,13697.0,13793.0,0.12243556983281012,0.1285434640759806
1604,188,197,985,11731.0,13381.0,13405.0,0.12330916971825723,0.12487877657590452
1605,188,193,965,12313.0,13602.0,13602.0,0.09476547566534332,0.09476547566534332
1606,188,194,970,12417.0,13547.0,13571.0,0.0834133018380453,0.08503426423992333
1607,188,190,950,11671.0,12982.0,12982.0,0.10098598058850716,0.10098598058850716
1608,188,195,975,11574.0,13246.0,13246.0,0.1262267854446626,0.1262267854446626
1609,188,191,955,11539.0,12542.0,12566.0,0.07997129644394829,0.08172847365908009
1610,188,193,965,11418.0,12930.0,12930.0,0.11693735498839908,0.11693735498839908
1611,188,193,965,11031.0,12331.0,12379.0,0.1054253507420323,0.10889409483803214
1612,188,193,965,12227.0,13506.0,13530.0,0.09469865245076259,0.09630450849963046
1613,188,195,975,11897.0,13237.0,13261.0,0.10123139684218474,0.10285800467536388
1614,188,193,965,12203.0,13746.0,13770.0,0.11225083660701296,0.11379811183732758
1615,188,191,955,11929.0,13702.0,13726.0,0.12939716829659909,0.1309194229928603
1616,188,194,970,11379.0,12698.0,12698.0,0.10387462592534258,0.10387462592534258
1617,188,190,950,12012.0,13684.0,13732.0,0.12218649517684887,0.12525487911447708
1618,188,192,960,11922.0,13477.0,13501.0,0.11538176151962598,0.11695429968150506
1619,188,193,965,11106.0,12442.0,12466.0,0.10737823501044852,0.10909674314134443
1620,188,194,970,11446.0,12562.0,12586.0,0.08883935679032007,0.0905768313999682
1621,188,193,965,11847.0,13606.0,13654.0,0.12928119947082173,0.13234217079244182
1622,188,191,955,11686.0,13220.0,13244.0,0.11603630862329806,0.11763817577771063
1623,188,191,955,11320.0,12863.0,12887.0,0.11995646427738471,0.12159540622332587
1624,188,199,995,12315.0,14258.0,14258.0,0.1362743722822275,0.1362743722822275
1625,188,195,975,11580.0,12960.0,13056.0,0.10648148148148151,0.11305147058823528
1626,188,190,950,11534.0,13065.0,13089.0,0.11718331419823957,0.11880204752081902
1627,188,193,965,12556.0,14285.0,14285.0,0.12103605180259014,0.12103605180259014
1628,188,194,970,12137.0,13754.0,13802.0,0.1175657990402792,0.12063469062454713
1629,188,189,945,12406.0,14271.0,14271.0,0.1306846051432976,0.1306846051432976
1630,188,193,965,11878.0,13556.0,13556.0,0.12378282679256414,0.12378282679256414
1631,188,196,980,11879.0,13657.0,13681.0,0.13018964633521268,0.1317155178715006
1632,188,192,960,11993.0,13541.0,13541.0,0.1143194741894985,0.1143194741894985
1633,188,192,960,11377.0,12554.0,12626.0,0.09375497849291059,0.09892285759543795
1634,188,189,945,12341.0,14130.0,14130.0,0.1266100495399859,0.1266100495399859
1635,188,196,980,12547.0,14312.0,14336.0,0.12332308552263838,0.1247907366071429
1636,188,192,960,11638.0,13401.0,13425.0,0.1315573464666816,0.13310986964618254
1637,188,188,940,12081.0,14033.0,14057.0,0.1391006912278201,0.14057053425339694
1638,188,190,950,12125.0,13828.0,13852.0,0.12315591553369976,0.12467513716430845
1639,188,193,965,12343.0,14154.0,14154.0,0.12794969619895435,0.12794969619895435
1640,188,193,965,11775.0,13448.0,13496.0,0.12440511600237958,0.12751926496739774
1641,188,193,965,11863.0,13412.0,13412.0,0.11549358783179242,0.11549358783179242
1642,188,198,990,12030.0,13616.0,13664.0,0.11648061104582841,0.1195843091334895
1643,188,191,955,12704.0,14416.0,14440.0,0.11875693673695897,0.12022160664819947
1644,188,193,965,11561.0,13424.0,13424.0,0.13878128724672234,0.13878128724672234
1645,188,194,970,11745.0,13269.0,13293.0,0.11485417137689347,0.11645226811103593
1646,188,194,970,11589.0,13275.0,13299.0,0.12700564971751416,0.12858109632303183
1647,188,189,945,11333.0,13081.0,13129.0,0.1336289274520297,0.13679640490517175
1648,188,195,975,11476.0,12746.0,12746.0,0.09963910246351793,0.09963910246351793
1649,188,196,980,12070.0,14069.0,14069.0,0.1420854360651077,0.1420854360651077
1650,188,190,950,10987.0,12405.0,12429.0,0.11430874647319633,0.11601898785099363
1651,188,189,945,11989.0,13251.0,13251.0,0.09523809523809523,0.09523809523809523
1652,188,198,990,11887.0,13760.0,13760.0,0.13611918604651163,0.13611918604651163
1653,188,191,955,11595.0,13045.0,13069.0,0.11115369873514758,0.1127859820950341
1654,188,190,950,11635.0,12997.0,12997.0,0.10479341386473806,0.10479341386473806
1655,188,194,970,12067.0,13397.0,13469.0,0.09927595730387395,0.10409087534338113
1656,188,193,965,12109.0,13490.0,13562.0,0.1023721275018532,0.10713759032591064
1657,188,189,945,11897.0,13948.0,13972.0,0.14704617149412103,0.1485113083309476
1658,188,195,975,12378.0,14448.0,14472.0,0.1432724252491694,0.1446932006633499
1659,188,191,955,11552.0,13276.0,13276.0,0.1298583910816511,0.1298583910816511
1660,188,197,985,12209.0,13776.0,13776.0,0.11374854819976776,0.11374854819976776
1661,188,189,945,11971.0,13081.0,13129.0,0.08485589786713554,0.08820169091324548
1662,188,188,940,11322.0,12988.0,13012.0,0.12827225130890052,0.1298801106670765
1663,188,192,960,11534.0,13135.0,13159.0,0.12188808526836692,0.1234896268713428
1664,188,196,980,11108.0,12378.0,12378.0,0.10260138956212639,0.10260138956212639
1665,188,194,970,11120.0,12476.0,12476.0,0.10868868226995831,0.10868868226995831
1666,188,198,990,12055.0,13968.0,14064.0,0.1369558991981672,0.14284698521046646
1667,188,192,960,11725.0,13190.0,13214.0,0.11106899166034878,0.1126835174814591
1668,188,197,985,11720.0,13456.0,13528.0,0.129013079667063,0.1336487285629805
1669,188,194,970,11902.0,13681.0,13729.0,0.13003435421387322,0.13307597057323917
1670,188,194,970,11705.0,13307.0,13331.0,0.12038776583752908,0.12197134498537243
1671,188,193,965,11381.0,13229.0,13277.0,0.13969309849572908,0.1428033441289448
1672,188,195,975,12975.0,14895.0,14943.0,0.12890231621349446,0.13170046175466776
1673,188,194,970,13186.0,14925.0,14925.0,0.11651591289782248,0.11651591289782248
1674,188,193,965,12190.0,13874.0,13922.0,0.12137811734179038,0.12440741272805633
1675,188,193,965,11663.0,13076.0,13076.0,0.10806056898133987,0.10806056898133987
1676,188,195,975,11335.0,12566.0,12590.0,0.09796275664491483,0.09968228752978558
1677,188,196,980,12446.0,14125.0,14173.0,0.11886725663716813,0.12185140760601143
1678,188,192,960,11245.0,12935.0,12959.0,0.1306532663316583,0.13226329192067288
1679,188,194,970,11969.0,13707.0,13755.0,0.12679652732180635,0.1298436932024718
1680,188,192,960,12236.0,13857.0,13857.0,0.1169805874287364,0.1169805874287364
1681,188,191,955,11501.0,13112.0,13136.0,0.12286455155582676,0.12446711327649207
1682,188,191,955,11824.0,13319.0,13343.0,0.11224566408889558,0.11384246421344524
1683,188,193,965,11976.0,13682.0,13754.0,0.12468937289869897,0.12927148465900828
1684,188,194,970,12238.0,13739.0,13739.0,0.10925103719339113,0.10925103719339113
1685,188,195,975,11807.0,13638.0,13686.0,0.1342572224666373,0.13729358468507968
1686,188,198,990,12944.0,14699.0,14723.0,0.11939587727056267,0.1208313523059159
1687,188,188,940,11771.0,13213.0,13237.0,0.10913494285930525,0.11075016997809173
1688,188,194,970,13060.0,14892.0,14940.0,0.12301907064195539,0.12583668005354753
1689,188,192,960,12468.0,14304.0,14328.0,0.12835570469798663,0.12981574539363483
1690,188,193,965,11778.0,13209.0,13257.0,0.10833522598228484,0.11156370219506673
1691,188,190,950,11488.0,12876.0,12876.0,0.10779745262503881,0.10779745262503881
1692,188,195,975,11568.0,13318.0,13318.0,0.13140111127796972,0.13140111127796972
1693,188,189,945,11698.0,13279.0,13303.0,0.11906017019353865,0.12064947756145228
1694,188,191,955,11790.0,13328.0,13376.0,0.11539615846338536,0.11857057416267947
1695,188,191,955,11814.0,13283.0,13355.0,0.1105924866370549,0.11538749532010484
1696,188,189,945,11557.0,13458.0,13458.0,0.14125427255164213,0.14125427255164213
1697,188,194,970,12218.0,13639.0,13639.0,0.1041865239387052,0.1041865239387052
1698,188,191,955,12076.0,13993.0,14017.0,0.1369970699635532,0.13847470928158667
1699,188,191,955,12037.0,13721.0,13721.0,0.12273157933095258,0.12273157933095258
1700,188,193,965,11322.0,12655.0,12655.0,0.10533386013433421,0.10533386013433421
1701,188,196,980,11783.0,13272.0,13296.0,0.11219107896323088,0.11379362214199762
1702,188,196,980,12242.0,14378.0,14378.0,0.14856030045903468,0.14856030045903468
1703,188,195,975,11736.0,13121.0,13121.0,0.1055559789650179,0.1055559789650179
1704,188,192,960,12387.0,13927.0,13951.0,0.11057657787032382,0.1121066590208587
1705,188,196,980,11695.0,13559.0,13583.0,0.13747326499004353,0.13899727600677314
1706,188,188,940,11963.0,13327.0,13327.0,0.10234861559240638,0.10234861559240638
1707,188,195,975,12985.0,15016.0,15016.0,0.13525572722429413,0.13525572722429413
1708,188,193,965,11688.0,13096.0,13096.0,0.10751374465485641,0.10751374465485641
1709,188,191,955,12995.0,14568.0,14568.0,0.1079763866007688,0.1079763866007688
1710,188,191,955,11445.0,12922.0,12994.0,0.11430119176598053,0.11920886563029087
1711,188,194,970,11922.0,13697.0,13697.0,0.12959042126012998,0.12959042126012998
1712,188,195,975,12591.0,14232.0,14232.0,0.1153035413153457,0.1153035413153457
1713,188,193,965,12396.0,14433.0,14433.0,0.14113489918935773,0.14113489918935773
1714,188,192,960,11629.0,13516.0,13516.0,0.1396123113347144,0.1396123113347144
1715,188,193,965,12138.0,13454.0,13454.0,0.0978147762747138,0.0978147762747138
1716,188,191,955,12191.0,13891.0,13915.0,0.12238139802749981,0.12389507725476101
1717,188,194,970,11799.0,13109.0,13133.0,0.09993134487756505,0.10157618213660247
1718,188,189,945,11947.0,13345.0,13393.0,0.1047583364556014,0.10796684835361758
1719,188,195,975,11889.0,13420.0,13444.0,0.11408345752608051,0.11566498066051767
1720,188,193,965,12747.0,14470.0,14542.0,0.1190739460953697,0.1234355659469124
1721,188,189,945,11235.0,12375.0,12423.0,0.09212121212121216,0.09562907510263219
1722,188,194,970,11714.0,13228.0,13228.0,0.11445418808587848,0.11445418808587848
1723,188,189,945,11984.0,13799.0,13799.0,0.1315312703819117,0.1315312703819117
1724,188,195,975,12278.0,13541.0,13541.0,0.09327228417399014,0.09327228417399014
1725,188,191,955,12393.0,13698.0,13722.0,0.09526938239159,0.09685177087888064
1726,188,195,975,11327.0,13256.0,13280.0,0.1455190102595051,0.14706325301204815
1727,188,191,955,12003.0,13873.0,13897.0,0.1347942045700281,0.13628840756997918
1728,188,198,990,11566.0,13398.0,13398.0,0.1367368263919988,0.1367368263919988
1729,188,189,945,12353.0,14073.0,14121.0,0.12221985362040788,0.12520359747893206
1730,188,192,960,12122.0,13947.0,13947.0,0.13085251308525125,0.13085251308525125
1731,188,190,950,12172.0,13421.0,13421.0,0.09306311005141199,0.09306311005141199
1732,188,200,1000,11898.0,13307.0,13307.0,0.10588412113925005,0.10588412113925005
1733,188,191,955,11408.0,12746.0,12794.0,0.10497410952455677,0.10833203063936225
1734,188,190,950,11798.0,13523.0,13547.0,0.1275604525623013,0.12910607514578876
1735,188,194,970,11975.0,13183.0,13183.0,0.0916331639232345,0.0916331639232345
1736,188,190,950,11401.0,13047.0,13095.0,0.12615927033034413,0.12936235204276436
1737,188,190,950,12196.0,13220.0,13268.0,0.07745839636913765,0.08079589990955682
1738,188,195,975,12627.0,14273.0,14297.0,0.11532263714706092,0.11680772189969924
1739,188,191,955,11512.0,12669.0,12669.0,0.09132528218486069,0.09132528218486069
1740,188,196,980,11274.0,12561.0,12609.0,0.10245999522331029,0.10587675469902447
1741,188,195,975,11816.0,13467.0,13467.0,0.12259597534714484,0.12259597534714484
1742,188,191,955,11949.0,14059.0,14059.0,0.15008179813642508,0.15008179813642508
1743,188,196,980,11406.0,12932.0,12956.0,0.11800185586142897,0.1196356900277864
1744,188,192,960,11893.0,13312.0,13312.0,0.10659555288461542,0.10659555288461542
1745,188,198,990,11110.0,12818.0,12818.0,0.13325011702293654,0.13325011702293654
1746,188,194,970,11666.0,13568.0,13592.0,0.14018278301886788,0.14170100058858148
1747,188,194,970,11927.0,13544.0,13544.0,0.11938865918487895,0.11938865918487895
1748,188,195,975,11674.0,13212.0,13260.0,0.11640932485619138,0.11960784313725492
1749,188,188,940,11506.0,12953.0,12953.0,0.11171157260866205,0.11171157260866205
1750,188,189,945,11599.0,13241.0,13265.0,0.12400876066762334,0.12559366754617418
1751,188,192,960,11231.0,12771.0,12771.0,0.12058570198105079,0.12058570198105079
1752,188,193,965,11370.0,13446.0,13470.0,0.15439535921463632,0.155902004454343
1753,188,188,940,11658.0,13516.0,13588.0,0.1374667061260728,0.1420370915513689
1754,188,195,975,12340.0,14347.0,14371.0,0.13988987244720152,0.1413262820958876
1755,188,195,975,12642.0,14068.0,14092.0,0.10136479954506683,0.102895259721828
1756,188,194,970,12223.0,13911.0,13935.0,0.12134282222701465,0.12285611768927163
1757,188,197,985,12095.0,13770.0,13818.0,0.12164124909222951,0.1246924301635548
1758,188,198,990,12630.0,14836.0,14836.0,0.1486923699110272,0.1486923699110272
1759,188,195,975,12560.0,14023.0,14023.0,0.10432860300934177,0.10432860300934177
1760,188,195,975,12027.0,13650.0,13650.0,0.1189010989010989,0.1189010989010989
1761,188,195,975,12655.0,14049.0,14073.0,0.09922414406719338,0.10076032118240608
1762,188,192,960,11382.0,13029.0,13029.0,0.1264103154501497,0.1264103154501497
1763,188,193,965,11749.0,13132.0,13132.0,0.10531526043253125,0.10531526043253125
1764,188,193,965,12168.0,13699.0,13699.0,0.11175998248047303,0.11175998248047303
1765,188,190,950,11760.0,13624.0,13648.0,0.13681738109219022,0.13833528722157096
1766,188,192,960,11564.0,13524.0,13596.0,0.14492753623188404,0.14945572227125625
1767,188,194,970,12196.0,13561.0,13657.0,0.10065629378364427,0.10697810646554884
1768,188,192,960,11618.0,12981.0,13005.0,0.10499961482166242,0.10665128796616685
1769,188,198,990,11906.0,13270.0,13294.0,0.10278824415975885,0.10440800361065139
1770,188,192,960,11329.0,13116.0,13116.0,0.13624580664836838,0.13624580664836838
1771,188,196,980,13130.0,14973.0,14973.0,0.12308822547251719,0.12308822547251719
1772,188,190,950,10789.0,12314.0,12338.0,0.12384278057495535,0.12554709029016053
1773,188,191,955,11380.0,13016.0,13040.0,0.1256914566687154,0.12730061349693256
1774,188,193,965,11891.0,13622.0,13694.0,0.12707385112318303,0.1316635022637651
1775,188,193,965,11813.0,13247.0,13247.0,0.1082509247376765,0.1082509247376765
1776,188,202,1010,12903.0,14704.0,14752.0,0.12248367791077253,0.12533893709327548
1777,188,190,950,11422.0,12897.0,12921.0,0.11436768240676132,0.11601269251605917
1778,188,193,965,12534.0,14563.0,14563.0,0.13932568838838155,0.13932568838838155
1779,188,195,975,11746.0,12885.0,12909.0,0.08839736127279785,0.09009218374777284
1780,188,196,980,12451.0,14712.0,14736.0,0.15368406742794993,0.1550624321389794
1781,188,192,960,12509.0,14392.0,14392.0,0.13083657587548636,0.13083657587548636
1782,188,200,1000,12874.0,14330.0,14330.0,0.10160502442428476,0.10160502442428476
1783,188,195,975,11795.0,13833.0,13857.0,0.14732885129762163,0.14880565779028654
1784,188,193,965,12393.0,14537.0,14609.0,0.14748572607828303,0.15168731603805874
1785,188,192,960,11680.0,13285.0,13309.0,0.12081294693263078,0.12239837703809453
1786,188,193,965,12122.0,13688.0,13688.0,0.11440677966101698,0.11440677966101698
1787,188,193,965,11489.0,13017.0,13017.0,0.11738495813167393,0.11738495813167393
1788,188,190,950,11878.0,13345.0,13345.0,0.10992881228924689,0.10992881228924689
1789,188,196,980,11939.0,13881.0,13929.0,0.1399034651682155,0.1428673989518271
1790,188,191,955,11527.0,13096.0,13096.0,0.11980757483200977,0.11980757483200977
1791,188,200,1000,12075.0,13535.0,13559.0,0.10786848910232727,0.10944759938048532
1792,188,189,945,12413.0,14103.0,14127.0,0.11983265971779056,0.12132795356409709
1793,188,195,975,11708.0,13002.0,13002.0,0.0995231502845716,0.0995231502845716
1794,188,201,1005,12870.0,14540.0,14540.0,0.11485557083906461,0.11485557083906461
1795,188,189,945,10984.0,12296.0,12296.0,0.1067013662979831,0.1067013662979831
1796,188,192,960,11390.0,12977.0,13001.0,0.1222932881251445,0.12391354511191444
1797,188,199,995,11711.0,13580.0,13580.0,0.1376288659793814,0.1376288659793814
1798,188,196,980,12522.0,14045.0,14069.0,0.10843716625133504,0.10995806382827489
1799,188,197,985,12133.0,13939.0,13939.0,0.1295645311715331,0.1295645311715331
1800,188,192,960,11190.0,12420.0,12420.0,0.09903381642512077,0.09903381642512077
1801,188,194,970,12436.0,14327.0,14351.0,0.13198855308159418,0.1334401783847815
1802,188,191,955,11350.0,12868.0,12892.0,0.11796705004662733,0.11960905988209747
1803,188,192,960,12098.0,13482.0,13506.0,0.10265539237501853,0.10424996297941658
1804,188,189,945,11707.0,13367.0,13391.0,0.12418642926610313,0.12575610484653876
1805,188,194,970,11408.0,12720.0,12768.0,0.10314465408805029,0.10651629072681701
1806,188,190,950,11335.0,12912.0,12984.0,0.12213444857496902,0.12700246457178066
1807,188,197,985,12138.0,13773.0,13821.0,0.11871052058375087,0.12177121771217714
1808,188,195,975,11426.0,13233.0,13281.0,0.13655255799894206,0.13967321737820948
1809,188,194,970,12075.0,13955.0,13979.0,0.13471873880329632,0.1362043064596895
1810,188,192,960,11784.0,13287.0,13359.0,0.11311808534657941,0.11789804626094769
1811,188,190,950,12213.0,13860.0,13860.0,0.11883116883116884,0.11883116883116884
1812,188,194,970,12707.0,14488.0,14512.0,0.12292932081722807,0.1243798235942668
1813,188,191,955,12370.0,13944.0,13944.0,0.11288009179575442,0.11288009179575442
1814,188,192,960,12372.0,14082.0,14082.0,0.12143161482743925,0.12143161482743925
1815,188,192,960,11551.0,12925.0,12949.0,0.10630560928433264,0.10796200478801454
1816,188,190,950,12356.0,14398.0,14422.0,0.14182525350743158,0.14325336291776458
1817,188,196,980,11932.0,13316.0,13364.0,0.10393511565034541,0.10715354684226275
1818,188,191,955,12154.0,13646.0,13670.0,0.10933606917778105,0.11089978054133143
1819,188,193,965,12042.0,13619.0,13619.0,0.11579411116822091,0.11579411116822091
1820,188,190,950,12061.0,13085.0,13133.0,0.07825754680932362,0.0816264372192188
1821,188,188,940,11778.0,13033.0,13057.0,0.09629402286503486,0.09795511985907945
1822,188,194,970,11048.0,12920.0,12920.0,0.14489164086687312,0.14489164086687312
1823,188,197,985,12309.0,14006.0,14030.0,0.12116235898900474,0.12266571632216683
1824,188,193,965,11308.0,12871.0,12895.0,0.12143578587522341,0.12307095773555643
1825,188,194,970,12254.0,13923.0,13971.0,0.11987359046182577,0.12289743039152534
1826,188,192,960,11768.0,13325.0,13325.0,0.11684803001876176,0.11684803001876176
1827,188,192,960,12272.0,14106.0,14154.0,0.13001559620019854,0.1329659460223258
1828,188,189,945,11249.0,12636.0,12684.0,0.10976574865463751,0.11313465783664456
1829,188,194,970,12463.0,14280.0,14328.0,0.1272408963585434,0.13016471245114458
1830,188,193,965,11941.0,13435.0,13459.0,0.11120208410867138,0.112786982688164
1831,188,196,980,12371.0,14231.0,14231.0,0.13070058323378542,0.13070058323378542
1832,188,191,955,11993.0,13896.0,13920.0,0.1369458837075418,0.138433908045977
1833,188,192,960,12170.0,13975.0,13999.0,0.1291592128801431,0.130652189442103
1834,188,192,960,12168.0,13592.0,13592.0,0.10476751030017661,0.10476751030017661
1835,188,192,960,10743.0,12569.0,12569.0,0.14527806508075425,0.14527806508075425
1836,188,195,975,11931.0,14149.0,14173.0,0.15676019506678918,0.15818810414167783
1837,188,191,955,11380.0,12657.0,12681.0,0.10089278660030021,0.10259443261572432
1838,188,194,970,11780.0,12907.0,12979.0,0.08731695978926168,0.0923799984590492
1839,188,195,975,11319.0,12859.0,12859.0,0.11976047904191611,0.11976047904191611
1840,188,193,965,12432.0,14166.0,14190.0,0.12240576027107153,0.12389006342494713
1841,188,193,965,11165.0,12298.0,12346.0,0.092128801431127,0.09565851287866511
1842,188,191,955,11988.0,13591.0,13615.0,0.11794569935987054,0.1195005508630187
1843,188,193,965,11879.0,14437.0,14461.0,0.17718362540694055,0.17854920130004837
1844,188,191,955,12068.0,13474.0,13498.0,0.10434911681757464,0.10594162098088611
1845,188,192,960,11238.0,13295.0,13319.0,0.15471981948100788,0.15624296118327197
1846,188,195,975,11955.0,13137.0,13137.0,0.08997488010961407,0.08997488010961407
1847,188,190,950,11718.0,13068.0,13068.0,0.10330578512396693,0.10330578512396693
1848,188,188,940,11707.0,13125.0,13125.0,0.10803809523809527,0.10803809523809527
1849,188,199,995,11655.0,13297.0,13321.0,0.12348650071444689,0.12506568575932742
1850,188,193,965,11362.0,13095.0,13119.0,0.13234058801069115,0.13392789084533885
1851,188,191,955,11146.0,12857.0,12881.0,0.13307925643618257,0.13469451129570686
1852,188,197,985,12699.0,14032.0,14056.0,0.09499714937286208,0.09654240182128626
1853,188,197,985,11976.0,13529.0,13529.0,0.1147904501441348,0.1147904501441348
1854,188,194,970,12428.0,14398.0,14398.0,0.13682455896652312,0.13682455896652312
1855,188,195,975,11978.0,13729.0,13729.0,0.12754024328064684,0.12754024328064684
1856,188,193,965,11986.0,13436.0,13436.0,0.10791902351890448,0.10791902351890448
1857,188,190,950,11418.0,13004.0,13124.0,0.12196247308520458,0.12999085644620545
1858,188,194,970,11908.0,12764.0,12788.0,0.06706361642118464,0.06881451360650614
1859,188,193,965,11720.0,13559.0,13559.0,0.13562947119994095,0.13562947119994095
1860,188,196,980,11846.0,13579.0,13579.0,0.12762353634288237,0.12762353634288237
1861,188,193,965,11737.0,13575.0,13623.0,0.13539594843462244,0.13844234016002344
1862,188,193,965,12045.0,13996.0,13996.0,0.13939697056301803,0.13939697056301803
1863,188,190,950,11728.0,13205.0,13253.0,0.11185157137447932,0.11506828642571498
1864,188,192,960,11648.0,13179.0,13299.0,0.11616966385916994,0.1241446725317693
1865,188,191,955,11245.0,12918.0,12966.0,0.12950921195231457,0.13273175998766007
1866,188,193,965,11250.0,12844.0,12844.0,0.12410464029897228,0.12410464029897228
1867,188,193,965,11546.0,13035.0,13059.0,0.11423091676256236,0.11585879470097249
1868,188,196,980,11641.0,13328.0,13352.0,0.12657563025210083,0.12814559616536847
1869,188,199,995,11776.0,13896.0,13920.0,0.15256188831318362,0.15402298850574714
1870,188,189,945,11963.0,13306.0,13354.0,0.10093191041635352,0.10416354650292048
1871,188,194,970,11333.0,12574.0,12598.0,0.09869572132972804,0.10041276393078269
1872,188,193,965,12269.0,14019.0,14019.0,0.12483058706041805,0.12483058706041805
1873,188,190,950,11459.0,13259.0,13331.0,0.13575684440757219,0.1404245743005026
1874,188,192,960,12427.0,14400.0,14400.0,0.13701388888888888,0.13701388888888888
1875,188,201,1005,12071.0,13778.0,13802.0,0.12389316301349973,0.12541660628894358
1876,188,190,950,11769.0,13317.0,13389.0,0.11624239693624694,0.1209948465157965
1877,188,194,970,12048.0,13855.0,13855.0,0.13042223024179,0.13042223024179
1878,188,199,995,12326.0,14170.0,14170.0,0.13013408609738886,0.13013408609738886
1879,188,195,975,11443.0,13483.0,13483.0,0.1513016391010903,0.1513016391010903
1880,188,190,950,11746.0,13270.0,13294.0,0.11484551620195926,0.11644350834963146
1881,188,193,965,11505.0,12882.0,12882.0,0.10689333954354918,0.10689333954354918
1882,188,193,965,11814.0,13358.0,13406.0,0.11558616559365176,0.11875279725496046
1883,188,189,945,10861.0,12312.0,12384.0,0.1178525016244314,0.12298126614987082
1884,188,193,965,11826.0,13538.0,13562.0,0.1264588565519279,0.12800471906798405
1885,188,194,970,12629.0,14313.0,14337.0,0.11765527841822121,0.11913231498918886
1886,188,196,980,12290.0,13756.0,13756.0,0.10657167781331778,0.10657167781331778
1887,188,197,985,13330.0,15638.0,15638.0,0.14758920578079038,0.14758920578079038
1888,188,196,980,11334.0,12970.0,12970.0,0.12613723978411717,0.12613723978411717
1889,188,190,950,11059.0,12388.0,12412.0,0.10728123990958993,0.10900741218175958
1890,188,191,955,11761.0,13838.0,13838.0,0.15009394421159128,0.15009394421159128
1891,188,190,950,11318.0,12566.0,12566.0,0.09931561356040108,0.09931561356040108
1892,188,195,975,12013.0,13525.0,13549.0,0.11179297597042515,0.11336630009594806
1893,188,198,990,12033.0,13902.0,13902.0,0.1344410876132931,0.1344410876132931
1894,188,190,950,11887.0,13699.0,13699.0,0.13227242864442657,0.13227242864442657
1895,188,193,965,11005.0,12674.0,12698.0,0.1316869181000473,0.13332808316270284
1896,188,193,965,11953.0,13914.0,13962.0,0.14093718556849222,0.14389056009167744
1897,188,190,950,11778.0,13013.0,13013.0,0.09490509490509491,0.09490509490509491
1898,188,191,955,11347.0,13263.0,13263.0,0.1444620372464751,0.1444620372464751
1899,188,195,975,11464.0,13429.0,13453.0,0.14632511728349096,0.14784806362893033
1900,188,193,965,11585.0,12932.0,13004.0,0.10416022270337144,0.10912027068594277
1901,188,194,970,12223.0,14469.0,14493.0,0.15522841937936283,0.15662733733526535
1902,188,193,965,12452.0,14225.0,14273.0,0.12463971880492086,0.12758354935892946
1903,188,188,940,10926.0,11865.0,11865.0,0.07914032869785081,0.07914032869785081
1904,188,198,990,11591.0,13466.0,13466.0,0.1392395663151641,0.1392395663151641
1905,188,195,975,12508.0,14333.0,14357.0,0.12732854252424475,0.1287873511179216
1906,188,190,950,11584.0,13353.0,13353.0,0.1324795926009137,0.1324795926009137
1907,188,191,955,11969.0,13255.0,13255.0,0.09701999245567705,0.09701999245567705
1908,188,198,990,11546.0,13264.0,13288.0,0.12952352231604347,0.13109572546658643
1909,188,192,960,11341.0,12619.0,12667.0,0.10127585387114668,0.1046814557511645
1910,188,190,950,11416.0,12948.0,12972.0,0.11831943157244362,0.11995066296638912
1911,188,192,960,11743.0,13295.0,13343.0,0.11673561489281681,0.11991306302930371
1912,188,194,970,12401.0,13700.0,13724.0,0.09481751824817519,0.09640046633634514
1913,188,194,970,11428.0,12874.0,12898.0,0.11231940344881153,0.11397115831911919
1914,188,190,950,12551.0,14135.0,14159.0,0.11206225680933857,0.1135673423264355
1915,188,191,955,11873.0,13532.0,13604.0,0.12259828554537389,0.12724198765069095
1916,188,193,965,11318.0,12727.0,12823.0,0.11070951520389727,0.1173672307572331
1917,188,192,960,11816.0,12917.0,12917.0,0.08523651002554777,0.08523651002554777
1918,188,198,990,12188.0,13971.0,13995.0,0.12762150168205566,0.12911754197927827
1919,188,193,965,11362.0,13000.0,13024.0,0.126,0.12761056511056512
1920,188,195,975,10828.0,12528.0,12576.0,0.13569604086845466,0.13899491094147587
1921,188,193,965,12725.0,14131.0,14179.0,0.09949755855919606,0.10254601876013825
1922,188,195,975,12478.0,14097.0,14097.0,0.11484713059516205,0.11484713059516205
1923,188,195,975,12701.0,14214.0,14214.0,0.10644435064021385,0.10644435064021385
1924,188,194,970,12194.0,13556.0,13556.0,0.10047211566833869,0.10047211566833869
1925,188,195,975,11238.0,12849.0,12849.0,0.12537940695773986,0.12537940695773986
1926,188,191,955,12160.0,13593.0,13593.0,0.10542190833517251,0.10542190833517251
1927,188,194,970,11521.0,12947.0,12947.0,0.11014134548544063,0.11014134548544063
1928,188,193,965,11284.0,12649.0,12673.0,0.1079136690647482,0.10960309319024697
1929,188,196,980,12050.0,13747.0,13771.0,0.12344511529788316,0.12497276886210151
1930,188,191,955,10805.0,13081.0,13105.0,0.17399281400504552,0.1755055322396032
1931,188,190,950,11223.0,12316.0,12388.0,0.08874634621630395,0.09404262189215373
1932,188,194,970,11760.0,13323.0,13347.0,0.11731591983787437,0.11890312429759498
1933,188,192,960,11917.0,13927.0,13927.0,0.14432397501256555,0.14432397501256555
1934,188,195,975,11635.0,13357.0,13357.0,0.12892116493224526,0.12892116493224526
1935,188,195,975,12243.0,13872.0,13872.0,0.11743079584775085,0.11743079584775085
1936,188,194,970,11278.0,12353.0,12401.0,0.08702339512668988,0.0905572131279736
1937,188,192,960,11884.0,13263.0,13311.0,0.10397346000150798,0.1072045676508151
1938,188,193,965,12154.0,13990.0,14014.0,0.13123659756969264,0.1327244184387042
1939,188,198,990,12348.0,14047.0,14095.0,0.12095109276001992,0.12394466122738557
1940,188,191,955,12037.0,14202.0,14202.0,0.15244331784255738,0.15244331784255738
1941,188,190,950,11265.0,13153.0,13177.0,0.14354139739983274,0.14510131289367834
1942,188,188,940,11671.0,12794.0,12794.0,0.0877755197748945,0.0877755197748945
1943,188,194,970,11883.0,13331.0,13355.0,0.1086190083264571,0.11022089105204047
1944,188,192,960,11597.0,13222.0,13222.0,0.12290122523067615,0.12290122523067615
1945,188,193,965,11636.0,13060.0,13060.0,0.1090352220520674,0.1090352220520674
1946,188,191,955,11040.0,12179.0,12203.0,0.09352163560226623,0.09530443333606486
1947,188,194,970,11520.0,13058.0,13082.0,0.11778220248123761,0.11940070325638286
1948,188,193,965,12312.0,14454.0,14454.0,0.14819427148194275,0.14819427148194275
1949,188,197,985,12392.0,13656.0,13752.0,0.09256004686584651,0.09889470622454921
1950,188,199,995,12560.0,14370.0,14442.0,0.12595685455810712,0.13031436089184323
1951,188,191,955,11576.0,13569.0,13593.0,0.1468789151742943,0.14838519826381225
1952,188,192,960,11891.0,13192.0,13192.0,0.09862037598544571,0.09862037598544571
1953,188,194,970,12254.0,13926.0,13926.0,0.1200631911532386,0.1200631911532386
1954,188,194,970,11362.0,13068.0,13068.0,0.13054790327517596,0.13054790327517596
1955,188,195,975,12082.0,14075.0,14099.0,0.1415985790408526,0.1430597914745727
1956,188,193,965,11431.0,12976.0,13048.0,0.11906596794081381,0.12392703862660948
1957,188,196,980,12087.0,13595.0,13643.0,0.11092313350496508,0.11405116176793961
1958,188,192,960,11202.0,12801.0,12801.0,0.12491211624091869,0.12491211624091869
1959,188,193,965,12013.0,13418.0,13442.0,0.10471009092264127,0.10630858503198926
1960,188,189,945,11770.0,13197.0,13221.0,0.10813063575054938,0.10974964072309201
1961,188,196,980,12963.0,14546.0,14546.0,0.10882716898116318,0.10882716898116318
1962,188,190,950,11634.0,12912.0,12936.0,0.09897769516728627,0.10064935064935066
1963,188,192,960,11873.0,13309.0,13333.0,0.10789691186415207,0.1095027375684392
1964,188,196,980,11614.0,13439.0,13463.0,0.13579879455316612,0.13733937458218826
1965,188,190,950,11363.0,13317.0,13317.0,0.146729743936322,0.146729743936322
1966,188,189,945,11832.0,13624.0,13672.0,0.13153258954785674,0.13458162668227036
1967,188,192,960,12340.0,13823.0,13847.0,0.10728495984952613,0.10883223802989817
1968,188,193,965,11555.0,13296.0,13296.0,0.13094163658243085,0.13094163658243085
1969,188,194,970,12393.0,14075.0,14123.0,0.1195026642984014,0.12249522056220352
1970,188,189,945,11621.0,13396.0,13420.0,0.13250223947447004,0.13405365126676605
1971,188,192,960,11112.0,12598.0,12622.0,0.11795523098904592,0.11963238789415309
1972,188,193,965,11841.0,13128.0,13128.0,0.09803473491773307,0.09803473491773307
1973,188,193,965,12450.0,14081.0,14081.0,0.11582984163056598,0.11582984163056598
1974,188,192,960,11823.0,13491.0,13539.0,0.12363798087613964,0.1267449590073122
1975,188,195,975,11494.0,12993.0,12993.0,0.11536981451550832,0.11536981451550832
1976,188,195,975,12102.0,13458.0,13482.0,0.10075791350869368,0.10235870048954165
1977,188,190,950,11528.0,13378.0,13450.0,0.13828673942293312,0.14289962825278812
1978,188,191,955,11457.0,12669.0,12669.0,0.09566658773383852,0.09566658773383852
1979,188,194,970,11918.0,13054.0,13078.0,0.08702313467136513,0.0886985777641841
1980,188,190,950,11425.0,12559.0,12583.0,0.09029381320168806,0.09202892791862038
1981,188,192,960,11550.0,13000.0,13072.0,0.11153846153846159,0.11643206854345167
1982,188,188,940,11732.0,13429.0,13501.0,0.12636830739444482,0.13102733130879196
1983,188,194,970,12325.0,14030.0,14102.0,0.12152530292230934,0.12601049496525318
1984,188,189,945,11165.0,13110.0,13110.0,0.14836003051106028,0.14836003051106028
1985,188,194,970,12385.0,13512.0,13512.0,0.08340734162226171,0.08340734162226171
1986,188,191,955,11419.0,12884.0,12884.0,0.1137069233157405,0.1137069233157405
1987,188,193,965,11775.0,13231.0,13255.0,0.11004459224548413,0.11165597887589584
1988,188,191,955,11095.0,12423.0,12471.0,0.10689849472752155,0.11033597947237594
1989,188,191,955,11273.0,12806.0,12878.0,0.11970951116664064,0.12463115390588597
1990,188,191,955,12668.0,14077.0,14149.0,0.10009234922213539,0.1046717082479327
1991,188,194,970,11409.0,12821.0,12869.0,0.11013181499103031,0.11345092858807992
1992,188,192,960,11281.0,12320.0,12344.0,0.08433441558441557,0.08611471160077766
1993,188,191,955,11870.0,13464.0,13488.0,0.11838978015448609,0.11995848161328593
1994,188,192,960,11592.0,12993.0,13017.0,0.10782729161856386,0.10947222862410688
1995,188,195,975,11811.0,13456.0,13504.0,0.12225029726516057,0.1253702606635071
1996,188,194,970,11086.0,12774.0,12774.0,0.13214341631438864,0.13214341631438864
1997,188,191,955,12429.0,14177.0,14201.0,0.12329830006348308,0.12477994507429058
1998,188,190,950,11048.0,12360.0,12480.0,0.10614886731391582,0.11474358974358978
1999,188,191,955,11676.0,13388.0,13412.0,0.12787570959067818,0.12943632567849683
2000,188,193,965,11530.0,13108.0,13156.0,0.12038449801647844,0.12359379750684096
2001,188,191,955,11085.0,12711.0,12711.0,0.12792069860750532,0.12792069860750532
2002,188,192,960,11395.0,13214.0,13238.0,0.1376570304222794,0.13922042604623053
2003,188,192,960,11734.0,13220.0,13268.0,0.11240544629349469,0.11561652095266806
2004,188,195,975,12097.0,13467.0,13515.0,0.10173015519417838,0.10492045874953759
2005,188,196,980,11636.0,13198.0,13198.0,0.11835126534323381,0.11835126534323381
2006,188,194,970,11924.0,13442.0,13442.0,0.11292962356792147,0.11292962356792147
2007,188,189,945,12296.0,14233.0,14233.0,0.13609218014473412,0.13609218014473412
2008,188,192,960,12348.0,14057.0,14081.0,0.12157643878494695,0.12307364533768905
2009,188,194,970,11646.0,12759.0,12759.0,0.08723254173524575,0.08723254173524575
2010,188,190,950,11814.0,13531.0,13603.0,0.12689379942354595,0.13151510696169966
2011,188,199,995,12111.0,13873.0,13873.0,0.12700929863764143,0.12700929863764143
2012,188,194,970,12147.0,13700.0,13700.0,0.11335766423357663,0.11335766423357663
2013,188,190,950,12188.0,13627.0,13675.0,0.10559917810229691,0.10873857404021936
2014,188,191,955,11716.0,13355.0,13403.0,0.12272557094721082,0.12586734313213455
2015,188,193,965,11673.0,13464.0,13488.0,0.13302139037433158,0.1345640569395018
2016,188,192,960,11750.0,13213.0,13261.0,0.11072428668735335,0.11394314154287011
2017,188,193,965,11655.0,13294.0,13318.0,0.12328870166992634,0.12486859888872204
2018,188,195,975,11299.0,12822.0,12822.0,0.11878022149430667,0.11878022149430667
2019,188,193,965,11989.0,13426.0,13474.0,0.10703113362133176,0.110212260650141
2020,188,193,965,12006.0,13832.0,13856.0,0.13201272411798726,0.13351616628175522
2021,188,197,985,12056.0,13334.0,13382.0,0.09584520773961303,0.09908832760424446
2022,188,195,975,11207.0,12662.0,12686.0,0.11491075659453487,0.11658521204477379
2023,188,191,955,11224.0,12805.0,12829.0,0.12346739554861386,0.1251071790474706
2024,188,189,945,11253.0,12772.0,12796.0,0.1189320388349514,0.12058455767427323
2025,188,190,950,12066.0,13575.0,13575.0,0.11116022099447509,0.11116022099447509
2026,188,195,975,11577.0,13274.0,13274.0,0.1278439053789363,0.1278439053789363
2027,188,194,970,12182.0,14159.0,14159.0,0.13962850483791234,0.13962850483791234
2028,188,194,970,11924.0,13438.0,13462.0,0.1126655752344099,0.1142475115138909
2029,188,195,975,11770.0,13249.0,13273.0,0.11163106649558452,0.11323739923152265
2030,188,194,970,12468.0,13817.0,13817.0,0.0976333502207426,0.0976333502207426
2031,188,192,960,11314.0,12705.0,12729.0,0.10948445493900039,0.11116348495561312
2032,188,193,965,12164.0,13714.0,13714.0,0.11302318798308297,0.11302318798308297
2033,188,191,955,11417.0,13048.0,13048.0,0.125,0.125
2034,188,191,955,11828.0,13294.0,13318.0,0.11027531217090414,0.11187866045952843
2035,188,194,970,11351.0,13234.0,13234.0,0.14228502342451266,0.14228502342451266
2036,188,191,955,12829.0,13982.0,14030.0,0.08246316692890865,0.08560228082679977
2037,188,192,960,12016.0,13492.0,13516.0,0.10939816187370288,0.11097957975732464
2038,188,196,980,12217.0,13824.0,13872.0,0.11624710648148151,0.11930507497116494
2039,188,190,950,11622.0,13072.0,13120.0,0.11092411260709911,0.11417682926829265
2040,188,192,960,11074.0,13129.0,13153.0,0.1565237261025212,0.15806279936136247
2041,188,190,950,12271.0,14111.0,14159.0,0.13039472751753955,0.1333427501942227
2042,188,199,995,12367.0,13653.0,13653.0,0.09419175272833813,0.09419175272833813
2043,188,193,965,11124.0,12651.0,12675.0,0.120701920796775,0.12236686390532547
2044,188,195,975,11208.0,12902.0,12926.0,0.13129747325995966,0.13291041312084173
2045,188,193,965,11064.0,12356.0,12404.0,0.10456458400776947,0.10802966784908097
2046,188,192,960,12392.0,14125.0,14173.0,0.12269026548672568,0.1256614689903337
2047,188,190,950,11801.0,13151.0,13223.0,0.10265379058626722,0.10753989261135899
2048,188,190,950,11645.0,13111.0,13111.0,0.11181450690260086,0.11181450690260086
2049,188,191,955,11718.0,13732.0,13732.0,0.14666472473055636,0.14666472473055636
2050,188,189,945,11774.0,13116.0,13188.0,0.10231777981091794,0.10721868365180465
2051,188,191,955,10880.0,12669.0,12693.0,0.14121082958402398,0.14283463326242807
2052,188,193,965,11543.0,13333.0,13333.0,0.13425335633390834,0.13425335633390834
2053,188,191,955,11406.0,12941.0,12941.0,0.11861525384437066,0.11861525384437066
2054,188,190,950,10993.0,12345.0,12417.0,0.10951802349129203,0.11468148506080378
2055,188,190,950,11713.0,13073.0,13073.0,0.10403120936280885,0.10403120936280885
2056,188,197,985,12838.0,14336.0,14384.0,0.1044921875,0.10748053392658508
2057,188,194,970,11838.0,13505.0,13505.0,0.12343576453165495,0.12343576453165495
2058,188,193,965,12067.0,13159.0,13183.0,0.08298502925754236,0.08465447925358416
2059,188,192,960,11435.0,13290.0,13314.0,0.1395786305492852,0.14112963797506384
2060,188,196,980,12082.0,14133.0,14133.0,0.14512134720158498,0.14512134720158498
2061,188,193,965,11345.0,12713.0,12761.0,0.10760638716274684,0.1109630906668756
2062,188,192,960,11904.0,13295.0,13343.0,0.10462579917262127,0.10784681106198002
2063,188,193,965,12075.0,13786.0,13834.0,0.12411141737995068,0.1271504987711436
2064,188,189,945,11400.0,12813.0,12861.0,0.11027862327323812,0.11359925355726619
2065,188,197,985,12285.0,13739.0,13859.0,0.10583011864036684,0.11357240782163214
2066,188,194,970,11474.0,12987.0,13011.0,0.1165011165011165,0.11813081238951662
2067,188,192,960,12141.0,13885.0,13909.0,0.1256031688872884,0.12711194190811703
2068,188,190,950,11894.0,13643.0,13643.0,0.12819761049622513,0.12819761049622513
2069,188,193,965,12184.0,13646.0,13646.0,0.10713762274659244,0.10713762274659244
2070,188,193,965,12264.0,14079.0,14103.0,0.1289154059237162,0.13039778770474364
2071,188,195,975,11822.0,13555.0,13555.0,0.12784950202877166,0.12784950202877166
2072,188,190,950,11782.0,13392.0,13392.0,0.12022102747909202,0.12022102747909202
2073,188,195,975,12018.0,13560.0,13608.0,0.11371681415929202,0.11684303350970016
2074,188,193,965,11803.0,13091.0,13163.0,0.09838820563746087,0.10331991187419276
2075,188,196,980,11914.0,13412.0,13412.0,0.11169102296450939,0.11169102296450939
2076,188,190,950,11202.0,12701.0,12725.0,0.11802220297614363,0.11968565815324161
2077,188,191,955,11570.0,13286.0,13286.0,0.12915851272015655,0.12915851272015655
2078,188,198,990,12882.0,14985.0,15009.0,0.14034034034034037,0.1417149710173896
2079,188,189,945,11975.0,13400.0,13400.0,0.10634328358208955,0.10634328358208955
2080,188,189,945,11142.0,12300.0,12324.0,0.0941463414634146,0.09591041869522887
2081,188,195,975,11468.0,13130.0,13130.0,0.12658035034272663,0.12658035034272663
2082,188,192,960,11110.0,12984.0,13032.0,0.14433148490449788,0.14748311847759366
2083,188,193,965,12183.0,14236.0,14236.0,0.14421185726327623,0.14421185726327623
2084,188,192,960,12239.0,13765.0,13789.0,0.11086087904104613,0.11240844151134965
2085,188,192,960,11456.0,12956.0,13028.0,0.11577647422043835,0.12066318698188516
2086,188,188,940,11521.0,13541.0,13565.0,0.14917657484676172,0.1506819019535569
2087,188,189,945,11616.0,13079.0,13079.0,0.11185870479394444,0.11185870479394444
2088,188,191,955,11755.0,13435.0,13483.0,0.12504652028284335,0.1281613884150412
2089,188,189,945,10942.0,12626.0,12626.0,0.13337557421194357,0.13337557421194357
2090,188,199,995,11698.0,13356.0,13380.0,0.12413896376160527,0.12571001494768308
2091,188,193,965,11494.0,13271.0,13295.0,0.1339009871147615,0.13546446032342985
2092,188,195,975,11987.0,13732.0,13780.0,0.1270754442178852,0.13011611030478953
2093,188,194,970,11612.0,13152.0,13152.0,0.11709245742092456,0.11709245742092456
2094,188,193,965,11626.0,12854.0,12878.0,0.09553446398008403,0.0972200652275198
2095,188,190,950,11444.0,12707.0,12731.0,0.09939403478397735,0.10109182310894671
2096,188,190,950,11071.0,12752.0,12776.0,0.1318224592220828,0.13345335003130865
2097,188,190,950,11396.0,12912.0,12936.0,0.11741016109045854,0.11904761904761907
2098,188,190,950,11795.0,13356.0,13356.0,0.11687631027253664,0.11687631027253664
2099,188,194,970,11510.0,13029.0,13029.0,0.11658607721237235,0.11658607721237235
2100,188,191,955,12371.0,13906.0,13906.0,0.11038400690349492,0.11038400690349492
2101,188,195,975,11431.0,12835.0,12835.0,0.10938839111803667,0.10938839111803667
2102,188,192,960,11998.0,13662.0,13662.0,0.12179768701507832,0.12179768701507832
2103,188,200,1000,13127.0,14970.0,14994.0,0.12311289245156976,0.12451647325596904
2104,188,190,950,11749.0,13437.0,13485.0,0.12562327900573045,0.12873563218390804
2105,188,190,950,11565.0,12959.0,12959.0,0.10757002855158582,0.10757002855158582
2106,188,193,965,11289.0,13125.0,13149.0,0.13988571428571428,0.1414556240018252
2107,188,190,950,11775.0,13017.0,13041.0,0.0954136897902742,0.09707844490453188
2108,188,196,980,12192.0,14118.0,14118.0,0.1364215894602635,0.1364215894602635
2109,188,194,970,12124.0,13827.0,13899.0,0.12316482244883198,0.12770702928268218
2110,188,189,945,11534.0,12828.0,12852.0,0.1008730901153726,0.10255213196389668
2111,188,193,965,12076.0,13719.0,13719.0,0.11976091551862378,0.11976091551862378
2112,188,194,970,11874.0,13615.0,13663.0,0.12787366874770478,0.13093756861597017
2113,188,194,970,11832.0,13765.0,13813.0,0.1404286233200145,0.14341562296387456
2114,188,194,970,11795.0,13396.0,13396.0,0.11951328754852197,0.11951328754852197
2115,188,194,970,11714.0,13702.0,13726.0,0.14508830827616404,0.14658312691242892
2116,188,193,965,11708.0,13041.0,13113.0,0.10221608772333413,0.10714558072142144
2117,188,189,945,11680.0,12746.0,12746.0,0.08363408128040173,0.08363408128040173
2118,188,192,960,11356.0,12833.0,12857.0,0.11509389854281926,0.11674574161935136
2119,188,194,970,11792.0,13235.0,13235.0,0.10902908953532298,0.10902908953532298
2120,188,194,970,12577.0,14281.0,14329.0,0.11931937539387993,0.12226952334426688
2121,188,191,955,11572.0,12852.0,12876.0,0.09959539371304083,0.10127368748058407
2122,188,192,960,11845.0,13363.0,13387.0,0.11359724612736666,0.11518637484126393
2123,188,189,945,11420.0,12945.0,12945.0,0.11780610274237158,0.11780610274237158
2124,188,190,950,11346.0,13069.0,13069.0,0.13183870227255334,0.13183870227255334
2125,188,193,965,11896.0,14125.0,14149.0,0.15780530973451323,0.1592338681178882
2126,188,191,955,11453.0,12919.0,12943.0,0.11347627525350257,0.11512014216178634
2127,188,193,965,12273.0,14258.0,14258.0,0.13922008696871935,0.13922008696871935
2128,188,195,975,11788.0,13355.0,13379.0,0.11733433171096963,0.11891770685402492
2129,188,189,945,11496.0,13161.0,13185.0,0.1265101436061089,0.1281001137656428
2130,188,190,950,12146.0,13457.0,13481.0,0.09742141636323098,0.09902826199836812
2131,188,193,965,11870.0,13279.0,13327.0,0.10610738760448823,0.10932693029188867
2132,188,192,960,12239.0,13951.0,13975.0,0.12271521754712922,0.12422182468694098
2133,188,194,970,11829.0,13019.0,13091.0,0.09140486980566864,0.09640210831869223
2134,188,190,950,12003.0,14000.0,14024.0,0.14264285714285718,0.14411009697661148
2135,188,194,970,11071.0,12744.0,12744.0,0.1312774639045825,0.1312774639045825
2136,188,194,970,11183.0,12836.0,12884.0,0.12877843564973512,0.13202421608196213
2137,188,194,970,11918.0,13395.0,13491.0,0.11026502426278462,0.11659624935141943
2138,188,192,960,11218.0,12552.0,12576.0,0.10627788400254945,0.10798346055979646
2139,188,190,950,11676.0,13272.0,13272.0,0.120253164556962,0.120253164556962
2140,188,190,950,11713.0,13399.0,13399.0,0.125830285842227,0.125830285842227
2141,188,194,970,11943.0,13536.0,13560.0,0.11768617021276595,0.1192477876106195
2142,188,194,970,11978.0,14119.0,14143.0,0.15163963453502372,0.15307926182563814
2143,188,192,960,12090.0,13130.0,13130.0,0.07920792079207917,0.07920792079207917
2144,188,190,950,11593.0,13453.0,13501.0,0.1382591243588791,0.14132286497296498
2145,188,193,965,12159.0,14382.0,14382.0,0.15456821026282852,0.15456821026282852
2146,188,192,960,12308.0,13379.0,13427.0,0.08005082592121981,0.08333953973337305
2147,188,189,945,11042.0,12500.0,12548.0,0.11663999999999997,0.12001912655403246
2148,188,193,965,12646.0,14272.0,14296.0,0.11392937219730936,0.11541689983212089
2149,188,200,1000,12023.0,13396.0,13420.0,0.10249328157658999,0.10409836065573774
2150,188,189,945,11263.0,12674.0,12722.0,0.11133028246804477,0.11468322590787616
2151,188,193,965,11822.0,13477.0,13501.0,0.12280181049194927,0.12436115843270867
2152,188,192,960,12927.0,14549.0,14621.0,0.11148532545192114,0.11586074823883452
2153,188,193,965,12557.0,14414.0,14414.0,0.1288330789510198,0.1288330789510198
2154,188,195,975,13338.0,14857.0,14881.0,0.10224136770545866,0.10368926819434177
2155,188,191,955,11838.0,13402.0,13402.0,0.11669900014923151,0.11669900014923151
2156,188,192,960,11721.0,13163.0,13187.0,0.10954949479601916,0.1111700917570334
2157,188,192,960,12047.0,13328.0,13352.0,0.09611344537815125,0.09773816656680645
2158,188,190,950,11522.0,13374.0,13398.0,0.1384776431882757,0.1400208986415883
2159,188,191,955,12070.0,14063.0,14063.0,0.1417194055322477,0.1417194055322477
2160,188,203,1015,12403.0,14815.0,14815.0,0.1628079649004387,0.1628079649004387
2161,188,196,980,12054.0,13588.0,13612.0,0.11289372976155432,0.11445783132530118
2162,188,195,975,11974.0,13376.0,13400.0,0.10481459330143539,0.10641791044776117
2163,188,194,970,12132.0,13667.0,13667.0,0.11231433379673661,0.11231433379673661
2164,188,194,970,11976.0,13309.0,13309.0,0.10015778796303254,0.10015778796303254
2165,188,193,965,13114.0,15148.0,15172.0,0.13427515183522576,0.13564460848932247
2166,188,190,950,11445.0,12848.0,12872.0,0.10919987546699872,0.11086078309509007
2167,188,192,960,12049.0,13468.0,13492.0,0.10536085536085538,0.10695226801067304
2168,188,197,985,11952.0,13281.0,13281.0,0.10006776598147726,0.10006776598147726
2169,188,194,970,12744.0,14641.0,14641.0,0.12956765248275393,0.12956765248275393
2170,188,191,955,11605.0,13259.0,13259.0,0.1247454559167358,0.1247454559167358
2171,188,195,975,11937.0,13372.0,13444.0,0.10731379000897401,0.11209461469800652
2172,188,195,975,11930.0,13343.0,13367.0,0.10589822378775393,0.10750355352734342
2173,188,194,970,12661.0,14178.0,14202.0,0.10699675553674703,0.10850584424728915
2174,188,192,960,11591.0,12976.0,12976.0,0.10673551171393336,0.10673551171393336
2175,188,192,960,11758.0,13358.0,13358.0,0.11977840994160804,0.11977840994160804
2176,188,193,965,11781.0,13329.0,13329.0,0.1161377447670493,0.1161377447670493
2177,188,194,970,11893.0,13923.0,13923.0,0.1458019105077929,0.1458019105077929
2178,188,189,945,10684.0,12102.0,12102.0,0.117170715584201,0.117170715584201
2179,188,194,970,12144.0,13907.0,13979.0,0.12677069101891136,0.1312683310680306
2180,188,194,970,11954.0,14007.0,14055.0,0.14656957235667878,0.14948416933475628
2181,188,194,970,11796.0,13648.0,13648.0,0.13569753810082064,0.13569753810082064
2182,188,192,960,11246.0,13093.0,13093.0,0.14106774612388295,0.14106774612388295
2183,188,191,955,11326.0,13144.0,13144.0,0.13831405964698718,0.13831405964698718
2184,188,192,960,11918.0,13498.0,13546.0,0.11705437842643351,0.1201830798759781
2185,188,195,975,11739.0,13271.0,13295.0,0.11543968050636721,0.11703647987965404
2186,188,191,955,12276.0,13933.0,13957.0,0.118926290102634,0.12044135559217595
2187,188,198,990,12498.0,14274.0,14298.0,0.12442202606137032,0.12589173310952584
2188,188,193,965,11549.0,13481.0,13481.0,0.14331281062235735,0.14331281062235735
2189,188,197,985,11500.0,13294.0,13294.0,0.1349480968858131,0.1349480968858131
2190,188,203,1015,11920.0,13995.0,14019.0,0.1482672382993926,0.14972537270846709
2191,188,190,950,11691.0,13428.0,13428.0,0.1293565683646113,0.1293565683646113
2192,188,196,980,12670.0,13970.0,14018.0,0.09305654974946309,0.09616207732914828
2193,188,191,955,10993.0,12613.0,12661.0,0.12843891223340997,0.13174314825053313
2194,188,196,980,11877.0,13689.0,13761.0,0.13236905544597855,0.1369086548942664
2195,188,188,940,12974.0,14228.0,14252.0,0.08813606972167554,0.08967162503508275
2196,188,191,955,11067.0,12645.0,12645.0,0.12479240806642944,0.12479240806642944
2197,188,194,970,11479.0,13270.0,13318.0,0.13496608892238127,0.1380837963658207
2198,188,195,975,11686.0,13042.0,13066.0,0.1039717834687931,0.10561763355273224
2199,188,194,970,11889.0,13688.0,13712.0,0.1314289888953828,0.13294924154025667
2200,188,190,950,11410.0,12719.0,12743.0,0.10291689598238851,0.10460645060032958
2201,188,192,960,12449.0,14272.0,14320.0,0.12773262331838564,0.13065642458100557
2202,188,191,955,11029.0,12708.0,12756.0,0.13212149826880704,0.13538726873628093
2203,188,189,945,12159.0,13486.0,13486.0,0.09839833901824113,0.09839833901824113
2204,188,195,975,11797.0,13264.0,13312.0,0.11060012062726177,0.11380709134615385
2205,188,192,960,12364.0,14043.0,14043.0,0.11956134729046497,0.11956134729046497
2206,188,191,955,11955.0,13514.0,13538.0,0.11536184697350893,0.11693012261781655
2207,188,195,975,11868.0,13811.0,13811.0,0.14068496126276153,0.14068496126276153
2208,188,193,965,11781.0,13872.0,13872.0,0.15073529411764708,0.15073529411764708
2209,188,194,970,11683.0,13806.0,13854.0,0.15377372157033176,0.1567056445791829
2210,188,192,960,11179.0,12463.0,12487.0,0.1030249538634358,0.10474893889645231
2211,188,189,945,11381.0,12580.0,12628.0,0.09531001589825117,0.09874881216344633
2212,188,196,980,11758.0,13303.0,13375.0,0.11613921671803351,0.12089719626168227
2213,188,192,960,11279.0,13392.0,13416.0,0.1577807646356033,0.15928741800834822
2214,188,197,985,12393.0,14186.0,14258.0,0.12639221767940223,0.13080375929302845
2215,188,190,950,11862.0,13343.0,13415.0,0.1109945289664993,0.11576593365635479
2216,188,190,950,11477.0,12694.0,12694.0,0.09587206554277616,0.09587206554277616
2217,188,195,975,10913.0,11908.0,11908.0,0.08355727242190125,0.08355727242190125
2218,188,194,970,12156.0,13706.0,13706.0,0.11308915803297825,0.11308915803297825
2219,188,190,950,11722.0,13438.0,13438.0,0.12769757404375648,0.12769757404375648
2220,188,196,980,11608.0,13436.0,13484.0,0.1360523965465913,0.13912785523583504
2221,188,190,950,11655.0,13190.0,13238.0,0.11637604245640631,0.1195799969783955
2222,188,195,975,11636.0,13289.0,13289.0,0.12438859206862818,0.12438859206862818
2223,188,194,970,12279.0,13852.0,13852.0,0.11355760900952927,0.11355760900952927
2224,188,190,950,11494.0,13056.0,13104.0,0.11963848039215685,0.12286324786324787
2225,188,195,975,12110.0,13481.0,13553.0,0.1016986870410207,0.10647089205341986
2226,188,193,965,12000.0,13248.0,13296.0,0.09420289855072461,0.09747292418772568
2227,188,194,970,11865.0,13857.0,13857.0,0.14375405932019913,0.14375405932019913
2228,188,195,975,12351.0,14100.0,14100.0,0.12404255319148938,0.12404255319148938
2229,188,191,955,11702.0,13179.0,13203.0,0.11207223613324224,0.11368628342043474
2230,188,196,980,11885.0,13089.0,13089.0,0.09198563679425475,0.09198563679425475
2231,188,195,975,12098.0,13658.0,13682.0,0.1142187728803632,0.11577254787311797
2232,188,195,975,12764.0,14549.0,14573.0,0.12268884459413021,0.12413367185891722
2233,188,199,995,12278.0,13815.0,13839.0,0.11125588128845454,0.11279716742539203
2234,188,192,960,12347.0,14201.0,14201.0,0.13055418632490667,0.13055418632490667
2235,188,194,970,12098.0,13619.0,13667.0,0.11168220867905132,0.1148020779980976
2236,188,195,975,11464.0,12998.0,13022.0,0.11801815663948301,0.11964367992627856
2237,188,196,980,11345.0,13299.0,13323.0,0.14692834047672754,0.14846506042182694
2238,188,195,975,12234.0,14031.0,14055.0,0.12807355142185162,0.12956243329775885
2239,188,199,995,12203.0,13991.0,14039.0,0.12779644056893713,0.13077854548044732
2240,188,190,950,11334.0,12926.0,12950.0,0.12316261797926664,0.12478764478764481
2241,188,195,975,11299.0,12797.0,12869.0,0.11705868562944444,0.12199860128992157
2242,188,195,975,11462.0,13037.0,13085.0,0.12081000230114292,0.12403515475735571
2243,188,197,985,12031.0,14155.0,14179.0,0.1500529848110208,0.15149164256999792
2244,188,196,980,11926.0,13526.0,13526.0,0.11829069939376013,0.11829069939376013
2245,188,191,955,11558.0,12850.0,12850.0,0.10054474708171202,0.10054474708171202
2246,188,192,960,12838.0,14428.0,14428.0,0.11020238425284168,0.11020238425284168
2247,188,190,950,11588.0,13021.0,13045.0,0.11005299132171109,0.11169030279800685
2248,188,188,940,11195.0,12851.0,12899.0,0.1288615671932145,0.1321032638189007
2249,188,194,970,11463.0,13113.0,13113.0,0.12582932967284377,0.12582932967284377
2250,188,188,940,10960.0,13121.0,13169.0,0.16469781266671746,0.16774242539296835
2251,188,191,955,12026.0,14065.0,14185.0,0.14496978314966225,0.15220303137116675
2252,188,194,970,11056.0,12331.0,12403.0,0.10339794015083936,0.10860275739740388
2253,188,193,965,12069.0,13466.0,13466.0,0.10374275954255163,0.10374275954255163
2254,188,190,950,11112.0,12013.0,12085.0,0.07500208107883122,0.08051303268514687
2255,188,192,960,11683.0,13016.0,13064.0,0.10241241548862934,0.10571034905082666
2256,188,196,980,12272.0,13971.0,13995.0,0.12160904731228972,0.12311539835655594
2257,188,188,940,12115.0,13611.0,13611.0,0.10991110131511272,0.10991110131511272
2258,188,191,955,12429.0,14034.0,14058.0,0.11436511329628041,0.11587708066581304
2259,188,191,955,12629.0,14301.0,14325.0,0.11691490105587021,0.11839441535776618
2260,188,195,975,11461.0,13184.0,13208.0,0.130688713592233,0.13226832222895213
2261,188,194,970,12767.0,14801.0,14825.0,0.13742314708465642,0.13881956155143338
2262,188,194,970,11577.0,13049.0,13049.0,0.11280557897156873,0.11280557897156873
2263,188,193,965,12536.0,14334.0,14358.0,0.1254360262313381,0.12689789664298645
2264,188,191,955,11279.0,12507.0,12507.0,0.09818501639082111,0.09818501639082111
2265,188,197,985,12524.0,14525.0,14525.0,0.13776247848537004,0.13776247848537004
2266,188,196,980,11754.0,13494.0,13518.0,0.12894619831036014,0.13049267643142481
2267,188,191,955,12843.0,15188.0,15212.0,0.15439820911245716,0.15573231659216413
2268,188,192,960,11578.0,13208.0,13232.0,0.12341005451241671,0.125
2269,188,193,965,11772.0,13344.0,13344.0,0.1178057553956835,0.1178057553956835
2270,188,197,985,12039.0,13686.0,13686.0,0.1203419552827707,0.1203419552827707
2271,188,188,940,11716.0,13247.0,13247.0,0.11557333735940212,0.11557333735940212
2272,188,193,965,11972.0,13767.0,13863.0,0.13038425219728333,0.1364062612710092
2273,188,192,960,11718.0,13372.0,13372.0,0.12369129524379296,0.12369129524379296
2274,188,193,965,11878.0,13341.0,13389.0,0.1096619443819804,0.11285383523788184
2275,188,196,980,11755.0,13928.0,14000.0,0.15601665709362433,0.16035714285714286
2276,188,195,975,12074.0,13373.0,13397.0,0.09713602033948998,0.09875345226543253
2277,188,193,965,11621.0,13066.0,13066.0,0.11059237716210013,0.11059237716210013
2278,188,198,990,12263.0,13784.0,13808.0,0.11034532791642482,0.11189165701042869
2279,188,198,990,11801.0,13518.0,13518.0,0.12701583074419298,0.12701583074419298
2280,188,192,960,12311.0,13768.0,13816.0,0.10582510168506687,0.10893167342211929
2281,188,192,960,11328.0,12984.0,12984.0,0.12754158964879847,0.12754158964879847
2282,188,194,970,12331.0,13993.0,14041.0,0.11877367255056104,0.121786197564276
2283,188,189,945,12194.0,13411.0,13435.0,0.09074640220714336,0.09237067361369555
2284,188,190,950,12058.0,13812.0,13884.0,0.1269910222994498,0.1315182944396428
2285,188,193,965,11128.0,12819.0,12819.0,0.13191356580076452,0.13191356580076452
2286,188,192,960,11292.0,12807.0,12855.0,0.11829468259545561,0.12158693115519248
2287,188,190,950,12234.0,13515.0,13539.0,0.0947835738068813,0.09638821183248392
2288,188,189,945,11344.0,13036.0,13036.0,0.12979441546486647,0.12979441546486647
2289,188,193,965,11474.0,12834.0,12858.0,0.10596852111578614,0.107637268626536
2290,188,194,970,12497.0,14568.0,14592.0,0.14216090060406372,0.14357182017543857
2291,188,192,960,11620.0,13315.0,13363.0,0.12730003755163355,0.13043478260869568
2292,188,191,955,12043.0,14256.0,14352.0,0.15523288439955107,0.16088350055741363
2293,188,192,960,11373.0,13241.0,13241.0,0.1410769579336908,0.1410769579336908
2294,188,191,955,11970.0,13315.0,13339.0,0.10101389410439354,0.10263138166279329
2295,188,198,990,12380.0,14090.0,14090.0,0.12136266855926192,0.12136266855926192
2296,188,197,985,11868.0,13251.0,13251.0,0.1043694815485624,0.1043694815485624
2297,188,197,985,12072.0,13378.0,13378.0,0.0976229630737031,0.0976229630737031
2298,188,190,950,11628.0,12853.0,12877.0,0.0953084882906714,0.09699464160907045
2299,188,194,970,12065.0,13249.0,13273.0,0.08936523511208394,0.09101182852407141
2300,188,194,970,11926.0,13330.0,13354.0,0.10532633158289573,0.1069342519095402
2301,188,193,965,11818.0,13220.0,13244.0,0.10605143721633892,0.1076713983690728
2302,188,193,965,11645.0,13263.0,13287.0,0.12199351579582296,0.12357943854895759
2303,188,195,975,12276.0,14471.0,14495.0,0.15168267569622007,0.15308727147292167
2304,188,189,945,12207.0,14016.0,14040.0,0.1290667808219178,0.13055555555555554
2305,188,191,955,12396.0,13711.0,13711.0,0.09590839471956825,0.09590839471956825
2306,188,194,970,12543.0,14269.0,14293.0,0.12096152498423152,0.12243755684600854
2307,188,194,970,11919.0,13151.0,13151.0,0.09368108889057869,0.09368108889057869
2308,188,188,940,12371.0,14031.0,14055.0,0.1183094576295346,0.11981501245108506
2309,188,190,950,11830.0,13523.0,13547.0,0.12519411373216005,0.12674392854506533
2310,188,192,960,12097.0,13306.0,13306.0,0.09086126559446861,0.09086126559446861
2311,188,195,975,12108.0,14118.0,14142.0,0.1423714407139821,0.14382689859991515
2312,188,189,945,11748.0,13083.0,13107.0,0.10204081632653061,0.10368505378805215
2313,188,195,975,12366.0,13942.0,13942.0,0.11303973604934725,0.11303973604934725
2314,188,194,970,12056.0,13553.0,13553.0,0.11045524976020071,0.11045524976020071
2315,188,200,1000,12731.0,14585.0,14609.0,0.12711690092560846,0.12855089328496128
2316,188,193,965,12409.0,13443.0,13467.0,0.07691735475712269,0.0785624118214896
2317,188,192,960,10895.0,12499.0,12499.0,0.12833026642131373,0.12833026642131373
2318,188,190,950,11907.0,13188.0,13236.0,0.09713375796178347,0.10040797824116043
2319,188,196,980,12145.0,13565.0,13589.0,0.10468116476225575,0.10626241813231285
2320,188,189,945,12340.0,13819.0,13867.0,0.10702655763803459,0.11011754525131612
2321,188,194,970,11577.0,12727.0,12727.0,0.09035907912312402,0.09035907912312402
2322,188,195,975,11799.0,13452.0,13500.0,0.1228813559322034,0.126
2323,188,194,970,12913.0,14346.0,14346.0,0.09988847065384077,0.09988847065384077
2324,188,192,960,12748.0,14099.0,14099.0,0.09582239875168452,0.09582239875168452
2325,188,196,980,12089.0,13907.0,13955.0,0.1307255339037895,0.1337155141526335
2326,188,194,970,12800.0,14597.0,14621.0,0.12310748783996717,0.12454688461801522
2327,188,192,960,11187.0,12797.0,12821.0,0.12581073689145894,0.12744715700803366
2328,188,196,980,11742.0,13242.0,13242.0,0.11327594019030363,0.11327594019030363
2329,188,196,980,11826.0,13532.0,13556.0,0.12607153414129468,0.12761876659781646
2330,188,192,960,11564.0,13238.0,13286.0,0.12645414715213776,0.12961011591148575
2331,188,190,950,11945.0,13821.0,13917.0,0.13573547500180883,0.1416972048573687
2332,188,195,975,11453.0,12962.0,12986.0,0.11641721956488194,0.11805020791621745
2333,188,191,955,12486.0,13999.0,14023.0,0.10807914851060785,0.10960564786422311
2334,188,193,965,11590.0,13971.0,14019.0,0.17042445064777034,0.1732648548398602
2335,188,193,965,11725.0,12829.0,12877.0,0.08605503156910121,0.0894618311718568
2336,188,196,980,11961.0,13534.0,13558.0,0.11622580168464602,0.11779023454786841
2337,188,198,990,12478.0,13735.0,13735.0,0.09151801965780848,0.09151801965780848
2338,188,195,975,11714.0,13174.0,13174.0,0.11082435099438293,0.11082435099438293
2339,188,194,970,11452.0,12755.0,12779.0,0.10215601724813794,0.10384224117693086
2340,188,192,960,11427.0,13150.0,13150.0,0.13102661596958176,0.13102661596958176
2341,188,195,975,12396.0,14131.0,14131.0,0.12277970419644757,0.12277970419644757
2342,188,192,960,12056.0,13913.0,13937.0,0.13347229210091283,0.13496448303078135
2343,188,191,955,12309.0,14045.0,14069.0,0.12360270558917763,0.12509773260359658
2344,188,193,965,11505.0,13465.0,13465.0,0.14556256962495362,0.14556256962495362
2345,188,200,1000,12447.0,14796.0,14820.0,0.15875912408759119,0.1601214574898785
2346,188,192,960,11688.0,12975.0,13047.0,0.09919075144508671,0.10416187629340079
2347,188,197,985,11696.0,13648.0,13696.0,0.14302461899179364,0.1460280373831776
2348,188,191,955,11699.0,13392.0,13416.0,0.1264187574671446,0.12798151460942153
2349,188,191,955,12285.0,13923.0,13947.0,0.11764705882352944,0.11916541191654118
2350,188,194,970,11672.0,13001.0,13049.0,0.10222290593031302,0.10552532761131117
2351,188,195,975,11742.0,13367.0,13367.0,0.12156804069723948,0.12156804069723948
2352,188,192,960,11835.0,13344.0,13344.0,0.11308453237410077,0.11308453237410077
2353,188,193,965,11278.0,12655.0,12679.0,0.1088107467404188,0.11049767331808502
2354,188,198,990,12550.0,13822.0,13846.0,0.09202720300969469,0.09360104001155567
2355,188,195,975,12388.0,13783.0,13855.0,0.1012116375244867,0.10588235294117643
2356,188,188,940,10917.0,12220.0,12292.0,0.10662847790507368,0.11186137325089485
2357,188,193,965,12571.0,14361.0,14361.0,0.1246431307012047,0.1246431307012047
2358,188,192,960,11960.0,13426.0,13450.0,0.10919112170415612,0.11078066914498141
2359,188,196,980,11989.0,14220.0,14220.0,0.15689170182841072,0.15689170182841072
2360,188,195,975,11449.0,12749.0,12749.0,0.10196878186524438,0.10196878186524438
2361,188,191,955,11390.0,13033.0,13033.0,0.12606460523287044,0.12606460523287044
2362,188,192,960,11872.0,13616.0,13640.0,0.12808460634547592,0.12961876832844577
2363,188,195,975,12208.0,13580.0,13604.0,0.10103092783505152,0.10261687738900327
2364,188,189,945,11606.0,12995.0,12995.0,0.10688726433243556,0.10688726433243556
2365,188,196,980,11246.0,13295.0,13343.0,0.15411808950733363,0.15716105823278126
2366,188,189,945,12154.0,13829.0,13877.0,0.12112227926820451,0.12416228291417453
2367,188,188,940,12611.0,13944.0,13944.0,0.09559667240390135,0.09559667240390135
2368,188,188,940,11341.0,12889.0,12913.0,0.12010241291023349,0.12173778362890109
2369,188,190,950,12008.0,13587.0,13611.0,0.11621402811511006,0.11777238997869366
2370,188,194,970,11406.0,13248.0,13296.0,0.13903985507246375,0.14214801444043323
2371,188,189,945,11057.0,12706.0,12706.0,0.12978120572957663,0.12978120572957663
2372,188,193,965,11853.0,13535.0,13559.0,0.12427041004802364,0.12582048823659564
2373,188,190,950,11044.0,12562.0,12562.0,0.12084063047285465,0.12084063047285465
2374,188,193,965,11375.0,12890.0,12938.0,0.11753297129557794,0.12080692533621884
2375,188,192,960,11917.0,12844.0,12844.0,0.07217377763936472,0.07217377763936472
2376,188,189,945,11306.0,12677.0,12701.0,0.10814861560306066,0.1098338713487127
2377,188,197,985,11428.0,12999.0,13023.0,0.12085545041926304,0.12247562005682255
2378,188,193,965,11237.0,12536.0,12632.0,0.10362156987874915,0.1104338188727042
2379,188,196,980,11179.0,13430.0,13454.0,0.16760982874162322,0.16909469302809577
2380,188,192,960,11806.0,13460.0,13460.0,0.12288261515601784,0.12288261515601784
2381,188,199,995,12646.0,14420.0,14468.0,0.12302357836338418,0.12593309372408068
2382,188,193,965,11329.0,13256.0,13280.0,0.14536813518406755,0.14691265060240966
2383,188,196,980,11249.0,12590.0,12590.0,0.10651310563939631,0.10651310563939631
2384,188,191,955,11387.0,12698.0,12698.0,0.10324460544967706,0.10324460544967706
2385,188,197,985,11708.0,12956.0,13004.0,0.09632602655140476,0.09966164257151644
2386,188,193,965,11507.0,13499.0,13499.0,0.14756648640640047,0.14756648640640047
2387,188,190,950,11167.0,12574.0,12622.0,0.11189756640687132,0.1152749168119157
2388,188,192,960,11667.0,13273.0,13273.0,0.12099751374971746,0.12099751374971746
2389,188,192,960,11827.0,13446.0,13446.0,0.120407556150528,0.120407556150528
2390,188,189,945,11152.0,12448.0,12472.0,0.10411311053984573,0.1058370750481078
2391,188,188,940,11495.0,13259.0,13283.0,0.1330417075194208,0.13460814575020708
2392,188,191,955,11710.0,13243.0,13243.0,0.11575926904779887,0.11575926904779887
2393,188,197,985,12443.0,14322.0,14346.0,0.13119676022901827,0.13265021608810823
2394,188,194,970,11689.0,13293.0,13293.0,0.12066501166027233,0.12066501166027233
2395,188,193,965,11586.0,13248.0,13296.0,0.1254528985507246,0.12861010830324915
2396,188,196,980,11353.0,13052.0,13100.0,0.13017162120747783,0.13335877862595424
2397,188,193,965,11375.0,12760.0,12832.0,0.10854231974921635,0.1135442643391521
2398,188,194,970,11519.0,13156.0,13204.0,0.12442991790817881,0.12761284459254774
2399,188,193,965,12599.0,13954.0,13954.0,0.09710477282499641,0.09710477282499641
2400,188,192,960,11928.0,13417.0,13417.0,0.1109786092270999,0.1109786092270999
2401,188,190,950,11943.0,13539.0,13539.0,0.11788167516064707,0.11788167516064707
2402,188,191,955,11372.0,13196.0,13244.0,0.13822370415277352,0.14134702506795527
2403,188,196,980,11833.0,13598.0,13646.0,0.1297984997793793,0.13285944599149935
2404,188,190,950,11745.0,12911.0,12935.0,0.09031058787080781,0.09199845380749905
2405,188,194,970,12407.0,13720.0,13744.0,0.09569970845481046,0.09727881257275905
2406,188,192,960,11746.0,13637.0,13685.0,0.13866686221309676,0.14168797953964196
2407,188,193,965,11986.0,13619.0,13691.0,0.1199060136573904,0.12453436564166243
2408,188,193,965,12048.0,13758.0,13782.0,0.12429132141299604,0.12581628210709617
2409,188,193,965,11476.0,12865.0,12865.0,0.10796735328410412,0.10796735328410412
2410,188,192,960,11047.0,12331.0,12355.0,0.10412780796366883,0.10586806960744632
2411,188,195,975,12155.0,13327.0,13351.0,0.0879417723418624,0.0895813047711782
2412,188,194,970,12724.0,14389.0,14437.0,0.11571339217457777,0.11865345986008169
2413,188,195,975,11559.0,12612.0,12612.0,0.08349191246431975,0.08349191246431975
2414,188,191,955,12172.0,13537.0,13585.0,0.1008347492058802,0.10401177769598824
2415,188,194,970,12110.0,13901.0,13901.0,0.1288396518236098,0.1288396518236098
2416,188,196,980,12152.0,14214.0,14214.0,0.1450682425777402,0.1450682425777402
2417,188,192,960,11497.0,12558.0,12606.0,0.08448797579232359,0.08797398064413775
2418,188,192,960,11261.0,12951.0,12975.0,0.1304918539108949,0.13210019267822737
2419,188,193,965,11609.0,13030.0,13030.0,0.10905602455871066,0.10905602455871066
2420,188,195,975,11599.0,13215.0,13239.0,0.12228528187665533,0.12387642571191182
2421,188,193,965,12485.0,14094.0,14094.0,0.11416205477508157,0.11416205477508157
2422,188,197,985,12539.0,14068.0,14068.0,0.10868638043787315,0.10868638043787315
2423,188,191,955,11672.0,13007.0,13055.0,0.10263704159298837,0.10593642282650328
2424,188,193,965,11736.0,13047.0,13047.0,0.10048286962520114,0.10048286962520114
2425,188,194,970,12352.0,14302.0,14302.0,0.1363445671933995,0.1363445671933995
2426,188,193,965,11823.0,13134.0,13158.0,0.09981726815897674,0.10145918832649337
2427,188,193,965,12649.0,14484.0,14484.0,0.12669152167909414,0.12669152167909414
2428,188,196,980,12268.0,14094.0,14094.0,0.1295586774513977,0.1295586774513977
2429,188,196,980,11593.0,13079.0,13103.0,0.1136172490251548,0.11524078455315578
2430,188,195,975,11967.0,14125.0,14149.0,0.15277876106194688,0.15421584564280166
2431,188,190,950,11641.0,12821.0,12821.0,0.09203650261290075,0.09203650261290075
2432,188,188,940,10975.0,12137.0,12185.0,0.09574029826151442,0.09930242100943787
2433,188,196,980,11375.0,12993.0,13041.0,0.12452859231894098,0.12775093934514226
2434,188,197,985,11368.0,12754.0,12778.0,0.10867178924259058,0.11034590702770386
2435,188,196,980,12275.0,14221.0,14269.0,0.13683988467758945,0.139743499894877
2436,188,194,970,11460.0,13038.0,13062.0,0.12103083294983896,0.12264584290307767
2437,188,202,1010,12131.0,13714.0,13738.0,0.11542948811433573,0.11697481438346191
2438,188,195,975,11476.0,13065.0,13089.0,0.12162265595101418,0.12323324929329971
2439,188,190,950,11316.0,13173.0,13173.0,0.14097016624914593,0.14097016624914593
2440,188,192,960,11591.0,13430.0,13430.0,0.13693224125093073,0.13693224125093073
2441,188,194,970,11681.0,13272.0,13296.0,0.11987643158529238,0.12146510228640195
2442,188,192,960,11762.0,13046.0,13046.0,0.09842097194542387,0.09842097194542387
2443,188,194,970,12423.0,13997.0,13997.0,0.11245266842894908,0.11245266842894908
2444,188,196,980,11853.0,13637.0,13661.0,0.1308205617071203,0.1323475587438694
2445,188,191,955,11849.0,13737.0,13761.0,0.1374390332678168,0.13894339074195194
2446,188,191,955,10748.0,12620.0,12644.0,0.14833597464342319,0.14995254666244862
2447,188,196,980,11787.0,13703.0,13703.0,0.1398233963365686,0.1398233963365686
2448,188,194,970,11502.0,12701.0,12701.0,0.0944020155893237,0.0944020155893237
2449,188,192,960,12088.0,13619.0,13619.0,0.1124164769806888,0.1124164769806888
2450,188,194,970,11324.0,12505.0,12529.0,0.09444222311075567,0.09617686966238326
2451,188,190,950,11558.0,12955.0,12955.0,0.10783481281358553,0.10783481281358553
2452,188,193,965,11786.0,13251.0,13275.0,0.11055769375896163,0.112165725047081
2453,188,195,975,11693.0,13353.0,13377.0,0.12431663296637463,0.1258877177244524
2454,188,194,970,11944.0,13542.0,13542.0,0.11800324915079008,0.11800324915079008
2455,188,194,970,12513.0,14058.0,14058.0,0.10990183525394792,0.10990183525394792
2456,188,192,960,11260.0,12673.0,12721.0,0.11149688313737871,0.11484946152032072
2457,188,193,965,11737.0,13569.0,13569.0,0.13501363401871913,0.13501363401871913
2458,188,194,970,11909.0,13498.0,13498.0,0.11772114387316635,0.11772114387316635
2459,188,194,970,12150.0,13877.0,13877.0,0.12445052965338332,0.12445052965338332
2460,188,198,990,12215.0,13686.0,13734.0,0.10748209849481216,0.11060142711518861
2461,188,191,955,11848.0,13353.0,13377.0,0.11270875458698415,0.11430066532107352
2462,188,193,965,11821.0,13447.0,13471.0,0.12091916412582737,0.12248533887610424
2463,188,196,980,12026.0,13833.0,13857.0,0.13062965372659585,0.1321353828389984
2464,188,192,960,11834.0,13459.0,13459.0,0.12073705327290285,0.12073705327290285
2465,188,193,965,11484.0,13306.0,13330.0,0.13693070795130013,0.1384846211552888
2466,188,193,965,11101.0,12717.0,12717.0,0.12707399543917586,0.12707399543917586
2467,188,194,970,11436.0,12869.0,12893.0,0.11135286347035511,0.11300705809353917
2468,188,192,960,11755.0,13454.0,13454.0,0.12628214657350978,0.12628214657350978
2469,188,196,980,11701.0,13141.0,13165.0,0.10958070162088118,0.11120394986707183
2470,188,191,955,11573.0,12980.0,12980.0,0.10839753466872115,0.10839753466872115
2471,188,193,965,11872.0,13102.0,13126.0,0.09387879713020908,0.09553557824165781
2472,188,192,960,12083.0,13517.0,13517.0,0.10608862913368355,0.10608862913368355
2473,188,193,965,11964.0,13133.0,13157.0,0.08901241148252492,0.09067416584327737
2474,188,195,975,12125.0,13186.0,13210.0,0.08046412862126495,0.08213474640423923
2475,188,197,985,11513.0,13022.0,13070.0,0.11588081707878972,0.11912777352716142
2476,188,195,975,12724.0,14708.0,14756.0,0.13489257546913247,0.13770669558145843
2477,188,190,950,11241.0,12470.0,12542.0,0.0985565356856456,0.10373146228671659
2478,188,189,945,10977.0,12380.0,12380.0,0.11332794830371562,0.11332794830371562
2479,188,193,965,11763.0,13364.0,13388.0,0.11979946123914997,0.12137735285330142
2480,188,194,970,12063.0,13143.0,13167.0,0.0821730198584798,0.08384597858282072
2481,188,193,965,12720.0,14504.0,14504.0,0.12300055157198009,0.12300055157198009
2482,188,192,960,11949.0,13926.0,13950.0,0.14196467040068939,0.14344086021505376
2483,188,196,980,12096.0,13572.0,13596.0,0.10875331564986734,0.11032656663724627
2484,188,193,965,11765.0,13243.0,13291.0,0.11160613154119159,0.11481453615228354
2485,188,195,975,12131.0,13368.0,13368.0,0.09253441053261524,0.09253441053261524
2486,188,194,970,11484.0,13392.0,13440.0,0.14247311827956988,0.14553571428571432
2487,188,191,955,11782.0,13491.0,13491.0,0.12667704395522938,0.12667704395522938
2488,188,188,940,12040.0,13206.0,13206.0,0.0882932000605785,0.0882932000605785
2489,188,195,975,11216.0,12792.0,12840.0,0.12320200125078173,0.12647975077881624
2490,188,191,955,12285.0,13769.0,13769.0,0.1077783426537875,0.1077783426537875
2491,188,193,965,11554.0,13618.0,13666.0,0.1515641063298575,0.15454412410361484
2492,188,190,950,12139.0,13312.0,13312.0,0.08811598557692313,0.08811598557692313
2493,188,196,980,11918.0,14122.0,14146.0,0.1560685455317944,0.15750035345680757
2494,188,193,965,11785.0,13382.0,13382.0,0.11933941114930502,0.11933941114930502
2495,188,191,955,11401.0,12883.0,12883.0,0.11503531786074672,0.11503531786074672
2496,188,194,970,11589.0,12486.0,12534.0,0.07184046131667465,0.07539492580181906
2497,188,191,955,11654.0,12784.0,12784.0,0.08839173967459324,0.08839173967459324
2498,188,190,950,12347.0,13731.0,13755.0,0.10079382419343097,0.10236277717193742
2499,188,195,975,11705.0,13379.0,13379.0,0.12512145900291505,0.12512145900291505
2500,188,194,970,12526.0,14148.0,14196.0,0.11464517953067577,0.1176387714849253
2501,188,192,960,10882.0,12478.0,12502.0,0.12790511299887808,0.12957926731722924
2502,188,192,960,11852.0,13470.0,13494.0,0.1201187824795843,0.12168371127908695
2503,188,195,975,12331.0,14036.0,14060.0,0.12147335423197492,0.12297297297297294
2504,188,191,955,11703.0,13078.0,13102.0,0.1051384003670286,0.10677759120744923
2505,188,193,965,11729.0,13352.0,13400.0,0.12155482324745359,0.12470149253731344
2506,188,195,975,11988.0,13614.0,13662.0,0.11943587483472895,0.12252964426877466
2507,188,197,985,12727.0,14354.0,14354.0,0.11334819562491294,0.11334819562491294
2508,188,196,980,11723.0,12983.0,13031.0,0.09704998844642998,0.100376026398588
2509,188,189,945,11647.0,13479.0,13479.0,0.13591512723495813,0.13591512723495813
2510,188,193,965,12410.0,13578.0,13602.0,0.08602150537634412,0.08763417144537566
2511,188,194,970,11798.0,13335.0,13359.0,0.11526059242594677,0.11685006362751704
2512,188,192,960,11737.0,13261.0,13261.0,0.11492345976924823,0.11492345976924823
2513,188,192,960,11827.0,13811.0,13859.0,0.14365360944174932,0.1466195252182697
2514,188,200,1000,12562.0,14273.0,14273.0,0.11987669025432635,0.11987669025432635
2515,188,197,985,12402.0,14239.0,14239.0,0.129011868811012,0.129011868811012
2516,188,194,970,11873.0,13562.0,13610.0,0.12453915351718037,0.1276267450404115
2517,188,194,970,12313.0,13747.0,13795.0,0.10431366843674983,0.10743022834360272
2518,188,191,955,11287.0,12411.0,12411.0,0.09056482152928857,0.09056482152928857
2519,188,197,985,12061.0,13359.0,13359.0,0.09716296129949842,0.09716296129949842
2520,188,195,975,12518.0,14636.0,14660.0,0.14471166985515171,0.14611186903137785
2521,188,190,950,11285.0,13025.0,13025.0,0.13358925143953937,0.13358925143953937
2522,188,191,955,11909.0,13257.0,13281.0,0.10168213019536854,0.10330547398539269
2523,188,192,960,12033.0,13118.0,13142.0,0.08271077908217717,0.08438593821336171
2524,188,192,960,11983.0,13459.0,13459.0,0.10966639423434132,0.10966639423434132
2525,188,199,995,12259.0,13841.0,13841.0,0.11429809984827688,0.11429809984827688
2526,188,198,990,12004.0,14697.0,14697.0,0.18323467374294078,0.18323467374294078
2527,188,192,960,11663.0,13273.0,13321.0,0.12129887742032697,0.12446513024547712
2528,188,191,955,11145.0,12337.0,12385.0,0.09661992380643591,0.10012111425111025
2529,188,194,970,11963.0,14082.0,14082.0,0.1504757846896747,0.1504757846896747
2530,188,191,955,11914.0,13495.0,13519.0,0.11715450166728414,0.11872179894962642
2531,188,194,970,11966.0,13675.0,13675.0,0.12497257769652648,0.12497257769652648
2532,188,191,955,11645.0,13488.0,13488.0,0.13663997627520763,0.13663997627520763
2533,188,194,970,12908.0,14528.0,14528.0,0.11150881057268724,0.11150881057268724
2534,188,193,965,12163.0,13358.0,13478.0,0.08945949992513846,0.09756640451105503
2535,188,195,975,12183.0,13854.0,13854.0,0.1206149848419229,0.1206149848419229
2536,188,189,945,12191.0,13370.0,13442.0,0.08818249813014212,0.09306650796012494
2537,188,190,950,12429.0,13763.0,13787.0,0.0969265421783041,0.09849858562413871
2538,188,191,955,12310.0,13189.0,13213.0,0.06664644779740692,0.06834178460606977
2539,188,193,965,11453.0,13405.0,13477.0,0.1456173069750093,0.1501817911998219
2540,188,196,980,12516.0,15020.0,15020.0,0.16671105193075897,0.16671105193075897
2541,188,197,985,11396.0,12917.0,12941.0,0.11775179995354956,0.1193879916544317
2542,188,196,980,11677.0,13389.0,13413.0,0.12786615878706398,0.12942667561321108
2543,188,192,960,11132.0,12398.0,12398.0,0.10211324407162448,0.10211324407162448
2544,188,192,960,13068.0,14291.0,14315.0,0.08557833601567422,0.08711142158574925
2545,188,191,955,12327.0,13677.0,13677.0,0.09870585654748854,0.09870585654748854
2546,188,193,965,12073.0,13913.0,13913.0,0.1322504132825415,0.1322504132825415
2547,188,192,960,11955.0,13678.0,13678.0,0.12596870887556655,0.12596870887556655
2548,188,192,960,11878.0,13485.0,13485.0,0.11916944753429737,0.11916944753429737
2549,188,189,945,11048.0,12848.0,12872.0,0.14009962640099627,0.14170292106898696
2550,188,194,970,12311.0,13768.0,13792.0,0.10582510168506687,0.10738109048723898
2551,188,194,970,11307.0,12610.0,12610.0,0.10333068992862804,0.10333068992862804
2552,188,192,960,11417.0,13075.0,13075.0,0.12680688336520074,0.12680688336520074
2553,188,194,970,12231.0,13799.0,13823.0,0.11363142256685266,0.11517036822686821
2554,188,193,965,12907.0,14559.0,14559.0,0.1134693316848685,0.1134693316848685
2555,188,197,985,12149.0,13949.0,13973.0,0.12904150835185313,0.13053746511128606
2556,188,191,955,11849.0,13469.0,13469.0,0.12027618976909937,0.12027618976909937
2557,188,194,970,11531.0,12800.0,12824.0,0.09914062499999998,0.10082657517155336
2558,188,191,955,11832.0,13315.0,13339.0,0.11137814494930531,0.11297698478146789
2559,188,193,965,11435.0,12878.0,12902.0,0.11205156080136669,0.11370330181367228
2560,188,198,990,12776.0,15285.0,15381.0,0.16414785737651294,0.16936480072817117
2561,188,195,975,11481.0,12847.0,12871.0,0.10632832567914685,0.10799471680522099
2562,188,190,950,12251.0,13801.0,13825.0,0.11231070212303451,0.11385171790235082
2563,188,191,955,12106.0,13769.0,13769.0,0.12077856053453406,0.12077856053453406
2564,188,191,955,11856.0,13352.0,13400.0,0.11204313960455359,0.11522388059701494
2565,188,192,960,11897.0,13563.0,13587.0,0.12283418122834178,0.12438360197247367
2566,188,195,975,12019.0,13858.0,13906.0,0.13270313176504545,0.13569682151589246
2567,188,190,950,12510.0,14212.0,14212.0,0.11975795102730091,0.11975795102730091
2568,188,190,950,11485.0,13155.0,13179.0,0.12694792854427972,0.1285378253281736
2569,188,193,965,11385.0,12478.0,12526.0,0.08759416573168777,0.09109053169407633
2570,188,192,960,11475.0,13069.0,13069.0,0.12196801591552531,0.12196801591552531
2571,188,193,965,12150.0,13323.0,13323.0,0.0880432335059671,0.0880432335059671
2572,188,189,945,11782.0,13126.0,13126.0,0.10239219868962368,0.10239219868962368
2573,188,194,970,12182.0,14171.0,14171.0,0.14035706725001762,0.14035706725001762
2574,188,193,965,12433.0,13926.0,13950.0,0.10720953611948869,0.10874551971326163
2575,188,194,970,12679.0,14256.0,14304.0,0.11062008978675641,0.11360458612975388
2576,188,191,955,12807.0,14524.0,14548.0,0.11821812172955104,0.11967280725872975
2577,188,192,960,11262.0,12447.0,12495.0,0.0952036635333815,0.0986794717887155
2578,188,191,955,11681.0,12891.0,12939.0,0.09386393607943522,0.09722544246077747
2579,188,188,940,11411.0,12254.0,12254.0,0.06879386322833358,0.06879386322833358
2580,188,193,965,11865.0,14031.0,14055.0,0.15437246097926016,0.15581643543223056
2581,188,191,955,11215.0,13045.0,13069.0,0.14028363357608276,0.14186242252658965
2582,188,191,955,11629.0,12907.0,12955.0,0.09901603780894086,0.10235430335777695
2583,188,194,970,11834.0,13191.0,13215.0,0.10287317110150862,0.10450245932652291
2584,188,192,960,12023.0,13209.0,13233.0,0.08978726625785449,0.0914380714879468
2585,188,194,970,11851.0,13783.0,13879.0,0.14017267648552567,0.14612003746667623
2586,188,195,975,12246.0,13999.0,13999.0,0.1252232302307308,0.1252232302307308
2587,188,189,945,11940.0,13880.0,13880.0,0.13976945244956773,0.13976945244956773
2588,188,191,955,11816.0,13329.0,13401.0,0.11351189136469353,0.11827475561525258
2589,188,195,975,12632.0,13998.0,14022.0,0.09758536933847695,0.09912993866780773
2590,188,194,970,12167.0,14343.0,14343.0,0.15171163633828344,0.15171163633828344
2591,188,191,955,11714.0,13083.0,13107.0,0.1046396086524497,0.10627908751049053
2592,188,189,945,11675.0,13480.0,13504.0,0.13390207715133529,0.13544135071090047
2593,188,198,990,12070.0,13511.0,13535.0,0.10665383761379621,0.10823790173623937
2594,188,200,1000,12517.0,14086.0,14086.0,0.11138719295754651,0.11138719295754651
2595,188,198,990,12481.0,14585.0,14585.0,0.1442577991086733,0.1442577991086733
2596,188,195,975,11193.0,12329.0,12353.0,0.09214048179089951,0.09390431474135841
2597,188,193,965,12211.0,13434.0,13458.0,0.09103766562453475,0.09265864170010407
2598,188,191,955,12046.0,13507.0,13531.0,0.1081661360775894,0.10974798610597891
2599,188,191,955,11382.0,12677.0,12701.0,0.1021535063500828,0.1038500905440517
2600,188,198,990,11625.0,13252.0,13276.0,0.12277392091759731,0.12435974691172036
2601,188,190,950,11398.0,13287.0,13359.0,0.14216903740498232,0.14679242458267838
2602,188,191,955,11855.0,13455.0,13479.0,0.11891490152359718,0.12048371540915503
2603,188,201,1005,12101.0,14033.0,14033.0,0.1376754792275351,0.1376754792275351
2604,188,193,965,11508.0,13080.0,13104.0,0.12018348623853214,0.1217948717948718
2605,188,196,980,12353.0,13849.0,13897.0,0.10802223987291504,0.11110311578038423
2606,188,190,950,11522.0,12818.0,12842.0,0.10110781713215788,0.1027877277682604
2607,188,194,970,12293.0,13878.0,13926.0,0.11420954027957919,0.11726267413471203
2608,188,197,985,12455.0,14122.0,14170.0,0.11804277014587172,0.12103034580098804
2609,188,193,965,12304.0,14296.0,14296.0,0.13933967543368775,0.13933967543368775
2610,188,191,955,11855.0,13516.0,13540.0,0.12289138798461086,0.1244460856720827
2611,188,189,945,11767.0,13322.0,13370.0,0.11672421558324575,0.11989528795811522
2612,188,192,960,11384.0,12986.0,13034.0,0.12336362236254428,0.1265919901795305
2613,188,192,960,11409.0,13136.0,13160.0,0.1314707673568819,0.1330547112462006
2614,188,194,970,12584.0,14375.0,14447.0,0.12459130434782606,0.12895410811933272
2615,188,191,955,11643.0,13069.0,13069.0,0.1091131685668375,0.1091131685668375
2616,188,194,970,11702.0,13594.0,13618.0,0.13917904958069738,0.14069613746511966
2617,188,193,965,11294.0,13438.0,13438.0,0.1595475517190058,0.1595475517190058
2618,188,194,970,11985.0,13527.0,13551.0,0.11399423375471285,0.11556342705335398
2619,188,192,960,11211.0,12957.0,13005.0,0.13475341514239403,0.13794694348327563
2620,188,192,960,11458.0,13011.0,13035.0,0.1193605410806241,0.120981971614883
2621,188,193,965,11550.0,13049.0,13049.0,0.11487470304237868,0.11487470304237868
2622,188,191,955,11861.0,13423.0,13471.0,0.11636742903970798,0.11951599732759266
2623,188,192,960,12354.0,14053.0,14077.0,0.1208994520742902,0.12239823826099316
2624,188,192,960,11352.0,13091.0,13115.0,0.132839355282255,0.13442622950819672
2625,188,198,990,12518.0,14010.0,14010.0,0.10649536045681651,0.10649536045681651
2626,188,192,960,11731.0,13307.0,13307.0,0.11843390696625833,0.11843390696625833
2627,188,197,985,12324.0,13881.0,13929.0,0.1121677112599957,0.11522722377772987
2628,188,192,960,11693.0,13452.0,13476.0,0.1307612250966399,0.13230929059067975
2629,188,190,950,11385.0,12923.0,12947.0,0.11901261317031653,0.12064570943075614
2630,188,193,965,12096.0,13755.0,13755.0,0.12061068702290079,0.12061068702290079
2631,188,192,960,11872.0,13484.0,13508.0,0.11954909522396917,0.12111341427302336
2632,188,191,955,13094.0,14879.0,14879.0,0.11996773976745745,0.11996773976745745
2633,188,196,980,12412.0,13882.0,13906.0,0.10589252269125482,0.10743563929239175
2634,188,195,975,11703.0,13320.0,13344.0,0.12139639639639643,0.12297661870503596
2635,188,193,965,11180.0,12844.0,12844.0,0.12955465587044535,0.12955465587044535
2636,188,191,955,11071.0,12393.0,12393.0,0.10667312192366663,0.10667312192366663
2637,188,192,960,11640.0,12919.0,12919.0,0.09900147070206677,0.09900147070206677
2638,188,188,940,12215.0,13548.0,13572.0,0.09839090640684967,0.09998526377836725
2639,188,197,985,12762.0,14044.0,14068.0,0.09128453432070638,0.09283480238839925
2640,188,193,965,12008.0,13592.0,13640.0,0.11653914067098292,0.11964809384164221
2641,188,194,970,11683.0,13268.0,13292.0,0.1194603557431414,0.12105025579295814
2642,188,205,1025,12150.0,13942.0,13942.0,0.12853249175154213,0.12853249175154213
2643,188,194,970,11810.0,13430.0,13478.0,0.12062546537602381,0.12375723401098082
2644,188,193,965,11808.0,13153.0,13177.0,0.10225803999087657,0.1038931471503377
2645,188,191,955,11957.0,13443.0,13587.0,0.1105408019043368,0.1199676161036285
2646,188,197,985,12277.0,13811.0,13811.0,0.11107088552602995,0.11107088552602995
2647,188,189,945,12028.0,13900.0,13924.0,0.13467625899280578,0.13616776788279228
2648,188,193,965,11167.0,13381.0,13381.0,0.1654584859128615,0.1654584859128615
2649,188,192,960,11478.0,12541.0,12565.0,0.08476198070329322,0.08651014723438122
2650,188,195,975,11242.0,12995.0,13019.0,0.1348980377068103,0.136492818188801
2651,188,192,960,11591.0,13526.0,13526.0,0.14305781457932865,0.14305781457932865
2652,188,193,965,12196.0,13762.0,13810.0,0.11379160005813105,0.11687183200579288
2653,188,195,975,11710.0,13317.0,13365.0,0.12067282420965686,0.12383090160867938
2654,188,195,975,13076.0,14777.0,14777.0,0.11511132164850779,0.11511132164850779
2655,188,190,950,10665.0,11658.0,11706.0,0.08517756047349456,0.08892875448487958
2656,188,194,970,11974.0,13473.0,13521.0,0.11125955614933569,0.11441461430367572
2657,188,196,980,12214.0,13816.0,13840.0,0.1159525188187609,0.11748554913294795
2658,188,195,975,11539.0,13304.0,13352.0,0.13266686710763675,0.13578490113840624
2659,188,193,965,11430.0,13161.0,13161.0,0.13152496010941417,0.13152496010941417
2660,188,193,965,11939.0,13301.0,13325.0,0.1023983159160965,0.10401500938086305
2661,188,190,950,11149.0,12848.0,12872.0,0.13223848069738475,0.13385643256681168
2662,188,191,955,11447.0,12915.0,12915.0,0.11366627951993802,0.11366627951993802
2663,188,189,945,11733.0,13199.0,13199.0,0.11106902038033184,0.11106902038033184
2664,188,190,950,11227.0,12141.0,12165.0,0.07528210196853635,0.07710645293875873
2665,188,192,960,11568.0,12868.0,12868.0,0.10102580043518805,0.10102580043518805
2666,188,189,945,11710.0,13216.0,13216.0,0.113952784503632,0.113952784503632
2667,188,192,960,11804.0,13210.0,13210.0,0.10643451930355796,0.10643451930355796
2668,188,192,960,11392.0,12749.0,12749.0,0.1064397207624127,0.1064397207624127
2669,188,191,955,11813.0,13767.0,13791.0,0.14193360935570565,0.1434268725980712
2670,188,196,980,12269.0,14103.0,14151.0,0.13004325320853716,0.13299413469012789
2671,188,190,950,12202.0,14165.0,14189.0,0.13858100953053298,0.14003805765029242
2672,188,200,1000,11940.0,13496.0,13496.0,0.11529342027267342,0.11529342027267342
2673,188,192,960,12197.0,13587.0,13683.0,0.10230367262824758,0.10860191478476944
2674,188,195,975,11736.0,12972.0,12996.0,0.09528214616096209,0.09695290858725758
2675,188,192,960,11887.0,13231.0,13231.0,0.10157962361121609,0.10157962361121609
2676,188,193,965,11373.0,12909.0,12933.0,0.11898675342784104,0.12062166550684295
2677,188,194,970,12170.0,13934.0,14006.0,0.12659681354959096,0.1310866771383693
2678,188,190,950,11120.0,12354.0,12378.0,0.09988667638011983,0.10163192761350781
2679,188,192,960,11219.0,12493.0,12517.0,0.10197710718002084,0.10369896940161383
2680,188,196,980,11251.0,13385.0,13433.0,0.15943220022413152,0.1624357924514256
2681,188,194,970,12293.0,13338.0,13338.0,0.07834757834757833,0.07834757834757833
2682,188,190,950,11896.0,13184.0,13280.0,0.0976941747572816,0.10421686746987957
2683,188,196,980,12203.0,13656.0,13704.0,0.10640011716461628,0.1095300642148278
2684,188,197,985,12418.0,13880.0,13880.0,0.10533141210374641,0.10533141210374641
2685,188,197,985,12352.0,13837.0,13885.0,0.10732095107320949,0.11040691393590207
2686,188,193,965,12654.0,14019.0,14043.0,0.0973678579071261,0.09891048921170686
2687,188,191,955,11818.0,13419.0,13443.0,0.11930844325210521,0.12088075578367918
2688,188,195,975,11980.0,13541.0,13541.0,0.11527952145336384,0.11527952145336384
2689,188,193,965,12006.0,13684.0,13708.0,0.12262496346097629,0.12416107382550334
2690,188,192,960,12359.0,14308.0,14380.0,0.1362175006989097,0.14054242002781636
2691,188,194,970,12442.0,14085.0,14109.0,0.11664891728789495,0.11815153448153659
2692,188,199,995,11778.0,13406.0,13430.0,0.1214381620170073,0.12300819061801938
2693,188,192,960,11743.0,13335.0,13335.0,0.11938507686539179,0.11938507686539179
2694,188,193,965,11701.0,13531.0,13579.0,0.1352449929790851,0.13830178952794758
2695,188,191,955,12541.0,14247.0,14295.0,0.11974450761563837,0.1227002448408534
2696,188,195,975,11589.0,13298.0,13298.0,0.12851556625056404,0.12851556625056404
2697,188,188,940,11821.0,13140.0,13164.0,0.10038051750380517,0.10202066241264052
2698,188,190,950,11039.0,12384.0,12384.0,0.10860788113695086,0.10860788113695086
2699,188,198,990,13148.0,14835.0,14859.0,0.11371755982473875,0.11514906790497337
2700,188,192,960,11651.0,13391.0,13391.0,0.12993801807183925,0.12993801807183925
2701,188,194,970,12698.0,14239.0,14239.0,0.10822389212725614,0.10822389212725614
2702,188,195,975,12302.0,13715.0,13739.0,0.10302588406853808,0.10459276512118787
2703,188,195,975,11563.0,13116.0,13140.0,0.11840500152485511,0.12001522070015225
2704,188,189,945,11630.0,13776.0,13824.0,0.15577816492450636,0.1587094907407407
2705,188,194,970,11623.0,13187.0,13187.0,0.11860165314324711,0.11860165314324711
2706,188,197,985,11759.0,13342.0,13390.0,0.11864787887872885,0.12180731889469754
2707,188,197,985,12429.0,13944.0,13968.0,0.10864888123924266,0.11018041237113407
2708,188,190,950,12097.0,14480.0,14504.0,0.16457182320441988,0.16595421952564815
2709,188,195,975,11792.0,13069.0,13117.0,0.09771214323972754,0.10101395136082947
2710,188,192,960,11087.0,12823.0,12847.0,0.135381735943227,0.1369969642718144
2711,188,193,965,11609.0,13461.0,13485.0,0.13758264616298943,0.139117538005191
2712,188,194,970,11877.0,13219.0,13219.0,0.10152053861865495,0.10152053861865495
2713,188,191,955,11206.0,12959.0,12983.0,0.13527278339378035,0.136871293229608
2714,188,196,980,12696.0,14687.0,14735.0,0.13556206168720641,0.13837801153715645
2715,188,196,980,12292.0,13864.0,13864.0,0.11338718984420082,0.11338718984420082
2716,188,197,985,11735.0,13329.0,13353.0,0.11958886638157407,0.12117127237324943
2717,188,195,975,11595.0,13414.0,13438.0,0.13560459221708665,0.13714838517636552
2718,188,193,965,12219.0,13861.0,13885.0,0.11846187143784714,0.11998559596687075
2719,188,188,940,11527.0,13249.0,13273.0,0.1299720733640275,0.13154524222105024
2720,188,194,970,12498.0,14082.0,14082.0,0.11248402215594377,0.11248402215594377
2721,188,194,970,12327.0,14062.0,14086.0,0.12338216469918928,0.12487576316910409
2722,188,193,965,11652.0,13628.0,13652.0,0.14499559729967715,0.1464986815118664
2723,188,192,960,11888.0,13549.0,13597.0,0.12259207321573551,0.125689490328749
2724,188,191,955,12081.0,13356.0,13356.0,0.09546271338724166,0.09546271338724166
2725,188,189,945,11197.0,12808.0,12880.0,0.12578076202373512,0.13066770186335408
2726,188,192,960,11451.0,12590.0,12614.0,0.0904686258935663,0.09219914380846683
2727,188,195,975,12211.0,13636.0,13660.0,0.10450278674097979,0.10607613469985355
2728,188,200,1000,12154.0,13859.0,13883.0,0.1230247492604084,0.12454080530144784
2729,188,192,960,11172.0,12988.0,13012.0,0.1398213735756082,0.14140793114048567
2730,188,191,955,11288.0,12955.0,13003.0,0.1286761868004631,0.13189264015996305
2731,188,192,960,12313.0,13912.0,13936.0,0.11493674525589415,0.11646096440872555
2732,188,198,990,12015.0,13940.0,14012.0,0.1380918220946915,0.1425206965458179
2733,188,198,990,11798.0,12793.0,12817.0,0.07777690924724456,0.07950378403682612
2734,188,193,965,11067.0,12577.0,12601.0,0.12006042776496784,0.12173637012935479
2735,188,192,960,10993.0,12333.0,12381.0,0.1086515851779778,0.11210726112591873
2736,188,191,955,12064.0,13915.0,13939.0,0.13302191879266978,0.13451467106679105
2737,188,190,950,11391.0,13250.0,13274.0,0.1403018867924528,0.14185626035859578
2738,188,191,955,11803.0,13672.0,13696.0,0.1367027501462844,0.1382155373831776
2739,188,190,950,11921.0,13699.0,13699.0,0.12979049565661727,0.12979049565661727
2740,188,191,955,12225.0,13694.0,13694.0,0.10727325836132617,0.10727325836132617
2741,188,193,965,11534.0,12982.0,13006.0,0.11153905407487286,0.1131785329847762
2742,188,192,960,11591.0,13102.0,13126.0,0.11532590444206992,0.1169434709736401
2743,188,189,945,12158.0,13387.0,13411.0,0.09180548293120194,0.09343076578927745
2744,188,190,950,11203.0,12584.0,12584.0,0.1097425301970757,0.1097425301970757
2745,188,191,955,11939.0,13162.0,13186.0,0.09291900926910801,0.09456999848323977
2746,188,193,965,11745.0,13145.0,13241.0,0.10650437428680104,0.11298240314175667
2747,188,190,950,12205.0,13596.0,13620.0,0.10230950279493967,0.10389133627019087
2748,188,193,965,11017.0,12593.0,12617.0,0.12514889224172154,0.12681303003883648
2749,188,188,940,11298.0,12238.0,12310.0,0.07680993626409549,0.08220958570268078
2750,188,195,975,12169.0,13648.0,13696.0,0.10836752637749125,0.11149240654205606
2751,188,194,970,11981.0,13519.0,13519.0,0.11376581108070127,0.11376581108070127
2752,188,192,960,11756.0,13342.0,13366.0,0.11887273272372956,0.12045488553045036
2753,188,191,955,11337.0,12876.0,12900.0,0.11952469711090397,0.12116279069767444
2754,188,190,950,11230.0,12894.0,12894.0,0.12905227237474792,0.12905227237474792
2755,188,192,960,11857.0,13589.0,13613.0,0.12745603061299582,0.12899434364210682
2756,188,198,990,12566.0,14551.0,14551.0,0.13641674111744895,0.13641674111744895
2757,188,192,960,12447.0,13931.0,13955.0,0.10652501615103005,0.10806162665711216
2758,188,190,950,11891.0,13262.0,13334.0,0.10337807268888555,0.10821958902054896
2759,188,193,965,12118.0,13595.0,13595.0,0.10864288341301953,0.10864288341301953
2760,188,193,965,11862.0,13322.0,13322.0,0.10959315418105386,0.10959315418105386
2761,188,195,975,11840.0,13382.0,13430.0,0.1152294126438499,0.11839166046165306
2762,188,191,955,12510.0,13682.0,13682.0,0.08565999122935242,0.08565999122935242
2763,188,191,955,11490.0,13261.0,13333.0,0.13354950607043214,0.13822845571139275
2764,188,190,950,12059.0,13589.0,13589.0,0.11259106630362792,0.11259106630362792
2765,188,196,980,11918.0,13275.0,13299.0,0.10222222222222221,0.10384239416497476
2766,188,195,975,12016.0,13756.0,13828.0,0.12649025879616171,0.1310384726641597
2767,188,192,960,12003.0,13929.0,13953.0,0.1382726685332759,0.1397548914211998
2768,188,194,970,11378.0,12909.0,12909.0,0.11859942675652646,0.11859942675652646
2769,188,191,955,12238.0,13589.0,13637.0,0.09941864743542572,0.10258854586785948
2770,188,196,980,11512.0,13168.0,13216.0,0.12575941676792224,0.12893462469733652
2771,188,192,960,12443.0,14103.0,14103.0,0.11770545274055166,0.11770545274055166
2772,188,198,990,11854.0,13716.0,13764.0,0.13575386410032075,0.13876780005812261
2773,188,192,960,11693.0,13353.0,13377.0,0.12431663296637463,0.1258877177244524
2774,188,190,950,11584.0,13914.0,13914.0,0.16745723731493456,0.16745723731493456
2775,188,190,950,11519.0,12826.0,12826.0,0.10190238577888666,0.10190238577888666
2776,188,189,945,11053.0,12403.0,12427.0,0.10884463436265424,0.11056570370966445
2777,188,198,990,12234.0,13990.0,14014.0,0.125518227305218,0.12701584130155563
2778,188,195,975,12255.0,14018.0,14018.0,0.12576687116564422,0.12576687116564422
2779,188,194,970,11817.0,13091.0,13091.0,0.09731876861966238,0.09731876861966238
2780,188,195,975,12785.0,14142.0,14166.0,0.09595531042285388,0.09748694056190876
2781,188,191,955,11228.0,13452.0,13500.0,0.1653285756764793,0.16829629629629628
2782,188,190,950,12272.0,13721.0,13793.0,0.10560454777348594,0.11027332704995285
2783,188,193,965,11048.0,12698.0,12722.0,0.12994172310600094,0.13158308442068856
2784,188,197,985,12396.0,14041.0,14089.0,0.1171568976568621,0.12016466747107668
2785,188,192,960,11483.0,13026.0,13074.0,0.1184553968985107,0.12169190760287596
2786,188,195,975,11465.0,13003.0,13027.0,0.11828039683150038,0.11990481308052503
2787,188,190,950,12487.0,14056.0,14056.0,0.1116249288560045,0.1116249288560045
2788,188,194,970,11264.0,12510.0,12582.0,0.09960031974420469,0.10475282149101894
2789,188,198,990,11872.0,13402.0,13426.0,0.11416206536337858,0.1157455683003128
2790,188,189,945,11199.0,12223.0,12247.0,0.0837764869508304,0.08557197681064754
2791,188,193,965,11689.0,13098.0,13122.0,0.1075736753702855,0.10920591373266275
2792,188,192,960,12191.0,13321.0,13345.0,0.08482846633135654,0.0864743349569127
2793,188,192,960,12059.0,13282.0,13306.0,0.09207950609847915,0.09371712009619726
2794,188,191,955,11390.0,13301.0,13301.0,0.14367340801443496,0.14367340801443496
2795,188,193,965,11457.0,12826.0,12826.0,0.10673631685638552,0.10673631685638552
2796,188,192,960,11233.0,12885.0,12909.0,0.12821109817617382,0.12983190022464952
2797,188,196,980,11243.0,12997.0,13021.0,0.13495422020466263,0.1365486521772521
2798,188,193,965,11902.0,14213.0,14213.0,0.1625976218954478,0.1625976218954478
2799,188,193,965,11723.0,13093.0,13093.0,0.10463606507293977,0.10463606507293977
2800,188,194,970,11397.0,13277.0,13277.0,0.14159825261730807,0.14159825261730807
2801,188,193,965,12318.0,13560.0,13608.0,0.09159292035398225,0.09479717813051147
2802,188,196,980,11974.0,13400.0,13424.0,0.10641791044776117,0.10801549463647198
2803,188,191,955,11862.0,13648.0,13672.0,0.13086166471277838,0.13238736102984205
2804,188,194,970,12697.0,14195.0,14219.0,0.10553011623811204,0.10703987622195654
2805,188,190,950,11064.0,12526.0,12526.0,0.11671722816541596,0.11671722816541596
2806,188,192,960,11640.0,13182.0,13182.0,0.11697769685935366,0.11697769685935366
2807,188,194,970,11564.0,13318.0,13342.0,0.1317014566751764,0.1332633788037776
2808,188,197,985,12059.0,13900.0,13948.0,0.1324460431654676,0.13543160309721824
2809,188,192,960,11955.0,13476.0,13500.0,0.11286731967943009,0.11444444444444446
2810,188,197,985,12317.0,13875.0,13875.0,0.1122882882882883,0.1122882882882883
2811,188,196,980,12177.0,13980.0,14028.0,0.12896995708154502,0.13195038494439693
2812,188,191,955,11713.0,13182.0,13206.0,0.11143984220907299,0.11305467211873388
2813,188,196,980,12888.0,14545.0,14617.0,0.11392231007218978,0.11828692618184311
2814,188,197,985,12681.0,14190.0,14262.0,0.10634249471458779,0.11085401766933112
2815,188,193,965,12255.0,13618.0,13618.0,0.10008811866647083,0.10008811866647083
2816,188,191,955,11780.0,13390.0,13390.0,0.12023898431665425,0.12023898431665425
2817,188,189,945,11960.0,13421.0,13493.0,0.10885925042843303,0.11361446676054254
2818,188,200,1000,12280.0,14023.0,14047.0,0.12429579975754124,0.12579198405353453
2819,188,191,955,11205.0,12578.0,12650.0,0.10915884878359039,0.11422924901185771
2820,188,190,950,11506.0,12987.0,13107.0,0.11403711403711403,0.12214847028305487
2821,188,190,950,11836.0,13292.0,13316.0,0.10953957267529346,0.1111444878341844
2822,188,196,980,12033.0,14049.0,14097.0,0.1434977578475336,0.1464141306660992
2823,188,192,960,12363.0,14070.0,14094.0,0.12132196162046904,0.12281822051936997
2824,188,190,950,11876.0,13788.0,13788.0,0.13867130838410213,0.13867130838410213
2825,188,195,975,11512.0,13185.0,13233.0,0.12688661357603337,0.1300536537444268
2826,188,199,995,12297.0,14209.0,14209.0,0.13456260116827368,0.13456260116827368
2827,188,193,965,12379.0,14028.0,14028.0,0.11755061305959513,0.11755061305959513
2828,188,194,970,11779.0,13478.0,13574.0,0.12605727852797155,0.13223810225430976
2829,188,190,950,11954.0,12895.0,12919.0,0.07297402093834815,0.07469618391516375
2830,188,195,975,12449.0,13476.0,13524.0,0.07620955773226479,0.07948831706595683
2831,188,197,985,12478.0,14203.0,14203.0,0.12145321410969512,0.12145321410969512
2832,188,206,1030,12181.0,13746.0,13794.0,0.11385130219700279,0.11693489923154998
2833,188,199,995,12203.0,14277.0,14325.0,0.14526861385445122,0.1481326352530541
2834,188,190,950,11223.0,12887.0,12887.0,0.12912237138201288,0.12912237138201288
2835,188,192,960,11451.0,12899.0,12923.0,0.11225676409023955,0.1139054399133328
2836,188,193,965,11941.0,13253.0,13253.0,0.09899645363313969,0.09899645363313969
2837,188,193,965,11463.0,12959.0,12959.0,0.11544100625048226,0.11544100625048226
2838,188,194,970,11973.0,13563.0,13587.0,0.11723070117230705,0.11879001987193638
2839,188,197,985,12296.0,14035.0,14035.0,0.12390452440327748,0.12390452440327748
2840,188,194,970,11143.0,12479.0,12479.0,0.10705986056575045,0.10705986056575045
2841,188,193,965,11714.0,13159.0,13159.0,0.1098107758948248,0.1098107758948248
2842,188,191,955,11593.0,13337.0,13337.0,0.13076403988903051,0.13076403988903051
2843,188,191,955,11682.0,13207.0,13255.0,0.11546906943287649,0.1186721991701245
2844,188,192,960,11271.0,12833.0,12833.0,0.12171744720642097,0.12171744720642097
2845,188,196,980,11757.0,13201.0,13249.0,0.10938565260207556,0.11261227262434903
2846,188,192,960,12488.0,13605.0,13653.0,0.08210216832047046,0.08532923167069506
2847,188,194,970,12121.0,13870.0,13870.0,0.12609949531362652,0.12609949531362652
2848,188,194,970,12024.0,13778.0,13802.0,0.12730439831615614,0.12882190986813502
2849,188,193,965,12185.0,14194.0,14218.0,0.14153867831478084,0.14298776199184138
2850,188,193,965,11884.0,13466.0,13490.0,0.11748106341898112,0.11905114899925873
2851,188,192,960,11663.0,13721.0,13745.0,0.14998906785219734,0.15147326300472896
2852,188,197,985,12705.0,14417.0,14465.0,0.11874869945203581,0.12167300380228141
2853,188,196,980,11615.0,13228.0,13228.0,0.1219383126700937,0.1219383126700937
2854,188,191,955,11481.0,13073.0,13073.0,0.12177770978352331,0.12177770978352331
2855,188,189,945,11493.0,12978.0,12978.0,0.11442441054091534,0.11442441054091534
2856,188,192,960,12016.0,13710.0,13734.0,0.12355944566010213,0.1250910149992719
2857,188,190,950,12242.0,14103.0,14103.0,0.13195773948805223,0.13195773948805223
2858,188,192,960,11516.0,13051.0,13099.0,0.11761550839016166,0.12084891976486756
2859,188,193,965,11306.0,12556.0,12604.0,0.09955399808856324,0.10298317994287531
2860,188,192,960,12592.0,13928.0,13952.0,0.09592188397472712,0.09747706422018354
2861,188,197,985,12460.0,14026.0,14050.0,0.11164979324112367,0.1131672597864769
2862,188,194,970,12567.0,13613.0,13637.0,0.07683831631528681,0.07846300505976389
2863,188,200,1000,12025.0,13725.0,13725.0,0.1238615664845173,0.1238615664845173
2864,188,193,965,11321.0,12746.0,12770.0,0.11179978032323867,0.11346906812842605
2865,188,189,945,12125.0,13762.0,13810.0,0.1189507339049557,0.12201303403330921
2866,188,197,985,13356.0,14727.0,14727.0,0.09309431656141776,0.09309431656141776
2867,188,196,980,11897.0,13126.0,13150.0,0.09363096145055616,0.09528517110266155
2868,188,191,955,11494.0,12902.0,12902.0,0.10913036738490156,0.10913036738490156
2869,188,194,970,12053.0,14010.0,14010.0,0.13968593861527479,0.13968593861527479
2870,188,199,995,12039.0,13830.0,13830.0,0.12950108459869847,0.12950108459869847
2871,188,194,970,12360.0,14351.0,14375.0,0.13873597658699743,0.14017391304347826
2872,188,195,975,12119.0,13544.0,13568.0,0.1052126402835204,0.10679540094339623
2873,188,191,955,12232.0,13919.0,13943.0,0.12120123572095698,0.12271390661980919
2874,188,196,980,11682.0,13431.0,13431.0,0.13022113022113024,0.13022113022113024
2875,188,191,955,10758.0,11809.0,11809.0,0.08899991531882467,0.08899991531882467
2876,188,193,965,11934.0,13608.0,13608.0,0.12301587301587302,0.12301587301587302
2877,188,191,955,11718.0,13143.0,13143.0,0.10842273453549423,0.10842273453549423
2878,188,197,985,12495.0,13821.0,13869.0,0.09594095940959413,0.09906986805104911
2879,188,193,965,12130.0,13431.0,13479.0,0.0968654605018241,0.1000816084279249
2880,188,192,960,11229.0,12633.0,12633.0,0.11113749703158393,0.11113749703158393
2881,188,196,980,11422.0,13088.0,13088.0,0.1272921760391198,0.1272921760391198
2882,188,190,950,12279.0,13372.0,13396.0,0.08173795991624289,0.08338309943266642
2883,188,192,960,11854.0,13403.0,13523.0,0.11557114078937547,0.12341935960955408
2884,188,197,985,11487.0,13064.0,13088.0,0.12071341090018373,0.12232579462102688
2885,188,193,965,12039.0,13655.0,13655.0,0.11834492859758328,0.11834492859758328
2886,188,198,990,12048.0,13994.0,13994.0,0.13905959697013004,0.13905959697013004
2887,188,194,970,11206.0,13041.0,13041.0,0.14071006824630017,0.14071006824630017
2888,188,196,980,11890.0,13438.0,13462.0,0.1151957136478643,0.11677313920665577
2889,188,192,960,11326.0,12869.0,12869.0,0.11990053617219676,0.11990053617219676
2890,188,192,960,11006.0,12841.0,12841.0,0.14290164317420762,0.14290164317420762
2891,188,192,960,12515.0,14445.0,14445.0,0.13361024575977842,0.13361024575977842
2892,188,194,970,12552.0,14556.0,14604.0,0.13767518549051938,0.14050944946589972
2893,188,194,970,11760.0,13203.0,13275.0,0.10929334242217681,0.11412429378531075
2894,188,197,985,11488.0,12579.0,12603.0,0.08673185467843236,0.08847099896849953
2895,188,190,950,11137.0,12833.0,12857.0,0.13215927686433415,0.13377926421404684
2896,188,194,970,10886.0,12697.0,12721.0,0.1426321178231078,0.14424966590676835
2897,188,190,950,11501.0,13089.0,13089.0,0.12132324852929943,0.12132324852929943
2898,188,193,965,12380.0,13616.0,13664.0,0.09077555816686256,0.09396955503512883
2899,188,191,955,11656.0,13141.0,13141.0,0.11300509854653373,0.11300509854653373
2900,188,192,960,11571.0,13045.0,13069.0,0.11299348409352239,0.11462238885913234
2901,188,195,975,11479.0,13272.0,13296.0,0.13509644364074747,0.13665764139590852
2902,188,195,975,11909.0,13784.0,13784.0,0.13602727800348224,0.13602727800348224
2903,188,193,965,11516.0,13010.0,13034.0,0.11483474250576475,0.11646463096516801
2904,188,192,960,11003.0,13026.0,13026.0,0.15530477506525409,0.15530477506525409
2905,188,194,970,11341.0,13282.0,13306.0,0.14613762987501877,0.14767773936569972
2906,188,194,970,11841.0,13258.0,13258.0,0.10687886559058679,0.10687886559058679
2907,188,196,980,11522.0,12923.0,12947.0,0.10841135959142612,0.11006410751525453
2908,188,189,945,11705.0,13233.0,13257.0,0.11546890349882866,0.11707022704986048
2909,188,190,950,11615.0,13418.0,13442.0,0.13437173945446412,0.13591727421514654
2910,188,195,975,12241.0,14102.0,14102.0,0.13196709686569286,0.13196709686569286
2911,188,193,965,12360.0,13886.0,13934.0,0.10989485813049116,0.112961102339601
2912,188,191,955,11733.0,13532.0,13556.0,0.1329441324268401,0.13447919740336378
2913,188,190,950,11953.0,13705.0,13705.0,0.12783655600145927,0.12783655600145927
2914,188,201,1005,12322.0,14049.0,14073.0,0.12292689871165208,0.12442265330775248
2915,188,191,955,12067.0,13542.0,13566.0,0.10892039580564172,0.11049683031107183
2916,188,193,965,11228.0,13162.0,13162.0,0.14693815529554777,0.14693815529554777
2917,188,201,1005,12045.0,13831.0,13855.0,0.1291302147350155,0.130638758570913
2918,188,192,960,11724.0,12981.0,13005.0,0.09683383406517221,0.09850057670126877
2919,188,194,970,11692.0,13366.0,13366.0,0.12524315427203347,0.12524315427203347
2920,188,194,970,11586.0,12878.0,12926.0,0.1003261375990061,0.10366702769611635
2921,188,196,980,11824.0,13508.0,13580.0,0.12466686408054484,0.12930780559646537
2922,188,194,970,11326.0,12708.0,12732.0,0.10875039345294302,0.11043041156142008
2923,188,194,970,12196.0,13811.0,13835.0,0.11693577583085946,0.11846765449945784
2924,188,191,955,11410.0,12603.0,12603.0,0.09466000158692378,0.09466000158692378
2925,188,192,960,11630.0,13087.0,13111.0,0.11133185604034534,0.11295858439478301
2926,188,198,990,12240.0,13661.0,13685.0,0.1040187394773443,0.10559006211180122
2927,188,190,950,11374.0,12838.0,12886.0,0.114036454276367,0.11733664442030112
2928,188,189,945,10964.0,12409.0,12433.0,0.11644773954387944,0.11815330169709648
2929,188,194,970,11840.0,13858.0,13882.0,0.14561985856544957,0.14709696009220574
2930,188,193,965,11875.0,13068.0,13092.0,0.0912917049280686,0.09295753131683471
2931,188,192,960,11091.0,12319.0,12343.0,0.09968341586167706,0.10143401118042616
2932,188,190,950,11573.0,13342.0,13342.0,0.13258881726877525,0.13258881726877525
2933,188,194,970,11811.0,13390.0,13414.0,0.11792382374906651,0.11950201282242434
2934,188,195,975,11684.0,13560.0,13560.0,0.13834808259587017,0.13834808259587017
2935,188,193,965,11525.0,13436.0,13460.0,0.14222983030663883,0.14375928677563155
2936,188,189,945,10954.0,12037.0,12109.0,0.0899725845310293,0.09538359897596826
2937,188,191,955,11880.0,13502.0,13574.0,0.1201303510591023,0.12479740680713125
2938,188,192,960,13090.0,14442.0,14466.0,0.09361584268106915,0.09511959076455134
2939,188,192,960,11654.0,13320.0,13392.0,0.1250750750750751,0.12977897252090798
2940,188,191,955,11641.0,12919.0,12967.0,0.09892406533013387,0.10225958201588647
2941,188,193,965,11768.0,13385.0,13409.0,0.12080687336570783,0.1223804907151913
2942,188,191,955,12342.0,13870.0,13870.0,0.11016582552271093,0.11016582552271093
2943,188,190,950,10985.0,11955.0,11979.0,0.08113759933082387,0.0829785457884632
2944,188,193,965,12095.0,13276.0,13324.0,0.0889575173244953,0.09223956769738817
2945,188,193,965,12136.0,14180.0,14180.0,0.14414668547249643,0.14414668547249643
2946,188,193,965,11969.0,13682.0,13730.0,0.12520099400672413,0.12825928623452298
2947,188,192,960,10974.0,11792.0,11816.0,0.06936906377204888,0.07125930941096814
2948,188,198,990,12183.0,13296.0,13320.0,0.08370938628158842,0.08536036036036032
2949,188,197,985,12133.0,13841.0,13865.0,0.1234014883317679,0.1249188604399567
2950,188,197,985,11880.0,13401.0,13473.0,0.11349899261249163,0.11823647294589179
2951,188,189,945,11512.0,12968.0,12968.0,0.1122763726095003,0.1122763726095003
2952,188,196,980,11979.0,13557.0,13581.0,0.11639743306041161,0.11795891318754137
2953,188,191,955,11958.0,13486.0,13486.0,0.11330268426516388,0.11330268426516388
2954,188,194,970,12154.0,13727.0,13727.0,0.11459168062941649,0.11459168062941649
2955,188,191,955,11632.0,13433.0,13457.0,0.13407280577681824,0.13561715092516902
2956,188,196,980,12367.0,14103.0,14127.0,0.12309437708289017,0.12458412968075316
2957,188,196,980,11797.0,13443.0,13443.0,0.12244290708919137,0.12244290708919137
2958,188,198,990,11964.0,13849.0,13873.0,0.13611091053505664,0.13760542060116776
2959,188,196,980,12472.0,14770.0,14818.0,0.15558564658090723,0.15832096099338644
2960,188,191,955,11621.0,13078.0,13078.0,0.11140847224346229,0.11140847224346229
2961,188,190,950,12015.0,13036.0,13036.0,0.07832157103405957,0.07832157103405957
2962,188,196,980,11739.0,13609.0,13633.0,0.1374090675288412,0.13892760214186162
2963,188,191,955,11517.0,12733.0,12781.0,0.09549988219586902,0.09889679993740708
2964,188,192,960,11694.0,13105.0,13129.0,0.1076688286913392,0.10930002285017903
2965,188,192,960,11914.0,13082.0,13106.0,0.08928298425317227,0.09095070959865714
2966,188,194,970,12522.0,14002.0,14050.0,0.10569918583059568,0.10875444839857651
2967,188,191,955,12003.0,13690.0,13690.0,0.12322863403944484,0.12322863403944484
2968,188,196,980,11890.0,13250.0,13298.0,0.10264150943396222,0.10588058354639795
2969,188,192,960,11355.0,12843.0,12867.0,0.115860780191544,0.11750990906971326
2970,188,192,960,11331.0,12777.0,12777.0,0.11317210612819906,0.11317210612819906
2971,188,191,955,11516.0,13330.0,13378.0,0.1360840210052513,0.1391837344894603
2972,188,190,950,11984.0,13748.0,13820.0,0.1283095723014257,0.1328509406657019
2973,188,190,950,11808.0,13690.0,13762.0,0.13747260774287806,0.14198517657317256
2974,188,190,950,11499.0,12538.0,12586.0,0.08286808103365773,0.08636580327347843
2975,188,190,950,11521.0,13611.0,13683.0,0.15355227389611348,0.1580062851713806
2976,188,194,970,11501.0,13307.0,13307.0,0.13571804313519198,0.13571804313519198
2977,188,192,960,12070.0,13293.0,13293.0,0.09200331001278872,0.09200331001278872
2978,188,192,960,11709.0,13600.0,13624.0,0.13904411764705882,0.14056077510275988
2979,188,198,990,12052.0,13782.0,13830.0,0.1255260484690176,0.12856109906001445
2980,188,196,980,11863.0,13450.0,13474.0,0.11799256505576206,0.11956360397803178
2981,188,195,975,11712.0,13704.0,13728.0,0.14535901926444839,0.14685314685314688
2982,188,191,955,11222.0,12680.0,12728.0,0.11498422712933754,0.11832181018227528
2983,188,194,970,11602.0,13130.0,13154.0,0.11637471439451641,0.11798692412954237
2984,188,192,960,11950.0,13911.0,13935.0,0.14096757961325568,0.14244707570864734
2985,188,192,960,11995.0,13356.0,13380.0,0.10190176699610665,0.10351270553064273
2986,188,191,955,11955.0,13147.0,13171.0,0.0906670723358941,0.09232404525093008
2987,188,193,965,12450.0,14446.0,14470.0,0.1381697355669389,0.13959917069799588
2988,188,195,975,12051.0,13749.0,13749.0,0.12349989090115643,0.12349989090115643
2989,188,195,975,12295.0,13850.0,13898.0,0.11227436823104697,0.11534033673909916
2990,188,194,970,11379.0,13056.0,13104.0,0.12844669117647056,0.13163919413919412
2991,188,191,955,11833.0,13294.0,13342.0,0.10989920264781106,0.11310148403537701
2992,188,194,970,11166.0,12665.0,12665.0,0.11835767864192659,0.11835767864192659
2993,188,193,965,11604.0,13463.0,13463.0,0.13808215108073985,0.13808215108073985
2994,188,194,970,11340.0,12833.0,12905.0,0.11634068417361487,0.12127082526152655
2995,188,192,960,12046.0,13672.0,13696.0,0.11892919836161497,0.12047313084112155
2996,188,193,965,11315.0,12827.0,12827.0,0.11787635456459034,0.11787635456459034
2997,188,189,945,12165.0,13543.0,13567.0,0.10174998154027914,0.10333898430013999
2998,188,190,950,12060.0,13726.0,13726.0,0.12137549176744866,0.12137549176744866
2999,188,191,955,11671.0,13614.0,13662.0,0.14272072866167185,0.14573268921095006
3000,188,189,945,11416.0,13047.0,13047.0,0.1250095807465318,0.1250095807465318
3001,188,190,950,11930.0,13407.0,13455.0,0.1101663310211084,0.11334076551467853
3002,188,196,980,12177.0,13548.0,13572.0,0.10119574844995571,0.10278514588859411
3003,188,199,995,12292.0,13994.0,14018.0,0.12162355295126481,0.12312740761877583
3004,188,192,960,11413.0,12857.0,12905.0,0.1123123590262114,0.11561410306082909
3005,188,191,955,12525.0,14318.0,14390.0,0.12522698700935886,0.12960389159138286
3006,188,192,960,12076.0,13770.0,13794.0,0.12302106027596227,0.12454690445121064
3007,188,196,980,11914.0,13308.0,13380.0,0.1047490231439735,0.10956651718983557
3008,188,192,960,11544.0,12944.0,12944.0,0.10815822002472186,0.10815822002472186
3009,188,195,975,11674.0,13306.0,13426.0,0.12265143544265744,0.13049307314166547
3010,188,191,955,11636.0,13242.0,13290.0,0.12128077329708509,0.12445447705041379
3011,188,191,955,11016.0,12775.0,12775.0,0.13769080234833664,0.13769080234833664
3012,188,193,965,11540.0,12912.0,12912.0,0.10625774473358118,0.10625774473358118
3013,188,192,960,11943.0,13476.0,13548.0,0.11375779162956368,0.11846767050487161
3014,188,196,980,12793.0,14451.0,14475.0,0.114732544460591,0.11620034542314339
3015,188,194,970,11977.0,12933.0,12933.0,0.07391943091316788,0.07391943091316788
3016,188,190,950,11802.0,13672.0,13696.0,0.13677589233469867,0.13828855140186913
3017,188,191,955,10806.0,12257.0,12305.0,0.11838133311577059,0.12182039821210888
3018,188,190,950,11495.0,12838.0,12886.0,0.10461131017292413,0.10794660872264472
3019,188,191,955,11657.0,12736.0,12784.0,0.08472047738693467,0.08815707133917394
3020,188,195,975,12063.0,13861.0,13861.0,0.12971647067311165,0.12971647067311165
3021,188,195,975,11619.0,13160.0,13208.0,0.11709726443768997,0.1203058752271351
3022,188,190,950,11301.0,12768.0,12840.0,0.11489661654135341,0.1198598130841122
3023,188,194,970,11672.0,13309.0,13333.0,0.12299947404012324,0.12457811445286127
3024,188,194,970,12162.0,14213.0,14237.0,0.14430450995567434,0.14574699726065887
3025,188,191,955,11592.0,13446.0,13446.0,0.1378848728246319,0.1378848728246319
3026,188,192,960,11814.0,13537.0,13585.0,0.12728078599394255,0.13036437246963561
3027,188,192,960,11504.0,13171.0,13195.0,0.12656594032343782,0.128154604016673
3028,188,191,955,11298.0,12643.0,12643.0,0.1063829787234043,0.1063829787234043
3029,188,194,970,11850.0,13479.0,13479.0,0.12085466280881374,0.12085466280881374
3030,188,195,975,12328.0,13960.0,13960.0,0.11690544412607451,0.11690544412607451
3031,188,193,965,11710.0,13355.0,13355.0,0.12317484088356423,0.12317484088356423
3032,188,194,970,11892.0,14122.0,14146.0,0.1579096445262711,0.1593383288562138
3033,188,195,975,12252.0,14415.0,14463.0,0.15005202913631632,0.1528728479568554
3034,188,190,950,11919.0,13288.0,13312.0,0.10302528597230587,0.10464242788461542
3035,188,193,965,11624.0,13057.0,13057.0,0.10974955962319066,0.10974955962319066
3036,188,190,950,11595.0,13085.0,13085.0,0.11387084447841045,0.11387084447841045
3037,188,192,960,11143.0,13034.0,13034.0,0.14508209298757102,0.14508209298757102
3038,188,194,970,11778.0,13015.0,13063.0,0.09504417979254709,0.09836944040419504
3039,188,196,980,12469.0,14573.0,14597.0,0.14437658683867427,0.1457833801466054
3040,188,196,980,12049.0,13839.0,13863.0,0.12934460582412022,0.13085190795643076
3041,188,191,955,11989.0,13371.0,13371.0,0.1033580136115474,0.1033580136115474
3042,188,189,945,11302.0,12515.0,12587.0,0.09692369157011582,0.10208945737665842
3043,188,191,955,12310.0,13688.0,13760.0,0.10067212156633543,0.1053779069767442
3044,188,192,960,11783.0,13507.0,13507.0,0.12763752128525951,0.12763752128525951
3045,188,191,955,11328.0,13151.0,13175.0,0.13862063721390006,0.14018975332068306
3046,188,197,985,11895.0,13743.0,13743.0,0.13446845666884955,0.13446845666884955
3047,188,192,960,11985.0,13607.0,13703.0,0.11920335121628578,0.12537400569218415
3048,188,190,950,12074.0,13369.0,13417.0,0.09686588376093952,0.10009689200268312
3049,188,195,975,12023.0,13750.0,13774.0,0.12560000000000004,0.1271235661391027
3050,188,190,950,12378.0,13854.0,13878.0,0.1065396275443915,0.10808473843493294
3051,188,196,980,11385.0,12660.0,12708.0,0.1007109004739336,0.1041076487252125
3052,188,196,980,12061.0,13585.0,13585.0,0.11218255428781743,0.11218255428781743
3053,188,188,940,10451.0,11741.0,11765.0,0.10987139085256792,0.11168720781980446
3054,188,195,975,11783.0,13314.0,13386.0,0.11499173802012919,0.11975197968026297
3055,188,193,965,11691.0,13096.0,13096.0,0.10728466707391571,0.10728466707391571
3056,188,190,950,11663.0,13761.0,13785.0,0.15245985030157694,0.15393543706927815
3057,188,192,960,12222.0,14542.0,14566.0,0.15953789024893417,0.16092269669092407
3058,188,191,955,11931.0,12958.0,12958.0,0.07925605803364721,0.07925605803364721
3059,188,192,960,11988.0,13629.0,13653.0,0.12040501871010345,0.12195121951219512
3060,188,193,965,12018.0,13091.0,13091.0,0.08196470857841265,0.08196470857841265
3061,188,193,965,12431.0,13628.0,13652.0,0.08783387144115062,0.08943744506299445
3062,188,191,955,11465.0,12983.0,13007.0,0.11692212893784182,0.11855154916583377
3063,188,188,940,11664.0,13616.0,13616.0,0.1433607520564042,0.1433607520564042
3064,188,191,955,11735.0,13446.0,13446.0,0.1272497396995389,0.1272497396995389
3065,188,193,965,12392.0,13975.0,13975.0,0.11327370304114492,0.11327370304114492
3066,188,195,975,11851.0,13187.0,13211.0,0.10131189808144381,0.10294451593369158
3067,188,192,960,11604.0,12698.0,12698.0,0.08615530004725158,0.08615530004725158
3068,188,191,955,12185.0,13279.0,13327.0,0.0823857218164018,0.08569070308396487
3069,188,199,995,12834.0,14384.0,14456.0,0.10775862068965514,0.11220254565578303
3070,188,194,970,12289.0,14005.0,14029.0,0.12252766868975362,0.12402879749091167
3071,188,195,975,11664.0,13303.0,13375.0,0.12320529203938957,0.12792523364485986
3072,188,194,970,11313.0,12989.0,12989.0,0.12903225806451613,0.12903225806451613
3073,188,194,970,12451.0,14069.0,14069.0,0.11500462008671553,0.11500462008671553
3074,188,195,975,11804.0,13401.0,13473.0,0.11917021117827031,0.12387738439842644
3075,188,193,965,11653.0,13140.0,13164.0,0.11316590563165907,0.114782740808265
3076,188,192,960,12054.0,13556.0,13556.0,0.11079964591324876,0.11079964591324876
3077,188,193,965,12031.0,13317.0,13317.0,0.09656829616279938,0.09656829616279938
3078,188,192,960,11684.0,13063.0,13111.0,0.1055653372119727,0.10883990542292732
3079,188,191,955,11494.0,13161.0,13185.0,0.1266621077425728,0.128251801289344
3080,188,191,955,11680.0,13600.0,13600.0,0.14117647058823535,0.14117647058823535
3081,188,194,970,11012.0,12536.0,12608.0,0.12156987874920233,0.1265862944162437
3082,188,189,945,11549.0,13072.0,13072.0,0.11650856793145659,0.11650856793145659
3083,188,193,965,12288.0,14233.0,14257.0,0.1366542541979906,0.13810759626849967
3084,188,195,975,12325.0,14052.0,14052.0,0.12290065471107314,0.12290065471107314
3085,188,197,985,12447.0,14652.0,14676.0,0.15049140049140053,0.15188062142273095
3086,188,195,975,12350.0,13955.0,13955.0,0.11501254030813324,0.11501254030813324
3087,188,192,960,11611.0,13590.0,13590.0,0.14562178072111842,0.14562178072111842
3088,188,191,955,11936.0,13228.0,13252.0,0.09767160568491084,0.09930576516752188
3089,188,199,995,11824.0,13544.0,13568.0,0.12699350265800358,0.1285377358490566
3090,188,196,980,11384.0,13460.0,13460.0,0.15423476968796435,0.15423476968796435
3091,188,199,995,12049.0,13973.0,13973.0,0.1376941243827381,0.1376941243827381
3092,188,193,965,12529.0,13670.0,13670.0,0.08346744696415509,0.08346744696415509
3093,188,192,960,11445.0,13198.0,13222.0,0.1328231550234884,0.13439721675994554
3094,188,194,970,12420.0,14244.0,14268.0,0.1280539174389217,0.12952060555088307
3095,188,193,965,11931.0,13299.0,13323.0,0.1028648770584254,0.10448097275388424
3096,188,189,945,10969.0,12123.0,12147.0,0.0951909593334983,0.09697867786284675
3097,188,195,975,11920.0,13754.0,13778.0,0.13334302748291404,0.134852663666715
3098,188,194,970,10740.0,12137.0,12161.0,0.11510257889099451,0.11684894334347506
3099,188,197,985,11649.0,13360.0,13384.0,0.1280688622754491,0.12963239689181116
3100,188,192,960,11605.0,12887.0,12911.0,0.09948009622099796,0.10115405468205407
3101,188,192,960,11862.0,13567.0,13567.0,0.12567258789710323,0.12567258789710323
3102,188,194,970,11705.0,13609.0,13609.0,0.1399074142111838,0.1399074142111838
3103,188,195,975,11913.0,13675.0,13675.0,0.12884826325411336,0.12884826325411336
3104,188,193,965,11531.0,13259.0,13259.0,0.1303265706312693,0.1303265706312693
3105,188,192,960,11449.0,13272.0,13344.0,0.13735684147076554,0.1420113908872902
3106,188,192,960,11204.0,12656.0,12704.0,0.11472819216182051,0.11807304785894202
3107,188,193,965,11826.0,13461.0,13461.0,0.12146200133719631,0.12146200133719631
3108,188,190,950,11991.0,13578.0,13626.0,0.11688024745912506,0.11999119330691321
3109,188,191,955,11701.0,12734.0,12782.0,0.08112140725616457,0.08457205445157256
3110,188,191,955,10984.0,12520.0,12544.0,0.12268370607028756,0.12436224489795922
3111,188,192,960,11957.0,13970.0,14018.0,0.1440944881889764,0.14702525324582683
3112,188,199,995,12192.0,14028.0,14028.0,0.1308810949529512,0.1308810949529512
3113,188,189,945,11105.0,12947.0,12995.0,0.14227234108287634,0.1454405540592536
3114,188,192,960,11704.0,13259.0,13259.0,0.11727882947431933,0.11727882947431933
3115,188,197,985,12314.0,13925.0,13925.0,0.11569120287253143,0.11569120287253143
3116,188,195,975,12182.0,13789.0,13813.0,0.11654217129596056,0.11807717367697101
3117,188,188,940,11079.0,12739.0,12763.0,0.13030850145223327,0.1319439003369114
3118,188,192,960,11367.0,13040.0,13064.0,0.12829754601226995,0.12989895897121861
3119,188,192,960,11628.0,13485.0,13533.0,0.13770856507230256,0.14076701396586122
3120,188,192,960,11810.0,12974.0,12998.0,0.08971789733312785,0.09139867671949531
3121,188,193,965,11713.0,13508.0,13508.0,0.13288421676043827,0.13288421676043827
3122,188,193,965,11971.0,13604.0,13628.0,0.12003822405174946,0.12158790724977986
3123,188,190,950,11428.0,13096.0,13144.0,0.1273671350030544,0.1305538648813147
3124,188,193,965,11784.0,13265.0,13337.0,0.11164719185827365,0.11644297818100025
3125,188,196,980,12442.0,14613.0,14637.0,0.14856634503524258,0.14996242399398785
3126,188,195,975,11333.0,13071.0,13095.0,0.13296610817841026,0.13455517373043147
3127,188,193,965,11549.0,13274.0,13298.0,0.1299532921500678,0.1315235373740412
3128,188,193,965,12159.0,13809.0,13857.0,0.11948729089724097,0.12253734574583242
3129,188,189,945,12425.0,13829.0,13853.0,0.10152577915973682,0.10308236483072264
3130,188,192,960,11855.0,13761.0,13761.0,0.13850737591744788,0.13850737591744788
3131,188,190,950,11995.0,13569.0,13617.0,0.11599970521040603,0.11911581111845482
3132,188,194,970,12150.0,13446.0,13470.0,0.09638554216867468,0.09799554565701563
3133,188,193,965,11694.0,13157.0,13205.0,0.11119556129816832,0.11442635365391896
3134,188,194,970,12176.0,14580.0,14604.0,0.16488340192043893,0.16625582032319908
3135,188,196,980,11569.0,13183.0,13207.0,0.12243040279147388,0.12402513818429617
3136,188,193,965,12285.0,13902.0,13926.0,0.11631419939577037,0.11783713916415339
3137,188,193,965,11893.0,13397.0,13445.0,0.11226393968798987,0.11543324656005949
3138,188,194,970,12526.0,13942.0,13942.0,0.10156362071438818,0.10156362071438818
3139,188,190,950,11451.0,12809.0,12809.0,0.10601920524631114,0.10601920524631114
3140,188,196,980,11776.0,13298.0,13322.0,0.11445330124830799,0.11604864134514337
3141,188,190,950,12014.0,14062.0,14110.0,0.14564073389276067,0.14854712969525163
3142,188,191,955,12367.0,13893.0,13917.0,0.10983948751169659,0.11137457785442262
3143,188,194,970,11514.0,13446.0,13446.0,0.143685854529228,0.143685854529228
3144,188,192,960,11497.0,13336.0,13360.0,0.13789742051589682,0.13944610778443112
3145,188,193,965,11239.0,12740.0,12788.0,0.11781789638932494,0.12112918360963398
3146,188,192,960,11484.0,12759.0,12807.0,0.09992946155654836,0.10330288123682363
3147,188,199,995,12337.0,13811.0,13811.0,0.10672652233726743,0.10672652233726743
3148,188,192,960,11862.0,14048.0,14096.0,0.1556093394077449,0.1584846765039728
3149,188,190,950,11050.0,12442.0,12442.0,0.11187911911268289,0.11187911911268289
3150,188,193,965,12634.0,13803.0,13827.0,0.08469173368108385,0.08628046575540604
3151,188,193,965,11415.0,13241.0,13265.0,0.13790499207008533,0.13946475687900495
3152,188,189,945,12225.0,13787.0,13883.0,0.11329513309639516,0.11942663689404309
3153,188,190,950,11509.0,13548.0,13548.0,0.1505019191024506,0.1505019191024506
3154,188,191,955,11948.0,13421.0,13469.0,0.10975337158184939,0.11292597817209893
3155,188,189,945,11639.0,13415.0,13415.0,0.13238911666045472,0.13238911666045472
3156,188,193,965,11172.0,12633.0,12633.0,0.1156494894324388,0.1156494894324388
3157,188,194,970,11707.0,13412.0,13436.0,0.12712496271995233,0.1286841321821971
3158,188,192,960,11526.0,13072.0,13120.0,0.11826805385556916,0.12149390243902436
3159,188,193,965,11101.0,13104.0,13104.0,0.15285409035409037,0.15285409035409037
3160,188,192,960,11662.0,12947.0,12971.0,0.09925079168919437,0.1009174311926605
3161,188,193,965,12727.0,14237.0,14285.0,0.10606167029570834,0.10906545327266359
3162,188,188,940,12126.0,13369.0,13417.0,0.09297628842845385,0.0962212118953566
3163,188,194,970,11824.0,13174.0,13174.0,0.10247457112494307,0.10247457112494307
3164,188,192,960,11980.0,13354.0,13354.0,0.1028905196944736,0.1028905196944736
3165,188,195,975,11557.0,13043.0,13043.0,0.11393084413095145,0.11393084413095145
3166,188,197,985,12287.0,13901.0,13901.0,0.11610675490971878,0.11610675490971878
3167,188,196,980,12150.0,13547.0,13595.0,0.1031224625378313,0.10628907686649502
3168,188,193,965,11362.0,13237.0,13237.0,0.14164840976051973,0.14164840976051973
3169,188,193,965,11532.0,13280.0,13280.0,0.13162650602409642,0.13162650602409642
3170,188,196,980,11908.0,13547.0,13547.0,0.12098619620580198,0.12098619620580198
3171,188,192,960,12043.0,13178.0,13226.0,0.08612839581120046,0.08944503251171931
3172,188,194,970,11540.0,13045.0,13045.0,0.11536987351475658,0.11536987351475658
3173,188,191,955,11548.0,12776.0,12776.0,0.09611772072636193,0.09611772072636193
3174,188,194,970,12442.0,13959.0,13983.0,0.10867540654774699,0.11020524923120933
3175,188,192,960,12098.0,13606.0,13606.0,0.11083345582831106,0.11083345582831106
3176,188,192,960,11971.0,13718.0,13718.0,0.12735092579093166,0.12735092579093166
3177,188,191,955,10926.0,11962.0,12010.0,0.08660759070389568,0.09025811823480434
3178,188,193,965,11776.0,13241.0,13265.0,0.1106411902424288,0.11225028269883153
3179,188,193,965,12150.0,13778.0,13778.0,0.11815938452605601,0.11815938452605601
3180,188,193,965,11897.0,13422.0,13422.0,0.11361943078527792,0.11361943078527792
3181,188,191,955,11962.0,13817.0,13817.0,0.13425490337989432,0.13425490337989432
3182,188,191,955,11930.0,13779.0,13779.0,0.13418970897742943,0.13418970897742943
3183,188,198,990,11724.0,13577.0,13577.0,0.13648081313986893,0.13648081313986893
3184,188,196,980,11769.0,13122.0,13194.0,0.10310928212162784,0.10800363801728063
3185,188,190,950,11501.0,12934.0,12958.0,0.11079325807948048,0.11244019138755978
3186,188,191,955,12325.0,13548.0,13572.0,0.09027162680838496,0.09188034188034189
3187,188,191,955,11669.0,13253.0,13277.0,0.11952010865464424,0.12111169691948487
3188,188,188,940,12264.0,13863.0,13935.0,0.11534299935078984,0.11991388589881591
3189,188,193,965,11795.0,13107.0,13131.0,0.1000991836423285,0.10174396466377278
3190,188,196,980,11580.0,13841.0,13889.0,0.16335524889820097,0.16624667002663984
3191,188,193,965,11872.0,13169.0,13217.0,0.0984888753891715,0.10176288113792842
3192,188,192,960,11607.0,12903.0,12903.0,0.10044175773076025,0.10044175773076025
3193,188,192,960,11807.0,13398.0,13398.0,0.11874906702492904,0.11874906702492904
3194,188,191,955,10856.0,12401.0,12425.0,0.12458672687686478,0.1262776659959759
3195,188,191,955,11215.0,12511.0,12535.0,0.10358884181919914,0.1053051455923415
3196,188,194,970,12508.0,14162.0,14162.0,0.11679141364214096,0.11679141364214096
3197,188,192,960,11042.0,12396.0,12444.0,0.10922878347854148,0.11266473802635812
3198,188,194,970,11892.0,13424.0,13424.0,0.11412395709177592,0.11412395709177592
3199,188,192,960,12311.0,14102.0,14150.0,0.12700326194865974,0.1299646643109541
3200,188,194,970,11791.0,13521.0,13521.0,0.1279491161896309,0.1279491161896309
3201,188,191,955,12347.0,14072.0,14096.0,0.12258385446276299,0.12407775255391595
3202,188,192,960,11528.0,12621.0,12645.0,0.0866016955867206,0.08833531039936737
3203,188,192,960,11583.0,13538.0,13538.0,0.1444083321022308,0.1444083321022308
3204,188,194,970,11666.0,13405.0,13429.0,0.129727713539724,0.13128304415816516
3205,188,193,965,11897.0,13025.0,13073.0,0.08660268714011521,0.08995639868431116
3206,188,199,995,11787.0,13344.0,13368.0,0.11668165467625902,0.11826750448833034
3207,188,197,985,11909.0,13214.0,13238.0,0.09875889208415312,0.10039280858135669
3208,188,190,950,12098.0,13274.0,13298.0,0.0885942443875245,0.09023913370431647
3209,188,193,965,11835.0,13353.0,13377.0,0.11368231858009437,0.11527248261942136
3210,188,191,955,12006.0,13924.0,13972.0,0.13774777362826773,0.14070999141139418
3211,188,195,975,11814.0,13920.0,13920.0,0.15129310344827585,0.15129310344827585
3212,188,194,970,11885.0,13843.0,13867.0,0.1414433287582172,0.14292925650825705
3213,188,191,955,11603.0,13007.0,13031.0,0.10794187745060357,0.10958483615992631
3214,188,194,970,12361.0,13899.0,13923.0,0.11065544283761419,0.11218846512964165
3215,188,188,940,11377.0,12714.0,12714.0,0.1051596665093597,0.1051596665093597
3216,188,191,955,11900.0,13263.0,13311.0,0.10276709643368775,0.10600255427841632
3217,188,191,955,12405.0,13909.0,13933.0,0.10813142569559275,0.10966769539941146
3218,188,190,950,11490.0,13202.0,13226.0,0.12967732161793666,0.13125661575684255
3219,188,192,960,11635.0,13304.0,13328.0,0.1254509921828022,0.12702581032412963
3220,188,194,970,11843.0,13037.0,13037.0,0.09158548745877115,0.09158548745877115
3221,188,194,970,11920.0,13344.0,13392.0,0.10671462829736211,0.10991636798088411
3222,188,191,955,11845.0,13212.0,13236.0,0.10346654556463819,0.10509217286189176
3223,188,199,995,11970.0,13970.0,13970.0,0.1431639226914817,0.1431639226914817
3224,188,191,955,11196.0,13225.0,13297.0,0.15342155009451797,0.1580055651650748
3225,188,191,955,12235.0,13863.0,13863.0,0.11743489865108558,0.11743489865108558
3226,188,191,955,12871.0,14086.0,14158.0,0.08625585687917081,0.0909026698686255
3227,188,194,970,12495.0,13985.0,13985.0,0.10654272434751522,0.10654272434751522
3228,188,189,945,11297.0,12741.0,12765.0,0.11333490306883287,0.11500195848021932
3229,188,193,965,12399.0,14181.0,14181.0,0.12566109583245189,0.12566109583245189
3230,188,190,950,11931.0,13476.0,13548.0,0.11464826357969726,0.11935341009743139
3231,188,195,975,12491.0,14491.0,14491.0,0.13801670002070254,0.13801670002070254
3232,188,192,960,12148.0,13450.0,13498.0,0.09680297397769522,0.10001481700992743
3233,188,189,945,11151.0,12843.0,12915.0,0.13174491941135247,0.13658536585365855
3234,188,190,950,12226.0,13487.0,13511.0,0.09349744198116705,0.09510769003034569
3235,188,189,945,11449.0,13203.0,13203.0,0.1328485950162842,0.1328485950162842
3236,188,188,940,11769.0,13554.0,13602.0,0.13169544046038073,0.13475959417732686
3237,188,194,970,11797.0,13667.0,13739.0,0.13682593107485186,0.14134944319091636
3238,188,192,960,11614.0,13197.0,13221.0,0.11995150412972644,0.12154905075259059
3239,188,191,955,11447.0,13158.0,13158.0,0.1300349597203222,0.1300349597203222
3240,188,198,990,11949.0,14065.0,14089.0,0.15044436544614292,0.15189154659663562
3241,188,194,970,12281.0,14100.0,14100.0,0.12900709219858153,0.12900709219858153
3242,188,192,960,12025.0,13557.0,13581.0,0.11300435199527914,0.11457182828952217
3243,188,192,960,11697.0,13786.0,13810.0,0.15153053822718698,0.1530050687907314
3244,188,191,955,12288.0,13878.0,13902.0,0.114569822741029,0.11609840310746655
3245,188,195,975,11564.0,12871.0,12919.0,0.10154611141325465,0.10488427896896046
3246,188,193,965,12010.0,13866.0,13890.0,0.1338525890667821,0.13534917206623465
3247,188,189,945,12029.0,13667.0,13667.0,0.11985073534791835,0.11985073534791835
3248,188,190,950,12423.0,14066.0,14138.0,0.11680648371960756,0.12130428632055457
3249,188,190,950,12213.0,13891.0,13963.0,0.1207976387589087,0.1253312325431497
3250,188,193,965,11721.0,13339.0,13339.0,0.12129844815953217,0.12129844815953217
3251,188,192,960,11750.0,13219.0,13219.0,0.11112792193055454,0.11112792193055454
3252,188,191,955,11269.0,12947.0,12971.0,0.12960531397234876,0.13121578906792075
3253,188,191,955,11681.0,13143.0,13191.0,0.1112379213269421,0.11447198847699191
3254,188,191,955,11388.0,13208.0,13256.0,0.13779527559055116,0.14091732045866023
3255,188,189,945,11399.0,12983.0,12983.0,0.12200569976122622,0.12200569976122622
3256,188,193,965,11813.0,13638.0,13686.0,0.13381727526030207,0.13685518047639922
3257,188,197,985,13074.0,15034.0,15058.0,0.13037115870693095,0.1317572054721743
3258,188,192,960,11646.0,13483.0,13507.0,0.13624564266112882,0.13778041015769604
3259,188,194,970,11688.0,13031.0,13055.0,0.10306192924564495,0.10471083875909615
3260,188,189,945,11499.0,12519.0,12519.0,0.08147615624251137,0.08147615624251137
3261,188,193,965,11869.0,13672.0,13672.0,0.13187536571094205,0.13187536571094205
3262,188,189,945,11603.0,13234.0,13282.0,0.12324316155357418,0.12641168498720068
3263,188,194,970,11732.0,12897.0,12969.0,0.09033108474839113,0.09538129385457628
3264,188,192,960,12106.0,13497.0,13569.0,0.10305993924575829,0.10781929397892254
3265,188,201,1005,12896.0,15243.0,15243.0,0.15397231516105758,0.15397231516105758
3266,188,189,945,11547.0,12747.0,12771.0,0.09413979759943514,0.09584214235377031
3267,188,191,955,11842.0,13180.0,13180.0,0.10151745068285278,0.10151745068285278
3268,188,195,975,11215.0,13248.0,13296.0,0.1534571256038647,0.15651323706377862
3269,188,199,995,12589.0,14236.0,14236.0,0.11569261028378763,0.11569261028378763
3270,188,193,965,11701.0,13290.0,13362.0,0.1195635816403311,0.12430773836252063
3271,188,190,950,12488.0,14203.0,14203.0,0.12074913750616068,0.12074913750616068
3272,188,192,960,12331.0,14325.0,14325.0,0.1391972076788831,0.1391972076788831
3273,188,191,955,11535.0,13012.0,13084.0,0.1135106055948355,0.11838887190461633
3274,188,196,980,11117.0,12620.0,12644.0,0.11909667194928686,0.12076874406833282
3275,188,194,970,12281.0,14116.0,14188.0,0.1299943326721451,0.13440936002255433
3276,188,192,960,12255.0,13866.0,13866.0,0.11618347035915189,0.11618347035915189
3277,188,190,950,11720.0,13446.0,13470.0,0.1283653131042689,0.12991833704528577
3278,188,192,960,11308.0,12967.0,13039.0,0.12794015578005702,0.13275557941559935
3279,188,191,955,11603.0,12863.0,12863.0,0.09795537588431935,0.09795537588431935
3280,188,194,970,11575.0,13124.0,13124.0,0.11802804023163671,0.11802804023163671
3281,188,190,950,11084.0,12766.0,12790.0,0.13175622747924176,0.13338545738858487
3282,188,191,955,11647.0,13150.0,13198.0,0.11429657794676806,0.11751780572814063
3283,188,195,975,11873.0,13668.0,13668.0,0.13132865086333045,0.13132865086333045
3284,188,200,1000,12030.0,13683.0,13755.0,0.12080684060513047,0.12540894220283538
3285,188,192,960,11042.0,12436.0,12460.0,0.11209392087487935,0.11380417335473514
3286,188,196,980,12515.0,14018.0,14018.0,0.10721928948494797,0.10721928948494797
3287,188,196,980,11635.0,12755.0,12779.0,0.0878087024696198,0.08952187182095628
3288,188,193,965,11813.0,13285.0,13285.0,0.11080165600301095,0.11080165600301095
3289,188,199,995,11886.0,13573.0,13621.0,0.12429087158329033,0.12737684457822485
3290,188,190,950,11982.0,13327.0,13375.0,0.10092293839573796,0.10414953271028038
3291,188,193,965,11645.0,13405.0,13429.0,0.13129429317418873,0.13284682403753068
3292,188,197,985,12980.0,14912.0,14936.0,0.12956008583690992,0.13095875736475626
3293,188,192,960,11822.0,13304.0,13304.0,0.11139506915213471,0.11139506915213471
3294,188,190,950,11835.0,13597.0,13597.0,0.1295874089872766,0.1295874089872766
3295,188,201,1005,12756.0,14879.0,14879.0,0.14268432018280797,0.14268432018280797
3296,188,195,975,11335.0,12796.0,12868.0,0.11417630509534227,0.11913273235934096
3297,188,194,970,12313.0,14449.0,14449.0,0.14783029967471795,0.14783029967471795
3298,188,192,960,11566.0,12906.0,12906.0,0.10382767704943441,0.10382767704943441
3299,188,196,980,11630.0,13251.0,13251.0,0.1223303901592333,0.1223303901592333
3300,188,195,975,12553.0,14278.0,14278.0,0.12081524022972401,0.12081524022972401
3301,188,193,965,11927.0,13680.0,13680.0,0.12814327485380117,0.12814327485380117
3302,188,192,960,11431.0,13191.0,13239.0,0.13342430445000375,0.13656620590679058
3303,188,189,945,10997.0,12548.0,12572.0,0.12360535543512907,0.1252783964365256
3304,188,195,975,11515.0,12988.0,13036.0,0.11341238065906989,0.1166768947529917
3305,188,190,950,11830.0,13190.0,13214.0,0.10310841546626237,0.10473739972756169
3306,188,195,975,11409.0,12942.0,12966.0,0.1184515530829856,0.12008329477093937
3307,188,191,955,11532.0,13123.0,13171.0,0.12123752190810033,0.1244400577025283
3308,188,190,950,11599.0,13193.0,13217.0,0.12082164784355343,0.12241809790421432
3309,188,192,960,11384.0,13282.0,13330.0,0.14290016563770513,0.14598649662415608
3310,188,197,985,11399.0,13028.0,13076.0,0.12503837887626645,0.1282502294279596
3311,188,198,990,11725.0,13355.0,13403.0,0.1220516660426807,0.12519585167499814
3312,188,189,945,11251.0,12867.0,12891.0,0.12559260122794746,0.12722054146303619
3313,188,196,980,12489.0,14739.0,14811.0,0.15265621819662123,0.1567753696576869
3314,188,197,985,11502.0,12915.0,12987.0,0.10940766550522651,0.1143451143451143
3315,188,197,985,11665.0,13366.0,13390.0,0.12726320514738887,0.12882748319641524
3316,188,191,955,11611.0,12839.0,12839.0,0.09564607835501204,0.09564607835501204
3317,188,190,950,11022.0,12315.0,12315.0,0.10499390986601709,0.10499390986601709
3318,188,192,960,11708.0,13137.0,13185.0,0.108776737459085,0.11202123625331817
3319,188,196,980,12312.0,13959.0,14007.0,0.11798839458413923,0.1210109231098736
3320,188,195,975,11324.0,13225.0,13321.0,0.1437429111531191,0.149913670144884
3321,188,192,960,11162.0,12642.0,12642.0,0.11707008384749251,0.11707008384749251
3322,188,191,955,11518.0,12888.0,12936.0,0.10630043451272497,0.10961657390228818
3323,188,193,965,12243.0,13650.0,13674.0,0.10307692307692307,0.10465116279069764
3324,188,194,970,11628.0,13234.0,13258.0,0.1213540879552667,0.122944637200181
3325,188,190,950,11494.0,13077.0,13077.0,0.12105222910453473,0.12105222910453473
3326,188,189,945,11774.0,13629.0,13629.0,0.1361068310220852,0.1361068310220852
3327,188,192,960,11511.0,13379.0,13379.0,0.13962179535092312,0.13962179535092312
3328,188,193,965,11901.0,13487.0,13487.0,0.11759472084229261,0.11759472084229261
3329,188,191,955,12206.0,13933.0,13957.0,0.12395033374004161,0.12545676004872108
3330,188,199,995,11535.0,13246.0,13270.0,0.12917107051185261,0.13074604370761111
3331,188,194,970,12010.0,13639.0,13639.0,0.11943690886428626,0.11943690886428626
3332,188,194,970,11348.0,13241.0,13241.0,0.14296503285250362,0.14296503285250362
3333,188,189,945,11423.0,12596.0,12620.0,0.09312480152429348,0.09484944532488115
3334,188,196,980,11288.0,12958.0,13006.0,0.12887791325821885,0.13209288020913423
3335,188,191,955,11695.0,12880.0,12904.0,0.09200310559006208,0.09369187848729077
3336,188,189,945,11240.0,12877.0,12901.0,0.12712588335792496,0.12874970932485852
3337,188,194,970,12007.0,13600.0,13624.0,0.11713235294117652,0.11868761009982387
3338,188,188,940,11266.0,12810.0,12858.0,0.12053083528493369,0.12381396795769173
3339,188,195,975,11950.0,13525.0,13549.0,0.11645101663585955,0.1180160897483209
3340,188,193,965,12168.0,13898.0,13922.0,0.12447834220751186,0.12598764545323948
3341,188,194,970,12445.0,14019.0,14067.0,0.11227619659034171,0.11530532451837638
3342,188,192,960,12069.0,13494.0,13542.0,0.10560248999555355,0.10877270713336284
3343,188,193,965,12144.0,14087.0,14111.0,0.13792858664016472,0.1393947983842393
3344,188,195,975,12570.0,14197.0,14221.0,0.11460167641050922,0.11609591449265166
3345,188,191,955,11914.0,13752.0,13752.0,0.13365328679464805,0.13365328679464805
3346,188,195,975,11952.0,13652.0,13700.0,0.12452387928508646,0.12759124087591245
3347,188,196,980,11531.0,13080.0,13128.0,0.11842507645259936,0.12164838513101772
3348,188,192,960,11577.0,13171.0,13195.0,0.12102346063320935,0.12262220538082602
3349,188,191,955,11540.0,13334.0,13334.0,0.13454327283635814,0.13454327283635814
3350,188,193,965,11684.0,13388.0,13388.0,0.12727815954586197,0.12727815954586197
3351,188,192,960,11649.0,13355.0,13403.0,0.12774241856982405,0.13086622397970604
3352,188,191,955,11469.0,13431.0,13455.0,0.1460799642617825,0.14760312151616495
3353,188,189,945,11705.0,13502.0,13526.0,0.13309139386757518,0.1346296022475233
3354,188,194,970,11525.0,13000.0,13000.0,0.1134615384615385,0.1134615384615385
3355,188,192,960,12562.0,14301.0,14301.0,0.1215998881197119,0.1215998881197119
3356,188,194,970,11458.0,13287.0,13311.0,0.1376533453751787,0.1392081736909323
3357,188,194,970,11761.0,13026.0,13098.0,0.09711346537693843,0.1020766529241105
3358,188,192,960,12039.0,13785.0,13785.0,0.12665941240478784,0.12665941240478784
3359,188,192,960,10968.0,12468.0,12468.0,0.12030798845043311,0.12030798845043311
3360,188,192,960,10924.0,12799.0,12847.0,0.14649581998593642,0.14968475130380632
3361,188,192,960,11757.0,13280.0,13328.0,0.11468373493975903,0.11787214885954378
3362,188,192,960,12683.0,14086.0,14110.0,0.09960244214113301,0.10113394755492555
3363,188,195,975,12152.0,13964.0,13988.0,0.12976224577484963,0.13125536173863317
3364,188,190,950,11361.0,12816.0,12816.0,0.11352996254681647,0.11352996254681647
3365,188,190,950,11854.0,13453.0,13453.0,0.11885824723110083,0.11885824723110083
3366,188,189,945,11820.0,13377.0,13401.0,0.11639381027136131,0.11797627042758008
3367,188,190,950,11456.0,12796.0,12820.0,0.10472022507033452,0.10639625585023404
3368,188,191,955,11488.0,12639.0,12639.0,0.09106733127620859,0.09106733127620859
3369,188,193,965,11998.0,13695.0,13719.0,0.12391383716684923,0.12544646111232594
3370,188,194,970,11869.0,13479.0,13503.0,0.11944506269011057,0.12101014589350512
3371,188,191,955,11876.0,13148.0,13196.0,0.09674475205354427,0.10003031221582293
3372,188,193,965,12243.0,13744.0,13792.0,0.10921129220023285,0.1123114849187935
3373,188,193,965,12634.0,14316.0,14340.0,0.11749091925118749,0.11896792189679217
3374,188,190,950,11056.0,12221.0,12221.0,0.09532771458964073,0.09532771458964073
3375,188,195,975,11801.0,13254.0,13278.0,0.10962728232986263,0.11123663202289502
3376,188,191,955,11834.0,13530.0,13554.0,0.12535107169253512,0.12689980817470858
3377,188,193,965,12608.0,14277.0,14325.0,0.11690130979897739,0.11986038394415355
3378,188,189,945,11395.0,12956.0,12980.0,0.1204847175054029,0.12211093990755006
3379,188,198,990,11841.0,13922.0,13946.0,0.14947565005028018,0.15093933744442856
3380,188,197,985,12521.0,14431.0,14455.0,0.13235396022451662,0.1337945347630578
3381,188,195,975,11956.0,13513.0,13513.0,0.11522237845038108,0.11522237845038108
3382,188,191,955,11939.0,13912.0,13912.0,0.14182001150086254,0.14182001150086254
3383,188,194,970,11728.0,13791.0,13815.0,0.14959031252265975,0.15106768005790805
3384,188,192,960,11574.0,13273.0,13273.0,0.12800421909138848,0.12800421909138848
3385,188,191,955,11708.0,13198.0,13222.0,0.11289589331716932,0.11450612615338074
3386,188,193,965,12107.0,14001.0,14025.0,0.1352760517105921,0.13675579322638143
3387,188,192,960,11583.0,12642.0,12642.0,0.08376839107736123,0.08376839107736123
3388,188,194,970,12213.0,13889.0,13913.0,0.1206710346317229,0.1221878818371307
3389,188,190,950,11702.0,13444.0,13444.0,0.1295745313894674,0.1295745313894674
3390,188,193,965,11848.0,13437.0,13485.0,0.11825556299769291,0.12139414163885798
3391,188,196,980,11590.0,13111.0,13159.0,0.11600945770726867,0.11923398434531496
3392,188,193,965,11870.0,13403.0,13427.0,0.1143773781989107,0.11596037834214645
3393,188,193,965,12418.0,13859.0,13859.0,0.10397575582653873,0.10397575582653873
3394,188,190,950,11493.0,13272.0,13320.0,0.13404159132007232,0.13716216216216215
3395,188,190,950,11680.0,13357.0,13357.0,0.1255521449427267,0.1255521449427267
3396,188,195,975,11726.0,13074.0,13074.0,0.1031054000305951,0.1031054000305951
3397,188,197,985,12685.0,14388.0,14412.0,0.11836252432582706,0.11983069664168744
3398,188,191,955,11664.0,13333.0,13333.0,0.12517812945323636,0.12517812945323636
3399,188,196,980,12288.0,13601.0,13625.0,0.09653701933681347,0.09812844036697244
3400,188,196,980,11858.0,13609.0,13609.0,0.12866485414064222,0.12866485414064222
3401,188,191,955,12006.0,13631.0,13631.0,0.11921355733255079,0.11921355733255079
3402,188,194,970,11717.0,13327.0,13351.0,0.12080738350716591,0.12238783611714477
3403,188,191,955,12074.0,14020.0,14020.0,0.13880171184022827,0.13880171184022827
3404,188,196,980,12565.0,14196.0,14196.0,0.11489151873767256,0.11489151873767256
3405,188,194,970,11720.0,13314.0,13362.0,0.11972359921886733,0.12288579553958989
3406,188,190,950,11072.0,13010.0,13058.0,0.14896233666410452,0.15209067238474494
3407,188,191,955,11779.0,13282.0,13282.0,0.11316066857400997,0.11316066857400997
3408,188,198,990,11680.0,13745.0,13769.0,0.15023644961804294,0.1517176265524003
3409,188,196,980,11295.0,13436.0,13484.0,0.15934802024412031,0.1623405517650549
3410,188,196,980,12134.0,13319.0,13367.0,0.0889706434416998,0.09224208872596695
3411,188,190,950,11740.0,12826.0,12874.0,0.08467176048651182,0.0880845114183626
3412,188,195,975,11747.0,13385.0,13481.0,0.12237579379902874,0.12862547288776793
3413,188,192,960,11347.0,13177.0,13201.0,0.13887834863777793,0.14044390576471477
3414,188,191,955,11874.0,13319.0,13319.0,0.1084916285006382,0.1084916285006382
3415,188,196,980,12940.0,14636.0,14660.0,0.11587865537031972,0.11732605729877221
3416,188,195,975,11472.0,12488.0,12488.0,0.08135810377962849,0.08135810377962849
3417,188,192,960,11666.0,13370.0,13370.0,0.12744951383694836,0.12744951383694836
3418,188,194,970,12089.0,14071.0,14071.0,0.14085708194158197,0.14085708194158197
3419,188,190,950,11395.0,12639.0,12687.0,0.09842550834717934,0.10183652557736267
3420,188,191,955,11362.0,12649.0,12697.0,0.10174717368961972,0.10514294715287076
3421,188,190,950,11899.0,13204.0,13228.0,0.09883368676158744,0.10046870275173869
3422,188,193,965,11563.0,13256.0,13280.0,0.12771575135787572,0.12929216867469884
3423,188,193,965,11622.0,13150.0,13150.0,0.11619771863117867,0.11619771863117867
3424,188,192,960,11994.0,13728.0,13752.0,0.12631118881118886,0.1278359511343804
3425,188,189,945,10972.0,12684.0,12756.0,0.13497319457584356,0.13985575415490747
3426,188,194,970,12830.0,14469.0,14493.0,0.11327666044647178,0.1147450493341613
3427,188,195,975,12501.0,14299.0,14299.0,0.12574305895517168,0.12574305895517168
3428,188,190,950,12631.0,14020.0,14044.0,0.09907275320970044,0.1006123611506693
3429,188,190,950,11878.0,13466.0,13490.0,0.11792663003118964,0.1194959229058562
3430,188,191,955,11719.0,13665.0,13665.0,0.1424076106842298,0.1424076106842298
3431,188,193,965,12257.0,14072.0,14096.0,0.12897953382603755,0.1304625425652668
3432,188,190,950,11848.0,12961.0,12985.0,0.08587300362626338,0.08756257219869079
3433,188,197,985,12060.0,13686.0,13686.0,0.11880754055238929,0.11880754055238929
3434,188,191,955,11440.0,13345.0,13345.0,0.14275009366804048,0.14275009366804048
3435,188,191,955,12119.0,13515.0,13515.0,0.10329263780984088,0.10329263780984088
3436,188,193,965,11515.0,12783.0,12807.0,0.09919424235312524,0.1008823299757945
3437,188,189,945,11764.0,13570.0,13570.0,0.1330876934414149,0.1330876934414149
3438,188,191,955,11111.0,12620.0,12620.0,0.11957210776545169,0.11957210776545169
3439,188,190,950,11659.0,12816.0,12840.0,0.09027777777777779,0.09197819314641742
3440,188,195,975,12730.0,14690.0,14690.0,0.13342409802586797,0.13342409802586797
3441,188,188,940,10795.0,12715.0,12763.0,0.15100275265434526,0.15419572200893206
3442,188,192,960,12216.0,13954.0,13978.0,0.1245520997563423,0.12605522964658744
3443,188,192,960,12096.0,13752.0,13752.0,0.12041884816753923,0.12041884816753923
3444,188,194,970,11708.0,13371.0,13395.0,0.12437364445441623,0.1259425158641284
3445,188,192,960,12520.0,14101.0,14125.0,0.11211970782214031,0.11362831858407074
3446,188,191,955,11278.0,13228.0,13252.0,0.14741457514363476,0.14895864775128287
3447,188,195,975,11807.0,13518.0,13542.0,0.1265719781032697,0.12811992320189036
3448,188,196,980,12013.0,13918.0,13942.0,0.13687311395315416,0.1383589155071009
3449,188,192,960,11482.0,13052.0,13076.0,0.12028807845540912,0.1219027225451208
3450,188,194,970,11173.0,12745.0,12745.0,0.12334248724990193,0.12334248724990193
3451,188,193,965,12261.0,13426.0,13498.0,0.0867719350513928,0.09164320640094825
3452,188,190,950,11477.0,12703.0,12703.0,0.09651263481067462,0.09651263481067462
3453,188,194,970,12389.0,14215.0,14239.0,0.12845585648962365,0.12992485427347422
3454,188,191,955,12058.0,13555.0,13579.0,0.11043895241608259,0.11201119375506297
3455,188,193,965,11575.0,13297.0,13345.0,0.12950289538993753,0.13263394529786432
3456,188,196,980,12509.0,14113.0,14137.0,0.11365407780060932,0.1151588031406946
3457,188,193,965,11567.0,12931.0,12931.0,0.10548294795452784,0.10548294795452784
3458,188,189,945,11533.0,13841.0,13865.0,0.16675095730077305,0.16819329246303638
3459,188,194,970,11418.0,13464.0,13488.0,0.1519607843137255,0.15346975088967973
3460,188,192,960,11890.0,13106.0,13106.0,0.09278193193956963,0.09278193193956963
3461,188,194,970,11827.0,13489.0,13537.0,0.12321150567128769,0.1263204550491246
3462,188,194,970,11592.0,13101.0,13101.0,0.11518204717197156,0.11518204717197156
3463,188,194,970,12246.0,13916.0,13916.0,0.12000574877838455,0.12000574877838455
3464,188,191,955,11341.0,12892.0,12940.0,0.12030716723549484,0.12357032457496131
3465,188,189,945,11747.0,13134.0,13182.0,0.10560377645804786,0.10886056744044914
3466,188,193,965,12000.0,14235.0,14283.0,0.15700737618545835,0.1598403696702373
3467,188,193,965,11250.0,12957.0,12957.0,0.13174345913405883,0.13174345913405883
3468,188,190,950,11701.0,12890.0,12914.0,0.09224204809930181,0.09392906922719524
3469,188,195,975,13107.0,14379.0,14403.0,0.08846234091383265,0.08998125390543632
3470,188,193,965,11570.0,13254.0,13254.0,0.12705598309944166,0.12705598309944166
3471,188,195,975,11867.0,13448.0,13448.0,0.11756395002974418,0.11756395002974418
3472,188,191,955,11694.0,12758.0,12758.0,0.08339865182630501,0.08339865182630501
3473,188,197,985,11942.0,13761.0,13761.0,0.1321851609621394,0.1321851609621394
3474,188,189,945,11617.0,12806.0,12806.0,0.09284710292050602,0.09284710292050602
3475,188,194,970,11785.0,12796.0,12844.0,0.07900906533291652,0.08245094985985679
3476,188,191,955,11396.0,12336.0,12384.0,0.07619974059662771,0.0797803617571059
3477,188,192,960,12008.0,13931.0,13979.0,0.1380374703897782,0.14099721010086563
3478,188,199,995,12209.0,13601.0,13649.0,0.10234541577825162,0.1055022345959411
3479,188,192,960,12342.0,14279.0,14279.0,0.135653757265915,0.135653757265915
3480,188,192,960,11257.0,12576.0,12600.0,0.10488231552162852,0.10658730158730156
3481,188,197,985,11879.0,13190.0,13214.0,0.09939347990902203,0.10102921144240962
3482,188,193,965,11258.0,13136.0,13160.0,0.1429658952496955,0.1445288753799392
3483,188,195,975,11950.0,13541.0,13565.0,0.1174950151392069,0.11905639513453736
3484,188,196,980,12153.0,13277.0,13325.0,0.08465767869247576,0.08795497185741086
3485,188,191,955,11351.0,12685.0,12685.0,0.10516357903035078,0.10516357903035078
3486,188,195,975,12089.0,14137.0,14161.0,0.14486807667822033,0.1463173504695996
3487,188,192,960,11616.0,13411.0,13459.0,0.13384535083140703,0.1369343933427446
3488,188,193,965,11890.0,13672.0,13720.0,0.13033937975424226,0.13338192419825068
3489,188,195,975,11827.0,12972.0,12972.0,0.08826703669441871,0.08826703669441871
3490,188,189,945,11602.0,12563.0,12563.0,0.0764944678818753,0.0764944678818753
3491,188,190,950,11534.0,13309.0,13309.0,0.1333683973251183,0.1333683973251183
3492,188,193,965,11345.0,12727.0,12751.0,0.1085880411723108,0.11026586150105877
3493,188,191,955,11413.0,13323.0,13323.0,0.14336110485626363,0.14336110485626363
3494,188,190,950,11798.0,12821.0,12893.0,0.07979096794321816,0.08492980687194607
3495,188,196,980,11337.0,12733.0,12733.0,0.10963637791565228,0.10963637791565228
3496,188,192,960,11975.0,13824.0,13848.0,0.1337528935185185,0.13525418833044478
3497,188,191,955,12397.0,13921.0,13945.0,0.10947489404496802,0.11100752958049476
3498,188,192,960,11988.0,13257.0,13305.0,0.09572301425661911,0.09898534385569335
3499,188,189,945,11504.0,12880.0,12880.0,0.10683229813664596,0.10683229813664596
3500,188,194,970,12522.0,14094.0,14118.0,0.11153682418050237,0.11304717382065443
3501,188,198,990,12550.0,14334.0,14358.0,0.12445932747314081,0.1259228304777824
3502,188,188,940,10800.0,11922.0,11946.0,0.09411172622043285,0.09593169261677548
3503,188,193,965,11753.0,13501.0,13525.0,0.12947189097103917,0.1310166358595194
3504,188,188,940,11458.0,13194.0,13218.0,0.13157495831438537,0.1331517627477682
3505,188,195,975,10557.0,12402.0,12450.0,0.14876632801161105,0.1520481927710844
3506,188,189,945,12185.0,13191.0,13191.0,0.0762641194753999,0.0762641194753999
3507,188,196,980,12188.0,14146.0,14146.0,0.1384136858475894,0.1384136858475894
3508,188,194,970,11320.0,12781.0,12829.0,0.11431030435803147,0.11762413282407047
3509,188,191,955,10918.0,12616.0,12640.0,0.13459099556119214,0.13623417721518982
3510,188,194,970,12526.0,14150.0,14150.0,0.11477031802120141,0.11477031802120141
3511,188,194,970,11211.0,12541.0,12541.0,0.10605214895143933,0.10605214895143933
3512,188,190,950,12450.0,14086.0,14110.0,0.1161436887689905,0.11764705882352944
3513,188,196,980,11946.0,13662.0,13686.0,0.12560386473429952,0.12713722051731702
3514,188,192,960,11996.0,13461.0,13485.0,0.10883292474556128,0.11041898405635897
3515,188,194,970,11984.0,13615.0,13615.0,0.11979434447300774,0.11979434447300774
3516,188,191,955,12172.0,13867.0,13939.0,0.12223263863849432,0.12676662601334387
3517,188,191,955,12221.0,13702.0,13702.0,0.10808641074295722,0.10808641074295722
3518,188,197,985,12198.0,13785.0,13857.0,0.11512513601741026,0.11972288374106954
3519,188,200,1000,12083.0,14074.0,14122.0,0.1414665340343897,0.14438464806684603
3520,188,190,950,11516.0,13256.0,13304.0,0.1312613156306578,0.13439567047504508
3521,188,193,965,11827.0,13519.0,13567.0,0.1251571861824099,0.12825237709147197
3522,188,191,955,12525.0,13739.0,13739.0,0.08836159836960478,0.08836159836960478
3523,188,193,965,11338.0,12743.0,12791.0,0.1102566114729655,0.11359549683371117
3524,188,191,955,11491.0,13104.0,13128.0,0.1230921855921856,0.12469530773918347
3525,188,193,965,11223.0,12646.0,12670.0,0.112525699826032,0.11420678768745063
3526,188,196,980,11806.0,13606.0,13630.0,0.13229457592238714,0.13382245047688923
3527,188,193,965,11374.0,13149.0,13149.0,0.13499125408776336,0.13499125408776336
3528,188,191,955,11965.0,13555.0,13603.0,0.11729988933972701,0.12041461442328893
3529,188,192,960,12120.0,13429.0,13453.0,0.09747561248045278,0.09908570579053
3530,188,193,965,11451.0,12822.0,12918.0,0.10692559663079082,0.11356247097073846
3531,188,193,965,12041.0,13620.0,13644.0,0.11593245227606463,0.11748754031075925
3532,188,191,955,11667.0,13299.0,13299.0,0.12271599368373565,0.12271599368373565
3533,188,188,940,11121.0,12730.0,12730.0,0.12639434406912808,0.12639434406912808
3534,188,193,965,11888.0,12897.0,12921.0,0.07823524850740482,0.07994737249438899
3535,188,194,970,11466.0,13092.0,13092.0,0.1241979835013749,0.1241979835013749
3536,188,196,980,12061.0,13687.0,13687.0,0.11879886023233721,0.11879886023233721
3537,188,192,960,12049.0,14020.0,14020.0,0.14058487874465053,0.14058487874465053
3538,188,190,950,11616.0,13357.0,13381.0,0.13034364003893095,0.13190344518346908
3539,188,191,955,12222.0,13817.0,13865.0,0.11543750452341317,0.11849981968986656
3540,188,193,965,12505.0,14330.0,14378.0,0.12735519888346125,0.13026846571150363
3541,188,192,960,11688.0,13470.0,13494.0,0.132293986636971,0.13383726100489102
3542,188,193,965,12146.0,13714.0,13762.0,0.11433571532740261,0.11742479290800756
3543,188,194,970,11889.0,13324.0,13348.0,0.10770039027319123,0.10930476475876538
3544,188,189,945,11048.0,12854.0,12878.0,0.14050101135833204,0.14210281099549615
3545,188,194,970,11333.0,12305.0,12353.0,0.07899227956115396,0.08257103537602206
3546,188,196,980,11969.0,13895.0,13919.0,0.13861101115509178,0.1400962712838566
3547,188,194,970,11668.0,12940.0,12988.0,0.09829984544049464,0.10163227594702806
3548,188,191,955,11560.0,12906.0,12954.0,0.10429257709592432,0.1076115485564304
3549,188,195,975,12018.0,13781.0,13781.0,0.1279297583629635,0.1279297583629635
3550,188,190,950,11877.0,13233.0,13281.0,0.10247109498979823,0.10571493110458552
3551,188,192,960,12127.0,13580.0,13628.0,0.10699558173784973,0.1101408864103317
3552,188,194,970,12661.0,14229.0,14253.0,0.11019748401152574,0.11169578334385744
3553,188,192,960,12551.0,14124.0,14148.0,0.11137071651090347,0.11287814532089346
3554,188,193,965,13088.0,14338.0,14410.0,0.08718091784070303,0.0917418459403192
3555,188,200,1000,12044.0,13247.0,13271.0,0.09081301426738131,0.09245723758571323
3556,188,195,975,12283.0,14175.0,14175.0,0.13347442680776012,0.13347442680776012
3557,188,192,960,11890.0,13210.0,13282.0,0.0999242997728993,0.10480349344978168
3558,188,191,955,12276.0,14071.0,14071.0,0.12756733707625612,0.12756733707625612
3559,188,195,975,12067.0,14134.0,14158.0,0.14624310174048394,0.14769035174459666
3560,188,191,955,11103.0,12575.0,12623.0,0.11705765407554669,0.12041511526578463
3561,188,192,960,10964.0,12665.0,12713.0,0.1343071456770628,0.13757570990324863
3562,188,194,970,11637.0,13201.0,13225.0,0.11847587303992124,0.12007561436672964
3563,188,191,955,11968.0,13844.0,13892.0,0.13550996821727823,0.13849697667722427
3564,188,192,960,11652.0,13509.0,13557.0,0.13746391294692428,0.1405178136755919
3565,188,196,980,11970.0,13457.0,13481.0,0.11050011146615146,0.11208367331800306
3566,188,191,955,12032.0,13765.0,13837.0,0.12589901925172542,0.1304473513044735
3567,188,195,975,11872.0,13909.0,13957.0,0.14645193759436337,0.14938740416995056
3568,188,193,965,11981.0,13665.0,13689.0,0.12323454079765828,0.12477171451530422
3569,188,191,955,11681.0,13378.0,13378.0,0.12685005232471225,0.12685005232471225
3570,188,196,980,12006.0,13797.0,13797.0,0.12981082844096548,0.12981082844096548
3571,188,193,965,11096.0,12703.0,12751.0,0.12650554987010942,0.12979374166732016
3572,188,195,975,12213.0,13849.0,13897.0,0.11813127301610227,0.12117723249622225
3573,188,197,985,11800.0,13205.0,13253.0,0.10639909125331315,0.10963555421414017
3574,188,196,980,12106.0,13581.0,13629.0,0.10860761357779247,0.11174701005209475
3575,188,194,970,11962.0,13820.0,13844.0,0.13444283646888566,0.13594336896850623
3576,188,194,970,11196.0,12991.0,13015.0,0.13817258101762764,0.13976181329235493
3577,188,193,965,11417.0,12858.0,12858.0,0.11207030642401616,0.11207030642401616
3578,188,190,950,11543.0,13226.0,13250.0,0.12724935732647813,0.12883018867924523
3579,188,195,975,12170.0,13510.0,13534.0,0.09918578830495928,0.1007832126496232
3580,188,197,985,12150.0,13901.0,13901.0,0.12596216099561186,0.12596216099561186
3581,188,193,965,12406.0,13625.0,13673.0,0.08946788990825683,0.09266437504571057
3582,188,197,985,11114.0,12576.0,12624.0,0.11625318066157764,0.11961343472750319
3583,188,194,970,12214.0,13510.0,13534.0,0.09592894152479647,0.09753214127382892
3584,188,192,960,12543.0,14482.0,14482.0,0.13389034663720478,0.13389034663720478
3585,188,191,955,11722.0,13151.0,13175.0,0.10866093833168577,0.11028462998102462
3586,188,197,985,11690.0,13496.0,13520.0,0.13381742738589208,0.13535502958579881
3587,188,193,965,11408.0,13049.0,13073.0,0.12575676297034255,0.12736173793314465
3588,188,189,945,11454.0,13068.0,13068.0,0.12350780532598715,0.12350780532598715
3589,188,193,965,11763.0,14189.0,14213.0,0.17097751779547532,0.17237740097094212
3590,188,191,955,11830.0,13228.0,13252.0,0.10568491079528275,0.10730455780259585
3591,188,190,950,11093.0,12861.0,12885.0,0.13746987015006606,0.13907644547923947
3592,188,191,955,10924.0,12305.0,12353.0,0.1122308004876067,0.11568040152189751
3593,188,191,955,11703.0,13412.0,13412.0,0.12742320310169997,0.12742320310169997
3594,188,191,955,12006.0,13894.0,13918.0,0.13588599395422485,0.13737605977870382
3595,188,194,970,11708.0,13266.0,13290.0,0.11744308759234134,0.11903686982693751
3596,188,195,975,11821.0,13603.0,13627.0,0.13100051459236928,0.13253100462317458
3597,188,194,970,12445.0,14024.0,14048.0,0.112592698231603,0.11410876993166286
3598,188,193,965,11696.0,13668.0,13716.0,0.14427860696517414,0.14727325750947795
3599,188,192,960,12119.0,13977.0,13977.0,0.13293267510910778,0.13293267510910778
3600,188,197,985,12036.0,13589.0,13613.0,0.11428361174479362,0.11584514802027479
3601,188,195,975,11788.0,13222.0,13246.0,0.10845560429587053,0.11007096481956813
3602,188,192,960,12298.0,14450.0,14498.0,0.14892733564013838,0.15174506828528078
3603,188,197,985,11686.0,13564.0,13612.0,0.13845473311707457,0.14149280047017343
3604,188,196,980,11461.0,13553.0,13553.0,0.15435696893676676,0.15435696893676676
3605,188,190,950,11487.0,12907.0,12955.0,0.11001781978771208,0.113315322269394
3606,188,190,950,11747.0,13388.0,13436.0,0.12257245294293395,0.12570705567133078
3607,188,191,955,11819.0,13574.0,13622.0,0.12929129217621926,0.13235941858757894
3608,188,193,965,12223.0,13975.0,13975.0,0.12536672629695889,0.12536672629695889
3609,188,198,990,11109.0,12749.0,12749.0,0.12863754019923135,0.12863754019923135
3610,188,194,970,11607.0,13150.0,13174.0,0.11733840304182508,0.11894640959465619
3611,188,192,960,11557.0,13075.0,13123.0,0.11609942638623327,0.11933246970967004
3612,188,194,970,12676.0,13895.0,13919.0,0.08772939906441168,0.08930239241324811
3613,188,193,965,11970.0,13612.0,13708.0,0.12062885689097858,0.12678727750218854
3614,188,191,955,11623.0,13064.0,13064.0,0.11030312308634416,0.11030312308634416
3615,188,194,970,11836.0,13742.0,13742.0,0.1386988793479843,0.1386988793479843
3616,188,192,960,11779.0,13482.0,13506.0,0.12631657024180387,0.12786909521694056
3617,188,191,955,11794.0,13520.0,13520.0,0.12766272189349115,0.12766272189349115
3618,188,195,975,12225.0,13576.0,13576.0,0.09951384796700058,0.09951384796700058
3619,188,190,950,11499.0,13183.0,13231.0,0.12774027156185996,0.13090469352278744
3620,188,195,975,11905.0,13363.0,13411.0,0.10910723639901221,0.1122958765192752
3621,188,196,980,12241.0,14182.0,14206.0,0.13686362995346213,0.1383218358440096
3622,188,192,960,11485.0,13064.0,13112.0,0.12086650336803428,0.12408480780964004
3623,188,192,960,12296.0,14029.0,14029.0,0.1235298310642241,0.1235298310642241
3624,188,197,985,12002.0,13562.0,13562.0,0.11502728211178292,0.11502728211178292
3625,188,194,970,11831.0,13227.0,13227.0,0.10554169501776667,0.10554169501776667
3626,188,194,970,11863.0,13236.0,13236.0,0.10373224539135695,0.10373224539135695
3627,188,196,980,11876.0,13932.0,13932.0,0.14757393051966694,0.14757393051966694
3628,188,196,980,12005.0,13312.0,13336.0,0.09818209134615385,0.09980503899220161
3629,188,190,950,11029.0,12420.0,12468.0,0.11199677938808372,0.11541546358678212
3630,188,196,980,12167.0,13743.0,13767.0,0.1146765626136943,0.11621994624827481
3631,188,192,960,12150.0,13700.0,13700.0,0.11313868613138689,0.11313868613138689
3632,188,191,955,12105.0,13456.0,13456.0,0.10040130796670632,0.10040130796670632
3633,188,192,960,12047.0,13788.0,13836.0,0.12626921961125614,0.12930037583116505
3634,188,195,975,13721.0,15151.0,15199.0,0.09438320902910702,0.09724323968682147
3635,188,189,945,11558.0,13673.0,13673.0,0.15468441453960358,0.15468441453960358
3636,188,193,965,12044.0,14272.0,14296.0,0.15610986547085204,0.1575265808617795
3637,188,190,950,12716.0,14701.0,14725.0,0.13502482824297668,0.13643463497453312
3638,188,190,950,11262.0,13122.0,13122.0,0.1417466849565615,0.1417466849565615
3639,188,190,950,10954.0,12586.0,12610.0,0.12966788495153347,0.13132434575733543
3640,188,196,980,11979.0,14027.0,14027.0,0.14600413488272612,0.14600413488272612
3641,188,192,960,11188.0,13158.0,13158.0,0.149718802249582,0.149718802249582
3642,188,191,955,11228.0,12496.0,12520.0,0.10147247119078107,0.10319488817891376
3643,188,192,960,12126.0,13368.0,13368.0,0.09290843806104132,0.09290843806104132
3644,188,194,970,11940.0,13019.0,13067.0,0.08287886934480371,0.08624779980102548
3645,188,197,985,11765.0,13381.0,13381.0,0.12076825349375986,0.12076825349375986
3646,188,195,975,12029.0,14144.0,14192.0,0.14953337104072395,0.15240980834272833
3647,188,191,955,11305.0,12602.0,12626.0,0.10292017140136489,0.10462537620782508
3648,188,193,965,12638.0,14160.0,14184.0,0.1074858757062147,0.10899605188945294
3649,188,191,955,11864.0,13361.0,13433.0,0.11204251178803981,0.11680190575448524
3650,188,195,975,12610.0,13969.0,13993.0,0.09728684945235877,0.09883513185164006
3651,188,191,955,10759.0,12089.0,12137.0,0.110017371163868,0.11353711790393017
3652,188,193,965,12811.0,14803.0,14851.0,0.13456731743565498,0.13736448723991646
3653,188,189,945,12728.0,14644.0,14644.0,0.13083856869707733,0.13083856869707733
3654,188,195,975,11819.0,13179.0,13227.0,0.10319447606039911,0.10644893021849244
3655,188,189,945,12519.0,13933.0,13933.0,0.10148568147563342,0.10148568147563342
3656,188,192,960,12198.0,13415.0,13463.0,0.09071934401789039,0.09396122706677557
3657,188,192,960,12725.0,14757.0,14781.0,0.13769736396286503,0.13909749002097282
3658,188,190,950,11844.0,13158.0,13158.0,0.09986320109439129,0.09986320109439129
3659,188,192,960,11568.0,13272.0,13272.0,0.12839059674502717,0.12839059674502717
3660,188,195,975,11457.0,13113.0,13113.0,0.12628689087165412,0.12628689087165412
3661,188,193,965,11389.0,13127.0,13199.0,0.13239887255275384,0.13713160087885445
3662,188,192,960,11722.0,13544.0,13592.0,0.13452451269935028,0.13758092995879934
3663,188,193,965,11527.0,13457.0,13457.0,0.14341978152634316,0.14341978152634316
3664,188,190,950,11655.0,13359.0,13407.0,0.1275544576689872,0.13067800402774665
3665,188,191,955,12189.0,13941.0,13989.0,0.12567247686679583,0.1286725284151834
3666,188,193,965,11615.0,12749.0,12773.0,0.08894815279629775,0.09065998590777424
3667,188,191,955,11888.0,13812.0,13836.0,0.13929916015059374,0.14079213645562305
3668,188,193,965,11628.0,13050.0,13122.0,0.10896551724137926,0.11385459533607678
3669,188,190,950,11985.0,13292.0,13292.0,0.09832982244959376,0.09832982244959376
3670,188,192,960,12568.0,14183.0,14207.0,0.11386871606853277,0.11536566481312027
3671,188,195,975,11812.0,13381.0,13381.0,0.11725581047754274,0.11725581047754274
3672,188,198,990,11913.0,13858.0,13882.0,0.1403521431664021,0.14183835182250393
3673,188,192,960,11940.0,13478.0,13574.0,0.1141118860365039,0.12037719168999561
3674,188,190,950,11178.0,12941.0,12965.0,0.13623367591376245,0.13783262630158122
3675,188,197,985,12115.0,14007.0,14007.0,0.13507531948311557,0.13507531948311557
3676,188,190,950,12142.0,13407.0,13455.0,0.09435369583053632,0.0975845410628019
3677,188,190,950,11522.0,13262.0,13310.0,0.1312019303272508,0.13433508640120206
3678,188,194,970,12008.0,13227.0,13299.0,0.09215997580706137,0.09707496804270999
3679,188,195,975,11406.0,13033.0,13057.0,0.12483695235172254,0.12644558474381562
3680,188,190,950,11250.0,12879.0,12903.0,0.12648497554157934,0.12810974192048363
3681,188,191,955,11281.0,12678.0,12678.0,0.11019088184256187,0.11019088184256187
3682,188,194,970,11621.0,13006.0,13030.0,0.10648931262494232,0.1081350729086723
3683,188,194,970,12791.0,14974.0,15022.0,0.14578602911713634,0.1485155105844761
3684,188,192,960,11855.0,13470.0,13470.0,0.11989606533036379,0.11989606533036379
3685,188,194,970,11995.0,13616.0,13616.0,0.119051116333725,0.119051116333725
3686,188,195,975,12139.0,13857.0,14001.0,0.12398065959442883,0.13299050067852292
3687,188,191,955,11857.0,13299.0,13323.0,0.10842920520339872,0.11003527733993845
3688,188,190,950,11577.0,13014.0,13014.0,0.11041954817888433,0.11041954817888433
3689,188,193,965,11809.0,13127.0,13151.0,0.10040374800030472,0.10204547182723744
3690,188,198,990,12596.0,13954.0,14002.0,0.09731976494195216,0.10041422653906584
3691,188,190,950,12107.0,13468.0,13468.0,0.10105435105435101,0.10105435105435101
3692,188,195,975,12041.0,13954.0,14026.0,0.13709330657875873,0.14152288606872954
3693,188,191,955,11224.0,12573.0,12645.0,0.10729340650600494,0.11237643337287462
3694,188,197,985,12849.0,14356.0,14380.0,0.10497353023126221,0.10646731571627255
3695,188,189,945,12075.0,13483.0,13531.0,0.10442779796781132,0.107604759441283
3696,188,190,950,12117.0,13507.0,13507.0,0.10290960242837044,0.10290960242837044
3697,188,193,965,12075.0,13331.0,13355.0,0.09421648788537995,0.09584425308873079
3698,188,192,960,12354.0,13726.0,13750.0,0.09995628733789885,0.10152727272727269
3699,188,199,995,12717.0,14211.0,14259.0,0.10512982900569978,0.10814222596254996
3700,188,192,960,11590.0,12669.0,12765.0,0.08516852158812849,0.09204857030943991
3701,188,193,965,11692.0,13589.0,13589.0,0.13959820443005377,0.13959820443005377
3702,188,194,970,12408.0,13927.0,13951.0,0.10906871544481944,0.11060139058132035
3703,188,195,975,12623.0,14351.0,14351.0,0.1204097275451188,0.1204097275451188
3704,188,194,970,12508.0,14079.0,14127.0,0.11158462959016979,0.11460324201882921
3705,188,193,965,11707.0,13161.0,13185.0,0.1104779272091786,0.11209708001516872
3706,188,196,980,13352.0,15207.0,15231.0,0.12198329716577894,0.12336681767447966
3707,188,191,955,11622.0,13206.0,13254.0,0.11994547932757837,0.12313263920325934
3708,188,192,960,12276.0,13420.0,13444.0,0.08524590163934431,0.08687890508777152
3709,188,191,955,11780.0,13976.0,14000.0,0.15712650257584426,0.15857142857142859
3710,188,189,945,11588.0,13507.0,13531.0,0.14207447989931143,0.14359618653462425
3711,188,193,965,12111.0,14174.0,14198.0,0.14554818682093973,0.14699253415974078
3712,188,197,985,11960.0,13858.0,13906.0,0.1369606003752345,0.13993959441967496
3713,188,202,1010,12156.0,13786.0,13810.0,0.11823589148411429,0.119768283852281
3714,188,191,955,11513.0,12644.0,12668.0,0.08944954128440363,0.09117461319861064
3715,188,191,955,11592.0,13384.0,13384.0,0.13389121338912136,0.13389121338912136
3716,188,188,940,12082.0,13529.0,13529.0,0.10695542907827627,0.10695542907827627
3717,188,190,950,12032.0,13931.0,13955.0,0.13631469384825212,0.13780007165890362
3718,188,201,1005,11747.0,13785.0,13785.0,0.14784185709104103,0.14784185709104103
3719,188,193,965,11588.0,13037.0,13061.0,0.11114520211705148,0.11277850088048391
3720,188,192,960,12260.0,14125.0,14149.0,0.13203539823008847,0.13350766838645844
3721,188,196,980,11834.0,13714.0,13762.0,0.13708618929561034,0.14009591629123674
3722,188,192,960,12843.0,14196.0,14244.0,0.09530853761622993,0.09835720303285589
3723,188,192,960,11378.0,12609.0,12609.0,0.09762867792846375,0.09762867792846375
3724,188,190,950,11359.0,12848.0,12872.0,0.11589352428393529,0.11754195152268487
3725,188,196,980,12097.0,13521.0,13521.0,0.10531765401967308,0.10531765401967308
3726,188,198,990,12488.0,13607.0,13631.0,0.08223708385389872,0.08385298217298809
3727,188,198,990,12353.0,13860.0,13908.0,0.10873015873015868,0.11180615473109001
3728,188,192,960,12177.0,13753.0,13753.0,0.11459317966989024,0.11459317966989024
3729,188,191,955,11329.0,12792.0,12792.0,0.11436835522201372,0.11436835522201372
3730,188,194,970,11279.0,13089.0,13113.0,0.1382840553136221,0.1398612064363609
3731,188,193,965,11727.0,13412.0,13484.0,0.1256337608112138,0.130302580836547
3732,188,197,985,12429.0,14381.0,14405.0,0.1357346498852653,0.13717459215550154
3733,188,192,960,11888.0,13959.0,13959.0,0.14836306325668025,0.14836306325668025
3734,188,199,995,12369.0,14190.0,14238.0,0.12832980972515862,0.1312684365781711
3735,188,192,960,11725.0,13277.0,13277.0,0.1168938766287565,0.1168938766287565
3736,188,195,975,11571.0,12897.0,12921.0,0.10281460804838338,0.1044810773159972
3737,188,192,960,11550.0,12890.0,12890.0,0.10395655546935612,0.10395655546935612
3738,188,198,990,12559.0,14554.0,14602.0,0.13707571801566576,0.1399123407752363
3739,188,192,960,12474.0,14364.0,14412.0,0.13157894736842102,0.13447127393838465
3740,188,192,960,11696.0,13314.0,13338.0,0.1215262130088629,0.1231069125805968
3741,188,189,945,11286.0,12568.0,12568.0,0.10200509229789945,0.10200509229789945
3742,188,190,950,11527.0,13078.0,13078.0,0.11859611561400829,0.11859611561400829
3743,188,188,940,11875.0,13372.0,13372.0,0.11195034400239301,0.11195034400239301
3744,188,197,985,12258.0,13712.0,13736.0,0.10603850641773627,0.10760046592894579
3745,188,194,970,11869.0,14048.0,14096.0,0.15511104783599083,0.1579880817253121
3746,188,196,980,12073.0,13326.0,13350.0,0.09402671469308121,0.09565543071161053
3747,188,195,975,12854.0,14650.0,14722.0,0.1225938566552901,0.12688493411221302
3748,188,193,965,12011.0,13384.0,13384.0,0.10258517632994624,0.10258517632994624
3749,188,193,965,12411.0,13620.0,13620.0,0.08876651982378858,0.08876651982378858
3750,188,192,960,12215.0,14078.0,14126.0,0.13233413837192787,0.1352824578790882
3751,188,192,960,11943.0,14056.0,14128.0,0.15032726237905525,0.1546574178935447
3752,188,195,975,11204.0,12549.0,12597.0,0.10717985496852334,0.11058188457569262
3753,188,190,950,11944.0,13559.0,13559.0,0.1191090788406225,0.1191090788406225
3754,188,194,970,11367.0,12887.0,12911.0,0.11794832001241562,0.1195879482611727
3755,188,190,950,12269.0,13271.0,13343.0,0.07550297641473891,0.0804916435584202
3756,188,194,970,12119.0,13991.0,13991.0,0.13380030019298117,0.13380030019298117
3757,188,191,955,11058.0,12460.0,12460.0,0.11252006420545746,0.11252006420545746
3758,188,194,970,11995.0,13651.0,13675.0,0.12130979415427445,0.1228519195612432
3759,188,192,960,12501.0,13965.0,14013.0,0.10483351235230931,0.10789980732177262
3760,188,201,1005,12225.0,13534.0,13534.0,0.09671937342988035,0.09671937342988035
3761,188,196,980,12141.0,13323.0,13323.0,0.0887187570367034,0.0887187570367034
3762,188,193,965,11058.0,12719.0,12719.0,0.13059202767513167,0.13059202767513167
3763,188,196,980,12278.0,14118.0,14166.0,0.13033007508145633,0.13327686008753348
3764,188,192,960,11886.0,13472.0,13544.0,0.11772565320665085,0.12241582988777322
3765,188,194,970,11934.0,13717.0,13741.0,0.12998469052999928,0.13150425733207194
3766,188,194,970,12393.0,13911.0,13983.0,0.10912227733448354,0.11370950439819782
3767,188,190,950,11622.0,12956.0,12980.0,0.10296387774004323,0.10462249614791985
3768,188,197,985,11834.0,13347.0,13347.0,0.11335880722259684,0.11335880722259684
3769,188,195,975,13028.0,14794.0,14794.0,0.11937271866973098,0.11937271866973098
3770,188,192,960,11756.0,13155.0,13155.0,0.10634739642721402,0.10634739642721402
3771,188,194,970,12231.0,14339.0,14363.0,0.14701164655833743,0.14843695606767393
3772,188,193,965,12115.0,13903.0,13903.0,0.12860533697763077,0.12860533697763077
3773,188,189,945,12125.0,13511.0,13559.0,0.10258308045296427,0.10576001180028027
3774,188,195,975,11924.0,13654.0,13654.0,0.1267027977149553,0.1267027977149553
3775,188,195,975,12249.0,13707.0,13731.0,0.10636900853578468,0.10793095914354378
3776,188,192,960,11321.0,12449.0,12449.0,0.09060968752510246,0.09060968752510246
3777,188,198,990,12523.0,13822.0,13846.0,0.09398061062074958,0.09555106167846306
3778,188,193,965,13096.0,14907.0,14907.0,0.1214865499429798,0.1214865499429798
3779,188,193,965,11984.0,13336.0,13336.0,0.10137972405518891,0.10137972405518891
3780,188,199,995,12231.0,13501.0,13501.0,0.0940671061402859,0.0940671061402859
3781,188,194,970,12136.0,13698.0,13698.0,0.11403124543729015,0.11403124543729015
3782,188,191,955,11511.0,12840.0,12864.0,0.10350467289719623,0.10517723880597019
3783,188,193,965,11737.0,13643.0,13643.0,0.13970534339954555,0.13970534339954555
3784,188,192,960,12393.0,14034.0,14034.0,0.1169303120991877,0.1169303120991877
3785,188,193,965,12239.0,14018.0,14018.0,0.12690826080753315,0.12690826080753315
3786,188,195,975,11788.0,13397.0,13397.0,0.12010151526461144,0.12010151526461144
3787,188,190,950,10744.0,12193.0,12193.0,0.11883867792995984,0.11883867792995984
3788,188,193,965,12219.0,13557.0,13605.0,0.09869440141624253,0.1018743109151048
3789,188,190,950,11639.0,12963.0,12963.0,0.10213685103756842,0.10213685103756842
3790,188,198,990,11289.0,12631.0,12655.0,0.10624653629958036,0.10794152508889765
3791,188,194,970,12378.0,14149.0,14173.0,0.12516785638561034,0.1266492626825655
3792,188,192,960,11771.0,13392.0,13440.0,0.12104241338112309,0.12418154761904765
3793,188,192,960,11506.0,12824.0,12872.0,0.10277604491578296,0.10612181479179617
3794,188,194,970,11993.0,13532.0,13532.0,0.11373041678983153,0.11373041678983153
3795,188,191,955,12322.0,14125.0,14125.0,0.1276460176991151,0.1276460176991151
3796,188,190,950,11862.0,13565.0,13565.0,0.1255436785845927,0.1255436785845927
3797,188,188,940,11855.0,13465.0,13513.0,0.11956925362049764,0.12269666247317401
3798,188,190,950,11252.0,13181.0,13253.0,0.14634701464228816,0.15098468271334797
3799,188,197,985,12019.0,13571.0,13595.0,0.11436150615282592,0.11592497241632949
3800,188,194,970,12337.0,13705.0,13705.0,0.09981758482305725,0.09981758482305725
3801,188,198,990,12060.0,13533.0,13557.0,0.10884504544446905,0.11042265988050448
3802,188,197,985,12370.0,14051.0,14051.0,0.11963561312362114,0.11963561312362114
3803,188,200,1000,12114.0,13851.0,13851.0,0.12540610786224826,0.12540610786224826
3804,188,191,955,11586.0,13033.0,13057.0,0.11102585743880922,0.1126598759286207
3805,188,194,970,12155.0,13729.0,13729.0,0.11464782577026733,0.11464782577026733
3806,188,195,975,11421.0,13015.0,13063.0,0.12247406838263541,0.12569853785501028
3807,188,193,965,12281.0,13742.0,13814.0,0.10631640227041184,0.11097437382365716
3808,188,192,960,11682.0,13342.0,13366.0,0.1244191275670814,0.1259913212629059
3809,188,195,975,12796.0,14563.0,14563.0,0.12133488978919182,0.12133488978919182
3810,188,190,950,11598.0,12622.0,12646.0,0.0811281888765647,0.0828720544045548
3811,188,200,1000,11915.0,13660.0,13684.0,0.1277452415812591,0.12927506577024261
3812,188,196,980,12425.0,14202.0,14226.0,0.12512322208139703,0.1265991845915928
3813,188,190,950,11316.0,12999.0,13023.0,0.12947149780752365,0.1310757889887123
3814,188,194,970,12300.0,14049.0,14097.0,0.12449284646594061,0.12747393062353696
3815,188,197,985,12212.0,13699.0,13699.0,0.10854806920213156,0.10854806920213156
3816,188,197,985,12224.0,13715.0,13763.0,0.10871308786000733,0.11182155053404053
3817,188,190,950,11256.0,12707.0,12731.0,0.1141890296686866,0.11585892702851308
3818,188,193,965,11663.0,12971.0,12971.0,0.10084033613445376,0.10084033613445376
3819,188,199,995,12067.0,13535.0,13535.0,0.10845954931658663,0.10845954931658663
3820,188,195,975,12490.0,14238.0,14262.0,0.12277005197359181,0.12424624877296309
3821,188,196,980,11933.0,13418.0,13418.0,0.11067223133104787,0.11067223133104787
3822,188,195,975,12027.0,13538.0,13586.0,0.11161175949180091,0.11475047843368169
3823,188,194,970,12548.0,14510.0,14534.0,0.13521709166092355,0.1366451080225678
3824,188,193,965,12097.0,13482.0,13506.0,0.10272956534638777,0.10432400414630538
3825,188,197,985,12671.0,14336.0,14336.0,0.1161411830357143,0.1161411830357143
3826,188,193,965,12377.0,13988.0,14012.0,0.11517014583929086,0.11668569797316586
3827,188,190,950,11542.0,13008.0,13008.0,0.11269987699876993,0.11269987699876993
3828,188,191,955,11188.0,12529.0,12529.0,0.1070316864873494,0.1070316864873494
3829,188,191,955,11893.0,13454.0,13454.0,0.11602497398543188,0.11602497398543188
3830,188,194,970,12542.0,14178.0,14178.0,0.11539004090844973,0.11539004090844973
3831,188,188,940,11415.0,12962.0,13010.0,0.11934886591575378,0.12259800153727907
3832,188,194,970,11131.0,12802.0,12826.0,0.13052648023746294,0.13215343832839543
3833,188,197,985,11699.0,13887.0,13887.0,0.15755742781018223,0.15755742781018223
3834,188,189,945,10828.0,11925.0,11925.0,0.09199161425576519,0.09199161425576519
3835,188,194,970,11917.0,13667.0,13715.0,0.12804565742298968,0.13109733868027706
3836,188,191,955,12516.0,13853.0,13877.0,0.09651339060131381,0.09807595301578154
3837,188,190,950,11884.0,13377.0,13377.0,0.11160947895641771,0.11160947895641771
3838,188,188,940,11962.0,13257.0,13257.0,0.0976842422870936,0.0976842422870936
3839,188,189,945,11622.0,12458.0,12458.0,0.06710547439396375,0.06710547439396375
3840,188,190,950,11917.0,13223.0,13223.0,0.09876729940255613,0.09876729940255613
3841,188,192,960,11706.0,13297.0,13321.0,0.11965104910882152,0.12123714435853161
3842,188,190,950,12072.0,13713.0,13737.0,0.1196674688252024,0.12120550338501856
3843,188,191,955,11316.0,12600.0,12600.0,0.10190476190476194,0.10190476190476194
3844,188,194,970,11505.0,13283.0,13307.0,0.13385530377173827,0.13541744946268885
3845,188,192,960,11553.0,13693.0,13693.0,0.15628423281968884,0.15628423281968884
3846,188,194,970,12518.0,14309.0,14309.0,0.12516597945349084,0.12516597945349084
3847,188,195,975,10920.0,12289.0,12337.0,0.1114004394173651,0.11485774499473134
3848,188,193,965,11680.0,12900.0,12948.0,0.09457364341085273,0.0979301822675317
3849,188,191,955,11363.0,12894.0,12894.0,0.11873739723902588,0.11873739723902588
3850,188,193,965,11364.0,12769.0,12769.0,0.11003210901401828,0.11003210901401828
3851,188,191,955,11920.0,13729.0,13729.0,0.13176487726709885,0.13176487726709885
3852,188,191,955,11776.0,13634.0,13682.0,0.13627695467214318,0.13930711884227454
3853,188,200,1000,11432.0,12797.0,12845.0,0.1066656247558021,0.11000389256520049
3854,188,198,990,11998.0,13992.0,14016.0,0.1425100057175529,0.14397831050228316
3855,188,198,990,11468.0,13198.0,13222.0,0.1310804667373845,0.13265769172591135
3856,188,190,950,11333.0,13181.0,13229.0,0.14020180562931495,0.14332149066444932
3857,188,192,960,11865.0,13769.0,13817.0,0.13828164717844438,0.1412752406455815
3858,188,193,965,11228.0,13027.0,13027.0,0.13809779688339607,0.13809779688339607
3859,188,191,955,11766.0,13360.0,13408.0,0.119311377245509,0.12246420047732698
3860,188,192,960,11811.0,13469.0,13493.0,0.1230974831093622,0.1246572296746461
3861,188,194,970,11292.0,12711.0,12735.0,0.11163559122020295,0.11330977620730276
3862,188,199,995,12100.0,13327.0,13327.0,0.09206873264800786,0.09206873264800786
3863,188,190,950,11748.0,13246.0,13246.0,0.11309074437566058,0.11309074437566058
3864,188,201,1005,12301.0,13760.0,13808.0,0.10603197674418607,0.1091396292004635
3865,188,198,990,11483.0,13146.0,13146.0,0.12650235813175115,0.12650235813175115
3866,188,193,965,11775.0,13528.0,13528.0,0.12958308693081022,0.12958308693081022
3867,188,193,965,11107.0,12614.0,12638.0,0.1194704296813065,0.12114258585219184
3868,188,191,955,11710.0,13208.0,13208.0,0.11341611144760755,0.11341611144760755
3869,188,201,1005,12299.0,14483.0,14507.0,0.15079748670855486,0.15220238505549044
3870,188,192,960,10987.0,12520.0,12544.0,0.12244408945686902,0.12412308673469385
3871,188,193,965,12172.0,13412.0,13436.0,0.09245451834178353,0.09407561774337603
3872,188,193,965,11557.0,13400.0,13424.0,0.13753731343283582,0.13907926102502977
3873,188,195,975,11578.0,13227.0,13251.0,0.1246692371664021,0.12625462229265716
3874,188,193,965,11227.0,12434.0,12506.0,0.09707254302718349,0.10227090996321764
3875,188,198,990,12733.0,14551.0,14575.0,0.12493986667582979,0.12638078902229843
3876,188,190,950,11552.0,13139.0,13163.0,0.12078544790318901,0.12238851325685629
3877,188,193,965,12288.0,13772.0,13772.0,0.1077548649433634,0.1077548649433634
3878,188,193,965,12415.0,13555.0,13603.0,0.08410180745112505,0.08733367639491285
3879,188,188,940,11286.0,12937.0,12937.0,0.1276184586843936,0.1276184586843936
3880,188,197,985,11495.0,13381.0,13405.0,0.14094611762947462,0.14248414770607987
3881,188,193,965,11987.0,13692.0,13764.0,0.12452527023079174,0.12910491136297586
3882,188,193,965,12461.0,14729.0,14753.0,0.15398194038970736,0.1553582322239544
3883,188,201,1005,13204.0,15008.0,15032.0,0.12020255863539442,0.12160723789249606
3884,188,189,945,11712.0,13283.0,13307.0,0.11827147481743583,0.11986172691064856
3885,188,194,970,12343.0,13587.0,13611.0,0.09155810701405753,0.09315994416280948
3886,188,191,955,11181.0,12722.0,12722.0,0.12112875334066975,0.12112875334066975
3887,188,195,975,12293.0,13512.0,13536.0,0.09021610420367077,0.09182919621749408
3888,188,192,960,11763.0,13191.0,13239.0,0.10825562883784401,0.11148878314072064
3889,188,193,965,11789.0,13759.0,13783.0,0.14317901010247835,0.1446709714866139
3890,188,190,950,11163.0,12875.0,12875.0,0.13297087378640782,0.13297087378640782
3891,188,193,965,11255.0,13229.0,13229.0,0.1492176279386197,0.1492176279386197
3892,188,190,950,11548.0,13546.0,13570.0,0.14749741621142776,0.14900515843773032
3893,188,196,980,11868.0,13459.0,13483.0,0.11821086261980829,0.11978046428836309
3894,188,193,965,11954.0,13073.0,13073.0,0.08559626711542878,0.08559626711542878
3895,188,196,980,11558.0,13302.0,13326.0,0.13110810404450457,0.1326729701335735
3896,188,196,980,12833.0,14489.0,14537.0,0.11429360204292915,0.11721813303982942
3897,188,194,970,12683.0,14566.0,14590.0,0.1292736509680077,0.13070596298834813
3898,188,195,975,11830.0,13234.0,13306.0,0.10609037328094306,0.1109274011724034
3899,188,200,1000,11914.0,14251.0,14299.0,0.16398849203564658,0.16679488076089233
3900,188,194,970,12355.0,14196.0,14220.0,0.12968441814595666,0.1311533052039381
3901,188,192,960,11773.0,13264.0,13288.0,0.11240952955367911,0.11401264298615288
3902,188,193,965,11884.0,13538.0,13586.0,0.1221746195893042,0.12527601943176803
3903,188,198,990,12308.0,13659.0,13683.0,0.09890914415403762,0.10048965870057736
3904,188,190,950,11539.0,13110.0,13206.0,0.11983218916857363,0.12623050128729363
3905,188,197,985,12525.0,14073.0,14073.0,0.1099978682583671,0.1099978682583671
3906,188,195,975,11290.0,13194.0,13194.0,0.14430801879642263,0.14430801879642263
3907,188,194,970,11632.0,13043.0,13091.0,0.10818063328988725,0.11145061492628527
3908,188,197,985,11953.0,13500.0,13500.0,0.11459259259259258,0.11459259259259258
3909,188,194,970,11383.0,13369.0,13369.0,0.1485526217368539,0.1485526217368539
3910,188,194,970,11392.0,13590.0,13614.0,0.16173657100809413,0.16321433818128395
3911,188,193,965,11325.0,12727.0,12751.0,0.11015950341793035,0.11183436593208373
3912,188,196,980,11904.0,13238.0,13262.0,0.10077050914035357,0.10239782838184286
3913,188,192,960,11676.0,13705.0,13777.0,0.14804815760671286,0.15250054438557015
3914,188,188,940,11764.0,13726.0,13726.0,0.14294040507066885,0.14294040507066885
3915,188,193,965,11892.0,12936.0,12984.0,0.08070500927643787,0.08410351201478738
3916,188,194,970,12856.0,14356.0,14356.0,0.10448592922819722,0.10448592922819722
3917,188,188,940,11091.0,12520.0,12568.0,0.11413738019169328,0.11752068746021638
3918,188,191,955,11471.0,13171.0,13219.0,0.12907144484093847,0.13223390574173544
3919,188,191,955,11679.0,12897.0,12945.0,0.09444056757385444,0.09779837775202782
3920,188,191,955,11402.0,13338.0,13362.0,0.14514919778077673,0.14668462804969318
3921,188,196,980,11894.0,13547.0,13571.0,0.12201963534361848,0.12357232333652646
3922,188,192,960,12239.0,13605.0,13605.0,0.100404263138552,0.100404263138552
3923,188,190,950,11445.0,12888.0,12912.0,0.11196461824953441,0.1136152416356877
3924,188,191,955,12645.0,14284.0,14284.0,0.11474376925231022,0.11474376925231022
3925,188,195,975,11706.0,13363.0,13387.0,0.1239991019980543,0.12556958243071636
3926,188,197,985,12064.0,13792.0,13840.0,0.12529002320185612,0.1283236994219653
3927,188,192,960,11548.0,12766.0,12790.0,0.09540968196772681,0.09710711493354185
3928,188,189,945,12275.0,14136.0,14136.0,0.131649688737974,0.131649688737974
3929,188,197,985,12614.0,14400.0,14400.0,0.12402777777777774,0.12402777777777774
3930,188,191,955,11678.0,13635.0,13635.0,0.14352768610194355,0.14352768610194355
3931,188,188,940,11783.0,13253.0,13301.0,0.1109182826529842,0.11412675738666267
3932,188,190,950,12354.0,14181.0,14205.0,0.1288343558282209,0.1303062302006336
3933,188,198,990,12214.0,13774.0,13798.0,0.1132568607521417,0.11479924626757498
3934,188,193,965,11922.0,13378.0,13378.0,0.10883540140529224,0.10883540140529224
3935,188,192,960,11475.0,13111.0,13159.0,0.12478071848066508,0.12797325024697925
3936,188,191,955,12014.0,13763.0,13787.0,0.12707985177650216,0.12859940523681734
3937,188,192,960,11770.0,13085.0,13085.0,0.10049675200611385,0.10049675200611385
3938,188,190,950,11702.0,13357.0,13381.0,0.12390506850340643,0.12547642179209328
3939,188,195,975,11979.0,13495.0,13519.0,0.11233790292700996,0.11391375101708712
3940,188,193,965,12408.0,14467.0,14491.0,0.14232390958733665,0.14374439307156162
3941,188,195,975,12538.0,13972.0,13972.0,0.10263383910678503,0.10263383910678503
3942,188,193,965,11741.0,12925.0,12925.0,0.091605415860735,0.091605415860735
3943,188,196,980,12109.0,13919.0,13943.0,0.13003807744809248,0.1315355375457219
3944,188,191,955,11996.0,13391.0,13439.0,0.1041744455231125,0.10737406056998289
3945,188,190,950,11987.0,13671.0,13671.0,0.12318045497769003,0.12318045497769003
3946,188,194,970,11973.0,13460.0,13460.0,0.11047548291233289,0.11047548291233289
3947,188,190,950,11283.0,12540.0,12588.0,0.1002392344497608,0.10367016205910395
3948,188,192,960,11606.0,12890.0,12890.0,0.0996121024049651,0.0996121024049651
3949,188,191,955,11593.0,13509.0,13509.0,0.14183137167814053,0.14183137167814053
3950,188,195,975,11484.0,12993.0,12993.0,0.11613945970907413,0.11613945970907413
3951,188,192,960,12112.0,14047.0,14047.0,0.13775183313162953,0.13775183313162953
3952,188,190,950,12427.0,13640.0,13664.0,0.0889296187683285,0.09052985948477754
3953,188,190,950,11873.0,13689.0,13689.0,0.13266126086638907,0.13266126086638907
3954,188,192,960,11596.0,13670.0,13694.0,0.15171909290416974,0.1532057835548415
3955,188,200,1000,12231.0,14076.0,14076.0,0.13107416879795397,0.13107416879795397
3956,188,191,955,11751.0,13844.0,13844.0,0.15118462872002314,0.15118462872002314
3957,188,190,950,11448.0,12753.0,12777.0,0.10232886379675366,0.10401502700164356
3958,188,191,955,10993.0,12623.0,12623.0,0.12912936702844013,0.12912936702844013
3959,188,193,965,12035.0,13727.0,13727.0,0.1232607270343119,0.1232607270343119
3960,188,189,945,12050.0,13956.0,14004.0,0.13657208369160223,0.13953156241073983
3961,188,190,950,11823.0,13106.0,13106.0,0.0978940943079506,0.0978940943079506
3962,188,192,960,11564.0,13106.0,13154.0,0.1176560354036319,0.12087577923065229
3963,188,193,965,11836.0,13768.0,13768.0,0.14032539221382911,0.14032539221382911
3964,188,191,955,11474.0,12847.0,12871.0,0.10687319996886435,0.1085385750912905
3965,188,191,955,12426.0,14251.0,14251.0,0.12806118868851313,0.12806118868851313
3966,188,194,970,11579.0,13167.0,13239.0,0.12060454165717327,0.12538711383034973
3967,188,190,950,11560.0,13072.0,13120.0,0.11566707466340265,0.11890243902439024
3968,188,191,955,11356.0,12585.0,12633.0,0.09765593961064756,0.10108446133143356
3969,188,192,960,12205.0,13967.0,13991.0,0.12615450705233766,0.1276534915302695
3970,188,192,960,11479.0,13143.0,13167.0,0.12660731948565773,0.12819928609402298
3971,188,191,955,11562.0,13327.0,13327.0,0.13243790800630295,0.13243790800630295
3972,188,196,980,11985.0,13299.0,13323.0,0.09880442138506651,0.10042783156946633
3973,188,191,955,11001.0,12902.0,12950.0,0.147341497442257,0.1505019305019305
3974,188,193,965,11640.0,12978.0,12978.0,0.10309754969949148,0.10309754969949148
3975,188,191,955,11120.0,12787.0,12859.0,0.13036677875967784,0.1352360214635664
3976,188,195,975,11343.0,13547.0,13547.0,0.16269284712482468,0.16269284712482468
3977,188,193,965,11938.0,13548.0,13548.0,0.1188367286684382,0.1188367286684382
3978,188,191,955,11172.0,12559.0,12559.0,0.11043872919818454,0.11043872919818454
3979,188,194,970,11846.0,13499.0,13523.0,0.12245351507519076,0.12401094431708937
3980,188,193,965,11589.0,13092.0,13116.0,0.11480293308890921,0.1164226898444648
3981,188,192,960,11609.0,12857.0,12881.0,0.09706774519716888,0.0987500970421551
3982,188,194,970,11320.0,12899.0,12899.0,0.12241259012326533,0.12241259012326533
3983,188,192,960,11436.0,13094.0,13094.0,0.12662288070872152,0.12662288070872152
3984,188,192,960,11475.0,13449.0,13497.0,0.14677671202319875,0.14981106912647257
3985,188,193,965,12281.0,13872.0,13920.0,0.11469146482122261,0.11774425287356327
3986,188,196,980,12098.0,13972.0,13996.0,0.13412539364443177,0.13561017433552447
3987,188,188,940,11728.0,13598.0,13598.0,0.13752022356228855,0.13752022356228855
3988,188,193,965,13051.0,14549.0,14549.0,0.1029624029142896,0.1029624029142896
3989,188,194,970,12380.0,14212.0,14236.0,0.12890515057697716,0.13037370047766228
3990,188,199,995,12229.0,14134.0,14206.0,0.13478137823687564,0.139166549345347
3991,188,195,975,12320.0,14021.0,14093.0,0.12131802296555172,0.12580713829560775
3992,188,192,960,10920.0,13179.0,13227.0,0.17140905986797172,0.1744159673395328
3993,188,196,980,12021.0,13825.0,13825.0,0.13048824593128394,0.13048824593128394
3994,188,193,965,11958.0,13659.0,13659.0,0.12453327476389198,0.12453327476389198
3995,188,189,945,11055.0,12510.0,12510.0,0.1163069544364509,0.1163069544364509
3996,188,193,965,11890.0,13671.0,13671.0,0.13027576622046666,0.13027576622046666
3997,188,191,955,12078.0,13610.0,13610.0,0.11256429096252751,0.11256429096252751
3998,188,191,955,11059.0,12759.0,12783.0,0.1332392820753978,0.134866619729328
3999,188,192,960,12228.0,13775.0,13871.0,0.1123049001814882,0.11844856174753082
4000,188,192,960,11865.0,13778.0,13778.0,0.13884453476556835,0.13884453476556835
