outer_fold,drug_group,chemical,design,truth,wells_measured,wells_full,anchorboost_report,anchorboost_wrong_report,anchorboost_state,anchorboost_wells,anchorboost_call_error,measured_only_report,measured_only_wrong_report,measured_only_state,measured_only_wells,measured_only_call_error,loglinear_report,loglinear_wrong_report,loglinear_state,loglinear_wells,loglinear_call_error
1,DTXSID9027738,(Methylcyclopentadienyl)tricarbonylmanganese,0,0,9,21,1,0,correct_report,9,0,1,0,correct_report,9,0,1,0,correct_report,9,0
1,DTXSID9027738,(Methylcyclopentadienyl)tricarbonylmanganese,1,0,9,21,1,0,correct_report,9,0,1,0,correct_report,9,0,1,0,correct_report,9,0
1,DTXSID9027738,(Methylcyclopentadienyl)tricarbonylmanganese,2,0,9,21,1,0,correct_report,9,0,1,0,correct_report,9,0,1,0,correct_report,9,0
1,DTXSID9027738,(Methylcyclopentadienyl)tricarbonylmanganese,3,0,9,21,1,0,correct_report,9,0,1,0,correct_report,9,0,1,0,correct_report,9,0
1,DTXSID9027738,(Methylcyclopentadienyl)tricarbonylmanganese,4,0,9,21,1,0,correct_report,9,0,1,0,correct_report,9,0,1,0,correct_report,9,0
1,DTXSID0021206,"1,2-Propylene glycol",0,0,9,21,1,0,correct_report,9,0,1,0,correct_report,9,0,1,0,correct_report,9,0
1,DTXSID0021206,"1,2-Propylene glycol",1,0,9,21,1,1,wrong_report,9,1,1,1,wrong_report,9,1,1,1,wrong_report,9,1
1,DTXSID0021206,"1,2-Propylene glycol",2,0,9,21,1,0,correct_report,9,0,1,0,correct_report,9,0,1,0,correct_report,9,0
1,DTXSID0021206,"1,2-Propylene glycol",3,0,9,21,1,0,correct_report,9,0,1,0,correct_report,9,0,1,0,correct_report,9,0
1,DTXSID0021206,"1,2-Propylene glycol",4,0,9,21,1,0,correct_report,9,0,1,0,correct_report,9,0,1,0,correct_report,9,0
1,DTXSID9034286,5-Chloro-2-methyl-3(2H)-isothiazolone,0,0,9,21,1,0,correct_report,9,0,1,0,correct_report,9,0,1,0,correct_report,9,0
1,DTXSID9034286,5-Chloro-2-methyl-3(2H)-isothiazolone,1,0,9,21,1,0,correct_report,9,0,1,0,correct_report,9,0,1,0,correct_report,9,0
1,DTXSID9034286,5-Chloro-2-methyl-3(2H)-isothiazolone,2,0,9,21,1,0,correct_report,9,0,1,0,correct_report,9,0,1,0,correct_report,9,0
1,DTXSID9034286,5-Chloro-2-methyl-3(2H)-isothiazolone,3,0,9,21,1,1,wrong_report,9,1,0,0,fallback,21,1,0,0,fallback,21,1
1,DTXSID9034286,5-Chloro-2-methyl-3(2H)-isothiazolone,4,0,9,21,1,0,correct_report,9,0,1,0,correct_report,9,0,1,0,correct_report,9,0
1,DTXSID2020634,5-Fluorouracil,0,0,9,21,1,0,correct_report,9,0,1,0,correct_report,9,0,1,0,correct_report,9,0
1,DTXSID2020634,5-Fluorouracil,1,0,9,21,1,0,correct_report,9,0,1,0,correct_report,9,0,1,0,correct_report,9,0
1,DTXSID2020634,5-Fluorouracil,2,0,9,21,1,0,correct_report,9,0,1,0,correct_report,9,0,1,0,correct_report,9,0
1,DTXSID2020634,5-Fluorouracil,3,0,9,21,1,0,correct_report,9,0,1,0,correct_report,9,0,1,0,correct_report,9,0
1,DTXSID2020634,5-Fluorouracil,4,0,9,21,1,0,correct_report,9,0,1,0,correct_report,9,0,1,0,correct_report,9,0
1,DTXSID8023846,Acephate,0,1,9,21,1,1,wrong_report,9,1,0,0,fallback,21,0,0,0,fallback,21,0
1,DTXSID8023846,Acephate,1,1,9,21,1,1,wrong_report,9,1,0,0,fallback,21,0,0,0,fallback,21,0
1,DTXSID8023846,Acephate,2,1,9,21,0,0,fallback,21,0,0,0,fallback,21,0,0,0,fallback,21,0
1,DTXSID8023846,Acephate,3,1,9,21,1,0,correct_report,9,0,0,0,fallback,21,0,0,0,fallback,21,0
1,DTXSID8023846,Acephate,4,1,9,21,1,0,correct_report,9,0,0,0,fallback,21,0,0,0,fallback,21,0
1,DTXSID2020006,Acetaminophen,0,1,50,122,1,0,correct_report,50,0,1,0,correct_report,50,0,1,0,correct_report,50,0
1,DTXSID2020006,Acetaminophen,1,1,50,122,1,0,correct_report,50,0,1,0,correct_report,50,0,1,0,correct_report,50,0
1,DTXSID2020006,Acetaminophen,2,1,54,122,1,0,correct_report,54,0,1,0,correct_report,54,0,1,0,correct_report,54,0
1,DTXSID2020006,Acetaminophen,3,1,54,122,1,0,correct_report,54,0,1,0,correct_report,54,0,1,0,correct_report,54,0
1,DTXSID2020006,Acetaminophen,4,1,54,122,1,0,correct_report,54,0,1,0,correct_report,54,0,1,0,correct_report,54,0
1,DTXSID5020108,Aspirin,0,1,27,63,1,0,correct_report,27,0,1,0,correct_report,27,0,1,0,correct_report,27,0
1,DTXSID5020108,Aspirin,1,1,27,63,1,0,correct_report,27,0,1,0,correct_report,27,0,1,0,correct_report,27,0
1,DTXSID5020108,Aspirin,2,1,27,63,1,0,correct_report,27,0,1,0,correct_report,27,0,1,0,correct_report,27,0
1,DTXSID5020108,Aspirin,3,1,27,63,1,0,correct_report,27,0,1,0,correct_report,27,0,1,0,correct_report,27,0
1,DTXSID5020108,Aspirin,4,1,27,63,1,0,correct_report,27,0,1,0,correct_report,27,0,1,0,correct_report,27,0
1,DTXSID9020114,Auramine hydrochloride,0,0,18,42,1,0,correct_report,18,0,1,0,correct_report,18,0,1,0,correct_report,18,0
1,DTXSID9020114,Auramine hydrochloride,1,0,18,42,1,1,wrong_report,18,1,1,1,wrong_report,18,1,1,1,wrong_report,18,1
1,DTXSID9020114,Auramine hydrochloride,2,0,18,42,1,0,correct_report,18,0,1,0,correct_report,18,0,1,0,correct_report,18,0
1,DTXSID9020114,Auramine hydrochloride,3,0,18,42,1,0,correct_report,18,0,1,0,correct_report,18,0,1,0,correct_report,18,0
1,DTXSID9020114,Auramine hydrochloride,4,0,18,42,1,0,correct_report,18,0,1,0,correct_report,18,0,1,0,correct_report,18,0
1,DTXSID0023909,Benzo[k]fluoranthene,0,0,9,21,1,0,correct_report,9,0,1,0,correct_report,9,0,1,0,correct_report,9,0
1,DTXSID0023909,Benzo[k]fluoranthene,1,0,9,21,1,0,correct_report,9,0,1,0,correct_report,9,0,1,0,correct_report,9,0
1,DTXSID0023909,Benzo[k]fluoranthene,2,0,9,21,1,0,correct_report,9,0,1,0,correct_report,9,0,1,0,correct_report,9,0
1,DTXSID0023909,Benzo[k]fluoranthene,3,0,9,21,1,0,correct_report,9,0,1,0,correct_report,9,0,1,0,correct_report,9,0
1,DTXSID0023909,Benzo[k]fluoranthene,4,0,9,21,1,0,correct_report,9,0,1,0,correct_report,9,0,1,0,correct_report,9,0
1,DTXSID8024602,Berberine chloride,0,0,9,42,1,0,correct_report,9,0,1,0,correct_report,9,0,1,0,correct_report,9,0
1,DTXSID8024602,Berberine chloride,1,0,12,42,1,0,correct_report,12,0,1,0,correct_report,12,0,1,0,correct_report,12,0
1,DTXSID8024602,Berberine chloride,2,0,15,42,1,0,correct_report,15,0,1,0,correct_report,15,0,1,0,correct_report,15,0
1,DTXSID8024602,Berberine chloride,3,0,12,42,1,0,correct_report,12,0,1,0,correct_report,12,0,1,0,correct_report,12,0
1,DTXSID8024602,Berberine chloride,4,0,9,42,1,0,correct_report,9,0,1,0,correct_report,9,0,1,0,correct_report,9,0
1,DTXSID9020160,Bifenthrin,0,0,9,21,1,0,correct_report,9,0,1,0,correct_report,9,0,1,0,correct_report,9,0
1,DTXSID9020160,Bifenthrin,1,0,9,21,1,0,correct_report,9,0,1,0,correct_report,9,0,1,0,correct_report,9,0
1,DTXSID9020160,Bifenthrin,2,0,9,21,1,0,correct_report,9,0,1,0,correct_report,9,0,1,0,correct_report,9,0
1,DTXSID9020160,Bifenthrin,3,0,9,21,1,0,correct_report,9,0,1,0,correct_report,9,0,1,0,correct_report,9,0
1,DTXSID9020160,Bifenthrin,4,0,9,21,1,0,correct_report,9,0,1,0,correct_report,9,0,1,0,correct_report,9,0
1,parent:DTXSID3027403,Bis(tributyltin)oxide,0,0,9,21,1,0,correct_report,9,0,1,0,correct_report,9,0,1,0,correct_report,9,0
1,parent:DTXSID3027403,Bis(tributyltin)oxide,1,0,9,21,1,0,correct_report,9,0,1,0,correct_report,9,0,1,0,correct_report,9,0
1,parent:DTXSID3027403,Bis(tributyltin)oxide,2,0,9,21,1,0,correct_report,9,0,1,0,correct_report,9,0,1,0,correct_report,9,0
1,parent:DTXSID3027403,Bis(tributyltin)oxide,3,0,9,21,1,0,correct_report,9,0,1,0,correct_report,9,0,1,0,correct_report,9,0
1,parent:DTXSID3027403,Bis(tributyltin)oxide,4,0,9,21,1,0,correct_report,9,0,1,0,correct_report,9,0,1,0,correct_report,9,0
1,DTXSID50157932,Bisindolylmaleimide I,0,0,48,99,1,0,correct_report,48,0,1,0,correct_report,48,0,1,0,correct_report,48,0
1,DTXSID50157932,Bisindolylmaleimide I,1,0,48,99,1,0,correct_report,48,0,1,0,correct_report,48,0,1,0,correct_report,48,0
1,DTXSID50157932,Bisindolylmaleimide I,2,0,35,99,1,0,correct_report,35,0,1,0,correct_report,35,0,1,0,correct_report,35,0
1,DTXSID50157932,Bisindolylmaleimide I,3,0,48,99,1,0,correct_report,48,0,1,0,correct_report,48,0,1,0,correct_report,48,0
1,DTXSID50157932,Bisindolylmaleimide I,4,0,35,99,1,0,correct_report,35,0,1,0,correct_report,35,0,1,0,correct_report,35,0
1,DTXSID7020182,Bisphenol A,0,0,18,42,1,0,correct_report,18,0,0,0,fallback,42,1,0,0,fallback,42,1
1,DTXSID7020182,Bisphenol A,1,0,18,42,1,0,correct_report,18,0,1,0,correct_report,18,0,1,0,correct_report,18,0
1,DTXSID7020182,Bisphenol A,2,0,18,42,1,0,correct_report,18,0,1,0,correct_report,18,0,1,0,correct_report,18,0
1,DTXSID7020182,Bisphenol A,3,0,18,42,1,0,correct_report,18,0,1,0,correct_report,18,0,1,0,correct_report,18,0
1,DTXSID7020182,Bisphenol A,4,0,18,42,1,0,correct_report,18,0,1,0,correct_report,18,0,1,0,correct_report,18,0
1,DTXSID3020910,Busulfan,0,1,9,21,1,0,correct_report,9,0,1,0,correct_report,9,0,1,0,correct_report,9,0
1,DTXSID3020910,Busulfan,1,1,9,21,1,0,correct_report,9,0,1,0,correct_report,9,0,1,0,correct_report,9,0
1,DTXSID3020910,Busulfan,2,1,9,21,1,0,correct_report,9,0,1,0,correct_report,9,0,1,0,correct_report,9,0
1,DTXSID3020910,Busulfan,3,1,9,21,1,0,correct_report,9,0,1,0,correct_report,9,0,1,0,correct_report,9,0
1,DTXSID3020910,Busulfan,4,1,9,21,1,0,correct_report,9,0,1,0,correct_report,9,0,1,0,correct_report,9,0
1,DTXSID0020232,Caffeine,0,0,9,21,1,0,correct_report,9,0,0,0,fallback,21,1,0,0,fallback,21,1
1,DTXSID0020232,Caffeine,1,0,9,21,1,1,wrong_report,9,1,0,0,fallback,21,1,0,0,fallback,21,1
1,DTXSID0020232,Caffeine,2,0,9,21,1,0,correct_report,9,0,1,0,correct_report,9,0,1,0,correct_report,9,0
1,DTXSID0020232,Caffeine,3,0,9,21,0,0,fallback,21,0,0,0,fallback,21,1,0,0,fallback,21,1
1,DTXSID0020232,Caffeine,4,0,9,21,1,0,correct_report,9,0,1,0,correct_report,9,0,1,0,correct_report,9,0
1,DTXSID40880060,Chlordiazepoxide hydrochloride,0,0,9,21,1,0,correct_report,9,0,1,0,correct_report,9,0,1,0,correct_report,9,0
1,DTXSID40880060,Chlordiazepoxide hydrochloride,1,0,9,21,1,0,correct_report,9,0,1,0,correct_report,9,0,1,0,correct_report,9,0
1,DTXSID40880060,Chlordiazepoxide hydrochloride,2,0,9,21,1,0,correct_report,9,0,1,0,correct_report,9,0,1,0,correct_report,9,0
1,DTXSID40880060,Chlordiazepoxide hydrochloride,3,0,9,21,1,0,correct_report,9,0,1,0,correct_report,9,0,1,0,correct_report,9,0
1,DTXSID40880060,Chlordiazepoxide hydrochloride,4,0,9,21,1,0,correct_report,9,0,1,0,correct_report,9,0,1,0,correct_report,9,0
1,DTXSID6024888,Cyclophosphamide monohydrate,0,0,9,21,1,1,wrong_report,9,1,1,1,wrong_report,9,1,1,1,wrong_report,9,1
1,DTXSID6024888,Cyclophosphamide monohydrate,1,0,9,21,1,1,wrong_report,9,1,0,0,fallback,21,1,0,0,fallback,21,1
1,DTXSID6024888,Cyclophosphamide monohydrate,2,0,9,21,1,0,correct_report,9,0,1,0,correct_report,9,0,1,0,correct_report,9,0
1,DTXSID6024888,Cyclophosphamide monohydrate,3,0,9,21,1,1,wrong_report,9,1,0,0,fallback,21,1,0,0,fallback,21,1
1,DTXSID6024888,Cyclophosphamide monohydrate,4,0,9,21,0,0,fallback,21,0,1,1,wrong_report,9,1,1,1,wrong_report,9,1
1,DTXSID6032358,Cymoxanil,0,1,18,42,1,0,correct_report,18,0,0,0,fallback,42,0,0,0,fallback,42,0
1,DTXSID6032358,Cymoxanil,1,1,18,42,1,1,wrong_report,18,1,1,0,correct_report,18,0,1,0,correct_report,18,0
1,DTXSID6032358,Cymoxanil,2,1,18,42,1,0,correct_report,18,0,1,0,correct_report,18,0,1,0,correct_report,18,0
1,DTXSID6032358,Cymoxanil,3,1,18,42,1,0,correct_report,18,0,1,0,correct_report,18,0,1,0,correct_report,18,0
1,DTXSID6032358,Cymoxanil,4,1,18,42,1,0,correct_report,18,0,1,0,correct_report,18,0,1,0,correct_report,18,0
1,DTXSID4020406,Diazepam,0,0,9,21,1,0,correct_report,9,0,1,0,correct_report,9,0,1,0,correct_report,9,0
1,DTXSID4020406,Diazepam,1,0,9,21,1,0,correct_report,9,0,1,0,correct_report,9,0,1,0,correct_report,9,0
1,DTXSID4020406,Diazepam,2,0,9,21,1,0,correct_report,9,0,1,0,correct_report,9,0,1,0,correct_report,9,0
1,DTXSID4020406,Diazepam,3,0,9,21,1,0,correct_report,9,0,1,0,correct_report,9,0,1,0,correct_report,9,0
1,DTXSID4020406,Diazepam,4,0,9,21,1,0,correct_report,9,0,1,0,correct_report,9,0,1,0,correct_report,9,0
1,DTXSID5037523,Diazoxon,0,1,9,21,1,0,correct_report,9,0,0,0,fallback,21,0,0,0,fallback,21,0
1,DTXSID5037523,Diazoxon,1,1,9,21,1,0,correct_report,9,0,0,0,fallback,21,0,0,0,fallback,21,0
1,DTXSID5037523,Diazoxon,2,1,9,21,1,1,wrong_report,9,1,0,0,fallback,21,0,0,0,fallback,21,0
1,DTXSID5037523,Diazoxon,3,1,9,21,1,0,correct_report,9,0,0,0,fallback,21,0,0,0,fallback,21,0
1,DTXSID5037523,Diazoxon,4,1,9,21,1,0,correct_report,9,0,0,0,fallback,21,0,0,0,fallback,21,0
1,DTXSID8020462,Diethylene glycol,0,1,9,21,1,0,correct_report,9,0,1,0,correct_report,9,0,1,0,correct_report,9,0
1,DTXSID8020462,Diethylene glycol,1,1,9,21,1,0,correct_report,9,0,1,0,correct_report,9,0,1,0,correct_report,9,0
1,DTXSID8020462,Diethylene glycol,2,1,9,21,1,0,correct_report,9,0,1,0,correct_report,9,0,1,0,correct_report,9,0
1,DTXSID8020462,Diethylene glycol,3,1,9,21,1,0,correct_report,9,0,1,0,correct_report,9,0,1,0,correct_report,9,0
1,DTXSID8020462,Diethylene glycol,4,1,9,21,1,0,correct_report,9,0,0,0,fallback,21,0,0,0,fallback,21,0
1,DTXSID3020465,Diethylstilbestrol,0,0,9,21,1,0,correct_report,9,0,1,0,correct_report,9,0,1,0,correct_report,9,0
1,DTXSID3020465,Diethylstilbestrol,1,0,9,21,1,0,correct_report,9,0,1,0,correct_report,9,0,1,0,correct_report,9,0
1,DTXSID3020465,Diethylstilbestrol,2,0,9,21,1,0,correct_report,9,0,1,0,correct_report,9,0,1,0,correct_report,9,0
1,DTXSID3020465,Diethylstilbestrol,3,0,9,21,1,0,correct_report,9,0,1,0,correct_report,9,0,1,0,correct_report,9,0
1,DTXSID3020465,Diethylstilbestrol,4,0,9,21,1,0,correct_report,9,0,1,0,correct_report,9,0,1,0,correct_report,9,0
1,DTXSID6048175,Difpas-pyrazole,0,0,8,19,1,0,correct_report,8,0,1,0,correct_report,8,0,1,0,correct_report,8,0
1,DTXSID6048175,Difpas-pyrazole,1,0,8,19,0,0,fallback,19,1,0,0,fallback,19,1,0,0,fallback,19,1
1,DTXSID6048175,Difpas-pyrazole,2,0,9,19,1,0,correct_report,9,0,1,0,correct_report,9,0,1,0,correct_report,9,0
1,DTXSID6048175,Difpas-pyrazole,3,0,8,19,0,0,fallback,19,1,0,0,fallback,19,1,0,0,fallback,19,1
1,DTXSID6048175,Difpas-pyrazole,4,0,8,19,1,0,correct_report,8,0,1,0,correct_report,8,0,1,0,correct_report,8,0
1,DTXSID7020479,Dimethoate,0,0,9,21,1,0,correct_report,9,0,0,0,fallback,21,1,0,0,fallback,21,1
1,DTXSID7020479,Dimethoate,1,0,9,21,1,0,correct_report,9,0,1,0,correct_report,9,0,1,0,correct_report,9,0
1,DTXSID7020479,Dimethoate,2,0,9,21,1,0,correct_report,9,0,0,0,fallback,21,1,0,0,fallback,21,1
1,DTXSID7020479,Dimethoate,3,0,9,21,1,0,correct_report,9,0,1,0,correct_report,9,0,1,0,correct_report,9,0
1,DTXSID7020479,Dimethoate,4,0,9,21,1,0,correct_report,9,0,1,0,correct_report,9,0,1,0,correct_report,9,0
1,DTXSID1020560,Endosulfan,0,0,9,21,1,1,wrong_report,9,1,0,0,fallback,21,1,0,0,fallback,21,1
1,DTXSID1020560,Endosulfan,1,0,9,21,1,0,correct_report,9,0,1,0,correct_report,9,0,1,0,correct_report,9,0
1,DTXSID1020560,Endosulfan,2,0,9,21,1,0,correct_report,9,0,1,0,correct_report,9,0,1,0,correct_report,9,0
1,DTXSID1020560,Endosulfan,3,0,9,21,1,0,correct_report,9,0,1,0,correct_report,9,0,1,0,correct_report,9,0
1,DTXSID1020560,Endosulfan,4,0,9,21,1,0,correct_report,9,0,1,0,correct_report,9,0,1,0,correct_report,9,0
1,DTXSID6020561,Endrin,0,0,9,21,1,0,correct_report,9,0,1,0,correct_report,9,0,1,0,correct_report,9,0
1,DTXSID6020561,Endrin,1,0,9,21,1,1,wrong_report,9,1,1,1,wrong_report,9,1,1,1,wrong_report,9,1
1,DTXSID6020561,Endrin,2,0,9,21,1,0,correct_report,9,0,1,0,correct_report,9,0,1,0,correct_report,9,0
1,DTXSID6020561,Endrin,3,0,9,21,1,0,correct_report,9,0,1,0,correct_report,9,0,1,0,correct_report,9,0
1,DTXSID6020561,Endrin,4,0,9,21,1,0,correct_report,9,0,1,0,correct_report,9,0,1,0,correct_report,9,0
1,DTXSID4032613,Fenitrothion,0,1,17,41,1,0,correct_report,17,0,0,0,fallback,41,0,0,0,fallback,41,0
1,DTXSID4032613,Fenitrothion,1,1,17,41,1,0,correct_report,17,0,0,0,fallback,41,0,0,0,fallback,41,0
1,DTXSID4032613,Fenitrothion,2,1,18,41,1,0,correct_report,18,0,0,0,fallback,41,0,0,0,fallback,41,0
1,DTXSID4032613,Fenitrothion,3,1,18,41,1,1,wrong_report,18,1,0,0,fallback,41,0,0,0,fallback,41,0
1,DTXSID4032613,Fenitrothion,4,1,18,41,1,0,correct_report,18,0,0,0,fallback,41,0,0,0,fallback,41,0
1,DTXSID00880006,Loperamide,0,0,26,66,1,0,correct_report,26,0,1,0,correct_report,26,0,1,0,correct_report,26,0
1,DTXSID00880006,Loperamide,1,0,30,66,1,0,correct_report,30,0,1,0,correct_report,30,0,1,0,correct_report,30,0
1,DTXSID00880006,Loperamide,2,0,30,66,1,0,correct_report,30,0,1,0,correct_report,30,0,1,0,correct_report,30,0
1,DTXSID00880006,Loperamide,3,0,30,66,1,0,correct_report,30,0,1,0,correct_report,30,0,1,0,correct_report,30,0
1,DTXSID00880006,Loperamide,4,0,30,66,1,0,correct_report,30,0,1,0,correct_report,30,0,1,0,correct_report,30,0
1,DTXSID9020790,Malaoxon,0,1,9,21,1,0,correct_report,9,0,0,0,fallback,21,0,0,0,fallback,21,0
1,DTXSID9020790,Malaoxon,1,1,9,21,1,0,correct_report,9,0,0,0,fallback,21,0,0,0,fallback,21,0
1,DTXSID9020790,Malaoxon,2,1,9,21,0,0,fallback,21,0,0,0,fallback,21,0,0,0,fallback,21,0
1,DTXSID9020790,Malaoxon,3,1,9,21,1,1,wrong_report,9,1,0,0,fallback,21,0,0,0,fallback,21,0
1,DTXSID9020790,Malaoxon,4,1,9,21,1,1,wrong_report,9,1,0,0,fallback,21,0,0,0,fallback,21,0
1,DTXSID9020827,Methoxychlor,0,0,9,21,1,0,correct_report,9,0,1,0,correct_report,9,0,1,0,correct_report,9,0
1,DTXSID9020827,Methoxychlor,1,0,9,21,1,0,correct_report,9,0,1,0,correct_report,9,0,1,0,correct_report,9,0
1,DTXSID9020827,Methoxychlor,2,0,9,21,1,0,correct_report,9,0,1,0,correct_report,9,0,1,0,correct_report,9,0
1,DTXSID9020827,Methoxychlor,3,0,9,21,1,0,correct_report,9,0,1,0,correct_report,9,0,1,0,correct_report,9,0
1,DTXSID9020827,Methoxychlor,4,0,9,21,1,0,correct_report,9,0,1,0,correct_report,9,0,1,0,correct_report,9,0
1,DTXSID1024209,Naled,0,0,9,21,1,0,correct_report,9,0,1,0,correct_report,9,0,1,0,correct_report,9,0
1,DTXSID1024209,Naled,1,0,9,21,1,0,correct_report,9,0,1,0,correct_report,9,0,1,0,correct_report,9,0
1,DTXSID1024209,Naled,2,0,9,21,1,0,correct_report,9,0,1,0,correct_report,9,0,1,0,correct_report,9,0
1,DTXSID1024209,Naled,3,0,9,21,1,0,correct_report,9,0,1,0,correct_report,9,0,1,0,correct_report,9,0
1,DTXSID1024209,Naled,4,0,9,21,1,0,correct_report,9,0,1,0,correct_report,9,0,1,0,correct_report,9,0
1,DTXSID0045838,Oxidopamine hydrochloride,0,0,18,41,1,0,correct_report,18,0,1,0,correct_report,18,0,1,0,correct_report,18,0
1,DTXSID0045838,Oxidopamine hydrochloride,1,0,15,41,1,0,correct_report,15,0,1,0,correct_report,15,0,1,0,correct_report,15,0
1,DTXSID0045838,Oxidopamine hydrochloride,2,0,14,41,1,0,correct_report,14,0,1,0,correct_report,14,0,1,0,correct_report,14,0
1,DTXSID0045838,Oxidopamine hydrochloride,3,0,14,41,1,0,correct_report,14,0,1,1,wrong_report,14,1,1,1,wrong_report,14,1
1,DTXSID0045838,Oxidopamine hydrochloride,4,0,14,41,1,0,correct_report,14,0,1,0,correct_report,14,0,1,0,correct_report,14,0
1,DTXSID8022292,Permethrin,0,0,15,42,1,0,correct_report,15,0,1,0,correct_report,15,0,1,0,correct_report,15,0
1,DTXSID8022292,Permethrin,1,0,15,42,1,0,correct_report,15,0,1,0,correct_report,15,0,1,0,correct_report,15,0
1,DTXSID8022292,Permethrin,2,0,15,42,1,0,correct_report,15,0,1,0,correct_report,15,0,1,0,correct_report,15,0
1,DTXSID8022292,Permethrin,3,0,18,42,1,0,correct_report,18,0,1,0,correct_report,18,0,1,0,correct_report,18,0
1,DTXSID8022292,Permethrin,4,0,15,42,1,0,correct_report,15,0,1,0,correct_report,15,0,1,0,correct_report,15,0
1,DTXSID9047330,PharmaGSID_47330,0,0,9,21,1,0,correct_report,9,0,1,0,correct_report,9,0,1,0,correct_report,9,0
1,DTXSID9047330,PharmaGSID_47330,1,0,9,21,1,0,correct_report,9,0,1,0,correct_report,9,0,1,0,correct_report,9,0
1,DTXSID9047330,PharmaGSID_47330,2,0,9,21,1,0,correct_report,9,0,1,0,correct_report,9,0,1,0,correct_report,9,0
1,DTXSID9047330,PharmaGSID_47330,3,0,9,21,0,0,fallback,21,0,0,0,fallback,21,0,0,0,fallback,21,0
1,DTXSID9047330,PharmaGSID_47330,4,0,9,21,1,0,correct_report,9,0,1,0,correct_report,9,0,1,0,correct_report,9,0
1,DTXSID6024254,Phenanthrene,0,1,18,42,1,0,correct_report,18,0,1,0,correct_report,18,0,1,0,correct_report,18,0
1,DTXSID6024254,Phenanthrene,1,1,18,42,1,0,correct_report,18,0,1,0,correct_report,18,0,1,0,correct_report,18,0
1,DTXSID6024254,Phenanthrene,2,1,18,42,1,0,correct_report,18,0,1,0,correct_report,18,0,1,0,correct_report,18,0
1,DTXSID6024254,Phenanthrene,3,1,18,42,1,0,correct_report,18,0,1,0,correct_report,18,0,1,0,correct_report,18,0
1,DTXSID6024254,Phenanthrene,4,1,18,42,1,0,correct_report,18,0,1,0,correct_report,18,0,1,0,correct_report,18,0
1,DTXSID6047525,Pravastatin sodium,0,0,9,21,1,0,correct_report,9,0,1,0,correct_report,9,0,1,0,correct_report,9,0
1,DTXSID6047525,Pravastatin sodium,1,0,9,21,1,0,correct_report,9,0,1,0,correct_report,9,0,1,0,correct_report,9,0
1,DTXSID6047525,Pravastatin sodium,2,0,9,21,1,0,correct_report,9,0,1,0,correct_report,9,0,1,0,correct_report,9,0
1,DTXSID6047525,Pravastatin sodium,3,0,9,21,1,0,correct_report,9,0,1,0,correct_report,9,0,1,0,correct_report,9,0
1,DTXSID6047525,Pravastatin sodium,4,0,9,21,1,0,correct_report,9,0,1,0,correct_report,9,0,1,0,correct_report,9,0
1,DTXSID1024091,S-Ethyl dipropylthiocarbamate,0,1,9,21,1,0,correct_report,9,0,1,0,correct_report,9,0,1,0,correct_report,9,0
1,DTXSID1024091,S-Ethyl dipropylthiocarbamate,1,1,9,21,1,0,correct_report,9,0,1,0,correct_report,9,0,1,0,correct_report,9,0
1,DTXSID1024091,S-Ethyl dipropylthiocarbamate,2,1,9,21,1,0,correct_report,9,0,1,0,correct_report,9,0,1,0,correct_report,9,0
1,DTXSID1024091,S-Ethyl dipropylthiocarbamate,3,1,9,21,1,0,correct_report,9,0,1,0,correct_report,9,0,1,0,correct_report,9,0
1,DTXSID1024091,S-Ethyl dipropylthiocarbamate,4,1,9,21,1,0,correct_report,9,0,1,0,correct_report,9,0,1,0,correct_report,9,0
1,DTXSID7021992,Sodium saccharin hydrate,0,0,13,31,1,1,wrong_report,13,1,1,1,wrong_report,13,1,1,1,wrong_report,13,1
1,DTXSID7021992,Sodium saccharin hydrate,1,0,13,31,1,0,correct_report,13,0,1,0,correct_report,13,0,1,0,correct_report,13,0
1,DTXSID7021992,Sodium saccharin hydrate,2,0,13,31,1,1,wrong_report,13,1,1,1,wrong_report,13,1,1,1,wrong_report,13,1
1,DTXSID7021992,Sodium saccharin hydrate,3,0,13,31,1,1,wrong_report,13,1,1,1,wrong_report,13,1,1,1,wrong_report,13,1
1,DTXSID7021992,Sodium saccharin hydrate,4,0,13,31,1,0,correct_report,13,0,1,0,correct_report,13,0,1,0,correct_report,13,0
1,DTXSID5037072,Sodium valproate,0,0,9,21,1,0,correct_report,9,0,1,0,correct_report,9,0,1,0,correct_report,9,0
1,DTXSID5037072,Sodium valproate,1,0,9,21,1,0,correct_report,9,0,1,0,correct_report,9,0,1,0,correct_report,9,0
1,DTXSID5037072,Sodium valproate,2,0,9,21,1,0,correct_report,9,0,1,0,correct_report,9,0,1,0,correct_report,9,0
1,DTXSID5037072,Sodium valproate,3,0,9,21,1,0,correct_report,9,0,1,0,correct_report,9,0,1,0,correct_report,9,0
1,DTXSID5037072,Sodium valproate,4,0,9,21,1,0,correct_report,9,0,1,0,correct_report,9,0,1,0,correct_report,9,0
1,DTXSID2022254,Terbufos,0,0,9,21,1,1,wrong_report,9,1,1,1,wrong_report,9,1,1,1,wrong_report,9,1
1,DTXSID2022254,Terbufos,1,0,9,21,1,1,wrong_report,9,1,1,1,wrong_report,9,1,1,1,wrong_report,9,1
1,DTXSID2022254,Terbufos,2,0,9,21,1,0,correct_report,9,0,1,1,wrong_report,9,1,1,1,wrong_report,9,1
1,DTXSID2022254,Terbufos,3,0,9,21,1,0,correct_report,9,0,1,1,wrong_report,9,1,1,1,wrong_report,9,1
1,DTXSID2022254,Terbufos,4,0,9,21,1,0,correct_report,9,0,1,0,correct_report,9,0,1,0,correct_report,9,0
1,DTXSID9022524,Thalidomide,0,0,6,14,1,0,correct_report,6,0,0,0,fallback,14,1,0,0,fallback,14,1
1,DTXSID9022524,Thalidomide,1,0,6,14,1,0,correct_report,6,0,1,0,correct_report,6,0,1,0,correct_report,6,0
1,DTXSID9022524,Thalidomide,2,0,6,14,1,0,correct_report,6,0,1,0,correct_report,6,0,1,0,correct_report,6,0
1,DTXSID9022524,Thalidomide,3,0,6,14,1,0,correct_report,6,0,1,0,correct_report,6,0,1,0,correct_report,6,0
1,DTXSID9022524,Thalidomide,4,0,6,14,1,0,correct_report,6,0,1,0,correct_report,6,0,1,0,correct_report,6,0
1,parent:DTXSID3027403,Tributyltin chloride,0,0,12,42,1,0,correct_report,12,0,1,0,correct_report,12,0,1,0,correct_report,12,0
1,parent:DTXSID3027403,Tributyltin chloride,1,0,12,42,1,0,correct_report,12,0,0,0,fallback,42,1,0,0,fallback,42,1
1,parent:DTXSID3027403,Tributyltin chloride,2,0,12,42,1,0,correct_report,12,0,1,0,correct_report,12,0,1,0,correct_report,12,0
1,parent:DTXSID3027403,Tributyltin chloride,3,0,12,42,1,0,correct_report,12,0,1,0,correct_report,12,0,1,0,correct_report,12,0
1,parent:DTXSID3027403,Tributyltin chloride,4,0,12,42,1,0,correct_report,12,0,1,0,correct_report,12,0,1,0,correct_report,12,0
1,parent:DTXSID3027403,Tributyltin methacrylate,0,0,12,42,1,0,correct_report,12,0,1,0,correct_report,12,0,1,0,correct_report,12,0
1,parent:DTXSID3027403,Tributyltin methacrylate,1,0,12,42,1,0,correct_report,12,0,1,0,correct_report,12,0,1,0,correct_report,12,0
1,parent:DTXSID3027403,Tributyltin methacrylate,2,0,9,42,1,0,correct_report,9,0,1,0,correct_report,9,0,1,0,correct_report,9,0
1,parent:DTXSID3027403,Tributyltin methacrylate,3,0,9,42,1,0,correct_report,9,0,1,0,correct_report,9,0,1,0,correct_report,9,0
1,parent:DTXSID3027403,Tributyltin methacrylate,4,0,15,42,1,0,correct_report,15,0,1,0,correct_report,15,0,1,0,correct_report,15,0
1,DTXSID9032240,Trimethyltin hydroxide,0,0,9,21,1,0,correct_report,9,0,1,0,correct_report,9,0,1,0,correct_report,9,0
1,DTXSID9032240,Trimethyltin hydroxide,1,0,9,21,1,0,correct_report,9,0,1,0,correct_report,9,0,1,0,correct_report,9,0
1,DTXSID9032240,Trimethyltin hydroxide,2,0,9,21,1,0,correct_report,9,0,1,0,correct_report,9,0,1,0,correct_report,9,0
1,DTXSID9032240,Trimethyltin hydroxide,3,0,9,21,1,0,correct_report,9,0,1,0,correct_report,9,0,1,0,correct_report,9,0
1,DTXSID9032240,Trimethyltin hydroxide,4,0,9,21,1,0,correct_report,9,0,0,0,fallback,21,1,0,0,fallback,21,1
1,DTXSID9026261,"Tris(1,3-dichloro-2-propyl) phosphate",0,0,15,35,1,0,correct_report,15,0,1,0,correct_report,15,0,1,0,correct_report,15,0
1,DTXSID9026261,"Tris(1,3-dichloro-2-propyl) phosphate",1,0,15,35,1,0,correct_report,15,0,1,0,correct_report,15,0,1,0,correct_report,15,0
1,DTXSID9026261,"Tris(1,3-dichloro-2-propyl) phosphate",2,0,15,35,1,0,correct_report,15,0,1,0,correct_report,15,0,1,0,correct_report,15,0
1,DTXSID9026261,"Tris(1,3-dichloro-2-propyl) phosphate",3,0,15,35,1,0,correct_report,15,0,1,0,correct_report,15,0,1,0,correct_report,15,0
1,DTXSID9026261,"Tris(1,3-dichloro-2-propyl) phosphate",4,0,15,35,1,1,wrong_report,15,1,0,0,fallback,35,1,0,0,fallback,35,1
1,DTXSID5021411,Tris(2-chloroethyl) phosphate,0,0,9,21,1,0,correct_report,9,0,1,0,correct_report,9,0,1,0,correct_report,9,0
1,DTXSID5021411,Tris(2-chloroethyl) phosphate,1,0,9,21,1,0,correct_report,9,0,1,0,correct_report,9,0,1,0,correct_report,9,0
1,DTXSID5021411,Tris(2-chloroethyl) phosphate,2,0,9,21,1,1,wrong_report,9,1,0,0,fallback,21,1,0,0,fallback,21,1
1,DTXSID5021411,Tris(2-chloroethyl) phosphate,3,0,9,21,1,0,correct_report,9,0,1,0,correct_report,9,0,1,0,correct_report,9,0
1,DTXSID5021411,Tris(2-chloroethyl) phosphate,4,0,9,21,1,0,correct_report,9,0,1,0,correct_report,9,0,1,0,correct_report,9,0
1,DTXSID1032648,Z-Tetrachlorvinphos,0,0,17,41,1,0,correct_report,17,0,1,0,correct_report,17,0,1,0,correct_report,17,0
1,DTXSID1032648,Z-Tetrachlorvinphos,1,0,17,41,1,0,correct_report,17,0,1,0,correct_report,17,0,1,0,correct_report,17,0
1,DTXSID1032648,Z-Tetrachlorvinphos,2,0,18,41,1,0,correct_report,18,0,1,0,correct_report,18,0,1,0,correct_report,18,0
1,DTXSID1032648,Z-Tetrachlorvinphos,3,0,18,41,1,0,correct_report,18,0,1,0,correct_report,18,0,1,0,correct_report,18,0
1,DTXSID1032648,Z-Tetrachlorvinphos,4,0,17,41,1,0,correct_report,17,0,1,0,correct_report,17,0,1,0,correct_report,17,0
1,DTXSID4020373,"p,p'-DDD",0,0,9,20,1,0,correct_report,9,0,1,0,correct_report,9,0,1,0,correct_report,9,0
1,DTXSID4020373,"p,p'-DDD",1,0,9,20,1,0,correct_report,9,0,1,0,correct_report,9,0,1,0,correct_report,9,0
1,DTXSID4020373,"p,p'-DDD",2,0,9,20,1,0,correct_report,9,0,0,0,fallback,20,1,0,0,fallback,20,1
1,DTXSID4020373,"p,p'-DDD",3,0,8,20,1,0,correct_report,8,0,1,0,correct_report,8,0,1,0,correct_report,8,0
1,DTXSID4020373,"p,p'-DDD",4,0,9,20,1,0,correct_report,9,0,1,0,correct_report,9,0,1,0,correct_report,9,0
1,DTXSID6020220,tert-Butylhydroquinone,0,0,9,21,1,0,correct_report,9,0,1,0,correct_report,9,0,1,0,correct_report,9,0
1,DTXSID6020220,tert-Butylhydroquinone,1,0,9,21,1,0,correct_report,9,0,1,0,correct_report,9,0,1,0,correct_report,9,0
1,DTXSID6020220,tert-Butylhydroquinone,2,0,9,21,1,0,correct_report,9,0,1,0,correct_report,9,0,1,0,correct_report,9,0
1,DTXSID6020220,tert-Butylhydroquinone,3,0,9,21,1,0,correct_report,9,0,1,0,correct_report,9,0,1,0,correct_report,9,0
1,DTXSID6020220,tert-Butylhydroquinone,4,0,9,21,1,0,correct_report,9,0,1,0,correct_report,9,0,1,0,correct_report,9,0
2,DTXSID9034232,2-(m-Chlorophenoxy)propionic acid,0,0,9,21,1,0,correct_report,9,0,1,0,correct_report,9,0,1,0,correct_report,9,0
2,DTXSID9034232,2-(m-Chlorophenoxy)propionic acid,1,0,9,21,1,0,correct_report,9,0,1,0,correct_report,9,0,1,0,correct_report,9,0
2,DTXSID9034232,2-(m-Chlorophenoxy)propionic acid,2,0,9,21,0,0,fallback,21,0,0,0,fallback,21,0,0,0,fallback,21,0
2,DTXSID9034232,2-(m-Chlorophenoxy)propionic acid,3,0,9,21,1,0,correct_report,9,0,1,0,correct_report,9,0,1,0,correct_report,9,0
2,DTXSID9034232,2-(m-Chlorophenoxy)propionic acid,4,0,9,21,1,0,correct_report,9,0,1,0,correct_report,9,0,1,0,correct_report,9,0
2,DTXSID1025300,2-Ethylhexyl diphenyl phosphate,0,0,9,21,1,0,correct_report,9,0,1,0,correct_report,9,0,1,0,correct_report,9,0
2,DTXSID1025300,2-Ethylhexyl diphenyl phosphate,1,0,9,21,1,0,correct_report,9,0,1,0,correct_report,9,0,1,0,correct_report,9,0
2,DTXSID1025300,2-Ethylhexyl diphenyl phosphate,2,0,9,21,1,0,correct_report,9,0,1,0,correct_report,9,0,1,0,correct_report,9,0
2,DTXSID1025300,2-Ethylhexyl diphenyl phosphate,3,0,9,21,1,0,correct_report,9,0,1,0,correct_report,9,0,1,0,correct_report,9,0
2,DTXSID1025300,2-Ethylhexyl diphenyl phosphate,4,0,9,21,1,0,correct_report,9,0,1,0,correct_report,9,0,1,0,correct_report,9,0
2,DTXSID1026081,"3,3',5,5'-Tetrabromobisphenol A",0,1,15,35,1,0,correct_report,15,0,0,0,fallback,35,0,0,0,fallback,35,0
2,DTXSID1026081,"3,3',5,5'-Tetrabromobisphenol A",1,1,15,35,1,0,correct_report,15,0,0,0,fallback,35,0,0,0,fallback,35,0
2,DTXSID1026081,"3,3',5,5'-Tetrabromobisphenol A",2,1,15,35,1,0,correct_report,15,0,1,0,correct_report,15,0,1,0,correct_report,15,0
2,DTXSID1026081,"3,3',5,5'-Tetrabromobisphenol A",3,1,15,35,1,0,correct_report,15,0,1,0,correct_report,15,0,1,0,correct_report,15,0
2,DTXSID1026081,"3,3',5,5'-Tetrabromobisphenol A",4,1,15,35,1,0,correct_report,15,0,0,0,fallback,35,0,0,0,fallback,35,0
2,DTXSID8023892,Abamectin,0,0,9,42,1,0,correct_report,9,0,1,0,correct_report,9,0,1,0,correct_report,9,0
2,DTXSID8023892,Abamectin,1,0,12,42,1,0,correct_report,12,0,1,0,correct_report,12,0,1,0,correct_report,12,0
2,DTXSID8023892,Abamectin,2,0,12,42,1,0,correct_report,12,0,1,0,correct_report,12,0,1,0,correct_report,12,0
2,DTXSID8023892,Abamectin,3,0,9,42,1,0,correct_report,9,0,1,0,correct_report,9,0,1,0,correct_report,9,0
2,DTXSID8023892,Abamectin,4,0,9,42,1,0,correct_report,9,0,1,0,correct_report,9,0,1,0,correct_report,9,0
2,DTXSID3023845,Acenaphthylene,0,1,17,39,1,0,correct_report,17,0,1,0,correct_report,17,0,1,0,correct_report,17,0
2,DTXSID3023845,Acenaphthylene,1,1,16,39,1,0,correct_report,16,0,1,0,correct_report,16,0,1,0,correct_report,16,0
2,DTXSID3023845,Acenaphthylene,2,1,17,39,1,0,correct_report,17,0,1,0,correct_report,17,0,1,0,correct_report,17,0
2,DTXSID3023845,Acenaphthylene,3,1,17,39,1,0,correct_report,17,0,1,0,correct_report,17,0,1,0,correct_report,17,0
2,DTXSID3023845,Acenaphthylene,4,1,17,39,1,0,correct_report,17,0,1,0,correct_report,17,0,1,0,correct_report,17,0
2,DTXSID0039223,Aldicarb,0,0,9,21,1,1,wrong_report,9,1,0,0,fallback,21,1,0,0,fallback,21,1
2,DTXSID0039223,Aldicarb,1,0,9,21,1,1,wrong_report,9,1,0,0,fallback,21,1,0,0,fallback,21,1
2,DTXSID0039223,Aldicarb,2,0,9,21,1,0,correct_report,9,0,1,0,correct_report,9,0,1,0,correct_report,9,0
2,DTXSID0039223,Aldicarb,3,0,9,21,1,0,correct_report,9,0,1,0,correct_report,9,0,1,0,correct_report,9,0
2,DTXSID0039223,Aldicarb,4,0,9,21,1,0,correct_report,9,0,1,0,correct_report,9,0,1,0,correct_report,9,0
2,DTXSID3037044,Amoxicillin,0,0,9,21,1,0,correct_report,9,0,1,0,correct_report,9,0,1,0,correct_report,9,0
2,DTXSID3037044,Amoxicillin,1,0,9,21,1,0,correct_report,9,0,1,0,correct_report,9,0,1,0,correct_report,9,0
2,DTXSID3037044,Amoxicillin,2,0,9,21,1,1,wrong_report,9,1,1,1,wrong_report,9,1,1,1,wrong_report,9,1
2,DTXSID3037044,Amoxicillin,3,0,9,21,1,0,correct_report,9,0,1,1,wrong_report,9,1,1,1,wrong_report,9,1
2,DTXSID3037044,Amoxicillin,4,0,9,21,1,0,correct_report,9,0,1,1,wrong_report,9,1,1,1,wrong_report,9,1
2,DTXSID0032520,Azoxystrobin,0,0,12,42,1,0,correct_report,12,0,1,0,correct_report,12,0,1,0,correct_report,12,0
2,DTXSID0032520,Azoxystrobin,1,0,15,42,1,0,correct_report,15,0,1,0,correct_report,15,0,1,0,correct_report,15,0
2,DTXSID0032520,Azoxystrobin,2,0,12,42,1,0,correct_report,12,0,1,0,correct_report,12,0,1,0,correct_report,12,0
2,DTXSID0032520,Azoxystrobin,3,0,12,42,1,0,correct_report,12,0,1,0,correct_report,12,0,1,0,correct_report,12,0
2,DTXSID0032520,Azoxystrobin,4,0,15,42,1,0,correct_report,15,0,1,0,correct_report,15,0,1,0,correct_report,15,0
2,DTXSID2020139,Benzo[a]pyrene,0,0,9,21,1,0,correct_report,9,0,1,0,correct_report,9,0,1,0,correct_report,9,0
2,DTXSID2020139,Benzo[a]pyrene,1,0,9,21,1,0,correct_report,9,0,1,0,correct_report,9,0,1,0,correct_report,9,0
2,DTXSID2020139,Benzo[a]pyrene,2,0,9,21,1,0,correct_report,9,0,1,0,correct_report,9,0,1,0,correct_report,9,0
2,DTXSID2020139,Benzo[a]pyrene,3,0,9,21,0,0,fallback,21,1,0,0,fallback,21,1,0,0,fallback,21,1
2,DTXSID2020139,Benzo[a]pyrene,4,0,9,21,1,0,correct_report,9,0,1,0,correct_report,9,0,1,0,correct_report,9,0
2,DTXSID3023764,Benzo[e]pyrene,0,0,9,21,1,0,correct_report,9,0,1,0,correct_report,9,0,1,0,correct_report,9,0
2,DTXSID3023764,Benzo[e]pyrene,1,0,9,21,1,0,correct_report,9,0,1,0,correct_report,9,0,1,0,correct_report,9,0
2,DTXSID3023764,Benzo[e]pyrene,2,0,9,21,1,0,correct_report,9,0,1,0,correct_report,9,0,1,0,correct_report,9,0
2,DTXSID3023764,Benzo[e]pyrene,3,0,9,21,1,0,correct_report,9,0,1,0,correct_report,9,0,1,0,correct_report,9,0
2,DTXSID3023764,Benzo[e]pyrene,4,0,9,21,1,0,correct_report,9,0,1,0,correct_report,9,0,1,0,correct_report,9,0
2,DTXSID7027887,Bis(2-ethylhexyl) tetrabromophthalate,0,0,9,21,1,0,correct_report,9,0,1,0,correct_report,9,0,1,0,correct_report,9,0
2,DTXSID7027887,Bis(2-ethylhexyl) tetrabromophthalate,1,0,9,21,1,0,correct_report,9,0,1,0,correct_report,9,0,1,0,correct_report,9,0
2,DTXSID7027887,Bis(2-ethylhexyl) tetrabromophthalate,2,0,9,21,1,0,correct_report,9,0,1,0,correct_report,9,0,1,0,correct_report,9,0
2,DTXSID7027887,Bis(2-ethylhexyl) tetrabromophthalate,3,0,9,21,1,0,correct_report,9,0,1,0,correct_report,9,0,1,0,correct_report,9,0
2,DTXSID7027887,Bis(2-ethylhexyl) tetrabromophthalate,4,0,9,21,1,0,correct_report,9,0,1,0,correct_report,9,0,1,0,correct_report,9,0
2,DTXSID7037717,Bisphenol AF,0,0,18,42,1,1,wrong_report,18,1,1,1,wrong_report,18,1,1,1,wrong_report,18,1
2,DTXSID7037717,Bisphenol AF,1,0,18,42,1,1,wrong_report,18,1,1,1,wrong_report,18,1,1,1,wrong_report,18,1
2,DTXSID7037717,Bisphenol AF,2,0,18,42,1,0,correct_report,18,0,1,0,correct_report,18,0,1,0,correct_report,18,0
2,DTXSID7037717,Bisphenol AF,3,0,18,42,1,0,correct_report,18,0,1,0,correct_report,18,0,1,0,correct_report,18,0
2,DTXSID7037717,Bisphenol AF,4,0,18,42,1,0,correct_report,18,0,1,0,correct_report,18,0,1,0,correct_report,18,0
2,DTXSID4022442,Bisphenol B,0,0,9,21,1,0,correct_report,9,0,1,0,correct_report,9,0,1,0,correct_report,9,0
2,DTXSID4022442,Bisphenol B,1,0,9,21,1,0,correct_report,9,0,1,0,correct_report,9,0,1,0,correct_report,9,0
2,DTXSID4022442,Bisphenol B,2,0,9,21,1,0,correct_report,9,0,1,0,correct_report,9,0,1,0,correct_report,9,0
2,DTXSID4022442,Bisphenol B,3,0,9,21,1,0,correct_report,9,0,1,0,correct_report,9,0,1,0,correct_report,9,0
2,DTXSID4022442,Bisphenol B,4,0,9,21,1,0,correct_report,9,0,1,0,correct_report,9,0,1,0,correct_report,9,0
2,DTXSID4040183,Cadmium(II) chloride hydrate (2:5),0,0,9,21,1,0,correct_report,9,0,1,0,correct_report,9,0,1,0,correct_report,9,0
2,DTXSID4040183,Cadmium(II) chloride hydrate (2:5),1,0,9,21,1,0,correct_report,9,0,1,0,correct_report,9,0,1,0,correct_report,9,0
2,DTXSID4040183,Cadmium(II) chloride hydrate (2:5),2,0,9,21,1,0,correct_report,9,0,1,0,correct_report,9,0,1,0,correct_report,9,0
2,DTXSID4040183,Cadmium(II) chloride hydrate (2:5),3,0,9,21,1,0,correct_report,9,0,1,0,correct_report,9,0,1,0,correct_report,9,0
2,DTXSID4040183,Cadmium(II) chloride hydrate (2:5),4,0,9,21,1,0,correct_report,9,0,1,0,correct_report,9,0,1,0,correct_report,9,0
2,DTXSID9020243,Captan,0,0,27,63,1,0,correct_report,27,0,1,0,correct_report,27,0,1,0,correct_report,27,0
2,DTXSID9020243,Captan,1,0,27,63,1,0,correct_report,27,0,1,0,correct_report,27,0,1,0,correct_report,27,0
2,DTXSID9020243,Captan,2,0,27,63,1,0,correct_report,27,0,1,0,correct_report,27,0,1,0,correct_report,27,0
2,DTXSID9020243,Captan,3,0,27,63,1,0,correct_report,27,0,1,0,correct_report,27,0,1,0,correct_report,27,0
2,DTXSID9020243,Captan,4,0,27,63,1,1,wrong_report,27,1,0,0,fallback,63,1,0,0,fallback,63,1
2,DTXSID4022731,Carbamazepine,0,1,9,21,1,0,correct_report,9,0,1,0,correct_report,9,0,1,0,correct_report,9,0
2,DTXSID4022731,Carbamazepine,1,1,9,21,1,0,correct_report,9,0,0,0,fallback,21,0,0,0,fallback,21,0
2,DTXSID4022731,Carbamazepine,2,1,9,21,1,0,correct_report,9,0,0,0,fallback,21,0,0,0,fallback,21,0
2,DTXSID4022731,Carbamazepine,3,1,9,21,1,0,correct_report,9,0,0,0,fallback,21,0,0,0,fallback,21,0
2,DTXSID4022731,Carbamazepine,4,1,9,21,1,0,correct_report,9,0,0,0,fallback,21,0,0,0,fallback,21,0
2,DTXSID9020247,Carbaryl,0,0,9,21,1,0,correct_report,9,0,1,0,correct_report,9,0,1,0,correct_report,9,0
2,DTXSID9020247,Carbaryl,1,0,9,21,1,0,correct_report,9,0,1,0,correct_report,9,0,1,0,correct_report,9,0
2,DTXSID9020247,Carbaryl,2,0,9,21,1,0,correct_report,9,0,1,0,correct_report,9,0,1,0,correct_report,9,0
2,DTXSID9020247,Carbaryl,3,0,9,21,1,0,correct_report,9,0,1,0,correct_report,9,0,1,0,correct_report,9,0
2,DTXSID9020247,Carbaryl,4,0,9,21,1,0,correct_report,9,0,1,0,correct_report,9,0,1,0,correct_report,9,0
2,DTXSID3047344,Cariporide mesylate,0,0,9,21,1,0,correct_report,9,0,1,0,correct_report,9,0,1,0,correct_report,9,0
2,DTXSID3047344,Cariporide mesylate,1,0,9,21,1,1,wrong_report,9,1,1,1,wrong_report,9,1,1,1,wrong_report,9,1
2,DTXSID3047344,Cariporide mesylate,2,0,9,21,1,0,correct_report,9,0,1,0,correct_report,9,0,1,0,correct_report,9,0
2,DTXSID3047344,Cariporide mesylate,3,0,9,21,1,0,correct_report,9,0,1,0,correct_report,9,0,1,0,correct_report,9,0
2,DTXSID3047344,Cariporide mesylate,4,0,9,21,1,0,correct_report,9,0,1,0,correct_report,9,0,1,0,correct_report,9,0
2,DTXSID2020262,Chloramben,0,0,18,42,1,0,correct_report,18,0,1,0,correct_report,18,0,1,0,correct_report,18,0
2,DTXSID2020262,Chloramben,1,0,18,42,1,0,correct_report,18,0,1,0,correct_report,18,0,1,0,correct_report,18,0
2,DTXSID2020262,Chloramben,2,0,18,42,1,0,correct_report,18,0,1,0,correct_report,18,0,1,0,correct_report,18,0
2,DTXSID2020262,Chloramben,3,0,18,42,1,0,correct_report,18,0,1,0,correct_report,18,0,1,0,correct_report,18,0
2,DTXSID2020262,Chloramben,4,0,18,42,1,0,correct_report,18,0,1,0,correct_report,18,0,1,0,correct_report,18,0
2,DTXSID7024827,Chlorpromazine hydrochloride,0,0,9,21,1,1,wrong_report,9,1,1,1,wrong_report,9,1,1,1,wrong_report,9,1
2,DTXSID7024827,Chlorpromazine hydrochloride,1,0,9,21,1,0,correct_report,9,0,1,0,correct_report,9,0,1,0,correct_report,9,0
2,DTXSID7024827,Chlorpromazine hydrochloride,2,0,9,21,1,0,correct_report,9,0,1,0,correct_report,9,0,1,0,correct_report,9,0
2,DTXSID7024827,Chlorpromazine hydrochloride,3,0,9,21,1,0,correct_report,9,0,1,0,correct_report,9,0,1,0,correct_report,9,0
2,DTXSID7024827,Chlorpromazine hydrochloride,4,0,9,21,1,0,correct_report,9,0,1,0,correct_report,9,0,1,0,correct_report,9,0
2,DTXSID2034465,Clothianidin,0,1,9,21,1,0,correct_report,9,0,1,0,correct_report,9,0,1,0,correct_report,9,0
2,DTXSID2034465,Clothianidin,1,1,9,21,1,0,correct_report,9,0,1,0,correct_report,9,0,1,0,correct_report,9,0
2,DTXSID2034465,Clothianidin,2,1,9,21,1,0,correct_report,9,0,1,0,correct_report,9,0,1,0,correct_report,9,0
2,DTXSID2034465,Clothianidin,3,1,9,21,1,0,correct_report,9,0,1,0,correct_report,9,0,1,0,correct_report,9,0
2,DTXSID2034465,Clothianidin,4,1,9,21,1,0,correct_report,9,0,1,0,correct_report,9,0,1,0,correct_report,9,0
2,parent:DTXSID4020375,DDT,0,0,27,63,1,0,correct_report,27,0,1,0,correct_report,27,0,1,0,correct_report,27,0
2,parent:DTXSID4020375,DDT,1,0,27,63,1,0,correct_report,27,0,1,0,correct_report,27,0,1,0,correct_report,27,0
2,parent:DTXSID4020375,DDT,2,0,27,63,1,0,correct_report,27,0,1,0,correct_report,27,0,1,0,correct_report,27,0
2,parent:DTXSID4020375,DDT,3,0,27,63,1,1,wrong_report,27,1,0,0,fallback,63,1,0,0,fallback,63,1
2,parent:DTXSID4020375,DDT,4,0,27,63,1,1,wrong_report,27,1,0,0,fallback,63,1,0,0,fallback,63,1
2,DTXSID5020449,Dichlorvos,0,1,9,21,1,0,correct_report,9,0,0,0,fallback,21,0,0,0,fallback,21,0
2,DTXSID5020449,Dichlorvos,1,1,9,21,1,0,correct_report,9,0,0,0,fallback,21,0,0,0,fallback,21,0
2,DTXSID5020449,Dichlorvos,2,1,9,21,1,0,correct_report,9,0,0,0,fallback,21,0,0,0,fallback,21,0
2,DTXSID5020449,Dichlorvos,3,1,9,21,1,0,correct_report,9,0,1,0,correct_report,9,0,1,0,correct_report,9,0
2,DTXSID5020449,Dichlorvos,4,1,9,21,1,0,correct_report,9,0,1,0,correct_report,9,0,1,0,correct_report,9,0
2,DTXSID9020617,Eugenol,0,0,9,21,1,0,correct_report,9,0,0,0,fallback,21,1,0,0,fallback,21,1
2,DTXSID9020617,Eugenol,1,0,9,21,1,0,correct_report,9,0,1,0,correct_report,9,0,1,0,correct_report,9,0
2,DTXSID9020617,Eugenol,2,0,9,21,1,0,correct_report,9,0,1,0,correct_report,9,0,1,0,correct_report,9,0
2,DTXSID9020617,Eugenol,3,0,9,21,1,0,correct_report,9,0,1,0,correct_report,9,0,1,0,correct_report,9,0
2,DTXSID9020617,Eugenol,4,0,9,21,1,1,wrong_report,9,1,0,0,fallback,21,1,0,0,fallback,21,1
2,DTXSID4034609,Fipronil,0,0,9,21,1,0,correct_report,9,0,0,0,fallback,21,1,0,0,fallback,21,1
2,DTXSID4034609,Fipronil,1,0,9,21,1,0,correct_report,9,0,0,0,fallback,21,1,0,0,fallback,21,1
2,DTXSID4034609,Fipronil,2,0,9,21,1,0,correct_report,9,0,1,0,correct_report,9,0,1,0,correct_report,9,0
2,DTXSID4034609,Fipronil,3,0,9,21,1,0,correct_report,9,0,1,0,correct_report,9,0,1,0,correct_report,9,0
2,DTXSID4034609,Fipronil,4,0,9,21,1,0,correct_report,9,0,1,0,correct_report,9,0,1,0,correct_report,9,0
2,DTXSID8024105,Fluorene,0,1,18,41,1,0,correct_report,18,0,1,0,correct_report,18,0,1,0,correct_report,18,0
2,DTXSID8024105,Fluorene,1,1,17,41,1,0,correct_report,17,0,1,0,correct_report,17,0,1,0,correct_report,17,0
2,DTXSID8024105,Fluorene,2,1,18,41,1,0,correct_report,18,0,1,0,correct_report,18,0,1,0,correct_report,18,0
2,DTXSID8024105,Fluorene,3,1,17,41,1,0,correct_report,17,0,1,0,correct_report,17,0,1,0,correct_report,17,0
2,DTXSID8024105,Fluorene,4,1,18,41,1,0,correct_report,18,0,1,0,correct_report,18,0,1,0,correct_report,18,0
2,DTXSID9020663,Glycerol,0,1,18,42,1,0,correct_report,18,0,1,0,correct_report,18,0,1,0,correct_report,18,0
2,DTXSID9020663,Glycerol,1,1,18,42,1,0,correct_report,18,0,1,0,correct_report,18,0,1,0,correct_report,18,0
2,DTXSID9020663,Glycerol,2,1,18,42,1,0,correct_report,18,0,1,0,correct_report,18,0,1,0,correct_report,18,0
2,DTXSID9020663,Glycerol,3,1,18,42,1,0,correct_report,18,0,1,0,correct_report,18,0,1,0,correct_report,18,0
2,DTXSID9020663,Glycerol,4,1,18,42,1,0,correct_report,18,0,1,0,correct_report,18,0,1,0,correct_report,18,0
2,DTXSID5020106,L-Ascorbic acid,0,1,9,21,1,0,correct_report,9,0,1,0,correct_report,9,0,1,0,correct_report,9,0
2,DTXSID5020106,L-Ascorbic acid,1,1,9,21,1,0,correct_report,9,0,1,0,correct_report,9,0,1,0,correct_report,9,0
2,DTXSID5020106,L-Ascorbic acid,2,1,9,21,0,0,fallback,21,1,0,0,fallback,21,0,0,0,fallback,21,0
2,DTXSID5020106,L-Ascorbic acid,3,1,9,21,0,0,fallback,21,1,1,0,correct_report,9,0,1,0,correct_report,9,0
2,DTXSID5020106,L-Ascorbic acid,4,1,9,21,1,0,correct_report,9,0,1,0,correct_report,9,0,1,0,correct_report,9,0
2,DTXSID2020686,Lindane,0,0,9,21,1,0,correct_report,9,0,1,0,correct_report,9,0,1,0,correct_report,9,0
2,DTXSID2020686,Lindane,1,0,9,21,1,0,correct_report,9,0,1,0,correct_report,9,0,1,0,correct_report,9,0
2,DTXSID2020686,Lindane,2,0,9,21,1,0,correct_report,9,0,1,0,correct_report,9,0,1,0,correct_report,9,0
2,DTXSID2020686,Lindane,3,0,9,21,1,0,correct_report,9,0,1,0,correct_report,9,0,1,0,correct_report,9,0
2,DTXSID2020686,Lindane,4,0,9,21,1,0,correct_report,9,0,0,0,fallback,21,1,0,0,fallback,21,1
2,DTXSID9020794,Maneb,0,1,9,21,1,0,correct_report,9,0,0,0,fallback,21,0,0,0,fallback,21,0
2,DTXSID9020794,Maneb,1,1,9,21,1,1,wrong_report,9,1,1,0,correct_report,9,0,1,0,correct_report,9,0
2,DTXSID9020794,Maneb,2,1,9,21,1,0,correct_report,9,0,0,0,fallback,21,0,0,0,fallback,21,0
2,DTXSID9020794,Maneb,3,1,9,21,1,0,correct_report,9,0,0,0,fallback,21,0,0,0,fallback,21,0
2,DTXSID9020794,Maneb,4,1,9,21,1,0,correct_report,9,0,1,0,correct_report,9,0,1,0,correct_report,9,0
2,parent:DTXSID5027279,Manganese dichloride,0,1,9,21,1,0,correct_report,9,0,0,0,fallback,21,0,0,0,fallback,21,0
2,parent:DTXSID5027279,Manganese dichloride,1,1,9,21,1,0,correct_report,9,0,1,0,correct_report,9,0,1,0,correct_report,9,0
2,parent:DTXSID5027279,Manganese dichloride,2,1,9,21,1,0,correct_report,9,0,0,0,fallback,21,0,0,0,fallback,21,0
2,parent:DTXSID5027279,Manganese dichloride,3,1,9,21,1,0,correct_report,9,0,1,0,correct_report,9,0,1,0,correct_report,9,0
2,parent:DTXSID5027279,Manganese dichloride,4,1,9,21,1,0,correct_report,9,0,0,0,fallback,21,0,0,0,fallback,21,0
2,parent:DTXSID5027279,Manganese(II) acetate,0,1,9,21,1,0,correct_report,9,0,1,0,correct_report,9,0,1,0,correct_report,9,0
2,parent:DTXSID5027279,Manganese(II) acetate,1,1,9,21,1,0,correct_report,9,0,1,0,correct_report,9,0,1,0,correct_report,9,0
2,parent:DTXSID5027279,Manganese(II) acetate,2,1,9,21,1,0,correct_report,9,0,1,0,correct_report,9,0,1,0,correct_report,9,0
2,parent:DTXSID5027279,Manganese(II) acetate,3,1,9,21,1,0,correct_report,9,0,1,0,correct_report,9,0,1,0,correct_report,9,0
2,parent:DTXSID5027279,Manganese(II) acetate,4,1,9,21,1,0,correct_report,9,0,1,0,correct_report,9,0,1,0,correct_report,9,0
2,DTXSID5020811,Mercuric chloride,0,0,12,42,1,0,correct_report,12,0,1,0,correct_report,12,0,1,0,correct_report,12,0
2,DTXSID5020811,Mercuric chloride,1,0,15,42,1,0,correct_report,15,0,1,0,correct_report,15,0,1,0,correct_report,15,0
2,DTXSID5020811,Mercuric chloride,2,0,12,42,1,0,correct_report,12,0,1,0,correct_report,12,0,1,0,correct_report,12,0
2,DTXSID5020811,Mercuric chloride,3,0,15,42,1,0,correct_report,15,0,1,0,correct_report,15,0,1,0,correct_report,15,0
2,DTXSID5020811,Mercuric chloride,4,0,12,42,1,0,correct_report,12,0,1,0,correct_report,12,0,1,0,correct_report,12,0
2,DTXSID6024177,Methamidophos,0,0,17,41,1,0,correct_report,17,0,1,0,correct_report,17,0,1,0,correct_report,17,0
2,DTXSID6024177,Methamidophos,1,0,17,41,1,0,correct_report,17,0,1,0,correct_report,17,0,1,0,correct_report,17,0
2,DTXSID6024177,Methamidophos,2,0,17,41,1,0,correct_report,17,0,1,0,correct_report,17,0,1,0,correct_report,17,0
2,DTXSID6024177,Methamidophos,3,0,18,41,1,1,wrong_report,18,1,0,0,fallback,41,1,0,0,fallback,41,1
2,DTXSID6024177,Methamidophos,4,0,17,41,1,0,correct_report,17,0,1,0,correct_report,17,0,1,0,correct_report,17,0
2,DTXSID5020813,Methylmercuric(II) chloride,0,0,9,21,1,0,correct_report,9,0,1,0,correct_report,9,0,1,0,correct_report,9,0
2,DTXSID5020813,Methylmercuric(II) chloride,1,0,9,21,1,0,correct_report,9,0,1,0,correct_report,9,0,1,0,correct_report,9,0
2,DTXSID5020813,Methylmercuric(II) chloride,2,0,9,21,1,0,correct_report,9,0,1,0,correct_report,9,0,1,0,correct_report,9,0
2,DTXSID5020813,Methylmercuric(II) chloride,3,0,9,21,1,0,correct_report,9,0,1,0,correct_report,9,0,1,0,correct_report,9,0
2,DTXSID5020813,Methylmercuric(II) chloride,4,0,9,21,1,0,correct_report,9,0,1,0,correct_report,9,0,1,0,correct_report,9,0
2,DTXSID4040684,Mevastatin,0,0,21,45,1,0,correct_report,21,0,1,0,correct_report,21,0,1,0,correct_report,21,0
2,DTXSID4040684,Mevastatin,1,0,21,45,1,0,correct_report,21,0,1,0,correct_report,21,0,1,0,correct_report,21,0
2,DTXSID4040684,Mevastatin,2,0,21,45,1,0,correct_report,21,0,1,0,correct_report,21,0,1,0,correct_report,21,0
2,DTXSID4040684,Mevastatin,3,0,21,45,1,0,correct_report,21,0,1,0,correct_report,21,0,1,0,correct_report,21,0
2,DTXSID4040684,Mevastatin,4,0,21,45,1,0,correct_report,21,0,1,0,correct_report,21,0,1,0,correct_report,21,0
2,DTXSID7020895,Mirex,0,0,9,21,1,0,correct_report,9,0,1,0,correct_report,9,0,1,0,correct_report,9,0
2,DTXSID7020895,Mirex,1,0,9,21,1,0,correct_report,9,0,1,0,correct_report,9,0,1,0,correct_report,9,0
2,DTXSID7020895,Mirex,2,0,9,21,1,0,correct_report,9,0,1,0,correct_report,9,0,1,0,correct_report,9,0
2,DTXSID7020895,Mirex,3,0,9,21,1,0,correct_report,9,0,1,0,correct_report,9,0,1,0,correct_report,9,0
2,DTXSID7020895,Mirex,4,0,9,21,1,0,correct_report,9,0,1,0,correct_report,9,0,1,0,correct_report,9,0
2,DTXSID7020267,"Octachloro-4,7-methanotetrahydroindane",0,0,9,21,1,0,correct_report,9,0,1,0,correct_report,9,0,1,0,correct_report,9,0
2,DTXSID7020267,"Octachloro-4,7-methanotetrahydroindane",1,0,9,21,1,0,correct_report,9,0,1,0,correct_report,9,0,1,0,correct_report,9,0
2,DTXSID7020267,"Octachloro-4,7-methanotetrahydroindane",2,0,9,21,1,0,correct_report,9,0,1,0,correct_report,9,0,1,0,correct_report,9,0
2,DTXSID7020267,"Octachloro-4,7-methanotetrahydroindane",3,0,9,21,1,0,correct_report,9,0,1,0,correct_report,9,0,1,0,correct_report,9,0
2,DTXSID7020267,"Octachloro-4,7-methanotetrahydroindane",4,0,9,21,1,0,correct_report,9,0,1,0,correct_report,9,0,1,0,correct_report,9,0
2,DTXSID7021100,Parathion,0,1,18,42,1,1,wrong_report,18,1,0,0,fallback,42,0,0,0,fallback,42,0
2,DTXSID7021100,Parathion,1,1,18,42,1,1,wrong_report,18,1,0,0,fallback,42,0,0,0,fallback,42,0
2,DTXSID7021100,Parathion,2,1,18,42,1,0,correct_report,18,0,0,0,fallback,42,0,0,0,fallback,42,0
2,DTXSID7021100,Parathion,3,1,18,42,1,0,correct_report,18,0,1,0,correct_report,18,0,1,0,correct_report,18,0
2,DTXSID7021100,Parathion,4,1,18,42,1,0,correct_report,18,0,0,0,fallback,42,0,0,0,fallback,42,0
2,DTXSID0032572,Prallethrin,0,0,9,21,1,1,wrong_report,9,1,0,0,fallback,21,1,0,0,fallback,21,1
2,DTXSID0032572,Prallethrin,1,0,9,21,1,0,correct_report,9,0,1,0,correct_report,9,0,1,0,correct_report,9,0
2,DTXSID0032572,Prallethrin,2,0,9,21,1,0,correct_report,9,0,1,0,correct_report,9,0,1,0,correct_report,9,0
2,DTXSID0032572,Prallethrin,3,0,9,21,1,0,correct_report,9,0,1,0,correct_report,9,0,1,0,correct_report,9,0
2,DTXSID0032572,Prallethrin,4,0,9,21,1,0,correct_report,9,0,1,0,correct_report,9,0,1,0,correct_report,9,0
2,DTXSID7021237,Reserpine,0,0,9,21,1,0,correct_report,9,0,1,0,correct_report,9,0,1,0,correct_report,9,0
2,DTXSID7021237,Reserpine,1,0,9,21,1,0,correct_report,9,0,0,0,fallback,21,1,0,0,fallback,21,1
2,DTXSID7021237,Reserpine,2,0,9,21,1,0,correct_report,9,0,1,0,correct_report,9,0,1,0,correct_report,9,0
2,DTXSID7021237,Reserpine,3,0,9,21,1,0,correct_report,9,0,1,0,correct_report,9,0,1,0,correct_report,9,0
2,DTXSID7021237,Reserpine,4,0,9,21,1,0,correct_report,9,0,1,0,correct_report,9,0,1,0,correct_report,9,0
2,DTXSID5020104,Sodium arsenite,0,0,9,21,1,0,correct_report,9,0,1,0,correct_report,9,0,1,0,correct_report,9,0
2,DTXSID5020104,Sodium arsenite,1,0,9,21,1,0,correct_report,9,0,1,0,correct_report,9,0,1,0,correct_report,9,0
2,DTXSID5020104,Sodium arsenite,2,0,9,21,1,0,correct_report,9,0,1,0,correct_report,9,0,1,0,correct_report,9,0
2,DTXSID5020104,Sodium arsenite,3,0,9,21,1,0,correct_report,9,0,1,0,correct_report,9,0,1,0,correct_report,9,0
2,DTXSID5020104,Sodium arsenite,4,0,9,21,1,0,correct_report,9,0,1,0,correct_report,9,0,1,0,correct_report,9,0
2,DTXSID9032113,Tebuconazole,0,0,6,14,1,0,correct_report,6,0,1,0,correct_report,6,0,1,0,correct_report,6,0
2,DTXSID9032113,Tebuconazole,1,0,6,14,1,0,correct_report,6,0,1,0,correct_report,6,0,1,0,correct_report,6,0
2,DTXSID9032113,Tebuconazole,2,0,6,14,1,0,correct_report,6,0,1,0,correct_report,6,0,1,0,correct_report,6,0
2,DTXSID9032113,Tebuconazole,3,0,6,14,1,0,correct_report,6,0,1,0,correct_report,6,0,1,0,correct_report,6,0
2,DTXSID9032113,Tebuconazole,4,0,6,14,1,0,correct_report,6,0,1,0,correct_report,6,0,1,0,correct_report,6,0
2,DTXSID3045437,Terbutaline hemisulfate,0,1,9,21,1,0,correct_report,9,0,1,0,correct_report,9,0,1,0,correct_report,9,0
2,DTXSID3045437,Terbutaline hemisulfate,1,1,9,21,1,0,correct_report,9,0,0,0,fallback,21,0,0,0,fallback,21,0
2,DTXSID3045437,Terbutaline hemisulfate,2,1,9,21,1,0,correct_report,9,0,0,0,fallback,21,0,0,0,fallback,21,0
2,DTXSID3045437,Terbutaline hemisulfate,3,1,9,21,1,0,correct_report,9,0,0,0,fallback,21,0,0,0,fallback,21,0
2,DTXSID3045437,Terbutaline hemisulfate,4,1,9,21,1,0,correct_report,9,0,0,0,fallback,21,0,0,0,fallback,21,0
2,DTXSID1021322,Tetraethylthiuram disulfide,0,0,18,84,1,0,correct_report,18,0,1,0,correct_report,18,0,1,0,correct_report,18,0
2,DTXSID1021322,Tetraethylthiuram disulfide,1,0,30,84,1,0,correct_report,30,0,1,0,correct_report,30,0,1,0,correct_report,30,0
2,DTXSID1021322,Tetraethylthiuram disulfide,2,0,24,84,1,0,correct_report,24,0,1,1,wrong_report,24,1,1,1,wrong_report,24,1
2,DTXSID1021322,Tetraethylthiuram disulfide,3,0,18,84,1,0,correct_report,18,0,1,0,correct_report,18,0,1,0,correct_report,18,0
2,DTXSID1021322,Tetraethylthiuram disulfide,4,0,21,84,1,0,correct_report,21,0,1,0,correct_report,21,0,1,0,correct_report,21,0
2,DTXSID6032649,Tetramethrin,0,0,9,21,1,0,correct_report,9,0,1,0,correct_report,9,0,1,0,correct_report,9,0
2,DTXSID6032649,Tetramethrin,1,0,9,21,1,1,wrong_report,9,1,0,0,fallback,21,1,0,0,fallback,21,1
2,DTXSID6032649,Tetramethrin,2,0,9,21,1,0,correct_report,9,0,1,0,correct_report,9,0,1,0,correct_report,9,0
2,DTXSID6032649,Tetramethrin,3,0,9,21,1,0,correct_report,9,0,1,0,correct_report,9,0,1,0,correct_report,9,0
2,DTXSID6032649,Tetramethrin,4,0,9,21,1,0,correct_report,9,0,1,0,correct_report,9,0,1,0,correct_report,9,0
2,DTXSID1024174,Tribufos,0,0,9,21,1,0,correct_report,9,0,1,0,correct_report,9,0,1,0,correct_report,9,0
2,DTXSID1024174,Tribufos,1,0,9,21,1,0,correct_report,9,0,1,0,correct_report,9,0,1,0,correct_report,9,0
2,DTXSID1024174,Tribufos,2,0,9,21,1,0,correct_report,9,0,1,0,correct_report,9,0,1,0,correct_report,9,0
2,DTXSID1024174,Tribufos,3,0,9,21,1,0,correct_report,9,0,1,0,correct_report,9,0,1,0,correct_report,9,0
2,DTXSID1024174,Tribufos,4,0,9,21,1,1,wrong_report,9,1,0,0,fallback,21,1,0,0,fallback,21,1
2,DTXSID0021389,Trichlorfon,0,0,9,21,1,0,correct_report,9,0,1,0,correct_report,9,0,1,0,correct_report,9,0
2,DTXSID0021389,Trichlorfon,1,0,9,21,1,0,correct_report,9,0,1,0,correct_report,9,0,1,0,correct_report,9,0
2,DTXSID0021389,Trichlorfon,2,0,9,21,1,0,correct_report,9,0,1,0,correct_report,9,0,1,0,correct_report,9,0
2,DTXSID0021389,Trichlorfon,3,0,9,21,1,0,correct_report,9,0,1,0,correct_report,9,0,1,0,correct_report,9,0
2,DTXSID0021389,Trichlorfon,4,0,9,21,1,0,correct_report,9,0,1,0,correct_report,9,0,1,0,correct_report,9,0
2,DTXSID4032580,Trifloxystrobin,0,0,9,42,1,0,correct_report,9,0,1,0,correct_report,9,0,1,0,correct_report,9,0
2,DTXSID4032580,Trifloxystrobin,1,0,9,42,1,0,correct_report,9,0,1,0,correct_report,9,0,1,0,correct_report,9,0
2,DTXSID4032580,Trifloxystrobin,2,0,12,42,1,0,correct_report,12,0,1,0,correct_report,12,0,1,0,correct_report,12,0
2,DTXSID4032580,Trifloxystrobin,3,0,12,42,1,0,correct_report,12,0,1,0,correct_report,12,0,1,0,correct_report,12,0
2,DTXSID4032580,Trifloxystrobin,4,0,9,42,1,0,correct_report,9,0,1,0,correct_report,9,0,1,0,correct_report,9,0
2,DTXSID4021391,Tris(methylphenyl) phosphate,0,0,9,21,1,0,correct_report,9,0,1,0,correct_report,9,0,1,0,correct_report,9,0
2,DTXSID4021391,Tris(methylphenyl) phosphate,1,0,9,21,1,1,wrong_report,9,1,1,1,wrong_report,9,1,1,1,wrong_report,9,1
2,DTXSID4021391,Tris(methylphenyl) phosphate,2,0,9,21,1,1,wrong_report,9,1,1,1,wrong_report,9,1,1,1,wrong_report,9,1
2,DTXSID4021391,Tris(methylphenyl) phosphate,3,0,9,21,1,0,correct_report,9,0,1,0,correct_report,9,0,1,0,correct_report,9,0
2,DTXSID4021391,Tris(methylphenyl) phosphate,4,0,9,21,1,1,wrong_report,9,1,1,1,wrong_report,9,1,1,1,wrong_report,9,1
2,parent:DTXSID4020375,"o,p'-DDT",0,0,9,21,1,0,correct_report,9,0,1,0,correct_report,9,0,1,0,correct_report,9,0
2,parent:DTXSID4020375,"o,p'-DDT",1,0,9,21,1,0,correct_report,9,0,1,0,correct_report,9,0,1,0,correct_report,9,0
2,parent:DTXSID4020375,"o,p'-DDT",2,0,9,21,1,0,correct_report,9,0,1,0,correct_report,9,0,1,0,correct_report,9,0
2,parent:DTXSID4020375,"o,p'-DDT",3,0,9,21,1,0,correct_report,9,0,1,0,correct_report,9,0,1,0,correct_report,9,0
2,parent:DTXSID4020375,"o,p'-DDT",4,0,9,21,1,0,correct_report,9,0,1,0,correct_report,9,0,1,0,correct_report,9,0
3,DTXSID40880040,1-Methyl-4-phenylpyridinium iodide,0,0,9,21,1,0,correct_report,9,0,1,1,wrong_report,9,1,1,1,wrong_report,9,1
3,DTXSID40880040,1-Methyl-4-phenylpyridinium iodide,1,0,9,21,0,0,fallback,21,0,0,0,fallback,21,1,0,0,fallback,21,1
3,DTXSID40880040,1-Methyl-4-phenylpyridinium iodide,2,0,9,21,0,0,fallback,21,0,0,0,fallback,21,1,0,0,fallback,21,1
3,DTXSID40880040,1-Methyl-4-phenylpyridinium iodide,3,0,9,21,1,0,correct_report,9,0,1,0,correct_report,9,0,1,0,correct_report,9,0
3,DTXSID40880040,1-Methyl-4-phenylpyridinium iodide,4,0,9,21,0,0,fallback,21,0,1,1,wrong_report,9,1,1,1,wrong_report,9,1
3,DTXSID9052686,"2-Ethylhexyl 2,3,4,5-tetrabromobenzoate",0,0,9,21,1,1,wrong_report,9,1,1,1,wrong_report,9,1,1,1,wrong_report,9,1
3,DTXSID9052686,"2-Ethylhexyl 2,3,4,5-tetrabromobenzoate",1,0,9,21,0,0,fallback,21,1,0,0,fallback,21,1,0,0,fallback,21,1
3,DTXSID9052686,"2-Ethylhexyl 2,3,4,5-tetrabromobenzoate",2,0,9,21,1,0,correct_report,9,0,0,0,fallback,21,1,0,0,fallback,21,1
3,DTXSID9052686,"2-Ethylhexyl 2,3,4,5-tetrabromobenzoate",3,0,9,21,1,0,correct_report,9,0,1,0,correct_report,9,0,1,0,correct_report,9,0
3,DTXSID9052686,"2-Ethylhexyl 2,3,4,5-tetrabromobenzoate",4,0,9,21,1,0,correct_report,9,0,0,0,fallback,21,1,0,0,fallback,21,1
3,DTXSID0028038,3-Iodo-2-propynyl-N-butylcarbamate,0,0,27,84,1,0,correct_report,27,0,1,0,correct_report,27,0,1,0,correct_report,27,0
3,DTXSID0028038,3-Iodo-2-propynyl-N-butylcarbamate,1,0,33,84,1,0,correct_report,33,0,1,0,correct_report,33,0,1,0,correct_report,33,0
3,DTXSID0028038,3-Iodo-2-propynyl-N-butylcarbamate,2,0,27,84,1,0,correct_report,27,0,1,0,correct_report,27,0,1,0,correct_report,27,0
3,DTXSID0028038,3-Iodo-2-propynyl-N-butylcarbamate,3,0,33,84,1,0,correct_report,33,0,1,0,correct_report,33,0,1,0,correct_report,33,0
3,DTXSID0028038,3-Iodo-2-propynyl-N-butylcarbamate,4,0,27,84,1,0,correct_report,27,0,1,1,wrong_report,27,1,1,1,wrong_report,27,1
3,DTXSID8020541,"5,5-Diphenylhydantoin",0,1,9,21,1,0,correct_report,9,0,1,0,correct_report,9,0,1,0,correct_report,9,0
3,DTXSID8020541,"5,5-Diphenylhydantoin",1,1,9,21,0,0,fallback,21,0,0,0,fallback,21,0,0,0,fallback,21,0
3,DTXSID8020541,"5,5-Diphenylhydantoin",2,1,9,21,0,0,fallback,21,1,1,0,correct_report,9,0,1,0,correct_report,9,0
3,DTXSID8020541,"5,5-Diphenylhydantoin",3,1,9,21,1,0,correct_report,9,0,1,0,correct_report,9,0,1,0,correct_report,9,0
3,DTXSID8020541,"5,5-Diphenylhydantoin",4,1,9,21,0,0,fallback,21,0,0,0,fallback,21,0,0,0,fallback,21,0
3,DTXSID2020890,6-Methyl-2-thiouracil,0,0,9,21,1,0,correct_report,9,0,1,0,correct_report,9,0,1,0,correct_report,9,0
3,DTXSID2020890,6-Methyl-2-thiouracil,1,0,9,21,1,1,wrong_report,9,1,1,1,wrong_report,9,1,1,1,wrong_report,9,1
3,DTXSID2020890,6-Methyl-2-thiouracil,2,0,9,21,1,0,correct_report,9,0,1,0,correct_report,9,0,1,0,correct_report,9,0
3,DTXSID2020890,6-Methyl-2-thiouracil,3,0,9,21,1,0,correct_report,9,0,1,0,correct_report,9,0,1,0,correct_report,9,0
3,DTXSID2020890,6-Methyl-2-thiouracil,4,0,9,21,1,0,correct_report,9,0,1,1,wrong_report,9,1,1,1,wrong_report,9,1
3,DTXSID3021774,Acenaphthene,0,1,9,21,1,0,correct_report,9,0,0,0,fallback,21,0,0,0,fallback,21,0
3,DTXSID3021774,Acenaphthene,1,1,9,21,1,0,correct_report,9,0,0,0,fallback,21,0,0,0,fallback,21,0
3,DTXSID3021774,Acenaphthene,2,1,9,21,1,0,correct_report,9,0,1,0,correct_report,9,0,1,0,correct_report,9,0
3,DTXSID3021774,Acenaphthene,3,1,9,21,1,0,correct_report,9,0,1,0,correct_report,9,0,1,0,correct_report,9,0
3,DTXSID3021774,Acenaphthene,4,1,9,21,1,0,correct_report,9,0,0,0,fallback,21,0,0,0,fallback,21,0
3,parent:DTXSID2039336,Allethrin,0,0,9,21,1,0,correct_report,9,0,1,0,correct_report,9,0,1,0,correct_report,9,0
3,parent:DTXSID2039336,Allethrin,1,0,9,21,1,0,correct_report,9,0,1,0,correct_report,9,0,1,0,correct_report,9,0
3,parent:DTXSID2039336,Allethrin,2,0,9,21,1,0,correct_report,9,0,1,0,correct_report,9,0,1,0,correct_report,9,0
3,parent:DTXSID2039336,Allethrin,3,0,9,21,1,0,correct_report,9,0,1,0,correct_report,9,0,1,0,correct_report,9,0
3,parent:DTXSID2039336,Allethrin,4,0,9,21,1,0,correct_report,9,0,0,0,fallback,21,1,0,0,fallback,21,1
3,DTXSID0023878,Anthracene,0,1,9,21,1,0,correct_report,9,0,1,0,correct_report,9,0,1,0,correct_report,9,0
3,DTXSID0023878,Anthracene,1,1,9,21,1,0,correct_report,9,0,1,0,correct_report,9,0,1,0,correct_report,9,0
3,DTXSID0023878,Anthracene,2,1,9,21,1,0,correct_report,9,0,1,0,correct_report,9,0,1,0,correct_report,9,0
3,DTXSID0023878,Anthracene,3,1,9,21,1,0,correct_report,9,0,1,0,correct_report,9,0,1,0,correct_report,9,0
3,DTXSID0023878,Anthracene,4,1,9,21,1,0,correct_report,9,0,1,0,correct_report,9,0,1,0,correct_report,9,0
3,DTXSID0023907,Benzo(b)fluoranthene,0,0,18,41,1,0,correct_report,18,0,1,0,correct_report,18,0,1,0,correct_report,18,0
3,DTXSID0023907,Benzo(b)fluoranthene,1,0,17,41,1,0,correct_report,17,0,1,0,correct_report,17,0,1,0,correct_report,17,0
3,DTXSID0023907,Benzo(b)fluoranthene,2,0,17,41,1,0,correct_report,17,0,1,0,correct_report,17,0,1,0,correct_report,17,0
3,DTXSID0023907,Benzo(b)fluoranthene,3,0,18,41,1,0,correct_report,18,0,1,0,correct_report,18,0,1,0,correct_report,18,0
3,DTXSID0023907,Benzo(b)fluoranthene,4,0,18,41,1,0,correct_report,18,0,1,1,wrong_report,18,1,1,1,wrong_report,18,1
3,DTXSID9020249,Carbofuran,0,0,18,42,0,0,fallback,42,1,1,1,wrong_report,18,1,1,1,wrong_report,18,1
3,DTXSID9020249,Carbofuran,1,0,18,42,1,0,correct_report,18,0,1,0,correct_report,18,0,1,0,correct_report,18,0
3,DTXSID9020249,Carbofuran,2,0,18,42,1,0,correct_report,18,0,1,0,correct_report,18,0,1,0,correct_report,18,0
3,DTXSID9020249,Carbofuran,3,0,18,42,1,1,wrong_report,18,1,1,1,wrong_report,18,1,1,1,wrong_report,18,1
3,DTXSID9020249,Carbofuran,4,0,18,42,1,1,wrong_report,18,1,1,1,wrong_report,18,1,1,1,wrong_report,18,1
3,DTXSID2020268,Chlorendic acid,0,1,9,21,1,0,correct_report,9,0,1,0,correct_report,9,0,1,0,correct_report,9,0
3,DTXSID2020268,Chlorendic acid,1,1,9,21,1,0,correct_report,9,0,1,0,correct_report,9,0,1,0,correct_report,9,0
3,DTXSID2020268,Chlorendic acid,2,1,9,21,1,0,correct_report,9,0,0,0,fallback,21,0,0,0,fallback,21,0
3,DTXSID2020268,Chlorendic acid,3,1,9,21,1,0,correct_report,9,0,0,0,fallback,21,0,0,0,fallback,21,0
3,DTXSID2020268,Chlorendic acid,4,1,9,21,1,0,correct_report,9,0,0,0,fallback,21,0,0,0,fallback,21,0
3,DTXSID6032354,Clodinafop-propargyl,0,0,9,21,1,1,wrong_report,9,1,1,1,wrong_report,9,1,1,1,wrong_report,9,1
3,DTXSID6032354,Clodinafop-propargyl,1,0,9,21,1,0,correct_report,9,0,1,0,correct_report,9,0,1,0,correct_report,9,0
3,DTXSID6032354,Clodinafop-propargyl,2,0,9,21,1,0,correct_report,9,0,1,0,correct_report,9,0,1,0,correct_report,9,0
3,DTXSID6032354,Clodinafop-propargyl,3,0,9,21,1,0,correct_report,9,0,1,0,correct_report,9,0,1,0,correct_report,9,0
3,DTXSID6032354,Clodinafop-propargyl,4,0,9,21,1,0,correct_report,9,0,1,0,correct_report,9,0,1,0,correct_report,9,0
3,DTXSID2038443,Cocaine,0,0,18,42,1,0,correct_report,18,0,1,0,correct_report,18,0,1,0,correct_report,18,0
3,DTXSID2038443,Cocaine,1,0,18,42,1,0,correct_report,18,0,1,0,correct_report,18,0,1,0,correct_report,18,0
3,DTXSID2038443,Cocaine,2,0,18,42,1,0,correct_report,18,0,1,0,correct_report,18,0,1,0,correct_report,18,0
3,DTXSID2038443,Cocaine,3,0,18,42,0,0,fallback,42,1,0,0,fallback,42,1,0,0,fallback,42,1
3,DTXSID2038443,Cocaine,4,0,18,42,1,0,correct_report,18,0,1,0,correct_report,18,0,1,0,correct_report,18,0
3,DTXSID5024845,Colchicine,0,0,9,21,1,0,correct_report,9,0,1,0,correct_report,9,0,1,0,correct_report,9,0
3,DTXSID5024845,Colchicine,1,0,9,21,1,0,correct_report,9,0,1,0,correct_report,9,0,1,0,correct_report,9,0
3,DTXSID5024845,Colchicine,2,0,9,21,1,0,correct_report,9,0,1,0,correct_report,9,0,1,0,correct_report,9,0
3,DTXSID5024845,Colchicine,3,0,9,21,1,0,correct_report,9,0,1,0,correct_report,9,0,1,0,correct_report,9,0
3,DTXSID5024845,Colchicine,4,0,9,21,1,0,correct_report,9,0,1,0,correct_report,9,0,1,0,correct_report,9,0
3,DTXSID1023235,D-Mannitol,0,0,9,21,0,0,fallback,21,1,0,0,fallback,21,1,0,0,fallback,21,1
3,DTXSID1023235,D-Mannitol,1,0,9,21,1,0,correct_report,9,0,1,0,correct_report,9,0,1,0,correct_report,9,0
3,DTXSID1023235,D-Mannitol,2,0,9,21,1,0,correct_report,9,0,1,0,correct_report,9,0,1,0,correct_report,9,0
3,DTXSID1023235,D-Mannitol,3,0,9,21,1,0,correct_report,9,0,1,0,correct_report,9,0,1,0,correct_report,9,0
3,DTXSID1023235,D-Mannitol,4,0,9,21,1,0,correct_report,9,0,1,0,correct_report,9,0,1,0,correct_report,9,0
3,DTXSID8020381,Deltamethrin,0,0,18,42,1,0,correct_report,18,0,1,0,correct_report,18,0,1,0,correct_report,18,0
3,DTXSID8020381,Deltamethrin,1,0,18,42,1,0,correct_report,18,0,1,0,correct_report,18,0,1,0,correct_report,18,0
3,DTXSID8020381,Deltamethrin,2,0,18,42,1,0,correct_report,18,0,1,0,correct_report,18,0,1,0,correct_report,18,0
3,DTXSID8020381,Deltamethrin,3,0,18,42,1,0,correct_report,18,0,1,0,correct_report,18,0,1,0,correct_report,18,0
3,DTXSID8020381,Deltamethrin,4,0,18,42,1,0,correct_report,18,0,1,0,correct_report,18,0,1,0,correct_report,18,0
3,DTXSID3020384,Dexamethasone,0,1,9,21,1,0,correct_report,9,0,0,0,fallback,21,0,0,0,fallback,21,0
3,DTXSID3020384,Dexamethasone,1,1,9,21,1,0,correct_report,9,0,0,0,fallback,21,0,0,0,fallback,21,0
3,DTXSID3020384,Dexamethasone,2,1,9,21,1,0,correct_report,9,0,0,0,fallback,21,0,0,0,fallback,21,0
3,DTXSID3020384,Dexamethasone,3,1,9,21,1,0,correct_report,9,0,0,0,fallback,21,0,0,0,fallback,21,0
3,DTXSID3020384,Dexamethasone,4,1,9,21,1,0,correct_report,9,0,0,0,fallback,21,0,0,0,fallback,21,0
3,DTXSID9049245,"Dibenz[a,c]anthracene",0,0,9,21,1,0,correct_report,9,0,1,0,correct_report,9,0,1,0,correct_report,9,0
3,DTXSID9049245,"Dibenz[a,c]anthracene",1,0,9,21,1,0,correct_report,9,0,1,0,correct_report,9,0,1,0,correct_report,9,0
3,DTXSID9049245,"Dibenz[a,c]anthracene",2,0,9,21,0,0,fallback,21,1,0,0,fallback,21,1,0,0,fallback,21,1
3,DTXSID9049245,"Dibenz[a,c]anthracene",3,0,9,21,1,0,correct_report,9,0,1,0,correct_report,9,0,1,0,correct_report,9,0
3,DTXSID9049245,"Dibenz[a,c]anthracene",4,0,9,21,1,0,correct_report,9,0,1,0,correct_report,9,0,1,0,correct_report,9,0
3,DTXSID9023914,Dicrotophos,0,1,9,20,1,0,correct_report,9,0,1,0,correct_report,9,0,1,0,correct_report,9,0
3,DTXSID9023914,Dicrotophos,1,1,9,20,1,0,correct_report,9,0,1,0,correct_report,9,0,1,0,correct_report,9,0
3,DTXSID9023914,Dicrotophos,2,1,9,20,1,0,correct_report,9,0,1,0,correct_report,9,0,1,0,correct_report,9,0
3,DTXSID9023914,Dicrotophos,3,1,9,20,0,0,fallback,20,1,1,0,correct_report,9,0,1,0,correct_report,9,0
3,DTXSID9023914,Dicrotophos,4,1,9,20,1,0,correct_report,9,0,1,0,correct_report,9,0,1,0,correct_report,9,0
3,DTXSID0034566,Emamectin benzoate,0,0,12,35,1,0,correct_report,12,0,1,0,correct_report,12,0,1,0,correct_report,12,0
3,DTXSID0034566,Emamectin benzoate,1,0,9,35,1,0,correct_report,9,0,1,0,correct_report,9,0,1,0,correct_report,9,0
3,DTXSID0034566,Emamectin benzoate,2,0,9,35,1,0,correct_report,9,0,1,0,correct_report,9,0,1,0,correct_report,9,0
3,DTXSID0034566,Emamectin benzoate,3,0,10,35,1,0,correct_report,10,0,1,0,correct_report,10,0,1,0,correct_report,10,0
3,DTXSID0034566,Emamectin benzoate,4,0,7,35,1,0,correct_report,7,0,1,0,correct_report,7,0,1,0,correct_report,7,0
3,DTXSID4032667,Es-fenvalerate,0,0,9,21,1,0,correct_report,9,0,1,0,correct_report,9,0,1,0,correct_report,9,0
3,DTXSID4032667,Es-fenvalerate,1,0,9,21,1,0,correct_report,9,0,1,0,correct_report,9,0,1,0,correct_report,9,0
3,DTXSID4032667,Es-fenvalerate,2,0,9,21,1,0,correct_report,9,0,1,0,correct_report,9,0,1,0,correct_report,9,0
3,DTXSID4032667,Es-fenvalerate,3,0,9,21,1,0,correct_report,9,0,1,0,correct_report,9,0,1,0,correct_report,9,0
3,DTXSID4032667,Es-fenvalerate,4,0,9,21,1,0,correct_report,9,0,1,0,correct_report,9,0,1,0,correct_report,9,0
3,DTXSID601027734,Esketamine hydrochloride,0,0,9,21,1,0,correct_report,9,0,1,0,correct_report,9,0,1,0,correct_report,9,0
3,DTXSID601027734,Esketamine hydrochloride,1,0,9,21,1,0,correct_report,9,0,1,0,correct_report,9,0,1,0,correct_report,9,0
3,DTXSID601027734,Esketamine hydrochloride,2,0,9,21,1,0,correct_report,9,0,1,0,correct_report,9,0,1,0,correct_report,9,0
3,DTXSID601027734,Esketamine hydrochloride,3,0,9,21,1,0,correct_report,9,0,0,0,fallback,21,1,0,0,fallback,21,1
3,DTXSID601027734,Esketamine hydrochloride,4,0,9,21,0,0,fallback,21,1,0,0,fallback,21,1,0,0,fallback,21,1
3,DTXSID9032610,Etofenprox,0,0,9,21,1,0,correct_report,9,0,1,0,correct_report,9,0,1,0,correct_report,9,0
3,DTXSID9032610,Etofenprox,1,0,9,21,1,0,correct_report,9,0,1,0,correct_report,9,0,1,0,correct_report,9,0
3,DTXSID9032610,Etofenprox,2,0,9,21,1,0,correct_report,9,0,1,0,correct_report,9,0,1,0,correct_report,9,0
3,DTXSID9032610,Etofenprox,3,0,9,21,1,0,correct_report,9,0,0,0,fallback,21,1,0,0,fallback,21,1
3,DTXSID9032610,Etofenprox,4,0,9,21,1,0,correct_report,9,0,0,0,fallback,21,1,0,0,fallback,21,1
3,DTXSID0024002,Fenpropathrin,0,0,9,21,1,0,correct_report,9,0,1,0,correct_report,9,0,1,0,correct_report,9,0
3,DTXSID0024002,Fenpropathrin,1,0,9,21,1,0,correct_report,9,0,1,0,correct_report,9,0,1,0,correct_report,9,0
3,DTXSID0024002,Fenpropathrin,2,0,9,21,1,0,correct_report,9,0,1,0,correct_report,9,0,1,0,correct_report,9,0
3,DTXSID0024002,Fenpropathrin,3,0,9,21,1,0,correct_report,9,0,1,0,correct_report,9,0,1,0,correct_report,9,0
3,DTXSID0024002,Fenpropathrin,4,0,9,21,1,0,correct_report,9,0,1,0,correct_report,9,0,1,0,correct_report,9,0
3,DTXSID70880073,Firemaster 550,0,0,9,21,1,0,correct_report,9,0,1,0,correct_report,9,0,1,0,correct_report,9,0
3,DTXSID70880073,Firemaster 550,1,0,9,21,1,0,correct_report,9,0,1,0,correct_report,9,0,1,0,correct_report,9,0
3,DTXSID70880073,Firemaster 550,2,0,9,21,1,1,wrong_report,9,1,1,1,wrong_report,9,1,1,1,wrong_report,9,1
3,DTXSID70880073,Firemaster 550,3,0,9,21,1,0,correct_report,9,0,1,1,wrong_report,9,1,1,1,wrong_report,9,1
3,DTXSID70880073,Firemaster 550,4,0,9,21,1,0,correct_report,9,0,1,0,correct_report,9,0,1,0,correct_report,9,0
3,DTXSID0022519,Folic acid,0,0,8,20,0,0,fallback,20,1,0,0,fallback,20,0,0,0,fallback,20,0
3,DTXSID0022519,Folic acid,1,0,8,20,0,0,fallback,20,0,0,0,fallback,20,0,0,0,fallback,20,0
3,DTXSID0022519,Folic acid,2,0,9,20,1,0,correct_report,9,0,1,0,correct_report,9,0,1,0,correct_report,9,0
3,DTXSID0022519,Folic acid,3,0,8,20,0,0,fallback,20,1,0,0,fallback,20,0,0,0,fallback,20,0
3,DTXSID0022519,Folic acid,4,0,8,20,0,0,fallback,20,1,0,0,fallback,20,0,0,0,fallback,20,0
3,DTXSID4034150,Haloperidol,0,0,9,21,1,0,correct_report,9,0,1,0,correct_report,9,0,1,0,correct_report,9,0
3,DTXSID4034150,Haloperidol,1,0,9,21,1,0,correct_report,9,0,1,0,correct_report,9,0,1,0,correct_report,9,0
3,DTXSID4034150,Haloperidol,2,0,9,21,1,0,correct_report,9,0,1,0,correct_report,9,0,1,0,correct_report,9,0
3,DTXSID4034150,Haloperidol,3,0,9,21,1,0,correct_report,9,0,1,0,correct_report,9,0,1,0,correct_report,9,0
3,DTXSID4034150,Haloperidol,4,0,9,21,1,0,correct_report,9,0,1,0,correct_report,9,0,1,0,correct_report,9,0
3,DTXSID6020690,Hexachlorophene,0,0,14,56,1,0,correct_report,14,0,1,0,correct_report,14,0,1,0,correct_report,14,0
3,DTXSID6020690,Hexachlorophene,1,0,19,56,1,0,correct_report,19,0,1,0,correct_report,19,0,1,0,correct_report,19,0
3,DTXSID6020690,Hexachlorophene,2,0,13,56,1,0,correct_report,13,0,1,0,correct_report,13,0,1,0,correct_report,13,0
3,DTXSID6020690,Hexachlorophene,3,0,24,56,1,0,correct_report,24,0,1,0,correct_report,24,0,1,0,correct_report,24,0
3,DTXSID6020690,Hexachlorophene,4,0,24,56,1,0,correct_report,24,0,1,0,correct_report,24,0,1,0,correct_report,24,0
3,DTXSID3031521,Lead(II) acetate trihydrate,0,0,9,21,1,0,correct_report,9,0,1,0,correct_report,9,0,1,0,correct_report,9,0
3,DTXSID3031521,Lead(II) acetate trihydrate,1,0,9,21,1,0,correct_report,9,0,1,0,correct_report,9,0,1,0,correct_report,9,0
3,DTXSID3031521,Lead(II) acetate trihydrate,2,0,9,21,1,0,correct_report,9,0,1,0,correct_report,9,0,1,0,correct_report,9,0
3,DTXSID3031521,Lead(II) acetate trihydrate,3,0,9,21,1,0,correct_report,9,0,0,0,fallback,21,0,0,0,fallback,21,0
3,DTXSID3031521,Lead(II) acetate trihydrate,4,0,9,21,1,0,correct_report,9,0,0,0,fallback,21,0,0,0,fallback,21,0
3,DTXSID4020791,Malathion,0,0,9,21,1,0,correct_report,9,0,1,0,correct_report,9,0,1,0,correct_report,9,0
3,DTXSID4020791,Malathion,1,0,9,21,1,0,correct_report,9,0,1,0,correct_report,9,0,1,0,correct_report,9,0
3,DTXSID4020791,Malathion,2,0,9,21,1,0,correct_report,9,0,1,1,wrong_report,9,1,1,1,wrong_report,9,1
3,DTXSID4020791,Malathion,3,0,9,21,1,0,correct_report,9,0,1,0,correct_report,9,0,1,0,correct_report,9,0
3,DTXSID4020791,Malathion,4,0,9,21,1,0,correct_report,9,0,1,1,wrong_report,9,1,1,1,wrong_report,9,1
3,DTXSID0034695,Mancozeb,0,1,18,42,1,0,correct_report,18,0,1,0,correct_report,18,0,1,0,correct_report,18,0
3,DTXSID0034695,Mancozeb,1,1,18,42,1,0,correct_report,18,0,1,0,correct_report,18,0,1,0,correct_report,18,0
3,DTXSID0034695,Mancozeb,2,1,18,42,1,0,correct_report,18,0,1,0,correct_report,18,0,1,0,correct_report,18,0
3,DTXSID0034695,Mancozeb,3,1,18,42,1,0,correct_report,18,0,1,0,correct_report,18,0,1,0,correct_report,18,0
3,DTXSID0034695,Mancozeb,4,1,18,42,1,0,correct_report,18,0,1,0,correct_report,18,0,1,0,correct_report,18,0
3,DTXSID90199452,Naloxone hydrochloride dihydrate,0,1,9,21,1,0,correct_report,9,0,1,0,correct_report,9,0,1,0,correct_report,9,0
3,DTXSID90199452,Naloxone hydrochloride dihydrate,1,1,9,21,1,0,correct_report,9,0,1,0,correct_report,9,0,1,0,correct_report,9,0
3,DTXSID90199452,Naloxone hydrochloride dihydrate,2,1,9,21,1,0,correct_report,9,0,1,0,correct_report,9,0,1,0,correct_report,9,0
3,DTXSID90199452,Naloxone hydrochloride dihydrate,3,1,9,21,1,0,correct_report,9,0,1,0,correct_report,9,0,1,0,correct_report,9,0
3,DTXSID90199452,Naloxone hydrochloride dihydrate,4,1,9,21,1,0,correct_report,9,0,1,0,correct_report,9,0,1,0,correct_report,9,0
3,DTXSID5021124,Phenol,0,0,9,21,1,0,correct_report,9,0,1,0,correct_report,9,0,1,0,correct_report,9,0
3,DTXSID5021124,Phenol,1,0,9,21,1,0,correct_report,9,0,1,0,correct_report,9,0,1,0,correct_report,9,0
3,DTXSID5021124,Phenol,2,0,9,21,1,0,correct_report,9,0,1,0,correct_report,9,0,1,0,correct_report,9,0
3,DTXSID5021124,Phenol,3,0,9,21,1,1,wrong_report,9,1,1,1,wrong_report,9,1,1,1,wrong_report,9,1
3,DTXSID5021124,Phenol,4,0,9,21,1,0,correct_report,9,0,1,0,correct_report,9,0,1,0,correct_report,9,0
3,DTXSID4032459,Phorate,0,0,9,21,0,0,fallback,21,1,0,0,fallback,21,1,0,0,fallback,21,1
3,DTXSID4032459,Phorate,1,0,9,21,1,0,correct_report,9,0,1,0,correct_report,9,0,1,0,correct_report,9,0
3,DTXSID4032459,Phorate,2,0,9,21,0,0,fallback,21,0,0,0,fallback,21,1,0,0,fallback,21,1
3,DTXSID4032459,Phorate,3,0,9,21,1,0,correct_report,9,0,1,0,correct_report,9,0,1,0,correct_report,9,0
3,DTXSID4032459,Phorate,4,0,9,21,0,0,fallback,21,1,0,0,fallback,21,1,0,0,fallback,21,1
3,DTXSID1021166,Piperonyl butoxide,0,0,9,21,1,0,correct_report,9,0,1,0,correct_report,9,0,1,0,correct_report,9,0
3,DTXSID1021166,Piperonyl butoxide,1,0,9,21,1,0,correct_report,9,0,1,0,correct_report,9,0,1,0,correct_report,9,0
3,DTXSID1021166,Piperonyl butoxide,2,0,9,21,1,1,wrong_report,9,1,1,1,wrong_report,9,1,1,1,wrong_report,9,1
3,DTXSID1021166,Piperonyl butoxide,3,0,9,21,0,0,fallback,21,1,0,0,fallback,21,1,0,0,fallback,21,1
3,DTXSID1021166,Piperonyl butoxide,4,0,9,21,1,0,correct_report,9,0,1,0,correct_report,9,0,1,0,correct_report,9,0
3,DTXSID3032464,Profenofos,0,0,9,21,1,1,wrong_report,9,1,1,1,wrong_report,9,1,0,0,fallback,21,1
3,DTXSID3032464,Profenofos,1,0,9,21,1,0,correct_report,9,0,1,0,correct_report,9,0,1,0,correct_report,9,0
3,DTXSID3032464,Profenofos,2,0,9,21,1,0,correct_report,9,0,1,0,correct_report,9,0,1,0,correct_report,9,0
3,DTXSID3032464,Profenofos,3,0,9,21,1,1,wrong_report,9,1,1,1,wrong_report,9,1,0,0,fallback,21,1
3,DTXSID3032464,Profenofos,4,0,9,21,1,0,correct_report,9,0,1,0,correct_report,9,0,1,0,correct_report,9,0
3,DTXSID3024289,Pyrene,0,1,9,21,1,0,correct_report,9,0,1,0,correct_report,9,0,1,0,correct_report,9,0
3,DTXSID3024289,Pyrene,1,1,9,21,1,0,correct_report,9,0,1,0,correct_report,9,0,1,0,correct_report,9,0
3,DTXSID3024289,Pyrene,2,1,9,21,1,0,correct_report,9,0,1,0,correct_report,9,0,1,0,correct_report,9,0
3,DTXSID3024289,Pyrene,3,1,9,21,1,0,correct_report,9,0,1,0,correct_report,9,0,1,0,correct_report,9,0
3,DTXSID3024289,Pyrene,4,1,9,21,1,0,correct_report,9,0,1,0,correct_report,9,0,1,0,correct_report,9,0
3,parent:DTXSID2039336,S-Bioallethrin,0,0,9,21,1,0,correct_report,9,0,1,0,correct_report,9,0,1,0,correct_report,9,0
3,parent:DTXSID2039336,S-Bioallethrin,1,0,9,21,1,0,correct_report,9,0,1,0,correct_report,9,0,1,0,correct_report,9,0
3,parent:DTXSID2039336,S-Bioallethrin,2,0,9,21,1,1,wrong_report,9,1,1,1,wrong_report,9,1,1,1,wrong_report,9,1
3,parent:DTXSID2039336,S-Bioallethrin,3,0,9,21,1,1,wrong_report,9,1,1,1,wrong_report,9,1,1,1,wrong_report,9,1
3,parent:DTXSID2039336,S-Bioallethrin,4,0,9,21,1,0,correct_report,9,0,1,0,correct_report,9,0,1,0,correct_report,9,0
3,DTXSID0023581,Simvastatin,0,0,15,42,1,0,correct_report,15,0,1,0,correct_report,15,0,1,0,correct_report,15,0
3,DTXSID0023581,Simvastatin,1,0,12,42,1,0,correct_report,12,0,1,0,correct_report,12,0,1,0,correct_report,12,0
3,DTXSID0023581,Simvastatin,2,0,12,42,1,0,correct_report,12,0,1,0,correct_report,12,0,1,0,correct_report,12,0
3,DTXSID0023581,Simvastatin,3,0,15,42,1,0,correct_report,15,0,1,0,correct_report,15,0,1,0,correct_report,15,0
3,DTXSID0023581,Simvastatin,4,0,12,42,1,0,correct_report,12,0,1,0,correct_report,12,0,1,0,correct_report,12,0
3,DTXSID2020630,Sodium fluoride,0,1,9,21,1,0,correct_report,9,0,1,0,correct_report,9,0,1,0,correct_report,9,0
3,DTXSID2020630,Sodium fluoride,1,1,9,21,1,0,correct_report,9,0,1,0,correct_report,9,0,1,0,correct_report,9,0
3,DTXSID2020630,Sodium fluoride,2,1,9,21,0,0,fallback,21,0,0,0,fallback,21,0,0,0,fallback,21,0
3,DTXSID2020630,Sodium fluoride,3,1,9,21,0,0,fallback,21,0,0,0,fallback,21,0,0,0,fallback,21,0
3,DTXSID2020630,Sodium fluoride,4,1,9,21,0,0,fallback,21,0,0,0,fallback,21,0,0,0,fallback,21,0
3,DTXSID1034212,Spiroxamine,0,0,10,35,1,0,correct_report,10,0,1,0,correct_report,10,0,1,0,correct_report,10,0
3,DTXSID1034212,Spiroxamine,1,0,7,35,1,0,correct_report,7,0,1,0,correct_report,7,0,1,0,correct_report,7,0
3,DTXSID1034212,Spiroxamine,2,0,10,35,1,0,correct_report,10,0,1,0,correct_report,10,0,1,0,correct_report,10,0
3,DTXSID1034212,Spiroxamine,3,0,9,35,1,0,correct_report,9,0,1,0,correct_report,9,0,1,0,correct_report,9,0
3,DTXSID1034212,Spiroxamine,4,0,11,35,1,0,correct_report,11,0,1,0,correct_report,11,0,1,0,correct_report,11,0
3,DTXSID1034187,Tamoxifen,0,0,9,21,1,0,correct_report,9,0,1,0,correct_report,9,0,1,0,correct_report,9,0
3,DTXSID1034187,Tamoxifen,1,0,9,21,1,0,correct_report,9,0,1,0,correct_report,9,0,1,0,correct_report,9,0
3,DTXSID1034187,Tamoxifen,2,0,9,21,1,0,correct_report,9,0,1,0,correct_report,9,0,1,0,correct_report,9,0
3,DTXSID1034187,Tamoxifen,3,0,9,21,1,0,correct_report,9,0,1,0,correct_report,9,0,1,0,correct_report,9,0
3,DTXSID1034187,Tamoxifen,4,0,9,21,1,0,correct_report,9,0,1,0,correct_report,9,0,1,0,correct_report,9,0
3,DTXSID5032577,Tefluthrin,0,0,9,21,1,0,correct_report,9,0,1,0,correct_report,9,0,1,0,correct_report,9,0
3,DTXSID5032577,Tefluthrin,1,0,9,21,1,0,correct_report,9,0,1,0,correct_report,9,0,1,0,correct_report,9,0
3,DTXSID5032577,Tefluthrin,2,0,9,21,1,0,correct_report,9,0,1,0,correct_report,9,0,1,0,correct_report,9,0
3,DTXSID5032577,Tefluthrin,3,0,9,21,1,0,correct_report,9,0,1,0,correct_report,9,0,1,0,correct_report,9,0
3,DTXSID5032577,Tefluthrin,4,0,9,21,1,0,correct_report,9,0,1,0,correct_report,9,0,1,0,correct_report,9,0
3,DTXSID7023645,Tetracycline,0,1,9,21,1,1,wrong_report,9,1,1,0,correct_report,9,0,1,0,correct_report,9,0
3,DTXSID7023645,Tetracycline,1,1,9,21,1,0,correct_report,9,0,1,0,correct_report,9,0,1,0,correct_report,9,0
3,DTXSID7023645,Tetracycline,2,1,9,21,1,0,correct_report,9,0,1,0,correct_report,9,0,1,0,correct_report,9,0
3,DTXSID7023645,Tetracycline,3,1,9,21,1,0,correct_report,9,0,1,0,correct_report,9,0,1,0,correct_report,9,0
3,DTXSID7023645,Tetracycline,4,1,9,21,1,0,correct_report,9,0,1,0,correct_report,9,0,1,0,correct_report,9,0
3,DTXSID2034962,Thiamethoxam,0,1,9,21,1,0,correct_report,9,0,0,0,fallback,21,0,0,0,fallback,21,0
3,DTXSID2034962,Thiamethoxam,1,1,9,21,0,0,fallback,21,1,0,0,fallback,21,0,0,0,fallback,21,0
3,DTXSID2034962,Thiamethoxam,2,1,9,21,1,0,correct_report,9,0,1,0,correct_report,9,0,1,0,correct_report,9,0
3,DTXSID2034962,Thiamethoxam,3,1,9,21,1,0,correct_report,9,0,1,0,correct_report,9,0,1,0,correct_report,9,0
3,DTXSID2034962,Thiamethoxam,4,1,9,21,1,0,correct_report,9,0,0,0,fallback,21,0,0,0,fallback,21,0
3,DTXSID4028880,Triphenyl phosphates isopropylated,0,0,9,21,1,0,correct_report,9,0,1,0,correct_report,9,0,1,0,correct_report,9,0
3,DTXSID4028880,Triphenyl phosphates isopropylated,1,0,9,21,1,0,correct_report,9,0,1,0,correct_report,9,0,1,0,correct_report,9,0
3,DTXSID4028880,Triphenyl phosphates isopropylated,2,0,9,21,1,0,correct_report,9,0,1,0,correct_report,9,0,1,0,correct_report,9,0
3,DTXSID4028880,Triphenyl phosphates isopropylated,3,0,9,21,1,0,correct_report,9,0,0,0,fallback,21,0,0,0,fallback,21,0
3,DTXSID4028880,Triphenyl phosphates isopropylated,4,0,9,21,0,0,fallback,21,0,0,0,fallback,21,0,0,0,fallback,21,0
4,DTXSID1020930,(-)-Nicotine,0,0,9,21,1,0,correct_report,9,0,1,0,correct_report,9,0,1,0,correct_report,9,0
4,DTXSID1020930,(-)-Nicotine,1,0,9,21,1,0,correct_report,9,0,1,0,correct_report,9,0,1,0,correct_report,9,0
4,DTXSID1020930,(-)-Nicotine,2,0,9,21,1,0,correct_report,9,0,1,0,correct_report,9,0,1,0,correct_report,9,0
4,DTXSID1020930,(-)-Nicotine,3,0,9,21,1,0,correct_report,9,0,1,0,correct_report,9,0,1,0,correct_report,9,0
4,DTXSID1020930,(-)-Nicotine,4,0,9,21,1,0,correct_report,9,0,1,0,correct_report,9,0,1,0,correct_report,9,0
4,DTXSID0020573,17beta-Estradiol,0,0,21,63,1,0,correct_report,21,0,1,1,wrong_report,21,1,1,1,wrong_report,21,1
4,DTXSID0020573,17beta-Estradiol,1,0,27,63,1,1,wrong_report,27,1,1,1,wrong_report,27,1,1,1,wrong_report,27,1
4,DTXSID0020573,17beta-Estradiol,2,0,27,63,1,1,wrong_report,27,1,1,1,wrong_report,27,1,1,1,wrong_report,27,1
4,DTXSID0020573,17beta-Estradiol,3,0,24,63,1,0,correct_report,24,0,1,0,correct_report,24,0,1,0,correct_report,24,0
4,DTXSID0020573,17beta-Estradiol,4,0,27,63,1,1,wrong_report,27,1,1,1,wrong_report,27,1,1,1,wrong_report,27,1
4,DTXSID8022325,"2,2-Bis(4-hydroxyphenyl)-1,1,1-trichloroethane",0,0,9,21,1,0,correct_report,9,0,1,0,correct_report,9,0,1,0,correct_report,9,0
4,DTXSID8022325,"2,2-Bis(4-hydroxyphenyl)-1,1,1-trichloroethane",1,0,9,21,1,0,correct_report,9,0,1,0,correct_report,9,0,1,0,correct_report,9,0
4,DTXSID8022325,"2,2-Bis(4-hydroxyphenyl)-1,1,1-trichloroethane",2,0,9,21,1,0,correct_report,9,0,1,0,correct_report,9,0,1,0,correct_report,9,0
4,DTXSID8022325,"2,2-Bis(4-hydroxyphenyl)-1,1,1-trichloroethane",3,0,9,21,1,0,correct_report,9,0,0,0,fallback,21,1,0,0,fallback,21,1
4,DTXSID8022325,"2,2-Bis(4-hydroxyphenyl)-1,1,1-trichloroethane",4,0,9,21,1,0,correct_report,9,0,0,0,fallback,21,1,0,0,fallback,21,1
4,DTXSID3022409,"4,4'-Sulfonyldiphenol",0,0,9,21,1,1,wrong_report,9,1,1,1,wrong_report,9,1,1,1,wrong_report,9,1
4,DTXSID3022409,"4,4'-Sulfonyldiphenol",1,0,9,21,1,0,correct_report,9,0,1,0,correct_report,9,0,1,0,correct_report,9,0
4,DTXSID3022409,"4,4'-Sulfonyldiphenol",2,0,9,21,1,0,correct_report,9,0,1,0,correct_report,9,0,1,0,correct_report,9,0
4,DTXSID3022409,"4,4'-Sulfonyldiphenol",3,0,9,21,1,0,correct_report,9,0,1,0,correct_report,9,0,1,0,correct_report,9,0
4,DTXSID3022409,"4,4'-Sulfonyldiphenol",4,0,9,21,1,1,wrong_report,9,1,1,1,wrong_report,9,1,1,1,wrong_report,9,1
4,DTXSID5051446,6-aminopyridine-3-carboxamide,0,0,9,21,1,0,correct_report,9,0,1,0,correct_report,9,0,1,0,correct_report,9,0
4,DTXSID5051446,6-aminopyridine-3-carboxamide,1,0,9,21,1,0,correct_report,9,0,1,0,correct_report,9,0,1,0,correct_report,9,0
4,DTXSID5051446,6-aminopyridine-3-carboxamide,2,0,9,21,1,0,correct_report,9,0,1,0,correct_report,9,0,1,0,correct_report,9,0
4,DTXSID5051446,6-aminopyridine-3-carboxamide,3,0,9,21,1,0,correct_report,9,0,1,0,correct_report,9,0,1,0,correct_report,9,0
4,DTXSID5051446,6-aminopyridine-3-carboxamide,4,0,9,21,1,0,correct_report,9,0,1,0,correct_report,9,0,1,0,correct_report,9,0
4,DTXSID0034300,Acetamiprid,0,0,9,21,1,1,wrong_report,9,1,1,1,wrong_report,9,1,1,1,wrong_report,9,1
4,DTXSID0034300,Acetamiprid,1,0,9,21,1,0,correct_report,9,0,1,0,correct_report,9,0,1,0,correct_report,9,0
4,DTXSID0034300,Acetamiprid,2,0,9,21,1,1,wrong_report,9,1,1,1,wrong_report,9,1,1,1,wrong_report,9,1
4,DTXSID0034300,Acetamiprid,3,0,9,21,1,1,wrong_report,9,1,1,1,wrong_report,9,1,1,1,wrong_report,9,1
4,DTXSID0034300,Acetamiprid,4,0,9,21,1,1,wrong_report,9,1,1,1,wrong_report,9,1,1,1,wrong_report,9,1
4,DTXSID9020112,Atrazine,0,1,9,21,1,0,correct_report,9,0,1,0,correct_report,9,0,1,0,correct_report,9,0
4,DTXSID9020112,Atrazine,1,1,9,21,1,0,correct_report,9,0,1,0,correct_report,9,0,1,0,correct_report,9,0
4,DTXSID9020112,Atrazine,2,1,9,21,1,0,correct_report,9,0,1,0,correct_report,9,0,1,0,correct_report,9,0
4,DTXSID9020112,Atrazine,3,1,9,21,1,0,correct_report,9,0,1,0,correct_report,9,0,1,0,correct_report,9,0
4,DTXSID9020112,Atrazine,4,1,9,21,1,0,correct_report,9,0,1,0,correct_report,9,0,1,0,correct_report,9,0
4,DTXSID9032329,Bensulide,0,0,18,42,1,0,correct_report,18,0,1,0,correct_report,18,0,1,0,correct_report,18,0
4,DTXSID9032329,Bensulide,1,0,18,42,1,0,correct_report,18,0,1,1,wrong_report,18,1,1,1,wrong_report,18,1
4,DTXSID9032329,Bensulide,2,0,18,42,1,0,correct_report,18,0,1,0,correct_report,18,0,1,0,correct_report,18,0
4,DTXSID9032329,Bensulide,3,0,18,42,1,0,correct_report,18,0,1,0,correct_report,18,0,1,0,correct_report,18,0
4,DTXSID9032329,Bensulide,4,0,18,42,1,0,correct_report,18,0,1,0,correct_report,18,0,1,0,correct_report,18,0
4,DTXSID2047276,CP-409092,0,0,9,21,1,0,correct_report,9,0,1,0,correct_report,9,0,1,0,correct_report,9,0
4,DTXSID2047276,CP-409092,1,0,9,21,1,0,correct_report,9,0,1,0,correct_report,9,0,1,0,correct_report,9,0
4,DTXSID2047276,CP-409092,2,0,9,21,1,0,correct_report,9,0,1,0,correct_report,9,0,1,0,correct_report,9,0
4,DTXSID2047276,CP-409092,3,0,9,21,1,0,correct_report,9,0,1,0,correct_report,9,0,1,0,correct_report,9,0
4,DTXSID2047276,CP-409092,4,0,9,21,1,0,correct_report,9,0,1,0,correct_report,9,0,1,0,correct_report,9,0
4,DTXSID1037197,Captopril,0,0,9,21,1,0,correct_report,9,0,1,0,correct_report,9,0,1,0,correct_report,9,0
4,DTXSID1037197,Captopril,1,0,9,21,1,0,correct_report,9,0,1,0,correct_report,9,0,1,0,correct_report,9,0
4,DTXSID1037197,Captopril,2,0,9,21,1,1,wrong_report,9,1,1,1,wrong_report,9,1,1,1,wrong_report,9,1
4,DTXSID1037197,Captopril,3,0,9,21,1,0,correct_report,9,0,1,0,correct_report,9,0,1,0,correct_report,9,0
4,DTXSID1037197,Captopril,4,0,9,21,1,0,correct_report,9,0,1,0,correct_report,9,0,1,0,correct_report,9,0
4,DTXSID2032344,Chlorethoxyfos,0,0,9,21,1,1,wrong_report,9,1,1,1,wrong_report,9,1,1,1,wrong_report,9,1
4,DTXSID2032344,Chlorethoxyfos,1,0,9,21,1,0,correct_report,9,0,1,0,correct_report,9,0,1,0,correct_report,9,0
4,DTXSID2032344,Chlorethoxyfos,2,0,9,21,1,0,correct_report,9,0,1,0,correct_report,9,0,1,0,correct_report,9,0
4,DTXSID2032344,Chlorethoxyfos,3,0,9,21,1,0,correct_report,9,0,1,0,correct_report,9,0,1,0,correct_report,9,0
4,DTXSID2032344,Chlorethoxyfos,4,0,9,21,1,1,wrong_report,9,1,1,1,wrong_report,9,1,1,1,wrong_report,9,1
4,DTXSID1038666,Chlorpyrifos oxon,0,0,18,42,1,0,correct_report,18,0,0,0,fallback,42,1,0,0,fallback,42,1
4,DTXSID1038666,Chlorpyrifos oxon,1,0,18,42,1,0,correct_report,18,0,1,1,wrong_report,18,1,1,1,wrong_report,18,1
4,DTXSID1038666,Chlorpyrifos oxon,2,0,18,42,1,0,correct_report,18,0,1,0,correct_report,18,0,1,0,correct_report,18,0
4,DTXSID1038666,Chlorpyrifos oxon,3,0,15,42,1,0,correct_report,15,0,0,0,fallback,42,1,0,0,fallback,42,1
4,DTXSID1038666,Chlorpyrifos oxon,4,0,15,42,1,1,wrong_report,15,1,0,0,fallback,42,1,0,0,fallback,42,1
4,DTXSID0022432,Chrysene,0,1,9,21,1,0,correct_report,9,0,1,0,correct_report,9,0,1,0,correct_report,9,0
4,DTXSID0022432,Chrysene,1,1,9,21,1,0,correct_report,9,0,1,0,correct_report,9,0,1,0,correct_report,9,0
4,DTXSID0022432,Chrysene,2,1,9,21,1,0,correct_report,9,0,1,0,correct_report,9,0,1,0,correct_report,9,0
4,DTXSID0022432,Chrysene,3,1,9,21,1,0,correct_report,9,0,1,0,correct_report,9,0,1,0,correct_report,9,0
4,DTXSID0022432,Chrysene,4,1,9,21,0,0,fallback,21,0,1,0,correct_report,9,0,1,0,correct_report,9,0
4,DTXSID8044175,Clove leaf oil,0,0,9,21,1,0,correct_report,9,0,1,0,correct_report,9,0,1,0,correct_report,9,0
4,DTXSID8044175,Clove leaf oil,1,0,9,21,1,0,correct_report,9,0,1,0,correct_report,9,0,1,0,correct_report,9,0
4,DTXSID8044175,Clove leaf oil,2,0,9,21,1,0,correct_report,9,0,1,0,correct_report,9,0,1,0,correct_report,9,0
4,DTXSID8044175,Clove leaf oil,3,0,9,21,1,0,correct_report,9,0,1,0,correct_report,9,0,1,0,correct_report,9,0
4,DTXSID8044175,Clove leaf oil,4,0,9,21,1,0,correct_report,9,0,1,0,correct_report,9,0,1,0,correct_report,9,0
4,DTXSID1047576,Cotinine,0,1,18,42,1,0,correct_report,18,0,1,0,correct_report,18,0,1,0,correct_report,18,0
4,DTXSID1047576,Cotinine,1,1,18,42,1,0,correct_report,18,0,1,0,correct_report,18,0,1,0,correct_report,18,0
4,DTXSID1047576,Cotinine,2,1,18,42,1,0,correct_report,18,0,1,0,correct_report,18,0,1,0,correct_report,18,0
4,DTXSID1047576,Cotinine,3,1,18,42,1,0,correct_report,18,0,1,0,correct_report,18,0,1,0,correct_report,18,0
4,DTXSID1047576,Cotinine,4,1,18,42,1,0,correct_report,18,0,1,0,correct_report,18,0,1,0,correct_report,18,0
4,DTXSID2020347,Coumaphos,0,0,9,21,1,0,correct_report,9,0,1,0,correct_report,9,0,1,0,correct_report,9,0
4,DTXSID2020347,Coumaphos,1,0,9,21,1,0,correct_report,9,0,1,1,wrong_report,9,1,1,1,wrong_report,9,1
4,DTXSID2020347,Coumaphos,2,0,9,21,0,0,fallback,21,0,1,1,wrong_report,9,1,1,1,wrong_report,9,1
4,DTXSID2020347,Coumaphos,3,0,9,21,1,0,correct_report,9,0,1,0,correct_report,9,0,1,0,correct_report,9,0
4,DTXSID2020347,Coumaphos,4,0,9,21,1,0,correct_report,9,0,1,0,correct_report,9,0,1,0,correct_report,9,0
4,DTXSID1023998,Cypermethrin,0,0,9,21,1,0,correct_report,9,0,1,0,correct_report,9,0,1,0,correct_report,9,0
4,DTXSID1023998,Cypermethrin,1,0,9,21,1,0,correct_report,9,0,1,0,correct_report,9,0,1,0,correct_report,9,0
4,DTXSID1023998,Cypermethrin,2,0,9,21,1,0,correct_report,9,0,1,0,correct_report,9,0,1,0,correct_report,9,0
4,DTXSID1023998,Cypermethrin,3,0,9,21,1,0,correct_report,9,0,1,0,correct_report,9,0,1,0,correct_report,9,0
4,DTXSID1023998,Cypermethrin,4,0,9,21,1,0,correct_report,9,0,1,0,correct_report,9,0,1,0,correct_report,9,0
4,DTXSID5023588,D-Glucitol,0,1,27,63,1,0,correct_report,27,0,1,0,correct_report,27,0,1,0,correct_report,27,0
4,DTXSID5023588,D-Glucitol,1,1,27,63,1,0,correct_report,27,0,1,0,correct_report,27,0,1,0,correct_report,27,0
4,DTXSID5023588,D-Glucitol,2,1,18,63,1,0,correct_report,18,0,1,0,correct_report,18,0,1,0,correct_report,18,0
4,DTXSID5023588,D-Glucitol,3,1,24,63,1,0,correct_report,24,0,1,0,correct_report,24,0,1,0,correct_report,24,0
4,DTXSID5023588,D-Glucitol,4,1,27,63,1,0,correct_report,27,0,1,0,correct_report,27,0,1,0,correct_report,27,0
4,DTXSID2057865,Dextroamphetamine sulfate,0,0,9,21,1,0,correct_report,9,0,1,0,correct_report,9,0,1,0,correct_report,9,0
4,DTXSID2057865,Dextroamphetamine sulfate,1,0,9,21,1,0,correct_report,9,0,1,0,correct_report,9,0,1,0,correct_report,9,0
4,DTXSID2057865,Dextroamphetamine sulfate,2,0,9,21,1,0,correct_report,9,0,1,0,correct_report,9,0,1,0,correct_report,9,0
4,DTXSID2057865,Dextroamphetamine sulfate,3,0,9,21,1,0,correct_report,9,0,1,0,correct_report,9,0,1,0,correct_report,9,0
4,DTXSID2057865,Dextroamphetamine sulfate,4,0,9,21,1,0,correct_report,9,0,1,0,correct_report,9,0,1,0,correct_report,9,0
4,DTXSID5020607,Di(2-ethylhexyl) phthalate,0,0,24,63,1,0,correct_report,24,0,1,0,correct_report,24,0,1,0,correct_report,24,0
4,DTXSID5020607,Di(2-ethylhexyl) phthalate,1,0,27,63,1,0,correct_report,27,0,0,0,fallback,63,1,0,0,fallback,63,1
4,DTXSID5020607,Di(2-ethylhexyl) phthalate,2,0,24,63,1,0,correct_report,24,0,1,0,correct_report,24,0,1,0,correct_report,24,0
4,DTXSID5020607,Di(2-ethylhexyl) phthalate,3,0,27,63,1,0,correct_report,27,0,1,1,wrong_report,27,1,1,1,wrong_report,27,1
4,DTXSID5020607,Di(2-ethylhexyl) phthalate,4,0,24,63,1,0,correct_report,24,0,1,0,correct_report,24,0,1,0,correct_report,24,0
4,DTXSID9020407,Diazinon,0,0,9,21,1,0,correct_report,9,0,1,0,correct_report,9,0,1,0,correct_report,9,0
4,DTXSID9020407,Diazinon,1,0,9,21,1,0,correct_report,9,0,1,0,correct_report,9,0,1,0,correct_report,9,0
4,DTXSID9020407,Diazinon,2,0,9,21,0,0,fallback,21,1,1,1,wrong_report,9,1,1,1,wrong_report,9,1
4,DTXSID9020407,Diazinon,3,0,9,21,1,0,correct_report,9,0,1,0,correct_report,9,0,1,0,correct_report,9,0
4,DTXSID9020407,Diazinon,4,0,9,21,1,0,correct_report,9,0,1,1,wrong_report,9,1,1,1,wrong_report,9,1
4,DTXSID9020453,Dieldrin,0,0,9,21,1,0,correct_report,9,0,1,0,correct_report,9,0,1,0,correct_report,9,0
4,DTXSID9020453,Dieldrin,1,0,9,21,1,0,correct_report,9,0,1,0,correct_report,9,0,1,0,correct_report,9,0
4,DTXSID9020453,Dieldrin,2,0,9,21,1,0,correct_report,9,0,1,0,correct_report,9,0,1,0,correct_report,9,0
4,DTXSID9020453,Dieldrin,3,0,9,21,1,0,correct_report,9,0,1,0,correct_report,9,0,1,0,correct_report,9,0
4,DTXSID9020453,Dieldrin,4,0,9,21,1,0,correct_report,9,0,1,0,correct_report,9,0,1,0,correct_report,9,0
4,DTXSID4020537,Diphenhydramine hydrochloride,0,0,9,21,1,0,correct_report,9,0,1,0,correct_report,9,0,1,0,correct_report,9,0
4,DTXSID4020537,Diphenhydramine hydrochloride,1,0,9,21,1,0,correct_report,9,0,1,0,correct_report,9,0,1,0,correct_report,9,0
4,DTXSID4020537,Diphenhydramine hydrochloride,2,0,9,21,1,0,correct_report,9,0,1,0,correct_report,9,0,1,0,correct_report,9,0
4,DTXSID4020537,Diphenhydramine hydrochloride,3,0,9,21,1,0,correct_report,9,0,1,0,correct_report,9,0,1,0,correct_report,9,0
4,DTXSID4020537,Diphenhydramine hydrochloride,4,0,9,21,1,0,correct_report,9,0,1,0,correct_report,9,0,1,0,correct_report,9,0
4,DTXSID0034930,Fosthiazate,0,1,9,21,1,0,correct_report,9,0,1,0,correct_report,9,0,1,0,correct_report,9,0
4,DTXSID0034930,Fosthiazate,1,1,9,21,1,1,wrong_report,9,1,1,0,correct_report,9,0,1,0,correct_report,9,0
4,DTXSID0034930,Fosthiazate,2,1,9,21,1,0,correct_report,9,0,1,0,correct_report,9,0,1,0,correct_report,9,0
4,DTXSID0034930,Fosthiazate,3,1,9,21,1,0,correct_report,9,0,1,0,correct_report,9,0,1,0,correct_report,9,0
4,DTXSID0034930,Fosthiazate,4,1,9,21,1,0,correct_report,9,0,1,0,correct_report,9,0,1,0,correct_report,9,0
4,DTXSID1024126,Heptachlor epoxide B,0,0,18,42,1,1,wrong_report,18,1,0,0,fallback,42,1,0,0,fallback,42,1
4,DTXSID1024126,Heptachlor epoxide B,1,0,18,42,1,0,correct_report,18,0,0,0,fallback,42,1,0,0,fallback,42,1
4,DTXSID1024126,Heptachlor epoxide B,2,0,18,42,1,1,wrong_report,18,1,0,0,fallback,42,1,0,0,fallback,42,1
4,DTXSID1024126,Heptachlor epoxide B,3,0,18,42,1,0,correct_report,18,0,1,0,correct_report,18,0,1,0,correct_report,18,0
4,DTXSID1024126,Heptachlor epoxide B,4,0,18,42,1,0,correct_report,18,0,1,0,correct_report,18,0,1,0,correct_report,18,0
4,DTXSID5032442,Imidacloprid,0,0,9,21,1,0,correct_report,9,0,1,1,wrong_report,9,1,1,1,wrong_report,9,1
4,DTXSID5032442,Imidacloprid,1,0,9,21,1,0,correct_report,9,0,1,1,wrong_report,9,1,1,1,wrong_report,9,1
4,DTXSID5032442,Imidacloprid,2,0,9,21,1,1,wrong_report,9,1,1,1,wrong_report,9,1,1,1,wrong_report,9,1
4,DTXSID5032442,Imidacloprid,3,0,9,21,1,0,correct_report,9,0,1,0,correct_report,9,0,1,0,correct_report,9,0
4,DTXSID5032442,Imidacloprid,4,0,9,21,1,0,correct_report,9,0,1,0,correct_report,9,0,1,0,correct_report,9,0
4,DTXSID3025465,Isodecyl diphenyl phosphate,0,1,9,21,1,0,correct_report,9,0,1,0,correct_report,9,0,1,0,correct_report,9,0
4,DTXSID3025465,Isodecyl diphenyl phosphate,1,1,9,21,1,0,correct_report,9,0,1,0,correct_report,9,0,1,0,correct_report,9,0
4,DTXSID3025465,Isodecyl diphenyl phosphate,2,1,9,21,1,0,correct_report,9,0,1,0,correct_report,9,0,1,0,correct_report,9,0
4,DTXSID3025465,Isodecyl diphenyl phosphate,3,1,9,21,1,0,correct_report,9,0,1,0,correct_report,9,0,1,0,correct_report,9,0
4,DTXSID3025465,Isodecyl diphenyl phosphate,4,1,9,21,1,0,correct_report,9,0,1,0,correct_report,9,0,1,0,correct_report,9,0
4,DTXSID1020770,Kepone,0,0,9,21,1,0,correct_report,9,0,1,0,correct_report,9,0,1,0,correct_report,9,0
4,DTXSID1020770,Kepone,1,0,9,21,1,0,correct_report,9,0,1,0,correct_report,9,0,1,0,correct_report,9,0
4,DTXSID1020770,Kepone,2,0,9,21,1,0,correct_report,9,0,1,0,correct_report,9,0,1,0,correct_report,9,0
4,DTXSID1020770,Kepone,3,0,9,21,1,0,correct_report,9,0,1,0,correct_report,9,0,1,0,correct_report,9,0
4,DTXSID1020770,Kepone,4,0,9,21,1,0,correct_report,9,0,1,0,correct_report,9,0,1,0,correct_report,9,0
4,DTXSID4020820,Methimazole,0,0,9,21,1,0,correct_report,9,0,0,0,fallback,21,1,0,0,fallback,21,1
4,DTXSID4020820,Methimazole,1,0,9,21,1,0,correct_report,9,0,1,0,correct_report,9,0,1,0,correct_report,9,0
4,DTXSID4020820,Methimazole,2,0,9,21,1,0,correct_report,9,0,0,0,fallback,21,1,0,0,fallback,21,1
4,DTXSID4020820,Methimazole,3,0,9,21,1,0,correct_report,9,0,0,0,fallback,21,1,0,0,fallback,21,1
4,DTXSID4020820,Methimazole,4,0,9,21,1,0,correct_report,9,0,0,0,fallback,21,1,0,0,fallback,21,1
4,DTXSID6024206,Molinate,0,0,9,21,1,0,correct_report,9,0,1,0,correct_report,9,0,1,0,correct_report,9,0
4,DTXSID6024206,Molinate,1,0,9,21,1,0,correct_report,9,0,1,0,correct_report,9,0,1,0,correct_report,9,0
4,DTXSID6024206,Molinate,2,0,9,21,1,0,correct_report,9,0,1,0,correct_report,9,0,1,0,correct_report,9,0
4,DTXSID6024206,Molinate,3,0,9,21,1,0,correct_report,9,0,1,0,correct_report,9,0,1,0,correct_report,9,0
4,DTXSID6024206,Molinate,4,0,9,21,1,0,correct_report,9,0,1,0,correct_report,9,0,1,0,correct_report,9,0
4,DTXSID6032562,Octylbicycloheptenedicarboximide,0,0,9,21,1,0,correct_report,9,0,1,0,correct_report,9,0,1,0,correct_report,9,0
4,DTXSID6032562,Octylbicycloheptenedicarboximide,1,0,9,21,1,0,correct_report,9,0,1,0,correct_report,9,0,1,0,correct_report,9,0
4,DTXSID6032562,Octylbicycloheptenedicarboximide,2,0,9,21,1,0,correct_report,9,0,1,0,correct_report,9,0,1,0,correct_report,9,0
4,DTXSID6032562,Octylbicycloheptenedicarboximide,3,0,9,21,1,0,correct_report,9,0,0,0,fallback,21,0,0,0,fallback,21,0
4,DTXSID6032562,Octylbicycloheptenedicarboximide,4,0,9,21,1,0,correct_report,9,0,1,0,correct_report,9,0,1,0,correct_report,9,0
4,DTXSID7024243,Paraquat dichloride,0,0,9,21,1,0,correct_report,9,0,1,0,correct_report,9,0,1,0,correct_report,9,0
4,DTXSID7024243,Paraquat dichloride,1,0,9,21,1,0,correct_report,9,0,1,0,correct_report,9,0,1,0,correct_report,9,0
4,DTXSID7024243,Paraquat dichloride,2,0,9,21,1,0,correct_report,9,0,1,0,correct_report,9,0,1,0,correct_report,9,0
4,DTXSID7024243,Paraquat dichloride,3,0,9,21,1,0,correct_report,9,0,0,0,fallback,21,1,0,0,fallback,21,1
4,DTXSID7024243,Paraquat dichloride,4,0,9,21,1,0,correct_report,9,0,1,0,correct_report,9,0,1,0,correct_report,9,0
4,DTXSID8047553,Perfluoroundecanoic acid,0,1,9,21,1,0,correct_report,9,0,1,0,correct_report,9,0,1,0,correct_report,9,0
4,DTXSID8047553,Perfluoroundecanoic acid,1,1,9,21,1,0,correct_report,9,0,1,0,correct_report,9,0,1,0,correct_report,9,0
4,DTXSID8047553,Perfluoroundecanoic acid,2,1,9,21,1,0,correct_report,9,0,1,0,correct_report,9,0,1,0,correct_report,9,0
4,DTXSID8047553,Perfluoroundecanoic acid,3,1,9,21,1,1,wrong_report,9,1,1,0,correct_report,9,0,1,0,correct_report,9,0
4,DTXSID8047553,Perfluoroundecanoic acid,4,1,9,21,1,0,correct_report,9,0,1,0,correct_report,9,0,1,0,correct_report,9,0
4,DTXSID7021150,Phenylmercuric acetate,0,0,12,42,1,0,correct_report,12,0,1,0,correct_report,12,0,1,0,correct_report,12,0
4,DTXSID7021150,Phenylmercuric acetate,1,0,9,42,1,0,correct_report,9,0,1,0,correct_report,9,0,1,0,correct_report,9,0
4,DTXSID7021150,Phenylmercuric acetate,2,0,12,42,1,0,correct_report,12,0,1,0,correct_report,12,0,1,0,correct_report,12,0
4,DTXSID7021150,Phenylmercuric acetate,3,0,12,42,1,0,correct_report,12,0,1,0,correct_report,12,0,1,0,correct_report,12,0
4,DTXSID7021150,Phenylmercuric acetate,4,0,12,42,1,0,correct_report,12,0,1,0,correct_report,12,0,1,0,correct_report,12,0
4,DTXSID5024261,Phosmet,0,0,9,21,1,0,correct_report,9,0,1,0,correct_report,9,0,1,0,correct_report,9,0
4,DTXSID5024261,Phosmet,1,0,9,21,1,0,correct_report,9,0,1,1,wrong_report,9,1,1,1,wrong_report,9,1
4,DTXSID5024261,Phosmet,2,0,9,21,1,0,correct_report,9,0,1,0,correct_report,9,0,1,0,correct_report,9,0
4,DTXSID5024261,Phosmet,3,0,9,21,1,0,correct_report,9,0,1,0,correct_report,9,0,1,0,correct_report,9,0
4,DTXSID5024261,Phosmet,4,0,9,21,1,0,correct_report,9,0,1,0,correct_report,9,0,1,0,correct_report,9,0
4,DTXSID9047542,Picoxystrobin,0,0,9,42,1,0,correct_report,9,0,1,0,correct_report,9,0,1,0,correct_report,9,0
4,DTXSID9047542,Picoxystrobin,1,0,15,42,1,0,correct_report,15,0,1,0,correct_report,15,0,1,0,correct_report,15,0
4,DTXSID9047542,Picoxystrobin,2,0,18,42,1,0,correct_report,18,0,1,0,correct_report,18,0,1,0,correct_report,18,0
4,DTXSID9047542,Picoxystrobin,3,0,12,42,1,0,correct_report,12,0,1,0,correct_report,12,0,1,0,correct_report,12,0
4,DTXSID9047542,Picoxystrobin,4,0,12,42,1,0,correct_report,12,0,1,0,correct_report,12,0,1,0,correct_report,12,0
4,DTXSID7022253,Resmethrin,0,0,9,21,1,1,wrong_report,9,1,1,1,wrong_report,9,1,1,1,wrong_report,9,1
4,DTXSID7022253,Resmethrin,1,0,9,21,1,1,wrong_report,9,1,1,1,wrong_report,9,1,1,1,wrong_report,9,1
4,DTXSID7022253,Resmethrin,2,0,9,21,1,1,wrong_report,9,1,1,1,wrong_report,9,1,1,1,wrong_report,9,1
4,DTXSID7022253,Resmethrin,3,0,9,21,1,0,correct_report,9,0,1,0,correct_report,9,0,1,0,correct_report,9,0
4,DTXSID7022253,Resmethrin,4,0,9,21,1,1,wrong_report,9,1,1,1,wrong_report,9,1,1,1,wrong_report,9,1
4,DTXSID7021239,Retinoic acid,0,0,9,21,1,0,correct_report,9,0,1,0,correct_report,9,0,1,0,correct_report,9,0
4,DTXSID7021239,Retinoic acid,1,0,9,21,1,0,correct_report,9,0,1,0,correct_report,9,0,1,0,correct_report,9,0
4,DTXSID7021239,Retinoic acid,2,0,9,21,1,0,correct_report,9,0,1,0,correct_report,9,0,1,0,correct_report,9,0
4,DTXSID7021239,Retinoic acid,3,0,9,21,1,0,correct_report,9,0,1,0,correct_report,9,0,1,0,correct_report,9,0
4,DTXSID7021239,Retinoic acid,4,0,9,21,1,0,correct_report,9,0,1,0,correct_report,9,0,1,0,correct_report,9,0
4,DTXSID6021248,Rotenone,0,0,15,84,1,0,correct_report,15,0,1,0,correct_report,15,0,1,0,correct_report,15,0
4,DTXSID6021248,Rotenone,1,0,18,84,1,0,correct_report,18,0,1,0,correct_report,18,0,1,0,correct_report,18,0
4,DTXSID6021248,Rotenone,2,0,18,84,1,0,correct_report,18,0,1,0,correct_report,18,0,1,0,correct_report,18,0
4,DTXSID6021248,Rotenone,3,0,18,84,1,0,correct_report,18,0,1,0,correct_report,18,0,1,0,correct_report,18,0
4,DTXSID6021248,Rotenone,4,0,18,84,1,0,correct_report,18,0,1,0,correct_report,18,0,1,0,correct_report,18,0
4,DTXSID2037269,Sodium orthovanadate,0,0,25,73,1,0,correct_report,25,0,1,0,correct_report,25,0,1,0,correct_report,25,0
4,DTXSID2037269,Sodium orthovanadate,1,0,26,73,1,0,correct_report,26,0,1,0,correct_report,26,0,1,0,correct_report,26,0
4,DTXSID2037269,Sodium orthovanadate,2,0,30,73,1,0,correct_report,30,0,1,0,correct_report,30,0,1,0,correct_report,30,0
4,DTXSID2037269,Sodium orthovanadate,3,0,26,73,1,0,correct_report,26,0,1,0,correct_report,26,0,1,0,correct_report,26,0
4,DTXSID2037269,Sodium orthovanadate,4,0,28,73,1,0,correct_report,28,0,1,0,correct_report,28,0,1,0,correct_report,28,0
4,DTXSID1032482,Tebupirimfos,0,0,9,21,1,1,wrong_report,9,1,1,1,wrong_report,9,1,1,1,wrong_report,9,1
4,DTXSID1032482,Tebupirimfos,1,0,9,21,1,1,wrong_report,9,1,1,1,wrong_report,9,1,1,1,wrong_report,9,1
4,DTXSID1032482,Tebupirimfos,2,0,9,21,1,1,wrong_report,9,1,1,1,wrong_report,9,1,1,1,wrong_report,9,1
4,DTXSID1032482,Tebupirimfos,3,0,9,21,1,1,wrong_report,9,1,1,1,wrong_report,9,1,1,1,wrong_report,9,1
4,DTXSID1032482,Tebupirimfos,4,0,9,21,1,0,correct_report,9,0,1,1,wrong_report,9,1,1,1,wrong_report,9,1
4,DTXSID1021952,Triphenyl phosphate,0,0,15,35,1,0,correct_report,15,0,1,0,correct_report,15,0,1,0,correct_report,15,0
4,DTXSID1021952,Triphenyl phosphate,1,0,15,35,1,0,correct_report,15,0,0,0,fallback,35,1,0,0,fallback,35,1
4,DTXSID1021952,Triphenyl phosphate,2,0,15,35,1,0,correct_report,15,0,1,0,correct_report,15,0,1,0,correct_report,15,0
4,DTXSID1021952,Triphenyl phosphate,3,0,15,35,1,0,correct_report,15,0,1,0,correct_report,15,0,1,0,correct_report,15,0
4,DTXSID1021952,Triphenyl phosphate,4,0,15,35,1,0,correct_report,15,0,1,0,correct_report,15,0,1,0,correct_report,15,0
4,DTXSID0026252,Triphenyl phosphite,0,1,9,21,1,0,correct_report,9,0,1,0,correct_report,9,0,1,0,correct_report,9,0
4,DTXSID0026252,Triphenyl phosphite,1,1,9,21,1,0,correct_report,9,0,1,0,correct_report,9,0,1,0,correct_report,9,0
4,DTXSID0026252,Triphenyl phosphite,2,1,9,21,1,0,correct_report,9,0,1,0,correct_report,9,0,1,0,correct_report,9,0
4,DTXSID0026252,Triphenyl phosphite,3,1,9,21,1,0,correct_report,9,0,1,0,correct_report,9,0,1,0,correct_report,9,0
4,DTXSID0026252,Triphenyl phosphite,4,1,9,21,1,0,correct_report,9,0,1,0,correct_report,9,0,1,0,correct_report,9,0
4,DTXSID5026259,Tris(2-chloroisopropyl)phosphate,0,1,9,21,1,0,correct_report,9,0,1,0,correct_report,9,0,1,0,correct_report,9,0
4,DTXSID5026259,Tris(2-chloroisopropyl)phosphate,1,1,9,21,1,0,correct_report,9,0,1,0,correct_report,9,0,1,0,correct_report,9,0
4,DTXSID5026259,Tris(2-chloroisopropyl)phosphate,2,1,9,21,1,0,correct_report,9,0,1,0,correct_report,9,0,1,0,correct_report,9,0
4,DTXSID5026259,Tris(2-chloroisopropyl)phosphate,3,1,9,21,1,0,correct_report,9,0,1,0,correct_report,9,0,1,0,correct_report,9,0
4,DTXSID5026259,Tris(2-chloroisopropyl)phosphate,4,1,9,21,1,0,correct_report,9,0,1,0,correct_report,9,0,1,0,correct_report,9,0
4,DTXSID9041150,Valinomycin,0,0,12,42,1,0,correct_report,12,0,1,0,correct_report,12,0,1,0,correct_report,12,0
4,DTXSID9041150,Valinomycin,1,0,12,42,1,0,correct_report,12,0,1,0,correct_report,12,0,1,0,correct_report,12,0
4,DTXSID9041150,Valinomycin,2,0,9,42,1,0,correct_report,9,0,1,0,correct_report,9,0,1,0,correct_report,9,0
4,DTXSID9041150,Valinomycin,3,0,9,42,1,0,correct_report,9,0,1,0,correct_report,9,0,1,0,correct_report,9,0
4,DTXSID9041150,Valinomycin,4,0,12,42,1,0,correct_report,12,0,1,0,correct_report,12,0,1,0,correct_report,12,0
4,DTXSID6024701,tert-Butylphenyl diphenyl phosphate,0,0,9,21,1,0,correct_report,9,0,1,0,correct_report,9,0,1,0,correct_report,9,0
4,DTXSID6024701,tert-Butylphenyl diphenyl phosphate,1,0,9,21,1,0,correct_report,9,0,1,0,correct_report,9,0,1,0,correct_report,9,0
4,DTXSID6024701,tert-Butylphenyl diphenyl phosphate,2,0,9,21,1,0,correct_report,9,0,1,0,correct_report,9,0,1,0,correct_report,9,0
4,DTXSID6024701,tert-Butylphenyl diphenyl phosphate,3,0,9,21,1,0,correct_report,9,0,1,0,correct_report,9,0,1,0,correct_report,9,0
4,DTXSID6024701,tert-Butylphenyl diphenyl phosphate,4,0,9,21,1,0,correct_report,9,0,1,0,correct_report,9,0,1,0,correct_report,9,0
