chemical,fold,k,method,label,curve_mae,well_mae
1-Ethyl-3-methyl-1H-imidazol-3-ium diethyl phosphate,0,1,anchorboost,unknown,1.0963265010735648,1.5884441265921523
1-Ethyl-3-methyl-1H-imidazol-3-ium diethyl phosphate,0,1,loglinear_interp,unknown,1.163782262802124,1.5868684291839599
1-Ethyl-3-methyl-1H-imidazol-3-ium diethyl phosphate,0,1,hill_per_endpoint,unknown,1.163782262802124,1.5868684291839599
1-Ethyl-3-methyl-1H-imidazol-3-ium diethyl phosphate,0,1,analog_knn,unknown,1.3083415269851684,1.7584285020828248
"1H,1H,2H,2H-Perfluorooctyl iodide",0,1,anchorboost,unknown,0.6942032283733459,1.1833024542338257
"1H,1H,2H,2H-Perfluorooctyl iodide",0,1,loglinear_interp,unknown,0.8887639284133911,1.3023942232131958
"1H,1H,2H,2H-Perfluorooctyl iodide",0,1,hill_per_endpoint,unknown,0.8887639284133911,1.3023942232131958
"1H,1H,2H,2H-Perfluorooctyl iodide",0,1,analog_knn,unknown,0.7876800298690796,1.2623310327529906
"2,2',4,4',5,5'-Hexabromodiphenyl ether",0,1,anchorboost,positive,1.4627399167094415,2.024445294005243
"2,2',4,4',5,5'-Hexabromodiphenyl ether",0,1,loglinear_interp,positive,1.6979469060897827,2.1962831258773803
"2,2',4,4',5,5'-Hexabromodiphenyl ether",0,1,hill_per_endpoint,positive,1.6979469060897827,2.1962831258773803
"2,2',4,4',5,5'-Hexabromodiphenyl ether",0,1,analog_knn,positive,1.4168816804885864,2.0046440601348876
"2,2',4,4',5-Pentabromodiphenyl ether",0,1,anchorboost,positive,1.661502684948672,2.092551282863414
"2,2',4,4',5-Pentabromodiphenyl ether",0,1,loglinear_interp,positive,2.5619274139404298,2.91491322517395
"2,2',4,4',5-Pentabromodiphenyl ether",0,1,hill_per_endpoint,positive,2.5619274139404298,2.91491322517395
"2,2',4,4',5-Pentabromodiphenyl ether",0,1,analog_knn,positive,1.8520789384841918,2.253721737861633
"2,2',4,4'-Tetrabromodiphenyl ether",0,1,anchorboost,positive,1.4310841540994432,2.205363915879002
"2,2',4,4'-Tetrabromodiphenyl ether",0,1,loglinear_interp,positive,1.567000651359558,2.31958212852478
"2,2',4,4'-Tetrabromodiphenyl ether",0,1,hill_per_endpoint,positive,1.567000651359558,2.31958212852478
"2,2',4,4'-Tetrabromodiphenyl ether",0,1,analog_knn,positive,1.694397258758545,2.3528687000274657
2-Methoxyethanol,0,1,anchorboost,unknown,0.9158569685966548,1.3916842926925759
2-Methoxyethanol,0,1,loglinear_interp,unknown,1.0031451106071472,1.4336876392364502
2-Methoxyethanol,0,1,hill_per_endpoint,unknown,1.0031451106071472,1.4336876392364502
2-Methoxyethanol,0,1,analog_knn,unknown,1.0670525789260865,1.5332226514816285
"3,3'-Iminobispropanenitrile",0,1,anchorboost,positive,0.7094722326336713,1.1587489161316908
"3,3'-Iminobispropanenitrile",0,1,loglinear_interp,positive,0.9144029498100281,1.279141330718994
"3,3'-Iminobispropanenitrile",0,1,hill_per_endpoint,positive,0.9144029498100281,1.279141330718994
"3,3'-Iminobispropanenitrile",0,1,analog_knn,positive,0.8148341536521911,1.2484206676483154
4H-Cyclopenta(def)phenanthrene,0,1,anchorboost,unknown,0.9989910724109354,1.4750355784657572
4H-Cyclopenta(def)phenanthrene,0,1,loglinear_interp,unknown,0.9963370800018311,1.4490820169448853
4H-Cyclopenta(def)phenanthrene,0,1,hill_per_endpoint,unknown,0.9963370800018311,1.4490820169448853
4H-Cyclopenta(def)phenanthrene,0,1,analog_knn,unknown,1.2400855898857117,1.6946961641311646
6-Propyl-2-thiouracil,0,1,anchorboost,positive,1.4967290568944667,1.9056493847579372
6-Propyl-2-thiouracil,0,1,loglinear_interp,positive,2.1949795484542847,2.5413108825683595
6-Propyl-2-thiouracil,0,1,hill_per_endpoint,positive,2.1949795484542847,2.5413108825683595
6-Propyl-2-thiouracil,0,1,analog_knn,positive,1.621173882484436,2.027958559989929
Acrylamide,0,1,anchorboost,positive,0.8575971695577558,1.5698334085690555
Acrylamide,0,1,loglinear_interp,positive,1.196679377555847,1.784581995010376
Acrylamide,0,1,hill_per_endpoint,positive,1.196679377555847,1.784581995010376
Acrylamide,0,1,analog_knn,positive,0.9129483819007873,1.6076074838638306
Aldrin,0,1,anchorboost,unknown,1.6795493187654622,1.9598278865863343
Aldrin,0,1,loglinear_interp,unknown,3.090979242324829,3.304026556015015
Aldrin,0,1,hill_per_endpoint,unknown,3.090979242324829,3.304026556015015
Aldrin,0,1,analog_knn,unknown,1.9262794733047486,2.1766974210739134
Benz(a)anthracene,0,1,anchorboost,unknown,1.0395557734081984,1.5683127300157134
Benz(a)anthracene,0,1,loglinear_interp,unknown,1.3617009162902831,1.7835786104202271
Benz(a)anthracene,0,1,hill_per_endpoint,unknown,1.3617009162902831,1.7835786104202271
Benz(a)anthracene,0,1,analog_knn,unknown,1.028625476360321,1.5786375999450684
"Benzo[g,h,i]perylene",0,1,anchorboost,unknown,1.1912301035884316,1.7368105169037
"Benzo[g,h,i]perylene",0,1,loglinear_interp,unknown,1.1912148237228393,1.7097747802734375
"Benzo[g,h,i]perylene",0,1,hill_per_endpoint,unknown,1.1912148237228393,1.7097747802734375
"Benzo[g,h,i]perylene",0,1,analog_knn,unknown,1.1804986476898194,1.6659092903137207
Boric acid (H3BO3),0,1,anchorboost,unknown,0.8566576412720727,1.3206556745826157
Boric acid (H3BO3),0,1,loglinear_interp,unknown,0.9593637108802795,1.3959436655044555
Boric acid (H3BO3),0,1,hill_per_endpoint,unknown,0.9593637108802795,1.3959436655044555
Boric acid (H3BO3),0,1,analog_knn,unknown,1.0816377520561218,1.5272105932235718
Boscalid,0,1,anchorboost,unknown,0.7279278790747813,1.4595640748246974
Boscalid,0,1,loglinear_interp,unknown,1.1748969793319701,1.759954833984375
Boscalid,0,1,hill_per_endpoint,unknown,1.1748969793319701,1.759954833984375
Boscalid,0,1,analog_knn,unknown,0.7720265507698059,1.4965238094329834
CP-457920,0,1,anchorboost,unknown,1.0916292921765642,1.565654948886887
CP-457920,0,1,loglinear_interp,unknown,1.5608683109283448,1.9162809371948242
CP-457920,0,1,hill_per_endpoint,unknown,1.5608683109283448,1.9162809371948242
CP-457920,0,1,analog_knn,unknown,1.250806498527527,1.7099634170532227
Chlorpyrifos,0,1,anchorboost,positive,1.8381291002465516,2.2487095154292827
Chlorpyrifos,0,1,loglinear_interp,positive,2.706598973274231,3.0525787353515623
Chlorpyrifos,0,1,hill_per_endpoint,positive,2.706598973274231,3.0525787353515623
Chlorpyrifos,0,1,analog_knn,positive,1.7562856197357177,2.131464219093323
Cyfluthrin,0,1,anchorboost,unknown,1.502683623172503,1.895217689061229
Cyfluthrin,0,1,loglinear_interp,unknown,2.547675085067749,2.8212491512298583
Cyfluthrin,0,1,hill_per_endpoint,unknown,2.547675085067749,2.8212491512298583
Cyfluthrin,0,1,analog_knn,unknown,1.433965301513672,1.8377270936965941
Cytarabine,0,1,anchorboost,positive,2.4036031249677365,2.973165386009688
Cytarabine,0,1,loglinear_interp,positive,3.2558509349822997,3.7335221767425537
Cytarabine,0,1,hill_per_endpoint,positive,3.2558509349822997,3.7335221767425537
Cytarabine,0,1,analog_knn,positive,2.198427677154541,2.7705241680145263
"Dibenz[a,h]anthracene",0,1,anchorboost,unknown,0.9879268288263372,1.3789183508623646
"Dibenz[a,h]anthracene",0,1,loglinear_interp,unknown,1.0440107226371764,1.4172409772872925
"Dibenz[a,h]anthracene",0,1,hill_per_endpoint,unknown,1.0440107226371764,1.4172409772872925
"Dibenz[a,h]anthracene",0,1,analog_knn,unknown,1.089009130001068,1.4710002660751342
Disulfoton,0,1,anchorboost,unknown,0.7746752198813203,1.2909624471987997
Disulfoton,0,1,loglinear_interp,unknown,0.8566630244255066,1.3261187314987182
Disulfoton,0,1,hill_per_endpoint,unknown,0.8566630244255066,1.3261187314987182
Disulfoton,0,1,analog_knn,unknown,0.9643611669540405,1.4634617805480956
Enadoline,0,1,anchorboost,unknown,1.3318433759587638,1.7104968634021929
Enadoline,0,1,loglinear_interp,unknown,2.048907828330994,2.331100821495056
Enadoline,0,1,hill_per_endpoint,unknown,2.048907828330994,2.331100821495056
Enadoline,0,1,analog_knn,unknown,1.404938554763794,1.7963134050369263
Erythromycin,0,1,anchorboost,negative,1.0110534898877286,1.8325661340101687
Erythromycin,0,1,loglinear_interp,negative,1.4242489814758301,2.1068148374557496
Erythromycin,0,1,hill_per_endpoint,negative,1.4242489814758301,2.1068148374557496
Erythromycin,0,1,analog_knn,negative,1.0841961979866028,1.902754259109497
Ethoprop,0,1,anchorboost,unknown,1.3415468437718676,1.8586357253516959
Ethoprop,0,1,loglinear_interp,unknown,1.9254923820495606,2.372503900527954
Ethoprop,0,1,hill_per_endpoint,unknown,1.9254923820495606,2.372503900527954
Ethoprop,0,1,analog_knn,unknown,1.4302637815475463,1.9456861972808839
Fenamiphos,0,1,anchorboost,unknown,1.0228542647746797,1.674564616835194
Fenamiphos,0,1,loglinear_interp,unknown,1.292533564567566,1.8767914772033691
Fenamiphos,0,1,hill_per_endpoint,unknown,1.292533564567566,1.8767914772033691
Fenamiphos,0,1,analog_knn,unknown,1.116490662097931,1.7479875087738037
Fluconazole,0,1,anchorboost,negative,1.1031570087635019,1.6199990463972793
Fluconazole,0,1,loglinear_interp,negative,1.283893895149231,1.7242189168930053
Fluconazole,0,1,hill_per_endpoint,negative,1.283893895149231,1.7242189168930053
Fluconazole,0,1,analog_knn,negative,1.1326619863510132,1.6423978567123414
Flufenacet,0,1,anchorboost,unknown,0.8235032025951818,1.3157619737984305
Flufenacet,0,1,loglinear_interp,unknown,1.0511499404907227,1.4784066200256347
Flufenacet,0,1,hill_per_endpoint,unknown,1.0511499404907227,1.4784066200256347
Flufenacet,0,1,analog_knn,unknown,0.9363198518753052,1.42211856842041
Fluoxastrobin,0,1,anchorboost,unknown,1.2314376161652054,1.786606704871091
Fluoxastrobin,0,1,loglinear_interp,unknown,2.569934606552124,2.8883172035217286
Fluoxastrobin,0,1,hill_per_endpoint,unknown,2.569934606552124,2.8883172035217286
Fluoxastrobin,0,1,analog_knn,unknown,1.3534369468688965,1.8512897729873656
Fluoxetine hydrochloride,0,1,anchorboost,positive,1.8290891842918344,2.164390829607028
Fluoxetine hydrochloride,0,1,loglinear_interp,positive,3.156568765640259,3.401547384262085
Fluoxetine hydrochloride,0,1,hill_per_endpoint,positive,3.156568765640259,3.401547384262085
Fluoxetine hydrochloride,0,1,analog_knn,positive,2.0528059720993044,2.362128186225891
Flusilazole,0,1,anchorboost,unknown,1.398163271128051,1.6319001313188277
Flusilazole,0,1,loglinear_interp,unknown,2.018040895462036,2.2474631309509276
Flusilazole,0,1,hill_per_endpoint,unknown,2.018040895462036,2.2474631309509276
Flusilazole,0,1,analog_knn,unknown,1.473008131980896,1.6979609966278075
Glyphosate,0,1,anchorboost,negative,1.3288435970593364,1.7283754211852114
Glyphosate,0,1,loglinear_interp,negative,1.2961806297302245,1.6936612367630004
Glyphosate,0,1,hill_per_endpoint,negative,1.2961806297302245,1.6936612367630004
Glyphosate,0,1,analog_knn,negative,1.423467469215393,1.8379502773284913
Hydroxyurea,0,1,anchorboost,positive,1.3356707065769289,1.8282382988078543
Hydroxyurea,0,1,loglinear_interp,positive,1.6050851106643678,2.0327091455459594
Hydroxyurea,0,1,hill_per_endpoint,positive,1.6050851106643678,2.0327091455459594
Hydroxyurea,0,1,analog_knn,positive,1.4438424110412598,1.9363002538681031
Isoniazid,0,1,anchorboost,unknown,1.3723648048907104,1.898549318994771
Isoniazid,0,1,loglinear_interp,unknown,1.5969562768936156,2.0225628852844237
Isoniazid,0,1,hill_per_endpoint,unknown,1.5969562768936156,2.0225628852844237
Isoniazid,0,1,analog_knn,unknown,1.410442090034485,1.9406485319137574
L-Domoic acid,0,1,anchorboost,positive,1.699475267618979,2.2302616704138294
L-Domoic acid,0,1,loglinear_interp,positive,3.6734148979187013,4.001731967926025
L-Domoic acid,0,1,hill_per_endpoint,positive,3.6734148979187013,4.001731967926025
L-Domoic acid,0,1,analog_knn,positive,2.0054029703140257,2.4380891799926756
Lactofen,0,1,anchorboost,unknown,0.8329151793368895,1.3663866463620633
Lactofen,0,1,loglinear_interp,unknown,1.2721870183944701,1.668192744255066
Lactofen,0,1,hill_per_endpoint,unknown,1.2721870183944701,1.668192744255066
Lactofen,0,1,analog_knn,unknown,0.9738179564476013,1.4842749118804932
Lovastatin,0,1,anchorboost,unknown,2.0554147293987195,2.9286212477616393
Lovastatin,0,1,loglinear_interp,unknown,3.2736625194549562,4.061182498931885
Lovastatin,0,1,hill_per_endpoint,unknown,3.2736625194549562,4.061182498931885
Lovastatin,0,1,analog_knn,unknown,2.0536269664764406,2.9473759651184084
Methadone hydrochloride,0,1,anchorboost,positive,1.3884747281462606,1.8133906178102073
Methadone hydrochloride,0,1,loglinear_interp,positive,2.2623271703720094,2.594149112701416
Methadone hydrochloride,0,1,hill_per_endpoint,positive,2.2623271703720094,2.594149112701416
Methadone hydrochloride,0,1,analog_knn,positive,1.5163596153259278,1.916613721847534
Methotrexate,0,1,anchorboost,positive,3.300716353539341,3.308083608430097
Methotrexate,0,1,loglinear_interp,positive,1.6277202844619751,1.6108121871948242
Methotrexate,0,1,hill_per_endpoint,positive,1.6277202844619751,1.6108121871948242
Methotrexate,0,1,analog_knn,positive,3.9510311603546144,3.9698207855224608
Naphthalene,0,1,anchorboost,unknown,1.5450281443635816,1.9006780298725303
Naphthalene,0,1,loglinear_interp,unknown,1.1921653509140016,1.5930346965789794
Naphthalene,0,1,hill_per_endpoint,unknown,1.1921653509140016,1.5930346965789794
Naphthalene,0,1,analog_knn,unknown,1.22077796459198,1.627260422706604
Omethoate,0,1,anchorboost,unknown,1.223801909416697,1.5774850480524587
Omethoate,0,1,loglinear_interp,unknown,1.2686114072799684,1.5822978258132934
Omethoate,0,1,hill_per_endpoint,unknown,1.2686114072799684,1.5822978258132934
Omethoate,0,1,analog_knn,unknown,1.1538756132125854,1.5098753690719604
Phenobarbital sodium,0,1,anchorboost,positive,0.9570932167696654,1.4630329648930003
Phenobarbital sodium,0,1,loglinear_interp,positive,1.140625286102295,1.6118996143341064
Phenobarbital sodium,0,1,hill_per_endpoint,positive,1.140625286102295,1.6118996143341064
Phenobarbital sodium,0,1,analog_knn,positive,1.0748751521110536,1.558682918548584
Pirimiphos-methyl,0,1,anchorboost,unknown,1.4297187779918001,1.8196799484314838
Pirimiphos-methyl,0,1,loglinear_interp,unknown,2.69429874420166,2.996544027328491
Pirimiphos-methyl,0,1,hill_per_endpoint,unknown,2.69429874420166,2.996544027328491
Pirimiphos-methyl,0,1,analog_knn,unknown,1.701631760597229,2.077112007141113
Pyraclostrobin,0,1,anchorboost,unknown,1.6380322196715844,2.210529410205546
Pyraclostrobin,0,1,loglinear_interp,unknown,3.2931682586669924,3.534922409057617
Pyraclostrobin,0,1,hill_per_endpoint,unknown,3.2931682586669924,3.534922409057617
Pyraclostrobin,0,1,analog_knn,unknown,2.2175546646118165,2.7109094619750977
Sodium benzoate,0,1,anchorboost,negative,1.07160753761706,1.4870839100173683
Sodium benzoate,0,1,loglinear_interp,negative,1.086050808429718,1.4820619344711303
Sodium benzoate,0,1,hill_per_endpoint,negative,1.086050808429718,1.4820619344711303
Sodium benzoate,0,1,analog_knn,negative,1.2240726470947265,1.6289000511169434
Spirodiclofen,0,1,anchorboost,unknown,0.6636772676621261,1.0881602097628726
Spirodiclofen,0,1,loglinear_interp,unknown,0.7875129818916321,1.1844505786895752
Spirodiclofen,0,1,hill_per_endpoint,unknown,0.7875129818916321,1.1844505786895752
Spirodiclofen,0,1,analog_knn,unknown,0.7243811130523682,1.1573119640350342
Thiacloprid,0,1,anchorboost,unknown,1.0723654281557127,1.5597049140053556
Thiacloprid,0,1,loglinear_interp,unknown,1.2598999738693237,1.6868305444717406
Thiacloprid,0,1,hill_per_endpoint,unknown,1.2598999738693237,1.6868305444717406
Thiacloprid,0,1,analog_knn,unknown,1.1591745615005493,1.648468828201294
Triclosan,0,1,anchorboost,unknown,1.7941386623675821,2.0664789280515263
Triclosan,0,1,loglinear_interp,unknown,2.7808556079864504,3.048491621017456
Triclosan,0,1,hill_per_endpoint,unknown,2.7808556079864504,3.048491621017456
Triclosan,0,1,analog_knn,unknown,1.935966181755066,2.153099846839905
Triethyltin bromide,0,1,anchorboost,positive,2.1704690414017054,2.5419606604530047
Triethyltin bromide,0,1,loglinear_interp,positive,3.3575894355773928,3.626654624938965
Triethyltin bromide,0,1,hill_per_endpoint,positive,3.3575894355773928,3.626654624938965
Triethyltin bromide,0,1,analog_knn,positive,2.653274416923523,2.9761404991149902
"p,p'-DDE",0,1,anchorboost,positive,1.3041687466794922,1.9149393996044222
"p,p'-DDE",0,1,loglinear_interp,positive,2.2483071088790894,2.742644214630127
"p,p'-DDE",0,1,hill_per_endpoint,positive,2.2483071088790894,2.742644214630127
"p,p'-DDE",0,1,analog_knn,positive,1.440550947189331,2.0484015703201295
(Methylcyclopentadienyl)tricarbonylmanganese,1,1,anchorboost,unknown,1.0066798331115145,1.453900631437737
(Methylcyclopentadienyl)tricarbonylmanganese,1,1,loglinear_interp,unknown,1.45574152469635,1.7900700092315673
(Methylcyclopentadienyl)tricarbonylmanganese,1,1,hill_per_endpoint,unknown,1.45574152469635,1.7900700092315673
(Methylcyclopentadienyl)tricarbonylmanganese,1,1,analog_knn,unknown,1.1374988317489625,1.5764746189117431
"1,2-Propylene glycol",1,1,anchorboost,negative,1.773432469339881,2.484738778935759
"1,2-Propylene glycol",1,1,loglinear_interp,negative,1.7376449823379516,2.4619623184204102
"1,2-Propylene glycol",1,1,hill_per_endpoint,negative,1.7376449823379516,2.4619623184204102
"1,2-Propylene glycol",1,1,analog_knn,negative,1.6018415212631225,2.318828821182251
5-Chloro-2-methyl-3(2H)-isothiazolone,1,1,anchorboost,unknown,1.9675857260017586,2.2505712149792787
5-Chloro-2-methyl-3(2H)-isothiazolone,1,1,loglinear_interp,unknown,2.4688586235046386,2.7377146244049073
5-Chloro-2-methyl-3(2H)-isothiazolone,1,1,hill_per_endpoint,unknown,2.4688586235046386,2.7377146244049073
5-Chloro-2-methyl-3(2H)-isothiazolone,1,1,analog_knn,unknown,2.284429907798767,2.550411081314087
5-Fluorouracil,1,1,anchorboost,positive,2.174931071734965,2.4548383231491706
5-Fluorouracil,1,1,loglinear_interp,positive,3.6277147769927978,3.8866878032684324
5-Fluorouracil,1,1,hill_per_endpoint,positive,3.6277147769927978,3.8866878032684324
5-Fluorouracil,1,1,analog_knn,positive,2.3854239225387572,2.6674660205841065
Acephate,1,1,anchorboost,unknown,1.5547041798237036,1.9798566806436895
Acephate,1,1,loglinear_interp,unknown,1.125813627243042,1.5661879062652588
Acephate,1,1,hill_per_endpoint,unknown,1.125813627243042,1.5661879062652588
Acephate,1,1,analog_knn,unknown,1.41929030418396,1.8267263412475585
Acetaminophen,1,1,anchorboost,unknown,0.6033353790155235,1.5999023542462247
Acetaminophen,1,1,loglinear_interp,unknown,0.5815972268581391,1.5701942920684815
Acetaminophen,1,1,hill_per_endpoint,unknown,0.5815972268581391,1.5701942920684815
Acetaminophen,1,1,analog_knn,unknown,0.8377570629119873,1.7353265523910522
Aspirin,1,1,anchorboost,negative,0.8670135325887751,1.643334918353703
Aspirin,1,1,loglinear_interp,negative,0.7855747222900391,1.6193390607833862
Aspirin,1,1,hill_per_endpoint,negative,0.7855747222900391,1.6193390607833862
Aspirin,1,1,analog_knn,negative,1.1275291562080383,1.831770944595337
Auramine hydrochloride,1,1,anchorboost,unknown,1.461741940915136,2.1879728404645933
Auramine hydrochloride,1,1,loglinear_interp,unknown,2.601374626159668,3.16141619682312
Auramine hydrochloride,1,1,hill_per_endpoint,unknown,2.601374626159668,3.16141619682312
Auramine hydrochloride,1,1,analog_knn,unknown,1.6823189496994018,2.3635682106018066
Benzo[k]fluoranthene,1,1,anchorboost,unknown,1.0523671903283793,1.5092836659892481
Benzo[k]fluoranthene,1,1,loglinear_interp,unknown,1.2756508111953735,1.6587632894515991
Benzo[k]fluoranthene,1,1,hill_per_endpoint,unknown,1.2756508111953735,1.6587632894515991
Benzo[k]fluoranthene,1,1,analog_knn,unknown,1.0475968956947326,1.5208956003189087
Berberine chloride,1,1,anchorboost,unknown,1.406965752903979,1.8192335646833087
Berberine chloride,1,1,loglinear_interp,unknown,2.7178133964538573,2.8835081100463866
Berberine chloride,1,1,hill_per_endpoint,unknown,2.7178133964538573,2.8835081100463866
Berberine chloride,1,1,analog_knn,unknown,2.10049569606781,2.355736804008484
Bifenthrin,1,1,anchorboost,unknown,1.8464457571296156,2.1611568445348053
Bifenthrin,1,1,loglinear_interp,unknown,2.7901066303253175,3.0547242164611816
Bifenthrin,1,1,hill_per_endpoint,unknown,2.7901066303253175,3.0547242164611816
Bifenthrin,1,1,analog_knn,unknown,1.8184758186340333,2.1324484586715697
Bis(tributyltin)oxide,1,1,anchorboost,positive,2.990743614751434,3.191637969158426
Bis(tributyltin)oxide,1,1,loglinear_interp,positive,4.379134464263916,4.551126956939697
Bis(tributyltin)oxide,1,1,hill_per_endpoint,positive,4.379134464263916,4.551126956939697
Bis(tributyltin)oxide,1,1,analog_knn,positive,4.143495702743531,4.328631210327148
Bisindolylmaleimide I,1,1,anchorboost,positive,1.415465330243903,2.2529186949152398
Bisindolylmaleimide I,1,1,loglinear_interp,positive,2.5948498964309694,3.2929011821746825
Bisindolylmaleimide I,1,1,hill_per_endpoint,positive,2.5948498964309694,3.2929011821746825
Bisindolylmaleimide I,1,1,analog_knn,positive,1.5188820123672486,2.3438424110412597
Bisphenol A,1,1,anchorboost,positive,1.169113709863336,1.8068407685541348
Bisphenol A,1,1,loglinear_interp,positive,1.7512569427490234,2.2557136535644533
Bisphenol A,1,1,hill_per_endpoint,positive,1.7512569427490234,2.2557136535644533
Bisphenol A,1,1,analog_knn,positive,1.2041026830673218,1.8468976974487306
Busulfan,1,1,anchorboost,unknown,0.8584070830071184,1.2232486765497188
Busulfan,1,1,loglinear_interp,unknown,0.8769402146339417,1.2516353130340576
Busulfan,1,1,hill_per_endpoint,unknown,0.8769402146339417,1.2516353130340576
Busulfan,1,1,analog_knn,unknown,1.0146206736564636,1.3590417385101319
Caffeine,1,1,anchorboost,positive,1.3034408751639759,1.7559385491059991
Caffeine,1,1,loglinear_interp,positive,1.2402515172958375,1.7149651527404786
Caffeine,1,1,hill_per_endpoint,positive,1.2402515172958375,1.7149651527404786
Caffeine,1,1,analog_knn,positive,1.2843727111816405,1.7570893049240113
Chlordiazepoxide hydrochloride,1,1,anchorboost,positive,1.7845474004260964,2.320444764410093
Chlordiazepoxide hydrochloride,1,1,loglinear_interp,positive,2.9589153289794923,3.3528936862945558
Chlordiazepoxide hydrochloride,1,1,hill_per_endpoint,positive,2.9589153289794923,3.3528936862945558
Chlordiazepoxide hydrochloride,1,1,analog_knn,positive,1.94461829662323,2.4837413787841798
Cyclophosphamide monohydrate,1,1,anchorboost,positive,1.1466373954218827,1.6062460788651969
Cyclophosphamide monohydrate,1,1,loglinear_interp,positive,1.4404520750045777,1.8305858612060546
Cyclophosphamide monohydrate,1,1,hill_per_endpoint,positive,1.4404520750045777,1.8305858612060546
Cyclophosphamide monohydrate,1,1,analog_knn,positive,1.1476034641265869,1.6236292600631714
Cymoxanil,1,1,anchorboost,unknown,0.6304856743004352,1.3529213860526121
Cymoxanil,1,1,loglinear_interp,unknown,0.7312710642814636,1.3996769428253173
Cymoxanil,1,1,hill_per_endpoint,unknown,0.7312710642814636,1.3996769428253173
Cymoxanil,1,1,analog_knn,unknown,0.7717648863792419,1.4389795064926147
Diazepam,1,1,anchorboost,positive,1.6891516764074126,2.0990419756222094
Diazepam,1,1,loglinear_interp,positive,1.7923694849014282,2.185214614868164
Diazepam,1,1,hill_per_endpoint,positive,1.7923694849014282,2.185214614868164
Diazepam,1,1,analog_knn,positive,1.823811650276184,2.246463489532471
Diazoxon,1,1,anchorboost,unknown,1.5265774841282531,1.9686361931433471
Diazoxon,1,1,loglinear_interp,unknown,1.122871994972229,1.582759928703308
Diazoxon,1,1,hill_per_endpoint,unknown,1.122871994972229,1.582759928703308
Diazoxon,1,1,analog_knn,unknown,1.2654853820800782,1.714095163345337
Diethylene glycol,1,1,anchorboost,negative,0.9586172818046433,1.4284262692543512
Diethylene glycol,1,1,loglinear_interp,negative,1.2688058853149413,1.6447784185409546
Diethylene glycol,1,1,hill_per_endpoint,negative,1.2688058853149413,1.6447784185409546
Diethylene glycol,1,1,analog_knn,negative,0.9849549055099487,1.4667337894439698
Diethylstilbestrol,1,1,anchorboost,positive,1.4952582448781504,1.9804750849339432
Diethylstilbestrol,1,1,loglinear_interp,positive,2.0185022354125977,2.4358664989471435
Diethylstilbestrol,1,1,hill_per_endpoint,positive,2.0185022354125977,2.4358664989471435
Diethylstilbestrol,1,1,analog_knn,positive,1.6746905088424682,2.1430973529815676
Difpas-pyrazole,1,1,anchorboost,unknown,1.3310869638848288,1.84546652334434
Difpas-pyrazole,1,1,loglinear_interp,unknown,1.6719035387039185,2.1058120012283323
Difpas-pyrazole,1,1,hill_per_endpoint,unknown,1.6719035387039185,2.1058120012283323
Difpas-pyrazole,1,1,analog_knn,unknown,1.5054349660873414,1.9861231327056885
Dimethoate,1,1,anchorboost,unknown,1.1162951624435105,1.5126255962114308
Dimethoate,1,1,loglinear_interp,unknown,1.7560228824615478,2.0926280975341798
Dimethoate,1,1,hill_per_endpoint,unknown,1.7560228824615478,2.0926280975341798
Dimethoate,1,1,analog_knn,unknown,1.3421571969985961,1.7421578407287597
Endosulfan,1,1,anchorboost,unknown,2.2697863592671426,2.5361309332268895
Endosulfan,1,1,loglinear_interp,unknown,3.190263032913208,3.4203277111053465
Endosulfan,1,1,hill_per_endpoint,unknown,3.190263032913208,3.4203277111053465
Endosulfan,1,1,analog_knn,unknown,2.354119968414307,2.6188286781311034
Endrin,1,1,anchorboost,unknown,1.4670163121662907,1.7392635871687232
Endrin,1,1,loglinear_interp,unknown,1.7294741153717041,1.9884666681289673
Endrin,1,1,hill_per_endpoint,unknown,1.7294741153717041,1.9884666681289673
Endrin,1,1,analog_knn,unknown,1.5511318922042847,1.8269573211669923
Fenitrothion,1,1,anchorboost,unknown,0.8174729100720238,1.3893151908275017
Fenitrothion,1,1,loglinear_interp,unknown,0.9759588837623596,1.493607473373413
Fenitrothion,1,1,hill_per_endpoint,unknown,0.9759588837623596,1.493607473373413
Fenitrothion,1,1,analog_knn,unknown,0.8412504553794861,1.4058839321136474
Loperamide,1,1,anchorboost,positive,1.8878052403722987,2.7159458717556526
Loperamide,1,1,loglinear_interp,positive,3.4581134796142576,4.149670600891113
Loperamide,1,1,hill_per_endpoint,positive,3.4581134796142576,4.149670600891113
Loperamide,1,1,analog_knn,positive,1.9421908140182496,2.7956340312957764
Malaoxon,1,1,anchorboost,unknown,1.796370295732291,2.0619841330653377
Malaoxon,1,1,loglinear_interp,unknown,1.101850724220276,1.493920922279358
Malaoxon,1,1,hill_per_endpoint,unknown,1.101850724220276,1.493920922279358
Malaoxon,1,1,analog_knn,unknown,1.3829032182693481,1.6551831722259522
Methoxychlor,1,1,anchorboost,unknown,1.4631759562937652,1.9638384973303862
Methoxychlor,1,1,loglinear_interp,unknown,2.3788372039794923,2.7362088680267336
Methoxychlor,1,1,hill_per_endpoint,unknown,2.3788372039794923,2.7362088680267336
Methoxychlor,1,1,analog_knn,unknown,1.5920814514160155,2.0975809574127195
Naled,1,1,anchorboost,unknown,1.6796807171547985,1.8791698603329567
Naled,1,1,loglinear_interp,unknown,3.1826597690582275,3.322571277618408
Naled,1,1,hill_per_endpoint,unknown,3.1826597690582275,3.322571277618408
Naled,1,1,analog_knn,unknown,1.949068546295166,2.1260975122451784
Oxidopamine hydrochloride,1,1,anchorboost,unknown,1.3362779600495012,1.8227719394176396
Oxidopamine hydrochloride,1,1,loglinear_interp,unknown,2.339124083518982,2.62249641418457
Oxidopamine hydrochloride,1,1,hill_per_endpoint,unknown,2.339124083518982,2.62249641418457
Oxidopamine hydrochloride,1,1,analog_knn,unknown,1.3896388173103333,1.8562642097473145
Permethrin,1,1,anchorboost,positive,1.5250697160221491,1.939677765333889
Permethrin,1,1,loglinear_interp,positive,1.9947405576705932,2.2943716049194336
Permethrin,1,1,hill_per_endpoint,positive,1.9947405576705932,2.2943716049194336
Permethrin,1,1,analog_knn,positive,1.5968577146530152,1.999270248413086
PharmaGSID_47330,1,1,anchorboost,unknown,1.1775862531458836,1.626927124967353
PharmaGSID_47330,1,1,loglinear_interp,unknown,1.8507436037063598,2.167007040977478
PharmaGSID_47330,1,1,hill_per_endpoint,unknown,1.8507436037063598,2.167007040977478
PharmaGSID_47330,1,1,analog_knn,unknown,1.2704496145248414,1.7222208499908447
Phenanthrene,1,1,anchorboost,unknown,0.6994610958345804,1.3908200493782998
Phenanthrene,1,1,loglinear_interp,unknown,0.6720741987228394,1.374644947052002
Phenanthrene,1,1,hill_per_endpoint,unknown,0.6720741987228394,1.374644947052002
Phenanthrene,1,1,analog_knn,unknown,0.8591668963432312,1.528783130645752
Pravastatin sodium,1,1,anchorboost,unknown,1.9713004219668282,2.336559236634991
Pravastatin sodium,1,1,loglinear_interp,unknown,3.3749900341033934,3.6702852725982664
Pravastatin sodium,1,1,hill_per_endpoint,unknown,3.3749900341033934,3.6702852725982664
Pravastatin sodium,1,1,analog_knn,unknown,2.227538323402405,2.5808555603027346
S-Ethyl dipropylthiocarbamate,1,1,anchorboost,unknown,0.8452894031376411,1.1904164457976192
S-Ethyl dipropylthiocarbamate,1,1,loglinear_interp,unknown,0.8764047503471375,1.2480350971221923
S-Ethyl dipropylthiocarbamate,1,1,hill_per_endpoint,unknown,0.8764047503471375,1.2480350971221923
S-Ethyl dipropylthiocarbamate,1,1,analog_knn,unknown,1.042094874382019,1.354868483543396
Sodium saccharin hydrate,1,1,anchorboost,negative,1.7066530898952137,2.247115614699596
Sodium saccharin hydrate,1,1,loglinear_interp,negative,1.3650337696075439,1.860304307937622
Sodium saccharin hydrate,1,1,hill_per_endpoint,negative,1.3650337696075439,1.860304307937622
Sodium saccharin hydrate,1,1,analog_knn,negative,1.5182952404022216,2.025253677368164
Sodium valproate,1,1,anchorboost,positive,2.2143104902709796,2.641329742383681
Sodium valproate,1,1,loglinear_interp,positive,1.4491060733795167,1.8417824983596802
Sodium valproate,1,1,hill_per_endpoint,positive,1.4491060733795167,1.8417824983596802
Sodium valproate,1,1,analog_knn,positive,1.5050227880477904,1.9502034187316895
Terbufos,1,1,anchorboost,unknown,1.4224528041831075,1.690643107613862
Terbufos,1,1,loglinear_interp,unknown,2.305505704879761,2.5621570587158202
Terbufos,1,1,hill_per_endpoint,unknown,2.305505704879761,2.5621570587158202
Terbufos,1,1,analog_knn,unknown,1.7190728187561035,1.9484949588775635
Thalidomide,1,1,anchorboost,positive,1.5451382682848371,2.1791743984028966
Thalidomide,1,1,loglinear_interp,positive,1.5550165891647338,2.2133342266082763
Thalidomide,1,1,hill_per_endpoint,positive,1.5550165891647338,2.2133342266082763
Thalidomide,1,1,analog_knn,positive,1.499463176727295,2.1644702911376954
Tributyltin methacrylate,1,1,anchorboost,positive,1.4340774517254915,2.2726483412178093
Tributyltin methacrylate,1,1,loglinear_interp,positive,2.2779762744903564,2.853688430786133
Tributyltin methacrylate,1,1,hill_per_endpoint,positive,2.2779762744903564,2.853688430786133
Tributyltin methacrylate,1,1,analog_knn,positive,1.5730417013168334,2.4508623361587523
Trimethyltin hydroxide,1,1,anchorboost,positive,2.478055071807328,2.7793462113978955
Trimethyltin hydroxide,1,1,loglinear_interp,positive,3.5941937923431397,3.8123099327087404
Trimethyltin hydroxide,1,1,hill_per_endpoint,positive,3.5941937923431397,3.8123099327087404
Trimethyltin hydroxide,1,1,analog_knn,positive,2.43843150138855,2.764964389801025
"Tris(1,3-dichloro-2-propyl) phosphate",1,1,anchorboost,unknown,1.2556169073433265,2.2320766126624667
"Tris(1,3-dichloro-2-propyl) phosphate",1,1,loglinear_interp,unknown,1.5550705432891845,2.496740293502808
"Tris(1,3-dichloro-2-propyl) phosphate",1,1,hill_per_endpoint,unknown,1.5550705432891845,2.496740293502808
"Tris(1,3-dichloro-2-propyl) phosphate",1,1,analog_knn,unknown,1.193675422668457,2.188618278503418
Tris(2-chloroethyl) phosphate,1,1,anchorboost,unknown,1.560322741835415,2.4716758608117453
Tris(2-chloroethyl) phosphate,1,1,loglinear_interp,unknown,1.4836994409561157,2.459551477432251
Tris(2-chloroethyl) phosphate,1,1,hill_per_endpoint,unknown,1.4836994409561157,2.459551477432251
Tris(2-chloroethyl) phosphate,1,1,analog_knn,unknown,1.422448992729187,2.2954878330230715
Z-Tetrachlorvinphos,1,1,anchorboost,unknown,1.3408852683520833,1.9097688206018824
Z-Tetrachlorvinphos,1,1,loglinear_interp,unknown,1.5517344236373902,2.047709560394287
Z-Tetrachlorvinphos,1,1,hill_per_endpoint,unknown,1.5517344236373902,2.047709560394287
Z-Tetrachlorvinphos,1,1,analog_knn,unknown,1.522709321975708,2.029161739349365
"p,p'-DDD",1,1,anchorboost,positive,1.6253402830359178,2.073898139916096
"p,p'-DDD",1,1,loglinear_interp,positive,2.379051160812378,2.720559024810791
"p,p'-DDD",1,1,hill_per_endpoint,positive,2.379051160812378,2.720559024810791
"p,p'-DDD",1,1,analog_knn,positive,1.5992408275604248,2.0527912616729735
tert-Butylhydroquinone,1,1,anchorboost,unknown,1.4045216309745292,1.7119276512826207
tert-Butylhydroquinone,1,1,loglinear_interp,unknown,2.0909573316574095,2.3098466873168944
tert-Butylhydroquinone,1,1,hill_per_endpoint,unknown,2.0909573316574095,2.3098466873168944
tert-Butylhydroquinone,1,1,analog_knn,unknown,1.403845977783203,1.7193226575851441
2-(m-Chlorophenoxy)propionic acid,2,1,anchorboost,unknown,1.3787511147558722,1.838554475248768
2-(m-Chlorophenoxy)propionic acid,2,1,loglinear_interp,unknown,1.4281122446060182,1.8845528841018677
2-(m-Chlorophenoxy)propionic acid,2,1,hill_per_endpoint,unknown,1.4281122446060182,1.8845528841018677
2-(m-Chlorophenoxy)propionic acid,2,1,analog_knn,unknown,1.483537244796753,1.9581299066543578
2-Ethylhexyl diphenyl phosphate,2,1,anchorboost,unknown,1.2137735078065957,1.7083961387176447
2-Ethylhexyl diphenyl phosphate,2,1,loglinear_interp,unknown,1.650785779953003,2.0450994968414307
2-Ethylhexyl diphenyl phosphate,2,1,hill_per_endpoint,unknown,1.650785779953003,2.0450994968414307
2-Ethylhexyl diphenyl phosphate,2,1,analog_knn,unknown,1.2849286317825317,1.7785291910171508
"3,3',5,5'-Tetrabromobisphenol A",2,1,anchorboost,unknown,0.8532053626490452,1.3896660993153003
"3,3',5,5'-Tetrabromobisphenol A",2,1,loglinear_interp,unknown,0.9958428740501404,1.486018133163452
"3,3',5,5'-Tetrabromobisphenol A",2,1,hill_per_endpoint,unknown,0.9958428740501404,1.486018133163452
"3,3',5,5'-Tetrabromobisphenol A",2,1,analog_knn,unknown,0.9745954990386962,1.4917879104614258
Abamectin,2,1,anchorboost,unknown,2.1423954227424686,2.665369746505808
Abamectin,2,1,loglinear_interp,unknown,3.0938961505889893,3.365193223953247
Abamectin,2,1,hill_per_endpoint,unknown,3.0938961505889893,3.365193223953247
Abamectin,2,1,analog_knn,unknown,2.9346824645996095,3.429010248184204
Acenaphthylene,2,1,anchorboost,unknown,0.6906444340419295,1.2903324316467981
Acenaphthylene,2,1,loglinear_interp,unknown,0.7104393839836121,1.3063735723495484
Acenaphthylene,2,1,hill_per_endpoint,unknown,0.7104393839836121,1.3063735723495484
Acenaphthylene,2,1,analog_knn,unknown,0.9185353279113769,1.461192774772644
Aldicarb,2,1,anchorboost,unknown,1.257957603526523,1.8252004825318568
Aldicarb,2,1,loglinear_interp,unknown,1.4660195350646972,1.9651435136795044
Aldicarb,2,1,hill_per_endpoint,unknown,1.4660195350646972,1.9651435136795044
Aldicarb,2,1,analog_knn,unknown,1.473312211036682,2.010209321975708
Amoxicillin,2,1,anchorboost,negative,1.1706903121186518,1.7073580005312732
Amoxicillin,2,1,loglinear_interp,negative,1.1760491371154784,1.645024824142456
Amoxicillin,2,1,hill_per_endpoint,negative,1.1760491371154784,1.645024824142456
Amoxicillin,2,1,analog_knn,negative,1.2361833810806275,1.7656987667083741
Azoxystrobin,2,1,anchorboost,unknown,1.9568162346203077,2.4093308918496255
Azoxystrobin,2,1,loglinear_interp,unknown,3.166915225982666,3.411783790588379
Azoxystrobin,2,1,hill_per_endpoint,unknown,3.166915225982666,3.411783790588379
Azoxystrobin,2,1,analog_knn,unknown,2.064152979850769,2.4838786125183105
Benzo[a]pyrene,2,1,anchorboost,unknown,1.0124674223637364,1.4574192011796758
Benzo[a]pyrene,2,1,loglinear_interp,unknown,1.2954634428024292,1.6755878925323486
Benzo[a]pyrene,2,1,hill_per_endpoint,unknown,1.2954634428024292,1.6755878925323486
Benzo[a]pyrene,2,1,analog_knn,unknown,1.0553982257843018,1.5013635158538818
Benzo[e]pyrene,2,1,anchorboost,unknown,1.1639487170479612,1.5202906863646146
Benzo[e]pyrene,2,1,loglinear_interp,unknown,1.5173251390457154,1.806237244606018
Benzo[e]pyrene,2,1,hill_per_endpoint,unknown,1.5173251390457154,1.806237244606018
Benzo[e]pyrene,2,1,analog_knn,unknown,1.1578237771987916,1.5324151277542115
Bis(2-ethylhexyl) tetrabromophthalate,2,1,anchorboost,unknown,1.3097153465731104,1.7164778537040761
Bis(2-ethylhexyl) tetrabromophthalate,2,1,loglinear_interp,unknown,1.7809048414230346,2.090608525276184
Bis(2-ethylhexyl) tetrabromophthalate,2,1,hill_per_endpoint,unknown,1.7809048414230346,2.090608525276184
Bis(2-ethylhexyl) tetrabromophthalate,2,1,analog_knn,unknown,1.4625739574432373,1.8321887731552124
Bisphenol AF,2,1,anchorboost,positive,1.051716893367083,2.0145144099801184
Bisphenol AF,2,1,loglinear_interp,positive,1.2272047519683837,2.143273115158081
Bisphenol AF,2,1,hill_per_endpoint,positive,1.2272047519683837,2.143273115158081
Bisphenol AF,2,1,analog_knn,positive,1.15257887840271,2.0827118873596193
Bisphenol B,2,1,anchorboost,positive,1.1352778940652617,1.5652311447474283
Bisphenol B,2,1,loglinear_interp,positive,1.7610916137695312,2.0873059749603273
Bisphenol B,2,1,hill_per_endpoint,positive,1.7610916137695312,2.0873059749603273
Bisphenol B,2,1,analog_knn,positive,1.2476511001586914,1.673936915397644
Cadmium(II) chloride hydrate (2:5),2,1,anchorboost,positive,1.9548929612505463,2.128706782529541
Cadmium(II) chloride hydrate (2:5),2,1,loglinear_interp,positive,3.271401214599609,3.379256343841553
Cadmium(II) chloride hydrate (2:5),2,1,hill_per_endpoint,positive,3.271401214599609,3.379256343841553
Cadmium(II) chloride hydrate (2:5),2,1,analog_knn,positive,2.161565923690796,2.320962381362915
Captan,2,1,anchorboost,unknown,1.0209799937093673,1.9778457070132451
Captan,2,1,loglinear_interp,unknown,2.0100476503372193,2.702771520614624
Captan,2,1,hill_per_endpoint,unknown,2.0100476503372193,2.702771520614624
Captan,2,1,analog_knn,unknown,0.9287223815917969,1.9554922819137572
Carbamazepine,2,1,anchorboost,positive,1.2010147336340213,1.5944997736438506
Carbamazepine,2,1,loglinear_interp,positive,1.080249547958374,1.471933937072754
Carbamazepine,2,1,hill_per_endpoint,positive,1.080249547958374,1.471933937072754
Carbamazepine,2,1,analog_knn,positive,1.31946542263031,1.7000228404998778
Carbaryl,2,1,anchorboost,unknown,2.5710902514673157,3.0360501266841418
Carbaryl,2,1,loglinear_interp,unknown,3.2979958057403564,3.72841215133667
Carbaryl,2,1,hill_per_endpoint,unknown,3.2979958057403564,3.72841215133667
Carbaryl,2,1,analog_knn,unknown,2.50560085773468,2.99598708152771
Cariporide mesylate,2,1,anchorboost,unknown,1.1056447972019345,1.571580897861987
Cariporide mesylate,2,1,loglinear_interp,unknown,1.4769025802612306,1.8444271802902221
Cariporide mesylate,2,1,hill_per_endpoint,unknown,1.4769025802612306,1.8444271802902221
Cariporide mesylate,2,1,analog_knn,unknown,1.1797391176223755,1.656860637664795
Chloramben,2,1,anchorboost,negative,0.8820820384619008,2.0123527209825824
Chloramben,2,1,loglinear_interp,negative,1.2069415330886841,2.1524943351745605
Chloramben,2,1,hill_per_endpoint,negative,1.2069415330886841,2.1524943351745605
Chloramben,2,1,analog_knn,negative,0.9041553854942321,2.040703868865967
Chlorpromazine hydrochloride,2,1,anchorboost,positive,1.7926492008492558,2.123810487946709
Chlorpromazine hydrochloride,2,1,loglinear_interp,positive,2.7038042068481447,2.9767439365386963
Chlorpromazine hydrochloride,2,1,hill_per_endpoint,positive,2.7038042068481447,2.9767439365386963
Chlorpromazine hydrochloride,2,1,analog_knn,positive,1.9703332662582398,2.2834688663482665
Clothianidin,2,1,anchorboost,unknown,1.0182720787532462,1.3807447992574604
Clothianidin,2,1,loglinear_interp,unknown,0.8868635058403015,1.2701926946640014
Clothianidin,2,1,hill_per_endpoint,unknown,0.8868635058403015,1.2701926946640014
Clothianidin,2,1,analog_knn,unknown,1.1738687038421631,1.5265823125839233
Dichlorvos,2,1,anchorboost,unknown,1.2624938551895402,1.57338752003018
Dichlorvos,2,1,loglinear_interp,unknown,1.243746829032898,1.5079161405563355
Dichlorvos,2,1,hill_per_endpoint,unknown,1.243746829032898,1.5079161405563355
Dichlorvos,2,1,analog_knn,unknown,1.1068375825881958,1.4469902276992799
Eugenol,2,1,anchorboost,unknown,1.140720418745763,1.7753202587891477
Eugenol,2,1,loglinear_interp,unknown,1.4400448560714723,1.9524290323257447
Eugenol,2,1,hill_per_endpoint,unknown,1.4400448560714723,1.9524290323257447
Eugenol,2,1,analog_knn,unknown,1.243479347229004,1.8882721185684204
Fipronil,2,1,anchorboost,unknown,1.3872019816718109,1.6208519255890288
Fipronil,2,1,loglinear_interp,unknown,1.6440597772598267,1.8673871755599976
Fipronil,2,1,hill_per_endpoint,unknown,1.6440597772598267,1.8673871755599976
Fipronil,2,1,analog_knn,unknown,1.5139078378677369,1.7349226951599122
Fluorene,2,1,anchorboost,unknown,0.6091690391859949,1.2408860579349386
Fluorene,2,1,loglinear_interp,unknown,0.737986433506012,1.307436752319336
Fluorene,2,1,hill_per_endpoint,unknown,0.737986433506012,1.307436752319336
Fluorene,2,1,analog_knn,unknown,0.7800759077072144,1.3751067161560058
Glycerol,2,1,anchorboost,negative,0.7346516752967354,1.4998985178428303
Glycerol,2,1,loglinear_interp,negative,0.8467475652694703,1.5303399801254272
Glycerol,2,1,hill_per_endpoint,negative,0.8467475652694703,1.5303399801254272
Glycerol,2,1,analog_knn,negative,0.913485312461853,1.6420976161956786
L-Ascorbic acid,2,1,anchorboost,negative,1.030030430273086,1.5215506873233953
L-Ascorbic acid,2,1,loglinear_interp,negative,1.0401400446891784,1.5184721946716309
L-Ascorbic acid,2,1,hill_per_endpoint,negative,1.0401400446891784,1.5184721946716309
L-Ascorbic acid,2,1,analog_knn,negative,1.179141628742218,1.6644183158874513
Lindane,2,1,anchorboost,positive,1.6383485121354977,2.499887670914019
Lindane,2,1,loglinear_interp,positive,2.1914602279663087,2.9522774696350096
Lindane,2,1,hill_per_endpoint,positive,2.1914602279663087,2.9522774696350096
Lindane,2,1,analog_knn,positive,1.7562935113906861,2.602190637588501
Maneb,2,1,anchorboost,positive,1.2453754842340963,1.6645381991536112
Maneb,2,1,loglinear_interp,positive,1.187140154838562,1.6096621990203857
Maneb,2,1,hill_per_endpoint,positive,1.187140154838562,1.6096621990203857
Maneb,2,1,analog_knn,positive,1.240994668006897,1.6128077507019043
Manganese dichloride,2,1,anchorboost,positive,1.471440545488552,1.8440875520290185
Manganese dichloride,2,1,loglinear_interp,positive,1.2484745740890504,1.6197542190551757
Manganese dichloride,2,1,hill_per_endpoint,positive,1.2484745740890504,1.6197542190551757
Manganese dichloride,2,1,analog_knn,positive,1.5732234716415405,1.946622657775879
Mercuric chloride,2,1,anchorboost,positive,1.7568619409929547,2.655856444680341
Mercuric chloride,2,1,loglinear_interp,positive,2.671165132522583,3.362942028045654
Mercuric chloride,2,1,hill_per_endpoint,positive,2.671165132522583,3.362942028045654
Mercuric chloride,2,1,analog_knn,positive,1.7406254291534424,2.677731227874756
Methamidophos,2,1,anchorboost,unknown,0.9517403862739492,1.6207386351234554
Methamidophos,2,1,loglinear_interp,unknown,0.8276918888092041,1.5363737344741821
Methamidophos,2,1,hill_per_endpoint,unknown,0.8276918888092041,1.5363737344741821
Methamidophos,2,1,analog_knn,unknown,1.1387937307357787,1.7462806224822998
Methylmercuric(II) chloride,2,1,anchorboost,positive,2.4192815389492153,2.595159943604342
Methylmercuric(II) chloride,2,1,loglinear_interp,positive,3.677996206283569,3.8029788017272947
Methylmercuric(II) chloride,2,1,hill_per_endpoint,positive,3.677996206283569,3.8029788017272947
Methylmercuric(II) chloride,2,1,analog_knn,positive,2.552993583679199,2.7392744064331054
Mevastatin,2,1,anchorboost,positive,2.0122700688054023,3.3118345890636958
Mevastatin,2,1,loglinear_interp,positive,3.302104949951172,4.4414698600769045
Mevastatin,2,1,hill_per_endpoint,positive,3.302104949951172,4.4414698600769045
Mevastatin,2,1,analog_knn,positive,2.131781578063965,3.401390886306763
Mirex,2,1,anchorboost,unknown,2.258675332036215,2.563526384255634
Mirex,2,1,loglinear_interp,unknown,3.5944888591766357,3.817737007141113
Mirex,2,1,hill_per_endpoint,unknown,3.5944888591766357,3.817737007141113
Mirex,2,1,analog_knn,unknown,2.326794242858887,2.6396114826202393
"Octachloro-4,7-methanotetrahydroindane",2,1,anchorboost,unknown,1.4052575284508426,1.9365738527127774
"Octachloro-4,7-methanotetrahydroindane",2,1,loglinear_interp,unknown,2.4214141607284545,2.8522596836090086
"Octachloro-4,7-methanotetrahydroindane",2,1,hill_per_endpoint,unknown,2.4214141607284545,2.8522596836090086
"Octachloro-4,7-methanotetrahydroindane",2,1,analog_knn,unknown,1.5091391801834106,2.0221227169036866
Parathion,2,1,anchorboost,positive,0.8868042311760537,1.7260014079117867
Parathion,2,1,loglinear_interp,positive,1.0491690516471863,1.8276618719100952
Parathion,2,1,hill_per_endpoint,positive,1.0491690516471863,1.8276618719100952
Parathion,2,1,analog_knn,positive,1.02689071893692,1.834912371635437
Prallethrin,2,1,anchorboost,unknown,1.2959850282872851,1.7539711052288989
Prallethrin,2,1,loglinear_interp,unknown,2.000711178779602,2.385846567153931
Prallethrin,2,1,hill_per_endpoint,unknown,2.000711178779602,2.385846567153931
Prallethrin,2,1,analog_knn,unknown,1.14719957113266,1.6427462339401244
Reserpine,2,1,anchorboost,unknown,2.2032142025612926,2.5229673987099392
Reserpine,2,1,loglinear_interp,unknown,3.0308717250823975,3.2839632511138914
Reserpine,2,1,hill_per_endpoint,unknown,3.0308717250823975,3.2839632511138914
Reserpine,2,1,analog_knn,unknown,2.3957159996032713,2.6909951686859133
Sodium arsenite,2,1,anchorboost,positive,2.5847191558221474,2.7588677064519564
Sodium arsenite,2,1,loglinear_interp,positive,4.221522331237793,4.363327693939209
Sodium arsenite,2,1,hill_per_endpoint,positive,4.221522331237793,4.363327693939209
Sodium arsenite,2,1,analog_knn,positive,2.3038448810577394,2.4764276266098024
Tebuconazole,2,1,anchorboost,positive,2.719788431618384,3.010314144201699
Tebuconazole,2,1,loglinear_interp,positive,3.093522548675537,3.36808443069458
Tebuconazole,2,1,hill_per_endpoint,positive,3.093522548675537,3.36808443069458
Tebuconazole,2,1,analog_knn,positive,2.496570014953613,2.8181591987609864
Terbutaline hemisulfate,2,1,anchorboost,positive,1.2112113133827183,1.5445703165788214
Terbutaline hemisulfate,2,1,loglinear_interp,positive,0.9446389436721802,1.32418212890625
Terbutaline hemisulfate,2,1,hill_per_endpoint,positive,0.9446389436721802,1.32418212890625
Terbutaline hemisulfate,2,1,analog_knn,positive,1.4058984041213989,1.7165680885314942
Tetraethylthiuram disulfide,2,1,anchorboost,unknown,1.5099536097641637,2.164848028735225
Tetraethylthiuram disulfide,2,1,loglinear_interp,unknown,2.4503058433532714,2.997035503387451
Tetraethylthiuram disulfide,2,1,hill_per_endpoint,unknown,2.4503058433532714,2.997035503387451
Tetraethylthiuram disulfide,2,1,analog_knn,unknown,1.6754321813583375,2.3456918954849244
Tetramethrin,2,1,anchorboost,unknown,0.8871764532378215,1.294262151472422
Tetramethrin,2,1,loglinear_interp,unknown,1.0480760335922241,1.3994951725006104
Tetramethrin,2,1,hill_per_endpoint,unknown,1.0480760335922241,1.3994951725006104
Tetramethrin,2,1,analog_knn,unknown,0.9209839224815368,1.3418755769729613
Tribufos,2,1,anchorboost,unknown,1.7457572002187092,2.0261386985618937
Tribufos,2,1,loglinear_interp,unknown,3.00029296875,3.2517523765563965
Tribufos,2,1,hill_per_endpoint,unknown,3.00029296875,3.2517523765563965
Tribufos,2,1,analog_knn,unknown,1.7053473949432374,1.9859357595443725
Trichlorfon,2,1,anchorboost,positive,1.636446656070309,2.0652142777642437
Trichlorfon,2,1,loglinear_interp,positive,2.9798140048980715,3.34863076210022
Trichlorfon,2,1,hill_per_endpoint,positive,2.9798140048980715,3.34863076210022
Trichlorfon,2,1,analog_knn,positive,1.8426720380783081,2.259419012069702
Trifloxystrobin,2,1,anchorboost,unknown,1.91571026587224,2.306366313797209
Trifloxystrobin,2,1,loglinear_interp,unknown,3.315030097961426,3.4853089332580565
Trifloxystrobin,2,1,hill_per_endpoint,unknown,3.315030097961426,3.4853089332580565
Trifloxystrobin,2,1,analog_knn,unknown,2.1808758020401,2.554056453704834
Tris(methylphenyl) phosphate,2,1,anchorboost,unknown,0.9168092721952827,1.6381644551334489
Tris(methylphenyl) phosphate,2,1,loglinear_interp,unknown,1.3282970905303955,1.9174792051315308
Tris(methylphenyl) phosphate,2,1,hill_per_endpoint,unknown,1.3282970905303955,1.9174792051315308
Tris(methylphenyl) phosphate,2,1,analog_knn,unknown,1.0310853362083434,1.723592185974121
"o,p'-DDT",2,1,anchorboost,unknown,2.020586169094897,2.301847606728335
"o,p'-DDT",2,1,loglinear_interp,unknown,2.8721895694732664,3.134644889831543
"o,p'-DDT",2,1,hill_per_endpoint,unknown,2.8721895694732664,3.134644889831543
"o,p'-DDT",2,1,analog_knn,unknown,2.0684698820114136,2.3832242012023928
1-Methyl-4-phenylpyridinium iodide,3,1,anchorboost,positive,1.1411086304175933,1.4875928180258504
1-Methyl-4-phenylpyridinium iodide,3,1,loglinear_interp,positive,1.6598963022232056,1.929692816734314
1-Methyl-4-phenylpyridinium iodide,3,1,hill_per_endpoint,positive,1.6598963022232056,1.929692816734314
1-Methyl-4-phenylpyridinium iodide,3,1,analog_knn,positive,1.1577820539474488,1.4918012619018555
"2-Ethylhexyl 2,3,4,5-tetrabromobenzoate",3,1,anchorboost,unknown,1.6255350413745098,2.1362270451524066
"2-Ethylhexyl 2,3,4,5-tetrabromobenzoate",3,1,loglinear_interp,unknown,2.32896089553833,2.7867801666259764
"2-Ethylhexyl 2,3,4,5-tetrabromobenzoate",3,1,hill_per_endpoint,unknown,2.32896089553833,2.7867801666259764
"2-Ethylhexyl 2,3,4,5-tetrabromobenzoate",3,1,analog_knn,unknown,1.8071297883987427,2.294061851501465
3-Iodo-2-propynyl-N-butylcarbamate,3,1,anchorboost,unknown,1.2507229762156793,2.161557793018339
3-Iodo-2-propynyl-N-butylcarbamate,3,1,loglinear_interp,unknown,2.241385841369629,2.9275575637817384
3-Iodo-2-propynyl-N-butylcarbamate,3,1,hill_per_endpoint,unknown,2.241385841369629,2.9275575637817384
3-Iodo-2-propynyl-N-butylcarbamate,3,1,analog_knn,unknown,1.3653131484985352,2.2980284690856934
"5,5-Diphenylhydantoin",3,1,anchorboost,positive,0.9643197545809757,1.4124239899939401
"5,5-Diphenylhydantoin",3,1,loglinear_interp,positive,1.3078863143920898,1.6668263673782349
"5,5-Diphenylhydantoin",3,1,hill_per_endpoint,positive,1.3078863143920898,1.6668263673782349
"5,5-Diphenylhydantoin",3,1,analog_knn,positive,1.0400370955467224,1.4746541738510133
6-Methyl-2-thiouracil,3,1,anchorboost,positive,1.196469284254242,1.6708436695972508
6-Methyl-2-thiouracil,3,1,loglinear_interp,positive,1.4312896013259888,1.8598989009857179
6-Methyl-2-thiouracil,3,1,hill_per_endpoint,positive,1.4312896013259888,1.8598989009857179
6-Methyl-2-thiouracil,3,1,analog_knn,positive,1.2856688022613525,1.7489103555679322
Acenaphthene,3,1,anchorboost,unknown,0.8781244076689225,1.4629421220757695
Acenaphthene,3,1,loglinear_interp,unknown,1.1054550290107727,1.581150197982788
Acenaphthene,3,1,hill_per_endpoint,unknown,1.1054550290107727,1.581150197982788
Acenaphthene,3,1,analog_knn,unknown,0.9401299118995666,1.5166284322738648
Allethrin,3,1,anchorboost,positive,1.171080673479574,1.7412366540001678
Allethrin,3,1,loglinear_interp,positive,1.8980084657669067,2.323849153518677
Allethrin,3,1,hill_per_endpoint,positive,1.8980084657669067,2.323849153518677
Allethrin,3,1,analog_knn,positive,1.1897956609725953,1.7619494438171386
Anthracene,3,1,anchorboost,negative,0.7860730847662228,1.2581980071558776
Anthracene,3,1,loglinear_interp,negative,1.0168573141098023,1.4368360042572021
Anthracene,3,1,hill_per_endpoint,negative,1.0168573141098023,1.4368360042572021
Anthracene,3,1,analog_knn,negative,0.9784591913223266,1.410975980758667
Benzo(b)fluoranthene,3,1,anchorboost,unknown,1.1460647696469122,1.6468729795118566
Benzo(b)fluoranthene,3,1,loglinear_interp,unknown,1.7156574010849,2.129315209388733
Benzo(b)fluoranthene,3,1,hill_per_endpoint,unknown,1.7156574010849,2.129315209388733
Benzo(b)fluoranthene,3,1,analog_knn,unknown,1.25522038936615,1.7415793895721436
Carbofuran,3,1,anchorboost,unknown,0.944963300838792,1.8862717752950693
Carbofuran,3,1,loglinear_interp,unknown,1.3183315992355347,2.048857235908508
Carbofuran,3,1,hill_per_endpoint,unknown,1.3183315992355347,2.048857235908508
Carbofuran,3,1,analog_knn,unknown,0.9268943667411804,1.9012123584747314
Chlorendic acid,3,1,anchorboost,unknown,1.1502898872995355,1.5732182586321173
Chlorendic acid,3,1,loglinear_interp,unknown,1.0622454285621643,1.481542992591858
Chlorendic acid,3,1,hill_per_endpoint,unknown,1.0622454285621643,1.481542992591858
Chlorendic acid,3,1,analog_knn,unknown,1.1794396042823792,1.6030797004699706
Clodinafop-propargyl,3,1,anchorboost,unknown,0.8816863096214453,1.3636034662613397
Clodinafop-propargyl,3,1,loglinear_interp,unknown,0.8844678282737732,1.3774216651916504
Clodinafop-propargyl,3,1,hill_per_endpoint,unknown,0.8844678282737732,1.3774216651916504
Clodinafop-propargyl,3,1,analog_knn,unknown,0.9429748058319092,1.414924931526184
Cocaine,3,1,anchorboost,positive,1.4910108971249914,2.0978457393240797
Cocaine,3,1,loglinear_interp,positive,0.9673052310943604,1.7791268825531006
Cocaine,3,1,hill_per_endpoint,positive,0.9673052310943604,1.7791268825531006
Cocaine,3,1,analog_knn,positive,1.4822519779205323,2.0643977403640745
Colchicine,3,1,anchorboost,positive,1.436711950362426,1.4837960862728277
Colchicine,3,1,loglinear_interp,positive,0.6220626831054688,0.650740647315979
Colchicine,3,1,hill_per_endpoint,positive,0.6220626831054688,0.650740647315979
Colchicine,3,1,analog_knn,positive,1.7961928367614746,1.8537667751312257
D-Mannitol,3,1,anchorboost,negative,1.0171021274134122,1.3796857499464117
D-Mannitol,3,1,loglinear_interp,negative,1.1713685274124146,1.5172987937927247
D-Mannitol,3,1,hill_per_endpoint,negative,1.1713685274124146,1.5172987937927247
D-Mannitol,3,1,analog_knn,negative,1.1922525644302369,1.5415700912475585
DDT,3,1,anchorboost,positive,1.556958314561395,2.2560117323820106
DDT,3,1,loglinear_interp,positive,2.6348877906799317,3.2125022411346436
DDT,3,1,hill_per_endpoint,positive,2.6348877906799317,3.2125022411346436
DDT,3,1,analog_knn,positive,1.6424667119979859,2.306746315956116
Deltamethrin,3,1,anchorboost,positive,1.60489787426188,2.258997725798607
Deltamethrin,3,1,loglinear_interp,positive,3.1569775104522706,3.6440385818481444
Deltamethrin,3,1,hill_per_endpoint,positive,3.1569775104522706,3.6440385818481444
Deltamethrin,3,1,analog_knn,positive,1.983629536628723,2.5779749393463134
Dexamethasone,3,1,anchorboost,positive,1.455534381613917,1.8202236443052207
Dexamethasone,3,1,loglinear_interp,positive,1.2111754179000855,1.5798002004623413
Dexamethasone,3,1,hill_per_endpoint,positive,1.2111754179000855,1.5798002004623413
Dexamethasone,3,1,analog_knn,positive,1.4799607515335083,1.8210817098617553
"Dibenz[a,c]anthracene",3,1,anchorboost,unknown,1.1605823281695742,1.5958429483343057
"Dibenz[a,c]anthracene",3,1,loglinear_interp,unknown,1.4173142433166503,1.811050534248352
"Dibenz[a,c]anthracene",3,1,hill_per_endpoint,unknown,1.4173142433166503,1.811050534248352
"Dibenz[a,c]anthracene",3,1,analog_knn,unknown,1.2604377031326295,1.6752650022506714
Dicrotophos,3,1,anchorboost,unknown,1.1725871485068873,1.5997090419480438
Dicrotophos,3,1,loglinear_interp,unknown,1.0594069719314576,1.4147705793380738
Dicrotophos,3,1,hill_per_endpoint,unknown,1.0594069719314576,1.4147705793380738
Dicrotophos,3,1,analog_knn,unknown,1.015462613105774,1.4385595321655273
Emamectin benzoate,3,1,anchorboost,unknown,2.005448339699357,2.579220161297522
Emamectin benzoate,3,1,loglinear_interp,unknown,3.0695199966430664,3.271517515182495
Emamectin benzoate,3,1,hill_per_endpoint,unknown,3.0695199966430664,3.271517515182495
Emamectin benzoate,3,1,analog_knn,unknown,2.050752282142639,2.633371877670288
Es-fenvalerate,3,1,anchorboost,unknown,1.5047194930484475,1.8247994314767557
Es-fenvalerate,3,1,loglinear_interp,unknown,2.5536821842193604,2.7554441928863525
Es-fenvalerate,3,1,hill_per_endpoint,unknown,2.5536821842193604,2.7554441928863525
Es-fenvalerate,3,1,analog_knn,unknown,1.5935076236724854,1.9134419441223145
Esketamine hydrochloride,3,1,anchorboost,unknown,1.35594013668172,1.7672741588162466
Esketamine hydrochloride,3,1,loglinear_interp,unknown,1.526809072494507,1.8878939628601075
Esketamine hydrochloride,3,1,hill_per_endpoint,unknown,1.526809072494507,1.8878939628601075
Esketamine hydrochloride,3,1,analog_knn,unknown,1.4348088264465333,1.8388559341430664
Etofenprox,3,1,anchorboost,unknown,1.1571408043934786,1.6627948301525606
Etofenprox,3,1,loglinear_interp,unknown,1.62830331325531,2.0267011404037474
Etofenprox,3,1,hill_per_endpoint,unknown,1.62830331325531,2.0267011404037474
Etofenprox,3,1,analog_knn,unknown,1.2092495441436768,1.7036554098129273
Fenpropathrin,3,1,anchorboost,unknown,1.513396055249586,1.8592946314134118
Fenpropathrin,3,1,loglinear_interp,unknown,2.2024073362350465,2.499467945098877
Fenpropathrin,3,1,hill_per_endpoint,unknown,2.2024073362350465,2.499467945098877
Fenpropathrin,3,1,analog_knn,unknown,1.6061883211135863,1.9495226860046386
Firemaster 550,3,1,anchorboost,unknown,1.2132702511195759,1.6994538379941513
Firemaster 550,3,1,loglinear_interp,unknown,1.8906347036361695,2.2593867778778076
Firemaster 550,3,1,hill_per_endpoint,unknown,1.8906347036361695,2.2593867778778076
Firemaster 550,3,1,analog_knn,unknown,1.266348671913147,1.7422409296035766
Folic acid,3,1,anchorboost,unknown,1.162183987396386,1.715016971978055
Folic acid,3,1,loglinear_interp,unknown,1.404977512359619,1.932161545753479
Folic acid,3,1,hill_per_endpoint,unknown,1.404977512359619,1.932161545753479
Folic acid,3,1,analog_knn,unknown,1.2414382696151733,1.7801716566085815
Haloperidol,3,1,anchorboost,positive,1.9474802017836172,2.3437744394162108
Haloperidol,3,1,loglinear_interp,positive,2.9743478775024412,3.3305371761322022
Haloperidol,3,1,hill_per_endpoint,positive,2.9743478775024412,3.3305371761322022
Haloperidol,3,1,analog_knn,positive,2.209788775444031,2.572212553024292
Hexachlorophene,3,1,anchorboost,positive,2.21628894131106,2.806997625208584
Hexachlorophene,3,1,loglinear_interp,positive,3.2917552947998048,3.614389705657959
Hexachlorophene,3,1,hill_per_endpoint,positive,3.2917552947998048,3.614389705657959
Hexachlorophene,3,1,analog_knn,positive,2.7437493324279787,3.2088991165161134
Lead(II) acetate trihydrate,3,1,anchorboost,positive,1.7357187226220212,2.141104162989014
Lead(II) acetate trihydrate,3,1,loglinear_interp,positive,2.727500247955322,3.086775875091553
Lead(II) acetate trihydrate,3,1,hill_per_endpoint,positive,2.727500247955322,3.086775875091553
Lead(II) acetate trihydrate,3,1,analog_knn,positive,1.7548322916030883,2.1838913679122927
Malathion,3,1,anchorboost,unknown,1.2047746287621988,1.6158107983788494
Malathion,3,1,loglinear_interp,unknown,2.4546459436416628,2.768342447280884
Malathion,3,1,hill_per_endpoint,unknown,2.4546459436416628,2.768342447280884
Malathion,3,1,analog_knn,unknown,1.6458502054214477,1.998972725868225
Mancozeb,3,1,anchorboost,unknown,0.7929969808194455,1.4759026558618893
Mancozeb,3,1,loglinear_interp,unknown,0.9853033661842346,1.6035253047943114
Mancozeb,3,1,hill_per_endpoint,unknown,0.9853033661842346,1.6035253047943114
Mancozeb,3,1,analog_knn,unknown,0.9263482093811035,1.5651182889938355
Manganese(II) acetate,3,1,anchorboost,positive,0.8107661256610074,1.2426323136962054
Manganese(II) acetate,3,1,loglinear_interp,positive,1.0947425365447998,1.4360262155532837
Manganese(II) acetate,3,1,hill_per_endpoint,positive,1.0947425365447998,1.4360262155532837
Manganese(II) acetate,3,1,analog_knn,positive,0.8688622117042542,1.28691828250885
Naloxone hydrochloride dihydrate,3,1,anchorboost,positive,1.2162281372781993,1.543438549232016
Naloxone hydrochloride dihydrate,3,1,loglinear_interp,positive,1.1233139991760255,1.46841299533844
Naloxone hydrochloride dihydrate,3,1,hill_per_endpoint,positive,1.1233139991760255,1.46841299533844
Naloxone hydrochloride dihydrate,3,1,analog_knn,positive,1.2948179483413695,1.6113224267959594
Phenol,3,1,anchorboost,negative,1.369873081541756,1.750362559565724
Phenol,3,1,loglinear_interp,negative,1.3133617401123048,1.6757041692733765
Phenol,3,1,hill_per_endpoint,negative,1.3133617401123048,1.6757041692733765
Phenol,3,1,analog_knn,negative,1.4527822494506837,1.841478133201599
Phorate,3,1,anchorboost,unknown,1.2397972195751292,1.6822293835884359
Phorate,3,1,loglinear_interp,unknown,2.5009396076202393,2.8525984287261963
Phorate,3,1,hill_per_endpoint,unknown,2.5009396076202393,2.8525984287261963
Phorate,3,1,analog_knn,unknown,1.3954230546951294,1.8416614055633544
Piperonyl butoxide,3,1,anchorboost,unknown,1.369120155299425,1.8812522650105226
Piperonyl butoxide,3,1,loglinear_interp,unknown,1.935691809654236,2.3807921409606934
Piperonyl butoxide,3,1,hill_per_endpoint,unknown,1.935691809654236,2.3807921409606934
Piperonyl butoxide,3,1,analog_knn,unknown,1.5042003393173218,2.00173876285553
Profenofos,3,1,anchorboost,unknown,1.3446049654110732,2.0162425676163
Profenofos,3,1,loglinear_interp,unknown,1.4172771692276,2.002234196662903
Profenofos,3,1,hill_per_endpoint,unknown,1.4172771692276,2.002234196662903
Profenofos,3,1,analog_knn,unknown,1.378725814819336,2.031469535827637
Pyrene,3,1,anchorboost,unknown,0.732621394799129,1.4361218845942274
Pyrene,3,1,loglinear_interp,unknown,0.8032770156860352,1.478067445755005
Pyrene,3,1,hill_per_endpoint,unknown,0.8032770156860352,1.478067445755005
Pyrene,3,1,analog_knn,unknown,0.8742832660675048,1.5473158359527588
S-Bioallethrin,3,1,anchorboost,unknown,1.0785379631312793,1.4794105983268642
S-Bioallethrin,3,1,loglinear_interp,unknown,1.7958234071731567,2.0921888828277586
S-Bioallethrin,3,1,hill_per_endpoint,unknown,1.7958234071731567,2.0921888828277586
S-Bioallethrin,3,1,analog_knn,unknown,1.0812387943267823,1.5038236618041991
Simvastatin,3,1,anchorboost,unknown,1.9474626720269637,2.9875458777378627
Simvastatin,3,1,loglinear_interp,unknown,3.403027582168579,4.151493167877197
Simvastatin,3,1,hill_per_endpoint,unknown,3.403027582168579,4.151493167877197
Simvastatin,3,1,analog_knn,unknown,1.9727190017700196,3.0423518657684325
Sodium fluoride,3,1,anchorboost,positive,1.1471335950400172,1.6381139940829528
Sodium fluoride,3,1,loglinear_interp,positive,1.137235951423645,1.5745429515838623
Sodium fluoride,3,1,hill_per_endpoint,positive,1.137235951423645,1.5745429515838623
Sodium fluoride,3,1,analog_knn,positive,1.1618193507194519,1.6568357944488525
Spiroxamine,3,1,anchorboost,unknown,1.7852120873509734,2.398341587442033
Spiroxamine,3,1,loglinear_interp,unknown,3.3916424751281737,3.772141170501709
Spiroxamine,3,1,hill_per_endpoint,unknown,3.3916424751281737,3.772141170501709
Spiroxamine,3,1,analog_knn,unknown,1.851505732536316,2.462406778335571
Tamoxifen,3,1,anchorboost,unknown,1.7083262120783256,1.955484275645615
Tamoxifen,3,1,loglinear_interp,unknown,2.206951880455017,2.3702303886413576
Tamoxifen,3,1,hill_per_endpoint,unknown,2.206951880455017,2.3702303886413576
Tamoxifen,3,1,analog_knn,unknown,1.9944339990615845,2.2219818115234373
Tefluthrin,3,1,anchorboost,unknown,1.325494092180348,1.6859636159478044
Tefluthrin,3,1,loglinear_interp,unknown,2.513728713989258,2.7763758182525633
Tefluthrin,3,1,hill_per_endpoint,unknown,2.513728713989258,2.7763758182525633
Tefluthrin,3,1,analog_knn,unknown,1.3958574056625366,1.7616491556167602
Tetracycline,3,1,anchorboost,negative,1.057388879803926,1.47227614614531
Tetracycline,3,1,loglinear_interp,negative,0.9581665992736816,1.3877354621887208
Tetracycline,3,1,hill_per_endpoint,negative,0.9581665992736816,1.3877354621887208
Tetracycline,3,1,analog_knn,negative,1.1569105625152587,1.5596326351165772
Thiamethoxam,3,1,anchorboost,unknown,0.9329465434761502,1.343887891639242
Thiamethoxam,3,1,loglinear_interp,unknown,0.9062668442726135,1.315261459350586
Thiamethoxam,3,1,hill_per_endpoint,unknown,0.9062668442726135,1.315261459350586
Thiamethoxam,3,1,analog_knn,unknown,1.0471139192581176,1.435288953781128
Tributyltin chloride,3,1,anchorboost,positive,1.2370570122845381,2.039313907484438
Tributyltin chloride,3,1,loglinear_interp,positive,2.3389429569244387,2.898460054397583
Tributyltin chloride,3,1,hill_per_endpoint,positive,2.3389429569244387,2.898460054397583
Tributyltin chloride,3,1,analog_knn,positive,1.4945980668067933,2.306607985496521
Triphenyl phosphates isopropylated,3,1,anchorboost,unknown,1.4298220052042423,1.984149433089403
Triphenyl phosphates isopropylated,3,1,loglinear_interp,unknown,1.9298741817474365,2.3804040908813477
Triphenyl phosphates isopropylated,3,1,hill_per_endpoint,unknown,1.9298741817474365,2.3804040908813477
Triphenyl phosphates isopropylated,3,1,analog_knn,unknown,1.437886118888855,1.996989893913269
(-)-Nicotine,4,1,anchorboost,positive,1.5851870797476897,1.9338412617121108
(-)-Nicotine,4,1,loglinear_interp,positive,1.5704650640487672,1.9103491306304932
(-)-Nicotine,4,1,hill_per_endpoint,positive,1.5704650640487672,1.9103491306304932
(-)-Nicotine,4,1,analog_knn,positive,1.7278370141983033,2.0634953022003173
17beta-Estradiol,4,1,anchorboost,unknown,0.9180185273119099,1.5868488392683093
17beta-Estradiol,4,1,loglinear_interp,unknown,1.2634933710098266,1.7953718423843383
17beta-Estradiol,4,1,hill_per_endpoint,unknown,1.2634933710098266,1.7953718423843383
17beta-Estradiol,4,1,analog_knn,unknown,0.8485728621482849,1.5301352739334106
"2,2-Bis(4-hydroxyphenyl)-1,1,1-trichloroethane",4,1,anchorboost,unknown,1.2407265746777705,1.777791505668176
"2,2-Bis(4-hydroxyphenyl)-1,1,1-trichloroethane",4,1,loglinear_interp,unknown,1.798874306678772,2.207398247718811
"2,2-Bis(4-hydroxyphenyl)-1,1,1-trichloroethane",4,1,hill_per_endpoint,unknown,1.798874306678772,2.207398247718811
"2,2-Bis(4-hydroxyphenyl)-1,1,1-trichloroethane",4,1,analog_knn,unknown,1.3699875116348266,1.896842646598816
"4,4'-Sulfonyldiphenol",4,1,anchorboost,unknown,1.1687429897349573,1.6731593406722745
"4,4'-Sulfonyldiphenol",4,1,loglinear_interp,unknown,1.2212380647659302,1.7257110357284546
"4,4'-Sulfonyldiphenol",4,1,hill_per_endpoint,unknown,1.2212380647659302,1.7257110357284546
"4,4'-Sulfonyldiphenol",4,1,analog_knn,unknown,1.3228924989700317,1.8162383317947388
6-aminopyridine-3-carboxamide,4,1,anchorboost,positive,2.215550528143131,2.558219787157509
6-aminopyridine-3-carboxamide,4,1,loglinear_interp,positive,3.7549184799194335,3.984375476837158
6-aminopyridine-3-carboxamide,4,1,hill_per_endpoint,positive,3.7549184799194335,3.984375476837158
6-aminopyridine-3-carboxamide,4,1,analog_knn,positive,2.9142836570739745,3.1873064994812013
Acetamiprid,4,1,anchorboost,unknown,1.2909750261554227,2.1086454549098357
Acetamiprid,4,1,loglinear_interp,unknown,1.793351984024048,2.5321542739868166
Acetamiprid,4,1,hill_per_endpoint,unknown,1.793351984024048,2.5321542739868166
Acetamiprid,4,1,analog_knn,unknown,1.2885922193527222,2.12528018951416
Atrazine,4,1,anchorboost,unknown,0.8099833983159197,1.3779977526300988
Atrazine,4,1,loglinear_interp,unknown,1.1017034769058227,1.5890489578247071
Atrazine,4,1,hill_per_endpoint,unknown,1.1017034769058227,1.5890489578247071
Atrazine,4,1,analog_knn,unknown,0.8607625246047974,1.4308530569076539
Bensulide,4,1,anchorboost,unknown,1.3464175628599946,2.033319460409806
Bensulide,4,1,loglinear_interp,unknown,2.814707899093628,3.3689168453216554
Bensulide,4,1,hill_per_endpoint,unknown,2.814707899093628,3.3689168453216554
Bensulide,4,1,analog_knn,unknown,1.7539989471435546,2.391027545928955
CP-409092,4,1,anchorboost,unknown,1.1824986105975575,1.649417525296562
CP-409092,4,1,loglinear_interp,unknown,1.4947185277938844,1.8414572715759276
CP-409092,4,1,hill_per_endpoint,unknown,1.4947185277938844,1.8414572715759276
CP-409092,4,1,analog_knn,unknown,1.3478078842163086,1.7737106084823608
Captopril,4,1,anchorboost,negative,1.4114481304714035,1.7982690031269235
Captopril,4,1,loglinear_interp,negative,1.4821463584899903,1.8132189750671386
Captopril,4,1,hill_per_endpoint,negative,1.4821463584899903,1.8132189750671386
Captopril,4,1,analog_knn,negative,1.5788965225219727,1.9783026695251464
Chlorethoxyfos,4,1,anchorboost,unknown,1.354988113155519,1.7833930691810653
Chlorethoxyfos,4,1,loglinear_interp,unknown,2.933075475692749,3.258294773101807
Chlorethoxyfos,4,1,hill_per_endpoint,unknown,2.933075475692749,3.258294773101807
Chlorethoxyfos,4,1,analog_knn,unknown,1.5656975984573365,1.994663453102112
Chlorpyrifos oxon,4,1,anchorboost,positive,1.5489014352239419,2.3243787057687824
Chlorpyrifos oxon,4,1,loglinear_interp,positive,1.4866920948028564,2.3489849090576174
Chlorpyrifos oxon,4,1,hill_per_endpoint,positive,1.4866920948028564,2.3489849090576174
Chlorpyrifos oxon,4,1,analog_knn,positive,1.3055319786071777,2.2027817726135255
Chrysene,4,1,anchorboost,unknown,1.0376392584281284,1.3914580473563447
Chrysene,4,1,loglinear_interp,unknown,0.814980661869049,1.2088788032531739
Chrysene,4,1,hill_per_endpoint,unknown,0.814980661869049,1.2088788032531739
Chrysene,4,1,analog_knn,unknown,0.9106168508529663,1.2915157556533814
Clove leaf oil,4,1,anchorboost,unknown,1.6367620878316145,1.9668465033873037
Clove leaf oil,4,1,loglinear_interp,unknown,1.8224286079406737,2.107455682754517
Clove leaf oil,4,1,hill_per_endpoint,unknown,1.8224286079406737,2.107455682754517
Clove leaf oil,4,1,analog_knn,unknown,1.8451162815093993,2.16141300201416
Cotinine,4,1,anchorboost,negative,0.757938201689899,1.727494021299437
Cotinine,4,1,loglinear_interp,negative,0.8628623843193054,1.7806060791015625
Cotinine,4,1,hill_per_endpoint,negative,0.8628623843193054,1.7806060791015625
Cotinine,4,1,analog_knn,negative,0.9441578388214111,1.842129611968994
Coumaphos,4,1,anchorboost,unknown,1.1675431154045255,1.6423689003009034
Coumaphos,4,1,loglinear_interp,unknown,2.5841434001922607,2.9609376907348635
Coumaphos,4,1,hill_per_endpoint,unknown,2.5841434001922607,2.9609376907348635
Coumaphos,4,1,analog_knn,unknown,1.5985497951507568,2.0482484102249146
Cypermethrin,4,1,anchorboost,positive,1.6460477723332012,2.007208221687157
Cypermethrin,4,1,loglinear_interp,positive,2.4776580333709717,2.797181510925293
Cypermethrin,4,1,hill_per_endpoint,positive,2.4776580333709717,2.797181510925293
Cypermethrin,4,1,analog_knn,positive,1.7869884490966796,2.141481614112854
D-Glucitol,4,1,anchorboost,negative,1.0390466364656246,1.8995557774324923
D-Glucitol,4,1,loglinear_interp,negative,1.0968233942985535,1.9872119188308717
D-Glucitol,4,1,hill_per_endpoint,negative,1.0968233942985535,1.9872119188308717
D-Glucitol,4,1,analog_knn,negative,1.3220927357673644,2.0846585512161253
Dextroamphetamine sulfate,4,1,anchorboost,positive,0.9591839277447252,1.3413118901481504
Dextroamphetamine sulfate,4,1,loglinear_interp,positive,1.056019699573517,1.4090137243270875
Dextroamphetamine sulfate,4,1,hill_per_endpoint,positive,1.056019699573517,1.4090137243270875
Dextroamphetamine sulfate,4,1,analog_knn,positive,1.1794299364089966,1.525143313407898
Di(2-ethylhexyl) phthalate,4,1,anchorboost,positive,1.4777312888642413,2.193542954155518
Di(2-ethylhexyl) phthalate,4,1,loglinear_interp,positive,2.4767845392227175,3.055377721786499
Di(2-ethylhexyl) phthalate,4,1,hill_per_endpoint,positive,2.4767845392227175,3.055377721786499
Di(2-ethylhexyl) phthalate,4,1,analog_knn,positive,1.6392639875411987,2.29878945350647
Diazinon,4,1,anchorboost,positive,1.3886330076257127,1.698257581058876
Diazinon,4,1,loglinear_interp,positive,1.931149387359619,2.1788422584533693
Diazinon,4,1,hill_per_endpoint,positive,1.931149387359619,2.1788422584533693
Diazinon,4,1,analog_knn,positive,1.7472262382507324,2.0194621086120605
Dieldrin,4,1,anchorboost,positive,2.4972801871923456,2.6859106063580382
Dieldrin,4,1,loglinear_interp,positive,3.5585533618927,3.7088320732116697
Dieldrin,4,1,hill_per_endpoint,positive,3.5585533618927,3.7088320732116697
Dieldrin,4,1,analog_knn,positive,2.4659244537353517,2.649610996246338
Diphenhydramine hydrochloride,4,1,anchorboost,unknown,1.3005238041263092,1.6878932261455504
Diphenhydramine hydrochloride,4,1,loglinear_interp,unknown,2.2923357009887697,2.4737761497497557
Diphenhydramine hydrochloride,4,1,hill_per_endpoint,unknown,2.2923357009887697,2.4737761497497557
Diphenhydramine hydrochloride,4,1,analog_knn,unknown,1.3860647678375244,1.8018234968185425
Fosthiazate,4,1,anchorboost,unknown,1.1943511733481116,1.5375033181201807
Fosthiazate,4,1,loglinear_interp,unknown,1.1303059339523316,1.4768880128860473
Fosthiazate,4,1,hill_per_endpoint,unknown,1.1303059339523316,1.4768880128860473
Fosthiazate,4,1,analog_knn,unknown,1.2167529106140136,1.5309611082077026
Heptachlor epoxide B,4,1,anchorboost,positive,1.7907231422338352,2.5575181961269373
Heptachlor epoxide B,4,1,loglinear_interp,positive,2.4562421560287477,3.2034623622894287
Heptachlor epoxide B,4,1,hill_per_endpoint,positive,2.4562421560287477,3.2034623622894287
Heptachlor epoxide B,4,1,analog_knn,positive,1.9719552516937255,2.7022864818573
Imidacloprid,4,1,anchorboost,unknown,1.2500860827713842,1.9351019033356398
Imidacloprid,4,1,loglinear_interp,unknown,1.2917723655700684,1.9074200630187987
Imidacloprid,4,1,hill_per_endpoint,unknown,1.2917723655700684,1.9074200630187987
Imidacloprid,4,1,analog_knn,unknown,1.5027507543563843,2.1428680419921875
Isodecyl diphenyl phosphate,4,1,anchorboost,unknown,0.8845114062021114,1.5512680692972665
Isodecyl diphenyl phosphate,4,1,loglinear_interp,unknown,1.0429012060165406,1.6459685802459716
Isodecyl diphenyl phosphate,4,1,hill_per_endpoint,unknown,1.0429012060165406,1.6459685802459716
Isodecyl diphenyl phosphate,4,1,analog_knn,unknown,0.9776045680046082,1.6093658208847046
Kepone,4,1,anchorboost,positive,1.849872177220942,2.121717834953881
Kepone,4,1,loglinear_interp,positive,2.233326959609985,2.537812042236328
Kepone,4,1,hill_per_endpoint,positive,2.233326959609985,2.537812042236328
Kepone,4,1,analog_knn,positive,2.1499232053756714,2.396821212768555
Methimazole,4,1,anchorboost,positive,1.1869013344501185,1.910572980595429
Methimazole,4,1,loglinear_interp,positive,1.3560743093490601,2.0096230030059816
Methimazole,4,1,hill_per_endpoint,positive,1.3560743093490601,2.0096230030059816
Methimazole,4,1,analog_knn,positive,1.3162021160125732,2.0343183994293215
Molinate,4,1,anchorboost,unknown,0.9676116103857424,1.6344775929400304
Molinate,4,1,loglinear_interp,unknown,1.4832812786102294,1.9975684881210327
Molinate,4,1,hill_per_endpoint,unknown,1.4832812786102294,1.9975684881210327
Molinate,4,1,analog_knn,unknown,1.0637791395187377,1.7274715185165406
Octylbicycloheptenedicarboximide,4,1,anchorboost,unknown,1.0480841511643402,1.430223666574924
Octylbicycloheptenedicarboximide,4,1,loglinear_interp,unknown,1.57533757686615,1.8459837675094604
Octylbicycloheptenedicarboximide,4,1,hill_per_endpoint,unknown,1.57533757686615,1.8459837675094604
Octylbicycloheptenedicarboximide,4,1,analog_knn,unknown,1.2114990949630737,1.5814408779144287
Paraquat dichloride,4,1,anchorboost,positive,2.846725867455029,3.0790486215065576
Paraquat dichloride,4,1,loglinear_interp,positive,4.125989627838135,4.296056175231934
Paraquat dichloride,4,1,hill_per_endpoint,positive,4.125989627838135,4.296056175231934
Paraquat dichloride,4,1,analog_knn,positive,2.4636014699935913,2.702648401260376
Perfluoroundecanoic acid,4,1,anchorboost,unknown,0.9820804574983578,1.3057411937861914
Perfluoroundecanoic acid,4,1,loglinear_interp,unknown,1.0872205018997192,1.3972964763641358
Perfluoroundecanoic acid,4,1,hill_per_endpoint,unknown,1.0872205018997192,1.3972964763641358
Perfluoroundecanoic acid,4,1,analog_knn,unknown,1.0129696607589722,1.3413143396377563
Phenobarbital,4,1,anchorboost,positive,1.0632049508099186,1.8027371372442147
Phenobarbital,4,1,loglinear_interp,positive,1.039635694026947,1.7636919975280763
Phenobarbital,4,1,hill_per_endpoint,positive,1.039635694026947,1.7636919975280763
Phenobarbital,4,1,analog_knn,positive,1.2180181741714478,1.8932372093200684
Phenylmercuric acetate,4,1,anchorboost,unknown,1.27536263572869,2.1526637500532675
Phenylmercuric acetate,4,1,loglinear_interp,unknown,1.8757996559143066,2.4341343879699706
Phenylmercuric acetate,4,1,hill_per_endpoint,unknown,1.8757996559143066,2.4341343879699706
Phenylmercuric acetate,4,1,analog_knn,unknown,1.4404949307441712,2.3284913539886474
Phosmet,4,1,anchorboost,unknown,1.30830761518432,1.674505558589803
Phosmet,4,1,loglinear_interp,unknown,2.572544002532959,2.855497694015503
Phosmet,4,1,hill_per_endpoint,unknown,2.572544002532959,2.855497694015503
Phosmet,4,1,analog_knn,unknown,1.7501683235168457,2.0852346897125242
Picoxystrobin,4,1,anchorboost,unknown,1.2711453056115052,1.9338459393871623
Picoxystrobin,4,1,loglinear_interp,unknown,2.860485076904297,3.1972024917602537
Picoxystrobin,4,1,hill_per_endpoint,unknown,2.860485076904297,3.1972024917602537
Picoxystrobin,4,1,analog_knn,unknown,1.5637263059616089,2.1035412549972534
Resmethrin,4,1,anchorboost,unknown,0.92776602203245,1.3582525946071171
Resmethrin,4,1,loglinear_interp,unknown,1.2948013305664063,1.6178343534469604
Resmethrin,4,1,hill_per_endpoint,unknown,1.2948013305664063,1.6178343534469604
Resmethrin,4,1,analog_knn,unknown,1.0101486206054688,1.4441973209381103
Retinoic acid,4,1,anchorboost,positive,1.6913615394823274,2.103308300577467
Retinoic acid,4,1,loglinear_interp,positive,2.043128800392151,2.3520544528961183
Retinoic acid,4,1,hill_per_endpoint,positive,2.043128800392151,2.3520544528961183
Retinoic acid,4,1,analog_knn,positive,1.8024059295654298,2.2210790634155275
Rotenone,4,1,anchorboost,unknown,1.2316428196765075,2.0186282044438846
Rotenone,4,1,loglinear_interp,unknown,2.3986097812652587,2.928696346282959
Rotenone,4,1,hill_per_endpoint,unknown,2.3986097812652587,2.928696346282959
Rotenone,4,1,analog_knn,unknown,1.5776957750320435,2.3430166006088258
Sodium orthovanadate,4,1,anchorboost,positive,1.4411526711997162,2.3179159445291897
Sodium orthovanadate,4,1,loglinear_interp,positive,1.9301936388015748,2.638890790939331
Sodium orthovanadate,4,1,hill_per_endpoint,positive,1.9301936388015748,2.638890790939331
Sodium orthovanadate,4,1,analog_knn,positive,1.2787010431289674,2.240359354019165
Tebupirimfos,4,1,anchorboost,unknown,1.3959007472,1.7312894852904546
Tebupirimfos,4,1,loglinear_interp,unknown,2.1626093864440916,2.4889853477478026
Tebupirimfos,4,1,hill_per_endpoint,unknown,2.1626093864440916,2.4889853477478026
Tebupirimfos,4,1,analog_knn,unknown,1.9124912023544312,2.1981362104415894
Triphenyl phosphate,4,1,anchorboost,unknown,0.9830441607979227,2.1639965890275366
Triphenyl phosphate,4,1,loglinear_interp,unknown,1.2894147276878356,2.534410095214844
Triphenyl phosphate,4,1,hill_per_endpoint,unknown,1.2894147276878356,2.534410095214844
Triphenyl phosphate,4,1,analog_knn,unknown,0.9845064997673034,2.1627360343933106
Triphenyl phosphite,4,1,anchorboost,unknown,0.90659412372622,1.360889857178151
Triphenyl phosphite,4,1,loglinear_interp,unknown,1.0128737926483153,1.4304964542388916
Triphenyl phosphite,4,1,hill_per_endpoint,unknown,1.0128737926483153,1.4304964542388916
Triphenyl phosphite,4,1,analog_knn,unknown,1.1886329174041748,1.6113048553466798
Tris(2-chloroisopropyl)phosphate,4,1,anchorboost,unknown,1.0000693285042261,1.4157016684848356
Tris(2-chloroisopropyl)phosphate,4,1,loglinear_interp,unknown,1.0871420860290528,1.4798675537109376
Tris(2-chloroisopropyl)phosphate,4,1,hill_per_endpoint,unknown,1.0871420860290528,1.4798675537109376
Tris(2-chloroisopropyl)phosphate,4,1,analog_knn,unknown,1.1446502923965454,1.5454105615615845
Valinomycin,4,1,anchorboost,unknown,3.0682805655483403,3.4155868175556625
Valinomycin,4,1,loglinear_interp,unknown,2.243958568572998,2.355162000656128
Valinomycin,4,1,hill_per_endpoint,unknown,2.243958568572998,2.355162000656128
Valinomycin,4,1,analog_knn,unknown,3.6427408695220946,4.021770715713501
tert-Butylphenyl diphenyl phosphate,4,1,anchorboost,unknown,1.4100686714916542,2.104482753464667
tert-Butylphenyl diphenyl phosphate,4,1,loglinear_interp,unknown,2.1112380504608153,2.668429899215698
tert-Butylphenyl diphenyl phosphate,4,1,hill_per_endpoint,unknown,2.1112380504608153,2.668429899215698
tert-Butylphenyl diphenyl phosphate,4,1,analog_knn,unknown,1.434201216697693,2.1194376945495605
1-Ethyl-3-methyl-1H-imidazol-3-ium diethyl phosphate,0,2,anchorboost,unknown,0.9735757033972423,1.4331722888205296
1-Ethyl-3-methyl-1H-imidazol-3-ium diethyl phosphate,0,2,loglinear_interp,unknown,1.0049242615699767,1.4496931076049804
1-Ethyl-3-methyl-1H-imidazol-3-ium diethyl phosphate,0,2,hill_per_endpoint,unknown,1.0049242615699767,1.4496931076049804
1-Ethyl-3-methyl-1H-imidazol-3-ium diethyl phosphate,0,2,analog_knn,unknown,1.1295953273773194,1.5742724180221557
"1H,1H,2H,2H-Perfluorooctyl iodide",0,2,anchorboost,unknown,0.6535451731387137,1.1638263487202731
"1H,1H,2H,2H-Perfluorooctyl iodide",0,2,loglinear_interp,unknown,0.7814040303230285,1.2502429723739623
"1H,1H,2H,2H-Perfluorooctyl iodide",0,2,hill_per_endpoint,unknown,0.7814040303230285,1.2502429723739623
"1H,1H,2H,2H-Perfluorooctyl iodide",0,2,analog_knn,unknown,0.7601823329925537,1.2432342767715454
"2,2',4,4',5,5'-Hexabromodiphenyl ether",0,2,anchorboost,positive,1.3626284156464554,1.9628887284707588
"2,2',4,4',5,5'-Hexabromodiphenyl ether",0,2,loglinear_interp,positive,1.4775149345397949,2.0271907806396485
"2,2',4,4',5,5'-Hexabromodiphenyl ether",0,2,hill_per_endpoint,positive,1.4775149345397949,2.0271907806396485
"2,2',4,4',5,5'-Hexabromodiphenyl ether",0,2,analog_knn,positive,1.4336069107055665,2.022014880180359
"2,2',4,4',5-Pentabromodiphenyl ether",0,2,anchorboost,positive,1.6415473065219626,2.1354506192168907
"2,2',4,4',5-Pentabromodiphenyl ether",0,2,loglinear_interp,positive,1.9155672550201417,2.367689323425293
"2,2',4,4',5-Pentabromodiphenyl ether",0,2,hill_per_endpoint,positive,1.9155672550201417,2.367689323425293
"2,2',4,4',5-Pentabromodiphenyl ether",0,2,analog_knn,positive,1.7707459211349488,2.2210269927978517
"2,2',4,4'-Tetrabromodiphenyl ether",0,2,anchorboost,positive,1.427354195898642,2.27606257746727
"2,2',4,4'-Tetrabromodiphenyl ether",0,2,loglinear_interp,positive,1.5058689355850219,2.35262393951416
"2,2',4,4'-Tetrabromodiphenyl ether",0,2,hill_per_endpoint,positive,1.5058689355850219,2.35262393951416
"2,2',4,4'-Tetrabromodiphenyl ether",0,2,analog_knn,positive,1.6788007736206054,2.3806787014007567
2-Methoxyethanol,0,2,anchorboost,unknown,0.8090616513289024,1.3047145394025743
2-Methoxyethanol,0,2,loglinear_interp,unknown,0.9317330360412598,1.3841654300689696
2-Methoxyethanol,0,2,hill_per_endpoint,unknown,0.9317330360412598,1.3841654300689696
2-Methoxyethanol,0,2,analog_knn,unknown,0.9167685627937316,1.3852197647094726
"3,3'-Iminobispropanenitrile",0,2,anchorboost,positive,0.6771118140228507,1.1530378453798389
"3,3'-Iminobispropanenitrile",0,2,loglinear_interp,positive,0.8606304287910461,1.2561800718307494
"3,3'-Iminobispropanenitrile",0,2,hill_per_endpoint,positive,0.8606304287910461,1.2561800718307494
"3,3'-Iminobispropanenitrile",0,2,analog_knn,positive,0.7885950207710266,1.245992660522461
4H-Cyclopenta(def)phenanthrene,0,2,anchorboost,unknown,0.8411889577223924,1.3425695314328372
4H-Cyclopenta(def)phenanthrene,0,2,loglinear_interp,unknown,0.856779944896698,1.367177128791809
4H-Cyclopenta(def)phenanthrene,0,2,hill_per_endpoint,unknown,0.856779944896698,1.367177128791809
4H-Cyclopenta(def)phenanthrene,0,2,analog_knn,unknown,0.9695664525032044,1.4279090642929078
6-Propyl-2-thiouracil,0,2,anchorboost,positive,1.4633656937631827,1.8970849684861921
6-Propyl-2-thiouracil,0,2,loglinear_interp,positive,1.7449790716171265,2.1330487966537475
6-Propyl-2-thiouracil,0,2,hill_per_endpoint,positive,1.7449790716171265,2.1330487966537475
6-Propyl-2-thiouracil,0,2,analog_knn,positive,1.5859890937805177,1.9607093334197998
Acrylamide,0,2,anchorboost,positive,0.8226707143948182,1.526221793069535
Acrylamide,0,2,loglinear_interp,positive,1.0079051852226257,1.653967523574829
Acrylamide,0,2,hill_per_endpoint,positive,1.0079051852226257,1.653967523574829
Acrylamide,0,2,analog_knn,positive,0.90990731716156,1.585828423500061
Aldrin,0,2,anchorboost,unknown,1.6495398867316529,1.8853733822995937
Aldrin,0,2,loglinear_interp,unknown,2.1448715686798097,2.3609879493713377
Aldrin,0,2,hill_per_endpoint,unknown,2.1448715686798097,2.3609879493713377
Aldrin,0,2,analog_knn,unknown,1.658381414413452,1.9182743787765504
Benz(a)anthracene,0,2,anchorboost,unknown,0.9666260501732381,1.5175734045090048
Benz(a)anthracene,0,2,loglinear_interp,unknown,1.1965950012207032,1.696389102935791
Benz(a)anthracene,0,2,hill_per_endpoint,unknown,1.1965950012207032,1.696389102935791
Benz(a)anthracene,0,2,analog_knn,unknown,0.9761114001274109,1.5404825448989867
"Benzo[g,h,i]perylene",0,2,anchorboost,unknown,1.1082578088883395,1.6828843175666783
"Benzo[g,h,i]perylene",0,2,loglinear_interp,unknown,1.0817824244499206,1.6716812372207641
"Benzo[g,h,i]perylene",0,2,hill_per_endpoint,unknown,1.0817824244499206,1.6716812372207641
"Benzo[g,h,i]perylene",0,2,analog_knn,unknown,1.2170856952667237,1.7009557723999023
Boric acid (H3BO3),0,2,anchorboost,unknown,0.7886162418821787,1.2822819947036084
Boric acid (H3BO3),0,2,loglinear_interp,unknown,0.942922568321228,1.3914088249206542
Boric acid (H3BO3),0,2,hill_per_endpoint,unknown,0.942922568321228,1.3914088249206542
Boric acid (H3BO3),0,2,analog_knn,unknown,0.8736613392829895,1.3690573453903199
Boscalid,0,2,anchorboost,unknown,0.6762250560160608,1.4338367828427967
Boscalid,0,2,loglinear_interp,unknown,0.8512156367301941,1.5484816789627076
Boscalid,0,2,hill_per_endpoint,unknown,0.8512156367301941,1.5484816789627076
Boscalid,0,2,analog_knn,unknown,0.7872355222702027,1.4911635875701905
CP-457920,0,2,anchorboost,unknown,1.0056553393654835,1.5016780272991765
CP-457920,0,2,loglinear_interp,unknown,1.343899941444397,1.7424066543579102
CP-457920,0,2,hill_per_endpoint,unknown,1.343899941444397,1.7424066543579102
CP-457920,0,2,analog_knn,unknown,1.1282278776168824,1.6109297275543213
Chlorpyrifos,0,2,anchorboost,positive,1.571331166831396,2.030614688439205
Chlorpyrifos,0,2,loglinear_interp,positive,1.8860726833343506,2.248271942138672
Chlorpyrifos,0,2,hill_per_endpoint,positive,1.8860726833343506,2.248271942138672
Chlorpyrifos,0,2,analog_knn,positive,1.7761789083480835,2.142947816848755
Cyfluthrin,0,2,anchorboost,unknown,0.881607728995589,1.4069430893778136
Cyfluthrin,0,2,loglinear_interp,unknown,1.9730268001556397,2.2971847295761108
Cyfluthrin,0,2,hill_per_endpoint,unknown,1.9730268001556397,2.2971847295761108
Cyfluthrin,0,2,analog_knn,unknown,0.9796223878860474,1.4683040618896483
Cytarabine,0,2,anchorboost,positive,1.5368692398516681,2.173820715403139
Cytarabine,0,2,loglinear_interp,positive,2.675913906097412,3.182880973815918
Cytarabine,0,2,hill_per_endpoint,positive,2.675913906097412,3.182880973815918
Cytarabine,0,2,analog_knn,positive,1.7206552267074584,2.308708643913269
"Dibenz[a,h]anthracene",0,2,anchorboost,unknown,0.9783267545548974,1.3784650388636517
"Dibenz[a,h]anthracene",0,2,loglinear_interp,unknown,0.8905090928077698,1.3046204805374146
"Dibenz[a,h]anthracene",0,2,hill_per_endpoint,unknown,0.8905090928077698,1.3046204805374146
"Dibenz[a,h]anthracene",0,2,analog_knn,unknown,1.0479160785675048,1.4347101688385009
Disulfoton,0,2,anchorboost,unknown,0.6712371623390954,1.2055214438416426
Disulfoton,0,2,loglinear_interp,unknown,0.7689395308494568,1.257871890068054
Disulfoton,0,2,hill_per_endpoint,unknown,0.7689395308494568,1.257871890068054
Disulfoton,0,2,analog_knn,unknown,0.8654440999031067,1.3792720794677735
Enadoline,0,2,anchorboost,unknown,1.3204581554438175,1.7128018069301736
Enadoline,0,2,loglinear_interp,unknown,1.654848051071167,1.9514171600341796
Enadoline,0,2,hill_per_endpoint,unknown,1.654848051071167,1.9514171600341796
Enadoline,0,2,analog_knn,unknown,1.427849817276001,1.8124478578567504
Erythromycin,0,2,anchorboost,negative,0.9324012138045804,1.8040825620801613
Erythromycin,0,2,loglinear_interp,negative,1.197877836227417,1.991179394721985
Erythromycin,0,2,hill_per_endpoint,negative,1.197877836227417,1.991179394721985
Erythromycin,0,2,analog_knn,negative,1.0013110518455506,1.8044442892074586
Ethoprop,0,2,anchorboost,unknown,1.2221015055338742,1.7757390921492846
Ethoprop,0,2,loglinear_interp,unknown,1.7858794689178468,2.2736251592636108
Ethoprop,0,2,hill_per_endpoint,unknown,1.7858794689178468,2.2736251592636108
Ethoprop,0,2,analog_knn,unknown,1.5241145372390748,2.03320689201355
Fenamiphos,0,2,anchorboost,unknown,1.0110233298788256,1.7049161976682872
Fenamiphos,0,2,loglinear_interp,unknown,1.1253129243850708,1.7874630451202393
Fenamiphos,0,2,hill_per_endpoint,unknown,1.1253129243850708,1.7874630451202393
Fenamiphos,0,2,analog_knn,unknown,1.1324946880340576,1.7715898275375366
Fluconazole,0,2,anchorboost,negative,0.9686833187668812,1.5128822100363601
Fluconazole,0,2,loglinear_interp,negative,1.1322633504867554,1.6379945755004883
Fluconazole,0,2,hill_per_endpoint,negative,1.1322633504867554,1.6379945755004883
Fluconazole,0,2,analog_knn,negative,0.9904392242431641,1.5304028511047363
Flufenacet,0,2,anchorboost,unknown,0.8610369472760875,1.355280813397267
Flufenacet,0,2,loglinear_interp,unknown,0.9830279350280762,1.4364471673965453
Flufenacet,0,2,hill_per_endpoint,unknown,0.9830279350280762,1.4364471673965453
Flufenacet,0,2,analog_knn,unknown,0.9081960201263428,1.4010353088378906
Fluoxastrobin,0,2,anchorboost,unknown,0.9404184052587382,1.5602337328547748
Fluoxastrobin,0,2,loglinear_interp,unknown,2.2157644510269163,2.5816815376281737
Fluoxastrobin,0,2,hill_per_endpoint,unknown,2.2157644510269163,2.5816815376281737
Fluoxastrobin,0,2,analog_knn,unknown,1.0534736037254333,1.5994584560394287
Fluoxetine hydrochloride,0,2,anchorboost,positive,1.2646781585461924,1.638088763417084
Fluoxetine hydrochloride,0,2,loglinear_interp,positive,2.171818256378174,2.4578980684280394
Fluoxetine hydrochloride,0,2,hill_per_endpoint,positive,2.171818256378174,2.4578980684280394
Fluoxetine hydrochloride,0,2,analog_knn,positive,1.6015315055847168,1.942279314994812
Flusilazole,0,2,anchorboost,unknown,1.4039016233295,1.6353842192556391
Flusilazole,0,2,loglinear_interp,unknown,1.8731375932693481,2.12298903465271
Flusilazole,0,2,hill_per_endpoint,unknown,1.8731375932693481,2.12298903465271
Flusilazole,0,2,analog_knn,unknown,1.537381935119629,1.7461431741714477
Glyphosate,0,2,anchorboost,negative,1.407722315805024,1.810353745718458
Glyphosate,0,2,loglinear_interp,negative,1.2935672283172608,1.7005145311355592
Glyphosate,0,2,hill_per_endpoint,negative,1.2935672283172608,1.7005145311355592
Glyphosate,0,2,analog_knn,negative,1.536611294746399,1.9235450267791747
Hydroxyurea,0,2,anchorboost,positive,1.2613726509939847,1.8063120938870267
Hydroxyurea,0,2,loglinear_interp,positive,1.413319754600525,1.907931113243103
Hydroxyurea,0,2,hill_per_endpoint,positive,1.413319754600525,1.907931113243103
Hydroxyurea,0,2,analog_knn,positive,1.371502661705017,1.8784313440322875
Isoniazid,0,2,anchorboost,unknown,1.2360728597705304,1.8187282049268212
Isoniazid,0,2,loglinear_interp,unknown,1.2596019983291626,1.819240355491638
Isoniazid,0,2,hill_per_endpoint,unknown,1.2596019983291626,1.819240355491638
Isoniazid,0,2,analog_knn,unknown,1.3490872621536254,1.9113633632659912
L-Domoic acid,0,2,anchorboost,positive,1.6889175106095498,2.2179090892686983
L-Domoic acid,0,2,loglinear_interp,positive,2.3045645475387575,2.6083086490631104
L-Domoic acid,0,2,hill_per_endpoint,positive,2.3045645475387575,2.6083086490631104
L-Domoic acid,0,2,analog_knn,positive,2.2266438007354736,2.5253763675689695
Lactofen,0,2,anchorboost,unknown,0.8603891746166201,1.3472896598511224
Lactofen,0,2,loglinear_interp,unknown,0.9829621911048889,1.444699215888977
Lactofen,0,2,hill_per_endpoint,unknown,0.9829621911048889,1.444699215888977
Lactofen,0,2,analog_knn,unknown,0.940739631652832,1.4119387865066528
Lovastatin,0,2,anchorboost,unknown,2.038331488150408,2.9892547864881394
Lovastatin,0,2,loglinear_interp,unknown,2.8757896900177,3.6632248878479006
Lovastatin,0,2,hill_per_endpoint,unknown,2.8757896900177,3.6632248878479006
Lovastatin,0,2,analog_knn,unknown,1.9848691940307617,2.8951180934906007
Methadone hydrochloride,0,2,anchorboost,positive,1.439057904302511,1.8453025589709604
Methadone hydrochloride,0,2,loglinear_interp,positive,1.6612741231918335,2.028621482849121
Methadone hydrochloride,0,2,hill_per_endpoint,positive,1.6612741231918335,2.028621482849121
Methadone hydrochloride,0,2,analog_knn,positive,1.457152795791626,1.8694453239440918
Methotrexate,0,2,anchorboost,positive,2.7896112077736523,2.7714498979374804
Methotrexate,0,2,loglinear_interp,positive,1.3956047773361206,1.3725777387619018
Methotrexate,0,2,hill_per_endpoint,positive,1.3956047773361206,1.3725777387619018
Methotrexate,0,2,analog_knn,positive,3.2861424922943114,3.29431529045105
Naphthalene,0,2,anchorboost,unknown,1.076277003195997,1.5146234737416475
Naphthalene,0,2,loglinear_interp,unknown,1.1551353931427002,1.5891674518585206
Naphthalene,0,2,hill_per_endpoint,unknown,1.1551353931427002,1.5891674518585206
Naphthalene,0,2,analog_knn,unknown,1.102654016017914,1.545656418800354
Omethoate,0,2,anchorboost,unknown,1.0992959603444217,1.4714829039392605
Omethoate,0,2,loglinear_interp,unknown,1.1471585750579834,1.4803304195404052
Omethoate,0,2,hill_per_endpoint,unknown,1.1471585750579834,1.4803304195404052
Omethoate,0,2,analog_knn,unknown,1.0492329835891723,1.4202560424804687
Phenobarbital sodium,0,2,anchorboost,positive,0.9567548783925025,1.4724508914389909
Phenobarbital sodium,0,2,loglinear_interp,positive,1.1187355995178223,1.5968246698379516
Phenobarbital sodium,0,2,hill_per_endpoint,positive,1.1187355995178223,1.5968246698379516
Phenobarbital sodium,0,2,analog_knn,positive,1.062153160572052,1.5654258012771607
Pirimiphos-methyl,0,2,anchorboost,unknown,1.5590710310135543,1.9339092303150103
Pirimiphos-methyl,0,2,loglinear_interp,unknown,2.0629898071289063,2.4245105504989626
Pirimiphos-methyl,0,2,hill_per_endpoint,unknown,2.0629898071289063,2.4245105504989626
Pirimiphos-methyl,0,2,analog_knn,unknown,1.6282627820968627,1.998402738571167
Pyraclostrobin,0,2,anchorboost,unknown,1.7668516357746076,2.3575725534593244
Pyraclostrobin,0,2,loglinear_interp,unknown,2.703882122039795,3.054670000076294
Pyraclostrobin,0,2,hill_per_endpoint,unknown,2.703882122039795,3.054670000076294
Pyraclostrobin,0,2,analog_knn,unknown,2.475216102600098,2.9485504150390627
Sodium benzoate,0,2,anchorboost,negative,0.9213624126102076,1.3501434018726415
Sodium benzoate,0,2,loglinear_interp,negative,1.02643563747406,1.4201452493667603
Sodium benzoate,0,2,hill_per_endpoint,negative,1.02643563747406,1.4201452493667603
Sodium benzoate,0,2,analog_knn,negative,1.069179630279541,1.4800447702407837
Spirodiclofen,0,2,anchorboost,unknown,0.589900443505343,1.0551485473515079
Spirodiclofen,0,2,loglinear_interp,unknown,0.7060968160629273,1.134977149963379
Spirodiclofen,0,2,hill_per_endpoint,unknown,0.7060968160629273,1.134977149963379
Spirodiclofen,0,2,analog_knn,unknown,0.6312451243400574,1.1050250053405761
Thiacloprid,0,2,anchorboost,unknown,0.9903894548161473,1.468935947719332
Thiacloprid,0,2,loglinear_interp,unknown,1.1353764533996582,1.5763858556747437
Thiacloprid,0,2,hill_per_endpoint,unknown,1.1353764533996582,1.5763858556747437
Thiacloprid,0,2,analog_knn,unknown,1.0551511645317078,1.527612853050232
Triclosan,0,2,anchorboost,unknown,1.7986712268200349,2.128561962573711
Triclosan,0,2,loglinear_interp,unknown,2.0150683641433718,2.325600028038025
Triclosan,0,2,hill_per_endpoint,unknown,2.0150683641433718,2.325600028038025
Triclosan,0,2,analog_knn,unknown,1.8086002111434936,2.0945462226867675
Triethyltin bromide,0,2,anchorboost,positive,1.8571661752889281,2.217470924987923
Triethyltin bromide,0,2,loglinear_interp,positive,2.1734496355056763,2.4777875423431395
Triethyltin bromide,0,2,hill_per_endpoint,positive,2.1734496355056763,2.4777875423431395
Triethyltin bromide,0,2,analog_knn,positive,2.1861059188842775,2.5232635974884032
"p,p'-DDE",0,2,anchorboost,positive,1.0926805952818937,1.7407415653716434
"p,p'-DDE",0,2,loglinear_interp,positive,1.6104934692382813,2.1384520530700684
"p,p'-DDE",0,2,hill_per_endpoint,positive,1.6104934692382813,2.1384520530700684
"p,p'-DDE",0,2,analog_knn,positive,1.3034713983535766,1.9168827295303346
(Methylcyclopentadienyl)tricarbonylmanganese,1,2,anchorboost,unknown,1.001255653433894,1.4549017215965858
(Methylcyclopentadienyl)tricarbonylmanganese,1,2,loglinear_interp,unknown,1.3127542018890381,1.663377594947815
(Methylcyclopentadienyl)tricarbonylmanganese,1,2,hill_per_endpoint,unknown,1.3127542018890381,1.663377594947815
(Methylcyclopentadienyl)tricarbonylmanganese,1,2,analog_knn,unknown,1.1202799558639527,1.5810859441757201
"1,2-Propylene glycol",1,2,anchorboost,negative,1.5706351230399598,2.338175984540998
"1,2-Propylene glycol",1,2,loglinear_interp,negative,1.6707706689834594,2.492383432388306
"1,2-Propylene glycol",1,2,hill_per_endpoint,negative,1.6707706689834594,2.492383432388306
"1,2-Propylene glycol",1,2,analog_knn,negative,1.5246240377426148,2.272505187988281
5-Chloro-2-methyl-3(2H)-isothiazolone,1,2,anchorboost,unknown,1.83251403476006,2.151959156434446
5-Chloro-2-methyl-3(2H)-isothiazolone,1,2,loglinear_interp,unknown,2.0966004848480226,2.402505612373352
5-Chloro-2-methyl-3(2H)-isothiazolone,1,2,hill_per_endpoint,unknown,2.0966004848480226,2.402505612373352
5-Chloro-2-methyl-3(2H)-isothiazolone,1,2,analog_knn,unknown,1.8098742485046386,2.115751266479492
5-Fluorouracil,1,2,anchorboost,positive,1.8199558808889524,2.118855168524703
5-Fluorouracil,1,2,loglinear_interp,positive,2.9342636346817015,3.231746530532837
5-Fluorouracil,1,2,hill_per_endpoint,positive,2.9342636346817015,3.231746530532837
5-Fluorouracil,1,2,analog_knn,positive,2.2799057960510254,2.552688479423523
Acephate,1,2,anchorboost,unknown,1.4401358655628378,1.8706988511319895
Acephate,1,2,loglinear_interp,unknown,1.0626292824745178,1.498779797554016
Acephate,1,2,hill_per_endpoint,unknown,1.0626292824745178,1.498779797554016
Acephate,1,2,analog_knn,unknown,1.3115077018737793,1.7198138236999512
Acetaminophen,1,2,anchorboost,unknown,0.46612936336399696,1.5300123097122953
Acetaminophen,1,2,loglinear_interp,unknown,0.45369669795036316,1.5341085195541382
Acetaminophen,1,2,hill_per_endpoint,unknown,0.45369669795036316,1.5341085195541382
Acetaminophen,1,2,analog_knn,unknown,0.6630322933197021,1.6190611362457275
Aspirin,1,2,anchorboost,negative,0.7675363979563014,1.5694899839811443
Aspirin,1,2,loglinear_interp,negative,0.7804057359695434,1.6088693618774415
Aspirin,1,2,hill_per_endpoint,negative,0.7804057359695434,1.6088693618774415
Aspirin,1,2,analog_knn,negative,0.9536455512046814,1.685677433013916
Auramine hydrochloride,1,2,anchorboost,unknown,1.8312492852299875,2.4905175818956957
Auramine hydrochloride,1,2,loglinear_interp,unknown,2.3297139167785645,2.9400292873382567
Auramine hydrochloride,1,2,hill_per_endpoint,unknown,2.3297139167785645,2.9400292873382567
Auramine hydrochloride,1,2,analog_knn,unknown,1.8410701751708984,2.5016171455383303
Benzo[k]fluoranthene,1,2,anchorboost,unknown,0.921426933106656,1.4143359632975827
Benzo[k]fluoranthene,1,2,loglinear_interp,unknown,1.0286388278007508,1.4858059406280517
Benzo[k]fluoranthene,1,2,hill_per_endpoint,unknown,1.0286388278007508,1.4858059406280517
Benzo[k]fluoranthene,1,2,analog_knn,unknown,1.0374060153961182,1.489358377456665
Berberine chloride,1,2,anchorboost,unknown,0.9508667652673817,1.3610842146856004
Berberine chloride,1,2,loglinear_interp,unknown,1.9878236174583435,2.329080271720886
Berberine chloride,1,2,hill_per_endpoint,unknown,1.9878236174583435,2.329080271720886
Berberine chloride,1,2,analog_knn,unknown,1.4057992100715637,1.7464885711669922
Bifenthrin,1,2,anchorboost,unknown,1.2599581962159188,1.5381847520099157
Bifenthrin,1,2,loglinear_interp,unknown,2.168267583847046,2.4042725801467895
Bifenthrin,1,2,hill_per_endpoint,unknown,2.168267583847046,2.4042725801467895
Bifenthrin,1,2,analog_knn,unknown,1.6939084768295287,1.994324231147766
Bis(tributyltin)oxide,1,2,anchorboost,positive,2.1997683353519606,2.415820070941801
Bis(tributyltin)oxide,1,2,loglinear_interp,positive,3.102206516265869,3.2877578258514406
Bis(tributyltin)oxide,1,2,hill_per_endpoint,positive,3.102206516265869,3.2877578258514406
Bis(tributyltin)oxide,1,2,analog_knn,positive,3.4757503509521483,3.660760927200317
Bisindolylmaleimide I,1,2,anchorboost,positive,1.2257601703592607,2.0802509649742733
Bisindolylmaleimide I,1,2,loglinear_interp,positive,1.9589922904968262,2.638399076461792
Bisindolylmaleimide I,1,2,hill_per_endpoint,positive,1.9589922904968262,2.638399076461792
Bisindolylmaleimide I,1,2,analog_knn,positive,1.3719573020935059,2.2013433456420897
Bisphenol A,1,2,anchorboost,positive,1.0198560782416337,1.7060583894766865
Bisphenol A,1,2,loglinear_interp,positive,1.1835371017456056,1.850645399093628
Bisphenol A,1,2,hill_per_endpoint,positive,1.1835371017456056,1.850645399093628
Bisphenol A,1,2,analog_knn,positive,1.2838987588882447,1.8650042533874511
Busulfan,1,2,anchorboost,unknown,0.8691091413037583,1.2517202127321974
Busulfan,1,2,loglinear_interp,unknown,0.8156007170677185,1.2174768447875977
Busulfan,1,2,hill_per_endpoint,unknown,0.8156007170677185,1.2174768447875977
Busulfan,1,2,analog_knn,unknown,0.9299652338027954,1.3043035984039306
Caffeine,1,2,anchorboost,positive,1.1158603753440925,1.592559079665092
Caffeine,1,2,loglinear_interp,positive,1.2122172355651855,1.6664281129837035
Caffeine,1,2,hill_per_endpoint,positive,1.2122172355651855,1.6664281129837035
Caffeine,1,2,analog_knn,positive,1.2123493194580077,1.6789950370788573
Chlordiazepoxide hydrochloride,1,2,anchorboost,positive,1.6499385345697157,2.1836482162814503
Chlordiazepoxide hydrochloride,1,2,loglinear_interp,positive,2.2325785398483275,2.695840358734131
Chlordiazepoxide hydrochloride,1,2,hill_per_endpoint,positive,2.2325785398483275,2.695840358734131
Chlordiazepoxide hydrochloride,1,2,analog_knn,positive,1.7314738273620605,2.2875517845153808
Cyclophosphamide monohydrate,1,2,anchorboost,positive,1.130603993188395,1.5992186891174085
Cyclophosphamide monohydrate,1,2,loglinear_interp,positive,1.2704251289367676,1.7137889385223388
Cyclophosphamide monohydrate,1,2,hill_per_endpoint,positive,1.2704251289367676,1.7137889385223388
Cyclophosphamide monohydrate,1,2,analog_knn,positive,1.102166724205017,1.5672263860702516
Cymoxanil,1,2,anchorboost,unknown,0.5646468703127041,1.2950586326979099
Cymoxanil,1,2,loglinear_interp,unknown,0.6112895488739014,1.3205901622772216
Cymoxanil,1,2,hill_per_endpoint,unknown,0.6112895488739014,1.3205901622772216
Cymoxanil,1,2,analog_knn,unknown,0.6872174978256226,1.3660868883132935
Diazepam,1,2,anchorboost,positive,1.4107124862299922,1.8854402671160486
Diazepam,1,2,loglinear_interp,positive,1.5749544620513916,2.0486007928848267
Diazepam,1,2,hill_per_endpoint,positive,1.5749544620513916,2.0486007928848267
Diazepam,1,2,analog_knn,positive,1.7964503526687623,2.213432264328003
Diazoxon,1,2,anchorboost,unknown,1.34784024003356,1.8573684008573477
Diazoxon,1,2,loglinear_interp,unknown,0.9633203387260437,1.4912765979766847
Diazoxon,1,2,hill_per_endpoint,unknown,0.9633203387260437,1.4912765979766847
Diazoxon,1,2,analog_knn,unknown,1.2583017826080323,1.7305975437164307
Diethylene glycol,1,2,anchorboost,negative,0.9185907668115945,1.3818423005003222
Diethylene glycol,1,2,loglinear_interp,negative,1.1597785234451294,1.5491681098937988
Diethylene glycol,1,2,hill_per_endpoint,negative,1.1597785234451294,1.5491681098937988
Diethylene glycol,1,2,analog_knn,negative,0.9134068131446839,1.3892298936843872
Diethylstilbestrol,1,2,anchorboost,positive,1.0534038774719847,1.6292484165814585
Diethylstilbestrol,1,2,loglinear_interp,positive,1.485643744468689,1.979602074623108
Diethylstilbestrol,1,2,hill_per_endpoint,positive,1.485643744468689,1.979602074623108
Diethylstilbestrol,1,2,analog_knn,positive,1.3016025066375732,1.8027755975723267
Difpas-pyrazole,1,2,anchorboost,unknown,1.3849092992925938,1.8893431502621092
Difpas-pyrazole,1,2,loglinear_interp,unknown,1.6389532327651977,2.1237916469573976
Difpas-pyrazole,1,2,hill_per_endpoint,unknown,1.6389532327651977,2.1237916469573976
Difpas-pyrazole,1,2,analog_knn,unknown,1.4205976724624634,1.9205146074295043
Dimethoate,1,2,anchorboost,unknown,0.857796122473812,1.2844275930280784
Dimethoate,1,2,loglinear_interp,unknown,1.5498311042785644,1.876330518722534
Dimethoate,1,2,hill_per_endpoint,unknown,1.5498311042785644,1.876330518722534
Dimethoate,1,2,analog_knn,unknown,1.1324392318725587,1.5497554540634155
Endosulfan,1,2,anchorboost,unknown,2.25427017056778,2.5280289817197965
Endosulfan,1,2,loglinear_interp,unknown,2.6607101917266847,2.9003628730773925
Endosulfan,1,2,hill_per_endpoint,unknown,2.6607101917266847,2.9003628730773925
Endosulfan,1,2,analog_knn,unknown,2.323786902427673,2.5876057147979736
Endrin,1,2,anchorboost,unknown,1.4173768142974383,1.7005631941968051
Endrin,1,2,loglinear_interp,unknown,1.616938042640686,1.8712123394012452
Endrin,1,2,hill_per_endpoint,unknown,1.616938042640686,1.8712123394012452
Endrin,1,2,analog_knn,unknown,1.4061842203140258,1.7031313896179199
Fenitrothion,1,2,anchorboost,unknown,0.7346322793148972,1.3356787783279602
Fenitrothion,1,2,loglinear_interp,unknown,0.8348474860191345,1.3946585178375244
Fenitrothion,1,2,hill_per_endpoint,unknown,0.8348474860191345,1.3946585178375244
Fenitrothion,1,2,analog_knn,unknown,0.8102852463722229,1.3945147037506103
Loperamide,1,2,anchorboost,positive,2.008477027415233,2.832079689693669
Loperamide,1,2,loglinear_interp,positive,3.2460628747940063,3.976162815093994
Loperamide,1,2,hill_per_endpoint,positive,3.2460628747940063,3.976162815093994
Loperamide,1,2,analog_knn,positive,2.1855437040328978,3.025398778915405
Malaoxon,1,2,anchorboost,unknown,1.4539173617677292,1.8097192733368062
Malaoxon,1,2,loglinear_interp,unknown,0.9906587481498719,1.4204910516738891
Malaoxon,1,2,hill_per_endpoint,unknown,0.9906587481498719,1.4204910516738891
Malaoxon,1,2,analog_knn,unknown,1.2658323049545288,1.5870046615600586
Methoxychlor,1,2,anchorboost,unknown,1.3624068272731091,1.8535953034836854
Methoxychlor,1,2,loglinear_interp,unknown,1.7008781433105469,2.1482229232788086
Methoxychlor,1,2,hill_per_endpoint,unknown,1.7008781433105469,2.1482229232788086
Methoxychlor,1,2,analog_knn,unknown,1.4992300748825074,1.9924169778823853
Naled,1,2,anchorboost,unknown,1.4153718491515173,1.6228439792919425
Naled,1,2,loglinear_interp,unknown,2.176636815071106,2.33090193271637
Naled,1,2,hill_per_endpoint,unknown,2.176636815071106,2.33090193271637
Naled,1,2,analog_knn,unknown,1.5974014520645141,1.7796323776245118
Oxidopamine hydrochloride,1,2,anchorboost,unknown,1.4931561603420063,1.9718073082415564
Oxidopamine hydrochloride,1,2,loglinear_interp,unknown,1.9730753898620605,2.306070899963379
Oxidopamine hydrochloride,1,2,hill_per_endpoint,unknown,1.9730753898620605,2.306070899963379
Oxidopamine hydrochloride,1,2,analog_knn,unknown,1.522957158088684,1.9978304386138916
Permethrin,1,2,anchorboost,positive,1.8853525488238119,2.3467827650885376
Permethrin,1,2,loglinear_interp,positive,2.183378219604492,2.5902657508850098
Permethrin,1,2,hill_per_endpoint,positive,2.183378219604492,2.5902657508850098
Permethrin,1,2,analog_knn,positive,1.8612338781356812,2.305142569541931
PharmaGSID_47330,1,2,anchorboost,unknown,1.1766131940391702,1.6401330487243375
PharmaGSID_47330,1,2,loglinear_interp,unknown,1.714251732826233,2.0179792165756227
PharmaGSID_47330,1,2,hill_per_endpoint,unknown,1.714251732826233,2.0179792165756227
PharmaGSID_47330,1,2,analog_knn,unknown,1.252940261363983,1.7232721328735352
Phenanthrene,1,2,anchorboost,unknown,0.5616045652525348,1.3133207160539047
Phenanthrene,1,2,loglinear_interp,unknown,0.6093498110771179,1.3569195985794067
Phenanthrene,1,2,hill_per_endpoint,unknown,0.6093498110771179,1.3569195985794067
Phenanthrene,1,2,analog_knn,unknown,0.702525794506073,1.4339462041854858
Pravastatin sodium,1,2,anchorboost,unknown,1.9835555821295792,2.378604017647235
Pravastatin sodium,1,2,loglinear_interp,unknown,2.525124502182007,2.9163427352905273
Pravastatin sodium,1,2,hill_per_endpoint,unknown,2.525124502182007,2.9163427352905273
Pravastatin sodium,1,2,analog_knn,unknown,2.314041590690613,2.684231901168823
S-Ethyl dipropylthiocarbamate,1,2,anchorboost,unknown,0.7241384471347418,1.0982986423695835
S-Ethyl dipropylthiocarbamate,1,2,loglinear_interp,unknown,0.8084142088890076,1.1862364530563354
S-Ethyl dipropylthiocarbamate,1,2,hill_per_endpoint,unknown,0.8084142088890076,1.1862364530563354
S-Ethyl dipropylthiocarbamate,1,2,analog_knn,unknown,0.8767399430274964,1.2145145416259766
Sodium saccharin hydrate,1,2,anchorboost,negative,1.0919257486139584,1.6463622237180549
Sodium saccharin hydrate,1,2,loglinear_interp,negative,1.1357189178466798,1.7036030054092408
Sodium saccharin hydrate,1,2,hill_per_endpoint,negative,1.1357189178466798,1.7036030054092408
Sodium saccharin hydrate,1,2,analog_knn,negative,1.1368008852005005,1.6802752494812012
Sodium valproate,1,2,anchorboost,positive,2.4929722144883084,2.940101544837909
Sodium valproate,1,2,loglinear_interp,positive,1.1880024433135987,1.6622852087020874
Sodium valproate,1,2,hill_per_endpoint,positive,1.1880024433135987,1.6622852087020874
Sodium valproate,1,2,analog_knn,positive,1.2672542810440064,1.7885764122009278
Terbufos,1,2,anchorboost,unknown,1.2164817519257867,1.4889127396771993
Terbufos,1,2,loglinear_interp,unknown,1.9795202255249023,2.234386849403381
Terbufos,1,2,hill_per_endpoint,unknown,1.9795202255249023,2.234386849403381
Terbufos,1,2,analog_knn,unknown,1.4889885187149048,1.7230042219161987
Thalidomide,1,2,anchorboost,positive,1.5102896651626139,2.1901781302064274
Thalidomide,1,2,loglinear_interp,positive,1.4703498601913452,2.1932519912719726
Thalidomide,1,2,hill_per_endpoint,positive,1.4703498601913452,2.1932519912719726
Thalidomide,1,2,analog_knn,positive,1.4396515369415284,2.180098295211792
Tributyltin methacrylate,1,2,anchorboost,positive,1.2230064002943606,2.09287858015518
Tributyltin methacrylate,1,2,loglinear_interp,positive,1.682859683036804,2.349430465698242
Tributyltin methacrylate,1,2,hill_per_endpoint,positive,1.682859683036804,2.349430465698242
Tributyltin methacrylate,1,2,analog_knn,positive,1.4499951720237731,2.2918006658554075
Trimethyltin hydroxide,1,2,anchorboost,positive,2.1948535822275694,2.5156424170582463
Trimethyltin hydroxide,1,2,loglinear_interp,positive,3.326839637756348,3.5719666957855223
Trimethyltin hydroxide,1,2,hill_per_endpoint,positive,3.326839637756348,3.5719666957855223
Trimethyltin hydroxide,1,2,analog_knn,positive,2.2558074712753298,2.5829687118530273
"Tris(1,3-dichloro-2-propyl) phosphate",1,2,anchorboost,unknown,1.0667150929537115,2.0485979652021014
"Tris(1,3-dichloro-2-propyl) phosphate",1,2,loglinear_interp,unknown,1.2557366371154786,2.2586710929870604
"Tris(1,3-dichloro-2-propyl) phosphate",1,2,hill_per_endpoint,unknown,1.2557366371154786,2.2586710929870604
"Tris(1,3-dichloro-2-propyl) phosphate",1,2,analog_knn,unknown,1.1439287662506104,2.0664315223693848
Tris(2-chloroethyl) phosphate,1,2,anchorboost,unknown,1.3438989575628826,2.295082916677621
Tris(2-chloroethyl) phosphate,1,2,loglinear_interp,unknown,1.3586794853210449,2.336042642593384
Tris(2-chloroethyl) phosphate,1,2,hill_per_endpoint,unknown,1.3586794853210449,2.336042642593384
Tris(2-chloroethyl) phosphate,1,2,analog_knn,unknown,1.313931369781494,2.1860279083251952
Z-Tetrachlorvinphos,1,2,anchorboost,unknown,1.469195177348397,1.986790733152852
Z-Tetrachlorvinphos,1,2,loglinear_interp,unknown,1.6632064819335937,2.1341624736785887
Z-Tetrachlorvinphos,1,2,hill_per_endpoint,unknown,1.6632064819335937,2.1341624736785887
Z-Tetrachlorvinphos,1,2,analog_knn,unknown,1.5762423276901245,2.071905279159546
"p,p'-DDD",1,2,anchorboost,positive,1.289495385087351,1.7626948162920768
"p,p'-DDD",1,2,loglinear_interp,positive,1.6549112319946289,2.0583353519439695
"p,p'-DDD",1,2,hill_per_endpoint,positive,1.6549112319946289,2.0583353519439695
"p,p'-DDD",1,2,analog_knn,positive,1.3649570941925049,1.8311038732528686
tert-Butylhydroquinone,1,2,anchorboost,unknown,1.2861476002442191,1.6189882734810102
tert-Butylhydroquinone,1,2,loglinear_interp,unknown,1.56977322101593,1.8512021541595458
tert-Butylhydroquinone,1,2,hill_per_endpoint,unknown,1.56977322101593,1.8512021541595458
tert-Butylhydroquinone,1,2,analog_knn,unknown,1.3951596736907959,1.698613214492798
2-(m-Chlorophenoxy)propionic acid,2,2,anchorboost,unknown,1.2215729954134968,1.7336395452211082
2-(m-Chlorophenoxy)propionic acid,2,2,loglinear_interp,unknown,1.39531466960907,1.846411657333374
2-(m-Chlorophenoxy)propionic acid,2,2,hill_per_endpoint,unknown,1.39531466960907,1.846411657333374
2-(m-Chlorophenoxy)propionic acid,2,2,analog_knn,unknown,1.3700992584228515,1.855719304084778
2-Ethylhexyl diphenyl phosphate,2,2,anchorboost,unknown,1.0838006436590997,1.6105808445019185
2-Ethylhexyl diphenyl phosphate,2,2,loglinear_interp,unknown,1.25205340385437,1.712995719909668
2-Ethylhexyl diphenyl phosphate,2,2,hill_per_endpoint,unknown,1.25205340385437,1.712995719909668
2-Ethylhexyl diphenyl phosphate,2,2,analog_knn,unknown,1.173101258277893,1.686177396774292
"3,3',5,5'-Tetrabromobisphenol A",2,2,anchorboost,unknown,0.8739527865904343,1.4318993613484179
"3,3',5,5'-Tetrabromobisphenol A",2,2,loglinear_interp,unknown,0.9245262861251831,1.4505528211593628
"3,3',5,5'-Tetrabromobisphenol A",2,2,hill_per_endpoint,unknown,0.9245262861251831,1.4505528211593628
"3,3',5,5'-Tetrabromobisphenol A",2,2,analog_knn,unknown,0.9782078504562378,1.5198492527008056
Abamectin,2,2,anchorboost,unknown,1.3507318497117964,2.075278283174918
Abamectin,2,2,loglinear_interp,unknown,1.648346471786499,2.292879915237427
Abamectin,2,2,hill_per_endpoint,unknown,1.648346471786499,2.292879915237427
Abamectin,2,2,analog_knn,unknown,1.995656156539917,2.6454229831695555
Acenaphthylene,2,2,anchorboost,unknown,0.5733336726704343,1.1996408957958502
Acenaphthylene,2,2,loglinear_interp,unknown,0.7199608325958252,1.2910330057144166
Acenaphthylene,2,2,hill_per_endpoint,unknown,0.7199608325958252,1.2910330057144166
Acenaphthylene,2,2,analog_knn,unknown,0.6312825202941894,1.2293179750442504
Aldicarb,2,2,anchorboost,unknown,1.0681217967859937,1.7018255407087264
Aldicarb,2,2,loglinear_interp,unknown,1.0142545819282531,1.643187689781189
Aldicarb,2,2,hill_per_endpoint,unknown,1.0142545819282531,1.643187689781189
Aldicarb,2,2,analog_knn,unknown,1.3013033866882324,1.884555459022522
Amoxicillin,2,2,anchorboost,negative,1.0578630455136446,1.5612356346417116
Amoxicillin,2,2,loglinear_interp,negative,1.246230459213257,1.661713171005249
Amoxicillin,2,2,hill_per_endpoint,negative,1.246230459213257,1.661713171005249
Amoxicillin,2,2,analog_knn,negative,1.0949312686920165,1.6001336574554443
Azoxystrobin,2,2,anchorboost,unknown,1.3741816238576643,1.9032749298183298
Azoxystrobin,2,2,loglinear_interp,unknown,1.942422080039978,2.3747735738754274
Azoxystrobin,2,2,hill_per_endpoint,unknown,1.942422080039978,2.3747735738754274
Azoxystrobin,2,2,analog_knn,unknown,1.5330801963806153,2.0316120624542235
Benzo[a]pyrene,2,2,anchorboost,unknown,0.9252435271043659,1.4043928692833725
Benzo[a]pyrene,2,2,loglinear_interp,unknown,1.1345981359481812,1.5569015264511108
Benzo[a]pyrene,2,2,hill_per_endpoint,unknown,1.1345981359481812,1.5569015264511108
Benzo[a]pyrene,2,2,analog_knn,unknown,1.0171984791755677,1.4661154270172119
Benzo[e]pyrene,2,2,anchorboost,unknown,1.1842789955718633,1.5378947367623288
Benzo[e]pyrene,2,2,loglinear_interp,unknown,1.374742317199707,1.6892106056213378
Benzo[e]pyrene,2,2,hill_per_endpoint,unknown,1.374742317199707,1.6892106056213378
Benzo[e]pyrene,2,2,analog_knn,unknown,1.2231466054916382,1.5818633317947388
Bis(2-ethylhexyl) tetrabromophthalate,2,2,anchorboost,unknown,1.3846888014877436,1.7626493634912208
Bis(2-ethylhexyl) tetrabromophthalate,2,2,loglinear_interp,unknown,1.6931049585342408,2.0106081485748293
Bis(2-ethylhexyl) tetrabromophthalate,2,2,hill_per_endpoint,unknown,1.6931049585342408,2.0106081485748293
Bis(2-ethylhexyl) tetrabromophthalate,2,2,analog_knn,unknown,1.5293641567230225,1.8782325744628907
Bisphenol AF,2,2,anchorboost,positive,1.0315957481376912,2.0017468088116153
Bisphenol AF,2,2,loglinear_interp,positive,1.1752635478973388,2.1022578954696653
Bisphenol AF,2,2,hill_per_endpoint,positive,1.1752635478973388,2.1022578954696653
Bisphenol AF,2,2,analog_knn,positive,1.1066474795341492,2.0450167894363402
Bisphenol B,2,2,anchorboost,positive,1.1474779069690595,1.5910039695780593
Bisphenol B,2,2,loglinear_interp,positive,1.6460010051727294,1.9682465314865112
Bisphenol B,2,2,hill_per_endpoint,positive,1.6460010051727294,1.9682465314865112
Bisphenol B,2,2,analog_knn,positive,1.248287034034729,1.6976545572280883
Cadmium(II) chloride hydrate (2:5),2,2,anchorboost,positive,2.3333157590886304,2.4841709483493757
Cadmium(II) chloride hydrate (2:5),2,2,loglinear_interp,positive,3.400990533828735,3.5246145725250244
Cadmium(II) chloride hydrate (2:5),2,2,hill_per_endpoint,positive,3.400990533828735,3.5246145725250244
Cadmium(II) chloride hydrate (2:5),2,2,analog_knn,positive,2.6081841707229616,2.7794175148010254
Captan,2,2,anchorboost,unknown,0.9848217936404883,2.050990727392907
Captan,2,2,loglinear_interp,unknown,1.3012075901031495,2.220690679550171
Captan,2,2,hill_per_endpoint,unknown,1.3012075901031495,2.220690679550171
Captan,2,2,analog_knn,unknown,0.9111914515495301,2.0368085384368895
Carbamazepine,2,2,anchorboost,positive,0.9201585834452459,1.348644136562381
Carbamazepine,2,2,loglinear_interp,positive,1.016909909248352,1.4262274265289308
Carbamazepine,2,2,hill_per_endpoint,positive,1.016909909248352,1.4262274265289308
Carbamazepine,2,2,analog_knn,positive,1.064970064163208,1.470442271232605
Carbaryl,2,2,anchorboost,unknown,2.4969106727335237,2.9673645692002095
Carbaryl,2,2,loglinear_interp,unknown,3.0720170974731444,3.5524577617645265
Carbaryl,2,2,hill_per_endpoint,unknown,3.0720170974731444,3.5524577617645265
Carbaryl,2,2,analog_knn,unknown,2.593722939491272,3.1227283477783203
Cariporide mesylate,2,2,anchorboost,unknown,1.11730885088363,1.5868290843888009
Cariporide mesylate,2,2,loglinear_interp,unknown,1.274530816078186,1.7068168878555299
Cariporide mesylate,2,2,hill_per_endpoint,unknown,1.274530816078186,1.7068168878555299
Cariporide mesylate,2,2,analog_knn,unknown,1.2701934337615968,1.727064561843872
Chloramben,2,2,anchorboost,negative,0.7841613310923431,2.0254323703134753
Chloramben,2,2,loglinear_interp,negative,1.000487506389618,2.0990060329437257
Chloramben,2,2,hill_per_endpoint,negative,1.000487506389618,2.0990060329437257
Chloramben,2,2,analog_knn,negative,0.9187783002853394,2.1004671812057496
Chlorpromazine hydrochloride,2,2,anchorboost,positive,1.8172560935522628,2.1466817248756804
Chlorpromazine hydrochloride,2,2,loglinear_interp,positive,2.1411943197250367,2.459242916107178
Chlorpromazine hydrochloride,2,2,hill_per_endpoint,positive,2.1411943197250367,2.459242916107178
Chlorpromazine hydrochloride,2,2,analog_knn,positive,1.8677883863449096,2.1765915870666506
Clothianidin,2,2,anchorboost,unknown,0.7445259610293335,1.168693016671774
Clothianidin,2,2,loglinear_interp,unknown,0.7926955342292785,1.2115731239318848
Clothianidin,2,2,hill_per_endpoint,unknown,0.7926955342292785,1.2115731239318848
Clothianidin,2,2,analog_knn,unknown,0.8661625027656555,1.2673187971115112
Dichlorvos,2,2,anchorboost,unknown,1.1912743840565176,1.5066895902956978
Dichlorvos,2,2,loglinear_interp,unknown,1.1854963064193726,1.455410623550415
Dichlorvos,2,2,hill_per_endpoint,unknown,1.1854963064193726,1.455410623550415
Dichlorvos,2,2,analog_knn,unknown,1.0626282334327697,1.4085647106170653
Eugenol,2,2,anchorboost,unknown,1.0603841578014184,1.7364892964866319
Eugenol,2,2,loglinear_interp,unknown,1.2989521265029906,1.8776241064071655
Eugenol,2,2,hill_per_endpoint,unknown,1.2989521265029906,1.8776241064071655
Eugenol,2,2,analog_knn,unknown,1.1283115148544312,1.8187941074371339
Fipronil,2,2,anchorboost,unknown,1.2224426160179134,1.4874698526814978
Fipronil,2,2,loglinear_interp,unknown,1.153775143623352,1.4326555967330932
Fipronil,2,2,hill_per_endpoint,unknown,1.153775143623352,1.4326555967330932
Fipronil,2,2,analog_knn,unknown,1.535443115234375,1.7681216955184937
Fluorene,2,2,anchorboost,unknown,0.5328863285247427,1.1794856210274869
Fluorene,2,2,loglinear_interp,unknown,0.6411446809768677,1.2528128623962402
Fluorene,2,2,hill_per_endpoint,unknown,0.6411446809768677,1.2528128623962402
Fluorene,2,2,analog_knn,unknown,0.5904083967208862,1.214176845550537
Glycerol,2,2,anchorboost,negative,0.6932633996001334,1.456055755956409
Glycerol,2,2,loglinear_interp,negative,0.8017564415931702,1.5049406051635743
Glycerol,2,2,hill_per_endpoint,negative,0.8017564415931702,1.5049406051635743
Glycerol,2,2,analog_knn,negative,0.8303198933601379,1.5806270122528077
L-Ascorbic acid,2,2,anchorboost,negative,1.0959658148373619,1.5596625277356022
L-Ascorbic acid,2,2,loglinear_interp,negative,1.0685283660888671,1.5207797288894653
L-Ascorbic acid,2,2,hill_per_endpoint,negative,1.0685283660888671,1.5207797288894653
L-Ascorbic acid,2,2,analog_knn,negative,1.2620420694351195,1.7242520332336426
Lindane,2,2,anchorboost,positive,1.4616402987561568,2.403416475760528
Lindane,2,2,loglinear_interp,positive,1.5920176029205322,2.5067458629608153
Lindane,2,2,hill_per_endpoint,positive,1.5920176029205322,2.5067458629608153
Lindane,2,2,analog_knn,positive,1.6950387954711914,2.5607887268066407
Maneb,2,2,anchorboost,positive,0.9195682367620102,1.3897299468252833
Maneb,2,2,loglinear_interp,positive,1.075180983543396,1.5274353504180909
Maneb,2,2,hill_per_endpoint,positive,1.075180983543396,1.5274353504180909
Maneb,2,2,analog_knn,positive,1.0452659845352172,1.4642619609832763
Manganese dichloride,2,2,anchorboost,positive,1.1264571329654836,1.5637242732766263
Manganese dichloride,2,2,loglinear_interp,positive,0.9865459084510804,1.4309459447860717
Manganese dichloride,2,2,hill_per_endpoint,positive,0.9865459084510804,1.4309459447860717
Manganese dichloride,2,2,analog_knn,positive,1.410893702507019,1.8051993370056152
Mercuric chloride,2,2,anchorboost,positive,1.463538864087394,2.498075871799281
Mercuric chloride,2,2,loglinear_interp,positive,2.352940249443054,3.1389309406280517
Mercuric chloride,2,2,hill_per_endpoint,positive,2.352940249443054,3.1389309406280517
Mercuric chloride,2,2,analog_knn,positive,1.6545072793960571,2.6319619178771974
Methamidophos,2,2,anchorboost,unknown,0.9188160543887491,1.6319407651249633
Methamidophos,2,2,loglinear_interp,unknown,0.7583574414253235,1.5170109272003174
Methamidophos,2,2,hill_per_endpoint,unknown,0.7583574414253235,1.5170109272003174
Methamidophos,2,2,analog_knn,unknown,1.062370502948761,1.7231162548065186
Methylmercuric(II) chloride,2,2,anchorboost,positive,1.3445008987302622,1.5481137240356322
Methylmercuric(II) chloride,2,2,loglinear_interp,positive,2.589300608634949,2.707165837287903
Methylmercuric(II) chloride,2,2,hill_per_endpoint,positive,2.589300608634949,2.707165837287903
Methylmercuric(II) chloride,2,2,analog_knn,positive,1.5356673717498779,1.7475373506546021
Mevastatin,2,2,anchorboost,positive,1.4964148004570421,2.9304413582267093
Mevastatin,2,2,loglinear_interp,positive,2.064407968521118,3.4851332664489747
Mevastatin,2,2,hill_per_endpoint,positive,2.064407968521118,3.4851332664489747
Mevastatin,2,2,analog_knn,positive,1.86288902759552,3.1956943035125733
Mirex,2,2,anchorboost,unknown,2.1977914684142763,2.5099750267915977
Mirex,2,2,loglinear_interp,unknown,3.1282056331634522,3.388015699386597
Mirex,2,2,hill_per_endpoint,unknown,3.1282056331634522,3.388015699386597
Mirex,2,2,analog_knn,unknown,2.393076682090759,2.703171396255493
"Octachloro-4,7-methanotetrahydroindane",2,2,anchorboost,unknown,1.6959130331257992,2.228947862422502
"Octachloro-4,7-methanotetrahydroindane",2,2,loglinear_interp,unknown,1.92051522731781,2.453605890274048
"Octachloro-4,7-methanotetrahydroindane",2,2,hill_per_endpoint,unknown,1.92051522731781,2.453605890274048
"Octachloro-4,7-methanotetrahydroindane",2,2,analog_knn,unknown,1.7935023307800293,2.2757184982299803
Parathion,2,2,anchorboost,positive,0.8050499969941125,1.671704505873577
Parathion,2,2,loglinear_interp,positive,0.9073953747749328,1.7602527618408204
Parathion,2,2,hill_per_endpoint,positive,0.9073953747749328,1.7602527618408204
Parathion,2,2,analog_knn,positive,0.8966929316520691,1.7050923109054565
Prallethrin,2,2,anchorboost,unknown,0.9699438123579741,1.5010069871131613
Prallethrin,2,2,loglinear_interp,unknown,1.1639493703842163,1.682298970222473
Prallethrin,2,2,hill_per_endpoint,unknown,1.1639493703842163,1.682298970222473
Prallethrin,2,2,analog_knn,unknown,0.9161774516105652,1.4767600774765015
Reserpine,2,2,anchorboost,unknown,1.7757670747381513,2.13387644404522
Reserpine,2,2,loglinear_interp,unknown,2.320857357978821,2.631843996047974
Reserpine,2,2,hill_per_endpoint,unknown,2.320857357978821,2.631843996047974
Reserpine,2,2,analog_knn,unknown,2.178998875617981,2.5201131820678713
Sodium arsenite,2,2,anchorboost,positive,2.2737314291623933,2.4648825491682786
Sodium arsenite,2,2,loglinear_interp,positive,3.3615344285964968,3.5441501140594482
Sodium arsenite,2,2,hill_per_endpoint,positive,3.3615344285964968,3.5441501140594482
Sodium arsenite,2,2,analog_knn,positive,2.5561557531356813,2.7297954082489015
Tebuconazole,2,2,anchorboost,positive,2.010166483955096,2.300759680491253
Tebuconazole,2,2,loglinear_interp,positive,2.646216297149658,2.9177411079406737
Tebuconazole,2,2,hill_per_endpoint,positive,2.646216297149658,2.9177411079406737
Tebuconazole,2,2,analog_knn,positive,2.143965554237366,2.444921350479126
Terbutaline hemisulfate,2,2,anchorboost,positive,0.9483861263136264,1.3416703841241409
Terbutaline hemisulfate,2,2,loglinear_interp,positive,0.9011894941329956,1.2902915239334107
Terbutaline hemisulfate,2,2,hill_per_endpoint,positive,0.9011894941329956,1.2902915239334107
Terbutaline hemisulfate,2,2,analog_knn,positive,1.2529767274856567,1.5881983518600464
Tetraethylthiuram disulfide,2,2,anchorboost,unknown,1.1601866998333317,1.8183757693823792
Tetraethylthiuram disulfide,2,2,loglinear_interp,unknown,2.0183913946151733,2.6194905757904055
Tetraethylthiuram disulfide,2,2,hill_per_endpoint,unknown,2.0183913946151733,2.6194905757904055
Tetraethylthiuram disulfide,2,2,analog_knn,unknown,1.4228613018989562,2.07566385269165
Tetramethrin,2,2,anchorboost,unknown,0.912317715378612,1.307066245215538
Tetramethrin,2,2,loglinear_interp,unknown,0.9853750824928283,1.3516878366470337
Tetramethrin,2,2,hill_per_endpoint,unknown,0.9853750824928283,1.3516878366470337
Tetramethrin,2,2,analog_knn,unknown,1.0575231790542603,1.438786768913269
Tribufos,2,2,anchorboost,unknown,1.5801567795568834,1.848802603551783
Tribufos,2,2,loglinear_interp,unknown,2.4641957759857176,2.7153934478759765
Tribufos,2,2,hill_per_endpoint,unknown,2.4641957759857176,2.7153934478759765
Tribufos,2,2,analog_knn,unknown,1.7502352714538574,2.002138614654541
Trichlorfon,2,2,anchorboost,positive,1.7328701493982983,2.1362703139790202
Trichlorfon,2,2,loglinear_interp,positive,2.6202993392944336,2.9688472747802734
Trichlorfon,2,2,hill_per_endpoint,positive,2.6202993392944336,2.9688472747802734
Trichlorfon,2,2,analog_knn,positive,1.9049756526947021,2.298681116104126
Trifloxystrobin,2,2,anchorboost,unknown,1.3953098047448387,1.9136929570661043
Trifloxystrobin,2,2,loglinear_interp,unknown,1.7979623794555664,2.2674588203430175
Trifloxystrobin,2,2,hill_per_endpoint,unknown,1.7979623794555664,2.2674588203430175
Trifloxystrobin,2,2,analog_knn,unknown,1.5418188333511353,2.02298846244812
Tris(methylphenyl) phosphate,2,2,anchorboost,unknown,0.9748932483502566,1.653721693025038
Tris(methylphenyl) phosphate,2,2,loglinear_interp,unknown,1.165074849128723,1.769221544265747
Tris(methylphenyl) phosphate,2,2,hill_per_endpoint,unknown,1.165074849128723,1.769221544265747
Tris(methylphenyl) phosphate,2,2,analog_knn,unknown,0.9712635993957519,1.6647526025772095
"o,p'-DDT",2,2,anchorboost,unknown,1.6539891004974971,2.0047351320913953
"o,p'-DDT",2,2,loglinear_interp,unknown,1.7985522747039795,2.183222699165344
"o,p'-DDT",2,2,hill_per_endpoint,unknown,1.7985522747039795,2.183222699165344
"o,p'-DDT",2,2,analog_knn,unknown,2.0648966789245606,2.402255058288574
1-Methyl-4-phenylpyridinium iodide,3,2,anchorboost,positive,1.0372165096739012,1.4002780150331726
1-Methyl-4-phenylpyridinium iodide,3,2,loglinear_interp,positive,1.2029605627059936,1.5086585521697997
1-Methyl-4-phenylpyridinium iodide,3,2,hill_per_endpoint,positive,1.2029605627059936,1.5086585521697997
1-Methyl-4-phenylpyridinium iodide,3,2,analog_knn,positive,1.1745749950408935,1.5270909786224365
"2-Ethylhexyl 2,3,4,5-tetrabromobenzoate",3,2,anchorboost,unknown,1.6424554146776447,2.15358776872987
"2-Ethylhexyl 2,3,4,5-tetrabromobenzoate",3,2,loglinear_interp,unknown,1.9709441661834717,2.4180466651916506
"2-Ethylhexyl 2,3,4,5-tetrabromobenzoate",3,2,hill_per_endpoint,unknown,1.9709441661834717,2.4180466651916506
"2-Ethylhexyl 2,3,4,5-tetrabromobenzoate",3,2,analog_knn,unknown,1.7050004720687866,2.201055097579956
3-Iodo-2-propynyl-N-butylcarbamate,3,2,anchorboost,unknown,1.0031629128725033,1.9897463347675248
3-Iodo-2-propynyl-N-butylcarbamate,3,2,loglinear_interp,unknown,1.356940460205078,2.2553463697433473
3-Iodo-2-propynyl-N-butylcarbamate,3,2,hill_per_endpoint,unknown,1.356940460205078,2.2553463697433473
3-Iodo-2-propynyl-N-butylcarbamate,3,2,analog_knn,unknown,1.0693749070167542,2.0375184297561644
"5,5-Diphenylhydantoin",3,2,anchorboost,positive,0.8832681699444322,1.3571577758345854
"5,5-Diphenylhydantoin",3,2,loglinear_interp,positive,1.0601552248001098,1.4750535488128662
"5,5-Diphenylhydantoin",3,2,hill_per_endpoint,positive,1.0601552248001098,1.4750535488128662
"5,5-Diphenylhydantoin",3,2,analog_knn,positive,1.0161004543304444,1.4581926584243774
6-Methyl-2-thiouracil,3,2,anchorboost,positive,1.1431965098208212,1.6468548513675725
6-Methyl-2-thiouracil,3,2,loglinear_interp,positive,1.3613829135894775,1.8250792503356934
6-Methyl-2-thiouracil,3,2,hill_per_endpoint,positive,1.3613829135894775,1.8250792503356934
6-Methyl-2-thiouracil,3,2,analog_knn,positive,1.2715208053588867,1.7573788166046143
Acenaphthene,3,2,anchorboost,unknown,0.8246138097916906,1.4064335009667186
Acenaphthene,3,2,loglinear_interp,unknown,0.9914263963699341,1.5096349239349365
Acenaphthene,3,2,hill_per_endpoint,unknown,0.9914263963699341,1.5096349239349365
Acenaphthene,3,2,analog_knn,unknown,0.8640497088432312,1.4392911672592164
Allethrin,3,2,anchorboost,positive,1.0005966119480334,1.601213304260369
Allethrin,3,2,loglinear_interp,positive,1.5691070556640625,2.026502752304077
Allethrin,3,2,hill_per_endpoint,positive,1.5691070556640625,2.026502752304077
Allethrin,3,2,analog_knn,positive,1.15473313331604,1.7358298301696777
Anthracene,3,2,anchorboost,negative,0.7653237481368865,1.2261507682263115
Anthracene,3,2,loglinear_interp,negative,0.9126180052757263,1.3434075117111206
Anthracene,3,2,hill_per_endpoint,negative,0.9126180052757263,1.3434075117111206
Anthracene,3,2,analog_knn,negative,0.843905246257782,1.2888983964920044
Benzo(b)fluoranthene,3,2,anchorboost,unknown,0.8946214734156899,1.4442006465000647
Benzo(b)fluoranthene,3,2,loglinear_interp,unknown,1.4760839819908143,1.917598795890808
Benzo(b)fluoranthene,3,2,hill_per_endpoint,unknown,1.4760839819908143,1.917598795890808
Benzo(b)fluoranthene,3,2,analog_knn,unknown,1.1011946678161622,1.5906125068664552
Carbofuran,3,2,anchorboost,unknown,0.8615308912274686,1.8284212737086367
Carbofuran,3,2,loglinear_interp,unknown,1.2042764902114869,1.9880006551742553
Carbofuran,3,2,hill_per_endpoint,unknown,1.2042764902114869,1.9880006551742553
Carbofuran,3,2,analog_knn,unknown,0.82571040391922,1.813589882850647
Chlorendic acid,3,2,anchorboost,unknown,0.9400568681940014,1.4071549855423113
Chlorendic acid,3,2,loglinear_interp,unknown,0.9799079656600952,1.43096604347229
Chlorendic acid,3,2,hill_per_endpoint,unknown,0.9799079656600952,1.43096604347229
Chlorendic acid,3,2,analog_knn,unknown,1.0381717920303344,1.4846917390823364
Clodinafop-propargyl,3,2,anchorboost,unknown,0.7305044831930797,1.2161096469038546
Clodinafop-propargyl,3,2,loglinear_interp,unknown,0.8365123748779297,1.3065809249877929
Clodinafop-propargyl,3,2,hill_per_endpoint,unknown,0.8365123748779297,1.3065809249877929
Clodinafop-propargyl,3,2,analog_knn,unknown,0.7909170627593994,1.2471075534820557
Cocaine,3,2,anchorboost,positive,1.1014746989470674,1.835064549488204
Cocaine,3,2,loglinear_interp,positive,0.8616708397865296,1.726702618598938
Cocaine,3,2,hill_per_endpoint,positive,0.8616708397865296,1.726702618598938
Cocaine,3,2,analog_knn,positive,1.2383423805236817,1.8793046474456787
Colchicine,3,2,anchorboost,positive,2.2514518754625437,2.299055962164276
Colchicine,3,2,loglinear_interp,positive,0.5194620192050934,0.5390177726745605
Colchicine,3,2,hill_per_endpoint,positive,0.5194620192050934,0.5390177726745605
Colchicine,3,2,analog_knn,positive,1.6572425603866576,1.716247820854187
D-Mannitol,3,2,anchorboost,negative,1.0890547177607819,1.434774548550632
D-Mannitol,3,2,loglinear_interp,negative,1.1828176498413085,1.5125113487243653
D-Mannitol,3,2,hill_per_endpoint,negative,1.1828176498413085,1.5125113487243653
D-Mannitol,3,2,analog_knn,negative,1.1851408004760742,1.534278440475464
DDT,3,2,anchorboost,positive,1.902552483342331,2.56866846522517
DDT,3,2,loglinear_interp,positive,2.1363367557525637,2.7704794883728026
DDT,3,2,hill_per_endpoint,positive,2.1363367557525637,2.7704794883728026
DDT,3,2,analog_knn,positive,2.0153847217559813,2.6605161666870116
Deltamethrin,3,2,anchorboost,positive,1.3893060842685585,2.112557622451914
Deltamethrin,3,2,loglinear_interp,positive,2.0425454139709474,2.6865734100341796
Deltamethrin,3,2,hill_per_endpoint,positive,2.0425454139709474,2.6865734100341796
Deltamethrin,3,2,analog_knn,positive,1.790802001953125,2.4250297069549562
Dexamethasone,3,2,anchorboost,positive,1.154322968858203,1.5655814044737544
Dexamethasone,3,2,loglinear_interp,positive,1.1332367658615112,1.5192156553268432
Dexamethasone,3,2,hill_per_endpoint,positive,1.1332367658615112,1.5192156553268432
Dexamethasone,3,2,analog_knn,positive,1.344192385673523,1.6848330736160277
"Dibenz[a,c]anthracene",3,2,anchorboost,unknown,0.9966367856196416,1.4369422757891788
"Dibenz[a,c]anthracene",3,2,loglinear_interp,unknown,1.094328761100769,1.5245363235473632
"Dibenz[a,c]anthracene",3,2,hill_per_endpoint,unknown,1.094328761100769,1.5245363235473632
"Dibenz[a,c]anthracene",3,2,analog_knn,unknown,1.1498084545135498,1.5680896520614624
Dicrotophos,3,2,anchorboost,unknown,0.9586597904518056,1.3670333771848533
Dicrotophos,3,2,loglinear_interp,unknown,0.9425519466400146,1.321491289138794
Dicrotophos,3,2,hill_per_endpoint,unknown,0.9425519466400146,1.321491289138794
Dicrotophos,3,2,analog_knn,unknown,0.9531791687011719,1.3529569149017333
Emamectin benzoate,3,2,anchorboost,unknown,1.756699696062927,2.2727941484073364
Emamectin benzoate,3,2,loglinear_interp,unknown,3.0917882919311523,3.512473630905151
Emamectin benzoate,3,2,hill_per_endpoint,unknown,3.0917882919311523,3.512473630905151
Emamectin benzoate,3,2,analog_knn,unknown,2.5826200246810913,3.1218428134918215
Es-fenvalerate,3,2,anchorboost,unknown,1.33072337354606,1.6531726125333681
Es-fenvalerate,3,2,loglinear_interp,unknown,1.5488492250442505,1.8352819442749024
Es-fenvalerate,3,2,hill_per_endpoint,unknown,1.5488492250442505,1.8352819442749024
Es-fenvalerate,3,2,analog_knn,unknown,1.5125375270843506,1.8303993463516235
Esketamine hydrochloride,3,2,anchorboost,unknown,1.211324731906178,1.6106553350559465
Esketamine hydrochloride,3,2,loglinear_interp,unknown,1.3941062211990356,1.7378817319869995
Esketamine hydrochloride,3,2,hill_per_endpoint,unknown,1.3941062211990356,1.7378817319869995
Esketamine hydrochloride,3,2,analog_knn,unknown,1.310398817062378,1.7090505361557007
Etofenprox,3,2,anchorboost,unknown,1.1331282332026225,1.6398174229041131
Etofenprox,3,2,loglinear_interp,unknown,1.3200445175170898,1.7862863302230836
Etofenprox,3,2,hill_per_endpoint,unknown,1.3200445175170898,1.7862863302230836
Etofenprox,3,2,analog_knn,unknown,1.2603514671325684,1.735144853591919
Fenpropathrin,3,2,anchorboost,unknown,1.2399535575642757,1.6110955257415551
Fenpropathrin,3,2,loglinear_interp,unknown,1.6127048015594483,1.9366336107254027
Fenpropathrin,3,2,hill_per_endpoint,unknown,1.6127048015594483,1.9366336107254027
Fenpropathrin,3,2,analog_knn,unknown,1.4382811784744263,1.795672106742859
Firemaster 550,3,2,anchorboost,unknown,1.1221075623419892,1.6194179683745777
Firemaster 550,3,2,loglinear_interp,unknown,1.529667901992798,1.932456636428833
Firemaster 550,3,2,hill_per_endpoint,unknown,1.529667901992798,1.932456636428833
Firemaster 550,3,2,analog_knn,unknown,1.203322958946228,1.6712927103042603
Folic acid,3,2,anchorboost,unknown,1.1995208704256515,1.76237029090018
Folic acid,3,2,loglinear_interp,unknown,1.2810759544372559,1.8367771863937379
Folic acid,3,2,hill_per_endpoint,unknown,1.2810759544372559,1.8367771863937379
Folic acid,3,2,analog_knn,unknown,1.208168864250183,1.7676587104797363
Haloperidol,3,2,anchorboost,positive,1.303916389758356,1.7455090673017029
Haloperidol,3,2,loglinear_interp,positive,2.061255383491516,2.483407139778137
Haloperidol,3,2,hill_per_endpoint,positive,2.061255383491516,2.483407139778137
Haloperidol,3,2,analog_knn,positive,1.7781236171722412,2.1572694063186644
Hexachlorophene,3,2,anchorboost,positive,1.7535477761773126,2.4121611188675347
Hexachlorophene,3,2,loglinear_interp,positive,2.810172128677368,3.244102716445923
Hexachlorophene,3,2,hill_per_endpoint,positive,2.810172128677368,3.244102716445923
Hexachlorophene,3,2,analog_knn,positive,2.0630302667617797,2.6167959690093996
Lead(II) acetate trihydrate,3,2,anchorboost,positive,1.630652114246136,2.079633573449789
Lead(II) acetate trihydrate,3,2,loglinear_interp,positive,2.0695770502090456,2.4999082565307615
Lead(II) acetate trihydrate,3,2,hill_per_endpoint,positive,2.0695770502090456,2.4999082565307615
Lead(II) acetate trihydrate,3,2,analog_knn,positive,1.9454066753387451,2.3416226387023924
Malathion,3,2,anchorboost,unknown,1.2674634858185025,1.6597083986208332
Malathion,3,2,loglinear_interp,unknown,1.770853853225708,2.093393635749817
Malathion,3,2,hill_per_endpoint,unknown,1.770853853225708,2.093393635749817
Malathion,3,2,analog_knn,unknown,1.4855805158615112,1.8336215496063233
Mancozeb,3,2,anchorboost,unknown,0.7426979216686034,1.4423294771066242
Mancozeb,3,2,loglinear_interp,unknown,0.8269857883453369,1.5033356189727782
Mancozeb,3,2,hill_per_endpoint,unknown,0.8269857883453369,1.5033356189727782
Mancozeb,3,2,analog_knn,unknown,0.8394799351692199,1.4921806812286378
Manganese(II) acetate,3,2,anchorboost,positive,0.7807895823018978,1.217996467135287
Manganese(II) acetate,3,2,loglinear_interp,positive,0.9607155919075012,1.341055202484131
Manganese(II) acetate,3,2,hill_per_endpoint,positive,0.9607155919075012,1.341055202484131
Manganese(II) acetate,3,2,analog_knn,positive,0.8516263127326965,1.273563838005066
Naloxone hydrochloride dihydrate,3,2,anchorboost,positive,0.9728632657660323,1.3366228087699814
Naloxone hydrochloride dihydrate,3,2,loglinear_interp,positive,1.0373140692710876,1.388767170906067
Naloxone hydrochloride dihydrate,3,2,hill_per_endpoint,positive,1.0373140692710876,1.388767170906067
Naloxone hydrochloride dihydrate,3,2,analog_knn,positive,1.0818661451339722,1.42579824924469
Phenol,3,2,anchorboost,negative,1.0486145036865773,1.4926519839628194
Phenol,3,2,loglinear_interp,negative,1.18094642162323,1.577289628982544
Phenol,3,2,hill_per_endpoint,negative,1.18094642162323,1.577289628982544
Phenol,3,2,analog_knn,negative,1.1514832019805907,1.5950859785079956
Phorate,3,2,anchorboost,unknown,1.2601970526870705,1.729616707562042
Phorate,3,2,loglinear_interp,unknown,1.7207742214202881,2.130256676673889
Phorate,3,2,hill_per_endpoint,unknown,1.7207742214202881,2.130256676673889
Phorate,3,2,analog_knn,unknown,1.4856813907623292,1.9176636934280396
Piperonyl butoxide,3,2,anchorboost,unknown,1.2762254390688212,1.8288934707321247
Piperonyl butoxide,3,2,loglinear_interp,unknown,1.6003565549850465,2.0840232372283936
Piperonyl butoxide,3,2,hill_per_endpoint,unknown,1.6003565549850465,2.0840232372283936
Piperonyl butoxide,3,2,analog_knn,unknown,1.4202584981918336,1.9299391984939576
Profenofos,3,2,anchorboost,unknown,1.2810640465939254,1.9359761885636082
Profenofos,3,2,loglinear_interp,unknown,1.3670348644256591,1.9605818271636963
Profenofos,3,2,hill_per_endpoint,unknown,1.3670348644256591,1.9605818271636963
Profenofos,3,2,analog_knn,unknown,1.390527081489563,2.036291074752808
Pyrene,3,2,anchorboost,unknown,0.6707332580392115,1.3738251390714196
Pyrene,3,2,loglinear_interp,unknown,0.7608284711837768,1.434579110145569
Pyrene,3,2,hill_per_endpoint,unknown,0.7608284711837768,1.434579110145569
Pyrene,3,2,analog_knn,unknown,0.749186897277832,1.4316975593566894
S-Bioallethrin,3,2,anchorboost,unknown,1.0534567907275023,1.4584103450542298
S-Bioallethrin,3,2,loglinear_interp,unknown,1.4190512418746948,1.744516634941101
S-Bioallethrin,3,2,hill_per_endpoint,unknown,1.4190512418746948,1.744516634941101
S-Bioallethrin,3,2,analog_knn,unknown,1.0580236792564393,1.4783758640289306
Simvastatin,3,2,anchorboost,unknown,2.1189036282006595,3.1049009279784
Simvastatin,3,2,loglinear_interp,unknown,2.75413978099823,3.6013990879058837
Simvastatin,3,2,hill_per_endpoint,unknown,2.75413978099823,3.6013990879058837
Simvastatin,3,2,analog_knn,unknown,1.9895398616790771,3.0375760555267335
Sodium fluoride,3,2,anchorboost,positive,0.866008941992163,1.3570785385717767
Sodium fluoride,3,2,loglinear_interp,positive,0.9688888430595398,1.4244807004928588
Sodium fluoride,3,2,hill_per_endpoint,positive,0.9688888430595398,1.4244807004928588
Sodium fluoride,3,2,analog_knn,positive,0.9128686308860778,1.4024477481842041
Spiroxamine,3,2,anchorboost,unknown,1.520074977710523,2.157724098725036
Spiroxamine,3,2,loglinear_interp,unknown,2.5154832124710085,3.1297631740570067
Spiroxamine,3,2,hill_per_endpoint,unknown,2.5154832124710085,3.1297631740570067
Spiroxamine,3,2,analog_knn,unknown,2.0919116735458374,2.70856032371521
Tamoxifen,3,2,anchorboost,unknown,1.584265045083794,1.844417123050477
Tamoxifen,3,2,loglinear_interp,unknown,1.704058837890625,1.9300608873367309
Tamoxifen,3,2,hill_per_endpoint,unknown,1.704058837890625,1.9300608873367309
Tamoxifen,3,2,analog_knn,unknown,2.0537410020828246,2.2788915634155273
Tefluthrin,3,2,anchorboost,unknown,1.3314461216455609,1.6965367938832787
Tefluthrin,3,2,loglinear_interp,unknown,2.2349406719207763,2.5128990650177
Tefluthrin,3,2,hill_per_endpoint,unknown,2.2349406719207763,2.5128990650177
Tefluthrin,3,2,analog_knn,unknown,1.490016508102417,1.8346914052963257
Tetracycline,3,2,anchorboost,negative,0.8299155335687534,1.3164277635304846
Tetracycline,3,2,loglinear_interp,negative,0.9658307552337646,1.3951181411743163
Tetracycline,3,2,hill_per_endpoint,negative,0.9658307552337646,1.3951181411743163
Tetracycline,3,2,analog_knn,negative,1.0016869902610779,1.4487258434295653
Thiamethoxam,3,2,anchorboost,unknown,0.8328345293860316,1.2626308495866245
Thiamethoxam,3,2,loglinear_interp,unknown,0.9552871704101562,1.3476678609848023
Thiamethoxam,3,2,hill_per_endpoint,unknown,0.9552871704101562,1.3476678609848023
Thiamethoxam,3,2,analog_knn,unknown,0.9842354774475097,1.3805164575576783
Tributyltin chloride,3,2,anchorboost,positive,1.2041785269643772,2.0547295515173962
Tributyltin chloride,3,2,loglinear_interp,positive,1.7995885610580444,2.4942744255065916
Tributyltin chloride,3,2,hill_per_endpoint,positive,1.7995885610580444,2.4942744255065916
Tributyltin chloride,3,2,analog_knn,positive,1.6912676572799683,2.4297345876693726
Triphenyl phosphates isopropylated,3,2,anchorboost,unknown,1.4161079862152632,1.9895982110485584
Triphenyl phosphates isopropylated,3,2,loglinear_interp,unknown,1.7816770792007446,2.2895225048065186
Triphenyl phosphates isopropylated,3,2,hill_per_endpoint,unknown,1.7816770792007446,2.2895225048065186
Triphenyl phosphates isopropylated,3,2,analog_knn,unknown,1.3673543214797974,1.9434789657592773
(-)-Nicotine,4,2,anchorboost,positive,1.2648535391922042,1.639060123740092
(-)-Nicotine,4,2,loglinear_interp,positive,1.2650120258331299,1.6458234786987305
(-)-Nicotine,4,2,hill_per_endpoint,positive,1.2650120258331299,1.6458234786987305
(-)-Nicotine,4,2,analog_knn,positive,1.4757619380950928,1.7908877611160279
17beta-Estradiol,4,2,anchorboost,unknown,0.7440369651253043,1.468584039027203
17beta-Estradiol,4,2,loglinear_interp,unknown,0.8893213272094727,1.5452762603759767
17beta-Estradiol,4,2,hill_per_endpoint,unknown,0.8893213272094727,1.5452762603759767
17beta-Estradiol,4,2,analog_knn,unknown,0.8324279069900513,1.5329323053359984
"2,2-Bis(4-hydroxyphenyl)-1,1,1-trichloroethane",4,2,anchorboost,unknown,1.2245971523837569,1.7902950897113474
"2,2-Bis(4-hydroxyphenyl)-1,1,1-trichloroethane",4,2,loglinear_interp,unknown,1.55130877494812,2.040080451965332
"2,2-Bis(4-hydroxyphenyl)-1,1,1-trichloroethane",4,2,hill_per_endpoint,unknown,1.55130877494812,2.040080451965332
"2,2-Bis(4-hydroxyphenyl)-1,1,1-trichloroethane",4,2,analog_knn,unknown,1.33563334941864,1.8743786811828613
"4,4'-Sulfonyldiphenol",4,2,anchorboost,unknown,1.2867015099202503,1.7795987358075749
"4,4'-Sulfonyldiphenol",4,2,loglinear_interp,unknown,1.2082643508911133,1.7213881015777588
"4,4'-Sulfonyldiphenol",4,2,hill_per_endpoint,unknown,1.2082643508911133,1.7213881015777588
"4,4'-Sulfonyldiphenol",4,2,analog_knn,unknown,1.341290545463562,1.8486526012420654
6-aminopyridine-3-carboxamide,4,2,anchorboost,positive,1.9746383667748293,2.3413705097693125
6-aminopyridine-3-carboxamide,4,2,loglinear_interp,positive,2.568243217468262,2.8404706954956054
6-aminopyridine-3-carboxamide,4,2,hill_per_endpoint,positive,2.568243217468262,2.8404706954956054
6-aminopyridine-3-carboxamide,4,2,analog_knn,positive,2.1105101823806764,2.467323589324951
Acetamiprid,4,2,anchorboost,unknown,1.331373638361376,2.1072610139033623
Acetamiprid,4,2,loglinear_interp,unknown,1.6212679624557496,2.3330052852630616
Acetamiprid,4,2,hill_per_endpoint,unknown,1.6212679624557496,2.3330052852630616
Acetamiprid,4,2,analog_knn,unknown,1.3252105712890625,2.110510063171387
Atrazine,4,2,anchorboost,unknown,0.7470008719755936,1.3527669172804517
Atrazine,4,2,loglinear_interp,unknown,0.9079504013061523,1.4756964921951294
Atrazine,4,2,hill_per_endpoint,unknown,0.9079504013061523,1.4756964921951294
Atrazine,4,2,analog_knn,unknown,0.7869249820709229,1.3814877271652222
Bensulide,4,2,anchorboost,unknown,1.4268158944864417,2.133035022995709
Bensulide,4,2,loglinear_interp,unknown,2.063891577720642,2.716994619369507
Bensulide,4,2,hill_per_endpoint,unknown,2.063891577720642,2.716994619369507
Bensulide,4,2,analog_knn,unknown,1.7902348995208741,2.499369478225708
CP-409092,4,2,anchorboost,unknown,1.0251191106269213,1.5396269706080807
CP-409092,4,2,loglinear_interp,unknown,1.2277710676193236,1.659540629386902
CP-409092,4,2,hill_per_endpoint,unknown,1.2277710676193236,1.659540629386902
CP-409092,4,2,analog_knn,unknown,1.3237030267715455,1.768731427192688
Captopril,4,2,anchorboost,negative,1.250973595965068,1.652475433589678
Captopril,4,2,loglinear_interp,negative,1.4555732011795044,1.7929597616195678
Captopril,4,2,hill_per_endpoint,negative,1.4555732011795044,1.7929597616195678
Captopril,4,2,analog_knn,negative,1.2983245134353638,1.712496042251587
Chlorethoxyfos,4,2,anchorboost,unknown,1.7296951586567975,2.149245709899747
Chlorethoxyfos,4,2,loglinear_interp,unknown,2.3171960353851317,2.680092191696167
Chlorethoxyfos,4,2,hill_per_endpoint,unknown,2.3171960353851317,2.680092191696167
Chlorethoxyfos,4,2,analog_knn,unknown,1.9318183183670044,2.356899070739746
Chlorpyrifos oxon,4,2,anchorboost,positive,1.5761812068060939,2.3544138540667334
Chlorpyrifos oxon,4,2,loglinear_interp,positive,1.3097528219223022,2.234637403488159
Chlorpyrifos oxon,4,2,hill_per_endpoint,positive,1.3097528219223022,2.234637403488159
Chlorpyrifos oxon,4,2,analog_knn,positive,1.2734220981597901,2.1494531631469727
Chrysene,4,2,anchorboost,unknown,0.7716253195933082,1.153261810957339
Chrysene,4,2,loglinear_interp,unknown,0.7450504660606384,1.152463698387146
Chrysene,4,2,hill_per_endpoint,unknown,0.7450504660606384,1.152463698387146
Chrysene,4,2,analog_knn,unknown,0.8998103857040405,1.2619327783584595
Clove leaf oil,4,2,anchorboost,unknown,1.2003450542293908,1.5766537613758644
Clove leaf oil,4,2,loglinear_interp,unknown,1.3959503412246703,1.7182229042053223
Clove leaf oil,4,2,hill_per_endpoint,unknown,1.3959503412246703,1.7182229042053223
Clove leaf oil,4,2,analog_knn,unknown,1.3787142276763915,1.739737343788147
Cotinine,4,2,anchorboost,negative,0.7292598016399813,1.6891676234559045
Cotinine,4,2,loglinear_interp,negative,0.8200294375419617,1.7463860511779785
Cotinine,4,2,hill_per_endpoint,negative,0.8200294375419617,1.7463860511779785
Cotinine,4,2,analog_knn,negative,0.8518917560577393,1.7559449911117553
Coumaphos,4,2,anchorboost,unknown,1.2345639164107713,1.7160496851129992
Coumaphos,4,2,loglinear_interp,unknown,1.8631143808364867,2.3149832248687745
Coumaphos,4,2,hill_per_endpoint,unknown,1.8631143808364867,2.3149832248687745
Coumaphos,4,2,analog_knn,unknown,1.685563850402832,2.1387779712677
Cypermethrin,4,2,anchorboost,positive,1.2098724424909366,1.621142344549679
Cypermethrin,4,2,loglinear_interp,positive,1.665317988395691,2.0608814001083373
Cypermethrin,4,2,hill_per_endpoint,positive,1.665317988395691,2.0608814001083373
Cypermethrin,4,2,analog_knn,positive,1.3749455690383912,1.7948502540588378
D-Glucitol,4,2,anchorboost,negative,0.9439389502399569,1.883754428448701
D-Glucitol,4,2,loglinear_interp,negative,0.9199610948562622,1.9077179670333861
D-Glucitol,4,2,hill_per_endpoint,negative,0.9199610948562622,1.9077179670333861
D-Glucitol,4,2,analog_knn,negative,1.0854125380516053,1.9558575630187989
Dextroamphetamine sulfate,4,2,anchorboost,positive,0.9081749602313465,1.2916985548800053
Dextroamphetamine sulfate,4,2,loglinear_interp,positive,1.0000969648361206,1.3536777257919312
Dextroamphetamine sulfate,4,2,hill_per_endpoint,positive,1.0000969648361206,1.3536777257919312
Dextroamphetamine sulfate,4,2,analog_knn,positive,1.068190324306488,1.4244583368301391
Di(2-ethylhexyl) phthalate,4,2,anchorboost,positive,1.4732872209281545,2.197651877827682
Di(2-ethylhexyl) phthalate,4,2,loglinear_interp,positive,1.6540394306182862,2.3644456386566164
Di(2-ethylhexyl) phthalate,4,2,hill_per_endpoint,positive,1.6540394306182862,2.3644456386566164
Di(2-ethylhexyl) phthalate,4,2,analog_knn,positive,1.659760069847107,2.3190123558044435
Diazinon,4,2,anchorboost,positive,1.3662368799412608,1.6786491676505435
Diazinon,4,2,loglinear_interp,positive,2.0793012619018554,2.3346587657928466
Diazinon,4,2,hill_per_endpoint,positive,2.0793012619018554,2.3346587657928466
Diazinon,4,2,analog_knn,positive,1.9962160110473632,2.256704545021057
Dieldrin,4,2,anchorboost,positive,1.7772283931196362,2.024911616028697
Dieldrin,4,2,loglinear_interp,positive,2.4664350509643556,2.6854262828826903
Dieldrin,4,2,hill_per_endpoint,positive,2.4664350509643556,2.6854262828826903
Dieldrin,4,2,analog_knn,positive,2.049133372306824,2.255425715446472
Diphenhydramine hydrochloride,4,2,anchorboost,unknown,1.4649398093687114,1.824055724080529
Diphenhydramine hydrochloride,4,2,loglinear_interp,unknown,1.671948790550232,2.0034165143966676
Diphenhydramine hydrochloride,4,2,hill_per_endpoint,unknown,1.671948790550232,2.0034165143966676
Diphenhydramine hydrochloride,4,2,analog_knn,unknown,1.6353523492813111,2.0000889539718627
Fosthiazate,4,2,anchorboost,unknown,1.025552601826896,1.3959287872509523
Fosthiazate,4,2,loglinear_interp,unknown,1.0550378441810608,1.4124660730361938
Fosthiazate,4,2,hill_per_endpoint,unknown,1.0550378441810608,1.4124660730361938
Fosthiazate,4,2,analog_knn,unknown,1.1599262237548829,1.4754666328430175
Heptachlor epoxide B,4,2,anchorboost,positive,1.9658211949894766,2.7467258056196475
Heptachlor epoxide B,4,2,loglinear_interp,positive,2.153066372871399,2.9062853336334227
Heptachlor epoxide B,4,2,hill_per_endpoint,positive,2.153066372871399,2.9062853336334227
Heptachlor epoxide B,4,2,analog_knn,positive,2.06655068397522,2.7960550785064697
Imidacloprid,4,2,anchorboost,unknown,1.022545617997861,1.8111089828864468
Imidacloprid,4,2,loglinear_interp,unknown,1.1392537355422974,1.8416619539260863
Imidacloprid,4,2,hill_per_endpoint,unknown,1.1392537355422974,1.8416619539260863
Imidacloprid,4,2,analog_knn,unknown,1.2523487687110901,1.979959487915039
Isodecyl diphenyl phosphate,4,2,anchorboost,unknown,0.7892713788546099,1.4577101511935635
Isodecyl diphenyl phosphate,4,2,loglinear_interp,unknown,0.8881698966026306,1.5216057062149049
Isodecyl diphenyl phosphate,4,2,hill_per_endpoint,unknown,0.8881698966026306,1.5216057062149049
Isodecyl diphenyl phosphate,4,2,analog_knn,unknown,0.9525353908538818,1.5775353908538818
Kepone,4,2,anchorboost,positive,1.3942843062296544,1.7197867144224852
Kepone,4,2,loglinear_interp,positive,1.9027761697769165,2.2093904972076417
Kepone,4,2,hill_per_endpoint,positive,1.9027761697769165,2.2093904972076417
Kepone,4,2,analog_knn,positive,1.7051245450973511,1.9766350030899047
Methimazole,4,2,anchorboost,positive,1.0628395889287467,1.8018072463427266
Methimazole,4,2,loglinear_interp,positive,1.2911195516586305,1.952809476852417
Methimazole,4,2,hill_per_endpoint,positive,1.2911195516586305,1.952809476852417
Methimazole,4,2,analog_knn,positive,1.1409126043319702,1.8801214456558228
Molinate,4,2,anchorboost,unknown,0.9783949457691374,1.6385965786125525
Molinate,4,2,loglinear_interp,unknown,1.2422496795654296,1.8137507677078246
Molinate,4,2,hill_per_endpoint,unknown,1.2422496795654296,1.8137507677078246
Molinate,4,2,analog_knn,unknown,1.1294948697090148,1.7752427577972412
Octylbicycloheptenedicarboximide,4,2,anchorboost,unknown,1.0704374520673254,1.45519253136638
Octylbicycloheptenedicarboximide,4,2,loglinear_interp,unknown,1.166170108318329,1.533216619491577
Octylbicycloheptenedicarboximide,4,2,hill_per_endpoint,unknown,1.166170108318329,1.533216619491577
Octylbicycloheptenedicarboximide,4,2,analog_knn,unknown,1.2986560583114624,1.6462159395217895
Paraquat dichloride,4,2,anchorboost,positive,2.3312433458259587,2.5985436932915498
Paraquat dichloride,4,2,loglinear_interp,positive,3.6135696887969972,3.809867095947266
Paraquat dichloride,4,2,hill_per_endpoint,positive,3.6135696887969972,3.809867095947266
Paraquat dichloride,4,2,analog_knn,positive,2.266273260116577,2.520621132850647
Perfluoroundecanoic acid,4,2,anchorboost,unknown,1.069307383168708,1.3920767605777127
Perfluoroundecanoic acid,4,2,loglinear_interp,unknown,1.0543254256248473,1.3815027952194214
Perfluoroundecanoic acid,4,2,hill_per_endpoint,unknown,1.0543254256248473,1.3815027952194214
Perfluoroundecanoic acid,4,2,analog_knn,unknown,1.0811445116996765,1.4097313642501832
Phenobarbital,4,2,anchorboost,positive,0.8681444030450282,1.681252283581046
Phenobarbital,4,2,loglinear_interp,positive,0.9782802820205688,1.7547320127487183
Phenobarbital,4,2,hill_per_endpoint,positive,0.9782802820205688,1.7547320127487183
Phenobarbital,4,2,analog_knn,positive,0.9930726766586304,1.7486804246902465
Phenylmercuric acetate,4,2,anchorboost,unknown,0.9732189967033735,1.9967903908726317
Phenylmercuric acetate,4,2,loglinear_interp,unknown,1.2829358577728271,2.1022138833999633
Phenylmercuric acetate,4,2,hill_per_endpoint,unknown,1.2829358577728271,2.1022138833999633
Phenylmercuric acetate,4,2,analog_knn,unknown,1.4094653844833374,2.3482197284698487
Phosmet,4,2,anchorboost,unknown,1.3233863070994103,1.6785265906958926
Phosmet,4,2,loglinear_interp,unknown,1.8211878061294555,2.130187463760376
Phosmet,4,2,hill_per_endpoint,unknown,1.8211878061294555,2.130187463760376
Phosmet,4,2,analog_knn,unknown,1.5308054447174073,1.902436113357544
Picoxystrobin,4,2,anchorboost,unknown,1.0533550432006058,1.753635557145688
Picoxystrobin,4,2,loglinear_interp,unknown,1.790465271472931,2.4029585838317873
Picoxystrobin,4,2,hill_per_endpoint,unknown,1.790465271472931,2.4029585838317873
Picoxystrobin,4,2,analog_knn,unknown,1.2908420801162719,1.903629684448242
Resmethrin,4,2,anchorboost,unknown,0.9169972448462766,1.314982401747971
Resmethrin,4,2,loglinear_interp,unknown,1.2451963663101195,1.5603479385375976
Resmethrin,4,2,hill_per_endpoint,unknown,1.2451963663101195,1.5603479385375976
Resmethrin,4,2,analog_knn,unknown,0.9835440993309021,1.4085415363311768
Retinoic acid,4,2,anchorboost,positive,1.678537592625215,2.0895199943361726
Retinoic acid,4,2,loglinear_interp,positive,2.0032052040100097,2.316067099571228
Retinoic acid,4,2,hill_per_endpoint,positive,2.0032052040100097,2.316067099571228
Retinoic acid,4,2,analog_knn,positive,1.8954317092895507,2.3093788623809814
Rotenone,4,2,anchorboost,unknown,1.1288814216276448,1.8608431042342235
Rotenone,4,2,loglinear_interp,unknown,2.008315312862396,2.6354668855667116
Rotenone,4,2,hill_per_endpoint,unknown,2.008315312862396,2.6354668855667116
Rotenone,4,2,analog_knn,unknown,1.8186965465545655,2.5554553508758544
Sodium orthovanadate,4,2,anchorboost,positive,1.1789154158778168,2.191021798761935
Sodium orthovanadate,4,2,loglinear_interp,positive,1.6337881088256836,2.4967204570770263
Sodium orthovanadate,4,2,hill_per_endpoint,positive,1.6337881088256836,2.4967204570770263
Sodium orthovanadate,4,2,analog_knn,positive,1.1609754800796508,2.1411764860153197
Tebupirimfos,4,2,anchorboost,unknown,1.303888429314604,1.6913600634581782
Tebupirimfos,4,2,loglinear_interp,unknown,1.5913421630859375,1.940151047706604
Tebupirimfos,4,2,hill_per_endpoint,unknown,1.5913421630859375,1.940151047706604
Tebupirimfos,4,2,analog_knn,unknown,1.4460065603256225,1.822518515586853
Triphenyl phosphate,4,2,anchorboost,unknown,0.8241428271151504,2.134523625286712
Triphenyl phosphate,4,2,loglinear_interp,unknown,0.9443160057067871,2.321607732772827
Triphenyl phosphate,4,2,hill_per_endpoint,unknown,0.9443160057067871,2.321607732772827
Triphenyl phosphate,4,2,analog_knn,unknown,0.9522904992103577,2.100525379180908
Triphenyl phosphite,4,2,anchorboost,unknown,0.8481045970382816,1.2939229086811326
Triphenyl phosphite,4,2,loglinear_interp,unknown,1.0278119087219237,1.430493950843811
Triphenyl phosphite,4,2,hill_per_endpoint,unknown,1.0278119087219237,1.430493950843811
Triphenyl phosphite,4,2,analog_knn,unknown,0.9396914839744568,1.3595650911331176
Tris(2-chloroisopropyl)phosphate,4,2,anchorboost,unknown,0.9129886016167246,1.3746043539328052
Tris(2-chloroisopropyl)phosphate,4,2,loglinear_interp,unknown,1.0042944073677063,1.437656784057617
Tris(2-chloroisopropyl)phosphate,4,2,hill_per_endpoint,unknown,1.0042944073677063,1.437656784057617
Tris(2-chloroisopropyl)phosphate,4,2,analog_knn,unknown,1.1396748423576355,1.5575576782226563
Valinomycin,4,2,anchorboost,unknown,1.5783021305813578,1.7467329716326219
Valinomycin,4,2,loglinear_interp,unknown,1.53728187084198,1.657940411567688
Valinomycin,4,2,hill_per_endpoint,unknown,1.53728187084198,1.657940411567688
Valinomycin,4,2,analog_knn,unknown,3.1533774375915526,3.4897799491882324
tert-Butylphenyl diphenyl phosphate,4,2,anchorboost,unknown,1.36736687657946,2.0263303892027347
tert-Butylphenyl diphenyl phosphate,4,2,loglinear_interp,unknown,1.763019061088562,2.322448205947876
tert-Butylphenyl diphenyl phosphate,4,2,hill_per_endpoint,unknown,1.763019061088562,2.322448205947876
tert-Butylphenyl diphenyl phosphate,4,2,analog_knn,unknown,1.3935469388961792,2.0399964570999147
1-Ethyl-3-methyl-1H-imidazol-3-ium diethyl phosphate,0,3,anchorboost,unknown,0.8634992762295205,1.3643706870860917
1-Ethyl-3-methyl-1H-imidazol-3-ium diethyl phosphate,0,3,loglinear_interp,unknown,0.9325379014015198,1.3983925819396972
1-Ethyl-3-methyl-1H-imidazol-3-ium diethyl phosphate,0,3,hill_per_endpoint,unknown,1.0323601365089417,1.4838386535644532
1-Ethyl-3-methyl-1H-imidazol-3-ium diethyl phosphate,0,3,analog_knn,unknown,1.0417543649673462,1.5107763767242433
"1H,1H,2H,2H-Perfluorooctyl iodide",0,3,anchorboost,unknown,0.636300502981298,1.1274656472705673
"1H,1H,2H,2H-Perfluorooctyl iodide",0,3,loglinear_interp,unknown,0.7665327906608581,1.2140902996063232
"1H,1H,2H,2H-Perfluorooctyl iodide",0,3,hill_per_endpoint,unknown,0.6952787160873413,1.1601489782333374
"1H,1H,2H,2H-Perfluorooctyl iodide",0,3,analog_knn,unknown,0.6757744193077088,1.161929225921631
"2,2',4,4',5,5'-Hexabromodiphenyl ether",0,3,anchorboost,positive,1.2022178847960152,1.8407168828642764
"2,2',4,4',5,5'-Hexabromodiphenyl ether",0,3,loglinear_interp,positive,1.2428053855895995,1.8504268407821656
"2,2',4,4',5,5'-Hexabromodiphenyl ether",0,3,hill_per_endpoint,positive,1.320399570465088,1.9231822490692139
"2,2',4,4',5,5'-Hexabromodiphenyl ether",0,3,analog_knn,positive,1.3522845268249513,1.9319173097610474
"2,2',4,4',5-Pentabromodiphenyl ether",0,3,anchorboost,positive,1.336380588437691,1.8856535270593084
"2,2',4,4',5-Pentabromodiphenyl ether",0,3,loglinear_interp,positive,1.5311217784881592,2.0476478576660155
"2,2',4,4',5-Pentabromodiphenyl ether",0,3,hill_per_endpoint,positive,1.6592829942703247,2.149278736114502
"2,2',4,4',5-Pentabromodiphenyl ether",0,3,analog_knn,positive,1.454717254638672,1.9572965383529664
"2,2',4,4'-Tetrabromodiphenyl ether",0,3,anchorboost,positive,1.3383708433576695,2.190085740666471
"2,2',4,4'-Tetrabromodiphenyl ether",0,3,loglinear_interp,positive,1.302909541130066,2.2019834756851195
"2,2',4,4'-Tetrabromodiphenyl ether",0,3,hill_per_endpoint,positive,1.50749614238739,2.3288793087005617
"2,2',4,4'-Tetrabromodiphenyl ether",0,3,analog_knn,positive,1.6554987192153932,2.3535412311553956
2-Methoxyethanol,0,3,anchorboost,unknown,0.7337943148458907,1.2632798995525902
2-Methoxyethanol,0,3,loglinear_interp,unknown,0.8797433018684387,1.3558016300201416
2-Methoxyethanol,0,3,hill_per_endpoint,unknown,0.9816017866134643,1.4608700037002564
2-Methoxyethanol,0,3,analog_knn,unknown,0.8354955673217773,1.338975429534912
"3,3'-Iminobispropanenitrile",0,3,anchorboost,positive,0.6628539573800148,1.1391128677371714
"3,3'-Iminobispropanenitrile",0,3,loglinear_interp,positive,0.7742494463920593,1.199013352394104
"3,3'-Iminobispropanenitrile",0,3,hill_per_endpoint,positive,0.8685366153717041,1.2913629293441773
"3,3'-Iminobispropanenitrile",0,3,analog_knn,positive,0.7534338474273682,1.2210001468658447
4H-Cyclopenta(def)phenanthrene,0,3,anchorboost,unknown,0.8243330378534957,1.3248888364732379
4H-Cyclopenta(def)phenanthrene,0,3,loglinear_interp,unknown,0.8440900683403015,1.3563755989074706
4H-Cyclopenta(def)phenanthrene,0,3,hill_per_endpoint,unknown,0.9409805059432983,1.4325108289718629
4H-Cyclopenta(def)phenanthrene,0,3,analog_knn,unknown,1.0103910923004151,1.4586514472961425
6-Propyl-2-thiouracil,0,3,anchorboost,positive,1.5777480357633222,1.9622324892777343
6-Propyl-2-thiouracil,0,3,loglinear_interp,positive,1.8591103315353394,2.1875588655471803
6-Propyl-2-thiouracil,0,3,hill_per_endpoint,positive,1.9667463541030883,2.236799788475037
6-Propyl-2-thiouracil,0,3,analog_knn,positive,1.7460377931594848,2.0474759578704833
Acrylamide,0,3,anchorboost,positive,0.7524337445702785,1.5184037276424014
Acrylamide,0,3,loglinear_interp,positive,0.9258823752403259,1.6334697484970093
Acrylamide,0,3,hill_per_endpoint,positive,1.1039168953895568,1.7760720729827881
Acrylamide,0,3,analog_knn,positive,0.8139455676078796,1.539047122001648
Aldrin,0,3,anchorboost,unknown,1.3255039926828749,1.5858215925937338
Aldrin,0,3,loglinear_interp,unknown,1.7620181560516357,1.9932976245880127
Aldrin,0,3,hill_per_endpoint,unknown,2.0527548789978027,2.218794894218445
Aldrin,0,3,analog_knn,unknown,1.4218193531036376,1.68602557182312
Benz(a)anthracene,0,3,anchorboost,unknown,0.9399505188223231,1.4543935127445593
Benz(a)anthracene,0,3,loglinear_interp,unknown,1.1483552932739258,1.6287641286849976
Benz(a)anthracene,0,3,hill_per_endpoint,unknown,1.2065852284431458,1.6683071851730347
Benz(a)anthracene,0,3,analog_knn,unknown,0.9310097336769104,1.4617284059524536
"Benzo[g,h,i]perylene",0,3,anchorboost,unknown,0.972879714014008,1.5729939133037183
"Benzo[g,h,i]perylene",0,3,loglinear_interp,unknown,0.92546466588974,1.5682177305221559
"Benzo[g,h,i]perylene",0,3,hill_per_endpoint,unknown,0.9826454043388366,1.6128499269485475
"Benzo[g,h,i]perylene",0,3,analog_knn,unknown,1.1125620484352112,1.6287678003311157
Boric acid (H3BO3),0,3,anchorboost,unknown,0.7239277191075714,1.210781708950012
Boric acid (H3BO3),0,3,loglinear_interp,unknown,0.9759298205375672,1.3766266107559204
Boric acid (H3BO3),0,3,hill_per_endpoint,unknown,1.1366235613822937,1.5432447433471679
Boric acid (H3BO3),0,3,analog_knn,unknown,0.7676860928535462,1.2751347303390503
Boscalid,0,3,anchorboost,unknown,0.7663314958779305,1.5837251919767232
Boscalid,0,3,loglinear_interp,unknown,0.846627140045166,1.6228762865066528
Boscalid,0,3,hill_per_endpoint,unknown,1.15435893535614,1.8364495038986206
Boscalid,0,3,analog_knn,unknown,0.8579718351364136,1.630627179145813
CP-457920,0,3,anchorboost,unknown,1.1818991756769957,1.6710163032447096
CP-457920,0,3,loglinear_interp,unknown,1.298691499233246,1.7499385118484496
CP-457920,0,3,hill_per_endpoint,unknown,1.6856300592422486,2.0947293043136597
CP-457920,0,3,analog_knn,unknown,1.3940550804138183,1.8726136445999146
Chlorpyrifos,0,3,anchorboost,positive,1.1241610213852253,1.5930688182682204
Chlorpyrifos,0,3,loglinear_interp,positive,1.3068231344223022,1.7466204643249512
Chlorpyrifos,0,3,hill_per_endpoint,positive,1.4393020391464233,1.8248955965042115
Chlorpyrifos,0,3,analog_knn,positive,1.2525714635849,1.693212080001831
Cyfluthrin,0,3,anchorboost,unknown,0.9653949160638049,1.4763639998930267
Cyfluthrin,0,3,loglinear_interp,unknown,1.3913925290107727,1.8283272743225099
Cyfluthrin,0,3,hill_per_endpoint,unknown,1.4886282444000245,1.8886658906936646
Cyfluthrin,0,3,analog_knn,unknown,1.1517217993736266,1.5832882165908813
Cytarabine,0,3,anchorboost,positive,0.9722540209504702,1.6318325999301861
Cytarabine,0,3,loglinear_interp,positive,1.7529116868972778,2.3465676069259644
Cytarabine,0,3,hill_per_endpoint,positive,1.2834359407424927,1.880688452720642
Cytarabine,0,3,analog_knn,positive,1.4354409456253052,2.0310401916503906
"Dibenz[a,h]anthracene",0,3,anchorboost,unknown,0.809344212107374,1.29357070945338
"Dibenz[a,h]anthracene",0,3,loglinear_interp,unknown,0.8254263401031494,1.2991157531738282
"Dibenz[a,h]anthracene",0,3,hill_per_endpoint,unknown,0.9944261074066162,1.4351608514785767
"Dibenz[a,h]anthracene",0,3,analog_knn,unknown,0.9088188767433166,1.3536701202392578
Disulfoton,0,3,anchorboost,unknown,0.5957903321091078,1.145611927252102
Disulfoton,0,3,loglinear_interp,unknown,0.7110959887504578,1.2205830335617065
Disulfoton,0,3,hill_per_endpoint,unknown,0.7796274542808532,1.3011237859725953
Disulfoton,0,3,analog_knn,unknown,0.6308071494102478,1.1602259397506713
Enadoline,0,3,anchorboost,unknown,1.2881550623521236,1.6973323004771856
Enadoline,0,3,loglinear_interp,unknown,1.477181077003479,1.8270382165908814
Enadoline,0,3,hill_per_endpoint,unknown,1.5465314984321594,1.8929748296737672
Enadoline,0,3,analog_knn,unknown,1.3732837319374085,1.7948121070861816
Erythromycin,0,3,anchorboost,negative,0.8828065183856794,1.6889287070747607
Erythromycin,0,3,loglinear_interp,negative,1.0851478338241578,1.8492020130157472
Erythromycin,0,3,hill_per_endpoint,negative,1.0730912685394287,1.8006693363189696
Erythromycin,0,3,analog_knn,negative,0.9470978856086731,1.7068158388137817
Ethoprop,0,3,anchorboost,unknown,1.1956134155787006,1.7533834975868536
Ethoprop,0,3,loglinear_interp,unknown,1.5563603639602661,2.07076153755188
Ethoprop,0,3,hill_per_endpoint,unknown,1.6858206033706664,2.1319974184036257
Ethoprop,0,3,analog_knn,unknown,1.55747447013855,2.0341576099395753
Fenamiphos,0,3,anchorboost,unknown,0.8963741814028807,1.6247003401092404
Fenamiphos,0,3,loglinear_interp,unknown,1.0602282524108886,1.7395389080047607
Fenamiphos,0,3,hill_per_endpoint,unknown,1.1322735905647279,1.7669517278671265
Fenamiphos,0,3,analog_knn,unknown,1.0033231973648071,1.696355366706848
Fluconazole,0,3,anchorboost,negative,0.9170306007093021,1.4254881148044547
Fluconazole,0,3,loglinear_interp,negative,1.0706120610237122,1.5460007667541504
Fluconazole,0,3,hill_per_endpoint,negative,1.0965460419654847,1.5775671005249023
Fluconazole,0,3,analog_knn,negative,0.9431717991828918,1.4342791318893433
Flufenacet,0,3,anchorboost,unknown,0.7832276431785874,1.2901067925695149
Flufenacet,0,3,loglinear_interp,unknown,0.9593102335929871,1.406205415725708
Flufenacet,0,3,hill_per_endpoint,unknown,1.177585530281067,1.5918390989303588
Flufenacet,0,3,analog_knn,unknown,0.7879534959793091,1.3127664566040038
Fluoxastrobin,0,3,anchorboost,unknown,1.1358600125412048,1.7925649265090235
Fluoxastrobin,0,3,loglinear_interp,unknown,1.6771978735923767,2.2241739988327027
Fluoxastrobin,0,3,hill_per_endpoint,unknown,1.7761859178543091,2.324203610420227
Fluoxastrobin,0,3,analog_knn,unknown,0.9921237587928772,1.6228789806365966
Fluoxetine hydrochloride,0,3,anchorboost,positive,1.1752149094765527,1.598602683446311
Fluoxetine hydrochloride,0,3,loglinear_interp,positive,1.4133256435394288,1.8341368198394776
Fluoxetine hydrochloride,0,3,hill_per_endpoint,positive,1.5684648990631103,1.9291089057922364
Fluoxetine hydrochloride,0,3,analog_knn,positive,1.5788983583450318,1.934369683265686
Flusilazole,0,3,anchorboost,unknown,1.2460135137917736,1.5304160338105999
Flusilazole,0,3,loglinear_interp,unknown,1.3722725868225099,1.6825537919998168
Flusilazole,0,3,hill_per_endpoint,unknown,1.6032985687255858,1.8589969396591186
Flusilazole,0,3,analog_knn,unknown,1.5062078952789306,1.7425231695175172
Glyphosate,0,3,anchorboost,negative,1.266712804896386,1.6736381337633799
Glyphosate,0,3,loglinear_interp,negative,1.2284652233123778,1.6330693006515502
Glyphosate,0,3,hill_per_endpoint,negative,1.4848809242248535,1.8449172496795654
Glyphosate,0,3,analog_knn,negative,1.5361653566360474,1.9156387329101563
Hydroxyurea,0,3,anchorboost,positive,1.237100851737308,1.7845845729527734
Hydroxyurea,0,3,loglinear_interp,positive,1.2812362909317017,1.7999279260635377
Hydroxyurea,0,3,hill_per_endpoint,positive,1.3913385629653932,1.8866804599761964
Hydroxyurea,0,3,analog_knn,positive,1.4523835182189941,1.9366704940795898
Isoniazid,0,3,anchorboost,unknown,1.092879894776394,1.7290725923220323
Isoniazid,0,3,loglinear_interp,unknown,0.9755156993865967,1.6287060022354125
Isoniazid,0,3,hill_per_endpoint,unknown,1.150640869140625,1.7494431257247924
Isoniazid,0,3,analog_knn,unknown,1.3555742263793946,1.9141670703887939
L-Domoic acid,0,3,anchorboost,positive,1.3615035044708912,2.103201597381394
L-Domoic acid,0,3,loglinear_interp,positive,1.699292254447937,2.3799765586853026
L-Domoic acid,0,3,hill_per_endpoint,positive,1.6771976947784424,2.289118432998657
L-Domoic acid,0,3,analog_knn,positive,1.6563827753067017,2.2918307781219482
Lactofen,0,3,anchorboost,unknown,0.9180403052476007,1.3950831746744063
Lactofen,0,3,loglinear_interp,unknown,1.00700101852417,1.4693482875823975
Lactofen,0,3,hill_per_endpoint,unknown,1.0900341510772704,1.5281450271606445
Lactofen,0,3,analog_knn,unknown,0.9314110279083252,1.4163946151733398
Lovastatin,0,3,anchorboost,unknown,1.4433293136409744,2.5205087703315874
Lovastatin,0,3,loglinear_interp,unknown,2.0313591241836546,3.0233877658843995
Lovastatin,0,3,hill_per_endpoint,unknown,2.391126799583435,3.2396872997283936
Lovastatin,0,3,analog_knn,unknown,1.729763913154602,2.6835922241210937
Methadone hydrochloride,0,3,anchorboost,positive,1.144268747917533,1.6212532147248293
Methadone hydrochloride,0,3,loglinear_interp,positive,1.3858766436576844,1.8005357027053832
Methadone hydrochloride,0,3,hill_per_endpoint,positive,1.541068696975708,1.9253636360168458
Methadone hydrochloride,0,3,analog_knn,positive,1.3197940111160278,1.7852696418762206
Methotrexate,0,3,anchorboost,positive,0.9223196282918144,0.9041245740570595
Methotrexate,0,3,loglinear_interp,positive,0.8986950635910034,0.9227955043315887
Methotrexate,0,3,hill_per_endpoint,positive,0.9091468721628189,0.9189143776893616
Methotrexate,0,3,analog_knn,positive,2.3205352783203126,2.3294582843780516
Naphthalene,0,3,anchorboost,unknown,1.0038466528813175,1.4448028278758438
Naphthalene,0,3,loglinear_interp,unknown,1.0782307386398315,1.5069548606872558
Naphthalene,0,3,hill_per_endpoint,unknown,1.1546657800674438,1.5695775747299194
Naphthalene,0,3,analog_knn,unknown,1.1197209477424621,1.5488969326019286
Omethoate,0,3,anchorboost,unknown,1.1908805601061274,1.546313845259315
Omethoate,0,3,loglinear_interp,unknown,0.9965018391609192,1.3488780021667481
Omethoate,0,3,hill_per_endpoint,unknown,1.2044425845146178,1.5254003286361695
Omethoate,0,3,analog_knn,unknown,1.0619823694229127,1.4353578567504883
Phenobarbital sodium,0,3,anchorboost,positive,0.8494408796677275,1.3419211796361072
Phenobarbital sodium,0,3,loglinear_interp,positive,1.0462925553321838,1.4977277040481567
Phenobarbital sodium,0,3,hill_per_endpoint,positive,1.1028263211250304,1.5305708646774292
Phenobarbital sodium,0,3,analog_knn,positive,0.8660783052444458,1.344126081466675
Pirimiphos-methyl,0,3,anchorboost,unknown,1.2301288628962748,1.6260828461143266
Pirimiphos-methyl,0,3,loglinear_interp,unknown,1.617005205154419,1.9724130868911742
Pirimiphos-methyl,0,3,hill_per_endpoint,unknown,1.829113984107971,2.1539371490478514
Pirimiphos-methyl,0,3,analog_knn,unknown,1.5348227739334106,1.8893137216567992
Pyraclostrobin,0,3,anchorboost,unknown,1.2849428951028683,1.9131685964554763
Pyraclostrobin,0,3,loglinear_interp,unknown,1.3862450003623963,1.9832411289215088
Pyraclostrobin,0,3,hill_per_endpoint,unknown,1.458899688720703,1.996711015701294
Pyraclostrobin,0,3,analog_knn,unknown,1.6932830095291138,2.268831658363342
Sodium benzoate,0,3,anchorboost,negative,0.8607027541611008,1.2844948139587937
Sodium benzoate,0,3,loglinear_interp,negative,0.9553324460983277,1.3406643629074098
Sodium benzoate,0,3,hill_per_endpoint,negative,1.137518310546875,1.497592854499817
Sodium benzoate,0,3,analog_knn,negative,1.0241769075393676,1.4250500917434692
Spirodiclofen,0,3,anchorboost,unknown,0.6353228462624374,1.0479440348276754
Spirodiclofen,0,3,loglinear_interp,unknown,0.7581824064254761,1.1379113435745238
Spirodiclofen,0,3,hill_per_endpoint,unknown,0.9291529297828675,1.292301869392395
Spirodiclofen,0,3,analog_knn,unknown,0.6872145533561707,1.1127619743347168
Thiacloprid,0,3,anchorboost,unknown,0.9760517058297442,1.456044016459065
Thiacloprid,0,3,loglinear_interp,unknown,1.082981777191162,1.5164612054824829
Thiacloprid,0,3,hill_per_endpoint,unknown,1.1704329133033753,1.5834479331970215
Thiacloprid,0,3,analog_knn,unknown,1.0522945284843446,1.5243266105651856
Triclosan,0,3,anchorboost,unknown,1.3177234340663284,1.6246317776513088
Triclosan,0,3,loglinear_interp,unknown,1.5536946177482605,1.8537765979766845
Triclosan,0,3,hill_per_endpoint,unknown,1.4526442289352417,1.7570191383361817
Triclosan,0,3,analog_knn,unknown,1.5647770404815673,1.7875734567642212
Triethyltin bromide,0,3,anchorboost,positive,1.8504299116030378,2.2776568741717282
Triethyltin bromide,0,3,loglinear_interp,positive,2.2298999309539793,2.5646647453308105
Triethyltin bromide,0,3,hill_per_endpoint,positive,1.9525750398635864,2.3170690298080445
Triethyltin bromide,0,3,analog_knn,positive,2.1632546901702883,2.586285853385925
"p,p'-DDE",0,3,anchorboost,positive,1.650274291575481,2.1899545332233963
"p,p'-DDE",0,3,loglinear_interp,positive,2.0851356029510497,2.586556053161621
"p,p'-DDE",0,3,hill_per_endpoint,positive,2.1853103399276734,2.630128002166748
"p,p'-DDE",0,3,analog_knn,positive,1.8346083760261536,2.380404329299927
(Methylcyclopentadienyl)tricarbonylmanganese,1,3,anchorboost,unknown,0.8788943120011871,1.3285711566036267
(Methylcyclopentadienyl)tricarbonylmanganese,1,3,loglinear_interp,unknown,0.9052226781845093,1.35637686252594
(Methylcyclopentadienyl)tricarbonylmanganese,1,3,hill_per_endpoint,unknown,0.986776602268219,1.3917982816696166
(Methylcyclopentadienyl)tricarbonylmanganese,1,3,analog_knn,unknown,1.0745170354843139,1.47340989112854
"1,2-Propylene glycol",1,3,anchorboost,negative,1.4223698226661812,2.2380448049909676
"1,2-Propylene glycol",1,3,loglinear_interp,negative,1.3916181802749634,2.2774790287017823
"1,2-Propylene glycol",1,3,hill_per_endpoint,negative,1.5952115774154663,2.383505439758301
"1,2-Propylene glycol",1,3,analog_knn,negative,1.4666203260421753,2.2225832462310793
5-Chloro-2-methyl-3(2H)-isothiazolone,1,3,anchorboost,unknown,1.1683841197146532,1.5263318292300914
5-Chloro-2-methyl-3(2H)-isothiazolone,1,3,loglinear_interp,unknown,1.3981590151786805,1.7280111074447633
5-Chloro-2-methyl-3(2H)-isothiazolone,1,3,hill_per_endpoint,unknown,1.4389350891113282,1.7498701095581055
5-Chloro-2-methyl-3(2H)-isothiazolone,1,3,analog_knn,unknown,1.255125391483307,1.5860829830169678
5-Fluorouracil,1,3,anchorboost,positive,1.3366473049205339,1.6942707121198322
5-Fluorouracil,1,3,loglinear_interp,positive,1.7723056077957153,2.1323063373565674
5-Fluorouracil,1,3,hill_per_endpoint,positive,1.5946999073028565,1.9494911432266235
5-Fluorouracil,1,3,analog_knn,positive,1.5696857690811157,1.890485954284668
Acephate,1,3,anchorboost,unknown,1.1365155480933373,1.630774236764097
Acephate,1,3,loglinear_interp,unknown,0.9549669623374939,1.431266474723816
Acephate,1,3,hill_per_endpoint,unknown,1.2962357521057128,1.720299983024597
Acephate,1,3,analog_knn,unknown,1.1158920526504517,1.5726934909820556
Acetaminophen,1,3,anchorboost,unknown,0.43821703878959833,1.4997824372520427
Acetaminophen,1,3,loglinear_interp,unknown,0.45774905681610106,1.5206471681594849
Acetaminophen,1,3,hill_per_endpoint,unknown,0.5534286081790925,1.5992543935775756
Acetaminophen,1,3,analog_knn,unknown,0.6717911243438721,1.5867615699768067
Aspirin,1,3,anchorboost,negative,0.5854456649056422,1.4876867751461316
Aspirin,1,3,loglinear_interp,negative,0.6097169876098633,1.5263417959213257
Aspirin,1,3,hill_per_endpoint,negative,0.6601531267166137,1.5551357030868531
Aspirin,1,3,analog_knn,negative,0.7693613767623901,1.5756560564041138
Auramine hydrochloride,1,3,anchorboost,unknown,1.1816233068239963,2.0268443246916847
Auramine hydrochloride,1,3,loglinear_interp,unknown,1.5537041544914245,2.300663685798645
Auramine hydrochloride,1,3,hill_per_endpoint,unknown,1.3761021733283996,2.153152418136597
Auramine hydrochloride,1,3,analog_knn,unknown,1.2926509618759154,2.0950882911682127
Benzo[k]fluoranthene,1,3,anchorboost,unknown,0.9205691855062776,1.4011541202959492
Benzo[k]fluoranthene,1,3,loglinear_interp,unknown,0.9938853025436402,1.439457106590271
Benzo[k]fluoranthene,1,3,hill_per_endpoint,unknown,1.2384663343429565,1.649253535270691
Benzo[k]fluoranthene,1,3,analog_knn,unknown,0.9442669868469238,1.413587498664856
Berberine chloride,1,3,anchorboost,unknown,0.8759309307962836,1.3608756070540486
Berberine chloride,1,3,loglinear_interp,unknown,1.3974735617637635,1.8143207550048828
Berberine chloride,1,3,hill_per_endpoint,unknown,1.5713210105895996,2.0192926645278932
Berberine chloride,1,3,analog_knn,unknown,1.333216941356659,1.7172345399856568
Bifenthrin,1,3,anchorboost,unknown,1.6582263852313113,1.9392756105483315
Bifenthrin,1,3,loglinear_interp,unknown,1.6617966413497924,1.914751648902893
Bifenthrin,1,3,hill_per_endpoint,unknown,1.9874379634857178,2.1673201084136964
Bifenthrin,1,3,analog_knn,unknown,1.8482775926589965,2.13788321018219
Bis(tributyltin)oxide,1,3,anchorboost,positive,2.335470427162261,2.5835252583169765
Bis(tributyltin)oxide,1,3,loglinear_interp,positive,2.0721782207489015,2.282101845741272
Bis(tributyltin)oxide,1,3,hill_per_endpoint,positive,2.066808080673218,2.2486214637756348
Bis(tributyltin)oxide,1,3,analog_knn,positive,2.8429031372070312,3.0551167011260985
Bisindolylmaleimide I,1,3,anchorboost,positive,1.0187661195502287,1.9370712263546266
Bisindolylmaleimide I,1,3,loglinear_interp,positive,1.2152985453605651,2.108277773857117
Bisindolylmaleimide I,1,3,hill_per_endpoint,positive,1.3488716006278991,2.1546074390411376
Bisindolylmaleimide I,1,3,analog_knn,positive,1.1463857650756837,2.100643348693848
Bisphenol A,1,3,anchorboost,positive,0.9014754422619905,1.6241999044323918
Bisphenol A,1,3,loglinear_interp,positive,1.0297573447227477,1.7554435014724732
Bisphenol A,1,3,hill_per_endpoint,positive,1.1665063381195069,1.780009388923645
Bisphenol A,1,3,analog_knn,positive,1.2454211473464967,1.828452730178833
Busulfan,1,3,anchorboost,unknown,0.7006605459898234,1.11259102641433
Busulfan,1,3,loglinear_interp,unknown,0.7569347262382508,1.1772541999816895
Busulfan,1,3,hill_per_endpoint,unknown,1.000369668006897,1.3853890657424928
Busulfan,1,3,analog_knn,unknown,0.8395238995552063,1.2105990648269653
Caffeine,1,3,anchorboost,positive,1.200872707932458,1.6790082739377419
Caffeine,1,3,loglinear_interp,positive,1.1649531602859498,1.6528642654418946
Caffeine,1,3,hill_per_endpoint,positive,1.3604260683059692,1.833101463317871
Caffeine,1,3,analog_knn,positive,1.2933008432388307,1.753234314918518
Chlordiazepoxide hydrochloride,1,3,anchorboost,positive,1.483219182358618,2.08305160495049
Chlordiazepoxide hydrochloride,1,3,loglinear_interp,positive,1.8111005783081056,2.4224271297454836
Chlordiazepoxide hydrochloride,1,3,hill_per_endpoint,positive,1.9557564496994018,2.4534294605255127
Chlordiazepoxide hydrochloride,1,3,analog_knn,positive,1.5655246019363402,2.191727709770203
Cyclophosphamide monohydrate,1,3,anchorboost,positive,1.1242517529899434,1.630416590451984
Cyclophosphamide monohydrate,1,3,loglinear_interp,positive,1.1999223470687865,1.7124090194702148
Cyclophosphamide monohydrate,1,3,hill_per_endpoint,positive,1.5212573766708375,1.9776669025421143
Cyclophosphamide monohydrate,1,3,analog_knn,positive,1.1128979206085206,1.602747392654419
Cymoxanil,1,3,anchorboost,unknown,0.5978520564183498,1.346046017999471
Cymoxanil,1,3,loglinear_interp,unknown,0.6535867094993592,1.3552194833755493
Cymoxanil,1,3,hill_per_endpoint,unknown,1.0075029134750366,1.6488852500915527
Cymoxanil,1,3,analog_knn,unknown,0.8115797758102417,1.4914609909057617
Diazepam,1,3,anchorboost,positive,1.313917038192227,1.770517060024502
Diazepam,1,3,loglinear_interp,positive,1.368022894859314,1.842982244491577
Diazepam,1,3,hill_per_endpoint,positive,1.4073312759399415,1.8846232891082764
Diazepam,1,3,analog_knn,positive,1.8313731670379638,2.209925889968872
Diazoxon,1,3,anchorboost,unknown,1.1247484890171884,1.6323743705786853
Diazoxon,1,3,loglinear_interp,unknown,0.9521220088005066,1.480409359931946
Diazoxon,1,3,hill_per_endpoint,unknown,0.9755159735679626,1.5220204830169677
Diazoxon,1,3,analog_knn,unknown,1.0667325139045716,1.5257369995117187
Diethylene glycol,1,3,anchorboost,negative,1.0033257313707737,1.4628521872325613
Diethylene glycol,1,3,loglinear_interp,negative,1.1760342955589294,1.5698124408721923
Diethylene glycol,1,3,hill_per_endpoint,negative,1.656005859375,2.039699339866638
Diethylene glycol,1,3,analog_knn,negative,1.0051630854606628,1.4782766342163085
Diethylstilbestrol,1,3,anchorboost,positive,1.1099806396678211,1.6915633467180426
Diethylstilbestrol,1,3,loglinear_interp,positive,1.4042442798614503,1.9486112356185914
Diethylstilbestrol,1,3,hill_per_endpoint,positive,1.6832081079483032,2.121321749687195
Diethylstilbestrol,1,3,analog_knn,positive,1.4618182897567749,1.9367183208465577
Difpas-pyrazole,1,3,anchorboost,unknown,1.5616397479940545,2.036867284459019
Difpas-pyrazole,1,3,loglinear_interp,unknown,1.8293292284011842,2.2751668453216554
Difpas-pyrazole,1,3,hill_per_endpoint,unknown,1.954893374443054,2.3722982883453367
Difpas-pyrazole,1,3,analog_knn,unknown,1.6809393882751464,2.1267457008361816
Dimethoate,1,3,anchorboost,unknown,0.9288712238743176,1.3735094803211174
Dimethoate,1,3,loglinear_interp,unknown,1.4133956670761108,1.7978506803512573
Dimethoate,1,3,hill_per_endpoint,unknown,1.4439734816551208,1.8244596481323243
Dimethoate,1,3,analog_knn,unknown,1.2938987612724304,1.6992292642593383
Endosulfan,1,3,anchorboost,unknown,1.8716117060010304,2.1662447818545205
Endosulfan,1,3,loglinear_interp,unknown,2.3202693700790404,2.585730862617493
Endosulfan,1,3,hill_per_endpoint,unknown,2.3015783548355104,2.5467138290405273
Endosulfan,1,3,analog_knn,unknown,1.9479099750518798,2.226660966873169
Endrin,1,3,anchorboost,unknown,1.3954852354598288,1.694099287295688
Endrin,1,3,loglinear_interp,unknown,1.6022764205932618,1.8890912055969238
Endrin,1,3,hill_per_endpoint,unknown,1.7448731184005737,2.0502915143966676
Endrin,1,3,analog_knn,unknown,1.4493754863739015,1.755804467201233
Fenitrothion,1,3,anchorboost,unknown,0.7941121219221604,1.3369380053590976
Fenitrothion,1,3,loglinear_interp,unknown,0.8614236235618591,1.3764370203018188
Fenitrothion,1,3,hill_per_endpoint,unknown,1.2860909223556518,1.766279125213623
Fenitrothion,1,3,analog_knn,unknown,0.8474545359611512,1.3859667301177978
Loperamide,1,3,anchorboost,positive,1.270816253154906,2.1954662515495356
Loperamide,1,3,loglinear_interp,positive,1.726865553855896,2.5493834972381593
Loperamide,1,3,hill_per_endpoint,positive,1.6345297813415527,2.422151064872742
Loperamide,1,3,analog_knn,positive,1.414357876777649,2.2953809261322022
Malaoxon,1,3,anchorboost,unknown,0.8708553633691329,1.2828569506839504
Malaoxon,1,3,loglinear_interp,unknown,0.9015141010284424,1.3403310537338258
Malaoxon,1,3,hill_per_endpoint,unknown,0.9793946266174316,1.3945806741714477
Malaoxon,1,3,analog_knn,unknown,1.1530287504196166,1.4740265130996704
Methoxychlor,1,3,anchorboost,unknown,1.5318947225127086,2.001640077735037
Methoxychlor,1,3,loglinear_interp,unknown,1.8062167167663574,2.2480408430099486
Methoxychlor,1,3,hill_per_endpoint,unknown,1.987147045135498,2.35633761882782
Methoxychlor,1,3,analog_knn,unknown,1.645153546333313,2.1121283531188966
Naled,1,3,anchorboost,unknown,1.2675936267874781,1.5225851983997107
Naled,1,3,loglinear_interp,unknown,1.3849956750869752,1.5924566030502318
Naled,1,3,hill_per_endpoint,unknown,1.5431808948516845,1.6843167543411255
Naled,1,3,analog_knn,unknown,1.3069530963897704,1.5356075048446656
Oxidopamine hydrochloride,1,3,anchorboost,unknown,1.0429688928003462,1.66815869111697
Oxidopamine hydrochloride,1,3,loglinear_interp,unknown,1.3863980531692506,1.915049958229065
Oxidopamine hydrochloride,1,3,hill_per_endpoint,unknown,1.4199790596961974,1.9284838438034058
Oxidopamine hydrochloride,1,3,analog_knn,unknown,1.1677010297775268,1.7608819007873535
Permethrin,1,3,anchorboost,positive,1.3107378176032334,1.8426843348350346
Permethrin,1,3,loglinear_interp,positive,1.4878607749938966,1.9774203062057496
Permethrin,1,3,hill_per_endpoint,positive,1.6130504846572875,2.0043222665786744
Permethrin,1,3,analog_knn,positive,1.4301685094833374,1.8866077661514282
PharmaGSID_47330,1,3,anchorboost,unknown,1.1912605420526199,1.6138371954924307
PharmaGSID_47330,1,3,loglinear_interp,unknown,1.4165879249572755,1.7677438020706178
PharmaGSID_47330,1,3,hill_per_endpoint,unknown,1.5034377813339233,1.8268348217010497
PharmaGSID_47330,1,3,analog_knn,unknown,1.3487782239913941,1.761940312385559
Phenanthrene,1,3,anchorboost,unknown,0.5139602564789347,1.2676221293138128
Phenanthrene,1,3,loglinear_interp,unknown,0.5965217590332031,1.3338647127151488
Phenanthrene,1,3,hill_per_endpoint,unknown,0.6437338352203369,1.3790129661560058
Phenanthrene,1,3,analog_knn,unknown,0.5388044595718384,1.2947685241699218
Pravastatin sodium,1,3,anchorboost,unknown,1.6416234815468003,2.143135121999445
Pravastatin sodium,1,3,loglinear_interp,unknown,1.899582529067993,2.392761707305908
Pravastatin sodium,1,3,hill_per_endpoint,unknown,1.7867197751998902,2.2067479610443117
Pravastatin sodium,1,3,analog_knn,unknown,1.9675126552581788,2.435362124443054
S-Ethyl dipropylthiocarbamate,1,3,anchorboost,unknown,0.8133570830731216,1.1773720417352513
S-Ethyl dipropylthiocarbamate,1,3,loglinear_interp,unknown,0.8224459767341614,1.195016622543335
S-Ethyl dipropylthiocarbamate,1,3,hill_per_endpoint,unknown,1.1272755026817323,1.4821033477783203
S-Ethyl dipropylthiocarbamate,1,3,analog_knn,unknown,1.0862298607826233,1.4108493089675904
Sodium saccharin hydrate,1,3,anchorboost,negative,1.1027728651295585,1.6546018487515863
Sodium saccharin hydrate,1,3,loglinear_interp,negative,1.0020630955696106,1.5984381437301636
Sodium saccharin hydrate,1,3,hill_per_endpoint,negative,1.4880739450454712,1.9633766651153564
Sodium saccharin hydrate,1,3,analog_knn,negative,1.2338562965393067,1.7477293014526367
Sodium valproate,1,3,anchorboost,positive,2.1888770851171464,2.6128628417677104
Sodium valproate,1,3,loglinear_interp,positive,1.1678359270095826,1.6384593963623046
Sodium valproate,1,3,hill_per_endpoint,positive,1.2698323011398316,1.6955940961837768
Sodium valproate,1,3,analog_knn,positive,1.3029074192047119,1.7592531204223634
Terbufos,1,3,anchorboost,unknown,1.7769933172025147,2.0281461665524203
Terbufos,1,3,loglinear_interp,unknown,2.4814112424850463,2.710386848449707
Terbufos,1,3,hill_per_endpoint,unknown,2.8415344953536987,3.0616872787475584
Terbufos,1,3,analog_knn,unknown,2.078809380531311,2.2957213640213014
Thalidomide,1,3,anchorboost,positive,1.38543402371029,2.0548907973759527
Thalidomide,1,3,loglinear_interp,positive,1.5691437005996705,2.216693305969238
Thalidomide,1,3,hill_per_endpoint,positive,1.5243088483810425,2.2018434762954713
Thalidomide,1,3,analog_knn,positive,1.4537121295928954,2.1291120529174803
Tributyltin methacrylate,1,3,anchorboost,positive,1.1579247087796536,2.048349428884081
Tributyltin methacrylate,1,3,loglinear_interp,positive,1.4409151077270508,2.1872963905334473
Tributyltin methacrylate,1,3,hill_per_endpoint,positive,1.4713344812393188,2.169771122932434
Tributyltin methacrylate,1,3,analog_knn,positive,1.2838198661804199,2.1844012260437013
Trimethyltin hydroxide,1,3,anchorboost,positive,2.5969191494215607,2.8795427531223594
Trimethyltin hydroxide,1,3,loglinear_interp,positive,3.6350642442703247,3.8509568691253664
Trimethyltin hydroxide,1,3,hill_per_endpoint,positive,3.5121845960617066,3.7149096965789794
Trimethyltin hydroxide,1,3,analog_knn,positive,2.4537601470947266,2.766045880317688
"Tris(1,3-dichloro-2-propyl) phosphate",1,3,anchorboost,unknown,1.305871020409991,2.4471032774769994
"Tris(1,3-dichloro-2-propyl) phosphate",1,3,loglinear_interp,unknown,1.3340660810470581,2.4614017009735107
"Tris(1,3-dichloro-2-propyl) phosphate",1,3,hill_per_endpoint,unknown,1.5724506616592406,2.6223145484924317
"Tris(1,3-dichloro-2-propyl) phosphate",1,3,analog_knn,unknown,1.2636462211608888,2.3368396282196047
Tris(2-chloroethyl) phosphate,1,3,anchorboost,unknown,1.269021505612649,2.2605078203211386
Tris(2-chloroethyl) phosphate,1,3,loglinear_interp,unknown,1.3117443561553954,2.339144468307495
Tris(2-chloroethyl) phosphate,1,3,hill_per_endpoint,unknown,1.4004388570785522,2.434693622589111
Tris(2-chloroethyl) phosphate,1,3,analog_knn,unknown,1.4055710315704346,2.2838502407073973
Z-Tetrachlorvinphos,1,3,anchorboost,unknown,1.3174550192205432,1.8623746755078578
Z-Tetrachlorvinphos,1,3,loglinear_interp,unknown,1.5079485297203064,2.036891007423401
Z-Tetrachlorvinphos,1,3,hill_per_endpoint,unknown,1.4490478396415711,1.9439900636672973
Z-Tetrachlorvinphos,1,3,analog_knn,unknown,1.644418215751648,2.111637020111084
"p,p'-DDD",1,3,anchorboost,positive,1.216211539999995,1.6464183301694528
"p,p'-DDD",1,3,loglinear_interp,positive,1.4693729281425476,1.8768356561660766
"p,p'-DDD",1,3,hill_per_endpoint,positive,1.6128996372222901,2.0125279903411863
"p,p'-DDD",1,3,analog_knn,positive,1.3366118311882018,1.7850605964660644
tert-Butylhydroquinone,1,3,anchorboost,unknown,0.9768988239179539,1.4014729425697445
tert-Butylhydroquinone,1,3,loglinear_interp,unknown,1.2401292681694032,1.612158966064453
tert-Butylhydroquinone,1,3,hill_per_endpoint,unknown,1.3377775430679322,1.638149046897888
tert-Butylhydroquinone,1,3,analog_knn,unknown,1.2001054763793946,1.5465662002563476
2-(m-Chlorophenoxy)propionic acid,2,3,anchorboost,unknown,1.2305629000908294,1.7328841851522292
2-(m-Chlorophenoxy)propionic acid,2,3,loglinear_interp,unknown,1.4421142101287843,1.8684906482696533
2-(m-Chlorophenoxy)propionic acid,2,3,hill_per_endpoint,unknown,1.332407808303833,1.8177125692367553
2-(m-Chlorophenoxy)propionic acid,2,3,analog_knn,unknown,1.3758733034133912,1.8624890804290772
2-Ethylhexyl diphenyl phosphate,2,3,anchorboost,unknown,1.0278322652829934,1.551068180733991
2-Ethylhexyl diphenyl phosphate,2,3,loglinear_interp,unknown,1.1253292441368103,1.618713617324829
2-Ethylhexyl diphenyl phosphate,2,3,hill_per_endpoint,unknown,1.1755593299865723,1.650995659828186
2-Ethylhexyl diphenyl phosphate,2,3,analog_knn,unknown,1.1340569257736206,1.6305560350418091
"3,3',5,5'-Tetrabromobisphenol A",2,3,anchorboost,unknown,0.752415485170577,1.3564176775647092
"3,3',5,5'-Tetrabromobisphenol A",2,3,loglinear_interp,unknown,0.8312976837158204,1.4010902881622314
"3,3',5,5'-Tetrabromobisphenol A",2,3,hill_per_endpoint,unknown,0.9526715040206909,1.5059249877929688
"3,3',5,5'-Tetrabromobisphenol A",2,3,analog_knn,unknown,0.9116069436073303,1.4605275869369507
Abamectin,2,3,anchorboost,unknown,1.5390302215068998,2.2741428164399227
Abamectin,2,3,loglinear_interp,unknown,1.7242438077926636,2.379471683502197
Abamectin,2,3,hill_per_endpoint,unknown,1.5076550722122193,2.0811545610427857
Abamectin,2,3,analog_knn,unknown,2.1419300556182863,2.8889607906341555
Acenaphthylene,2,3,anchorboost,unknown,0.6113874315407347,1.2553830126227035
Acenaphthylene,2,3,loglinear_interp,unknown,0.6777658343315125,1.2953731298446656
Acenaphthylene,2,3,hill_per_endpoint,unknown,0.7536728978157043,1.3623520851135253
Acenaphthylene,2,3,analog_knn,unknown,0.714503538608551,1.313022994995117
Aldicarb,2,3,anchorboost,unknown,0.9577332888449046,1.5609109809121129
Aldicarb,2,3,loglinear_interp,unknown,0.9356006622314453,1.5326822757720948
Aldicarb,2,3,hill_per_endpoint,unknown,0.9975764751434326,1.5712584257125854
Aldicarb,2,3,analog_knn,unknown,1.2713845014572143,1.8227537870407104
Amoxicillin,2,3,anchorboost,negative,1.0449383228131546,1.5628628529146065
Amoxicillin,2,3,loglinear_interp,negative,1.14463152885437,1.5902810096740723
Amoxicillin,2,3,hill_per_endpoint,negative,1.397008752822876,1.8338286638259889
Amoxicillin,2,3,analog_knn,negative,1.1962494492530822,1.711145544052124
Azoxystrobin,2,3,anchorboost,unknown,1.2481176131652183,1.802759394344792
Azoxystrobin,2,3,loglinear_interp,unknown,1.5395489573478698,2.0307889699935915
Azoxystrobin,2,3,hill_per_endpoint,unknown,1.5642114639282227,2.05965518951416
Azoxystrobin,2,3,analog_knn,unknown,1.4158942461013795,1.91903076171875
Benzo[a]pyrene,2,3,anchorboost,unknown,0.8599078525591397,1.3381257502552384
Benzo[a]pyrene,2,3,loglinear_interp,unknown,1.0199660062789917,1.4517106294631958
Benzo[a]pyrene,2,3,hill_per_endpoint,unknown,1.0314758539199829,1.4760062456130982
Benzo[a]pyrene,2,3,analog_knn,unknown,0.9342990040779113,1.3834371089935302
Benzo[e]pyrene,2,3,anchorboost,unknown,1.091825334208337,1.4907738873094576
Benzo[e]pyrene,2,3,loglinear_interp,unknown,1.143542194366455,1.5347538948059083
Benzo[e]pyrene,2,3,hill_per_endpoint,unknown,1.4111350297927856,1.7656642198562622
Benzo[e]pyrene,2,3,analog_knn,unknown,1.139695656299591,1.5306948661804198
Bis(2-ethylhexyl) tetrabromophthalate,2,3,anchorboost,unknown,1.1926548308399467,1.6273005682345871
Bis(2-ethylhexyl) tetrabromophthalate,2,3,loglinear_interp,unknown,1.2807992696762085,1.6884721755981444
Bis(2-ethylhexyl) tetrabromophthalate,2,3,hill_per_endpoint,unknown,1.5022807121276855,1.8662795782089234
Bis(2-ethylhexyl) tetrabromophthalate,2,3,analog_knn,unknown,1.4475885152816772,1.832803225517273
Bisphenol AF,2,3,anchorboost,positive,1.060818517313653,1.9814279272397983
Bisphenol AF,2,3,loglinear_interp,positive,1.2615737438201904,2.12666974067688
Bisphenol AF,2,3,hill_per_endpoint,positive,1.326750361919403,2.1529966831207275
Bisphenol AF,2,3,analog_knn,positive,1.128192174434662,1.9995582103729248
Bisphenol B,2,3,anchorboost,positive,1.0277148737095303,1.4989217271671262
Bisphenol B,2,3,loglinear_interp,positive,1.2941060781478881,1.7008786916732788
Bisphenol B,2,3,hill_per_endpoint,positive,1.2679250955581665,1.6616865873336792
Bisphenol B,2,3,analog_knn,positive,1.0799474954605102,1.5491497755050658
Cadmium(II) chloride hydrate (2:5),2,3,anchorboost,positive,1.0642093415354417,1.2380135733368764
Cadmium(II) chloride hydrate (2:5),2,3,loglinear_interp,positive,1.2895909786224364,1.4124757766723632
Cadmium(II) chloride hydrate (2:5),2,3,hill_per_endpoint,positive,1.149728775024414,1.2755762100219727
Cadmium(II) chloride hydrate (2:5),2,3,analog_knn,positive,1.602605390548706,1.7940239906311035
Captan,2,3,anchorboost,unknown,1.0021123732044142,2.0455104571909613
Captan,2,3,loglinear_interp,unknown,1.285212016105652,2.2098010540008546
Captan,2,3,hill_per_endpoint,unknown,1.3300827145576477,2.218747687339783
Captan,2,3,analog_knn,unknown,0.9918631911277771,2.0388641357421875
Carbamazepine,2,3,anchorboost,positive,1.000589114023204,1.4469496573484926
Carbamazepine,2,3,loglinear_interp,positive,0.9987958312034607,1.43484947681427
Carbamazepine,2,3,hill_per_endpoint,positive,1.23407986164093,1.64958713054657
Carbamazepine,2,3,analog_knn,positive,1.0898972034454346,1.5339696884155274
Carbaryl,2,3,anchorboost,unknown,2.2145753152387835,2.703289570482351
Carbaryl,2,3,loglinear_interp,unknown,2.5725848197937013,3.066574811935425
Carbaryl,2,3,hill_per_endpoint,unknown,2.651872968673706,3.1197054386138916
Carbaryl,2,3,analog_knn,unknown,2.163191866874695,2.7216883182525633
Cariporide mesylate,2,3,anchorboost,unknown,1.0764895158170158,1.5668631015877417
Cariporide mesylate,2,3,loglinear_interp,unknown,1.2392669916152954,1.6931180715560914
Cariporide mesylate,2,3,hill_per_endpoint,unknown,1.346283769607544,1.7869245052337646
Cariporide mesylate,2,3,analog_knn,unknown,1.198041605949402,1.6739060401916503
Chloramben,2,3,anchorboost,negative,0.7257456685131546,1.8920367974460768
Chloramben,2,3,loglinear_interp,negative,0.8907272338867187,1.970444655418396
Chloramben,2,3,hill_per_endpoint,negative,1.0179755926132201,2.0457709312438963
Chloramben,2,3,analog_knn,negative,0.8426820874214173,1.947523307800293
Chlorpromazine hydrochloride,2,3,anchorboost,positive,1.4568309627645566,1.8256798485505628
Chlorpromazine hydrochloride,2,3,loglinear_interp,positive,1.6992137670516967,2.0612268924713133
Chlorpromazine hydrochloride,2,3,hill_per_endpoint,positive,1.7002322196960449,2.011643123626709
Chlorpromazine hydrochloride,2,3,analog_knn,positive,1.6308427810668946,1.9842993021011353
Clothianidin,2,3,anchorboost,unknown,0.7406534916237113,1.178835829632526
Clothianidin,2,3,loglinear_interp,unknown,0.7718270182609558,1.2046993970870972
Clothianidin,2,3,hill_per_endpoint,unknown,0.8733952641487122,1.2842061281204225
Clothianidin,2,3,analog_knn,unknown,0.9246026277542114,1.3231532335281373
Dichlorvos,2,3,anchorboost,unknown,0.9095007759806174,1.2761604016299235
Dichlorvos,2,3,loglinear_interp,unknown,1.0619137406349182,1.3735666751861573
Dichlorvos,2,3,hill_per_endpoint,unknown,1.0465741872787475,1.3712064504623414
Dichlorvos,2,3,analog_knn,unknown,0.8949999213218689,1.2680963277816772
Eugenol,2,3,anchorboost,unknown,1.111700278469817,1.736436781216043
Eugenol,2,3,loglinear_interp,unknown,1.2278223037719727,1.8307379245758058
Eugenol,2,3,hill_per_endpoint,unknown,1.3948182821273805,1.982481336593628
Eugenol,2,3,analog_knn,unknown,1.3225279450416565,1.9301096677780152
Fipronil,2,3,anchorboost,unknown,1.1700547905370775,1.4620558817933107
Fipronil,2,3,loglinear_interp,unknown,1.0994777917861938,1.4037111759185792
Fipronil,2,3,hill_per_endpoint,unknown,1.3310719013214112,1.637792944908142
Fipronil,2,3,analog_knn,unknown,1.582981324195862,1.8165266513824463
Fluorene,2,3,anchorboost,unknown,0.5621545286781686,1.189392886658906
Fluorene,2,3,loglinear_interp,unknown,0.6121472239494323,1.2251888036727905
Fluorene,2,3,hill_per_endpoint,unknown,0.7365933656692505,1.3098259210586547
Fluorene,2,3,analog_knn,unknown,0.6745906472206116,1.2617172479629517
Glycerol,2,3,anchorboost,negative,0.6256981973263295,1.4288032835576623
Glycerol,2,3,loglinear_interp,negative,0.7559850454330445,1.4997538328170776
Glycerol,2,3,hill_per_endpoint,negative,0.7280436515808105,1.4824757337570191
Glycerol,2,3,analog_knn,negative,0.6138469815254212,1.4420041561126709
L-Ascorbic acid,2,3,anchorboost,negative,1.0252566957185891,1.5243335686180273
L-Ascorbic acid,2,3,loglinear_interp,negative,1.043601930141449,1.5315551519393922
L-Ascorbic acid,2,3,hill_per_endpoint,negative,1.2246366739273071,1.71175377368927
L-Ascorbic acid,2,3,analog_knn,negative,1.2234546303749085,1.7189621210098267
Lindane,2,3,anchorboost,positive,1.4489955327137987,2.468000595828415
Lindane,2,3,loglinear_interp,positive,1.3567663550376892,2.371314859390259
Lindane,2,3,hill_per_endpoint,positive,1.614862322807312,2.5404258251190184
Lindane,2,3,analog_knn,positive,1.759405517578125,2.640479040145874
Maneb,2,3,anchorboost,positive,1.0245490971465139,1.4714706145504626
Maneb,2,3,loglinear_interp,positive,1.0209610104560851,1.4698992252349854
Maneb,2,3,hill_per_endpoint,positive,1.1256135940551757,1.5643004894256591
Maneb,2,3,analog_knn,positive,1.1015844345092773,1.5021928310394288
Manganese dichloride,2,3,anchorboost,positive,1.0061599873850944,1.4363915243187753
Manganese dichloride,2,3,loglinear_interp,positive,0.9641509890556336,1.403044867515564
Manganese dichloride,2,3,hill_per_endpoint,positive,1.1468227982521058,1.5467073917388916
Manganese dichloride,2,3,analog_knn,positive,1.1541973114013673,1.5470277547836304
Mercuric chloride,2,3,anchorboost,positive,1.340929808953617,2.452352190746673
Mercuric chloride,2,3,loglinear_interp,positive,1.6142691612243651,2.614874172210693
Mercuric chloride,2,3,hill_per_endpoint,positive,2.005256676673889,2.822771406173706
Mercuric chloride,2,3,analog_knn,positive,1.5049689769744874,2.5678813457489014
Methamidophos,2,3,anchorboost,unknown,0.8455720996495106,1.5490704442063146
Methamidophos,2,3,loglinear_interp,unknown,0.781299602985382,1.4864023923873901
Methamidophos,2,3,hill_per_endpoint,unknown,1.009803092479706,1.6801162004470824
Methamidophos,2,3,analog_knn,unknown,0.9180981397628785,1.5626330137252809
Methylmercuric(II) chloride,2,3,anchorboost,positive,1.3647082100410253,1.534584873472792
Methylmercuric(II) chloride,2,3,loglinear_interp,positive,1.8628791570663452,1.9744355440139771
Methylmercuric(II) chloride,2,3,hill_per_endpoint,positive,1.7325006484985352,1.8371437549591065
Methylmercuric(II) chloride,2,3,analog_knn,positive,1.8259334087371826,1.9986563205718995
Mevastatin,2,3,anchorboost,positive,1.2334298298880269,2.7578008004223067
Mevastatin,2,3,loglinear_interp,positive,1.4974802255630493,3.0807173252105713
Mevastatin,2,3,hill_per_endpoint,positive,1.4237504243850707,2.895308494567871
Mevastatin,2,3,analog_knn,positive,1.6504629850387573,3.0301976203918457
Mirex,2,3,anchorboost,unknown,1.4842203020877127,1.7951869770108246
Mirex,2,3,loglinear_interp,unknown,1.8700040817260741,2.129668879508972
Mirex,2,3,hill_per_endpoint,unknown,1.8634055137634278,2.1425897121429442
Mirex,2,3,analog_knn,unknown,1.7266671657562256,2.0360039949417112
"Octachloro-4,7-methanotetrahydroindane",2,3,anchorboost,unknown,1.2963481243224024,1.8235991109533038
"Octachloro-4,7-methanotetrahydroindane",2,3,loglinear_interp,unknown,1.3618763208389282,1.935223388671875
"Octachloro-4,7-methanotetrahydroindane",2,3,hill_per_endpoint,unknown,1.755024218559265,2.198447847366333
"Octachloro-4,7-methanotetrahydroindane",2,3,analog_knn,unknown,1.3810094356536866,1.8876915216445922
Parathion,2,3,anchorboost,positive,0.8325081155942907,1.7081464126675443
Parathion,2,3,loglinear_interp,positive,0.8801978826522827,1.7481051921844482
Parathion,2,3,hill_per_endpoint,positive,1.0497652769088746,1.8212236166000366
Parathion,2,3,analog_knn,positive,0.9823813796043396,1.7780529975891113
Prallethrin,2,3,anchorboost,unknown,1.0537365472385363,1.6018056117439894
Prallethrin,2,3,loglinear_interp,unknown,1.2480340480804444,1.7983628988265992
Prallethrin,2,3,hill_per_endpoint,unknown,1.4578635454177857,1.9338735103607179
Prallethrin,2,3,analog_knn,unknown,1.0562575578689575,1.5936724185943603
Reserpine,2,3,anchorboost,unknown,2.177289829203804,2.5040753845804353
Reserpine,2,3,loglinear_interp,unknown,2.609389877319336,2.9298168420791626
Reserpine,2,3,hill_per_endpoint,unknown,2.6855653285980225,2.995485019683838
Reserpine,2,3,analog_knn,unknown,2.4535348653793334,2.7378472805023195
Sodium arsenite,2,3,anchorboost,positive,1.8510212605754437,2.0290276827947618
Sodium arsenite,2,3,loglinear_interp,positive,2.3539881467819215,2.540667676925659
Sodium arsenite,2,3,hill_per_endpoint,positive,2.387754511833191,2.528926634788513
Sodium arsenite,2,3,analog_knn,positive,2.3606909036636354,2.5311965465545656
Tebuconazole,2,3,anchorboost,positive,2.2077444756866433,2.517840911018142
Tebuconazole,2,3,loglinear_interp,positive,2.654938268661499,2.9490756511688234
Tebuconazole,2,3,hill_per_endpoint,positive,2.6205585479736326,2.870928335189819
Tebuconazole,2,3,analog_knn,positive,2.3421996355056764,2.650701713562012
Terbutaline hemisulfate,2,3,anchorboost,positive,0.8432176351583532,1.2627968982137068
Terbutaline hemisulfate,2,3,loglinear_interp,positive,0.8708371996879578,1.2744645833969117
Terbutaline hemisulfate,2,3,hill_per_endpoint,positive,0.9162074208259583,1.3123365879058837
Terbutaline hemisulfate,2,3,analog_knn,positive,1.1647011160850524,1.509783148765564
Tetraethylthiuram disulfide,2,3,anchorboost,unknown,1.0704802802781093,1.7610565089276253
Tetraethylthiuram disulfide,2,3,loglinear_interp,unknown,1.5195682764053344,2.2038148641586304
Tetraethylthiuram disulfide,2,3,hill_per_endpoint,unknown,1.530667507648468,2.150794506072998
Tetraethylthiuram disulfide,2,3,analog_knn,unknown,1.643021285533905,2.2913057804107666
Tetramethrin,2,3,anchorboost,unknown,0.8413768245004583,1.2429219635859545
Tetramethrin,2,3,loglinear_interp,unknown,0.946942663192749,1.301318144798279
Tetramethrin,2,3,hill_per_endpoint,unknown,1.02717924118042,1.354970097541809
Tetramethrin,2,3,analog_knn,unknown,0.9229373812675477,1.346101498603821
Tribufos,2,3,anchorboost,unknown,1.36950264369692,1.6790702355536133
Tribufos,2,3,loglinear_interp,unknown,1.832066297531128,2.1306474685668944
Tribufos,2,3,hill_per_endpoint,unknown,1.8340429067611694,2.102334213256836
Tribufos,2,3,analog_knn,unknown,1.6421235799789429,1.9082005500793457
Trichlorfon,2,3,anchorboost,positive,1.192413948374603,1.6385107271409063
Trichlorfon,2,3,loglinear_interp,positive,1.5736759662628175,2.0019062042236326
Trichlorfon,2,3,hill_per_endpoint,positive,1.5110870838165282,1.9537344455718995
Trichlorfon,2,3,analog_knn,positive,1.5649796724319458,1.9842451572418214
Trifloxystrobin,2,3,anchorboost,unknown,1.166723741192402,1.7791845081106152
Trifloxystrobin,2,3,loglinear_interp,unknown,1.3398597717285157,1.9189994096755982
Trifloxystrobin,2,3,hill_per_endpoint,unknown,1.2095219612121582,1.752462100982666
Trifloxystrobin,2,3,analog_knn,unknown,1.3563714981079102,1.9126454830169677
Tris(methylphenyl) phosphate,2,3,anchorboost,unknown,0.9182506169551565,1.5676792455522814
Tris(methylphenyl) phosphate,2,3,loglinear_interp,unknown,1.085094118118286,1.6768385887145996
Tris(methylphenyl) phosphate,2,3,hill_per_endpoint,unknown,1.2309097528457642,1.7925135612487793
Tris(methylphenyl) phosphate,2,3,analog_knn,unknown,0.8928301453590393,1.5520597696304321
"o,p'-DDT",2,3,anchorboost,unknown,1.4347230711957555,1.77766119800499
"o,p'-DDT",2,3,loglinear_interp,unknown,1.4908605813980103,1.8448611736297607
"o,p'-DDT",2,3,hill_per_endpoint,unknown,1.5894895553588868,1.8926448822021484
"o,p'-DDT",2,3,analog_knn,unknown,2.1129182100296022,2.3970866203308105
1-Methyl-4-phenylpyridinium iodide,3,3,anchorboost,positive,1.2040513487773274,1.5310145970222402
1-Methyl-4-phenylpyridinium iodide,3,3,loglinear_interp,positive,1.3654951572418212,1.6664156436920166
1-Methyl-4-phenylpyridinium iodide,3,3,hill_per_endpoint,positive,1.4388287544250489,1.707387638092041
1-Methyl-4-phenylpyridinium iodide,3,3,analog_knn,positive,1.3009254455566406,1.6248537063598634
"2-Ethylhexyl 2,3,4,5-tetrabromobenzoate",3,3,anchorboost,unknown,1.7495839479054023,2.2613616241232237
"2-Ethylhexyl 2,3,4,5-tetrabromobenzoate",3,3,loglinear_interp,unknown,1.9492408514022828,2.4338863849639893
"2-Ethylhexyl 2,3,4,5-tetrabromobenzoate",3,3,hill_per_endpoint,unknown,2.2484651803970337,2.687555170059204
"2-Ethylhexyl 2,3,4,5-tetrabromobenzoate",3,3,analog_knn,unknown,1.7208717346191407,2.2488380670547485
3-Iodo-2-propynyl-N-butylcarbamate,3,3,anchorboost,unknown,1.0608076727731703,2.0012945682521037
3-Iodo-2-propynyl-N-butylcarbamate,3,3,loglinear_interp,unknown,1.3593316674232483,2.211490774154663
3-Iodo-2-propynyl-N-butylcarbamate,3,3,hill_per_endpoint,unknown,1.6756445050239563,2.4323039054870605
3-Iodo-2-propynyl-N-butylcarbamate,3,3,analog_knn,unknown,1.2292746901512146,2.1138777494430543
"5,5-Diphenylhydantoin",3,3,anchorboost,positive,0.876070732864062,1.3418083239061347
"5,5-Diphenylhydantoin",3,3,loglinear_interp,positive,1.0555769085884095,1.4489882946014405
"5,5-Diphenylhydantoin",3,3,hill_per_endpoint,positive,1.118169355392456,1.5170301914215087
"5,5-Diphenylhydantoin",3,3,analog_knn,positive,0.9961420655250549,1.438959550857544
6-Methyl-2-thiouracil,3,3,anchorboost,positive,1.0450744876280411,1.5509899487029686
6-Methyl-2-thiouracil,3,3,loglinear_interp,positive,1.2015169382095336,1.6683842420578003
6-Methyl-2-thiouracil,3,3,hill_per_endpoint,positive,1.4453244805335999,1.8697059869766235
6-Methyl-2-thiouracil,3,3,analog_knn,positive,1.2152641773223878,1.678749966621399
Acenaphthene,3,3,anchorboost,unknown,0.8190032785887806,1.4577609066403503
Acenaphthene,3,3,loglinear_interp,unknown,0.9908586740493774,1.5613617897033691
Acenaphthene,3,3,hill_per_endpoint,unknown,1.2955279231071473,1.8529615879058838
Acenaphthene,3,3,analog_knn,unknown,0.8929868459701538,1.5058772325515748
Allethrin,3,3,anchorboost,positive,1.104053343171114,1.7028317477991322
Allethrin,3,3,loglinear_interp,positive,1.3232736110687255,1.859713649749756
Allethrin,3,3,hill_per_endpoint,positive,1.5878268480300903,2.0566072940826414
Allethrin,3,3,analog_knn,positive,1.2707679510116576,1.8449280261993408
Anthracene,3,3,anchorboost,negative,0.8406857306327348,1.344526560817122
Anthracene,3,3,loglinear_interp,negative,0.8569344401359558,1.349503993988037
Anthracene,3,3,hill_per_endpoint,negative,1.321443462371826,1.757204532623291
Anthracene,3,3,analog_knn,negative,0.9918302893638611,1.4613781690597534
Benzo(b)fluoranthene,3,3,anchorboost,unknown,0.8839205052647158,1.459314304388904
Benzo(b)fluoranthene,3,3,loglinear_interp,unknown,1.0577587604522705,1.5952355146408081
Benzo(b)fluoranthene,3,3,hill_per_endpoint,unknown,1.0837324380874633,1.6010467767715455
Benzo(b)fluoranthene,3,3,analog_knn,unknown,1.1554988622665405,1.6292450666427611
Carbofuran,3,3,anchorboost,unknown,1.0652089407746512,2.0349547317282477
Carbofuran,3,3,loglinear_interp,unknown,1.312494659423828,2.1459896564483643
Carbofuran,3,3,hill_per_endpoint,unknown,1.381774401664734,2.2270778894424437
Carbofuran,3,3,analog_knn,unknown,1.0233627915382386,2.0236199855804444
Chlorendic acid,3,3,anchorboost,unknown,0.8696141853128493,1.3570886593880376
Chlorendic acid,3,3,loglinear_interp,unknown,0.9758339881896972,1.4247153043746947
Chlorendic acid,3,3,hill_per_endpoint,unknown,1.0556190013885498,1.5060693740844726
Chlorendic acid,3,3,analog_knn,unknown,0.9022986650466919,1.4058588027954102
Clodinafop-propargyl,3,3,anchorboost,unknown,0.6754143619696303,1.1913562469804115
Clodinafop-propargyl,3,3,loglinear_interp,unknown,0.8170647025108337,1.3018169403076172
Clodinafop-propargyl,3,3,hill_per_endpoint,unknown,0.8493924140930176,1.3196845293045043
Clodinafop-propargyl,3,3,analog_knn,unknown,0.7460685968399048,1.220851755142212
Cocaine,3,3,anchorboost,positive,0.8713479010021444,1.6885990868883112
Cocaine,3,3,loglinear_interp,positive,0.8408230900764465,1.731947135925293
Cocaine,3,3,hill_per_endpoint,positive,0.8068530082702636,1.684257411956787
Cocaine,3,3,analog_knn,positive,1.285906147956848,1.8957684278488158
Colchicine,3,3,anchorboost,positive,0.9160941513953675,0.8714100778775039
Colchicine,3,3,loglinear_interp,positive,0.685353696346283,0.664583683013916
Colchicine,3,3,hill_per_endpoint,positive,0.6758162975311279,0.6577895760536194
Colchicine,3,3,analog_knn,positive,1.6287694454193116,1.7050450086593627
D-Mannitol,3,3,anchorboost,negative,0.9713520233305838,1.3174485746225768
D-Mannitol,3,3,loglinear_interp,negative,1.210963773727417,1.5147539138793946
D-Mannitol,3,3,hill_per_endpoint,negative,1.280428981781006,1.5833562850952148
D-Mannitol,3,3,analog_knn,negative,1.0896357297897339,1.4313440322875977
DDT,3,3,anchorboost,positive,1.1720833293199142,1.9518866632080365
DDT,3,3,loglinear_interp,positive,1.3894413590431214,2.1367049694061278
DDT,3,3,hill_per_endpoint,positive,1.4703948974609375,2.140176224708557
DDT,3,3,analog_knn,positive,1.3285982012748718,2.0410095930099486
Deltamethrin,3,3,anchorboost,positive,1.4537280801249326,2.18613097129823
Deltamethrin,3,3,loglinear_interp,positive,1.6127136945724487,2.3352988719940186
Deltamethrin,3,3,hill_per_endpoint,positive,1.734406042098999,2.363282871246338
Deltamethrin,3,3,analog_knn,positive,1.8444222450256347,2.489437627792358
Dexamethasone,3,3,anchorboost,positive,0.9804723285719102,1.4499495233957773
Dexamethasone,3,3,loglinear_interp,positive,1.0909937143325805,1.515027689933777
Dexamethasone,3,3,hill_per_endpoint,positive,1.0026726603507996,1.4701454877853393
Dexamethasone,3,3,analog_knn,positive,1.3076934576034547,1.670969581604004
"Dibenz[a,c]anthracene",3,3,anchorboost,unknown,1.0115576491119165,1.495342774626049
"Dibenz[a,c]anthracene",3,3,loglinear_interp,unknown,1.044998323917389,1.532429575920105
"Dibenz[a,c]anthracene",3,3,hill_per_endpoint,unknown,1.274913477897644,1.703260898590088
"Dibenz[a,c]anthracene",3,3,analog_knn,unknown,1.232071590423584,1.6674508333206177
Dicrotophos,3,3,anchorboost,unknown,1.0354138870873382,1.4826031030015319
Dicrotophos,3,3,loglinear_interp,unknown,0.8994752168655396,1.3187620162963867
Dicrotophos,3,3,hill_per_endpoint,unknown,1.1771901726722718,1.5801394701004028
Dicrotophos,3,3,analog_knn,unknown,0.9379422783851623,1.3632571697235107
Emamectin benzoate,3,3,anchorboost,unknown,1.6164667599045444,2.059162114276375
Emamectin benzoate,3,3,loglinear_interp,unknown,2.183888864517212,2.5702574968338014
Emamectin benzoate,3,3,hill_per_endpoint,unknown,2.2949732542037964,2.683244466781616
Emamectin benzoate,3,3,analog_knn,unknown,2.0213094472885134,2.536910820007324
Es-fenvalerate,3,3,anchorboost,unknown,1.0048754847231387,1.3619026734994575
Es-fenvalerate,3,3,loglinear_interp,unknown,1.1640184283256532,1.477401566505432
Es-fenvalerate,3,3,hill_per_endpoint,unknown,1.2026864051818849,1.5115580558776855
Es-fenvalerate,3,3,analog_knn,unknown,1.2207398772239686,1.5621376037597656
Esketamine hydrochloride,3,3,anchorboost,unknown,1.121838696117847,1.5669843216112578
Esketamine hydrochloride,3,3,loglinear_interp,unknown,1.1947998881340027,1.6217111110687257
Esketamine hydrochloride,3,3,hill_per_endpoint,unknown,1.3085530757904054,1.7220866680145264
Esketamine hydrochloride,3,3,analog_knn,unknown,1.3451817512512207,1.7487866878509521
Etofenprox,3,3,anchorboost,unknown,1.0678440925653194,1.5597133479882563
Etofenprox,3,3,loglinear_interp,unknown,1.223364496231079,1.6903569221496582
Etofenprox,3,3,hill_per_endpoint,unknown,1.2641135811805726,1.7013980865478515
Etofenprox,3,3,analog_knn,unknown,1.2463611483573913,1.6994648694992065
Fenpropathrin,3,3,anchorboost,unknown,1.0744852963568905,1.466758543453478
Fenpropathrin,3,3,loglinear_interp,unknown,1.42154541015625,1.7429825067520142
Fenpropathrin,3,3,hill_per_endpoint,unknown,1.3488460063934327,1.6778056621551514
Fenpropathrin,3,3,analog_knn,unknown,1.2360275149345399,1.6083280563354492
Firemaster 550,3,3,anchorboost,unknown,1.0562583241004304,1.5734756784147712
Firemaster 550,3,3,loglinear_interp,unknown,1.2925780057907104,1.7474000215530396
Firemaster 550,3,3,hill_per_endpoint,unknown,1.3139981031417847,1.7511284828186036
Firemaster 550,3,3,analog_knn,unknown,1.1780202746391297,1.6488893270492553
Folic acid,3,3,anchorboost,unknown,1.1413098591421285,1.7104927909399883
Folic acid,3,3,loglinear_interp,unknown,1.2198505878448487,1.7759238004684448
Folic acid,3,3,hill_per_endpoint,unknown,1.3166955947875976,1.8521071910858153
Folic acid,3,3,analog_knn,unknown,1.189936923980713,1.7444767951965332
Haloperidol,3,3,anchorboost,positive,1.571209375781603,2.0026342649443136
Haloperidol,3,3,loglinear_interp,positive,2.219180774688721,2.6291624546051025
Haloperidol,3,3,hill_per_endpoint,positive,2.226709771156311,2.573029136657715
Haloperidol,3,3,analog_knn,positive,2.0965415477752685,2.4546894311904905
Hexachlorophene,3,3,anchorboost,positive,1.536967908476034,2.1881963591335643
Hexachlorophene,3,3,loglinear_interp,positive,2.412346911430359,2.936238193511963
Hexachlorophene,3,3,hill_per_endpoint,positive,2.0145365715026857,2.551354265213013
Hexachlorophene,3,3,analog_knn,positive,1.4860408067703248,2.1170602083206176
Lead(II) acetate trihydrate,3,3,anchorboost,positive,1.8135805633610134,2.283438924059472
Lead(II) acetate trihydrate,3,3,loglinear_interp,positive,2.13029625415802,2.5859049558639526
Lead(II) acetate trihydrate,3,3,hill_per_endpoint,positive,2.3007887840270995,2.7161051273345946
Lead(II) acetate trihydrate,3,3,analog_knn,positive,1.9301526308059693,2.3330828189849853
Malathion,3,3,anchorboost,unknown,1.181131539023776,1.6308557578038456
Malathion,3,3,loglinear_interp,unknown,1.5976658105850219,1.9717569589614867
Malathion,3,3,hill_per_endpoint,unknown,1.726133441925049,2.0736706972122194
Malathion,3,3,analog_knn,unknown,1.420924186706543,1.82321937084198
Mancozeb,3,3,anchorboost,unknown,0.7056759775452529,1.432359308618508
Mancozeb,3,3,loglinear_interp,unknown,0.8742911458015442,1.5398860931396485
Mancozeb,3,3,hill_per_endpoint,unknown,0.922990870475769,1.56329185962677
Mancozeb,3,3,analog_knn,unknown,0.7991293430328369,1.4664694547653199
Manganese(II) acetate,3,3,anchorboost,positive,0.7738103347299551,1.1979085673578287
Manganese(II) acetate,3,3,loglinear_interp,positive,0.8678163886070251,1.276262354850769
Manganese(II) acetate,3,3,hill_per_endpoint,positive,0.9338252186775208,1.312268853187561
Manganese(II) acetate,3,3,analog_knn,positive,0.8141711831092835,1.2225989818572998
Naloxone hydrochloride dihydrate,3,3,anchorboost,positive,0.9818979111229786,1.3469485278450666
Naloxone hydrochloride dihydrate,3,3,loglinear_interp,positive,0.9856728672981262,1.3551518201828003
Naloxone hydrochloride dihydrate,3,3,hill_per_endpoint,positive,1.1962743759155274,1.554934597015381
Naloxone hydrochloride dihydrate,3,3,analog_knn,positive,1.1029507875442506,1.4361567974090577
Phenol,3,3,anchorboost,negative,0.9985813313156292,1.4465073121917278
Phenol,3,3,loglinear_interp,negative,1.0966943979263306,1.5158609390258788
Phenol,3,3,hill_per_endpoint,negative,1.2143873214721679,1.6242207765579224
Phenol,3,3,analog_knn,negative,1.0889211893081665,1.5400562286376953
Phorate,3,3,anchorboost,unknown,1.205628568780287,1.6092258409451408
Phorate,3,3,loglinear_interp,unknown,1.5882363319396973,1.9935792922973632
Phorate,3,3,hill_per_endpoint,unknown,1.8431033134460448,2.1757601737976073
Phorate,3,3,analog_knn,unknown,1.5524564504623413,1.9191181659698486
Piperonyl butoxide,3,3,anchorboost,unknown,1.1735384092378276,1.7615627642299294
Piperonyl butoxide,3,3,loglinear_interp,unknown,1.2752253770828248,1.8445696592330934
Piperonyl butoxide,3,3,hill_per_endpoint,unknown,1.3411214828491211,1.8721895456314086
Piperonyl butoxide,3,3,analog_knn,unknown,1.407575821876526,1.9068901777267455
Profenofos,3,3,anchorboost,unknown,1.1403705927404653,1.8140259338744809
Profenofos,3,3,loglinear_interp,unknown,1.3365450859069825,1.9484121322631835
Profenofos,3,3,hill_per_endpoint,unknown,1.3151175498962402,1.9470145225524902
Profenofos,3,3,analog_knn,unknown,1.2222356796264648,1.8814326763153075
Pyrene,3,3,anchorboost,unknown,0.6426320627348643,1.4278260703741186
Pyrene,3,3,loglinear_interp,unknown,0.7252362012863159,1.489986491203308
Pyrene,3,3,hill_per_endpoint,unknown,0.7706887602806092,1.5197044372558595
Pyrene,3,3,analog_knn,unknown,0.7619974374771118,1.5004585027694701
S-Bioallethrin,3,3,anchorboost,unknown,1.1335759495585367,1.5238221208497993
S-Bioallethrin,3,3,loglinear_interp,unknown,1.3930347681045532,1.7504272699356078
S-Bioallethrin,3,3,hill_per_endpoint,unknown,1.4366474866867065,1.7911689043045045
S-Bioallethrin,3,3,analog_knn,unknown,1.1867859959602356,1.566690731048584
Simvastatin,3,3,anchorboost,unknown,1.7297583835019097,2.836234090925824
Simvastatin,3,3,loglinear_interp,unknown,2.458623433113098,3.322144603729248
Simvastatin,3,3,hill_per_endpoint,unknown,2.6586845397949217,3.548918581008911
Simvastatin,3,3,analog_knn,unknown,1.861741590499878,2.944261169433594
Sodium fluoride,3,3,anchorboost,positive,0.836169186508665,1.3355096528591177
Sodium fluoride,3,3,loglinear_interp,positive,0.8671424984931946,1.3473850250244142
Sodium fluoride,3,3,hill_per_endpoint,positive,1.100194787979126,1.528592848777771
Sodium fluoride,3,3,analog_knn,positive,0.9300144433975219,1.4151924133300782
Spiroxamine,3,3,anchorboost,unknown,1.8929231018822201,2.4792947000686283
Spiroxamine,3,3,loglinear_interp,unknown,2.411622428894043,2.966524600982666
Spiroxamine,3,3,hill_per_endpoint,unknown,2.2413645505905153,2.7542736530303955
Spiroxamine,3,3,analog_knn,unknown,2.3207414150238037,2.873632621765137
Tamoxifen,3,3,anchorboost,unknown,1.273991642020062,1.5794895292034457
Tamoxifen,3,3,loglinear_interp,unknown,1.3430928945541383,1.619840145111084
Tamoxifen,3,3,hill_per_endpoint,unknown,1.3906016588211059,1.6200613975524902
Tamoxifen,3,3,analog_knn,unknown,1.8341073751449586,2.0801972150802612
Tefluthrin,3,3,anchorboost,unknown,1.0577567294077073,1.4293633512512571
Tefluthrin,3,3,loglinear_interp,unknown,1.4917206048965455,1.8527668714523315
Tefluthrin,3,3,hill_per_endpoint,unknown,1.328381109237671,1.6385154485702516
Tefluthrin,3,3,analog_knn,unknown,1.1199931859970094,1.4871269702911376
Tetracycline,3,3,anchorboost,negative,0.8343643382756586,1.2877250769460995
Tetracycline,3,3,loglinear_interp,negative,0.8915209770202637,1.333066987991333
Tetracycline,3,3,hill_per_endpoint,negative,0.9927379012107849,1.441606593132019
Tetracycline,3,3,analog_knn,negative,1.0342597961425781,1.4392218351364137
Thiamethoxam,3,3,anchorboost,unknown,0.7596850587426476,1.215754144763287
Thiamethoxam,3,3,loglinear_interp,unknown,0.923947560787201,1.3298097848892212
Thiamethoxam,3,3,hill_per_endpoint,unknown,1.2848941445350648,1.66898193359375
Thiamethoxam,3,3,analog_knn,unknown,0.8676693081855774,1.2913491487503053
Tributyltin chloride,3,3,anchorboost,positive,1.0852787436308895,1.9447528503404592
Tributyltin chloride,3,3,loglinear_interp,positive,1.7922595500946046,2.483586287498474
Tributyltin chloride,3,3,hill_per_endpoint,positive,1.9569064617156982,2.580393838882446
Tributyltin chloride,3,3,analog_knn,positive,1.4821532487869262,2.2037291288375855
Triphenyl phosphates isopropylated,3,3,anchorboost,unknown,1.3537105774774114,1.9091170345703268
Triphenyl phosphates isopropylated,3,3,loglinear_interp,unknown,1.619925308227539,2.1077396392822267
Triphenyl phosphates isopropylated,3,3,hill_per_endpoint,unknown,1.7949593305587768,2.2233876943588258
Triphenyl phosphates isopropylated,3,3,analog_knn,unknown,1.335622501373291,1.8994489431381225
(-)-Nicotine,4,3,anchorboost,positive,1.199603030129833,1.6501158623447387
(-)-Nicotine,4,3,loglinear_interp,positive,1.162289559841156,1.5977839708328248
(-)-Nicotine,4,3,hill_per_endpoint,positive,1.3607189059257507,1.8055752038955688
(-)-Nicotine,4,3,analog_knn,positive,1.497602915763855,1.8457395076751708
17beta-Estradiol,4,3,anchorboost,unknown,0.7969207018486344,1.5103526653156565
17beta-Estradiol,4,3,loglinear_interp,unknown,0.9509693384170532,1.5941619396209716
17beta-Estradiol,4,3,hill_per_endpoint,unknown,1.1359854459762573,1.7982017040252685
17beta-Estradiol,4,3,analog_knn,unknown,0.8385614871978759,1.555212140083313
"2,2-Bis(4-hydroxyphenyl)-1,1,1-trichloroethane",4,3,anchorboost,unknown,1.1694323391263697,1.7351810248985018
"2,2-Bis(4-hydroxyphenyl)-1,1,1-trichloroethane",4,3,loglinear_interp,unknown,1.4255020141601562,1.9167048454284668
"2,2-Bis(4-hydroxyphenyl)-1,1,1-trichloroethane",4,3,hill_per_endpoint,unknown,1.4838967800140381,1.9826027154922485
"2,2-Bis(4-hydroxyphenyl)-1,1,1-trichloroethane",4,3,analog_knn,unknown,1.3171338796615601,1.8640668630599975
"4,4'-Sulfonyldiphenol",4,3,anchorboost,unknown,1.1022577620518246,1.6289377629129362
"4,4'-Sulfonyldiphenol",4,3,loglinear_interp,unknown,1.1929465055465698,1.6830522775650025
"4,4'-Sulfonyldiphenol",4,3,hill_per_endpoint,unknown,1.3379047632217407,1.8087990283966064
"4,4'-Sulfonyldiphenol",4,3,analog_knn,unknown,1.1686564326286315,1.6840405464172363
6-aminopyridine-3-carboxamide,4,3,anchorboost,positive,1.5227349267494534,1.9026656465962766
6-aminopyridine-3-carboxamide,4,3,loglinear_interp,positive,1.645888352394104,1.9754962682724
6-aminopyridine-3-carboxamide,4,3,hill_per_endpoint,positive,1.7888868808746339,2.072059392929077
6-aminopyridine-3-carboxamide,4,3,analog_knn,positive,1.8429048538208008,2.231523060798645
Acetamiprid,4,3,anchorboost,unknown,1.2647140106517716,2.1498529047020787
Acetamiprid,4,3,loglinear_interp,unknown,1.5220935106277467,2.392580032348633
Acetamiprid,4,3,hill_per_endpoint,unknown,1.9154972791671754,2.666065502166748
Acetamiprid,4,3,analog_knn,unknown,1.3123002767562866,2.1379201412200928
Atrazine,4,3,anchorboost,unknown,0.7685148518962629,1.3920099450476076
Atrazine,4,3,loglinear_interp,unknown,0.925479257106781,1.4999472618103027
Atrazine,4,3,hill_per_endpoint,unknown,1.1401797771453857,1.6685298681259155
Atrazine,4,3,analog_knn,unknown,0.7951671600341796,1.4127537727355957
Bensulide,4,3,anchorboost,unknown,1.2056563791906976,1.9312069604735336
Bensulide,4,3,loglinear_interp,unknown,1.5078096389770508,2.20278582572937
Bensulide,4,3,hill_per_endpoint,unknown,1.5012368440628052,2.1520583868026733
Bensulide,4,3,analog_knn,unknown,1.5822837352752686,2.257479739189148
CP-409092,4,3,anchorboost,unknown,0.9692100664101009,1.5121499221176058
CP-409092,4,3,loglinear_interp,unknown,1.0736657738685609,1.5707547426223756
CP-409092,4,3,hill_per_endpoint,unknown,1.1304358959197998,1.6152218580245972
CP-409092,4,3,analog_knn,unknown,1.3268646717071533,1.7607141017913819
Captopril,4,3,anchorboost,negative,1.226015081053864,1.6006693279267907
Captopril,4,3,loglinear_interp,negative,1.4477999925613403,1.7611920595169068
Captopril,4,3,hill_per_endpoint,negative,1.6010964155197143,1.9176380395889283
Captopril,4,3,analog_knn,negative,1.243536353111267,1.6257038593292237
Chlorethoxyfos,4,3,anchorboost,unknown,1.6265839231897594,2.051554732208177
Chlorethoxyfos,4,3,loglinear_interp,unknown,2.1182835340499877,2.4997663259506226
Chlorethoxyfos,4,3,hill_per_endpoint,unknown,2.4139708995819094,2.8051920175552367
Chlorethoxyfos,4,3,analog_knn,unknown,1.7575367927551269,2.2048794269561767
Chlorpyrifos oxon,4,3,anchorboost,positive,1.5788743693286835,2.3620720322706847
Chlorpyrifos oxon,4,3,loglinear_interp,positive,1.2783634662628174,2.1991391658782957
Chlorpyrifos oxon,4,3,hill_per_endpoint,positive,1.4036892652511597,2.257810115814209
Chlorpyrifos oxon,4,3,analog_knn,positive,1.2686012268066407,2.131670331954956
Chrysene,4,3,anchorboost,unknown,0.6989532104443569,1.1381742504164298
Chrysene,4,3,loglinear_interp,unknown,0.7277174592018127,1.184861969947815
Chrysene,4,3,hill_per_endpoint,unknown,0.8433685541152954,1.2629884958267212
Chrysene,4,3,analog_knn,unknown,0.8304223895072937,1.2354647397994996
Clove leaf oil,4,3,anchorboost,unknown,1.1603396805759618,1.567906261053802
Clove leaf oil,4,3,loglinear_interp,unknown,1.222854781150818,1.607396626472473
Clove leaf oil,4,3,hill_per_endpoint,unknown,1.3438833236694336,1.6952805995941163
Clove leaf oil,4,3,analog_knn,unknown,1.4613087892532348,1.8183812379837037
Cotinine,4,3,anchorboost,negative,0.7096692714740008,1.6667463813565095
Cotinine,4,3,loglinear_interp,negative,0.7497129082679749,1.7011861562728883
Cotinine,4,3,hill_per_endpoint,negative,0.869389009475708,1.7943632841110229
Cotinine,4,3,analog_knn,negative,0.883674168586731,1.7639634132385253
Coumaphos,4,3,anchorboost,unknown,1.135864214950868,1.6236874905835599
Coumaphos,4,3,loglinear_interp,unknown,1.6775800704956054,2.192742419242859
Coumaphos,4,3,hill_per_endpoint,unknown,1.8289788246154786,2.326081705093384
Coumaphos,4,3,analog_knn,unknown,1.7510998964309692,2.2232495307922364
Cypermethrin,4,3,anchorboost,positive,1.2995266252122597,1.6569836615766946
Cypermethrin,4,3,loglinear_interp,positive,1.7480534791946412,2.0755985498428347
Cypermethrin,4,3,hill_per_endpoint,positive,1.8503056764602661,2.148391842842102
Cypermethrin,4,3,analog_knn,positive,1.518785834312439,1.888773465156555
D-Glucitol,4,3,anchorboost,negative,0.9199035030704662,1.8897845935206763
D-Glucitol,4,3,loglinear_interp,negative,0.8534206509590149,1.8909844160079956
D-Glucitol,4,3,hill_per_endpoint,negative,1.0890288352966309,2.0029288291931153
D-Glucitol,4,3,analog_knn,negative,1.111417865753174,1.9856984615325928
Dextroamphetamine sulfate,4,3,anchorboost,positive,0.8586925747198938,1.2687042322955264
Dextroamphetamine sulfate,4,3,loglinear_interp,positive,0.9389387488365173,1.3284781217575072
Dextroamphetamine sulfate,4,3,hill_per_endpoint,positive,1.152866268157959,1.5327142000198364
Dextroamphetamine sulfate,4,3,analog_knn,positive,1.1303035020828247,1.4799311876296997
Di(2-ethylhexyl) phthalate,4,3,anchorboost,positive,1.4395931933725716,2.211887213316623
Di(2-ethylhexyl) phthalate,4,3,loglinear_interp,positive,1.8905340909957886,2.4808096885681152
Di(2-ethylhexyl) phthalate,4,3,hill_per_endpoint,positive,2.1850554227828978,2.674735593795776
Di(2-ethylhexyl) phthalate,4,3,analog_knn,positive,1.7034178495407104,2.337040424346924
Diazinon,4,3,anchorboost,positive,1.347566334948811,1.6370132945737006
Diazinon,4,3,loglinear_interp,positive,1.9711193561553955,2.1977837800979616
Diazinon,4,3,hill_per_endpoint,positive,1.9122634053230285,2.1615859031677247
Diazinon,4,3,analog_knn,positive,1.828773832321167,2.0836708307266236
Dieldrin,4,3,anchorboost,positive,1.6692961301891724,1.9536684561662434
Dieldrin,4,3,loglinear_interp,positive,2.051312208175659,2.344739389419556
Dieldrin,4,3,hill_per_endpoint,positive,2.17321834564209,2.3892910957336424
Dieldrin,4,3,analog_knn,positive,2.1393290996551513,2.357488203048706
Diphenhydramine hydrochloride,4,3,anchorboost,unknown,1.191526709860674,1.58180783869633
Diphenhydramine hydrochloride,4,3,loglinear_interp,unknown,1.4018375635147096,1.7264729022979737
Diphenhydramine hydrochloride,4,3,hill_per_endpoint,unknown,1.461767601966858,1.7749798059463502
Diphenhydramine hydrochloride,4,3,analog_knn,unknown,1.2645875930786132,1.6769351959228516
Fosthiazate,4,3,anchorboost,unknown,1.060207140174695,1.459369066596142
Fosthiazate,4,3,loglinear_interp,unknown,1.032466757297516,1.408913779258728
Fosthiazate,4,3,hill_per_endpoint,unknown,1.1502631783485413,1.5113526105880737
Fosthiazate,4,3,analog_knn,unknown,1.0714753866195679,1.4131899356842041
Heptachlor epoxide B,4,3,anchorboost,positive,2.0058232311929536,2.8097738203826768
Heptachlor epoxide B,4,3,loglinear_interp,positive,2.213037633895874,3.008713626861572
Heptachlor epoxide B,4,3,hill_per_endpoint,positive,2.4445183753967283,3.183115339279175
Heptachlor epoxide B,4,3,analog_knn,positive,2.0882593393325806,2.84632568359375
Imidacloprid,4,3,anchorboost,unknown,0.991565274959164,1.754031450415996
Imidacloprid,4,3,loglinear_interp,unknown,1.0488204121589662,1.7486480236053468
Imidacloprid,4,3,hill_per_endpoint,unknown,1.097721016407013,1.8021560668945313
Imidacloprid,4,3,analog_knn,unknown,1.2686995148658753,1.9641583442687989
Isodecyl diphenyl phosphate,4,3,anchorboost,unknown,0.6686699510673405,1.4172674027724992
Isodecyl diphenyl phosphate,4,3,loglinear_interp,unknown,0.8677946925163269,1.5491967916488647
Isodecyl diphenyl phosphate,4,3,hill_per_endpoint,unknown,0.8712037563323974,1.5315503835678101
Isodecyl diphenyl phosphate,4,3,analog_knn,unknown,0.7676383852958679,1.4564692020416259
Kepone,4,3,anchorboost,positive,1.258941626661788,1.5896794236146268
Kepone,4,3,loglinear_interp,positive,1.4996551990509033,1.8322355508804322
Kepone,4,3,hill_per_endpoint,positive,1.6724537372589112,1.9637746810913086
Kepone,4,3,analog_knn,positive,1.6992058992385863,1.9649812698364257
Methimazole,4,3,anchorboost,positive,1.1513919671238257,1.877068575546336
Methimazole,4,3,loglinear_interp,positive,1.2873421669006349,1.9654682874679565
Methimazole,4,3,hill_per_endpoint,positive,1.5700294733047486,2.1851881742477417
Methimazole,4,3,analog_knn,positive,1.2810353994369508,2.0042967319488527
Molinate,4,3,anchorboost,unknown,0.9718755289285594,1.6777182785450477
Molinate,4,3,loglinear_interp,unknown,1.0898079752922059,1.7605753898620606
Molinate,4,3,hill_per_endpoint,unknown,1.256332516670227,1.8730026006698608
Molinate,4,3,analog_knn,unknown,1.1082770824432373,1.779924464225769
Octylbicycloheptenedicarboximide,4,3,anchorboost,unknown,1.0855131350202796,1.494795638635405
Octylbicycloheptenedicarboximide,4,3,loglinear_interp,unknown,1.2435242652893066,1.6065732955932617
Octylbicycloheptenedicarboximide,4,3,hill_per_endpoint,unknown,1.3817094087600708,1.7035347461700439
Octylbicycloheptenedicarboximide,4,3,analog_knn,unknown,1.2737215042114258,1.6464775562286378
Paraquat dichloride,4,3,anchorboost,positive,1.5006673563301471,1.7780093185348949
Paraquat dichloride,4,3,loglinear_interp,positive,1.8514512538909913,2.0998115301132203
Paraquat dichloride,4,3,hill_per_endpoint,positive,1.8933732867240907,2.135650837421417
Paraquat dichloride,4,3,analog_knn,positive,1.8835835218429566,2.162456178665161
Perfluoroundecanoic acid,4,3,anchorboost,unknown,1.104202875520771,1.407891763534641
Perfluoroundecanoic acid,4,3,loglinear_interp,unknown,1.1258923768997193,1.4197794675827027
Perfluoroundecanoic acid,4,3,hill_per_endpoint,unknown,1.5970961451530457,1.8678357124328613
Perfluoroundecanoic acid,4,3,analog_knn,unknown,1.0966534256935119,1.4068029165267943
Phenobarbital,4,3,anchorboost,positive,0.8758623399059534,1.7058960362355369
Phenobarbital,4,3,loglinear_interp,positive,0.9006045460700989,1.7317268610000611
Phenobarbital,4,3,hill_per_endpoint,positive,1.1468189358711243,1.9300439357757568
Phenobarbital,4,3,analog_knn,positive,1.0748737454414368,1.8262597560882567
Phenylmercuric acetate,4,3,anchorboost,unknown,0.8539690748188334,1.8633441477274655
Phenylmercuric acetate,4,3,loglinear_interp,unknown,1.1555598735809327,2.0328460931777954
Phenylmercuric acetate,4,3,hill_per_endpoint,unknown,1.13895742893219,1.9780082941055297
Phenylmercuric acetate,4,3,analog_knn,unknown,1.1777148962020874,2.1111000061035154
Phosmet,4,3,anchorboost,unknown,1.3656184349114473,1.7479844860799496
Phosmet,4,3,loglinear_interp,unknown,1.7654229402542114,2.10623242855072
Phosmet,4,3,hill_per_endpoint,unknown,2.008781337738037,2.332447624206543
Phosmet,4,3,analog_knn,unknown,1.7549893379211425,2.1249070167541504
Picoxystrobin,4,3,anchorboost,unknown,1.0805717147189051,1.7749099554709407
Picoxystrobin,4,3,loglinear_interp,unknown,1.7469039559364319,2.30675790309906
Picoxystrobin,4,3,hill_per_endpoint,unknown,1.782252883911133,2.2905630111694335
Picoxystrobin,4,3,analog_knn,unknown,1.7174387574195862,2.203022837638855
Resmethrin,4,3,anchorboost,unknown,0.9466862379974028,1.3686420340220526
Resmethrin,4,3,loglinear_interp,unknown,1.129935336112976,1.4929701328277587
Resmethrin,4,3,hill_per_endpoint,unknown,1.274108064174652,1.6266244649887085
Resmethrin,4,3,analog_knn,unknown,1.0635403275489808,1.477771282196045
Retinoic acid,4,3,anchorboost,positive,1.564356886806267,2.0010995616945246
Retinoic acid,4,3,loglinear_interp,positive,1.7933754444122314,2.1650987386703493
Retinoic acid,4,3,hill_per_endpoint,positive,1.9485588550567627,2.28184027671814
Retinoic acid,4,3,analog_knn,positive,1.8323563575744628,2.258226752281189
Rotenone,4,3,anchorboost,unknown,1.1973467017522832,2.0488966372791806
Rotenone,4,3,loglinear_interp,unknown,1.3595287919044494,2.2063714027404786
Rotenone,4,3,hill_per_endpoint,unknown,1.628213119506836,2.3643868446350096
Rotenone,4,3,analog_knn,unknown,1.8311331033706666,2.644385576248169
Sodium orthovanadate,4,3,anchorboost,positive,1.082125792561115,2.134150807119527
Sodium orthovanadate,4,3,loglinear_interp,positive,1.421665406227112,2.3658833503723145
Sodium orthovanadate,4,3,hill_per_endpoint,positive,1.299888825416565,2.223098564147949
Sodium orthovanadate,4,3,analog_knn,positive,1.2328661918640136,2.1720760822296143
Tebupirimfos,4,3,anchorboost,unknown,1.505479912325237,1.9054270567477438
Tebupirimfos,4,3,loglinear_interp,unknown,1.8242411375045777,2.2171710968017577
Tebupirimfos,4,3,hill_per_endpoint,unknown,2.183499979972839,2.5343947887420653
Tebupirimfos,4,3,analog_knn,unknown,1.7637325048446655,2.1249474048614503
Triphenyl phosphate,4,3,anchorboost,unknown,0.7632900789549016,2.1599411628349
Triphenyl phosphate,4,3,loglinear_interp,unknown,0.8669683933258057,2.2975422859191896
Triphenyl phosphate,4,3,hill_per_endpoint,unknown,0.9954442620277405,2.3414652824401854
Triphenyl phosphate,4,3,analog_knn,unknown,0.9758636832237244,2.1091151237487793
Triphenyl phosphite,4,3,anchorboost,unknown,0.8012499206662902,1.2470179712456688
Triphenyl phosphite,4,3,loglinear_interp,unknown,0.9380284309387207,1.3592080116271972
Triphenyl phosphite,4,3,hill_per_endpoint,unknown,1.0878975629806518,1.5174013137817384
Triphenyl phosphite,4,3,analog_knn,unknown,0.8809595465660095,1.3047753810882567
Tris(2-chloroisopropyl)phosphate,4,3,anchorboost,unknown,0.7576780828372358,1.27873324245016
Tris(2-chloroisopropyl)phosphate,4,3,loglinear_interp,unknown,0.7856172800064087,1.286108922958374
Tris(2-chloroisopropyl)phosphate,4,3,hill_per_endpoint,unknown,0.7921127200126648,1.2965332746505738
Tris(2-chloroisopropyl)phosphate,4,3,analog_knn,unknown,1.0012868523597718,1.4543265342712401
Valinomycin,4,3,anchorboost,unknown,1.791945722884557,1.9498567072396256
Valinomycin,4,3,loglinear_interp,unknown,1.5191161632537842,1.6781535387039184
Valinomycin,4,3,hill_per_endpoint,unknown,0.9832409262657166,1.1889328718185426
Valinomycin,4,3,analog_knn,unknown,3.0197559356689454,3.3793269634246825
tert-Butylphenyl diphenyl phosphate,4,3,anchorboost,unknown,1.3884535044911983,2.1537423251108807
tert-Butylphenyl diphenyl phosphate,4,3,loglinear_interp,unknown,1.772226881980896,2.4621135711669924
tert-Butylphenyl diphenyl phosphate,4,3,hill_per_endpoint,unknown,1.8750337600708007,2.55199294090271
tert-Butylphenyl diphenyl phosphate,4,3,analog_knn,unknown,1.4252936124801636,2.1336175203323364
1-Ethyl-3-methyl-1H-imidazol-3-ium diethyl phosphate,0,4,anchorboost,unknown,0.8930684948569972,1.3642001499832546
1-Ethyl-3-methyl-1H-imidazol-3-ium diethyl phosphate,0,4,loglinear_interp,unknown,0.891559898853302,1.3632058143615722
1-Ethyl-3-methyl-1H-imidazol-3-ium diethyl phosphate,0,4,hill_per_endpoint,unknown,0.9381371140480042,1.4041425228118896
1-Ethyl-3-methyl-1H-imidazol-3-ium diethyl phosphate,0,4,analog_knn,unknown,1.1254814624786378,1.5600081443786622
"1H,1H,2H,2H-Perfluorooctyl iodide",0,4,anchorboost,unknown,0.643377051943369,1.180915219151815
"1H,1H,2H,2H-Perfluorooctyl iodide",0,4,loglinear_interp,unknown,0.7665466666221619,1.2667935132980346
"1H,1H,2H,2H-Perfluorooctyl iodide",0,4,hill_per_endpoint,unknown,0.7925003647804261,1.2798243761062622
"1H,1H,2H,2H-Perfluorooctyl iodide",0,4,analog_knn,unknown,0.7118189930915833,1.2219329595565795
"2,2',4,4',5,5'-Hexabromodiphenyl ether",0,4,anchorboost,positive,1.0404418178357306,1.744500811652843
"2,2',4,4',5,5'-Hexabromodiphenyl ether",0,4,loglinear_interp,positive,1.1631500482559205,1.8205726146697998
"2,2',4,4',5,5'-Hexabromodiphenyl ether",0,4,hill_per_endpoint,positive,1.1862722873687743,1.8456525564193726
"2,2',4,4',5,5'-Hexabromodiphenyl ether",0,4,analog_knn,positive,1.1851295232772827,1.8034170150756836
"2,2',4,4',5-Pentabromodiphenyl ether",0,4,anchorboost,positive,1.851820180428438,2.3484869343391885
"2,2',4,4',5-Pentabromodiphenyl ether",0,4,loglinear_interp,positive,2.08101863861084,2.561287522315979
"2,2',4,4',5-Pentabromodiphenyl ether",0,4,hill_per_endpoint,positive,2.263755130767822,2.6641382455825804
"2,2',4,4',5-Pentabromodiphenyl ether",0,4,analog_knn,positive,1.9727822542190552,2.4124327182769774
"2,2',4,4'-Tetrabromodiphenyl ether",0,4,anchorboost,positive,1.191425407079414,2.1603888737668298
"2,2',4,4'-Tetrabromodiphenyl ether",0,4,loglinear_interp,positive,1.1770007967948914,2.196937584877014
"2,2',4,4'-Tetrabromodiphenyl ether",0,4,hill_per_endpoint,positive,1.325713086128235,2.252946472167969
"2,2',4,4'-Tetrabromodiphenyl ether",0,4,analog_knn,positive,1.647395920753479,2.337030267715454
2-Methoxyethanol,0,4,anchorboost,unknown,0.7768677081503503,1.2969739165862182
2-Methoxyethanol,0,4,loglinear_interp,unknown,0.8457254886627197,1.3398998975753784
2-Methoxyethanol,0,4,hill_per_endpoint,unknown,0.887087368965149,1.3643553972244262
2-Methoxyethanol,0,4,analog_knn,unknown,0.8473430871963501,1.349675726890564
"3,3'-Iminobispropanenitrile",0,4,anchorboost,positive,0.6571999338520931,1.076566247558301
"3,3'-Iminobispropanenitrile",0,4,loglinear_interp,positive,0.7207324743270874,1.1132745027542115
"3,3'-Iminobispropanenitrile",0,4,hill_per_endpoint,positive,0.7542625904083252,1.1477006435394288
"3,3'-Iminobispropanenitrile",0,4,analog_knn,positive,0.7271664142608643,1.1488474607467651
4H-Cyclopenta(def)phenanthrene,0,4,anchorboost,unknown,0.7636526647618553,1.3378456340985294
4H-Cyclopenta(def)phenanthrene,0,4,loglinear_interp,unknown,0.8047809362411499,1.3874524116516114
4H-Cyclopenta(def)phenanthrene,0,4,hill_per_endpoint,unknown,0.8724108815193177,1.4210621118545532
4H-Cyclopenta(def)phenanthrene,0,4,analog_knn,unknown,0.9378874778747559,1.4448017358779908
6-Propyl-2-thiouracil,0,4,anchorboost,positive,1.362601676262096,1.822626429043448
6-Propyl-2-thiouracil,0,4,loglinear_interp,positive,1.5477356433868408,1.945557999610901
6-Propyl-2-thiouracil,0,4,hill_per_endpoint,positive,1.5386792182922364,1.8936519145965576
6-Propyl-2-thiouracil,0,4,analog_knn,positive,1.5227287530899047,1.9252943754196168
Acrylamide,0,4,anchorboost,positive,0.7281513336837687,1.4949658086506135
Acrylamide,0,4,loglinear_interp,positive,0.8320708751678467,1.5725472211837768
Acrylamide,0,4,hill_per_endpoint,positive,0.833537483215332,1.5563417434692384
Acrylamide,0,4,analog_knn,positive,0.782706332206726,1.500958013534546
Aldrin,0,4,anchorboost,unknown,1.2641041063002354,1.4951172146436646
Aldrin,0,4,loglinear_interp,unknown,1.389121413230896,1.6185415744781495
Aldrin,0,4,hill_per_endpoint,unknown,1.5875149011611938,1.7607738494873046
Aldrin,0,4,analog_knn,unknown,1.5099536418914794,1.7682219982147216
Benz(a)anthracene,0,4,anchorboost,unknown,0.9789963403359165,1.53608073270795
Benz(a)anthracene,0,4,loglinear_interp,unknown,1.1350558638572692,1.642893123626709
Benz(a)anthracene,0,4,hill_per_endpoint,unknown,1.2524776458740234,1.7534982919692994
Benz(a)anthracene,0,4,analog_knn,unknown,0.9770046710968018,1.5594500303268433
"Benzo[g,h,i]perylene",0,4,anchorboost,unknown,1.0448270840568465,1.6205409818158543
"Benzo[g,h,i]perylene",0,4,loglinear_interp,unknown,0.9619421005249024,1.5781873226165772
"Benzo[g,h,i]perylene",0,4,hill_per_endpoint,unknown,0.9834694504737854,1.6013657808303834
"Benzo[g,h,i]perylene",0,4,analog_knn,unknown,1.1117788434028626,1.624753189086914
Boric acid (H3BO3),0,4,anchorboost,unknown,0.7175199782034902,1.2356112791103866
Boric acid (H3BO3),0,4,loglinear_interp,unknown,0.9001532435417176,1.3523813724517821
Boric acid (H3BO3),0,4,hill_per_endpoint,unknown,1.1485823750495912,1.5760554552078248
Boric acid (H3BO3),0,4,analog_knn,unknown,0.7800116419792176,1.3096373558044434
Boscalid,0,4,anchorboost,unknown,0.6376760505502228,1.4046409295010416
Boscalid,0,4,loglinear_interp,unknown,0.7151275396347045,1.4514861106872559
Boscalid,0,4,hill_per_endpoint,unknown,0.7130205750465393,1.4493682146072389
Boscalid,0,4,analog_knn,unknown,0.7837804198265076,1.4665971755981446
CP-457920,0,4,anchorboost,unknown,1.0534286046856354,1.5488483896422303
CP-457920,0,4,loglinear_interp,unknown,1.0710961937904357,1.5569504976272583
CP-457920,0,4,hill_per_endpoint,unknown,1.2569790840148927,1.669787049293518
CP-457920,0,4,analog_knn,unknown,1.189751136302948,1.6745827913284301
Chlorpyrifos,0,4,anchorboost,positive,1.2595557905275112,1.7187942060871009
Chlorpyrifos,0,4,loglinear_interp,positive,1.4993470668792725,1.9300537347793578
Chlorpyrifos,0,4,hill_per_endpoint,positive,1.6782954216003418,2.0546313762664794
Chlorpyrifos,0,4,analog_knn,positive,1.451663565635681,1.887409520149231
Cyfluthrin,0,4,anchorboost,unknown,0.8563995198623818,1.3485562484852376
Cyfluthrin,0,4,loglinear_interp,unknown,1.0767528414726257,1.5319748640060424
Cyfluthrin,0,4,hill_per_endpoint,unknown,1.2711676597595214,1.6182734727859498
Cyfluthrin,0,4,analog_knn,unknown,1.0344295859336854,1.4646896123886108
Cytarabine,0,4,anchorboost,positive,1.2694002060353362,1.9200531373965153
Cytarabine,0,4,loglinear_interp,positive,1.711181139945984,2.2675933122634886
Cytarabine,0,4,hill_per_endpoint,positive,1.3411017775535583,1.9388588190078735
Cytarabine,0,4,analog_knn,positive,1.5466064810752869,2.179818940162659
"Dibenz[a,h]anthracene",0,4,anchorboost,unknown,0.7539660648182795,1.2080832904586738
"Dibenz[a,h]anthracene",0,4,loglinear_interp,unknown,0.7829903841018677,1.226913619041443
"Dibenz[a,h]anthracene",0,4,hill_per_endpoint,unknown,0.8406817317008972,1.2573498249053956
"Dibenz[a,h]anthracene",0,4,analog_knn,unknown,0.8652950525283813,1.2845826625823975
Disulfoton,0,4,anchorboost,unknown,0.6470358644537129,1.1483481543777316
Disulfoton,0,4,loglinear_interp,unknown,0.7983454585075378,1.2439268112182618
Disulfoton,0,4,hill_per_endpoint,unknown,0.8286280035972595,1.2696380376815797
Disulfoton,0,4,analog_knn,unknown,0.6921288311481476,1.1920191764831543
Enadoline,0,4,anchorboost,unknown,1.3103760326375935,1.704869406435615
Enadoline,0,4,loglinear_interp,unknown,1.5126324415206909,1.8387353658676147
Enadoline,0,4,hill_per_endpoint,unknown,1.5495147705078125,1.8589566230773926
Enadoline,0,4,analog_knn,unknown,1.4663190126419068,1.8787815809249877
Erythromycin,0,4,anchorboost,negative,0.8785612719867594,1.6858516553820184
Erythromycin,0,4,loglinear_interp,negative,1.0601956844329834,1.8040680408477783
Erythromycin,0,4,hill_per_endpoint,negative,1.2201879858970641,1.9381306409835815
Erythromycin,0,4,analog_knn,negative,0.92993004322052,1.697978401184082
Ethoprop,0,4,anchorboost,unknown,1.1474312963721796,1.6795154170305124
Ethoprop,0,4,loglinear_interp,unknown,1.4159784317016602,1.907676911354065
Ethoprop,0,4,hill_per_endpoint,unknown,1.3131598949432373,1.8201061964035035
Ethoprop,0,4,analog_knn,unknown,1.3404239416122437,1.8500046730041504
Fenamiphos,0,4,anchorboost,unknown,0.8835007979720931,1.6049935115798335
Fenamiphos,0,4,loglinear_interp,unknown,1.0856362223625182,1.7442200422286986
Fenamiphos,0,4,hill_per_endpoint,unknown,1.0567980408668518,1.6953081607818603
Fenamiphos,0,4,analog_knn,unknown,0.9607857704162598,1.6487589597702026
Fluconazole,0,4,anchorboost,negative,0.9224708574359346,1.4409371113480258
Fluconazole,0,4,loglinear_interp,negative,1.0147257566452026,1.5035678625106812
Fluconazole,0,4,hill_per_endpoint,negative,1.1566935777664185,1.6057201862335204
Fluconazole,0,4,analog_knn,negative,0.9760213971138001,1.4756293058395387
Flufenacet,0,4,anchorboost,unknown,0.769696528980529,1.2876267010244524
Flufenacet,0,4,loglinear_interp,unknown,0.9499573588371277,1.4175604104995727
Flufenacet,0,4,hill_per_endpoint,unknown,1.2116892695426942,1.613122034072876
Flufenacet,0,4,analog_knn,unknown,0.8107991099357605,1.3311912059783935
Fluoxastrobin,0,4,anchorboost,unknown,0.9410715292180892,1.625401470389199
Fluoxastrobin,0,4,loglinear_interp,unknown,1.5948304176330566,2.041415739059448
Fluoxastrobin,0,4,hill_per_endpoint,unknown,1.6147741079330444,2.0911624670028686
Fluoxastrobin,0,4,analog_knn,unknown,1.1567819356918334,1.705067801475525
Fluoxetine hydrochloride,0,4,anchorboost,positive,1.273869358068165,1.6622646103075716
Fluoxetine hydrochloride,0,4,loglinear_interp,positive,1.590794062614441,1.9924031972885132
Fluoxetine hydrochloride,0,4,hill_per_endpoint,positive,1.7708783626556397,2.091890001296997
Fluoxetine hydrochloride,0,4,analog_knn,positive,1.856007957458496,2.1469295740127565
Flusilazole,0,4,anchorboost,unknown,1.102831287877556,1.4132610765598885
Flusilazole,0,4,loglinear_interp,unknown,1.2470148801803589,1.5783368825912476
Flusilazole,0,4,hill_per_endpoint,unknown,1.390569281578064,1.6480423927307128
Flusilazole,0,4,analog_knn,unknown,1.4026288747787476,1.626267433166504
Glyphosate,0,4,anchorboost,negative,1.237523829810939,1.6298705262154196
Glyphosate,0,4,loglinear_interp,negative,1.2310570240020753,1.623957586288452
Glyphosate,0,4,hill_per_endpoint,negative,1.4098200440406798,1.7591587543487548
Glyphosate,0,4,analog_knn,negative,1.429475736618042,1.7974180698394775
Hydroxyurea,0,4,anchorboost,positive,1.2294389701580504,1.803385529950911
Hydroxyurea,0,4,loglinear_interp,positive,1.3265697479248046,1.873152494430542
Hydroxyurea,0,4,hill_per_endpoint,positive,1.4302975416183472,1.945082926750183
Hydroxyurea,0,4,analog_knn,positive,1.3897079944610595,1.9183040857315063
Isoniazid,0,4,anchorboost,unknown,0.9687692533306353,1.653069105117537
Isoniazid,0,4,loglinear_interp,unknown,0.9276070952415466,1.6075453281402587
Isoniazid,0,4,hill_per_endpoint,unknown,1.060443389415741,1.691465640068054
Isoniazid,0,4,analog_knn,unknown,1.2543066501617433,1.841140055656433
L-Domoic acid,0,4,anchorboost,positive,1.332066460677511,1.9061591754922405
L-Domoic acid,0,4,loglinear_interp,positive,1.710482156276703,2.1873393297195434
L-Domoic acid,0,4,hill_per_endpoint,positive,1.7186761140823363,2.1273413419723513
L-Domoic acid,0,4,analog_knn,positive,1.855476403236389,2.225391411781311
Lactofen,0,4,anchorboost,unknown,0.8008131489573851,1.2705328216494367
Lactofen,0,4,loglinear_interp,unknown,0.8755716204643249,1.3346623659133912
Lactofen,0,4,hill_per_endpoint,unknown,0.8474692344665528,1.3148511171340942
Lactofen,0,4,analog_knn,unknown,0.8308231234550476,1.2925398349761963
Lovastatin,0,4,anchorboost,unknown,1.6138880864541,2.563564754108754
Lovastatin,0,4,loglinear_interp,unknown,1.9788994073867798,2.889686107635498
Lovastatin,0,4,hill_per_endpoint,unknown,2.3742624044418337,3.2007819175720216
Lovastatin,0,4,analog_knn,unknown,1.8991809368133545,2.7676107406616213
Methadone hydrochloride,0,4,anchorboost,positive,1.3094599992627747,1.7018935824599974
Methadone hydrochloride,0,4,loglinear_interp,positive,1.451259183883667,1.8037115573883056
Methadone hydrochloride,0,4,hill_per_endpoint,positive,1.5387853622436523,1.8627214670181274
Methadone hydrochloride,0,4,analog_knn,positive,1.4678955316543578,1.8556236505508423
Methotrexate,0,4,anchorboost,positive,1.311502226602356,1.322017842129306
Methotrexate,0,4,loglinear_interp,positive,1.4685032278299333,1.4748763740062714
Methotrexate,0,4,hill_per_endpoint,positive,1.409038931131363,1.4061260402202607
Methotrexate,0,4,analog_knn,positive,2.7214673519134522,2.7677223443984986
Naphthalene,0,4,anchorboost,unknown,1.241815518935002,1.5954606009990502
Naphthalene,0,4,loglinear_interp,unknown,1.1039489269256593,1.488060975074768
Naphthalene,0,4,hill_per_endpoint,unknown,1.4518605947494507,1.768124270439148
Naphthalene,0,4,analog_knn,unknown,1.3433040022850036,1.6912263631820679
Omethoate,0,4,anchorboost,unknown,1.2973251808805568,1.6371341237867167
Omethoate,0,4,loglinear_interp,unknown,1.0212040543556213,1.3660762310028076
Omethoate,0,4,hill_per_endpoint,unknown,1.1041279196739198,1.43679838180542
Omethoate,0,4,analog_knn,unknown,1.0491629242897034,1.4082018375396728
Phenobarbital sodium,0,4,anchorboost,positive,0.9144073412742134,1.4071406394063064
Phenobarbital sodium,0,4,loglinear_interp,positive,0.9757667899131774,1.466935896873474
Phenobarbital sodium,0,4,hill_per_endpoint,positive,1.1289437890052796,1.5693275928497314
Phenobarbital sodium,0,4,analog_knn,positive,1.0382965683937073,1.4851907253265382
Pirimiphos-methyl,0,4,anchorboost,unknown,1.309798730544389,1.7468364985019058
Pirimiphos-methyl,0,4,loglinear_interp,unknown,1.6674102663993835,2.0631405830383303
Pirimiphos-methyl,0,4,hill_per_endpoint,unknown,1.6702399969100952,2.053356719017029
Pirimiphos-methyl,0,4,analog_knn,unknown,1.5417627334594726,1.9281471729278565
Pyraclostrobin,0,4,anchorboost,unknown,1.3416516669334575,1.9413680999669762
Pyraclostrobin,0,4,loglinear_interp,unknown,1.2922746181488036,1.8801456212997436
Pyraclostrobin,0,4,hill_per_endpoint,unknown,1.2615515470504761,1.7972535610198974
Pyraclostrobin,0,4,analog_knn,unknown,1.8192618370056153,2.3143389225006104
Sodium benzoate,0,4,anchorboost,negative,0.8816152431078,1.3454581952168918
Sodium benzoate,0,4,loglinear_interp,negative,0.9675948023796082,1.4056695699691772
Sodium benzoate,0,4,hill_per_endpoint,negative,0.9422504901885986,1.3831197023391724
Sodium benzoate,0,4,analog_knn,negative,0.997006070613861,1.444454836845398
Spirodiclofen,0,4,anchorboost,unknown,0.5738538662011547,1.0880054563405241
Spirodiclofen,0,4,loglinear_interp,unknown,0.6293696165084839,1.1167558431625366
Spirodiclofen,0,4,hill_per_endpoint,unknown,0.7137479662895203,1.2064432144165038
Spirodiclofen,0,4,analog_knn,unknown,0.6658912181854248,1.173218584060669
Thiacloprid,0,4,anchorboost,unknown,0.9519083907035812,1.3917179164856723
Thiacloprid,0,4,loglinear_interp,unknown,1.0216068625450134,1.4292692422866822
Thiacloprid,0,4,hill_per_endpoint,unknown,1.0398853778839112,1.4535229682922364
Thiacloprid,0,4,analog_knn,unknown,1.0413281679153443,1.4666887044906616
Triclosan,0,4,anchorboost,unknown,1.2094606730117727,1.5195360323898683
Triclosan,0,4,loglinear_interp,unknown,1.4230881094932557,1.7238784074783324
Triclosan,0,4,hill_per_endpoint,unknown,1.3631668567657471,1.661377501487732
Triclosan,0,4,analog_knn,unknown,1.3635578870773315,1.6414109945297242
Triethyltin bromide,0,4,anchorboost,positive,0.9745014065260328,1.3986477052974642
Triethyltin bromide,0,4,loglinear_interp,positive,1.157466208934784,1.5488332152366637
Triethyltin bromide,0,4,hill_per_endpoint,positive,1.285234844684601,1.597648811340332
Triethyltin bromide,0,4,analog_knn,positive,1.8925291776657105,2.2270029306411745
"p,p'-DDE",0,4,anchorboost,positive,0.9957044552980996,1.6204142479495218
"p,p'-DDE",0,4,loglinear_interp,positive,1.2028796672821045,1.7707002401351928
"p,p'-DDE",0,4,hill_per_endpoint,positive,1.6349274396896363,2.058051896095276
"p,p'-DDE",0,4,analog_knn,positive,0.9547073125839234,1.6571621894836426
(Methylcyclopentadienyl)tricarbonylmanganese,1,4,anchorboost,unknown,0.8321047596717068,1.3368006774343342
(Methylcyclopentadienyl)tricarbonylmanganese,1,4,loglinear_interp,unknown,0.9084143161773681,1.3937663555145263
(Methylcyclopentadienyl)tricarbonylmanganese,1,4,hill_per_endpoint,unknown,1.0425529718399047,1.4654050588607788
(Methylcyclopentadienyl)tricarbonylmanganese,1,4,analog_knn,unknown,1.0226775884628296,1.4680527687072753
"1,2-Propylene glycol",1,4,anchorboost,negative,1.394435419141657,2.196386377353707
"1,2-Propylene glycol",1,4,loglinear_interp,negative,1.5855138301849365,2.426422929763794
"1,2-Propylene glycol",1,4,hill_per_endpoint,negative,1.5466517448425292,2.3203195095062257
"1,2-Propylene glycol",1,4,analog_knn,negative,1.389504599571228,2.1443832874298097
5-Chloro-2-methyl-3(2H)-isothiazolone,1,4,anchorboost,unknown,1.4400410524706662,1.8056272177258248
5-Chloro-2-methyl-3(2H)-isothiazolone,1,4,loglinear_interp,unknown,1.5196325540542603,1.8767796754837036
5-Chloro-2-methyl-3(2H)-isothiazolone,1,4,hill_per_endpoint,unknown,1.5290911316871643,1.863591480255127
5-Chloro-2-methyl-3(2H)-isothiazolone,1,4,analog_knn,unknown,1.5415076613426208,1.8803289651870727
5-Fluorouracil,1,4,anchorboost,positive,1.61727833194765,1.981722847077629
5-Fluorouracil,1,4,loglinear_interp,positive,2.0248276829719543,2.4115986108779905
5-Fluorouracil,1,4,hill_per_endpoint,positive,1.9057904005050659,2.230561089515686
5-Fluorouracil,1,4,analog_knn,positive,2.2673556566238404,2.5909636497497557
Acephate,1,4,anchorboost,unknown,1.4695260804563737,1.8776498981915068
Acephate,1,4,loglinear_interp,unknown,1.0814939498901368,1.503336763381958
Acephate,1,4,hill_per_endpoint,unknown,1.379355788230896,1.741982913017273
Acephate,1,4,analog_knn,unknown,1.346571969985962,1.7346672296524048
Acetaminophen,1,4,anchorboost,unknown,0.40458803132702414,1.525226025396542
Acetaminophen,1,4,loglinear_interp,unknown,0.4543391227722168,1.5570217847824097
Acetaminophen,1,4,hill_per_endpoint,unknown,0.6047366440296174,1.6529261112213134
Acetaminophen,1,4,analog_knn,unknown,0.6283512711524963,1.6276904582977294
Aspirin,1,4,anchorboost,negative,0.5711976073775684,1.5001051884653531
Aspirin,1,4,loglinear_interp,negative,0.5620999693870544,1.5300467014312744
Aspirin,1,4,hill_per_endpoint,negative,0.6773266077041626,1.5681858777999877
Aspirin,1,4,analog_knn,negative,0.7185288429260254,1.553197717666626
Auramine hydrochloride,1,4,anchorboost,unknown,1.0435528230135498,1.8639227850347324
Auramine hydrochloride,1,4,loglinear_interp,unknown,1.1541213750839234,1.952030849456787
Auramine hydrochloride,1,4,hill_per_endpoint,unknown,1.082229995727539,1.8644115686416627
Auramine hydrochloride,1,4,analog_knn,unknown,1.264191222190857,1.9924570083618165
Benzo[k]fluoranthene,1,4,anchorboost,unknown,0.8281406972556755,1.4826775408829918
Benzo[k]fluoranthene,1,4,loglinear_interp,unknown,0.9363403677940368,1.5201391220092773
Benzo[k]fluoranthene,1,4,hill_per_endpoint,unknown,0.9744374513626098,1.5535074472427368
Benzo[k]fluoranthene,1,4,analog_knn,unknown,0.8855190396308898,1.525909423828125
Berberine chloride,1,4,anchorboost,unknown,0.7939896559779986,1.275788300202914
Berberine chloride,1,4,loglinear_interp,unknown,1.1319584727287293,1.5596881628036499
Berberine chloride,1,4,hill_per_endpoint,unknown,1.1431822657585144,1.6229069113731385
Berberine chloride,1,4,analog_knn,unknown,1.2199318051338195,1.5964905977249146
Bifenthrin,1,4,anchorboost,unknown,1.13363134508293,1.495166320065926
Bifenthrin,1,4,loglinear_interp,unknown,1.66803081035614,1.959421443939209
Bifenthrin,1,4,hill_per_endpoint,unknown,1.3777499318122863,1.6797330379486084
Bifenthrin,1,4,analog_knn,unknown,1.3692179918289185,1.7022619485855102
Bis(tributyltin)oxide,1,4,anchorboost,positive,1.2088119350476714,1.5063072518398841
Bis(tributyltin)oxide,1,4,loglinear_interp,positive,1.327013325691223,1.6222532272338868
Bis(tributyltin)oxide,1,4,hill_per_endpoint,positive,1.2498623371124267,1.4946571588516235
Bis(tributyltin)oxide,1,4,analog_knn,positive,2.694083333015442,2.946202039718628
Bisindolylmaleimide I,1,4,anchorboost,positive,0.9172603726266534,1.8971449350337164
Bisindolylmaleimide I,1,4,loglinear_interp,positive,1.101074993610382,2.1095678091049193
Bisindolylmaleimide I,1,4,hill_per_endpoint,positive,1.0805575609207154,2.0202431201934816
Bisindolylmaleimide I,1,4,analog_knn,positive,1.142500376701355,2.124270963668823
Bisphenol A,1,4,anchorboost,positive,0.8966268388988607,1.6649522009709705
Bisphenol A,1,4,loglinear_interp,positive,0.9785555124282836,1.757262372970581
Bisphenol A,1,4,hill_per_endpoint,positive,1.104216456413269,1.7840999364852905
Bisphenol A,1,4,analog_knn,positive,1.2170904517173766,1.8359076499938964
Busulfan,1,4,anchorboost,unknown,0.6503266205106952,1.0722578722086968
Busulfan,1,4,loglinear_interp,unknown,0.7211709380149841,1.1374359130859375
Busulfan,1,4,hill_per_endpoint,unknown,0.8174987196922302,1.2061299085617065
Busulfan,1,4,analog_knn,unknown,0.701999020576477,1.094146203994751
Caffeine,1,4,anchorboost,positive,1.1012951935739783,1.6356531804772871
Caffeine,1,4,loglinear_interp,positive,1.1105150818824767,1.62438805103302
Caffeine,1,4,hill_per_endpoint,positive,1.201591396331787,1.7337635517120362
Caffeine,1,4,analog_knn,positive,1.2522677898406982,1.7420632600784303
Chlordiazepoxide hydrochloride,1,4,anchorboost,positive,1.9612441570711578,2.4537598305976394
Chlordiazepoxide hydrochloride,1,4,loglinear_interp,positive,2.3111080646514894,2.7972017765045165
Chlordiazepoxide hydrochloride,1,4,hill_per_endpoint,positive,2.4230645656585694,2.877220106124878
Chlordiazepoxide hydrochloride,1,4,analog_knn,positive,2.207082200050354,2.687097358703613
Cyclophosphamide monohydrate,1,4,anchorboost,positive,1.0725442672829686,1.590428289924668
Cyclophosphamide monohydrate,1,4,loglinear_interp,positive,1.166329836845398,1.6717597723007203
Cyclophosphamide monohydrate,1,4,hill_per_endpoint,positive,1.3658158659934998,1.8192112922668457
Cyclophosphamide monohydrate,1,4,analog_knn,positive,1.1205625772476195,1.608095932006836
Cymoxanil,1,4,anchorboost,unknown,0.5270162976305122,1.2833995727733873
Cymoxanil,1,4,loglinear_interp,unknown,0.585172700881958,1.3165210723876952
Cymoxanil,1,4,hill_per_endpoint,unknown,0.6048590302467346,1.3303634405136109
Cymoxanil,1,4,analog_knn,unknown,0.6352696776390075,1.3388384342193604
Diazepam,1,4,anchorboost,positive,1.310668012578943,1.8388446459947332
Diazepam,1,4,loglinear_interp,positive,1.4223044395446778,1.9566046953201295
Diazepam,1,4,hill_per_endpoint,positive,1.377418041229248,1.9063489198684693
Diazepam,1,4,analog_knn,positive,1.8230772256851195,2.239813804626465
Diazoxon,1,4,anchorboost,unknown,1.0780118662029925,1.575860704243214
Diazoxon,1,4,loglinear_interp,unknown,0.9990136384963989,1.5220286846160889
Diazoxon,1,4,hill_per_endpoint,unknown,1.3049027442932128,1.7992736101150513
Diazoxon,1,4,analog_knn,unknown,1.310182797908783,1.7563025951385498
Diethylene glycol,1,4,anchorboost,negative,0.9842556436801662,1.469820522564317
Diethylene glycol,1,4,loglinear_interp,negative,1.0492139339447022,1.484005832672119
Diethylene glycol,1,4,hill_per_endpoint,negative,1.404778778553009,1.8135508060455323
Diethylene glycol,1,4,analog_knn,negative,0.99986412525177,1.5030105352401733
Diethylstilbestrol,1,4,anchorboost,positive,1.3723960231588785,1.8615966355187799
Diethylstilbestrol,1,4,loglinear_interp,positive,1.591052281856537,2.067830777168274
Diethylstilbestrol,1,4,hill_per_endpoint,positive,1.7610042333602904,2.180356335639954
Diethylstilbestrol,1,4,analog_knn,positive,1.647404956817627,2.070309948921204
Difpas-pyrazole,1,4,anchorboost,unknown,1.3668485067406746,1.910667699585678
Difpas-pyrazole,1,4,loglinear_interp,unknown,1.5020128726959228,2.0401113510131834
Difpas-pyrazole,1,4,hill_per_endpoint,unknown,1.6926302671432496,2.147151303291321
Difpas-pyrazole,1,4,analog_knn,unknown,1.440372896194458,1.9616456985473634
Dimethoate,1,4,anchorboost,unknown,0.9762629672466904,1.3969968345100108
Dimethoate,1,4,loglinear_interp,unknown,1.4516401290893555,1.8195680141448975
Dimethoate,1,4,hill_per_endpoint,unknown,1.4246644496917724,1.8052406549453734
Dimethoate,1,4,analog_knn,unknown,1.2922176480293275,1.7028098821640014
Endosulfan,1,4,anchorboost,unknown,1.7518479633396098,1.9770577304876256
Endosulfan,1,4,loglinear_interp,unknown,2.17074191570282,2.3805875301361086
Endosulfan,1,4,hill_per_endpoint,unknown,2.2418691396713255,2.4251875400543215
Endosulfan,1,4,analog_knn,unknown,1.9802856206893922,2.205333685874939
Endrin,1,4,anchorboost,unknown,1.2116248865838126,1.5878343078824653
Endrin,1,4,loglinear_interp,unknown,1.366238570213318,1.70863938331604
Endrin,1,4,hill_per_endpoint,unknown,1.261185085773468,1.6511247873306274
Endrin,1,4,analog_knn,unknown,1.320274245738983,1.6897771596908568
Fenitrothion,1,4,anchorboost,unknown,0.6769713270291924,1.250772938374141
Fenitrothion,1,4,loglinear_interp,unknown,0.8919718623161316,1.4031110286712647
Fenitrothion,1,4,hill_per_endpoint,unknown,0.907188880443573,1.4143698692321778
Fenitrothion,1,4,analog_knn,unknown,0.6422513246536254,1.21333349943161
Loperamide,1,4,anchorboost,positive,1.4598809260321448,2.4279729185606915
Loperamide,1,4,loglinear_interp,positive,1.460419809818268,2.435770845413208
Loperamide,1,4,hill_per_endpoint,positive,1.4211681723594665,2.322238254547119
Loperamide,1,4,analog_knn,positive,1.685971236228943,2.595472002029419
Malaoxon,1,4,anchorboost,unknown,0.9877469344870372,1.3938033659719298
Malaoxon,1,4,loglinear_interp,unknown,0.890846598148346,1.3523436069488526
Malaoxon,1,4,hill_per_endpoint,unknown,1.006081795692444,1.4528098583221436
Malaoxon,1,4,analog_knn,unknown,1.2117432832717896,1.5260689735412598
Methoxychlor,1,4,anchorboost,unknown,1.515328261605562,1.9943140109991944
Methoxychlor,1,4,loglinear_interp,unknown,1.679709243774414,2.131070590019226
Methoxychlor,1,4,hill_per_endpoint,unknown,1.8443302631378173,2.2278263092041017
Methoxychlor,1,4,analog_knn,unknown,1.6378326177597047,2.1273208379745485
Naled,1,4,anchorboost,unknown,1.5031532640665104,1.7495485309131453
Naled,1,4,loglinear_interp,unknown,1.6041750192642212,1.796688175201416
Naled,1,4,hill_per_endpoint,unknown,1.7934860467910767,1.8961792707443237
Naled,1,4,analog_knn,unknown,1.603186011314392,1.826037383079529
Oxidopamine hydrochloride,1,4,anchorboost,unknown,1.2419630340846237,1.7735698513455318
Oxidopamine hydrochloride,1,4,loglinear_interp,unknown,1.5186984658241272,1.9671571254730225
Oxidopamine hydrochloride,1,4,hill_per_endpoint,unknown,1.3552561759948731,1.8401603698730469
Oxidopamine hydrochloride,1,4,analog_knn,unknown,1.3942372441291808,1.890227460861206
Permethrin,1,4,anchorboost,positive,1.4049804124784813,2.013639716961673
Permethrin,1,4,loglinear_interp,positive,1.4670334577560424,2.053841710090637
Permethrin,1,4,hill_per_endpoint,positive,1.6475059509277343,2.1374011278152465
Permethrin,1,4,analog_knn,positive,1.36314697265625,1.9434869766235352
PharmaGSID_47330,1,4,anchorboost,unknown,1.0878562422203442,1.5581146148951739
PharmaGSID_47330,1,4,loglinear_interp,unknown,1.3207305431365968,1.6838797092437745
PharmaGSID_47330,1,4,hill_per_endpoint,unknown,1.3386374950408935,1.7109889268875123
PharmaGSID_47330,1,4,analog_knn,unknown,1.3007991552352904,1.7627786159515382
Phenanthrene,1,4,anchorboost,unknown,0.46995202699670313,1.3203468671907115
Phenanthrene,1,4,loglinear_interp,unknown,0.5589425325393677,1.3752688646316529
Phenanthrene,1,4,hill_per_endpoint,unknown,0.5705572664737701,1.3955838441848756
Phenanthrene,1,4,analog_knn,unknown,0.47462786436080934,1.3306695699691773
Pravastatin sodium,1,4,anchorboost,unknown,1.3633175178432844,1.8091977719633487
Pravastatin sodium,1,4,loglinear_interp,unknown,1.250678014755249,1.7901934385299683
Pravastatin sodium,1,4,hill_per_endpoint,unknown,1.350945782661438,1.7740826606750488
Pravastatin sodium,1,4,analog_knn,unknown,1.998518943786621,2.351477336883545
S-Ethyl dipropylthiocarbamate,1,4,anchorboost,unknown,0.6649443858230908,0.9794846271092805
S-Ethyl dipropylthiocarbamate,1,4,loglinear_interp,unknown,0.7942442178726197,1.095965528488159
S-Ethyl dipropylthiocarbamate,1,4,hill_per_endpoint,unknown,0.7875066757202148,1.1160149693489074
S-Ethyl dipropylthiocarbamate,1,4,analog_knn,unknown,0.7545622110366821,1.0274319171905517
Sodium saccharin hydrate,1,4,anchorboost,negative,0.8499289288100513,1.4544782326875805
Sodium saccharin hydrate,1,4,loglinear_interp,negative,1.0049835681915282,1.6238436698913574
Sodium saccharin hydrate,1,4,hill_per_endpoint,negative,1.060532772541046,1.6231931686401366
Sodium saccharin hydrate,1,4,analog_knn,negative,0.9618371844291687,1.5132649660110473
Sodium valproate,1,4,anchorboost,positive,2.0760177203318713,2.3990629780363917
Sodium valproate,1,4,loglinear_interp,positive,0.9554490447044373,1.3389542818069458
Sodium valproate,1,4,hill_per_endpoint,positive,0.8907127737998962,1.300030028820038
Sodium valproate,1,4,analog_knn,positive,1.1470238089561462,1.5162281274795533
Terbufos,1,4,anchorboost,unknown,1.1668953944913742,1.4539801890326072
Terbufos,1,4,loglinear_interp,unknown,1.3798214435577392,1.6718632221221923
Terbufos,1,4,hill_per_endpoint,unknown,1.6067983150482177,1.8586162805557251
Terbufos,1,4,analog_knn,unknown,1.472544527053833,1.7178234338760376
Thalidomide,1,4,anchorboost,positive,1.5500276261683337,2.241649848691316
Thalidomide,1,4,loglinear_interp,positive,1.5134925603866578,2.2313726425170897
Thalidomide,1,4,hill_per_endpoint,positive,1.785884952545166,2.492233896255493
Thalidomide,1,4,analog_knn,positive,1.4951865911483764,2.2363314628601074
Tributyltin methacrylate,1,4,anchorboost,positive,1.1564308042808271,2.046468328495205
Tributyltin methacrylate,1,4,loglinear_interp,positive,1.7026644706726075,2.4438255071640014
Tributyltin methacrylate,1,4,hill_per_endpoint,positive,1.5970111966133118,2.368206095695496
Tributyltin methacrylate,1,4,analog_knn,positive,1.586393117904663,2.408841776847839
Trimethyltin hydroxide,1,4,anchorboost,positive,1.887975786932437,2.1768223785693537
Trimethyltin hydroxide,1,4,loglinear_interp,positive,2.1560541868209837,2.4495821952819825
Trimethyltin hydroxide,1,4,hill_per_endpoint,positive,2.4753679752349855,2.7395986557006835
Trimethyltin hydroxide,1,4,analog_knn,positive,1.8088276624679565,2.1077099323272703
"Tris(1,3-dichloro-2-propyl) phosphate",1,4,anchorboost,unknown,0.9854258562378225,1.9729169805163225
"Tris(1,3-dichloro-2-propyl) phosphate",1,4,loglinear_interp,unknown,1.1691469073295593,2.154641342163086
"Tris(1,3-dichloro-2-propyl) phosphate",1,4,hill_per_endpoint,unknown,1.2090891599655151,2.1011985301971436
"Tris(1,3-dichloro-2-propyl) phosphate",1,4,analog_knn,unknown,1.03480224609375,1.9462576389312745
Tris(2-chloroethyl) phosphate,1,4,anchorboost,unknown,1.1856179984142377,2.125080747530187
Tris(2-chloroethyl) phosphate,1,4,loglinear_interp,unknown,1.2692022562026977,2.252951717376709
Tris(2-chloroethyl) phosphate,1,4,hill_per_endpoint,unknown,1.3623643875122071,2.3237428188323976
Tris(2-chloroethyl) phosphate,1,4,analog_knn,unknown,1.3172025442123414,2.1136452198028564
Z-Tetrachlorvinphos,1,4,anchorboost,unknown,1.362223895827756,1.9502335552303145
Z-Tetrachlorvinphos,1,4,loglinear_interp,unknown,1.6579959630966186,2.158453178405762
Z-Tetrachlorvinphos,1,4,hill_per_endpoint,unknown,1.5218325495719909,2.0405487298965452
Z-Tetrachlorvinphos,1,4,analog_knn,unknown,1.7071478366851807,2.1796877861022947
"p,p'-DDD",1,4,anchorboost,positive,1.38266729569602,1.7347034622815674
"p,p'-DDD",1,4,loglinear_interp,positive,1.5624512076377868,1.8957035303115846
"p,p'-DDD",1,4,hill_per_endpoint,positive,1.7661943793296815,2.0793763399124146
"p,p'-DDD",1,4,analog_knn,positive,1.4400674939155578,1.8012415409088134
tert-Butylhydroquinone,1,4,anchorboost,unknown,1.2693778972873335,1.7087031716124161
tert-Butylhydroquinone,1,4,loglinear_interp,unknown,1.5131632566452027,1.8900713205337525
tert-Butylhydroquinone,1,4,hill_per_endpoint,unknown,1.6390694856643677,1.9766641855239868
tert-Butylhydroquinone,1,4,analog_knn,unknown,1.3278942823410034,1.7300601243972777
2-(m-Chlorophenoxy)propionic acid,2,4,anchorboost,unknown,1.2221277908465562,1.80065726172487
2-(m-Chlorophenoxy)propionic acid,2,4,loglinear_interp,unknown,1.4160041093826294,1.9137144804000854
2-(m-Chlorophenoxy)propionic acid,2,4,hill_per_endpoint,unknown,1.2621012210845948,1.8570072174072265
2-(m-Chlorophenoxy)propionic acid,2,4,analog_knn,unknown,1.4455631017684936,1.967508316040039
2-Ethylhexyl diphenyl phosphate,2,4,anchorboost,unknown,1.2006156364629506,1.74757025074563
2-Ethylhexyl diphenyl phosphate,2,4,loglinear_interp,unknown,1.368990993499756,1.8244144678115846
2-Ethylhexyl diphenyl phosphate,2,4,hill_per_endpoint,unknown,1.5849799156188964,1.9974105834960938
2-Ethylhexyl diphenyl phosphate,2,4,analog_knn,unknown,1.2865208387374878,1.8325452089309693
"3,3',5,5'-Tetrabromobisphenol A",2,4,anchorboost,unknown,0.7046641603398794,1.3396418813621693
"3,3',5,5'-Tetrabromobisphenol A",2,4,loglinear_interp,unknown,0.787387466430664,1.3937361717224122
"3,3',5,5'-Tetrabromobisphenol A",2,4,hill_per_endpoint,unknown,0.8620650053024292,1.4444981575012208
"3,3',5,5'-Tetrabromobisphenol A",2,4,analog_knn,unknown,0.8305030465126038,1.4130423545837403
Abamectin,2,4,anchorboost,unknown,1.476834117735772,2.1272484418587276
Abamectin,2,4,loglinear_interp,unknown,1.551996612548828,2.199485349655151
Abamectin,2,4,hill_per_endpoint,unknown,1.4102388381958009,2.0068910360336303
Abamectin,2,4,analog_knn,unknown,2.1373449563980103,2.72523889541626
Acenaphthylene,2,4,anchorboost,unknown,0.5730041814514164,1.1959745466452147
Acenaphthylene,2,4,loglinear_interp,unknown,0.6858065485954284,1.2660753965377807
Acenaphthylene,2,4,hill_per_endpoint,unknown,0.7516073346138,1.311395788192749
Acenaphthylene,2,4,analog_knn,unknown,0.6758496642112732,1.245775532722473
Aldicarb,2,4,anchorboost,unknown,1.1269369651876855,1.6999349267175254
Aldicarb,2,4,loglinear_interp,unknown,1.012686848640442,1.5965692281723023
Aldicarb,2,4,hill_per_endpoint,unknown,1.1196056723594665,1.6652909755706786
Aldicarb,2,4,analog_knn,unknown,1.4436939239501954,1.975301742553711
Amoxicillin,2,4,anchorboost,negative,1.003714755289224,1.5885009444931104
Amoxicillin,2,4,loglinear_interp,negative,1.172859823703766,1.6886141777038575
Amoxicillin,2,4,hill_per_endpoint,negative,1.2054491996765138,1.728928565979004
Amoxicillin,2,4,analog_knn,negative,1.1128096342086793,1.6931011199951171
Azoxystrobin,2,4,anchorboost,unknown,1.2923711623802536,1.8745517577974646
Azoxystrobin,2,4,loglinear_interp,unknown,1.5318230628967284,2.075423741340637
Azoxystrobin,2,4,hill_per_endpoint,unknown,1.604198956489563,2.126561188697815
Azoxystrobin,2,4,analog_knn,unknown,1.4538915634155274,2.001871347427368
Benzo[a]pyrene,2,4,anchorboost,unknown,0.8881767158843422,1.393888105202295
Benzo[a]pyrene,2,4,loglinear_interp,unknown,0.9932406663894653,1.4763352394104003
Benzo[a]pyrene,2,4,hill_per_endpoint,unknown,1.132384192943573,1.59471652507782
Benzo[a]pyrene,2,4,analog_knn,unknown,0.9538061022758484,1.4348775386810302
Benzo[e]pyrene,2,4,anchorboost,unknown,1.1446404170491116,1.4943774327758295
Benzo[e]pyrene,2,4,loglinear_interp,unknown,1.0384284138679505,1.412344741821289
Benzo[e]pyrene,2,4,hill_per_endpoint,unknown,1.3138145685195923,1.6503276348114013
Benzo[e]pyrene,2,4,analog_knn,unknown,1.2902474403381348,1.6266026020050048
Bis(2-ethylhexyl) tetrabromophthalate,2,4,anchorboost,unknown,1.1007866878373194,1.5322803161602316
Bis(2-ethylhexyl) tetrabromophthalate,2,4,loglinear_interp,unknown,1.1735373973846435,1.571907114982605
Bis(2-ethylhexyl) tetrabromophthalate,2,4,hill_per_endpoint,unknown,1.3546883583068847,1.7244457244873046
Bis(2-ethylhexyl) tetrabromophthalate,2,4,analog_knn,unknown,1.4536484956741333,1.8033512592315675
Bisphenol AF,2,4,anchorboost,positive,0.990255110728859,1.9648981572514608
Bisphenol AF,2,4,loglinear_interp,positive,1.0257298469543457,2.0108625650405885
Bisphenol AF,2,4,hill_per_endpoint,positive,1.0677571654319764,2.005954957008362
Bisphenol AF,2,4,analog_knn,positive,1.1408671021461487,2.028695225715637
Bisphenol B,2,4,anchorboost,positive,1.0306439370498324,1.5182074753397892
Bisphenol B,2,4,loglinear_interp,positive,1.2869273662567138,1.7325716972351075
Bisphenol B,2,4,hill_per_endpoint,positive,1.1425023555755616,1.5929533243179321
Bisphenol B,2,4,analog_knn,positive,1.1704280853271485,1.6291513204574586
Cadmium(II) chloride hydrate (2:5),2,4,anchorboost,positive,1.3630449076865951,1.4882736135629921
Cadmium(II) chloride hydrate (2:5),2,4,loglinear_interp,positive,1.8583698272705078,1.9509862422943116
Cadmium(II) chloride hydrate (2:5),2,4,hill_per_endpoint,positive,1.4901327610015869,1.5717382431030273
Cadmium(II) chloride hydrate (2:5),2,4,analog_knn,positive,1.762777829170227,1.9090622663497925
Captan,2,4,anchorboost,unknown,0.7415457387695765,1.7031876925976142
Captan,2,4,loglinear_interp,unknown,0.9316676020622253,1.83418869972229
Captan,2,4,hill_per_endpoint,unknown,0.8637077450752259,1.7203768730163573
Captan,2,4,analog_knn,unknown,0.7096385955810547,1.6920660972595214
Carbamazepine,2,4,anchorboost,positive,0.9378921523649824,1.3954477271225447
Carbamazepine,2,4,loglinear_interp,positive,1.025962269306183,1.4609007120132447
Carbamazepine,2,4,hill_per_endpoint,positive,1.0671787858009338,1.504927396774292
Carbamazepine,2,4,analog_knn,positive,1.016517162322998,1.4712231397628783
Carbaryl,2,4,anchorboost,unknown,2.2263130692152004,2.744592759387769
Carbaryl,2,4,loglinear_interp,unknown,2.876524257659912,3.352655601501465
Carbaryl,2,4,hill_per_endpoint,unknown,2.768419075012207,3.2116859436035154
Carbaryl,2,4,analog_knn,unknown,2.2043812751770018,2.7387783527374268
Cariporide mesylate,2,4,anchorboost,unknown,1.0471029901165594,1.5634646948304909
Cariporide mesylate,2,4,loglinear_interp,unknown,1.1978896856307983,1.687235713005066
Cariporide mesylate,2,4,hill_per_endpoint,unknown,1.2875896692276,1.7610464572906495
Cariporide mesylate,2,4,analog_knn,unknown,1.1535733342170715,1.636508846282959
Chloramben,2,4,anchorboost,negative,0.740935783623327,1.9070066385920525
Chloramben,2,4,loglinear_interp,negative,0.857270622253418,1.960320734977722
Chloramben,2,4,hill_per_endpoint,negative,0.8844142079353332,1.9781055212020875
Chloramben,2,4,analog_knn,negative,0.8715509176254272,1.9362455368041993
Chlorpromazine hydrochloride,2,4,anchorboost,positive,1.0276625623904647,1.4434530535460914
Chlorpromazine hydrochloride,2,4,loglinear_interp,positive,1.1502548694610595,1.539502453804016
Chlorpromazine hydrochloride,2,4,hill_per_endpoint,positive,1.2035992383956908,1.546155047416687
Chlorpromazine hydrochloride,2,4,analog_knn,positive,1.2040800213813783,1.587783145904541
Clothianidin,2,4,anchorboost,unknown,0.7094558179879005,1.1665551591942105
Clothianidin,2,4,loglinear_interp,unknown,0.7936655879020691,1.229280662536621
Clothianidin,2,4,hill_per_endpoint,unknown,0.826821768283844,1.2522927284240724
Clothianidin,2,4,analog_knn,unknown,0.8920444369316101,1.2987688779830933
Dichlorvos,2,4,anchorboost,unknown,1.0353078978619563,1.3685514807963706
Dichlorvos,2,4,loglinear_interp,unknown,1.122561478614807,1.4117069482803344
Dichlorvos,2,4,hill_per_endpoint,unknown,1.2937724947929383,1.5695281744003295
Dichlorvos,2,4,analog_knn,unknown,1.0199493646621705,1.365925097465515
Eugenol,2,4,anchorboost,unknown,0.933952708053582,1.6710828174368302
Eugenol,2,4,loglinear_interp,unknown,1.0323628664016724,1.735736894607544
Eugenol,2,4,hill_per_endpoint,unknown,1.0671645283699036,1.738567852973938
Eugenol,2,4,analog_knn,unknown,1.0767654657363892,1.779493474960327
Fipronil,2,4,anchorboost,unknown,1.120121375149162,1.4175421605226686
Fipronil,2,4,loglinear_interp,unknown,1.148811137676239,1.4486517667770387
Fipronil,2,4,hill_per_endpoint,unknown,1.2192444920539856,1.5041289329528809
Fipronil,2,4,analog_knn,unknown,1.4401746034622191,1.6768425703048706
Fluorene,2,4,anchorboost,unknown,0.5294854822983149,1.1851452294454268
Fluorene,2,4,loglinear_interp,unknown,0.5829580187797546,1.2431800603866576
Fluorene,2,4,hill_per_endpoint,unknown,0.7004456520080566,1.3057478666305542
Fluorene,2,4,analog_knn,unknown,0.6343416571617126,1.2331412315368653
Glycerol,2,4,anchorboost,negative,0.6389088783569459,1.4010561019891064
Glycerol,2,4,loglinear_interp,negative,0.7496775150299072,1.4598673105239868
Glycerol,2,4,hill_per_endpoint,negative,0.766425371170044,1.4652926206588746
Glycerol,2,4,analog_knn,negative,0.6407219529151916,1.4117388248443603
L-Ascorbic acid,2,4,anchorboost,negative,0.8449976923608865,1.3915021491173323
L-Ascorbic acid,2,4,loglinear_interp,negative,0.999371874332428,1.4793989181518554
L-Ascorbic acid,2,4,hill_per_endpoint,negative,0.9297869563102722,1.4629968404769897
L-Ascorbic acid,2,4,analog_knn,negative,0.9874314546585083,1.524289059638977
Lindane,2,4,anchorboost,positive,1.3625283656415104,2.3900060953352287
Lindane,2,4,loglinear_interp,positive,1.12023766040802,2.2010178565979004
Lindane,2,4,hill_per_endpoint,positive,1.1987893104553222,2.2307758808135985
Lindane,2,4,analog_knn,positive,1.9507359266281128,2.762661838531494
Maneb,2,4,anchorboost,positive,0.8858781629546477,1.3619886650773152
Maneb,2,4,loglinear_interp,positive,1.0230431079864502,1.4812211036682128
Maneb,2,4,hill_per_endpoint,positive,1.1019383430480958,1.5477358818054199
Maneb,2,4,analog_knn,positive,1.044602131843567,1.4390594720840455
Manganese dichloride,2,4,anchorboost,positive,1.0355897233237576,1.4886510008417282
Manganese dichloride,2,4,loglinear_interp,positive,0.9769790649414063,1.4085330724716187
Manganese dichloride,2,4,hill_per_endpoint,positive,1.083986520767212,1.5135656595230103
Manganese dichloride,2,4,analog_knn,positive,1.222115397453308,1.6053327083587647
Mercuric chloride,2,4,anchorboost,positive,1.1055027065694922,2.3610168633682824
Mercuric chloride,2,4,loglinear_interp,positive,1.444975161552429,2.5594146251678467
Mercuric chloride,2,4,hill_per_endpoint,positive,1.841115140914917,2.7129709243774416
Mercuric chloride,2,4,analog_knn,positive,1.4259973049163819,2.5609423160552978
Methamidophos,2,4,anchorboost,unknown,0.7155221441550639,1.4364009358067953
Methamidophos,2,4,loglinear_interp,unknown,0.6546176671981812,1.4030884981155396
Methamidophos,2,4,hill_per_endpoint,unknown,0.7511305570602417,1.46738760471344
Methamidophos,2,4,analog_knn,unknown,0.9421663761138916,1.5662018060684204
Methylmercuric(II) chloride,2,4,anchorboost,positive,1.0890811433719176,1.2814106658354927
Methylmercuric(II) chloride,2,4,loglinear_interp,positive,1.3829961180686952,1.5094879388809204
Methylmercuric(II) chloride,2,4,hill_per_endpoint,positive,1.4299842715263367,1.5210146307945251
Methylmercuric(II) chloride,2,4,analog_knn,positive,1.5824890613555909,1.7686801433563233
Mevastatin,2,4,anchorboost,positive,1.412441137421467,2.960228481676022
Mevastatin,2,4,loglinear_interp,positive,1.494509220123291,3.028283786773682
Mevastatin,2,4,hill_per_endpoint,positive,1.6533677101135253,3.0568286895751955
Mevastatin,2,4,analog_knn,positive,1.8241408109664916,3.1344368934631346
Mirex,2,4,anchorboost,unknown,1.8555518103879112,2.2186106429183794
Mirex,2,4,loglinear_interp,unknown,2.101427507400513,2.4036765575408934
Mirex,2,4,hill_per_endpoint,unknown,2.086906671524048,2.4045592546463013
Mirex,2,4,analog_knn,unknown,1.952005648612976,2.3490137338638304
"Octachloro-4,7-methanotetrahydroindane",2,4,anchorboost,unknown,1.2102516994385435,1.7487729215832317
"Octachloro-4,7-methanotetrahydroindane",2,4,loglinear_interp,unknown,1.2254862666130066,1.8328982591629028
"Octachloro-4,7-methanotetrahydroindane",2,4,hill_per_endpoint,unknown,1.6899465203285218,2.1373362064361574
"Octachloro-4,7-methanotetrahydroindane",2,4,analog_knn,unknown,1.3293340444564818,1.8221893072128297
Parathion,2,4,anchorboost,positive,0.7698095342767421,1.6254305335761405
Parathion,2,4,loglinear_interp,positive,0.8611419916152954,1.6937095403671265
Parathion,2,4,hill_per_endpoint,positive,0.9574297070503235,1.745845365524292
Parathion,2,4,analog_knn,positive,0.8708126902580261,1.662761664390564
Prallethrin,2,4,anchorboost,unknown,0.8764427638833624,1.3919730254635574
Prallethrin,2,4,loglinear_interp,unknown,1.0564592123031615,1.5637890815734863
Prallethrin,2,4,hill_per_endpoint,unknown,1.094722831249237,1.5613244771957397
Prallethrin,2,4,analog_knn,unknown,0.9093577265739441,1.4015628099441528
Reserpine,2,4,anchorboost,unknown,1.6502418459262695,2.023677052071036
Reserpine,2,4,loglinear_interp,unknown,1.9230173826217651,2.2772078275680543
Reserpine,2,4,hill_per_endpoint,unknown,2.040876603126526,2.345451307296753
Reserpine,2,4,analog_knn,unknown,2.0726870775222777,2.3918585062026976
Sodium arsenite,2,4,anchorboost,positive,2.1445216873374893,2.3235359577231294
Sodium arsenite,2,4,loglinear_interp,positive,2.4862297058105467,2.6717645168304442
Sodium arsenite,2,4,hill_per_endpoint,positive,2.253953719139099,2.415849137306213
Sodium arsenite,2,4,analog_knn,positive,2.751785326004028,2.9105452060699464
Tebuconazole,2,4,anchorboost,positive,2.111216414051291,2.4342753767244196
Tebuconazole,2,4,loglinear_interp,positive,2.3674829721450807,2.6748491764068603
Tebuconazole,2,4,hill_per_endpoint,positive,2.663851261138916,2.919295310974121
Tebuconazole,2,4,analog_knn,positive,2.460681343078613,2.7606300830841066
Terbutaline hemisulfate,2,4,anchorboost,positive,0.814014611421937,1.2410492944904221
Terbutaline hemisulfate,2,4,loglinear_interp,positive,0.7867335796356201,1.232056474685669
Terbutaline hemisulfate,2,4,hill_per_endpoint,positive,0.8443013548851013,1.2583274364471435
Terbutaline hemisulfate,2,4,analog_knn,positive,1.1745980739593507,1.4930833339691163
Tetraethylthiuram disulfide,2,4,anchorboost,unknown,0.8893693901421903,1.5510880339209376
Tetraethylthiuram disulfide,2,4,loglinear_interp,unknown,0.9916577339172363,1.6695494413375855
Tetraethylthiuram disulfide,2,4,hill_per_endpoint,unknown,1.0241913676261902,1.6095409631729125
Tetraethylthiuram disulfide,2,4,analog_knn,unknown,1.073801004886627,1.6728573322296143
Tetramethrin,2,4,anchorboost,unknown,0.7568573056871621,1.2288519138363312
Tetramethrin,2,4,loglinear_interp,unknown,0.8882672786712646,1.2928630590438843
Tetramethrin,2,4,hill_per_endpoint,unknown,0.9095157146453857,1.3115798950195312
Tetramethrin,2,4,analog_knn,unknown,0.7824155449867248,1.2989344120025634
Tribufos,2,4,anchorboost,unknown,1.2023449488577491,1.5588677029503422
Tribufos,2,4,loglinear_interp,unknown,1.3927951812744142,1.742116665840149
Tribufos,2,4,hill_per_endpoint,unknown,1.6039966583251952,1.893235683441162
Tribufos,2,4,analog_knn,unknown,1.3619622468948365,1.6947987794876098
Trichlorfon,2,4,anchorboost,positive,1.2067641299856566,1.6646580622638691
Trichlorfon,2,4,loglinear_interp,positive,1.4591193914413452,1.8990235328674316
Trichlorfon,2,4,hill_per_endpoint,positive,1.4506435871124268,1.9013976335525513
Trichlorfon,2,4,analog_knn,positive,1.4326359272003173,1.8628371000289916
Trifloxystrobin,2,4,anchorboost,unknown,0.9098135672535055,1.4983460865803877
Trifloxystrobin,2,4,loglinear_interp,unknown,0.9564315795898437,1.5365871906280517
Trifloxystrobin,2,4,hill_per_endpoint,unknown,0.9534055829048157,1.4937190651893615
Trifloxystrobin,2,4,analog_knn,unknown,1.2166319608688354,1.7115518569946289
Tris(methylphenyl) phosphate,2,4,anchorboost,unknown,0.9245005913587943,1.6490378471403822
Tris(methylphenyl) phosphate,2,4,loglinear_interp,unknown,1.102539026737213,1.7609210729598999
Tris(methylphenyl) phosphate,2,4,hill_per_endpoint,unknown,1.1131676316261292,1.7647111654281615
Tris(methylphenyl) phosphate,2,4,analog_knn,unknown,0.9101390719413758,1.6561975717544555
"o,p'-DDT",2,4,anchorboost,unknown,1.3357678965293376,1.6983675259586195
"o,p'-DDT",2,4,loglinear_interp,unknown,1.3712784409523011,1.7263041973114013
"o,p'-DDT",2,4,hill_per_endpoint,unknown,1.6768097162246705,1.96873881816864
"o,p'-DDT",2,4,analog_knn,unknown,1.902381992340088,2.204445791244507
1-Methyl-4-phenylpyridinium iodide,3,4,anchorboost,positive,1.114164992526738,1.4557306213270278
1-Methyl-4-phenylpyridinium iodide,3,4,loglinear_interp,positive,1.1578014492988586,1.4850719451904297
1-Methyl-4-phenylpyridinium iodide,3,4,hill_per_endpoint,positive,1.2400561094284057,1.5441571831703187
1-Methyl-4-phenylpyridinium iodide,3,4,analog_knn,positive,1.2921677350997924,1.6249240636825562
"2-Ethylhexyl 2,3,4,5-tetrabromobenzoate",3,4,anchorboost,unknown,1.2733126597260083,1.8549598016337903
"2-Ethylhexyl 2,3,4,5-tetrabromobenzoate",3,4,loglinear_interp,unknown,1.484536051750183,2.0147775173187257
"2-Ethylhexyl 2,3,4,5-tetrabromobenzoate",3,4,hill_per_endpoint,unknown,1.5021175742149353,2.036360764503479
"2-Ethylhexyl 2,3,4,5-tetrabromobenzoate",3,4,analog_knn,unknown,1.337109887599945,1.8788917779922485
3-Iodo-2-propynyl-N-butylcarbamate,3,4,anchorboost,unknown,0.679905244644334,1.628680430923247
3-Iodo-2-propynyl-N-butylcarbamate,3,4,loglinear_interp,unknown,0.9049249291419983,1.78815438747406
3-Iodo-2-propynyl-N-butylcarbamate,3,4,hill_per_endpoint,unknown,0.7028942108154297,1.599351692199707
3-Iodo-2-propynyl-N-butylcarbamate,3,4,analog_knn,unknown,0.9876145660877228,1.9223964214324951
"5,5-Diphenylhydantoin",3,4,anchorboost,positive,0.8436256361322159,1.2950604889310635
"5,5-Diphenylhydantoin",3,4,loglinear_interp,positive,0.9950557708740234,1.3760125160217285
"5,5-Diphenylhydantoin",3,4,hill_per_endpoint,positive,0.9581104516983032,1.3744816064834595
"5,5-Diphenylhydantoin",3,4,analog_knn,positive,0.9533322930335999,1.3840019941329955
6-Methyl-2-thiouracil,3,4,anchorboost,positive,1.0260982621696018,1.5095028586283152
6-Methyl-2-thiouracil,3,4,loglinear_interp,positive,1.0561688184738158,1.5421637773513794
6-Methyl-2-thiouracil,3,4,hill_per_endpoint,positive,1.2071017384529115,1.662042784690857
6-Methyl-2-thiouracil,3,4,analog_knn,positive,1.2637206315994263,1.6733503580093383
Acenaphthene,3,4,anchorboost,unknown,0.7598224219958729,1.3702444409817147
Acenaphthene,3,4,loglinear_interp,unknown,0.8710609078407288,1.4426516056060792
Acenaphthene,3,4,hill_per_endpoint,unknown,0.8426197528839111,1.4248077869415283
Acenaphthene,3,4,analog_knn,unknown,0.8176702380180358,1.3898016452789306
Allethrin,3,4,anchorboost,positive,0.974575532312335,1.5506261684270488
Allethrin,3,4,loglinear_interp,positive,1.0614553213119506,1.615074372291565
Allethrin,3,4,hill_per_endpoint,positive,1.166439151763916,1.6711161613464356
Allethrin,3,4,analog_knn,positive,1.1042664289474486,1.6631927728652953
Anthracene,3,4,anchorboost,negative,0.711082935441784,1.1661274131478943
Anthracene,3,4,loglinear_interp,negative,0.7759418725967407,1.2245999097824096
Anthracene,3,4,hill_per_endpoint,negative,1.0120868682861328,1.4105417728424072
Anthracene,3,4,analog_knn,negative,0.8264491081237793,1.2499097108840942
Benzo(b)fluoranthene,3,4,anchorboost,unknown,0.7592815978198995,1.3878781450052042
Benzo(b)fluoranthene,3,4,loglinear_interp,unknown,0.9065233111381531,1.473868489265442
Benzo(b)fluoranthene,3,4,hill_per_endpoint,unknown,1.0974924087524414,1.5962227821350097
Benzo(b)fluoranthene,3,4,analog_knn,unknown,1.159141755104065,1.6529732704162599
Carbofuran,3,4,anchorboost,unknown,0.920671070725643,1.9279296657948144
Carbofuran,3,4,loglinear_interp,unknown,1.1094413876533509,2.0055169105529784
Carbofuran,3,4,hill_per_endpoint,unknown,1.1404541254043579,2.035894274711609
Carbofuran,3,4,analog_knn,unknown,0.9005152463912964,1.9228561878204347
Chlorendic acid,3,4,anchorboost,unknown,0.7960615292345172,1.3027238974791315
Chlorendic acid,3,4,loglinear_interp,unknown,0.9342741131782532,1.394404673576355
Chlorendic acid,3,4,hill_per_endpoint,unknown,0.9163975238800048,1.3940019130706787
Chlorendic acid,3,4,analog_knn,unknown,0.8692703723907471,1.368301010131836
Clodinafop-propargyl,3,4,anchorboost,unknown,0.7432839922541035,1.2388211389144994
Clodinafop-propargyl,3,4,loglinear_interp,unknown,0.8785989999771118,1.3525163173675536
Clodinafop-propargyl,3,4,hill_per_endpoint,unknown,0.9372633934020996,1.3947839260101318
Clodinafop-propargyl,3,4,analog_knn,unknown,0.778308916091919,1.2475342988967895
Cocaine,3,4,anchorboost,positive,0.8980965278462772,1.6755515260576896
Cocaine,3,4,loglinear_interp,positive,0.7602117538452149,1.6340949535369873
Cocaine,3,4,hill_per_endpoint,positive,0.7987727046012878,1.661037802696228
Cocaine,3,4,analog_knn,positive,1.295026683807373,1.8915117025375365
Colchicine,3,4,anchorboost,positive,0.47136058727121305,0.5031472115440538
Colchicine,3,4,loglinear_interp,positive,0.33628365737386046,0.4069881603121758
Colchicine,3,4,hill_per_endpoint,positive,0.23158715590834617,0.30716820508241655
Colchicine,3,4,analog_knn,positive,2.7294142961502077,2.7482286930084228
D-Mannitol,3,4,anchorboost,negative,0.9585076982109783,1.3197074022558155
D-Mannitol,3,4,loglinear_interp,negative,1.1529467344284057,1.4987924575805665
D-Mannitol,3,4,hill_per_endpoint,negative,1.105198872089386,1.4391674757003785
D-Mannitol,3,4,analog_knn,negative,1.0373230218887328,1.3643948554992675
DDT,3,4,anchorboost,positive,1.3709777283564724,2.059466877984211
DDT,3,4,loglinear_interp,positive,1.7767396926879884,2.3756433486938477
DDT,3,4,hill_per_endpoint,positive,1.8631098747253418,2.3881643772125245
DDT,3,4,analog_knn,positive,1.379306399822235,2.1159169912338256
Deltamethrin,3,4,anchorboost,positive,1.5392364704029184,2.2506204654865947
Deltamethrin,3,4,loglinear_interp,positive,1.517475712299347,2.273677611351013
Deltamethrin,3,4,hill_per_endpoint,positive,1.6381964683532715,2.263420295715332
Deltamethrin,3,4,analog_knn,positive,1.8771284341812133,2.479862189292908
Dexamethasone,3,4,anchorboost,positive,0.9514781316354354,1.4265237337709893
Dexamethasone,3,4,loglinear_interp,positive,1.0998146057128906,1.5083675384521484
Dexamethasone,3,4,hill_per_endpoint,positive,1.100567603111267,1.5376468420028686
Dexamethasone,3,4,analog_knn,positive,1.221612286567688,1.5987346649169922
"Dibenz[a,c]anthracene",3,4,anchorboost,unknown,0.9226388956818392,1.3979078917327328
"Dibenz[a,c]anthracene",3,4,loglinear_interp,unknown,0.9841377258300781,1.450125813484192
"Dibenz[a,c]anthracene",3,4,hill_per_endpoint,unknown,1.1284413576126098,1.5518000602722168
"Dibenz[a,c]anthracene",3,4,analog_knn,unknown,1.1321915864944458,1.5657976865768433
Dicrotophos,3,4,anchorboost,unknown,0.9055070514336375,1.3137379595565588
Dicrotophos,3,4,loglinear_interp,unknown,0.9934292912483216,1.3784541368484498
Dicrotophos,3,4,hill_per_endpoint,unknown,1.0176700592041015,1.4079030513763429
Dicrotophos,3,4,analog_knn,unknown,0.9695767879486084,1.377639389038086
Emamectin benzoate,3,4,anchorboost,unknown,1.560938928157638,2.0479834346702686
Emamectin benzoate,3,4,loglinear_interp,unknown,2.1216234445571898,2.5112765550613405
Emamectin benzoate,3,4,hill_per_endpoint,unknown,1.7750405311584472,2.244150733947754
Emamectin benzoate,3,4,analog_knn,unknown,2.038823699951172,2.603738784790039
Es-fenvalerate,3,4,anchorboost,unknown,1.0999640590028232,1.4342111742293595
Es-fenvalerate,3,4,loglinear_interp,unknown,1.3112116932868958,1.5992611646652222
Es-fenvalerate,3,4,hill_per_endpoint,unknown,1.243616247177124,1.5231193065643311
Es-fenvalerate,3,4,analog_knn,unknown,1.3195900440216064,1.6350321054458619
Esketamine hydrochloride,3,4,anchorboost,unknown,0.9733136760149776,1.3214063135250307
Esketamine hydrochloride,3,4,loglinear_interp,unknown,1.2705192923545838,1.535499882698059
Esketamine hydrochloride,3,4,hill_per_endpoint,unknown,1.2797475814819337,1.5548694372177123
Esketamine hydrochloride,3,4,analog_knn,unknown,1.1630667686462401,1.503403115272522
Etofenprox,3,4,anchorboost,unknown,0.9007239231851273,1.4620183108046472
Etofenprox,3,4,loglinear_interp,unknown,1.0202327013015746,1.5512394905090332
Etofenprox,3,4,hill_per_endpoint,unknown,1.1147783041000365,1.6006744146347045
Etofenprox,3,4,analog_knn,unknown,1.0038934111595155,1.5175535202026367
Fenpropathrin,3,4,anchorboost,unknown,1.2318909416928652,1.6078522872853647
Fenpropathrin,3,4,loglinear_interp,unknown,1.5863038301467896,1.904759407043457
Fenpropathrin,3,4,hill_per_endpoint,unknown,1.6130734443664552,1.9355870723724364
Fenpropathrin,3,4,analog_knn,unknown,1.440840482711792,1.8260881185531617
Firemaster 550,3,4,anchorboost,unknown,1.1022554485255311,1.6517334159675034
Firemaster 550,3,4,loglinear_interp,unknown,1.2406041026115417,1.7638179540634156
Firemaster 550,3,4,hill_per_endpoint,unknown,1.399854850769043,1.8876359939575196
Firemaster 550,3,4,analog_knn,unknown,1.2271601915359498,1.728418779373169
Folic acid,3,4,anchorboost,unknown,1.1396944500142643,1.6852268123574756
Folic acid,3,4,loglinear_interp,unknown,1.233360481262207,1.7671730279922486
Folic acid,3,4,hill_per_endpoint,unknown,1.420735502243042,1.9263211727142333
Folic acid,3,4,analog_knn,unknown,1.1655117988586425,1.729077410697937
Haloperidol,3,4,anchorboost,positive,1.1821151189070633,1.6376828130792798
Haloperidol,3,4,loglinear_interp,positive,1.4874756574630736,1.9417201042175294
Haloperidol,3,4,hill_per_endpoint,positive,1.5177854776382447,1.9235351800918579
Haloperidol,3,4,analog_knn,positive,1.6528584480285644,2.0105775594711304
Hexachlorophene,3,4,anchorboost,positive,1.4280291840724435,2.115887133326134
Hexachlorophene,3,4,loglinear_interp,positive,1.7051625967025756,2.3280889987945557
Hexachlorophene,3,4,hill_per_endpoint,positive,1.6894173860549926,2.2629172563552857
Hexachlorophene,3,4,analog_knn,positive,1.4697080612182618,2.2086851596832275
Lead(II) acetate trihydrate,3,4,anchorboost,positive,1.566758190975213,2.0287774424402785
Lead(II) acetate trihydrate,3,4,loglinear_interp,positive,1.9717243194580079,2.410977816581726
Lead(II) acetate trihydrate,3,4,hill_per_endpoint,positive,2.2442548751831053,2.589322805404663
Lead(II) acetate trihydrate,3,4,analog_knn,positive,1.8838366746902466,2.2574839115142824
Malathion,3,4,anchorboost,unknown,1.0476812143948384,1.4767731354180265
Malathion,3,4,loglinear_interp,unknown,1.2979297876358031,1.68960120677948
Malathion,3,4,hill_per_endpoint,unknown,1.2605057954788208,1.602129864692688
Malathion,3,4,analog_knn,unknown,1.4230601787567139,1.8439985990524292
Mancozeb,3,4,anchorboost,unknown,0.6382454043065783,1.4490048824355979
Mancozeb,3,4,loglinear_interp,unknown,0.7427187561988831,1.5193958044052125
Mancozeb,3,4,hill_per_endpoint,unknown,0.8506026029586792,1.570006513595581
Mancozeb,3,4,analog_knn,unknown,0.7830899715423584,1.48757483959198
Manganese(II) acetate,3,4,anchorboost,positive,0.7433910332027509,1.1927977391977387
Manganese(II) acetate,3,4,loglinear_interp,positive,0.8563906788825989,1.277769923210144
Manganese(II) acetate,3,4,hill_per_endpoint,positive,0.9383426427841186,1.3491070032119752
Manganese(II) acetate,3,4,analog_knn,positive,0.8045377969741822,1.2324278116226197
Naloxone hydrochloride dihydrate,3,4,anchorboost,positive,0.8999267566322569,1.320639451680573
Naloxone hydrochloride dihydrate,3,4,loglinear_interp,positive,1.0211329579353332,1.3950289726257323
Naloxone hydrochloride dihydrate,3,4,hill_per_endpoint,positive,1.0627990365028381,1.4627305746078492
Naloxone hydrochloride dihydrate,3,4,analog_knn,positive,0.9868913173675538,1.3914984941482544
Phenol,3,4,anchorboost,negative,0.9309020986408058,1.3870668124717875
Phenol,3,4,loglinear_interp,negative,1.051883339881897,1.4644973754882813
Phenol,3,4,hill_per_endpoint,negative,1.0625964641571044,1.4634837627410888
Phenol,3,4,analog_knn,negative,1.0293587684631347,1.4746698141098022
Phorate,3,4,anchorboost,unknown,1.1370139334611715,1.6145226801173778
Phorate,3,4,loglinear_interp,unknown,1.660748505592346,2.066291904449463
Phorate,3,4,hill_per_endpoint,unknown,1.9130349636077881,2.263976740837097
Phorate,3,4,analog_knn,unknown,1.4340234994888306,1.8507653713226317
Piperonyl butoxide,3,4,anchorboost,unknown,1.4529364237315718,1.9188019009731654
Piperonyl butoxide,3,4,loglinear_interp,unknown,1.5606544256210326,2.0504796743392943
Piperonyl butoxide,3,4,hill_per_endpoint,unknown,1.757417869567871,2.2032050132751464
Piperonyl butoxide,3,4,analog_knn,unknown,1.7367864847183228,2.1290246486663817
Profenofos,3,4,anchorboost,unknown,1.2358240858102807,1.8717747272335026
Profenofos,3,4,loglinear_interp,unknown,1.3364064931869506,1.923229193687439
Profenofos,3,4,hill_per_endpoint,unknown,1.4523908376693726,2.0463417291641237
Profenofos,3,4,analog_knn,unknown,1.3101433992385865,1.9325388669967651
Pyrene,3,4,anchorboost,unknown,0.6487867257864289,1.3620598521836331
Pyrene,3,4,loglinear_interp,unknown,0.7019577383995056,1.4104148387908935
Pyrene,3,4,hill_per_endpoint,unknown,0.7280116438865661,1.4243168115615845
Pyrene,3,4,analog_knn,unknown,0.7694058775901794,1.4436377048492433
S-Bioallethrin,3,4,anchorboost,unknown,1.134366942485324,1.548288717280906
S-Bioallethrin,3,4,loglinear_interp,unknown,1.345049214363098,1.7129351139068603
S-Bioallethrin,3,4,hill_per_endpoint,unknown,1.3492703080177306,1.7073986768722533
S-Bioallethrin,3,4,analog_knn,unknown,1.1584534645080566,1.5823947668075562
Simvastatin,3,4,anchorboost,unknown,1.64096161811011,2.8506853488640505
Simvastatin,3,4,loglinear_interp,unknown,1.8408602952957154,2.9742428779602053
Simvastatin,3,4,hill_per_endpoint,unknown,2.2504175901412964,3.278146743774414
Simvastatin,3,4,analog_knn,unknown,1.7160631895065308,2.914251613616943
Sodium fluoride,3,4,anchorboost,positive,0.8614691240726623,1.385245210251897
Sodium fluoride,3,4,loglinear_interp,positive,0.9101802587509156,1.4261670112609863
Sodium fluoride,3,4,hill_per_endpoint,positive,1.049266231060028,1.5286808967590333
Sodium fluoride,3,4,analog_knn,positive,0.9222904205322265,1.4283732652664185
Spiroxamine,3,4,anchorboost,unknown,1.692275291218715,2.2318977699210167
Spiroxamine,3,4,loglinear_interp,unknown,1.9481595516204835,2.4989834070205688
Spiroxamine,3,4,hill_per_endpoint,unknown,1.9473629236221313,2.3974605321884157
Spiroxamine,3,4,analog_knn,unknown,1.828283143043518,2.358314299583435
Tamoxifen,3,4,anchorboost,unknown,1.255328710870217,1.5018246815578549
Tamoxifen,3,4,loglinear_interp,unknown,1.2633544206619263,1.5171975135803222
Tamoxifen,3,4,hill_per_endpoint,unknown,1.2581997156143188,1.4533537864685058
Tamoxifen,3,4,analog_knn,unknown,2.062393879890442,2.265281391143799
Tefluthrin,3,4,anchorboost,unknown,1.0236891934567929,1.4236426782521154
Tefluthrin,3,4,loglinear_interp,unknown,1.3284006118774414,1.719839835166931
Tefluthrin,3,4,hill_per_endpoint,unknown,1.2893471479415894,1.5988601922988892
Tefluthrin,3,4,analog_knn,unknown,1.1760514497756958,1.5529996156692505
Tetracycline,3,4,anchorboost,negative,0.8130038799958633,1.3196019847212344
Tetracycline,3,4,loglinear_interp,negative,0.9007571458816528,1.3832055807113648
Tetracycline,3,4,hill_per_endpoint,negative,1.1040116190910338,1.5767975807189942
Tetracycline,3,4,analog_knn,negative,1.0781737565994263,1.5261534452438354
Thiamethoxam,3,4,anchorboost,unknown,0.8277725245909556,1.2958735648703965
Thiamethoxam,3,4,loglinear_interp,unknown,0.8999304294586181,1.351447629928589
Thiamethoxam,3,4,hill_per_endpoint,unknown,1.201017713546753,1.6522906303405762
Thiamethoxam,3,4,analog_knn,unknown,1.0218822479248046,1.4375652074813843
Tributyltin chloride,3,4,anchorboost,positive,0.8371895180817731,1.7213287651846017
Tributyltin chloride,3,4,loglinear_interp,positive,1.1439576148986816,1.9516931772232056
Tributyltin chloride,3,4,hill_per_endpoint,positive,1.1091452479362487,1.8931607246398925
Tributyltin chloride,3,4,analog_knn,positive,1.3327231884002686,2.064695954322815
Triphenyl phosphates isopropylated,3,4,anchorboost,unknown,1.4651983724002453,2.073986817106566
Triphenyl phosphates isopropylated,3,4,loglinear_interp,unknown,1.739423680305481,2.2783904552459715
Triphenyl phosphates isopropylated,3,4,hill_per_endpoint,unknown,1.8513532876968384,2.337803602218628
Triphenyl phosphates isopropylated,3,4,analog_knn,unknown,1.354936695098877,1.9845195531845092
(-)-Nicotine,4,4,anchorboost,positive,1.1519502873949483,1.53460826098957
(-)-Nicotine,4,4,loglinear_interp,positive,1.1074949026107788,1.5087714195251465
(-)-Nicotine,4,4,hill_per_endpoint,positive,1.189899468421936,1.582184648513794
(-)-Nicotine,4,4,analog_knn,positive,1.5020045280456542,1.793384051322937
17beta-Estradiol,4,4,anchorboost,unknown,0.7050760731562848,1.44504502391326
17beta-Estradiol,4,4,loglinear_interp,unknown,0.7663848280906678,1.4835901260375977
17beta-Estradiol,4,4,hill_per_endpoint,unknown,0.9070213198661804,1.5662642240524292
17beta-Estradiol,4,4,analog_knn,unknown,0.7224080801010132,1.4594355821609497
"2,2-Bis(4-hydroxyphenyl)-1,1,1-trichloroethane",4,4,anchorboost,unknown,1.1694605770678241,1.692615188872732
"2,2-Bis(4-hydroxyphenyl)-1,1,1-trichloroethane",4,4,loglinear_interp,unknown,1.3699235200881958,1.843743658065796
"2,2-Bis(4-hydroxyphenyl)-1,1,1-trichloroethane",4,4,hill_per_endpoint,unknown,1.3660000801086425,1.8597538232803346
"2,2-Bis(4-hydroxyphenyl)-1,1,1-trichloroethane",4,4,analog_knn,unknown,1.2094561338424683,1.7237943410873413
"4,4'-Sulfonyldiphenol",4,4,anchorboost,unknown,1.0055288239233626,1.5175620263280565
"4,4'-Sulfonyldiphenol",4,4,loglinear_interp,unknown,1.1154809951782227,1.6114587783813477
"4,4'-Sulfonyldiphenol",4,4,hill_per_endpoint,unknown,1.238487148284912,1.690285611152649
"4,4'-Sulfonyldiphenol",4,4,analog_knn,unknown,1.107985758781433,1.581697416305542
6-aminopyridine-3-carboxamide,4,4,anchorboost,positive,1.4802515928761206,1.8101488272725337
6-aminopyridine-3-carboxamide,4,4,loglinear_interp,positive,1.4947741389274598,1.7958665370941163
6-aminopyridine-3-carboxamide,4,4,hill_per_endpoint,positive,1.4917173743247987,1.7807948350906373
6-aminopyridine-3-carboxamide,4,4,analog_knn,positive,1.8578227281570434,2.17859206199646
Acetamiprid,4,4,anchorboost,unknown,1.347880106762154,2.2439438995356253
Acetamiprid,4,4,loglinear_interp,unknown,1.560015821456909,2.454792833328247
Acetamiprid,4,4,hill_per_endpoint,unknown,1.6950589895248414,2.511766529083252
Acetamiprid,4,4,analog_knn,unknown,1.4007777929306031,2.237209987640381
Atrazine,4,4,anchorboost,unknown,0.7343854324840517,1.3668451100191006
Atrazine,4,4,loglinear_interp,unknown,0.8387426018714905,1.4398616790771483
Atrazine,4,4,hill_per_endpoint,unknown,0.8972397327423096,1.477674913406372
Atrazine,4,4,analog_knn,unknown,0.7620771765708924,1.3833155870437621
Bensulide,4,4,anchorboost,unknown,1.4901603506350198,2.2441640200975526
Bensulide,4,4,loglinear_interp,unknown,1.760776162147522,2.4984678268432616
Bensulide,4,4,hill_per_endpoint,unknown,1.738250184059143,2.4507513523101805
Bensulide,4,4,analog_knn,unknown,1.7083084106445312,2.448299217224121
CP-409092,4,4,anchorboost,unknown,0.9885403178775322,1.515730984094581
CP-409092,4,4,loglinear_interp,unknown,1.1385146379470825,1.5938482761383057
CP-409092,4,4,hill_per_endpoint,unknown,1.1895419120788575,1.6386033773422242
CP-409092,4,4,analog_knn,unknown,1.3520572423934936,1.7801487445831299
Captopril,4,4,anchorboost,negative,1.0918878837806145,1.5139697709984345
Captopril,4,4,loglinear_interp,negative,1.40154070854187,1.7479979753494264
Captopril,4,4,hill_per_endpoint,negative,1.383285129070282,1.7728002548217774
Captopril,4,4,analog_knn,negative,1.1481916308403015,1.5782502174377442
Chlorethoxyfos,4,4,anchorboost,unknown,1.079023316549439,1.51661447824602
Chlorethoxyfos,4,4,loglinear_interp,unknown,1.4771535634994506,1.876592183113098
Chlorethoxyfos,4,4,hill_per_endpoint,unknown,1.380407190322876,1.8123639583587647
Chlorethoxyfos,4,4,analog_knn,unknown,1.3837674975395202,1.822284984588623
Chlorpyrifos oxon,4,4,anchorboost,positive,1.5133834265473978,2.3790723826068776
Chlorpyrifos oxon,4,4,loglinear_interp,positive,1.3591098070144654,2.3172077178955077
Chlorpyrifos oxon,4,4,hill_per_endpoint,positive,1.3677402496337892,2.298864221572876
Chlorpyrifos oxon,4,4,analog_knn,positive,1.361817479133606,2.2459684371948243
Chrysene,4,4,anchorboost,unknown,0.6974830558096804,1.1145262277098589
Chrysene,4,4,loglinear_interp,unknown,0.7393079996109009,1.1764729261398315
Chrysene,4,4,hill_per_endpoint,unknown,0.795498251914978,1.2007320404052735
Chrysene,4,4,analog_knn,unknown,0.7455272793769836,1.1505732774734496
Clove leaf oil,4,4,anchorboost,unknown,1.1475141093901409,1.565020336972314
Clove leaf oil,4,4,loglinear_interp,unknown,1.1960753917694091,1.5851513862609863
Clove leaf oil,4,4,hill_per_endpoint,unknown,1.131042468547821,1.5463568687438964
Clove leaf oil,4,4,analog_knn,unknown,1.4055100440979005,1.7779904127120971
Cotinine,4,4,anchorboost,negative,0.7000132769530298,1.726161852460357
Cotinine,4,4,loglinear_interp,negative,0.7733713984489441,1.7647282600402832
Cotinine,4,4,hill_per_endpoint,negative,0.8358366847038269,1.8306559085845948
Cotinine,4,4,analog_knn,negative,0.8678917407989502,1.810498881340027
Coumaphos,4,4,anchorboost,unknown,1.173455016163388,1.6779390227441944
Coumaphos,4,4,loglinear_interp,unknown,1.6596974015235901,2.198240637779236
Coumaphos,4,4,hill_per_endpoint,unknown,1.7818711280822754,2.257043695449829
Coumaphos,4,4,analog_knn,unknown,1.7629816055297851,2.2652100801467894
Cypermethrin,4,4,anchorboost,positive,1.1066226404142192,1.4958470307904226
Cypermethrin,4,4,loglinear_interp,positive,1.4715271949768067,1.8081119537353516
Cypermethrin,4,4,hill_per_endpoint,positive,1.5668664216995238,1.8665437698364258
Cypermethrin,4,4,analog_knn,positive,1.3240400910377503,1.7167300462722779
D-Glucitol,4,4,anchorboost,negative,0.9638228929874806,1.9455176489175727
D-Glucitol,4,4,loglinear_interp,negative,0.838062834739685,1.9024662733078004
D-Glucitol,4,4,hill_per_endpoint,negative,0.9088229894638061,1.9329389095306397
D-Glucitol,4,4,analog_knn,negative,1.158375072479248,2.057924771308899
Dextroamphetamine sulfate,4,4,anchorboost,positive,0.8115014806046986,1.237148444468318
Dextroamphetamine sulfate,4,4,loglinear_interp,positive,0.8523934364318848,1.2776389598846436
Dextroamphetamine sulfate,4,4,hill_per_endpoint,positive,0.9488593459129333,1.356581687927246
Dextroamphetamine sulfate,4,4,analog_knn,positive,1.0183964014053344,1.387134885787964
Di(2-ethylhexyl) phthalate,4,4,anchorboost,positive,1.3533539452612917,2.1469086662905807
Di(2-ethylhexyl) phthalate,4,4,loglinear_interp,positive,1.5111602306365968,2.2351519584655763
Di(2-ethylhexyl) phthalate,4,4,hill_per_endpoint,positive,1.75750789642334,2.3094205379486086
Di(2-ethylhexyl) phthalate,4,4,analog_knn,positive,1.5317840814590453,2.2337862491607665
Diazinon,4,4,anchorboost,positive,1.235303996794745,1.6149232489748369
Diazinon,4,4,loglinear_interp,positive,1.6089250326156617,1.9584695100784302
Diazinon,4,4,hill_per_endpoint,positive,1.6475440740585328,1.9532009840011597
Diazinon,4,4,analog_knn,positive,1.691106104850769,1.9853301763534545
Dieldrin,4,4,anchorboost,positive,2.404095511602742,2.635024821278319
Dieldrin,4,4,loglinear_interp,positive,2.6817304134368896,2.926962208747864
Dieldrin,4,4,hill_per_endpoint,positive,2.956746768951416,3.1482417821884154
Dieldrin,4,4,analog_knn,positive,2.7613766193389893,2.936247539520264
Diphenhydramine hydrochloride,4,4,anchorboost,unknown,0.9988239127062348,1.4886014657590385
Diphenhydramine hydrochloride,4,4,loglinear_interp,unknown,1.1956366419792175,1.6155336618423461
Diphenhydramine hydrochloride,4,4,hill_per_endpoint,unknown,1.0467991352081298,1.5063104391098023
Diphenhydramine hydrochloride,4,4,analog_knn,unknown,1.1053105473518372,1.5774382829666138
Fosthiazate,4,4,anchorboost,unknown,0.8939202057415349,1.323966480136225
Fosthiazate,4,4,loglinear_interp,unknown,1.00189208984375,1.4088767290115356
Fosthiazate,4,4,hill_per_endpoint,unknown,1.0372602701187135,1.461066722869873
Fosthiazate,4,4,analog_knn,unknown,1.1083154678344727,1.4518936634063722
Heptachlor epoxide B,4,4,anchorboost,positive,1.8270274758397747,2.6432540269975795
Heptachlor epoxide B,4,4,loglinear_interp,positive,2.0269492149353026,2.798779511451721
Heptachlor epoxide B,4,4,hill_per_endpoint,positive,2.0144261598587034,2.7643914461135863
Heptachlor epoxide B,4,4,analog_knn,positive,1.9511549711227416,2.6913184404373167
Imidacloprid,4,4,anchorboost,unknown,1.0891279295340652,1.820864646366085
Imidacloprid,4,4,loglinear_interp,unknown,1.052809751033783,1.744333600997925
Imidacloprid,4,4,hill_per_endpoint,unknown,1.1688554525375365,1.8525700330734254
Imidacloprid,4,4,analog_knn,unknown,1.377431583404541,2.042275071144104
Isodecyl diphenyl phosphate,4,4,anchorboost,unknown,0.8065192327972992,1.4398375380457007
Isodecyl diphenyl phosphate,4,4,loglinear_interp,unknown,0.7910220623016357,1.418446135520935
Isodecyl diphenyl phosphate,4,4,hill_per_endpoint,unknown,0.8734880805015564,1.466962504386902
Isodecyl diphenyl phosphate,4,4,analog_knn,unknown,0.9685150027275086,1.5398385286331178
Kepone,4,4,anchorboost,positive,1.071214932089244,1.3783038910471135
Kepone,4,4,loglinear_interp,positive,1.2008458852767945,1.5261235237121582
Kepone,4,4,hill_per_endpoint,positive,1.4433106660842896,1.7119376897811889
Kepone,4,4,analog_knn,positive,1.5447258472442627,1.7888885498046876
Methimazole,4,4,anchorboost,positive,1.1543902519359392,1.8779362676169717
Methimazole,4,4,loglinear_interp,positive,1.4369072675704957,2.0581789016723633
Methimazole,4,4,hill_per_endpoint,positive,1.6039583086967468,2.1982510805130007
Methimazole,4,4,analog_knn,positive,1.2903712034225463,2.0378852605819704
Molinate,4,4,anchorboost,unknown,0.8740333105431379,1.6553338701395046
Molinate,4,4,loglinear_interp,unknown,0.9738561391830445,1.708238673210144
Molinate,4,4,hill_per_endpoint,unknown,1.0724888443946838,1.7397178411483765
Molinate,4,4,analog_knn,unknown,1.0203511357307433,1.7553390264511108
Octylbicycloheptenedicarboximide,4,4,anchorboost,unknown,1.04483422702613,1.4217028046021112
Octylbicycloheptenedicarboximide,4,4,loglinear_interp,unknown,1.1798936128616333,1.5152740478515625
Octylbicycloheptenedicarboximide,4,4,hill_per_endpoint,unknown,1.2159488439559936,1.5402698040008544
Octylbicycloheptenedicarboximide,4,4,analog_knn,unknown,1.2275143384933471,1.5764582872390747
Paraquat dichloride,4,4,anchorboost,positive,1.9998178668791227,2.208008158174922
Paraquat dichloride,4,4,loglinear_interp,positive,2.4383488059043885,2.663242018222809
Paraquat dichloride,4,4,hill_per_endpoint,positive,2.2928324818611143,2.49093644618988
Paraquat dichloride,4,4,analog_knn,positive,2.6955857992172243,2.891715955734253
Perfluoroundecanoic acid,4,4,anchorboost,unknown,0.806938030127293,1.1863435595369813
Perfluoroundecanoic acid,4,4,loglinear_interp,unknown,0.9035289406776428,1.2520411968231202
Perfluoroundecanoic acid,4,4,hill_per_endpoint,unknown,0.95462646484375,1.3148433685302734
Perfluoroundecanoic acid,4,4,analog_knn,unknown,0.8862679958343506,1.2528641939163208
Phenobarbital,4,4,anchorboost,positive,0.8712518022486837,1.639167002709297
Phenobarbital,4,4,loglinear_interp,positive,0.9142563223838807,1.6840240001678466
Phenobarbital,4,4,hill_per_endpoint,positive,1.0314215779304505,1.7890334129333496
Phenobarbital,4,4,analog_knn,positive,1.0476337552070618,1.733956789970398
Phenylmercuric acetate,4,4,anchorboost,unknown,0.8876438633021857,1.781256613335426
Phenylmercuric acetate,4,4,loglinear_interp,unknown,1.10926296710968,1.9051091432571412
Phenylmercuric acetate,4,4,hill_per_endpoint,unknown,1.0178687691688537,1.8048588752746582
Phenylmercuric acetate,4,4,analog_knn,unknown,1.2796786069869994,2.1251610279083253
Phosmet,4,4,anchorboost,unknown,0.9683896003674832,1.3563246012058152
Phosmet,4,4,loglinear_interp,unknown,1.2339996337890624,1.5740403413772583
Phosmet,4,4,hill_per_endpoint,unknown,1.2064612627029419,1.537242841720581
Phosmet,4,4,analog_knn,unknown,1.182688593864441,1.5649211883544922
Picoxystrobin,4,4,anchorboost,unknown,0.8266861685259963,1.6124586022882397
Picoxystrobin,4,4,loglinear_interp,unknown,1.1168865084648132,1.8390055179595948
Picoxystrobin,4,4,hill_per_endpoint,unknown,1.1363160252571105,1.7699668407440186
Picoxystrobin,4,4,analog_knn,unknown,1.0271957993507386,1.6827866077423095
Resmethrin,4,4,anchorboost,unknown,0.9961994234236758,1.4006618418387748
Resmethrin,4,4,loglinear_interp,unknown,1.1629032135009765,1.5072915315628053
Resmethrin,4,4,hill_per_endpoint,unknown,1.1221633911132813,1.4828695774078369
Resmethrin,4,4,analog_knn,unknown,1.08036812543869,1.4664021015167237
Retinoic acid,4,4,anchorboost,positive,1.5573022823093143,2.0088018838238044
Retinoic acid,4,4,loglinear_interp,positive,1.8511039733886718,2.221410870552063
Retinoic acid,4,4,hill_per_endpoint,positive,1.8961178302764892,2.252005124092102
Retinoic acid,4,4,analog_knn,positive,1.7988518476486206,2.241739058494568
Rotenone,4,4,anchorboost,unknown,1.0506448239684065,1.7734199207568337
Rotenone,4,4,loglinear_interp,unknown,1.3334989070892334,2.0372934579849242
Rotenone,4,4,hill_per_endpoint,unknown,1.365006959438324,1.9602871417999268
Rotenone,4,4,analog_knn,unknown,1.425630474090576,2.138761615753174
Sodium orthovanadate,4,4,anchorboost,positive,1.2143882232411973,2.2704758219234176
Sodium orthovanadate,4,4,loglinear_interp,positive,1.397443985939026,2.3771092891693115
Sodium orthovanadate,4,4,hill_per_endpoint,positive,1.546359610557556,2.466586685180664
Sodium orthovanadate,4,4,analog_knn,positive,1.3792251229286194,2.2837575912475585
Tebupirimfos,4,4,anchorboost,unknown,1.6915757599850365,2.082964585241122
Tebupirimfos,4,4,loglinear_interp,unknown,1.861824107170105,2.2689104080200195
Tebupirimfos,4,4,hill_per_endpoint,unknown,2.224571192264557,2.5750351428985594
Tebupirimfos,4,4,analog_knn,unknown,1.9826632499694825,2.3256377458572386
Triphenyl phosphate,4,4,anchorboost,unknown,0.7749159395957566,2.1128853756467985
Triphenyl phosphate,4,4,loglinear_interp,unknown,0.7920498371124267,2.233157253265381
Triphenyl phosphate,4,4,hill_per_endpoint,unknown,0.9238999366760254,2.229606103897095
Triphenyl phosphate,4,4,analog_knn,unknown,0.9670142292976379,2.09081711769104
Triphenyl phosphite,4,4,anchorboost,unknown,0.8151458099646558,1.2781942182381838
Triphenyl phosphite,4,4,loglinear_interp,unknown,0.8910419821739197,1.3503002643585205
Triphenyl phosphite,4,4,hill_per_endpoint,unknown,1.0438259601593018,1.4880074262619019
Triphenyl phosphite,4,4,analog_knn,unknown,0.8890812873840332,1.3208284378051758
Tris(2-chloroisopropyl)phosphate,4,4,anchorboost,unknown,0.7164681038426677,1.2155549279659843
Tris(2-chloroisopropyl)phosphate,4,4,loglinear_interp,unknown,0.7547567367553711,1.2473098039627075
Tris(2-chloroisopropyl)phosphate,4,4,hill_per_endpoint,unknown,0.9650047063827515,1.404979419708252
Tris(2-chloroisopropyl)phosphate,4,4,analog_knn,unknown,0.9906487822532654,1.393293309211731
Valinomycin,4,4,anchorboost,unknown,1.7732093300423428,1.9585860444390293
Valinomycin,4,4,loglinear_interp,unknown,1.1779084086418152,1.3861727833747863
Valinomycin,4,4,hill_per_endpoint,unknown,1.1016947746276855,1.2544296979904175
Valinomycin,4,4,analog_knn,unknown,3.798798656463623,4.152764511108399
tert-Butylphenyl diphenyl phosphate,4,4,anchorboost,unknown,1.5003704760401297,2.280529114116656
tert-Butylphenyl diphenyl phosphate,4,4,loglinear_interp,unknown,1.8053069114685059,2.5504159450531008
tert-Butylphenyl diphenyl phosphate,4,4,hill_per_endpoint,unknown,1.9196895837783814,2.645869731903076
tert-Butylphenyl diphenyl phosphate,4,4,analog_knn,unknown,1.6338410139083863,2.3090090274810793
