bundle_well_row,chemical,fold,log10_uM,plate_date,valid_day_feature_mask_hex,retained_observations
0,(-)-Nicotine,4,-1.5228787660598755,MW1008-41|20141029,0xfffffffffffffffff,68
1,(-)-Nicotine,4,-1.0,MW1008-41|20141029,0xfffffffffffffffff,68
2,(-)-Nicotine,4,-0.5228787660598755,MW1008-41|20141029,0xfffffffffffffffff,68
3,(-)-Nicotine,4,0.0,MW1008-41|20141029,0xfffffffffffffffff,68
4,(-)-Nicotine,4,0.4771212637424469,MW1008-41|20141029,0xfffffffffffffffff,68
5,(-)-Nicotine,4,1.0,MW1008-41|20141029,0xfffffffffffffffff,68
6,(-)-Nicotine,4,1.4771212339401245,MW1008-41|20141029,0xfffffffffffffffff,68
7,(-)-Nicotine,4,-1.5228787660598755,MW1008-42|20141029,0xfffffffffffffffff,68
8,(-)-Nicotine,4,-1.0,MW1008-42|20141029,0xfffffffffffffffff,68
9,(-)-Nicotine,4,-0.5228787660598755,MW1008-42|20141029,0xfffffffffffffffff,68
10,(-)-Nicotine,4,0.0,MW1008-42|20141029,0xfffffffffffffffff,68
11,(-)-Nicotine,4,0.4771212637424469,MW1008-42|20141029,0xfffffffffffffffff,68
12,(-)-Nicotine,4,1.0,MW1008-42|20141029,0xfffffffffffffffff,68
13,(-)-Nicotine,4,1.4771212339401245,MW1008-42|20141029,0xfffffffffffffffff,68
14,(-)-Nicotine,4,-1.5228787660598755,MW1008-42|20141029,0xfffffffffffffffff,68
15,(-)-Nicotine,4,-1.0,MW1008-42|20141029,0xfffffffffffffffff,68
16,(-)-Nicotine,4,-0.5228787660598755,MW1008-42|20141029,0xfffffffffffffffff,68
17,(-)-Nicotine,4,0.0,MW1008-42|20141029,0xfffffffffffffffff,68
18,(-)-Nicotine,4,0.4771212637424469,MW1008-42|20141029,0xfffffffffffffffff,68
19,(-)-Nicotine,4,1.0,MW1008-42|20141029,0xfffffffffffffffff,68
20,(-)-Nicotine,4,1.4771212339401245,MW1008-42|20141029,0xfffffffffffffffff,68
21,(Methylcyclopentadienyl)tricarbonylmanganese,1,1.3010300397872925,MW1140-20|20160907,0xfffffffff139789cb,52
22,(Methylcyclopentadienyl)tricarbonylmanganese,1,-1.5228787660598755,MW1140-20|20160907,0xfffffffffffff89cb,60
23,(Methylcyclopentadienyl)tricarbonylmanganese,1,-1.0,MW1140-20|20160907,0xfffffffffffff89cb,60
24,(Methylcyclopentadienyl)tricarbonylmanganese,1,-0.5228787660598755,MW1140-20|20160907,0xfffffffffff9789cb,57
25,(Methylcyclopentadienyl)tricarbonylmanganese,1,0.0,MW1140-20|20160907,0xfffffffffffff89cb,60
26,(Methylcyclopentadienyl)tricarbonylmanganese,1,0.4771212637424469,MW1140-20|20160907,0xfffffffff139789cb,52
27,(Methylcyclopentadienyl)tricarbonylmanganese,1,1.0,MW1140-20|20160907,0xfffffffff9f9789cb,55
28,(Methylcyclopentadienyl)tricarbonylmanganese,1,1.0,MW1140-21|20160907,0xfffffffff139789cb,52
29,(Methylcyclopentadienyl)tricarbonylmanganese,1,1.3010300397872925,MW1140-21|20160907,0xfffffffff139789cb,52
30,(Methylcyclopentadienyl)tricarbonylmanganese,1,-1.5228787660598755,MW1140-21|20160907,0xfffffffff9fff89cb,58
31,(Methylcyclopentadienyl)tricarbonylmanganese,1,-1.0,MW1140-21|20160907,0xfffffffffff9789cb,57
32,(Methylcyclopentadienyl)tricarbonylmanganese,1,-0.5228787660598755,MW1140-21|20160907,0xfffffffffffff89cb,60
33,(Methylcyclopentadienyl)tricarbonylmanganese,1,0.0,MW1140-21|20160907,0xfffffffff139789cb,52
34,(Methylcyclopentadienyl)tricarbonylmanganese,1,0.4771212637424469,MW1140-21|20160907,0xfffffffff139789cb,52
35,(Methylcyclopentadienyl)tricarbonylmanganese,1,0.4771212637424469,MW1140-22|20160907,0xfffffffff139789cb,52
36,(Methylcyclopentadienyl)tricarbonylmanganese,1,1.0,MW1140-22|20160907,0xfffffffff139789cb,52
37,(Methylcyclopentadienyl)tricarbonylmanganese,1,1.3010300397872925,MW1140-22|20160907,0xffffe272f139789cb,44
38,(Methylcyclopentadienyl)tricarbonylmanganese,1,-1.5228787660598755,MW1140-22|20160907,0xfffffffff139789cb,52
39,(Methylcyclopentadienyl)tricarbonylmanganese,1,-1.0,MW1140-22|20160907,0xfffffffff139789cb,52
40,(Methylcyclopentadienyl)tricarbonylmanganese,1,-0.5228787660598755,MW1140-22|20160907,0xfffffffff139789cb,52
41,(Methylcyclopentadienyl)tricarbonylmanganese,1,0.0,MW1140-22|20160907,0xfffffff2f139789cb,49
42,"1,2-Propylene glycol",1,-1.5228787660598755,MW1008-37|20150128,0xfffffffffffffffff,68
43,"1,2-Propylene glycol",1,-1.0,MW1008-37|20150128,0xfffffffffffffffff,68
44,"1,2-Propylene glycol",1,-0.5228787660598755,MW1008-37|20150128,0xfffffffffffffffff,68
45,"1,2-Propylene glycol",1,0.0,MW1008-37|20150128,0xfffffffffffffffff,68
46,"1,2-Propylene glycol",1,0.4771212637424469,MW1008-37|20150128,0xfffffffffffffffff,68
47,"1,2-Propylene glycol",1,1.0,MW1008-37|20150128,0xfffffffffffffffff,68
48,"1,2-Propylene glycol",1,1.4771212339401245,MW1008-37|20150128,0xfffffffffffffffff,68
49,"1,2-Propylene glycol",1,-1.5228787660598755,MW1008-41|20150128,0xfffffffff9fff89cb,58
50,"1,2-Propylene glycol",1,-1.0,MW1008-41|20150128,0xfffffffff139789cb,52
51,"1,2-Propylene glycol",1,-0.5228787660598755,MW1008-41|20150128,0xe7ffe272f139789cb,42
52,"1,2-Propylene glycol",1,0.0,MW1008-41|20150128,0xfffffffff139789cb,52
53,"1,2-Propylene glycol",1,0.4771212637424469,MW1008-41|20150128,0xfffffffff139789cb,52
54,"1,2-Propylene glycol",1,1.0,MW1008-41|20150128,0xfffffffffffff89cb,60
55,"1,2-Propylene glycol",1,1.4771212339401245,MW1008-41|20150128,0xfffffffffffff89cb,60
56,"1,2-Propylene glycol",1,-1.5228787660598755,MW1008-42|20150128,0xfffffffffffffffff,68
57,"1,2-Propylene glycol",1,-1.0,MW1008-42|20150128,0xfffffffffffffffff,68
58,"1,2-Propylene glycol",1,-0.5228787660598755,MW1008-42|20150128,0xfffffffffffff89ff,63
59,"1,2-Propylene glycol",1,0.0,MW1008-42|20150128,0xfffffffffffffffff,68
60,"1,2-Propylene glycol",1,0.4771212637424469,MW1008-42|20150128,0xfffffffffffff89cb,60
61,"1,2-Propylene glycol",1,1.0,MW1008-42|20150128,0xfffffffffffff89ff,63
62,"1,2-Propylene glycol",1,1.4771212339401245,MW1008-42|20150128,0xfffffffffffff89ff,63
84,1-Methyl-4-phenylpyridinium iodide,3,-2.0,MW1147-10|20170913,0xfffffffffffff89ff,63
85,1-Methyl-4-phenylpyridinium iodide,3,-1.5228787660598755,MW1147-10|20170913,0xfffffffffffff89cb,60
86,1-Methyl-4-phenylpyridinium iodide,3,-1.0,MW1147-10|20170913,0xfffffffffffff89ff,63
87,1-Methyl-4-phenylpyridinium iodide,3,-0.5228787660598755,MW1147-10|20170913,0xfffffffffffff89ff,63
88,1-Methyl-4-phenylpyridinium iodide,3,0.0,MW1147-10|20170913,0xfffffffffffff89ff,63
89,1-Methyl-4-phenylpyridinium iodide,3,0.4771212637424469,MW1147-10|20170913,0xfffffffffffff89cb,60
90,1-Methyl-4-phenylpyridinium iodide,3,1.0,MW1147-10|20170913,0xfffffffff139789cb,52
91,1-Methyl-4-phenylpyridinium iodide,3,-2.0,MW1147-11|20170913,0xfffffffffffff89ff,63
92,1-Methyl-4-phenylpyridinium iodide,3,-1.5228787660598755,MW1147-11|20170913,0xfffffffffffff89ff,63
93,1-Methyl-4-phenylpyridinium iodide,3,-1.0,MW1147-11|20170913,0xfffffffffffff89ff,63
94,1-Methyl-4-phenylpyridinium iodide,3,-0.5228787660598755,MW1147-11|20170913,0xfffffffffffff89ff,63
95,1-Methyl-4-phenylpyridinium iodide,3,0.0,MW1147-11|20170913,0xfffffffffffff89ff,63
96,1-Methyl-4-phenylpyridinium iodide,3,0.4771212637424469,MW1147-11|20170913,0xfffffffffffff89cb,60
97,1-Methyl-4-phenylpyridinium iodide,3,1.0,MW1147-11|20170913,0xfffffffff13ff89cb,55
98,1-Methyl-4-phenylpyridinium iodide,3,-2.0,MW1147-12|20170913,0xfffffffffffff89cb,60
99,1-Methyl-4-phenylpyridinium iodide,3,-1.5228787660598755,MW1147-12|20170913,0xfffffffffffff89ff,63
100,1-Methyl-4-phenylpyridinium iodide,3,-1.0,MW1147-12|20170913,0xfffffffffffff89ff,63
101,1-Methyl-4-phenylpyridinium iodide,3,-0.5228787660598755,MW1147-12|20170913,0xfffffffffffff89ff,63
102,1-Methyl-4-phenylpyridinium iodide,3,0.0,MW1147-12|20170913,0xfffffffffffff89ff,63
103,1-Methyl-4-phenylpyridinium iodide,3,0.4771212637424469,MW1147-12|20170913,0xfffffffffffff89ff,63
104,1-Methyl-4-phenylpyridinium iodide,3,1.0,MW1147-12|20170913,0xfffffffff13ff89cb,55
105,17beta-Estradiol,4,1.3010300397872925,MW1140-17|20160907,0xfffffffff139789cb,52
106,17beta-Estradiol,4,-1.5228787660598755,MW1140-17|20160907,0xfffffffff13ff89cb,55
107,17beta-Estradiol,4,-1.0,MW1140-17|20160907,0xfffffffff13ff89cb,55
108,17beta-Estradiol,4,-0.5228787660598755,MW1140-17|20160907,0xfffffffff13ff89cb,55
109,17beta-Estradiol,4,0.0,MW1140-17|20160907,0xfffffffff139789cb,52
110,17beta-Estradiol,4,0.4771212637424469,MW1140-17|20160907,0xfffffffff139789cb,52
111,17beta-Estradiol,4,1.0,MW1140-17|20160907,0xfffffffff139789cb,52
112,17beta-Estradiol,4,1.0,MW1140-18|20160907,0xfffffffff13ff89cb,55
113,17beta-Estradiol,4,1.3010300397872925,MW1140-18|20160907,0xfffffffff139789cb,52
114,17beta-Estradiol,4,-1.5228787660598755,MW1140-18|20160907,0xfffffffffffff89cb,60
115,17beta-Estradiol,4,-1.0,MW1140-18|20160907,0xfffffffff9fff89cb,58
116,17beta-Estradiol,4,-0.5228787660598755,MW1140-18|20160907,0xfffffffff139789cb,52
117,17beta-Estradiol,4,0.0,MW1140-18|20160907,0xfffffffff139789cb,52
118,17beta-Estradiol,4,0.4771212637424469,MW1140-18|20160907,0xfffffffff139789cb,52
119,17beta-Estradiol,4,0.4771212637424469,MW1140-19|20160907,0xfffffffff139789cb,52
120,17beta-Estradiol,4,1.0,MW1140-19|20160907,0xfffffffff139789cb,52
121,17beta-Estradiol,4,1.3010300397872925,MW1140-19|20160907,0xffffe27ff139789cb,47
122,17beta-Estradiol,4,-1.5228787660598755,MW1140-19|20160907,0xfffffffff139789cb,52
123,17beta-Estradiol,4,-1.0,MW1140-19|20160907,0xfffffffff139789cb,52
124,17beta-Estradiol,4,-0.5228787660598755,MW1140-19|20160907,0xfffffffffff9789cb,57
125,17beta-Estradiol,4,0.0,MW1140-19|20160907,0xfffffffff139789cb,52
126,17beta-Estradiol,4,-2.0,MW1147-10|20170913,0xfffffffffffff89ff,63
127,17beta-Estradiol,4,-1.5228787660598755,MW1147-10|20170913,0xfffffffffffff89ff,63
128,17beta-Estradiol,4,-1.0,MW1147-10|20170913,0xfffffffffffff89ff,63
129,17beta-Estradiol,4,-0.5228787660598755,MW1147-10|20170913,0xfffffffffffff89ff,63
130,17beta-Estradiol,4,0.0,MW1147-10|20170913,0xfffffffffffff89ff,63
131,17beta-Estradiol,4,0.4771212637424469,MW1147-10|20170913,0xfffffffffffff89ff,63
132,17beta-Estradiol,4,1.0,MW1147-10|20170913,0xfffffffffffff89ff,63
133,17beta-Estradiol,4,-2.0,MW1147-11|20170913,0xfffffffffffff89ff,63
134,17beta-Estradiol,4,-1.5228787660598755,MW1147-11|20170913,0xfffffffffffff89ff,63
135,17beta-Estradiol,4,-1.0,MW1147-11|20170913,0xfffffffffffff89ff,63
136,17beta-Estradiol,4,-0.5228787660598755,MW1147-11|20170913,0xfffffffffffff89ff,63
137,17beta-Estradiol,4,0.0,MW1147-11|20170913,0xfffffffffffff89ff,63
138,17beta-Estradiol,4,0.4771212637424469,MW1147-11|20170913,0xfffffffffffff89ff,63
139,17beta-Estradiol,4,1.0,MW1147-11|20170913,0xfffffffffffff89ff,63
140,17beta-Estradiol,4,-2.0,MW1147-12|20170913,0xfffffffffffff89ff,63
141,17beta-Estradiol,4,-1.5228787660598755,MW1147-12|20170913,0xfffffffffffff89ff,63
142,17beta-Estradiol,4,-1.0,MW1147-12|20170913,0xfffffffffffff89ff,63
143,17beta-Estradiol,4,-0.5228787660598755,MW1147-12|20170913,0xfffffffffffff89ff,63
144,17beta-Estradiol,4,0.0,MW1147-12|20170913,0xfffffffffffff89ff,63
145,17beta-Estradiol,4,0.4771212637424469,MW1147-12|20170913,0xfffffffffffff89ff,63
146,17beta-Estradiol,4,1.0,MW1147-12|20170913,0xfffffffffffff89ff,63
147,17beta-Estradiol,4,-1.5228787660598755,MW1147-23|20171004,0xfffffffff9fff89cb,58
148,17beta-Estradiol,4,-1.0,MW1147-23|20171004,0xfffffffff13ff89cb,55
149,17beta-Estradiol,4,-0.5228787660598755,MW1147-23|20171004,0xfffffff2f13ff89cb,52
150,17beta-Estradiol,4,0.0,MW1147-23|20171004,0xfffffffff139789cb,52
151,17beta-Estradiol,4,0.4771212637424469,MW1147-23|20171004,0xfffffffff139789cb,52
152,17beta-Estradiol,4,1.0,MW1147-23|20171004,0xfffffffff139789cb,52
153,17beta-Estradiol,4,1.3010300397872925,MW1147-23|20171004,0xffffe272f139789cb,44
154,17beta-Estradiol,4,-1.5228787660598755,MW1147-24|20171004,0xfffffffff13ff89cb,55
155,17beta-Estradiol,4,-1.0,MW1147-24|20171004,0xfffffffff13ff89cb,55
156,17beta-Estradiol,4,-0.5228787660598755,MW1147-24|20171004,0xfffffffffffff89cb,60
157,17beta-Estradiol,4,0.0,MW1147-24|20171004,0xfffffffff13ff89cb,55
158,17beta-Estradiol,4,0.4771212637424469,MW1147-24|20171004,0xfffffffff139789cb,52
159,17beta-Estradiol,4,1.0,MW1147-24|20171004,0xfffffffff13ff89cb,55
160,17beta-Estradiol,4,1.3010300397872925,MW1147-24|20171004,0xfffffffff139789cb,52
161,17beta-Estradiol,4,-1.5228787660598755,MW1147-25|20171004,0xfffffffff13ff89cb,55
162,17beta-Estradiol,4,-1.0,MW1147-25|20171004,0xfffffffff13ff89cb,55
163,17beta-Estradiol,4,-0.5228787660598755,MW1147-25|20171004,0xfffffffff13ff89cb,55
164,17beta-Estradiol,4,0.0,MW1147-25|20171004,0xfffffffff13ff89cb,55
165,17beta-Estradiol,4,0.4771212637424469,MW1147-25|20171004,0xfffffffff13ff89cb,55
166,17beta-Estradiol,4,1.0,MW1147-25|20171004,0xfffffffff13ff89cb,55
167,17beta-Estradiol,4,1.3010300397872925,MW1147-25|20171004,0xfffffffff139789cb,52
273,"2,2-Bis(4-hydroxyphenyl)-1,1,1-trichloroethane",4,-1.5228787660598755,MW1146-32|20170809,0xfffffffff139789cb,52
274,"2,2-Bis(4-hydroxyphenyl)-1,1,1-trichloroethane",4,-1.0,MW1146-32|20170809,0xfffffffff9f9789cb,55
275,"2,2-Bis(4-hydroxyphenyl)-1,1,1-trichloroethane",4,-0.5228787660598755,MW1146-32|20170809,0xfffffffff13ff89cb,55
276,"2,2-Bis(4-hydroxyphenyl)-1,1,1-trichloroethane",4,0.0,MW1146-32|20170809,0xfffffffff139789cb,52
277,"2,2-Bis(4-hydroxyphenyl)-1,1,1-trichloroethane",4,0.4771212637424469,MW1146-32|20170809,0xfffffffff13ff89cb,55
278,"2,2-Bis(4-hydroxyphenyl)-1,1,1-trichloroethane",4,1.0,MW1146-32|20170809,0xfffffffff139789cb,52
279,"2,2-Bis(4-hydroxyphenyl)-1,1,1-trichloroethane",4,1.3010300397872925,MW1146-32|20170809,0xffffe272f139789cb,44
280,"2,2-Bis(4-hydroxyphenyl)-1,1,1-trichloroethane",4,-1.5228787660598755,MW1146-33|20170809,0xfffffffffffff89cb,60
281,"2,2-Bis(4-hydroxyphenyl)-1,1,1-trichloroethane",4,-1.0,MW1146-33|20170809,0xfffffffffffff89cb,60
282,"2,2-Bis(4-hydroxyphenyl)-1,1,1-trichloroethane",4,-0.5228787660598755,MW1146-33|20170809,0xfffffffffffff89cb,60
283,"2,2-Bis(4-hydroxyphenyl)-1,1,1-trichloroethane",4,0.0,MW1146-33|20170809,0xfffffffff13ff89cb,55
284,"2,2-Bis(4-hydroxyphenyl)-1,1,1-trichloroethane",4,0.4771212637424469,MW1146-33|20170809,0xfffffffffffff89cb,60
285,"2,2-Bis(4-hydroxyphenyl)-1,1,1-trichloroethane",4,1.0,MW1146-33|20170809,0xfffffffff139789cb,52
286,"2,2-Bis(4-hydroxyphenyl)-1,1,1-trichloroethane",4,1.3010300397872925,MW1146-33|20170809,0xffffe272f139789cb,44
287,"2,2-Bis(4-hydroxyphenyl)-1,1,1-trichloroethane",4,-1.5228787660598755,MW1146-34|20170809,0xfffffffff139789cb,52
288,"2,2-Bis(4-hydroxyphenyl)-1,1,1-trichloroethane",4,-1.0,MW1146-34|20170809,0xfffffffff13ff89cb,55
289,"2,2-Bis(4-hydroxyphenyl)-1,1,1-trichloroethane",4,-0.5228787660598755,MW1146-34|20170809,0xfffffffff139789cb,52
290,"2,2-Bis(4-hydroxyphenyl)-1,1,1-trichloroethane",4,0.0,MW1146-34|20170809,0xfffffffff139789cb,52
291,"2,2-Bis(4-hydroxyphenyl)-1,1,1-trichloroethane",4,0.4771212637424469,MW1146-34|20170809,0xffffe272f139789cb,44
292,"2,2-Bis(4-hydroxyphenyl)-1,1,1-trichloroethane",4,1.0,MW1146-34|20170809,0xfffffffff139789cb,52
293,"2,2-Bis(4-hydroxyphenyl)-1,1,1-trichloroethane",4,1.3010300397872925,MW1146-34|20170809,0xc4e5e272f139789cb,36
294,2-(m-Chlorophenoxy)propionic acid,2,-1.5228787660598755,MW1147-20|20171004,0xfffffffff139789cb,52
295,2-(m-Chlorophenoxy)propionic acid,2,-1.0,MW1147-20|20171004,0xfffffffff139789cb,52
296,2-(m-Chlorophenoxy)propionic acid,2,-0.5228787660598755,MW1147-20|20171004,0xfffffffff13ff89cb,55
297,2-(m-Chlorophenoxy)propionic acid,2,0.0,MW1147-20|20171004,0xfffffff2f139789cb,49
298,2-(m-Chlorophenoxy)propionic acid,2,0.4771212637424469,MW1147-20|20171004,0xfffff3fff139789cb,50
299,2-(m-Chlorophenoxy)propionic acid,2,1.0,MW1147-20|20171004,0xffffe27ff139789cb,47
300,2-(m-Chlorophenoxy)propionic acid,2,1.3010300397872925,MW1147-20|20171004,0xfffffffff13ff89cb,55
301,2-(m-Chlorophenoxy)propionic acid,2,-1.5228787660598755,MW1147-21|20171004,0xfffffffff13ff89cb,55
302,2-(m-Chlorophenoxy)propionic acid,2,-1.0,MW1147-21|20171004,0xfffffffff139789cb,52
303,2-(m-Chlorophenoxy)propionic acid,2,-0.5228787660598755,MW1147-21|20171004,0xffffe27ff139789cb,47
304,2-(m-Chlorophenoxy)propionic acid,2,0.0,MW1147-21|20171004,0xfffffffff139789cb,52
305,2-(m-Chlorophenoxy)propionic acid,2,0.4771212637424469,MW1147-21|20171004,0xfffffffff139789cb,52
306,2-(m-Chlorophenoxy)propionic acid,2,1.0,MW1147-21|20171004,0xfffffffff13ff89cb,55
307,2-(m-Chlorophenoxy)propionic acid,2,1.3010300397872925,MW1147-21|20171004,0xfffffffff13ff89cb,55
308,2-(m-Chlorophenoxy)propionic acid,2,-1.5228787660598755,MW1147-22|20171004,0xffffe27ff139789cb,47
309,2-(m-Chlorophenoxy)propionic acid,2,-1.0,MW1147-22|20171004,0xfffffffff139789cb,52
310,2-(m-Chlorophenoxy)propionic acid,2,-0.5228787660598755,MW1147-22|20171004,0xfffffffff139789cb,52
311,2-(m-Chlorophenoxy)propionic acid,2,0.0,MW1147-22|20171004,0xfffffffff13ff89cb,55
312,2-(m-Chlorophenoxy)propionic acid,2,0.4771212637424469,MW1147-22|20171004,0xfffffffff13ff89cb,55
313,2-(m-Chlorophenoxy)propionic acid,2,1.0,MW1147-22|20171004,0xfffffffff13ff89cb,55
314,2-(m-Chlorophenoxy)propionic acid,2,1.3010300397872925,MW1147-22|20171004,0xffffe27ff139789cb,47
315,"2-Ethylhexyl 2,3,4,5-tetrabromobenzoate",3,1.3010300397872925,MW1139-19|20160720,0xc4e5e272f139789cb,36
316,"2-Ethylhexyl 2,3,4,5-tetrabromobenzoate",3,-1.5228787660598755,MW1139-19|20160720,0xfffffffffffffcfff,66
317,"2-Ethylhexyl 2,3,4,5-tetrabromobenzoate",3,-1.0,MW1139-19|20160720,0xfffffffffffff89ff,63
318,"2-Ethylhexyl 2,3,4,5-tetrabromobenzoate",3,-0.5228787660598755,MW1139-19|20160720,0xfffffffffffff89ff,63
319,"2-Ethylhexyl 2,3,4,5-tetrabromobenzoate",3,0.0,MW1139-19|20160720,0xfffffffffffff89ff,63
320,"2-Ethylhexyl 2,3,4,5-tetrabromobenzoate",3,0.4771212637424469,MW1139-19|20160720,0xfffffffffffff89cb,60
321,"2-Ethylhexyl 2,3,4,5-tetrabromobenzoate",3,1.0,MW1139-19|20160720,0xfffffffffffff89ff,63
322,"2-Ethylhexyl 2,3,4,5-tetrabromobenzoate",3,1.0,MW1139-21|20160720,0xfffffffffffffffff,68
323,"2-Ethylhexyl 2,3,4,5-tetrabromobenzoate",3,1.3010300397872925,MW1139-21|20160720,0xc4ffe272f139789cb,39
324,"2-Ethylhexyl 2,3,4,5-tetrabromobenzoate",3,-1.5228787660598755,MW1139-21|20160720,0xfffffffffffff89ff,63
325,"2-Ethylhexyl 2,3,4,5-tetrabromobenzoate",3,-1.0,MW1139-21|20160720,0xfffffffffffff89ff,63
326,"2-Ethylhexyl 2,3,4,5-tetrabromobenzoate",3,-0.5228787660598755,MW1139-21|20160720,0xfffffffffffffffff,68
327,"2-Ethylhexyl 2,3,4,5-tetrabromobenzoate",3,0.0,MW1139-21|20160720,0xfffffffffffffffff,68
328,"2-Ethylhexyl 2,3,4,5-tetrabromobenzoate",3,0.4771212637424469,MW1139-21|20160720,0xfffffffffffff89cb,60
329,"2-Ethylhexyl 2,3,4,5-tetrabromobenzoate",3,0.4771212637424469,MW1139-22|20160720,0xfffffffffffff89ff,63
330,"2-Ethylhexyl 2,3,4,5-tetrabromobenzoate",3,1.0,MW1139-22|20160720,0xfffffffffffff89ff,63
331,"2-Ethylhexyl 2,3,4,5-tetrabromobenzoate",3,1.3010300397872925,MW1139-22|20160720,0xc4e5e272f139789cb,36
332,"2-Ethylhexyl 2,3,4,5-tetrabromobenzoate",3,-1.5228787660598755,MW1139-22|20160720,0xfffffffffffff89ff,63
333,"2-Ethylhexyl 2,3,4,5-tetrabromobenzoate",3,-1.0,MW1139-22|20160720,0xfffffffffffff89ff,63
334,"2-Ethylhexyl 2,3,4,5-tetrabromobenzoate",3,-0.5228787660598755,MW1139-22|20160720,0xfffffffffffff89ff,63
335,"2-Ethylhexyl 2,3,4,5-tetrabromobenzoate",3,0.0,MW1139-22|20160720,0xfffffffffffff89ff,63
336,2-Ethylhexyl diphenyl phosphate,2,1.3010300397872925,MW1139-19|20160720,0xfffffffff13ff89cb,55
337,2-Ethylhexyl diphenyl phosphate,2,-1.5228787660598755,MW1139-19|20160720,0xfffffffffffff89ff,63
338,2-Ethylhexyl diphenyl phosphate,2,-1.0,MW1139-19|20160720,0xfffffffffffff89cb,60
339,2-Ethylhexyl diphenyl phosphate,2,-0.5228787660598755,MW1139-19|20160720,0xfffffffffffff89ff,63
340,2-Ethylhexyl diphenyl phosphate,2,0.0,MW1139-19|20160720,0xfffffffffffff89ff,63
341,2-Ethylhexyl diphenyl phosphate,2,0.4771212637424469,MW1139-19|20160720,0xfffffffff9fff89cb,58
342,2-Ethylhexyl diphenyl phosphate,2,1.0,MW1139-19|20160720,0xfffffffffffff89ff,63
343,2-Ethylhexyl diphenyl phosphate,2,1.0,MW1139-21|20160720,0xfffffffffffff89cb,60
344,2-Ethylhexyl diphenyl phosphate,2,1.3010300397872925,MW1139-21|20160720,0xfffffffff139789cb,52
345,2-Ethylhexyl diphenyl phosphate,2,-1.5228787660598755,MW1139-21|20160720,0xfffffffffffff89ff,63
346,2-Ethylhexyl diphenyl phosphate,2,-1.0,MW1139-21|20160720,0xfffffffffffff89ff,63
347,2-Ethylhexyl diphenyl phosphate,2,-0.5228787660598755,MW1139-21|20160720,0xfffffffffffffffff,68
348,2-Ethylhexyl diphenyl phosphate,2,0.0,MW1139-21|20160720,0xfffffffffffff89ff,63
349,2-Ethylhexyl diphenyl phosphate,2,0.4771212637424469,MW1139-21|20160720,0xfffffffffffff89cb,60
350,2-Ethylhexyl diphenyl phosphate,2,0.4771212637424469,MW1139-22|20160720,0xfffffffffffff89ff,63
351,2-Ethylhexyl diphenyl phosphate,2,1.0,MW1139-22|20160720,0xfffffffffffff89ff,63
352,2-Ethylhexyl diphenyl phosphate,2,1.3010300397872925,MW1139-22|20160720,0xfffffffff139789cb,52
353,2-Ethylhexyl diphenyl phosphate,2,-1.5228787660598755,MW1139-22|20160720,0xfffffffffffff89ff,63
354,2-Ethylhexyl diphenyl phosphate,2,-1.0,MW1139-22|20160720,0xfffffffffffff89ff,63
355,2-Ethylhexyl diphenyl phosphate,2,-0.5228787660598755,MW1139-22|20160720,0xfffffffffffff89ff,63
356,2-Ethylhexyl diphenyl phosphate,2,0.0,MW1139-22|20160720,0xfffffffffffff89ff,63
378,"3,3',5,5'-Tetrabromobisphenol A",2,-1.5228787660598755,MW1042-42|20141203,0xfffffffffffffffff,68
379,"3,3',5,5'-Tetrabromobisphenol A",2,-1.0,MW1042-42|20141203,0xfffffffffffffffff,68
380,"3,3',5,5'-Tetrabromobisphenol A",2,-0.5228787660598755,MW1042-42|20141203,0xfffffffffffffffff,68
381,"3,3',5,5'-Tetrabromobisphenol A",2,0.0,MW1042-42|20141203,0xfffffffffffffffff,68
382,"3,3',5,5'-Tetrabromobisphenol A",2,0.4771212637424469,MW1042-42|20141203,0xfffffffffffffffff,68
383,"3,3',5,5'-Tetrabromobisphenol A",2,1.0,MW1042-42|20141203,0xfffffffffffffffff,68
384,"3,3',5,5'-Tetrabromobisphenol A",2,1.4771212339401245,MW1042-42|20141203,0xfffffffffffffffff,68
385,"3,3',5,5'-Tetrabromobisphenol A",2,-1.5228787660598755,MW1042-43|20141203,0xfffffffffffffffff,68
386,"3,3',5,5'-Tetrabromobisphenol A",2,-1.0,MW1042-43|20141203,0xfffffffffffffffff,68
387,"3,3',5,5'-Tetrabromobisphenol A",2,-0.5228787660598755,MW1042-43|20141203,0xfffffffffffffffff,68
388,"3,3',5,5'-Tetrabromobisphenol A",2,0.0,MW1042-43|20141203,0xfffffffffffffffff,68
389,"3,3',5,5'-Tetrabromobisphenol A",2,0.4771212637424469,MW1042-43|20141203,0xfffffffffffffffff,68
390,"3,3',5,5'-Tetrabromobisphenol A",2,1.0,MW1042-43|20141203,0xfffffffffffffffff,68
391,"3,3',5,5'-Tetrabromobisphenol A",2,1.4771212339401245,MW1042-43|20141203,0xfffffffffffffffff,68
392,"3,3',5,5'-Tetrabromobisphenol A",2,-1.5228787660598755,MW1042-44|20141203,0xfffffffffffffffff,68
393,"3,3',5,5'-Tetrabromobisphenol A",2,-1.0,MW1042-44|20141203,0xfffffffffffffffff,68
394,"3,3',5,5'-Tetrabromobisphenol A",2,-0.5228787660598755,MW1042-44|20141203,0xfffffffffffffffff,68
395,"3,3',5,5'-Tetrabromobisphenol A",2,0.0,MW1042-44|20141203,0xfffffffffffffffff,68
396,"3,3',5,5'-Tetrabromobisphenol A",2,0.4771212637424469,MW1042-44|20141203,0xfffffffffffffffff,68
397,"3,3',5,5'-Tetrabromobisphenol A",2,1.0,MW1042-44|20141203,0xfffffffffffffffff,68
398,"3,3',5,5'-Tetrabromobisphenol A",2,1.4771212339401245,MW1042-44|20141203,0xfffffffffffffffff,68
399,"3,3',5,5'-Tetrabromobisphenol A",2,1.4771212339401245,MW1086-39|20151125,0xfffffffffffffffff,68
400,"3,3',5,5'-Tetrabromobisphenol A",2,-1.5228787660598755,MW1086-39|20151125,0xfffffffffffffcfff,66
401,"3,3',5,5'-Tetrabromobisphenol A",2,-1.0,MW1086-39|20151125,0xfffffffffffff89ff,63
402,"3,3',5,5'-Tetrabromobisphenol A",2,-0.5228787660598755,MW1086-39|20151125,0xfffffffffffffffff,68
403,"3,3',5,5'-Tetrabromobisphenol A",2,0.0,MW1086-39|20151125,0xfffffffffffffffff,68
404,"3,3',5,5'-Tetrabromobisphenol A",2,0.4771212637424469,MW1086-39|20151125,0xfffffffffffffffff,68
405,"3,3',5,5'-Tetrabromobisphenol A",2,1.0,MW1086-39|20151125,0xfffffffffffff89ff,63
406,"3,3',5,5'-Tetrabromobisphenol A",2,1.0,MW1086-41|20151125,0xfffffffffffffffff,68
407,"3,3',5,5'-Tetrabromobisphenol A",2,1.4771212339401245,MW1086-41|20151125,0xfffffffffffffffff,68
408,"3,3',5,5'-Tetrabromobisphenol A",2,-1.5228787660598755,MW1086-41|20151125,0xfffffffffffffffff,68
409,"3,3',5,5'-Tetrabromobisphenol A",2,-1.0,MW1086-41|20151125,0xfffffffffffff89ff,63
410,"3,3',5,5'-Tetrabromobisphenol A",2,-0.5228787660598755,MW1086-41|20151125,0xfffffffffffffffff,68
411,"3,3',5,5'-Tetrabromobisphenol A",2,0.0,MW1086-41|20151125,0xfffffffffffffffff,68
412,"3,3',5,5'-Tetrabromobisphenol A",2,0.4771212637424469,MW1086-41|20151125,0xfffffffffffffffff,68
434,3-Iodo-2-propynyl-N-butylcarbamate,3,1.3010300397872925,MW1140-17|20160907,0xc4e5e272f139789cb,36
435,3-Iodo-2-propynyl-N-butylcarbamate,3,-1.5228787660598755,MW1140-17|20160907,0xfffff3fff139789cb,50
436,3-Iodo-2-propynyl-N-butylcarbamate,3,-1.0,MW1140-17|20160907,0xfffffffff139789cb,52
437,3-Iodo-2-propynyl-N-butylcarbamate,3,-0.5228787660598755,MW1140-17|20160907,0xfffffff2f139789cb,49
438,3-Iodo-2-propynyl-N-butylcarbamate,3,0.0,MW1140-17|20160907,0xfffffffff139789cb,52
439,3-Iodo-2-propynyl-N-butylcarbamate,3,0.4771212637424469,MW1140-17|20160907,0xc4e5e272f139789cb,36
440,3-Iodo-2-propynyl-N-butylcarbamate,3,1.0,MW1140-17|20160907,0xc4e5e272f139789cb,36
441,3-Iodo-2-propynyl-N-butylcarbamate,3,1.0,MW1140-18|20160907,0xc4e5e272f139789cb,36
442,3-Iodo-2-propynyl-N-butylcarbamate,3,1.3010300397872925,MW1140-18|20160907,0xc4e5e272f139789cb,36
443,3-Iodo-2-propynyl-N-butylcarbamate,3,-1.5228787660598755,MW1140-18|20160907,0xfffffffff9fff89cb,58
444,3-Iodo-2-propynyl-N-butylcarbamate,3,-1.0,MW1140-18|20160907,0xfffffffff139789cb,52
445,3-Iodo-2-propynyl-N-butylcarbamate,3,-0.5228787660598755,MW1140-18|20160907,0xfffffffff139789cb,52
446,3-Iodo-2-propynyl-N-butylcarbamate,3,0.0,MW1140-18|20160907,0xfffffffff13ff89cb,55
447,3-Iodo-2-propynyl-N-butylcarbamate,3,0.4771212637424469,MW1140-18|20160907,0xc4e5e272f139789cb,36
448,3-Iodo-2-propynyl-N-butylcarbamate,3,0.4771212637424469,MW1140-19|20160907,0xc4e5e272f139789cb,36
449,3-Iodo-2-propynyl-N-butylcarbamate,3,1.0,MW1140-19|20160907,0xc4e5e272f139789cb,36
450,3-Iodo-2-propynyl-N-butylcarbamate,3,1.3010300397872925,MW1140-19|20160907,0xc4e5e272f139789cb,36
451,3-Iodo-2-propynyl-N-butylcarbamate,3,-1.5228787660598755,MW1140-19|20160907,0xfffffffff139789cb,52
452,3-Iodo-2-propynyl-N-butylcarbamate,3,-1.0,MW1140-19|20160907,0xfffffffffffff89cb,60
453,3-Iodo-2-propynyl-N-butylcarbamate,3,-0.5228787660598755,MW1140-19|20160907,0xfffffffffffff89cb,60
454,3-Iodo-2-propynyl-N-butylcarbamate,3,0.0,MW1140-19|20160907,0xfffffffff139789cb,52
455,3-Iodo-2-propynyl-N-butylcarbamate,3,1.3010300397872925,MW1140-26|20161013,0xc4e5e272f139789cb,36
456,3-Iodo-2-propynyl-N-butylcarbamate,3,-1.5228787660598755,MW1140-26|20161013,0xfffffffffffff89cb,60
457,3-Iodo-2-propynyl-N-butylcarbamate,3,-1.0,MW1140-26|20161013,0xfffffffffffff89cb,60
458,3-Iodo-2-propynyl-N-butylcarbamate,3,-0.5228787660598755,MW1140-26|20161013,0xfffffffffffff89cb,60
459,3-Iodo-2-propynyl-N-butylcarbamate,3,0.0,MW1140-26|20161013,0xfffffffff13ff89cb,55
460,3-Iodo-2-propynyl-N-butylcarbamate,3,0.4771212637424469,MW1140-26|20161013,0xc4e5e272f139789cb,36
461,3-Iodo-2-propynyl-N-butylcarbamate,3,1.0,MW1140-26|20161013,0xc4e5e272f139789cb,36
462,3-Iodo-2-propynyl-N-butylcarbamate,3,1.0,MW1140-27|20161013,0xc4e5e272f139789cb,36
463,3-Iodo-2-propynyl-N-butylcarbamate,3,1.3010300397872925,MW1140-27|20161013,0xc4e5e272f139789cb,36
464,3-Iodo-2-propynyl-N-butylcarbamate,3,-1.5228787660598755,MW1140-27|20161013,0xfffffffffffff89cb,60
465,3-Iodo-2-propynyl-N-butylcarbamate,3,-1.0,MW1140-27|20161013,0xfffffffffffff89ff,63
466,3-Iodo-2-propynyl-N-butylcarbamate,3,-0.5228787660598755,MW1140-27|20161013,0xfffffffffffff89ff,63
467,3-Iodo-2-propynyl-N-butylcarbamate,3,0.0,MW1140-27|20161013,0xfffffffffffff89cb,60
468,3-Iodo-2-propynyl-N-butylcarbamate,3,0.4771212637424469,MW1140-27|20161013,0xc4e5e272f139789cb,36
469,3-Iodo-2-propynyl-N-butylcarbamate,3,0.4771212637424469,MW1140-28|20161013,0xc4e5e272f139789cb,36
470,3-Iodo-2-propynyl-N-butylcarbamate,3,1.0,MW1140-28|20161013,0xc4e5e272f139789cb,36
471,3-Iodo-2-propynyl-N-butylcarbamate,3,1.3010300397872925,MW1140-28|20161013,0xc4e5e272f139789cb,36
472,3-Iodo-2-propynyl-N-butylcarbamate,3,-1.5228787660598755,MW1140-28|20161013,0xfffffffffffff89cb,60
473,3-Iodo-2-propynyl-N-butylcarbamate,3,-1.0,MW1140-28|20161013,0xfffffffffffff89cb,60
474,3-Iodo-2-propynyl-N-butylcarbamate,3,-0.5228787660598755,MW1140-28|20161013,0xfffffffffffff89cb,60
475,3-Iodo-2-propynyl-N-butylcarbamate,3,0.0,MW1140-28|20161013,0xfffffffffffff89cb,60
476,3-Iodo-2-propynyl-N-butylcarbamate,3,1.3010300397872925,MW1145-22|20170201,0xc4e5e272f139789cb,36
477,3-Iodo-2-propynyl-N-butylcarbamate,3,-1.5228787660598755,MW1145-22|20170201,0xfffffffffffff89ff,63
478,3-Iodo-2-propynyl-N-butylcarbamate,3,-1.0,MW1145-22|20170201,0xfffffffffffffffff,68
479,3-Iodo-2-propynyl-N-butylcarbamate,3,-0.5228787660598755,MW1145-22|20170201,0xfffffffffffff89ff,63
480,3-Iodo-2-propynyl-N-butylcarbamate,3,0.0,MW1145-22|20170201,0xfffffffffffffcfff,66
481,3-Iodo-2-propynyl-N-butylcarbamate,3,0.4771212637424469,MW1145-22|20170201,0xfffffffff13ff89cb,55
482,3-Iodo-2-propynyl-N-butylcarbamate,3,1.0,MW1145-22|20170201,0xc4e5e272f139789cb,36
483,3-Iodo-2-propynyl-N-butylcarbamate,3,1.0,MW1145-23|20170201,0xc4e5e272f139789cb,36
484,3-Iodo-2-propynyl-N-butylcarbamate,3,1.3010300397872925,MW1145-23|20170201,0xc4e5e272f139789cb,36
485,3-Iodo-2-propynyl-N-butylcarbamate,3,-1.5228787660598755,MW1145-23|20170201,0xfffffffffffff89ff,63
486,3-Iodo-2-propynyl-N-butylcarbamate,3,-1.0,MW1145-23|20170201,0xfffffffffffff89ff,63
487,3-Iodo-2-propynyl-N-butylcarbamate,3,-0.5228787660598755,MW1145-23|20170201,0xfffffffffffff89ff,63
488,3-Iodo-2-propynyl-N-butylcarbamate,3,0.0,MW1145-23|20170201,0xfffffffffffff89cb,60
489,3-Iodo-2-propynyl-N-butylcarbamate,3,0.4771212637424469,MW1145-23|20170201,0xc4e5e272f139789cb,36
490,3-Iodo-2-propynyl-N-butylcarbamate,3,0.4771212637424469,MW1145-24|20170201,0xfffffffffffff89cb,60
491,3-Iodo-2-propynyl-N-butylcarbamate,3,1.0,MW1145-24|20170201,0xc4e5e272f139789cb,36
492,3-Iodo-2-propynyl-N-butylcarbamate,3,1.3010300397872925,MW1145-24|20170201,0xc4e5e272f139789cb,36
493,3-Iodo-2-propynyl-N-butylcarbamate,3,-1.5228787660598755,MW1145-24|20170201,0xfffffffffffffffff,68
494,3-Iodo-2-propynyl-N-butylcarbamate,3,-1.0,MW1145-24|20170201,0xfffffffffffffffff,68
495,3-Iodo-2-propynyl-N-butylcarbamate,3,-0.5228787660598755,MW1145-24|20170201,0xfffffffffffffffff,68
496,3-Iodo-2-propynyl-N-butylcarbamate,3,0.0,MW1145-24|20170201,0xfffffffffffff89ff,63
497,3-Iodo-2-propynyl-N-butylcarbamate,3,-2.0,MW1147-17|20170920,0xfffffffffffffffff,68
498,3-Iodo-2-propynyl-N-butylcarbamate,3,-1.5228787660598755,MW1147-17|20170920,0xfffffffffffffffff,68
499,3-Iodo-2-propynyl-N-butylcarbamate,3,-1.0,MW1147-17|20170920,0xfffffffffffffffff,68
500,3-Iodo-2-propynyl-N-butylcarbamate,3,-0.5228787660598755,MW1147-17|20170920,0xfffffffffffffcfff,66
501,3-Iodo-2-propynyl-N-butylcarbamate,3,0.0,MW1147-17|20170920,0xfffffffffffffffff,68
502,3-Iodo-2-propynyl-N-butylcarbamate,3,0.4771212637424469,MW1147-17|20170920,0xfffffffffffff89ff,63
503,3-Iodo-2-propynyl-N-butylcarbamate,3,1.0,MW1147-17|20170920,0xc4e5e272f139789cb,36
504,3-Iodo-2-propynyl-N-butylcarbamate,3,-2.0,MW1147-18|20170920,0xfffffffffffffffff,68
505,3-Iodo-2-propynyl-N-butylcarbamate,3,-1.5228787660598755,MW1147-18|20170920,0xfffffffffffffffff,68
506,3-Iodo-2-propynyl-N-butylcarbamate,3,-1.0,MW1147-18|20170920,0xfffffffffffffffff,68
507,3-Iodo-2-propynyl-N-butylcarbamate,3,-0.5228787660598755,MW1147-18|20170920,0xfffffffffffffffff,68
508,3-Iodo-2-propynyl-N-butylcarbamate,3,0.0,MW1147-18|20170920,0xfffffffffffffffff,68
509,3-Iodo-2-propynyl-N-butylcarbamate,3,0.4771212637424469,MW1147-18|20170920,0xfffffffffffff89ff,63
510,3-Iodo-2-propynyl-N-butylcarbamate,3,1.0,MW1147-18|20170920,0xc4e5e272f139789cb,36
511,3-Iodo-2-propynyl-N-butylcarbamate,3,-2.0,MW1147-19|20170920,0xfffffffffffffffff,68
512,3-Iodo-2-propynyl-N-butylcarbamate,3,-1.5228787660598755,MW1147-19|20170920,0xfffffffffffffffff,68
513,3-Iodo-2-propynyl-N-butylcarbamate,3,-1.0,MW1147-19|20170920,0xfffffffffffffffff,68
514,3-Iodo-2-propynyl-N-butylcarbamate,3,-0.5228787660598755,MW1147-19|20170920,0xfffffffffffffffff,68
515,3-Iodo-2-propynyl-N-butylcarbamate,3,0.0,MW1147-19|20170920,0xfffffffffffffffff,68
516,3-Iodo-2-propynyl-N-butylcarbamate,3,0.4771212637424469,MW1147-19|20170920,0xfffffffffffff89cb,60
517,3-Iodo-2-propynyl-N-butylcarbamate,3,1.0,MW1147-19|20170920,0xc4e5e272f139789cb,36
518,"4,4'-Sulfonyldiphenol",4,1.3010300397872925,MW1140-23|20161013,0xfffffffffffff89cb,60
519,"4,4'-Sulfonyldiphenol",4,-1.5228787660598755,MW1140-23|20161013,0xfffffffffffff89cb,60
520,"4,4'-Sulfonyldiphenol",4,-1.0,MW1140-23|20161013,0xfffffffffffff89ff,63
521,"4,4'-Sulfonyldiphenol",4,-0.5228787660598755,MW1140-23|20161013,0xfffffffffffff89cb,60
522,"4,4'-Sulfonyldiphenol",4,0.0,MW1140-23|20161013,0xfffffffff13ff89cb,55
523,"4,4'-Sulfonyldiphenol",4,0.4771212637424469,MW1140-23|20161013,0xfffffffffffff89cb,60
524,"4,4'-Sulfonyldiphenol",4,1.0,MW1140-23|20161013,0xfffffffffffff89cb,60
525,"4,4'-Sulfonyldiphenol",4,1.0,MW1140-24|20161013,0xfffffffffffff89ff,63
526,"4,4'-Sulfonyldiphenol",4,1.3010300397872925,MW1140-24|20161013,0xfffffffffffff89cb,60
527,"4,4'-Sulfonyldiphenol",4,-1.5228787660598755,MW1140-24|20161013,0xfffffffffffff89cb,60
528,"4,4'-Sulfonyldiphenol",4,-1.0,MW1140-24|20161013,0xfffffffff13ff89cb,55
529,"4,4'-Sulfonyldiphenol",4,-0.5228787660598755,MW1140-24|20161013,0xfffffffffffff89cb,60
530,"4,4'-Sulfonyldiphenol",4,0.0,MW1140-24|20161013,0xfffffffffffff89cb,60
531,"4,4'-Sulfonyldiphenol",4,0.4771212637424469,MW1140-24|20161013,0xfffffffffffff89ff,63
532,"4,4'-Sulfonyldiphenol",4,0.4771212637424469,MW1140-25|20161013,0xfffffffffffff89cb,60
533,"4,4'-Sulfonyldiphenol",4,1.0,MW1140-25|20161013,0xfffffffffffff89cb,60
534,"4,4'-Sulfonyldiphenol",4,1.3010300397872925,MW1140-25|20161013,0xfffffffffffff89cb,60
535,"4,4'-Sulfonyldiphenol",4,-1.5228787660598755,MW1140-25|20161013,0xfffffffffffff89cb,60
536,"4,4'-Sulfonyldiphenol",4,-1.0,MW1140-25|20161013,0xfffffffffffff89cb,60
537,"4,4'-Sulfonyldiphenol",4,-0.5228787660598755,MW1140-25|20161013,0xfffffffffffff89cb,60
538,"4,4'-Sulfonyldiphenol",4,0.0,MW1140-25|20161013,0xfffffffffffff89cb,60
560,"5,5-Diphenylhydantoin",3,-1.5228787660598755,MW1007-70|20140924,0xfffffffffffff89ff,63
561,"5,5-Diphenylhydantoin",3,-1.0,MW1007-70|20140924,0xfffffffffffff89cb,60
562,"5,5-Diphenylhydantoin",3,-0.5228787660598755,MW1007-70|20140924,0xfffffffffffff89ff,63
563,"5,5-Diphenylhydantoin",3,0.0,MW1007-70|20140924,0xfffffffffffff89cb,60
564,"5,5-Diphenylhydantoin",3,0.4771212637424469,MW1007-70|20140924,0xfffffffffffff89ff,63
565,"5,5-Diphenylhydantoin",3,1.0,MW1007-70|20140924,0xfffffffffffff89cb,60
566,"5,5-Diphenylhydantoin",3,1.4771212339401245,MW1007-70|20140924,0xfffffffffffff89cb,60
567,"5,5-Diphenylhydantoin",3,-1.5228787660598755,MW1007-81|20140924,0xfffffffffffff89cb,60
568,"5,5-Diphenylhydantoin",3,-1.0,MW1007-81|20140924,0xfffffffffffff89ff,63
569,"5,5-Diphenylhydantoin",3,-0.5228787660598755,MW1007-81|20140924,0xfffffffffffff89ff,63
570,"5,5-Diphenylhydantoin",3,0.0,MW1007-81|20140924,0xfffffffffffff89ff,63
571,"5,5-Diphenylhydantoin",3,0.4771212637424469,MW1007-81|20140924,0xfffffffffffff89ff,63
572,"5,5-Diphenylhydantoin",3,1.0,MW1007-81|20140924,0xfffffffffffff89cb,60
573,"5,5-Diphenylhydantoin",3,1.4771212339401245,MW1007-81|20140924,0xfffffffffffff89cb,60
574,"5,5-Diphenylhydantoin",3,-1.5228787660598755,MW1007-84|20140924,0xfffffffffffff89ff,63
575,"5,5-Diphenylhydantoin",3,-1.0,MW1007-84|20140924,0xfffffffffffff89ff,63
576,"5,5-Diphenylhydantoin",3,-0.5228787660598755,MW1007-84|20140924,0xfffffffffffffffff,68
577,"5,5-Diphenylhydantoin",3,0.0,MW1007-84|20140924,0xfffffffffffff89ff,63
578,"5,5-Diphenylhydantoin",3,0.4771212637424469,MW1007-84|20140924,0xfffffffffffff89ff,63
579,"5,5-Diphenylhydantoin",3,1.0,MW1007-84|20140924,0xfffffffffffff89ff,63
580,"5,5-Diphenylhydantoin",3,1.4771212339401245,MW1007-84|20140924,0xfffffffffffff89cb,60
581,5-Chloro-2-methyl-3(2H)-isothiazolone,1,-1.5228787660598755,MW1045-02|20141231,0xfffffffff9fff89cb,58
582,5-Chloro-2-methyl-3(2H)-isothiazolone,1,-1.0,MW1045-02|20141231,0xfffffffffffff89cb,60
583,5-Chloro-2-methyl-3(2H)-isothiazolone,1,-0.5228787660598755,MW1045-02|20141231,0xfffffffffffff89ff,63
584,5-Chloro-2-methyl-3(2H)-isothiazolone,1,0.0,MW1045-02|20141231,0xfffffffffffff89cb,60
585,5-Chloro-2-methyl-3(2H)-isothiazolone,1,0.4771212637424469,MW1045-02|20141231,0xfffffffffffff89cb,60
586,5-Chloro-2-methyl-3(2H)-isothiazolone,1,1.0,MW1045-02|20141231,0xc4e5e272f139789cb,36
587,5-Chloro-2-methyl-3(2H)-isothiazolone,1,1.4771212339401245,MW1045-02|20141231,0xc4e5e272f139789cb,36
588,5-Chloro-2-methyl-3(2H)-isothiazolone,1,-1.5228787660598755,MW1045-06|20141231,0xfffffffffffff89cb,60
589,5-Chloro-2-methyl-3(2H)-isothiazolone,1,-1.0,MW1045-06|20141231,0xfffffffffffff89cb,60
590,5-Chloro-2-methyl-3(2H)-isothiazolone,1,-0.5228787660598755,MW1045-06|20141231,0xfffffffffffff89cb,60
591,5-Chloro-2-methyl-3(2H)-isothiazolone,1,0.0,MW1045-06|20141231,0xfffffffffffff89cb,60
592,5-Chloro-2-methyl-3(2H)-isothiazolone,1,0.4771212637424469,MW1045-06|20141231,0xfffffffffffff89cb,60
593,5-Chloro-2-methyl-3(2H)-isothiazolone,1,1.0,MW1045-06|20141231,0xc4e5e272f139789cb,36
594,5-Chloro-2-methyl-3(2H)-isothiazolone,1,1.4771212339401245,MW1045-06|20141231,0xc4e5e272f139789cb,36
595,5-Chloro-2-methyl-3(2H)-isothiazolone,1,-1.5228787660598755,MW1045-09|20141231,0xfffffffffffff89cb,60
596,5-Chloro-2-methyl-3(2H)-isothiazolone,1,-1.0,MW1045-09|20141231,0xfffffffffffff89cb,60
597,5-Chloro-2-methyl-3(2H)-isothiazolone,1,-0.5228787660598755,MW1045-09|20141231,0xfffffffffffff89cb,60
598,5-Chloro-2-methyl-3(2H)-isothiazolone,1,0.0,MW1045-09|20141231,0xfffffffffffff89cb,60
599,5-Chloro-2-methyl-3(2H)-isothiazolone,1,0.4771212637424469,MW1045-09|20141231,0xfffffffff13ff89cb,55
600,5-Chloro-2-methyl-3(2H)-isothiazolone,1,1.0,MW1045-09|20141231,0xc4e5e272f139789cb,36
601,5-Chloro-2-methyl-3(2H)-isothiazolone,1,1.4771212339401245,MW1045-09|20141231,0xc4e5e272f139789cb,36
602,5-Fluorouracil,1,-1.5228787660598755,MW1008-39|20140910,0xfffffffffffff89ff,63
603,5-Fluorouracil,1,-1.0,MW1008-39|20140910,0xfffffffffffff89cb,60
604,5-Fluorouracil,1,-0.5228787660598755,MW1008-39|20140910,0xfffffffffffff89ff,63
605,5-Fluorouracil,1,0.0,MW1008-39|20140910,0xfffffffff13ff89cb,55
606,5-Fluorouracil,1,0.4771212637424469,MW1008-39|20140910,0xffffe27ff139789cb,47
607,5-Fluorouracil,1,1.0,MW1008-39|20140910,0xc4e5e272f139789cb,36
608,5-Fluorouracil,1,1.4771212339401245,MW1008-39|20140910,0xc4e5e272f139789cb,36
609,5-Fluorouracil,1,-1.5228787660598755,MW1008-40|20140910,0xfffffffffffff89ff,63
610,5-Fluorouracil,1,-1.0,MW1008-40|20140910,0xfffffffffffff89cb,60
611,5-Fluorouracil,1,-0.5228787660598755,MW1008-40|20140910,0xfffffffffffff89ff,63
612,5-Fluorouracil,1,0.0,MW1008-40|20140910,0xfffffffffffff89ff,63
613,5-Fluorouracil,1,0.4771212637424469,MW1008-40|20140910,0xffffe272f13ff89cb,47
614,5-Fluorouracil,1,1.0,MW1008-40|20140910,0xc4e5e272f139789cb,36
615,5-Fluorouracil,1,1.4771212339401245,MW1008-40|20140910,0xc4e5e272f139789cb,36
616,5-Fluorouracil,1,-1.5228787660598755,MW1008-68|20140910,0xfffffffffffffffff,68
617,5-Fluorouracil,1,-1.0,MW1008-68|20140910,0xfffffffffffff89ff,63
618,5-Fluorouracil,1,-0.5228787660598755,MW1008-68|20140910,0xfffffffffffff89cb,60
619,5-Fluorouracil,1,0.0,MW1008-68|20140910,0xfffffffff13ff89cb,55
620,5-Fluorouracil,1,0.4771212637424469,MW1008-68|20140910,0xc4e5e272f139789cb,36
621,5-Fluorouracil,1,1.0,MW1008-68|20140910,0xc4e5e272f139789cb,36
622,5-Fluorouracil,1,1.4771212339401245,MW1008-68|20140910,0xc4e5e272f139789cb,36
623,6-Methyl-2-thiouracil,3,-1.5228787660598755,MW1146-29|20170809,0xfffffffffffff89cb,60
624,6-Methyl-2-thiouracil,3,-1.0,MW1146-29|20170809,0xfffffffffffff89cb,60
625,6-Methyl-2-thiouracil,3,-0.5228787660598755,MW1146-29|20170809,0xfffffffffffff89cb,60
626,6-Methyl-2-thiouracil,3,0.0,MW1146-29|20170809,0xfffffffffffff89cb,60
627,6-Methyl-2-thiouracil,3,0.4771212637424469,MW1146-29|20170809,0xfffffffffffff89cb,60
628,6-Methyl-2-thiouracil,3,1.0,MW1146-29|20170809,0xfffffffffffff89cb,60
629,6-Methyl-2-thiouracil,3,1.3010300397872925,MW1146-29|20170809,0xfffffffffffff89cb,60
630,6-Methyl-2-thiouracil,3,-1.5228787660598755,MW1146-30|20170809,0xfffffffffffff89cb,60
631,6-Methyl-2-thiouracil,3,-1.0,MW1146-30|20170809,0xfffffffffffff89cb,60
632,6-Methyl-2-thiouracil,3,-0.5228787660598755,MW1146-30|20170809,0xfffffffffffff89cb,60
633,6-Methyl-2-thiouracil,3,0.0,MW1146-30|20170809,0xfffffffff13ff89cb,55
634,6-Methyl-2-thiouracil,3,0.4771212637424469,MW1146-30|20170809,0xfffffffff139789cb,52
635,6-Methyl-2-thiouracil,3,1.0,MW1146-30|20170809,0xfffffffff139789cb,52
636,6-Methyl-2-thiouracil,3,1.3010300397872925,MW1146-30|20170809,0xfffffffff139789cb,52
637,6-Methyl-2-thiouracil,3,-1.5228787660598755,MW1146-31|20170809,0xfffffffff9f9789cb,55
638,6-Methyl-2-thiouracil,3,-1.0,MW1146-31|20170809,0xfffffffffffff89cb,60
639,6-Methyl-2-thiouracil,3,-0.5228787660598755,MW1146-31|20170809,0xfffffffffffff89cb,60
640,6-Methyl-2-thiouracil,3,0.0,MW1146-31|20170809,0xfffffffffffff89cb,60
641,6-Methyl-2-thiouracil,3,0.4771212637424469,MW1146-31|20170809,0xfffffffffffff89cb,60
642,6-Methyl-2-thiouracil,3,1.0,MW1146-31|20170809,0xfffffffff139789cb,52
643,6-Methyl-2-thiouracil,3,1.3010300397872925,MW1146-31|20170809,0xfffffffff139789cb,52
686,6-aminopyridine-3-carboxamide,4,1.4771212339401245,MW1044-2|20150819,0xc4e5e272f139789cb,36
687,6-aminopyridine-3-carboxamide,4,-1.5228787660598755,MW1044-2|20150819,0xfffffffffffffffff,68
688,6-aminopyridine-3-carboxamide,4,-1.0,MW1044-2|20150819,0xfffffffffffffffff,68
689,6-aminopyridine-3-carboxamide,4,-0.5228787660598755,MW1044-2|20150819,0xfffffffffffffffff,68
690,6-aminopyridine-3-carboxamide,4,0.0,MW1044-2|20150819,0xfffffffffffffffff,68
691,6-aminopyridine-3-carboxamide,4,0.4771212637424469,MW1044-2|20150819,0xfffffffffffff89ff,63
692,6-aminopyridine-3-carboxamide,4,1.0,MW1044-2|20150819,0xc4e5e272f139789cb,36
693,6-aminopyridine-3-carboxamide,4,1.0,MW1044-6|20150819,0xc4e5e272f139789cb,36
694,6-aminopyridine-3-carboxamide,4,1.4771212339401245,MW1044-6|20150819,0xc4e5e272f139789cb,36
695,6-aminopyridine-3-carboxamide,4,-1.5228787660598755,MW1044-6|20150819,0xfffffffffffffffff,68
696,6-aminopyridine-3-carboxamide,4,-1.0,MW1044-6|20150819,0xfffffffffffffffff,68
697,6-aminopyridine-3-carboxamide,4,-0.5228787660598755,MW1044-6|20150819,0xfffffffffffffffff,68
698,6-aminopyridine-3-carboxamide,4,0.0,MW1044-6|20150819,0xfffffffffffffffff,68
699,6-aminopyridine-3-carboxamide,4,0.4771212637424469,MW1044-6|20150819,0xfffffffffffffffff,68
700,6-aminopyridine-3-carboxamide,4,0.4771212637424469,MW1044-7|20150819,0xfffffffffffffffff,68
701,6-aminopyridine-3-carboxamide,4,1.0,MW1044-7|20150819,0xc4e5e272f139789ff,39
702,6-aminopyridine-3-carboxamide,4,1.4771212339401245,MW1044-7|20150819,0xc4e5e272f139789cb,36
703,6-aminopyridine-3-carboxamide,4,-1.5228787660598755,MW1044-7|20150819,0xfffffffffffffffff,68
704,6-aminopyridine-3-carboxamide,4,-1.0,MW1044-7|20150819,0xfffffffffffffffff,68
705,6-aminopyridine-3-carboxamide,4,-0.5228787660598755,MW1044-7|20150819,0xfffffffffffffffff,68
706,6-aminopyridine-3-carboxamide,4,0.0,MW1044-7|20150819,0xfffffffffffffffff,68
707,Abamectin,2,1.3010300397872925,MW1146-3|20170222,0xc4e5e272f139789cb,36
708,Abamectin,2,-1.5228787660598755,MW1146-3|20170222,0xffe5fffff139789cb,49
709,Abamectin,2,-1.0,MW1146-3|20170222,0xc4e5e272f139789cb,36
710,Abamectin,2,-0.5228787660598755,MW1146-3|20170222,0xc4e5e272f139789cb,36
711,Abamectin,2,0.0,MW1146-3|20170222,0xc4e5e272f139789cb,36
712,Abamectin,2,0.4771212637424469,MW1146-3|20170222,0xc4e5e272f139789cb,36
713,Abamectin,2,1.0,MW1146-3|20170222,0xc4e5e272f139789cb,36
714,Abamectin,2,1.0,MW1146-4|20170222,0xc4e5e272f139789cb,36
715,Abamectin,2,1.3010300397872925,MW1146-4|20170222,0xc4e5e272f139789cb,36
716,Abamectin,2,-1.5228787660598755,MW1146-4|20170222,0xc4e5fffff139789cb,44
717,Abamectin,2,-1.0,MW1146-4|20170222,0xc4e5e272f139789cb,36
718,Abamectin,2,-0.5228787660598755,MW1146-4|20170222,0xc4e5e272f139789cb,36
719,Abamectin,2,0.0,MW1146-4|20170222,0xc4e5e272f139789cb,36
720,Abamectin,2,0.4771212637424469,MW1146-4|20170222,0xc4e5e272f139789cb,36
721,Abamectin,2,0.4771212637424469,MW1146-5|20170222,0xc4e5e272f139789cb,36
722,Abamectin,2,1.0,MW1146-5|20170222,0xc4e5e272f139789cb,36
723,Abamectin,2,1.3010300397872925,MW1146-5|20170222,0xc4e5e272f139789cb,36
724,Abamectin,2,-1.5228787660598755,MW1146-5|20170222,0xfffffffff139789cb,52
725,Abamectin,2,-1.0,MW1146-5|20170222,0xffe5fffff139789cb,49
726,Abamectin,2,-0.5228787660598755,MW1146-5|20170222,0xc4e5e272f139789cb,36
727,Abamectin,2,0.0,MW1146-5|20170222,0xc4e5e272f139789cb,36
728,Abamectin,2,-3.522878646850586,MW1147-23|20171004,0xfffffffff139789cb,52
729,Abamectin,2,-3.0,MW1147-23|20171004,0xfffffffff139789cb,52
730,Abamectin,2,-2.522878646850586,MW1147-23|20171004,0xfffff3f2f139789cb,47
731,Abamectin,2,-2.0,MW1147-23|20171004,0xffffe272f139789cb,44
732,Abamectin,2,-1.5228787660598755,MW1147-23|20171004,0xffffe272f139789cb,44
733,Abamectin,2,-1.0,MW1147-23|20171004,0xffffe272f139789cb,44
734,Abamectin,2,-0.5228787660598755,MW1147-23|20171004,0xffe5e272f139789cb,41
735,Abamectin,2,-3.522878646850586,MW1147-24|20171004,0xfffffffff139789cb,52
736,Abamectin,2,-3.0,MW1147-24|20171004,0xfffffffff13ff89cb,55
737,Abamectin,2,-2.522878646850586,MW1147-24|20171004,0xfffffffff139789cb,52
738,Abamectin,2,-2.0,MW1147-24|20171004,0xffffe272f139789cb,44
739,Abamectin,2,-1.5228787660598755,MW1147-24|20171004,0xffe5e272f139789cb,41
740,Abamectin,2,-1.0,MW1147-24|20171004,0xffffe272f139789cb,44
741,Abamectin,2,-0.5228787660598755,MW1147-24|20171004,0xc4e5e272f139789cb,36
742,Abamectin,2,-3.522878646850586,MW1147-25|20171004,0xfffffffff139789cb,52
743,Abamectin,2,-3.0,MW1147-25|20171004,0xfffffffff139789cb,52
744,Abamectin,2,-2.522878646850586,MW1147-25|20171004,0xfffffffff139789cb,52
745,Abamectin,2,-2.0,MW1147-25|20171004,0xffffe272f139789cb,44
746,Abamectin,2,-1.5228787660598755,MW1147-25|20171004,0xffffe272f139789cb,44
747,Abamectin,2,-1.0,MW1147-25|20171004,0xffffe272f139789cb,44
748,Abamectin,2,-0.5228787660598755,MW1147-25|20171004,0xc4e5e272f139789cb,36
749,Acenaphthene,3,-1.5228787660598755,MW1146-35|20170816,0xfffffffffffffffff,68
750,Acenaphthene,3,-1.0,MW1146-35|20170816,0xfffffffffffffffff,68
751,Acenaphthene,3,-0.5228787660598755,MW1146-35|20170816,0xfffffffffffffffff,68
752,Acenaphthene,3,0.0,MW1146-35|20170816,0xfffffffffffffcfff,66
753,Acenaphthene,3,0.4771212637424469,MW1146-35|20170816,0xfffffffffffff89ff,63
754,Acenaphthene,3,1.0,MW1146-35|20170816,0xfffffffffffff89ff,63
755,Acenaphthene,3,1.3010300397872925,MW1146-35|20170816,0xfffffffffffff89cb,60
756,Acenaphthene,3,-1.5228787660598755,MW1147-1|20170816,0xfffffffffffffffff,68
757,Acenaphthene,3,-1.0,MW1147-1|20170816,0xfffffffffffffffff,68
758,Acenaphthene,3,-0.5228787660598755,MW1147-1|20170816,0xfffffffffffffffff,68
759,Acenaphthene,3,0.0,MW1147-1|20170816,0xfffffffffffffffff,68
760,Acenaphthene,3,0.4771212637424469,MW1147-1|20170816,0xfffffffffffffffff,68
761,Acenaphthene,3,1.0,MW1147-1|20170816,0xfffffffffffffffff,68
762,Acenaphthene,3,1.3010300397872925,MW1147-1|20170816,0xfffffffffffffffff,68
763,Acenaphthene,3,-1.5228787660598755,MW1147-2|20170816,0xfffffffffffffffff,68
764,Acenaphthene,3,-1.0,MW1147-2|20170816,0xfffffffffffff89ff,63
765,Acenaphthene,3,-0.5228787660598755,MW1147-2|20170816,0xfffffffffffffffff,68
766,Acenaphthene,3,0.0,MW1147-2|20170816,0xfffffffffffffffff,68
767,Acenaphthene,3,0.4771212637424469,MW1147-2|20170816,0xfffffffffffffffff,68
768,Acenaphthene,3,1.0,MW1147-2|20170816,0xfffffffffffffffff,68
769,Acenaphthene,3,1.3010300397872925,MW1147-2|20170816,0xfffffffffffffffff,68
770,Acenaphthylene,2,-1.0,MW1147-16|20171011,0xfffffffffffff89ff,63
771,Acenaphthylene,2,-0.5228787660598755,MW1147-16|20171011,0xfffffffffffffffff,68
772,Acenaphthylene,2,0.0,MW1147-16|20171011,0xfffffffffffffcfff,66
773,Acenaphthylene,2,0.4771212637424469,MW1147-16|20171011,0xfffffffffffffffff,68
774,Acenaphthylene,2,1.0,MW1147-16|20171011,0xfffffffffffffffff,68
775,Acenaphthylene,2,1.3010300397872925,MW1147-16|20171011,0xfffffffffffff89ff,63
776,Acenaphthylene,2,-1.5228787660598755,MW1147-26|20171011,0xfffffffffffff89ff,63
777,Acenaphthylene,2,-1.0,MW1147-26|20171011,0xfffffffffffff89ff,63
778,Acenaphthylene,2,-0.5228787660598755,MW1147-26|20171011,0xfffffffffffff89ff,63
779,Acenaphthylene,2,0.0,MW1147-26|20171011,0xfffffffffffff89ff,63
780,Acenaphthylene,2,0.4771212637424469,MW1147-26|20171011,0xfffffffffffff89ff,63
781,Acenaphthylene,2,1.0,MW1147-26|20171011,0xfffffffffffff89ff,63
782,Acenaphthylene,2,1.3010300397872925,MW1147-26|20171011,0xfffffffffffff89ff,63
783,Acenaphthylene,2,-1.5228787660598755,MW1147-27|20171011,0xfffffffffffff89ff,63
784,Acenaphthylene,2,-1.0,MW1147-27|20171011,0xfffffffffffff89ff,63
785,Acenaphthylene,2,-0.5228787660598755,MW1147-27|20171011,0xfffffffffffff89ff,63
786,Acenaphthylene,2,0.0,MW1147-27|20171011,0xfffffffffffffcfff,66
787,Acenaphthylene,2,0.4771212637424469,MW1147-27|20171011,0xfffffffffffff89cb,60
788,Acenaphthylene,2,1.0,MW1147-27|20171011,0xfffffffffffff89ff,63
789,Acenaphthylene,2,1.3010300397872925,MW1147-27|20171011,0xfffffffffffffcfff,66
790,Acenaphthylene,2,-1.5228787660598755,MW1147-3|20170816,0xfffffffffffffffff,68
791,Acenaphthylene,2,-1.0,MW1147-3|20170816,0xfffffffffffffffff,68
792,Acenaphthylene,2,-0.5228787660598755,MW1147-3|20170816,0xfffffffffffffffff,68
793,Acenaphthylene,2,0.0,MW1147-3|20170816,0xfffffffffffffffff,68
794,Acenaphthylene,2,0.4771212637424469,MW1147-3|20170816,0xfffffffffffffffff,68
795,Acenaphthylene,2,1.0,MW1147-3|20170816,0xfffffffffffffffff,68
796,Acenaphthylene,2,1.3010300397872925,MW1147-3|20170816,0xfffffffffffffffff,68
797,Acenaphthylene,2,-1.5228787660598755,MW1147-4|20170816,0xfffffffffffffffff,68
798,Acenaphthylene,2,-1.0,MW1147-4|20170816,0xfffffffffffffffff,68
799,Acenaphthylene,2,-0.5228787660598755,MW1147-4|20170816,0xfffffffffffffffff,68
800,Acenaphthylene,2,0.0,MW1147-4|20170816,0xfffffffffffffffff,68
801,Acenaphthylene,2,1.3010300397872925,MW1147-4|20170816,0xfffffffffffffffff,68
802,Acenaphthylene,2,-1.5228787660598755,MW1147-5|20170816,0xfffffffffffffffff,68
803,Acenaphthylene,2,-1.0,MW1147-5|20170816,0xfffffffffffffffff,68
804,Acenaphthylene,2,-0.5228787660598755,MW1147-5|20170816,0xfffffffffffffcfff,66
805,Acenaphthylene,2,0.0,MW1147-5|20170816,0xfffffffffffffffff,68
806,Acenaphthylene,2,0.4771212637424469,MW1147-5|20170816,0xfffffffffffffffff,68
807,Acenaphthylene,2,1.0,MW1147-5|20170816,0xfffffffffffffffff,68
808,Acenaphthylene,2,1.3010300397872925,MW1147-5|20170816,0xfffffffffffffffff,68
809,Acephate,1,2.0,MW1056-28|20151209,0xfffffffffffff89cb,60
810,Acephate,1,-1.0,MW1056-28|20151209,0xfffffffffffff89ff,63
811,Acephate,1,-0.5228787660598755,MW1056-28|20151209,0xfffffffffffff89ff,63
812,Acephate,1,0.0,MW1056-28|20151209,0xfffffffffffff89cb,60
813,Acephate,1,0.4771212637424469,MW1056-28|20151209,0xfffffffffffff89cb,60
814,Acephate,1,1.0,MW1056-28|20151209,0xfffffffffffff89ff,63
815,Acephate,1,1.4771212339401245,MW1056-28|20151209,0xfffffffffffff89ff,63
816,Acephate,1,1.4771212339401245,MW1056-29|20151209,0xfffffffffffff89cb,60
817,Acephate,1,2.0,MW1056-29|20151209,0xfffffffffffff89ff,63
818,Acephate,1,-1.0,MW1056-29|20151209,0xfffffffffffffcfff,66
819,Acephate,1,-0.5228787660598755,MW1056-29|20151209,0xfffffffffffffcfff,66
820,Acephate,1,0.0,MW1056-29|20151209,0xfffffffffffff89ff,63
821,Acephate,1,0.4771212637424469,MW1056-29|20151209,0xfffffffffffffcfff,66
822,Acephate,1,1.0,MW1056-29|20151209,0xfffffffffffff89ff,63
823,Acephate,1,1.0,MW1056-36|20151209,0xfffffffffffffffff,68
824,Acephate,1,1.4771212339401245,MW1056-36|20151209,0xfffffffffffff89ff,63
825,Acephate,1,2.0,MW1056-36|20151209,0xfffffffffffff89ff,63
826,Acephate,1,-1.0,MW1056-36|20151209,0xfffffffffffffcfff,66
827,Acephate,1,-0.5228787660598755,MW1056-36|20151209,0xfffffffffffffffff,68
828,Acephate,1,0.0,MW1056-36|20151209,0xfffffffffffff89ff,63
829,Acephate,1,0.4771212637424469,MW1056-36|20151209,0xfffffffffffffcfff,66
830,Acetaminophen,1,-1.0,MW1007-26|20140205,0xfffffffffffff89ff,63
831,Acetaminophen,1,-0.5228787660598755,MW1007-26|20140205,0xfffffffffffff89ff,63
832,Acetaminophen,1,0.0,MW1007-26|20140205,0xfffffffffffff89ff,63
833,Acetaminophen,1,0.4771212637424469,MW1007-26|20140205,0xfffffffffffff89cb,60
834,Acetaminophen,1,1.0,MW1007-26|20140205,0xfffffffffffff89ff,63
835,Acetaminophen,1,1.4771212339401245,MW1007-26|20140205,0xfffffffffffff89cb,60
836,Acetaminophen,1,-1.0,MW1007-27|20140212,0xfffffffffffff89cb,60
837,Acetaminophen,1,-0.5228787660598755,MW1007-27|20140212,0xfffffffff13ff89cb,55
838,Acetaminophen,1,0.0,MW1007-27|20140212,0xfffffffffffff89cb,60
839,Acetaminophen,1,0.4771212637424469,MW1007-27|20140212,0xc4e5e272f139789cb,36
840,Acetaminophen,1,1.4771212339401245,MW1007-27|20140212,0xfffffffffffff89cb,60
841,Acetaminophen,1,1.0,MW1007-27|20140212,0xfffffffff13ff89cb,55
842,Acetaminophen,1,-1.0,MW1007-27|20140402,0xfffffffffffffffff,68
843,Acetaminophen,1,-0.5228787660598755,MW1007-27|20140402,0xfffffffffffff89ff,63
844,Acetaminophen,1,0.0,MW1007-27|20140402,0xfffffffffffffffff,68
845,Acetaminophen,1,0.4771212637424469,MW1007-27|20140402,0xfffffffffffffffff,68
846,Acetaminophen,1,1.0,MW1007-27|20140402,0xfffffffffffff89ff,63
847,Acetaminophen,1,1.4771212339401245,MW1007-27|20140402,0xfffffffffffffffff,68
848,Acetaminophen,1,-1.0,MW1007-38|20140423,0xfffffffffffff89cb,60
849,Acetaminophen,1,-0.5228787660598755,MW1007-38|20140423,0xfffffffffffff89cb,60
850,Acetaminophen,1,0.0,MW1007-38|20140423,0xfffffffff13ff89cb,55
851,Acetaminophen,1,0.4771212637424469,MW1007-38|20140423,0xfffffffffffff89cb,60
852,Acetaminophen,1,1.0,MW1007-38|20140423,0xfffffffffffff89cb,60
853,Acetaminophen,1,1.4771212339401245,MW1007-38|20140423,0xfffffffff139789cb,52
854,Acetaminophen,1,-1.5228787660598755,MW1007-100|20140827,0xfffffffffffffffff,68
855,Acetaminophen,1,-1.0,MW1007-100|20140827,0xfffffffffffff89ff,63
856,Acetaminophen,1,-0.5228787660598755,MW1007-100|20140827,0xfffffffffffff89ff,63
857,Acetaminophen,1,0.0,MW1007-100|20140827,0xfffffffffffffffff,68
858,Acetaminophen,1,0.4771212637424469,MW1007-100|20140827,0xfffffffffffffffff,68
859,Acetaminophen,1,1.0,MW1007-100|20140827,0xfffffffffffff89cb,60
860,Acetaminophen,1,1.4771212339401245,MW1007-100|20140827,0xfffffffffffff89ff,63
861,Acetaminophen,1,-1.5228787660598755,MW1007-91|20140827,0xfffffffffffff89ff,63
862,Acetaminophen,1,-1.0,MW1007-91|20140827,0xfffffffffffff89ff,63
863,Acetaminophen,1,-0.5228787660598755,MW1007-91|20140827,0xfffffffffffff89ff,63
864,Acetaminophen,1,0.0,MW1007-91|20140827,0xfffffffffffff89ff,63
865,Acetaminophen,1,0.4771212637424469,MW1007-91|20140827,0xfffffffffffff89ff,63
866,Acetaminophen,1,1.0,MW1007-91|20140827,0xfffffffff13ff89ff,58
867,Acetaminophen,1,1.4771212339401245,MW1007-91|20140827,0xfffffffffffff89ff,63
868,Acetaminophen,1,-1.5228787660598755,MW1007-98|20140827,0xfffffffffffff89ff,63
869,Acetaminophen,1,-1.0,MW1007-98|20140827,0xfffffffffffff89ff,63
870,Acetaminophen,1,-0.5228787660598755,MW1007-98|20140827,0xfffffffffffff89cb,60
871,Acetaminophen,1,0.0,MW1007-98|20140827,0xfffffffffffff89cb,60
872,Acetaminophen,1,0.4771212637424469,MW1007-98|20140827,0xfffffffffffff89ff,63
873,Acetaminophen,1,1.0,MW1007-98|20140827,0xfffffffffffff89cb,60
874,Acetaminophen,1,1.4771212339401245,MW1007-98|20140827,0xfffffffff13ff89cb,55
875,Acetaminophen,1,1.0,MW1040-11|20150805,0xfffffffffffffffff,68
876,Acetaminophen,1,1.4771212339401245,MW1040-11|20150805,0xfffffffffffffffff,68
877,Acetaminophen,1,-1.5228787660598755,MW1040-11|20150805,0xfffffffffffffffff,68
878,Acetaminophen,1,-1.0,MW1040-11|20150805,0xfffffffffffffffff,68
879,Acetaminophen,1,-0.5228787660598755,MW1040-11|20150805,0xfffffffffffffffff,68
880,Acetaminophen,1,0.0,MW1040-11|20150805,0xfffffffffffffffff,68
881,Acetaminophen,1,0.4771212637424469,MW1040-11|20150805,0xfffffffffffffffff,68
882,Acetaminophen,1,0.4771212637424469,MW1040-12|20150805,0xfffffffffffffffff,68
883,Acetaminophen,1,1.0,MW1040-12|20150805,0xfffffffffffffffff,68
884,Acetaminophen,1,1.4771212339401245,MW1040-12|20150805,0xfffffffffffffffff,68
885,Acetaminophen,1,-1.5228787660598755,MW1040-12|20150805,0xfffffffffffffffff,68
886,Acetaminophen,1,-1.0,MW1040-12|20150805,0xfffffffffffffffff,68
887,Acetaminophen,1,-0.5228787660598755,MW1040-12|20150805,0xfffffffffffffffff,68
888,Acetaminophen,1,0.0,MW1040-12|20150805,0xfffffffffffffffff,68
889,Acetaminophen,1,-1.5228787660598755,MW1041-17|20141112,0xfffffffffffffffff,68
890,Acetaminophen,1,-1.0,MW1041-17|20141112,0xfffffffffffffffff,68
891,Acetaminophen,1,-0.5228787660598755,MW1041-17|20141112,0xfffffffffffffffff,68
892,Acetaminophen,1,0.0,MW1041-17|20141112,0xfffffffffffffffff,68
893,Acetaminophen,1,0.4771212637424469,MW1041-17|20141112,0xfffffffffffffffff,68
894,Acetaminophen,1,1.0,MW1041-17|20141112,0xfffffffffffffffff,68
895,Acetaminophen,1,1.4771212339401245,MW1041-17|20141112,0xfffffffffffffffff,68
896,Acetaminophen,1,-1.5228787660598755,MW1041-25|20141112,0xfffffffffffffffff,68
897,Acetaminophen,1,-1.0,MW1041-25|20141112,0xfffffffffffffffff,68
898,Acetaminophen,1,-0.5228787660598755,MW1041-25|20141112,0xfffffffffffffffff,68
899,Acetaminophen,1,0.0,MW1041-25|20141112,0xfffffffffffffffff,68
900,Acetaminophen,1,0.4771212637424469,MW1041-25|20141112,0xfffffffffffffffff,68
901,Acetaminophen,1,1.0,MW1041-25|20141112,0xfffffffffffffffff,68
902,Acetaminophen,1,1.4771212339401245,MW1041-25|20141112,0xfffffffffffffffff,68
903,Acetaminophen,1,-1.5228787660598755,MW1041-28|20141112,0xfffffffffffffffff,68
904,Acetaminophen,1,-1.0,MW1041-28|20141112,0xfffffffffffffffff,68
905,Acetaminophen,1,-0.5228787660598755,MW1041-28|20141112,0xfffffffffffffffff,68
906,Acetaminophen,1,0.0,MW1041-28|20141112,0xfffffffffffffffff,68
907,Acetaminophen,1,0.4771212637424469,MW1041-28|20141112,0xfffffffffffffffff,68
908,Acetaminophen,1,1.0,MW1041-28|20141112,0xfffffffffffffffff,68
909,Acetaminophen,1,1.4771212339401245,MW1041-28|20141112,0xfffffffffffff89ff,63
910,Acetaminophen,1,-1.5228787660598755,MW1042-42|20141203,0xfffffffffffffffff,68
911,Acetaminophen,1,-1.0,MW1042-42|20141203,0xfffffffffffffffff,68
912,Acetaminophen,1,-0.5228787660598755,MW1042-42|20141203,0xfffffffffffffffff,68
913,Acetaminophen,1,0.0,MW1042-42|20141203,0xfffffffffffffffff,68
914,Acetaminophen,1,0.4771212637424469,MW1042-42|20141203,0xfffffffffffffffff,68
915,Acetaminophen,1,1.0,MW1042-42|20141203,0xfffffffffffffffff,68
916,Acetaminophen,1,1.4771212339401245,MW1042-42|20141203,0xfffffffffffffffff,68
917,Acetaminophen,1,-1.5228787660598755,MW1042-43|20141203,0xfffffffffffffffff,68
918,Acetaminophen,1,-1.0,MW1042-43|20141203,0xfffffffffffffffff,68
919,Acetaminophen,1,-0.5228787660598755,MW1042-43|20141203,0xfffffffffffffcfcb,63
920,Acetaminophen,1,0.0,MW1042-43|20141203,0xfffffffffffffffff,68
921,Acetaminophen,1,0.4771212637424469,MW1042-43|20141203,0xfffffffffffffffff,68
922,Acetaminophen,1,1.0,MW1042-43|20141203,0xfffffffffffffffff,68
923,Acetaminophen,1,1.4771212339401245,MW1042-43|20141203,0xfffffffffffffffff,68
924,Acetaminophen,1,-1.5228787660598755,MW1042-44|20141203,0xfffffffffffffffff,68
925,Acetaminophen,1,-1.0,MW1042-44|20141203,0xfffffffffffffffff,68
926,Acetaminophen,1,-0.5228787660598755,MW1042-44|20141203,0xfffffffffffffffff,68
927,Acetaminophen,1,0.0,MW1042-44|20141203,0xfffffffffffffffff,68
928,Acetaminophen,1,0.4771212637424469,MW1042-44|20141203,0xfffffffffffffffff,68
929,Acetaminophen,1,1.0,MW1042-44|20141203,0xfffffffffffffffff,68
930,Acetaminophen,1,1.4771212339401245,MW1042-44|20141203,0xfffffffffffffffff,68
931,Acetaminophen,1,1.4771212339401245,MW1044-2|20150819,0xfffffffffffff89ff,63
932,Acetaminophen,1,-1.5228787660598755,MW1044-2|20150819,0xfffffffffffffffff,68
933,Acetaminophen,1,-1.0,MW1044-2|20150819,0xfffffffffffffffff,68
934,Acetaminophen,1,-0.5228787660598755,MW1044-2|20150819,0xfffffffffffffffff,68
935,Acetaminophen,1,0.0,MW1044-2|20150819,0xfffffffffffffffff,68
936,Acetaminophen,1,0.4771212637424469,MW1044-2|20150819,0xfffffffffffffffff,68
937,Acetaminophen,1,1.0,MW1044-2|20150819,0xfffffffffffffffff,68
938,Acetaminophen,1,1.0,MW1044-6|20150819,0xfffffffffffffffff,68
939,Acetaminophen,1,1.4771212339401245,MW1044-6|20150819,0xfffffffffffffffff,68
940,Acetaminophen,1,-1.5228787660598755,MW1044-6|20150819,0xfffffffffffffffff,68
941,Acetaminophen,1,-1.0,MW1044-6|20150819,0xfffffffffffffffff,68
942,Acetaminophen,1,-0.5228787660598755,MW1044-6|20150819,0xfffffffffffffffff,68
943,Acetaminophen,1,0.0,MW1044-6|20150819,0xfffffffffffffffff,68
944,Acetaminophen,1,0.4771212637424469,MW1044-6|20150819,0xfffffffffffffffff,68
945,Acetaminophen,1,0.4771212637424469,MW1044-7|20150819,0xfffffffffffffffff,68
946,Acetaminophen,1,1.0,MW1044-7|20150819,0xfffffffffffffffff,68
947,Acetaminophen,1,1.4771212339401245,MW1044-7|20150819,0xfffffffffffffffff,68
948,Acetaminophen,1,-1.5228787660598755,MW1044-7|20150819,0xfffffffffffffffff,68
949,Acetaminophen,1,-1.0,MW1044-7|20150819,0xfffffffffffffffff,68
950,Acetaminophen,1,-0.5228787660598755,MW1044-7|20150819,0xfffffffffffffffff,68
951,Acetaminophen,1,0.0,MW1044-7|20150819,0xfffffffffffffffff,68
952,Acetamiprid,4,-1.5228787660598755,MW1008-37|20150128,0xfffffffffffffffff,68
953,Acetamiprid,4,-1.0,MW1008-37|20150128,0xfffffffffffffffff,68
954,Acetamiprid,4,-0.5228787660598755,MW1008-37|20150128,0xfffffffffffffffff,68
955,Acetamiprid,4,0.0,MW1008-37|20150128,0xfffffffffffffffff,68
956,Acetamiprid,4,0.4771212637424469,MW1008-37|20150128,0xfffffffffffffffff,68
957,Acetamiprid,4,1.0,MW1008-37|20150128,0xfffffffffffffffff,68
958,Acetamiprid,4,1.4771212339401245,MW1008-37|20150128,0xfffffffffffffffff,68
959,Acetamiprid,4,-1.5228787660598755,MW1008-41|20150128,0xfffffffff13ff89cb,55
960,Acetamiprid,4,-1.0,MW1008-41|20150128,0xc4ffe272f139789cb,39
961,Acetamiprid,4,-0.5228787660598755,MW1008-41|20150128,0xfffffffffffff89cb,60
962,Acetamiprid,4,0.0,MW1008-41|20150128,0xfffffffffffff89cb,60
963,Acetamiprid,4,0.4771212637424469,MW1008-41|20150128,0xfffffffffffff89cb,60
964,Acetamiprid,4,1.0,MW1008-41|20150128,0xfffffffffffff89cb,60
965,Acetamiprid,4,1.4771212339401245,MW1008-41|20150128,0xfffff3fffffff89cb,58
966,Acetamiprid,4,-1.5228787660598755,MW1008-42|20150128,0xfffffffffffffffff,68
967,Acetamiprid,4,-1.0,MW1008-42|20150128,0xfffffffffffffffff,68
968,Acetamiprid,4,-0.5228787660598755,MW1008-42|20150128,0xfffffffffffffffff,68
969,Acetamiprid,4,0.0,MW1008-42|20150128,0xfffffffffffffffff,68
970,Acetamiprid,4,0.4771212637424469,MW1008-42|20150128,0xfffffffffffff89ff,63
971,Acetamiprid,4,1.0,MW1008-42|20150128,0xfffffffffffff89cb,60
972,Acetamiprid,4,1.4771212339401245,MW1008-42|20150128,0xfffffffffffff89cb,60
994,Aldicarb,2,-1.5228787660598755,MW1007-109|20150128,0xfffffffffffffffff,68
995,Aldicarb,2,-1.0,MW1007-109|20150128,0xfffffffffffffffff,68
996,Aldicarb,2,-0.5228787660598755,MW1007-109|20150128,0xfffffffffffffffff,68
997,Aldicarb,2,0.0,MW1007-109|20150128,0xfffffffffffffffff,68
998,Aldicarb,2,0.4771212637424469,MW1007-109|20150128,0xfffffffffffffffff,68
999,Aldicarb,2,1.0,MW1007-109|20150128,0xfffffffffffffffff,68
1000,Aldicarb,2,1.4771212339401245,MW1007-109|20150128,0xfffffffffffffffff,68
1001,Aldicarb,2,-1.5228787660598755,MW1008-1|20150128,0xfffffffffffff89ff,63
1002,Aldicarb,2,-1.0,MW1008-1|20150128,0xfffffffffffffffff,68
1003,Aldicarb,2,-0.5228787660598755,MW1008-1|20150128,0xfffffffffffffffff,68
1004,Aldicarb,2,0.0,MW1008-1|20150128,0xfffffffffffffffff,68
1005,Aldicarb,2,0.4771212637424469,MW1008-1|20150128,0xfffffffffffffffff,68
1006,Aldicarb,2,1.0,MW1008-1|20150128,0xfffffffffffffffff,68
1007,Aldicarb,2,1.4771212339401245,MW1008-1|20150128,0xfffffffffffffffff,68
1008,Aldicarb,2,-1.5228787660598755,MW1008-40|20150128,0xfffffffffffffffff,68
1009,Aldicarb,2,-1.0,MW1008-40|20150128,0xfffffffffffffffff,68
1010,Aldicarb,2,-0.5228787660598755,MW1008-40|20150128,0xfffffffffffffffff,68
1011,Aldicarb,2,0.0,MW1008-40|20150128,0xfffffffffffffffff,68
1012,Aldicarb,2,0.4771212637424469,MW1008-40|20150128,0xfffffffffffffffff,68
1013,Aldicarb,2,1.0,MW1008-40|20150128,0xfffffffffffff89cb,60
1014,Aldicarb,2,1.4771212339401245,MW1008-40|20150128,0xfffffffffffffffff,68
1036,Allethrin,3,-1.5228787660598755,MW1146-26|20170712,0xfffffffffffff89cb,60
1037,Allethrin,3,-1.0,MW1146-26|20170712,0xfffffffff139789cb,52
1038,Allethrin,3,-0.5228787660598755,MW1146-26|20170712,0xfffffffff13ff89cb,55
1039,Allethrin,3,0.0,MW1146-26|20170712,0xfffffffff13ff89cb,55
1040,Allethrin,3,0.4771212637424469,MW1146-26|20170712,0xfffffffff9fff89cb,58
1041,Allethrin,3,1.0,MW1146-26|20170712,0xfffffffff139789cb,52
1042,Allethrin,3,1.3010300397872925,MW1146-26|20170712,0xffffe27ff139789cb,47
1043,Allethrin,3,-1.5228787660598755,MW1146-27|20170712,0xfffffffffffff89cb,60
1044,Allethrin,3,-1.0,MW1146-27|20170712,0xfffffffffffff89cb,60
1045,Allethrin,3,-0.5228787660598755,MW1146-27|20170712,0xfffffffff13ff89cb,55
1046,Allethrin,3,0.0,MW1146-27|20170712,0xfffffffffffff89cb,60
1047,Allethrin,3,0.4771212637424469,MW1146-27|20170712,0xfffffffffffff89cb,60
1048,Allethrin,3,1.0,MW1146-27|20170712,0xfffffffff9fff89cb,58
1049,Allethrin,3,1.3010300397872925,MW1146-27|20170712,0xffffe27ff139789cb,47
1050,Allethrin,3,-1.5228787660598755,MW1146-28|20170712,0xfffffffff13ff89cb,55
1051,Allethrin,3,-1.0,MW1146-28|20170712,0xfffffffffffff89cb,60
1052,Allethrin,3,-0.5228787660598755,MW1146-28|20170712,0xfffffffff9fff89cb,58
1053,Allethrin,3,0.0,MW1146-28|20170712,0xfffffffff13ff89cb,55
1054,Allethrin,3,0.4771212637424469,MW1146-28|20170712,0xfffffffff13ff89cb,55
1055,Allethrin,3,1.0,MW1146-28|20170712,0xfffffffff139789cb,52
1056,Allethrin,3,1.3010300397872925,MW1146-28|20170712,0xfffffffff139789cb,52
1057,Amoxicillin,2,-1.5228787660598755,MW1007-70|20140924,0xfffffffffffff89ff,63
1058,Amoxicillin,2,-1.0,MW1007-70|20140924,0xfffffffffffff89ff,63
1059,Amoxicillin,2,-0.5228787660598755,MW1007-70|20140924,0xfffffffffffff89cb,60
1060,Amoxicillin,2,0.0,MW1007-70|20140924,0xfffffffffffff89cb,60
1061,Amoxicillin,2,0.4771212637424469,MW1007-70|20140924,0xfffffffffffff89ff,63
1062,Amoxicillin,2,1.0,MW1007-70|20140924,0xfffffffffffff89ff,63
1063,Amoxicillin,2,1.4771212339401245,MW1007-70|20140924,0xffe5fffff139789cb,49
1064,Amoxicillin,2,-1.5228787660598755,MW1007-81|20140924,0xfffffffffffff89ff,63
1065,Amoxicillin,2,-1.0,MW1007-81|20140924,0xfffffffffffff89ff,63
1066,Amoxicillin,2,-0.5228787660598755,MW1007-81|20140924,0xfffffffffffff89cb,60
1067,Amoxicillin,2,0.0,MW1007-81|20140924,0xfffffffffffff89ff,63
1068,Amoxicillin,2,0.4771212637424469,MW1007-81|20140924,0xfffffffffffff89cb,60
1069,Amoxicillin,2,1.0,MW1007-81|20140924,0xfffffffffffff89ff,63
1070,Amoxicillin,2,1.4771212339401245,MW1007-81|20140924,0xfffffffffffff89cb,60
1071,Amoxicillin,2,-1.5228787660598755,MW1007-84|20140924,0xfffffffffffff89ff,63
1072,Amoxicillin,2,-1.0,MW1007-84|20140924,0xfffffffffffffffff,68
1073,Amoxicillin,2,-0.5228787660598755,MW1007-84|20140924,0xfffffffffffff89ff,63
1074,Amoxicillin,2,0.0,MW1007-84|20140924,0xfffffffffffff89ff,63
1075,Amoxicillin,2,0.4771212637424469,MW1007-84|20140924,0xfffffffffffffffff,68
1076,Amoxicillin,2,1.0,MW1007-84|20140924,0xfffffffffffff89ff,63
1077,Amoxicillin,2,1.4771212339401245,MW1007-84|20140924,0xfffffffffffff89cb,60
1078,Anthracene,3,1.3010300397872925,MW1139-27|20160803,0xfffffffffffff89cb,60
1079,Anthracene,3,-1.5228787660598755,MW1139-27|20160803,0xfffffffffffff89cb,60
1080,Anthracene,3,-1.0,MW1139-27|20160803,0xfffffffffffff89cb,60
1081,Anthracene,3,-0.5228787660598755,MW1139-27|20160803,0xfffffffffffff89cb,60
1082,Anthracene,3,0.0,MW1139-27|20160803,0xfffffffffffff89cb,60
1083,Anthracene,3,0.4771212637424469,MW1139-27|20160803,0xfffffffffffff89cb,60
1084,Anthracene,3,1.0,MW1139-27|20160803,0xfffffffff139789cb,52
1085,Anthracene,3,1.0,MW1139-28|20160803,0xfffffffffffff89cb,60
1086,Anthracene,3,1.3010300397872925,MW1139-28|20160803,0xfffffffffffff89cb,60
1087,Anthracene,3,-1.5228787660598755,MW1139-28|20160803,0xfffffffffffff89cb,60
1088,Anthracene,3,-1.0,MW1139-28|20160803,0xfffffffffffff89cb,60
1089,Anthracene,3,-0.5228787660598755,MW1139-28|20160803,0xfffffffffffff89cb,60
1090,Anthracene,3,0.0,MW1139-28|20160803,0xfffffffffffff89cb,60
1091,Anthracene,3,0.4771212637424469,MW1139-28|20160803,0xfffffffffffff89cb,60
1092,Anthracene,3,0.4771212637424469,MW1139-29|20160803,0xfffffffffffff89cb,60
1093,Anthracene,3,1.0,MW1139-29|20160803,0xfffffffffffff89cb,60
1094,Anthracene,3,1.3010300397872925,MW1139-29|20160803,0xfffffffffffff89cb,60
1095,Anthracene,3,-1.5228787660598755,MW1139-29|20160803,0xfffffffffffff89cb,60
1096,Anthracene,3,-1.0,MW1139-29|20160803,0xfffffffffffff89cb,60
1097,Anthracene,3,-0.5228787660598755,MW1139-29|20160803,0xfffffffffffff89cb,60
1098,Anthracene,3,0.0,MW1139-29|20160803,0xfffffffffffff89cb,60
1099,Aspirin,1,1.3010300397872925,MW1140-23|20161013,0xfffffffffffff89cb,60
1100,Aspirin,1,-1.5228787660598755,MW1140-23|20161013,0xfffffffffffff89cb,60
1101,Aspirin,1,-1.0,MW1140-23|20161013,0xfffffffffffff89cb,60
1102,Aspirin,1,-0.5228787660598755,MW1140-23|20161013,0xfffffffffffff89cb,60
1103,Aspirin,1,0.0,MW1140-23|20161013,0xfffffffffffff89cb,60
1104,Aspirin,1,0.4771212637424469,MW1140-23|20161013,0xfffffffffffff89cb,60
1105,Aspirin,1,1.0,MW1140-23|20161013,0xfffffffffffff89cb,60
1106,Aspirin,1,1.0,MW1140-24|20161013,0xfffffffffffff89ff,63
1107,Aspirin,1,1.3010300397872925,MW1140-24|20161013,0xfffffffffffff89ff,63
1108,Aspirin,1,-1.5228787660598755,MW1140-24|20161013,0xfffffffffffff89cb,60
1109,Aspirin,1,-1.0,MW1140-24|20161013,0xfffffffff13ff89cb,55
1110,Aspirin,1,-0.5228787660598755,MW1140-24|20161013,0xfffffffff9fff89cb,58
1111,Aspirin,1,0.0,MW1140-24|20161013,0xfffffffffffff89ff,63
1112,Aspirin,1,0.4771212637424469,MW1140-24|20161013,0xfffffffffffff89ff,63
1113,Aspirin,1,0.4771212637424469,MW1140-25|20161013,0xfffffffffffff89cb,60
1114,Aspirin,1,1.0,MW1140-25|20161013,0xfffffffffffff89cb,60
1115,Aspirin,1,1.3010300397872925,MW1140-25|20161013,0xfffffffffffff89cb,60
1116,Aspirin,1,-1.5228787660598755,MW1140-25|20161013,0xfffffffffffff89cb,60
1117,Aspirin,1,-1.0,MW1140-25|20161013,0xfffffffffffff89cb,60
1118,Aspirin,1,-0.5228787660598755,MW1140-25|20161013,0xfffffffffffff89cb,60
1119,Aspirin,1,0.0,MW1140-25|20161013,0xfffffffffffff89cb,60
1120,Aspirin,1,-1.5228787660598755,MW1147-7|20170913,0xfffffffffffff89ff,63
1121,Aspirin,1,-1.0,MW1147-7|20170913,0xfffffffffffff89ff,63
1122,Aspirin,1,-0.5228787660598755,MW1147-7|20170913,0xfffffffffffff89ff,63
1123,Aspirin,1,0.0,MW1147-7|20170913,0xfffffffffffff89cb,60
1124,Aspirin,1,0.4771212637424469,MW1147-7|20170913,0xfffffffffffff89ff,63
1125,Aspirin,1,1.0,MW1147-7|20170913,0xfffffffffffff89ff,63
1126,Aspirin,1,1.3010300397872925,MW1147-7|20170913,0xfffffffffffff89cb,60
1127,Aspirin,1,-1.5228787660598755,MW1147-8|20170913,0xfffffffffffff89ff,63
1128,Aspirin,1,-1.0,MW1147-8|20170913,0xfffffffffffff89ff,63
1129,Aspirin,1,-0.5228787660598755,MW1147-8|20170913,0xfffffffffffff89ff,63
1130,Aspirin,1,0.0,MW1147-8|20170913,0xfffffffffffff89ff,63
1131,Aspirin,1,0.4771212637424469,MW1147-8|20170913,0xfffffffffffff89ff,63
1132,Aspirin,1,1.0,MW1147-8|20170913,0xfffffffffffff89ff,63
1133,Aspirin,1,1.3010300397872925,MW1147-8|20170913,0xfffffffffffff89ff,63
1134,Aspirin,1,-1.5228787660598755,MW1147-9|20170913,0xfffffffffffff89ff,63
1135,Aspirin,1,-1.0,MW1147-9|20170913,0xfffffffffffff89ff,63
1136,Aspirin,1,-0.5228787660598755,MW1147-9|20170913,0xfffffffffffff89ff,63
1137,Aspirin,1,0.0,MW1147-9|20170913,0xfffffffffffff89ff,63
1138,Aspirin,1,0.4771212637424469,MW1147-9|20170913,0xfffffffffffff89ff,63
1139,Aspirin,1,1.0,MW1147-9|20170913,0xfffffffffffff89ff,63
1140,Aspirin,1,1.3010300397872925,MW1147-9|20170913,0xfffffffffffff89cb,60
1141,Aspirin,1,1.3010300397872925,MW1144-22|20161109,0xfffffffffffff89cb,60
1142,Aspirin,1,-1.5228787660598755,MW1144-22|20161109,0xfffffffffffff89ff,63
1143,Aspirin,1,-1.0,MW1144-22|20161109,0xfffffffffffff89cb,60
1144,Aspirin,1,-0.5228787660598755,MW1144-22|20161109,0xfffffffffffff89ff,63
1145,Aspirin,1,0.0,MW1144-22|20161109,0xfffffffffffff89ff,63
1146,Aspirin,1,0.4771212637424469,MW1144-22|20161109,0xfffffffffffff89ff,63
1147,Aspirin,1,1.0,MW1144-22|20161109,0xfffffffffffff89ff,63
1148,Aspirin,1,1.0,MW1144-23|20161109,0xfffffffffffff89cb,60
1149,Aspirin,1,1.3010300397872925,MW1144-23|20161109,0xfffffffffffff89cb,60
1150,Aspirin,1,-1.5228787660598755,MW1144-23|20161109,0xfffffffffffff89cb,60
1151,Aspirin,1,-1.0,MW1144-23|20161109,0xfffffffffffff89cb,60
1152,Aspirin,1,-0.5228787660598755,MW1144-23|20161109,0xfffffffffffff89ff,63
1153,Aspirin,1,0.0,MW1144-23|20161109,0xfffffffffffff89cb,60
1154,Aspirin,1,0.4771212637424469,MW1144-23|20161109,0xfffffffffffff89cb,60
1155,Aspirin,1,0.4771212637424469,MW1144-24|20161109,0xfffffffffffff89ff,63
1156,Aspirin,1,1.0,MW1144-24|20161109,0xfffffffffffff89ff,63
1157,Aspirin,1,1.3010300397872925,MW1144-24|20161109,0xfffffffffffff89ff,63
1158,Aspirin,1,-1.5228787660598755,MW1144-24|20161109,0xfffffffffffff89ff,63
1159,Aspirin,1,-1.0,MW1144-24|20161109,0xfffffffffffff89ff,63
1160,Aspirin,1,-0.5228787660598755,MW1144-24|20161109,0xfffffffffffff89cb,60
1161,Aspirin,1,0.0,MW1144-24|20161109,0xfffffffffffff89ff,63
1162,Atrazine,4,1.3010300397872925,MW1146-09|20170412,0xfffffffffffff89cb,60
1163,Atrazine,4,-1.5228787660598755,MW1146-09|20170412,0xfffffffffffff89cb,60
1164,Atrazine,4,-1.0,MW1146-09|20170412,0xfffffffffffff89cb,60
1165,Atrazine,4,-0.5228787660598755,MW1146-09|20170412,0xfffffffff13ff89cb,55
1166,Atrazine,4,0.0,MW1146-09|20170412,0xfffffffffffff89cb,60
1167,Atrazine,4,0.4771212637424469,MW1146-09|20170412,0xfffffffffffff89cb,60
1168,Atrazine,4,1.0,MW1146-09|20170412,0xfffffffffffff89cb,60
1169,Atrazine,4,1.0,MW1146-10|20170412,0xfffffffffffff89cb,60
1170,Atrazine,4,1.3010300397872925,MW1146-10|20170412,0xfffffffffffff89ff,63
1171,Atrazine,4,-1.5228787660598755,MW1146-10|20170412,0xfffffffffffff89cb,60
1172,Atrazine,4,-1.0,MW1146-10|20170412,0xfffffffffffff89ff,63
1173,Atrazine,4,-0.5228787660598755,MW1146-10|20170412,0xfffffffffffff89ff,63
1174,Atrazine,4,0.0,MW1146-10|20170412,0xfffffffffffff89cb,60
1175,Atrazine,4,0.4771212637424469,MW1146-10|20170412,0xfffffffffffff89cb,60
1176,Atrazine,4,0.4771212637424469,MW1146-11|20170412,0xfffffffffffff89cb,60
1177,Atrazine,4,1.0,MW1146-11|20170412,0xfffffffffffff89cb,60
1178,Atrazine,4,1.3010300397872925,MW1146-11|20170412,0xfffffffffffff89cb,60
1179,Atrazine,4,-1.5228787660598755,MW1146-11|20170412,0xfffffffffffff89cb,60
1180,Atrazine,4,-1.0,MW1146-11|20170412,0xfffffffffffff89cb,60
1181,Atrazine,4,-0.5228787660598755,MW1146-11|20170412,0xfffffffffffff89cb,60
1182,Atrazine,4,0.0,MW1146-11|20170412,0xfffffffffffff89cb,60
1183,Auramine hydrochloride,1,1.3010300397872925,MW1140-17|20160907,0xc4e5e272f139789cb,36
1184,Auramine hydrochloride,1,-1.5228787660598755,MW1140-17|20160907,0xfffff3f2f13ff89cb,50
1185,Auramine hydrochloride,1,-1.0,MW1140-17|20160907,0xfffffffff139789cb,52
1186,Auramine hydrochloride,1,-0.5228787660598755,MW1140-17|20160907,0xfffffffff13ff89cb,55
1187,Auramine hydrochloride,1,0.0,MW1140-17|20160907,0xfffffffff139789cb,52
1188,Auramine hydrochloride,1,0.4771212637424469,MW1140-17|20160907,0xffffe272f139789cb,44
1189,Auramine hydrochloride,1,1.0,MW1140-17|20160907,0xc4e5e272f139789cb,36
1190,Auramine hydrochloride,1,1.0,MW1140-18|20160907,0xc4e5e272f139789cb,36
1191,Auramine hydrochloride,1,1.3010300397872925,MW1140-18|20160907,0xc4e5e272f139789cb,36
1192,Auramine hydrochloride,1,-1.5228787660598755,MW1140-18|20160907,0xfffffffff139789cb,52
1193,Auramine hydrochloride,1,-1.0,MW1140-18|20160907,0xfffffffff139789cb,52
1194,Auramine hydrochloride,1,-0.5228787660598755,MW1140-18|20160907,0xfffffffffff9789cb,57
1195,Auramine hydrochloride,1,0.0,MW1140-18|20160907,0xffffe27ff13ff89cb,50
1196,Auramine hydrochloride,1,0.4771212637424469,MW1140-18|20160907,0xffffe272f139789cb,44
1197,Auramine hydrochloride,1,0.4771212637424469,MW1140-19|20160907,0xffffe272f139789cb,44
1198,Auramine hydrochloride,1,1.0,MW1140-19|20160907,0xc4e5e272f139789cb,36
1199,Auramine hydrochloride,1,1.3010300397872925,MW1140-19|20160907,0xc4e5e272f139789cb,36
1200,Auramine hydrochloride,1,-1.5228787660598755,MW1140-19|20160907,0xfffffffff139789cb,52
1201,Auramine hydrochloride,1,-1.0,MW1140-19|20160907,0xfffffffffffff89cb,60
1202,Auramine hydrochloride,1,-0.5228787660598755,MW1140-19|20160907,0xfffffffff139789cb,52
1203,Auramine hydrochloride,1,0.0,MW1140-19|20160907,0xfffffffff139789cb,52
1204,Auramine hydrochloride,1,1.3010300397872925,MW1140-26|20161013,0xc4e5e272f139789cb,36
1205,Auramine hydrochloride,1,-1.5228787660598755,MW1140-26|20161013,0xfffffffffffff89cb,60
1206,Auramine hydrochloride,1,-1.0,MW1140-26|20161013,0xfffffffffffff89cb,60
1207,Auramine hydrochloride,1,-0.5228787660598755,MW1140-26|20161013,0xfffffffffffff89cb,60
1208,Auramine hydrochloride,1,0.0,MW1140-26|20161013,0xfffffffff13ff89cb,55
1209,Auramine hydrochloride,1,0.4771212637424469,MW1140-26|20161013,0xfffffffff139789cb,52
1210,Auramine hydrochloride,1,1.0,MW1140-26|20161013,0xc4e5e272f139789cb,36
1211,Auramine hydrochloride,1,1.0,MW1140-27|20161013,0xc4e5e272f139789cb,36
1212,Auramine hydrochloride,1,1.3010300397872925,MW1140-27|20161013,0xc4e5e272f139789cb,36
1213,Auramine hydrochloride,1,-1.5228787660598755,MW1140-27|20161013,0xfffffffffffff89ff,63
1214,Auramine hydrochloride,1,-1.0,MW1140-27|20161013,0xfffffffffffff89ff,63
1215,Auramine hydrochloride,1,-0.5228787660598755,MW1140-27|20161013,0xfffffffffffff89ff,63
1216,Auramine hydrochloride,1,0.0,MW1140-27|20161013,0xfffffffffffff89cb,60
1217,Auramine hydrochloride,1,0.4771212637424469,MW1140-27|20161013,0xfffffffff139789cb,52
1218,Auramine hydrochloride,1,0.4771212637424469,MW1140-28|20161013,0xfffffffff13ff89cb,55
1219,Auramine hydrochloride,1,1.0,MW1140-28|20161013,0xc4e5e272f139789cb,36
1220,Auramine hydrochloride,1,1.3010300397872925,MW1140-28|20161013,0xc4e5e272f139789cb,36
1221,Auramine hydrochloride,1,-1.5228787660598755,MW1140-28|20161013,0xfffffffffffff89cb,60
1222,Auramine hydrochloride,1,-1.0,MW1140-28|20161013,0xfffffffffffff89cb,60
1223,Auramine hydrochloride,1,-0.5228787660598755,MW1140-28|20161013,0xfffffffffffff89cb,60
1224,Auramine hydrochloride,1,0.0,MW1140-28|20161013,0xfffffffffffff89ff,63
1225,Azoxystrobin,2,1.3010300397872925,MW1145-25|20170201,0xc4e5e272f139789cb,36
1226,Azoxystrobin,2,-1.5228787660598755,MW1145-25|20170201,0xfffffffffffff89ff,63
1227,Azoxystrobin,2,-1.0,MW1145-25|20170201,0xfffffffffffffffff,68
1228,Azoxystrobin,2,-0.5228787660598755,MW1145-25|20170201,0xfffffffffffffffff,68
1229,Azoxystrobin,2,0.0,MW1145-25|20170201,0xc4e5fffffffff89cb,52
1230,Azoxystrobin,2,0.4771212637424469,MW1145-25|20170201,0xc4e5e272f139789cb,36
1231,Azoxystrobin,2,1.0,MW1145-25|20170201,0xc4e5e272f139789cb,36
1232,Azoxystrobin,2,1.0,MW1145-26|20170201,0xc4e5e272f139789cb,36
1233,Azoxystrobin,2,1.3010300397872925,MW1145-26|20170201,0xc4e5e272f139789cb,36
1234,Azoxystrobin,2,-1.5228787660598755,MW1145-26|20170201,0xfffffffffffffffff,68
1235,Azoxystrobin,2,-1.0,MW1145-26|20170201,0xfffffffffffffffff,68
1236,Azoxystrobin,2,-0.5228787660598755,MW1145-26|20170201,0xfffffffffffffffff,68
1237,Azoxystrobin,2,0.0,MW1145-26|20170201,0xc4e5fffffffff89ff,55
1238,Azoxystrobin,2,0.4771212637424469,MW1145-26|20170201,0xc4e5e272f139789cb,36
1239,Azoxystrobin,2,0.4771212637424469,MW1145-27|20170201,0xc4e5e272f139789cb,36
1240,Azoxystrobin,2,1.0,MW1145-27|20170201,0xc4e5e272f139789cb,36
1241,Azoxystrobin,2,1.3010300397872925,MW1145-27|20170201,0xc4e5e272f139789cb,36
1242,Azoxystrobin,2,-1.5228787660598755,MW1145-27|20170201,0xfffffffffffffffff,68
1243,Azoxystrobin,2,-1.0,MW1145-27|20170201,0xfffffffffffffffff,68
1244,Azoxystrobin,2,-0.5228787660598755,MW1145-27|20170201,0xfffffffffffffffff,68
1245,Azoxystrobin,2,0.0,MW1145-27|20170201,0xfffffffffffffcfff,66
1246,Azoxystrobin,2,-2.522878646850586,MW1147-17|20170920,0xfffffffffffffffff,68
1247,Azoxystrobin,2,-2.0,MW1147-17|20170920,0xfffffffffffffffff,68
1248,Azoxystrobin,2,-1.5228787660598755,MW1147-17|20170920,0xfffffffffffffffff,68
1249,Azoxystrobin,2,-1.0,MW1147-17|20170920,0xfffffffffffffffff,68
1250,Azoxystrobin,2,-0.5228787660598755,MW1147-17|20170920,0xfffffffffffffffff,68
1251,Azoxystrobin,2,0.0,MW1147-17|20170920,0xfffffffffffff89ff,63
1252,Azoxystrobin,2,0.4771212637424469,MW1147-17|20170920,0xc4e5e272f139789cb,36
1253,Azoxystrobin,2,-2.522878646850586,MW1147-18|20170920,0xfffffffffffffffff,68
1254,Azoxystrobin,2,-2.0,MW1147-18|20170920,0xfffffffffffffffff,68
1255,Azoxystrobin,2,-1.5228787660598755,MW1147-18|20170920,0xfffffffffffffffff,68
1256,Azoxystrobin,2,-1.0,MW1147-18|20170920,0xfffffffffffffffff,68
1257,Azoxystrobin,2,-0.5228787660598755,MW1147-18|20170920,0xfffffffffffffffff,68
1258,Azoxystrobin,2,0.0,MW1147-18|20170920,0xfffffffffffffffff,68
1259,Azoxystrobin,2,0.4771212637424469,MW1147-18|20170920,0xc4e5e272f139789cb,36
1260,Azoxystrobin,2,-2.522878646850586,MW1147-19|20170920,0xfffffffffffffffff,68
1261,Azoxystrobin,2,-2.0,MW1147-19|20170920,0xfffffffffffffffff,68
1262,Azoxystrobin,2,-1.5228787660598755,MW1147-19|20170920,0xfffffffffffffffff,68
1263,Azoxystrobin,2,-1.0,MW1147-19|20170920,0xfffffffffffffffff,68
1264,Azoxystrobin,2,-0.5228787660598755,MW1147-19|20170920,0xfffffffffffffffff,68
1265,Azoxystrobin,2,0.0,MW1147-19|20170920,0xfffffffffffffffff,68
1266,Azoxystrobin,2,0.4771212637424469,MW1147-19|20170920,0xc4e5e272f139789cb,36
1267,Bensulide,4,2.0,MW1056-28|20151209,0xc4e5e272f139789cb,36
1268,Bensulide,4,-1.0,MW1056-28|20151209,0xfffffffffffff89ff,63
1269,Bensulide,4,-0.5228787660598755,MW1056-28|20151209,0xfffffffffffff89ff,63
1270,Bensulide,4,0.0,MW1056-28|20151209,0xfffffffffffff89cb,60
1271,Bensulide,4,0.4771212637424469,MW1056-28|20151209,0xfffffffffffff89ff,63
1272,Bensulide,4,1.0,MW1056-28|20151209,0xfffffffffffff89cb,60
1273,Bensulide,4,1.4771212339401245,MW1056-28|20151209,0xffe5fff2f139789cb,46
1274,Bensulide,4,1.4771212339401245,MW1056-29|20151209,0xfffffffff139789cb,52
1275,Bensulide,4,2.0,MW1056-29|20151209,0xc4e5e272f139789cb,36
1276,Bensulide,4,-1.0,MW1056-29|20151209,0xfffffffffffff89cb,60
1277,Bensulide,4,-0.5228787660598755,MW1056-29|20151209,0xfffffffffffff89ff,63
1278,Bensulide,4,0.0,MW1056-29|20151209,0xfffffffffffffcfff,66
1279,Bensulide,4,0.4771212637424469,MW1056-29|20151209,0xfffffffffffff89cb,60
1280,Bensulide,4,1.0,MW1056-29|20151209,0xfffffffffffff89cb,60
1281,Bensulide,4,1.0,MW1056-36|20151209,0xfffffffffffff89ff,63
1282,Bensulide,4,1.4771212339401245,MW1056-36|20151209,0xfffffffff139789cb,52
1283,Bensulide,4,2.0,MW1056-36|20151209,0xc4e5e272f139789cb,36
1284,Bensulide,4,-1.0,MW1056-36|20151209,0xfffffffffffff89ff,63
1285,Bensulide,4,-0.5228787660598755,MW1056-36|20151209,0xfffffffffffff89ff,63
1286,Bensulide,4,0.0,MW1056-36|20151209,0xfffffffffffff89ff,63
1287,Bensulide,4,0.4771212637424469,MW1056-36|20151209,0xfffffffffffff89ff,63
1288,Bensulide,4,2.0,MW1117-22|20160330,0xc4e5e272f139789cb,36
1289,Bensulide,4,-1.0,MW1117-22|20160330,0xfffffffffffffffff,68
1290,Bensulide,4,-0.5228787660598755,MW1117-22|20160330,0xfffffffffffffffff,68
1291,Bensulide,4,0.0,MW1117-22|20160330,0xfffffffffffffffff,68
1292,Bensulide,4,0.4771212637424469,MW1117-22|20160330,0xfffffffffffffffff,68
1293,Bensulide,4,1.0,MW1117-22|20160330,0xfffffffffffffffcb,65
1294,Bensulide,4,1.4771212339401245,MW1117-22|20160330,0xfffffffff139789cb,52
1295,Bensulide,4,1.4771212339401245,MW1117-23|20160330,0xfffffffff139789cb,52
1296,Bensulide,4,2.0,MW1117-23|20160330,0xc4e5e272f139789cb,36
1297,Bensulide,4,-1.0,MW1117-23|20160330,0xfffffffffffff89ff,63
1298,Bensulide,4,-0.5228787660598755,MW1117-23|20160330,0xfffffffffffff89ff,63
1299,Bensulide,4,0.0,MW1117-23|20160330,0xfffffffffffffffff,68
1300,Bensulide,4,0.4771212637424469,MW1117-23|20160330,0xfffffffffffffffff,68
1301,Bensulide,4,1.0,MW1117-23|20160330,0xfffffffffffff89cb,60
1302,Bensulide,4,1.0,MW1117-24|20160330,0xfffffffffffff89ff,63
1303,Bensulide,4,1.4771212339401245,MW1117-24|20160330,0xfffffffff139789cb,52
1304,Bensulide,4,2.0,MW1117-24|20160330,0xc4e5e272f139789cb,36
1305,Bensulide,4,-1.0,MW1117-24|20160330,0xfffffffffffffffff,68
1306,Bensulide,4,-0.5228787660598755,MW1117-24|20160330,0xfffffffffffffffff,68
1307,Bensulide,4,0.0,MW1117-24|20160330,0xfffffffffffffffff,68
1308,Bensulide,4,0.4771212637424469,MW1117-24|20160330,0xfffffffffffff89ff,63
1330,Benzo(b)fluoranthene,3,-1.5228787660598755,MW1147-16|20171011,0xfffffffffffff89ff,63
1331,Benzo(b)fluoranthene,3,-1.0,MW1147-16|20171011,0xfffffffffffff89ff,63
1332,Benzo(b)fluoranthene,3,-0.5228787660598755,MW1147-16|20171011,0xfffffffffffff89ff,63
1333,Benzo(b)fluoranthene,3,0.0,MW1147-16|20171011,0xfffffffffffff89ff,63
1334,Benzo(b)fluoranthene,3,0.4771212637424469,MW1147-16|20171011,0xfffffffffffff89ff,63
1335,Benzo(b)fluoranthene,3,1.0,MW1147-16|20171011,0xfffffffffffff89ff,63
1336,Benzo(b)fluoranthene,3,1.3010300397872925,MW1147-16|20171011,0xfffffffff9fff89ff,61
1337,Benzo(b)fluoranthene,3,-1.5228787660598755,MW1147-26|20171011,0xfffffffffffff89ff,63
1338,Benzo(b)fluoranthene,3,-1.0,MW1147-26|20171011,0xfffffffffffff89ff,63
1339,Benzo(b)fluoranthene,3,-0.5228787660598755,MW1147-26|20171011,0xfffffffffffff89ff,63
1340,Benzo(b)fluoranthene,3,0.0,MW1147-26|20171011,0xfffffffffffff89ff,63
1341,Benzo(b)fluoranthene,3,0.4771212637424469,MW1147-26|20171011,0xfffffffffffff89ff,63
1342,Benzo(b)fluoranthene,3,1.0,MW1147-26|20171011,0xfffffffffffff89cb,60
1343,Benzo(b)fluoranthene,3,1.3010300397872925,MW1147-26|20171011,0xfffffffff13ff89cb,55
1344,Benzo(b)fluoranthene,3,-1.5228787660598755,MW1147-27|20171011,0xfffffffffffff89ff,63
1345,Benzo(b)fluoranthene,3,-1.0,MW1147-27|20171011,0xfffffffffffff89ff,63
1346,Benzo(b)fluoranthene,3,-0.5228787660598755,MW1147-27|20171011,0xfffffffffffffcfff,66
1347,Benzo(b)fluoranthene,3,0.0,MW1147-27|20171011,0xfffffffffffff89ff,63
1348,Benzo(b)fluoranthene,3,0.4771212637424469,MW1147-27|20171011,0xfffffffffffff89ff,63
1349,Benzo(b)fluoranthene,3,1.0,MW1147-27|20171011,0xfffffffffffff89cb,60
1350,Benzo(b)fluoranthene,3,1.3010300397872925,MW1147-27|20171011,0xfffffffff9fff89cb,58
1351,Benzo(b)fluoranthene,3,-1.5228787660598755,MW1147-3|20170816,0xfffffffffffffffff,68
1352,Benzo(b)fluoranthene,3,-1.0,MW1147-3|20170816,0xfffffffffffffffff,68
1353,Benzo(b)fluoranthene,3,-0.5228787660598755,MW1147-3|20170816,0xfffffffffffffffff,68
1354,Benzo(b)fluoranthene,3,0.0,MW1147-3|20170816,0xfffffffffffffcfff,66
1355,Benzo(b)fluoranthene,3,0.4771212637424469,MW1147-3|20170816,0xfffffffffffffffff,68
1356,Benzo(b)fluoranthene,3,1.0,MW1147-3|20170816,0xfffffffffffff89ff,63
1357,Benzo(b)fluoranthene,3,1.3010300397872925,MW1147-3|20170816,0xfffffffff139789cb,52
1358,Benzo(b)fluoranthene,3,-1.5228787660598755,MW1147-4|20170816,0xfffffffffffffffff,68
1359,Benzo(b)fluoranthene,3,-1.0,MW1147-4|20170816,0xfffffffffffffffff,68
1360,Benzo(b)fluoranthene,3,-0.5228787660598755,MW1147-4|20170816,0xfffffffffffffffff,68
1361,Benzo(b)fluoranthene,3,0.0,MW1147-4|20170816,0xfffffffffffffffff,68
1362,Benzo(b)fluoranthene,3,1.0,MW1147-4|20170816,0xfffffffffffffffff,68
1363,Benzo(b)fluoranthene,3,1.3010300397872925,MW1147-4|20170816,0xfffffffff13ff89cb,55
1364,Benzo(b)fluoranthene,3,-1.5228787660598755,MW1147-5|20170816,0xfffffffffffffffff,68
1365,Benzo(b)fluoranthene,3,-1.0,MW1147-5|20170816,0xfffffffffffffffff,68
1366,Benzo(b)fluoranthene,3,-0.5228787660598755,MW1147-5|20170816,0xfffffffffffffffff,68
1367,Benzo(b)fluoranthene,3,0.0,MW1147-5|20170816,0xfffffffffffffffff,68
1368,Benzo(b)fluoranthene,3,0.4771212637424469,MW1147-5|20170816,0xfffffffffffffffff,68
1369,Benzo(b)fluoranthene,3,1.0,MW1147-5|20170816,0xfffffffff9fffcfff,64
1370,Benzo(b)fluoranthene,3,1.3010300397872925,MW1147-5|20170816,0xfffffffff9fff89cb,58
1371,Benzo[a]pyrene,2,1.3010300397872925,MW1139-27|20160803,0xfffffffff9fff89cb,58
1372,Benzo[a]pyrene,2,-1.5228787660598755,MW1139-27|20160803,0xfffffffffffff89ff,63
1373,Benzo[a]pyrene,2,-1.0,MW1139-27|20160803,0xfffffffffffff89cb,60
1374,Benzo[a]pyrene,2,-0.5228787660598755,MW1139-27|20160803,0xfffffffffffff89cb,60
1375,Benzo[a]pyrene,2,0.0,MW1139-27|20160803,0xfffffffffffff89cb,60
1376,Benzo[a]pyrene,2,0.4771212637424469,MW1139-27|20160803,0xfffffffffffff89cb,60
1377,Benzo[a]pyrene,2,1.0,MW1139-27|20160803,0xfffffffff139789cb,52
1378,Benzo[a]pyrene,2,1.0,MW1139-28|20160803,0xfffffffff13ff89cb,55
1379,Benzo[a]pyrene,2,1.3010300397872925,MW1139-28|20160803,0xfffffffff13ff89cb,55
1380,Benzo[a]pyrene,2,-1.5228787660598755,MW1139-28|20160803,0xfffffffffffff89cb,60
1381,Benzo[a]pyrene,2,-1.0,MW1139-28|20160803,0xfffffffffffff89cb,60
1382,Benzo[a]pyrene,2,-0.5228787660598755,MW1139-28|20160803,0xfffffffffffff89cb,60
1383,Benzo[a]pyrene,2,0.0,MW1139-28|20160803,0xfffffffffffff89cb,60
1384,Benzo[a]pyrene,2,0.4771212637424469,MW1139-28|20160803,0xfffffffffffff89cb,60
1385,Benzo[a]pyrene,2,0.4771212637424469,MW1139-29|20160803,0xfffffffffffff89cb,60
1386,Benzo[a]pyrene,2,1.0,MW1139-29|20160803,0xfffffffff9fff89cb,58
1387,Benzo[a]pyrene,2,1.3010300397872925,MW1139-29|20160803,0xfffffffff13ff89cb,55
1388,Benzo[a]pyrene,2,-1.5228787660598755,MW1139-29|20160803,0xfffffffffffff89cb,60
1389,Benzo[a]pyrene,2,-1.0,MW1139-29|20160803,0xfffffffffffff89cb,60
1390,Benzo[a]pyrene,2,-0.5228787660598755,MW1139-29|20160803,0xfffffffffffff89cb,60
1391,Benzo[a]pyrene,2,0.0,MW1139-29|20160803,0xfffffffffffff89ff,63
1392,Benzo[e]pyrene,2,1.3010300397872925,MW1139-27|20160803,0xfffffffffffff89cb,60
1393,Benzo[e]pyrene,2,-1.5228787660598755,MW1139-27|20160803,0xfffffffffffff89ff,63
1394,Benzo[e]pyrene,2,-1.0,MW1139-27|20160803,0xfffffffffffff89ff,63
1395,Benzo[e]pyrene,2,-0.5228787660598755,MW1139-27|20160803,0xfffffffffffff89cb,60
1396,Benzo[e]pyrene,2,0.0,MW1139-27|20160803,0xfffffffffffff89cb,60
1397,Benzo[e]pyrene,2,0.4771212637424469,MW1139-27|20160803,0xfffffffff139789cb,52
1398,Benzo[e]pyrene,2,1.0,MW1139-27|20160803,0xfffffffff139789cb,52
1399,Benzo[e]pyrene,2,1.0,MW1139-28|20160803,0xfffff3f2f13ff89cb,50
1400,Benzo[e]pyrene,2,1.3010300397872925,MW1139-28|20160803,0xfffffffff13ff89cb,55
1401,Benzo[e]pyrene,2,-1.5228787660598755,MW1139-28|20160803,0xfffffffffffff89cb,60
1402,Benzo[e]pyrene,2,-1.0,MW1139-28|20160803,0xfffffffffffff89cb,60
1403,Benzo[e]pyrene,2,-0.5228787660598755,MW1139-28|20160803,0xfffffffffffff89cb,60
1404,Benzo[e]pyrene,2,0.0,MW1139-28|20160803,0xfffffffffffff89cb,60
1405,Benzo[e]pyrene,2,0.4771212637424469,MW1139-28|20160803,0xfffffffffffff89cb,60
1406,Benzo[e]pyrene,2,0.4771212637424469,MW1139-29|20160803,0xfffffffffffff89cb,60
1407,Benzo[e]pyrene,2,1.0,MW1139-29|20160803,0xfffffffff13ff89cb,55
1408,Benzo[e]pyrene,2,1.3010300397872925,MW1139-29|20160803,0xfffffffffffff89cb,60
1409,Benzo[e]pyrene,2,-1.5228787660598755,MW1139-29|20160803,0xfffffffffffff89ff,63
1410,Benzo[e]pyrene,2,-1.0,MW1139-29|20160803,0xfffffffffffff89ff,63
1411,Benzo[e]pyrene,2,-0.5228787660598755,MW1139-29|20160803,0xfffffffffffff89cb,60
1412,Benzo[e]pyrene,2,0.0,MW1139-29|20160803,0xfffffffffffff89ff,63
1434,Benzo[k]fluoranthene,1,1.3010300397872925,MW1139-27|20160803,0xfffffffffffff89cb,60
1435,Benzo[k]fluoranthene,1,-1.5228787660598755,MW1139-27|20160803,0xfffffffffffff89cb,60
1436,Benzo[k]fluoranthene,1,-1.0,MW1139-27|20160803,0xfffffffffffff89cb,60
1437,Benzo[k]fluoranthene,1,-0.5228787660598755,MW1139-27|20160803,0xfffffffff9fff89cb,58
1438,Benzo[k]fluoranthene,1,0.0,MW1139-27|20160803,0xfffffffff139789cb,52
1439,Benzo[k]fluoranthene,1,0.4771212637424469,MW1139-27|20160803,0xfffffffff9f9789cb,55
1440,Benzo[k]fluoranthene,1,1.0,MW1139-27|20160803,0xffffe27ff13ff89cb,50
1441,Benzo[k]fluoranthene,1,1.0,MW1139-28|20160803,0xfffffffffff9789cb,57
1442,Benzo[k]fluoranthene,1,1.3010300397872925,MW1139-28|20160803,0xfffffffffffff89cb,60
1443,Benzo[k]fluoranthene,1,-1.5228787660598755,MW1139-28|20160803,0xfffffffffffff89cb,60
1444,Benzo[k]fluoranthene,1,-1.0,MW1139-28|20160803,0xfffffffffffff89cb,60
1445,Benzo[k]fluoranthene,1,-0.5228787660598755,MW1139-28|20160803,0xfffffffffffff89cb,60
1446,Benzo[k]fluoranthene,1,0.0,MW1139-28|20160803,0xfffffffff139789cb,52
1447,Benzo[k]fluoranthene,1,0.4771212637424469,MW1139-28|20160803,0xfffffffffff9789cb,57
1448,Benzo[k]fluoranthene,1,0.4771212637424469,MW1139-29|20160803,0xfffffffffffff89cb,60
1449,Benzo[k]fluoranthene,1,1.0,MW1139-29|20160803,0xfffffffffffff89cb,60
1450,Benzo[k]fluoranthene,1,1.3010300397872925,MW1139-29|20160803,0xfffffffffffff89cb,60
1451,Benzo[k]fluoranthene,1,-1.5228787660598755,MW1139-29|20160803,0xfffffffffffff89cb,60
1452,Benzo[k]fluoranthene,1,-1.0,MW1139-29|20160803,0xfffffffffffff89cb,60
1453,Benzo[k]fluoranthene,1,-0.5228787660598755,MW1139-29|20160803,0xfffffffffffff89cb,60
1454,Benzo[k]fluoranthene,1,0.0,MW1139-29|20160803,0xfffffffffffff89cb,60
1455,Berberine chloride,1,1.3010300397872925,MW1140-23|20161013,0xc4e5e272f139789cb,36
1456,Berberine chloride,1,-1.5228787660598755,MW1140-23|20161013,0xfffffffffffff89cb,60
1457,Berberine chloride,1,-1.0,MW1140-23|20161013,0xfffffffffffff89cb,60
1458,Berberine chloride,1,-0.5228787660598755,MW1140-23|20161013,0xc4e5e272f139789cb,36
1459,Berberine chloride,1,0.0,MW1140-23|20161013,0xc4e5e272f139789cb,36
1460,Berberine chloride,1,0.4771212637424469,MW1140-23|20161013,0xc4e5e272f139789cb,36
1461,Berberine chloride,1,1.0,MW1140-23|20161013,0xc4e5e272f139789cb,36
1462,Berberine chloride,1,1.0,MW1140-24|20161013,0xc4e5e272f139789cb,36
1463,Berberine chloride,1,1.3010300397872925,MW1140-24|20161013,0xc4e5e272f139789cb,36
1464,Berberine chloride,1,-1.5228787660598755,MW1140-24|20161013,0xfffffffffffff89cb,60
1465,Berberine chloride,1,-1.0,MW1140-24|20161013,0xfffffffff13ff89cb,55
1466,Berberine chloride,1,-0.5228787660598755,MW1140-24|20161013,0xc4e5e27ff139789cb,39
1467,Berberine chloride,1,0.0,MW1140-24|20161013,0xc4e5e272f139789cb,36
1468,Berberine chloride,1,0.4771212637424469,MW1140-24|20161013,0xc4e5e272f139789cb,36
1469,Berberine chloride,1,0.4771212637424469,MW1140-25|20161013,0xc4e5e272f139789cb,36
1470,Berberine chloride,1,1.0,MW1140-25|20161013,0xc4e5e272f139789cb,36
1471,Berberine chloride,1,1.3010300397872925,MW1140-25|20161013,0xc4e5e272f139789cb,36
1472,Berberine chloride,1,-1.5228787660598755,MW1140-25|20161013,0xfffffffffffff89cb,60
1473,Berberine chloride,1,-1.0,MW1140-25|20161013,0xfffffffff13ff89cb,55
1474,Berberine chloride,1,-0.5228787660598755,MW1140-25|20161013,0xc4e5e27ff139789cb,39
1475,Berberine chloride,1,0.0,MW1140-25|20161013,0xc4e5e272f139789cb,36
1476,Berberine chloride,1,-4.0,MW1147-10|20170913,0xfffffffffffff89ff,63
1477,Berberine chloride,1,-3.522878646850586,MW1147-10|20170913,0xfffffffffffff89ff,63
1478,Berberine chloride,1,-3.0,MW1147-10|20170913,0xfffffffffffff89ff,63
1479,Berberine chloride,1,-2.522878646850586,MW1147-10|20170913,0xfffffffffffff89ff,63
1480,Berberine chloride,1,-2.0,MW1147-10|20170913,0xfffffffffffff89ff,63
1481,Berberine chloride,1,-1.5228787660598755,MW1147-10|20170913,0xfffffffffffff89ff,63
1482,Berberine chloride,1,-1.0,MW1147-10|20170913,0xfffffffffffff89ff,63
1483,Berberine chloride,1,-4.0,MW1147-11|20170913,0xfffffffffffff89ff,63
1484,Berberine chloride,1,-3.522878646850586,MW1147-11|20170913,0xfffffffffffff89cb,60
1485,Berberine chloride,1,-3.0,MW1147-11|20170913,0xfffffffffffff89ff,63
1486,Berberine chloride,1,-2.522878646850586,MW1147-11|20170913,0xfffffffffffff89ff,63
1487,Berberine chloride,1,-2.0,MW1147-11|20170913,0xfffffffffffff89ff,63
1488,Berberine chloride,1,-1.5228787660598755,MW1147-11|20170913,0xfffffffffffff89ff,63
1489,Berberine chloride,1,-1.0,MW1147-11|20170913,0xfffffffffffff89ff,63
1490,Berberine chloride,1,-4.0,MW1147-12|20170913,0xfffffffffffff89ff,63
1491,Berberine chloride,1,-3.522878646850586,MW1147-12|20170913,0xfffffffffffff89ff,63
1492,Berberine chloride,1,-3.0,MW1147-12|20170913,0xfffffffffffff89ff,63
1493,Berberine chloride,1,-2.522878646850586,MW1147-12|20170913,0xfffffffffffff89ff,63
1494,Berberine chloride,1,-2.0,MW1147-12|20170913,0xfffffffffffff89cb,60
1495,Berberine chloride,1,-1.5228787660598755,MW1147-12|20170913,0xfffffffffffff89ff,63
1496,Berberine chloride,1,-1.0,MW1147-12|20170913,0xfffffffffffff89cb,60
1497,Bifenthrin,1,-1.5228787660598755,MW1146-26|20170712,0xfffffffffffff89cb,60
1498,Bifenthrin,1,-1.0,MW1146-26|20170712,0xfffffffff139789cb,52
1499,Bifenthrin,1,-0.5228787660598755,MW1146-26|20170712,0xfffffffff13ff89cb,55
1500,Bifenthrin,1,0.0,MW1146-26|20170712,0xfffffffff9fff89cb,58
1501,Bifenthrin,1,0.4771212637424469,MW1146-26|20170712,0xc4e5e27ff139789cb,39
1502,Bifenthrin,1,1.0,MW1146-26|20170712,0xc4e5e272f139789cb,36
1503,Bifenthrin,1,1.3010300397872925,MW1146-26|20170712,0xc4e5e272f139789cb,36
1504,Bifenthrin,1,-1.5228787660598755,MW1146-27|20170712,0xfffffffff13ff89cb,55
1505,Bifenthrin,1,-1.0,MW1146-27|20170712,0xfffffffffffff89cb,60
1506,Bifenthrin,1,-0.5228787660598755,MW1146-27|20170712,0xfffffffffffff89ff,63
1507,Bifenthrin,1,0.0,MW1146-27|20170712,0xfffffffffffff89ff,63
1508,Bifenthrin,1,0.4771212637424469,MW1146-27|20170712,0xc4e5e272f139789cb,36
1509,Bifenthrin,1,1.0,MW1146-27|20170712,0xc4e5e272f139789cb,36
1510,Bifenthrin,1,1.3010300397872925,MW1146-27|20170712,0xc4e5e272f139789cb,36
1511,Bifenthrin,1,-1.5228787660598755,MW1146-28|20170712,0xfffffffffffff89cb,60
1512,Bifenthrin,1,-1.0,MW1146-28|20170712,0xfffffffff13ff89cb,55
1513,Bifenthrin,1,-0.5228787660598755,MW1146-28|20170712,0xfffffffff13ff89cb,55
1514,Bifenthrin,1,0.0,MW1146-28|20170712,0xfffffffff13ff89cb,55
1515,Bifenthrin,1,0.4771212637424469,MW1146-28|20170712,0xc4e5e27ff139789cb,39
1516,Bifenthrin,1,1.0,MW1146-28|20170712,0xc4e5e272f139789cb,36
1517,Bifenthrin,1,1.3010300397872925,MW1146-28|20170712,0xc4e5e272f139789cb,36
1518,Bis(2-ethylhexyl) tetrabromophthalate,2,1.3010300397872925,MW1139-19|20160720,0xfffffffff9fff89cb,58
1519,Bis(2-ethylhexyl) tetrabromophthalate,2,-1.5228787660598755,MW1139-19|20160720,0xfffffffffffff89ff,63
1520,Bis(2-ethylhexyl) tetrabromophthalate,2,-1.0,MW1139-19|20160720,0xfffffffffffff89ff,63
1521,Bis(2-ethylhexyl) tetrabromophthalate,2,-0.5228787660598755,MW1139-19|20160720,0xfffffffffffff89ff,63
1522,Bis(2-ethylhexyl) tetrabromophthalate,2,0.0,MW1139-19|20160720,0xfffffffffffff89cb,60
1523,Bis(2-ethylhexyl) tetrabromophthalate,2,0.4771212637424469,MW1139-19|20160720,0xfffffffff13ff89cb,55
1524,Bis(2-ethylhexyl) tetrabromophthalate,2,1.0,MW1139-19|20160720,0xfffffffffffff89cb,60
1525,Bis(2-ethylhexyl) tetrabromophthalate,2,1.0,MW1139-21|20160720,0xfffffffffffff89cb,60
1526,Bis(2-ethylhexyl) tetrabromophthalate,2,1.3010300397872925,MW1139-21|20160720,0xfffffffff9fff89cb,58
1527,Bis(2-ethylhexyl) tetrabromophthalate,2,-1.5228787660598755,MW1139-21|20160720,0xfffffffffffff89ff,63
1528,Bis(2-ethylhexyl) tetrabromophthalate,2,-1.0,MW1139-21|20160720,0xfffffffffffff89ff,63
1529,Bis(2-ethylhexyl) tetrabromophthalate,2,-0.5228787660598755,MW1139-21|20160720,0xfffffffffffff89ff,63
1530,Bis(2-ethylhexyl) tetrabromophthalate,2,0.0,MW1139-21|20160720,0xfffffffffffff89cb,60
1531,Bis(2-ethylhexyl) tetrabromophthalate,2,0.4771212637424469,MW1139-21|20160720,0xfffffffff9fff89cb,58
1532,Bis(2-ethylhexyl) tetrabromophthalate,2,0.4771212637424469,MW1139-22|20160720,0xfffffffff13ff89cb,55
1533,Bis(2-ethylhexyl) tetrabromophthalate,2,1.0,MW1139-22|20160720,0xfffffffff13ff89ff,58
1534,Bis(2-ethylhexyl) tetrabromophthalate,2,1.3010300397872925,MW1139-22|20160720,0xfffffffff9fff89ff,61
1535,Bis(2-ethylhexyl) tetrabromophthalate,2,-1.5228787660598755,MW1139-22|20160720,0xfffffffffffff89cb,60
1536,Bis(2-ethylhexyl) tetrabromophthalate,2,-1.0,MW1139-22|20160720,0xfffffffffffff89ff,63
1537,Bis(2-ethylhexyl) tetrabromophthalate,2,-0.5228787660598755,MW1139-22|20160720,0xfffffffffffff89ff,63
1538,Bis(2-ethylhexyl) tetrabromophthalate,2,0.0,MW1139-22|20160720,0xfffffffffffff89cb,60
1539,Bis(tributyltin)oxide,1,0.0,MW1044-2|20150819,0xc4e5e272f139789cb,36
1540,Bis(tributyltin)oxide,1,-3.0,MW1044-2|20150819,0xfffffffffffffffff,68
1541,Bis(tributyltin)oxide,1,-2.522878646850586,MW1044-2|20150819,0xfffffffffffffffff,68
1542,Bis(tributyltin)oxide,1,-2.0,MW1044-2|20150819,0xfffffffffffffffff,68
1543,Bis(tributyltin)oxide,1,-1.5228787660598755,MW1044-2|20150819,0xfffffffffffffcfff,66
1544,Bis(tributyltin)oxide,1,-1.0,MW1044-2|20150819,0xc4e5e272f139789cb,36
1545,Bis(tributyltin)oxide,1,-0.5228787660598755,MW1044-2|20150819,0xc4e5e272f139789cb,36
1546,Bis(tributyltin)oxide,1,-0.5228787660598755,MW1044-6|20150819,0xc4e5e272f139789cb,36
1547,Bis(tributyltin)oxide,1,0.0,MW1044-6|20150819,0xc4e5e272f139789cb,36
1548,Bis(tributyltin)oxide,1,-3.0,MW1044-6|20150819,0xfffffffffffffffff,68
1549,Bis(tributyltin)oxide,1,-2.522878646850586,MW1044-6|20150819,0xfffffffffffffffff,68
1550,Bis(tributyltin)oxide,1,-2.0,MW1044-6|20150819,0xfffffffffffffffff,68
1551,Bis(tributyltin)oxide,1,-1.5228787660598755,MW1044-6|20150819,0xfffffffffffffcfff,66
1552,Bis(tributyltin)oxide,1,-1.0,MW1044-6|20150819,0xc4e5e272f139789cb,36
1553,Bis(tributyltin)oxide,1,-1.0,MW1044-7|20150819,0xc4e5e272f139789cb,36
1554,Bis(tributyltin)oxide,1,-0.5228787660598755,MW1044-7|20150819,0xc4e5e272f139789cb,36
1555,Bis(tributyltin)oxide,1,0.0,MW1044-7|20150819,0xc4e5e272f139789cb,36
1556,Bis(tributyltin)oxide,1,-3.0,MW1044-7|20150819,0xfffffffffffffffff,68
1557,Bis(tributyltin)oxide,1,-2.522878646850586,MW1044-7|20150819,0xfffffffffffffffff,68
1558,Bis(tributyltin)oxide,1,-2.0,MW1044-7|20150819,0xfffffffffffffffff,68
1559,Bis(tributyltin)oxide,1,-1.5228787660598755,MW1044-7|20150819,0xfffffffffffffffff,68
1560,Bisindolylmaleimide I,1,-1.5228787660598755,MW1007-26|20140205,0xfffffffffffff89ff,63
1561,Bisindolylmaleimide I,1,-1.0,MW1007-26|20140205,0xfffffffffffff89ff,63
1562,Bisindolylmaleimide I,1,-0.5228787660598755,MW1007-26|20140205,0xfffffffffffff89ff,63
1563,Bisindolylmaleimide I,1,0.0,MW1007-26|20140205,0xfffffffffffff89cb,60
1564,Bisindolylmaleimide I,1,0.4771212637424469,MW1007-26|20140205,0xfffffffff139789cb,52
1565,Bisindolylmaleimide I,1,1.0,MW1007-26|20140205,0xc4e5e272f139789cb,36
1566,Bisindolylmaleimide I,1,-1.5228787660598755,MW1007-26|20140716,0xfffffffffff9789cb,57
1567,Bisindolylmaleimide I,1,-1.0,MW1007-26|20140716,0xfffffffff13ff89cb,55
1568,Bisindolylmaleimide I,1,-0.5228787660598755,MW1007-26|20140716,0xfffffffff13ff89cb,55
1569,Bisindolylmaleimide I,1,0.0,MW1007-26|20140716,0xfffffffff139789cb,52
1570,Bisindolylmaleimide I,1,0.4771212637424469,MW1007-26|20140716,0xfffffffff139789cb,52
1571,Bisindolylmaleimide I,1,1.0,MW1007-26|20140716,0xc4e5e272f139789cb,36
1572,Bisindolylmaleimide I,1,-1.5228787660598755,MW1007-26|20140716,0xfffffffffffff89cb,60
1573,Bisindolylmaleimide I,1,-1.0,MW1007-26|20140716,0xfffffffffffff89cb,60
1574,Bisindolylmaleimide I,1,-0.5228787660598755,MW1007-26|20140716,0xfffffffff13ff89cb,55
1575,Bisindolylmaleimide I,1,0.0,MW1007-26|20140716,0xfffffffff139789cb,52
1576,Bisindolylmaleimide I,1,0.4771212637424469,MW1007-26|20140716,0xfffffff2f139789cb,49
1577,Bisindolylmaleimide I,1,1.0,MW1007-26|20140716,0xc4e5e272f139789cb,36
1578,Bisindolylmaleimide I,1,-1.5228787660598755,MW1007-27|20140212,0xfffffffffffff89cb,60
1579,Bisindolylmaleimide I,1,-1.0,MW1007-27|20140212,0xfffffffff13ff89cb,55
1580,Bisindolylmaleimide I,1,-0.5228787660598755,MW1007-27|20140212,0xfffffffff13ff89cb,55
1581,Bisindolylmaleimide I,1,0.0,MW1007-27|20140212,0xfffffffff13ff89cb,55
1582,Bisindolylmaleimide I,1,0.4771212637424469,MW1007-27|20140212,0xffffe272f139789cb,44
1583,Bisindolylmaleimide I,1,1.0,MW1007-27|20140212,0xc4e5e272f139789cb,36
1584,Bisindolylmaleimide I,1,-1.5228787660598755,MW1007-27|20140402,0xfffffffffffffffff,68
1585,Bisindolylmaleimide I,1,-1.0,MW1007-27|20140402,0xfffffffffffffffff,68
1586,Bisindolylmaleimide I,1,-0.5228787660598755,MW1007-27|20140402,0xfffffffffffffcfff,66
1587,Bisindolylmaleimide I,1,0.0,MW1007-27|20140402,0xfffffffffffff89ff,63
1588,Bisindolylmaleimide I,1,0.4771212637424469,MW1007-27|20140402,0xfffffffff9fff89cb,58
1589,Bisindolylmaleimide I,1,1.0,MW1007-27|20140402,0xc4e5e272f139789cb,36
1590,Bisindolylmaleimide I,1,-1.5228787660598755,MW1007-27|20140212,0xfffffffffffff89cb,60
1591,Bisindolylmaleimide I,1,-1.0,MW1007-27|20140212,0xfffffffff13ff89cb,55
1592,Bisindolylmaleimide I,1,-0.5228787660598755,MW1007-27|20140212,0xfffffffff13ff89cb,55
1593,Bisindolylmaleimide I,1,0.0,MW1007-27|20140212,0xfffffffff13ff89cb,55
1594,Bisindolylmaleimide I,1,0.4771212637424469,MW1007-27|20140212,0xffffe272f139789cb,44
1595,Bisindolylmaleimide I,1,1.0,MW1007-27|20140212,0xc4e5e272f139789cb,36
1596,Bisindolylmaleimide I,1,-1.5228787660598755,MW1007-27|20140402,0xfffffffffffffffff,68
1597,Bisindolylmaleimide I,1,-1.0,MW1007-27|20140402,0xfffffffffffffffff,68
1598,Bisindolylmaleimide I,1,-0.5228787660598755,MW1007-27|20140402,0xfffffffffffffcfff,66
1599,Bisindolylmaleimide I,1,0.0,MW1007-27|20140402,0xfffffffffffff89ff,63
1600,Bisindolylmaleimide I,1,0.4771212637424469,MW1007-27|20140402,0xfffffffff9fff89cb,58
1601,Bisindolylmaleimide I,1,1.0,MW1007-27|20140402,0xc4e5e272f139789cb,36
1602,Bisindolylmaleimide I,1,-1.5228787660598755,MW1007-38|20140423,0xfffffffffffff89cb,60
1603,Bisindolylmaleimide I,1,-1.0,MW1007-38|20140423,0xfffffffffffff89cb,60
1604,Bisindolylmaleimide I,1,-0.5228787660598755,MW1007-38|20140423,0xfffffffffffff89cb,60
1605,Bisindolylmaleimide I,1,0.0,MW1007-38|20140423,0xfffffffff139789cb,52
1606,Bisindolylmaleimide I,1,0.4771212637424469,MW1007-38|20140423,0xfffffffff139789cb,52
1607,Bisindolylmaleimide I,1,1.0,MW1007-38|20140423,0xc4e5e272f139789cb,36
1608,Bisindolylmaleimide I,1,-1.5228787660598755,MW1007-104|20140730,0xfffffffff13ff89cb,55
1609,Bisindolylmaleimide I,1,-1.0,MW1007-104|20140730,0xfffffffff13ff89cb,55
1610,Bisindolylmaleimide I,1,-0.5228787660598755,MW1007-104|20140730,0xfffffffff139789cb,52
1611,Bisindolylmaleimide I,1,0.0,MW1007-104|20140730,0xfffffffff139789cb,52
1612,Bisindolylmaleimide I,1,0.4771212637424469,MW1007-104|20140730,0xc4e5fffff139789cb,44
1613,Bisindolylmaleimide I,1,1.0,MW1007-104|20140730,0xc4e5e272f139789cb,36
1614,Bisindolylmaleimide I,1,-1.5228787660598755,MW1007-104|20140730,0xfffffffffffff89cb,60
1615,Bisindolylmaleimide I,1,-1.0,MW1007-104|20140730,0xfffffffffffff89cb,60
1616,Bisindolylmaleimide I,1,-0.5228787660598755,MW1007-104|20140730,0xfffffffffffff89cb,60
1617,Bisindolylmaleimide I,1,0.0,MW1007-104|20140730,0xfffffffff13ff89cb,55
1618,Bisindolylmaleimide I,1,0.4771212637424469,MW1007-104|20140730,0xfffffffff139789cb,52
1619,Bisindolylmaleimide I,1,1.0,MW1007-104|20140730,0xc4e5e272f139789cb,36
1620,Bisindolylmaleimide I,1,-1.5228787660598755,MW1007-26|20140205,0xfffffffffffff89ff,63
1621,Bisindolylmaleimide I,1,-1.0,MW1007-26|20140205,0xfffffffffffff89ff,63
1622,Bisindolylmaleimide I,1,-0.5228787660598755,MW1007-26|20140205,0xfffffffffffff89ff,63
1623,Bisindolylmaleimide I,1,0.0,MW1007-26|20140205,0xfffffffffffff89cb,60
1624,Bisindolylmaleimide I,1,0.4771212637424469,MW1007-26|20140205,0xfffffffff139789cb,52
1625,Bisindolylmaleimide I,1,1.0,MW1007-26|20140205,0xc4e5e272f139789cb,36
1626,Bisindolylmaleimide I,1,-1.5228787660598755,MW1007-26|20140716,0xfffffffffff9789cb,57
1627,Bisindolylmaleimide I,1,-1.0,MW1007-26|20140716,0xfffffffff13ff89cb,55
1628,Bisindolylmaleimide I,1,-0.5228787660598755,MW1007-26|20140716,0xfffffffff13ff89cb,55
1629,Bisindolylmaleimide I,1,0.0,MW1007-26|20140716,0xfffffffff139789cb,52
1630,Bisindolylmaleimide I,1,0.4771212637424469,MW1007-26|20140716,0xfffffffff139789cb,52
1631,Bisindolylmaleimide I,1,1.0,MW1007-26|20140716,0xc4e5e272f139789cb,36
1632,Bisindolylmaleimide I,1,-1.5228787660598755,MW1007-26|20140716,0xfffffffffffff89cb,60
1633,Bisindolylmaleimide I,1,-1.0,MW1007-26|20140716,0xfffffffffffff89cb,60
1634,Bisindolylmaleimide I,1,-0.5228787660598755,MW1007-26|20140716,0xfffffffff13ff89cb,55
1635,Bisindolylmaleimide I,1,0.0,MW1007-26|20140716,0xfffffffff139789cb,52
1636,Bisindolylmaleimide I,1,0.4771212637424469,MW1007-26|20140716,0xfffffff2f139789cb,49
1637,Bisindolylmaleimide I,1,1.0,MW1007-26|20140716,0xc4e5e272f139789cb,36
1638,Bisindolylmaleimide I,1,-2.0,MW1042-42|20141203,0xfffffffffffffffff,68
1639,Bisindolylmaleimide I,1,-1.5228787660598755,MW1042-42|20141203,0xfffffffffffffffff,68
1640,Bisindolylmaleimide I,1,-1.0,MW1042-42|20141203,0xfffffffffffffffff,68
1641,Bisindolylmaleimide I,1,-0.5228787660598755,MW1042-42|20141203,0xfffffffffffffffff,68
1642,Bisindolylmaleimide I,1,0.0,MW1042-42|20141203,0xfffffffffffff89cb,60
1643,Bisindolylmaleimide I,1,0.4771212637424469,MW1042-42|20141203,0xfffffffffffff89cb,60
1644,Bisindolylmaleimide I,1,1.0,MW1042-42|20141203,0xc4e5e272f139789cb,36
1645,Bisindolylmaleimide I,1,-2.0,MW1042-43|20141203,0xfffffffffffffffff,68
1646,Bisindolylmaleimide I,1,-1.5228787660598755,MW1042-43|20141203,0xfffffffffffffffff,68
1647,Bisindolylmaleimide I,1,-1.0,MW1042-43|20141203,0xfffffffffffffffff,68
1648,Bisindolylmaleimide I,1,-0.5228787660598755,MW1042-43|20141203,0xfffffffffffffffff,68
1649,Bisindolylmaleimide I,1,0.0,MW1042-43|20141203,0xfffffffffffffffff,68
1650,Bisindolylmaleimide I,1,0.4771212637424469,MW1042-43|20141203,0xfffffffff9fff89cb,58
1651,Bisindolylmaleimide I,1,1.0,MW1042-43|20141203,0xc4e5e272f139789cb,36
1652,Bisindolylmaleimide I,1,-2.0,MW1042-44|20141203,0xfffffffffffffffff,68
1653,Bisindolylmaleimide I,1,-1.5228787660598755,MW1042-44|20141203,0xfffffffffffffffff,68
1654,Bisindolylmaleimide I,1,-1.0,MW1042-44|20141203,0xfffffffffffffffff,68
1655,Bisindolylmaleimide I,1,-0.5228787660598755,MW1042-44|20141203,0xfffffffffffffffff,68
1656,Bisindolylmaleimide I,1,0.0,MW1042-44|20141203,0xfffffffffffffffff,68
1657,Bisindolylmaleimide I,1,0.4771212637424469,MW1042-44|20141203,0xfffffffffffff89ff,63
1658,Bisindolylmaleimide I,1,1.0,MW1042-44|20141203,0xc4e5e272f139789cb,36
1659,Bisphenol A,1,-1.5228787660598755,MW1007-100|20140827,0xfffffffffffff89ff,63
1660,Bisphenol A,1,-1.0,MW1007-100|20140827,0xfffffffffffff89ff,63
1661,Bisphenol A,1,-0.5228787660598755,MW1007-100|20140827,0xfffffffffffff89ff,63
1662,Bisphenol A,1,0.0,MW1007-100|20140827,0xfffffffffffff89cb,60
1663,Bisphenol A,1,0.4771212637424469,MW1007-100|20140827,0xfffffffffffffcfcb,63
1664,Bisphenol A,1,1.0,MW1007-100|20140827,0xfffffffff13ff89cb,55
1665,Bisphenol A,1,1.4771212339401245,MW1007-100|20140827,0xfffffffff9fff89cb,58
1666,Bisphenol A,1,-1.5228787660598755,MW1007-91|20140827,0xfffffffffffff89ff,63
1667,Bisphenol A,1,-1.0,MW1007-91|20140827,0xfffffffffffff89cb,60
1668,Bisphenol A,1,-0.5228787660598755,MW1007-91|20140827,0xfffffffffffff89ff,63
1669,Bisphenol A,1,0.0,MW1007-91|20140827,0xfffffffffffff89ff,63
1670,Bisphenol A,1,0.4771212637424469,MW1007-91|20140827,0xfffffffffffff89cb,60
1671,Bisphenol A,1,1.0,MW1007-91|20140827,0xfffffffffffff89cb,60
1672,Bisphenol A,1,1.4771212339401245,MW1007-91|20140827,0xfffffffff139789cb,52
1673,Bisphenol A,1,-1.5228787660598755,MW1007-98|20140827,0xfffffffffffff89cb,60
1674,Bisphenol A,1,-1.0,MW1007-98|20140827,0xfffffffffffff89cb,60
1675,Bisphenol A,1,-0.5228787660598755,MW1007-98|20140827,0xfffffffffffff89ff,63
1676,Bisphenol A,1,0.0,MW1007-98|20140827,0xfffffffffffff89ff,63
1677,Bisphenol A,1,0.4771212637424469,MW1007-98|20140827,0xfffffffffffff89cb,60
1678,Bisphenol A,1,1.0,MW1007-98|20140827,0xfffffffffffff89cb,60
1679,Bisphenol A,1,1.4771212339401245,MW1007-98|20140827,0xfffffffff139789cb,52
1680,Bisphenol A,1,-1.5228787660598755,MW1041-17|20141112,0xfffffffffffffffff,68
1681,Bisphenol A,1,-1.0,MW1041-17|20141112,0xfffffffffffffffff,68
1682,Bisphenol A,1,-0.5228787660598755,MW1041-17|20141112,0xfffffffffffffffff,68
1683,Bisphenol A,1,0.0,MW1041-17|20141112,0xfffffffffffffffff,68
1684,Bisphenol A,1,0.4771212637424469,MW1041-17|20141112,0xfffffffffffffffff,68
1685,Bisphenol A,1,1.0,MW1041-17|20141112,0xfffffffffffffcfff,66
1686,Bisphenol A,1,1.4771212339401245,MW1041-17|20141112,0xfffffffffffff89cb,60
1687,Bisphenol A,1,-1.5228787660598755,MW1041-25|20141112,0xfffffffffffffffff,68
1688,Bisphenol A,1,-1.0,MW1041-25|20141112,0xfffffffffffffffff,68
1689,Bisphenol A,1,-0.5228787660598755,MW1041-25|20141112,0xfffffffffffffffff,68
1690,Bisphenol A,1,0.0,MW1041-25|20141112,0xfffffffffffffffff,68
1691,Bisphenol A,1,0.4771212637424469,MW1041-25|20141112,0xfffffffffffffffff,68
1692,Bisphenol A,1,1.0,MW1041-25|20141112,0xfffffffffffffffff,68
1693,Bisphenol A,1,1.4771212339401245,MW1041-25|20141112,0xfffffffff9f9789cb,55
1694,Bisphenol A,1,-1.5228787660598755,MW1041-28|20141112,0xfffffffffffffffff,68
1695,Bisphenol A,1,-1.0,MW1041-28|20141112,0xfffffffffffffffff,68
1696,Bisphenol A,1,-0.5228787660598755,MW1041-28|20141112,0xfffffffffffffffff,68
1697,Bisphenol A,1,0.0,MW1041-28|20141112,0xfffffffffffffffff,68
1698,Bisphenol A,1,0.4771212637424469,MW1041-28|20141112,0xfffffffffffffffff,68
1699,Bisphenol A,1,1.0,MW1041-28|20141112,0xfffffffffffff89ff,63
1700,Bisphenol A,1,1.4771212339401245,MW1041-28|20141112,0xfffffffffffff89ff,63
1701,Bisphenol AF,2,1.3010300397872925,MW1140-23|20161013,0xfffff3fff139789cb,50
1702,Bisphenol AF,2,-1.5228787660598755,MW1140-23|20161013,0xfffffffffffff89cb,60
1703,Bisphenol AF,2,-1.0,MW1140-23|20161013,0xfffffffffffff89cb,60
1704,Bisphenol AF,2,-0.5228787660598755,MW1140-23|20161013,0xfffffffffffff89cb,60
1705,Bisphenol AF,2,0.0,MW1140-23|20161013,0xfffffffffffff89cb,60
1706,Bisphenol AF,2,0.4771212637424469,MW1140-23|20161013,0xfffffffff13ff89cb,55
1707,Bisphenol AF,2,1.0,MW1140-23|20161013,0xfffffffff13ff89cb,55
1708,Bisphenol AF,2,1.0,MW1140-24|20161013,0xfffffffffffff89cb,60
1709,Bisphenol AF,2,1.3010300397872925,MW1140-24|20161013,0xffffe272f139789cb,44
1710,Bisphenol AF,2,-1.5228787660598755,MW1140-24|20161013,0xfffffffffffff89ff,63
1711,Bisphenol AF,2,-1.0,MW1140-24|20161013,0xfffffffff13ff89cb,55
1712,Bisphenol AF,2,-0.5228787660598755,MW1140-24|20161013,0xfffffffffffff89cb,60
1713,Bisphenol AF,2,0.0,MW1140-24|20161013,0xfffffffffffff89cb,60
1714,Bisphenol AF,2,0.4771212637424469,MW1140-24|20161013,0xfffffffffffff89cb,60
1715,Bisphenol AF,2,0.4771212637424469,MW1140-25|20161013,0xfffffffffffff89cb,60
1716,Bisphenol AF,2,1.0,MW1140-25|20161013,0xfffffffffffff89cb,60
1717,Bisphenol AF,2,1.3010300397872925,MW1140-25|20161013,0xc4e5e272f139789cb,36
1718,Bisphenol AF,2,-1.5228787660598755,MW1140-25|20161013,0xfffffffffffff89cb,60
1719,Bisphenol AF,2,-1.0,MW1140-25|20161013,0xfffffffffffff89cb,60
1720,Bisphenol AF,2,-0.5228787660598755,MW1140-25|20161013,0xfffffffffffff89cb,60
1721,Bisphenol AF,2,0.0,MW1140-25|20161013,0xfffffffffffff89cb,60
1722,Bisphenol AF,2,-1.5228787660598755,MW1147-20|20171004,0xfffffffff13ff89cb,55
1723,Bisphenol AF,2,-1.0,MW1147-20|20171004,0xfffffffff139789cb,52
1724,Bisphenol AF,2,-0.5228787660598755,MW1147-20|20171004,0xfffffffff13ff89cb,55
1725,Bisphenol AF,2,0.0,MW1147-20|20171004,0xfffffffff139789cb,52
1726,Bisphenol AF,2,0.4771212637424469,MW1147-20|20171004,0xfffffffff13ff89cb,55
1727,Bisphenol AF,2,1.0,MW1147-20|20171004,0xffffe27ff139789cb,47
1728,Bisphenol AF,2,1.3010300397872925,MW1147-20|20171004,0xffffe27ff139789cb,47
1729,Bisphenol AF,2,-1.5228787660598755,MW1147-21|20171004,0xfffffffff13ff89cb,55
1730,Bisphenol AF,2,-1.0,MW1147-21|20171004,0xfffffffff13ff89cb,55
1731,Bisphenol AF,2,-0.5228787660598755,MW1147-21|20171004,0xfffffffff13ff89cb,55
1732,Bisphenol AF,2,0.0,MW1147-21|20171004,0xfffffffff13ff89cb,55
1733,Bisphenol AF,2,0.4771212637424469,MW1147-21|20171004,0xfffffffff13ff89cb,55
1734,Bisphenol AF,2,1.0,MW1147-21|20171004,0xfffffffff139789cb,52
1735,Bisphenol AF,2,1.3010300397872925,MW1147-21|20171004,0xffffe272f139789cb,44
1736,Bisphenol AF,2,-1.5228787660598755,MW1147-22|20171004,0xfffffffff139789cb,52
1737,Bisphenol AF,2,-1.0,MW1147-22|20171004,0xfffffffff13ff89cb,55
1738,Bisphenol AF,2,-0.5228787660598755,MW1147-22|20171004,0xfffffffff13ff89cb,55
1739,Bisphenol AF,2,0.0,MW1147-22|20171004,0xfffffffff13ff89cb,55
1740,Bisphenol AF,2,0.4771212637424469,MW1147-22|20171004,0xfffffffff13ff89cb,55
1741,Bisphenol AF,2,1.0,MW1147-22|20171004,0xfffffffff13ff89cb,55
1742,Bisphenol AF,2,1.3010300397872925,MW1147-22|20171004,0xffffe272f139789cb,44
1743,Bisphenol B,2,-1.5228787660598755,MW1147-23|20171004,0xfffffffff13ff89cb,55
1744,Bisphenol B,2,-1.0,MW1147-23|20171004,0xfffffffff139789cb,52
1745,Bisphenol B,2,-0.5228787660598755,MW1147-23|20171004,0xfffffffff139789cb,52
1746,Bisphenol B,2,0.0,MW1147-23|20171004,0xfffffffff13ff89cb,55
1747,Bisphenol B,2,0.4771212637424469,MW1147-23|20171004,0xfffffffff13ff89cb,55
1748,Bisphenol B,2,1.0,MW1147-23|20171004,0xfffff3fff139789cb,50
1749,Bisphenol B,2,1.3010300397872925,MW1147-23|20171004,0xffffe27ff139789cb,47
1750,Bisphenol B,2,-1.5228787660598755,MW1147-24|20171004,0xfffffffff13ff89cb,55
1751,Bisphenol B,2,-1.0,MW1147-24|20171004,0xfffffffff13ff89cb,55
1752,Bisphenol B,2,-0.5228787660598755,MW1147-24|20171004,0xfffffffff13ff89cb,55
1753,Bisphenol B,2,0.0,MW1147-24|20171004,0xfffffffff9fff89cb,58
1754,Bisphenol B,2,0.4771212637424469,MW1147-24|20171004,0xfffffffff139789cb,52
1755,Bisphenol B,2,1.0,MW1147-24|20171004,0xffffe27ff139789cb,47
1756,Bisphenol B,2,1.3010300397872925,MW1147-24|20171004,0xffffe27ff139789cb,47
1757,Bisphenol B,2,-1.5228787660598755,MW1147-25|20171004,0xfffffffff13ff89cb,55
1758,Bisphenol B,2,-1.0,MW1147-25|20171004,0xfffffffff13ff89cb,55
1759,Bisphenol B,2,-0.5228787660598755,MW1147-25|20171004,0xfffffffff139789cb,52
1760,Bisphenol B,2,0.0,MW1147-25|20171004,0xfffffffff13ff89cb,55
1761,Bisphenol B,2,0.4771212637424469,MW1147-25|20171004,0xfffffffff13ff89cb,55
1762,Bisphenol B,2,1.0,MW1147-25|20171004,0xfffffffff13ff89cb,55
1763,Bisphenol B,2,1.3010300397872925,MW1147-25|20171004,0xffffe272f139789cb,44
1827,Busulfan,1,1.3010300397872925,MW1146-06|20170412,0xfffffffffffff89cb,60
1828,Busulfan,1,-1.5228787660598755,MW1146-06|20170412,0xfffffffffffff89cb,60
1829,Busulfan,1,-1.0,MW1146-06|20170412,0xfffffffffffff89cb,60
1830,Busulfan,1,-0.5228787660598755,MW1146-06|20170412,0xfffffffffffff89ff,63
1831,Busulfan,1,0.0,MW1146-06|20170412,0xfffffffffffff89cb,60
1832,Busulfan,1,0.4771212637424469,MW1146-06|20170412,0xfffffffffffff89cb,60
1833,Busulfan,1,1.0,MW1146-06|20170412,0xfffffffffffff89cb,60
1834,Busulfan,1,1.0,MW1146-07|20170412,0xfffffffffffff89cb,60
1835,Busulfan,1,1.3010300397872925,MW1146-07|20170412,0xfffffffffffff89ff,63
1836,Busulfan,1,-1.5228787660598755,MW1146-07|20170412,0xfffffffffffff89cb,60
1837,Busulfan,1,-1.0,MW1146-07|20170412,0xfffffffffffff89cb,60
1838,Busulfan,1,-0.5228787660598755,MW1146-07|20170412,0xfffffffffffff89ff,63
1839,Busulfan,1,0.0,MW1146-07|20170412,0xfffffffffffff89ff,63
1840,Busulfan,1,0.4771212637424469,MW1146-07|20170412,0xfffffffffffff89cb,60
1841,Busulfan,1,0.4771212637424469,MW1146-08|20170412,0xfffffffffffff89cb,60
1842,Busulfan,1,1.0,MW1146-08|20170412,0xfffffffffffff89cb,60
1843,Busulfan,1,1.3010300397872925,MW1146-08|20170412,0xfffffffffffff89cb,60
1844,Busulfan,1,-1.5228787660598755,MW1146-08|20170412,0xfffffffffffff89cb,60
1845,Busulfan,1,-1.0,MW1146-08|20170412,0xfffffffffffff89cb,60
1846,Busulfan,1,-0.5228787660598755,MW1146-08|20170412,0xfffffffffffff89cb,60
1847,Busulfan,1,0.0,MW1146-08|20170412,0xfffffffffffff89cb,60
1848,CP-409092,4,-1.5228787660598755,MW1146-29|20170809,0xfffffffff13ff89cb,55
1849,CP-409092,4,-1.0,MW1146-29|20170809,0xfffffffff13ff89cb,55
1850,CP-409092,4,-0.5228787660598755,MW1146-29|20170809,0xfffffffff139789cb,52
1851,CP-409092,4,0.0,MW1146-29|20170809,0xfffffffff139789cb,52
1852,CP-409092,4,0.4771212637424469,MW1146-29|20170809,0xfffffffff139789cb,52
1853,CP-409092,4,1.0,MW1146-29|20170809,0xfffffffff13ff89cb,55
1854,CP-409092,4,1.3010300397872925,MW1146-29|20170809,0xffffe27ff139789cb,47
1855,CP-409092,4,-1.5228787660598755,MW1146-30|20170809,0xfffffffff13ff89cb,55
1856,CP-409092,4,-1.0,MW1146-30|20170809,0xfffffffff139789cb,52
1857,CP-409092,4,-0.5228787660598755,MW1146-30|20170809,0xfffffffff139789cb,52
1858,CP-409092,4,0.0,MW1146-30|20170809,0xfffffffff139789cb,52
1859,CP-409092,4,0.4771212637424469,MW1146-30|20170809,0xfffffffff139789cb,52
1860,CP-409092,4,1.0,MW1146-30|20170809,0xffffe272f139789cb,44
1861,CP-409092,4,1.3010300397872925,MW1146-30|20170809,0xffffe272f139789cb,44
1862,CP-409092,4,-1.5228787660598755,MW1146-31|20170809,0xfffffffff139789cb,52
1863,CP-409092,4,-1.0,MW1146-31|20170809,0xfffffffff139789cb,52
1864,CP-409092,4,-0.5228787660598755,MW1146-31|20170809,0xfffffffff13ff89cb,55
1865,CP-409092,4,0.0,MW1146-31|20170809,0xfffffffff13ff89cb,55
1866,CP-409092,4,0.4771212637424469,MW1146-31|20170809,0xfffffffff139789cb,52
1867,CP-409092,4,1.0,MW1146-31|20170809,0xfffffffff13ff89cb,55
1868,CP-409092,4,1.3010300397872925,MW1146-31|20170809,0xffffe272f139789cb,44
1890,Cadmium(II) chloride hydrate (2:5),2,-1.5228787660598755,MW1036-8|20141029,0xfffffffffffffffff,68
1891,Cadmium(II) chloride hydrate (2:5),2,-1.0,MW1036-8|20141029,0xfffffffffffffcfff,66
1892,Cadmium(II) chloride hydrate (2:5),2,-0.5228787660598755,MW1036-8|20141029,0xfffffffff13ff89ff,58
1893,Cadmium(II) chloride hydrate (2:5),2,0.0,MW1036-8|20141029,0xc4e5e272f139789cb,36
1894,Cadmium(II) chloride hydrate (2:5),2,0.4771212637424469,MW1036-8|20141029,0xc4e5e272f139789cb,36
1895,Cadmium(II) chloride hydrate (2:5),2,1.0,MW1036-8|20141029,0xc4e5e272f139789cb,36
1896,Cadmium(II) chloride hydrate (2:5),2,1.4771212339401245,MW1036-8|20141029,0xc4e5e272f139789cb,36
1897,Cadmium(II) chloride hydrate (2:5),2,-1.5228787660598755,MW1036-8|20141029,0xfffffffffffffffff,68
1898,Cadmium(II) chloride hydrate (2:5),2,-1.0,MW1036-8|20141029,0xfffffffffffff89ff,63
1899,Cadmium(II) chloride hydrate (2:5),2,-0.5228787660598755,MW1036-8|20141029,0xfffff3fff9fff89ff,59
1900,Cadmium(II) chloride hydrate (2:5),2,0.0,MW1036-8|20141029,0xc4e5e272f139789cb,36
1901,Cadmium(II) chloride hydrate (2:5),2,0.4771212637424469,MW1036-8|20141029,0xc4e5e272f139789cb,36
1902,Cadmium(II) chloride hydrate (2:5),2,1.0,MW1036-8|20141029,0xc4e5e272f139789cb,36
1903,Cadmium(II) chloride hydrate (2:5),2,1.4771212339401245,MW1036-8|20141029,0xc4e5e272f139789cb,36
1904,Cadmium(II) chloride hydrate (2:5),2,-1.5228787660598755,MW1036-8|20141029,0xfffffffffffff89ff,63
1905,Cadmium(II) chloride hydrate (2:5),2,-1.0,MW1036-8|20141029,0xfffffffffffff89ff,63
1906,Cadmium(II) chloride hydrate (2:5),2,-0.5228787660598755,MW1036-8|20141029,0xfffffffff1397ffff,60
1907,Cadmium(II) chloride hydrate (2:5),2,0.0,MW1036-8|20141029,0xc4e5e272f13ff89cb,39
1908,Cadmium(II) chloride hydrate (2:5),2,0.4771212637424469,MW1036-8|20141029,0xc4e5e272f139789cb,36
1909,Cadmium(II) chloride hydrate (2:5),2,1.0,MW1036-8|20141029,0xc4e5e272f139789cb,36
1910,Cadmium(II) chloride hydrate (2:5),2,1.4771212339401245,MW1036-8|20141029,0xc4e5e272f139789cb,36
1911,Caffeine,1,1.4771212339401245,MW1076-42|20151014,0xfffffffff13ff89cb,55
1912,Caffeine,1,-1.5228787660598755,MW1076-42|20151014,0xfffffffffffff89cb,60
1913,Caffeine,1,-1.0,MW1076-42|20151014,0xfffffffff9fff89cb,58
1914,Caffeine,1,-0.5228787660598755,MW1076-42|20151014,0xfffffffffffff89cb,60
1915,Caffeine,1,0.0,MW1076-42|20151014,0xfffffffff13ff89cb,55
1916,Caffeine,1,0.4771212637424469,MW1076-42|20151014,0xfffffffff9f9789cb,55
1917,Caffeine,1,1.0,MW1076-42|20151014,0xfffffffffffff89cb,60
1918,Caffeine,1,1.0,MW1076-43|20151014,0xfffffffff9fff89cb,58
1919,Caffeine,1,1.4771212339401245,MW1076-43|20151014,0xfffffffffffff89cb,60
1920,Caffeine,1,-1.5228787660598755,MW1076-43|20151014,0xfffffffffffff89ff,63
1921,Caffeine,1,-1.0,MW1076-43|20151014,0xfffffffffffff89cb,60
1922,Caffeine,1,-0.5228787660598755,MW1076-43|20151014,0xfffffffffffff89cb,60
1923,Caffeine,1,0.0,MW1076-43|20151014,0xfffffffffffff89cb,60
1924,Caffeine,1,0.4771212637424469,MW1076-43|20151014,0xfffffffff9f9789cb,55
1925,Caffeine,1,0.4771212637424469,MW1076-44|20151014,0xfffffffff9fff89cb,58
1926,Caffeine,1,1.0,MW1076-44|20151014,0xfffffffffffff89cb,60
1927,Caffeine,1,1.4771212339401245,MW1076-44|20151014,0xfffffffff13ff89cb,55
1928,Caffeine,1,-1.5228787660598755,MW1076-44|20151014,0xfffffffff139789cb,52
1929,Caffeine,1,-1.0,MW1076-44|20151014,0xfffffffffffff89cb,60
1930,Caffeine,1,-0.5228787660598755,MW1076-44|20151014,0xfffffffffffff89cb,60
1931,Caffeine,1,0.0,MW1076-44|20151014,0xfffffffff9fff89cb,58
1932,Captan,2,1.3010300397872925,MW1140-23|20161013,0xffffe272f139789cb,44
1933,Captan,2,-1.5228787660598755,MW1140-23|20161013,0xfffffffffffff89cb,60
1934,Captan,2,-1.0,MW1140-23|20161013,0xfffffffffffff89ff,63
1935,Captan,2,-0.5228787660598755,MW1140-23|20161013,0xfffffffff13ff89cb,55
1936,Captan,2,0.0,MW1140-23|20161013,0xfffffffff13ff89cb,55
1937,Captan,2,0.4771212637424469,MW1140-23|20161013,0xfffffffffffff89cb,60
1938,Captan,2,1.0,MW1140-23|20161013,0xfffffffffffff89cb,60
1939,Captan,2,1.0,MW1140-24|20161013,0xfffffffffffff89cb,60
1940,Captan,2,1.3010300397872925,MW1140-24|20161013,0xfffffffff13ff89cb,55
1941,Captan,2,-1.5228787660598755,MW1140-24|20161013,0xfffffffffffff89cb,60
1942,Captan,2,-1.0,MW1140-24|20161013,0xfffffffffffff89cb,60
1943,Captan,2,-0.5228787660598755,MW1140-24|20161013,0xfffffffff13ff89cb,55
1944,Captan,2,0.0,MW1140-24|20161013,0xfffffffffffff89cb,60
1945,Captan,2,0.4771212637424469,MW1140-24|20161013,0xfffffffffffff89cb,60
1946,Captan,2,0.4771212637424469,MW1140-25|20161013,0xfffffffffffff89cb,60
1947,Captan,2,1.0,MW1140-25|20161013,0xfffffffffffff89cb,60
1948,Captan,2,1.3010300397872925,MW1140-25|20161013,0xffffe272f139789cb,44
1949,Captan,2,-1.5228787660598755,MW1140-25|20161013,0xfffffffffffff89cb,60
1950,Captan,2,-1.0,MW1140-25|20161013,0xfffffffffffff89cb,60
1951,Captan,2,-0.5228787660598755,MW1140-25|20161013,0xfffffffffffff89cb,60
1952,Captan,2,0.0,MW1140-25|20161013,0xfffffffff139789cb,52
1953,Captan,2,1.3010300397872925,MW1145-25|20170201,0xc4e5e272f139789cb,36
1954,Captan,2,-1.5228787660598755,MW1145-25|20170201,0xfffffffffffffffff,68
1955,Captan,2,-1.0,MW1145-25|20170201,0xfffffffffffffffff,68
1956,Captan,2,-0.5228787660598755,MW1145-25|20170201,0xfffffffffffffffff,68
1957,Captan,2,0.0,MW1145-25|20170201,0xfffffffffffffffff,68
1958,Captan,2,0.4771212637424469,MW1145-25|20170201,0xfffffffffffffffff,68
1959,Captan,2,1.0,MW1145-25|20170201,0xfffffffffffffffff,68
1960,Captan,2,1.0,MW1145-26|20170201,0xfffffffffffffffff,68
1961,Captan,2,1.3010300397872925,MW1145-26|20170201,0xfffffffff13ff89cb,55
1962,Captan,2,-1.5228787660598755,MW1145-26|20170201,0xfffffffffffffffff,68
1963,Captan,2,-1.0,MW1145-26|20170201,0xfffffffffffffffff,68
1964,Captan,2,-0.5228787660598755,MW1145-26|20170201,0xfffffffffffffffff,68
1965,Captan,2,0.0,MW1145-26|20170201,0xfffffffffffffffff,68
1966,Captan,2,0.4771212637424469,MW1145-26|20170201,0xfffffffffffffffff,68
1967,Captan,2,0.4771212637424469,MW1145-27|20170201,0xfffffffffffffffff,68
1968,Captan,2,1.0,MW1145-27|20170201,0xfffffffffffffffff,68
1969,Captan,2,1.3010300397872925,MW1145-27|20170201,0xfffffffffffff89ff,63
1970,Captan,2,-1.5228787660598755,MW1145-27|20170201,0xfffffffffffffffff,68
1971,Captan,2,-1.0,MW1145-27|20170201,0xfffffffffffffffff,68
1972,Captan,2,-0.5228787660598755,MW1145-27|20170201,0xfffffffffffffffff,68
1973,Captan,2,0.0,MW1145-27|20170201,0xfffffffffffffffff,68
1974,Captan,2,-1.5228787660598755,MW1147-13|20170920,0xfffffffffffffffff,68
1975,Captan,2,-1.0,MW1147-13|20170920,0xfffffffffffff89ff,63
1976,Captan,2,-0.5228787660598755,MW1147-13|20170920,0xfffffffffffff89ff,63
1977,Captan,2,0.0,MW1147-13|20170920,0xfffffffffffff89ff,63
1978,Captan,2,0.4771212637424469,MW1147-13|20170920,0xfffffffffffffcfff,66
1979,Captan,2,1.0,MW1147-13|20170920,0xc4e5e272f139789cb,36
1980,Captan,2,1.3010300397872925,MW1147-13|20170920,0xc4e5e272f139789cb,36
1981,Captan,2,-1.5228787660598755,MW1147-14|20170920,0xfffffffffffffffff,68
1982,Captan,2,-1.0,MW1147-14|20170920,0xfffffffffffffffff,68
1983,Captan,2,-0.5228787660598755,MW1147-14|20170920,0xfffffffffffffffff,68
1984,Captan,2,0.0,MW1147-14|20170920,0xfffffffffffffffff,68
1985,Captan,2,0.4771212637424469,MW1147-14|20170920,0xfffffffffffffcfff,66
1986,Captan,2,1.0,MW1147-14|20170920,0xffffe27ff13ff89cb,50
1987,Captan,2,1.3010300397872925,MW1147-14|20170920,0xc4e5e272f139789cb,36
1988,Captan,2,-1.5228787660598755,MW1147-15|20170920,0xfffffffffffffffff,68
1989,Captan,2,-1.0,MW1147-15|20170920,0xfffffffffffffffff,68
1990,Captan,2,-0.5228787660598755,MW1147-15|20170920,0xfffffffffffff89ff,63
1991,Captan,2,0.0,MW1147-15|20170920,0xfffffffffffffffff,68
1992,Captan,2,0.4771212637424469,MW1147-15|20170920,0xfffffffffffff89ff,63
1993,Captan,2,1.0,MW1147-15|20170920,0xc4ffe27ff13ff89cb,45
1994,Captan,2,1.3010300397872925,MW1147-15|20170920,0xc4e5e272f139789cb,36
1995,Captopril,4,1.4771212339401245,MW1076-42|20151014,0xfffffffffffff89cb,60
1996,Captopril,4,-1.5228787660598755,MW1076-42|20151014,0xfffffffffffff89cb,60
1997,Captopril,4,-1.0,MW1076-42|20151014,0xfffffffffffff89ff,63
1998,Captopril,4,-0.5228787660598755,MW1076-42|20151014,0xfffffffffffff89cb,60
1999,Captopril,4,0.0,MW1076-42|20151014,0xfffffffffffff89cb,60
2000,Captopril,4,0.4771212637424469,MW1076-42|20151014,0xfffffffffffff89cb,60
2001,Captopril,4,1.0,MW1076-42|20151014,0xfffffffff13ff89cb,55
2002,Captopril,4,1.0,MW1076-43|20151014,0xfffffffffffff89ff,63
2003,Captopril,4,1.4771212339401245,MW1076-43|20151014,0xfffffffffffff89cb,60
2004,Captopril,4,-1.5228787660598755,MW1076-43|20151014,0xfffffffffffff89cb,60
2005,Captopril,4,-1.0,MW1076-43|20151014,0xfffffffffffff89ff,63
2006,Captopril,4,-0.5228787660598755,MW1076-43|20151014,0xfffffffffffff89ff,63
2007,Captopril,4,0.0,MW1076-43|20151014,0xfffffffffffff89cb,60
2008,Captopril,4,0.4771212637424469,MW1076-43|20151014,0xfffffffffffff89cb,60
2009,Captopril,4,0.4771212637424469,MW1076-44|20151014,0xfffffffff9fff89cb,58
2010,Captopril,4,1.0,MW1076-44|20151014,0xfffffffffff9789cb,57
2011,Captopril,4,1.4771212339401245,MW1076-44|20151014,0xfffffffffffff89ff,63
2012,Captopril,4,-1.5228787660598755,MW1076-44|20151014,0xfffffffffffff89cb,60
2013,Captopril,4,-1.0,MW1076-44|20151014,0xfffffffffffff89cb,60
2014,Captopril,4,-0.5228787660598755,MW1076-44|20151014,0xfffffffffffff89ff,63
2015,Captopril,4,0.0,MW1076-44|20151014,0xfffffffffff9789cb,57
2016,Carbamazepine,2,1.4771212339401245,MW1062-29|20160601,0xfffffffffffff89cb,60
2017,Carbamazepine,2,-1.5228787660598755,MW1062-29|20160601,0xfffffffffffff89cb,60
2018,Carbamazepine,2,-1.0,MW1062-29|20160601,0xfffffffffffff89cb,60
2019,Carbamazepine,2,-0.5228787660598755,MW1062-29|20160601,0xfffffffffffff89cb,60
2020,Carbamazepine,2,0.0,MW1062-29|20160601,0xfffffffffffff89cb,60
2021,Carbamazepine,2,0.4771212637424469,MW1062-29|20160601,0xfffffffffffff89cb,60
2022,Carbamazepine,2,1.0,MW1062-29|20160601,0xfffffffffffff89cb,60
2023,Carbamazepine,2,1.0,MW1062-43|20160601,0xfffffffffffff89cb,60
2024,Carbamazepine,2,1.4771212339401245,MW1062-43|20160601,0xfffffffffffff89cb,60
2025,Carbamazepine,2,-1.5228787660598755,MW1062-43|20160601,0xfffffffffffff89cb,60
2026,Carbamazepine,2,-1.0,MW1062-43|20160601,0xfffffffffffff89cb,60
2027,Carbamazepine,2,-0.5228787660598755,MW1062-43|20160601,0xfffffffffffff89ff,63
2028,Carbamazepine,2,0.0,MW1062-43|20160601,0xfffffffffffff89cb,60
2029,Carbamazepine,2,0.4771212637424469,MW1062-43|20160601,0xfffffffffffff89cb,60
2030,Carbamazepine,2,0.4771212637424469,MW1062-44|20160601,0xfffffffffffff89cb,60
2031,Carbamazepine,2,1.0,MW1062-44|20160601,0xfffffffffffff89cb,60
2032,Carbamazepine,2,1.4771212339401245,MW1062-44|20160601,0xfffffffffffff89ff,63
2033,Carbamazepine,2,-1.5228787660598755,MW1062-44|20160601,0xfffffffffffff89cb,60
2034,Carbamazepine,2,-1.0,MW1062-44|20160601,0xfffffffffffff89cb,60
2035,Carbamazepine,2,-0.5228787660598755,MW1062-44|20160601,0xfffffffffffff89cb,60
2036,Carbamazepine,2,0.0,MW1062-44|20160601,0xfffffffff13ff89cb,55
2037,Carbaryl,2,-1.5228787660598755,MW1007-109|20150128,0xfffffffffffffffff,68
2038,Carbaryl,2,-1.0,MW1007-109|20150128,0xfffffffffffff89cb,60
2039,Carbaryl,2,-0.5228787660598755,MW1007-109|20150128,0xfffffffffffffffff,68
2040,Carbaryl,2,0.0,MW1007-109|20150128,0xfffffffffffffffff,68
2041,Carbaryl,2,0.4771212637424469,MW1007-109|20150128,0xfffffffffffffffff,68
2042,Carbaryl,2,1.0,MW1007-109|20150128,0xc4ffe272f139789cb,39
2043,Carbaryl,2,1.4771212339401245,MW1007-109|20150128,0xfffffffff13ff89cb,55
2044,Carbaryl,2,-1.5228787660598755,MW1008-1|20150128,0xfffffffffffffffff,68
2045,Carbaryl,2,-1.0,MW1008-1|20150128,0xfffffff2fffff89cb,57
2046,Carbaryl,2,-0.5228787660598755,MW1008-1|20150128,0xfffffffffffffffff,68
2047,Carbaryl,2,0.0,MW1008-1|20150128,0xfffffffffffffffff,68
2048,Carbaryl,2,0.4771212637424469,MW1008-1|20150128,0xfffffffffffffffff,68
2049,Carbaryl,2,1.0,MW1008-1|20150128,0xfffffffffffff89ff,63
2050,Carbaryl,2,1.4771212339401245,MW1008-1|20150128,0xc4e5e272f139789cb,36
2051,Carbaryl,2,-1.5228787660598755,MW1008-40|20150128,0xfffffffffffffffff,68
2052,Carbaryl,2,-1.0,MW1008-40|20150128,0xfffffffffffffffff,68
2053,Carbaryl,2,-0.5228787660598755,MW1008-40|20150128,0xfffffffffffff89cb,60
2054,Carbaryl,2,0.0,MW1008-40|20150128,0xfffffffffffff89ff,63
2055,Carbaryl,2,0.4771212637424469,MW1008-40|20150128,0xfffffffffffffffff,68
2056,Carbaryl,2,1.0,MW1008-40|20150128,0xfffffffffffff89cb,60
2057,Carbaryl,2,1.4771212339401245,MW1008-40|20150128,0xffffe272f139789cb,44
2058,Carbofuran,3,1.3010300397872925,MW1145-25|20170201,0xfffffffff13ff89cb,55
2059,Carbofuran,3,-1.5228787660598755,MW1145-25|20170201,0xfffffffffffff89cb,60
2060,Carbofuran,3,-1.0,MW1145-25|20170201,0xfffffffffffffffff,68
2061,Carbofuran,3,-0.5228787660598755,MW1145-25|20170201,0xfffffffffffffffff,68
2062,Carbofuran,3,0.0,MW1145-25|20170201,0xfffffffffffffffff,68
2063,Carbofuran,3,0.4771212637424469,MW1145-25|20170201,0xfffffffffffffffff,68
2064,Carbofuran,3,1.0,MW1145-25|20170201,0xfffffffffffffffff,68
2065,Carbofuran,3,1.0,MW1145-26|20170201,0xfffffffffffffffff,68
2066,Carbofuran,3,1.3010300397872925,MW1145-26|20170201,0xfffffffffffffffff,68
2067,Carbofuran,3,-1.5228787660598755,MW1145-26|20170201,0xfffffffffffffffff,68
2068,Carbofuran,3,-1.0,MW1145-26|20170201,0xfffffffffffffffff,68
2069,Carbofuran,3,-0.5228787660598755,MW1145-26|20170201,0xfffffffffffffffff,68
2070,Carbofuran,3,0.0,MW1145-26|20170201,0xfffffffffffffffff,68
2071,Carbofuran,3,0.4771212637424469,MW1145-26|20170201,0xfffffffffffff89cb,60
2072,Carbofuran,3,0.4771212637424469,MW1145-27|20170201,0xfffffffffffffffff,68
2073,Carbofuran,3,1.0,MW1145-27|20170201,0xfffffffffffffffff,68
2074,Carbofuran,3,1.3010300397872925,MW1145-27|20170201,0xfffffffffffffffff,68
2075,Carbofuran,3,-1.5228787660598755,MW1145-27|20170201,0xfffffffffffffffff,68
2076,Carbofuran,3,-1.0,MW1145-27|20170201,0xfffffffffffffffff,68
2077,Carbofuran,3,-0.5228787660598755,MW1145-27|20170201,0xfffffffffffffffff,68
2078,Carbofuran,3,0.0,MW1145-27|20170201,0xfffffffffffffffff,68
2079,Carbofuran,3,-1.5228787660598755,MW1147-13|20170920,0xfffffffffffffffff,68
2080,Carbofuran,3,-1.0,MW1147-13|20170920,0xfffffffffffff89ff,63
2081,Carbofuran,3,-0.5228787660598755,MW1147-13|20170920,0xfffffffffffffcfff,66
2082,Carbofuran,3,0.0,MW1147-13|20170920,0xfffffffffffffffff,68
2083,Carbofuran,3,0.4771212637424469,MW1147-13|20170920,0xfffffffffffffffff,68
2084,Carbofuran,3,1.0,MW1147-13|20170920,0xfffffffffffff89cb,60
2085,Carbofuran,3,1.3010300397872925,MW1147-13|20170920,0xc4e5e272f139789cb,36
2086,Carbofuran,3,-1.5228787660598755,MW1147-14|20170920,0xfffffffffffffffff,68
2087,Carbofuran,3,-1.0,MW1147-14|20170920,0xfffffffffffffffff,68
2088,Carbofuran,3,-0.5228787660598755,MW1147-14|20170920,0xfffffffffffffffff,68
2089,Carbofuran,3,0.0,MW1147-14|20170920,0xfffffffffffffffff,68
2090,Carbofuran,3,0.4771212637424469,MW1147-14|20170920,0xfffffffffffffffff,68
2091,Carbofuran,3,1.0,MW1147-14|20170920,0xfffffffffffff89ff,63
2092,Carbofuran,3,1.3010300397872925,MW1147-14|20170920,0xc4e5e272f139789cb,36
2093,Carbofuran,3,-1.5228787660598755,MW1147-15|20170920,0xfffffffffffffffff,68
2094,Carbofuran,3,-1.0,MW1147-15|20170920,0xfffffffffffff89ff,63
2095,Carbofuran,3,-0.5228787660598755,MW1147-15|20170920,0xfffffffffffffffff,68
2096,Carbofuran,3,0.0,MW1147-15|20170920,0xfffffffffffffcfff,66
2097,Carbofuran,3,0.4771212637424469,MW1147-15|20170920,0xfffffffffffff89ff,63
2098,Carbofuran,3,1.0,MW1147-15|20170920,0xfffffffffffff89ff,63
2099,Carbofuran,3,1.3010300397872925,MW1147-15|20170920,0xc4e5e272f139789cb,36
2100,Cariporide mesylate,2,-1.5228787660598755,MW1146-32|20170809,0xfffffffff139789cb,52
2101,Cariporide mesylate,2,-1.0,MW1146-32|20170809,0xfffffffffffff89cb,60
2102,Cariporide mesylate,2,-0.5228787660598755,MW1146-32|20170809,0xfffffffff13ff89cb,55
2103,Cariporide mesylate,2,0.0,MW1146-32|20170809,0xfffffffff139789cb,52
2104,Cariporide mesylate,2,0.4771212637424469,MW1146-32|20170809,0xfffffffff139789cb,52
2105,Cariporide mesylate,2,1.0,MW1146-32|20170809,0xfffffffff13ff89cb,55
2106,Cariporide mesylate,2,1.3010300397872925,MW1146-32|20170809,0xfffffffff139789cb,52
2107,Cariporide mesylate,2,-1.5228787660598755,MW1146-33|20170809,0xfffffffffffff89cb,60
2108,Cariporide mesylate,2,-1.0,MW1146-33|20170809,0xfffffffffffff89cb,60
2109,Cariporide mesylate,2,-0.5228787660598755,MW1146-33|20170809,0xfffffffffffff89cb,60
2110,Cariporide mesylate,2,0.0,MW1146-33|20170809,0xfffffffffffff89cb,60
2111,Cariporide mesylate,2,0.4771212637424469,MW1146-33|20170809,0xfffffffffffff89cb,60
2112,Cariporide mesylate,2,1.0,MW1146-33|20170809,0xfffffffff13ff89cb,55
2113,Cariporide mesylate,2,1.3010300397872925,MW1146-33|20170809,0xfffffffffffff89cb,60
2114,Cariporide mesylate,2,-1.5228787660598755,MW1146-34|20170809,0xfffffffff139789cb,52
2115,Cariporide mesylate,2,-1.0,MW1146-34|20170809,0xfffffffff13ff89cb,55
2116,Cariporide mesylate,2,-0.5228787660598755,MW1146-34|20170809,0xfffffffff13ff89cb,55
2117,Cariporide mesylate,2,0.0,MW1146-34|20170809,0xfffffffff139789cb,52
2118,Cariporide mesylate,2,0.4771212637424469,MW1146-34|20170809,0xffffe272f13ff89cb,47
2119,Cariporide mesylate,2,1.0,MW1146-34|20170809,0xc4e5e272f139789cb,36
2120,Cariporide mesylate,2,1.3010300397872925,MW1146-34|20170809,0xfffff3fff139789cb,50
2121,Chloramben,2,1.4771212339401245,MW1047-22|20150909,0xfffffffffffff89cb,60
2122,Chloramben,2,-1.5228787660598755,MW1047-22|20150909,0xfffffffffffff89cb,60
2123,Chloramben,2,-1.0,MW1047-22|20150909,0xfffffffffffff89ff,63
2124,Chloramben,2,-0.5228787660598755,MW1047-22|20150909,0xfffffffffffff89cb,60
2125,Chloramben,2,0.0,MW1047-22|20150909,0xfffffffffffff89cb,60
2126,Chloramben,2,0.4771212637424469,MW1047-22|20150909,0xfffffffffffff89cb,60
2127,Chloramben,2,1.0,MW1047-22|20150909,0xfffff3fff139789cb,50
2128,Chloramben,2,1.0,MW1047-29|20150909,0xfffffffffffff89cb,60
2129,Chloramben,2,1.4771212339401245,MW1047-29|20150909,0xfffffffff13ff89cb,55
2130,Chloramben,2,-1.5228787660598755,MW1047-29|20150909,0xfffffffffffff89cb,60
2131,Chloramben,2,-1.0,MW1047-29|20150909,0xfffffffffffff89cb,60
2132,Chloramben,2,-0.5228787660598755,MW1047-29|20150909,0xfffffffffffff89cb,60
2133,Chloramben,2,0.0,MW1047-29|20150909,0xfffffffffffff89ff,63
2134,Chloramben,2,0.4771212637424469,MW1047-29|20150909,0xfffffffffffff89cb,60
2135,Chloramben,2,0.4771212637424469,MW1047-30|20150909,0xfffffffffffff89cb,60
2136,Chloramben,2,1.0,MW1047-30|20150909,0xfffffffffffff89cb,60
2137,Chloramben,2,1.4771212339401245,MW1047-30|20150909,0xfffffffffffff89ff,63
2138,Chloramben,2,-1.5228787660598755,MW1047-30|20150909,0xfffffffffffff89ff,63
2139,Chloramben,2,-1.0,MW1047-30|20150909,0xfffffffffffff89ff,63
2140,Chloramben,2,-0.5228787660598755,MW1047-30|20150909,0xfffffffffffffffff,68
2141,Chloramben,2,0.0,MW1047-30|20150909,0xfffffffffffff89ff,63
2142,Chloramben,2,-1.5228787660598755,MW1053-26|20150401,0xfffffffffffff89ff,63
2143,Chloramben,2,-1.0,MW1053-26|20150401,0xfffffffffffff89ff,63
2144,Chloramben,2,-0.5228787660598755,MW1053-26|20150401,0xfffffffffffff89ff,63
2145,Chloramben,2,0.0,MW1053-26|20150401,0xfffffffffffff89ff,63
2146,Chloramben,2,0.4771212637424469,MW1053-26|20150401,0xfffffffffffff89ff,63
2147,Chloramben,2,1.0,MW1053-26|20150401,0xfffffffffffff89ff,63
2148,Chloramben,2,1.4771212339401245,MW1053-26|20150401,0xfffffffffffff89ff,63
2149,Chloramben,2,-1.5228787660598755,MW1053-31|20150401,0xfffffffffffff89ff,63
2150,Chloramben,2,-1.0,MW1053-31|20150401,0xfffffffffffff89ff,63
2151,Chloramben,2,-0.5228787660598755,MW1053-31|20150401,0xfffffffffffff89ff,63
2152,Chloramben,2,0.0,MW1053-31|20150401,0xfffffffffffff89cb,60
2153,Chloramben,2,0.4771212637424469,MW1053-31|20150401,0xfffffffffffff89cb,60
2154,Chloramben,2,1.0,MW1053-31|20150401,0xfffffffffffff89cb,60
2155,Chloramben,2,1.4771212339401245,MW1053-31|20150401,0xfffffffffffff89cb,60
2156,Chloramben,2,-1.5228787660598755,MW1053-33|20150401,0xfffffffffffffffff,68
2157,Chloramben,2,-1.0,MW1053-33|20150401,0xfffffffffffffcfff,66
2158,Chloramben,2,-0.5228787660598755,MW1053-33|20150401,0xfffffffffffff89ff,63
2159,Chloramben,2,0.0,MW1053-33|20150401,0xfffffffffffff89ff,63
2160,Chloramben,2,0.4771212637424469,MW1053-33|20150401,0xfffffffffffff89ff,63
2161,Chloramben,2,1.0,MW1053-33|20150401,0xfffffffffffff89ff,63
2162,Chloramben,2,1.4771212339401245,MW1053-33|20150401,0xfffffffffffff89ff,63
2163,Chlordiazepoxide hydrochloride,1,1.4771212339401245,MW1044-2|20150819,0xffe5fffff139789cb,49
2164,Chlordiazepoxide hydrochloride,1,-1.5228787660598755,MW1044-2|20150819,0xfffffffffffffffff,68
2165,Chlordiazepoxide hydrochloride,1,-1.0,MW1044-2|20150819,0xfffffffffffffffff,68
2166,Chlordiazepoxide hydrochloride,1,-0.5228787660598755,MW1044-2|20150819,0xfffffffffffffffff,68
2167,Chlordiazepoxide hydrochloride,1,0.0,MW1044-2|20150819,0xfffffffffffffffff,68
2168,Chlordiazepoxide hydrochloride,1,0.4771212637424469,MW1044-2|20150819,0xfffffffffffffffff,68
2169,Chlordiazepoxide hydrochloride,1,1.0,MW1044-2|20150819,0xfffffffffffffffff,68
2170,Chlordiazepoxide hydrochloride,1,1.0,MW1044-6|20150819,0xfffffffffffffffff,68
2171,Chlordiazepoxide hydrochloride,1,1.4771212339401245,MW1044-6|20150819,0xc4e5e272f139789cb,36
2172,Chlordiazepoxide hydrochloride,1,-1.5228787660598755,MW1044-6|20150819,0xfffffffffffffffff,68
2173,Chlordiazepoxide hydrochloride,1,-1.0,MW1044-6|20150819,0xfffffffffffffffff,68
2174,Chlordiazepoxide hydrochloride,1,-0.5228787660598755,MW1044-6|20150819,0xfffffffff13ff89cb,55
2175,Chlordiazepoxide hydrochloride,1,0.0,MW1044-6|20150819,0xfffffffffffffffff,68
2176,Chlordiazepoxide hydrochloride,1,0.4771212637424469,MW1044-6|20150819,0xfffffffffffff89cb,60
2177,Chlordiazepoxide hydrochloride,1,0.4771212637424469,MW1044-7|20150819,0xfffffffffffffffff,68
2178,Chlordiazepoxide hydrochloride,1,1.0,MW1044-7|20150819,0xfffffffffffffffff,68
2179,Chlordiazepoxide hydrochloride,1,1.4771212339401245,MW1044-7|20150819,0xc4e5e272f139789cb,36
2180,Chlordiazepoxide hydrochloride,1,-1.5228787660598755,MW1044-7|20150819,0xfffffffffffffffff,68
2181,Chlordiazepoxide hydrochloride,1,-1.0,MW1044-7|20150819,0xfffffffffffffffff,68
2182,Chlordiazepoxide hydrochloride,1,-0.5228787660598755,MW1044-7|20150819,0xfffffffffffffffff,68
2183,Chlordiazepoxide hydrochloride,1,0.0,MW1044-7|20150819,0xfffffffffffffffff,68
2184,Chlorendic acid,3,1.3010300397872925,MW1160-24|20160921,0xfffffffffffff89ff,63
2185,Chlorendic acid,3,-1.5228787660598755,MW1160-24|20160921,0xfffffffffffffcfff,66
2186,Chlorendic acid,3,-1.0,MW1160-24|20160921,0xfffffffffffff89cb,60
2187,Chlorendic acid,3,-0.5228787660598755,MW1160-24|20160921,0xfffffffffffff89ff,63
2188,Chlorendic acid,3,0.0,MW1160-24|20160921,0xfffffffffffff89cb,60
2189,Chlorendic acid,3,0.4771212637424469,MW1160-24|20160921,0xfffffffffffff89ff,63
2190,Chlorendic acid,3,1.0,MW1160-24|20160921,0xfffffffffffff89ff,63
2191,Chlorendic acid,3,1.0,MW1160-25|20160921,0xfffffffffffff89cb,60
2192,Chlorendic acid,3,1.3010300397872925,MW1160-25|20160921,0xfffffffffffff89ff,63
2193,Chlorendic acid,3,-1.5228787660598755,MW1160-25|20160921,0xfffffffffffff89ff,63
2194,Chlorendic acid,3,-1.0,MW1160-25|20160921,0xfffffffffffff89ff,63
2195,Chlorendic acid,3,-0.5228787660598755,MW1160-25|20160921,0xfffffffffffff89cb,60
2196,Chlorendic acid,3,0.0,MW1160-25|20160921,0xfffffffffffff89ff,63
2197,Chlorendic acid,3,0.4771212637424469,MW1160-25|20160921,0xfffffffffffff89ff,63
2198,Chlorendic acid,3,0.4771212637424469,MW1160-26|20160921,0xfffffffffffff89ff,63
2199,Chlorendic acid,3,1.0,MW1160-26|20160921,0xfffffffffffff89ff,63
2200,Chlorendic acid,3,1.3010300397872925,MW1160-26|20160921,0xfffffffffffff89ff,63
2201,Chlorendic acid,3,-1.5228787660598755,MW1160-26|20160921,0xfffffffffffff89ff,63
2202,Chlorendic acid,3,-1.0,MW1160-26|20160921,0xfffffffffffff89ff,63
2203,Chlorendic acid,3,-0.5228787660598755,MW1160-26|20160921,0xfffffffffffff89ff,63
2204,Chlorendic acid,3,0.0,MW1160-26|20160921,0xfffffffffffff89ff,63
2205,Chlorethoxyfos,4,2.0,MW1125-3|20160413,0xc4e5e272f139789cb,36
2206,Chlorethoxyfos,4,-1.0,MW1125-3|20160413,0xfffffffffffff89ff,63
2207,Chlorethoxyfos,4,-0.5228787660598755,MW1125-3|20160413,0xfffffffffffff89ff,63
2208,Chlorethoxyfos,4,0.0,MW1125-3|20160413,0xfffffffffffffcfff,66
2209,Chlorethoxyfos,4,0.4771212637424469,MW1125-3|20160413,0xfffffffffffff89ff,63
2210,Chlorethoxyfos,4,1.0,MW1125-3|20160413,0xfffffffffffff89ff,63
2211,Chlorethoxyfos,4,1.4771212339401245,MW1125-3|20160413,0xfffffffff13ff89cb,55
2212,Chlorethoxyfos,4,1.4771212339401245,MW1125-4|20160413,0xfffffffff9fff89ff,61
2213,Chlorethoxyfos,4,2.0,MW1125-4|20160413,0xc4e5e272f139789cb,36
2214,Chlorethoxyfos,4,-1.0,MW1125-4|20160413,0xfffffffffffff89ff,63
2215,Chlorethoxyfos,4,-0.5228787660598755,MW1125-4|20160413,0xfffffffffffff89ff,63
2216,Chlorethoxyfos,4,0.0,MW1125-4|20160413,0xfffffffffffff89ff,63
2217,Chlorethoxyfos,4,0.4771212637424469,MW1125-4|20160413,0xfffffffffffff89ff,63
2218,Chlorethoxyfos,4,1.0,MW1125-4|20160413,0xfffffffffffff89ff,63
2219,Chlorethoxyfos,4,1.0,MW1125-5|20160413,0xfffffffffffffffff,68
2220,Chlorethoxyfos,4,1.4771212339401245,MW1125-5|20160413,0xfffffffff13ff89ff,58
2221,Chlorethoxyfos,4,2.0,MW1125-5|20160413,0xc4e5e272f139789cb,36
2222,Chlorethoxyfos,4,-1.0,MW1125-5|20160413,0xfffffffffffff89ff,63
2223,Chlorethoxyfos,4,-0.5228787660598755,MW1125-5|20160413,0xfffffffffffff89cb,60
2224,Chlorethoxyfos,4,0.0,MW1125-5|20160413,0xfffffffffffff89ff,63
2225,Chlorethoxyfos,4,0.4771212637424469,MW1125-5|20160413,0xfffffffffffff89cb,60
2226,Chlorpromazine hydrochloride,2,1.4771212339401245,MW1062-29|20160601,0xc4e5e272f139789cb,36
2227,Chlorpromazine hydrochloride,2,-1.5228787660598755,MW1062-29|20160601,0xfffffffffffff89cb,60
2228,Chlorpromazine hydrochloride,2,-1.0,MW1062-29|20160601,0xfffffffffffff89cb,60
2229,Chlorpromazine hydrochloride,2,-0.5228787660598755,MW1062-29|20160601,0xfffffffffffff89cb,60
2230,Chlorpromazine hydrochloride,2,0.0,MW1062-29|20160601,0xfffffffffffff89cb,60
2231,Chlorpromazine hydrochloride,2,0.4771212637424469,MW1062-29|20160601,0xfffffffff13ff89cb,55
2232,Chlorpromazine hydrochloride,2,1.0,MW1062-29|20160601,0xc4e5e272f139789cb,36
2233,Chlorpromazine hydrochloride,2,1.0,MW1062-43|20160601,0xffffe272f139789cb,44
2234,Chlorpromazine hydrochloride,2,1.4771212339401245,MW1062-43|20160601,0xc4e5e272f139789cb,36
2235,Chlorpromazine hydrochloride,2,-1.5228787660598755,MW1062-43|20160601,0xfffffffffffff89ff,63
2236,Chlorpromazine hydrochloride,2,-1.0,MW1062-43|20160601,0xfffffffffffff89ff,63
2237,Chlorpromazine hydrochloride,2,-0.5228787660598755,MW1062-43|20160601,0xfffffffffffff89cb,60
2238,Chlorpromazine hydrochloride,2,0.0,MW1062-43|20160601,0xfffffffffffff89cb,60
2239,Chlorpromazine hydrochloride,2,0.4771212637424469,MW1062-43|20160601,0xfffffffffffff89cb,60
2240,Chlorpromazine hydrochloride,2,0.4771212637424469,MW1062-44|20160601,0xfffffffffffff89cb,60
2241,Chlorpromazine hydrochloride,2,1.0,MW1062-44|20160601,0xffffe27ff139789cb,47
2242,Chlorpromazine hydrochloride,2,1.4771212339401245,MW1062-44|20160601,0xc4e5e272f139789cb,36
2243,Chlorpromazine hydrochloride,2,-1.5228787660598755,MW1062-44|20160601,0xfffffffffffff89ff,63
2244,Chlorpromazine hydrochloride,2,-1.0,MW1062-44|20160601,0xfffffffffffff89cb,60
2245,Chlorpromazine hydrochloride,2,-0.5228787660598755,MW1062-44|20160601,0xfffffffffffff89cb,60
2246,Chlorpromazine hydrochloride,2,0.0,MW1062-44|20160601,0xfffffffffffff89cb,60
2289,Chlorpyrifos oxon,4,-1.5228787660598755,MW1007-70|20140924,0xfffffffff9f9789cb,55
2290,Chlorpyrifos oxon,4,-1.0,MW1007-70|20140924,0xfffffffffffff89ff,63
2291,Chlorpyrifos oxon,4,-0.5228787660598755,MW1007-70|20140924,0xfffffffffffff89cb,60
2292,Chlorpyrifos oxon,4,0.0,MW1007-70|20140924,0xfffffffffffff89ff,63
2293,Chlorpyrifos oxon,4,0.4771212637424469,MW1007-70|20140924,0xfffffffffffff89ff,63
2294,Chlorpyrifos oxon,4,1.0,MW1007-70|20140924,0xfffffffff13ff89ff,58
2295,Chlorpyrifos oxon,4,1.4771212339401245,MW1007-70|20140924,0xc4e5fffff139789ff,47
2296,Chlorpyrifos oxon,4,-1.5228787660598755,MW1007-81|20140924,0xfffffffffffff89ff,63
2297,Chlorpyrifos oxon,4,-1.0,MW1007-81|20140924,0xfffffffffffff89ff,63
2298,Chlorpyrifos oxon,4,-0.5228787660598755,MW1007-81|20140924,0xfffffffffffff89ff,63
2299,Chlorpyrifos oxon,4,0.0,MW1007-81|20140924,0xfffffffffffff89ff,63
2300,Chlorpyrifos oxon,4,0.4771212637424469,MW1007-81|20140924,0xfffffffffffff89ff,63
2301,Chlorpyrifos oxon,4,1.0,MW1007-81|20140924,0xfffffffff9fff89ff,61
2302,Chlorpyrifos oxon,4,1.4771212339401245,MW1007-81|20140924,0xc4e5fffff13ff89cb,47
2303,Chlorpyrifos oxon,4,-1.5228787660598755,MW1007-84|20140924,0xfffffffffffff89ff,63
2304,Chlorpyrifos oxon,4,-1.0,MW1007-84|20140924,0xfffffffffffff89cb,60
2305,Chlorpyrifos oxon,4,-0.5228787660598755,MW1007-84|20140924,0xfffffffffffff89ff,63
2306,Chlorpyrifos oxon,4,0.0,MW1007-84|20140924,0xfffffffffffff89cb,60
2307,Chlorpyrifos oxon,4,0.4771212637424469,MW1007-84|20140924,0xfffffffffffff89ff,63
2308,Chlorpyrifos oxon,4,1.0,MW1007-84|20140924,0xfffffffff13ff89ff,58
2309,Chlorpyrifos oxon,4,1.4771212339401245,MW1007-84|20140924,0xc4ffe27ff139789cb,42
2310,Chlorpyrifos oxon,4,2.0,MW1125-3|20160413,0xfffffffffffff89ff,63
2311,Chlorpyrifos oxon,4,-1.0,MW1125-3|20160413,0xfffffffffffffffff,68
2312,Chlorpyrifos oxon,4,-0.5228787660598755,MW1125-3|20160413,0xfffffffffffffffff,68
2313,Chlorpyrifos oxon,4,0.0,MW1125-3|20160413,0xfffffffffffffffff,68
2314,Chlorpyrifos oxon,4,0.4771212637424469,MW1125-3|20160413,0xfffffffffffffcfff,66
2315,Chlorpyrifos oxon,4,1.0,MW1125-3|20160413,0xfffffffffffffcfff,66
2316,Chlorpyrifos oxon,4,1.4771212339401245,MW1125-3|20160413,0xfffffffffffff89ff,63
2317,Chlorpyrifos oxon,4,1.4771212339401245,MW1125-4|20160413,0xfffffffffffff89ff,63
2318,Chlorpyrifos oxon,4,2.0,MW1125-4|20160413,0xfffffffffffff89ff,63
2319,Chlorpyrifos oxon,4,-1.0,MW1125-4|20160413,0xfffffffffffff89ff,63
2320,Chlorpyrifos oxon,4,-0.5228787660598755,MW1125-4|20160413,0xfffffffffffff89cb,60
2321,Chlorpyrifos oxon,4,0.0,MW1125-4|20160413,0xfffffffffffff89ff,63
2322,Chlorpyrifos oxon,4,0.4771212637424469,MW1125-4|20160413,0xfffffffffffff89ff,63
2323,Chlorpyrifos oxon,4,1.0,MW1125-4|20160413,0xfffffffffffff89cb,60
2324,Chlorpyrifos oxon,4,1.0,MW1125-5|20160413,0xfffffffffffffffff,68
2325,Chlorpyrifos oxon,4,1.4771212339401245,MW1125-5|20160413,0xfffffffffffffffff,68
2326,Chlorpyrifos oxon,4,2.0,MW1125-5|20160413,0xfffffffffffff89ff,63
2327,Chlorpyrifos oxon,4,-1.0,MW1125-5|20160413,0xfffffffffffffffff,68
2328,Chlorpyrifos oxon,4,-0.5228787660598755,MW1125-5|20160413,0xfffffffffffffcfff,66
2329,Chlorpyrifos oxon,4,0.0,MW1125-5|20160413,0xfffffffffffffcfff,66
2330,Chlorpyrifos oxon,4,0.4771212637424469,MW1125-5|20160413,0xfffffffffffff89cb,60
2331,Chrysene,4,0.9867717623710632,MW1139-30|20160803,0xfffffffff13ff89cb,55
2332,Chrysene,4,-2.0,MW1139-30|20160803,0xfffffffffffff89cb,60
2333,Chrysene,4,-1.3010300397872925,MW1139-30|20160803,0xfffffffff13ff89cb,55
2334,Chrysene,4,-0.8239087462425232,MW1139-30|20160803,0xfffffffffffff89cb,60
2335,Chrysene,4,-0.30980393290519714,MW1139-30|20160803,0xfffffffffffff89cb,60
2336,Chrysene,4,0.16435284912586212,MW1139-30|20160803,0xfffffffffffff89cb,60
2337,Chrysene,4,0.6857417225837708,MW1139-30|20160803,0xfffffffffffff89cb,60
2338,Chrysene,4,0.6857417225837708,MW1139-31|20160803,0xfffffffffffff89cb,60
2339,Chrysene,4,0.9867717623710632,MW1139-31|20160803,0xfffffffffffff89cb,60
2340,Chrysene,4,-2.0,MW1139-31|20160803,0xfffffffffffff89cb,60
2341,Chrysene,4,-1.3010300397872925,MW1139-31|20160803,0xfffffffffffff89cb,60
2342,Chrysene,4,-0.8239087462425232,MW1139-31|20160803,0xfffffffffffff89cb,60
2343,Chrysene,4,-0.30980393290519714,MW1139-31|20160803,0xfffffffffffff89cb,60
2344,Chrysene,4,0.16435284912586212,MW1139-31|20160803,0xfffffffffffff89cb,60
2345,Chrysene,4,0.16435284912586212,MW1139-34|20160803,0xfffffffffffff89cb,60
2346,Chrysene,4,0.6857417225837708,MW1139-34|20160803,0xfffffffffffff89cb,60
2347,Chrysene,4,0.9867717623710632,MW1139-34|20160803,0xfffffffffffff89cb,60
2348,Chrysene,4,-2.0,MW1139-34|20160803,0xfffffffffffff89cb,60
2349,Chrysene,4,-1.3010300397872925,MW1139-34|20160803,0xfffffffffffff89cb,60
2350,Chrysene,4,-0.8239087462425232,MW1139-34|20160803,0xfffffffffffff89cb,60
2351,Chrysene,4,-0.30980393290519714,MW1139-34|20160803,0xfffffffffffff89cb,60
2352,Clodinafop-propargyl,3,1.3010300397872925,MW1146-06|20170412,0xfffffffffffff89cb,60
2353,Clodinafop-propargyl,3,-1.5228787660598755,MW1146-06|20170412,0xfffffffffffff89cb,60
2354,Clodinafop-propargyl,3,-1.0,MW1146-06|20170412,0xfffffffffffff89cb,60
2355,Clodinafop-propargyl,3,-0.5228787660598755,MW1146-06|20170412,0xfffffffffffff89cb,60
2356,Clodinafop-propargyl,3,0.0,MW1146-06|20170412,0xfffffffffffff89cb,60
2357,Clodinafop-propargyl,3,0.4771212637424469,MW1146-06|20170412,0xfffffffffffff89cb,60
2358,Clodinafop-propargyl,3,1.0,MW1146-06|20170412,0xfffffffffffff89ff,63
2359,Clodinafop-propargyl,3,1.0,MW1146-07|20170412,0xfffffffffffff89cb,60
2360,Clodinafop-propargyl,3,1.3010300397872925,MW1146-07|20170412,0xfffffffffffff89cb,60
2361,Clodinafop-propargyl,3,-1.5228787660598755,MW1146-07|20170412,0xfffffffffffff89ff,63
2362,Clodinafop-propargyl,3,-1.0,MW1146-07|20170412,0xfffffffffffff89cb,60
2363,Clodinafop-propargyl,3,-0.5228787660598755,MW1146-07|20170412,0xfffffffffffff89cb,60
2364,Clodinafop-propargyl,3,0.0,MW1146-07|20170412,0xfffffffffffff89ff,63
2365,Clodinafop-propargyl,3,0.4771212637424469,MW1146-07|20170412,0xfffffffffffff89cb,60
2366,Clodinafop-propargyl,3,0.4771212637424469,MW1146-08|20170412,0xfffffffffffff89cb,60
2367,Clodinafop-propargyl,3,1.0,MW1146-08|20170412,0xfffffffffffff89cb,60
2368,Clodinafop-propargyl,3,1.3010300397872925,MW1146-08|20170412,0xfffffffffffff89cb,60
2369,Clodinafop-propargyl,3,-1.5228787660598755,MW1146-08|20170412,0xfffffffffffff89cb,60
2370,Clodinafop-propargyl,3,-1.0,MW1146-08|20170412,0xfffffffffffff89cb,60
2371,Clodinafop-propargyl,3,-0.5228787660598755,MW1146-08|20170412,0xfffffffffffff89cb,60
2372,Clodinafop-propargyl,3,0.0,MW1146-08|20170412,0xfffffffffffff89cb,60
2373,Clothianidin,2,1.3010300397872925,MW1160-24|20160921,0xfffffffffffff89cb,60
2374,Clothianidin,2,-1.5228787660598755,MW1160-24|20160921,0xfffffffffffff89ff,63
2375,Clothianidin,2,-1.0,MW1160-24|20160921,0xfffffffffffff89cb,60
2376,Clothianidin,2,-0.5228787660598755,MW1160-24|20160921,0xfffffffffffff89ff,63
2377,Clothianidin,2,0.0,MW1160-24|20160921,0xfffffffffffff89ff,63
2378,Clothianidin,2,0.4771212637424469,MW1160-24|20160921,0xfffffffffffff89ff,63
2379,Clothianidin,2,1.0,MW1160-24|20160921,0xfffffffffffff89ff,63
2380,Clothianidin,2,1.0,MW1160-25|20160921,0xfffffffffffff89ff,63
2381,Clothianidin,2,1.3010300397872925,MW1160-25|20160921,0xfffffffffffff89ff,63
2382,Clothianidin,2,-1.5228787660598755,MW1160-25|20160921,0xfffffffffffff89ff,63
2383,Clothianidin,2,-1.0,MW1160-25|20160921,0xfffffffffffff89ff,63
2384,Clothianidin,2,-0.5228787660598755,MW1160-25|20160921,0xfffffffffffff89ff,63
2385,Clothianidin,2,0.0,MW1160-25|20160921,0xfffffffffffff89ff,63
2386,Clothianidin,2,0.4771212637424469,MW1160-25|20160921,0xfffffffffffff89ff,63
2387,Clothianidin,2,0.4771212637424469,MW1160-26|20160921,0xfffffffffffff89ff,63
2388,Clothianidin,2,1.0,MW1160-26|20160921,0xfffffffffffff89ff,63
2389,Clothianidin,2,1.3010300397872925,MW1160-26|20160921,0xfffffffffffff89ff,63
2390,Clothianidin,2,-1.5228787660598755,MW1160-26|20160921,0xfffffffffffff89ff,63
2391,Clothianidin,2,-1.0,MW1160-26|20160921,0xfffffffffffff89ff,63
2392,Clothianidin,2,-0.5228787660598755,MW1160-26|20160921,0xfffffffffffff89ff,63
2393,Clothianidin,2,0.0,MW1160-26|20160921,0xfffffffffffff89cb,60
2394,Clove leaf oil,4,-1.5228787660598755,MW1147-23|20171004,0xfffffffff13ff89cb,55
2395,Clove leaf oil,4,-1.0,MW1147-23|20171004,0xfffffffff139789cb,52
2396,Clove leaf oil,4,-0.5228787660598755,MW1147-23|20171004,0xfffffffff13ff89cb,55
2397,Clove leaf oil,4,0.0,MW1147-23|20171004,0xfffffffff139789cb,52
2398,Clove leaf oil,4,0.4771212637424469,MW1147-23|20171004,0xfffffffff13ff89cb,55
2399,Clove leaf oil,4,1.0,MW1147-23|20171004,0xfffffffff13ff89cb,55
2400,Clove leaf oil,4,1.3010300397872925,MW1147-23|20171004,0xfffffffff139789cb,52
2401,Clove leaf oil,4,-1.5228787660598755,MW1147-24|20171004,0xfffffffff13ff89cb,55
2402,Clove leaf oil,4,-1.0,MW1147-24|20171004,0xfffffffff13ff89cb,55
2403,Clove leaf oil,4,-0.5228787660598755,MW1147-24|20171004,0xfffffffff139789cb,52
2404,Clove leaf oil,4,0.0,MW1147-24|20171004,0xfffffffff13ff89cb,55
2405,Clove leaf oil,4,0.4771212637424469,MW1147-24|20171004,0xfffffffffffff89cb,60
2406,Clove leaf oil,4,1.0,MW1147-24|20171004,0xfffffffff139789cb,52
2407,Clove leaf oil,4,1.3010300397872925,MW1147-24|20171004,0xfffffffffffff89cb,60
2408,Clove leaf oil,4,-1.5228787660598755,MW1147-25|20171004,0xfffffffff139789cb,52
2409,Clove leaf oil,4,-1.0,MW1147-25|20171004,0xfffffffff13ff89cb,55
2410,Clove leaf oil,4,-0.5228787660598755,MW1147-25|20171004,0xfffffffff139789cb,52
2411,Clove leaf oil,4,0.0,MW1147-25|20171004,0xfffffffff13ff89cb,55
2412,Clove leaf oil,4,0.4771212637424469,MW1147-25|20171004,0xfffffffff13ff89cb,55
2413,Clove leaf oil,4,1.0,MW1147-25|20171004,0xfffffffff139789cb,52
2414,Clove leaf oil,4,1.3010300397872925,MW1147-25|20171004,0xfffffffff13ff89cb,55
2415,Cocaine,3,-1.5228787660598755,MW1007-100|20140827,0xfffffffffffff89ff,63
2416,Cocaine,3,-1.0,MW1007-100|20140827,0xfffffffffffff89ff,63
2417,Cocaine,3,-0.5228787660598755,MW1007-100|20140827,0xfffffffffffffffff,68
2418,Cocaine,3,0.0,MW1007-100|20140827,0xfffffffffffffcfff,66
2419,Cocaine,3,0.4771212637424469,MW1007-100|20140827,0xfffffffffffffffff,68
2420,Cocaine,3,1.0,MW1007-100|20140827,0xfffffffffffffffff,68
2421,Cocaine,3,1.4771212339401245,MW1007-100|20140827,0xfffffffffffff89ff,63
2422,Cocaine,3,-1.5228787660598755,MW1007-91|20140827,0xfffffffffffff89cb,60
2423,Cocaine,3,-1.0,MW1007-91|20140827,0xfffffffffffff89cb,60
2424,Cocaine,3,-0.5228787660598755,MW1007-91|20140827,0xfffffffffffff89ff,63
2425,Cocaine,3,0.0,MW1007-91|20140827,0xfffffffffffff89cb,60
2426,Cocaine,3,0.4771212637424469,MW1007-91|20140827,0xfffffffffffff89ff,63
2427,Cocaine,3,1.0,MW1007-91|20140827,0xfffffffffffff89ff,63
2428,Cocaine,3,1.4771212339401245,MW1007-91|20140827,0xfffffffffffff89cb,60
2429,Cocaine,3,-1.5228787660598755,MW1007-98|20140827,0xfffffffffffff89ff,63
2430,Cocaine,3,-1.0,MW1007-98|20140827,0xfffffffffffff89ff,63
2431,Cocaine,3,-0.5228787660598755,MW1007-98|20140827,0xfffffffffffff89ff,63
2432,Cocaine,3,0.0,MW1007-98|20140827,0xfffffffffffff89ff,63
2433,Cocaine,3,0.4771212637424469,MW1007-98|20140827,0xfffffffffffff89cb,60
2434,Cocaine,3,1.0,MW1007-98|20140827,0xfffffffffffff89cb,60
2435,Cocaine,3,1.4771212339401245,MW1007-98|20140827,0xfffffffffffff89ff,63
2436,Cocaine,3,-1.5228787660598755,MW1041-17|20141112,0xfffffffffffffffff,68
2437,Cocaine,3,-1.0,MW1041-17|20141112,0xfffffffffffffffff,68
2438,Cocaine,3,-0.5228787660598755,MW1041-17|20141112,0xfffffffffffffffff,68
2439,Cocaine,3,0.0,MW1041-17|20141112,0xfffffffffffffffff,68
2440,Cocaine,3,0.4771212637424469,MW1041-17|20141112,0xfffffffffffffffff,68
2441,Cocaine,3,1.0,MW1041-17|20141112,0xfffffffffffffffff,68
2442,Cocaine,3,1.4771212339401245,MW1041-17|20141112,0xfffffffffffffffff,68
2443,Cocaine,3,-1.5228787660598755,MW1041-25|20141112,0xfffffffffffffffff,68
2444,Cocaine,3,-1.0,MW1041-25|20141112,0xfffffffffffffffff,68
2445,Cocaine,3,-0.5228787660598755,MW1041-25|20141112,0xfffffffffffffffff,68
2446,Cocaine,3,0.0,MW1041-25|20141112,0xfffffffffffffffff,68
2447,Cocaine,3,0.4771212637424469,MW1041-25|20141112,0xfffffffffffffffff,68
2448,Cocaine,3,1.0,MW1041-25|20141112,0xfffffffffffffffff,68
2449,Cocaine,3,1.4771212339401245,MW1041-25|20141112,0xfffffffffffffffff,68
2450,Cocaine,3,-1.5228787660598755,MW1041-28|20141112,0xfffffffffffffffff,68
2451,Cocaine,3,-1.0,MW1041-28|20141112,0xfffffffffffffffff,68
2452,Cocaine,3,-0.5228787660598755,MW1041-28|20141112,0xfffffffffffffffff,68
2453,Cocaine,3,0.0,MW1041-28|20141112,0xfffffffffffffffff,68
2454,Cocaine,3,0.4771212637424469,MW1041-28|20141112,0xfffffffffffffffff,68
2455,Cocaine,3,1.0,MW1041-28|20141112,0xfffffffffffffffff,68
2456,Cocaine,3,1.4771212339401245,MW1041-28|20141112,0xfffffffffffffffff,68
2457,Colchicine,3,1.4771212339401245,MW1044-2|20150819,0xc4e5e272f139789cb,36
2458,Colchicine,3,-1.5228787660598755,MW1044-2|20150819,0xffffe27ff139789cb,47
2459,Colchicine,3,-1.0,MW1044-2|20150819,0xc4e5e272f139789cb,36
2460,Colchicine,3,-0.5228787660598755,MW1044-2|20150819,0xc4e5e272f139789cb,36
2461,Colchicine,3,0.0,MW1044-2|20150819,0xc4e5e272f139789cb,36
2462,Colchicine,3,0.4771212637424469,MW1044-2|20150819,0xc4e5e272f139789cb,36
2463,Colchicine,3,1.0,MW1044-2|20150819,0xc4e5e272f139789cb,36
2464,Colchicine,3,1.0,MW1044-6|20150819,0xc4e5e272f139789cb,36
2465,Colchicine,3,1.4771212339401245,MW1044-6|20150819,0xc4e5e272f139789cb,36
2466,Colchicine,3,-1.5228787660598755,MW1044-6|20150819,0xc4e5e272f139789cb,36
2467,Colchicine,3,-1.0,MW1044-6|20150819,0xc4e5e272f139789cb,36
2468,Colchicine,3,-0.5228787660598755,MW1044-6|20150819,0xc4e5e272f139789cb,36
2469,Colchicine,3,0.0,MW1044-6|20150819,0xc4e5e272f139789cb,36
2470,Colchicine,3,0.4771212637424469,MW1044-6|20150819,0xc4e5e272f139789cb,36
2471,Colchicine,3,0.4771212637424469,MW1044-7|20150819,0xc4e5e272f139789cb,36
2472,Colchicine,3,1.0,MW1044-7|20150819,0xc4e5e272f139789cb,36
2473,Colchicine,3,1.4771212339401245,MW1044-7|20150819,0xc4e5e272f139789cb,36
2474,Colchicine,3,-1.5228787660598755,MW1044-7|20150819,0xffffe27ff13ff89cb,50
2475,Colchicine,3,-1.0,MW1044-7|20150819,0xc4e5e272f139789cb,36
2476,Colchicine,3,-0.5228787660598755,MW1044-7|20150819,0xc4e5e272f139789cb,36
2477,Colchicine,3,0.0,MW1044-7|20150819,0xc4e5e272f139789cb,36
2478,Cotinine,4,1.4771212339401245,MW1047-22|20150909,0xfffffffffffff89ff,63
2479,Cotinine,4,-1.5228787660598755,MW1047-22|20150909,0xfffffffffffff89ff,63
2480,Cotinine,4,-1.0,MW1047-22|20150909,0xfffffffffffff89ff,63
2481,Cotinine,4,-0.5228787660598755,MW1047-22|20150909,0xfffffffffffff89ff,63
2482,Cotinine,4,0.0,MW1047-22|20150909,0xfffffffffffff89ff,63
2483,Cotinine,4,0.4771212637424469,MW1047-22|20150909,0xfffffffffffff89ff,63
2484,Cotinine,4,1.0,MW1047-22|20150909,0xfffffffffffff89ff,63
2485,Cotinine,4,1.0,MW1047-29|20150909,0xfffffffffffff89ff,63
2486,Cotinine,4,1.4771212339401245,MW1047-29|20150909,0xfffffffffffff89ff,63
2487,Cotinine,4,-1.5228787660598755,MW1047-29|20150909,0xfffffffffffff89cb,60
2488,Cotinine,4,-1.0,MW1047-29|20150909,0xfffffffffffff89ff,63
2489,Cotinine,4,-0.5228787660598755,MW1047-29|20150909,0xfffffffffffff89cb,60
2490,Cotinine,4,0.0,MW1047-29|20150909,0xfffffffffffff89ff,63
2491,Cotinine,4,0.4771212637424469,MW1047-29|20150909,0xfffffffffffff89cb,60
2492,Cotinine,4,0.4771212637424469,MW1047-30|20150909,0xfffffffffffff89ff,63
2493,Cotinine,4,1.0,MW1047-30|20150909,0xfffffffffffffcfff,66
2494,Cotinine,4,1.4771212339401245,MW1047-30|20150909,0xfffffffffffff89ff,63
2495,Cotinine,4,-1.5228787660598755,MW1047-30|20150909,0xfffffffffffff89ff,63
2496,Cotinine,4,-1.0,MW1047-30|20150909,0xfffffffffffff89ff,63
2497,Cotinine,4,-0.5228787660598755,MW1047-30|20150909,0xfffffffffffffcfff,66
2498,Cotinine,4,0.0,MW1047-30|20150909,0xfffffffffffff89ff,63
2499,Cotinine,4,-1.5228787660598755,MW1053-26|20150401,0xfffffffffffff89ff,63
2500,Cotinine,4,-1.0,MW1053-26|20150401,0xfffffffffffff89cb,60
2501,Cotinine,4,-0.5228787660598755,MW1053-26|20150401,0xfffffffffffff89ff,63
2502,Cotinine,4,0.0,MW1053-26|20150401,0xfffffffffffff89ff,63
2503,Cotinine,4,0.4771212637424469,MW1053-26|20150401,0xfffffffffffff89cb,60
2504,Cotinine,4,1.0,MW1053-26|20150401,0xfffffffffffff89ff,63
2505,Cotinine,4,1.4771212339401245,MW1053-26|20150401,0xfffffffff9fff89cb,58
2506,Cotinine,4,-1.5228787660598755,MW1053-31|20150401,0xfffffffffffff89ff,63
2507,Cotinine,4,-1.0,MW1053-31|20150401,0xfffffffffffff89cb,60
2508,Cotinine,4,-0.5228787660598755,MW1053-31|20150401,0xfffffffffffff89ff,63
2509,Cotinine,4,0.0,MW1053-31|20150401,0xfffffffffffff89cb,60
2510,Cotinine,4,0.4771212637424469,MW1053-31|20150401,0xfffffffffffff89ff,63
2511,Cotinine,4,1.0,MW1053-31|20150401,0xfffffffffffff89ff,63
2512,Cotinine,4,1.4771212339401245,MW1053-31|20150401,0xfffffffff13ff89ff,58
2513,Cotinine,4,-1.5228787660598755,MW1053-33|20150401,0xfffffffffffff89ff,63
2514,Cotinine,4,-1.0,MW1053-33|20150401,0xfffffffffffff89ff,63
2515,Cotinine,4,-0.5228787660598755,MW1053-33|20150401,0xfffffffffffff89ff,63
2516,Cotinine,4,0.0,MW1053-33|20150401,0xfffffffffffff89ff,63
2517,Cotinine,4,0.4771212637424469,MW1053-33|20150401,0xfffffffffffffffff,68
2518,Cotinine,4,1.0,MW1053-33|20150401,0xfffffffffffffffff,68
2519,Cotinine,4,1.4771212339401245,MW1053-33|20150401,0xfffffffffffffcfff,66
2520,Coumaphos,4,2.0,MW1056-28|20151209,0xc4e5e272f139789cb,36
2521,Coumaphos,4,-1.0,MW1056-28|20151209,0xfffffffffffff89ff,63
2522,Coumaphos,4,-0.5228787660598755,MW1056-28|20151209,0xfffffffffffff89ff,63
2523,Coumaphos,4,0.0,MW1056-28|20151209,0xfffffffffffff89ff,63
2524,Coumaphos,4,0.4771212637424469,MW1056-28|20151209,0xfffffffffffff89cb,60
2525,Coumaphos,4,1.0,MW1056-28|20151209,0xfffffffffffff89cb,60
2526,Coumaphos,4,1.4771212339401245,MW1056-28|20151209,0xfffffffff13ff89cb,55
2527,Coumaphos,4,1.4771212339401245,MW1056-29|20151209,0xfffffffff13ff89ff,58
2528,Coumaphos,4,2.0,MW1056-29|20151209,0xc4e5e272f139789cb,36
2529,Coumaphos,4,-1.0,MW1056-29|20151209,0xfffffffffffff89ff,63
2530,Coumaphos,4,-0.5228787660598755,MW1056-29|20151209,0xfffffffffffffcfff,66
2531,Coumaphos,4,0.0,MW1056-29|20151209,0xfffffffffffffcfff,66
2532,Coumaphos,4,0.4771212637424469,MW1056-29|20151209,0xfffffffffffff89ff,63
2533,Coumaphos,4,1.0,MW1056-29|20151209,0xfffffffffffff89ff,63
2534,Coumaphos,4,1.0,MW1056-36|20151209,0xfffffffffffffffff,68
2535,Coumaphos,4,1.4771212339401245,MW1056-36|20151209,0xfffffffffffff89cb,60
2536,Coumaphos,4,2.0,MW1056-36|20151209,0xc4e5e272f139789cb,36
2537,Coumaphos,4,-1.0,MW1056-36|20151209,0xfffffffffffff89ff,63
2538,Coumaphos,4,-0.5228787660598755,MW1056-36|20151209,0xfffffffffffff89ff,63
2539,Coumaphos,4,0.0,MW1056-36|20151209,0xfffffffffffff89cb,60
2540,Coumaphos,4,0.4771212637424469,MW1056-36|20151209,0xfffffffffffff89ff,63
2541,Cyclophosphamide monohydrate,1,1.4771212339401245,MW1062-29|20160601,0xfffffffffffff89cb,60
2542,Cyclophosphamide monohydrate,1,-1.5228787660598755,MW1062-29|20160601,0xfffffffffffff89cb,60
2543,Cyclophosphamide monohydrate,1,-1.0,MW1062-29|20160601,0xfffffffffffff89cb,60
2544,Cyclophosphamide monohydrate,1,-0.5228787660598755,MW1062-29|20160601,0xfffffffffffff89cb,60
2545,Cyclophosphamide monohydrate,1,0.0,MW1062-29|20160601,0xfffffffffffff89cb,60
2546,Cyclophosphamide monohydrate,1,0.4771212637424469,MW1062-29|20160601,0xfffffffff139789cb,52
2547,Cyclophosphamide monohydrate,1,1.0,MW1062-29|20160601,0xfffffffffffff89cb,60
2548,Cyclophosphamide monohydrate,1,1.0,MW1062-43|20160601,0xfffffffffffff89cb,60
2549,Cyclophosphamide monohydrate,1,1.4771212339401245,MW1062-43|20160601,0xfffffffffffff89cb,60
2550,Cyclophosphamide monohydrate,1,-1.5228787660598755,MW1062-43|20160601,0xfffffffffffff89cb,60
2551,Cyclophosphamide monohydrate,1,-1.0,MW1062-43|20160601,0xfffffffffffff89ff,63
2552,Cyclophosphamide monohydrate,1,-0.5228787660598755,MW1062-43|20160601,0xfffffffffffff89ff,63
2553,Cyclophosphamide monohydrate,1,0.0,MW1062-43|20160601,0xfffffffffffff89cb,60
2554,Cyclophosphamide monohydrate,1,0.4771212637424469,MW1062-43|20160601,0xfffffffffffff89cb,60
2555,Cyclophosphamide monohydrate,1,0.4771212637424469,MW1062-44|20160601,0xfffffffffffff89cb,60
2556,Cyclophosphamide monohydrate,1,1.0,MW1062-44|20160601,0xfffffffffffff89cb,60
2557,Cyclophosphamide monohydrate,1,1.4771212339401245,MW1062-44|20160601,0xfffffffffffff89cb,60
2558,Cyclophosphamide monohydrate,1,-1.5228787660598755,MW1062-44|20160601,0xfffffffffffff89cb,60
2559,Cyclophosphamide monohydrate,1,-1.0,MW1062-44|20160601,0xfffffffffffff89cb,60
2560,Cyclophosphamide monohydrate,1,-0.5228787660598755,MW1062-44|20160601,0xfffffffffffff89cb,60
2561,Cyclophosphamide monohydrate,1,0.0,MW1062-44|20160601,0xfffffffffffff89cb,60
2583,Cymoxanil,1,1.3010300397872925,MW1145-25|20170201,0xfffffffffffffffff,68
2584,Cymoxanil,1,-1.5228787660598755,MW1145-25|20170201,0xfffffffffffffffff,68
2585,Cymoxanil,1,-1.0,MW1145-25|20170201,0xfffffffffffffffff,68
2586,Cymoxanil,1,-0.5228787660598755,MW1145-25|20170201,0xfffffffffffffffff,68
2587,Cymoxanil,1,0.0,MW1145-25|20170201,0xfffffffffffffffff,68
2588,Cymoxanil,1,0.4771212637424469,MW1145-25|20170201,0xfffffffffffffffff,68
2589,Cymoxanil,1,1.0,MW1145-25|20170201,0xfffffffffffffffff,68
2590,Cymoxanil,1,1.0,MW1145-26|20170201,0xfffffffffffffffff,68
2591,Cymoxanil,1,1.3010300397872925,MW1145-26|20170201,0xfffffffffffffffff,68
2592,Cymoxanil,1,-1.5228787660598755,MW1145-26|20170201,0xfffffffffffffffff,68
2593,Cymoxanil,1,-1.0,MW1145-26|20170201,0xfffffffffffffffff,68
2594,Cymoxanil,1,-0.5228787660598755,MW1145-26|20170201,0xfffffffffffffffff,68
2595,Cymoxanil,1,0.0,MW1145-26|20170201,0xfffffffffffffffff,68
2596,Cymoxanil,1,0.4771212637424469,MW1145-26|20170201,0xfffffffffffffffff,68
2597,Cymoxanil,1,0.4771212637424469,MW1145-27|20170201,0xfffffffffffffffff,68
2598,Cymoxanil,1,1.0,MW1145-27|20170201,0xfffffffffffffffff,68
2599,Cymoxanil,1,1.3010300397872925,MW1145-27|20170201,0xfffffffffffffffff,68
2600,Cymoxanil,1,-1.5228787660598755,MW1145-27|20170201,0xfffffffffffffffff,68
2601,Cymoxanil,1,-1.0,MW1145-27|20170201,0xfffffffffffffffff,68
2602,Cymoxanil,1,-0.5228787660598755,MW1145-27|20170201,0xfffffffffffffffff,68
2603,Cymoxanil,1,0.0,MW1145-27|20170201,0xfffffffffffffffff,68
2604,Cymoxanil,1,-1.5228787660598755,MW1147-13|20170920,0xfffffffffffffffff,68
2605,Cymoxanil,1,-1.0,MW1147-13|20170920,0xfffffffffffff89cb,60
2606,Cymoxanil,1,-0.5228787660598755,MW1147-13|20170920,0xfffffffffffffcfff,66
2607,Cymoxanil,1,0.0,MW1147-13|20170920,0xfffffffffffffffff,68
2608,Cymoxanil,1,0.4771212637424469,MW1147-13|20170920,0xfffffffffffff89ff,63
2609,Cymoxanil,1,1.0,MW1147-13|20170920,0xfffffffffffff89ff,63
2610,Cymoxanil,1,1.3010300397872925,MW1147-13|20170920,0xfffffffffffff89ff,63
2611,Cymoxanil,1,-1.5228787660598755,MW1147-14|20170920,0xfffffffffffffffff,68
2612,Cymoxanil,1,-1.0,MW1147-14|20170920,0xfffffffffffffffff,68
2613,Cymoxanil,1,-0.5228787660598755,MW1147-14|20170920,0xfffffffffffffffff,68
2614,Cymoxanil,1,0.0,MW1147-14|20170920,0xfffffffffffffffff,68
2615,Cymoxanil,1,0.4771212637424469,MW1147-14|20170920,0xfffffffffffffffff,68
2616,Cymoxanil,1,1.0,MW1147-14|20170920,0xfffffffffffffffff,68
2617,Cymoxanil,1,1.3010300397872925,MW1147-14|20170920,0xfffffffffffffffff,68
2618,Cymoxanil,1,-1.5228787660598755,MW1147-15|20170920,0xfffffffffffffffff,68
2619,Cymoxanil,1,-1.0,MW1147-15|20170920,0xfffffffffffffffff,68
2620,Cymoxanil,1,-0.5228787660598755,MW1147-15|20170920,0xfffffffffffffffff,68
2621,Cymoxanil,1,0.0,MW1147-15|20170920,0xfffffffffffffffff,68
2622,Cymoxanil,1,0.4771212637424469,MW1147-15|20170920,0xfffffffffffffffff,68
2623,Cymoxanil,1,1.0,MW1147-15|20170920,0xfffffffffffffffff,68
2624,Cymoxanil,1,1.3010300397872925,MW1147-15|20170920,0xfffffffffffff89ff,63
2625,Cypermethrin,4,-1.5228787660598755,MW1045-02|20141231,0xfffffffffffff89ff,63
2626,Cypermethrin,4,-1.0,MW1045-02|20141231,0xfffffffffffff89cb,60
2627,Cypermethrin,4,-0.5228787660598755,MW1045-02|20141231,0xfffffffffffff89cb,60
2628,Cypermethrin,4,0.0,MW1045-02|20141231,0xfffffffffffff89cb,60
2629,Cypermethrin,4,0.4771212637424469,MW1045-02|20141231,0xfffffffffffff89cb,60
2630,Cypermethrin,4,1.0,MW1045-02|20141231,0xfffffffff139789cb,52
2631,Cypermethrin,4,1.4771212339401245,MW1045-02|20141231,0xc4e5e272f139789cb,36
2632,Cypermethrin,4,-1.5228787660598755,MW1045-06|20141231,0xfffffffffffff89cb,60
2633,Cypermethrin,4,-1.0,MW1045-06|20141231,0xfffffffffffff89cb,60
2634,Cypermethrin,4,-0.5228787660598755,MW1045-06|20141231,0xfffffffffffff89cb,60
2635,Cypermethrin,4,0.0,MW1045-06|20141231,0xfffffffffffff89cb,60
2636,Cypermethrin,4,0.4771212637424469,MW1045-06|20141231,0xfffffffffffff89cb,60
2637,Cypermethrin,4,1.0,MW1045-06|20141231,0xfffffffff13ff89cb,55
2638,Cypermethrin,4,1.4771212339401245,MW1045-06|20141231,0xc4e5e272f139789cb,36
2639,Cypermethrin,4,-1.5228787660598755,MW1045-09|20141231,0xc4e5e272f139789cb,36
2640,Cypermethrin,4,-1.0,MW1045-09|20141231,0xfffffffffffff89cb,60
2641,Cypermethrin,4,-0.5228787660598755,MW1045-09|20141231,0xfffffffffffff89cb,60
2642,Cypermethrin,4,0.0,MW1045-09|20141231,0xfffffffffffff89cb,60
2643,Cypermethrin,4,0.4771212637424469,MW1045-09|20141231,0xfffffffff13ff89cb,55
2644,Cypermethrin,4,1.0,MW1045-09|20141231,0xfffffffff13ff89cb,55
2645,Cypermethrin,4,1.4771212339401245,MW1045-09|20141231,0xc4e5e272f139789cb,36
2709,D-Glucitol,4,1.3010300397872925,MW1140-17|20160907,0xfffffffff13ff89cb,55
2710,D-Glucitol,4,-1.5228787660598755,MW1140-17|20160907,0xffffe272f139789cb,44
2711,D-Glucitol,4,-1.0,MW1140-17|20160907,0xfffffffff139789cb,52
2712,D-Glucitol,4,-0.5228787660598755,MW1140-17|20160907,0xfffffffff139789cb,52
2713,D-Glucitol,4,0.0,MW1140-17|20160907,0xfffffffff13ff89cb,55
2714,D-Glucitol,4,0.4771212637424469,MW1140-17|20160907,0xfffffffff139789cb,52
2715,D-Glucitol,4,1.0,MW1140-17|20160907,0xfffffffff13ff89cb,55
2716,D-Glucitol,4,1.0,MW1140-18|20160907,0xfffffffff139789cb,52
2717,D-Glucitol,4,1.3010300397872925,MW1140-18|20160907,0xfffffffffffff89cb,60
2718,D-Glucitol,4,-1.5228787660598755,MW1140-18|20160907,0xfffffffff139789cb,52
2719,D-Glucitol,4,-1.0,MW1140-18|20160907,0xfffffffff13ff89cb,55
2720,D-Glucitol,4,-0.5228787660598755,MW1140-18|20160907,0xfffffffff139789cb,52
2721,D-Glucitol,4,0.0,MW1140-18|20160907,0xfffffffff139789cb,52
2722,D-Glucitol,4,0.4771212637424469,MW1140-18|20160907,0xfffffffff139789cb,52
2723,D-Glucitol,4,0.4771212637424469,MW1140-19|20160907,0xfffffffff9fff89cb,58
2724,D-Glucitol,4,1.0,MW1140-19|20160907,0xfffffffff139789cb,52
2725,D-Glucitol,4,1.3010300397872925,MW1140-19|20160907,0xfffffffff139789cb,52
2726,D-Glucitol,4,-1.5228787660598755,MW1140-19|20160907,0xfffffffff13ff89cb,55
2727,D-Glucitol,4,-1.0,MW1140-19|20160907,0xfffffffff139789cb,52
2728,D-Glucitol,4,-0.5228787660598755,MW1140-19|20160907,0xfffffffff139789cb,52
2729,D-Glucitol,4,0.0,MW1140-19|20160907,0xfffffff2f139789cb,49
2730,D-Glucitol,4,-1.5228787660598755,MW1008-41|20141029,0xfffffffffffffcfff,66
2731,D-Glucitol,4,-1.0,MW1008-41|20141029,0xfffffffffffffffff,68
2732,D-Glucitol,4,-0.5228787660598755,MW1008-41|20141029,0xfffffffffffffffff,68
2733,D-Glucitol,4,0.0,MW1008-41|20141029,0xfffffffffffffffff,68
2734,D-Glucitol,4,0.4771212637424469,MW1008-41|20141029,0xfffffffffffffffff,68
2735,D-Glucitol,4,1.0,MW1008-41|20141029,0xfffffffffffffffff,68
2736,D-Glucitol,4,1.4771212339401245,MW1008-41|20141029,0xfffffffffffffffff,68
2737,D-Glucitol,4,-1.5228787660598755,MW1008-41|20141029,0xfffffffffffffffff,68
2738,D-Glucitol,4,-1.0,MW1008-41|20141029,0xfffffffffffffffff,68
2739,D-Glucitol,4,-0.5228787660598755,MW1008-41|20141029,0xfffffffffffffffff,68
2740,D-Glucitol,4,0.0,MW1008-41|20141029,0xfffffffffffffffff,68
2741,D-Glucitol,4,0.4771212637424469,MW1008-41|20141029,0xfffffffffffffffff,68
2742,D-Glucitol,4,1.0,MW1008-41|20141029,0xfffffffffffffffff,68
2743,D-Glucitol,4,1.4771212339401245,MW1008-41|20141029,0xfffffffffffffffff,68
2744,D-Glucitol,4,-1.5228787660598755,MW1008-42|20141029,0xfffffffffffffffff,68
2745,D-Glucitol,4,-1.0,MW1008-42|20141029,0xfffffffffffffffff,68
2746,D-Glucitol,4,-0.5228787660598755,MW1008-42|20141029,0xfffffffffffffffff,68
2747,D-Glucitol,4,0.0,MW1008-42|20141029,0xfffffffffffffffff,68
2748,D-Glucitol,4,0.4771212637424469,MW1008-42|20141029,0xfffffffffffffffff,68
2749,D-Glucitol,4,1.0,MW1008-42|20141029,0xfffffffffffffffff,68
2750,D-Glucitol,4,1.4771212339401245,MW1008-42|20141029,0xfffffffffffffffff,68
2751,D-Glucitol,4,1.4771212339401245,MW1076-42|20151014,0xfffffffff13ff89cb,55
2752,D-Glucitol,4,-1.5228787660598755,MW1076-42|20151014,0xfffffffffffff89cb,60
2753,D-Glucitol,4,-1.0,MW1076-42|20151014,0xfffffffffffff89cb,60
2754,D-Glucitol,4,-0.5228787660598755,MW1076-42|20151014,0xfffffffffffff89cb,60
2755,D-Glucitol,4,0.0,MW1076-42|20151014,0xffffe27ff13ff89cb,50
2756,D-Glucitol,4,0.4771212637424469,MW1076-42|20151014,0xfffffffffffff89ff,63
2757,D-Glucitol,4,1.0,MW1076-42|20151014,0xfffffffffffff89cb,60
2758,D-Glucitol,4,1.0,MW1076-43|20151014,0xfffffffff9fff89cb,58
2759,D-Glucitol,4,1.4771212339401245,MW1076-43|20151014,0xfffffffffffff89cb,60
2760,D-Glucitol,4,-1.5228787660598755,MW1076-43|20151014,0xfffffffff9fff89cb,58
2761,D-Glucitol,4,-1.0,MW1076-43|20151014,0xfffffffffffff89cb,60
2762,D-Glucitol,4,-0.5228787660598755,MW1076-43|20151014,0xfffffffffffff89cb,60
2763,D-Glucitol,4,0.0,MW1076-43|20151014,0xfffffffffffff89cb,60
2764,D-Glucitol,4,0.4771212637424469,MW1076-43|20151014,0xfffffffffffff89ff,63
2765,D-Glucitol,4,0.4771212637424469,MW1076-44|20151014,0xfffffffff9fff89cb,58
2766,D-Glucitol,4,1.0,MW1076-44|20151014,0xfffffffffffff89cb,60
2767,D-Glucitol,4,1.4771212339401245,MW1076-44|20151014,0xfffffffffffff89cb,60
2768,D-Glucitol,4,-1.5228787660598755,MW1076-44|20151014,0xfffffffff9fff89cb,58
2769,D-Glucitol,4,-1.0,MW1076-44|20151014,0xfffffffffffff89cb,60
2770,D-Glucitol,4,-0.5228787660598755,MW1076-44|20151014,0xfffffffff9fff89cb,58
2771,D-Glucitol,4,0.0,MW1076-44|20151014,0xfffffffffffff89cb,60
2772,D-Mannitol,3,-1.5228787660598755,MW1146-23|20170712,0xfffffffffffff89cb,60
2773,D-Mannitol,3,-1.0,MW1146-23|20170712,0xfffffffffffff89cb,60
2774,D-Mannitol,3,-0.5228787660598755,MW1146-23|20170712,0xfffffffff139789cb,52
2775,D-Mannitol,3,0.0,MW1146-23|20170712,0xfffffffffffff89cb,60
2776,D-Mannitol,3,0.4771212637424469,MW1146-23|20170712,0xfffffffffffff89cb,60
2777,D-Mannitol,3,1.0,MW1146-23|20170712,0xfffffffffffff89cb,60
2778,D-Mannitol,3,1.3010300397872925,MW1146-23|20170712,0xfffffffffffff89cb,60
2779,D-Mannitol,3,-1.5228787660598755,MW1146-24|20170712,0xfffffffffffff89cb,60
2780,D-Mannitol,3,-1.0,MW1146-24|20170712,0xfffffffffffff89cb,60
2781,D-Mannitol,3,-0.5228787660598755,MW1146-24|20170712,0xfffffffffffff89cb,60
2782,D-Mannitol,3,0.0,MW1146-24|20170712,0xfffffffffffff89cb,60
2783,D-Mannitol,3,0.4771212637424469,MW1146-24|20170712,0xfffffffffffff89cb,60
2784,D-Mannitol,3,1.0,MW1146-24|20170712,0xfffffffffffff89cb,60
2785,D-Mannitol,3,1.3010300397872925,MW1146-24|20170712,0xfffffffff139789cb,52
2786,D-Mannitol,3,-1.5228787660598755,MW1146-25|20170712,0xfffffffffffff89cb,60
2787,D-Mannitol,3,-1.0,MW1146-25|20170712,0xfffffffffffff89cb,60
2788,D-Mannitol,3,-0.5228787660598755,MW1146-25|20170712,0xfffffffffffff89cb,60
2789,D-Mannitol,3,0.0,MW1146-25|20170712,0xfffffffffffff89cb,60
2790,D-Mannitol,3,0.4771212637424469,MW1146-25|20170712,0xfffffffffffff89cb,60
2791,D-Mannitol,3,1.0,MW1146-25|20170712,0xfffffffffffff89cb,60
2792,D-Mannitol,3,1.3010300397872925,MW1146-25|20170712,0xfffffffffffff89cb,60
2793,DDT,3,1.3010300397872925,MW1140-26|20161013,0xc4e5e272f139789cb,36
2794,DDT,3,-1.5228787660598755,MW1140-26|20161013,0xfffffffffffff89ff,63
2795,DDT,3,-1.0,MW1140-26|20161013,0xfffffffffffff89ff,63
2796,DDT,3,-0.5228787660598755,MW1140-26|20161013,0xfffffffffffff89ff,63
2797,DDT,3,0.0,MW1140-26|20161013,0xfffffffffffff89cb,60
2798,DDT,3,0.4771212637424469,MW1140-26|20161013,0xfffffffffffff89cb,60
2799,DDT,3,1.0,MW1140-26|20161013,0xffffe272f139789cb,44
2800,DDT,3,1.0,MW1140-27|20161013,0xfffffffff139789cb,52
2801,DDT,3,1.3010300397872925,MW1140-27|20161013,0xc4e5e272f139789cb,36
2802,DDT,3,-1.5228787660598755,MW1140-27|20161013,0xfffffffffffff89ff,63
2803,DDT,3,-1.0,MW1140-27|20161013,0xfffffffffffff89ff,63
2804,DDT,3,-0.5228787660598755,MW1140-27|20161013,0xfffffffffffff89ff,63
2805,DDT,3,0.0,MW1140-27|20161013,0xfffffffffffff89cb,60
2806,DDT,3,0.4771212637424469,MW1140-27|20161013,0xfffffffffffff89cb,60
2807,DDT,3,0.4771212637424469,MW1140-28|20161013,0xfffffffffffff89ff,63
2808,DDT,3,1.0,MW1140-28|20161013,0xc4e5e272f139789cb,36
2809,DDT,3,1.3010300397872925,MW1140-28|20161013,0xc4e5e272f139789cb,36
2810,DDT,3,-1.5228787660598755,MW1140-28|20161013,0xfffffffffffff89ff,63
2811,DDT,3,-1.0,MW1140-28|20161013,0xfffffffffffff89cb,60
2812,DDT,3,-0.5228787660598755,MW1140-28|20161013,0xfffffffffffff89cb,60
2813,DDT,3,0.0,MW1140-28|20161013,0xfffffffffffff89cb,60
2814,DDT,3,-1.5228787660598755,MW1147-7|20170913,0xfffffffffffff89ff,63
2815,DDT,3,-1.0,MW1147-7|20170913,0xfffffffffffff89cb,60
2816,DDT,3,-0.5228787660598755,MW1147-7|20170913,0xfffffffffffff89ff,63
2817,DDT,3,0.0,MW1147-7|20170913,0xfffffffffffff89cb,60
2818,DDT,3,0.4771212637424469,MW1147-7|20170913,0xfffffffffffff89ff,63
2819,DDT,3,1.0,MW1147-7|20170913,0xc4e5e272f139789cb,36
2820,DDT,3,1.3010300397872925,MW1147-7|20170913,0xc4e5e272f139789cb,36
2821,DDT,3,-1.5228787660598755,MW1147-8|20170913,0xfffffffffffff89ff,63
2822,DDT,3,-1.0,MW1147-8|20170913,0xfffffffffffff89ff,63
2823,DDT,3,-0.5228787660598755,MW1147-8|20170913,0xfffffffffffff89ff,63
2824,DDT,3,0.0,MW1147-8|20170913,0xfffffffffffff89ff,63
2825,DDT,3,0.4771212637424469,MW1147-8|20170913,0xfffffffffffff89ff,63
2826,DDT,3,1.0,MW1147-8|20170913,0xfffffffff139789cb,52
2827,DDT,3,1.3010300397872925,MW1147-8|20170913,0xc4e5e272f139789cb,36
2828,DDT,3,-1.5228787660598755,MW1147-9|20170913,0xfffffffffffff89ff,63
2829,DDT,3,-1.0,MW1147-9|20170913,0xfffffffffffff89cb,60
2830,DDT,3,-0.5228787660598755,MW1147-9|20170913,0xfffffffffffff89ff,63
2831,DDT,3,0.0,MW1147-9|20170913,0xfffffffffffff89ff,63
2832,DDT,3,0.4771212637424469,MW1147-9|20170913,0xfffffffffffff89ff,63
2833,DDT,3,1.0,MW1147-9|20170913,0xc4e5e272f139789cb,36
2834,DDT,3,1.3010300397872925,MW1147-9|20170913,0xc4e5e272f139789cb,36
2835,DDT,3,1.3010300397872925,MW1144-19|20161109,0xc4e5e272f139789cb,36
2836,DDT,3,-1.5228787660598755,MW1144-19|20161109,0xfffffffffffff89cb,60
2837,DDT,3,-1.0,MW1144-19|20161109,0xfffffffffffff89cb,60
2838,DDT,3,-0.5228787660598755,MW1144-19|20161109,0xfffffffffffff89cb,60
2839,DDT,3,0.0,MW1144-19|20161109,0xfffffffff13ff89cb,55
2840,DDT,3,0.4771212637424469,MW1144-19|20161109,0xfffffffff13ff89cb,55
2841,DDT,3,1.0,MW1144-19|20161109,0xc4e5e272f139789cb,36
2842,DDT,3,1.0,MW1144-20|20161109,0xc4e5e272f139789cb,36
2843,DDT,3,1.3010300397872925,MW1144-20|20161109,0xc4e5e272f139789cb,36
2844,DDT,3,-1.5228787660598755,MW1144-20|20161109,0xfffffffff9fff89cb,58
2845,DDT,3,-1.0,MW1144-20|20161109,0xfffffffff9fff89cb,58
2846,DDT,3,-0.5228787660598755,MW1144-20|20161109,0xfffffffffffff89cb,60
2847,DDT,3,0.0,MW1144-20|20161109,0xfffffffffffff89cb,60
2848,DDT,3,0.4771212637424469,MW1144-20|20161109,0xfffffffff13ff89cb,55
2849,DDT,3,0.4771212637424469,MW1144-21|20161109,0xfffffffffffff89cb,60
2850,DDT,3,1.0,MW1144-21|20161109,0xc4e5e272f139789cb,36
2851,DDT,3,1.3010300397872925,MW1144-21|20161109,0xc4e5e272f139789cb,36
2852,DDT,3,-1.5228787660598755,MW1144-21|20161109,0xfffffffffffff89ff,63
2853,DDT,3,-1.0,MW1144-21|20161109,0xfffffffffffff89cb,60
2854,DDT,3,-0.5228787660598755,MW1144-21|20161109,0xfffffffff13ff89cb,55
2855,DDT,3,0.0,MW1144-21|20161109,0xfffffffff13ff89ff,58
2856,Deltamethrin,3,-1.5228787660598755,MW1007-100|20140827,0xfffffffffffff89ff,63
2857,Deltamethrin,3,-1.0,MW1007-100|20140827,0xfffffffffffffffff,68
2858,Deltamethrin,3,-0.5228787660598755,MW1007-100|20140827,0xfffffffffffff89ff,63
2859,Deltamethrin,3,0.0,MW1007-100|20140827,0xfffffffffffff89ff,63
2860,Deltamethrin,3,0.4771212637424469,MW1007-100|20140827,0xfffffffffffff89ff,63
2861,Deltamethrin,3,1.0,MW1007-100|20140827,0xc4fffffff139789cb,47
2862,Deltamethrin,3,1.4771212339401245,MW1007-100|20140827,0xc4e5e272f139789cb,36
2863,Deltamethrin,3,-1.5228787660598755,MW1007-91|20140827,0xfffffffffffff89ff,63
2864,Deltamethrin,3,-1.0,MW1007-91|20140827,0xfffffffffffff89ff,63
2865,Deltamethrin,3,-0.5228787660598755,MW1007-91|20140827,0xfffffffffffff89cb,60
2866,Deltamethrin,3,0.0,MW1007-91|20140827,0xfffffffffffff89cb,60
2867,Deltamethrin,3,0.4771212637424469,MW1007-91|20140827,0xfffffffffffff89cb,60
2868,Deltamethrin,3,1.0,MW1007-91|20140827,0xc4e5fff2f139789cb,41
2869,Deltamethrin,3,1.4771212339401245,MW1007-91|20140827,0xc4e5e272f139789cb,36
2870,Deltamethrin,3,-1.5228787660598755,MW1007-98|20140827,0xfffffffffffff89cb,60
2871,Deltamethrin,3,-1.0,MW1007-98|20140827,0xfffffffffffff89ff,63
2872,Deltamethrin,3,-0.5228787660598755,MW1007-98|20140827,0xfffffffffffff89ff,63
2873,Deltamethrin,3,0.0,MW1007-98|20140827,0xfffffffffffff89ff,63
2874,Deltamethrin,3,0.4771212637424469,MW1007-98|20140827,0xfffffffffffff89ff,63
2875,Deltamethrin,3,1.0,MW1007-98|20140827,0xc4fffffff139789cb,47
2876,Deltamethrin,3,1.4771212339401245,MW1007-98|20140827,0xc4e5e272f139789cb,36
2877,Deltamethrin,3,-1.5228787660598755,MW1041-17|20141112,0xfffffffffffffffff,68
2878,Deltamethrin,3,-1.0,MW1041-17|20141112,0xfffffffffffffffff,68
2879,Deltamethrin,3,-0.5228787660598755,MW1041-17|20141112,0xfffffffffffffffff,68
2880,Deltamethrin,3,0.0,MW1041-17|20141112,0xfffffffffffffffff,68
2881,Deltamethrin,3,0.4771212637424469,MW1041-17|20141112,0xfffffffff13ff89ff,58
2882,Deltamethrin,3,1.0,MW1041-17|20141112,0xe7ffe27ff139789cb,45
2883,Deltamethrin,3,1.4771212339401245,MW1041-17|20141112,0xc4e5e272f139789cb,36
2884,Deltamethrin,3,-1.5228787660598755,MW1041-25|20141112,0xfffffffffffffffff,68
2885,Deltamethrin,3,-1.0,MW1041-25|20141112,0xfffffffffffff89ff,63
2886,Deltamethrin,3,-0.5228787660598755,MW1041-25|20141112,0xfffffffffffffffff,68
2887,Deltamethrin,3,0.0,MW1041-25|20141112,0xfffffffffffffffff,68
2888,Deltamethrin,3,0.4771212637424469,MW1041-25|20141112,0xfffffffffffffffff,68
2889,Deltamethrin,3,1.0,MW1041-25|20141112,0xffffe27ff139789cb,47
2890,Deltamethrin,3,1.4771212339401245,MW1041-25|20141112,0xc4e5e272f139789cb,36
2891,Deltamethrin,3,-1.5228787660598755,MW1041-28|20141112,0xfffffffffffffffff,68
2892,Deltamethrin,3,-1.0,MW1041-28|20141112,0xfffffffffffffffff,68
2893,Deltamethrin,3,-0.5228787660598755,MW1041-28|20141112,0xfffffffffffffffff,68
2894,Deltamethrin,3,0.0,MW1041-28|20141112,0xfffffffffffffffff,68
2895,Deltamethrin,3,0.4771212637424469,MW1041-28|20141112,0xfffffffffffff89ff,63
2896,Deltamethrin,3,1.0,MW1041-28|20141112,0xc4e5fffff139789cb,44
2897,Deltamethrin,3,1.4771212339401245,MW1041-28|20141112,0xc4e5e272f139789cb,36
2898,Dexamethasone,3,-1.5228787660598755,MW1007-70|20140924,0xfffffffffffff89ff,63
2899,Dexamethasone,3,-1.0,MW1007-70|20140924,0xfffffffffffff89ff,63
2900,Dexamethasone,3,-0.5228787660598755,MW1007-70|20140924,0xfffffffffffff89cb,60
2901,Dexamethasone,3,0.0,MW1007-70|20140924,0xfffffffffffff89ff,63
2902,Dexamethasone,3,0.4771212637424469,MW1007-70|20140924,0xfffffffffffff89cb,60
2903,Dexamethasone,3,1.0,MW1007-70|20140924,0xfffffffffffff89cb,60
2904,Dexamethasone,3,1.4771212339401245,MW1007-70|20140924,0xfffffffffffff89ff,63
2905,Dexamethasone,3,-1.5228787660598755,MW1007-81|20140924,0xfffffffffffff89ff,63
2906,Dexamethasone,3,-1.0,MW1007-81|20140924,0xfffffffffffff89ff,63
2907,Dexamethasone,3,-0.5228787660598755,MW1007-81|20140924,0xfffffffffffff89ff,63
2908,Dexamethasone,3,0.0,MW1007-81|20140924,0xfffffffffffff89ff,63
2909,Dexamethasone,3,0.4771212637424469,MW1007-81|20140924,0xfffffffffffff89ff,63
2910,Dexamethasone,3,1.0,MW1007-81|20140924,0xfffffffffffff89ff,63
2911,Dexamethasone,3,1.4771212339401245,MW1007-81|20140924,0xfffffffffffff89cb,60
2912,Dexamethasone,3,-1.5228787660598755,MW1007-84|20140924,0xfffffffffffff89ff,63
2913,Dexamethasone,3,-1.0,MW1007-84|20140924,0xfffffffffffff89cb,60
2914,Dexamethasone,3,-0.5228787660598755,MW1007-84|20140924,0xfffffffffffff89ff,63
2915,Dexamethasone,3,0.0,MW1007-84|20140924,0xfffffffffffffcfff,66
2916,Dexamethasone,3,0.4771212637424469,MW1007-84|20140924,0xfffffffffffff89ff,63
2917,Dexamethasone,3,1.0,MW1007-84|20140924,0xfffffffffffff89cb,60
2918,Dexamethasone,3,1.4771212339401245,MW1007-84|20140924,0xfffffffffffff89cb,60
2919,Dextroamphetamine sulfate,4,1.4771212339401245,MW1044-2|20150819,0xfffffffffffffffff,68
2920,Dextroamphetamine sulfate,4,-1.5228787660598755,MW1044-2|20150819,0xfffffffffffffffff,68
2921,Dextroamphetamine sulfate,4,-1.0,MW1044-2|20150819,0xfffffffffffffffff,68
2922,Dextroamphetamine sulfate,4,-0.5228787660598755,MW1044-2|20150819,0xfffffffffffffffff,68
2923,Dextroamphetamine sulfate,4,0.0,MW1044-2|20150819,0xfffffffffffffffff,68
2924,Dextroamphetamine sulfate,4,0.4771212637424469,MW1044-2|20150819,0xfffffffffffffffff,68
2925,Dextroamphetamine sulfate,4,1.0,MW1044-2|20150819,0xfffffffffffffffff,68
2926,Dextroamphetamine sulfate,4,1.0,MW1044-6|20150819,0xfffffffffffffffff,68
2927,Dextroamphetamine sulfate,4,1.4771212339401245,MW1044-6|20150819,0xfffffffffffffffff,68
2928,Dextroamphetamine sulfate,4,-1.5228787660598755,MW1044-6|20150819,0xfffffffffffffffff,68
2929,Dextroamphetamine sulfate,4,-1.0,MW1044-6|20150819,0xfffffffffffffffff,68
2930,Dextroamphetamine sulfate,4,-0.5228787660598755,MW1044-6|20150819,0xfffffffffffffffff,68
2931,Dextroamphetamine sulfate,4,0.0,MW1044-6|20150819,0xfffffffffffffffff,68
2932,Dextroamphetamine sulfate,4,0.4771212637424469,MW1044-6|20150819,0xfffffffffffffffff,68
2933,Dextroamphetamine sulfate,4,0.4771212637424469,MW1044-7|20150819,0xfffffffffffffffff,68
2934,Dextroamphetamine sulfate,4,1.0,MW1044-7|20150819,0xfffffffffffffffff,68
2935,Dextroamphetamine sulfate,4,1.4771212339401245,MW1044-7|20150819,0xfffffffffffffffff,68
2936,Dextroamphetamine sulfate,4,-1.5228787660598755,MW1044-7|20150819,0xfffffffffffffffff,68
2937,Dextroamphetamine sulfate,4,-1.0,MW1044-7|20150819,0xfffffffffffffffff,68
2938,Dextroamphetamine sulfate,4,-0.5228787660598755,MW1044-7|20150819,0xfffffffffffffffff,68
2939,Dextroamphetamine sulfate,4,0.0,MW1044-7|20150819,0xfffffffffffffffff,68
2940,Di(2-ethylhexyl) phthalate,4,1.3010300397872925,MW1140-23|20161013,0xfffffffffffff89ff,63
2941,Di(2-ethylhexyl) phthalate,4,-1.5228787660598755,MW1140-23|20161013,0xfffffffffffff89cb,60
2942,Di(2-ethylhexyl) phthalate,4,-1.0,MW1140-23|20161013,0xfffffffffffff89cb,60
2943,Di(2-ethylhexyl) phthalate,4,-0.5228787660598755,MW1140-23|20161013,0xfffffffffffff89ff,63
2944,Di(2-ethylhexyl) phthalate,4,0.0,MW1140-23|20161013,0xfffffffff13ff89ff,58
2945,Di(2-ethylhexyl) phthalate,4,0.4771212637424469,MW1140-23|20161013,0xfffffffff13ff89cb,55
2946,Di(2-ethylhexyl) phthalate,4,1.0,MW1140-23|20161013,0xfffffffff13ff89cb,55
2947,Di(2-ethylhexyl) phthalate,4,1.0,MW1140-24|20161013,0xfffffffff13ff89cb,55
2948,Di(2-ethylhexyl) phthalate,4,1.3010300397872925,MW1140-24|20161013,0xfffffffff13ff89ff,58
2949,Di(2-ethylhexyl) phthalate,4,-1.5228787660598755,MW1140-24|20161013,0xfffffffffffff89cb,60
2950,Di(2-ethylhexyl) phthalate,4,-1.0,MW1140-24|20161013,0xfffffffffffff89ff,63
2951,Di(2-ethylhexyl) phthalate,4,-0.5228787660598755,MW1140-24|20161013,0xfffffffffffff89cb,60
2952,Di(2-ethylhexyl) phthalate,4,0.0,MW1140-24|20161013,0xfffffffffffff89ff,63
2953,Di(2-ethylhexyl) phthalate,4,0.4771212637424469,MW1140-24|20161013,0xfffffffff139789cb,52
2954,Di(2-ethylhexyl) phthalate,4,0.4771212637424469,MW1140-25|20161013,0xfffffffff13ff89cb,55
2955,Di(2-ethylhexyl) phthalate,4,1.0,MW1140-25|20161013,0xfffffffff13ff89cb,55
2956,Di(2-ethylhexyl) phthalate,4,1.3010300397872925,MW1140-25|20161013,0xfffffffff13ff89cb,55
2957,Di(2-ethylhexyl) phthalate,4,-1.5228787660598755,MW1140-25|20161013,0xfffffffffffff89cb,60
2958,Di(2-ethylhexyl) phthalate,4,-1.0,MW1140-25|20161013,0xfffffffffffff89cb,60
2959,Di(2-ethylhexyl) phthalate,4,-0.5228787660598755,MW1140-25|20161013,0xfffffffffffff89cb,60
2960,Di(2-ethylhexyl) phthalate,4,0.0,MW1140-25|20161013,0xfffffffff9fff89cb,58
2961,Di(2-ethylhexyl) phthalate,4,-1.5228787660598755,MW1007-100|20140827,0xfffffffffffff89ff,63
2962,Di(2-ethylhexyl) phthalate,4,-1.0,MW1007-100|20140827,0xfffffffffffff89ff,63
2963,Di(2-ethylhexyl) phthalate,4,-0.5228787660598755,MW1007-100|20140827,0xfffffffffffff89ff,63
2964,Di(2-ethylhexyl) phthalate,4,0.0,MW1007-100|20140827,0xfffffffffffffcfff,66
2965,Di(2-ethylhexyl) phthalate,4,0.4771212637424469,MW1007-100|20140827,0xfffffffffffff89ff,63
2966,Di(2-ethylhexyl) phthalate,4,1.0,MW1007-100|20140827,0xffffe27ff139789ff,50
2967,Di(2-ethylhexyl) phthalate,4,1.4771212339401245,MW1007-100|20140827,0xc4e5e272f139789cb,36
2968,Di(2-ethylhexyl) phthalate,4,-1.5228787660598755,MW1007-91|20140827,0xfffffffffffff89ff,63
2969,Di(2-ethylhexyl) phthalate,4,-1.0,MW1007-91|20140827,0xfffffffffffff89cb,60
2970,Di(2-ethylhexyl) phthalate,4,-0.5228787660598755,MW1007-91|20140827,0xfffffffffffff89cb,60
2971,Di(2-ethylhexyl) phthalate,4,0.0,MW1007-91|20140827,0xfffffffffffff89ff,63
2972,Di(2-ethylhexyl) phthalate,4,0.4771212637424469,MW1007-91|20140827,0xfffffffffffff89cb,60
2973,Di(2-ethylhexyl) phthalate,4,1.0,MW1007-91|20140827,0xfffffffffffff89cb,60
2974,Di(2-ethylhexyl) phthalate,4,1.4771212339401245,MW1007-91|20140827,0xfffffffff139789cb,52
2975,Di(2-ethylhexyl) phthalate,4,-1.5228787660598755,MW1007-98|20140827,0xfffffffffffff89ff,63
2976,Di(2-ethylhexyl) phthalate,4,-1.0,MW1007-98|20140827,0xfffffffffffff89cb,60
2977,Di(2-ethylhexyl) phthalate,4,-0.5228787660598755,MW1007-98|20140827,0xfffffffffffff89cb,60
2978,Di(2-ethylhexyl) phthalate,4,0.0,MW1007-98|20140827,0xfffffffffffff89cb,60
2979,Di(2-ethylhexyl) phthalate,4,0.4771212637424469,MW1007-98|20140827,0xfffffffffffff89ff,63
2980,Di(2-ethylhexyl) phthalate,4,1.0,MW1007-98|20140827,0xfffffffff13ff89cb,55
2981,Di(2-ethylhexyl) phthalate,4,1.4771212339401245,MW1007-98|20140827,0xc4e5e272f139789cb,36
2982,Di(2-ethylhexyl) phthalate,4,-1.5228787660598755,MW1041-17|20141112,0xfffffffffffffffff,68
2983,Di(2-ethylhexyl) phthalate,4,-1.0,MW1041-17|20141112,0xfffffffffffffffff,68
2984,Di(2-ethylhexyl) phthalate,4,-0.5228787660598755,MW1041-17|20141112,0xfffffffffffffffff,68
2985,Di(2-ethylhexyl) phthalate,4,0.0,MW1041-17|20141112,0xfffffffffffffffff,68
2986,Di(2-ethylhexyl) phthalate,4,0.4771212637424469,MW1041-17|20141112,0xfffffffffffffffff,68
2987,Di(2-ethylhexyl) phthalate,4,1.0,MW1041-17|20141112,0xfffffffff1397ffff,60
2988,Di(2-ethylhexyl) phthalate,4,1.4771212339401245,MW1041-17|20141112,0xc4e5e272f139789cb,36
2989,Di(2-ethylhexyl) phthalate,4,-1.5228787660598755,MW1041-25|20141112,0xfffffffffffffffff,68
2990,Di(2-ethylhexyl) phthalate,4,-1.0,MW1041-25|20141112,0xfffffffffffffffff,68
2991,Di(2-ethylhexyl) phthalate,4,-0.5228787660598755,MW1041-25|20141112,0xfffffffffffffffff,68
2992,Di(2-ethylhexyl) phthalate,4,0.0,MW1041-25|20141112,0xfffffffffffffffff,68
2993,Di(2-ethylhexyl) phthalate,4,0.4771212637424469,MW1041-25|20141112,0xfffffffffffffffff,68
2994,Di(2-ethylhexyl) phthalate,4,1.0,MW1041-25|20141112,0xfffffffffffffffff,68
2995,Di(2-ethylhexyl) phthalate,4,1.4771212339401245,MW1041-25|20141112,0xfffffffff139789ff,55
2996,Di(2-ethylhexyl) phthalate,4,-1.5228787660598755,MW1041-28|20141112,0xfffffffffffffffff,68
2997,Di(2-ethylhexyl) phthalate,4,-1.0,MW1041-28|20141112,0xfffffffffffffffff,68
2998,Di(2-ethylhexyl) phthalate,4,-0.5228787660598755,MW1041-28|20141112,0xfffffffffffffffff,68
2999,Di(2-ethylhexyl) phthalate,4,0.0,MW1041-28|20141112,0xfffffffffffffffff,68
3000,Di(2-ethylhexyl) phthalate,4,0.4771212637424469,MW1041-28|20141112,0xfffffffffffffffff,68
3001,Di(2-ethylhexyl) phthalate,4,1.0,MW1041-28|20141112,0xc4e5fffff1397ffff,52
3002,Di(2-ethylhexyl) phthalate,4,1.4771212339401245,MW1041-28|20141112,0xfffffff2f139789cb,49
3003,Diazepam,1,-1.5228787660598755,MW1007-70|20140924,0xfffffffffffff89ff,63
3004,Diazepam,1,-1.0,MW1007-70|20140924,0xfffffffffffff89ff,63
3005,Diazepam,1,-0.5228787660598755,MW1007-70|20140924,0xfffffffffffff89cb,60
3006,Diazepam,1,0.0,MW1007-70|20140924,0xfffffffffffff89cb,60
3007,Diazepam,1,0.4771212637424469,MW1007-70|20140924,0xfffffffffffff89cb,60
3008,Diazepam,1,1.0,MW1007-70|20140924,0xfffffffffffff89cb,60
3009,Diazepam,1,1.4771212339401245,MW1007-70|20140924,0xfffffffff139789cb,52
3010,Diazepam,1,-1.5228787660598755,MW1007-81|20140924,0xfffffffffffff89ff,63
3011,Diazepam,1,-1.0,MW1007-81|20140924,0xfffffffffffff89cb,60
3012,Diazepam,1,-0.5228787660598755,MW1007-81|20140924,0xfffffffffffff89ff,63
3013,Diazepam,1,0.0,MW1007-81|20140924,0xfffffffffffff89cb,60
3014,Diazepam,1,0.4771212637424469,MW1007-81|20140924,0xfffffffffffff89cb,60
3015,Diazepam,1,1.0,MW1007-81|20140924,0xfffffffffffff89cb,60
3016,Diazepam,1,1.4771212339401245,MW1007-81|20140924,0xfffffffff139789cb,52
3017,Diazepam,1,-1.5228787660598755,MW1007-84|20140924,0xfffffffffffff89cb,60
3018,Diazepam,1,-1.0,MW1007-84|20140924,0xfffffffffffff89cb,60
3019,Diazepam,1,-0.5228787660598755,MW1007-84|20140924,0xffffe272f139789cb,44
3020,Diazepam,1,0.0,MW1007-84|20140924,0xfffffffffffff89cb,60
3021,Diazepam,1,0.4771212637424469,MW1007-84|20140924,0xfffffffffffff89cb,60
3022,Diazepam,1,1.0,MW1007-84|20140924,0xfffffffffffff89cb,60
3023,Diazepam,1,1.4771212339401245,MW1007-84|20140924,0xfffffffff139789cb,52
3024,Diazinon,4,2.0,MW1117-22|20160330,0xc4e5e272f139789cb,36
3025,Diazinon,4,-1.0,MW1117-22|20160330,0xfffffffffffffffff,68
3026,Diazinon,4,-0.5228787660598755,MW1117-22|20160330,0xfffffffffffffffff,68
3027,Diazinon,4,0.0,MW1117-22|20160330,0xfffffffffffffffff,68
3028,Diazinon,4,0.4771212637424469,MW1117-22|20160330,0xfffffffffffffffff,68
3029,Diazinon,4,1.0,MW1117-22|20160330,0xfffffffffffffcfcb,63
3030,Diazinon,4,1.4771212339401245,MW1117-22|20160330,0xfffffffffffff89ff,63
3031,Diazinon,4,1.4771212339401245,MW1117-23|20160330,0xfffffffffffff89cb,60
3032,Diazinon,4,2.0,MW1117-23|20160330,0xfffffff2f139789cb,49
3033,Diazinon,4,-1.0,MW1117-23|20160330,0xfffffffffffff89cb,60
3034,Diazinon,4,-0.5228787660598755,MW1117-23|20160330,0xfffffffffffffffff,68
3035,Diazinon,4,0.0,MW1117-23|20160330,0xfffffffffffff89ff,63
3036,Diazinon,4,0.4771212637424469,MW1117-23|20160330,0xfffffffffffffffff,68
3037,Diazinon,4,1.0,MW1117-23|20160330,0xfffffffffffff89cb,60
3038,Diazinon,4,1.0,MW1117-24|20160330,0xfffffffffffffcfff,66
3039,Diazinon,4,1.4771212339401245,MW1117-24|20160330,0xfffffffffffff89ff,63
3040,Diazinon,4,2.0,MW1117-24|20160330,0xc4e5e272f139789cb,36
3041,Diazinon,4,-1.0,MW1117-24|20160330,0xfffffffffffffcfff,66
3042,Diazinon,4,-0.5228787660598755,MW1117-24|20160330,0xfffffffffffffffff,68
3043,Diazinon,4,0.0,MW1117-24|20160330,0xfffffffffffff89ff,63
3044,Diazinon,4,0.4771212637424469,MW1117-24|20160330,0xfffffffffffff89ff,63
3045,Diazoxon,1,2.0,MW1125-3|20160413,0xfffffffffffff89cb,60
3046,Diazoxon,1,-1.0,MW1125-3|20160413,0xfffffffffffff89ff,63
3047,Diazoxon,1,-0.5228787660598755,MW1125-3|20160413,0xfffffffffffffffff,68
3048,Diazoxon,1,0.0,MW1125-3|20160413,0xfffffffffffffffff,68
3049,Diazoxon,1,0.4771212637424469,MW1125-3|20160413,0xfffffffffffffffff,68
3050,Diazoxon,1,1.0,MW1125-3|20160413,0xfffffffffffff89ff,63
3051,Diazoxon,1,1.4771212339401245,MW1125-3|20160413,0xfffffffffffff89ff,63
3052,Diazoxon,1,1.4771212339401245,MW1125-4|20160413,0xfffffffffffff89ff,63
3053,Diazoxon,1,2.0,MW1125-4|20160413,0xfffffffffffff89ff,63
3054,Diazoxon,1,-1.0,MW1125-4|20160413,0xfffffffffffff89ff,63
3055,Diazoxon,1,-0.5228787660598755,MW1125-4|20160413,0xfffffffffffff89ff,63
3056,Diazoxon,1,0.0,MW1125-4|20160413,0xfffffffffffff89ff,63
3057,Diazoxon,1,0.4771212637424469,MW1125-4|20160413,0xfffffffffffff89ff,63
3058,Diazoxon,1,1.0,MW1125-4|20160413,0xfffffffffffff89cb,60
3059,Diazoxon,1,1.0,MW1125-5|20160413,0xfffffffffffff89ff,63
3060,Diazoxon,1,1.4771212339401245,MW1125-5|20160413,0xfffffffffffffffff,68
3061,Diazoxon,1,2.0,MW1125-5|20160413,0xfffffffffffffffff,68
3062,Diazoxon,1,-1.0,MW1125-5|20160413,0xfffffffffffffffff,68
3063,Diazoxon,1,-0.5228787660598755,MW1125-5|20160413,0xfffffffffffffffff,68
3064,Diazoxon,1,0.0,MW1125-5|20160413,0xfffffffffffffffff,68
3065,Diazoxon,1,0.4771212637424469,MW1125-5|20160413,0xfffffffffffffffff,68
3066,"Dibenz[a,c]anthracene",3,1.3010300397872925,MW1139-30|20160803,0xffffe27ff13ff89cb,50
3067,"Dibenz[a,c]anthracene",3,-1.5228787660598755,MW1139-30|20160803,0xfffffffff13ff89cb,55
3068,"Dibenz[a,c]anthracene",3,-1.0,MW1139-30|20160803,0xfffffffff13ff89cb,55
3069,"Dibenz[a,c]anthracene",3,-0.5228787660598755,MW1139-30|20160803,0xfffffffffffff89cb,60
3070,"Dibenz[a,c]anthracene",3,0.0,MW1139-30|20160803,0xfffffffff13ff89cb,55
3071,"Dibenz[a,c]anthracene",3,0.4771212637424469,MW1139-30|20160803,0xfffffffff13ff89cb,55
3072,"Dibenz[a,c]anthracene",3,1.0,MW1139-30|20160803,0xfffffffff139789cb,52
3073,"Dibenz[a,c]anthracene",3,1.0,MW1139-31|20160803,0xfffffffff13ff89cb,55
3074,"Dibenz[a,c]anthracene",3,1.3010300397872925,MW1139-31|20160803,0xfffffffff13ff89cb,55
3075,"Dibenz[a,c]anthracene",3,-1.5228787660598755,MW1139-31|20160803,0xfffffffffffff89cb,60
3076,"Dibenz[a,c]anthracene",3,-1.0,MW1139-31|20160803,0xfffffffffffff89cb,60
3077,"Dibenz[a,c]anthracene",3,-0.5228787660598755,MW1139-31|20160803,0xfffffffff9fff89cb,58
3078,"Dibenz[a,c]anthracene",3,0.0,MW1139-31|20160803,0xfffffffffffff89cb,60
3079,"Dibenz[a,c]anthracene",3,0.4771212637424469,MW1139-31|20160803,0xfffffffffffff89cb,60
3080,"Dibenz[a,c]anthracene",3,0.4771212637424469,MW1139-34|20160803,0xfffffffffffff89cb,60
3081,"Dibenz[a,c]anthracene",3,1.0,MW1139-34|20160803,0xfffffffff13ff89cb,55
3082,"Dibenz[a,c]anthracene",3,1.3010300397872925,MW1139-34|20160803,0xfffffffff13ff89cb,55
3083,"Dibenz[a,c]anthracene",3,-1.5228787660598755,MW1139-34|20160803,0xfffffffffffff89cb,60
3084,"Dibenz[a,c]anthracene",3,-1.0,MW1139-34|20160803,0xfffffffffffff89cb,60
3085,"Dibenz[a,c]anthracene",3,-0.5228787660598755,MW1139-34|20160803,0xfffffffffffff89cb,60
3086,"Dibenz[a,c]anthracene",3,0.0,MW1139-34|20160803,0xfffffffffffff89cb,60
3108,Dichlorvos,2,0.0,MW1092-29|20160120,0xfffffffffffff89cb,60
3109,Dichlorvos,2,0.4771212637424469,MW1092-29|20160120,0xfffffffffffff89cb,60
3110,Dichlorvos,2,1.0,MW1092-29|20160120,0xfffffffffffff89cb,60
3111,Dichlorvos,2,-2.0,MW1092-29|20160120,0xfffffffffffff89cb,60
3112,Dichlorvos,2,-1.5228787660598755,MW1092-29|20160120,0xfffffffffffff89ff,63
3113,Dichlorvos,2,-1.0,MW1092-29|20160120,0xfffffffffffff89cb,60
3114,Dichlorvos,2,-0.5228787660598755,MW1092-29|20160120,0xfffffffffffff89cb,60
3115,Dichlorvos,2,1.0,MW1092-5|20160120,0xfffffffffffff89ff,63
3116,Dichlorvos,2,-2.0,MW1092-5|20160120,0xfffffffffffff89ff,63
3117,Dichlorvos,2,-1.5228787660598755,MW1092-5|20160120,0xfffffffffffff89ff,63
3118,Dichlorvos,2,-1.0,MW1092-5|20160120,0xfffffffffffff89ff,63
3119,Dichlorvos,2,-0.5228787660598755,MW1092-5|20160120,0xfffffffffffff89ff,63
3120,Dichlorvos,2,0.0,MW1092-5|20160120,0xfffffffffffff89cb,60
3121,Dichlorvos,2,0.4771212637424469,MW1092-5|20160120,0xfffffffffffff89cb,60
3122,Dichlorvos,2,0.4771212637424469,MW1092-6|20160120,0xfffffffffffff89cb,60
3123,Dichlorvos,2,1.0,MW1092-6|20160120,0xfffffffffffff89cb,60
3124,Dichlorvos,2,-2.0,MW1092-6|20160120,0xfffffffffffff89cb,60
3125,Dichlorvos,2,-1.5228787660598755,MW1092-6|20160120,0xfffffffffffff89ff,63
3126,Dichlorvos,2,-1.0,MW1092-6|20160120,0xfffffffffffff89cb,60
3127,Dichlorvos,2,-0.5228787660598755,MW1092-6|20160120,0xfffffffffffff89cb,60
3128,Dichlorvos,2,0.0,MW1092-6|20160120,0xfffffffffffff89cb,60
3129,Dicrotophos,3,2.0,MW1117-22|20160330,0xfffffffffffff89cb,60
3130,Dicrotophos,3,-1.0,MW1117-22|20160330,0xfffffffffffffffff,68
3131,Dicrotophos,3,-0.5228787660598755,MW1117-22|20160330,0xfffffffffffffffff,68
3132,Dicrotophos,3,0.4771212637424469,MW1117-22|20160330,0xfffffffffffffffff,68
3133,Dicrotophos,3,1.0,MW1117-22|20160330,0xfffffffffffffffff,68
3134,Dicrotophos,3,1.4771212339401245,MW1117-22|20160330,0xfffffffffffffffff,68
3135,Dicrotophos,3,1.4771212339401245,MW1117-23|20160330,0xfffffffffffff89ff,63
3136,Dicrotophos,3,2.0,MW1117-23|20160330,0xfffffffffffff89ff,63
3137,Dicrotophos,3,-1.0,MW1117-23|20160330,0xfffffffffffffffff,68
3138,Dicrotophos,3,-0.5228787660598755,MW1117-23|20160330,0xfffffffffffffffff,68
3139,Dicrotophos,3,0.0,MW1117-23|20160330,0xfffffffffffffffff,68
3140,Dicrotophos,3,0.4771212637424469,MW1117-23|20160330,0xfffffffffffff89ff,63
3141,Dicrotophos,3,1.0,MW1117-23|20160330,0xfffffffffffff89ff,63
3142,Dicrotophos,3,1.0,MW1117-24|20160330,0xfffffffffffffffff,68
3143,Dicrotophos,3,1.4771212339401245,MW1117-24|20160330,0xfffffffffffffffff,68
3144,Dicrotophos,3,2.0,MW1117-24|20160330,0xfffffffffffffffff,68
3145,Dicrotophos,3,-1.0,MW1117-24|20160330,0xfffffffffffffffff,68
3146,Dicrotophos,3,-0.5228787660598755,MW1117-24|20160330,0xfffffffffffffffff,68
3147,Dicrotophos,3,0.0,MW1117-24|20160330,0xfffffffffffffffff,68
3148,Dicrotophos,3,0.4771212637424469,MW1117-24|20160330,0xfffffffffffffffff,68
3149,Dieldrin,4,-1.5228787660598755,MW1008-41|20141029,0xfffffffffffffffff,68
3150,Dieldrin,4,-1.0,MW1008-41|20141029,0xfffffffffffffffff,68
3151,Dieldrin,4,-0.5228787660598755,MW1008-41|20141029,0xfffffffffffffffff,68
3152,Dieldrin,4,0.0,MW1008-41|20141029,0xfffffffffffffffff,68
3153,Dieldrin,4,0.4771212637424469,MW1008-41|20141029,0xfffffffffffffffff,68
3154,Dieldrin,4,1.0,MW1008-41|20141029,0xfffffffff1397cfff,58
3155,Dieldrin,4,1.4771212339401245,MW1008-41|20141029,0xc4e5e272f139789cb,36
3156,Dieldrin,4,-1.5228787660598755,MW1008-41|20141029,0xfffffffffffffffff,68
3157,Dieldrin,4,-1.0,MW1008-41|20141029,0xfffffffffffffffff,68
3158,Dieldrin,4,-0.5228787660598755,MW1008-41|20141029,0xfffffffffffffffff,68
3159,Dieldrin,4,0.0,MW1008-41|20141029,0xfffffffffffffffff,68
3160,Dieldrin,4,0.4771212637424469,MW1008-41|20141029,0xfffffffffffffffff,68
3161,Dieldrin,4,1.0,MW1008-41|20141029,0xfffffffff13ff89ff,58
3162,Dieldrin,4,1.4771212339401245,MW1008-41|20141029,0xc4e5e272f139789cb,36
3163,Dieldrin,4,-1.5228787660598755,MW1008-42|20141029,0xfffffffffffffffff,68
3164,Dieldrin,4,-1.0,MW1008-42|20141029,0xfffffffffffffffff,68
3165,Dieldrin,4,-0.5228787660598755,MW1008-42|20141029,0xfffffffffffffffff,68
3166,Dieldrin,4,0.0,MW1008-42|20141029,0xfffffffffffffffff,68
3167,Dieldrin,4,0.4771212637424469,MW1008-42|20141029,0xfffffffffffffffff,68
3168,Dieldrin,4,1.0,MW1008-42|20141029,0xfffffffff13ffffff,63
3169,Dieldrin,4,1.4771212339401245,MW1008-42|20141029,0xc4e5e272f139789cb,36
3170,Diethylene glycol,1,1.4771212339401245,MW1047-22|20150909,0xfffffffffffff89cb,60
3171,Diethylene glycol,1,-1.5228787660598755,MW1047-22|20150909,0xfffffffffffff89ff,63
3172,Diethylene glycol,1,-1.0,MW1047-22|20150909,0xfffffffffffff89ff,63
3173,Diethylene glycol,1,-0.5228787660598755,MW1047-22|20150909,0xfffffffffffff89ff,63
3174,Diethylene glycol,1,0.0,MW1047-22|20150909,0xfffffffffffff89ff,63
3175,Diethylene glycol,1,0.4771212637424469,MW1047-22|20150909,0xfffffffffffff89ff,63
3176,Diethylene glycol,1,1.0,MW1047-22|20150909,0xfffffffffffff89ff,63
3177,Diethylene glycol,1,1.0,MW1047-29|20150909,0xfffffffffffff89ff,63
3178,Diethylene glycol,1,1.4771212339401245,MW1047-29|20150909,0xfffffffffffff89ff,63
3179,Diethylene glycol,1,-1.5228787660598755,MW1047-29|20150909,0xfffffffffffff89ff,63
3180,Diethylene glycol,1,-1.0,MW1047-29|20150909,0xfffffffffffff89ff,63
3181,Diethylene glycol,1,-0.5228787660598755,MW1047-29|20150909,0xfffffffffffff89cb,60
3182,Diethylene glycol,1,0.0,MW1047-29|20150909,0xfffffffffffff89ff,63
3183,Diethylene glycol,1,0.4771212637424469,MW1047-29|20150909,0xfffffffffffff89ff,63
3184,Diethylene glycol,1,0.4771212637424469,MW1047-30|20150909,0xfffffffffffff89ff,63
3185,Diethylene glycol,1,1.0,MW1047-30|20150909,0xfffffffffffffcfff,66
3186,Diethylene glycol,1,1.4771212339401245,MW1047-30|20150909,0xfffffffffffffffff,68
3187,Diethylene glycol,1,-1.5228787660598755,MW1047-30|20150909,0xfffffffffffffffff,68
3188,Diethylene glycol,1,-1.0,MW1047-30|20150909,0xfffffffffffff89ff,63
3189,Diethylene glycol,1,-0.5228787660598755,MW1047-30|20150909,0xfffffffffffff89ff,63
3190,Diethylene glycol,1,0.0,MW1047-30|20150909,0xfffffffffffff89ff,63
3191,Diethylstilbestrol,1,-1.5228787660598755,MW1053-26|20150401,0xfffffffffffff89ff,63
3192,Diethylstilbestrol,1,-1.0,MW1053-26|20150401,0xfffffffffffff89ff,63
3193,Diethylstilbestrol,1,-0.5228787660598755,MW1053-26|20150401,0xfffffffffffff89cb,60
3194,Diethylstilbestrol,1,0.0,MW1053-26|20150401,0xfffffffffffff89cb,60
3195,Diethylstilbestrol,1,0.4771212637424469,MW1053-26|20150401,0xfffffffffffff89cb,60
3196,Diethylstilbestrol,1,1.0,MW1053-26|20150401,0xfffffffffffff89cb,60
3197,Diethylstilbestrol,1,1.4771212339401245,MW1053-26|20150401,0xc4e5e272f139789cb,36
3198,Diethylstilbestrol,1,-1.5228787660598755,MW1053-31|20150401,0xfffffffffffff89ff,63
3199,Diethylstilbestrol,1,-1.0,MW1053-31|20150401,0xfffffffffffff89cb,60
3200,Diethylstilbestrol,1,-0.5228787660598755,MW1053-31|20150401,0xfffffffffffff89cb,60
3201,Diethylstilbestrol,1,0.0,MW1053-31|20150401,0xfffffffffffff89ff,63
3202,Diethylstilbestrol,1,0.4771212637424469,MW1053-31|20150401,0xfffffffffffff89cb,60
3203,Diethylstilbestrol,1,1.0,MW1053-31|20150401,0xfffffffff13ff89cb,55
3204,Diethylstilbestrol,1,1.4771212339401245,MW1053-31|20150401,0xfffffffff139789cb,52
3205,Diethylstilbestrol,1,-1.5228787660598755,MW1053-33|20150401,0xfffffffffffff89ff,63
3206,Diethylstilbestrol,1,-1.0,MW1053-33|20150401,0xfffffffffffffffff,68
3207,Diethylstilbestrol,1,-0.5228787660598755,MW1053-33|20150401,0xfffffffffffff89ff,63
3208,Diethylstilbestrol,1,0.0,MW1053-33|20150401,0xfffffffffffff89ff,63
3209,Diethylstilbestrol,1,0.4771212637424469,MW1053-33|20150401,0xfffffffffffff89ff,63
3210,Diethylstilbestrol,1,1.0,MW1053-33|20150401,0xfffffffffffff89ff,63
3211,Diethylstilbestrol,1,1.4771212339401245,MW1053-33|20150401,0xffffe272f139789cb,44
3212,Difpas-pyrazole,1,-1.5228787660598755,MW1146-32|20170809,0xfffffffff139789cb,52
3213,Difpas-pyrazole,1,-1.0,MW1146-32|20170809,0xfffffffff13ff89cb,55
3214,Difpas-pyrazole,1,-0.5228787660598755,MW1146-32|20170809,0xfffffffff139789cb,52
3215,Difpas-pyrazole,1,0.0,MW1146-32|20170809,0xfffffffff139789cb,52
3216,Difpas-pyrazole,1,0.4771212637424469,MW1146-32|20170809,0xfffffffffffff89cb,60
3217,Difpas-pyrazole,1,1.3010300397872925,MW1146-32|20170809,0xfffffff2f139789cb,49
3218,Difpas-pyrazole,1,-1.5228787660598755,MW1146-33|20170809,0xfffffffffffff89cb,60
3219,Difpas-pyrazole,1,-1.0,MW1146-33|20170809,0xfffffffffffff89cb,60
3220,Difpas-pyrazole,1,-0.5228787660598755,MW1146-33|20170809,0xfffffffffffff89cb,60
3221,Difpas-pyrazole,1,0.0,MW1146-33|20170809,0xfffffffff13ff89cb,55
3222,Difpas-pyrazole,1,0.4771212637424469,MW1146-33|20170809,0xfffffffffffff89cb,60
3223,Difpas-pyrazole,1,1.0,MW1146-33|20170809,0xfffffffff139789cb,52
3224,Difpas-pyrazole,1,1.3010300397872925,MW1146-33|20170809,0xfffffffff139789cb,52
3225,Difpas-pyrazole,1,-1.5228787660598755,MW1146-34|20170809,0xffffe27ff139789cb,47
3226,Difpas-pyrazole,1,-1.0,MW1146-34|20170809,0xfffffffff139789cb,52
3227,Difpas-pyrazole,1,-0.5228787660598755,MW1146-34|20170809,0xfffffffff13ff89cb,55
3228,Difpas-pyrazole,1,0.0,MW1146-34|20170809,0xffffe27ff139789cb,47
3229,Difpas-pyrazole,1,1.0,MW1146-34|20170809,0xc4ffe272f139789cb,39
3230,Difpas-pyrazole,1,1.3010300397872925,MW1146-34|20170809,0xffffe27ff13ff89cb,50
3231,Dimethoate,1,2.0,MW1117-22|20160330,0xc4e5e272f13ff89cb,39
3232,Dimethoate,1,-1.0,MW1117-22|20160330,0xfffffffffffffffff,68
3233,Dimethoate,1,-0.5228787660598755,MW1117-22|20160330,0xfffffffffffffffff,68
3234,Dimethoate,1,0.0,MW1117-22|20160330,0xfffffffffffffcfcb,63
3235,Dimethoate,1,0.4771212637424469,MW1117-22|20160330,0xfffffffffffff89ff,63
3236,Dimethoate,1,1.0,MW1117-22|20160330,0xfffffffffffff89ff,63
3237,Dimethoate,1,1.4771212339401245,MW1117-22|20160330,0xfffffffffffff89ff,63
3238,Dimethoate,1,1.4771212339401245,MW1117-23|20160330,0xfffffffffffff89cb,60
3239,Dimethoate,1,2.0,MW1117-23|20160330,0xc4e5e272f139789cb,36
3240,Dimethoate,1,-1.0,MW1117-23|20160330,0xfffffffffffff89ff,63
3241,Dimethoate,1,-0.5228787660598755,MW1117-23|20160330,0xfffffffffffffffff,68
3242,Dimethoate,1,0.0,MW1117-23|20160330,0xfffffffffffffffff,68
3243,Dimethoate,1,0.4771212637424469,MW1117-23|20160330,0xfffffffffffff89ff,63
3244,Dimethoate,1,1.0,MW1117-23|20160330,0xfffffffffffff89cb,60
3245,Dimethoate,1,1.0,MW1117-24|20160330,0xfffffffffffffffff,68
3246,Dimethoate,1,1.4771212339401245,MW1117-24|20160330,0xfffffffffffff89ff,63
3247,Dimethoate,1,2.0,MW1117-24|20160330,0xc4e5e272f139789cb,36
3248,Dimethoate,1,-1.0,MW1117-24|20160330,0xfffffffffffffffcb,65
3249,Dimethoate,1,-0.5228787660598755,MW1117-24|20160330,0xfffffffffffffffff,68
3250,Dimethoate,1,0.0,MW1117-24|20160330,0xfffffffffffffffff,68
3251,Dimethoate,1,0.4771212637424469,MW1117-24|20160330,0xfffffffffffffcfff,66
3252,Diphenhydramine hydrochloride,4,-1.5228787660598755,MW1147-23|20171004,0xfffffffff139789cb,52
3253,Diphenhydramine hydrochloride,4,-1.0,MW1147-23|20171004,0xfffffffff13ff89cb,55
3254,Diphenhydramine hydrochloride,4,-0.5228787660598755,MW1147-23|20171004,0xfffffffff13ff89cb,55
3255,Diphenhydramine hydrochloride,4,0.0,MW1147-23|20171004,0xfffffffff139789cb,52
3256,Diphenhydramine hydrochloride,4,0.4771212637424469,MW1147-23|20171004,0xfffffffff139789cb,52
3257,Diphenhydramine hydrochloride,4,1.0,MW1147-23|20171004,0xfffff3fff139789cb,50
3258,Diphenhydramine hydrochloride,4,1.3010300397872925,MW1147-23|20171004,0xfffffffff139789cb,52
3259,Diphenhydramine hydrochloride,4,-1.5228787660598755,MW1147-24|20171004,0xfffffffff13ff89cb,55
3260,Diphenhydramine hydrochloride,4,-1.0,MW1147-24|20171004,0xfffffffffffff89cb,60
3261,Diphenhydramine hydrochloride,4,-0.5228787660598755,MW1147-24|20171004,0xfffffffff13ff89cb,55
3262,Diphenhydramine hydrochloride,4,0.0,MW1147-24|20171004,0xfffffffff9fff89cb,58
3263,Diphenhydramine hydrochloride,4,0.4771212637424469,MW1147-24|20171004,0xfffffffff139789cb,52
3264,Diphenhydramine hydrochloride,4,1.0,MW1147-24|20171004,0xfffffffff139789cb,52
3265,Diphenhydramine hydrochloride,4,1.3010300397872925,MW1147-24|20171004,0xffffe272f139789cb,44
3266,Diphenhydramine hydrochloride,4,-1.5228787660598755,MW1147-25|20171004,0xfffffffff139789cb,52
3267,Diphenhydramine hydrochloride,4,-1.0,MW1147-25|20171004,0xfffffffff139789cb,52
3268,Diphenhydramine hydrochloride,4,-0.5228787660598755,MW1147-25|20171004,0xfffffffff13ff89cb,55
3269,Diphenhydramine hydrochloride,4,0.0,MW1147-25|20171004,0xfffffffff13ff89cb,55
3270,Diphenhydramine hydrochloride,4,0.4771212637424469,MW1147-25|20171004,0xfffffffff13ff89cb,55
3271,Diphenhydramine hydrochloride,4,1.0,MW1147-25|20171004,0xfffffff2f139789cb,49
3272,Diphenhydramine hydrochloride,4,1.3010300397872925,MW1147-25|20171004,0xffffe272f139789cb,44
3314,Emamectin benzoate,3,-1.5228787660598755,MW1045-02|20141231,0xfffffffff139789cb,52
3315,Emamectin benzoate,3,-1.0,MW1045-02|20141231,0xfffffff2f139789cb,49
3316,Emamectin benzoate,3,-0.5228787660598755,MW1045-02|20141231,0xffffe272f139789cb,44
3317,Emamectin benzoate,3,0.0,MW1045-02|20141231,0xc4e5e272f139789cb,36
3318,Emamectin benzoate,3,0.4771212637424469,MW1045-02|20141231,0xc4e5e272f139789cb,36
3319,Emamectin benzoate,3,1.0,MW1045-02|20141231,0xc4e5e272f139789cb,36
3320,Emamectin benzoate,3,1.4771212339401245,MW1045-02|20141231,0xc4e5e272f139789cb,36
3321,Emamectin benzoate,3,-1.5228787660598755,MW1045-06|20141231,0xfffffffffffff89cb,60
3322,Emamectin benzoate,3,-1.0,MW1045-06|20141231,0xffffe272f139789cb,44
3323,Emamectin benzoate,3,-0.5228787660598755,MW1045-06|20141231,0xffffe272f139789cb,44
3324,Emamectin benzoate,3,0.0,MW1045-06|20141231,0xc4e5e272f139789cb,36
3325,Emamectin benzoate,3,0.4771212637424469,MW1045-06|20141231,0xc4e5e272f139789cb,36
3326,Emamectin benzoate,3,1.0,MW1045-06|20141231,0xc4e5e272f139789cb,36
3327,Emamectin benzoate,3,1.4771212339401245,MW1045-06|20141231,0xc4e5e272f139789cb,36
3328,Emamectin benzoate,3,-1.5228787660598755,MW1045-09|20141231,0xfffffffffffff89cb,60
3329,Emamectin benzoate,3,-1.0,MW1045-09|20141231,0xffffe272f139789cb,44
3330,Emamectin benzoate,3,-0.5228787660598755,MW1045-09|20141231,0xffe5e272f139789cb,41
3331,Emamectin benzoate,3,0.0,MW1045-09|20141231,0xc4e5e272f139789cb,36
3332,Emamectin benzoate,3,0.4771212637424469,MW1045-09|20141231,0xc4e5e272f139789cb,36
3333,Emamectin benzoate,3,1.0,MW1045-09|20141231,0xc4e5e272f139789cb,36
3334,Emamectin benzoate,3,1.4771212339401245,MW1045-09|20141231,0xc4e5e272f139789cb,36
3335,Emamectin benzoate,3,-1.0,MW1086-39|20151125,0xfffffffff139789cb,52
3336,Emamectin benzoate,3,-4.0,MW1086-39|20151125,0xfffffffffffffffff,68
3337,Emamectin benzoate,3,-3.522878646850586,MW1086-39|20151125,0xfffffffffffffffff,68
3338,Emamectin benzoate,3,-3.0,MW1086-39|20151125,0xfffffffffffffcfff,66
3339,Emamectin benzoate,3,-2.522878646850586,MW1086-39|20151125,0xfffffffffffffffff,68
3340,Emamectin benzoate,3,-2.0,MW1086-39|20151125,0xfffffffffffff89ff,63
3341,Emamectin benzoate,3,-1.5228787660598755,MW1086-39|20151125,0xfffffffffffff89cb,60
3342,Emamectin benzoate,3,-1.5228787660598755,MW1086-41|20151125,0xfffffffffffff89cb,60
3343,Emamectin benzoate,3,-1.0,MW1086-41|20151125,0xfffffffffffff89cb,60
3344,Emamectin benzoate,3,-4.0,MW1086-41|20151125,0xfffffffffffffffff,68
3345,Emamectin benzoate,3,-3.522878646850586,MW1086-41|20151125,0xfffffffffffff89cb,60
3346,Emamectin benzoate,3,-3.0,MW1086-41|20151125,0xfffffffffffffffff,68
3347,Emamectin benzoate,3,-2.522878646850586,MW1086-41|20151125,0xfffffffff13ff89ff,58
3348,Emamectin benzoate,3,-2.0,MW1086-41|20151125,0xfffffffffffffffcb,65
3369,Endosulfan,1,1.3010300397872925,MW1144-22|20161109,0xc4e5e272f139789cb,36
3370,Endosulfan,1,-1.5228787660598755,MW1144-22|20161109,0xfffffffffffff89ff,63
3371,Endosulfan,1,-1.0,MW1144-22|20161109,0xfffffffffffff89ff,63
3372,Endosulfan,1,-0.5228787660598755,MW1144-22|20161109,0xfffffffffffff89ff,63
3373,Endosulfan,1,0.0,MW1144-22|20161109,0xfffffffffffff89cb,60
3374,Endosulfan,1,0.4771212637424469,MW1144-22|20161109,0xfffffffffffff89ff,63
3375,Endosulfan,1,1.0,MW1144-22|20161109,0xfffffffff13ff89ff,58
3376,Endosulfan,1,1.0,MW1144-23|20161109,0xc4e5e272f139789cb,36
3377,Endosulfan,1,1.3010300397872925,MW1144-23|20161109,0xc4e5e272f139789cb,36
3378,Endosulfan,1,-1.5228787660598755,MW1144-23|20161109,0xfffffffffffff89ff,63
3379,Endosulfan,1,-1.0,MW1144-23|20161109,0xfffffffffffff89cb,60
3380,Endosulfan,1,-0.5228787660598755,MW1144-23|20161109,0xfffffffffffff89ff,63
3381,Endosulfan,1,0.0,MW1144-23|20161109,0xfffffffffffff89cb,60
3382,Endosulfan,1,0.4771212637424469,MW1144-23|20161109,0xfffffffffffff89cb,60
3383,Endosulfan,1,0.4771212637424469,MW1144-24|20161109,0xfffffffffffff89ff,63
3384,Endosulfan,1,1.0,MW1144-24|20161109,0xc4ffe27ff139789cb,42
3385,Endosulfan,1,1.3010300397872925,MW1144-24|20161109,0xc4e5e272f139789cb,36
3386,Endosulfan,1,-1.5228787660598755,MW1144-24|20161109,0xfffffffffffff89ff,63
3387,Endosulfan,1,-1.0,MW1144-24|20161109,0xfffffffffffff89ff,63
3388,Endosulfan,1,-0.5228787660598755,MW1144-24|20161109,0xfffffffffffff89ff,63
3389,Endosulfan,1,0.0,MW1144-24|20161109,0xfffffffffffff89cb,60
3390,Endrin,1,1.3010300397872925,MW1144-22|20161109,0xfffffffffffff89cb,60
3391,Endrin,1,-1.5228787660598755,MW1144-22|20161109,0xfffffffffffff89ff,63
3392,Endrin,1,-1.0,MW1144-22|20161109,0xfffffffffffff89cb,60
3393,Endrin,1,-0.5228787660598755,MW1144-22|20161109,0xfffffffffffff89cb,60
3394,Endrin,1,0.0,MW1144-22|20161109,0xfffffffffffff89ff,63
3395,Endrin,1,0.4771212637424469,MW1144-22|20161109,0xfffffffffffff89ff,63
3396,Endrin,1,1.0,MW1144-22|20161109,0xfffffffffffff89ff,63
3397,Endrin,1,1.0,MW1144-23|20161109,0xfffffffffffff89cb,60
3398,Endrin,1,1.3010300397872925,MW1144-23|20161109,0xfffffffff13ff89cb,55
3399,Endrin,1,-1.5228787660598755,MW1144-23|20161109,0xfffffffffffff89cb,60
3400,Endrin,1,-1.0,MW1144-23|20161109,0xfffffffff13ff89cb,55
3401,Endrin,1,-0.5228787660598755,MW1144-23|20161109,0xfffffffffffff89cb,60
3402,Endrin,1,0.0,MW1144-23|20161109,0xfffffffffffff89cb,60
3403,Endrin,1,0.4771212637424469,MW1144-23|20161109,0xfffffffffffff89cb,60
3404,Endrin,1,0.4771212637424469,MW1144-24|20161109,0xfffffffffffff89ff,63
3405,Endrin,1,1.0,MW1144-24|20161109,0xfffffffffffff89cb,60
3406,Endrin,1,1.3010300397872925,MW1144-24|20161109,0xfffffffffffff89ff,63
3407,Endrin,1,-1.5228787660598755,MW1144-24|20161109,0xfffffffffffff89cb,60
3408,Endrin,1,-1.0,MW1144-24|20161109,0xfffffffffffff89ff,63
3409,Endrin,1,-0.5228787660598755,MW1144-24|20161109,0xfffffffffffff89ff,63
3410,Endrin,1,0.0,MW1144-24|20161109,0xfffffffffffff89ff,63
3432,Es-fenvalerate,3,-1.5228787660598755,MW1146-23|20170712,0xfffffffffffff89cb,60
3433,Es-fenvalerate,3,-1.0,MW1146-23|20170712,0xfffffffff13ff89cb,55
3434,Es-fenvalerate,3,-0.5228787660598755,MW1146-23|20170712,0xfffffffff9fff89cb,58
3435,Es-fenvalerate,3,0.0,MW1146-23|20170712,0xfffffffff13ff89cb,55
3436,Es-fenvalerate,3,0.4771212637424469,MW1146-23|20170712,0xfffffffff13ff89cb,55
3437,Es-fenvalerate,3,1.0,MW1146-23|20170712,0xffffe27ff139789cb,47
3438,Es-fenvalerate,3,1.3010300397872925,MW1146-23|20170712,0xc4e5e272f139789cb,36
3439,Es-fenvalerate,3,-1.5228787660598755,MW1146-24|20170712,0xfffffffffffff89cb,60
3440,Es-fenvalerate,3,-1.0,MW1146-24|20170712,0xfffffffffffff89cb,60
3441,Es-fenvalerate,3,-0.5228787660598755,MW1146-24|20170712,0xfffffffff13ff89cb,55
3442,Es-fenvalerate,3,0.0,MW1146-24|20170712,0xfffffffff139789cb,52
3443,Es-fenvalerate,3,0.4771212637424469,MW1146-24|20170712,0xfffffffff139789cb,52
3444,Es-fenvalerate,3,1.0,MW1146-24|20170712,0xffffe27ff139789cb,47
3445,Es-fenvalerate,3,1.3010300397872925,MW1146-24|20170712,0xc4e5e272f139789cb,36
3446,Es-fenvalerate,3,-1.5228787660598755,MW1146-25|20170712,0xfffffffffffff89cb,60
3447,Es-fenvalerate,3,-1.0,MW1146-25|20170712,0xfffffffff13ff89cb,55
3448,Es-fenvalerate,3,-0.5228787660598755,MW1146-25|20170712,0xfffffffffffff89cb,60
3449,Es-fenvalerate,3,0.0,MW1146-25|20170712,0xfffffffff13ff89cb,55
3450,Es-fenvalerate,3,0.4771212637424469,MW1146-25|20170712,0xfffffffff139789cb,52
3451,Es-fenvalerate,3,1.0,MW1146-25|20170712,0xffffe27ff139789cb,47
3452,Es-fenvalerate,3,1.3010300397872925,MW1146-25|20170712,0xc4e5e272f139789cb,36
3453,Esketamine hydrochloride,3,-1.5228787660598755,MW1008-39|20140910,0xfffffffffffff89cb,60
3454,Esketamine hydrochloride,3,-1.0,MW1008-39|20140910,0xfffffffffffff89cb,60
3455,Esketamine hydrochloride,3,-0.5228787660598755,MW1008-39|20140910,0xfffffffffffff89cb,60
3456,Esketamine hydrochloride,3,0.0,MW1008-39|20140910,0xfffffffffffff89cb,60
3457,Esketamine hydrochloride,3,0.4771212637424469,MW1008-39|20140910,0xfffffffffffff89cb,60
3458,Esketamine hydrochloride,3,1.0,MW1008-39|20140910,0xfffffffffffff89cb,60
3459,Esketamine hydrochloride,3,1.4771212339401245,MW1008-39|20140910,0xfffffffffffff89cb,60
3460,Esketamine hydrochloride,3,-1.5228787660598755,MW1008-40|20140910,0xfffffffffffffcfcb,63
3461,Esketamine hydrochloride,3,-1.0,MW1008-40|20140910,0xfffffffffffff89ff,63
3462,Esketamine hydrochloride,3,-0.5228787660598755,MW1008-40|20140910,0xfffffffffffffcfff,66
3463,Esketamine hydrochloride,3,0.0,MW1008-40|20140910,0xfffffffffffffffff,68
3464,Esketamine hydrochloride,3,0.4771212637424469,MW1008-40|20140910,0xfffffffffffffffff,68
3465,Esketamine hydrochloride,3,1.0,MW1008-40|20140910,0xfffffffffffff89cb,60
3466,Esketamine hydrochloride,3,1.4771212339401245,MW1008-40|20140910,0xfffffffffffff89cb,60
3467,Esketamine hydrochloride,3,-1.5228787660598755,MW1008-68|20140910,0xfffffffffffffffff,68
3468,Esketamine hydrochloride,3,-1.0,MW1008-68|20140910,0xffffe27ff139789cb,47
3469,Esketamine hydrochloride,3,-0.5228787660598755,MW1008-68|20140910,0xfffffffffffffffff,68
3470,Esketamine hydrochloride,3,0.0,MW1008-68|20140910,0xfffffffffffff89cb,60
3471,Esketamine hydrochloride,3,0.4771212637424469,MW1008-68|20140910,0xfffffffffffffffcb,65
3472,Esketamine hydrochloride,3,1.0,MW1008-68|20140910,0xfffffffffffff89cb,60
3473,Esketamine hydrochloride,3,1.4771212339401245,MW1008-68|20140910,0xfffffffffffff89cb,60
3495,Etofenprox,3,-1.5228787660598755,MW1146-26|20170712,0xfffffffffffff89cb,60
3496,Etofenprox,3,-1.0,MW1146-26|20170712,0xfffffffff13ff89cb,55
3497,Etofenprox,3,-0.5228787660598755,MW1146-26|20170712,0xfffffffff13ff89cb,55
3498,Etofenprox,3,0.0,MW1146-26|20170712,0xfffffffff13ff89cb,55
3499,Etofenprox,3,0.4771212637424469,MW1146-26|20170712,0xfffffffff13ff89cb,55
3500,Etofenprox,3,1.0,MW1146-26|20170712,0xffffe27ff139789cb,47
3501,Etofenprox,3,1.3010300397872925,MW1146-26|20170712,0xc4e5e272f139789cb,36
3502,Etofenprox,3,-1.5228787660598755,MW1146-27|20170712,0xfffffffff13ff89cb,55
3503,Etofenprox,3,-1.0,MW1146-27|20170712,0xfffffffffffff89cb,60
3504,Etofenprox,3,-0.5228787660598755,MW1146-27|20170712,0xfffffffffffff89cb,60
3505,Etofenprox,3,0.0,MW1146-27|20170712,0xfffffffffffff89cb,60
3506,Etofenprox,3,0.4771212637424469,MW1146-27|20170712,0xfffffffff13ff89cb,55
3507,Etofenprox,3,1.0,MW1146-27|20170712,0xfffffffff13ff89cb,55
3508,Etofenprox,3,1.3010300397872925,MW1146-27|20170712,0xc4e5e272f139789cb,36
3509,Etofenprox,3,-1.5228787660598755,MW1146-28|20170712,0xfffffffffffff89cb,60
3510,Etofenprox,3,-1.0,MW1146-28|20170712,0xfffffffffffff89cb,60
3511,Etofenprox,3,-0.5228787660598755,MW1146-28|20170712,0xfffffffff13ff89cb,55
3512,Etofenprox,3,0.0,MW1146-28|20170712,0xfffffffff13ff89cb,55
3513,Etofenprox,3,0.4771212637424469,MW1146-28|20170712,0xfffffffff139789cb,52
3514,Etofenprox,3,1.0,MW1146-28|20170712,0xfffffffff139789cb,52
3515,Etofenprox,3,1.3010300397872925,MW1146-28|20170712,0xc4e5e272f139789cb,36
3516,Eugenol,2,-1.5228787660598755,MW1147-20|20171004,0xfffffffff13ff89cb,55
3517,Eugenol,2,-1.0,MW1147-20|20171004,0xfffffffff139789cb,52
3518,Eugenol,2,-0.5228787660598755,MW1147-20|20171004,0xfffffffff139789cb,52
3519,Eugenol,2,0.0,MW1147-20|20171004,0xfffffffff139789cb,52
3520,Eugenol,2,0.4771212637424469,MW1147-20|20171004,0xfffffffff139789cb,52
3521,Eugenol,2,1.0,MW1147-20|20171004,0xfffffffff139789cb,52
3522,Eugenol,2,1.3010300397872925,MW1147-20|20171004,0xfffffffff139789cb,52
3523,Eugenol,2,-1.5228787660598755,MW1147-21|20171004,0xfffffffff13ff89cb,55
3524,Eugenol,2,-1.0,MW1147-21|20171004,0xffffe272f139789cb,44
3525,Eugenol,2,-0.5228787660598755,MW1147-21|20171004,0xfffff3fff139789cb,50
3526,Eugenol,2,0.0,MW1147-21|20171004,0xfffffffff13ff89cb,55
3527,Eugenol,2,0.4771212637424469,MW1147-21|20171004,0xfffffffff139789cb,52
3528,Eugenol,2,1.0,MW1147-21|20171004,0xfffffffff139789cb,52
3529,Eugenol,2,1.3010300397872925,MW1147-21|20171004,0xffffe272f139789cb,44
3530,Eugenol,2,-1.5228787660598755,MW1147-22|20171004,0xfffffffff139789cb,52
3531,Eugenol,2,-1.0,MW1147-22|20171004,0xfffffffff13ff89cb,55
3532,Eugenol,2,-0.5228787660598755,MW1147-22|20171004,0xfffffffff13ff89cb,55
3533,Eugenol,2,0.0,MW1147-22|20171004,0xfffffffff13ff89cb,55
3534,Eugenol,2,0.4771212637424469,MW1147-22|20171004,0xfffffffff13ff89cb,55
3535,Eugenol,2,1.0,MW1147-22|20171004,0xfffffffff139789cb,52
3536,Eugenol,2,1.3010300397872925,MW1147-22|20171004,0xffffe27ff13ff89cb,50
3558,Fenitrothion,1,-1.5228787660598755,MW1147-16|20171011,0xfffffffffffff89ff,63
3559,Fenitrothion,1,-1.0,MW1147-16|20171011,0xfffffffffffffffff,68
3560,Fenitrothion,1,-0.5228787660598755,MW1147-16|20171011,0xfffffffffffffffff,68
3561,Fenitrothion,1,0.0,MW1147-16|20171011,0xfffffffffffff89ff,63
3562,Fenitrothion,1,0.4771212637424469,MW1147-16|20171011,0xfffffffffffff89ff,63
3563,Fenitrothion,1,1.0,MW1147-16|20171011,0xfffffffffffff89ff,63
3564,Fenitrothion,1,1.3010300397872925,MW1147-16|20171011,0xfffffffffffff89ff,63
3565,Fenitrothion,1,-1.5228787660598755,MW1147-26|20171011,0xfffffffffffff89ff,63
3566,Fenitrothion,1,-1.0,MW1147-26|20171011,0xfffffffffffff89ff,63
3567,Fenitrothion,1,-0.5228787660598755,MW1147-26|20171011,0xfffffffffffff89ff,63
3568,Fenitrothion,1,0.0,MW1147-26|20171011,0xfffffffffffff89ff,63
3569,Fenitrothion,1,0.4771212637424469,MW1147-26|20171011,0xfffffffffffff89ff,63
3570,Fenitrothion,1,1.0,MW1147-26|20171011,0xfffffffffffff89ff,63
3571,Fenitrothion,1,1.3010300397872925,MW1147-26|20171011,0xfffffffffffff89ff,63
3572,Fenitrothion,1,-1.5228787660598755,MW1147-27|20171011,0xfffffffffffffcfff,66
3573,Fenitrothion,1,-1.0,MW1147-27|20171011,0xfffffffffffff89ff,63
3574,Fenitrothion,1,-0.5228787660598755,MW1147-27|20171011,0xfffffffffffff89ff,63
3575,Fenitrothion,1,0.0,MW1147-27|20171011,0xfffffffffffff89ff,63
3576,Fenitrothion,1,0.4771212637424469,MW1147-27|20171011,0xfffffffffffff89ff,63
3577,Fenitrothion,1,1.0,MW1147-27|20171011,0xfffffffffffff89ff,63
3578,Fenitrothion,1,1.3010300397872925,MW1147-27|20171011,0xfffffffffffff89ff,63
3579,Fenitrothion,1,-1.5228787660598755,MW1147-3|20170816,0xfffffffffffffffff,68
3580,Fenitrothion,1,-1.0,MW1147-3|20170816,0xfffffffffffffffff,68
3581,Fenitrothion,1,-0.5228787660598755,MW1147-3|20170816,0xfffffffffffffffff,68
3582,Fenitrothion,1,0.0,MW1147-3|20170816,0xfffffffffffffffff,68
3583,Fenitrothion,1,0.4771212637424469,MW1147-3|20170816,0xfffffffffffffffff,68
3584,Fenitrothion,1,1.0,MW1147-3|20170816,0xfffffffffffffffff,68
3585,Fenitrothion,1,1.3010300397872925,MW1147-3|20170816,0xfffffffffffff89ff,63
3586,Fenitrothion,1,-1.5228787660598755,MW1147-4|20170816,0xfffffffffffffffff,68
3587,Fenitrothion,1,-1.0,MW1147-4|20170816,0xfffffffffffffffff,68
3588,Fenitrothion,1,-0.5228787660598755,MW1147-4|20170816,0xfffffffffffffffff,68
3589,Fenitrothion,1,0.0,MW1147-4|20170816,0xfffffffffffffffff,68
3590,Fenitrothion,1,1.0,MW1147-4|20170816,0xfffffffffffffffff,68
3591,Fenitrothion,1,1.3010300397872925,MW1147-4|20170816,0xfffffffffffff89ff,63
3592,Fenitrothion,1,-1.5228787660598755,MW1147-5|20170816,0xfffffffffffff89ff,63
3593,Fenitrothion,1,-1.0,MW1147-5|20170816,0xfffffffffffffffff,68
3594,Fenitrothion,1,-0.5228787660598755,MW1147-5|20170816,0xfffffffff13ff89ff,58
3595,Fenitrothion,1,0.0,MW1147-5|20170816,0xfffffffffffffffff,68
3596,Fenitrothion,1,0.4771212637424469,MW1147-5|20170816,0xfffffffffffffffff,68
3597,Fenitrothion,1,1.0,MW1147-5|20170816,0xfffffffffffffffff,68
3598,Fenitrothion,1,1.3010300397872925,MW1147-5|20170816,0xfffffffffffffffff,68
3599,Fenpropathrin,3,-1.5228787660598755,MW1146-23|20170712,0xfffffffffffff89cb,60
3600,Fenpropathrin,3,-1.0,MW1146-23|20170712,0xfffffffffffff89cb,60
3601,Fenpropathrin,3,-0.5228787660598755,MW1146-23|20170712,0xfffffffffffff89cb,60
3602,Fenpropathrin,3,0.0,MW1146-23|20170712,0xfffffffffffff89cb,60
3603,Fenpropathrin,3,0.4771212637424469,MW1146-23|20170712,0xfffffffffffff89cb,60
3604,Fenpropathrin,3,1.0,MW1146-23|20170712,0xfffffffff13ff89cb,55
3605,Fenpropathrin,3,1.3010300397872925,MW1146-23|20170712,0xc4e5e272f139789cb,36
3606,Fenpropathrin,3,-1.5228787660598755,MW1146-24|20170712,0xfffffffffffff89cb,60
3607,Fenpropathrin,3,-1.0,MW1146-24|20170712,0xfffffffffffff89cb,60
3608,Fenpropathrin,3,-0.5228787660598755,MW1146-24|20170712,0xfffffffffffff89cb,60
3609,Fenpropathrin,3,0.0,MW1146-24|20170712,0xfffffffff9fff89cb,58
3610,Fenpropathrin,3,0.4771212637424469,MW1146-24|20170712,0xfffffffff13ff89cb,55
3611,Fenpropathrin,3,1.0,MW1146-24|20170712,0xfffffffff13ff89cb,55
3612,Fenpropathrin,3,1.3010300397872925,MW1146-24|20170712,0xc4e5e272f139789cb,36
3613,Fenpropathrin,3,-1.5228787660598755,MW1146-25|20170712,0xfffffffffffff89cb,60
3614,Fenpropathrin,3,-1.0,MW1146-25|20170712,0xfffffffff13ff89cb,55
3615,Fenpropathrin,3,-0.5228787660598755,MW1146-25|20170712,0xfffffffffffff89cb,60
3616,Fenpropathrin,3,0.0,MW1146-25|20170712,0xfffffffffffff89cb,60
3617,Fenpropathrin,3,0.4771212637424469,MW1146-25|20170712,0xfffffffffffff89cb,60
3618,Fenpropathrin,3,1.0,MW1146-25|20170712,0xfffffffff13ff89cb,55
3619,Fenpropathrin,3,1.3010300397872925,MW1146-25|20170712,0xc4e5e272f139789cb,36
3620,Fipronil,2,-1.5228787660598755,MW1045-02|20141231,0xfffffffffffff89cb,60
3621,Fipronil,2,-1.0,MW1045-02|20141231,0xfffffffffffff89ff,63
3622,Fipronil,2,-0.5228787660598755,MW1045-02|20141231,0xfffffffffffff89cb,60
3623,Fipronil,2,0.0,MW1045-02|20141231,0xfffffffffffff89cb,60
3624,Fipronil,2,0.4771212637424469,MW1045-02|20141231,0xfffffffffffff89cb,60
3625,Fipronil,2,1.0,MW1045-02|20141231,0xfffffffffffff89cb,60
3626,Fipronil,2,1.4771212339401245,MW1045-02|20141231,0xfffffffffffff89cb,60
3627,Fipronil,2,-1.5228787660598755,MW1045-06|20141231,0xfffffffffffff89cb,60
3628,Fipronil,2,-1.0,MW1045-06|20141231,0xfffffffffffff89cb,60
3629,Fipronil,2,-0.5228787660598755,MW1045-06|20141231,0xfffffffffffff89cb,60
3630,Fipronil,2,0.0,MW1045-06|20141231,0xfffffffffffff89cb,60
3631,Fipronil,2,0.4771212637424469,MW1045-06|20141231,0xfffffffffffff89cb,60
3632,Fipronil,2,1.0,MW1045-06|20141231,0xfffffffffffff89cb,60
3633,Fipronil,2,1.4771212339401245,MW1045-06|20141231,0xfffffffffffff89cb,60
3634,Fipronil,2,-1.5228787660598755,MW1045-09|20141231,0xfffffffffffff89cb,60
3635,Fipronil,2,-1.0,MW1045-09|20141231,0xfffffffffffff89cb,60
3636,Fipronil,2,-0.5228787660598755,MW1045-09|20141231,0xfffffffffffff89cb,60
3637,Fipronil,2,0.0,MW1045-09|20141231,0xfffffffffffff89cb,60
3638,Fipronil,2,0.4771212637424469,MW1045-09|20141231,0xfffffffffffff89ff,63
3639,Fipronil,2,1.0,MW1045-09|20141231,0xfffffffffffff89cb,60
3640,Fipronil,2,1.4771212339401245,MW1045-09|20141231,0xfffffffffffff89cb,60
3641,Firemaster 550,3,1.3010300397872925,MW1139-23|20160720,0xfffff3fff139789cb,50
3642,Firemaster 550,3,-1.5228787660598755,MW1139-23|20160720,0xfffffffffffff89ff,63
3643,Firemaster 550,3,-1.0,MW1139-23|20160720,0xfffffffffffff89ff,63
3644,Firemaster 550,3,-0.5228787660598755,MW1139-23|20160720,0xfffffffffffffffff,68
3645,Firemaster 550,3,0.0,MW1139-23|20160720,0xfffffffffffffcfff,66
3646,Firemaster 550,3,0.4771212637424469,MW1139-23|20160720,0xfffffffffffffffff,68
3647,Firemaster 550,3,1.0,MW1139-23|20160720,0xfffffffffffff89ff,63
3648,Firemaster 550,3,1.0,MW1139-24|20160720,0xfffffffffffff89ff,63
3649,Firemaster 550,3,1.3010300397872925,MW1139-24|20160720,0xfffffffffffff89ff,63
3650,Firemaster 550,3,-1.5228787660598755,MW1139-24|20160720,0xfffffffffffff89cb,60
3651,Firemaster 550,3,-1.0,MW1139-24|20160720,0xfffffffffffffffff,68
3652,Firemaster 550,3,-0.5228787660598755,MW1139-24|20160720,0xfffffffffffffffff,68
3653,Firemaster 550,3,0.0,MW1139-24|20160720,0xfffffffffffffffff,68
3654,Firemaster 550,3,0.4771212637424469,MW1139-24|20160720,0xfffffffffffff89ff,63
3655,Firemaster 550,3,0.4771212637424469,MW1139-25|20160720,0xfffffffffffff89ff,63
3656,Firemaster 550,3,1.0,MW1139-25|20160720,0xfffffffffffff89cb,60
3657,Firemaster 550,3,1.3010300397872925,MW1139-25|20160720,0xfffffffff139789cb,52
3658,Firemaster 550,3,-1.5228787660598755,MW1139-25|20160720,0xfffffffffffffffff,68
3659,Firemaster 550,3,-1.0,MW1139-25|20160720,0xfffffffffffffffff,68
3660,Firemaster 550,3,-0.5228787660598755,MW1139-25|20160720,0xfffffffffffffffff,68
3661,Firemaster 550,3,0.0,MW1139-25|20160720,0xfffffffffffffffff,68
3724,Fluorene,2,-1.5228787660598755,MW1147-16|20171011,0xfffffffffffff89ff,63
3725,Fluorene,2,-1.0,MW1147-16|20171011,0xfffffffffffff89ff,63
3726,Fluorene,2,-0.5228787660598755,MW1147-16|20171011,0xfffffffffffff89ff,63
3727,Fluorene,2,0.0,MW1147-16|20171011,0xfffffffffffffffff,68
3728,Fluorene,2,0.4771212637424469,MW1147-16|20171011,0xfffffffffffff89ff,63
3729,Fluorene,2,1.0,MW1147-16|20171011,0xfffffffffffffcfff,66
3730,Fluorene,2,1.3010300397872925,MW1147-16|20171011,0xfffffffffffff89ff,63
3731,Fluorene,2,-1.5228787660598755,MW1147-26|20171011,0xfffffffffffff89ff,63
3732,Fluorene,2,-1.0,MW1147-26|20171011,0xfffffffffffff89ff,63
3733,Fluorene,2,-0.5228787660598755,MW1147-26|20171011,0xfffffffffffff89ff,63
3734,Fluorene,2,0.0,MW1147-26|20171011,0xfffffffffffff89ff,63
3735,Fluorene,2,0.4771212637424469,MW1147-26|20171011,0xfffffffffffff89ff,63
3736,Fluorene,2,1.0,MW1147-26|20171011,0xfffffffffffff89ff,63
3737,Fluorene,2,1.3010300397872925,MW1147-26|20171011,0xfffffffffffff89ff,63
3738,Fluorene,2,-1.5228787660598755,MW1147-27|20171011,0xfffffffffffff89ff,63
3739,Fluorene,2,-1.0,MW1147-27|20171011,0xfffffffffffffcfff,66
3740,Fluorene,2,-0.5228787660598755,MW1147-27|20171011,0xfffffffffffff89ff,63
3741,Fluorene,2,0.0,MW1147-27|20171011,0xfffffffffffffcfff,66
3742,Fluorene,2,0.4771212637424469,MW1147-27|20171011,0xfffffffffffff89ff,63
3743,Fluorene,2,1.0,MW1147-27|20171011,0xfffffffffffff89ff,63
3744,Fluorene,2,1.3010300397872925,MW1147-27|20171011,0xfffffffffffff89ff,63
3745,Fluorene,2,-1.5228787660598755,MW1147-3|20170816,0xfffffffffffffffff,68
3746,Fluorene,2,-1.0,MW1147-3|20170816,0xfffffffffffffffff,68
3747,Fluorene,2,-0.5228787660598755,MW1147-3|20170816,0xfffffffffffffffff,68
3748,Fluorene,2,0.0,MW1147-3|20170816,0xfffffffffffffffff,68
3749,Fluorene,2,0.4771212637424469,MW1147-3|20170816,0xfffffffffffffffff,68
3750,Fluorene,2,1.0,MW1147-3|20170816,0xfffffffffffffffff,68
3751,Fluorene,2,1.3010300397872925,MW1147-3|20170816,0xfffffffffffff89ff,63
3752,Fluorene,2,-1.5228787660598755,MW1147-4|20170816,0xfffffffffffffffff,68
3753,Fluorene,2,-1.0,MW1147-4|20170816,0xfffffffffffffffff,68
3754,Fluorene,2,-0.5228787660598755,MW1147-4|20170816,0xfffffffffffffffff,68
3755,Fluorene,2,0.0,MW1147-4|20170816,0xfffffffffffffffff,68
3756,Fluorene,2,1.0,MW1147-4|20170816,0xfffffffffffffffff,68
3757,Fluorene,2,1.3010300397872925,MW1147-4|20170816,0xfffffffffffffffff,68
3758,Fluorene,2,-1.5228787660598755,MW1147-5|20170816,0xfffffffffffffffff,68
3759,Fluorene,2,-1.0,MW1147-5|20170816,0xfffffffffffffffff,68
3760,Fluorene,2,-0.5228787660598755,MW1147-5|20170816,0xfffffffffffffffff,68
3761,Fluorene,2,0.0,MW1147-5|20170816,0xfffffffffffffffff,68
3762,Fluorene,2,0.4771212637424469,MW1147-5|20170816,0xfffffffffffffffff,68
3763,Fluorene,2,1.0,MW1147-5|20170816,0xfffffffffffffffff,68
3764,Fluorene,2,1.3010300397872925,MW1147-5|20170816,0xfffffffffffffffff,68
3849,Folic acid,3,-1.5228787660598755,MW1146-32|20170809,0xfffffffff139789cb,52
3850,Folic acid,3,-1.0,MW1146-32|20170809,0xfffffffff13ff89cb,55
3851,Folic acid,3,-0.5228787660598755,MW1146-32|20170809,0xfffffffff13ff89cb,55
3852,Folic acid,3,0.0,MW1146-32|20170809,0xfffffffff139789cb,52
3853,Folic acid,3,0.4771212637424469,MW1146-32|20170809,0xfffffffff139789cb,52
3854,Folic acid,3,1.0,MW1146-32|20170809,0xfffffffff13ff89cb,55
3855,Folic acid,3,1.3010300397872925,MW1146-32|20170809,0xfffffffff13ff89cb,55
3856,Folic acid,3,-1.5228787660598755,MW1146-33|20170809,0xfffffffffffff89cb,60
3857,Folic acid,3,-1.0,MW1146-33|20170809,0xfffffffff13ff89cb,55
3858,Folic acid,3,-0.5228787660598755,MW1146-33|20170809,0xfffffffff13ff89cb,55
3859,Folic acid,3,0.0,MW1146-33|20170809,0xfffffffffffff89cb,60
3860,Folic acid,3,0.4771212637424469,MW1146-33|20170809,0xfffffffff13ff89cb,55
3861,Folic acid,3,1.0,MW1146-33|20170809,0xfffffffff13ff89cb,55
3862,Folic acid,3,1.3010300397872925,MW1146-33|20170809,0xfffffffff13ff89cb,55
3863,Folic acid,3,-1.5228787660598755,MW1146-34|20170809,0xfffffffff139789cb,52
3864,Folic acid,3,-1.0,MW1146-34|20170809,0xfffffffff13ff89cb,55
3865,Folic acid,3,-0.5228787660598755,MW1146-34|20170809,0xfffffffff139789cb,52
3866,Folic acid,3,0.0,MW1146-34|20170809,0xfffffffff13ff89cb,55
3867,Folic acid,3,0.4771212637424469,MW1146-34|20170809,0xc4ffe272f139789cb,39
3868,Folic acid,3,1.3010300397872925,MW1146-34|20170809,0xffffe27ff139789cb,47
3869,Fosthiazate,4,1.0,MW1092-29|20160120,0xfffffffffffff89cb,60
3870,Fosthiazate,4,1.4771212339401245,MW1092-29|20160120,0xfffffffffffff89ff,63
3871,Fosthiazate,4,2.0,MW1092-29|20160120,0xfffffffffffff89cb,60
3872,Fosthiazate,4,-1.0,MW1092-29|20160120,0xfffffffffffff89ff,63
3873,Fosthiazate,4,-0.5228787660598755,MW1092-29|20160120,0xfffffffffffff89cb,60
3874,Fosthiazate,4,0.0,MW1092-29|20160120,0xfffffffffffff89cb,60
3875,Fosthiazate,4,0.4771212637424469,MW1092-29|20160120,0xfffffffffffff89cb,60
3876,Fosthiazate,4,2.0,MW1092-5|20160120,0xfffffffffffff89cb,60
3877,Fosthiazate,4,-1.0,MW1092-5|20160120,0xfffffffffffff89ff,63
3878,Fosthiazate,4,-0.5228787660598755,MW1092-5|20160120,0xfffffffffffff89ff,63
3879,Fosthiazate,4,0.0,MW1092-5|20160120,0xfffffffffffff89ff,63
3880,Fosthiazate,4,0.4771212637424469,MW1092-5|20160120,0xfffffffffffff89cb,60
3881,Fosthiazate,4,1.0,MW1092-5|20160120,0xfffffffffffff89ff,63
3882,Fosthiazate,4,1.4771212339401245,MW1092-5|20160120,0xfffffffffffff89cb,60
3883,Fosthiazate,4,1.4771212339401245,MW1092-6|20160120,0xfffffffffffff89cb,60
3884,Fosthiazate,4,2.0,MW1092-6|20160120,0xfffffffffffff89cb,60
3885,Fosthiazate,4,-1.0,MW1092-6|20160120,0xfffffffffffff89cb,60
3886,Fosthiazate,4,-0.5228787660598755,MW1092-6|20160120,0xfffffffffffff89cb,60
3887,Fosthiazate,4,0.0,MW1092-6|20160120,0xfffffffffffffcfcb,63
3888,Fosthiazate,4,0.4771212637424469,MW1092-6|20160120,0xfffffffffffffcfff,66
3889,Fosthiazate,4,1.0,MW1092-6|20160120,0xfffffffffffff89ff,63
3890,Glycerol,2,1.3010300397872925,MW1145-22|20170201,0xfffffffffffffcfff,66
3891,Glycerol,2,-1.5228787660598755,MW1145-22|20170201,0xfffffffffffff89ff,63
3892,Glycerol,2,-1.0,MW1145-22|20170201,0xfffffffffffffffff,68
3893,Glycerol,2,-0.5228787660598755,MW1145-22|20170201,0xfffffffffffffffff,68
3894,Glycerol,2,0.0,MW1145-22|20170201,0xfffffffffffffcfff,66
3895,Glycerol,2,0.4771212637424469,MW1145-22|20170201,0xfffffffffffff89cb,60
3896,Glycerol,2,1.0,MW1145-22|20170201,0xfffffffffffff89ff,63
3897,Glycerol,2,1.0,MW1145-23|20170201,0xfffffffffffff89ff,63
3898,Glycerol,2,1.3010300397872925,MW1145-23|20170201,0xfffffffffffff89ff,63
3899,Glycerol,2,-1.5228787660598755,MW1145-23|20170201,0xfffffffffffff89ff,63
3900,Glycerol,2,-1.0,MW1145-23|20170201,0xfffffffffffff89ff,63
3901,Glycerol,2,-0.5228787660598755,MW1145-23|20170201,0xfffffffffffff89ff,63
3902,Glycerol,2,0.0,MW1145-23|20170201,0xfffffffff13ff89cb,55
3903,Glycerol,2,0.4771212637424469,MW1145-23|20170201,0xfffffffffffff89cb,60
3904,Glycerol,2,0.4771212637424469,MW1145-24|20170201,0xfffffffffffffffff,68
3905,Glycerol,2,1.0,MW1145-24|20170201,0xfffffffffffffffff,68
3906,Glycerol,2,1.3010300397872925,MW1145-24|20170201,0xfffffffffffffffff,68
3907,Glycerol,2,-1.5228787660598755,MW1145-24|20170201,0xfffffffffffffffff,68
3908,Glycerol,2,-1.0,MW1145-24|20170201,0xfffffffffffff89ff,63
3909,Glycerol,2,-0.5228787660598755,MW1145-24|20170201,0xfffffffffffffcfff,66
3910,Glycerol,2,0.0,MW1145-24|20170201,0xfffffffffffffffff,68
3911,Glycerol,2,-1.5228787660598755,MW1147-13|20170920,0xfffffffffffffffff,68
3912,Glycerol,2,-1.0,MW1147-13|20170920,0xfffffffffffff89ff,63
3913,Glycerol,2,-0.5228787660598755,MW1147-13|20170920,0xfffffffffffffffff,68
3914,Glycerol,2,0.0,MW1147-13|20170920,0xfffffffffffffffff,68
3915,Glycerol,2,0.4771212637424469,MW1147-13|20170920,0xfffffffffffffffff,68
3916,Glycerol,2,1.0,MW1147-13|20170920,0xfffffffffffffffff,68
3917,Glycerol,2,1.3010300397872925,MW1147-13|20170920,0xfffffffffffffffff,68
3918,Glycerol,2,-1.5228787660598755,MW1147-14|20170920,0xfffffffffffffffff,68
3919,Glycerol,2,-1.0,MW1147-14|20170920,0xfffffffffffffffff,68
3920,Glycerol,2,-0.5228787660598755,MW1147-14|20170920,0xfffffffffffffffff,68
3921,Glycerol,2,0.0,MW1147-14|20170920,0xfffffffffffffffff,68
3922,Glycerol,2,0.4771212637424469,MW1147-14|20170920,0xfffffffffffffffff,68
3923,Glycerol,2,1.0,MW1147-14|20170920,0xfffffffffffffffff,68
3924,Glycerol,2,1.3010300397872925,MW1147-14|20170920,0xfffffffffffffffff,68
3925,Glycerol,2,-1.5228787660598755,MW1147-15|20170920,0xfffffffffffffffff,68
3926,Glycerol,2,-1.0,MW1147-15|20170920,0xfffffffffffffffff,68
3927,Glycerol,2,-0.5228787660598755,MW1147-15|20170920,0xfffffffffffff89ff,63
3928,Glycerol,2,0.0,MW1147-15|20170920,0xfffffffffffffffff,68
3929,Glycerol,2,0.4771212637424469,MW1147-15|20170920,0xfffffffffffffcfff,66
3930,Glycerol,2,1.0,MW1147-15|20170920,0xfffffffffffffcfff,66
3931,Glycerol,2,1.3010300397872925,MW1147-15|20170920,0xfffffffffffff89ff,63
3953,Haloperidol,3,-1.5228787660598755,MW1008-39|20140910,0xfffffffffffff89cb,60
3954,Haloperidol,3,-1.0,MW1008-39|20140910,0xfffffffff9fff89cb,58
3955,Haloperidol,3,-0.5228787660598755,MW1008-39|20140910,0xfffffffff13ff89ff,58
3956,Haloperidol,3,0.0,MW1008-39|20140910,0xfffffffff139789cb,52
3957,Haloperidol,3,0.4771212637424469,MW1008-39|20140910,0xfffffffff139789cb,52
3958,Haloperidol,3,1.0,MW1008-39|20140910,0xc4e5e272f139789cb,36
3959,Haloperidol,3,1.4771212339401245,MW1008-39|20140910,0xc4e5e272f139789cb,36
3960,Haloperidol,3,-1.5228787660598755,MW1008-40|20140910,0xfffffffffffff89ff,63
3961,Haloperidol,3,-1.0,MW1008-40|20140910,0xfffffffffffff89cb,60
3962,Haloperidol,3,-0.5228787660598755,MW1008-40|20140910,0xfffffffffffff89cb,60
3963,Haloperidol,3,0.0,MW1008-40|20140910,0xfffffffffffff89cb,60
3964,Haloperidol,3,0.4771212637424469,MW1008-40|20140910,0xfffffffff139789cb,52
3965,Haloperidol,3,1.0,MW1008-40|20140910,0xc4e5e272f139789cb,36
3966,Haloperidol,3,1.4771212339401245,MW1008-40|20140910,0xc4e5e272f139789cb,36
3967,Haloperidol,3,-1.5228787660598755,MW1008-68|20140910,0xfffffffffffff89ff,63
3968,Haloperidol,3,-1.0,MW1008-68|20140910,0xfffffffffffff89ff,63
3969,Haloperidol,3,-0.5228787660598755,MW1008-68|20140910,0xfffffffffffff89cb,60
3970,Haloperidol,3,0.0,MW1008-68|20140910,0xfffffffff13ff89cb,55
3971,Haloperidol,3,0.4771212637424469,MW1008-68|20140910,0xfffffffff139789cb,52
3972,Haloperidol,3,1.0,MW1008-68|20140910,0xc4e5e272f139789cb,36
3973,Haloperidol,3,1.4771212339401245,MW1008-68|20140910,0xc4e5e272f139789cb,36
3974,Heptachlor epoxide B,4,-1.5228787660598755,MW1007-109|20150128,0xfffffffffffffffff,68
3975,Heptachlor epoxide B,4,-1.0,MW1007-109|20150128,0xfffffffffffff89ff,63
3976,Heptachlor epoxide B,4,-0.5228787660598755,MW1007-109|20150128,0xfffffffffffffffff,68
3977,Heptachlor epoxide B,4,0.0,MW1007-109|20150128,0xfffffffffffffffff,68
3978,Heptachlor epoxide B,4,0.4771212637424469,MW1007-109|20150128,0xfffffffffffffffff,68
3979,Heptachlor epoxide B,4,1.0,MW1007-109|20150128,0xfffffffffffffffff,68
3980,Heptachlor epoxide B,4,1.4771212339401245,MW1007-109|20150128,0xc4e5e272f139789ff,39
3981,Heptachlor epoxide B,4,-1.5228787660598755,MW1008-1|20150128,0xfffffffffffffffff,68
3982,Heptachlor epoxide B,4,-1.0,MW1008-1|20150128,0xfffffffffffff89ff,63
3983,Heptachlor epoxide B,4,-0.5228787660598755,MW1008-1|20150128,0xfffffffffffffffff,68
3984,Heptachlor epoxide B,4,0.0,MW1008-1|20150128,0xfffffffffffffffff,68
3985,Heptachlor epoxide B,4,0.4771212637424469,MW1008-1|20150128,0xfffffffffffffffff,68
3986,Heptachlor epoxide B,4,1.0,MW1008-1|20150128,0xfffffffffffffffff,68
3987,Heptachlor epoxide B,4,1.4771212339401245,MW1008-1|20150128,0xc4e5e272f139789cb,36
3988,Heptachlor epoxide B,4,-1.5228787660598755,MW1008-40|20150128,0xfffffffffffffffff,68
3989,Heptachlor epoxide B,4,-1.0,MW1008-40|20150128,0xfffffffffffff89ff,63
3990,Heptachlor epoxide B,4,-0.5228787660598755,MW1008-40|20150128,0xfffffffffffffffff,68
3991,Heptachlor epoxide B,4,0.0,MW1008-40|20150128,0xfffffffffffffffff,68
3992,Heptachlor epoxide B,4,0.4771212637424469,MW1008-40|20150128,0xfffffffffffffffff,68
3993,Heptachlor epoxide B,4,1.0,MW1008-40|20150128,0xfffffffffffffffff,68
3994,Heptachlor epoxide B,4,1.4771212339401245,MW1008-40|20150128,0xc4e5e272f139789cb,36
3995,Heptachlor epoxide B,4,1.4771212339401245,MW1076-42|20151014,0xc4e5e272f139789cb,36
3996,Heptachlor epoxide B,4,-1.5228787660598755,MW1076-42|20151014,0xfffffffffffff89cb,60
3997,Heptachlor epoxide B,4,-1.0,MW1076-42|20151014,0xfffffffffffff89cb,60
3998,Heptachlor epoxide B,4,-0.5228787660598755,MW1076-42|20151014,0xfffffffffffff89cb,60
3999,Heptachlor epoxide B,4,0.0,MW1076-42|20151014,0xfffffffffffff89cb,60
4000,Heptachlor epoxide B,4,0.4771212637424469,MW1076-42|20151014,0xfffffffffffff89cb,60
4001,Heptachlor epoxide B,4,1.0,MW1076-42|20151014,0xfffffffffffff89cb,60
4002,Heptachlor epoxide B,4,1.0,MW1076-43|20151014,0xfffffffffffff89cb,60
4003,Heptachlor epoxide B,4,1.4771212339401245,MW1076-43|20151014,0xc4e5e272f139789cb,36
4004,Heptachlor epoxide B,4,-1.5228787660598755,MW1076-43|20151014,0xfffffffffffff89ff,63
4005,Heptachlor epoxide B,4,-1.0,MW1076-43|20151014,0xfffffffffffff89ff,63
4006,Heptachlor epoxide B,4,-0.5228787660598755,MW1076-43|20151014,0xfffffffffffff89ff,63
4007,Heptachlor epoxide B,4,0.0,MW1076-43|20151014,0xfffffffffffff89ff,63
4008,Heptachlor epoxide B,4,0.4771212637424469,MW1076-43|20151014,0xfffffffffffff89cb,60
4009,Heptachlor epoxide B,4,0.4771212637424469,MW1076-44|20151014,0xfffffffffffff89cb,60
4010,Heptachlor epoxide B,4,1.0,MW1076-44|20151014,0xfffffffffffff89ff,63
4011,Heptachlor epoxide B,4,1.4771212339401245,MW1076-44|20151014,0xc4e5e272f139789cb,36
4012,Heptachlor epoxide B,4,-1.5228787660598755,MW1076-44|20151014,0xfffffffffffff89ff,63
4013,Heptachlor epoxide B,4,-1.0,MW1076-44|20151014,0xfffffffffffff89cb,60
4014,Heptachlor epoxide B,4,-0.5228787660598755,MW1076-44|20151014,0xfffffffffffff89ff,63
4015,Heptachlor epoxide B,4,0.0,MW1076-44|20151014,0xfffffffffffff89cb,60
4016,Hexachlorophene,3,1.3010300397872925,MW1140-17|20160907,0xc4e5e272f139789cb,36
4017,Hexachlorophene,3,-1.5228787660598755,MW1140-17|20160907,0xffffe27ff139789cb,47
4018,Hexachlorophene,3,-1.0,MW1140-17|20160907,0xfffffffff13ff89cb,55
4019,Hexachlorophene,3,-0.5228787660598755,MW1140-17|20160907,0xfffffffff139789cb,52
4020,Hexachlorophene,3,0.0,MW1140-17|20160907,0xffffe27ff139789cb,47
4021,Hexachlorophene,3,0.4771212637424469,MW1140-17|20160907,0xc4e5e272f139789cb,36
4022,Hexachlorophene,3,1.0,MW1140-17|20160907,0xc4e5e272f139789cb,36
4023,Hexachlorophene,3,1.0,MW1140-18|20160907,0xc4e5e272f139789cb,36
4024,Hexachlorophene,3,1.3010300397872925,MW1140-18|20160907,0xc4e5e272f139789cb,36
4025,Hexachlorophene,3,-1.5228787660598755,MW1140-18|20160907,0xfffffffff139789cb,52
4026,Hexachlorophene,3,-1.0,MW1140-18|20160907,0xfffffffffffff89cb,60
4027,Hexachlorophene,3,-0.5228787660598755,MW1140-18|20160907,0xfffffff2f139789cb,49
4028,Hexachlorophene,3,0.0,MW1140-18|20160907,0xfffffffff139789cb,52
4029,Hexachlorophene,3,0.4771212637424469,MW1140-18|20160907,0xc4e5e272f139789cb,36
4030,Hexachlorophene,3,0.4771212637424469,MW1140-19|20160907,0xe7ffe272f139789cb,42
4031,Hexachlorophene,3,1.0,MW1140-19|20160907,0xc4e5e272f139789cb,36
4032,Hexachlorophene,3,1.3010300397872925,MW1140-19|20160907,0xc4e5e272f139789cb,36
4033,Hexachlorophene,3,-1.5228787660598755,MW1140-19|20160907,0xfffffffff13ff89cb,55
4034,Hexachlorophene,3,-1.0,MW1140-19|20160907,0xfffffffff139789cb,52
4035,Hexachlorophene,3,-0.5228787660598755,MW1140-19|20160907,0xfffffff2f139789cb,49
4036,Hexachlorophene,3,0.0,MW1140-19|20160907,0xfffffffff139789cb,52
4037,Hexachlorophene,3,-2.0,MW1147-10|20170913,0xfffffffffffff89ff,63
4038,Hexachlorophene,3,-1.5228787660598755,MW1147-10|20170913,0xfffffffffffff89cb,60
4039,Hexachlorophene,3,-1.0,MW1147-10|20170913,0xfffffffffffff89ff,63
4040,Hexachlorophene,3,-0.5228787660598755,MW1147-10|20170913,0xfffffffffffff89ff,63
4041,Hexachlorophene,3,0.0,MW1147-10|20170913,0xfffffffffffff89ff,63
4042,Hexachlorophene,3,0.4771212637424469,MW1147-10|20170913,0xc4ffe272f139789cb,39
4043,Hexachlorophene,3,1.0,MW1147-10|20170913,0xc4e5e272f139789cb,36
4044,Hexachlorophene,3,-2.0,MW1147-11|20170913,0xfffffffffffff89ff,63
4045,Hexachlorophene,3,-1.5228787660598755,MW1147-11|20170913,0xfffffffffffff89ff,63
4046,Hexachlorophene,3,-1.0,MW1147-11|20170913,0xfffffffffffff89ff,63
4047,Hexachlorophene,3,-0.5228787660598755,MW1147-11|20170913,0xfffffffffffff89ff,63
4048,Hexachlorophene,3,0.0,MW1147-11|20170913,0xfffffffffffff89ff,63
4049,Hexachlorophene,3,0.4771212637424469,MW1147-11|20170913,0xffffe272f139789cb,44
4050,Hexachlorophene,3,1.0,MW1147-11|20170913,0xc4e5e272f139789cb,36
4051,Hexachlorophene,3,-2.0,MW1147-12|20170913,0xfffffffffffff89ff,63
4052,Hexachlorophene,3,-1.5228787660598755,MW1147-12|20170913,0xfffffffffffff89ff,63
4053,Hexachlorophene,3,-1.0,MW1147-12|20170913,0xfffffffffffff89ff,63
4054,Hexachlorophene,3,-0.5228787660598755,MW1147-12|20170913,0xfffffffffffff89ff,63
4055,Hexachlorophene,3,0.0,MW1147-12|20170913,0xfffffffffffff89ff,63
4056,Hexachlorophene,3,0.4771212637424469,MW1147-12|20170913,0xe7ffe272f139789cb,42
4057,Hexachlorophene,3,1.0,MW1147-12|20170913,0xc4e5e272f139789cb,36
4058,Hexachlorophene,3,1.0,MW1040-11|20150805,0xc4e5e272f139789cb,36
4059,Hexachlorophene,3,1.4771212339401245,MW1040-11|20150805,0xc4e5e272f139789cb,36
4060,Hexachlorophene,3,-1.5228787660598755,MW1040-11|20150805,0xfffffffffffffffff,68
4061,Hexachlorophene,3,-1.0,MW1040-11|20150805,0xfffffffffffffffff,68
4062,Hexachlorophene,3,-0.5228787660598755,MW1040-11|20150805,0xfffffffffffffffff,68
4063,Hexachlorophene,3,0.0,MW1040-11|20150805,0xfffffffffffff89cb,60
4064,Hexachlorophene,3,0.4771212637424469,MW1040-11|20150805,0xffe5e272f139789cb,41
4065,Hexachlorophene,3,0.4771212637424469,MW1040-12|20150805,0xe7ffe272f139789cb,42
4066,Hexachlorophene,3,1.0,MW1040-12|20150805,0xc4e5e272f139789cb,36
4067,Hexachlorophene,3,1.4771212339401245,MW1040-12|20150805,0xc4e5e272f139789cb,36
4068,Hexachlorophene,3,-1.5228787660598755,MW1040-12|20150805,0xfffffffffffffffff,68
4069,Hexachlorophene,3,-1.0,MW1040-12|20150805,0xfffffffffffffffff,68
4070,Hexachlorophene,3,-0.5228787660598755,MW1040-12|20150805,0xfffffffffffffffff,68
4071,Hexachlorophene,3,0.0,MW1040-12|20150805,0xfffffffffffff89cb,60
4086,Imidacloprid,4,-1.5228787660598755,MW1007-109|20150128,0xfffffffffffffffff,68
4087,Imidacloprid,4,-1.0,MW1007-109|20150128,0xfffffffffffffffff,68
4088,Imidacloprid,4,-0.5228787660598755,MW1007-109|20150128,0xfffffffffffffffff,68
4089,Imidacloprid,4,0.0,MW1007-109|20150128,0xfffffffffffffffff,68
4090,Imidacloprid,4,0.4771212637424469,MW1007-109|20150128,0xfffffffffffffffff,68
4091,Imidacloprid,4,1.0,MW1007-109|20150128,0xfffffffffffffffff,68
4092,Imidacloprid,4,1.4771212339401245,MW1007-109|20150128,0xfffffffffffffffff,68
4093,Imidacloprid,4,-1.5228787660598755,MW1008-1|20150128,0xfffffffffffffffff,68
4094,Imidacloprid,4,-1.0,MW1008-1|20150128,0xfffffffffffffffff,68
4095,Imidacloprid,4,-0.5228787660598755,MW1008-1|20150128,0xfffffffffffff89ff,63
4096,Imidacloprid,4,0.0,MW1008-1|20150128,0xfffffffffffffffff,68
4097,Imidacloprid,4,0.4771212637424469,MW1008-1|20150128,0xfffffffffffffffff,68
4098,Imidacloprid,4,1.0,MW1008-1|20150128,0xfffffffffffff89ff,63
4099,Imidacloprid,4,1.4771212339401245,MW1008-1|20150128,0xfffffffffffffffff,68
4100,Imidacloprid,4,-1.5228787660598755,MW1008-40|20150128,0xfffffffffffffffff,68
4101,Imidacloprid,4,-1.0,MW1008-40|20150128,0xfffffffffffffffff,68
4102,Imidacloprid,4,-0.5228787660598755,MW1008-40|20150128,0xfffffffffffffffff,68
4103,Imidacloprid,4,0.0,MW1008-40|20150128,0xfffffffffffff89cb,60
4104,Imidacloprid,4,0.4771212637424469,MW1008-40|20150128,0xfffffffffffff89ff,63
4105,Imidacloprid,4,1.0,MW1008-40|20150128,0xfffffffffffffffff,68
4106,Imidacloprid,4,1.4771212339401245,MW1008-40|20150128,0xfffffffffffffffff,68
4107,Isodecyl diphenyl phosphate,4,1.3010300397872925,MW1139-23|20160720,0xfffffffffffff89ff,63
4108,Isodecyl diphenyl phosphate,4,-1.5228787660598755,MW1139-23|20160720,0xfffffffffffffffff,68
4109,Isodecyl diphenyl phosphate,4,-1.0,MW1139-23|20160720,0xfffffffffffffcfff,66
4110,Isodecyl diphenyl phosphate,4,-0.5228787660598755,MW1139-23|20160720,0xfffffffffffff89ff,63
4111,Isodecyl diphenyl phosphate,4,0.0,MW1139-23|20160720,0xfffffffffffffffff,68
4112,Isodecyl diphenyl phosphate,4,0.4771212637424469,MW1139-23|20160720,0xfffffffffffff89ff,63
4113,Isodecyl diphenyl phosphate,4,1.0,MW1139-23|20160720,0xfffffffffffffcfff,66
4114,Isodecyl diphenyl phosphate,4,1.0,MW1139-24|20160720,0xfffffffffffffffcb,65
4115,Isodecyl diphenyl phosphate,4,1.3010300397872925,MW1139-24|20160720,0xfffffffffffff89ff,63
4116,Isodecyl diphenyl phosphate,4,-1.5228787660598755,MW1139-24|20160720,0xfffffffffffffffff,68
4117,Isodecyl diphenyl phosphate,4,-1.0,MW1139-24|20160720,0xfffffffffffff89ff,63
4118,Isodecyl diphenyl phosphate,4,-0.5228787660598755,MW1139-24|20160720,0xfffffffffffffffff,68
4119,Isodecyl diphenyl phosphate,4,0.0,MW1139-24|20160720,0xfffffffffffff89ff,63
4120,Isodecyl diphenyl phosphate,4,0.4771212637424469,MW1139-24|20160720,0xfffffffffffffffff,68
4121,Isodecyl diphenyl phosphate,4,0.4771212637424469,MW1139-25|20160720,0xfffffffffffffffff,68
4122,Isodecyl diphenyl phosphate,4,1.0,MW1139-25|20160720,0xfffffffffffff89ff,63
4123,Isodecyl diphenyl phosphate,4,1.3010300397872925,MW1139-25|20160720,0xfffffffffffff89cb,60
4124,Isodecyl diphenyl phosphate,4,-1.5228787660598755,MW1139-25|20160720,0xfffffffffffffffff,68
4125,Isodecyl diphenyl phosphate,4,-1.0,MW1139-25|20160720,0xfffffffffffffffff,68
4126,Isodecyl diphenyl phosphate,4,-0.5228787660598755,MW1139-25|20160720,0xfffffffffffffffff,68
4127,Isodecyl diphenyl phosphate,4,0.0,MW1139-25|20160720,0xfffffffffffff89ff,63
4149,Kepone,4,1.3010300397872925,MW1144-22|20161109,0xc4e5e272f139789cb,36
4150,Kepone,4,-1.5228787660598755,MW1144-22|20161109,0xfffffffffffff89ff,63
4151,Kepone,4,-1.0,MW1144-22|20161109,0xfffffffffffff89cb,60
4152,Kepone,4,-0.5228787660598755,MW1144-22|20161109,0xfffffffffffff89cb,60
4153,Kepone,4,0.0,MW1144-22|20161109,0xfffffffffffff89ff,63
4154,Kepone,4,0.4771212637424469,MW1144-22|20161109,0xfffffffffffff89cb,60
4155,Kepone,4,1.0,MW1144-22|20161109,0xc4e5e272f139789cb,36
4156,Kepone,4,1.0,MW1144-23|20161109,0xc4e5e272f139789cb,36
4157,Kepone,4,1.3010300397872925,MW1144-23|20161109,0xc4e5e272f139789cb,36
4158,Kepone,4,-1.5228787660598755,MW1144-23|20161109,0xfffffffffffff89cb,60
4159,Kepone,4,-1.0,MW1144-23|20161109,0xfffffffffffff89ff,63
4160,Kepone,4,-0.5228787660598755,MW1144-23|20161109,0xfffffffffffff89cb,60
4161,Kepone,4,0.0,MW1144-23|20161109,0xfffffffffffff89cb,60
4162,Kepone,4,0.4771212637424469,MW1144-23|20161109,0xfffffffffffff89cb,60
4163,Kepone,4,0.4771212637424469,MW1144-24|20161109,0xfffffffffffff89cb,60
4164,Kepone,4,1.0,MW1144-24|20161109,0xc4e5e272f139789cb,36
4165,Kepone,4,1.3010300397872925,MW1144-24|20161109,0xc4e5e272f139789cb,36
4166,Kepone,4,-1.5228787660598755,MW1144-24|20161109,0xfffffffffffff89cb,60
4167,Kepone,4,-1.0,MW1144-24|20161109,0xfffffffffffff89ff,63
4168,Kepone,4,-0.5228787660598755,MW1144-24|20161109,0xfffffffffffff89cb,60
4169,Kepone,4,0.0,MW1144-24|20161109,0xfffffffffffff89cb,60
4170,L-Ascorbic acid,2,1.3010300397872925,MW1140-20|20160907,0xfffffffffffff89cb,60
4171,L-Ascorbic acid,2,-1.5228787660598755,MW1140-20|20160907,0xfffffffff139789cb,52
4172,L-Ascorbic acid,2,-1.0,MW1140-20|20160907,0xfffffffff9f9789cb,55
4173,L-Ascorbic acid,2,-0.5228787660598755,MW1140-20|20160907,0xfffffffffffff89cb,60
4174,L-Ascorbic acid,2,0.0,MW1140-20|20160907,0xfffffffff139789cb,52
4175,L-Ascorbic acid,2,0.4771212637424469,MW1140-20|20160907,0xfffffffff139789cb,52
4176,L-Ascorbic acid,2,1.0,MW1140-20|20160907,0xfffffffff13ff89cb,55
4177,L-Ascorbic acid,2,1.0,MW1140-21|20160907,0xfffffffffffff89cb,60
4178,L-Ascorbic acid,2,1.3010300397872925,MW1140-21|20160907,0xfffffffffffff89cb,60
4179,L-Ascorbic acid,2,-1.5228787660598755,MW1140-21|20160907,0xfffffffffffff89cb,60
4180,L-Ascorbic acid,2,-1.0,MW1140-21|20160907,0xfffffffffff9789cb,57
4181,L-Ascorbic acid,2,-0.5228787660598755,MW1140-21|20160907,0xfffffffff13ff89cb,55
4182,L-Ascorbic acid,2,0.0,MW1140-21|20160907,0xfffffffff139789cb,52
4183,L-Ascorbic acid,2,0.4771212637424469,MW1140-21|20160907,0xfffffffff139789cb,52
4184,L-Ascorbic acid,2,0.4771212637424469,MW1140-22|20160907,0xfffffffff139789cb,52
4185,L-Ascorbic acid,2,1.0,MW1140-22|20160907,0xfffffffff139789cb,52
4186,L-Ascorbic acid,2,1.3010300397872925,MW1140-22|20160907,0xfffffffff139789cb,52
4187,L-Ascorbic acid,2,-1.5228787660598755,MW1140-22|20160907,0xfffffffff139789cb,52
4188,L-Ascorbic acid,2,-1.0,MW1140-22|20160907,0xfffffffff9f9789cb,55
4189,L-Ascorbic acid,2,-0.5228787660598755,MW1140-22|20160907,0xfffffffff13ff89cb,55
4190,L-Ascorbic acid,2,0.0,MW1140-22|20160907,0xfffffffff139789cb,52
4255,Lead(II) acetate trihydrate,3,-1.5228787660598755,MW1008-41|20141029,0xfffffffffffffffff,68
4256,Lead(II) acetate trihydrate,3,-1.0,MW1008-41|20141029,0xfffffffffffffffff,68
4257,Lead(II) acetate trihydrate,3,-0.5228787660598755,MW1008-41|20141029,0xfffffffffffffffff,68
4258,Lead(II) acetate trihydrate,3,0.0,MW1008-41|20141029,0xfffffffffffffffff,68
4259,Lead(II) acetate trihydrate,3,0.4771212637424469,MW1008-41|20141029,0xfffffffffffffffff,68
4260,Lead(II) acetate trihydrate,3,1.0,MW1008-41|20141029,0xfffffffffffff89ff,63
4261,Lead(II) acetate trihydrate,3,1.4771212339401245,MW1008-41|20141029,0xc4ffe27ff139789cb,42
4262,Lead(II) acetate trihydrate,3,-1.5228787660598755,MW1008-42|20141029,0xfffffffffffffffff,68
4263,Lead(II) acetate trihydrate,3,-1.0,MW1008-42|20141029,0xfffffffffffffffff,68
4264,Lead(II) acetate trihydrate,3,-0.5228787660598755,MW1008-42|20141029,0xfffffffffffffffff,68
4265,Lead(II) acetate trihydrate,3,0.0,MW1008-42|20141029,0xfffffffffffffffff,68
4266,Lead(II) acetate trihydrate,3,0.4771212637424469,MW1008-42|20141029,0xfffffffffffffffff,68
4267,Lead(II) acetate trihydrate,3,1.0,MW1008-42|20141029,0xfffffffffffff89ff,63
4268,Lead(II) acetate trihydrate,3,1.4771212339401245,MW1008-42|20141029,0xc4e5e272f139789cb,36
4269,Lead(II) acetate trihydrate,3,-1.5228787660598755,MW1008-42|20141029,0xfffffffffffffffff,68
4270,Lead(II) acetate trihydrate,3,-1.0,MW1008-42|20141029,0xfffffffffffffffff,68
4271,Lead(II) acetate trihydrate,3,-0.5228787660598755,MW1008-42|20141029,0xfffffffffffffffff,68
4272,Lead(II) acetate trihydrate,3,0.0,MW1008-42|20141029,0xfffffffffffffffff,68
4273,Lead(II) acetate trihydrate,3,0.4771212637424469,MW1008-42|20141029,0xfffffffffffffffff,68
4274,Lead(II) acetate trihydrate,3,1.0,MW1008-42|20141029,0xfffffffffffff89ff,63
4275,Lead(II) acetate trihydrate,3,1.4771212339401245,MW1008-42|20141029,0xc4e5e272f139789cb,36
4276,Lindane,2,-1.5228787660598755,MW1007-109|20150128,0xfffffffffffffffff,68
4277,Lindane,2,-1.0,MW1007-109|20150128,0xfffffffffffffffff,68
4278,Lindane,2,-0.5228787660598755,MW1007-109|20150128,0xfffffffffffffffff,68
4279,Lindane,2,0.0,MW1007-109|20150128,0xfffffffffffffffff,68
4280,Lindane,2,0.4771212637424469,MW1007-109|20150128,0xfffffffffffffffff,68
4281,Lindane,2,1.0,MW1007-109|20150128,0xfffffffffffffffff,68
4282,Lindane,2,1.4771212339401245,MW1007-109|20150128,0xfffffffffffffffff,68
4283,Lindane,2,-1.5228787660598755,MW1008-1|20150128,0xfffffffffffff89ff,63
4284,Lindane,2,-1.0,MW1008-1|20150128,0xfffffffffffffffff,68
4285,Lindane,2,-0.5228787660598755,MW1008-1|20150128,0xfffffffffffffffff,68
4286,Lindane,2,0.0,MW1008-1|20150128,0xfffffffffffffffff,68
4287,Lindane,2,0.4771212637424469,MW1008-1|20150128,0xfffffffffffff89ff,63
4288,Lindane,2,1.0,MW1008-1|20150128,0xfffffffffffff89cb,60
4289,Lindane,2,1.4771212339401245,MW1008-1|20150128,0xfffffffffffffcfff,66
4290,Lindane,2,-1.5228787660598755,MW1008-40|20150128,0xfffffffffffff89ff,63
4291,Lindane,2,-1.0,MW1008-40|20150128,0xfffffffffffffffff,68
4292,Lindane,2,-0.5228787660598755,MW1008-40|20150128,0xfffffffffffff89cb,60
4293,Lindane,2,0.0,MW1008-40|20150128,0xfffffffffffff89cb,60
4294,Lindane,2,0.4771212637424469,MW1008-40|20150128,0xfffffffffffff89cb,60
4295,Lindane,2,1.0,MW1008-40|20150128,0xfffffffffffff89cb,60
4296,Lindane,2,1.4771212339401245,MW1008-40|20150128,0xfffffffff139789cb,52
4297,Loperamide,1,-1.0,MW1007-26|20140205,0xfffffffffffff89ff,63
4298,Loperamide,1,-0.5228787660598755,MW1007-26|20140205,0xfffffffffffff89cb,60
4299,Loperamide,1,0.0,MW1007-26|20140205,0xfffffffffffff89cb,60
4300,Loperamide,1,0.4771212637424469,MW1007-26|20140205,0xffffe272f139789cb,44
4301,Loperamide,1,1.0,MW1007-26|20140205,0xc4e5e272f139789cb,36
4302,Loperamide,1,1.4771212339401245,MW1007-26|20140205,0xc4e5e272f139789cb,36
4303,Loperamide,1,-1.0,MW1007-27|20140212,0xfffffffff9fff89cb,58
4304,Loperamide,1,-0.5228787660598755,MW1007-27|20140212,0xfffffffff13ff89cb,55
4305,Loperamide,1,0.0,MW1007-27|20140212,0xfffffffff139789cb,52
4306,Loperamide,1,0.4771212637424469,MW1007-27|20140212,0xc4e5e272f139789cb,36
4307,Loperamide,1,1.0,MW1007-27|20140212,0xc4e5e272f139789cb,36
4308,Loperamide,1,1.4771212339401245,MW1007-27|20140212,0xc4e5e272f139789cb,36
4309,Loperamide,1,-1.0,MW1007-27|20140402,0xfffffffffffff89ff,63
4310,Loperamide,1,-0.5228787660598755,MW1007-27|20140402,0xfffffffffffffffff,68
4311,Loperamide,1,0.0,MW1007-27|20140402,0xfffffffffff9789cb,57
4312,Loperamide,1,0.4771212637424469,MW1007-27|20140402,0xc4e5e272f139789cb,36
4313,Loperamide,1,1.0,MW1007-27|20140402,0xc4e5e272f139789cb,36
4314,Loperamide,1,1.4771212339401245,MW1007-27|20140402,0xc4e5e272f139789cb,36
4315,Loperamide,1,-1.0,MW1007-38|20140423,0xfffffffffffff89cb,60
4316,Loperamide,1,-0.5228787660598755,MW1007-38|20140423,0xfffffffffffff89cb,60
4317,Loperamide,1,0.0,MW1007-38|20140423,0xfffffffff139789cb,52
4318,Loperamide,1,0.4771212637424469,MW1007-38|20140423,0xc4e5e272f139789cb,36
4319,Loperamide,1,1.0,MW1007-38|20140423,0xc4e5e272f139789cb,36
4320,Loperamide,1,1.4771212339401245,MW1007-38|20140423,0xc4e5e272f139789cb,36
4321,Loperamide,1,-1.5228787660598755,MW1008-39|20140910,0xfffffffffffff89cb,60
4322,Loperamide,1,-1.0,MW1008-39|20140910,0xfffffffffffff89ff,63
4323,Loperamide,1,-0.5228787660598755,MW1008-39|20140910,0xfffffffffffff89cb,60
4324,Loperamide,1,0.0,MW1008-39|20140910,0xfffffffff139789cb,52
4325,Loperamide,1,0.4771212637424469,MW1008-39|20140910,0xc4e5e272f139789cb,36
4326,Loperamide,1,1.0,MW1008-39|20140910,0xc4e5e272f139789cb,36
4327,Loperamide,1,1.4771212339401245,MW1008-39|20140910,0xc4e5e272f139789cb,36
4328,Loperamide,1,-1.5228787660598755,MW1008-40|20140910,0xfffffffffffff89cb,60
4329,Loperamide,1,-1.0,MW1008-40|20140910,0xfffffffffffff89cb,60
4330,Loperamide,1,-0.5228787660598755,MW1008-40|20140910,0xfffffffffffff89cb,60
4331,Loperamide,1,0.0,MW1008-40|20140910,0xfffffffff139789cb,52
4332,Loperamide,1,0.4771212637424469,MW1008-40|20140910,0xc4e5e272f139789cb,36
4333,Loperamide,1,1.0,MW1008-40|20140910,0xc4e5e272f139789cb,36
4334,Loperamide,1,1.4771212339401245,MW1008-40|20140910,0xc4e5e272f139789cb,36
4335,Loperamide,1,-1.5228787660598755,MW1008-68|20140910,0xfffffffffffff89cb,60
4336,Loperamide,1,-1.0,MW1008-68|20140910,0xfffffffffffffcfff,66
4337,Loperamide,1,-0.5228787660598755,MW1008-68|20140910,0xfffffffffffff89cb,60
4338,Loperamide,1,0.0,MW1008-68|20140910,0xfffffffff139789cb,52
4339,Loperamide,1,0.4771212637424469,MW1008-68|20140910,0xc4e5e272f139789cb,36
4340,Loperamide,1,1.0,MW1008-68|20140910,0xc4e5e272f139789cb,36
4341,Loperamide,1,1.4771212339401245,MW1008-68|20140910,0xc4e5e272f139789cb,36
4342,Loperamide,1,-1.5228787660598755,MW1042-42|20141203,0xfffffffffffffffff,68
4343,Loperamide,1,-1.0,MW1042-42|20141203,0xfffffffffffffffff,68
4344,Loperamide,1,-0.5228787660598755,MW1042-42|20141203,0xfffffffffffffffff,68
4345,Loperamide,1,0.0,MW1042-42|20141203,0xfffffffffffffffcb,65
4346,Loperamide,1,0.4771212637424469,MW1042-42|20141203,0xffffe272f139789cb,44
4347,Loperamide,1,1.0,MW1042-42|20141203,0xc4e5e272f139789cb,36
4348,Loperamide,1,1.4771212339401245,MW1042-42|20141203,0xc4e5e272f139789cb,36
4349,Loperamide,1,-1.5228787660598755,MW1042-43|20141203,0xfffffffffffffffff,68
4350,Loperamide,1,-1.0,MW1042-43|20141203,0xfffffffffffffffff,68
4351,Loperamide,1,-0.5228787660598755,MW1042-43|20141203,0xfffffffffffffffff,68
4352,Loperamide,1,0.0,MW1042-43|20141203,0xfffffffffffffffcb,65
4353,Loperamide,1,0.4771212637424469,MW1042-43|20141203,0xffe5e272f139789cb,41
4354,Loperamide,1,1.0,MW1042-43|20141203,0xc4e5e272f139789cb,36
4355,Loperamide,1,1.4771212339401245,MW1042-43|20141203,0xc4e5e272f139789cb,36
4356,Loperamide,1,-1.5228787660598755,MW1042-44|20141203,0xfffffffffffffffff,68
4357,Loperamide,1,-1.0,MW1042-44|20141203,0xfffffffffffffffff,68
4358,Loperamide,1,-0.5228787660598755,MW1042-44|20141203,0xfffffffffffffffff,68
4359,Loperamide,1,0.0,MW1042-44|20141203,0xfffffffffffffffff,68
4360,Loperamide,1,0.4771212637424469,MW1042-44|20141203,0xffffe272f139789cb,44
4361,Loperamide,1,1.0,MW1042-44|20141203,0xc4e5e272f139789cb,36
4362,Loperamide,1,1.4771212339401245,MW1042-44|20141203,0xc4e5e272f139789cb,36
4405,Malaoxon,1,1.0,MW1092-29|20160120,0xfffffffffffff89cb,60
4406,Malaoxon,1,1.4771212339401245,MW1092-29|20160120,0xfffffffffffff89cb,60
4407,Malaoxon,1,2.0,MW1092-29|20160120,0xfffffffffffff89cb,60
4408,Malaoxon,1,-1.0,MW1092-29|20160120,0xfffffffffffff89cb,60
4409,Malaoxon,1,-0.5228787660598755,MW1092-29|20160120,0xfffffffffffff89cb,60
4410,Malaoxon,1,0.0,MW1092-29|20160120,0xfffffffffffff89ff,63
4411,Malaoxon,1,0.4771212637424469,MW1092-29|20160120,0xfffffffffffff89cb,60
4412,Malaoxon,1,2.0,MW1092-5|20160120,0xfffffffffffff89ff,63
4413,Malaoxon,1,-1.0,MW1092-5|20160120,0xfffffffffffff89ff,63
4414,Malaoxon,1,-0.5228787660598755,MW1092-5|20160120,0xfffffffffffff89ff,63
4415,Malaoxon,1,0.0,MW1092-5|20160120,0xfffffffffffff89ff,63
4416,Malaoxon,1,0.4771212637424469,MW1092-5|20160120,0xfffffffffffff89ff,63
4417,Malaoxon,1,1.0,MW1092-5|20160120,0xfffffffffffff89ff,63
4418,Malaoxon,1,1.4771212339401245,MW1092-5|20160120,0xfffffffffffff89ff,63
4419,Malaoxon,1,1.4771212339401245,MW1092-6|20160120,0xfffffffffffffcfff,66
4420,Malaoxon,1,2.0,MW1092-6|20160120,0xfffffffffffff89cb,60
4421,Malaoxon,1,-1.0,MW1092-6|20160120,0xfffffffffffffcfff,66
4422,Malaoxon,1,-0.5228787660598755,MW1092-6|20160120,0xfffffffffffff89ff,63
4423,Malaoxon,1,0.0,MW1092-6|20160120,0xfffffffffffff89cb,60
4424,Malaoxon,1,0.4771212637424469,MW1092-6|20160120,0xfffffffffffffcfff,66
4425,Malaoxon,1,1.0,MW1092-6|20160120,0xfffffffffffff89cb,60
4426,Malathion,3,2.0,MW1105-20|20160217,0xc4e5e272f139789cb,36
4427,Malathion,3,-1.0,MW1105-20|20160217,0xfffffffffffff89cb,60
4428,Malathion,3,-0.5228787660598755,MW1105-20|20160217,0xfffffffffffff89cb,60
4429,Malathion,3,0.0,MW1105-20|20160217,0xfffffffffffff89cb,60
4430,Malathion,3,0.4771212637424469,MW1105-20|20160217,0xfffffffffffff89cb,60
4431,Malathion,3,1.0,MW1105-20|20160217,0xfffffffffffff89cb,60
4432,Malathion,3,1.4771212339401245,MW1105-20|20160217,0xc4ffe272f139789cb,39
4433,Malathion,3,1.4771212339401245,MW1105-23|20160217,0xc4e5e272f139789cb,36
4434,Malathion,3,2.0,MW1105-23|20160217,0xc4e5e272f139789cb,36
4435,Malathion,3,-1.0,MW1105-23|20160217,0xfffffffffffff89cb,60
4436,Malathion,3,-0.5228787660598755,MW1105-23|20160217,0xfffffffffffff89cb,60
4437,Malathion,3,0.0,MW1105-23|20160217,0xfffffffffffff89cb,60
4438,Malathion,3,0.4771212637424469,MW1105-23|20160217,0xfffffffffffff89cb,60
4439,Malathion,3,1.0,MW1105-23|20160217,0xfffffffff13ff89cb,55
4440,Malathion,3,1.0,MW1105-26|20160217,0xfffffffff9fff89cb,58
4441,Malathion,3,1.4771212339401245,MW1105-26|20160217,0xc4ffe272f139789cb,39
4442,Malathion,3,2.0,MW1105-26|20160217,0xc4ffe27ff139789cb,42
4443,Malathion,3,-1.0,MW1105-26|20160217,0xfffffffffffff89cb,60
4444,Malathion,3,-0.5228787660598755,MW1105-26|20160217,0xfffffffffffff89cb,60
4445,Malathion,3,0.0,MW1105-26|20160217,0xfffffffff9fff89cb,58
4446,Malathion,3,0.4771212637424469,MW1105-26|20160217,0xfffffffffff9789cb,57
4447,Mancozeb,3,1.3010300397872925,MW1145-22|20170201,0xfffffffffffff89cb,60
4448,Mancozeb,3,-1.5228787660598755,MW1145-22|20170201,0xfffffffffffffffff,68
4449,Mancozeb,3,-1.0,MW1145-22|20170201,0xfffffffffffff89ff,63
4450,Mancozeb,3,-0.5228787660598755,MW1145-22|20170201,0xfffffffffffff89cb,60
4451,Mancozeb,3,0.0,MW1145-22|20170201,0xfffffffffffff89ff,63
4452,Mancozeb,3,0.4771212637424469,MW1145-22|20170201,0xfffffffffffff89ff,63
4453,Mancozeb,3,1.0,MW1145-22|20170201,0xfffffffffffff89cb,60
4454,Mancozeb,3,1.0,MW1145-23|20170201,0xfffffffff13ff89cb,55
4455,Mancozeb,3,1.3010300397872925,MW1145-23|20170201,0xfffffffff9fff89cb,58
4456,Mancozeb,3,-1.5228787660598755,MW1145-23|20170201,0xfffffffffffff89ff,63
4457,Mancozeb,3,-1.0,MW1145-23|20170201,0xfffffffffffff89ff,63
4458,Mancozeb,3,-0.5228787660598755,MW1145-23|20170201,0xfffffffffffff89ff,63
4459,Mancozeb,3,0.0,MW1145-23|20170201,0xfffffffffffff89cb,60
4460,Mancozeb,3,0.4771212637424469,MW1145-23|20170201,0xfffffffffffff89ff,63
4461,Mancozeb,3,0.4771212637424469,MW1145-24|20170201,0xfffffffffffffffff,68
4462,Mancozeb,3,1.0,MW1145-24|20170201,0xfffffffffffffcfff,66
4463,Mancozeb,3,1.3010300397872925,MW1145-24|20170201,0xfffffffffffff89ff,63
4464,Mancozeb,3,-1.5228787660598755,MW1145-24|20170201,0xfffffffffffffcfff,66
4465,Mancozeb,3,-1.0,MW1145-24|20170201,0xfffffffffffffffff,68
4466,Mancozeb,3,-0.5228787660598755,MW1145-24|20170201,0xfffffffffffff89ff,63
4467,Mancozeb,3,0.0,MW1145-24|20170201,0xfffffffffffff89cb,60
4468,Mancozeb,3,-1.5228787660598755,MW1147-13|20170920,0xfffffffffffffffff,68
4469,Mancozeb,3,-1.0,MW1147-13|20170920,0xfffffffffffffffff,68
4470,Mancozeb,3,-0.5228787660598755,MW1147-13|20170920,0xfffffffffffffffff,68
4471,Mancozeb,3,0.0,MW1147-13|20170920,0xfffffffffffffffff,68
4472,Mancozeb,3,0.4771212637424469,MW1147-13|20170920,0xfffffffffffffffff,68
4473,Mancozeb,3,1.0,MW1147-13|20170920,0xfffffffffffffffff,68
4474,Mancozeb,3,1.3010300397872925,MW1147-13|20170920,0xfffffffffffff89ff,63
4475,Mancozeb,3,-1.5228787660598755,MW1147-14|20170920,0xfffffffffffffffff,68
4476,Mancozeb,3,-1.0,MW1147-14|20170920,0xfffffffffffffffff,68
4477,Mancozeb,3,-0.5228787660598755,MW1147-14|20170920,0xfffffffffffffffff,68
4478,Mancozeb,3,0.0,MW1147-14|20170920,0xfffffffffffffffff,68
4479,Mancozeb,3,0.4771212637424469,MW1147-14|20170920,0xfffffffffffffffff,68
4480,Mancozeb,3,1.0,MW1147-14|20170920,0xfffffffffffffffff,68
4481,Mancozeb,3,1.3010300397872925,MW1147-14|20170920,0xfffffffffffff89ff,63
4482,Mancozeb,3,-1.5228787660598755,MW1147-15|20170920,0xfffffffffffffffff,68
4483,Mancozeb,3,-1.0,MW1147-15|20170920,0xfffffffffffffffff,68
4484,Mancozeb,3,-0.5228787660598755,MW1147-15|20170920,0xfffffffffffffffff,68
4485,Mancozeb,3,0.0,MW1147-15|20170920,0xfffffffffffffffff,68
4486,Mancozeb,3,0.4771212637424469,MW1147-15|20170920,0xfffffffffffffffff,68
4487,Mancozeb,3,1.0,MW1147-15|20170920,0xfffffffffffff89ff,63
4488,Mancozeb,3,1.3010300397872925,MW1147-15|20170920,0xfffffffffffff89ff,63
4489,Maneb,2,-2.0,MW1008-39|20140910,0xfffffffffffff89ff,63
4490,Maneb,2,-1.5228787660598755,MW1008-39|20140910,0xfffffffffffff89ff,63
4491,Maneb,2,-1.0,MW1008-39|20140910,0xfffffffffffff89ff,63
4492,Maneb,2,-0.5228787660598755,MW1008-39|20140910,0xfffffffffffff89cb,60
4493,Maneb,2,0.0,MW1008-39|20140910,0xfffffffffffff89cb,60
4494,Maneb,2,0.4771212637424469,MW1008-39|20140910,0xfffffffffffff89ff,63
4495,Maneb,2,1.0,MW1008-39|20140910,0xfffffffffffff89cb,60
4496,Maneb,2,-2.0,MW1008-40|20140910,0xfffffffffffff89cb,60
4497,Maneb,2,-1.5228787660598755,MW1008-40|20140910,0xfffffffffffffffff,68
4498,Maneb,2,-1.0,MW1008-40|20140910,0xfffffffffffffcfff,66
4499,Maneb,2,-0.5228787660598755,MW1008-40|20140910,0xfffffffffffffffff,68
4500,Maneb,2,0.0,MW1008-40|20140910,0xfffffffffffffffff,68
4501,Maneb,2,0.4771212637424469,MW1008-40|20140910,0xfffffffffffffffff,68
4502,Maneb,2,1.0,MW1008-40|20140910,0xfffffffffffff89cb,60
4503,Maneb,2,-2.0,MW1008-68|20140910,0xfffffffffffff89ff,63
4504,Maneb,2,-1.5228787660598755,MW1008-68|20140910,0xfffffffffffffffff,68
4505,Maneb,2,-1.0,MW1008-68|20140910,0xfffffffffffffffff,68
4506,Maneb,2,-0.5228787660598755,MW1008-68|20140910,0xfffffffffffffffff,68
4507,Maneb,2,0.0,MW1008-68|20140910,0xfffffffffffffffcb,65
4508,Maneb,2,0.4771212637424469,MW1008-68|20140910,0xfffffffffffffffcb,65
4509,Maneb,2,1.0,MW1008-68|20140910,0xfffffffffffff89ff,63
4510,Manganese dichloride,2,1.4771212339401245,MW1112-16|20160511,0xfffffffffffffffff,68
4511,Manganese dichloride,2,-1.5228787660598755,MW1112-16|20160511,0xfffffffffffffffff,68
4512,Manganese dichloride,2,-1.0,MW1112-16|20160511,0xfffffffffffff89ff,63
4513,Manganese dichloride,2,-0.5228787660598755,MW1112-16|20160511,0xfffffffffffffffff,68
4514,Manganese dichloride,2,0.0,MW1112-16|20160511,0xfffffffffffffffff,68
4515,Manganese dichloride,2,0.4771212637424469,MW1112-16|20160511,0xfffffffffffffffff,68
4516,Manganese dichloride,2,1.0,MW1112-16|20160511,0xfffffffffffffffff,68
4517,Manganese dichloride,2,1.0,MW1112-17|20160511,0xfffffffffffffffff,68
4518,Manganese dichloride,2,1.4771212339401245,MW1112-17|20160511,0xfffffffffffffffff,68
4519,Manganese dichloride,2,-1.5228787660598755,MW1112-17|20160511,0xfffffffffffffffff,68
4520,Manganese dichloride,2,-1.0,MW1112-17|20160511,0xfffffffffffffffff,68
4521,Manganese dichloride,2,-0.5228787660598755,MW1112-17|20160511,0xfffffffffffffffff,68
4522,Manganese dichloride,2,0.0,MW1112-17|20160511,0xfffffffffffffffff,68
4523,Manganese dichloride,2,0.4771212637424469,MW1112-17|20160511,0xfffffffffffffffff,68
4524,Manganese dichloride,2,0.4771212637424469,MW1112-18|20160511,0xfffffffffffffffff,68
4525,Manganese dichloride,2,1.0,MW1112-18|20160511,0xfffffffffffffffff,68
4526,Manganese dichloride,2,1.4771212339401245,MW1112-18|20160511,0xfffffffffffffffff,68
4527,Manganese dichloride,2,-1.5228787660598755,MW1112-18|20160511,0xfffffffffffffffff,68
4528,Manganese dichloride,2,-1.0,MW1112-18|20160511,0xfffffffffffffffff,68
4529,Manganese dichloride,2,-0.5228787660598755,MW1112-18|20160511,0xfffffffffffffffff,68
4530,Manganese dichloride,2,0.0,MW1112-18|20160511,0xfffffffffffffffff,68
4531,Manganese(II) acetate,3,-1.5228787660598755,MW1147-7|20170913,0xfffffffffffff89ff,63
4532,Manganese(II) acetate,3,-1.0,MW1147-7|20170913,0xfffffffffffff89ff,63
4533,Manganese(II) acetate,3,-0.5228787660598755,MW1147-7|20170913,0xfffffffffffff89ff,63
4534,Manganese(II) acetate,3,0.0,MW1147-7|20170913,0xfffffffffffff89cb,60
4535,Manganese(II) acetate,3,0.4771212637424469,MW1147-7|20170913,0xfffffffffffff89ff,63
4536,Manganese(II) acetate,3,1.0,MW1147-7|20170913,0xfffffffffffff89ff,63
4537,Manganese(II) acetate,3,1.3010300397872925,MW1147-7|20170913,0xfffffffffffff89ff,63
4538,Manganese(II) acetate,3,-1.5228787660598755,MW1147-8|20170913,0xfffffffffffff89ff,63
4539,Manganese(II) acetate,3,-1.0,MW1147-8|20170913,0xfffffffffffff89ff,63
4540,Manganese(II) acetate,3,-0.5228787660598755,MW1147-8|20170913,0xfffffffffffff89ff,63
4541,Manganese(II) acetate,3,0.0,MW1147-8|20170913,0xfffffffffffff89cb,60
4542,Manganese(II) acetate,3,0.4771212637424469,MW1147-8|20170913,0xfffffffffffff89ff,63
4543,Manganese(II) acetate,3,1.0,MW1147-8|20170913,0xfffffffffffff89ff,63
4544,Manganese(II) acetate,3,1.3010300397872925,MW1147-8|20170913,0xfffffffffffff89ff,63
4545,Manganese(II) acetate,3,-1.5228787660598755,MW1147-9|20170913,0xfffffffffffff89ff,63
4546,Manganese(II) acetate,3,-1.0,MW1147-9|20170913,0xfffffffffffff89ff,63
4547,Manganese(II) acetate,3,-0.5228787660598755,MW1147-9|20170913,0xfffffffffffff89ff,63
4548,Manganese(II) acetate,3,0.0,MW1147-9|20170913,0xfffffffffffff89ff,63
4549,Manganese(II) acetate,3,0.4771212637424469,MW1147-9|20170913,0xfffffffffffff89ff,63
4550,Manganese(II) acetate,3,1.0,MW1147-9|20170913,0xfffffffffffff89ff,63
4551,Manganese(II) acetate,3,1.3010300397872925,MW1147-9|20170913,0xfffffffffffff89cb,60
4552,Mercuric chloride,2,-2.522878646850586,MW1146-20|20170628,0xfffffffff13ff89cb,55
4553,Mercuric chloride,2,-2.0,MW1146-20|20170628,0xfffffffff139789cb,52
4554,Mercuric chloride,2,-1.5228787660598755,MW1146-20|20170628,0xfffffffff139789cb,52
4555,Mercuric chloride,2,-1.0,MW1146-20|20170628,0xfffffffff13ff89cb,55
4556,Mercuric chloride,2,-0.5228787660598755,MW1146-20|20170628,0xfffffffff13ff89cb,55
4557,Mercuric chloride,2,0.0,MW1146-20|20170628,0xc4e5e272f139789cb,36
4558,Mercuric chloride,2,0.4771212637424469,MW1146-20|20170628,0xc4e5e272f139789cb,36
4559,Mercuric chloride,2,-2.522878646850586,MW1146-21|20170628,0xfffffffff139789cb,52
4560,Mercuric chloride,2,-2.0,MW1146-21|20170628,0xfffffffff13ff89cb,55
4561,Mercuric chloride,2,-1.5228787660598755,MW1146-21|20170628,0xfffffffffffff89cb,60
4562,Mercuric chloride,2,-1.0,MW1146-21|20170628,0xfffffffffffff89cb,60
4563,Mercuric chloride,2,-0.5228787660598755,MW1146-21|20170628,0xfffffffff13ff89cb,55
4564,Mercuric chloride,2,0.0,MW1146-21|20170628,0xc4e5e272f139789cb,36
4565,Mercuric chloride,2,0.4771212637424469,MW1146-21|20170628,0xc4e5e272f139789cb,36
4566,Mercuric chloride,2,-2.522878646850586,MW1146-22|20170628,0xfffffffff139789cb,52
4567,Mercuric chloride,2,-2.0,MW1146-22|20170628,0xfffffffff139789cb,52
4568,Mercuric chloride,2,-1.5228787660598755,MW1146-22|20170628,0xfffffffff139789cb,52
4569,Mercuric chloride,2,-1.0,MW1146-22|20170628,0xfffffffff139789cb,52
4570,Mercuric chloride,2,-0.5228787660598755,MW1146-22|20170628,0xfffff3fff139789cb,50
4571,Mercuric chloride,2,0.0,MW1146-22|20170628,0xc4e5e272f139789cb,36
4572,Mercuric chloride,2,0.4771212637424469,MW1146-22|20170628,0xc4e5e272f139789cb,36
4573,Mercuric chloride,2,1.3010300397872925,MW1159-40|20160921,0xc4e5e272f139789cb,36
4574,Mercuric chloride,2,-1.5228787660598755,MW1159-40|20160921,0xfffffffffffff89ff,63
4575,Mercuric chloride,2,-1.0,MW1159-40|20160921,0xfffffffffffff89cb,60
4576,Mercuric chloride,2,-0.5228787660598755,MW1159-40|20160921,0xfffffffffffff89cb,60
4577,Mercuric chloride,2,0.0,MW1159-40|20160921,0xffffe272f139789cb,44
4578,Mercuric chloride,2,0.4771212637424469,MW1159-40|20160921,0xc4e5e272f139789cb,36
4579,Mercuric chloride,2,1.0,MW1159-40|20160921,0xc4e5e272f139789cb,36
4580,Mercuric chloride,2,1.0,MW1159-43|20160921,0xc4e5e272f139789cb,36
4581,Mercuric chloride,2,1.3010300397872925,MW1159-43|20160921,0xc4e5e272f139789cb,36
4582,Mercuric chloride,2,-1.5228787660598755,MW1159-43|20160921,0xfffffffffffff89cb,60
4583,Mercuric chloride,2,-1.0,MW1159-43|20160921,0xfffffffffffff89ff,63
4584,Mercuric chloride,2,-0.5228787660598755,MW1159-43|20160921,0xfffffffffffff89cb,60
4585,Mercuric chloride,2,0.0,MW1159-43|20160921,0xfffffffff13ff89ff,58
4586,Mercuric chloride,2,0.4771212637424469,MW1159-43|20160921,0xc4e5e272f139789cb,36
4587,Mercuric chloride,2,0.4771212637424469,MW1160-23|20160921,0xc4e5e272f139789cb,36
4588,Mercuric chloride,2,1.0,MW1160-23|20160921,0xc4e5e272f139789cb,36
4589,Mercuric chloride,2,1.3010300397872925,MW1160-23|20160921,0xc4e5e272f139789cb,36
4590,Mercuric chloride,2,-1.5228787660598755,MW1160-23|20160921,0xfffffffffffffffff,68
4591,Mercuric chloride,2,-1.0,MW1160-23|20160921,0xfffffffffffff89cb,60
4592,Mercuric chloride,2,-0.5228787660598755,MW1160-23|20160921,0xfffffffffffff89ff,63
4593,Mercuric chloride,2,0.0,MW1160-23|20160921,0xffffe27ff13ff89cb,50
4615,Methamidophos,2,2.0,MW1056-28|20151209,0xfffffffffffff89cb,60
4616,Methamidophos,2,-1.0,MW1056-28|20151209,0xfffffffffffff89cb,60
4617,Methamidophos,2,-0.5228787660598755,MW1056-28|20151209,0xfffffffffffff89ff,63
4618,Methamidophos,2,0.0,MW1056-28|20151209,0xfffffffffffff89cb,60
4619,Methamidophos,2,0.4771212637424469,MW1056-28|20151209,0xfffffffffffff89cb,60
4620,Methamidophos,2,1.0,MW1056-28|20151209,0xfffffffffffff89cb,60
4621,Methamidophos,2,1.4771212339401245,MW1056-28|20151209,0xfffffffffffff89cb,60
4622,Methamidophos,2,1.4771212339401245,MW1056-29|20151209,0xfffffffffffff89cb,60
4623,Methamidophos,2,-1.0,MW1056-29|20151209,0xfffffffffffff89ff,63
4624,Methamidophos,2,-0.5228787660598755,MW1056-29|20151209,0xfffffffffffffcfff,66
4625,Methamidophos,2,0.0,MW1056-29|20151209,0xfffffffffffffcfff,66
4626,Methamidophos,2,0.4771212637424469,MW1056-29|20151209,0xfffffffffffff89cb,60
4627,Methamidophos,2,1.0,MW1056-29|20151209,0xfffffffffffff89cb,60
4628,Methamidophos,2,1.0,MW1056-36|20151209,0xfffffffffffffffff,68
4629,Methamidophos,2,1.4771212339401245,MW1056-36|20151209,0xfffffffffffffffff,68
4630,Methamidophos,2,2.0,MW1056-36|20151209,0xfffffffffffffffff,68
4631,Methamidophos,2,-1.0,MW1056-36|20151209,0xfffffffffffff89cb,60
4632,Methamidophos,2,-0.5228787660598755,MW1056-36|20151209,0xfffffffffffffffff,68
4633,Methamidophos,2,0.0,MW1056-36|20151209,0xfffffffffffffffff,68
4634,Methamidophos,2,0.4771212637424469,MW1056-36|20151209,0xfffffffffffff89cb,60
4635,Methamidophos,2,2.0,MW1117-22|20160330,0xfffffffffffffffff,68
4636,Methamidophos,2,-1.0,MW1117-22|20160330,0xfffffffffffffffff,68
4637,Methamidophos,2,-0.5228787660598755,MW1117-22|20160330,0xfffffffffffffffff,68
4638,Methamidophos,2,0.0,MW1117-22|20160330,0xfffffffffffffffff,68
4639,Methamidophos,2,0.4771212637424469,MW1117-22|20160330,0xfffffffffffffffff,68
4640,Methamidophos,2,1.0,MW1117-22|20160330,0xfffffffffffffffff,68
4641,Methamidophos,2,1.4771212339401245,MW1117-22|20160330,0xfffffffffffffffff,68
4642,Methamidophos,2,1.4771212339401245,MW1117-23|20160330,0xfffffffffffffffff,68
4643,Methamidophos,2,2.0,MW1117-23|20160330,0xfffffffffffffffff,68
4644,Methamidophos,2,-1.0,MW1117-23|20160330,0xfffffffffffffffff,68
4645,Methamidophos,2,-0.5228787660598755,MW1117-23|20160330,0xfffffffffffffffff,68
4646,Methamidophos,2,0.0,MW1117-23|20160330,0xfffffffffffffffff,68
4647,Methamidophos,2,0.4771212637424469,MW1117-23|20160330,0xfffffffffffffcfff,66
4648,Methamidophos,2,1.0,MW1117-23|20160330,0xfffffffffffffffcb,65
4649,Methamidophos,2,1.0,MW1117-24|20160330,0xfffffffffffffffff,68
4650,Methamidophos,2,1.4771212339401245,MW1117-24|20160330,0xfffffffffffffffff,68
4651,Methamidophos,2,2.0,MW1117-24|20160330,0xfffffffffffffffff,68
4652,Methamidophos,2,-1.0,MW1117-24|20160330,0xfffffffffffffffff,68
4653,Methamidophos,2,-0.5228787660598755,MW1117-24|20160330,0xfffffffffffffffff,68
4654,Methamidophos,2,0.0,MW1117-24|20160330,0xfffffffffffffffff,68
4655,Methamidophos,2,0.4771212637424469,MW1117-24|20160330,0xfffffffffffffffff,68
4656,Methimazole,4,-1.5228787660598755,MW1146-32|20170809,0xfffffffff13ff89cb,55
4657,Methimazole,4,-1.0,MW1146-32|20170809,0xfffffffff13ff89cb,55
4658,Methimazole,4,-0.5228787660598755,MW1146-32|20170809,0xfffffffff139789cb,52
4659,Methimazole,4,0.0,MW1146-32|20170809,0xfffffffffffff89cb,60
4660,Methimazole,4,0.4771212637424469,MW1146-32|20170809,0xffffe272f139789cb,44
4661,Methimazole,4,1.0,MW1146-32|20170809,0xfffffffff139789cb,52
4662,Methimazole,4,1.3010300397872925,MW1146-32|20170809,0xfffffffff13ff89cb,55
4663,Methimazole,4,-1.5228787660598755,MW1146-33|20170809,0xfffffffffffff89cb,60
4664,Methimazole,4,-1.0,MW1146-33|20170809,0xfffffffff13ff89cb,55
4665,Methimazole,4,-0.5228787660598755,MW1146-33|20170809,0xfffffffffffff89cb,60
4666,Methimazole,4,0.0,MW1146-33|20170809,0xfffffffff13ff89cb,55
4667,Methimazole,4,0.4771212637424469,MW1146-33|20170809,0xfffffffff13ff89cb,55
4668,Methimazole,4,1.0,MW1146-33|20170809,0xfffffffff139789cb,52
4669,Methimazole,4,1.3010300397872925,MW1146-33|20170809,0xfffffffff139789cb,52
4670,Methimazole,4,-1.5228787660598755,MW1146-34|20170809,0xfffffffff13ff89cb,55
4671,Methimazole,4,-1.0,MW1146-34|20170809,0xfffffffff13ff89cb,55
4672,Methimazole,4,-0.5228787660598755,MW1146-34|20170809,0xfffff3fff139789cb,50
4673,Methimazole,4,0.0,MW1146-34|20170809,0xfffffffff13ff89cb,55
4674,Methimazole,4,0.4771212637424469,MW1146-34|20170809,0xfffffffff13ff89cb,55
4675,Methimazole,4,1.0,MW1146-34|20170809,0xfffffffff13ff89cb,55
4676,Methimazole,4,1.3010300397872925,MW1146-34|20170809,0xc4ffe272f139789cb,39
4691,Methoxychlor,1,1.3010300397872925,MW1144-19|20161109,0xc4e5e272f139789cb,36
4692,Methoxychlor,1,-1.5228787660598755,MW1144-19|20161109,0xfffffffff9fff89cb,58
4693,Methoxychlor,1,-1.0,MW1144-19|20161109,0xfffffffff139789cb,52
4694,Methoxychlor,1,-0.5228787660598755,MW1144-19|20161109,0xfffffffffffff89cb,60
4695,Methoxychlor,1,0.0,MW1144-19|20161109,0xfffffffffffff89ff,63
4696,Methoxychlor,1,0.4771212637424469,MW1144-19|20161109,0xfffffffff139789cb,52
4697,Methoxychlor,1,1.0,MW1144-19|20161109,0xe7ffe27ff139789cb,45
4698,Methoxychlor,1,1.0,MW1144-20|20161109,0xfffffffff13ff89cb,55
4699,Methoxychlor,1,1.3010300397872925,MW1144-20|20161109,0xc4e5e272f139789cb,36
4700,Methoxychlor,1,-1.5228787660598755,MW1144-20|20161109,0xfffffffffffff89cb,60
4701,Methoxychlor,1,-1.0,MW1144-20|20161109,0xfffffffffffff89cb,60
4702,Methoxychlor,1,-0.5228787660598755,MW1144-20|20161109,0xfffffffff13ff89cb,55
4703,Methoxychlor,1,0.0,MW1144-20|20161109,0xfffffffff13ff89cb,55
4704,Methoxychlor,1,0.4771212637424469,MW1144-20|20161109,0xfffffffff139789cb,52
4705,Methoxychlor,1,0.4771212637424469,MW1144-21|20161109,0xfffffffff9fff89cb,58
4706,Methoxychlor,1,1.0,MW1144-21|20161109,0xfffffffff13ff89cb,55
4707,Methoxychlor,1,1.3010300397872925,MW1144-21|20161109,0xc4e5e272f139789cb,36
4708,Methoxychlor,1,-1.5228787660598755,MW1144-21|20161109,0xfffffffffffff89cb,60
4709,Methoxychlor,1,-1.0,MW1144-21|20161109,0xfffffffffffff89cb,60
4710,Methoxychlor,1,-0.5228787660598755,MW1144-21|20161109,0xfffffffff139789cb,52
4711,Methoxychlor,1,0.0,MW1144-21|20161109,0xfffffffff9f9789cb,55
4712,Methylmercuric(II) chloride,2,-2.0,MW1036-8|20141029,0xfffffffffffffffff,68
4713,Methylmercuric(II) chloride,2,-1.5228787660598755,MW1036-8|20141029,0xfffffffffffff89ff,63
4714,Methylmercuric(II) chloride,2,-1.0,MW1036-8|20141029,0xfffffffffffff89ff,63
4715,Methylmercuric(II) chloride,2,-0.5228787660598755,MW1036-8|20141029,0xfffffffff13ff89cb,55
4716,Methylmercuric(II) chloride,2,0.0,MW1036-8|20141029,0xc4e5e272f139789cb,36
4717,Methylmercuric(II) chloride,2,0.4771212637424469,MW1036-8|20141029,0xc4e5e272f139789cb,36
4718,Methylmercuric(II) chloride,2,1.0,MW1036-8|20141029,0xc4e5e272f139789cb,36
4719,Methylmercuric(II) chloride,2,-2.0,MW1036-8|20141029,0xfffffffffffffffff,68
4720,Methylmercuric(II) chloride,2,-1.5228787660598755,MW1036-8|20141029,0xfffffffffffffcfff,66
4721,Methylmercuric(II) chloride,2,-1.0,MW1036-8|20141029,0xfffffffffffff89ff,63
4722,Methylmercuric(II) chloride,2,-0.5228787660598755,MW1036-8|20141029,0xfffffffff9fff89cb,58
4723,Methylmercuric(II) chloride,2,0.0,MW1036-8|20141029,0xc4e5e272f139789cb,36
4724,Methylmercuric(II) chloride,2,0.4771212637424469,MW1036-8|20141029,0xc4e5e272f139789cb,36
4725,Methylmercuric(II) chloride,2,1.0,MW1036-8|20141029,0xc4e5e272f139789cb,36
4726,Methylmercuric(II) chloride,2,-2.0,MW1036-8|20141029,0xfffffffffffff89ff,63
4727,Methylmercuric(II) chloride,2,-1.5228787660598755,MW1036-8|20141029,0xfffffffffffff89ff,63
4728,Methylmercuric(II) chloride,2,-1.0,MW1036-8|20141029,0xfffffffffffff89ff,63
4729,Methylmercuric(II) chloride,2,-0.5228787660598755,MW1036-8|20141029,0xfffffffff139789cb,52
4730,Methylmercuric(II) chloride,2,0.0,MW1036-8|20141029,0xc4e5e272f139789cb,36
4731,Methylmercuric(II) chloride,2,0.4771212637424469,MW1036-8|20141029,0xc4e5e272f139789cb,36
4732,Methylmercuric(II) chloride,2,1.0,MW1036-8|20141029,0xc4e5e272f139789cb,36
4733,Mevastatin,2,-1.0,MW1007-26|20140205,0xfffffffffffff89ff,63
4734,Mevastatin,2,-0.5228787660598755,MW1007-26|20140205,0xfffffffffffff89ff,63
4735,Mevastatin,2,0.0,MW1007-26|20140205,0xffffe27ff139789cb,47
4736,Mevastatin,2,0.4771212637424469,MW1007-26|20140205,0xc4ffe27ff13ff89cb,45
4737,Mevastatin,2,1.0,MW1007-26|20140205,0xc4e5e272f139789cb,36
4738,Mevastatin,2,1.4771212339401245,MW1007-26|20140205,0xc4e5e272f139789cb,36
4739,Mevastatin,2,-1.0,MW1007-27|20140212,0xfffffffffffff89cb,60
4740,Mevastatin,2,-0.5228787660598755,MW1007-27|20140212,0xfffffffffffff89cb,60
4741,Mevastatin,2,0.0,MW1007-27|20140212,0xc4ffe27ff139789cb,42
4742,Mevastatin,2,0.4771212637424469,MW1007-27|20140212,0xc4ffe27ff139789cb,42
4743,Mevastatin,2,1.0,MW1007-27|20140212,0xc4e5e272f139789cb,36
4744,Mevastatin,2,1.4771212339401245,MW1007-27|20140212,0xc4e5e272f139789cb,36
4745,Mevastatin,2,-1.0,MW1007-27|20140402,0xfffffffffffff89cb,60
4746,Mevastatin,2,-0.5228787660598755,MW1007-27|20140402,0xfffffffffffff89ff,63
4747,Mevastatin,2,0.0,MW1007-27|20140402,0xfffffffff13ff89ff,58
4748,Mevastatin,2,0.4771212637424469,MW1007-27|20140402,0xffffe27ff13ff89cb,50
4749,Mevastatin,2,1.0,MW1007-27|20140402,0xc4ffe272f139789cb,39
4750,Mevastatin,2,1.4771212339401245,MW1007-27|20140402,0xc4e5e272f139789cb,36
4751,Mevastatin,2,-1.0,MW1007-38|20140423,0xfffffffffffff89cb,60
4752,Mevastatin,2,-0.5228787660598755,MW1007-38|20140423,0xfffffffffffff89cb,60
4753,Mevastatin,2,0.0,MW1007-38|20140423,0xffffe272f139789cb,44
4754,Mevastatin,2,0.4771212637424469,MW1007-38|20140423,0xc4e5e272f139789cb,36
4755,Mevastatin,2,1.0,MW1007-38|20140423,0xc4e5e272f139789cb,36
4756,Mevastatin,2,1.4771212339401245,MW1007-38|20140423,0xc4e5e272f139789cb,36
4757,Mevastatin,2,-1.5228787660598755,MW1008-37|20150128,0xfffffffffffffffff,68
4758,Mevastatin,2,-1.0,MW1008-37|20150128,0xffe5fffffffff89cb,57
4759,Mevastatin,2,-0.5228787660598755,MW1008-37|20150128,0xfffffffffffffffff,68
4760,Mevastatin,2,0.0,MW1008-37|20150128,0xfffffffff13ff89ff,58
4761,Mevastatin,2,0.4771212637424469,MW1008-37|20150128,0xc4e5e272f139789cb,36
4762,Mevastatin,2,1.0,MW1008-37|20150128,0xc4e5e272f139789cb,36
4763,Mevastatin,2,1.4771212339401245,MW1008-37|20150128,0xc4e5e272f139789cb,36
4764,Mevastatin,2,-1.5228787660598755,MW1008-41|20150128,0xfffffffffffff89cb,60
4765,Mevastatin,2,-1.0,MW1008-41|20150128,0xfffffffffffff89cb,60
4766,Mevastatin,2,-0.5228787660598755,MW1008-41|20150128,0xfffffffffffff89cb,60
4767,Mevastatin,2,0.0,MW1008-41|20150128,0xc4ffe27ff139789cb,42
4768,Mevastatin,2,0.4771212637424469,MW1008-41|20150128,0xc4ffe27ff139789cb,42
4769,Mevastatin,2,1.0,MW1008-41|20150128,0xc4e5e272f139789cb,36
4770,Mevastatin,2,1.4771212339401245,MW1008-41|20150128,0xc4e5e272f139789cb,36
4771,Mevastatin,2,-1.5228787660598755,MW1008-42|20150128,0xfffffffff9fff89ff,61
4772,Mevastatin,2,-1.0,MW1008-42|20150128,0xfffffffffffffffff,68
4773,Mevastatin,2,-0.5228787660598755,MW1008-42|20150128,0xfffffffffffff89ff,63
4774,Mevastatin,2,0.0,MW1008-42|20150128,0xfffffffff13ff89cb,55
4775,Mevastatin,2,0.4771212637424469,MW1008-42|20150128,0xc4ffe272f13ff89cb,42
4776,Mevastatin,2,1.0,MW1008-42|20150128,0xc4e5e272f139789cb,36
4777,Mevastatin,2,1.4771212339401245,MW1008-42|20150128,0xc4e5e272f139789cb,36
4778,Mirex,2,1.3010300397872925,MW1144-19|20161109,0xc4e5e272f139789cb,36
4779,Mirex,2,-1.5228787660598755,MW1144-19|20161109,0xfffffffffffff89cb,60
4780,Mirex,2,-1.0,MW1144-19|20161109,0xfffffffff13ff89cb,55
4781,Mirex,2,-0.5228787660598755,MW1144-19|20161109,0xfffffffffffff89ff,63
4782,Mirex,2,0.0,MW1144-19|20161109,0xfffffffffffff89cb,60
4783,Mirex,2,0.4771212637424469,MW1144-19|20161109,0xc4e5e27ff13ff89ff,45
4784,Mirex,2,1.0,MW1144-19|20161109,0xc4e5e272f139789cb,36
4785,Mirex,2,1.0,MW1144-20|20161109,0xc4e5e272f139789cb,36
4786,Mirex,2,1.3010300397872925,MW1144-20|20161109,0xc4e5e272f139789cb,36
4787,Mirex,2,-1.5228787660598755,MW1144-20|20161109,0xfffffffff13ff89cb,55
4788,Mirex,2,-1.0,MW1144-20|20161109,0xfffffffffffff89cb,60
4789,Mirex,2,-0.5228787660598755,MW1144-20|20161109,0xfffffffffffff89cb,60
4790,Mirex,2,0.0,MW1144-20|20161109,0xfffffffffffff89cb,60
4791,Mirex,2,0.4771212637424469,MW1144-20|20161109,0xc4e5e27ff139789cb,39
4792,Mirex,2,0.4771212637424469,MW1144-21|20161109,0xc4ffe27ff13ff89cb,45
4793,Mirex,2,1.0,MW1144-21|20161109,0xc4e5e272f139789cb,36
4794,Mirex,2,1.3010300397872925,MW1144-21|20161109,0xc4e5e272f139789cb,36
4795,Mirex,2,-1.5228787660598755,MW1144-21|20161109,0xfffffffffffff89cb,60
4796,Mirex,2,-1.0,MW1144-21|20161109,0xfffffffffffff89cb,60
4797,Mirex,2,-0.5228787660598755,MW1144-21|20161109,0xfffffffffffff89cb,60
4798,Mirex,2,0.0,MW1144-21|20161109,0xfffffffffffff89cb,60
4799,Molinate,4,-1.5228787660598755,MW1146-29|20170809,0xfffffffff139789cb,52
4800,Molinate,4,-1.0,MW1146-29|20170809,0xfffffffffffff89cb,60
4801,Molinate,4,-0.5228787660598755,MW1146-29|20170809,0xfffffffff13ff89cb,55
4802,Molinate,4,0.0,MW1146-29|20170809,0xfffffffff9fff89cb,58
4803,Molinate,4,0.4771212637424469,MW1146-29|20170809,0xfffffffff9fff89cb,58
4804,Molinate,4,1.0,MW1146-29|20170809,0xfffffffffffff89cb,60
4805,Molinate,4,1.3010300397872925,MW1146-29|20170809,0xfffffffff13ff89cb,55
4806,Molinate,4,-1.5228787660598755,MW1146-30|20170809,0xfffffffff139789cb,52
4807,Molinate,4,-1.0,MW1146-30|20170809,0xfffffffffffff89cb,60
4808,Molinate,4,-0.5228787660598755,MW1146-30|20170809,0xfffffffffffff89cb,60
4809,Molinate,4,0.0,MW1146-30|20170809,0xfffffffff139789cb,52
4810,Molinate,4,0.4771212637424469,MW1146-30|20170809,0xfffffffff139789cb,52
4811,Molinate,4,1.0,MW1146-30|20170809,0xfffffffff139789cb,52
4812,Molinate,4,1.3010300397872925,MW1146-30|20170809,0xfffffffff13ff89cb,55
4813,Molinate,4,-1.5228787660598755,MW1146-31|20170809,0xfffffffffffff89cb,60
4814,Molinate,4,-1.0,MW1146-31|20170809,0xfffffffffffff89cb,60
4815,Molinate,4,-0.5228787660598755,MW1146-31|20170809,0xfffffffffffff89cb,60
4816,Molinate,4,0.0,MW1146-31|20170809,0xfffffffffffff89cb,60
4817,Molinate,4,0.4771212637424469,MW1146-31|20170809,0xfffffffff13ff89cb,55
4818,Molinate,4,1.0,MW1146-31|20170809,0xfffffff2f139789cb,49
4819,Molinate,4,1.3010300397872925,MW1146-31|20170809,0xfffffffff139789cb,52
4820,Naled,1,2.0,MW1105-20|20160217,0xc4e5e272f139789cb,36
4821,Naled,1,-1.0,MW1105-20|20160217,0xfffffffffffff89cb,60
4822,Naled,1,-0.5228787660598755,MW1105-20|20160217,0xfffffffffffff89cb,60
4823,Naled,1,0.0,MW1105-20|20160217,0xfffffffffffff89cb,60
4824,Naled,1,0.4771212637424469,MW1105-20|20160217,0xfffffffffffff89cb,60
4825,Naled,1,1.0,MW1105-20|20160217,0xffffe272f139789cb,44
4826,Naled,1,1.4771212339401245,MW1105-20|20160217,0xc4e5e272f139789cb,36
4827,Naled,1,1.4771212339401245,MW1105-23|20160217,0xc4e5e272f139789cb,36
4828,Naled,1,2.0,MW1105-23|20160217,0xc4e5e272f139789cb,36
4829,Naled,1,-1.0,MW1105-23|20160217,0xfffffffffffff89cb,60
4830,Naled,1,-0.5228787660598755,MW1105-23|20160217,0xfffffffffffff89cb,60
4831,Naled,1,0.0,MW1105-23|20160217,0xfffffffffffff89cb,60
4832,Naled,1,0.4771212637424469,MW1105-23|20160217,0xfffffffffffff89cb,60
4833,Naled,1,1.0,MW1105-23|20160217,0xffffe272f139789cb,44
4834,Naled,1,1.0,MW1105-26|20160217,0xffffe27ff13ff89cb,50
4835,Naled,1,1.4771212339401245,MW1105-26|20160217,0xc4e5e272f139789cb,36
4836,Naled,1,2.0,MW1105-26|20160217,0xc4e5e272f139789cb,36
4837,Naled,1,-1.0,MW1105-26|20160217,0xfffffffffffff89cb,60
4838,Naled,1,-0.5228787660598755,MW1105-26|20160217,0xfffffffffffff89cb,60
4839,Naled,1,0.0,MW1105-26|20160217,0xfffffffffffff89cb,60
4840,Naled,1,0.4771212637424469,MW1105-26|20160217,0xfffffffff9fff89cb,58
4841,Naloxone hydrochloride dihydrate,3,1.4771212339401245,MW1062-29|20160601,0xfffffffffffff89cb,60
4842,Naloxone hydrochloride dihydrate,3,-1.5228787660598755,MW1062-29|20160601,0xfffffffffffff89cb,60
4843,Naloxone hydrochloride dihydrate,3,-1.0,MW1062-29|20160601,0xfffffffffffff89cb,60
4844,Naloxone hydrochloride dihydrate,3,-0.5228787660598755,MW1062-29|20160601,0xfffffffffffff89cb,60
4845,Naloxone hydrochloride dihydrate,3,0.0,MW1062-29|20160601,0xfffffffffffff89cb,60
4846,Naloxone hydrochloride dihydrate,3,0.4771212637424469,MW1062-29|20160601,0xfffffffffffff89cb,60
4847,Naloxone hydrochloride dihydrate,3,1.0,MW1062-29|20160601,0xfffffffffffff89cb,60
4848,Naloxone hydrochloride dihydrate,3,1.0,MW1062-43|20160601,0xfffffffffffff89cb,60
4849,Naloxone hydrochloride dihydrate,3,1.4771212339401245,MW1062-43|20160601,0xfffffffffffff89cb,60
4850,Naloxone hydrochloride dihydrate,3,-1.5228787660598755,MW1062-43|20160601,0xfffffffffffff89cb,60
4851,Naloxone hydrochloride dihydrate,3,-1.0,MW1062-43|20160601,0xfffffffffffff89cb,60
4852,Naloxone hydrochloride dihydrate,3,-0.5228787660598755,MW1062-43|20160601,0xfffffffffffff89cb,60
4853,Naloxone hydrochloride dihydrate,3,0.0,MW1062-43|20160601,0xfffffffffffff89cb,60
4854,Naloxone hydrochloride dihydrate,3,0.4771212637424469,MW1062-43|20160601,0xfffffffffffff89ff,63
4855,Naloxone hydrochloride dihydrate,3,0.4771212637424469,MW1062-44|20160601,0xfffffffffffff89cb,60
4856,Naloxone hydrochloride dihydrate,3,1.0,MW1062-44|20160601,0xfffffffffffff89ff,63
4857,Naloxone hydrochloride dihydrate,3,1.4771212339401245,MW1062-44|20160601,0xfffffffffffff89ff,63
4858,Naloxone hydrochloride dihydrate,3,-1.5228787660598755,MW1062-44|20160601,0xfffffffffffff89ff,63
4859,Naloxone hydrochloride dihydrate,3,-1.0,MW1062-44|20160601,0xfffffffffffff89cb,60
4860,Naloxone hydrochloride dihydrate,3,-0.5228787660598755,MW1062-44|20160601,0xfffffffffffff89ff,63
4861,Naloxone hydrochloride dihydrate,3,0.0,MW1062-44|20160601,0xfffffffffffff89cb,60
4883,"Octachloro-4,7-methanotetrahydroindane",2,1.3010300397872925,MW1144-19|20161109,0xc4e5e272f139789cb,36
4884,"Octachloro-4,7-methanotetrahydroindane",2,-1.5228787660598755,MW1144-19|20161109,0xfffffffffffff89cb,60
4885,"Octachloro-4,7-methanotetrahydroindane",2,-1.0,MW1144-19|20161109,0xfffffffff9fff89cb,58
4886,"Octachloro-4,7-methanotetrahydroindane",2,-0.5228787660598755,MW1144-19|20161109,0xfffffffffffff89cb,60
4887,"Octachloro-4,7-methanotetrahydroindane",2,0.0,MW1144-19|20161109,0xfffffffff13ff89cb,55
4888,"Octachloro-4,7-methanotetrahydroindane",2,0.4771212637424469,MW1144-19|20161109,0xfffffffffffff89cb,60
4889,"Octachloro-4,7-methanotetrahydroindane",2,1.0,MW1144-19|20161109,0xc4e5e272f139789cb,36
4890,"Octachloro-4,7-methanotetrahydroindane",2,1.0,MW1144-20|20161109,0xc4e5e272f139789cb,36
4891,"Octachloro-4,7-methanotetrahydroindane",2,1.3010300397872925,MW1144-20|20161109,0xc4e5e272f139789cb,36
4892,"Octachloro-4,7-methanotetrahydroindane",2,-1.5228787660598755,MW1144-20|20161109,0xfffffffffffff89cb,60
4893,"Octachloro-4,7-methanotetrahydroindane",2,-1.0,MW1144-20|20161109,0xfffffffffffff89cb,60
4894,"Octachloro-4,7-methanotetrahydroindane",2,-0.5228787660598755,MW1144-20|20161109,0xfffffffffffff89cb,60
4895,"Octachloro-4,7-methanotetrahydroindane",2,0.0,MW1144-20|20161109,0xfffffffffffff89cb,60
4896,"Octachloro-4,7-methanotetrahydroindane",2,0.4771212637424469,MW1144-20|20161109,0xfffffffffffff89cb,60
4897,"Octachloro-4,7-methanotetrahydroindane",2,0.4771212637424469,MW1144-21|20161109,0xfffffffffffff89cb,60
4898,"Octachloro-4,7-methanotetrahydroindane",2,1.0,MW1144-21|20161109,0xc4e5e272f139789cb,36
4899,"Octachloro-4,7-methanotetrahydroindane",2,1.3010300397872925,MW1144-21|20161109,0xc4e5e272f139789cb,36
4900,"Octachloro-4,7-methanotetrahydroindane",2,-1.5228787660598755,MW1144-21|20161109,0xfffffffffffff89cb,60
4901,"Octachloro-4,7-methanotetrahydroindane",2,-1.0,MW1144-21|20161109,0xfffffffffffff89cb,60
4902,"Octachloro-4,7-methanotetrahydroindane",2,-0.5228787660598755,MW1144-21|20161109,0xfffffffffffff89cb,60
4903,"Octachloro-4,7-methanotetrahydroindane",2,0.0,MW1144-21|20161109,0xfffffffffffff89cb,60
4904,Octylbicycloheptenedicarboximide,4,-1.5228787660598755,MW1147-23|20171004,0xfffffffff139789cb,52
4905,Octylbicycloheptenedicarboximide,4,-1.0,MW1147-23|20171004,0xffffe27ff13ff89cb,50
4906,Octylbicycloheptenedicarboximide,4,-0.5228787660598755,MW1147-23|20171004,0xfffffffff13ff89cb,55
4907,Octylbicycloheptenedicarboximide,4,0.0,MW1147-23|20171004,0xfffffffff139789cb,52
4908,Octylbicycloheptenedicarboximide,4,0.4771212637424469,MW1147-23|20171004,0xfffff3fff139789cb,50
4909,Octylbicycloheptenedicarboximide,4,1.0,MW1147-23|20171004,0xffffe27ff139789cb,47
4910,Octylbicycloheptenedicarboximide,4,1.3010300397872925,MW1147-23|20171004,0xffffe272f139789cb,44
4911,Octylbicycloheptenedicarboximide,4,-1.5228787660598755,MW1147-24|20171004,0xfffffffff13ff89cb,55
4912,Octylbicycloheptenedicarboximide,4,-1.0,MW1147-24|20171004,0xfffffffff13ff89cb,55
4913,Octylbicycloheptenedicarboximide,4,-0.5228787660598755,MW1147-24|20171004,0xfffffffff13ff89cb,55
4914,Octylbicycloheptenedicarboximide,4,0.0,MW1147-24|20171004,0xfffffffff139789cb,52
4915,Octylbicycloheptenedicarboximide,4,0.4771212637424469,MW1147-24|20171004,0xfffffffff13ff89cb,55
4916,Octylbicycloheptenedicarboximide,4,1.0,MW1147-24|20171004,0xfffffffff139789cb,52
4917,Octylbicycloheptenedicarboximide,4,1.3010300397872925,MW1147-24|20171004,0xfffffffff139789cb,52
4918,Octylbicycloheptenedicarboximide,4,-1.5228787660598755,MW1147-25|20171004,0xfffffffff13ff89cb,55
4919,Octylbicycloheptenedicarboximide,4,-1.0,MW1147-25|20171004,0xfffffffff139789cb,52
4920,Octylbicycloheptenedicarboximide,4,-0.5228787660598755,MW1147-25|20171004,0xfffffffff13ff89cb,55
4921,Octylbicycloheptenedicarboximide,4,0.0,MW1147-25|20171004,0xfffffffff13ff89cb,55
4922,Octylbicycloheptenedicarboximide,4,0.4771212637424469,MW1147-25|20171004,0xfffffffff13ff89cb,55
4923,Octylbicycloheptenedicarboximide,4,1.0,MW1147-25|20171004,0xfffffffff139789cb,52
4924,Octylbicycloheptenedicarboximide,4,1.3010300397872925,MW1147-25|20171004,0xfffff3fff139789cb,50
4946,Oxidopamine hydrochloride,1,1.3010300397872925,MW1140-26|20161013,0xc4ffe27ff139789cb,42
4947,Oxidopamine hydrochloride,1,-1.5228787660598755,MW1140-26|20161013,0xfffffffffffff89cb,60
4948,Oxidopamine hydrochloride,1,-1.0,MW1140-26|20161013,0xfffffffffffff89cb,60
4949,Oxidopamine hydrochloride,1,-0.5228787660598755,MW1140-26|20161013,0xfffffffffffff89cb,60
4950,Oxidopamine hydrochloride,1,0.0,MW1140-26|20161013,0xfffffffffffff89cb,60
4951,Oxidopamine hydrochloride,1,0.4771212637424469,MW1140-26|20161013,0xfffffffffffff89cb,60
4952,Oxidopamine hydrochloride,1,1.0,MW1140-26|20161013,0xffffe27ff139789cb,47
4953,Oxidopamine hydrochloride,1,1.0,MW1140-27|20161013,0xffffe27ff139789cb,47
4954,Oxidopamine hydrochloride,1,1.3010300397872925,MW1140-27|20161013,0xfffffffff139789cb,52
4955,Oxidopamine hydrochloride,1,-1.5228787660598755,MW1140-27|20161013,0xfffffffffffff89cb,60
4956,Oxidopamine hydrochloride,1,-1.0,MW1140-27|20161013,0xfffffffffffff89ff,63
4957,Oxidopamine hydrochloride,1,-0.5228787660598755,MW1140-27|20161013,0xfffffffffffff89cb,60
4958,Oxidopamine hydrochloride,1,0.0,MW1140-27|20161013,0xfffffffffffff89ff,63
4959,Oxidopamine hydrochloride,1,0.4771212637424469,MW1140-27|20161013,0xfffffffff13ff89cb,55
4960,Oxidopamine hydrochloride,1,0.4771212637424469,MW1140-28|20161013,0xfffffffffffff89cb,60
4961,Oxidopamine hydrochloride,1,1.0,MW1140-28|20161013,0xffffe27ff13ff89cb,50
4962,Oxidopamine hydrochloride,1,1.3010300397872925,MW1140-28|20161013,0xc4ffe272f139789cb,39
4963,Oxidopamine hydrochloride,1,-1.5228787660598755,MW1140-28|20161013,0xfffffffffffff89cb,60
4964,Oxidopamine hydrochloride,1,-1.0,MW1140-28|20161013,0xfffffffffffff89ff,63
4965,Oxidopamine hydrochloride,1,0.0,MW1140-28|20161013,0xfffffffffffff89cb,60
4966,Oxidopamine hydrochloride,1,-2.0,MW1147-10|20170913,0xfffffffffffff89ff,63
4967,Oxidopamine hydrochloride,1,-1.5228787660598755,MW1147-10|20170913,0xfffffffffffff89ff,63
4968,Oxidopamine hydrochloride,1,-1.0,MW1147-10|20170913,0xfffffffffffff89ff,63
4969,Oxidopamine hydrochloride,1,-0.5228787660598755,MW1147-10|20170913,0xfffffffffffff89ff,63
4970,Oxidopamine hydrochloride,1,0.0,MW1147-10|20170913,0xfffffffffffff89ff,63
4971,Oxidopamine hydrochloride,1,0.4771212637424469,MW1147-10|20170913,0xfffffffffffff89cb,60
4972,Oxidopamine hydrochloride,1,1.0,MW1147-10|20170913,0xfffffffff139789cb,52
4973,Oxidopamine hydrochloride,1,-2.0,MW1147-11|20170913,0xfffffffffffff89ff,63
4974,Oxidopamine hydrochloride,1,-1.5228787660598755,MW1147-11|20170913,0xfffffffffffff89ff,63
4975,Oxidopamine hydrochloride,1,-1.0,MW1147-11|20170913,0xfffffffffffff89ff,63
4976,Oxidopamine hydrochloride,1,-0.5228787660598755,MW1147-11|20170913,0xfffffffffffff89ff,63
4977,Oxidopamine hydrochloride,1,0.0,MW1147-11|20170913,0xfffffffffffff89cb,60
4978,Oxidopamine hydrochloride,1,0.4771212637424469,MW1147-11|20170913,0xfffffffffffff89ff,63
4979,Oxidopamine hydrochloride,1,1.0,MW1147-11|20170913,0xfffffffff13ff89cb,55
4980,Oxidopamine hydrochloride,1,-2.0,MW1147-12|20170913,0xfffffffffffff89ff,63
4981,Oxidopamine hydrochloride,1,-1.5228787660598755,MW1147-12|20170913,0xfffffffffffff89ff,63
4982,Oxidopamine hydrochloride,1,-1.0,MW1147-12|20170913,0xfffffffffffff89ff,63
4983,Oxidopamine hydrochloride,1,-0.5228787660598755,MW1147-12|20170913,0xfffffffffffff89ff,63
4984,Oxidopamine hydrochloride,1,0.0,MW1147-12|20170913,0xfffffffffffff89ff,63
4985,Oxidopamine hydrochloride,1,0.4771212637424469,MW1147-12|20170913,0xfffffffffffff89cb,60
4986,Oxidopamine hydrochloride,1,1.0,MW1147-12|20170913,0xfffffffff13ff89cb,55
4987,Paraquat dichloride,4,1.4771212339401245,MW1112-16|20160511,0xc4e5e272f139789cb,36
4988,Paraquat dichloride,4,-1.5228787660598755,MW1112-16|20160511,0xfffffffffffffffff,68
4989,Paraquat dichloride,4,-1.0,MW1112-16|20160511,0xfffffffffffffffff,68
4990,Paraquat dichloride,4,-0.5228787660598755,MW1112-16|20160511,0xfffffffffffffffff,68
4991,Paraquat dichloride,4,0.0,MW1112-16|20160511,0xfffffffffffff89ff,63
4992,Paraquat dichloride,4,0.4771212637424469,MW1112-16|20160511,0xc4e5e272f139789cb,36
4993,Paraquat dichloride,4,1.0,MW1112-16|20160511,0xc4e5e272f139789cb,36
4994,Paraquat dichloride,4,1.0,MW1112-17|20160511,0xc4e5e272f139789cb,36
4995,Paraquat dichloride,4,1.4771212339401245,MW1112-17|20160511,0xc4e5e272f139789cb,36
4996,Paraquat dichloride,4,-1.5228787660598755,MW1112-17|20160511,0xfffffffffffffffff,68
4997,Paraquat dichloride,4,-1.0,MW1112-17|20160511,0xfffffffffffffffff,68
4998,Paraquat dichloride,4,-0.5228787660598755,MW1112-17|20160511,0xfffffffffffffffff,68
4999,Paraquat dichloride,4,0.0,MW1112-17|20160511,0xfffffffffffff89ff,63
5000,Paraquat dichloride,4,0.4771212637424469,MW1112-17|20160511,0xc4e5e272f139789cb,36
5001,Paraquat dichloride,4,0.4771212637424469,MW1112-18|20160511,0xc4e5e272f139789cb,36
5002,Paraquat dichloride,4,1.0,MW1112-18|20160511,0xc4e5e272f139789cb,36
5003,Paraquat dichloride,4,1.4771212339401245,MW1112-18|20160511,0xc4e5e272f139789cb,36
5004,Paraquat dichloride,4,-1.5228787660598755,MW1112-18|20160511,0xfffffffffffffffff,68
5005,Paraquat dichloride,4,-1.0,MW1112-18|20160511,0xfffffffffffffffff,68
5006,Paraquat dichloride,4,-0.5228787660598755,MW1112-18|20160511,0xfffffffffffffffff,68
5007,Paraquat dichloride,4,0.0,MW1112-18|20160511,0xfffffffffffff89ff,63
5008,Parathion,2,1.3010300397872925,MW1140-20|20160907,0xfffffffff13ff89cb,55
5009,Parathion,2,-1.5228787660598755,MW1140-20|20160907,0xfffffffff13ff89cb,55
5010,Parathion,2,-1.0,MW1140-20|20160907,0xfffffffff139789cb,52
5011,Parathion,2,-0.5228787660598755,MW1140-20|20160907,0xfffffffffffff89cb,60
5012,Parathion,2,0.0,MW1140-20|20160907,0xfffffffff139789cb,52
5013,Parathion,2,0.4771212637424469,MW1140-20|20160907,0xfffffffff139789cb,52
5014,Parathion,2,1.0,MW1140-20|20160907,0xfffffffff13ff89cb,55
5015,Parathion,2,1.0,MW1140-21|20160907,0xfffffffff9fff89cb,58
5016,Parathion,2,1.3010300397872925,MW1140-21|20160907,0xfffffffffffff89cb,60
5017,Parathion,2,-1.5228787660598755,MW1140-21|20160907,0xfffffffffffff89cb,60
5018,Parathion,2,-1.0,MW1140-21|20160907,0xfffffffff9f9789cb,55
5019,Parathion,2,-0.5228787660598755,MW1140-21|20160907,0xfffffffffffff89cb,60
5020,Parathion,2,0.0,MW1140-21|20160907,0xfffffffffffff89cb,60
5021,Parathion,2,0.4771212637424469,MW1140-21|20160907,0xfffffffff9f9789cb,55
5022,Parathion,2,0.4771212637424469,MW1140-22|20160907,0xfffffffff139789cb,52
5023,Parathion,2,1.0,MW1140-22|20160907,0xfffffffff139789cb,52
5024,Parathion,2,1.3010300397872925,MW1140-22|20160907,0xfffffffff139789cb,52
5025,Parathion,2,-1.5228787660598755,MW1140-22|20160907,0xfffffffff139789cb,52
5026,Parathion,2,-1.0,MW1140-22|20160907,0xfffffffff13ff89cb,55
5027,Parathion,2,-0.5228787660598755,MW1140-22|20160907,0xfffffffff139789cb,52
5028,Parathion,2,0.0,MW1140-22|20160907,0xfffffff2f139789cb,49
5029,Parathion,2,-1.5228787660598755,MW1146-35|20170816,0xfffffffffffffffff,68
5030,Parathion,2,-1.0,MW1146-35|20170816,0xfffffffff13ffffff,63
5031,Parathion,2,-0.5228787660598755,MW1146-35|20170816,0xfffffffff13ff89cb,55
5032,Parathion,2,0.0,MW1146-35|20170816,0xfffffffffffffffff,68
5033,Parathion,2,0.4771212637424469,MW1146-35|20170816,0xfffffffffffff89ff,63
5034,Parathion,2,1.0,MW1146-35|20170816,0xfffffffffffff89ff,63
5035,Parathion,2,1.3010300397872925,MW1146-35|20170816,0xfffffffffffff89cb,60
5036,Parathion,2,-1.5228787660598755,MW1147-1|20170816,0xfffffffffffffffff,68
5037,Parathion,2,-1.0,MW1147-1|20170816,0xfffffffffffffffff,68
5038,Parathion,2,-0.5228787660598755,MW1147-1|20170816,0xfffffffffffff89ff,63
5039,Parathion,2,0.0,MW1147-1|20170816,0xfffffffffffffffff,68
5040,Parathion,2,0.4771212637424469,MW1147-1|20170816,0xfffffffffffffcfff,66
5041,Parathion,2,1.0,MW1147-1|20170816,0xfffffffffffffcfff,66
5042,Parathion,2,1.3010300397872925,MW1147-1|20170816,0xfffffffffffff89ff,63
5043,Parathion,2,-1.5228787660598755,MW1147-2|20170816,0xfffffffffffffffff,68
5044,Parathion,2,-1.0,MW1147-2|20170816,0xfffffffffffffffff,68
5045,Parathion,2,-0.5228787660598755,MW1147-2|20170816,0xfffffffffffffffff,68
5046,Parathion,2,0.0,MW1147-2|20170816,0xfffffffffffff89ff,63
5047,Parathion,2,0.4771212637424469,MW1147-2|20170816,0xfffffffffffffffff,68
5048,Parathion,2,1.0,MW1147-2|20170816,0xfffffffffffff89ff,63
5049,Parathion,2,1.3010300397872925,MW1147-2|20170816,0xfffffffffffffcfff,66
5050,Perfluoroundecanoic acid,4,-1.5228787660598755,MW1147-28|20171011,0xfffffffffffff89ff,63
5051,Perfluoroundecanoic acid,4,-1.0,MW1147-28|20171011,0xfffffffffffffcfff,66
5052,Perfluoroundecanoic acid,4,-0.5228787660598755,MW1147-28|20171011,0xfffffffffffffffff,68
5053,Perfluoroundecanoic acid,4,0.0,MW1147-28|20171011,0xfffffffffffff89ff,63
5054,Perfluoroundecanoic acid,4,0.4771212637424469,MW1147-28|20171011,0xfffffffffffff89ff,63
5055,Perfluoroundecanoic acid,4,1.0,MW1147-28|20171011,0xfffffffffffff89ff,63
5056,Perfluoroundecanoic acid,4,1.3010300397872925,MW1147-28|20171011,0xfffffffffffff89ff,63
5057,Perfluoroundecanoic acid,4,-1.5228787660598755,MW1147-29|20171011,0xfffffffffffffcfff,66
5058,Perfluoroundecanoic acid,4,-1.0,MW1147-29|20171011,0xfffffffffffff89ff,63
5059,Perfluoroundecanoic acid,4,-0.5228787660598755,MW1147-29|20171011,0xfffffffffffff89ff,63
5060,Perfluoroundecanoic acid,4,0.0,MW1147-29|20171011,0xfffffffffffff89ff,63
5061,Perfluoroundecanoic acid,4,0.4771212637424469,MW1147-29|20171011,0xfffffffffffff89ff,63
5062,Perfluoroundecanoic acid,4,1.0,MW1147-29|20171011,0xfffffffffffff89ff,63
5063,Perfluoroundecanoic acid,4,1.3010300397872925,MW1147-29|20171011,0xfffffffffffff89ff,63
5064,Perfluoroundecanoic acid,4,-1.5228787660598755,MW1147-30|20171011,0xfffffffffffff89ff,63
5065,Perfluoroundecanoic acid,4,-1.0,MW1147-30|20171011,0xfffffffffffff89ff,63
5066,Perfluoroundecanoic acid,4,-0.5228787660598755,MW1147-30|20171011,0xfffffffffffff89ff,63
5067,Perfluoroundecanoic acid,4,0.0,MW1147-30|20171011,0xfffffffffffff89ff,63
5068,Perfluoroundecanoic acid,4,0.4771212637424469,MW1147-30|20171011,0xfffffffffffff89ff,63
5069,Perfluoroundecanoic acid,4,1.0,MW1147-30|20171011,0xfffffffffffff89cb,60
5070,Perfluoroundecanoic acid,4,1.3010300397872925,MW1147-30|20171011,0xfffffffffffff89ff,63
5071,Permethrin,1,1.3010300397872925,MW1140-20|20160907,0xc4e5e272f139789cb,36
5072,Permethrin,1,-1.5228787660598755,MW1140-20|20160907,0xfffffffff139789cb,52
5073,Permethrin,1,-1.0,MW1140-20|20160907,0xfffffffff139789cb,52
5074,Permethrin,1,-0.5228787660598755,MW1140-20|20160907,0xfffffffff139789cb,52
5075,Permethrin,1,0.0,MW1140-20|20160907,0xfffffffff13ff89cb,55
5076,Permethrin,1,0.4771212637424469,MW1140-20|20160907,0xfffffffff139789cb,52
5077,Permethrin,1,1.0,MW1140-20|20160907,0xfffff3fff139789cb,50
5078,Permethrin,1,1.0,MW1140-21|20160907,0xffffe27ff139789cb,47
5079,Permethrin,1,1.3010300397872925,MW1140-21|20160907,0xc4e5e272f139789cb,36
5080,Permethrin,1,-1.5228787660598755,MW1140-21|20160907,0xfffffffffffff89cb,60
5081,Permethrin,1,-1.0,MW1140-21|20160907,0xfffffffffff9789cb,57
5082,Permethrin,1,-0.5228787660598755,MW1140-21|20160907,0xfffffffffffff89cb,60
5083,Permethrin,1,0.0,MW1140-21|20160907,0xfffffffffffff89cb,60
5084,Permethrin,1,0.4771212637424469,MW1140-21|20160907,0xfffffffffff9789cb,57
5085,Permethrin,1,0.4771212637424469,MW1140-22|20160907,0xfffffffff139789cb,52
5086,Permethrin,1,1.0,MW1140-22|20160907,0xc4e5e272f139789cb,36
5087,Permethrin,1,1.3010300397872925,MW1140-22|20160907,0xc4e5e272f139789cb,36
5088,Permethrin,1,-1.5228787660598755,MW1140-22|20160907,0xfffffffff9fff89cb,58
5089,Permethrin,1,-1.0,MW1140-22|20160907,0xfffffffff9f9789cb,55
5090,Permethrin,1,-0.5228787660598755,MW1140-22|20160907,0xfffffffff139789cb,52
5091,Permethrin,1,0.0,MW1140-22|20160907,0xfffff3f2f139789cb,47
5092,Permethrin,1,1.4771212339401245,MW1112-16|20160511,0xc4e5e272f139789cb,36
5093,Permethrin,1,-1.5228787660598755,MW1112-16|20160511,0xfffffffffffffffff,68
5094,Permethrin,1,-1.0,MW1112-16|20160511,0xfffffffffffffffff,68
5095,Permethrin,1,-0.5228787660598755,MW1112-16|20160511,0xfffffffffffffffff,68
5096,Permethrin,1,0.0,MW1112-16|20160511,0xfffffffffffffffff,68
5097,Permethrin,1,0.4771212637424469,MW1112-16|20160511,0xfffffffffffffffff,68
5098,Permethrin,1,1.0,MW1112-16|20160511,0xfffffffffffffffff,68
5099,Permethrin,1,1.0,MW1112-17|20160511,0xfffffffffffffffff,68
5100,Permethrin,1,1.4771212339401245,MW1112-17|20160511,0xc4e5e272f139789cb,36
5101,Permethrin,1,-1.5228787660598755,MW1112-17|20160511,0xfffffffffffffffff,68
5102,Permethrin,1,-1.0,MW1112-17|20160511,0xfffffffffffffffff,68
5103,Permethrin,1,-0.5228787660598755,MW1112-17|20160511,0xfffffffffffffffff,68
5104,Permethrin,1,0.0,MW1112-17|20160511,0xfffffffffffffffff,68
5105,Permethrin,1,0.4771212637424469,MW1112-17|20160511,0xfffffffffffffffff,68
5106,Permethrin,1,0.4771212637424469,MW1112-18|20160511,0xfffffffffffffffff,68
5107,Permethrin,1,1.0,MW1112-18|20160511,0xfffffffffffffffff,68
5108,Permethrin,1,1.4771212339401245,MW1112-18|20160511,0xc4e5e272f139789cb,36
5109,Permethrin,1,-1.5228787660598755,MW1112-18|20160511,0xfffffffffffffffff,68
5110,Permethrin,1,-1.0,MW1112-18|20160511,0xfffffffffffff89ff,63
5111,Permethrin,1,-0.5228787660598755,MW1112-18|20160511,0xfffffffffffffffff,68
5112,Permethrin,1,0.0,MW1112-18|20160511,0xfffffffffffffffff,68
5113,PharmaGSID_47330,1,-1.5228787660598755,MW1146-29|20170809,0xfffffffff13ff89cb,55
5114,PharmaGSID_47330,1,-1.0,MW1146-29|20170809,0xfffffffff139789cb,52
5115,PharmaGSID_47330,1,-0.5228787660598755,MW1146-29|20170809,0xfffffffffffff89cb,60
5116,PharmaGSID_47330,1,0.0,MW1146-29|20170809,0xfffffffffffff89cb,60
5117,PharmaGSID_47330,1,0.4771212637424469,MW1146-29|20170809,0xfffffffff139789cb,52
5118,PharmaGSID_47330,1,1.0,MW1146-29|20170809,0xfffffffff139789cb,52
5119,PharmaGSID_47330,1,1.3010300397872925,MW1146-29|20170809,0xffffe272f139789cb,44
5120,PharmaGSID_47330,1,-1.5228787660598755,MW1146-30|20170809,0xfffffffff139789cb,52
5121,PharmaGSID_47330,1,-1.0,MW1146-30|20170809,0xfffffffffff9789cb,57
5122,PharmaGSID_47330,1,-0.5228787660598755,MW1146-30|20170809,0xfffffffff9fff89cb,58
5123,PharmaGSID_47330,1,0.0,MW1146-30|20170809,0xfffffffff139789cb,52
5124,PharmaGSID_47330,1,0.4771212637424469,MW1146-30|20170809,0xfffffffff139789cb,52
5125,PharmaGSID_47330,1,1.0,MW1146-30|20170809,0xfffffffff139789cb,52
5126,PharmaGSID_47330,1,1.3010300397872925,MW1146-30|20170809,0xfffffff2f139789cb,49
5127,PharmaGSID_47330,1,-1.5228787660598755,MW1146-31|20170809,0xfffffffff139789cb,52
5128,PharmaGSID_47330,1,-1.0,MW1146-31|20170809,0xfffffffff13ff89cb,55
5129,PharmaGSID_47330,1,-0.5228787660598755,MW1146-31|20170809,0xfffffffff139789cb,52
5130,PharmaGSID_47330,1,0.0,MW1146-31|20170809,0xfffffffff9fff89cb,58
5131,PharmaGSID_47330,1,0.4771212637424469,MW1146-31|20170809,0xfffffffffffff89cb,60
5132,PharmaGSID_47330,1,1.0,MW1146-31|20170809,0xfffffffff139789cb,52
5133,PharmaGSID_47330,1,1.3010300397872925,MW1146-31|20170809,0xfffffffff139789cb,52
5134,Phenanthrene,1,1.3010300397872925,MW1139-30|20160803,0xfffffffffffff89cb,60
5135,Phenanthrene,1,-1.5228787660598755,MW1139-30|20160803,0xfffffffffffff89cb,60
5136,Phenanthrene,1,-1.0,MW1139-30|20160803,0xfffffffffffff89cb,60
5137,Phenanthrene,1,-0.5228787660598755,MW1139-30|20160803,0xfffffffffffff89cb,60
5138,Phenanthrene,1,0.0,MW1139-30|20160803,0xfffffffffffff89cb,60
5139,Phenanthrene,1,0.4771212637424469,MW1139-30|20160803,0xfffffffffffff89cb,60
5140,Phenanthrene,1,1.0,MW1139-30|20160803,0xfffffffff13ff89cb,55
5141,Phenanthrene,1,1.0,MW1139-31|20160803,0xfffffffffffff89cb,60
5142,Phenanthrene,1,1.3010300397872925,MW1139-31|20160803,0xfffffffffffff89cb,60
5143,Phenanthrene,1,-1.5228787660598755,MW1139-31|20160803,0xfffffffffffff89cb,60
5144,Phenanthrene,1,-1.0,MW1139-31|20160803,0xfffffffffffff89cb,60
5145,Phenanthrene,1,-0.5228787660598755,MW1139-31|20160803,0xfffffffffffff89cb,60
5146,Phenanthrene,1,0.0,MW1139-31|20160803,0xfffffffffffff89cb,60
5147,Phenanthrene,1,0.4771212637424469,MW1139-31|20160803,0xfffffffffffff89cb,60
5148,Phenanthrene,1,0.4771212637424469,MW1139-34|20160803,0xfffffffffffff89cb,60
5149,Phenanthrene,1,1.0,MW1139-34|20160803,0xfffffffffffff89cb,60
5150,Phenanthrene,1,1.3010300397872925,MW1139-34|20160803,0xfffffffffffff89cb,60
5151,Phenanthrene,1,-1.5228787660598755,MW1139-34|20160803,0xfffffffffffff89cb,60
5152,Phenanthrene,1,-1.0,MW1139-34|20160803,0xfffffffffffff89cb,60
5153,Phenanthrene,1,-0.5228787660598755,MW1139-34|20160803,0xfffffffffffff89cb,60
5154,Phenanthrene,1,0.0,MW1139-34|20160803,0xfffffffffffff89cb,60
5155,Phenanthrene,1,1.3010300397872925,MW1146-06|20170412,0xfffffffffffff89ff,63
5156,Phenanthrene,1,-1.5228787660598755,MW1146-06|20170412,0xfffffffffffff89cb,60
5157,Phenanthrene,1,-1.0,MW1146-06|20170412,0xfffffffffffff89cb,60
5158,Phenanthrene,1,-0.5228787660598755,MW1146-06|20170412,0xfffffffffffff89cb,60
5159,Phenanthrene,1,0.0,MW1146-06|20170412,0xfffffffffffff89cb,60
5160,Phenanthrene,1,0.4771212637424469,MW1146-06|20170412,0xfffffffffffff89cb,60
5161,Phenanthrene,1,1.0,MW1146-06|20170412,0xfffffffffffff89cb,60
5162,Phenanthrene,1,1.0,MW1146-07|20170412,0xfffffffffffff89cb,60
5163,Phenanthrene,1,1.3010300397872925,MW1146-07|20170412,0xfffffffffffff89cb,60
5164,Phenanthrene,1,-1.5228787660598755,MW1146-07|20170412,0xfffffffffffff89ff,63
5165,Phenanthrene,1,-1.0,MW1146-07|20170412,0xfffffffffffff89ff,63
5166,Phenanthrene,1,-0.5228787660598755,MW1146-07|20170412,0xfffffffffffff89ff,63
5167,Phenanthrene,1,0.0,MW1146-07|20170412,0xfffffffff13ff89cb,55
5168,Phenanthrene,1,0.4771212637424469,MW1146-07|20170412,0xfffffffffffff89cb,60
5169,Phenanthrene,1,0.4771212637424469,MW1146-08|20170412,0xfffffffffffff89cb,60
5170,Phenanthrene,1,1.0,MW1146-08|20170412,0xfffffffffffff89cb,60
5171,Phenanthrene,1,1.3010300397872925,MW1146-08|20170412,0xfffffffffffff89cb,60
5172,Phenanthrene,1,-1.5228787660598755,MW1146-08|20170412,0xfffffffffffff89cb,60
5173,Phenanthrene,1,-1.0,MW1146-08|20170412,0xfffffffffffff89cb,60
5174,Phenanthrene,1,-0.5228787660598755,MW1146-08|20170412,0xfffffffffffff89cb,60
5175,Phenanthrene,1,0.0,MW1146-08|20170412,0xfffffffffffff89cb,60
5176,Phenobarbital,4,1.3010300397872925,MW1140-26|20161013,0xfffffffffffff89ff,63
5177,Phenobarbital,4,-1.5228787660598755,MW1140-26|20161013,0xc4e5fffffffff89cb,52
5178,Phenobarbital,4,-1.0,MW1140-26|20161013,0xfffffffffffff89cb,60
5179,Phenobarbital,4,-0.5228787660598755,MW1140-26|20161013,0xfffffffffffff89cb,60
5180,Phenobarbital,4,0.0,MW1140-26|20161013,0xfffffffffffff89cb,60
5181,Phenobarbital,4,0.4771212637424469,MW1140-26|20161013,0xfffffffffffff89cb,60
5182,Phenobarbital,4,1.0,MW1140-26|20161013,0xfffffffffffff89ff,63
5183,Phenobarbital,4,1.0,MW1140-27|20161013,0xfffffffffffff89ff,63
5184,Phenobarbital,4,1.3010300397872925,MW1140-27|20161013,0xfffffffffffff89ff,63
5185,Phenobarbital,4,-1.5228787660598755,MW1140-27|20161013,0xfffffffffffff89ff,63
5186,Phenobarbital,4,-1.0,MW1140-27|20161013,0xfffffffffffff89cb,60
5187,Phenobarbital,4,-0.5228787660598755,MW1140-27|20161013,0xfffffffffffff89ff,63
5188,Phenobarbital,4,0.0,MW1140-27|20161013,0xfffffffffffff89ff,63
5189,Phenobarbital,4,0.4771212637424469,MW1140-27|20161013,0xfffffffffffff89cb,60
5190,Phenobarbital,4,0.4771212637424469,MW1140-28|20161013,0xfffffffffffff89cb,60
5191,Phenobarbital,4,1.0,MW1140-28|20161013,0xfffffffffffff89ff,63
5192,Phenobarbital,4,1.3010300397872925,MW1140-28|20161013,0xfffffffffffff89cb,60
5193,Phenobarbital,4,-1.5228787660598755,MW1140-28|20161013,0xfffffffffffff89ff,63
5194,Phenobarbital,4,-1.0,MW1140-28|20161013,0xfffffffffffff89ff,63
5195,Phenobarbital,4,-0.5228787660598755,MW1140-28|20161013,0xfffffffffffff89ff,63
5196,Phenobarbital,4,0.0,MW1140-28|20161013,0xfffffffffffff89cb,60
5218,Phenol,3,1.4771212339401245,MW1076-42|20151014,0xfffffffffffff89cb,60
5219,Phenol,3,-1.5228787660598755,MW1076-42|20151014,0xfffffffff9fff89cb,58
5220,Phenol,3,-1.0,MW1076-42|20151014,0xfffffffffff9789cb,57
5221,Phenol,3,-0.5228787660598755,MW1076-42|20151014,0xfffffffffffff89cb,60
5222,Phenol,3,0.0,MW1076-42|20151014,0xfffffffffffff89cb,60
5223,Phenol,3,0.4771212637424469,MW1076-42|20151014,0xfffffffffffff89cb,60
5224,Phenol,3,1.0,MW1076-42|20151014,0xfffffffffffff89cb,60
5225,Phenol,3,1.0,MW1076-43|20151014,0xfffffffffffff89cb,60
5226,Phenol,3,1.4771212339401245,MW1076-43|20151014,0xfffffffffffff89ff,63
5227,Phenol,3,-1.5228787660598755,MW1076-43|20151014,0xfffffffffffff89cb,60
5228,Phenol,3,-1.0,MW1076-43|20151014,0xfffffffffffff89cb,60
5229,Phenol,3,-0.5228787660598755,MW1076-43|20151014,0xfffffffffffff89ff,63
5230,Phenol,3,0.0,MW1076-43|20151014,0xfffffffffffff89cb,60
5231,Phenol,3,0.4771212637424469,MW1076-43|20151014,0xfffffffffffff89cb,60
5232,Phenol,3,0.4771212637424469,MW1076-44|20151014,0xfffffffffffff89cb,60
5233,Phenol,3,1.0,MW1076-44|20151014,0xfffffffffffff89ff,63
5234,Phenol,3,1.4771212339401245,MW1076-44|20151014,0xfffffffffffff89cb,60
5235,Phenol,3,-1.5228787660598755,MW1076-44|20151014,0xfffffffffffff89cb,60
5236,Phenol,3,-1.0,MW1076-44|20151014,0xfffffffffffff89cb,60
5237,Phenol,3,-0.5228787660598755,MW1076-44|20151014,0xfffffffffffff89cb,60
5238,Phenol,3,0.0,MW1076-44|20151014,0xfffffffff13ff89cb,55
5239,Phenylmercuric acetate,4,-3.522878646850586,MW1146-20|20170628,0xfffffffff139789cb,52
5240,Phenylmercuric acetate,4,-3.0,MW1146-20|20170628,0xfffffffff13ff89cb,55
5241,Phenylmercuric acetate,4,-2.522878646850586,MW1146-20|20170628,0xfffffffff139789cb,52
5242,Phenylmercuric acetate,4,-2.0,MW1146-20|20170628,0xfffffff2f139789cb,49
5243,Phenylmercuric acetate,4,-1.5228787660598755,MW1146-20|20170628,0xc4e5e272f139789cb,36
5244,Phenylmercuric acetate,4,-1.0,MW1146-20|20170628,0xc4e5e272f139789cb,36
5245,Phenylmercuric acetate,4,-0.5228787660598755,MW1146-20|20170628,0xc4e5e272f139789cb,36
5246,Phenylmercuric acetate,4,-3.522878646850586,MW1146-21|20170628,0xfffffffff9f9789cb,55
5247,Phenylmercuric acetate,4,-3.0,MW1146-21|20170628,0xfffffffff9fff89cb,58
5248,Phenylmercuric acetate,4,-2.522878646850586,MW1146-21|20170628,0xfffffffff139789cb,52
5249,Phenylmercuric acetate,4,-2.0,MW1146-21|20170628,0xfffffffff139789cb,52
5250,Phenylmercuric acetate,4,-1.5228787660598755,MW1146-21|20170628,0xc4e5e272f139789cb,36
5251,Phenylmercuric acetate,4,-1.0,MW1146-21|20170628,0xc4e5e272f139789cb,36
5252,Phenylmercuric acetate,4,-0.5228787660598755,MW1146-21|20170628,0xc4e5e272f139789cb,36
5253,Phenylmercuric acetate,4,-3.522878646850586,MW1146-22|20170628,0xfffffffff139789cb,52
5254,Phenylmercuric acetate,4,-3.0,MW1146-22|20170628,0xfffffffff139789cb,52
5255,Phenylmercuric acetate,4,-2.522878646850586,MW1146-22|20170628,0xfffffffff13ff89cb,55
5256,Phenylmercuric acetate,4,-2.0,MW1146-22|20170628,0xfffffffff139789cb,52
5257,Phenylmercuric acetate,4,-1.5228787660598755,MW1146-22|20170628,0xc4e5e272f139789cb,36
5258,Phenylmercuric acetate,4,-1.0,MW1146-22|20170628,0xc4e5e272f139789cb,36
5259,Phenylmercuric acetate,4,-0.5228787660598755,MW1146-22|20170628,0xc4e5e272f139789cb,36
5260,Phenylmercuric acetate,4,1.3010300397872925,MW1159-40|20160921,0xc4e5e272f139789cb,36
5261,Phenylmercuric acetate,4,-1.5228787660598755,MW1159-40|20160921,0xfffff3fff139789cb,50
5262,Phenylmercuric acetate,4,-1.0,MW1159-40|20160921,0xc4e5e272f139789cb,36
5263,Phenylmercuric acetate,4,-0.5228787660598755,MW1159-40|20160921,0xc4e5e272f139789cb,36
5264,Phenylmercuric acetate,4,0.0,MW1159-40|20160921,0xc4e5e272f139789cb,36
5265,Phenylmercuric acetate,4,0.4771212637424469,MW1159-40|20160921,0xc4e5e272f139789cb,36
5266,Phenylmercuric acetate,4,1.0,MW1159-40|20160921,0xc4e5e272f139789cb,36
5267,Phenylmercuric acetate,4,1.0,MW1159-43|20160921,0xc4e5e272f139789cb,36
5268,Phenylmercuric acetate,4,1.3010300397872925,MW1159-43|20160921,0xc4e5e272f139789cb,36
5269,Phenylmercuric acetate,4,-1.5228787660598755,MW1159-43|20160921,0xfffffffff13ff89cb,55
5270,Phenylmercuric acetate,4,-1.0,MW1159-43|20160921,0xc4e5e272f139789cb,36
5271,Phenylmercuric acetate,4,-0.5228787660598755,MW1159-43|20160921,0xc4e5e272f139789cb,36
5272,Phenylmercuric acetate,4,0.0,MW1159-43|20160921,0xc4e5e272f139789cb,36
5273,Phenylmercuric acetate,4,0.4771212637424469,MW1159-43|20160921,0xc4e5e272f139789cb,36
5274,Phenylmercuric acetate,4,0.4771212637424469,MW1160-23|20160921,0xc4e5e272f139789cb,36
5275,Phenylmercuric acetate,4,1.0,MW1160-23|20160921,0xc4e5e272f139789cb,36
5276,Phenylmercuric acetate,4,1.3010300397872925,MW1160-23|20160921,0xc4e5e272f139789cb,36
5277,Phenylmercuric acetate,4,-1.5228787660598755,MW1160-23|20160921,0xfffffffffffff89cb,60
5278,Phenylmercuric acetate,4,-1.0,MW1160-23|20160921,0xc4e5e272f139789cb,36
5279,Phenylmercuric acetate,4,-0.5228787660598755,MW1160-23|20160921,0xc4e5e272f139789cb,36
5280,Phenylmercuric acetate,4,0.0,MW1160-23|20160921,0xc4e5e272f139789cb,36
5281,Phorate,3,2.0,MW1125-3|20160413,0xc4e5e272f139789cb,36
5282,Phorate,3,-1.0,MW1125-3|20160413,0xfffffffffffffffff,68
5283,Phorate,3,-0.5228787660598755,MW1125-3|20160413,0xfffffffffffffffff,68
5284,Phorate,3,0.0,MW1125-3|20160413,0xfffffffffffffffff,68
5285,Phorate,3,0.4771212637424469,MW1125-3|20160413,0xfffffffffffffffff,68
5286,Phorate,3,1.0,MW1125-3|20160413,0xfffffffffffff89ff,63
5287,Phorate,3,1.4771212339401245,MW1125-3|20160413,0xfffffffffffff89cb,60
5288,Phorate,3,1.4771212339401245,MW1125-4|20160413,0xfffffffffffff89ff,63
5289,Phorate,3,2.0,MW1125-4|20160413,0xc4e5e272f139789cb,36
5290,Phorate,3,-1.0,MW1125-4|20160413,0xfffffffffffff89cb,60
5291,Phorate,3,-0.5228787660598755,MW1125-4|20160413,0xfffffffffffff89ff,63
5292,Phorate,3,0.0,MW1125-4|20160413,0xfffffffffffff89ff,63
5293,Phorate,3,0.4771212637424469,MW1125-4|20160413,0xfffffffffffff89ff,63
5294,Phorate,3,1.0,MW1125-4|20160413,0xfffffffffffff89ff,63
5295,Phorate,3,1.0,MW1125-5|20160413,0xfffffffffffffffff,68
5296,Phorate,3,1.4771212339401245,MW1125-5|20160413,0xfffffffffffff89ff,63
5297,Phorate,3,2.0,MW1125-5|20160413,0xc4e5e272f139789cb,36
5298,Phorate,3,-1.0,MW1125-5|20160413,0xfffffffffffffffff,68
5299,Phorate,3,-0.5228787660598755,MW1125-5|20160413,0xfffffffffffffcfff,66
5300,Phorate,3,0.0,MW1125-5|20160413,0xfffffffffffffffff,68
5301,Phorate,3,0.4771212637424469,MW1125-5|20160413,0xfffffffffffffcfff,66
5302,Phosmet,4,1.0,MW1092-29|20160120,0xfffffffffffff89ff,63
5303,Phosmet,4,1.4771212339401245,MW1092-29|20160120,0xfffffffff13ff89cb,55
5304,Phosmet,4,2.0,MW1092-29|20160120,0xc4e5e272f139789cb,36
5305,Phosmet,4,-1.0,MW1092-29|20160120,0xfffffffffffff89ff,63
5306,Phosmet,4,-0.5228787660598755,MW1092-29|20160120,0xfffffffffffff89ff,63
5307,Phosmet,4,0.0,MW1092-29|20160120,0xfffffffffffff89cb,60
5308,Phosmet,4,0.4771212637424469,MW1092-29|20160120,0xfffffffffffff89ff,63
5309,Phosmet,4,2.0,MW1092-5|20160120,0xc4e5e272f139789cb,36
5310,Phosmet,4,-1.0,MW1092-5|20160120,0xfffffffffffff89cb,60
5311,Phosmet,4,-0.5228787660598755,MW1092-5|20160120,0xfffffffffffff89cb,60
5312,Phosmet,4,0.0,MW1092-5|20160120,0xfffffffffffff89cb,60
5313,Phosmet,4,0.4771212637424469,MW1092-5|20160120,0xfffffffffffff89cb,60
5314,Phosmet,4,1.0,MW1092-5|20160120,0xfffffffffffff89ff,63
5315,Phosmet,4,1.4771212339401245,MW1092-5|20160120,0xfffffffff13ff89cb,55
5316,Phosmet,4,1.4771212339401245,MW1092-6|20160120,0xfffffffff139789cb,52
5317,Phosmet,4,2.0,MW1092-6|20160120,0xc4e5e272f139789cb,36
5318,Phosmet,4,-1.0,MW1092-6|20160120,0xfffffffffffff89ff,63
5319,Phosmet,4,-0.5228787660598755,MW1092-6|20160120,0xfffffffffffff89cb,60
5320,Phosmet,4,0.0,MW1092-6|20160120,0xfffffffffffff89ff,63
5321,Phosmet,4,0.4771212637424469,MW1092-6|20160120,0xfffffffffffff89cb,60
5322,Phosmet,4,1.0,MW1092-6|20160120,0xfffffffffffff89ff,63
5323,Picoxystrobin,4,1.3010300397872925,MW1145-22|20170201,0xc4e5e272f139789cb,36
5324,Picoxystrobin,4,-1.5228787660598755,MW1145-22|20170201,0xfffffffffffff89ff,63
5325,Picoxystrobin,4,-1.0,MW1145-22|20170201,0xc4fffffff13ffffff,58
5326,Picoxystrobin,4,-0.5228787660598755,MW1145-22|20170201,0xc4e5fffff139789cb,44
5327,Picoxystrobin,4,0.0,MW1145-22|20170201,0xc4e5e272f139789cb,36
5328,Picoxystrobin,4,0.4771212637424469,MW1145-22|20170201,0xc4e5e272f139789cb,36
5329,Picoxystrobin,4,1.0,MW1145-22|20170201,0xc4e5e272f139789cb,36
5330,Picoxystrobin,4,1.0,MW1145-23|20170201,0xc4e5e272f139789cb,36
5331,Picoxystrobin,4,1.3010300397872925,MW1145-23|20170201,0xc4e5e272f139789cb,36
5332,Picoxystrobin,4,-1.5228787660598755,MW1145-23|20170201,0xfffffffffffff89ff,63
5333,Picoxystrobin,4,-1.0,MW1145-23|20170201,0xc4e5fffff139789ff,47
5334,Picoxystrobin,4,-0.5228787660598755,MW1145-23|20170201,0xc4e5e27ff139789cb,39
5335,Picoxystrobin,4,0.0,MW1145-23|20170201,0xc4e5e272f139789ff,39
5336,Picoxystrobin,4,0.4771212637424469,MW1145-23|20170201,0xc4e5e272f139789cb,36
5337,Picoxystrobin,4,0.4771212637424469,MW1145-24|20170201,0xc4e5e272f139789cb,36
5338,Picoxystrobin,4,1.0,MW1145-24|20170201,0xc4e5e272f139789cb,36
5339,Picoxystrobin,4,1.3010300397872925,MW1145-24|20170201,0xc4e5e272f139789cb,36
5340,Picoxystrobin,4,-1.5228787660598755,MW1145-24|20170201,0xfffffffffffffffff,68
5341,Picoxystrobin,4,-1.0,MW1145-24|20170201,0xfffffffffffffffff,68
5342,Picoxystrobin,4,-0.5228787660598755,MW1145-24|20170201,0xc4e5fffff139789cb,44
5343,Picoxystrobin,4,0.0,MW1145-24|20170201,0xc4e5e272f139789ff,39
5344,Picoxystrobin,4,-3.522878646850586,MW1147-17|20170920,0xfffffffffffffffff,68
5345,Picoxystrobin,4,-3.0,MW1147-17|20170920,0xfffffffffffffffff,68
5346,Picoxystrobin,4,-2.522878646850586,MW1147-17|20170920,0xfffffffffffffffff,68
5347,Picoxystrobin,4,-2.0,MW1147-17|20170920,0xfffffffffffffffff,68
5348,Picoxystrobin,4,-1.5228787660598755,MW1147-17|20170920,0xfffffffffffffffff,68
5349,Picoxystrobin,4,-1.0,MW1147-17|20170920,0xfffffffffffffffff,68
5350,Picoxystrobin,4,-0.5228787660598755,MW1147-17|20170920,0xfffffffffffffffff,68
5351,Picoxystrobin,4,-3.522878646850586,MW1147-18|20170920,0xfffffffffffffffff,68
5352,Picoxystrobin,4,-3.0,MW1147-18|20170920,0xfffffffffffffffff,68
5353,Picoxystrobin,4,-2.522878646850586,MW1147-18|20170920,0xfffffffffffffffff,68
5354,Picoxystrobin,4,-2.0,MW1147-18|20170920,0xfffffffffffffffff,68
5355,Picoxystrobin,4,-1.5228787660598755,MW1147-18|20170920,0xfffffffffffffffff,68
5356,Picoxystrobin,4,-1.0,MW1147-18|20170920,0xfffffffffffffffff,68
5357,Picoxystrobin,4,-0.5228787660598755,MW1147-18|20170920,0xfffffffffffffffff,68
5358,Picoxystrobin,4,-3.522878646850586,MW1147-19|20170920,0xfffffffffffffffff,68
5359,Picoxystrobin,4,-3.0,MW1147-19|20170920,0xfffffffffffffffff,68
5360,Picoxystrobin,4,-2.522878646850586,MW1147-19|20170920,0xfffffffffffffffff,68
5361,Picoxystrobin,4,-2.0,MW1147-19|20170920,0xfffffffffffffffff,68
5362,Picoxystrobin,4,-1.5228787660598755,MW1147-19|20170920,0xfffffffffffffffff,68
5363,Picoxystrobin,4,-1.0,MW1147-19|20170920,0xfffffffffffffffff,68
5364,Picoxystrobin,4,-0.5228787660598755,MW1147-19|20170920,0xfffffffffffffffff,68
5365,Piperonyl butoxide,3,-1.5228787660598755,MW1147-20|20171004,0xfffffffff13ff89cb,55
5366,Piperonyl butoxide,3,-1.0,MW1147-20|20171004,0xfffffffff9f9789cb,55
5367,Piperonyl butoxide,3,-0.5228787660598755,MW1147-20|20171004,0xfffffffffffff89cb,60
5368,Piperonyl butoxide,3,0.0,MW1147-20|20171004,0xfffffffff139789cb,52
5369,Piperonyl butoxide,3,0.4771212637424469,MW1147-20|20171004,0xfffffffff139789cb,52
5370,Piperonyl butoxide,3,1.0,MW1147-20|20171004,0xfffffffff139789cb,52
5371,Piperonyl butoxide,3,1.3010300397872925,MW1147-20|20171004,0xffffe272f139789cb,44
5372,Piperonyl butoxide,3,-1.5228787660598755,MW1147-21|20171004,0xfffffffff139789cb,52
5373,Piperonyl butoxide,3,-1.0,MW1147-21|20171004,0xfffffffff13ff89cb,55
5374,Piperonyl butoxide,3,-0.5228787660598755,MW1147-21|20171004,0xfffffffff13ff89cb,55
5375,Piperonyl butoxide,3,0.0,MW1147-21|20171004,0xfffffffff13ff89cb,55
5376,Piperonyl butoxide,3,0.4771212637424469,MW1147-21|20171004,0xfffffffff13ff89cb,55
5377,Piperonyl butoxide,3,1.0,MW1147-21|20171004,0xfffffffff139789cb,52
5378,Piperonyl butoxide,3,1.3010300397872925,MW1147-21|20171004,0xffffe27ff139789cb,47
5379,Piperonyl butoxide,3,-1.5228787660598755,MW1147-22|20171004,0xfffffffff13ff89cb,55
5380,Piperonyl butoxide,3,-1.0,MW1147-22|20171004,0xfffffffff13ff89cb,55
5381,Piperonyl butoxide,3,-0.5228787660598755,MW1147-22|20171004,0xfffffffff13ff89cb,55
5382,Piperonyl butoxide,3,0.0,MW1147-22|20171004,0xfffffffff13ff89cb,55
5383,Piperonyl butoxide,3,0.4771212637424469,MW1147-22|20171004,0xfffffffff139789cb,52
5384,Piperonyl butoxide,3,1.0,MW1147-22|20171004,0xfffffffff13ff89cb,55
5385,Piperonyl butoxide,3,1.3010300397872925,MW1147-22|20171004,0xffffe272f139789cb,44
5407,Prallethrin,2,-1.5228787660598755,MW1146-26|20170712,0xfffffffff13ff89cb,55
5408,Prallethrin,2,-1.0,MW1146-26|20170712,0xfffffffff13ff89cb,55
5409,Prallethrin,2,-0.5228787660598755,MW1146-26|20170712,0xfffffffffffff89cb,60
5410,Prallethrin,2,0.0,MW1146-26|20170712,0xfffffffff13ff89cb,55
5411,Prallethrin,2,0.4771212637424469,MW1146-26|20170712,0xfffffffff13ff89cb,55
5412,Prallethrin,2,1.0,MW1146-26|20170712,0xfffffffff13ff89cb,55
5413,Prallethrin,2,1.3010300397872925,MW1146-26|20170712,0xffffe272f139789cb,44
5414,Prallethrin,2,-1.5228787660598755,MW1146-27|20170712,0xfffffffff139789cb,52
5415,Prallethrin,2,-1.0,MW1146-27|20170712,0xfffffffffffff89cb,60
5416,Prallethrin,2,-0.5228787660598755,MW1146-27|20170712,0xfffffffff13ff89cb,55
5417,Prallethrin,2,0.0,MW1146-27|20170712,0xfffffffffffff89ff,63
5418,Prallethrin,2,0.4771212637424469,MW1146-27|20170712,0xfffffffffffff89cb,60
5419,Prallethrin,2,1.0,MW1146-27|20170712,0xfffffffff13ff89cb,55
5420,Prallethrin,2,1.3010300397872925,MW1146-27|20170712,0xfffffffff139789cb,52
5421,Prallethrin,2,-1.5228787660598755,MW1146-28|20170712,0xfffffffffffff89cb,60
5422,Prallethrin,2,-1.0,MW1146-28|20170712,0xfffffffff13ff89cb,55
5423,Prallethrin,2,-0.5228787660598755,MW1146-28|20170712,0xfffffffff13ff89cb,55
5424,Prallethrin,2,0.0,MW1146-28|20170712,0xfffffffff13ff89cb,55
5425,Prallethrin,2,0.4771212637424469,MW1146-28|20170712,0xfffffffff13ff89cb,55
5426,Prallethrin,2,1.0,MW1146-28|20170712,0xfffffffff13ff89cb,55
5427,Prallethrin,2,1.3010300397872925,MW1146-28|20170712,0xfffffffff139789cb,52
5428,Pravastatin sodium,1,1.3010300397872925,MW1160-24|20160921,0xc4ffe272f139789cb,39
5429,Pravastatin sodium,1,-1.5228787660598755,MW1160-24|20160921,0xfffffffffffff89ff,63
5430,Pravastatin sodium,1,-1.0,MW1160-24|20160921,0xfffffffffffff89ff,63
5431,Pravastatin sodium,1,-0.5228787660598755,MW1160-24|20160921,0xfffffffffffffcfff,66
5432,Pravastatin sodium,1,0.0,MW1160-24|20160921,0xfffffffffffffcfff,66
5433,Pravastatin sodium,1,0.4771212637424469,MW1160-24|20160921,0xfffffffffffff89ff,63
5434,Pravastatin sodium,1,1.0,MW1160-24|20160921,0xffffe272f139789cb,44
5435,Pravastatin sodium,1,1.0,MW1160-25|20160921,0xffffe27ff13ff89cb,50
5436,Pravastatin sodium,1,1.3010300397872925,MW1160-25|20160921,0xffffe27ff13ff89cb,50
5437,Pravastatin sodium,1,-1.5228787660598755,MW1160-25|20160921,0xfffffffffffff89ff,63
5438,Pravastatin sodium,1,-1.0,MW1160-25|20160921,0xfffffffffffff89ff,63
5439,Pravastatin sodium,1,-0.5228787660598755,MW1160-25|20160921,0xfffffffffffff89ff,63
5440,Pravastatin sodium,1,0.0,MW1160-25|20160921,0xfffffffffffff89ff,63
5441,Pravastatin sodium,1,0.4771212637424469,MW1160-25|20160921,0xfffffffff9fff89cb,58
5442,Pravastatin sodium,1,0.4771212637424469,MW1160-26|20160921,0xfffffffff13ff89ff,58
5443,Pravastatin sodium,1,1.0,MW1160-26|20160921,0xffffe27ff139789cb,47
5444,Pravastatin sodium,1,1.3010300397872925,MW1160-26|20160921,0xffffe27ff139789cb,47
5445,Pravastatin sodium,1,-1.5228787660598755,MW1160-26|20160921,0xfffffffffffff89ff,63
5446,Pravastatin sodium,1,-1.0,MW1160-26|20160921,0xfffffffffffff89ff,63
5447,Pravastatin sodium,1,-0.5228787660598755,MW1160-26|20160921,0xfffffffffffff89ff,63
5448,Pravastatin sodium,1,0.0,MW1160-26|20160921,0xfffffffffffff89ff,63
5449,Profenofos,3,1.0,MW1056-28|20151209,0xfffffffffffff89cb,60
5450,Profenofos,3,-2.0,MW1056-28|20151209,0xfffffffffffff89ff,63
5451,Profenofos,3,-1.5228787660598755,MW1056-28|20151209,0xfffffffffffff89cb,60
5452,Profenofos,3,-1.0,MW1056-28|20151209,0xfffffffffffff89cb,60
5453,Profenofos,3,-0.5228787660598755,MW1056-28|20151209,0xfffffffffffff89cb,60
5454,Profenofos,3,0.0,MW1056-28|20151209,0xfffffffffffff89ff,63
5455,Profenofos,3,0.4771212637424469,MW1056-28|20151209,0xfffffffffffff89ff,63
5456,Profenofos,3,0.4771212637424469,MW1056-29|20151209,0xfffffffffffff89ff,63
5457,Profenofos,3,1.0,MW1056-29|20151209,0xfffffffffffff89cb,60
5458,Profenofos,3,-2.0,MW1056-29|20151209,0xfffffffffffff89ff,63
5459,Profenofos,3,-1.5228787660598755,MW1056-29|20151209,0xfffff3fff13ff89cb,53
5460,Profenofos,3,-1.0,MW1056-29|20151209,0xfffffffffffff89ff,63
5461,Profenofos,3,-0.5228787660598755,MW1056-29|20151209,0xfffffffffffff89cb,60
5462,Profenofos,3,0.0,MW1056-29|20151209,0xfffffffffffff89cb,60
5463,Profenofos,3,0.0,MW1056-36|20151209,0xfffffffffffffffff,68
5464,Profenofos,3,0.4771212637424469,MW1056-36|20151209,0xfffffffffffff89ff,63
5465,Profenofos,3,1.0,MW1056-36|20151209,0xfffffffffffffffff,68
5466,Profenofos,3,-2.0,MW1056-36|20151209,0xfffffffffffff89ff,63
5467,Profenofos,3,-1.5228787660598755,MW1056-36|20151209,0xfffffffffffff89ff,63
5468,Profenofos,3,-1.0,MW1056-36|20151209,0xfffffffffffff89cb,60
5469,Profenofos,3,-0.5228787660598755,MW1056-36|20151209,0xfffffffffffff89ff,63
5512,Pyrene,3,1.3010300397872925,MW1139-30|20160803,0xfffffffffffff89cb,60
5513,Pyrene,3,-1.5228787660598755,MW1139-30|20160803,0xfffffffffffff89cb,60
5514,Pyrene,3,-1.0,MW1139-30|20160803,0xfffffffffffff89cb,60
5515,Pyrene,3,-0.5228787660598755,MW1139-30|20160803,0xfffffffffffff89cb,60
5516,Pyrene,3,0.0,MW1139-30|20160803,0xfffffffffffff89cb,60
5517,Pyrene,3,0.4771212637424469,MW1139-30|20160803,0xfffffffffffff89cb,60
5518,Pyrene,3,1.0,MW1139-30|20160803,0xfffffffffffff89cb,60
5519,Pyrene,3,1.0,MW1139-31|20160803,0xfffffffffffff89cb,60
5520,Pyrene,3,1.3010300397872925,MW1139-31|20160803,0xfffffffffffff89cb,60
5521,Pyrene,3,-1.5228787660598755,MW1139-31|20160803,0xfffffffffffff89cb,60
5522,Pyrene,3,-1.0,MW1139-31|20160803,0xfffffffff13ff89cb,55
5523,Pyrene,3,-0.5228787660598755,MW1139-31|20160803,0xfffffffffffff89cb,60
5524,Pyrene,3,0.0,MW1139-31|20160803,0xfffffffffffff89cb,60
5525,Pyrene,3,0.4771212637424469,MW1139-31|20160803,0xfffffffffffff89cb,60
5526,Pyrene,3,0.4771212637424469,MW1139-34|20160803,0xfffffffffffff89cb,60
5527,Pyrene,3,1.0,MW1139-34|20160803,0xfffffffffffff89cb,60
5528,Pyrene,3,1.3010300397872925,MW1139-34|20160803,0xfffffffffffff89cb,60
5529,Pyrene,3,-1.5228787660598755,MW1139-34|20160803,0xfffffffffffff89cb,60
5530,Pyrene,3,-1.0,MW1139-34|20160803,0xfffffffffffff89cb,60
5531,Pyrene,3,-0.5228787660598755,MW1139-34|20160803,0xfffffffffffff89cb,60
5532,Pyrene,3,0.0,MW1139-34|20160803,0xfffffffffffff89cb,60
5533,Reserpine,2,-1.5228787660598755,MW1146-35|20170816,0xfffffffffffffffff,68
5534,Reserpine,2,-1.0,MW1146-35|20170816,0xfffffffffffffffff,68
5535,Reserpine,2,-0.5228787660598755,MW1146-35|20170816,0xfffffffffffff89cb,60
5536,Reserpine,2,0.0,MW1146-35|20170816,0xfffffffffffff89cb,60
5537,Reserpine,2,0.4771212637424469,MW1146-35|20170816,0xfffffffff139789cb,52
5538,Reserpine,2,1.0,MW1146-35|20170816,0xffffe272f139789cb,44
5539,Reserpine,2,1.3010300397872925,MW1146-35|20170816,0xc4e5e272f139789cb,36
5540,Reserpine,2,-1.5228787660598755,MW1147-1|20170816,0xfffffffffffffffff,68
5541,Reserpine,2,-1.0,MW1147-1|20170816,0xfffffffffffffffff,68
5542,Reserpine,2,-0.5228787660598755,MW1147-1|20170816,0xfffffffffffffffff,68
5543,Reserpine,2,0.0,MW1147-1|20170816,0xfffffffffffffffcb,65
5544,Reserpine,2,0.4771212637424469,MW1147-1|20170816,0xfffffffffffff89ff,63
5545,Reserpine,2,1.0,MW1147-1|20170816,0xffffe272f139789cb,44
5546,Reserpine,2,1.3010300397872925,MW1147-1|20170816,0xc4e5e272f139789cb,36
5547,Reserpine,2,-1.5228787660598755,MW1147-2|20170816,0xfffffffffffffffff,68
5548,Reserpine,2,-1.0,MW1147-2|20170816,0xfffffffffffffffff,68
5549,Reserpine,2,-0.5228787660598755,MW1147-2|20170816,0xfffffffffffffffff,68
5550,Reserpine,2,0.0,MW1147-2|20170816,0xfffffffffffffffff,68
5551,Reserpine,2,0.4771212637424469,MW1147-2|20170816,0xfffffffffffffcfcb,63
5552,Reserpine,2,1.0,MW1147-2|20170816,0xffffe272f139789cb,44
5553,Reserpine,2,1.3010300397872925,MW1147-2|20170816,0xc4e5e272f139789cb,36
5554,Resmethrin,4,-1.5228787660598755,MW1146-23|20170712,0xfffffffffffff89cb,60
5555,Resmethrin,4,-1.0,MW1146-23|20170712,0xfffffffffffff89cb,60
5556,Resmethrin,4,-0.5228787660598755,MW1146-23|20170712,0xfffffffffffff89cb,60
5557,Resmethrin,4,0.0,MW1146-23|20170712,0xfffffffffffff89cb,60
5558,Resmethrin,4,0.4771212637424469,MW1146-23|20170712,0xfffffffffffff89cb,60
5559,Resmethrin,4,1.0,MW1146-23|20170712,0xfffffffffffff89cb,60
5560,Resmethrin,4,1.3010300397872925,MW1146-23|20170712,0xfffffffff139789cb,52
5561,Resmethrin,4,-1.5228787660598755,MW1146-24|20170712,0xfffffffffffff89cb,60
5562,Resmethrin,4,-1.0,MW1146-24|20170712,0xfffffffffffff89cb,60
5563,Resmethrin,4,-0.5228787660598755,MW1146-24|20170712,0xfffffffffffff89cb,60
5564,Resmethrin,4,0.0,MW1146-24|20170712,0xfffffffff9fff89cb,58
5565,Resmethrin,4,0.4771212637424469,MW1146-24|20170712,0xfffffffffffff89cb,60
5566,Resmethrin,4,1.0,MW1146-24|20170712,0xfffffffff9fff89cb,58
5567,Resmethrin,4,1.3010300397872925,MW1146-24|20170712,0xfffffffff139789cb,52
5568,Resmethrin,4,-1.5228787660598755,MW1146-25|20170712,0xfffffffffffff89cb,60
5569,Resmethrin,4,-1.0,MW1146-25|20170712,0xfffffffffffff89cb,60
5570,Resmethrin,4,-0.5228787660598755,MW1146-25|20170712,0xfffffffffffff89cb,60
5571,Resmethrin,4,0.0,MW1146-25|20170712,0xfffffffffffff89cb,60
5572,Resmethrin,4,0.4771212637424469,MW1146-25|20170712,0xfffffffffffff89cb,60
5573,Resmethrin,4,1.0,MW1146-25|20170712,0xfffffffff13ff89cb,55
5574,Resmethrin,4,1.3010300397872925,MW1146-25|20170712,0xfffffffff13ff89cb,55
5575,Retinoic acid,4,-1.5228787660598755,MW1007-107|20141015,0xfffffffffffff89ff,63
5576,Retinoic acid,4,-1.0,MW1007-107|20141015,0xfffffffffffff89ff,63
5577,Retinoic acid,4,-0.5228787660598755,MW1007-107|20141015,0xfffffffffffff89ff,63
5578,Retinoic acid,4,0.0,MW1007-107|20141015,0xfffffffffffff89ff,63
5579,Retinoic acid,4,0.4771212637424469,MW1007-107|20141015,0xfffffffffffff89ff,63
5580,Retinoic acid,4,1.0,MW1007-107|20141015,0xfffffffff139789cb,52
5581,Retinoic acid,4,1.4771212339401245,MW1007-107|20141015,0xc4e5e272f139789cb,36
5582,Retinoic acid,4,-1.5228787660598755,MW1007-108|20141015,0xfffffffffffff89ff,63
5583,Retinoic acid,4,-1.0,MW1007-108|20141015,0xfffffffffffff89cb,60
5584,Retinoic acid,4,-0.5228787660598755,MW1007-108|20141015,0xfffffffffffff89ff,63
5585,Retinoic acid,4,0.0,MW1007-108|20141015,0xfffffffffffff89cb,60
5586,Retinoic acid,4,0.4771212637424469,MW1007-108|20141015,0xfffffffffffff89ff,63
5587,Retinoic acid,4,1.0,MW1007-108|20141015,0xfffffffffffff89ff,63
5588,Retinoic acid,4,1.4771212339401245,MW1007-108|20141015,0xc4e5e272f139789cb,36
5589,Retinoic acid,4,-1.5228787660598755,MW1008-39|20141015,0xfffffffffffff89ff,63
5590,Retinoic acid,4,-1.0,MW1008-39|20141015,0xfffffffffffff89cb,60
5591,Retinoic acid,4,-0.5228787660598755,MW1008-39|20141015,0xfffffffffffff89ff,63
5592,Retinoic acid,4,0.0,MW1008-39|20141015,0xfffffffffffff89cb,60
5593,Retinoic acid,4,0.4771212637424469,MW1008-39|20141015,0xfffffffffffff89ff,63
5594,Retinoic acid,4,1.0,MW1008-39|20141015,0xfffffffffffff89cb,60
5595,Retinoic acid,4,1.4771212339401245,MW1008-39|20141015,0xc4e5e272f139789cb,36
5596,Rotenone,4,1.3010300397872925,MW1140-20|20160907,0xc4e5e272f139789cb,36
5597,Rotenone,4,-1.5228787660598755,MW1140-20|20160907,0xc4ffe272f139789cb,39
5598,Rotenone,4,-1.0,MW1140-20|20160907,0xc4e5e272f139789cb,36
5599,Rotenone,4,-0.5228787660598755,MW1140-20|20160907,0xc4e5e272f139789cb,36
5600,Rotenone,4,0.0,MW1140-20|20160907,0xc4e5e272f139789cb,36
5601,Rotenone,4,0.4771212637424469,MW1140-20|20160907,0xc4e5e272f139789cb,36
5602,Rotenone,4,1.0,MW1140-20|20160907,0xc4e5e272f139789cb,36
5603,Rotenone,4,1.0,MW1140-21|20160907,0xc4e5e272f139789cb,36
5604,Rotenone,4,1.3010300397872925,MW1140-21|20160907,0xc4e5e272f139789cb,36
5605,Rotenone,4,-1.5228787660598755,MW1140-21|20160907,0xc4ffe272f139789cb,39
5606,Rotenone,4,-1.0,MW1140-21|20160907,0xc4e5e272f139789cb,36
5607,Rotenone,4,-0.5228787660598755,MW1140-21|20160907,0xc4e5e272f139789cb,36
5608,Rotenone,4,0.0,MW1140-21|20160907,0xc4e5e272f139789cb,36
5609,Rotenone,4,0.4771212637424469,MW1140-21|20160907,0xc4e5e272f139789cb,36
5610,Rotenone,4,0.4771212637424469,MW1140-22|20160907,0xc4e5e272f139789cb,36
5611,Rotenone,4,1.0,MW1140-22|20160907,0xc4e5e272f139789cb,36
5612,Rotenone,4,1.3010300397872925,MW1140-22|20160907,0xc4e5e272f139789cb,36
5613,Rotenone,4,-1.5228787660598755,MW1140-22|20160907,0xc4e5e272f139789cb,36
5614,Rotenone,4,-1.0,MW1140-22|20160907,0xc4e5e272f139789cb,36
5615,Rotenone,4,-0.5228787660598755,MW1140-22|20160907,0xc4e5e272f139789cb,36
5616,Rotenone,4,0.0,MW1140-22|20160907,0xc4e5e272f139789cb,36
5617,Rotenone,4,-4.522878646850586,MW1147-7|20170913,0xfffffffffffff89ff,63
5618,Rotenone,4,-4.0,MW1147-7|20170913,0xfffffffffffff89cb,60
5619,Rotenone,4,-3.522878646850586,MW1147-7|20170913,0xfffffffffffff89cb,60
5620,Rotenone,4,-3.0,MW1147-7|20170913,0xfffffffffffff89cb,60
5621,Rotenone,4,-2.522878646850586,MW1147-7|20170913,0xfffffffffffff89cb,60
5622,Rotenone,4,-2.0,MW1147-7|20170913,0xfffffffff13ff89cb,55
5623,Rotenone,4,-1.5228787660598755,MW1147-7|20170913,0xffffe27ff139789cb,47
5624,Rotenone,4,-4.522878646850586,MW1147-8|20170913,0xfffffffffffff89ff,63
5625,Rotenone,4,-4.0,MW1147-8|20170913,0xfffffffffffff89cb,60
5626,Rotenone,4,-3.522878646850586,MW1147-8|20170913,0xfffffffffffff89ff,63
5627,Rotenone,4,-3.0,MW1147-8|20170913,0xfffffffffffff89cb,60
5628,Rotenone,4,-2.522878646850586,MW1147-8|20170913,0xfffffffffffff89ff,63
5629,Rotenone,4,-2.0,MW1147-8|20170913,0xfffffffffffff89cb,60
5630,Rotenone,4,-1.5228787660598755,MW1147-8|20170913,0xffffe27ff13ff89cb,50
5631,Rotenone,4,-4.522878646850586,MW1147-9|20170913,0xfffffffffffff89ff,63
5632,Rotenone,4,-4.0,MW1147-9|20170913,0xfffffffffffff89cb,60
5633,Rotenone,4,-3.522878646850586,MW1147-9|20170913,0xfffffffffffff89ff,63
5634,Rotenone,4,-3.0,MW1147-9|20170913,0xfffffffffffff89cb,60
5635,Rotenone,4,-2.522878646850586,MW1147-9|20170913,0xfffffffffffff89cb,60
5636,Rotenone,4,-2.0,MW1147-9|20170913,0xfffffffffffff89cb,60
5637,Rotenone,4,-1.5228787660598755,MW1147-9|20170913,0xfffffffff13ff89cb,55
5638,Rotenone,4,1.3010300397872925,MW1146-09|20170412,0xc4e5e272f139789cb,36
5639,Rotenone,4,-1.5228787660598755,MW1146-09|20170412,0xfffffffff13ff89cb,55
5640,Rotenone,4,-1.0,MW1146-09|20170412,0xc4e5e272f139789cb,36
5641,Rotenone,4,-0.5228787660598755,MW1146-09|20170412,0xc4e5e272f139789cb,36
5642,Rotenone,4,0.0,MW1146-09|20170412,0xc4e5e272f139789cb,36
5643,Rotenone,4,0.4771212637424469,MW1146-09|20170412,0xc4e5e272f139789cb,36
5644,Rotenone,4,1.0,MW1146-09|20170412,0xc4e5e272f139789cb,36
5645,Rotenone,4,1.0,MW1146-10|20170412,0xc4e5e272f139789cb,36
5646,Rotenone,4,1.3010300397872925,MW1146-10|20170412,0xc4e5e272f139789cb,36
5647,Rotenone,4,-1.5228787660598755,MW1146-10|20170412,0xfffffffffffff89ff,63
5648,Rotenone,4,-1.0,MW1146-10|20170412,0xc4e5e272f139789cb,36
5649,Rotenone,4,-0.5228787660598755,MW1146-10|20170412,0xc4e5e272f139789cb,36
5650,Rotenone,4,0.0,MW1146-10|20170412,0xc4e5e272f139789cb,36
5651,Rotenone,4,0.4771212637424469,MW1146-10|20170412,0xc4e5e272f139789cb,36
5652,Rotenone,4,0.4771212637424469,MW1146-11|20170412,0xc4e5e272f139789cb,36
5653,Rotenone,4,1.0,MW1146-11|20170412,0xc4e5e272f139789cb,36
5654,Rotenone,4,1.3010300397872925,MW1146-11|20170412,0xc4e5e272f139789cb,36
5655,Rotenone,4,-1.5228787660598755,MW1146-11|20170412,0xfffffffff13ff89cb,55
5656,Rotenone,4,-1.0,MW1146-11|20170412,0xc4e5e272f139789cb,36
5657,Rotenone,4,-0.5228787660598755,MW1146-11|20170412,0xc4e5e272f139789cb,36
5658,Rotenone,4,0.0,MW1146-11|20170412,0xc4e5e272f139789cb,36
5659,Rotenone,4,-4.0,MW1147-28|20171011,0xfffffffffffff89ff,63
5660,Rotenone,4,-3.522878646850586,MW1147-28|20171011,0xfffffffffffff89ff,63
5661,Rotenone,4,-3.0,MW1147-28|20171011,0xfffffffffffff89ff,63
5662,Rotenone,4,-2.522878646850586,MW1147-28|20171011,0xfffffffffffff89ff,63
5663,Rotenone,4,-2.0,MW1147-28|20171011,0xfffffffffffff89ff,63
5664,Rotenone,4,-1.5228787660598755,MW1147-28|20171011,0xc4e5e272f139789cb,36
5665,Rotenone,4,-1.0,MW1147-28|20171011,0xc4e5e272f139789cb,36
5666,Rotenone,4,-4.0,MW1147-29|20171011,0xfffffffffffff89ff,63
5667,Rotenone,4,-3.522878646850586,MW1147-29|20171011,0xfffffffffffff89ff,63
5668,Rotenone,4,-3.0,MW1147-29|20171011,0xfffffffffffff89ff,63
5669,Rotenone,4,-2.522878646850586,MW1147-29|20171011,0xfffffffffffff89ff,63
5670,Rotenone,4,-2.0,MW1147-29|20171011,0xfffffffffffff89ff,63
5671,Rotenone,4,-1.5228787660598755,MW1147-29|20171011,0xc4e5e272f139789cb,36
5672,Rotenone,4,-1.0,MW1147-29|20171011,0xc4e5e272f139789cb,36
5673,Rotenone,4,-4.0,MW1147-30|20171011,0xfffffffffffff89ff,63
5674,Rotenone,4,-3.522878646850586,MW1147-30|20171011,0xfffffffffffff89ff,63
5675,Rotenone,4,-3.0,MW1147-30|20171011,0xfffffffffffff89ff,63
5676,Rotenone,4,-2.522878646850586,MW1147-30|20171011,0xfffffffffffff89ff,63
5677,Rotenone,4,-2.0,MW1147-30|20171011,0xc4e5e272f139789ff,39
5678,Rotenone,4,-1.5228787660598755,MW1147-30|20171011,0xfffffffff139789cb,52
5679,Rotenone,4,-1.0,MW1147-30|20171011,0xc4e5e272f139789cb,36
5680,S-Bioallethrin,3,-1.5228787660598755,MW1146-23|20170712,0xfffffffffffff89cb,60
5681,S-Bioallethrin,3,-1.0,MW1146-23|20170712,0xfffffffffffff89cb,60
5682,S-Bioallethrin,3,-0.5228787660598755,MW1146-23|20170712,0xfffffffffffff89cb,60
5683,S-Bioallethrin,3,0.0,MW1146-23|20170712,0xfffffffffffff89cb,60
5684,S-Bioallethrin,3,0.4771212637424469,MW1146-23|20170712,0xfffffffffffff89cb,60
5685,S-Bioallethrin,3,1.0,MW1146-23|20170712,0xfffffffffffff89cb,60
5686,S-Bioallethrin,3,1.3010300397872925,MW1146-23|20170712,0xffffe27ff139789cb,47
5687,S-Bioallethrin,3,-1.5228787660598755,MW1146-24|20170712,0xfffffffffffff89cb,60
5688,S-Bioallethrin,3,-1.0,MW1146-24|20170712,0xfffffffffffff89cb,60
5689,S-Bioallethrin,3,-0.5228787660598755,MW1146-24|20170712,0xfffffffffffff89cb,60
5690,S-Bioallethrin,3,0.0,MW1146-24|20170712,0xfffffffffffff89cb,60
5691,S-Bioallethrin,3,0.4771212637424469,MW1146-24|20170712,0xfffffffffffff89cb,60
5692,S-Bioallethrin,3,1.0,MW1146-24|20170712,0xfffffffff13ff89cb,55
5693,S-Bioallethrin,3,1.3010300397872925,MW1146-24|20170712,0xfffffffff139789cb,52
5694,S-Bioallethrin,3,-1.5228787660598755,MW1146-25|20170712,0xfffffffffffff89cb,60
5695,S-Bioallethrin,3,-1.0,MW1146-25|20170712,0xfffffffffffff89cb,60
5696,S-Bioallethrin,3,-0.5228787660598755,MW1146-25|20170712,0xfffffffffffff89cb,60
5697,S-Bioallethrin,3,0.0,MW1146-25|20170712,0xfffffffffffff89cb,60
5698,S-Bioallethrin,3,0.4771212637424469,MW1146-25|20170712,0xfffffffffffff89cb,60
5699,S-Bioallethrin,3,1.0,MW1146-25|20170712,0xfffffffff13ff89cb,55
5700,S-Bioallethrin,3,1.3010300397872925,MW1146-25|20170712,0xfffffffff139789cb,52
5701,S-Ethyl dipropylthiocarbamate,1,1.3010300397872925,MW1146-06|20170412,0xfffffffffffff89cb,60
5702,S-Ethyl dipropylthiocarbamate,1,-1.5228787660598755,MW1146-06|20170412,0xfffffffffffff89cb,60
5703,S-Ethyl dipropylthiocarbamate,1,-1.0,MW1146-06|20170412,0xfffffffffffff89cb,60
5704,S-Ethyl dipropylthiocarbamate,1,-0.5228787660598755,MW1146-06|20170412,0xfffffffffffff89cb,60
5705,S-Ethyl dipropylthiocarbamate,1,0.0,MW1146-06|20170412,0xfffffffffffff89cb,60
5706,S-Ethyl dipropylthiocarbamate,1,0.4771212637424469,MW1146-06|20170412,0xfffffffffffff89cb,60
5707,S-Ethyl dipropylthiocarbamate,1,1.0,MW1146-06|20170412,0xfffffffffffff89cb,60
5708,S-Ethyl dipropylthiocarbamate,1,1.0,MW1146-07|20170412,0xfffffffffffff89ff,63
5709,S-Ethyl dipropylthiocarbamate,1,1.3010300397872925,MW1146-07|20170412,0xfffffffffffff89cb,60
5710,S-Ethyl dipropylthiocarbamate,1,-1.5228787660598755,MW1146-07|20170412,0xfffffffff139789cb,52
5711,S-Ethyl dipropylthiocarbamate,1,-1.0,MW1146-07|20170412,0xfffffffffffff89ff,63
5712,S-Ethyl dipropylthiocarbamate,1,-0.5228787660598755,MW1146-07|20170412,0xfffffffffffff89ff,63
5713,S-Ethyl dipropylthiocarbamate,1,0.0,MW1146-07|20170412,0xfffffffffffff89ff,63
5714,S-Ethyl dipropylthiocarbamate,1,0.4771212637424469,MW1146-07|20170412,0xfffffffffffff89cb,60
5715,S-Ethyl dipropylthiocarbamate,1,0.4771212637424469,MW1146-08|20170412,0xfffffffffffff89cb,60
5716,S-Ethyl dipropylthiocarbamate,1,1.0,MW1146-08|20170412,0xfffffffffffff89cb,60
5717,S-Ethyl dipropylthiocarbamate,1,1.3010300397872925,MW1146-08|20170412,0xfffffffffffff89cb,60
5718,S-Ethyl dipropylthiocarbamate,1,-1.5228787660598755,MW1146-08|20170412,0xfffffffffffff89cb,60
5719,S-Ethyl dipropylthiocarbamate,1,-1.0,MW1146-08|20170412,0xfffffffffffff89cb,60
5720,S-Ethyl dipropylthiocarbamate,1,-0.5228787660598755,MW1146-08|20170412,0xfffffffffffff89cb,60
5721,S-Ethyl dipropylthiocarbamate,1,0.0,MW1146-08|20170412,0xfffffffffffff89cb,60
5722,Simvastatin,3,-2.522878646850586,MW1146-20|20170628,0xfffffffff13ff89cb,55
5723,Simvastatin,3,-2.0,MW1146-20|20170628,0xfffffffff13ff89cb,55
5724,Simvastatin,3,-1.5228787660598755,MW1146-20|20170628,0xfffffffff13ff89cb,55
5725,Simvastatin,3,-1.0,MW1146-20|20170628,0xfffffffff13ff89cb,55
5726,Simvastatin,3,-0.5228787660598755,MW1146-20|20170628,0xffffe27ff13ff89cb,50
5727,Simvastatin,3,0.0,MW1146-20|20170628,0xc4e5e27ff139789cb,39
5728,Simvastatin,3,0.4771212637424469,MW1146-20|20170628,0xc4ffe27ff139789cb,42
5729,Simvastatin,3,-2.522878646850586,MW1146-21|20170628,0xfffffffff139789cb,52
5730,Simvastatin,3,-2.0,MW1146-21|20170628,0xfffffffff139789cb,52
5731,Simvastatin,3,-1.5228787660598755,MW1146-21|20170628,0xfffffffff13ff89cb,55
5732,Simvastatin,3,-1.0,MW1146-21|20170628,0xfffffffffffff89cb,60
5733,Simvastatin,3,-0.5228787660598755,MW1146-21|20170628,0xfffffffff13ff89cb,55
5734,Simvastatin,3,0.0,MW1146-21|20170628,0xc4ffe272f139789cb,39
5735,Simvastatin,3,0.4771212637424469,MW1146-21|20170628,0xc4e5e272f139789cb,36
5736,Simvastatin,3,-2.522878646850586,MW1146-22|20170628,0xfffffffff139789cb,52
5737,Simvastatin,3,-2.0,MW1146-22|20170628,0xfffffffff139789cb,52
5738,Simvastatin,3,-1.5228787660598755,MW1146-22|20170628,0xfffffffff13ff89cb,55
5739,Simvastatin,3,-1.0,MW1146-22|20170628,0xfffffffff13ff89cb,55
5740,Simvastatin,3,-0.5228787660598755,MW1146-22|20170628,0xc4ffe272f139789cb,39
5741,Simvastatin,3,0.0,MW1146-22|20170628,0xc4ffe272f139789cb,39
5742,Simvastatin,3,0.4771212637424469,MW1146-22|20170628,0xc4e5e272f139789cb,36
5743,Simvastatin,3,1.3010300397872925,MW1159-40|20160921,0xc4e5e272f139789cb,36
5744,Simvastatin,3,-1.5228787660598755,MW1159-40|20160921,0xfffffffffffff89ff,63
5745,Simvastatin,3,-1.0,MW1159-40|20160921,0xfffffffffffff89ff,63
5746,Simvastatin,3,-0.5228787660598755,MW1159-40|20160921,0xfffffffffffff89cb,60
5747,Simvastatin,3,0.0,MW1159-40|20160921,0xfffffffff13ff89cb,55
5748,Simvastatin,3,0.4771212637424469,MW1159-40|20160921,0xc4e5e272f139789cb,36
5749,Simvastatin,3,1.0,MW1159-40|20160921,0xc4e5e272f139789cb,36
5750,Simvastatin,3,1.0,MW1159-43|20160921,0xc4e5e272f139789cb,36
5751,Simvastatin,3,1.3010300397872925,MW1159-43|20160921,0xc4e5e272f139789cb,36
5752,Simvastatin,3,-1.5228787660598755,MW1159-43|20160921,0xfffffffffffff89cb,60
5753,Simvastatin,3,-1.0,MW1159-43|20160921,0xfffffffffffff89ff,63
5754,Simvastatin,3,-0.5228787660598755,MW1159-43|20160921,0xfffffffffffff89ff,63
5755,Simvastatin,3,0.0,MW1159-43|20160921,0xfffffffff13ff89cb,55
5756,Simvastatin,3,0.4771212637424469,MW1159-43|20160921,0xffffe27ff139789cb,47
5757,Simvastatin,3,0.4771212637424469,MW1160-23|20160921,0xc4e5e272f139789cb,36
5758,Simvastatin,3,1.0,MW1160-23|20160921,0xc4e5e272f139789cb,36
5759,Simvastatin,3,1.3010300397872925,MW1160-23|20160921,0xc4e5e272f139789cb,36
5760,Simvastatin,3,-1.5228787660598755,MW1160-23|20160921,0xfffffffffffffffff,68
5761,Simvastatin,3,-1.0,MW1160-23|20160921,0xfffffffffffff89ff,63
5762,Simvastatin,3,-0.5228787660598755,MW1160-23|20160921,0xfffffffffffff89ff,63
5763,Simvastatin,3,0.0,MW1160-23|20160921,0xfffffffff13ff89cb,55
5764,Sodium arsenite,2,1.4771212339401245,MW1112-16|20160511,0xc4e5e272f139789cb,36
5765,Sodium arsenite,2,-1.5228787660598755,MW1112-16|20160511,0xfffffffffffffffff,68
5766,Sodium arsenite,2,-1.0,MW1112-16|20160511,0xfffffffffffffffff,68
5767,Sodium arsenite,2,-0.5228787660598755,MW1112-16|20160511,0xfffffffffffffffff,68
5768,Sodium arsenite,2,0.0,MW1112-16|20160511,0xfffffffffffffffff,68
5769,Sodium arsenite,2,0.4771212637424469,MW1112-16|20160511,0xc4e5e272f139789cb,36
5770,Sodium arsenite,2,1.0,MW1112-16|20160511,0xc4e5e272f139789cb,36
5771,Sodium arsenite,2,1.0,MW1112-17|20160511,0xc4e5e272f139789cb,36
5772,Sodium arsenite,2,1.4771212339401245,MW1112-17|20160511,0xc4e5e272f139789cb,36
5773,Sodium arsenite,2,-1.5228787660598755,MW1112-17|20160511,0xfffffffffffffffff,68
5774,Sodium arsenite,2,-1.0,MW1112-17|20160511,0xfffffffffffffffff,68
5775,Sodium arsenite,2,-0.5228787660598755,MW1112-17|20160511,0xfffffffffffffffff,68
5776,Sodium arsenite,2,0.0,MW1112-17|20160511,0xfffffffffffffffff,68
5777,Sodium arsenite,2,0.4771212637424469,MW1112-17|20160511,0xc4e5e272f139789cb,36
5778,Sodium arsenite,2,0.4771212637424469,MW1112-18|20160511,0xc4e5e27ff139789cb,39
5779,Sodium arsenite,2,1.0,MW1112-18|20160511,0xc4e5e272f139789cb,36
5780,Sodium arsenite,2,1.4771212339401245,MW1112-18|20160511,0xc4e5e272f139789cb,36
5781,Sodium arsenite,2,-1.5228787660598755,MW1112-18|20160511,0xfffffffffffffffff,68
5782,Sodium arsenite,2,-1.0,MW1112-18|20160511,0xfffffffffffffffff,68
5783,Sodium arsenite,2,-0.5228787660598755,MW1112-18|20160511,0xfffffffffffffffff,68
5784,Sodium arsenite,2,0.0,MW1112-18|20160511,0xfffffffffffffcfcb,63
5806,Sodium fluoride,3,1.4771212339401245,MW1112-16|20160511,0xfffffffffffff89ff,63
5807,Sodium fluoride,3,-1.5228787660598755,MW1112-16|20160511,0xfffffffffffffffff,68
5808,Sodium fluoride,3,-1.0,MW1112-16|20160511,0xfffffffffffffffff,68
5809,Sodium fluoride,3,-0.5228787660598755,MW1112-16|20160511,0xfffffffffffffffff,68
5810,Sodium fluoride,3,0.0,MW1112-16|20160511,0xfffffffffffffffff,68
5811,Sodium fluoride,3,0.4771212637424469,MW1112-16|20160511,0xfffffffffffffffff,68
5812,Sodium fluoride,3,1.0,MW1112-16|20160511,0xfffffffffffffffff,68
5813,Sodium fluoride,3,1.0,MW1112-17|20160511,0xfffffffffffffffff,68
5814,Sodium fluoride,3,1.4771212339401245,MW1112-17|20160511,0xfffffffffffffffff,68
5815,Sodium fluoride,3,-1.5228787660598755,MW1112-17|20160511,0xfffffffffffffffff,68
5816,Sodium fluoride,3,-1.0,MW1112-17|20160511,0xfffffffffffffffff,68
5817,Sodium fluoride,3,-0.5228787660598755,MW1112-17|20160511,0xfffffffffffffffff,68
5818,Sodium fluoride,3,0.0,MW1112-17|20160511,0xfffffffffffffffff,68
5819,Sodium fluoride,3,0.4771212637424469,MW1112-17|20160511,0xfffffffffffffffff,68
5820,Sodium fluoride,3,0.4771212637424469,MW1112-18|20160511,0xfffffffffffffffff,68
5821,Sodium fluoride,3,1.0,MW1112-18|20160511,0xfffffffffffffffff,68
5822,Sodium fluoride,3,1.4771212339401245,MW1112-18|20160511,0xfffffffffffffffff,68
5823,Sodium fluoride,3,-1.5228787660598755,MW1112-18|20160511,0xfffffffffffffffff,68
5824,Sodium fluoride,3,-1.0,MW1112-18|20160511,0xfffffffffffffffff,68
5825,Sodium fluoride,3,-0.5228787660598755,MW1112-18|20160511,0xfffffffffffffffff,68
5826,Sodium fluoride,3,0.0,MW1112-18|20160511,0xfffffffffffffffff,68
5827,Sodium orthovanadate,4,-2.0,MW1007-104|20140730,0xfffffffffffff89cb,60
5828,Sodium orthovanadate,4,-1.5228787660598755,MW1007-104|20140730,0xfffffffffffff89cb,60
5829,Sodium orthovanadate,4,-1.0,MW1007-104|20140730,0xfffffffffffff89cb,60
5830,Sodium orthovanadate,4,-0.5228787660598755,MW1007-104|20140730,0xfffffffffffff89cb,60
5831,Sodium orthovanadate,4,0.0,MW1007-104|20140730,0xfffffffffffff89cb,60
5832,Sodium orthovanadate,4,0.4771212637424469,MW1007-104|20140730,0xfffffffffffff89cb,60
5833,Sodium orthovanadate,4,1.0,MW1007-104|20140730,0xfffffffff13ff89cb,55
5834,Sodium orthovanadate,4,-2.0,MW1007-104|20140730,0xfffffffffffff89cb,60
5835,Sodium orthovanadate,4,-1.5228787660598755,MW1007-104|20140730,0xfffffffffffff89cb,60
5836,Sodium orthovanadate,4,-1.0,MW1007-104|20140730,0xfffffffffffff89cb,60
5837,Sodium orthovanadate,4,-0.5228787660598755,MW1007-104|20140730,0xfffffffffffff89cb,60
5838,Sodium orthovanadate,4,0.0,MW1007-104|20140730,0xfffffffffffff89cb,60
5839,Sodium orthovanadate,4,0.4771212637424469,MW1007-104|20140730,0xc4fffffff139789cb,47
5840,Sodium orthovanadate,4,1.0,MW1007-104|20140730,0xfffffffff139789cb,52
5841,Sodium orthovanadate,4,-1.5228787660598755,MW1007-26|20140205,0xfffffffffffff89ff,63
5842,Sodium orthovanadate,4,-1.0,MW1007-26|20140205,0xfffffffffffff89ff,63
5843,Sodium orthovanadate,4,-0.5228787660598755,MW1007-26|20140205,0xfffffffffffff89ff,63
5844,Sodium orthovanadate,4,0.0,MW1007-26|20140205,0xfffffffffffff89ff,63
5845,Sodium orthovanadate,4,0.4771212637424469,MW1007-26|20140205,0xfffffffffffff89ff,63
5846,Sodium orthovanadate,4,1.0,MW1007-26|20140205,0xfffffffff13ff89ff,58
5847,Sodium orthovanadate,4,-2.0,MW1007-26|20140716,0xfffffffffffff89cb,60
5848,Sodium orthovanadate,4,-1.5228787660598755,MW1007-26|20140716,0xfffffffffffff89cb,60
5849,Sodium orthovanadate,4,-1.0,MW1007-26|20140716,0xfffffffffffff89cb,60
5850,Sodium orthovanadate,4,-0.5228787660598755,MW1007-26|20140716,0xfffffffff9fff89cb,58
5851,Sodium orthovanadate,4,0.0,MW1007-26|20140716,0xfffffffff9fff89cb,58
5852,Sodium orthovanadate,4,0.4771212637424469,MW1007-26|20140716,0xfffffffff9fff89cb,58
5853,Sodium orthovanadate,4,1.0,MW1007-26|20140716,0xfffffffff139789cb,52
5854,Sodium orthovanadate,4,-2.0,MW1007-26|20140716,0xfffffffff13ff89cb,55
5855,Sodium orthovanadate,4,-1.5228787660598755,MW1007-26|20140716,0xfffffffffffff89cb,60
5856,Sodium orthovanadate,4,-1.0,MW1007-26|20140716,0xfffffffff13ff89cb,55
5857,Sodium orthovanadate,4,-0.5228787660598755,MW1007-26|20140716,0xfffffffffffff89cb,60
5858,Sodium orthovanadate,4,0.0,MW1007-26|20140716,0xfffffffff13ff89cb,55
5859,Sodium orthovanadate,4,0.4771212637424469,MW1007-26|20140716,0xfffffffff13ff89cb,55
5860,Sodium orthovanadate,4,1.0,MW1007-26|20140716,0xffffe27ff139789cb,47
5861,Sodium orthovanadate,4,-1.0,MW1007-27|20140212,0xfffffffff13ff89cb,55
5862,Sodium orthovanadate,4,-0.5228787660598755,MW1007-27|20140212,0xfffffffff13ff89cb,55
5863,Sodium orthovanadate,4,0.0,MW1007-27|20140212,0xfffffffff13ff89cb,55
5864,Sodium orthovanadate,4,0.4771212637424469,MW1007-27|20140212,0xfffffffff13ff89cb,55
5865,Sodium orthovanadate,4,1.0,MW1007-27|20140212,0xfffffffff139789cb,52
5866,Sodium orthovanadate,4,1.4771212339401245,MW1007-27|20140212,0xc4ffe27ff139789cb,42
5867,Sodium orthovanadate,4,-1.0,MW1007-27|20140402,0xfffffffffffff89cb,60
5868,Sodium orthovanadate,4,-0.5228787660598755,MW1007-27|20140402,0xfffffffffffff89ff,63
5869,Sodium orthovanadate,4,0.0,MW1007-27|20140402,0xfffffffffffff89ff,63
5870,Sodium orthovanadate,4,0.4771212637424469,MW1007-27|20140402,0xfffffffff13ff89cb,55
5871,Sodium orthovanadate,4,1.0,MW1007-27|20140402,0xfffffffffffff89cb,60
5872,Sodium orthovanadate,4,1.4771212339401245,MW1007-27|20140402,0xfffffffff13ff89ff,58
5873,Sodium orthovanadate,4,-1.0,MW1007-38|20140423,0xfffffffffffff89cb,60
5874,Sodium orthovanadate,4,-0.5228787660598755,MW1007-38|20140423,0xfffffffff13ff89cb,55
5875,Sodium orthovanadate,4,0.0,MW1007-38|20140423,0xfffffffff139789cb,52
5876,Sodium orthovanadate,4,0.4771212637424469,MW1007-38|20140423,0xfffff3fff139789cb,50
5877,Sodium orthovanadate,4,1.0,MW1007-38|20140423,0xfffffffff13ff89cb,55
5878,Sodium orthovanadate,4,1.4771212339401245,MW1007-38|20140423,0xc4e5e272f139789cb,36
5879,Sodium orthovanadate,4,-1.5228787660598755,MW1042-42|20141203,0xfffffffffffffffff,68
5880,Sodium orthovanadate,4,-1.0,MW1042-42|20141203,0xfffffffffffffffff,68
5881,Sodium orthovanadate,4,-0.5228787660598755,MW1042-42|20141203,0xfffffffffffffffff,68
5882,Sodium orthovanadate,4,0.0,MW1042-42|20141203,0xfffffffffffffffff,68
5883,Sodium orthovanadate,4,0.4771212637424469,MW1042-42|20141203,0xfffffffffffff89ff,63
5884,Sodium orthovanadate,4,1.0,MW1042-42|20141203,0xfffffffffffff89ff,63
5885,Sodium orthovanadate,4,1.4771212339401245,MW1042-42|20141203,0xfffffffff139789ff,55
5886,Sodium orthovanadate,4,-1.5228787660598755,MW1042-43|20141203,0xfffffffffffffffff,68
5887,Sodium orthovanadate,4,-1.0,MW1042-43|20141203,0xfffffffffffffffff,68
5888,Sodium orthovanadate,4,-0.5228787660598755,MW1042-43|20141203,0xfffffffffffffffff,68
5889,Sodium orthovanadate,4,0.0,MW1042-43|20141203,0xfffffffffffffffff,68
5890,Sodium orthovanadate,4,0.4771212637424469,MW1042-43|20141203,0xfffffffffffff89cb,60
5891,Sodium orthovanadate,4,1.0,MW1042-43|20141203,0xfffffffffffff89cb,60
5892,Sodium orthovanadate,4,1.4771212339401245,MW1042-43|20141203,0xffffe27ff139789cb,47
5893,Sodium orthovanadate,4,-1.5228787660598755,MW1042-44|20141203,0xfffffffffffffffff,68
5894,Sodium orthovanadate,4,-1.0,MW1042-44|20141203,0xfffffffffffffffff,68
5895,Sodium orthovanadate,4,-0.5228787660598755,MW1042-44|20141203,0xfffffffffffffffff,68
5896,Sodium orthovanadate,4,0.0,MW1042-44|20141203,0xfffffffffffffffff,68
5897,Sodium orthovanadate,4,0.4771212637424469,MW1042-44|20141203,0xfffffffffffff89ff,63
5898,Sodium orthovanadate,4,1.0,MW1042-44|20141203,0xfffffffffffff89cb,60
5899,Sodium orthovanadate,4,1.4771212339401245,MW1042-44|20141203,0xc4ffe272f139789cb,39
5900,Sodium saccharin hydrate,1,-1.5228787660598755,MW1007-107|20141015,0xfffffffffffff89ff,63
5901,Sodium saccharin hydrate,1,-0.5228787660598755,MW1007-107|20141015,0xfffffffffffff89ff,63
5902,Sodium saccharin hydrate,1,0.4771212637424469,MW1007-107|20141015,0xfffffffffffff89ff,63
5903,Sodium saccharin hydrate,1,1.0,MW1007-107|20141015,0xfffffffffffff89ff,63
5904,Sodium saccharin hydrate,1,1.4771212339401245,MW1007-107|20141015,0xfffffffffffff89ff,63
5905,Sodium saccharin hydrate,1,-1.5228787660598755,MW1007-108|20141015,0xfffffffffffff89ff,63
5906,Sodium saccharin hydrate,1,-0.5228787660598755,MW1007-108|20141015,0xfffffffffffff89ff,63
5907,Sodium saccharin hydrate,1,0.4771212637424469,MW1007-108|20141015,0xfffffffffffff89ff,63
5908,Sodium saccharin hydrate,1,1.0,MW1007-108|20141015,0xfffffffffffff89ff,63
5909,Sodium saccharin hydrate,1,1.4771212339401245,MW1007-108|20141015,0xfffffffffffff89ff,63
5910,Sodium saccharin hydrate,1,-1.5228787660598755,MW1008-39|20141015,0xffffe27ff139789cb,47
5911,Sodium saccharin hydrate,1,-1.0,MW1008-39|20141015,0xfffffffffffff89ff,63
5912,Sodium saccharin hydrate,1,-0.5228787660598755,MW1008-39|20141015,0xfffffffffffff89cb,60
5913,Sodium saccharin hydrate,1,0.0,MW1008-39|20141015,0xfffffffffffff89cb,60
5914,Sodium saccharin hydrate,1,0.4771212637424469,MW1008-39|20141015,0xfffffffffffff89cb,60
5915,Sodium saccharin hydrate,1,1.0,MW1008-39|20141015,0xfffffffffffff89cb,60
5916,Sodium saccharin hydrate,1,1.4771212339401245,MW1008-39|20141015,0xfffffffffffff89cb,60
5917,Sodium saccharin hydrate,1,1.4771212339401245,MW1086-39|20151125,0xfffffffffffffffff,68
5918,Sodium saccharin hydrate,1,-1.5228787660598755,MW1086-39|20151125,0xfffffffffffffffff,68
5919,Sodium saccharin hydrate,1,-1.0,MW1086-39|20151125,0xfffffffff139789cb,52
5920,Sodium saccharin hydrate,1,-0.5228787660598755,MW1086-39|20151125,0xfffffffffffffcfff,66
5921,Sodium saccharin hydrate,1,0.0,MW1086-39|20151125,0xfffffffffffffffff,68
5922,Sodium saccharin hydrate,1,0.4771212637424469,MW1086-39|20151125,0xfffffffffffffffff,68
5923,Sodium saccharin hydrate,1,1.0,MW1086-39|20151125,0xfffffffffffffffff,68
5924,Sodium saccharin hydrate,1,1.0,MW1086-41|20151125,0xfffffffffffffffff,68
5925,Sodium saccharin hydrate,1,1.4771212339401245,MW1086-41|20151125,0xfffffffffffffffff,68
5926,Sodium saccharin hydrate,1,-1.5228787660598755,MW1086-41|20151125,0xfffffffffffffcfff,66
5927,Sodium saccharin hydrate,1,-1.0,MW1086-41|20151125,0xfffffffffffffffff,68
5928,Sodium saccharin hydrate,1,-0.5228787660598755,MW1086-41|20151125,0xfffffffffffffffff,68
5929,Sodium saccharin hydrate,1,0.0,MW1086-41|20151125,0xfffffffffffffffff,68
5930,Sodium saccharin hydrate,1,0.4771212637424469,MW1086-41|20151125,0xfffffffffffffffff,68
5931,Sodium valproate,1,3.477121353149414,MW1112-16|20160511,0xfffffffffffff89cb,60
5932,Sodium valproate,1,0.4771212637424469,MW1112-16|20160511,0xfffffffffffffffff,68
5933,Sodium valproate,1,1.0,MW1112-16|20160511,0xfffffffffffffffff,68
5934,Sodium valproate,1,1.4771212339401245,MW1112-16|20160511,0xfffffffffffffffff,68
5935,Sodium valproate,1,2.0,MW1112-16|20160511,0xfffffffffffffffff,68
5936,Sodium valproate,1,2.477121353149414,MW1112-16|20160511,0xfffffffffffffffff,68
5937,Sodium valproate,1,3.0,MW1112-16|20160511,0xfffffffffffffffff,68
5938,Sodium valproate,1,3.0,MW1112-17|20160511,0xfffffffffffff89ff,63
5939,Sodium valproate,1,3.477121353149414,MW1112-17|20160511,0xfffffffffffffffff,68
5940,Sodium valproate,1,0.4771212637424469,MW1112-17|20160511,0xfffffffffffffffff,68
5941,Sodium valproate,1,1.0,MW1112-17|20160511,0xfffffffffffffffff,68
5942,Sodium valproate,1,1.4771212339401245,MW1112-17|20160511,0xfffffffffffffffff,68
5943,Sodium valproate,1,2.0,MW1112-17|20160511,0xfffffffffffffffff,68
5944,Sodium valproate,1,2.477121353149414,MW1112-17|20160511,0xfffffffffffffffff,68
5945,Sodium valproate,1,2.477121353149414,MW1112-18|20160511,0xfffffffffffff89cb,60
5946,Sodium valproate,1,3.0,MW1112-18|20160511,0xfffffffffffffffff,68
5947,Sodium valproate,1,3.477121353149414,MW1112-18|20160511,0xfffffffffffffffff,68
5948,Sodium valproate,1,0.4771212637424469,MW1112-18|20160511,0xfffffffffffffffff,68
5949,Sodium valproate,1,1.0,MW1112-18|20160511,0xfffffffffffffffff,68
5950,Sodium valproate,1,1.4771212339401245,MW1112-18|20160511,0xfffffffffffffffff,68
5951,Sodium valproate,1,2.0,MW1112-18|20160511,0xfffffffffffffffff,68
5973,Spiroxamine,3,-1.5228787660598755,MW1007-109|20150128,0xfffffffffffffffff,68
5974,Spiroxamine,3,-1.0,MW1007-109|20150128,0xfffffffffffffcfff,66
5975,Spiroxamine,3,-0.5228787660598755,MW1007-109|20150128,0xc4e5fffffffff89ff,55
5976,Spiroxamine,3,0.0,MW1007-109|20150128,0xc4e5e272f139789cb,36
5977,Spiroxamine,3,0.4771212637424469,MW1007-109|20150128,0xc4e5e272f139789cb,36
5978,Spiroxamine,3,1.0,MW1007-109|20150128,0xc4e5e272f139789cb,36
5979,Spiroxamine,3,1.4771212339401245,MW1007-109|20150128,0xc4e5e272f139789cb,36
5980,Spiroxamine,3,-1.5228787660598755,MW1008-1|20150128,0xfffffffffffffffff,68
5981,Spiroxamine,3,-1.0,MW1008-1|20150128,0xfffffffffffffffff,68
5982,Spiroxamine,3,-0.5228787660598755,MW1008-1|20150128,0xc4e5e272f139789cb,36
5983,Spiroxamine,3,0.0,MW1008-1|20150128,0xc4e5e272f139789cb,36
5984,Spiroxamine,3,0.4771212637424469,MW1008-1|20150128,0xc4e5e272f139789cb,36
5985,Spiroxamine,3,1.0,MW1008-1|20150128,0xc4e5e272f139789cb,36
5986,Spiroxamine,3,1.4771212339401245,MW1008-1|20150128,0xc4e5e272f139789cb,36
5987,Spiroxamine,3,-1.5228787660598755,MW1008-40|20150128,0xfffffffffffff89cb,60
5988,Spiroxamine,3,-1.0,MW1008-40|20150128,0xfffffffffffff89ff,63
5989,Spiroxamine,3,-0.5228787660598755,MW1008-40|20150128,0xc4e5e272f139789cb,36
5990,Spiroxamine,3,0.0,MW1008-40|20150128,0xc4e5e272f139789cb,36
5991,Spiroxamine,3,0.4771212637424469,MW1008-40|20150128,0xc4e5e272f139789cb,36
5992,Spiroxamine,3,1.0,MW1008-40|20150128,0xc4e5e272f139789cb,36
5993,Spiroxamine,3,1.4771212339401245,MW1008-40|20150128,0xc4e5e272f139789cb,36
5994,Spiroxamine,3,-0.5228787660598755,MW1086-39|20151125,0xfffffffffffff89cb,60
5995,Spiroxamine,3,-3.522878646850586,MW1086-39|20151125,0xfffffffffffffffff,68
5996,Spiroxamine,3,-3.0,MW1086-39|20151125,0xfffffffffffff89cb,60
5997,Spiroxamine,3,-2.522878646850586,MW1086-39|20151125,0xfffffffffffffffff,68
5998,Spiroxamine,3,-2.0,MW1086-39|20151125,0xfffffffffffffffff,68
5999,Spiroxamine,3,-1.5228787660598755,MW1086-39|20151125,0xfffffffffffffcfff,66
6000,Spiroxamine,3,-1.0,MW1086-39|20151125,0xfffffffffffffffff,68
6001,Spiroxamine,3,-1.0,MW1086-41|20151125,0xfffffffffffffffff,68
6002,Spiroxamine,3,-0.5228787660598755,MW1086-41|20151125,0xfffffffffffff89cb,60
6003,Spiroxamine,3,-3.522878646850586,MW1086-41|20151125,0xfffffffffffffffff,68
6004,Spiroxamine,3,-3.0,MW1086-41|20151125,0xfffffffffffffffff,68
6005,Spiroxamine,3,-2.522878646850586,MW1086-41|20151125,0xfffffffffffffffff,68
6006,Spiroxamine,3,-2.0,MW1086-41|20151125,0xfffffffffffff89ff,63
6007,Spiroxamine,3,-1.5228787660598755,MW1086-41|20151125,0xfffffffffffffffff,68
6008,Tamoxifen,3,-1.5228787660598755,MW1147-20|20171004,0xfffffffff13ff89cb,55
6009,Tamoxifen,3,-1.0,MW1147-20|20171004,0xfffffffff13ff89cb,55
6010,Tamoxifen,3,-0.5228787660598755,MW1147-20|20171004,0xffffe27ff139789cb,47
6011,Tamoxifen,3,0.0,MW1147-20|20171004,0xffffe272f139789cb,44
6012,Tamoxifen,3,0.4771212637424469,MW1147-20|20171004,0xffffe272f139789cb,44
6013,Tamoxifen,3,1.0,MW1147-20|20171004,0xc4e5e272f139789cb,36
6014,Tamoxifen,3,1.3010300397872925,MW1147-20|20171004,0xc4e5e272f139789cb,36
6015,Tamoxifen,3,-1.5228787660598755,MW1147-21|20171004,0xfffffffff139789cb,52
6016,Tamoxifen,3,-1.0,MW1147-21|20171004,0xfffffffff139789cb,52
6017,Tamoxifen,3,-0.5228787660598755,MW1147-21|20171004,0xfffffffff139789cb,52
6018,Tamoxifen,3,0.0,MW1147-21|20171004,0xffffe272f139789cb,44
6019,Tamoxifen,3,0.4771212637424469,MW1147-21|20171004,0xffffe27ff139789cb,47
6020,Tamoxifen,3,1.0,MW1147-21|20171004,0xc4e5e272f139789cb,36
6021,Tamoxifen,3,1.3010300397872925,MW1147-21|20171004,0xc4e5e272f139789cb,36
6022,Tamoxifen,3,-1.5228787660598755,MW1147-22|20171004,0xfffffffff139789cb,52
6023,Tamoxifen,3,-1.0,MW1147-22|20171004,0xfffffffff139789cb,52
6024,Tamoxifen,3,-0.5228787660598755,MW1147-22|20171004,0xffffe27ff139789cb,47
6025,Tamoxifen,3,0.0,MW1147-22|20171004,0xffffe27ff139789cb,47
6026,Tamoxifen,3,0.4771212637424469,MW1147-22|20171004,0xffffe27ff139789cb,47
6027,Tamoxifen,3,1.0,MW1147-22|20171004,0xc4e5e272f139789cb,36
6028,Tamoxifen,3,1.3010300397872925,MW1147-22|20171004,0xc4e5e272f139789cb,36
6029,Tebuconazole,2,1.0,MW1040-11|20150805,0xfffffffffffff89ff,63
6030,Tebuconazole,2,1.4771212339401245,MW1040-11|20150805,0xffffe272f139789cb,44
6031,Tebuconazole,2,-1.5228787660598755,MW1040-11|20150805,0xfffffffffffffffff,68
6032,Tebuconazole,2,-1.0,MW1040-11|20150805,0xfffffffffffffffff,68
6033,Tebuconazole,2,-0.5228787660598755,MW1040-11|20150805,0xfffffffffffffffff,68
6034,Tebuconazole,2,0.0,MW1040-11|20150805,0xfffffffffffffffff,68
6035,Tebuconazole,2,0.4771212637424469,MW1040-11|20150805,0xfffffffffffffffcb,65
6036,Tebuconazole,2,0.4771212637424469,MW1040-12|20150805,0xfffffffffffffffff,68
6037,Tebuconazole,2,1.0,MW1040-12|20150805,0xfffffffffffff89cb,60
6038,Tebuconazole,2,1.4771212339401245,MW1040-12|20150805,0xffffe272f139789cb,44
6039,Tebuconazole,2,-1.5228787660598755,MW1040-12|20150805,0xfffffffff139789cb,52
6040,Tebuconazole,2,-1.0,MW1040-12|20150805,0xfffffffffffffffff,68
6041,Tebuconazole,2,-0.5228787660598755,MW1040-12|20150805,0xfffffffffffffffff,68
6042,Tebuconazole,2,0.0,MW1040-12|20150805,0xfffffffffffff89ff,63
6043,Tebupirimfos,4,1.0,MW1092-29|20160120,0xfffffffffffff89cb,60
6044,Tebupirimfos,4,1.4771212339401245,MW1092-29|20160120,0xfffffffffffff89ff,63
6045,Tebupirimfos,4,2.0,MW1092-29|20160120,0xc4e5e272f139789cb,36
6046,Tebupirimfos,4,-1.0,MW1092-29|20160120,0xfffffffffffff89ff,63
6047,Tebupirimfos,4,-0.5228787660598755,MW1092-29|20160120,0xfffffffffffff89cb,60
6048,Tebupirimfos,4,0.0,MW1092-29|20160120,0xfffffffffffff89cb,60
6049,Tebupirimfos,4,0.4771212637424469,MW1092-29|20160120,0xfffffffffffff89cb,60
6050,Tebupirimfos,4,2.0,MW1092-5|20160120,0xc4e5e272f139789cb,36
6051,Tebupirimfos,4,-1.0,MW1092-5|20160120,0xfffffffffffff89ff,63
6052,Tebupirimfos,4,-0.5228787660598755,MW1092-5|20160120,0xfffffffffffff89ff,63
6053,Tebupirimfos,4,0.0,MW1092-5|20160120,0xfffffffffffff89cb,60
6054,Tebupirimfos,4,0.4771212637424469,MW1092-5|20160120,0xfffffffffffff89cb,60
6055,Tebupirimfos,4,1.0,MW1092-5|20160120,0xfffffffffffff89ff,63
6056,Tebupirimfos,4,1.4771212339401245,MW1092-5|20160120,0xfffffffffffff89cb,60
6057,Tebupirimfos,4,1.4771212339401245,MW1092-6|20160120,0xfffffffffffff89cb,60
6058,Tebupirimfos,4,2.0,MW1092-6|20160120,0xc4e5e272f139789cb,36
6059,Tebupirimfos,4,-1.0,MW1092-6|20160120,0xfffffffffffff89cb,60
6060,Tebupirimfos,4,-0.5228787660598755,MW1092-6|20160120,0xfffffffffffff89cb,60
6061,Tebupirimfos,4,0.0,MW1092-6|20160120,0xfffffffffffff89cb,60
6062,Tebupirimfos,4,0.4771212637424469,MW1092-6|20160120,0xfffffffffffff89cb,60
6063,Tebupirimfos,4,1.0,MW1092-6|20160120,0xfffffffffffff89cb,60
6064,Tefluthrin,3,-1.5228787660598755,MW1146-26|20170712,0xfffffffff139789cb,52
6065,Tefluthrin,3,-1.0,MW1146-26|20170712,0xfffffffff13ff89cb,55
6066,Tefluthrin,3,-0.5228787660598755,MW1146-26|20170712,0xfffffffff13ff89cb,55
6067,Tefluthrin,3,0.0,MW1146-26|20170712,0xfffffffff13ff89cb,55
6068,Tefluthrin,3,0.4771212637424469,MW1146-26|20170712,0xffffe27ff139789cb,47
6069,Tefluthrin,3,1.0,MW1146-26|20170712,0xc4e5f3fff139789cb,42
6070,Tefluthrin,3,1.3010300397872925,MW1146-26|20170712,0xc4e5e272f139789cb,36
6071,Tefluthrin,3,-1.5228787660598755,MW1146-27|20170712,0xfffffffffffff89cb,60
6072,Tefluthrin,3,-1.0,MW1146-27|20170712,0xfffffffff13ff89cb,55
6073,Tefluthrin,3,-0.5228787660598755,MW1146-27|20170712,0xfffffffff13ff89cb,55
6074,Tefluthrin,3,0.0,MW1146-27|20170712,0xfffffffff13ff89cb,55
6075,Tefluthrin,3,0.4771212637424469,MW1146-27|20170712,0xfffffffff139789cb,52
6076,Tefluthrin,3,1.0,MW1146-27|20170712,0xc4e5e272f139789cb,36
6077,Tefluthrin,3,1.3010300397872925,MW1146-27|20170712,0xc4e5e272f139789cb,36
6078,Tefluthrin,3,-1.5228787660598755,MW1146-28|20170712,0xfffffffffffff89cb,60
6079,Tefluthrin,3,-1.0,MW1146-28|20170712,0xfffffffff139789cb,52
6080,Tefluthrin,3,-0.5228787660598755,MW1146-28|20170712,0xfffffffff13ff89cb,55
6081,Tefluthrin,3,0.0,MW1146-28|20170712,0xfffffffff13ff89cb,55
6082,Tefluthrin,3,0.4771212637424469,MW1146-28|20170712,0xfffffffff13ff89cb,55
6083,Tefluthrin,3,1.0,MW1146-28|20170712,0xfffff3fff139789cb,50
6084,Tefluthrin,3,1.3010300397872925,MW1146-28|20170712,0xc4e5e272f139789cb,36
6085,Terbufos,1,2.0,MW1105-20|20160217,0xc4e5e272f139789cb,36
6086,Terbufos,1,-1.0,MW1105-20|20160217,0xfffffffffffff89cb,60
6087,Terbufos,1,-0.5228787660598755,MW1105-20|20160217,0xfffffffffffff89cb,60
6088,Terbufos,1,0.0,MW1105-20|20160217,0xfffffffffffff89cb,60
6089,Terbufos,1,0.4771212637424469,MW1105-20|20160217,0xfffffffffffff89cb,60
6090,Terbufos,1,1.0,MW1105-20|20160217,0xfffffffffffff89cb,60
6091,Terbufos,1,1.4771212339401245,MW1105-20|20160217,0xc4e5e272f139789cb,36
6092,Terbufos,1,1.4771212339401245,MW1105-23|20160217,0xc4e5e272f139789cb,36
6093,Terbufos,1,2.0,MW1105-23|20160217,0xc4e5e272f139789cb,36
6094,Terbufos,1,-1.0,MW1105-23|20160217,0xfffffffffffff89cb,60
6095,Terbufos,1,-0.5228787660598755,MW1105-23|20160217,0xfffffffffffff89cb,60
6096,Terbufos,1,0.0,MW1105-23|20160217,0xfffffffffffff89cb,60
6097,Terbufos,1,0.4771212637424469,MW1105-23|20160217,0xfffffffffffff89cb,60
6098,Terbufos,1,1.0,MW1105-23|20160217,0xfffffffffffff89cb,60
6099,Terbufos,1,1.0,MW1105-26|20160217,0xfffffffffffff89cb,60
6100,Terbufos,1,1.4771212339401245,MW1105-26|20160217,0xc4e5e272f139789cb,36
6101,Terbufos,1,2.0,MW1105-26|20160217,0xc4e5e272f139789cb,36
6102,Terbufos,1,-1.0,MW1105-26|20160217,0xfffffffffffff89cb,60
6103,Terbufos,1,-0.5228787660598755,MW1105-26|20160217,0xfffffffffffff89cb,60
6104,Terbufos,1,0.0,MW1105-26|20160217,0xfffffffffffff89cb,60
6105,Terbufos,1,0.4771212637424469,MW1105-26|20160217,0xfffffffffffff89cb,60
6106,Terbutaline hemisulfate,2,-1.5228787660598755,MW1007-107|20141015,0xfffffffffffff89ff,63
6107,Terbutaline hemisulfate,2,-1.0,MW1007-107|20141015,0xfffffffffffff89ff,63
6108,Terbutaline hemisulfate,2,-0.5228787660598755,MW1007-107|20141015,0xfffffffffffff89ff,63
6109,Terbutaline hemisulfate,2,0.0,MW1007-107|20141015,0xfffffffffffff89cb,60
6110,Terbutaline hemisulfate,2,0.4771212637424469,MW1007-107|20141015,0xfffffffffffff89ff,63
6111,Terbutaline hemisulfate,2,1.0,MW1007-107|20141015,0xfffffffffffff89cb,60
6112,Terbutaline hemisulfate,2,1.4771212339401245,MW1007-107|20141015,0xfffffffffffff89cb,60
6113,Terbutaline hemisulfate,2,-1.5228787660598755,MW1007-108|20141015,0xfffffffffffff89cb,60
6114,Terbutaline hemisulfate,2,-1.0,MW1007-108|20141015,0xfffffffffffff89ff,63
6115,Terbutaline hemisulfate,2,-0.5228787660598755,MW1007-108|20141015,0xfffffffffffff89cb,60
6116,Terbutaline hemisulfate,2,0.0,MW1007-108|20141015,0xfffffffffffff89cb,60
6117,Terbutaline hemisulfate,2,0.4771212637424469,MW1007-108|20141015,0xfffffffffffff89cb,60
6118,Terbutaline hemisulfate,2,1.0,MW1007-108|20141015,0xfffffffffffff89cb,60
6119,Terbutaline hemisulfate,2,1.4771212339401245,MW1007-108|20141015,0xfffffffffffff89cb,60
6120,Terbutaline hemisulfate,2,-1.5228787660598755,MW1008-39|20141015,0xfffffffffffff89cb,60
6121,Terbutaline hemisulfate,2,-1.0,MW1008-39|20141015,0xfffffffffffff89cb,60
6122,Terbutaline hemisulfate,2,-0.5228787660598755,MW1008-39|20141015,0xfffffffffffff89cb,60
6123,Terbutaline hemisulfate,2,0.0,MW1008-39|20141015,0xfffffffffffff89cb,60
6124,Terbutaline hemisulfate,2,0.4771212637424469,MW1008-39|20141015,0xfffffffffffff89cb,60
6125,Terbutaline hemisulfate,2,1.0,MW1008-39|20141015,0xfffffffffffff89cb,60
6126,Terbutaline hemisulfate,2,1.4771212339401245,MW1008-39|20141015,0xfffffffffffff89cb,60
6127,Tetracycline,3,1.3010300397872925,MW1146-09|20170412,0xfffffffffffff89ff,63
6128,Tetracycline,3,-1.5228787660598755,MW1146-09|20170412,0xfffffffffffff89cb,60
6129,Tetracycline,3,-1.0,MW1146-09|20170412,0xfffffffffffff89cb,60
6130,Tetracycline,3,-0.5228787660598755,MW1146-09|20170412,0xfffffffffffff89cb,60
6131,Tetracycline,3,0.0,MW1146-09|20170412,0xfffffffffffff89ff,63
6132,Tetracycline,3,0.4771212637424469,MW1146-09|20170412,0xfffffffffffff89cb,60
6133,Tetracycline,3,1.0,MW1146-09|20170412,0xfffffffffffff89cb,60
6134,Tetracycline,3,1.0,MW1146-10|20170412,0xfffffffffffff89cb,60
6135,Tetracycline,3,1.3010300397872925,MW1146-10|20170412,0xfffffffffffff89cb,60
6136,Tetracycline,3,-1.5228787660598755,MW1146-10|20170412,0xfffffffffffff89ff,63
6137,Tetracycline,3,-1.0,MW1146-10|20170412,0xfffffffffffff89cb,60
6138,Tetracycline,3,-0.5228787660598755,MW1146-10|20170412,0xfffffffffffff89cb,60
6139,Tetracycline,3,0.0,MW1146-10|20170412,0xfffffffffffff89cb,60
6140,Tetracycline,3,0.4771212637424469,MW1146-10|20170412,0xfffffffffffff89cb,60
6141,Tetracycline,3,0.4771212637424469,MW1146-11|20170412,0xfffffffffffff89ff,63
6142,Tetracycline,3,1.0,MW1146-11|20170412,0xfffffffffffff89cb,60
6143,Tetracycline,3,1.3010300397872925,MW1146-11|20170412,0xfffffffffffff89cb,60
6144,Tetracycline,3,-1.5228787660598755,MW1146-11|20170412,0xfffffffff13ff89cb,55
6145,Tetracycline,3,-1.0,MW1146-11|20170412,0xfffffffffffff89cb,60
6146,Tetracycline,3,-0.5228787660598755,MW1146-11|20170412,0xfffffffffffff89cb,60
6147,Tetracycline,3,0.0,MW1146-11|20170412,0xfffffffffffff89cb,60
6148,Tetraethylthiuram disulfide,2,1.3010300397872925,MW1140-20|20160907,0xc4e5e272f139789cb,36
6149,Tetraethylthiuram disulfide,2,-1.5228787660598755,MW1140-20|20160907,0xfffffffff139789cb,52
6150,Tetraethylthiuram disulfide,2,-1.0,MW1140-20|20160907,0xc4e5e272f139789cb,36
6151,Tetraethylthiuram disulfide,2,-0.5228787660598755,MW1140-20|20160907,0xc4e5e272f139789cb,36
6152,Tetraethylthiuram disulfide,2,0.0,MW1140-20|20160907,0xc4e5e272f139789cb,36
6153,Tetraethylthiuram disulfide,2,0.4771212637424469,MW1140-20|20160907,0xc4e5e272f139789cb,36
6154,Tetraethylthiuram disulfide,2,1.0,MW1140-20|20160907,0xc4e5e272f139789cb,36
6155,Tetraethylthiuram disulfide,2,1.0,MW1140-21|20160907,0xc4e5e272f139789cb,36
6156,Tetraethylthiuram disulfide,2,1.3010300397872925,MW1140-21|20160907,0xc4e5e272f139789cb,36
6157,Tetraethylthiuram disulfide,2,-1.5228787660598755,MW1140-21|20160907,0xfffffffff139789cb,52
6158,Tetraethylthiuram disulfide,2,-1.0,MW1140-21|20160907,0xc4e5e272f139789cb,36
6159,Tetraethylthiuram disulfide,2,-0.5228787660598755,MW1140-21|20160907,0xc4e5e272f139789cb,36
6160,Tetraethylthiuram disulfide,2,0.0,MW1140-21|20160907,0xc4e5e272f139789cb,36
6161,Tetraethylthiuram disulfide,2,0.4771212637424469,MW1140-21|20160907,0xc4e5e272f139789cb,36
6162,Tetraethylthiuram disulfide,2,0.4771212637424469,MW1140-22|20160907,0xc4e5e272f139789cb,36
6163,Tetraethylthiuram disulfide,2,1.0,MW1140-22|20160907,0xc4e5e272f139789cb,36
6164,Tetraethylthiuram disulfide,2,1.3010300397872925,MW1140-22|20160907,0xc4e5e272f139789cb,36
6165,Tetraethylthiuram disulfide,2,-1.5228787660598755,MW1140-22|20160907,0xfffffff2f139789cb,49
6166,Tetraethylthiuram disulfide,2,-1.0,MW1140-22|20160907,0xc4e5e272f139789cb,36
6167,Tetraethylthiuram disulfide,2,-0.5228787660598755,MW1140-22|20160907,0xc4e5e272f139789cb,36
6168,Tetraethylthiuram disulfide,2,0.0,MW1140-22|20160907,0xc4e5e272f139789cb,36
6169,Tetraethylthiuram disulfide,2,-4.0,MW1147-10|20170913,0xfffffffffffff89ff,63
6170,Tetraethylthiuram disulfide,2,-3.522878646850586,MW1147-10|20170913,0xfffffffffffff89cb,60
6171,Tetraethylthiuram disulfide,2,-3.0,MW1147-10|20170913,0xfffffffffffff89ff,63
6172,Tetraethylthiuram disulfide,2,-2.522878646850586,MW1147-10|20170913,0xfffffffffffff89ff,63
6173,Tetraethylthiuram disulfide,2,-2.0,MW1147-10|20170913,0xfffffffffffff89ff,63
6174,Tetraethylthiuram disulfide,2,-1.5228787660598755,MW1147-10|20170913,0xfffffffffffff89cb,60
6175,Tetraethylthiuram disulfide,2,-1.0,MW1147-10|20170913,0xffffe27ff139789cb,47
6176,Tetraethylthiuram disulfide,2,-4.0,MW1147-11|20170913,0xfffffffffffff89cb,60
6177,Tetraethylthiuram disulfide,2,-3.522878646850586,MW1147-11|20170913,0xfffffffffffff89ff,63
6178,Tetraethylthiuram disulfide,2,-3.0,MW1147-11|20170913,0xfffffffffffff89ff,63
6179,Tetraethylthiuram disulfide,2,-2.522878646850586,MW1147-11|20170913,0xfffffffffffff89ff,63
6180,Tetraethylthiuram disulfide,2,-2.0,MW1147-11|20170913,0xfffffffffffff89ff,63
6181,Tetraethylthiuram disulfide,2,-1.5228787660598755,MW1147-11|20170913,0xfffffffffffff89ff,63
6182,Tetraethylthiuram disulfide,2,-1.0,MW1147-11|20170913,0xfffffffff13ff89cb,55
6183,Tetraethylthiuram disulfide,2,-4.0,MW1147-12|20170913,0xfffffffffffff89ff,63
6184,Tetraethylthiuram disulfide,2,-3.522878646850586,MW1147-12|20170913,0xfffffffffffff89ff,63
6185,Tetraethylthiuram disulfide,2,-3.0,MW1147-12|20170913,0xfffffffffffff89ff,63
6186,Tetraethylthiuram disulfide,2,-2.522878646850586,MW1147-12|20170913,0xfffffffffffff89ff,63
6187,Tetraethylthiuram disulfide,2,-2.0,MW1147-12|20170913,0xfffffffffffff89ff,63
6188,Tetraethylthiuram disulfide,2,-1.5228787660598755,MW1147-12|20170913,0xfffffffffffff89ff,63
6189,Tetraethylthiuram disulfide,2,-1.0,MW1147-12|20170913,0xffffe27ff139789cb,47
6190,Tetraethylthiuram disulfide,2,1.3010300397872925,MW1146-09|20170412,0xc4e5e272f139789cb,36
6191,Tetraethylthiuram disulfide,2,-1.5228787660598755,MW1146-09|20170412,0xfffffffffffff89cb,60
6192,Tetraethylthiuram disulfide,2,-1.0,MW1146-09|20170412,0xffffe272f139789cb,44
6193,Tetraethylthiuram disulfide,2,-0.5228787660598755,MW1146-09|20170412,0xc4e5e272f139789cb,36
6194,Tetraethylthiuram disulfide,2,0.0,MW1146-09|20170412,0xc4e5e272f139789cb,36
6195,Tetraethylthiuram disulfide,2,0.4771212637424469,MW1146-09|20170412,0xc4ffe27ff139789cb,42
6196,Tetraethylthiuram disulfide,2,1.0,MW1146-09|20170412,0xc4e5e272f139789cb,36
6197,Tetraethylthiuram disulfide,2,1.0,MW1146-10|20170412,0xc4e5e272f139789cb,36
6198,Tetraethylthiuram disulfide,2,1.3010300397872925,MW1146-10|20170412,0xc4e5e272f139789cb,36
6199,Tetraethylthiuram disulfide,2,-1.5228787660598755,MW1146-10|20170412,0xfffffffffffff89cb,60
6200,Tetraethylthiuram disulfide,2,-1.0,MW1146-10|20170412,0xfffffffffffff89cb,60
6201,Tetraethylthiuram disulfide,2,-0.5228787660598755,MW1146-10|20170412,0xc4e5e272f139789cb,36
6202,Tetraethylthiuram disulfide,2,0.0,MW1146-10|20170412,0xc4e5e272f13ff89cb,39
6203,Tetraethylthiuram disulfide,2,0.4771212637424469,MW1146-10|20170412,0xc4e5e272f139789cb,36
6204,Tetraethylthiuram disulfide,2,0.4771212637424469,MW1146-11|20170412,0xc4e5e272f139789cb,36
6205,Tetraethylthiuram disulfide,2,1.0,MW1146-11|20170412,0xc4e5e272f139789cb,36
6206,Tetraethylthiuram disulfide,2,1.3010300397872925,MW1146-11|20170412,0xc4e5e272f139789cb,36
6207,Tetraethylthiuram disulfide,2,-1.5228787660598755,MW1146-11|20170412,0xfffffffffffff89ff,63
6208,Tetraethylthiuram disulfide,2,-1.0,MW1146-11|20170412,0xc4e5e272f139789cb,36
6209,Tetraethylthiuram disulfide,2,-0.5228787660598755,MW1146-11|20170412,0xc4ffe27ff139789cb,42
6210,Tetraethylthiuram disulfide,2,0.0,MW1146-11|20170412,0xc4e5e272f139789cb,36
6211,Tetraethylthiuram disulfide,2,-3.522878646850586,MW1147-28|20171011,0xfffffffffffff89ff,63
6212,Tetraethylthiuram disulfide,2,-3.0,MW1147-28|20171011,0xfffffffffffff89ff,63
6213,Tetraethylthiuram disulfide,2,-2.522878646850586,MW1147-28|20171011,0xfffffffffffff89cb,60
6214,Tetraethylthiuram disulfide,2,-2.0,MW1147-28|20171011,0xfffffffffffff89ff,63
6215,Tetraethylthiuram disulfide,2,-1.5228787660598755,MW1147-28|20171011,0xfffffffffffff89ff,63
6216,Tetraethylthiuram disulfide,2,-1.0,MW1147-28|20171011,0xfffffffffffff89ff,63
6217,Tetraethylthiuram disulfide,2,-0.5228787660598755,MW1147-28|20171011,0xc4e5e272f139789cb,36
6218,Tetraethylthiuram disulfide,2,-3.522878646850586,MW1147-29|20171011,0xfffffffffffff89ff,63
6219,Tetraethylthiuram disulfide,2,-3.0,MW1147-29|20171011,0xfffffffffffff89cb,60
6220,Tetraethylthiuram disulfide,2,-2.522878646850586,MW1147-29|20171011,0xfffffffffffff89ff,63
6221,Tetraethylthiuram disulfide,2,-2.0,MW1147-29|20171011,0xfffffffffffff89ff,63
6222,Tetraethylthiuram disulfide,2,-1.5228787660598755,MW1147-29|20171011,0xfffffffffffffcfff,66
6223,Tetraethylthiuram disulfide,2,-1.0,MW1147-29|20171011,0xfffffffffffff89ff,63
6224,Tetraethylthiuram disulfide,2,-0.5228787660598755,MW1147-29|20171011,0xc4e5e272f139789cb,36
6225,Tetraethylthiuram disulfide,2,-3.522878646850586,MW1147-30|20171011,0xfffffffffffff89ff,63
6226,Tetraethylthiuram disulfide,2,-3.0,MW1147-30|20171011,0xfffffffffffff89cb,60
6227,Tetraethylthiuram disulfide,2,-2.522878646850586,MW1147-30|20171011,0xfffffffffffff89ff,63
6228,Tetraethylthiuram disulfide,2,-2.0,MW1147-30|20171011,0xfffffffffffff89ff,63
6229,Tetraethylthiuram disulfide,2,-1.5228787660598755,MW1147-30|20171011,0xfffffffffffff89ff,63
6230,Tetraethylthiuram disulfide,2,-1.0,MW1147-30|20171011,0xfffffffffffff89ff,63
6231,Tetraethylthiuram disulfide,2,-0.5228787660598755,MW1147-30|20171011,0xc4e5e272f139789ff,39
6232,Tetramethrin,2,-1.5228787660598755,MW1146-23|20170712,0xfffffffffffff89cb,60
6233,Tetramethrin,2,-1.0,MW1146-23|20170712,0xfffffffffffff89cb,60
6234,Tetramethrin,2,-0.5228787660598755,MW1146-23|20170712,0xfffffffff13ff89cb,55
6235,Tetramethrin,2,0.0,MW1146-23|20170712,0xfffffffff13ff89cb,55
6236,Tetramethrin,2,0.4771212637424469,MW1146-23|20170712,0xfffffffff9fff89cb,58
6237,Tetramethrin,2,1.0,MW1146-23|20170712,0xfffffffff139789cb,52
6238,Tetramethrin,2,1.3010300397872925,MW1146-23|20170712,0xfffffffff13ff89cb,55
6239,Tetramethrin,2,-1.5228787660598755,MW1146-24|20170712,0xfffffffff13ff89cb,55
6240,Tetramethrin,2,-1.0,MW1146-24|20170712,0xfffffffffffff89cb,60
6241,Tetramethrin,2,-0.5228787660598755,MW1146-24|20170712,0xfffffffff13ff89cb,55
6242,Tetramethrin,2,0.0,MW1146-24|20170712,0xfffffffffffff89cb,60
6243,Tetramethrin,2,0.4771212637424469,MW1146-24|20170712,0xfffffffff13ff89cb,55
6244,Tetramethrin,2,1.0,MW1146-24|20170712,0xfffffffff13ff89cb,55
6245,Tetramethrin,2,1.3010300397872925,MW1146-24|20170712,0xfffffffff139789cb,52
6246,Tetramethrin,2,-1.5228787660598755,MW1146-25|20170712,0xfffffffff13ff89cb,55
6247,Tetramethrin,2,-1.0,MW1146-25|20170712,0xfffffffffffff89cb,60
6248,Tetramethrin,2,-0.5228787660598755,MW1146-25|20170712,0xfffffffffffff89cb,60
6249,Tetramethrin,2,0.0,MW1146-25|20170712,0xfffffffffffff89cb,60
6250,Tetramethrin,2,0.4771212637424469,MW1146-25|20170712,0xfffffffffffff89cb,60
6251,Tetramethrin,2,1.0,MW1146-25|20170712,0xfffffffff139789cb,52
6252,Tetramethrin,2,1.3010300397872925,MW1146-25|20170712,0xfffffffff139789cb,52
6253,Thalidomide,1,1.0,MW1040-11|20150805,0xfffffffffffffcfff,66
6254,Thalidomide,1,1.4771212339401245,MW1040-11|20150805,0xfffffffffffffffff,68
6255,Thalidomide,1,-1.5228787660598755,MW1040-11|20150805,0xfffffffffffffffff,68
6256,Thalidomide,1,-1.0,MW1040-11|20150805,0xfffffffffffffffff,68
6257,Thalidomide,1,-0.5228787660598755,MW1040-11|20150805,0xfffffffffffffffff,68
6258,Thalidomide,1,0.0,MW1040-11|20150805,0xfffffffffffffffff,68
6259,Thalidomide,1,0.4771212637424469,MW1040-11|20150805,0xfffffffffffffffff,68
6260,Thalidomide,1,0.4771212637424469,MW1040-12|20150805,0xfffffffffffff89ff,63
6261,Thalidomide,1,1.0,MW1040-12|20150805,0xfffffffffffff89ff,63
6262,Thalidomide,1,1.4771212339401245,MW1040-12|20150805,0xfffffffffffff89ff,63
6263,Thalidomide,1,-1.5228787660598755,MW1040-12|20150805,0xfffffffffffffffff,68
6264,Thalidomide,1,-1.0,MW1040-12|20150805,0xfffffffffffffffff,68
6265,Thalidomide,1,-0.5228787660598755,MW1040-12|20150805,0xfffffffffffff89cb,60
6266,Thalidomide,1,0.0,MW1040-12|20150805,0xfffffffffffff89cb,60
6288,Thiamethoxam,3,1.3010300397872925,MW1160-24|20160921,0xfffffffffffff89ff,63
6289,Thiamethoxam,3,-1.5228787660598755,MW1160-24|20160921,0xfffffffffffff89ff,63
6290,Thiamethoxam,3,-1.0,MW1160-24|20160921,0xfffffffffffff89ff,63
6291,Thiamethoxam,3,-0.5228787660598755,MW1160-24|20160921,0xfffffffffffff89ff,63
6292,Thiamethoxam,3,0.0,MW1160-24|20160921,0xfffffffffffff89ff,63
6293,Thiamethoxam,3,0.4771212637424469,MW1160-24|20160921,0xfffffffffffff89ff,63
6294,Thiamethoxam,3,1.0,MW1160-24|20160921,0xfffffffffffff89ff,63
6295,Thiamethoxam,3,1.0,MW1160-25|20160921,0xfffffffffffff89ff,63
6296,Thiamethoxam,3,1.3010300397872925,MW1160-25|20160921,0xfffffffffffff89cb,60
6297,Thiamethoxam,3,-1.5228787660598755,MW1160-25|20160921,0xfffffffffffff89ff,63
6298,Thiamethoxam,3,-1.0,MW1160-25|20160921,0xfffffffffffff89ff,63
6299,Thiamethoxam,3,-0.5228787660598755,MW1160-25|20160921,0xfffffffffffff89ff,63
6300,Thiamethoxam,3,0.0,MW1160-25|20160921,0xfffffffffffff89ff,63
6301,Thiamethoxam,3,0.4771212637424469,MW1160-25|20160921,0xfffffffffffff89cb,60
6302,Thiamethoxam,3,0.4771212637424469,MW1160-26|20160921,0xfffffffffffff89ff,63
6303,Thiamethoxam,3,1.0,MW1160-26|20160921,0xfffffffffffff89ff,63
6304,Thiamethoxam,3,1.3010300397872925,MW1160-26|20160921,0xfffffffffffff89ff,63
6305,Thiamethoxam,3,-1.5228787660598755,MW1160-26|20160921,0xfffffffffffff89ff,63
6306,Thiamethoxam,3,-1.0,MW1160-26|20160921,0xfffffffffffff89ff,63
6307,Thiamethoxam,3,-0.5228787660598755,MW1160-26|20160921,0xfffffffffffff89ff,63
6308,Thiamethoxam,3,0.0,MW1160-26|20160921,0xfffffffffffff89ff,63
6309,Tribufos,2,2.0,MW1125-3|20160413,0xc4e5e272f139789cb,36
6310,Tribufos,2,-1.0,MW1125-3|20160413,0xfffffffffffffffff,68
6311,Tribufos,2,-0.5228787660598755,MW1125-3|20160413,0xfffffffffffffffff,68
6312,Tribufos,2,0.0,MW1125-3|20160413,0xfffffffffffffffff,68
6313,Tribufos,2,0.4771212637424469,MW1125-3|20160413,0xfffffffffffffffff,68
6314,Tribufos,2,1.0,MW1125-3|20160413,0xfffffffffffffffff,68
6315,Tribufos,2,1.4771212339401245,MW1125-3|20160413,0xfffffffffffff89cb,60
6316,Tribufos,2,1.4771212339401245,MW1125-4|20160413,0xfffffffff13ff89ff,58
6317,Tribufos,2,2.0,MW1125-4|20160413,0xc4e5e272f139789cb,36
6318,Tribufos,2,-1.0,MW1125-4|20160413,0xfffffffffffff89ff,63
6319,Tribufos,2,-0.5228787660598755,MW1125-4|20160413,0xfffffffffffff89ff,63
6320,Tribufos,2,0.0,MW1125-4|20160413,0xfffffffffffff89ff,63
6321,Tribufos,2,0.4771212637424469,MW1125-4|20160413,0xfffffffffffff89ff,63
6322,Tribufos,2,1.0,MW1125-4|20160413,0xfffffffffffff89ff,63
6323,Tribufos,2,1.0,MW1125-5|20160413,0xfffffffffffffffff,68
6324,Tribufos,2,1.4771212339401245,MW1125-5|20160413,0xfffffffff13ff89cb,55
6325,Tribufos,2,2.0,MW1125-5|20160413,0xc4e5e272f139789cb,36
6326,Tribufos,2,-1.0,MW1125-5|20160413,0xfffffffffffffffff,68
6327,Tribufos,2,-0.5228787660598755,MW1125-5|20160413,0xfffffffffffffffff,68
6328,Tribufos,2,0.0,MW1125-5|20160413,0xfffffffffffffffff,68
6329,Tribufos,2,0.4771212637424469,MW1125-5|20160413,0xfffffffffffffffff,68
6330,Tributyltin chloride,3,-3.522878646850586,MW1146-20|20170628,0xfffffffff139789cb,52
6331,Tributyltin chloride,3,-3.0,MW1146-20|20170628,0xfffffffff139789cb,52
6332,Tributyltin chloride,3,-2.522878646850586,MW1146-20|20170628,0xfffffffff139789cb,52
6333,Tributyltin chloride,3,-2.0,MW1146-20|20170628,0xfffffffff139789cb,52
6334,Tributyltin chloride,3,-1.5228787660598755,MW1146-20|20170628,0xfffffffff139789cb,52
6335,Tributyltin chloride,3,-1.0,MW1146-20|20170628,0xc4e5e272f139789cb,36
6336,Tributyltin chloride,3,-0.5228787660598755,MW1146-20|20170628,0xc4e5e272f139789cb,36
6337,Tributyltin chloride,3,-3.522878646850586,MW1146-21|20170628,0xfffffffffffff89cb,60
6338,Tributyltin chloride,3,-3.0,MW1146-21|20170628,0xfffffffffffff89cb,60
6339,Tributyltin chloride,3,-2.522878646850586,MW1146-21|20170628,0xfffffffffffff89cb,60
6340,Tributyltin chloride,3,-2.0,MW1146-21|20170628,0xfffffffff139789cb,52
6341,Tributyltin chloride,3,-1.5228787660598755,MW1146-21|20170628,0xfffffffff139789cb,52
6342,Tributyltin chloride,3,-1.0,MW1146-21|20170628,0xc4e5e272f139789cb,36
6343,Tributyltin chloride,3,-0.5228787660598755,MW1146-21|20170628,0xc4e5e272f139789cb,36
6344,Tributyltin chloride,3,-3.522878646850586,MW1146-22|20170628,0xfffffffff139789cb,52
6345,Tributyltin chloride,3,-3.0,MW1146-22|20170628,0xfffffffff139789cb,52
6346,Tributyltin chloride,3,-2.522878646850586,MW1146-22|20170628,0xffffe27ff139789cb,47
6347,Tributyltin chloride,3,-2.0,MW1146-22|20170628,0xfffffffff13ff89cb,55
6348,Tributyltin chloride,3,-1.5228787660598755,MW1146-22|20170628,0xfffffffff139789cb,52
6349,Tributyltin chloride,3,-1.0,MW1146-22|20170628,0xc4e5e272f139789cb,36
6350,Tributyltin chloride,3,-0.5228787660598755,MW1146-22|20170628,0xc4e5e272f139789cb,36
6351,Tributyltin chloride,3,1.3010300397872925,MW1159-40|20160921,0xc4e5e272f139789cb,36
6352,Tributyltin chloride,3,-1.5228787660598755,MW1159-40|20160921,0xfffffffff139789cb,52
6353,Tributyltin chloride,3,-1.0,MW1159-40|20160921,0xc4e5e272f139789cb,36
6354,Tributyltin chloride,3,-0.5228787660598755,MW1159-40|20160921,0xc4e5e272f139789cb,36
6355,Tributyltin chloride,3,0.0,MW1159-40|20160921,0xc4e5e272f139789cb,36
6356,Tributyltin chloride,3,0.4771212637424469,MW1159-40|20160921,0xc4e5e272f139789cb,36
6357,Tributyltin chloride,3,1.0,MW1159-40|20160921,0xc4e5e272f139789cb,36
6358,Tributyltin chloride,3,1.0,MW1159-43|20160921,0xc4e5e272f139789cb,36
6359,Tributyltin chloride,3,1.3010300397872925,MW1159-43|20160921,0xc4e5e272f139789cb,36
6360,Tributyltin chloride,3,-1.5228787660598755,MW1159-43|20160921,0xfffffffffffff89cb,60
6361,Tributyltin chloride,3,-1.0,MW1159-43|20160921,0xc4e5e272f139789cb,36
6362,Tributyltin chloride,3,-0.5228787660598755,MW1159-43|20160921,0xc4e5e272f139789cb,36
6363,Tributyltin chloride,3,0.0,MW1159-43|20160921,0xc4e5e272f139789cb,36
6364,Tributyltin chloride,3,0.4771212637424469,MW1159-43|20160921,0xc4e5e272f139789cb,36
6365,Tributyltin chloride,3,0.4771212637424469,MW1160-23|20160921,0xc4e5e272f139789cb,36
6366,Tributyltin chloride,3,1.0,MW1160-23|20160921,0xc4e5e272f139789cb,36
6367,Tributyltin chloride,3,1.3010300397872925,MW1160-23|20160921,0xc4e5e272f139789cb,36
6368,Tributyltin chloride,3,-1.5228787660598755,MW1160-23|20160921,0xfffffffffffff89ff,63
6369,Tributyltin chloride,3,-1.0,MW1160-23|20160921,0xc4e5e272f139789cb,36
6370,Tributyltin chloride,3,-0.5228787660598755,MW1160-23|20160921,0xc4e5e272f139789cb,36
6371,Tributyltin chloride,3,0.0,MW1160-23|20160921,0xc4e5e272f139789cb,36
6372,Tributyltin methacrylate,1,-3.522878646850586,MW1146-20|20170628,0xfffffffff139789cb,52
6373,Tributyltin methacrylate,1,-3.0,MW1146-20|20170628,0xfffffffff139789cb,52
6374,Tributyltin methacrylate,1,-2.522878646850586,MW1146-20|20170628,0xfffffffff13ff89cb,55
6375,Tributyltin methacrylate,1,-2.0,MW1146-20|20170628,0xfffffffff139789cb,52
6376,Tributyltin methacrylate,1,-1.5228787660598755,MW1146-20|20170628,0xfffff3fff139789cb,50
6377,Tributyltin methacrylate,1,-1.0,MW1146-20|20170628,0xc4e5e272f139789cb,36
6378,Tributyltin methacrylate,1,-0.5228787660598755,MW1146-20|20170628,0xc4e5e272f139789cb,36
6379,Tributyltin methacrylate,1,-3.522878646850586,MW1146-21|20170628,0xfffffffffffff89cb,60
6380,Tributyltin methacrylate,1,-3.0,MW1146-21|20170628,0xfffffffffffff89cb,60
6381,Tributyltin methacrylate,1,-2.522878646850586,MW1146-21|20170628,0xfffffffffffff89cb,60
6382,Tributyltin methacrylate,1,-2.0,MW1146-21|20170628,0xfffffffffff9789cb,57
6383,Tributyltin methacrylate,1,-1.5228787660598755,MW1146-21|20170628,0xfffffff2f139789cb,49
6384,Tributyltin methacrylate,1,-1.0,MW1146-21|20170628,0xc4e5e272f139789cb,36
6385,Tributyltin methacrylate,1,-0.5228787660598755,MW1146-21|20170628,0xc4e5e272f139789cb,36
6386,Tributyltin methacrylate,1,-3.522878646850586,MW1146-22|20170628,0xfffffffff13ff89cb,55
6387,Tributyltin methacrylate,1,-3.0,MW1146-22|20170628,0xfffffff2f139789cb,49
6388,Tributyltin methacrylate,1,-2.522878646850586,MW1146-22|20170628,0xfffffffff139789cb,52
6389,Tributyltin methacrylate,1,-2.0,MW1146-22|20170628,0xfffffffff139789cb,52
6390,Tributyltin methacrylate,1,-1.5228787660598755,MW1146-22|20170628,0xfffffffff139789cb,52
6391,Tributyltin methacrylate,1,-1.0,MW1146-22|20170628,0xc4e5e272f139789cb,36
6392,Tributyltin methacrylate,1,-0.5228787660598755,MW1146-22|20170628,0xc4e5e272f139789cb,36
6393,Tributyltin methacrylate,1,1.3010300397872925,MW1159-40|20160921,0xc4e5e272f139789cb,36
6394,Tributyltin methacrylate,1,-1.5228787660598755,MW1159-40|20160921,0xc4ffe272f139789cb,39
6395,Tributyltin methacrylate,1,-1.0,MW1159-40|20160921,0xffffe272f139789cb,44
6396,Tributyltin methacrylate,1,-0.5228787660598755,MW1159-40|20160921,0xc4e5e272f139789cb,36
6397,Tributyltin methacrylate,1,0.0,MW1159-40|20160921,0xc4e5e272f139789cb,36
6398,Tributyltin methacrylate,1,0.4771212637424469,MW1159-40|20160921,0xc4e5e272f139789cb,36
6399,Tributyltin methacrylate,1,1.0,MW1159-40|20160921,0xc4e5e272f139789cb,36
6400,Tributyltin methacrylate,1,1.0,MW1159-43|20160921,0xc4e5e272f139789cb,36
6401,Tributyltin methacrylate,1,1.3010300397872925,MW1159-43|20160921,0xc4e5e272f139789cb,36
6402,Tributyltin methacrylate,1,-1.5228787660598755,MW1159-43|20160921,0xfffffffff139789cb,52
6403,Tributyltin methacrylate,1,-1.0,MW1159-43|20160921,0xffffe27ff139789cb,47
6404,Tributyltin methacrylate,1,-0.5228787660598755,MW1159-43|20160921,0xc4e5e272f139789cb,36
6405,Tributyltin methacrylate,1,0.0,MW1159-43|20160921,0xc4e5e272f139789cb,36
6406,Tributyltin methacrylate,1,0.4771212637424469,MW1159-43|20160921,0xc4e5e272f139789cb,36
6407,Tributyltin methacrylate,1,0.4771212637424469,MW1160-23|20160921,0xc4e5e272f139789cb,36
6408,Tributyltin methacrylate,1,1.0,MW1160-23|20160921,0xc4e5e272f139789cb,36
6409,Tributyltin methacrylate,1,1.3010300397872925,MW1160-23|20160921,0xc4e5e272f139789cb,36
6410,Tributyltin methacrylate,1,-1.5228787660598755,MW1160-23|20160921,0xfffffffffffff89cb,60
6411,Tributyltin methacrylate,1,-1.0,MW1160-23|20160921,0xffffe272f139789cb,44
6412,Tributyltin methacrylate,1,-0.5228787660598755,MW1160-23|20160921,0xc4e5e272f139789cb,36
6413,Tributyltin methacrylate,1,0.0,MW1160-23|20160921,0xc4e5e272f139789cb,36
6414,Trichlorfon,2,2.0,MW1125-3|20160413,0xc4e5e272f139789cb,36
6415,Trichlorfon,2,-1.0,MW1125-3|20160413,0xfffffffffffff89ff,63
6416,Trichlorfon,2,-0.5228787660598755,MW1125-3|20160413,0xfffffffffffffcfff,66
6417,Trichlorfon,2,0.0,MW1125-3|20160413,0xfffffffffffff89ff,63
6418,Trichlorfon,2,0.4771212637424469,MW1125-3|20160413,0xfffffffffffffffff,68
6419,Trichlorfon,2,1.0,MW1125-3|20160413,0xfffffffffffff89ff,63
6420,Trichlorfon,2,1.4771212339401245,MW1125-3|20160413,0xfffffffffff9789ff,60
6421,Trichlorfon,2,1.4771212339401245,MW1125-4|20160413,0xfffffffffffff89ff,63
6422,Trichlorfon,2,2.0,MW1125-4|20160413,0xc4e5e272f139789cb,36
6423,Trichlorfon,2,-1.0,MW1125-4|20160413,0xfffffffffffff89cb,60
6424,Trichlorfon,2,-0.5228787660598755,MW1125-4|20160413,0xfffffffffffff89ff,63
6425,Trichlorfon,2,0.0,MW1125-4|20160413,0xfffffffffffff89cb,60
6426,Trichlorfon,2,0.4771212637424469,MW1125-4|20160413,0xfffffffffffff89ff,63
6427,Trichlorfon,2,1.0,MW1125-4|20160413,0xfffffffffff9789cb,57
6428,Trichlorfon,2,1.0,MW1125-5|20160413,0xfffffffffffff89ff,63
6429,Trichlorfon,2,1.4771212339401245,MW1125-5|20160413,0xfffffffffffff89ff,63
6430,Trichlorfon,2,2.0,MW1125-5|20160413,0xc4e5e272f139789cb,36
6431,Trichlorfon,2,-1.0,MW1125-5|20160413,0xfffffffffffffffff,68
6432,Trichlorfon,2,-0.5228787660598755,MW1125-5|20160413,0xfffffffffffffffff,68
6433,Trichlorfon,2,0.0,MW1125-5|20160413,0xfffffffffffffffff,68
6434,Trichlorfon,2,0.4771212637424469,MW1125-5|20160413,0xfffffffffffffffff,68
6477,Trifloxystrobin,2,1.3010300397872925,MW1145-25|20170201,0xc4e5e272f139789cb,36
6478,Trifloxystrobin,2,-1.5228787660598755,MW1145-25|20170201,0xfffffffffffffffff,68
6479,Trifloxystrobin,2,-1.0,MW1145-25|20170201,0xfffffffffffffffff,68
6480,Trifloxystrobin,2,-0.5228787660598755,MW1145-25|20170201,0xc4fffffffffffffff,63
6481,Trifloxystrobin,2,0.0,MW1145-25|20170201,0xc4e5e272f139789cb,36
6482,Trifloxystrobin,2,0.4771212637424469,MW1145-25|20170201,0xc4e5e272f139789cb,36
6483,Trifloxystrobin,2,1.0,MW1145-25|20170201,0xc4e5e272f139789cb,36
6484,Trifloxystrobin,2,1.0,MW1145-26|20170201,0xc4e5e272f139789cb,36
6485,Trifloxystrobin,2,1.3010300397872925,MW1145-26|20170201,0xc4e5e272f139789cb,36
6486,Trifloxystrobin,2,-1.5228787660598755,MW1145-26|20170201,0xfffffffffffffffff,68
6487,Trifloxystrobin,2,-1.0,MW1145-26|20170201,0xfffffffffffffffff,68
6488,Trifloxystrobin,2,-0.5228787660598755,MW1145-26|20170201,0xc4fffffffffffffff,63
6489,Trifloxystrobin,2,0.0,MW1145-26|20170201,0xc4e5e27ff139789cb,39
6490,Trifloxystrobin,2,0.4771212637424469,MW1145-26|20170201,0xc4e5e272f139789cb,36
6491,Trifloxystrobin,2,0.4771212637424469,MW1145-27|20170201,0xc4e5e272f139789cb,36
6492,Trifloxystrobin,2,1.0,MW1145-27|20170201,0xc4e5e272f139789cb,36
6493,Trifloxystrobin,2,1.3010300397872925,MW1145-27|20170201,0xc4e5e272f139789cb,36
6494,Trifloxystrobin,2,-1.5228787660598755,MW1145-27|20170201,0xfffffffffffffffff,68
6495,Trifloxystrobin,2,-1.0,MW1145-27|20170201,0xfffffffffffffffff,68
6496,Trifloxystrobin,2,-0.5228787660598755,MW1145-27|20170201,0xfffffffffffffffff,68
6497,Trifloxystrobin,2,0.0,MW1145-27|20170201,0xc4fffffffffffffff,63
6498,Trifloxystrobin,2,-3.0,MW1147-17|20170920,0xfffffffffffffffff,68
6499,Trifloxystrobin,2,-2.522878646850586,MW1147-17|20170920,0xfffffffffffffffff,68
6500,Trifloxystrobin,2,-2.0,MW1147-17|20170920,0xfffffffffffffffff,68
6501,Trifloxystrobin,2,-1.5228787660598755,MW1147-17|20170920,0xfffffffffffffffff,68
6502,Trifloxystrobin,2,-1.0,MW1147-17|20170920,0xfffffffffffffffff,68
6503,Trifloxystrobin,2,-0.5228787660598755,MW1147-17|20170920,0xfffffffffffffffff,68
6504,Trifloxystrobin,2,0.0,MW1147-17|20170920,0xfffffffffffff89cb,60
6505,Trifloxystrobin,2,-3.0,MW1147-18|20170920,0xfffffffffffffffff,68
6506,Trifloxystrobin,2,-2.522878646850586,MW1147-18|20170920,0xfffffffffffffffff,68
6507,Trifloxystrobin,2,-2.0,MW1147-18|20170920,0xfffffffffffffffff,68
6508,Trifloxystrobin,2,-1.5228787660598755,MW1147-18|20170920,0xfffffffffffffffff,68
6509,Trifloxystrobin,2,-1.0,MW1147-18|20170920,0xfffffffffffffffff,68
6510,Trifloxystrobin,2,-0.5228787660598755,MW1147-18|20170920,0xfffffffffffffffff,68
6511,Trifloxystrobin,2,0.0,MW1147-18|20170920,0xfffffffffffff89ff,63
6512,Trifloxystrobin,2,-3.0,MW1147-19|20170920,0xfffffffffffffffff,68
6513,Trifloxystrobin,2,-2.522878646850586,MW1147-19|20170920,0xfffffffffffffffff,68
6514,Trifloxystrobin,2,-2.0,MW1147-19|20170920,0xfffffffffffffffff,68
6515,Trifloxystrobin,2,-1.5228787660598755,MW1147-19|20170920,0xfffffffffffffffff,68
6516,Trifloxystrobin,2,-1.0,MW1147-19|20170920,0xfffffffffffffffff,68
6517,Trifloxystrobin,2,-0.5228787660598755,MW1147-19|20170920,0xfffffffffffffffff,68
6518,Trifloxystrobin,2,0.0,MW1147-19|20170920,0xc4e5fffffffff89ff,55
6519,Trimethyltin hydroxide,1,-2.0,MW1007-107|20141015,0xfffffffffffff89ff,63
6520,Trimethyltin hydroxide,1,-1.5228787660598755,MW1007-107|20141015,0xfffffffffffff89ff,63
6521,Trimethyltin hydroxide,1,-1.0,MW1007-107|20141015,0xfffffffffffff89ff,63
6522,Trimethyltin hydroxide,1,-0.5228787660598755,MW1007-107|20141015,0xc4e5e27ff13ff89cb,42
6523,Trimethyltin hydroxide,1,0.0,MW1007-107|20141015,0xfffffffffffff89cb,60
6524,Trimethyltin hydroxide,1,0.4771212637424469,MW1007-107|20141015,0xc4e5e272f139789cb,36
6525,Trimethyltin hydroxide,1,1.0,MW1007-107|20141015,0xc4e5e272f139789cb,36
6526,Trimethyltin hydroxide,1,-2.0,MW1007-108|20141015,0xfffffffffffff89ff,63
6527,Trimethyltin hydroxide,1,-1.5228787660598755,MW1007-108|20141015,0xfffffffffffff89cb,60
6528,Trimethyltin hydroxide,1,-1.0,MW1007-108|20141015,0xfffffffffffff89ff,63
6529,Trimethyltin hydroxide,1,-0.5228787660598755,MW1007-108|20141015,0xc4e5e272f13ff89ff,42
6530,Trimethyltin hydroxide,1,0.0,MW1007-108|20141015,0xfffffffffffff89ff,63
6531,Trimethyltin hydroxide,1,0.4771212637424469,MW1007-108|20141015,0xc4e5e272f139789cb,36
6532,Trimethyltin hydroxide,1,1.0,MW1007-108|20141015,0xc4e5e272f139789cb,36
6533,Trimethyltin hydroxide,1,-2.0,MW1008-39|20141015,0xfffffffffffff89cb,60
6534,Trimethyltin hydroxide,1,-1.5228787660598755,MW1008-39|20141015,0xfffffffffffff89cb,60
6535,Trimethyltin hydroxide,1,-1.0,MW1008-39|20141015,0xfffffffffffff89cb,60
6536,Trimethyltin hydroxide,1,-0.5228787660598755,MW1008-39|20141015,0xc4e5e272f139789cb,36
6537,Trimethyltin hydroxide,1,0.0,MW1008-39|20141015,0xfffffffffffff89cb,60
6538,Trimethyltin hydroxide,1,0.4771212637424469,MW1008-39|20141015,0xc4e5e272f139789cb,36
6539,Trimethyltin hydroxide,1,1.0,MW1008-39|20141015,0xc4e5e272f139789cb,36
6540,Triphenyl phosphate,4,-1.5228787660598755,MW1008-37|20150128,0xfffffffffffffffff,68
6541,Triphenyl phosphate,4,-1.0,MW1008-37|20150128,0xfffffffffffffffff,68
6542,Triphenyl phosphate,4,-0.5228787660598755,MW1008-37|20150128,0xfffffffffffffffff,68
6543,Triphenyl phosphate,4,0.0,MW1008-37|20150128,0xfffffffffffffffff,68
6544,Triphenyl phosphate,4,0.4771212637424469,MW1008-37|20150128,0xfffffffffffffffff,68
6545,Triphenyl phosphate,4,1.0,MW1008-37|20150128,0xfffffffffffffffff,68
6546,Triphenyl phosphate,4,1.4771212339401245,MW1008-37|20150128,0xfffffffffffff89ff,63
6547,Triphenyl phosphate,4,-1.5228787660598755,MW1008-41|20150128,0xc4ffe272f139789cb,39
6548,Triphenyl phosphate,4,-1.0,MW1008-41|20150128,0xffffe272f139789cb,44
6549,Triphenyl phosphate,4,-0.5228787660598755,MW1008-41|20150128,0xffffe272f139789cb,44
6550,Triphenyl phosphate,4,0.0,MW1008-41|20150128,0xc4e5e272f139789cb,36
6551,Triphenyl phosphate,4,0.4771212637424469,MW1008-41|20150128,0xffffe272f139789cb,44
6552,Triphenyl phosphate,4,1.0,MW1008-41|20150128,0xffffe272f139789cb,44
6553,Triphenyl phosphate,4,1.4771212339401245,MW1008-41|20150128,0xc4e5e272f139789cb,36
6554,Triphenyl phosphate,4,-1.5228787660598755,MW1008-42|20150128,0xfffffffffffffffff,68
6555,Triphenyl phosphate,4,-1.0,MW1008-42|20150128,0xfffffffffffffffff,68
6556,Triphenyl phosphate,4,-0.5228787660598755,MW1008-42|20150128,0xfffffffffffffffff,68
6557,Triphenyl phosphate,4,0.0,MW1008-42|20150128,0xfffffffffffffffff,68
6558,Triphenyl phosphate,4,0.4771212637424469,MW1008-42|20150128,0xfffffffffffffffff,68
6559,Triphenyl phosphate,4,1.0,MW1008-42|20150128,0xfffffffffffff89cb,60
6560,Triphenyl phosphate,4,1.4771212339401245,MW1008-42|20150128,0xfffffffffffff89ff,63
6561,Triphenyl phosphate,4,1.4771212339401245,MW1086-39|20151125,0xfffffffffffff89ff,63
6562,Triphenyl phosphate,4,-1.5228787660598755,MW1086-39|20151125,0xfffffffffffff89ff,63
6563,Triphenyl phosphate,4,-1.0,MW1086-39|20151125,0xfffffffffffffffff,68
6564,Triphenyl phosphate,4,-0.5228787660598755,MW1086-39|20151125,0xfffffffffffff89ff,63
6565,Triphenyl phosphate,4,0.0,MW1086-39|20151125,0xfffffffffffffffff,68
6566,Triphenyl phosphate,4,0.4771212637424469,MW1086-39|20151125,0xfffffffffffffffff,68
6567,Triphenyl phosphate,4,1.0,MW1086-39|20151125,0xfffffffffffff89ff,63
6568,Triphenyl phosphate,4,1.0,MW1086-41|20151125,0xfffffffffffffffff,68
6569,Triphenyl phosphate,4,1.4771212339401245,MW1086-41|20151125,0xfffffffffffff89ff,63
6570,Triphenyl phosphate,4,-1.5228787660598755,MW1086-41|20151125,0xfffffffffffffffff,68
6571,Triphenyl phosphate,4,-1.0,MW1086-41|20151125,0xfffffffffffffffff,68
6572,Triphenyl phosphate,4,-0.5228787660598755,MW1086-41|20151125,0xfffffffffffffffff,68
6573,Triphenyl phosphate,4,0.0,MW1086-41|20151125,0xfffffffffffffffff,68
6574,Triphenyl phosphate,4,0.4771212637424469,MW1086-41|20151125,0xfffffffffffffffff,68
6575,Triphenyl phosphates isopropylated,3,1.3010300397872925,MW1139-23|20160720,0xfffffffff139789cb,52
6576,Triphenyl phosphates isopropylated,3,-1.5228787660598755,MW1139-23|20160720,0xfffffffffffff89ff,63
6577,Triphenyl phosphates isopropylated,3,-1.0,MW1139-23|20160720,0xfffffffffffff89ff,63
6578,Triphenyl phosphates isopropylated,3,-0.5228787660598755,MW1139-23|20160720,0xfffffffffffff89ff,63
6579,Triphenyl phosphates isopropylated,3,0.0,MW1139-23|20160720,0xfffffffffffffffff,68
6580,Triphenyl phosphates isopropylated,3,0.4771212637424469,MW1139-23|20160720,0xfffffffffffff89ff,63
6581,Triphenyl phosphates isopropylated,3,1.0,MW1139-23|20160720,0xfffffffffffffcfff,66
6582,Triphenyl phosphates isopropylated,3,1.0,MW1139-24|20160720,0xfffffffffffff89cb,60
6583,Triphenyl phosphates isopropylated,3,1.3010300397872925,MW1139-24|20160720,0xfffffffff139789cb,52
6584,Triphenyl phosphates isopropylated,3,-1.5228787660598755,MW1139-24|20160720,0xfffffffffffff89ff,63
6585,Triphenyl phosphates isopropylated,3,-1.0,MW1139-24|20160720,0xfffffffffffffcfff,66
6586,Triphenyl phosphates isopropylated,3,-0.5228787660598755,MW1139-24|20160720,0xfffffffffffffffff,68
6587,Triphenyl phosphates isopropylated,3,0.0,MW1139-24|20160720,0xfffffffffffffcfff,66
6588,Triphenyl phosphates isopropylated,3,0.4771212637424469,MW1139-24|20160720,0xfffffffffffff89cb,60
6589,Triphenyl phosphates isopropylated,3,0.4771212637424469,MW1139-25|20160720,0xfffffffffffff89ff,63
6590,Triphenyl phosphates isopropylated,3,1.0,MW1139-25|20160720,0xfffffffffffff89ff,63
6591,Triphenyl phosphates isopropylated,3,1.3010300397872925,MW1139-25|20160720,0xffffe272f139789cb,44
6592,Triphenyl phosphates isopropylated,3,-1.5228787660598755,MW1139-25|20160720,0xfffffffffffffffff,68
6593,Triphenyl phosphates isopropylated,3,-1.0,MW1139-25|20160720,0xfffffffffffff89cb,60
6594,Triphenyl phosphates isopropylated,3,-0.5228787660598755,MW1139-25|20160720,0xfffffffffffff89ff,63
6595,Triphenyl phosphates isopropylated,3,0.0,MW1139-25|20160720,0xfffffffffffffffff,68
6596,Triphenyl phosphite,4,1.3010300397872925,MW1160-24|20160921,0xfffffffffffff89ff,63
6597,Triphenyl phosphite,4,-1.5228787660598755,MW1160-24|20160921,0xfffffffffffff89ff,63
6598,Triphenyl phosphite,4,-1.0,MW1160-24|20160921,0xfffffffffffffcfff,66
6599,Triphenyl phosphite,4,-0.5228787660598755,MW1160-24|20160921,0xfffffffffffff89ff,63
6600,Triphenyl phosphite,4,0.0,MW1160-24|20160921,0xfffffffffffffcfff,66
6601,Triphenyl phosphite,4,0.4771212637424469,MW1160-24|20160921,0xfffffffffffff89ff,63
6602,Triphenyl phosphite,4,1.0,MW1160-24|20160921,0xfffffffffffff89ff,63
6603,Triphenyl phosphite,4,1.0,MW1160-25|20160921,0xfffffffffffff89ff,63
6604,Triphenyl phosphite,4,1.3010300397872925,MW1160-25|20160921,0xfffffffffffff89ff,63
6605,Triphenyl phosphite,4,-1.5228787660598755,MW1160-25|20160921,0xfffffffffffff89ff,63
6606,Triphenyl phosphite,4,-1.0,MW1160-25|20160921,0xfffffffffffff89ff,63
6607,Triphenyl phosphite,4,-0.5228787660598755,MW1160-25|20160921,0xfffffffffffff89ff,63
6608,Triphenyl phosphite,4,0.0,MW1160-25|20160921,0xfffffffffffff89ff,63
6609,Triphenyl phosphite,4,0.4771212637424469,MW1160-25|20160921,0xfffffffffffff89ff,63
6610,Triphenyl phosphite,4,0.4771212637424469,MW1160-26|20160921,0xfffffffffffff89ff,63
6611,Triphenyl phosphite,4,1.0,MW1160-26|20160921,0xfffffffffffff89ff,63
6612,Triphenyl phosphite,4,1.3010300397872925,MW1160-26|20160921,0xfffffffffffff89cb,60
6613,Triphenyl phosphite,4,-1.5228787660598755,MW1160-26|20160921,0xfffffffffffff89cb,60
6614,Triphenyl phosphite,4,-1.0,MW1160-26|20160921,0xfffffffffffff89ff,63
6615,Triphenyl phosphite,4,-0.5228787660598755,MW1160-26|20160921,0xfffffffffffff89ff,63
6616,Triphenyl phosphite,4,0.0,MW1160-26|20160921,0xfffffffffffff89ff,63
6617,"Tris(1,3-dichloro-2-propyl) phosphate",1,-1.5228787660598755,MW1008-37|20150128,0xfffffffffffffffff,68
6618,"Tris(1,3-dichloro-2-propyl) phosphate",1,-1.0,MW1008-37|20150128,0xfffffffffffffffff,68
6619,"Tris(1,3-dichloro-2-propyl) phosphate",1,-0.5228787660598755,MW1008-37|20150128,0xfffffffffffff89ff,63
6620,"Tris(1,3-dichloro-2-propyl) phosphate",1,0.0,MW1008-37|20150128,0xfffffffffffffffff,68
6621,"Tris(1,3-dichloro-2-propyl) phosphate",1,0.4771212637424469,MW1008-37|20150128,0xfffffffffffffcfff,66
6622,"Tris(1,3-dichloro-2-propyl) phosphate",1,1.0,MW1008-37|20150128,0xfffffffffffffffff,68
6623,"Tris(1,3-dichloro-2-propyl) phosphate",1,1.4771212339401245,MW1008-37|20150128,0xfffffffffffffffff,68
6624,"Tris(1,3-dichloro-2-propyl) phosphate",1,-1.5228787660598755,MW1008-41|20150128,0xfffffffff139789cb,52
6625,"Tris(1,3-dichloro-2-propyl) phosphate",1,-1.0,MW1008-41|20150128,0xfffffffffffff89cb,60
6626,"Tris(1,3-dichloro-2-propyl) phosphate",1,-0.5228787660598755,MW1008-41|20150128,0xffffe27ff13ff89cb,50
6627,"Tris(1,3-dichloro-2-propyl) phosphate",1,0.0,MW1008-41|20150128,0xfffffffff139789cb,52
6628,"Tris(1,3-dichloro-2-propyl) phosphate",1,0.4771212637424469,MW1008-41|20150128,0xc4e5e272f139789cb,36
6629,"Tris(1,3-dichloro-2-propyl) phosphate",1,1.0,MW1008-41|20150128,0xffffe272f139789cb,44
6630,"Tris(1,3-dichloro-2-propyl) phosphate",1,1.4771212339401245,MW1008-41|20150128,0xc4e5e272f139789cb,36
6631,"Tris(1,3-dichloro-2-propyl) phosphate",1,-1.5228787660598755,MW1008-42|20150128,0xfffffffffffffffff,68
6632,"Tris(1,3-dichloro-2-propyl) phosphate",1,-1.0,MW1008-42|20150128,0xfffffffffffffffff,68
6633,"Tris(1,3-dichloro-2-propyl) phosphate",1,-0.5228787660598755,MW1008-42|20150128,0xfffffffffffff89cb,60
6634,"Tris(1,3-dichloro-2-propyl) phosphate",1,0.0,MW1008-42|20150128,0xfffffffffffffffff,68
6635,"Tris(1,3-dichloro-2-propyl) phosphate",1,0.4771212637424469,MW1008-42|20150128,0xfffffffffffffffff,68
6636,"Tris(1,3-dichloro-2-propyl) phosphate",1,1.0,MW1008-42|20150128,0xfffffffffffff89ff,63
6637,"Tris(1,3-dichloro-2-propyl) phosphate",1,1.4771212339401245,MW1008-42|20150128,0xfffffffffffff89cb,60
6638,"Tris(1,3-dichloro-2-propyl) phosphate",1,1.4771212339401245,MW1086-39|20151125,0xfffffffff13ff89ff,58
6639,"Tris(1,3-dichloro-2-propyl) phosphate",1,-1.5228787660598755,MW1086-39|20151125,0xfffffffffffffffff,68
6640,"Tris(1,3-dichloro-2-propyl) phosphate",1,-1.0,MW1086-39|20151125,0xfffffffffffffffff,68
6641,"Tris(1,3-dichloro-2-propyl) phosphate",1,-0.5228787660598755,MW1086-39|20151125,0xfffffffffffffffff,68
6642,"Tris(1,3-dichloro-2-propyl) phosphate",1,0.0,MW1086-39|20151125,0xfffffffffffffffff,68
6643,"Tris(1,3-dichloro-2-propyl) phosphate",1,0.4771212637424469,MW1086-39|20151125,0xfffffffffffffffff,68
6644,"Tris(1,3-dichloro-2-propyl) phosphate",1,1.0,MW1086-39|20151125,0xfffffffffffff89cb,60
6645,"Tris(1,3-dichloro-2-propyl) phosphate",1,1.0,MW1086-41|20151125,0xfffffffffffffcfff,66
6646,"Tris(1,3-dichloro-2-propyl) phosphate",1,1.4771212339401245,MW1086-41|20151125,0xfffffffffffff89cb,60
6647,"Tris(1,3-dichloro-2-propyl) phosphate",1,-1.5228787660598755,MW1086-41|20151125,0xfffffffffffffffff,68
6648,"Tris(1,3-dichloro-2-propyl) phosphate",1,-1.0,MW1086-41|20151125,0xfffffffffffffffff,68
6649,"Tris(1,3-dichloro-2-propyl) phosphate",1,-0.5228787660598755,MW1086-41|20151125,0xfffffffffffffffff,68
6650,"Tris(1,3-dichloro-2-propyl) phosphate",1,0.0,MW1086-41|20151125,0xfffffffffffffffff,68
6651,"Tris(1,3-dichloro-2-propyl) phosphate",1,0.4771212637424469,MW1086-41|20151125,0xfffffffffffffffff,68
6652,Tris(2-chloroethyl) phosphate,1,-1.5228787660598755,MW1008-37|20150128,0xfffffffffffffffff,68
6653,Tris(2-chloroethyl) phosphate,1,-1.0,MW1008-37|20150128,0xfffffffffffffffff,68
6654,Tris(2-chloroethyl) phosphate,1,-0.5228787660598755,MW1008-37|20150128,0xfffffffffffffffff,68
6655,Tris(2-chloroethyl) phosphate,1,0.0,MW1008-37|20150128,0xfffffffffffffffff,68
6656,Tris(2-chloroethyl) phosphate,1,0.4771212637424469,MW1008-37|20150128,0xfffffffffffffffff,68
6657,Tris(2-chloroethyl) phosphate,1,1.0,MW1008-37|20150128,0xfffffffffffffffff,68
6658,Tris(2-chloroethyl) phosphate,1,1.4771212339401245,MW1008-37|20150128,0xfffffffffffffffff,68
6659,Tris(2-chloroethyl) phosphate,1,-1.5228787660598755,MW1008-41|20150128,0xc4e5e272f139789cb,36
6660,Tris(2-chloroethyl) phosphate,1,-1.0,MW1008-41|20150128,0xffffe27ff139789cb,47
6661,Tris(2-chloroethyl) phosphate,1,-0.5228787660598755,MW1008-41|20150128,0xfffffffff13ff89cb,55
6662,Tris(2-chloroethyl) phosphate,1,0.0,MW1008-41|20150128,0xfffffffff139789cb,52
6663,Tris(2-chloroethyl) phosphate,1,0.4771212637424469,MW1008-41|20150128,0xfffffffff13ff89cb,55
6664,Tris(2-chloroethyl) phosphate,1,1.0,MW1008-41|20150128,0xc4e5e272f139789cb,36
6665,Tris(2-chloroethyl) phosphate,1,1.4771212339401245,MW1008-41|20150128,0xfffffffffffff89cb,60
6666,Tris(2-chloroethyl) phosphate,1,-1.5228787660598755,MW1008-42|20150128,0xfffffffffffffffff,68
6667,Tris(2-chloroethyl) phosphate,1,-1.0,MW1008-42|20150128,0xfffffffffffffcfff,66
6668,Tris(2-chloroethyl) phosphate,1,-0.5228787660598755,MW1008-42|20150128,0xfffffffffffffffff,68
6669,Tris(2-chloroethyl) phosphate,1,0.0,MW1008-42|20150128,0xfffffffffffffffff,68
6670,Tris(2-chloroethyl) phosphate,1,0.4771212637424469,MW1008-42|20150128,0xfffffffffffffffff,68
6671,Tris(2-chloroethyl) phosphate,1,1.0,MW1008-42|20150128,0xfffffffffffff89cb,60
6672,Tris(2-chloroethyl) phosphate,1,1.4771212339401245,MW1008-42|20150128,0xfffffffffffff89cb,60
6673,Tris(2-chloroisopropyl)phosphate,4,1.3010300397872925,MW1139-23|20160720,0xfffffffffffff89ff,63
6674,Tris(2-chloroisopropyl)phosphate,4,-1.5228787660598755,MW1139-23|20160720,0xfffffffffffffffff,68
6675,Tris(2-chloroisopropyl)phosphate,4,-1.0,MW1139-23|20160720,0xfffffffffffffffff,68
6676,Tris(2-chloroisopropyl)phosphate,4,-0.5228787660598755,MW1139-23|20160720,0xfffffffffffffffff,68
6677,Tris(2-chloroisopropyl)phosphate,4,0.0,MW1139-23|20160720,0xfffffffffffffffff,68
6678,Tris(2-chloroisopropyl)phosphate,4,0.4771212637424469,MW1139-23|20160720,0xfffffffffffffffff,68
6679,Tris(2-chloroisopropyl)phosphate,4,1.0,MW1139-23|20160720,0xfffffffffffff89ff,63
6680,Tris(2-chloroisopropyl)phosphate,4,1.0,MW1139-24|20160720,0xfffffffffffff89cb,60
6681,Tris(2-chloroisopropyl)phosphate,4,1.3010300397872925,MW1139-24|20160720,0xfffffffffffff89cb,60
6682,Tris(2-chloroisopropyl)phosphate,4,-1.5228787660598755,MW1139-24|20160720,0xfffffffffffff89ff,63
6683,Tris(2-chloroisopropyl)phosphate,4,-1.0,MW1139-24|20160720,0xfffffffffffffffff,68
6684,Tris(2-chloroisopropyl)phosphate,4,-0.5228787660598755,MW1139-24|20160720,0xfffffffffffff89ff,63
6685,Tris(2-chloroisopropyl)phosphate,4,0.0,MW1139-24|20160720,0xfffffffffffff89ff,63
6686,Tris(2-chloroisopropyl)phosphate,4,0.4771212637424469,MW1139-24|20160720,0xfffffffffffffcfcb,63
6687,Tris(2-chloroisopropyl)phosphate,4,0.4771212637424469,MW1139-25|20160720,0xfffffffffffff89ff,63
6688,Tris(2-chloroisopropyl)phosphate,4,1.0,MW1139-25|20160720,0xfffffffffffffcfff,66
6689,Tris(2-chloroisopropyl)phosphate,4,1.3010300397872925,MW1139-25|20160720,0xfffffffffffff89cb,60
6690,Tris(2-chloroisopropyl)phosphate,4,-1.5228787660598755,MW1139-25|20160720,0xfffffffffffffcfff,66
6691,Tris(2-chloroisopropyl)phosphate,4,-1.0,MW1139-25|20160720,0xfffffffffffffffff,68
6692,Tris(2-chloroisopropyl)phosphate,4,-0.5228787660598755,MW1139-25|20160720,0xfffffffffffffffff,68
6693,Tris(2-chloroisopropyl)phosphate,4,0.0,MW1139-25|20160720,0xfffffffffffffffcb,65
6694,Tris(methylphenyl) phosphate,2,1.3010300397872925,MW1139-23|20160720,0xfffffffffffff89ff,63
6695,Tris(methylphenyl) phosphate,2,-1.5228787660598755,MW1139-23|20160720,0xfffffffffffffffff,68
6696,Tris(methylphenyl) phosphate,2,-1.0,MW1139-23|20160720,0xfffffffffffff89ff,63
6697,Tris(methylphenyl) phosphate,2,-0.5228787660598755,MW1139-23|20160720,0xfffffffffffffffff,68
6698,Tris(methylphenyl) phosphate,2,0.0,MW1139-23|20160720,0xfffffffffffff89ff,63
6699,Tris(methylphenyl) phosphate,2,0.4771212637424469,MW1139-23|20160720,0xfffffffffffffffff,68
6700,Tris(methylphenyl) phosphate,2,1.0,MW1139-23|20160720,0xfffffffffffff89ff,63
6701,Tris(methylphenyl) phosphate,2,1.0,MW1139-24|20160720,0xfffffffffffffffff,68
6702,Tris(methylphenyl) phosphate,2,1.3010300397872925,MW1139-24|20160720,0xfffffffffffff89cb,60
6703,Tris(methylphenyl) phosphate,2,-1.5228787660598755,MW1139-24|20160720,0xfffffffffffff89ff,63
6704,Tris(methylphenyl) phosphate,2,-1.0,MW1139-24|20160720,0xfffffffffffffffff,68
6705,Tris(methylphenyl) phosphate,2,-0.5228787660598755,MW1139-24|20160720,0xfffffffffffffcfff,66
6706,Tris(methylphenyl) phosphate,2,0.0,MW1139-24|20160720,0xfffffffffffffffff,68
6707,Tris(methylphenyl) phosphate,2,0.4771212637424469,MW1139-24|20160720,0xfffffffffffff89ff,63
6708,Tris(methylphenyl) phosphate,2,0.4771212637424469,MW1139-25|20160720,0xfffffffffffffffff,68
6709,Tris(methylphenyl) phosphate,2,1.0,MW1139-25|20160720,0xfffffffff9fff89ff,61
6710,Tris(methylphenyl) phosphate,2,1.3010300397872925,MW1139-25|20160720,0xfffffffffffff89ff,63
6711,Tris(methylphenyl) phosphate,2,-1.5228787660598755,MW1139-25|20160720,0xfffffffffffffffff,68
6712,Tris(methylphenyl) phosphate,2,-1.0,MW1139-25|20160720,0xfffffffffffffffff,68
6713,Tris(methylphenyl) phosphate,2,-0.5228787660598755,MW1139-25|20160720,0xfffffffffffffffff,68
6714,Tris(methylphenyl) phosphate,2,0.0,MW1139-25|20160720,0xfffffffffffffcfff,66
6715,Valinomycin,4,1.3010300397872925,MW1140-26|20161013,0xc4e5e272f139789cb,36
6716,Valinomycin,4,-1.5228787660598755,MW1140-26|20161013,0xc4e5e272f139789cb,36
6717,Valinomycin,4,-1.0,MW1140-26|20161013,0xc4e5e272f139789cb,36
6718,Valinomycin,4,-0.5228787660598755,MW1140-26|20161013,0xc4e5e272f139789cb,36
6719,Valinomycin,4,0.0,MW1140-26|20161013,0xc4e5e272f139789cb,36
6720,Valinomycin,4,0.4771212637424469,MW1140-26|20161013,0xc4e5e272f139789cb,36
6721,Valinomycin,4,1.0,MW1140-26|20161013,0xc4e5e272f139789cb,36
6722,Valinomycin,4,1.0,MW1140-27|20161013,0xc4e5e272f139789cb,36
6723,Valinomycin,4,1.3010300397872925,MW1140-27|20161013,0xc4e5e272f139789cb,36
6724,Valinomycin,4,-1.5228787660598755,MW1140-27|20161013,0xc4e5e272f139789cb,36
6725,Valinomycin,4,-1.0,MW1140-27|20161013,0xc4e5e272f139789cb,36
6726,Valinomycin,4,-0.5228787660598755,MW1140-27|20161013,0xc4e5e272f139789cb,36
6727,Valinomycin,4,0.0,MW1140-27|20161013,0xc4e5e272f139789cb,36
6728,Valinomycin,4,0.4771212637424469,MW1140-27|20161013,0xc4e5e272f139789cb,36
6729,Valinomycin,4,0.4771212637424469,MW1140-28|20161013,0xc4e5e272f139789cb,36
6730,Valinomycin,4,1.0,MW1140-28|20161013,0xc4e5e272f139789cb,36
6731,Valinomycin,4,1.3010300397872925,MW1140-28|20161013,0xc4e5e272f139789cb,36
6732,Valinomycin,4,-1.5228787660598755,MW1140-28|20161013,0xc4e5e272f139789cb,36
6733,Valinomycin,4,-1.0,MW1140-28|20161013,0xc4e5e272f139789cb,36
6734,Valinomycin,4,-0.5228787660598755,MW1140-28|20161013,0xc4e5e272f139789cb,36
6735,Valinomycin,4,0.0,MW1140-28|20161013,0xc4e5e272f139789cb,36
6736,Valinomycin,4,-4.0,MW1147-28|20171011,0xfffffffffffff89ff,63
6737,Valinomycin,4,-3.522878646850586,MW1147-28|20171011,0xfffffffffffff89ff,63
6738,Valinomycin,4,-3.0,MW1147-28|20171011,0xc4e5e272f139789cb,36
6739,Valinomycin,4,-2.522878646850586,MW1147-28|20171011,0xc4e5e272f139789cb,36
6740,Valinomycin,4,-2.0,MW1147-28|20171011,0xc4e5e272f139789cb,36
6741,Valinomycin,4,-1.5228787660598755,MW1147-28|20171011,0xc4e5e272f139789cb,36
6742,Valinomycin,4,-1.0,MW1147-28|20171011,0xc4e5e272f139789cb,36
6743,Valinomycin,4,-4.0,MW1147-29|20171011,0xfffffffffffff89ff,63
6744,Valinomycin,4,-3.522878646850586,MW1147-29|20171011,0xfffffffffffff89ff,63
6745,Valinomycin,4,-3.0,MW1147-29|20171011,0xc4e5e272f139789cb,36
6746,Valinomycin,4,-2.522878646850586,MW1147-29|20171011,0xc4e5e272f139789cb,36
6747,Valinomycin,4,-2.0,MW1147-29|20171011,0xc4e5e272f139789cb,36
6748,Valinomycin,4,-1.5228787660598755,MW1147-29|20171011,0xc4e5e272f139789cb,36
6749,Valinomycin,4,-1.0,MW1147-29|20171011,0xc4e5e272f139789cb,36
6750,Valinomycin,4,-4.0,MW1147-30|20171011,0xfffffffffffff89ff,63
6751,Valinomycin,4,-3.522878646850586,MW1147-30|20171011,0xfffffffffffff89ff,63
6752,Valinomycin,4,-3.0,MW1147-30|20171011,0xc4e5e272f139789cb,36
6753,Valinomycin,4,-2.522878646850586,MW1147-30|20171011,0xc4e5e272f139789cb,36
6754,Valinomycin,4,-2.0,MW1147-30|20171011,0xc4e5e272f139789cb,36
6755,Valinomycin,4,-1.5228787660598755,MW1147-30|20171011,0xc4e5e272f139789cb,36
6756,Valinomycin,4,-1.0,MW1147-30|20171011,0xc4e5e272f139789cb,36
6757,Z-Tetrachlorvinphos,1,-1.0,MW1056-28|20151209,0xfffffffffffff89ff,63
6758,Z-Tetrachlorvinphos,1,-0.5228787660598755,MW1056-28|20151209,0xfffffffffffff89cb,60
6759,Z-Tetrachlorvinphos,1,0.0,MW1056-28|20151209,0xfffffffffffff89ff,63
6760,Z-Tetrachlorvinphos,1,0.4771212637424469,MW1056-28|20151209,0xfffffffffffff89ff,63
6761,Z-Tetrachlorvinphos,1,1.0,MW1056-28|20151209,0xfffffffffffff89cb,60
6762,Z-Tetrachlorvinphos,1,1.4771212339401245,MW1056-28|20151209,0xfffffffffffff89cb,60
6763,Z-Tetrachlorvinphos,1,1.4771212339401245,MW1056-29|20151209,0xfffffffffffffcfff,66
6764,Z-Tetrachlorvinphos,1,2.0,MW1056-29|20151209,0xfffffffff13ff89ff,58
6765,Z-Tetrachlorvinphos,1,-1.0,MW1056-29|20151209,0xfffffffffffff89ff,63
6766,Z-Tetrachlorvinphos,1,-0.5228787660598755,MW1056-29|20151209,0xfffffffffffff89ff,63
6767,Z-Tetrachlorvinphos,1,0.0,MW1056-29|20151209,0xfffffffffffff89cb,60
6768,Z-Tetrachlorvinphos,1,0.4771212637424469,MW1056-29|20151209,0xfffffffffffffcfff,66
6769,Z-Tetrachlorvinphos,1,1.0,MW1056-29|20151209,0xfffffffffffffcfff,66
6770,Z-Tetrachlorvinphos,1,1.0,MW1056-36|20151209,0xfffffffffffffffff,68
6771,Z-Tetrachlorvinphos,1,1.4771212339401245,MW1056-36|20151209,0xfffffffffffffffff,68
6772,Z-Tetrachlorvinphos,1,2.0,MW1056-36|20151209,0xffffe27ff139789cb,47
6773,Z-Tetrachlorvinphos,1,-1.0,MW1056-36|20151209,0xfffffffffffffffff,68
6774,Z-Tetrachlorvinphos,1,-0.5228787660598755,MW1056-36|20151209,0xfffffffffffffcfff,66
6775,Z-Tetrachlorvinphos,1,0.0,MW1056-36|20151209,0xfffffffffffff89ff,63
6776,Z-Tetrachlorvinphos,1,0.4771212637424469,MW1056-36|20151209,0xfffffffffffff89ff,63
6777,Z-Tetrachlorvinphos,1,2.0,MW1117-22|20160330,0xc4e5e272f139789cb,36
6778,Z-Tetrachlorvinphos,1,-1.0,MW1117-22|20160330,0xfffffffffffffffff,68
6779,Z-Tetrachlorvinphos,1,-0.5228787660598755,MW1117-22|20160330,0xfffffffffffffffff,68
6780,Z-Tetrachlorvinphos,1,0.0,MW1117-22|20160330,0xfffffffffffffffff,68
6781,Z-Tetrachlorvinphos,1,0.4771212637424469,MW1117-22|20160330,0xfffffffffffffffff,68
6782,Z-Tetrachlorvinphos,1,1.0,MW1117-22|20160330,0xfffffffffffffffff,68
6783,Z-Tetrachlorvinphos,1,1.4771212339401245,MW1117-22|20160330,0xfffffffffffffffff,68
6784,Z-Tetrachlorvinphos,1,1.4771212339401245,MW1117-23|20160330,0xfffffffffffffffff,68
6785,Z-Tetrachlorvinphos,1,2.0,MW1117-23|20160330,0xfffffffff13ff89cb,55
6786,Z-Tetrachlorvinphos,1,-1.0,MW1117-23|20160330,0xfffffffffffffffff,68
6787,Z-Tetrachlorvinphos,1,-0.5228787660598755,MW1117-23|20160330,0xfffffffffffffffff,68
6788,Z-Tetrachlorvinphos,1,0.0,MW1117-23|20160330,0xfffffffffffffffff,68
6789,Z-Tetrachlorvinphos,1,0.4771212637424469,MW1117-23|20160330,0xfffffffffffffffff,68
6790,Z-Tetrachlorvinphos,1,1.0,MW1117-23|20160330,0xfffffffffffffffff,68
6791,Z-Tetrachlorvinphos,1,1.0,MW1117-24|20160330,0xfffffffffffffffff,68
6792,Z-Tetrachlorvinphos,1,1.4771212339401245,MW1117-24|20160330,0xfffffffffffffffff,68
6793,Z-Tetrachlorvinphos,1,2.0,MW1117-24|20160330,0xfffffffffffff89cb,60
6794,Z-Tetrachlorvinphos,1,-1.0,MW1117-24|20160330,0xfffffffffffffffff,68
6795,Z-Tetrachlorvinphos,1,-0.5228787660598755,MW1117-24|20160330,0xfffffffffffffffff,68
6796,Z-Tetrachlorvinphos,1,0.0,MW1117-24|20160330,0xfffffffffffffffff,68
6797,Z-Tetrachlorvinphos,1,0.4771212637424469,MW1117-24|20160330,0xfffffffffffffffff,68
6798,"o,p'-DDT",2,1.3010300397872925,MW1144-22|20161109,0xc4e5e272f139789cb,36
6799,"o,p'-DDT",2,-1.5228787660598755,MW1144-22|20161109,0xfffffffffffff89cb,60
6800,"o,p'-DDT",2,-1.0,MW1144-22|20161109,0xfffffffffffff89cb,60
6801,"o,p'-DDT",2,-0.5228787660598755,MW1144-22|20161109,0xfffffffffffff89ff,63
6802,"o,p'-DDT",2,0.0,MW1144-22|20161109,0xfffffffff13ff89cb,55
6803,"o,p'-DDT",2,0.4771212637424469,MW1144-22|20161109,0xfffffffff13ff89ff,58
6804,"o,p'-DDT",2,1.0,MW1144-22|20161109,0xc4e5e272f139789cb,36
6805,"o,p'-DDT",2,1.0,MW1144-23|20161109,0xc4e5e272f139789cb,36
6806,"o,p'-DDT",2,1.3010300397872925,MW1144-23|20161109,0xc4e5e272f139789cb,36
6807,"o,p'-DDT",2,-1.5228787660598755,MW1144-23|20161109,0xfffffffffffff89ff,63
6808,"o,p'-DDT",2,-1.0,MW1144-23|20161109,0xfffffffffffff89cb,60
6809,"o,p'-DDT",2,-0.5228787660598755,MW1144-23|20161109,0xfffffffff13ff89ff,58
6810,"o,p'-DDT",2,0.0,MW1144-23|20161109,0xfffffffff9fff89cb,58
6811,"o,p'-DDT",2,0.4771212637424469,MW1144-23|20161109,0xfffffffff13ff89cb,55
6812,"o,p'-DDT",2,0.4771212637424469,MW1144-24|20161109,0xfffffffffffff89ff,63
6813,"o,p'-DDT",2,1.0,MW1144-24|20161109,0xc4e5e272f139789cb,36
6814,"o,p'-DDT",2,1.3010300397872925,MW1144-24|20161109,0xc4e5e272f139789cb,36
6815,"o,p'-DDT",2,-1.5228787660598755,MW1144-24|20161109,0xfffffffffffff89cb,60
6816,"o,p'-DDT",2,-1.0,MW1144-24|20161109,0xfffffffffffff89cb,60
6817,"o,p'-DDT",2,-0.5228787660598755,MW1144-24|20161109,0xfffffffffffff89cb,60
6818,"o,p'-DDT",2,0.0,MW1144-24|20161109,0xfffffffffffff89ff,63
6819,"p,p'-DDD",1,1.3010300397872925,MW1144-19|20161109,0xc4e5e272f139789cb,36
6820,"p,p'-DDD",1,-1.5228787660598755,MW1144-19|20161109,0xfffffffffffff89cb,60
6821,"p,p'-DDD",1,-1.0,MW1144-19|20161109,0xfffffffffffff89ff,63
6822,"p,p'-DDD",1,-0.5228787660598755,MW1144-19|20161109,0xfffffffffffff89cb,60
6823,"p,p'-DDD",1,0.0,MW1144-19|20161109,0xfffffffffffff89ff,63
6824,"p,p'-DDD",1,0.4771212637424469,MW1144-19|20161109,0xfffffffff13ff89cb,55
6825,"p,p'-DDD",1,1.0,MW1144-19|20161109,0xc4e5e272f139789cb,36
6826,"p,p'-DDD",1,1.0,MW1144-20|20161109,0xc4e5e272f139789cb,36
6827,"p,p'-DDD",1,1.3010300397872925,MW1144-20|20161109,0xc4e5e272f139789cb,36
6828,"p,p'-DDD",1,-1.0,MW1144-20|20161109,0xfffffffffffff89cb,60
6829,"p,p'-DDD",1,-0.5228787660598755,MW1144-20|20161109,0xfffffffffffff89cb,60
6830,"p,p'-DDD",1,0.0,MW1144-20|20161109,0xfffffffffffff89cb,60
6831,"p,p'-DDD",1,0.4771212637424469,MW1144-20|20161109,0xfffffffffffff89cb,60
6832,"p,p'-DDD",1,0.4771212637424469,MW1144-21|20161109,0xfffffffffffff89cb,60
6833,"p,p'-DDD",1,1.0,MW1144-21|20161109,0xc4ffe27ff139789cb,42
6834,"p,p'-DDD",1,1.3010300397872925,MW1144-21|20161109,0xc4e5e272f139789cb,36
6835,"p,p'-DDD",1,-1.5228787660598755,MW1144-21|20161109,0xfffffffffffff89cb,60
6836,"p,p'-DDD",1,-1.0,MW1144-21|20161109,0xfffffffff13ff89cb,55
6837,"p,p'-DDD",1,-0.5228787660598755,MW1144-21|20161109,0xfffffffffffff89cb,60
6838,"p,p'-DDD",1,0.0,MW1144-21|20161109,0xfffffffffffff89cb,60
6860,tert-Butylhydroquinone,1,1.3010300397872925,MW1146-06|20170412,0xffffe27ff139789cb,47
6861,tert-Butylhydroquinone,1,-1.5228787660598755,MW1146-06|20170412,0xfffffffffffff89cb,60
6862,tert-Butylhydroquinone,1,-1.0,MW1146-06|20170412,0xfffffffffffff89cb,60
6863,tert-Butylhydroquinone,1,-0.5228787660598755,MW1146-06|20170412,0xfffffffffffff89cb,60
6864,tert-Butylhydroquinone,1,0.0,MW1146-06|20170412,0xfffffffffffff89cb,60
6865,tert-Butylhydroquinone,1,0.4771212637424469,MW1146-06|20170412,0xfffffffffffff89cb,60
6866,tert-Butylhydroquinone,1,1.0,MW1146-06|20170412,0xffffe27ff139789cb,47
6867,tert-Butylhydroquinone,1,1.0,MW1146-07|20170412,0xfffffffff139789cb,52
6868,tert-Butylhydroquinone,1,1.3010300397872925,MW1146-07|20170412,0xc4ffe272f139789cb,39
6869,tert-Butylhydroquinone,1,-1.5228787660598755,MW1146-07|20170412,0xfffffffffffff89ff,63
6870,tert-Butylhydroquinone,1,-1.0,MW1146-07|20170412,0xfffffffffffff89ff,63
6871,tert-Butylhydroquinone,1,-0.5228787660598755,MW1146-07|20170412,0xfffffffffffff89ff,63
6872,tert-Butylhydroquinone,1,0.0,MW1146-07|20170412,0xfffffffffffff89cb,60
6873,tert-Butylhydroquinone,1,0.4771212637424469,MW1146-07|20170412,0xfffffffffffff89cb,60
6874,tert-Butylhydroquinone,1,0.4771212637424469,MW1146-08|20170412,0xfffffffffffff89cb,60
6875,tert-Butylhydroquinone,1,1.0,MW1146-08|20170412,0xfffffffffffff89cb,60
6876,tert-Butylhydroquinone,1,1.3010300397872925,MW1146-08|20170412,0xc4e5e272f139789cb,36
6877,tert-Butylhydroquinone,1,-1.5228787660598755,MW1146-08|20170412,0xfffffffffffff89cb,60
6878,tert-Butylhydroquinone,1,-1.0,MW1146-08|20170412,0xfffffffffffff89cb,60
6879,tert-Butylhydroquinone,1,-0.5228787660598755,MW1146-08|20170412,0xfffffffffffff89cb,60
6880,tert-Butylhydroquinone,1,0.0,MW1146-08|20170412,0xfffffffffffff89cb,60
6881,tert-Butylphenyl diphenyl phosphate,4,1.3010300397872925,MW1139-23|20160720,0xfffffffff139789ff,55
6882,tert-Butylphenyl diphenyl phosphate,4,-1.5228787660598755,MW1139-23|20160720,0xfffffffffffff89ff,63
6883,tert-Butylphenyl diphenyl phosphate,4,-1.0,MW1139-23|20160720,0xfffffffffffff89ff,63
6884,tert-Butylphenyl diphenyl phosphate,4,-0.5228787660598755,MW1139-23|20160720,0xfffffffffffff89ff,63
6885,tert-Butylphenyl diphenyl phosphate,4,0.0,MW1139-23|20160720,0xfffffffffffff89ff,63
6886,tert-Butylphenyl diphenyl phosphate,4,0.4771212637424469,MW1139-23|20160720,0xfffffffffffff89ff,63
6887,tert-Butylphenyl diphenyl phosphate,4,1.0,MW1139-23|20160720,0xfffffffffffffffff,68
6888,tert-Butylphenyl diphenyl phosphate,4,1.0,MW1139-24|20160720,0xfffffffffffffffff,68
6889,tert-Butylphenyl diphenyl phosphate,4,1.3010300397872925,MW1139-24|20160720,0xfffffffff139789cb,52
6890,tert-Butylphenyl diphenyl phosphate,4,-1.5228787660598755,MW1139-24|20160720,0xfffffffffffffffff,68
6891,tert-Butylphenyl diphenyl phosphate,4,-1.0,MW1139-24|20160720,0xfffffffffffffffff,68
6892,tert-Butylphenyl diphenyl phosphate,4,-0.5228787660598755,MW1139-24|20160720,0xfffffffffffffffff,68
6893,tert-Butylphenyl diphenyl phosphate,4,0.0,MW1139-24|20160720,0xfffffffffffffcfff,66
6894,tert-Butylphenyl diphenyl phosphate,4,0.4771212637424469,MW1139-24|20160720,0xfffffffffffffffff,68
6895,tert-Butylphenyl diphenyl phosphate,4,0.4771212637424469,MW1139-25|20160720,0xfffffffffffffffff,68
6896,tert-Butylphenyl diphenyl phosphate,4,1.0,MW1139-25|20160720,0xfffffffffffffffff,68
6897,tert-Butylphenyl diphenyl phosphate,4,1.3010300397872925,MW1139-25|20160720,0xffffe27ff139789cb,47
6898,tert-Butylphenyl diphenyl phosphate,4,-1.5228787660598755,MW1139-25|20160720,0xfffffffffffff89ff,63
6899,tert-Butylphenyl diphenyl phosphate,4,-1.0,MW1139-25|20160720,0xfffffffffffffffff,68
6900,tert-Butylphenyl diphenyl phosphate,4,-0.5228787660598755,MW1139-25|20160720,0xfffffffffffffffff,68
6901,tert-Butylphenyl diphenyl phosphate,4,0.0,MW1139-25|20160720,0xfffffffffffffffff,68
