method,k,chemical,fold,identity_group,mae,source
analog_knn,1,1-Ethyl-3-methyl-1H-imidazol-3-ium diethyl phosphate,0,DTXSID9047889,1.3083415269851684,published_per_chemical
analog_knn,1,"1H,1H,2H,2H-Perfluorooctyl iodide",0,DTXSID2047565,0.7876800298690796,published_per_chemical
analog_knn,1,"2,2',4,4',5,5'-Hexabromodiphenyl ether",0,DTXSID4030047,1.4168816804885864,published_per_chemical
analog_knn,1,"2,2',4,4',5-Pentabromodiphenyl ether",0,DTXSID9030048,1.8520789384841918,published_per_chemical
analog_knn,1,"2,2',4,4'-Tetrabromodiphenyl ether",0,DTXSID3030056,1.694397258758545,published_per_chemical
analog_knn,1,2-Methoxyethanol,0,DTXSID5024182,1.0670525789260865,published_per_chemical
analog_knn,1,"3,3'-Iminobispropanenitrile",0,DTXSID2041464,0.8148341536521911,published_per_chemical
analog_knn,1,4H-Cyclopenta(def)phenanthrene,0,DTXSID1024887,1.2400855898857117,published_per_chemical
analog_knn,1,6-Propyl-2-thiouracil,0,DTXSID5021209,1.621173882484436,published_per_chemical
analog_knn,1,Acrylamide,0,DTXSID5020027,0.9129483819007873,published_per_chemical
analog_knn,1,Aldrin,0,DTXSID8020040,1.9262794733047486,published_per_chemical
analog_knn,1,Benz(a)anthracene,0,DTXSID5023902,1.028625476360321,published_per_chemical
analog_knn,1,"Benzo[g,h,i]perylene",0,DTXSID5023908,1.1804986476898194,published_per_chemical
analog_knn,1,Boric acid (H3BO3),0,DTXSID1020194,1.0816377520561218,published_per_chemical
analog_knn,1,Boscalid,0,DTXSID6034392,0.7720265507698059,published_per_chemical
analog_knn,1,CP-457920,0,DTXSID4047254,1.250806498527527,published_per_chemical
analog_knn,1,Chlorpyrifos,0,DTXSID4020458,1.7562856197357177,published_per_chemical
analog_knn,1,Cyfluthrin,0,DTXSID5035957,1.433965301513672,published_per_chemical
analog_knn,1,Cytarabine,0,DTXSID3022877,2.198427677154541,published_per_chemical
analog_knn,1,"Dibenz[a,h]anthracene",0,DTXSID9020409,1.089009130001068,published_per_chemical
analog_knn,1,Disulfoton,0,DTXSID0022018,0.9643611669540405,published_per_chemical
analog_knn,1,Enadoline,0,DTXSID4047258,1.404938554763794,published_per_chemical
analog_knn,1,Erythromycin,0,DTXSID4022991,1.0841961979866028,published_per_chemical
analog_knn,1,Ethoprop,0,DTXSID4032611,1.4302637815475463,published_per_chemical
analog_knn,1,Fenamiphos,0,DTXSID3024102,1.116490662097931,published_per_chemical
analog_knn,1,Fluconazole,0,DTXSID3020627,1.1326619863510132,published_per_chemical
analog_knn,1,Flufenacet,0,DTXSID2032552,0.9363198518753052,published_per_chemical
analog_knn,1,Fluoxastrobin,0,DTXSID2034625,1.3534369468688965,published_per_chemical
analog_knn,1,Fluoxetine hydrochloride,0,DTXSID7020635,2.0528059720993044,published_per_chemical
analog_knn,1,Flusilazole,0,DTXSID3024235,1.473008131980896,published_per_chemical
analog_knn,1,Glyphosate,0,DTXSID1024122,1.423467469215393,published_per_chemical
analog_knn,1,Hydroxyurea,0,DTXSID6025438,1.4438424110412598,published_per_chemical
analog_knn,1,Isoniazid,0,DTXSID8020755,1.410442090034485,published_per_chemical
analog_knn,1,L-Domoic acid,0,DTXSID20274180,2.0054029703140257,published_per_chemical
analog_knn,1,Lactofen,0,DTXSID7024160,0.9738179564476013,published_per_chemical
analog_knn,1,Lovastatin,0,DTXSID5020784,2.0536269664764406,published_per_chemical
analog_knn,1,Methadone hydrochloride,0,DTXSID2020501,1.5163596153259278,published_per_chemical
analog_knn,1,Methotrexate,0,DTXSID4020822,3.9510311603546144,published_per_chemical
analog_knn,1,Naphthalene,0,DTXSID8020913,1.22077796459198,published_per_chemical
analog_knn,1,Omethoate,0,DTXSID4037580,1.1538756132125854,published_per_chemical
analog_knn,1,Phenobarbital sodium,0,parent:DTXSID0021123,1.0748751521110536,published_per_chemical
analog_knn,1,Pirimiphos-methyl,0,DTXSID0024266,1.701631760597229,published_per_chemical
analog_knn,1,Pyraclostrobin,0,DTXSID7032638,2.2175546646118165,published_per_chemical
analog_knn,1,Sodium benzoate,0,DTXSID1020140,1.2240726470947265,published_per_chemical
analog_knn,1,Spirodiclofen,0,DTXSID6034928,0.7243811130523682,published_per_chemical
analog_knn,1,Thiacloprid,0,DTXSID7034961,1.1591745615005493,published_per_chemical
analog_knn,1,Triclosan,0,DTXSID5032498,1.935966181755066,published_per_chemical
analog_knn,1,Triethyltin bromide,0,DTXSID9040712,2.653274416923523,published_per_chemical
analog_knn,1,"p,p'-DDE",0,DTXSID9020374,1.440550947189331,published_per_chemical
analog_knn,1,(Methylcyclopentadienyl)tricarbonylmanganese,1,DTXSID9027738,1.1374988317489625,published_per_chemical
analog_knn,1,"1,2-Propylene glycol",1,DTXSID0021206,1.6018415212631225,published_per_chemical
analog_knn,1,5-Chloro-2-methyl-3(2H)-isothiazolone,1,DTXSID9034286,2.284429907798767,published_per_chemical
analog_knn,1,5-Fluorouracil,1,DTXSID2020634,2.3854239225387572,published_per_chemical
analog_knn,1,Acephate,1,DTXSID8023846,1.41929030418396,published_per_chemical
analog_knn,1,Acetaminophen,1,DTXSID2020006,0.8377570629119873,published_per_chemical
analog_knn,1,Aspirin,1,DTXSID5020108,1.1275291562080383,published_per_chemical
analog_knn,1,Auramine hydrochloride,1,DTXSID9020114,1.6823189496994018,published_per_chemical
analog_knn,1,Benzo[k]fluoranthene,1,DTXSID0023909,1.0475968956947326,published_per_chemical
analog_knn,1,Berberine chloride,1,DTXSID8024602,2.10049569606781,published_per_chemical
analog_knn,1,Bifenthrin,1,DTXSID9020160,1.8184758186340333,published_per_chemical
analog_knn,1,Bis(tributyltin)oxide,1,parent:DTXSID3027403,4.143495702743531,published_per_chemical
analog_knn,1,Bisindolylmaleimide I,1,DTXSID50157932,1.5188820123672486,published_per_chemical
analog_knn,1,Bisphenol A,1,DTXSID7020182,1.2041026830673218,published_per_chemical
analog_knn,1,Busulfan,1,DTXSID3020910,1.0146206736564636,published_per_chemical
analog_knn,1,Caffeine,1,DTXSID0020232,1.2843727111816405,published_per_chemical
analog_knn,1,Chlordiazepoxide hydrochloride,1,DTXSID40880060,1.94461829662323,published_per_chemical
analog_knn,1,Cyclophosphamide monohydrate,1,DTXSID6024888,1.1476034641265869,published_per_chemical
analog_knn,1,Cymoxanil,1,DTXSID6032358,0.7717648863792419,published_per_chemical
analog_knn,1,Diazepam,1,DTXSID4020406,1.823811650276184,published_per_chemical
analog_knn,1,Diazoxon,1,DTXSID5037523,1.2654853820800782,published_per_chemical
analog_knn,1,Diethylene glycol,1,DTXSID8020462,0.9849549055099487,published_per_chemical
analog_knn,1,Diethylstilbestrol,1,DTXSID3020465,1.6746905088424682,published_per_chemical
analog_knn,1,Difpas-pyrazole,1,DTXSID6048175,1.5054349660873414,published_per_chemical
analog_knn,1,Dimethoate,1,DTXSID7020479,1.3421571969985961,published_per_chemical
analog_knn,1,Endosulfan,1,DTXSID1020560,2.354119968414307,published_per_chemical
analog_knn,1,Endrin,1,DTXSID6020561,1.5511318922042847,published_per_chemical
analog_knn,1,Fenitrothion,1,DTXSID4032613,0.8412504553794861,published_per_chemical
analog_knn,1,Loperamide,1,DTXSID00880006,1.9421908140182496,published_per_chemical
analog_knn,1,Malaoxon,1,DTXSID9020790,1.3829032182693481,published_per_chemical
analog_knn,1,Methoxychlor,1,DTXSID9020827,1.5920814514160155,published_per_chemical
analog_knn,1,Naled,1,DTXSID1024209,1.949068546295166,published_per_chemical
analog_knn,1,Oxidopamine hydrochloride,1,DTXSID0045838,1.3896388173103333,published_per_chemical
analog_knn,1,Permethrin,1,DTXSID8022292,1.5968577146530152,published_per_chemical
analog_knn,1,PharmaGSID_47330,1,DTXSID9047330,1.2704496145248414,published_per_chemical
analog_knn,1,Phenanthrene,1,DTXSID6024254,0.8591668963432312,published_per_chemical
analog_knn,1,Pravastatin sodium,1,DTXSID6047525,2.227538323402405,published_per_chemical
analog_knn,1,S-Ethyl dipropylthiocarbamate,1,DTXSID1024091,1.042094874382019,published_per_chemical
analog_knn,1,Sodium saccharin hydrate,1,DTXSID7021992,1.5182952404022216,published_per_chemical
analog_knn,1,Sodium valproate,1,DTXSID5037072,1.5050227880477904,published_per_chemical
analog_knn,1,Terbufos,1,DTXSID2022254,1.7190728187561035,published_per_chemical
analog_knn,1,Thalidomide,1,DTXSID9022524,1.499463176727295,published_per_chemical
analog_knn,1,Tributyltin methacrylate,1,parent:DTXSID3027403,1.5730417013168334,published_per_chemical
analog_knn,1,Trimethyltin hydroxide,1,DTXSID9032240,2.43843150138855,published_per_chemical
analog_knn,1,"Tris(1,3-dichloro-2-propyl) phosphate",1,DTXSID9026261,1.193675422668457,published_per_chemical
analog_knn,1,Tris(2-chloroethyl) phosphate,1,DTXSID5021411,1.422448992729187,published_per_chemical
analog_knn,1,Z-Tetrachlorvinphos,1,DTXSID1032648,1.522709321975708,published_per_chemical
analog_knn,1,"p,p'-DDD",1,DTXSID4020373,1.5992408275604248,published_per_chemical
analog_knn,1,tert-Butylhydroquinone,1,DTXSID6020220,1.403845977783203,published_per_chemical
analog_knn,1,2-(m-Chlorophenoxy)propionic acid,2,DTXSID9034232,1.483537244796753,published_per_chemical
analog_knn,1,2-Ethylhexyl diphenyl phosphate,2,DTXSID1025300,1.2849286317825317,published_per_chemical
analog_knn,1,"3,3',5,5'-Tetrabromobisphenol A",2,DTXSID1026081,0.9745954990386962,published_per_chemical
analog_knn,1,Abamectin,2,DTXSID8023892,2.9346824645996095,published_per_chemical
analog_knn,1,Acenaphthylene,2,DTXSID3023845,0.9185353279113769,published_per_chemical
analog_knn,1,Aldicarb,2,DTXSID0039223,1.473312211036682,published_per_chemical
analog_knn,1,Amoxicillin,2,DTXSID3037044,1.2361833810806275,published_per_chemical
analog_knn,1,Azoxystrobin,2,DTXSID0032520,2.064152979850769,published_per_chemical
analog_knn,1,Benzo[a]pyrene,2,DTXSID2020139,1.0553982257843018,published_per_chemical
analog_knn,1,Benzo[e]pyrene,2,DTXSID3023764,1.1578237771987916,published_per_chemical
analog_knn,1,Bis(2-ethylhexyl) tetrabromophthalate,2,DTXSID7027887,1.4625739574432373,published_per_chemical
analog_knn,1,Bisphenol AF,2,DTXSID7037717,1.15257887840271,published_per_chemical
analog_knn,1,Bisphenol B,2,DTXSID4022442,1.2476511001586914,published_per_chemical
analog_knn,1,Cadmium(II) chloride hydrate (2:5),2,DTXSID4040183,2.161565923690796,published_per_chemical
analog_knn,1,Captan,2,DTXSID9020243,0.9287223815917969,published_per_chemical
analog_knn,1,Carbamazepine,2,DTXSID4022731,1.31946542263031,published_per_chemical
analog_knn,1,Carbaryl,2,DTXSID9020247,2.50560085773468,published_per_chemical
analog_knn,1,Cariporide mesylate,2,DTXSID3047344,1.1797391176223755,published_per_chemical
analog_knn,1,Chloramben,2,DTXSID2020262,0.9041553854942321,published_per_chemical
analog_knn,1,Chlorpromazine hydrochloride,2,DTXSID7024827,1.9703332662582398,published_per_chemical
analog_knn,1,Clothianidin,2,DTXSID2034465,1.1738687038421631,published_per_chemical
analog_knn,1,Dichlorvos,2,DTXSID5020449,1.1068375825881958,published_per_chemical
analog_knn,1,Eugenol,2,DTXSID9020617,1.243479347229004,published_per_chemical
analog_knn,1,Fipronil,2,DTXSID4034609,1.5139078378677369,published_per_chemical
analog_knn,1,Fluorene,2,DTXSID8024105,0.7800759077072144,published_per_chemical
analog_knn,1,Glycerol,2,DTXSID9020663,0.913485312461853,published_per_chemical
analog_knn,1,L-Ascorbic acid,2,DTXSID5020106,1.179141628742218,published_per_chemical
analog_knn,1,Lindane,2,DTXSID2020686,1.7562935113906861,published_per_chemical
analog_knn,1,Maneb,2,DTXSID9020794,1.240994668006897,published_per_chemical
analog_knn,1,Manganese dichloride,2,parent:DTXSID5027279,1.5732234716415405,published_per_chemical
analog_knn,1,Mercuric chloride,2,DTXSID5020811,1.7406254291534424,published_per_chemical
analog_knn,1,Methamidophos,2,DTXSID6024177,1.1387937307357787,published_per_chemical
analog_knn,1,Methylmercuric(II) chloride,2,DTXSID5020813,2.552993583679199,published_per_chemical
analog_knn,1,Mevastatin,2,DTXSID4040684,2.131781578063965,published_per_chemical
analog_knn,1,Mirex,2,DTXSID7020895,2.326794242858887,published_per_chemical
analog_knn,1,"Octachloro-4,7-methanotetrahydroindane",2,DTXSID7020267,1.5091391801834106,published_per_chemical
analog_knn,1,Parathion,2,DTXSID7021100,1.02689071893692,published_per_chemical
analog_knn,1,Prallethrin,2,DTXSID0032572,1.14719957113266,published_per_chemical
analog_knn,1,Reserpine,2,DTXSID7021237,2.3957159996032713,published_per_chemical
analog_knn,1,Sodium arsenite,2,DTXSID5020104,2.3038448810577394,published_per_chemical
analog_knn,1,Tebuconazole,2,DTXSID9032113,2.496570014953613,published_per_chemical
analog_knn,1,Terbutaline hemisulfate,2,DTXSID3045437,1.4058984041213989,published_per_chemical
analog_knn,1,Tetraethylthiuram disulfide,2,DTXSID1021322,1.6754321813583375,published_per_chemical
analog_knn,1,Tetramethrin,2,DTXSID6032649,0.9209839224815368,published_per_chemical
analog_knn,1,Tribufos,2,DTXSID1024174,1.7053473949432374,published_per_chemical
analog_knn,1,Trichlorfon,2,DTXSID0021389,1.8426720380783081,published_per_chemical
analog_knn,1,Trifloxystrobin,2,DTXSID4032580,2.1808758020401,published_per_chemical
analog_knn,1,Tris(methylphenyl) phosphate,2,DTXSID4021391,1.0310853362083434,published_per_chemical
analog_knn,1,"o,p'-DDT",2,parent:DTXSID4020375,2.0684698820114136,published_per_chemical
analog_knn,1,1-Methyl-4-phenylpyridinium iodide,3,DTXSID40880040,1.1577820539474488,published_per_chemical
analog_knn,1,"2-Ethylhexyl 2,3,4,5-tetrabromobenzoate",3,DTXSID9052686,1.8071297883987427,published_per_chemical
analog_knn,1,3-Iodo-2-propynyl-N-butylcarbamate,3,DTXSID0028038,1.3653131484985352,published_per_chemical
analog_knn,1,"5,5-Diphenylhydantoin",3,DTXSID8020541,1.0400370955467224,published_per_chemical
analog_knn,1,6-Methyl-2-thiouracil,3,DTXSID2020890,1.2856688022613525,published_per_chemical
analog_knn,1,Acenaphthene,3,DTXSID3021774,0.9401299118995666,published_per_chemical
analog_knn,1,Allethrin,3,parent:DTXSID2039336,1.1897956609725953,published_per_chemical
analog_knn,1,Anthracene,3,DTXSID0023878,0.9784591913223266,published_per_chemical
analog_knn,1,Benzo(b)fluoranthene,3,DTXSID0023907,1.25522038936615,published_per_chemical
analog_knn,1,Carbofuran,3,DTXSID9020249,0.9268943667411804,published_per_chemical
analog_knn,1,Chlorendic acid,3,DTXSID2020268,1.1794396042823792,published_per_chemical
analog_knn,1,Clodinafop-propargyl,3,DTXSID6032354,0.9429748058319092,published_per_chemical
analog_knn,1,Cocaine,3,DTXSID2038443,1.4822519779205323,published_per_chemical
analog_knn,1,Colchicine,3,DTXSID5024845,1.7961928367614746,published_per_chemical
analog_knn,1,D-Mannitol,3,DTXSID1023235,1.1922525644302369,published_per_chemical
analog_knn,1,DDT,3,parent:DTXSID4020375,1.6424667119979859,published_per_chemical
analog_knn,1,Deltamethrin,3,DTXSID8020381,1.983629536628723,published_per_chemical
analog_knn,1,Dexamethasone,3,DTXSID3020384,1.4799607515335083,published_per_chemical
analog_knn,1,"Dibenz[a,c]anthracene",3,DTXSID9049245,1.2604377031326295,published_per_chemical
analog_knn,1,Dicrotophos,3,DTXSID9023914,1.015462613105774,published_per_chemical
analog_knn,1,Emamectin benzoate,3,DTXSID0034566,2.050752282142639,published_per_chemical
analog_knn,1,Es-fenvalerate,3,DTXSID4032667,1.5935076236724854,published_per_chemical
analog_knn,1,Esketamine hydrochloride,3,DTXSID601027734,1.4348088264465333,published_per_chemical
analog_knn,1,Etofenprox,3,DTXSID9032610,1.2092495441436768,published_per_chemical
analog_knn,1,Fenpropathrin,3,DTXSID0024002,1.6061883211135863,published_per_chemical
analog_knn,1,Firemaster 550,3,DTXSID70880073,1.266348671913147,published_per_chemical
analog_knn,1,Folic acid,3,DTXSID0022519,1.2414382696151733,published_per_chemical
analog_knn,1,Haloperidol,3,DTXSID4034150,2.209788775444031,published_per_chemical
analog_knn,1,Hexachlorophene,3,DTXSID6020690,2.7437493324279787,published_per_chemical
analog_knn,1,Lead(II) acetate trihydrate,3,DTXSID3031521,1.7548322916030883,published_per_chemical
analog_knn,1,Malathion,3,DTXSID4020791,1.6458502054214477,published_per_chemical
analog_knn,1,Mancozeb,3,DTXSID0034695,0.9263482093811035,published_per_chemical
analog_knn,1,Manganese(II) acetate,3,parent:DTXSID5027279,0.8688622117042542,published_per_chemical
analog_knn,1,Naloxone hydrochloride dihydrate,3,DTXSID90199452,1.2948179483413695,published_per_chemical
analog_knn,1,Phenol,3,DTXSID5021124,1.4527822494506837,published_per_chemical
analog_knn,1,Phorate,3,DTXSID4032459,1.3954230546951294,published_per_chemical
analog_knn,1,Piperonyl butoxide,3,DTXSID1021166,1.5042003393173218,published_per_chemical
analog_knn,1,Profenofos,3,DTXSID3032464,1.378725814819336,published_per_chemical
analog_knn,1,Pyrene,3,DTXSID3024289,0.8742832660675048,published_per_chemical
analog_knn,1,S-Bioallethrin,3,parent:DTXSID2039336,1.0812387943267823,published_per_chemical
analog_knn,1,Simvastatin,3,DTXSID0023581,1.9727190017700196,published_per_chemical
analog_knn,1,Sodium fluoride,3,DTXSID2020630,1.1618193507194519,published_per_chemical
analog_knn,1,Spiroxamine,3,DTXSID1034212,1.851505732536316,published_per_chemical
analog_knn,1,Tamoxifen,3,DTXSID1034187,1.9944339990615845,published_per_chemical
analog_knn,1,Tefluthrin,3,DTXSID5032577,1.3958574056625366,published_per_chemical
analog_knn,1,Tetracycline,3,DTXSID7023645,1.1569105625152587,published_per_chemical
analog_knn,1,Thiamethoxam,3,DTXSID2034962,1.0471139192581176,published_per_chemical
analog_knn,1,Tributyltin chloride,3,parent:DTXSID3027403,1.4945980668067933,published_per_chemical
analog_knn,1,Triphenyl phosphates isopropylated,3,DTXSID4028880,1.437886118888855,published_per_chemical
analog_knn,1,(-)-Nicotine,4,DTXSID1020930,1.7278370141983033,published_per_chemical
analog_knn,1,17beta-Estradiol,4,DTXSID0020573,0.8485728621482849,published_per_chemical
analog_knn,1,"2,2-Bis(4-hydroxyphenyl)-1,1,1-trichloroethane",4,DTXSID8022325,1.3699875116348266,published_per_chemical
analog_knn,1,"4,4'-Sulfonyldiphenol",4,DTXSID3022409,1.3228924989700317,published_per_chemical
analog_knn,1,6-aminopyridine-3-carboxamide,4,DTXSID5051446,2.9142836570739745,published_per_chemical
analog_knn,1,Acetamiprid,4,DTXSID0034300,1.2885922193527222,published_per_chemical
analog_knn,1,Atrazine,4,DTXSID9020112,0.8607625246047974,published_per_chemical
analog_knn,1,Bensulide,4,DTXSID9032329,1.7539989471435546,published_per_chemical
analog_knn,1,CP-409092,4,DTXSID2047276,1.3478078842163086,published_per_chemical
analog_knn,1,Captopril,4,DTXSID1037197,1.5788965225219727,published_per_chemical
analog_knn,1,Chlorethoxyfos,4,DTXSID2032344,1.5656975984573365,published_per_chemical
analog_knn,1,Chlorpyrifos oxon,4,DTXSID1038666,1.3055319786071777,published_per_chemical
analog_knn,1,Chrysene,4,DTXSID0022432,0.9106168508529663,published_per_chemical
analog_knn,1,Clove leaf oil,4,DTXSID8044175,1.8451162815093993,published_per_chemical
analog_knn,1,Cotinine,4,DTXSID1047576,0.9441578388214111,published_per_chemical
analog_knn,1,Coumaphos,4,DTXSID2020347,1.5985497951507568,published_per_chemical
analog_knn,1,Cypermethrin,4,DTXSID1023998,1.7869884490966796,published_per_chemical
analog_knn,1,D-Glucitol,4,DTXSID5023588,1.3220927357673644,published_per_chemical
analog_knn,1,Dextroamphetamine sulfate,4,DTXSID2057865,1.1794299364089966,published_per_chemical
analog_knn,1,Di(2-ethylhexyl) phthalate,4,DTXSID5020607,1.6392639875411987,published_per_chemical
analog_knn,1,Diazinon,4,DTXSID9020407,1.7472262382507324,published_per_chemical
analog_knn,1,Dieldrin,4,DTXSID9020453,2.4659244537353517,published_per_chemical
analog_knn,1,Diphenhydramine hydrochloride,4,DTXSID4020537,1.3860647678375244,published_per_chemical
analog_knn,1,Fosthiazate,4,DTXSID0034930,1.2167529106140136,published_per_chemical
analog_knn,1,Heptachlor epoxide B,4,DTXSID1024126,1.9719552516937255,published_per_chemical
analog_knn,1,Imidacloprid,4,DTXSID5032442,1.5027507543563843,published_per_chemical
analog_knn,1,Isodecyl diphenyl phosphate,4,DTXSID3025465,0.9776045680046082,published_per_chemical
analog_knn,1,Kepone,4,DTXSID1020770,2.1499232053756714,published_per_chemical
analog_knn,1,Methimazole,4,DTXSID4020820,1.3162021160125732,published_per_chemical
analog_knn,1,Molinate,4,DTXSID6024206,1.0637791395187377,published_per_chemical
analog_knn,1,Octylbicycloheptenedicarboximide,4,DTXSID6032562,1.2114990949630737,published_per_chemical
analog_knn,1,Paraquat dichloride,4,DTXSID7024243,2.4636014699935913,published_per_chemical
analog_knn,1,Perfluoroundecanoic acid,4,DTXSID8047553,1.0129696607589722,published_per_chemical
analog_knn,1,Phenobarbital,4,parent:DTXSID0021123,1.2180181741714478,published_per_chemical
analog_knn,1,Phenylmercuric acetate,4,DTXSID7021150,1.4404949307441712,published_per_chemical
analog_knn,1,Phosmet,4,DTXSID5024261,1.7501683235168457,published_per_chemical
analog_knn,1,Picoxystrobin,4,DTXSID9047542,1.5637263059616089,published_per_chemical
analog_knn,1,Resmethrin,4,DTXSID7022253,1.0101486206054688,published_per_chemical
analog_knn,1,Retinoic acid,4,DTXSID7021239,1.8024059295654298,published_per_chemical
analog_knn,1,Rotenone,4,DTXSID6021248,1.5776957750320435,published_per_chemical
analog_knn,1,Sodium orthovanadate,4,DTXSID2037269,1.2787010431289674,published_per_chemical
analog_knn,1,Tebupirimfos,4,DTXSID1032482,1.9124912023544312,published_per_chemical
analog_knn,1,Triphenyl phosphate,4,DTXSID1021952,0.9845064997673034,published_per_chemical
analog_knn,1,Triphenyl phosphite,4,DTXSID0026252,1.1886329174041748,published_per_chemical
analog_knn,1,Tris(2-chloroisopropyl)phosphate,4,DTXSID5026259,1.1446502923965454,published_per_chemical
analog_knn,1,Valinomycin,4,DTXSID9041150,3.6427408695220946,published_per_chemical
analog_knn,1,tert-Butylphenyl diphenyl phosphate,4,DTXSID6024701,1.434201216697693,published_per_chemical
analog_knn,2,1-Ethyl-3-methyl-1H-imidazol-3-ium diethyl phosphate,0,DTXSID9047889,1.1295953273773194,published_per_chemical
analog_knn,2,"1H,1H,2H,2H-Perfluorooctyl iodide",0,DTXSID2047565,0.7601823329925537,published_per_chemical
analog_knn,2,"2,2',4,4',5,5'-Hexabromodiphenyl ether",0,DTXSID4030047,1.4336069107055665,published_per_chemical
analog_knn,2,"2,2',4,4',5-Pentabromodiphenyl ether",0,DTXSID9030048,1.7707459211349488,published_per_chemical
analog_knn,2,"2,2',4,4'-Tetrabromodiphenyl ether",0,DTXSID3030056,1.6788007736206054,published_per_chemical
analog_knn,2,2-Methoxyethanol,0,DTXSID5024182,0.9167685627937316,published_per_chemical
analog_knn,2,"3,3'-Iminobispropanenitrile",0,DTXSID2041464,0.7885950207710266,published_per_chemical
analog_knn,2,4H-Cyclopenta(def)phenanthrene,0,DTXSID1024887,0.9695664525032044,published_per_chemical
analog_knn,2,6-Propyl-2-thiouracil,0,DTXSID5021209,1.5859890937805177,published_per_chemical
analog_knn,2,Acrylamide,0,DTXSID5020027,0.90990731716156,published_per_chemical
analog_knn,2,Aldrin,0,DTXSID8020040,1.658381414413452,published_per_chemical
analog_knn,2,Benz(a)anthracene,0,DTXSID5023902,0.9761114001274109,published_per_chemical
analog_knn,2,"Benzo[g,h,i]perylene",0,DTXSID5023908,1.2170856952667237,published_per_chemical
analog_knn,2,Boric acid (H3BO3),0,DTXSID1020194,0.8736613392829895,published_per_chemical
analog_knn,2,Boscalid,0,DTXSID6034392,0.7872355222702027,published_per_chemical
analog_knn,2,CP-457920,0,DTXSID4047254,1.1282278776168824,published_per_chemical
analog_knn,2,Chlorpyrifos,0,DTXSID4020458,1.7761789083480835,published_per_chemical
analog_knn,2,Cyfluthrin,0,DTXSID5035957,0.9796223878860474,published_per_chemical
analog_knn,2,Cytarabine,0,DTXSID3022877,1.7206552267074584,published_per_chemical
analog_knn,2,"Dibenz[a,h]anthracene",0,DTXSID9020409,1.0479160785675048,published_per_chemical
analog_knn,2,Disulfoton,0,DTXSID0022018,0.8654440999031067,published_per_chemical
analog_knn,2,Enadoline,0,DTXSID4047258,1.427849817276001,published_per_chemical
analog_knn,2,Erythromycin,0,DTXSID4022991,1.0013110518455506,published_per_chemical
analog_knn,2,Ethoprop,0,DTXSID4032611,1.5241145372390748,published_per_chemical
analog_knn,2,Fenamiphos,0,DTXSID3024102,1.1324946880340576,published_per_chemical
analog_knn,2,Fluconazole,0,DTXSID3020627,0.9904392242431641,published_per_chemical
analog_knn,2,Flufenacet,0,DTXSID2032552,0.9081960201263428,published_per_chemical
analog_knn,2,Fluoxastrobin,0,DTXSID2034625,1.0534736037254333,published_per_chemical
analog_knn,2,Fluoxetine hydrochloride,0,DTXSID7020635,1.6015315055847168,published_per_chemical
analog_knn,2,Flusilazole,0,DTXSID3024235,1.537381935119629,published_per_chemical
analog_knn,2,Glyphosate,0,DTXSID1024122,1.536611294746399,published_per_chemical
analog_knn,2,Hydroxyurea,0,DTXSID6025438,1.371502661705017,published_per_chemical
analog_knn,2,Isoniazid,0,DTXSID8020755,1.3490872621536254,published_per_chemical
analog_knn,2,L-Domoic acid,0,DTXSID20274180,2.2266438007354736,published_per_chemical
analog_knn,2,Lactofen,0,DTXSID7024160,0.940739631652832,published_per_chemical
analog_knn,2,Lovastatin,0,DTXSID5020784,1.9848691940307617,published_per_chemical
analog_knn,2,Methadone hydrochloride,0,DTXSID2020501,1.457152795791626,published_per_chemical
analog_knn,2,Methotrexate,0,DTXSID4020822,3.2861424922943114,published_per_chemical
analog_knn,2,Naphthalene,0,DTXSID8020913,1.102654016017914,published_per_chemical
analog_knn,2,Omethoate,0,DTXSID4037580,1.0492329835891723,published_per_chemical
analog_knn,2,Phenobarbital sodium,0,parent:DTXSID0021123,1.062153160572052,published_per_chemical
analog_knn,2,Pirimiphos-methyl,0,DTXSID0024266,1.6282627820968627,published_per_chemical
analog_knn,2,Pyraclostrobin,0,DTXSID7032638,2.475216102600098,published_per_chemical
analog_knn,2,Sodium benzoate,0,DTXSID1020140,1.069179630279541,published_per_chemical
analog_knn,2,Spirodiclofen,0,DTXSID6034928,0.6312451243400574,published_per_chemical
analog_knn,2,Thiacloprid,0,DTXSID7034961,1.0551511645317078,published_per_chemical
analog_knn,2,Triclosan,0,DTXSID5032498,1.8086002111434936,published_per_chemical
analog_knn,2,Triethyltin bromide,0,DTXSID9040712,2.1861059188842775,published_per_chemical
analog_knn,2,"p,p'-DDE",0,DTXSID9020374,1.3034713983535766,published_per_chemical
analog_knn,2,(Methylcyclopentadienyl)tricarbonylmanganese,1,DTXSID9027738,1.1202799558639527,published_per_chemical
analog_knn,2,"1,2-Propylene glycol",1,DTXSID0021206,1.5246240377426148,published_per_chemical
analog_knn,2,5-Chloro-2-methyl-3(2H)-isothiazolone,1,DTXSID9034286,1.8098742485046386,published_per_chemical
analog_knn,2,5-Fluorouracil,1,DTXSID2020634,2.2799057960510254,published_per_chemical
analog_knn,2,Acephate,1,DTXSID8023846,1.3115077018737793,published_per_chemical
analog_knn,2,Acetaminophen,1,DTXSID2020006,0.6630322933197021,published_per_chemical
analog_knn,2,Aspirin,1,DTXSID5020108,0.9536455512046814,published_per_chemical
analog_knn,2,Auramine hydrochloride,1,DTXSID9020114,1.8410701751708984,published_per_chemical
analog_knn,2,Benzo[k]fluoranthene,1,DTXSID0023909,1.0374060153961182,published_per_chemical
analog_knn,2,Berberine chloride,1,DTXSID8024602,1.4057992100715637,published_per_chemical
analog_knn,2,Bifenthrin,1,DTXSID9020160,1.6939084768295287,published_per_chemical
analog_knn,2,Bis(tributyltin)oxide,1,parent:DTXSID3027403,3.4757503509521483,published_per_chemical
analog_knn,2,Bisindolylmaleimide I,1,DTXSID50157932,1.3719573020935059,published_per_chemical
analog_knn,2,Bisphenol A,1,DTXSID7020182,1.2838987588882447,published_per_chemical
analog_knn,2,Busulfan,1,DTXSID3020910,0.9299652338027954,published_per_chemical
analog_knn,2,Caffeine,1,DTXSID0020232,1.2123493194580077,published_per_chemical
analog_knn,2,Chlordiazepoxide hydrochloride,1,DTXSID40880060,1.7314738273620605,published_per_chemical
analog_knn,2,Cyclophosphamide monohydrate,1,DTXSID6024888,1.102166724205017,published_per_chemical
analog_knn,2,Cymoxanil,1,DTXSID6032358,0.6872174978256226,published_per_chemical
analog_knn,2,Diazepam,1,DTXSID4020406,1.7964503526687623,published_per_chemical
analog_knn,2,Diazoxon,1,DTXSID5037523,1.2583017826080323,published_per_chemical
analog_knn,2,Diethylene glycol,1,DTXSID8020462,0.9134068131446839,published_per_chemical
analog_knn,2,Diethylstilbestrol,1,DTXSID3020465,1.3016025066375732,published_per_chemical
analog_knn,2,Difpas-pyrazole,1,DTXSID6048175,1.4205976724624634,published_per_chemical
analog_knn,2,Dimethoate,1,DTXSID7020479,1.1324392318725587,published_per_chemical
analog_knn,2,Endosulfan,1,DTXSID1020560,2.323786902427673,published_per_chemical
analog_knn,2,Endrin,1,DTXSID6020561,1.4061842203140258,published_per_chemical
analog_knn,2,Fenitrothion,1,DTXSID4032613,0.8102852463722229,published_per_chemical
analog_knn,2,Loperamide,1,DTXSID00880006,2.1855437040328978,published_per_chemical
analog_knn,2,Malaoxon,1,DTXSID9020790,1.2658323049545288,published_per_chemical
analog_knn,2,Methoxychlor,1,DTXSID9020827,1.4992300748825074,published_per_chemical
analog_knn,2,Naled,1,DTXSID1024209,1.5974014520645141,published_per_chemical
analog_knn,2,Oxidopamine hydrochloride,1,DTXSID0045838,1.522957158088684,published_per_chemical
analog_knn,2,Permethrin,1,DTXSID8022292,1.8612338781356812,published_per_chemical
analog_knn,2,PharmaGSID_47330,1,DTXSID9047330,1.252940261363983,published_per_chemical
analog_knn,2,Phenanthrene,1,DTXSID6024254,0.702525794506073,published_per_chemical
analog_knn,2,Pravastatin sodium,1,DTXSID6047525,2.314041590690613,published_per_chemical
analog_knn,2,S-Ethyl dipropylthiocarbamate,1,DTXSID1024091,0.8767399430274964,published_per_chemical
analog_knn,2,Sodium saccharin hydrate,1,DTXSID7021992,1.1368008852005005,published_per_chemical
analog_knn,2,Sodium valproate,1,DTXSID5037072,1.2672542810440064,published_per_chemical
analog_knn,2,Terbufos,1,DTXSID2022254,1.4889885187149048,published_per_chemical
analog_knn,2,Thalidomide,1,DTXSID9022524,1.4396515369415284,published_per_chemical
analog_knn,2,Tributyltin methacrylate,1,parent:DTXSID3027403,1.4499951720237731,published_per_chemical
analog_knn,2,Trimethyltin hydroxide,1,DTXSID9032240,2.2558074712753298,published_per_chemical
analog_knn,2,"Tris(1,3-dichloro-2-propyl) phosphate",1,DTXSID9026261,1.1439287662506104,published_per_chemical
analog_knn,2,Tris(2-chloroethyl) phosphate,1,DTXSID5021411,1.313931369781494,published_per_chemical
analog_knn,2,Z-Tetrachlorvinphos,1,DTXSID1032648,1.5762423276901245,published_per_chemical
analog_knn,2,"p,p'-DDD",1,DTXSID4020373,1.3649570941925049,published_per_chemical
analog_knn,2,tert-Butylhydroquinone,1,DTXSID6020220,1.3951596736907959,published_per_chemical
analog_knn,2,2-(m-Chlorophenoxy)propionic acid,2,DTXSID9034232,1.3700992584228515,published_per_chemical
analog_knn,2,2-Ethylhexyl diphenyl phosphate,2,DTXSID1025300,1.173101258277893,published_per_chemical
analog_knn,2,"3,3',5,5'-Tetrabromobisphenol A",2,DTXSID1026081,0.9782078504562378,published_per_chemical
analog_knn,2,Abamectin,2,DTXSID8023892,1.995656156539917,published_per_chemical
analog_knn,2,Acenaphthylene,2,DTXSID3023845,0.6312825202941894,published_per_chemical
analog_knn,2,Aldicarb,2,DTXSID0039223,1.3013033866882324,published_per_chemical
analog_knn,2,Amoxicillin,2,DTXSID3037044,1.0949312686920165,published_per_chemical
analog_knn,2,Azoxystrobin,2,DTXSID0032520,1.5330801963806153,published_per_chemical
analog_knn,2,Benzo[a]pyrene,2,DTXSID2020139,1.0171984791755677,published_per_chemical
analog_knn,2,Benzo[e]pyrene,2,DTXSID3023764,1.2231466054916382,published_per_chemical
analog_knn,2,Bis(2-ethylhexyl) tetrabromophthalate,2,DTXSID7027887,1.5293641567230225,published_per_chemical
analog_knn,2,Bisphenol AF,2,DTXSID7037717,1.1066474795341492,published_per_chemical
analog_knn,2,Bisphenol B,2,DTXSID4022442,1.248287034034729,published_per_chemical
analog_knn,2,Cadmium(II) chloride hydrate (2:5),2,DTXSID4040183,2.6081841707229616,published_per_chemical
analog_knn,2,Captan,2,DTXSID9020243,0.9111914515495301,published_per_chemical
analog_knn,2,Carbamazepine,2,DTXSID4022731,1.064970064163208,published_per_chemical
analog_knn,2,Carbaryl,2,DTXSID9020247,2.593722939491272,published_per_chemical
analog_knn,2,Cariporide mesylate,2,DTXSID3047344,1.2701934337615968,published_per_chemical
analog_knn,2,Chloramben,2,DTXSID2020262,0.9187783002853394,published_per_chemical
analog_knn,2,Chlorpromazine hydrochloride,2,DTXSID7024827,1.8677883863449096,published_per_chemical
analog_knn,2,Clothianidin,2,DTXSID2034465,0.8661625027656555,published_per_chemical
analog_knn,2,Dichlorvos,2,DTXSID5020449,1.0626282334327697,published_per_chemical
analog_knn,2,Eugenol,2,DTXSID9020617,1.1283115148544312,published_per_chemical
analog_knn,2,Fipronil,2,DTXSID4034609,1.535443115234375,published_per_chemical
analog_knn,2,Fluorene,2,DTXSID8024105,0.5904083967208862,published_per_chemical
analog_knn,2,Glycerol,2,DTXSID9020663,0.8303198933601379,published_per_chemical
analog_knn,2,L-Ascorbic acid,2,DTXSID5020106,1.2620420694351195,published_per_chemical
analog_knn,2,Lindane,2,DTXSID2020686,1.6950387954711914,published_per_chemical
analog_knn,2,Maneb,2,DTXSID9020794,1.0452659845352172,published_per_chemical
analog_knn,2,Manganese dichloride,2,parent:DTXSID5027279,1.410893702507019,published_per_chemical
analog_knn,2,Mercuric chloride,2,DTXSID5020811,1.6545072793960571,published_per_chemical
analog_knn,2,Methamidophos,2,DTXSID6024177,1.062370502948761,published_per_chemical
analog_knn,2,Methylmercuric(II) chloride,2,DTXSID5020813,1.5356673717498779,published_per_chemical
analog_knn,2,Mevastatin,2,DTXSID4040684,1.86288902759552,published_per_chemical
analog_knn,2,Mirex,2,DTXSID7020895,2.393076682090759,published_per_chemical
analog_knn,2,"Octachloro-4,7-methanotetrahydroindane",2,DTXSID7020267,1.7935023307800293,published_per_chemical
analog_knn,2,Parathion,2,DTXSID7021100,0.8966929316520691,published_per_chemical
analog_knn,2,Prallethrin,2,DTXSID0032572,0.9161774516105652,published_per_chemical
analog_knn,2,Reserpine,2,DTXSID7021237,2.178998875617981,published_per_chemical
analog_knn,2,Sodium arsenite,2,DTXSID5020104,2.5561557531356813,published_per_chemical
analog_knn,2,Tebuconazole,2,DTXSID9032113,2.143965554237366,published_per_chemical
analog_knn,2,Terbutaline hemisulfate,2,DTXSID3045437,1.2529767274856567,published_per_chemical
analog_knn,2,Tetraethylthiuram disulfide,2,DTXSID1021322,1.4228613018989562,published_per_chemical
analog_knn,2,Tetramethrin,2,DTXSID6032649,1.0575231790542603,published_per_chemical
analog_knn,2,Tribufos,2,DTXSID1024174,1.7502352714538574,published_per_chemical
analog_knn,2,Trichlorfon,2,DTXSID0021389,1.9049756526947021,published_per_chemical
analog_knn,2,Trifloxystrobin,2,DTXSID4032580,1.5418188333511353,published_per_chemical
analog_knn,2,Tris(methylphenyl) phosphate,2,DTXSID4021391,0.9712635993957519,published_per_chemical
analog_knn,2,"o,p'-DDT",2,parent:DTXSID4020375,2.0648966789245606,published_per_chemical
analog_knn,2,1-Methyl-4-phenylpyridinium iodide,3,DTXSID40880040,1.1745749950408935,published_per_chemical
analog_knn,2,"2-Ethylhexyl 2,3,4,5-tetrabromobenzoate",3,DTXSID9052686,1.7050004720687866,published_per_chemical
analog_knn,2,3-Iodo-2-propynyl-N-butylcarbamate,3,DTXSID0028038,1.0693749070167542,published_per_chemical
analog_knn,2,"5,5-Diphenylhydantoin",3,DTXSID8020541,1.0161004543304444,published_per_chemical
analog_knn,2,6-Methyl-2-thiouracil,3,DTXSID2020890,1.2715208053588867,published_per_chemical
analog_knn,2,Acenaphthene,3,DTXSID3021774,0.8640497088432312,published_per_chemical
analog_knn,2,Allethrin,3,parent:DTXSID2039336,1.15473313331604,published_per_chemical
analog_knn,2,Anthracene,3,DTXSID0023878,0.843905246257782,published_per_chemical
analog_knn,2,Benzo(b)fluoranthene,3,DTXSID0023907,1.1011946678161622,published_per_chemical
analog_knn,2,Carbofuran,3,DTXSID9020249,0.82571040391922,published_per_chemical
analog_knn,2,Chlorendic acid,3,DTXSID2020268,1.0381717920303344,published_per_chemical
analog_knn,2,Clodinafop-propargyl,3,DTXSID6032354,0.7909170627593994,published_per_chemical
analog_knn,2,Cocaine,3,DTXSID2038443,1.2383423805236817,published_per_chemical
analog_knn,2,Colchicine,3,DTXSID5024845,1.6572425603866576,published_per_chemical
analog_knn,2,D-Mannitol,3,DTXSID1023235,1.1851408004760742,published_per_chemical
analog_knn,2,DDT,3,parent:DTXSID4020375,2.0153847217559813,published_per_chemical
analog_knn,2,Deltamethrin,3,DTXSID8020381,1.790802001953125,published_per_chemical
analog_knn,2,Dexamethasone,3,DTXSID3020384,1.344192385673523,published_per_chemical
analog_knn,2,"Dibenz[a,c]anthracene",3,DTXSID9049245,1.1498084545135498,published_per_chemical
analog_knn,2,Dicrotophos,3,DTXSID9023914,0.9531791687011719,published_per_chemical
analog_knn,2,Emamectin benzoate,3,DTXSID0034566,2.5826200246810913,published_per_chemical
analog_knn,2,Es-fenvalerate,3,DTXSID4032667,1.5125375270843506,published_per_chemical
analog_knn,2,Esketamine hydrochloride,3,DTXSID601027734,1.310398817062378,published_per_chemical
analog_knn,2,Etofenprox,3,DTXSID9032610,1.2603514671325684,published_per_chemical
analog_knn,2,Fenpropathrin,3,DTXSID0024002,1.4382811784744263,published_per_chemical
analog_knn,2,Firemaster 550,3,DTXSID70880073,1.203322958946228,published_per_chemical
analog_knn,2,Folic acid,3,DTXSID0022519,1.208168864250183,published_per_chemical
analog_knn,2,Haloperidol,3,DTXSID4034150,1.7781236171722412,published_per_chemical
analog_knn,2,Hexachlorophene,3,DTXSID6020690,2.0630302667617797,published_per_chemical
analog_knn,2,Lead(II) acetate trihydrate,3,DTXSID3031521,1.9454066753387451,published_per_chemical
analog_knn,2,Malathion,3,DTXSID4020791,1.4855805158615112,published_per_chemical
analog_knn,2,Mancozeb,3,DTXSID0034695,0.8394799351692199,published_per_chemical
analog_knn,2,Manganese(II) acetate,3,parent:DTXSID5027279,0.8516263127326965,published_per_chemical
analog_knn,2,Naloxone hydrochloride dihydrate,3,DTXSID90199452,1.0818661451339722,published_per_chemical
analog_knn,2,Phenol,3,DTXSID5021124,1.1514832019805907,published_per_chemical
analog_knn,2,Phorate,3,DTXSID4032459,1.4856813907623292,published_per_chemical
analog_knn,2,Piperonyl butoxide,3,DTXSID1021166,1.4202584981918336,published_per_chemical
analog_knn,2,Profenofos,3,DTXSID3032464,1.390527081489563,published_per_chemical
analog_knn,2,Pyrene,3,DTXSID3024289,0.749186897277832,published_per_chemical
analog_knn,2,S-Bioallethrin,3,parent:DTXSID2039336,1.0580236792564393,published_per_chemical
analog_knn,2,Simvastatin,3,DTXSID0023581,1.9895398616790771,published_per_chemical
analog_knn,2,Sodium fluoride,3,DTXSID2020630,0.9128686308860778,published_per_chemical
analog_knn,2,Spiroxamine,3,DTXSID1034212,2.0919116735458374,published_per_chemical
analog_knn,2,Tamoxifen,3,DTXSID1034187,2.0537410020828246,published_per_chemical
analog_knn,2,Tefluthrin,3,DTXSID5032577,1.490016508102417,published_per_chemical
analog_knn,2,Tetracycline,3,DTXSID7023645,1.0016869902610779,published_per_chemical
analog_knn,2,Thiamethoxam,3,DTXSID2034962,0.9842354774475097,published_per_chemical
analog_knn,2,Tributyltin chloride,3,parent:DTXSID3027403,1.6912676572799683,published_per_chemical
analog_knn,2,Triphenyl phosphates isopropylated,3,DTXSID4028880,1.3673543214797974,published_per_chemical
analog_knn,2,(-)-Nicotine,4,DTXSID1020930,1.4757619380950928,published_per_chemical
analog_knn,2,17beta-Estradiol,4,DTXSID0020573,0.8324279069900513,published_per_chemical
analog_knn,2,"2,2-Bis(4-hydroxyphenyl)-1,1,1-trichloroethane",4,DTXSID8022325,1.33563334941864,published_per_chemical
analog_knn,2,"4,4'-Sulfonyldiphenol",4,DTXSID3022409,1.341290545463562,published_per_chemical
analog_knn,2,6-aminopyridine-3-carboxamide,4,DTXSID5051446,2.1105101823806764,published_per_chemical
analog_knn,2,Acetamiprid,4,DTXSID0034300,1.3252105712890625,published_per_chemical
analog_knn,2,Atrazine,4,DTXSID9020112,0.7869249820709229,published_per_chemical
analog_knn,2,Bensulide,4,DTXSID9032329,1.7902348995208741,published_per_chemical
analog_knn,2,CP-409092,4,DTXSID2047276,1.3237030267715455,published_per_chemical
analog_knn,2,Captopril,4,DTXSID1037197,1.2983245134353638,published_per_chemical
analog_knn,2,Chlorethoxyfos,4,DTXSID2032344,1.9318183183670044,published_per_chemical
analog_knn,2,Chlorpyrifos oxon,4,DTXSID1038666,1.2734220981597901,published_per_chemical
analog_knn,2,Chrysene,4,DTXSID0022432,0.8998103857040405,published_per_chemical
analog_knn,2,Clove leaf oil,4,DTXSID8044175,1.3787142276763915,published_per_chemical
analog_knn,2,Cotinine,4,DTXSID1047576,0.8518917560577393,published_per_chemical
analog_knn,2,Coumaphos,4,DTXSID2020347,1.685563850402832,published_per_chemical
analog_knn,2,Cypermethrin,4,DTXSID1023998,1.3749455690383912,published_per_chemical
analog_knn,2,D-Glucitol,4,DTXSID5023588,1.0854125380516053,published_per_chemical
analog_knn,2,Dextroamphetamine sulfate,4,DTXSID2057865,1.068190324306488,published_per_chemical
analog_knn,2,Di(2-ethylhexyl) phthalate,4,DTXSID5020607,1.659760069847107,published_per_chemical
analog_knn,2,Diazinon,4,DTXSID9020407,1.9962160110473632,published_per_chemical
analog_knn,2,Dieldrin,4,DTXSID9020453,2.049133372306824,published_per_chemical
analog_knn,2,Diphenhydramine hydrochloride,4,DTXSID4020537,1.6353523492813111,published_per_chemical
analog_knn,2,Fosthiazate,4,DTXSID0034930,1.1599262237548829,published_per_chemical
analog_knn,2,Heptachlor epoxide B,4,DTXSID1024126,2.06655068397522,published_per_chemical
analog_knn,2,Imidacloprid,4,DTXSID5032442,1.2523487687110901,published_per_chemical
analog_knn,2,Isodecyl diphenyl phosphate,4,DTXSID3025465,0.9525353908538818,published_per_chemical
analog_knn,2,Kepone,4,DTXSID1020770,1.7051245450973511,published_per_chemical
analog_knn,2,Methimazole,4,DTXSID4020820,1.1409126043319702,published_per_chemical
analog_knn,2,Molinate,4,DTXSID6024206,1.1294948697090148,published_per_chemical
analog_knn,2,Octylbicycloheptenedicarboximide,4,DTXSID6032562,1.2986560583114624,published_per_chemical
analog_knn,2,Paraquat dichloride,4,DTXSID7024243,2.266273260116577,published_per_chemical
analog_knn,2,Perfluoroundecanoic acid,4,DTXSID8047553,1.0811445116996765,published_per_chemical
analog_knn,2,Phenobarbital,4,parent:DTXSID0021123,0.9930726766586304,published_per_chemical
analog_knn,2,Phenylmercuric acetate,4,DTXSID7021150,1.4094653844833374,published_per_chemical
analog_knn,2,Phosmet,4,DTXSID5024261,1.5308054447174073,published_per_chemical
analog_knn,2,Picoxystrobin,4,DTXSID9047542,1.2908420801162719,published_per_chemical
analog_knn,2,Resmethrin,4,DTXSID7022253,0.9835440993309021,published_per_chemical
analog_knn,2,Retinoic acid,4,DTXSID7021239,1.8954317092895507,published_per_chemical
analog_knn,2,Rotenone,4,DTXSID6021248,1.8186965465545655,published_per_chemical
analog_knn,2,Sodium orthovanadate,4,DTXSID2037269,1.1609754800796508,published_per_chemical
analog_knn,2,Tebupirimfos,4,DTXSID1032482,1.4460065603256225,published_per_chemical
analog_knn,2,Triphenyl phosphate,4,DTXSID1021952,0.9522904992103577,published_per_chemical
analog_knn,2,Triphenyl phosphite,4,DTXSID0026252,0.9396914839744568,published_per_chemical
analog_knn,2,Tris(2-chloroisopropyl)phosphate,4,DTXSID5026259,1.1396748423576355,published_per_chemical
analog_knn,2,Valinomycin,4,DTXSID9041150,3.1533774375915526,published_per_chemical
analog_knn,2,tert-Butylphenyl diphenyl phosphate,4,DTXSID6024701,1.3935469388961792,published_per_chemical
analog_knn,3,1-Ethyl-3-methyl-1H-imidazol-3-ium diethyl phosphate,0,DTXSID9047889,1.0417543649673462,published_per_chemical
analog_knn,3,"1H,1H,2H,2H-Perfluorooctyl iodide",0,DTXSID2047565,0.6757744193077088,published_per_chemical
analog_knn,3,"2,2',4,4',5,5'-Hexabromodiphenyl ether",0,DTXSID4030047,1.3522845268249513,published_per_chemical
analog_knn,3,"2,2',4,4',5-Pentabromodiphenyl ether",0,DTXSID9030048,1.454717254638672,published_per_chemical
analog_knn,3,"2,2',4,4'-Tetrabromodiphenyl ether",0,DTXSID3030056,1.6554987192153932,published_per_chemical
analog_knn,3,2-Methoxyethanol,0,DTXSID5024182,0.8354955673217773,published_per_chemical
analog_knn,3,"3,3'-Iminobispropanenitrile",0,DTXSID2041464,0.7534338474273682,published_per_chemical
analog_knn,3,4H-Cyclopenta(def)phenanthrene,0,DTXSID1024887,1.0103910923004151,published_per_chemical
analog_knn,3,6-Propyl-2-thiouracil,0,DTXSID5021209,1.7460377931594848,published_per_chemical
analog_knn,3,Acrylamide,0,DTXSID5020027,0.8139455676078796,published_per_chemical
analog_knn,3,Aldrin,0,DTXSID8020040,1.4218193531036376,published_per_chemical
analog_knn,3,Benz(a)anthracene,0,DTXSID5023902,0.9310097336769104,published_per_chemical
analog_knn,3,"Benzo[g,h,i]perylene",0,DTXSID5023908,1.1125620484352112,published_per_chemical
analog_knn,3,Boric acid (H3BO3),0,DTXSID1020194,0.7676860928535462,published_per_chemical
analog_knn,3,Boscalid,0,DTXSID6034392,0.8579718351364136,published_per_chemical
analog_knn,3,CP-457920,0,DTXSID4047254,1.3940550804138183,published_per_chemical
analog_knn,3,Chlorpyrifos,0,DTXSID4020458,1.2525714635849,published_per_chemical
analog_knn,3,Cyfluthrin,0,DTXSID5035957,1.1517217993736266,published_per_chemical
analog_knn,3,Cytarabine,0,DTXSID3022877,1.4354409456253052,published_per_chemical
analog_knn,3,"Dibenz[a,h]anthracene",0,DTXSID9020409,0.9088188767433166,published_per_chemical
analog_knn,3,Disulfoton,0,DTXSID0022018,0.6308071494102478,published_per_chemical
analog_knn,3,Enadoline,0,DTXSID4047258,1.3732837319374085,published_per_chemical
analog_knn,3,Erythromycin,0,DTXSID4022991,0.9470978856086731,published_per_chemical
analog_knn,3,Ethoprop,0,DTXSID4032611,1.55747447013855,published_per_chemical
analog_knn,3,Fenamiphos,0,DTXSID3024102,1.0033231973648071,published_per_chemical
analog_knn,3,Fluconazole,0,DTXSID3020627,0.9431717991828918,published_per_chemical
analog_knn,3,Flufenacet,0,DTXSID2032552,0.7879534959793091,published_per_chemical
analog_knn,3,Fluoxastrobin,0,DTXSID2034625,0.9921237587928772,published_per_chemical
analog_knn,3,Fluoxetine hydrochloride,0,DTXSID7020635,1.5788983583450318,published_per_chemical
analog_knn,3,Flusilazole,0,DTXSID3024235,1.5062078952789306,published_per_chemical
analog_knn,3,Glyphosate,0,DTXSID1024122,1.5361653566360474,published_per_chemical
analog_knn,3,Hydroxyurea,0,DTXSID6025438,1.4523835182189941,published_per_chemical
analog_knn,3,Isoniazid,0,DTXSID8020755,1.3555742263793946,published_per_chemical
analog_knn,3,L-Domoic acid,0,DTXSID20274180,1.6563827753067017,published_per_chemical
analog_knn,3,Lactofen,0,DTXSID7024160,0.9314110279083252,published_per_chemical
analog_knn,3,Lovastatin,0,DTXSID5020784,1.729763913154602,published_per_chemical
analog_knn,3,Methadone hydrochloride,0,DTXSID2020501,1.3197940111160278,published_per_chemical
analog_knn,3,Methotrexate,0,DTXSID4020822,2.3205352783203126,published_per_chemical
analog_knn,3,Naphthalene,0,DTXSID8020913,1.1197209477424621,published_per_chemical
analog_knn,3,Omethoate,0,DTXSID4037580,1.0619823694229127,published_per_chemical
analog_knn,3,Phenobarbital sodium,0,parent:DTXSID0021123,0.8660783052444458,published_per_chemical
analog_knn,3,Pirimiphos-methyl,0,DTXSID0024266,1.5348227739334106,published_per_chemical
analog_knn,3,Pyraclostrobin,0,DTXSID7032638,1.6932830095291138,published_per_chemical
analog_knn,3,Sodium benzoate,0,DTXSID1020140,1.0241769075393676,published_per_chemical
analog_knn,3,Spirodiclofen,0,DTXSID6034928,0.6872145533561707,published_per_chemical
analog_knn,3,Thiacloprid,0,DTXSID7034961,1.0522945284843446,published_per_chemical
analog_knn,3,Triclosan,0,DTXSID5032498,1.5647770404815673,published_per_chemical
analog_knn,3,Triethyltin bromide,0,DTXSID9040712,2.1632546901702883,published_per_chemical
analog_knn,3,"p,p'-DDE",0,DTXSID9020374,1.8346083760261536,published_per_chemical
analog_knn,3,(Methylcyclopentadienyl)tricarbonylmanganese,1,DTXSID9027738,1.0745170354843139,published_per_chemical
analog_knn,3,"1,2-Propylene glycol",1,DTXSID0021206,1.4666203260421753,published_per_chemical
analog_knn,3,5-Chloro-2-methyl-3(2H)-isothiazolone,1,DTXSID9034286,1.255125391483307,published_per_chemical
analog_knn,3,5-Fluorouracil,1,DTXSID2020634,1.5696857690811157,published_per_chemical
analog_knn,3,Acephate,1,DTXSID8023846,1.1158920526504517,published_per_chemical
analog_knn,3,Acetaminophen,1,DTXSID2020006,0.6717911243438721,published_per_chemical
analog_knn,3,Aspirin,1,DTXSID5020108,0.7693613767623901,published_per_chemical
analog_knn,3,Auramine hydrochloride,1,DTXSID9020114,1.2926509618759154,published_per_chemical
analog_knn,3,Benzo[k]fluoranthene,1,DTXSID0023909,0.9442669868469238,published_per_chemical
analog_knn,3,Berberine chloride,1,DTXSID8024602,1.333216941356659,published_per_chemical
analog_knn,3,Bifenthrin,1,DTXSID9020160,1.8482775926589965,published_per_chemical
analog_knn,3,Bis(tributyltin)oxide,1,parent:DTXSID3027403,2.8429031372070312,published_per_chemical
analog_knn,3,Bisindolylmaleimide I,1,DTXSID50157932,1.1463857650756837,published_per_chemical
analog_knn,3,Bisphenol A,1,DTXSID7020182,1.2454211473464967,published_per_chemical
analog_knn,3,Busulfan,1,DTXSID3020910,0.8395238995552063,published_per_chemical
analog_knn,3,Caffeine,1,DTXSID0020232,1.2933008432388307,published_per_chemical
analog_knn,3,Chlordiazepoxide hydrochloride,1,DTXSID40880060,1.5655246019363402,published_per_chemical
analog_knn,3,Cyclophosphamide monohydrate,1,DTXSID6024888,1.1128979206085206,published_per_chemical
analog_knn,3,Cymoxanil,1,DTXSID6032358,0.8115797758102417,published_per_chemical
analog_knn,3,Diazepam,1,DTXSID4020406,1.8313731670379638,published_per_chemical
analog_knn,3,Diazoxon,1,DTXSID5037523,1.0667325139045716,published_per_chemical
analog_knn,3,Diethylene glycol,1,DTXSID8020462,1.0051630854606628,published_per_chemical
analog_knn,3,Diethylstilbestrol,1,DTXSID3020465,1.4618182897567749,published_per_chemical
analog_knn,3,Difpas-pyrazole,1,DTXSID6048175,1.6809393882751464,published_per_chemical
analog_knn,3,Dimethoate,1,DTXSID7020479,1.2938987612724304,published_per_chemical
analog_knn,3,Endosulfan,1,DTXSID1020560,1.9479099750518798,published_per_chemical
analog_knn,3,Endrin,1,DTXSID6020561,1.4493754863739015,published_per_chemical
analog_knn,3,Fenitrothion,1,DTXSID4032613,0.8474545359611512,published_per_chemical
analog_knn,3,Loperamide,1,DTXSID00880006,1.414357876777649,published_per_chemical
analog_knn,3,Malaoxon,1,DTXSID9020790,1.1530287504196166,published_per_chemical
analog_knn,3,Methoxychlor,1,DTXSID9020827,1.645153546333313,published_per_chemical
analog_knn,3,Naled,1,DTXSID1024209,1.3069530963897704,published_per_chemical
analog_knn,3,Oxidopamine hydrochloride,1,DTXSID0045838,1.1677010297775268,published_per_chemical
analog_knn,3,Permethrin,1,DTXSID8022292,1.4301685094833374,published_per_chemical
analog_knn,3,PharmaGSID_47330,1,DTXSID9047330,1.3487782239913941,published_per_chemical
analog_knn,3,Phenanthrene,1,DTXSID6024254,0.5388044595718384,published_per_chemical
analog_knn,3,Pravastatin sodium,1,DTXSID6047525,1.9675126552581788,published_per_chemical
analog_knn,3,S-Ethyl dipropylthiocarbamate,1,DTXSID1024091,1.0862298607826233,published_per_chemical
analog_knn,3,Sodium saccharin hydrate,1,DTXSID7021992,1.2338562965393067,published_per_chemical
analog_knn,3,Sodium valproate,1,DTXSID5037072,1.3029074192047119,published_per_chemical
analog_knn,3,Terbufos,1,DTXSID2022254,2.078809380531311,published_per_chemical
analog_knn,3,Thalidomide,1,DTXSID9022524,1.4537121295928954,published_per_chemical
analog_knn,3,Tributyltin methacrylate,1,parent:DTXSID3027403,1.2838198661804199,published_per_chemical
analog_knn,3,Trimethyltin hydroxide,1,DTXSID9032240,2.4537601470947266,published_per_chemical
analog_knn,3,"Tris(1,3-dichloro-2-propyl) phosphate",1,DTXSID9026261,1.2636462211608888,published_per_chemical
analog_knn,3,Tris(2-chloroethyl) phosphate,1,DTXSID5021411,1.4055710315704346,published_per_chemical
analog_knn,3,Z-Tetrachlorvinphos,1,DTXSID1032648,1.644418215751648,published_per_chemical
analog_knn,3,"p,p'-DDD",1,DTXSID4020373,1.3366118311882018,published_per_chemical
analog_knn,3,tert-Butylhydroquinone,1,DTXSID6020220,1.2001054763793946,published_per_chemical
analog_knn,3,2-(m-Chlorophenoxy)propionic acid,2,DTXSID9034232,1.3758733034133912,published_per_chemical
analog_knn,3,2-Ethylhexyl diphenyl phosphate,2,DTXSID1025300,1.1340569257736206,published_per_chemical
analog_knn,3,"3,3',5,5'-Tetrabromobisphenol A",2,DTXSID1026081,0.9116069436073303,published_per_chemical
analog_knn,3,Abamectin,2,DTXSID8023892,2.1419300556182863,published_per_chemical
analog_knn,3,Acenaphthylene,2,DTXSID3023845,0.714503538608551,published_per_chemical
analog_knn,3,Aldicarb,2,DTXSID0039223,1.2713845014572143,published_per_chemical
analog_knn,3,Amoxicillin,2,DTXSID3037044,1.1962494492530822,published_per_chemical
analog_knn,3,Azoxystrobin,2,DTXSID0032520,1.4158942461013795,published_per_chemical
analog_knn,3,Benzo[a]pyrene,2,DTXSID2020139,0.9342990040779113,published_per_chemical
analog_knn,3,Benzo[e]pyrene,2,DTXSID3023764,1.139695656299591,published_per_chemical
analog_knn,3,Bis(2-ethylhexyl) tetrabromophthalate,2,DTXSID7027887,1.4475885152816772,published_per_chemical
analog_knn,3,Bisphenol AF,2,DTXSID7037717,1.128192174434662,published_per_chemical
analog_knn,3,Bisphenol B,2,DTXSID4022442,1.0799474954605102,published_per_chemical
analog_knn,3,Cadmium(II) chloride hydrate (2:5),2,DTXSID4040183,1.602605390548706,published_per_chemical
analog_knn,3,Captan,2,DTXSID9020243,0.9918631911277771,published_per_chemical
analog_knn,3,Carbamazepine,2,DTXSID4022731,1.0898972034454346,published_per_chemical
analog_knn,3,Carbaryl,2,DTXSID9020247,2.163191866874695,published_per_chemical
analog_knn,3,Cariporide mesylate,2,DTXSID3047344,1.198041605949402,published_per_chemical
analog_knn,3,Chloramben,2,DTXSID2020262,0.8426820874214173,published_per_chemical
analog_knn,3,Chlorpromazine hydrochloride,2,DTXSID7024827,1.6308427810668946,published_per_chemical
analog_knn,3,Clothianidin,2,DTXSID2034465,0.9246026277542114,published_per_chemical
analog_knn,3,Dichlorvos,2,DTXSID5020449,0.8949999213218689,published_per_chemical
analog_knn,3,Eugenol,2,DTXSID9020617,1.3225279450416565,published_per_chemical
analog_knn,3,Fipronil,2,DTXSID4034609,1.582981324195862,published_per_chemical
analog_knn,3,Fluorene,2,DTXSID8024105,0.6745906472206116,published_per_chemical
analog_knn,3,Glycerol,2,DTXSID9020663,0.6138469815254212,published_per_chemical
analog_knn,3,L-Ascorbic acid,2,DTXSID5020106,1.2234546303749085,published_per_chemical
analog_knn,3,Lindane,2,DTXSID2020686,1.759405517578125,published_per_chemical
analog_knn,3,Maneb,2,DTXSID9020794,1.1015844345092773,published_per_chemical
analog_knn,3,Manganese dichloride,2,parent:DTXSID5027279,1.1541973114013673,published_per_chemical
analog_knn,3,Mercuric chloride,2,DTXSID5020811,1.5049689769744874,published_per_chemical
analog_knn,3,Methamidophos,2,DTXSID6024177,0.9180981397628785,published_per_chemical
analog_knn,3,Methylmercuric(II) chloride,2,DTXSID5020813,1.8259334087371826,published_per_chemical
analog_knn,3,Mevastatin,2,DTXSID4040684,1.6504629850387573,published_per_chemical
analog_knn,3,Mirex,2,DTXSID7020895,1.7266671657562256,published_per_chemical
analog_knn,3,"Octachloro-4,7-methanotetrahydroindane",2,DTXSID7020267,1.3810094356536866,published_per_chemical
analog_knn,3,Parathion,2,DTXSID7021100,0.9823813796043396,published_per_chemical
analog_knn,3,Prallethrin,2,DTXSID0032572,1.0562575578689575,published_per_chemical
analog_knn,3,Reserpine,2,DTXSID7021237,2.4535348653793334,published_per_chemical
analog_knn,3,Sodium arsenite,2,DTXSID5020104,2.3606909036636354,published_per_chemical
analog_knn,3,Tebuconazole,2,DTXSID9032113,2.3421996355056764,published_per_chemical
analog_knn,3,Terbutaline hemisulfate,2,DTXSID3045437,1.1647011160850524,published_per_chemical
analog_knn,3,Tetraethylthiuram disulfide,2,DTXSID1021322,1.643021285533905,published_per_chemical
analog_knn,3,Tetramethrin,2,DTXSID6032649,0.9229373812675477,published_per_chemical
analog_knn,3,Tribufos,2,DTXSID1024174,1.6421235799789429,published_per_chemical
analog_knn,3,Trichlorfon,2,DTXSID0021389,1.5649796724319458,published_per_chemical
analog_knn,3,Trifloxystrobin,2,DTXSID4032580,1.3563714981079102,published_per_chemical
analog_knn,3,Tris(methylphenyl) phosphate,2,DTXSID4021391,0.8928301453590393,published_per_chemical
analog_knn,3,"o,p'-DDT",2,parent:DTXSID4020375,2.1129182100296022,published_per_chemical
analog_knn,3,1-Methyl-4-phenylpyridinium iodide,3,DTXSID40880040,1.3009254455566406,published_per_chemical
analog_knn,3,"2-Ethylhexyl 2,3,4,5-tetrabromobenzoate",3,DTXSID9052686,1.7208717346191407,published_per_chemical
analog_knn,3,3-Iodo-2-propynyl-N-butylcarbamate,3,DTXSID0028038,1.2292746901512146,published_per_chemical
analog_knn,3,"5,5-Diphenylhydantoin",3,DTXSID8020541,0.9961420655250549,published_per_chemical
analog_knn,3,6-Methyl-2-thiouracil,3,DTXSID2020890,1.2152641773223878,published_per_chemical
analog_knn,3,Acenaphthene,3,DTXSID3021774,0.8929868459701538,published_per_chemical
analog_knn,3,Allethrin,3,parent:DTXSID2039336,1.2707679510116576,published_per_chemical
analog_knn,3,Anthracene,3,DTXSID0023878,0.9918302893638611,published_per_chemical
analog_knn,3,Benzo(b)fluoranthene,3,DTXSID0023907,1.1554988622665405,published_per_chemical
analog_knn,3,Carbofuran,3,DTXSID9020249,1.0233627915382386,published_per_chemical
analog_knn,3,Chlorendic acid,3,DTXSID2020268,0.9022986650466919,published_per_chemical
analog_knn,3,Clodinafop-propargyl,3,DTXSID6032354,0.7460685968399048,published_per_chemical
analog_knn,3,Cocaine,3,DTXSID2038443,1.285906147956848,published_per_chemical
analog_knn,3,Colchicine,3,DTXSID5024845,1.6287694454193116,published_per_chemical
analog_knn,3,D-Mannitol,3,DTXSID1023235,1.0896357297897339,published_per_chemical
analog_knn,3,DDT,3,parent:DTXSID4020375,1.3285982012748718,published_per_chemical
analog_knn,3,Deltamethrin,3,DTXSID8020381,1.8444222450256347,published_per_chemical
analog_knn,3,Dexamethasone,3,DTXSID3020384,1.3076934576034547,published_per_chemical
analog_knn,3,"Dibenz[a,c]anthracene",3,DTXSID9049245,1.232071590423584,published_per_chemical
analog_knn,3,Dicrotophos,3,DTXSID9023914,0.9379422783851623,published_per_chemical
analog_knn,3,Emamectin benzoate,3,DTXSID0034566,2.0213094472885134,published_per_chemical
analog_knn,3,Es-fenvalerate,3,DTXSID4032667,1.2207398772239686,published_per_chemical
analog_knn,3,Esketamine hydrochloride,3,DTXSID601027734,1.3451817512512207,published_per_chemical
analog_knn,3,Etofenprox,3,DTXSID9032610,1.2463611483573913,published_per_chemical
analog_knn,3,Fenpropathrin,3,DTXSID0024002,1.2360275149345399,published_per_chemical
analog_knn,3,Firemaster 550,3,DTXSID70880073,1.1780202746391297,published_per_chemical
analog_knn,3,Folic acid,3,DTXSID0022519,1.189936923980713,published_per_chemical
analog_knn,3,Haloperidol,3,DTXSID4034150,2.0965415477752685,published_per_chemical
analog_knn,3,Hexachlorophene,3,DTXSID6020690,1.4860408067703248,published_per_chemical
analog_knn,3,Lead(II) acetate trihydrate,3,DTXSID3031521,1.9301526308059693,published_per_chemical
analog_knn,3,Malathion,3,DTXSID4020791,1.420924186706543,published_per_chemical
analog_knn,3,Mancozeb,3,DTXSID0034695,0.7991293430328369,published_per_chemical
analog_knn,3,Manganese(II) acetate,3,parent:DTXSID5027279,0.8141711831092835,published_per_chemical
analog_knn,3,Naloxone hydrochloride dihydrate,3,DTXSID90199452,1.1029507875442506,published_per_chemical
analog_knn,3,Phenol,3,DTXSID5021124,1.0889211893081665,published_per_chemical
analog_knn,3,Phorate,3,DTXSID4032459,1.5524564504623413,published_per_chemical
analog_knn,3,Piperonyl butoxide,3,DTXSID1021166,1.407575821876526,published_per_chemical
analog_knn,3,Profenofos,3,DTXSID3032464,1.2222356796264648,published_per_chemical
analog_knn,3,Pyrene,3,DTXSID3024289,0.7619974374771118,published_per_chemical
analog_knn,3,S-Bioallethrin,3,parent:DTXSID2039336,1.1867859959602356,published_per_chemical
analog_knn,3,Simvastatin,3,DTXSID0023581,1.861741590499878,published_per_chemical
analog_knn,3,Sodium fluoride,3,DTXSID2020630,0.9300144433975219,published_per_chemical
analog_knn,3,Spiroxamine,3,DTXSID1034212,2.3207414150238037,published_per_chemical
analog_knn,3,Tamoxifen,3,DTXSID1034187,1.8341073751449586,published_per_chemical
analog_knn,3,Tefluthrin,3,DTXSID5032577,1.1199931859970094,published_per_chemical
analog_knn,3,Tetracycline,3,DTXSID7023645,1.0342597961425781,published_per_chemical
analog_knn,3,Thiamethoxam,3,DTXSID2034962,0.8676693081855774,published_per_chemical
analog_knn,3,Tributyltin chloride,3,parent:DTXSID3027403,1.4821532487869262,published_per_chemical
analog_knn,3,Triphenyl phosphates isopropylated,3,DTXSID4028880,1.335622501373291,published_per_chemical
analog_knn,3,(-)-Nicotine,4,DTXSID1020930,1.497602915763855,published_per_chemical
analog_knn,3,17beta-Estradiol,4,DTXSID0020573,0.8385614871978759,published_per_chemical
analog_knn,3,"2,2-Bis(4-hydroxyphenyl)-1,1,1-trichloroethane",4,DTXSID8022325,1.3171338796615601,published_per_chemical
analog_knn,3,"4,4'-Sulfonyldiphenol",4,DTXSID3022409,1.1686564326286315,published_per_chemical
analog_knn,3,6-aminopyridine-3-carboxamide,4,DTXSID5051446,1.8429048538208008,published_per_chemical
analog_knn,3,Acetamiprid,4,DTXSID0034300,1.3123002767562866,published_per_chemical
analog_knn,3,Atrazine,4,DTXSID9020112,0.7951671600341796,published_per_chemical
analog_knn,3,Bensulide,4,DTXSID9032329,1.5822837352752686,published_per_chemical
analog_knn,3,CP-409092,4,DTXSID2047276,1.3268646717071533,published_per_chemical
analog_knn,3,Captopril,4,DTXSID1037197,1.243536353111267,published_per_chemical
analog_knn,3,Chlorethoxyfos,4,DTXSID2032344,1.7575367927551269,published_per_chemical
analog_knn,3,Chlorpyrifos oxon,4,DTXSID1038666,1.2686012268066407,published_per_chemical
analog_knn,3,Chrysene,4,DTXSID0022432,0.8304223895072937,published_per_chemical
analog_knn,3,Clove leaf oil,4,DTXSID8044175,1.4613087892532348,published_per_chemical
analog_knn,3,Cotinine,4,DTXSID1047576,0.883674168586731,published_per_chemical
analog_knn,3,Coumaphos,4,DTXSID2020347,1.7510998964309692,published_per_chemical
analog_knn,3,Cypermethrin,4,DTXSID1023998,1.518785834312439,published_per_chemical
analog_knn,3,D-Glucitol,4,DTXSID5023588,1.111417865753174,published_per_chemical
analog_knn,3,Dextroamphetamine sulfate,4,DTXSID2057865,1.1303035020828247,published_per_chemical
analog_knn,3,Di(2-ethylhexyl) phthalate,4,DTXSID5020607,1.7034178495407104,published_per_chemical
analog_knn,3,Diazinon,4,DTXSID9020407,1.828773832321167,published_per_chemical
analog_knn,3,Dieldrin,4,DTXSID9020453,2.1393290996551513,published_per_chemical
analog_knn,3,Diphenhydramine hydrochloride,4,DTXSID4020537,1.2645875930786132,published_per_chemical
analog_knn,3,Fosthiazate,4,DTXSID0034930,1.0714753866195679,published_per_chemical
analog_knn,3,Heptachlor epoxide B,4,DTXSID1024126,2.0882593393325806,published_per_chemical
analog_knn,3,Imidacloprid,4,DTXSID5032442,1.2686995148658753,published_per_chemical
analog_knn,3,Isodecyl diphenyl phosphate,4,DTXSID3025465,0.7676383852958679,published_per_chemical
analog_knn,3,Kepone,4,DTXSID1020770,1.6992058992385863,published_per_chemical
analog_knn,3,Methimazole,4,DTXSID4020820,1.2810353994369508,published_per_chemical
analog_knn,3,Molinate,4,DTXSID6024206,1.1082770824432373,published_per_chemical
analog_knn,3,Octylbicycloheptenedicarboximide,4,DTXSID6032562,1.2737215042114258,published_per_chemical
analog_knn,3,Paraquat dichloride,4,DTXSID7024243,1.8835835218429566,published_per_chemical
analog_knn,3,Perfluoroundecanoic acid,4,DTXSID8047553,1.0966534256935119,published_per_chemical
analog_knn,3,Phenobarbital,4,parent:DTXSID0021123,1.0748737454414368,published_per_chemical
analog_knn,3,Phenylmercuric acetate,4,DTXSID7021150,1.1777148962020874,published_per_chemical
analog_knn,3,Phosmet,4,DTXSID5024261,1.7549893379211425,published_per_chemical
analog_knn,3,Picoxystrobin,4,DTXSID9047542,1.7174387574195862,published_per_chemical
analog_knn,3,Resmethrin,4,DTXSID7022253,1.0635403275489808,published_per_chemical
analog_knn,3,Retinoic acid,4,DTXSID7021239,1.8323563575744628,published_per_chemical
analog_knn,3,Rotenone,4,DTXSID6021248,1.8311331033706666,published_per_chemical
analog_knn,3,Sodium orthovanadate,4,DTXSID2037269,1.2328661918640136,published_per_chemical
analog_knn,3,Tebupirimfos,4,DTXSID1032482,1.7637325048446655,published_per_chemical
analog_knn,3,Triphenyl phosphate,4,DTXSID1021952,0.9758636832237244,published_per_chemical
analog_knn,3,Triphenyl phosphite,4,DTXSID0026252,0.8809595465660095,published_per_chemical
analog_knn,3,Tris(2-chloroisopropyl)phosphate,4,DTXSID5026259,1.0012868523597718,published_per_chemical
analog_knn,3,Valinomycin,4,DTXSID9041150,3.0197559356689454,published_per_chemical
analog_knn,3,tert-Butylphenyl diphenyl phosphate,4,DTXSID6024701,1.4252936124801636,published_per_chemical
analog_knn,4,1-Ethyl-3-methyl-1H-imidazol-3-ium diethyl phosphate,0,DTXSID9047889,1.1254814624786378,published_per_chemical
analog_knn,4,"1H,1H,2H,2H-Perfluorooctyl iodide",0,DTXSID2047565,0.7118189930915833,published_per_chemical
analog_knn,4,"2,2',4,4',5,5'-Hexabromodiphenyl ether",0,DTXSID4030047,1.1851295232772827,published_per_chemical
analog_knn,4,"2,2',4,4',5-Pentabromodiphenyl ether",0,DTXSID9030048,1.9727822542190552,published_per_chemical
analog_knn,4,"2,2',4,4'-Tetrabromodiphenyl ether",0,DTXSID3030056,1.647395920753479,published_per_chemical
analog_knn,4,2-Methoxyethanol,0,DTXSID5024182,0.8473430871963501,published_per_chemical
analog_knn,4,"3,3'-Iminobispropanenitrile",0,DTXSID2041464,0.7271664142608643,published_per_chemical
analog_knn,4,4H-Cyclopenta(def)phenanthrene,0,DTXSID1024887,0.9378874778747559,published_per_chemical
analog_knn,4,6-Propyl-2-thiouracil,0,DTXSID5021209,1.5227287530899047,published_per_chemical
analog_knn,4,Acrylamide,0,DTXSID5020027,0.782706332206726,published_per_chemical
analog_knn,4,Aldrin,0,DTXSID8020040,1.5099536418914794,published_per_chemical
analog_knn,4,Benz(a)anthracene,0,DTXSID5023902,0.9770046710968018,published_per_chemical
analog_knn,4,"Benzo[g,h,i]perylene",0,DTXSID5023908,1.1117788434028626,published_per_chemical
analog_knn,4,Boric acid (H3BO3),0,DTXSID1020194,0.7800116419792176,published_per_chemical
analog_knn,4,Boscalid,0,DTXSID6034392,0.7837804198265076,published_per_chemical
analog_knn,4,CP-457920,0,DTXSID4047254,1.189751136302948,published_per_chemical
analog_knn,4,Chlorpyrifos,0,DTXSID4020458,1.451663565635681,published_per_chemical
analog_knn,4,Cyfluthrin,0,DTXSID5035957,1.0344295859336854,published_per_chemical
analog_knn,4,Cytarabine,0,DTXSID3022877,1.5466064810752869,published_per_chemical
analog_knn,4,"Dibenz[a,h]anthracene",0,DTXSID9020409,0.8652950525283813,published_per_chemical
analog_knn,4,Disulfoton,0,DTXSID0022018,0.6921288311481476,published_per_chemical
analog_knn,4,Enadoline,0,DTXSID4047258,1.4663190126419068,published_per_chemical
analog_knn,4,Erythromycin,0,DTXSID4022991,0.92993004322052,published_per_chemical
analog_knn,4,Ethoprop,0,DTXSID4032611,1.3404239416122437,published_per_chemical
analog_knn,4,Fenamiphos,0,DTXSID3024102,0.9607857704162598,published_per_chemical
analog_knn,4,Fluconazole,0,DTXSID3020627,0.9760213971138001,published_per_chemical
analog_knn,4,Flufenacet,0,DTXSID2032552,0.8107991099357605,published_per_chemical
analog_knn,4,Fluoxastrobin,0,DTXSID2034625,1.1567819356918334,published_per_chemical
analog_knn,4,Fluoxetine hydrochloride,0,DTXSID7020635,1.856007957458496,published_per_chemical
analog_knn,4,Flusilazole,0,DTXSID3024235,1.4026288747787476,published_per_chemical
analog_knn,4,Glyphosate,0,DTXSID1024122,1.429475736618042,published_per_chemical
analog_knn,4,Hydroxyurea,0,DTXSID6025438,1.3897079944610595,published_per_chemical
analog_knn,4,Isoniazid,0,DTXSID8020755,1.2543066501617433,published_per_chemical
analog_knn,4,L-Domoic acid,0,DTXSID20274180,1.855476403236389,published_per_chemical
analog_knn,4,Lactofen,0,DTXSID7024160,0.8308231234550476,published_per_chemical
analog_knn,4,Lovastatin,0,DTXSID5020784,1.8991809368133545,published_per_chemical
analog_knn,4,Methadone hydrochloride,0,DTXSID2020501,1.4678955316543578,published_per_chemical
analog_knn,4,Methotrexate,0,DTXSID4020822,2.7214673519134522,published_per_chemical
analog_knn,4,Naphthalene,0,DTXSID8020913,1.3433040022850036,published_per_chemical
analog_knn,4,Omethoate,0,DTXSID4037580,1.0491629242897034,published_per_chemical
analog_knn,4,Phenobarbital sodium,0,parent:DTXSID0021123,1.0382965683937073,published_per_chemical
analog_knn,4,Pirimiphos-methyl,0,DTXSID0024266,1.5417627334594726,published_per_chemical
analog_knn,4,Pyraclostrobin,0,DTXSID7032638,1.8192618370056153,published_per_chemical
analog_knn,4,Sodium benzoate,0,DTXSID1020140,0.997006070613861,published_per_chemical
analog_knn,4,Spirodiclofen,0,DTXSID6034928,0.6658912181854248,published_per_chemical
analog_knn,4,Thiacloprid,0,DTXSID7034961,1.0413281679153443,published_per_chemical
analog_knn,4,Triclosan,0,DTXSID5032498,1.3635578870773315,published_per_chemical
analog_knn,4,Triethyltin bromide,0,DTXSID9040712,1.8925291776657105,published_per_chemical
analog_knn,4,"p,p'-DDE",0,DTXSID9020374,0.9547073125839234,published_per_chemical
analog_knn,4,(Methylcyclopentadienyl)tricarbonylmanganese,1,DTXSID9027738,1.0226775884628296,published_per_chemical
analog_knn,4,"1,2-Propylene glycol",1,DTXSID0021206,1.389504599571228,published_per_chemical
analog_knn,4,5-Chloro-2-methyl-3(2H)-isothiazolone,1,DTXSID9034286,1.5415076613426208,published_per_chemical
analog_knn,4,5-Fluorouracil,1,DTXSID2020634,2.2673556566238404,published_per_chemical
analog_knn,4,Acephate,1,DTXSID8023846,1.346571969985962,published_per_chemical
analog_knn,4,Acetaminophen,1,DTXSID2020006,0.6283512711524963,published_per_chemical
analog_knn,4,Aspirin,1,DTXSID5020108,0.7185288429260254,published_per_chemical
analog_knn,4,Auramine hydrochloride,1,DTXSID9020114,1.264191222190857,published_per_chemical
analog_knn,4,Benzo[k]fluoranthene,1,DTXSID0023909,0.8855190396308898,published_per_chemical
analog_knn,4,Berberine chloride,1,DTXSID8024602,1.2199318051338195,published_per_chemical
analog_knn,4,Bifenthrin,1,DTXSID9020160,1.3692179918289185,published_per_chemical
analog_knn,4,Bis(tributyltin)oxide,1,parent:DTXSID3027403,2.694083333015442,published_per_chemical
analog_knn,4,Bisindolylmaleimide I,1,DTXSID50157932,1.142500376701355,published_per_chemical
analog_knn,4,Bisphenol A,1,DTXSID7020182,1.2170904517173766,published_per_chemical
analog_knn,4,Busulfan,1,DTXSID3020910,0.701999020576477,published_per_chemical
analog_knn,4,Caffeine,1,DTXSID0020232,1.2522677898406982,published_per_chemical
analog_knn,4,Chlordiazepoxide hydrochloride,1,DTXSID40880060,2.207082200050354,published_per_chemical
analog_knn,4,Cyclophosphamide monohydrate,1,DTXSID6024888,1.1205625772476195,published_per_chemical
analog_knn,4,Cymoxanil,1,DTXSID6032358,0.6352696776390075,published_per_chemical
analog_knn,4,Diazepam,1,DTXSID4020406,1.8230772256851195,published_per_chemical
analog_knn,4,Diazoxon,1,DTXSID5037523,1.310182797908783,published_per_chemical
analog_knn,4,Diethylene glycol,1,DTXSID8020462,0.99986412525177,published_per_chemical
analog_knn,4,Diethylstilbestrol,1,DTXSID3020465,1.647404956817627,published_per_chemical
analog_knn,4,Difpas-pyrazole,1,DTXSID6048175,1.440372896194458,published_per_chemical
analog_knn,4,Dimethoate,1,DTXSID7020479,1.2922176480293275,published_per_chemical
analog_knn,4,Endosulfan,1,DTXSID1020560,1.9802856206893922,published_per_chemical
analog_knn,4,Endrin,1,DTXSID6020561,1.320274245738983,published_per_chemical
analog_knn,4,Fenitrothion,1,DTXSID4032613,0.6422513246536254,published_per_chemical
analog_knn,4,Loperamide,1,DTXSID00880006,1.685971236228943,published_per_chemical
analog_knn,4,Malaoxon,1,DTXSID9020790,1.2117432832717896,published_per_chemical
analog_knn,4,Methoxychlor,1,DTXSID9020827,1.6378326177597047,published_per_chemical
analog_knn,4,Naled,1,DTXSID1024209,1.603186011314392,published_per_chemical
analog_knn,4,Oxidopamine hydrochloride,1,DTXSID0045838,1.3942372441291808,published_per_chemical
analog_knn,4,Permethrin,1,DTXSID8022292,1.36314697265625,published_per_chemical
analog_knn,4,PharmaGSID_47330,1,DTXSID9047330,1.3007991552352904,published_per_chemical
analog_knn,4,Phenanthrene,1,DTXSID6024254,0.47462786436080934,published_per_chemical
analog_knn,4,Pravastatin sodium,1,DTXSID6047525,1.998518943786621,published_per_chemical
analog_knn,4,S-Ethyl dipropylthiocarbamate,1,DTXSID1024091,0.7545622110366821,published_per_chemical
analog_knn,4,Sodium saccharin hydrate,1,DTXSID7021992,0.9618371844291687,published_per_chemical
analog_knn,4,Sodium valproate,1,DTXSID5037072,1.1470238089561462,published_per_chemical
analog_knn,4,Terbufos,1,DTXSID2022254,1.472544527053833,published_per_chemical
analog_knn,4,Thalidomide,1,DTXSID9022524,1.4951865911483764,published_per_chemical
analog_knn,4,Tributyltin methacrylate,1,parent:DTXSID3027403,1.586393117904663,published_per_chemical
analog_knn,4,Trimethyltin hydroxide,1,DTXSID9032240,1.8088276624679565,published_per_chemical
analog_knn,4,"Tris(1,3-dichloro-2-propyl) phosphate",1,DTXSID9026261,1.03480224609375,published_per_chemical
analog_knn,4,Tris(2-chloroethyl) phosphate,1,DTXSID5021411,1.3172025442123414,published_per_chemical
analog_knn,4,Z-Tetrachlorvinphos,1,DTXSID1032648,1.7071478366851807,published_per_chemical
analog_knn,4,"p,p'-DDD",1,DTXSID4020373,1.4400674939155578,published_per_chemical
analog_knn,4,tert-Butylhydroquinone,1,DTXSID6020220,1.3278942823410034,published_per_chemical
analog_knn,4,2-(m-Chlorophenoxy)propionic acid,2,DTXSID9034232,1.4455631017684936,published_per_chemical
analog_knn,4,2-Ethylhexyl diphenyl phosphate,2,DTXSID1025300,1.2865208387374878,published_per_chemical
analog_knn,4,"3,3',5,5'-Tetrabromobisphenol A",2,DTXSID1026081,0.8305030465126038,published_per_chemical
analog_knn,4,Abamectin,2,DTXSID8023892,2.1373449563980103,published_per_chemical
analog_knn,4,Acenaphthylene,2,DTXSID3023845,0.6758496642112732,published_per_chemical
analog_knn,4,Aldicarb,2,DTXSID0039223,1.4436939239501954,published_per_chemical
analog_knn,4,Amoxicillin,2,DTXSID3037044,1.1128096342086793,published_per_chemical
analog_knn,4,Azoxystrobin,2,DTXSID0032520,1.4538915634155274,published_per_chemical
analog_knn,4,Benzo[a]pyrene,2,DTXSID2020139,0.9538061022758484,published_per_chemical
analog_knn,4,Benzo[e]pyrene,2,DTXSID3023764,1.2902474403381348,published_per_chemical
analog_knn,4,Bis(2-ethylhexyl) tetrabromophthalate,2,DTXSID7027887,1.4536484956741333,published_per_chemical
analog_knn,4,Bisphenol AF,2,DTXSID7037717,1.1408671021461487,published_per_chemical
analog_knn,4,Bisphenol B,2,DTXSID4022442,1.1704280853271485,published_per_chemical
analog_knn,4,Cadmium(II) chloride hydrate (2:5),2,DTXSID4040183,1.762777829170227,published_per_chemical
analog_knn,4,Captan,2,DTXSID9020243,0.7096385955810547,published_per_chemical
analog_knn,4,Carbamazepine,2,DTXSID4022731,1.016517162322998,published_per_chemical
analog_knn,4,Carbaryl,2,DTXSID9020247,2.2043812751770018,published_per_chemical
analog_knn,4,Cariporide mesylate,2,DTXSID3047344,1.1535733342170715,published_per_chemical
analog_knn,4,Chloramben,2,DTXSID2020262,0.8715509176254272,published_per_chemical
analog_knn,4,Chlorpromazine hydrochloride,2,DTXSID7024827,1.2040800213813783,published_per_chemical
analog_knn,4,Clothianidin,2,DTXSID2034465,0.8920444369316101,published_per_chemical
analog_knn,4,Dichlorvos,2,DTXSID5020449,1.0199493646621705,published_per_chemical
analog_knn,4,Eugenol,2,DTXSID9020617,1.0767654657363892,published_per_chemical
analog_knn,4,Fipronil,2,DTXSID4034609,1.4401746034622191,published_per_chemical
analog_knn,4,Fluorene,2,DTXSID8024105,0.6343416571617126,published_per_chemical
analog_knn,4,Glycerol,2,DTXSID9020663,0.6407219529151916,published_per_chemical
analog_knn,4,L-Ascorbic acid,2,DTXSID5020106,0.9874314546585083,published_per_chemical
analog_knn,4,Lindane,2,DTXSID2020686,1.9507359266281128,published_per_chemical
analog_knn,4,Maneb,2,DTXSID9020794,1.044602131843567,published_per_chemical
analog_knn,4,Manganese dichloride,2,parent:DTXSID5027279,1.222115397453308,published_per_chemical
analog_knn,4,Mercuric chloride,2,DTXSID5020811,1.4259973049163819,published_per_chemical
analog_knn,4,Methamidophos,2,DTXSID6024177,0.9421663761138916,published_per_chemical
analog_knn,4,Methylmercuric(II) chloride,2,DTXSID5020813,1.5824890613555909,published_per_chemical
analog_knn,4,Mevastatin,2,DTXSID4040684,1.8241408109664916,published_per_chemical
analog_knn,4,Mirex,2,DTXSID7020895,1.952005648612976,published_per_chemical
analog_knn,4,"Octachloro-4,7-methanotetrahydroindane",2,DTXSID7020267,1.3293340444564818,published_per_chemical
analog_knn,4,Parathion,2,DTXSID7021100,0.8708126902580261,published_per_chemical
analog_knn,4,Prallethrin,2,DTXSID0032572,0.9093577265739441,published_per_chemical
analog_knn,4,Reserpine,2,DTXSID7021237,2.0726870775222777,published_per_chemical
analog_knn,4,Sodium arsenite,2,DTXSID5020104,2.751785326004028,published_per_chemical
analog_knn,4,Tebuconazole,2,DTXSID9032113,2.460681343078613,published_per_chemical
analog_knn,4,Terbutaline hemisulfate,2,DTXSID3045437,1.1745980739593507,published_per_chemical
analog_knn,4,Tetraethylthiuram disulfide,2,DTXSID1021322,1.073801004886627,published_per_chemical
analog_knn,4,Tetramethrin,2,DTXSID6032649,0.7824155449867248,published_per_chemical
analog_knn,4,Tribufos,2,DTXSID1024174,1.3619622468948365,published_per_chemical
analog_knn,4,Trichlorfon,2,DTXSID0021389,1.4326359272003173,published_per_chemical
analog_knn,4,Trifloxystrobin,2,DTXSID4032580,1.2166319608688354,published_per_chemical
analog_knn,4,Tris(methylphenyl) phosphate,2,DTXSID4021391,0.9101390719413758,published_per_chemical
analog_knn,4,"o,p'-DDT",2,parent:DTXSID4020375,1.902381992340088,published_per_chemical
analog_knn,4,1-Methyl-4-phenylpyridinium iodide,3,DTXSID40880040,1.2921677350997924,published_per_chemical
analog_knn,4,"2-Ethylhexyl 2,3,4,5-tetrabromobenzoate",3,DTXSID9052686,1.337109887599945,published_per_chemical
analog_knn,4,3-Iodo-2-propynyl-N-butylcarbamate,3,DTXSID0028038,0.9876145660877228,published_per_chemical
analog_knn,4,"5,5-Diphenylhydantoin",3,DTXSID8020541,0.9533322930335999,published_per_chemical
analog_knn,4,6-Methyl-2-thiouracil,3,DTXSID2020890,1.2637206315994263,published_per_chemical
analog_knn,4,Acenaphthene,3,DTXSID3021774,0.8176702380180358,published_per_chemical
analog_knn,4,Allethrin,3,parent:DTXSID2039336,1.1042664289474486,published_per_chemical
analog_knn,4,Anthracene,3,DTXSID0023878,0.8264491081237793,published_per_chemical
analog_knn,4,Benzo(b)fluoranthene,3,DTXSID0023907,1.159141755104065,published_per_chemical
analog_knn,4,Carbofuran,3,DTXSID9020249,0.9005152463912964,published_per_chemical
analog_knn,4,Chlorendic acid,3,DTXSID2020268,0.8692703723907471,published_per_chemical
analog_knn,4,Clodinafop-propargyl,3,DTXSID6032354,0.778308916091919,published_per_chemical
analog_knn,4,Cocaine,3,DTXSID2038443,1.295026683807373,published_per_chemical
analog_knn,4,Colchicine,3,DTXSID5024845,2.7294142961502077,published_per_chemical
analog_knn,4,D-Mannitol,3,DTXSID1023235,1.0373230218887328,published_per_chemical
analog_knn,4,DDT,3,parent:DTXSID4020375,1.379306399822235,published_per_chemical
analog_knn,4,Deltamethrin,3,DTXSID8020381,1.8771284341812133,published_per_chemical
analog_knn,4,Dexamethasone,3,DTXSID3020384,1.221612286567688,published_per_chemical
analog_knn,4,"Dibenz[a,c]anthracene",3,DTXSID9049245,1.1321915864944458,published_per_chemical
analog_knn,4,Dicrotophos,3,DTXSID9023914,0.9695767879486084,published_per_chemical
analog_knn,4,Emamectin benzoate,3,DTXSID0034566,2.038823699951172,published_per_chemical
analog_knn,4,Es-fenvalerate,3,DTXSID4032667,1.3195900440216064,published_per_chemical
analog_knn,4,Esketamine hydrochloride,3,DTXSID601027734,1.1630667686462401,published_per_chemical
analog_knn,4,Etofenprox,3,DTXSID9032610,1.0038934111595155,published_per_chemical
analog_knn,4,Fenpropathrin,3,DTXSID0024002,1.440840482711792,published_per_chemical
analog_knn,4,Firemaster 550,3,DTXSID70880073,1.2271601915359498,published_per_chemical
analog_knn,4,Folic acid,3,DTXSID0022519,1.1655117988586425,published_per_chemical
analog_knn,4,Haloperidol,3,DTXSID4034150,1.6528584480285644,published_per_chemical
analog_knn,4,Hexachlorophene,3,DTXSID6020690,1.4697080612182618,published_per_chemical
analog_knn,4,Lead(II) acetate trihydrate,3,DTXSID3031521,1.8838366746902466,published_per_chemical
analog_knn,4,Malathion,3,DTXSID4020791,1.4230601787567139,published_per_chemical
analog_knn,4,Mancozeb,3,DTXSID0034695,0.7830899715423584,published_per_chemical
analog_knn,4,Manganese(II) acetate,3,parent:DTXSID5027279,0.8045377969741822,published_per_chemical
analog_knn,4,Naloxone hydrochloride dihydrate,3,DTXSID90199452,0.9868913173675538,published_per_chemical
analog_knn,4,Phenol,3,DTXSID5021124,1.0293587684631347,published_per_chemical
analog_knn,4,Phorate,3,DTXSID4032459,1.4340234994888306,published_per_chemical
analog_knn,4,Piperonyl butoxide,3,DTXSID1021166,1.7367864847183228,published_per_chemical
analog_knn,4,Profenofos,3,DTXSID3032464,1.3101433992385865,published_per_chemical
analog_knn,4,Pyrene,3,DTXSID3024289,0.7694058775901794,published_per_chemical
analog_knn,4,S-Bioallethrin,3,parent:DTXSID2039336,1.1584534645080566,published_per_chemical
analog_knn,4,Simvastatin,3,DTXSID0023581,1.7160631895065308,published_per_chemical
analog_knn,4,Sodium fluoride,3,DTXSID2020630,0.9222904205322265,published_per_chemical
analog_knn,4,Spiroxamine,3,DTXSID1034212,1.828283143043518,published_per_chemical
analog_knn,4,Tamoxifen,3,DTXSID1034187,2.062393879890442,published_per_chemical
analog_knn,4,Tefluthrin,3,DTXSID5032577,1.1760514497756958,published_per_chemical
analog_knn,4,Tetracycline,3,DTXSID7023645,1.0781737565994263,published_per_chemical
analog_knn,4,Thiamethoxam,3,DTXSID2034962,1.0218822479248046,published_per_chemical
analog_knn,4,Tributyltin chloride,3,parent:DTXSID3027403,1.3327231884002686,published_per_chemical
analog_knn,4,Triphenyl phosphates isopropylated,3,DTXSID4028880,1.354936695098877,published_per_chemical
analog_knn,4,(-)-Nicotine,4,DTXSID1020930,1.5020045280456542,published_per_chemical
analog_knn,4,17beta-Estradiol,4,DTXSID0020573,0.7224080801010132,published_per_chemical
analog_knn,4,"2,2-Bis(4-hydroxyphenyl)-1,1,1-trichloroethane",4,DTXSID8022325,1.2094561338424683,published_per_chemical
analog_knn,4,"4,4'-Sulfonyldiphenol",4,DTXSID3022409,1.107985758781433,published_per_chemical
analog_knn,4,6-aminopyridine-3-carboxamide,4,DTXSID5051446,1.8578227281570434,published_per_chemical
analog_knn,4,Acetamiprid,4,DTXSID0034300,1.4007777929306031,published_per_chemical
analog_knn,4,Atrazine,4,DTXSID9020112,0.7620771765708924,published_per_chemical
analog_knn,4,Bensulide,4,DTXSID9032329,1.7083084106445312,published_per_chemical
analog_knn,4,CP-409092,4,DTXSID2047276,1.3520572423934936,published_per_chemical
analog_knn,4,Captopril,4,DTXSID1037197,1.1481916308403015,published_per_chemical
analog_knn,4,Chlorethoxyfos,4,DTXSID2032344,1.3837674975395202,published_per_chemical
analog_knn,4,Chlorpyrifos oxon,4,DTXSID1038666,1.361817479133606,published_per_chemical
analog_knn,4,Chrysene,4,DTXSID0022432,0.7455272793769836,published_per_chemical
analog_knn,4,Clove leaf oil,4,DTXSID8044175,1.4055100440979005,published_per_chemical
analog_knn,4,Cotinine,4,DTXSID1047576,0.8678917407989502,published_per_chemical
analog_knn,4,Coumaphos,4,DTXSID2020347,1.7629816055297851,published_per_chemical
analog_knn,4,Cypermethrin,4,DTXSID1023998,1.3240400910377503,published_per_chemical
analog_knn,4,D-Glucitol,4,DTXSID5023588,1.158375072479248,published_per_chemical
analog_knn,4,Dextroamphetamine sulfate,4,DTXSID2057865,1.0183964014053344,published_per_chemical
analog_knn,4,Di(2-ethylhexyl) phthalate,4,DTXSID5020607,1.5317840814590453,published_per_chemical
analog_knn,4,Diazinon,4,DTXSID9020407,1.691106104850769,published_per_chemical
analog_knn,4,Dieldrin,4,DTXSID9020453,2.7613766193389893,published_per_chemical
analog_knn,4,Diphenhydramine hydrochloride,4,DTXSID4020537,1.1053105473518372,published_per_chemical
analog_knn,4,Fosthiazate,4,DTXSID0034930,1.1083154678344727,published_per_chemical
analog_knn,4,Heptachlor epoxide B,4,DTXSID1024126,1.9511549711227416,published_per_chemical
analog_knn,4,Imidacloprid,4,DTXSID5032442,1.377431583404541,published_per_chemical
analog_knn,4,Isodecyl diphenyl phosphate,4,DTXSID3025465,0.9685150027275086,published_per_chemical
analog_knn,4,Kepone,4,DTXSID1020770,1.5447258472442627,published_per_chemical
analog_knn,4,Methimazole,4,DTXSID4020820,1.2903712034225463,published_per_chemical
analog_knn,4,Molinate,4,DTXSID6024206,1.0203511357307433,published_per_chemical
analog_knn,4,Octylbicycloheptenedicarboximide,4,DTXSID6032562,1.2275143384933471,published_per_chemical
analog_knn,4,Paraquat dichloride,4,DTXSID7024243,2.6955857992172243,published_per_chemical
analog_knn,4,Perfluoroundecanoic acid,4,DTXSID8047553,0.8862679958343506,published_per_chemical
analog_knn,4,Phenobarbital,4,parent:DTXSID0021123,1.0476337552070618,published_per_chemical
analog_knn,4,Phenylmercuric acetate,4,DTXSID7021150,1.2796786069869994,published_per_chemical
analog_knn,4,Phosmet,4,DTXSID5024261,1.182688593864441,published_per_chemical
analog_knn,4,Picoxystrobin,4,DTXSID9047542,1.0271957993507386,published_per_chemical
analog_knn,4,Resmethrin,4,DTXSID7022253,1.08036812543869,published_per_chemical
analog_knn,4,Retinoic acid,4,DTXSID7021239,1.7988518476486206,published_per_chemical
analog_knn,4,Rotenone,4,DTXSID6021248,1.425630474090576,published_per_chemical
analog_knn,4,Sodium orthovanadate,4,DTXSID2037269,1.3792251229286194,published_per_chemical
analog_knn,4,Tebupirimfos,4,DTXSID1032482,1.9826632499694825,published_per_chemical
analog_knn,4,Triphenyl phosphate,4,DTXSID1021952,0.9670142292976379,published_per_chemical
analog_knn,4,Triphenyl phosphite,4,DTXSID0026252,0.8890812873840332,published_per_chemical
analog_knn,4,Tris(2-chloroisopropyl)phosphate,4,DTXSID5026259,0.9906487822532654,published_per_chemical
analog_knn,4,Valinomycin,4,DTXSID9041150,3.798798656463623,published_per_chemical
analog_knn,4,tert-Butylphenyl diphenyl phosphate,4,DTXSID6024701,1.6338410139083863,published_per_chemical
anchorboost,1,1-Ethyl-3-methyl-1H-imidazol-3-ium diethyl phosphate,0,DTXSID9047889,1.0963265010735648,published_per_chemical
anchorboost,1,"1H,1H,2H,2H-Perfluorooctyl iodide",0,DTXSID2047565,0.6942032283733459,published_per_chemical
anchorboost,1,"2,2',4,4',5,5'-Hexabromodiphenyl ether",0,DTXSID4030047,1.4627399167094415,published_per_chemical
anchorboost,1,"2,2',4,4',5-Pentabromodiphenyl ether",0,DTXSID9030048,1.661502684948672,published_per_chemical
anchorboost,1,"2,2',4,4'-Tetrabromodiphenyl ether",0,DTXSID3030056,1.4310841540994432,published_per_chemical
anchorboost,1,2-Methoxyethanol,0,DTXSID5024182,0.9158569685966548,published_per_chemical
anchorboost,1,"3,3'-Iminobispropanenitrile",0,DTXSID2041464,0.7094722326336713,published_per_chemical
anchorboost,1,4H-Cyclopenta(def)phenanthrene,0,DTXSID1024887,0.9989910724109354,published_per_chemical
anchorboost,1,6-Propyl-2-thiouracil,0,DTXSID5021209,1.4967290568944667,published_per_chemical
anchorboost,1,Acrylamide,0,DTXSID5020027,0.8575971695577558,published_per_chemical
anchorboost,1,Aldrin,0,DTXSID8020040,1.6795493187654622,published_per_chemical
anchorboost,1,Benz(a)anthracene,0,DTXSID5023902,1.0395557734081984,published_per_chemical
anchorboost,1,"Benzo[g,h,i]perylene",0,DTXSID5023908,1.1912301035884316,published_per_chemical
anchorboost,1,Boric acid (H3BO3),0,DTXSID1020194,0.8566576412720727,published_per_chemical
anchorboost,1,Boscalid,0,DTXSID6034392,0.7279278790747813,published_per_chemical
anchorboost,1,CP-457920,0,DTXSID4047254,1.0916292921765642,published_per_chemical
anchorboost,1,Chlorpyrifos,0,DTXSID4020458,1.8381291002465516,published_per_chemical
anchorboost,1,Cyfluthrin,0,DTXSID5035957,1.502683623172503,published_per_chemical
anchorboost,1,Cytarabine,0,DTXSID3022877,2.4036031249677365,published_per_chemical
anchorboost,1,"Dibenz[a,h]anthracene",0,DTXSID9020409,0.9879268288263372,published_per_chemical
anchorboost,1,Disulfoton,0,DTXSID0022018,0.7746752198813203,published_per_chemical
anchorboost,1,Enadoline,0,DTXSID4047258,1.3318433759587638,published_per_chemical
anchorboost,1,Erythromycin,0,DTXSID4022991,1.0110534898877286,published_per_chemical
anchorboost,1,Ethoprop,0,DTXSID4032611,1.3415468437718676,published_per_chemical
anchorboost,1,Fenamiphos,0,DTXSID3024102,1.0228542647746797,published_per_chemical
anchorboost,1,Fluconazole,0,DTXSID3020627,1.1031570087635019,published_per_chemical
anchorboost,1,Flufenacet,0,DTXSID2032552,0.8235032025951818,published_per_chemical
anchorboost,1,Fluoxastrobin,0,DTXSID2034625,1.2314376161652054,published_per_chemical
anchorboost,1,Fluoxetine hydrochloride,0,DTXSID7020635,1.8290891842918344,published_per_chemical
anchorboost,1,Flusilazole,0,DTXSID3024235,1.398163271128051,published_per_chemical
anchorboost,1,Glyphosate,0,DTXSID1024122,1.3288435970593364,published_per_chemical
anchorboost,1,Hydroxyurea,0,DTXSID6025438,1.3356707065769289,published_per_chemical
anchorboost,1,Isoniazid,0,DTXSID8020755,1.3723648048907104,published_per_chemical
anchorboost,1,L-Domoic acid,0,DTXSID20274180,1.699475267618979,published_per_chemical
anchorboost,1,Lactofen,0,DTXSID7024160,0.8329151793368895,published_per_chemical
anchorboost,1,Lovastatin,0,DTXSID5020784,2.0554147293987195,published_per_chemical
anchorboost,1,Methadone hydrochloride,0,DTXSID2020501,1.3884747281462606,published_per_chemical
anchorboost,1,Methotrexate,0,DTXSID4020822,3.300716353539341,published_per_chemical
anchorboost,1,Naphthalene,0,DTXSID8020913,1.5450281443635816,published_per_chemical
anchorboost,1,Omethoate,0,DTXSID4037580,1.223801909416697,published_per_chemical
anchorboost,1,Phenobarbital sodium,0,parent:DTXSID0021123,0.9570932167696654,published_per_chemical
anchorboost,1,Pirimiphos-methyl,0,DTXSID0024266,1.4297187779918001,published_per_chemical
anchorboost,1,Pyraclostrobin,0,DTXSID7032638,1.6380322196715844,published_per_chemical
anchorboost,1,Sodium benzoate,0,DTXSID1020140,1.07160753761706,published_per_chemical
anchorboost,1,Spirodiclofen,0,DTXSID6034928,0.6636772676621261,published_per_chemical
anchorboost,1,Thiacloprid,0,DTXSID7034961,1.0723654281557127,published_per_chemical
anchorboost,1,Triclosan,0,DTXSID5032498,1.7941386623675821,published_per_chemical
anchorboost,1,Triethyltin bromide,0,DTXSID9040712,2.1704690414017054,published_per_chemical
anchorboost,1,"p,p'-DDE",0,DTXSID9020374,1.3041687466794922,published_per_chemical
anchorboost,1,(Methylcyclopentadienyl)tricarbonylmanganese,1,DTXSID9027738,1.0066798331115145,published_per_chemical
anchorboost,1,"1,2-Propylene glycol",1,DTXSID0021206,1.773432469339881,published_per_chemical
anchorboost,1,5-Chloro-2-methyl-3(2H)-isothiazolone,1,DTXSID9034286,1.9675857260017586,published_per_chemical
anchorboost,1,5-Fluorouracil,1,DTXSID2020634,2.174931071734965,published_per_chemical
anchorboost,1,Acephate,1,DTXSID8023846,1.5547041798237036,published_per_chemical
anchorboost,1,Acetaminophen,1,DTXSID2020006,0.6033353790155235,published_per_chemical
anchorboost,1,Aspirin,1,DTXSID5020108,0.8670135325887751,published_per_chemical
anchorboost,1,Auramine hydrochloride,1,DTXSID9020114,1.461741940915136,published_per_chemical
anchorboost,1,Benzo[k]fluoranthene,1,DTXSID0023909,1.0523671903283793,published_per_chemical
anchorboost,1,Berberine chloride,1,DTXSID8024602,1.406965752903979,published_per_chemical
anchorboost,1,Bifenthrin,1,DTXSID9020160,1.8464457571296156,published_per_chemical
anchorboost,1,Bis(tributyltin)oxide,1,parent:DTXSID3027403,2.990743614751434,published_per_chemical
anchorboost,1,Bisindolylmaleimide I,1,DTXSID50157932,1.415465330243903,published_per_chemical
anchorboost,1,Bisphenol A,1,DTXSID7020182,1.169113709863336,published_per_chemical
anchorboost,1,Busulfan,1,DTXSID3020910,0.8584070830071184,published_per_chemical
anchorboost,1,Caffeine,1,DTXSID0020232,1.3034408751639759,published_per_chemical
anchorboost,1,Chlordiazepoxide hydrochloride,1,DTXSID40880060,1.7845474004260964,published_per_chemical
anchorboost,1,Cyclophosphamide monohydrate,1,DTXSID6024888,1.1466373954218827,published_per_chemical
anchorboost,1,Cymoxanil,1,DTXSID6032358,0.6304856743004352,published_per_chemical
anchorboost,1,Diazepam,1,DTXSID4020406,1.6891516764074126,published_per_chemical
anchorboost,1,Diazoxon,1,DTXSID5037523,1.5265774841282531,published_per_chemical
anchorboost,1,Diethylene glycol,1,DTXSID8020462,0.9586172818046433,published_per_chemical
anchorboost,1,Diethylstilbestrol,1,DTXSID3020465,1.4952582448781504,published_per_chemical
anchorboost,1,Difpas-pyrazole,1,DTXSID6048175,1.3310869638848288,published_per_chemical
anchorboost,1,Dimethoate,1,DTXSID7020479,1.1162951624435105,published_per_chemical
anchorboost,1,Endosulfan,1,DTXSID1020560,2.2697863592671426,published_per_chemical
anchorboost,1,Endrin,1,DTXSID6020561,1.4670163121662907,published_per_chemical
anchorboost,1,Fenitrothion,1,DTXSID4032613,0.8174729100720238,published_per_chemical
anchorboost,1,Loperamide,1,DTXSID00880006,1.8878052403722987,published_per_chemical
anchorboost,1,Malaoxon,1,DTXSID9020790,1.796370295732291,published_per_chemical
anchorboost,1,Methoxychlor,1,DTXSID9020827,1.4631759562937652,published_per_chemical
anchorboost,1,Naled,1,DTXSID1024209,1.6796807171547985,published_per_chemical
anchorboost,1,Oxidopamine hydrochloride,1,DTXSID0045838,1.3362779600495012,published_per_chemical
anchorboost,1,Permethrin,1,DTXSID8022292,1.5250697160221491,published_per_chemical
anchorboost,1,PharmaGSID_47330,1,DTXSID9047330,1.1775862531458836,published_per_chemical
anchorboost,1,Phenanthrene,1,DTXSID6024254,0.6994610958345804,published_per_chemical
anchorboost,1,Pravastatin sodium,1,DTXSID6047525,1.9713004219668282,published_per_chemical
anchorboost,1,S-Ethyl dipropylthiocarbamate,1,DTXSID1024091,0.8452894031376411,published_per_chemical
anchorboost,1,Sodium saccharin hydrate,1,DTXSID7021992,1.7066530898952137,published_per_chemical
anchorboost,1,Sodium valproate,1,DTXSID5037072,2.2143104902709796,published_per_chemical
anchorboost,1,Terbufos,1,DTXSID2022254,1.4224528041831075,published_per_chemical
anchorboost,1,Thalidomide,1,DTXSID9022524,1.5451382682848371,published_per_chemical
anchorboost,1,Tributyltin methacrylate,1,parent:DTXSID3027403,1.4340774517254915,published_per_chemical
anchorboost,1,Trimethyltin hydroxide,1,DTXSID9032240,2.478055071807328,published_per_chemical
anchorboost,1,"Tris(1,3-dichloro-2-propyl) phosphate",1,DTXSID9026261,1.2556169073433265,published_per_chemical
anchorboost,1,Tris(2-chloroethyl) phosphate,1,DTXSID5021411,1.560322741835415,published_per_chemical
anchorboost,1,Z-Tetrachlorvinphos,1,DTXSID1032648,1.3408852683520833,published_per_chemical
anchorboost,1,"p,p'-DDD",1,DTXSID4020373,1.6253402830359178,published_per_chemical
anchorboost,1,tert-Butylhydroquinone,1,DTXSID6020220,1.4045216309745292,published_per_chemical
anchorboost,1,2-(m-Chlorophenoxy)propionic acid,2,DTXSID9034232,1.3787511147558722,published_per_chemical
anchorboost,1,2-Ethylhexyl diphenyl phosphate,2,DTXSID1025300,1.2137735078065957,published_per_chemical
anchorboost,1,"3,3',5,5'-Tetrabromobisphenol A",2,DTXSID1026081,0.8532053626490452,published_per_chemical
anchorboost,1,Abamectin,2,DTXSID8023892,2.1423954227424686,published_per_chemical
anchorboost,1,Acenaphthylene,2,DTXSID3023845,0.6906444340419295,published_per_chemical
anchorboost,1,Aldicarb,2,DTXSID0039223,1.257957603526523,published_per_chemical
anchorboost,1,Amoxicillin,2,DTXSID3037044,1.1706903121186518,published_per_chemical
anchorboost,1,Azoxystrobin,2,DTXSID0032520,1.9568162346203077,published_per_chemical
anchorboost,1,Benzo[a]pyrene,2,DTXSID2020139,1.0124674223637364,published_per_chemical
anchorboost,1,Benzo[e]pyrene,2,DTXSID3023764,1.1639487170479612,published_per_chemical
anchorboost,1,Bis(2-ethylhexyl) tetrabromophthalate,2,DTXSID7027887,1.3097153465731104,published_per_chemical
anchorboost,1,Bisphenol AF,2,DTXSID7037717,1.051716893367083,published_per_chemical
anchorboost,1,Bisphenol B,2,DTXSID4022442,1.1352778940652617,published_per_chemical
anchorboost,1,Cadmium(II) chloride hydrate (2:5),2,DTXSID4040183,1.9548929612505463,published_per_chemical
anchorboost,1,Captan,2,DTXSID9020243,1.0209799937093673,published_per_chemical
anchorboost,1,Carbamazepine,2,DTXSID4022731,1.2010147336340213,published_per_chemical
anchorboost,1,Carbaryl,2,DTXSID9020247,2.5710902514673157,published_per_chemical
anchorboost,1,Cariporide mesylate,2,DTXSID3047344,1.1056447972019345,published_per_chemical
anchorboost,1,Chloramben,2,DTXSID2020262,0.8820820384619008,published_per_chemical
anchorboost,1,Chlorpromazine hydrochloride,2,DTXSID7024827,1.7926492008492558,published_per_chemical
anchorboost,1,Clothianidin,2,DTXSID2034465,1.0182720787532462,published_per_chemical
anchorboost,1,Dichlorvos,2,DTXSID5020449,1.2624938551895402,published_per_chemical
anchorboost,1,Eugenol,2,DTXSID9020617,1.140720418745763,published_per_chemical
anchorboost,1,Fipronil,2,DTXSID4034609,1.3872019816718109,published_per_chemical
anchorboost,1,Fluorene,2,DTXSID8024105,0.6091690391859949,published_per_chemical
anchorboost,1,Glycerol,2,DTXSID9020663,0.7346516752967354,published_per_chemical
anchorboost,1,L-Ascorbic acid,2,DTXSID5020106,1.030030430273086,published_per_chemical
anchorboost,1,Lindane,2,DTXSID2020686,1.6383485121354977,published_per_chemical
anchorboost,1,Maneb,2,DTXSID9020794,1.2453754842340963,published_per_chemical
anchorboost,1,Manganese dichloride,2,parent:DTXSID5027279,1.471440545488552,published_per_chemical
anchorboost,1,Mercuric chloride,2,DTXSID5020811,1.7568619409929547,published_per_chemical
anchorboost,1,Methamidophos,2,DTXSID6024177,0.9517403862739492,published_per_chemical
anchorboost,1,Methylmercuric(II) chloride,2,DTXSID5020813,2.4192815389492153,published_per_chemical
anchorboost,1,Mevastatin,2,DTXSID4040684,2.0122700688054023,published_per_chemical
anchorboost,1,Mirex,2,DTXSID7020895,2.258675332036215,published_per_chemical
anchorboost,1,"Octachloro-4,7-methanotetrahydroindane",2,DTXSID7020267,1.4052575284508426,published_per_chemical
anchorboost,1,Parathion,2,DTXSID7021100,0.8868042311760537,published_per_chemical
anchorboost,1,Prallethrin,2,DTXSID0032572,1.2959850282872851,published_per_chemical
anchorboost,1,Reserpine,2,DTXSID7021237,2.2032142025612926,published_per_chemical
anchorboost,1,Sodium arsenite,2,DTXSID5020104,2.5847191558221474,published_per_chemical
anchorboost,1,Tebuconazole,2,DTXSID9032113,2.719788431618384,published_per_chemical
anchorboost,1,Terbutaline hemisulfate,2,DTXSID3045437,1.2112113133827183,published_per_chemical
anchorboost,1,Tetraethylthiuram disulfide,2,DTXSID1021322,1.5099536097641637,published_per_chemical
anchorboost,1,Tetramethrin,2,DTXSID6032649,0.8871764532378215,published_per_chemical
anchorboost,1,Tribufos,2,DTXSID1024174,1.7457572002187092,published_per_chemical
anchorboost,1,Trichlorfon,2,DTXSID0021389,1.636446656070309,published_per_chemical
anchorboost,1,Trifloxystrobin,2,DTXSID4032580,1.91571026587224,published_per_chemical
anchorboost,1,Tris(methylphenyl) phosphate,2,DTXSID4021391,0.9168092721952827,published_per_chemical
anchorboost,1,"o,p'-DDT",2,parent:DTXSID4020375,2.020586169094897,published_per_chemical
anchorboost,1,1-Methyl-4-phenylpyridinium iodide,3,DTXSID40880040,1.1411086304175933,published_per_chemical
anchorboost,1,"2-Ethylhexyl 2,3,4,5-tetrabromobenzoate",3,DTXSID9052686,1.6255350413745098,published_per_chemical
anchorboost,1,3-Iodo-2-propynyl-N-butylcarbamate,3,DTXSID0028038,1.2507229762156793,published_per_chemical
anchorboost,1,"5,5-Diphenylhydantoin",3,DTXSID8020541,0.9643197545809757,published_per_chemical
anchorboost,1,6-Methyl-2-thiouracil,3,DTXSID2020890,1.196469284254242,published_per_chemical
anchorboost,1,Acenaphthene,3,DTXSID3021774,0.8781244076689225,published_per_chemical
anchorboost,1,Allethrin,3,parent:DTXSID2039336,1.171080673479574,published_per_chemical
anchorboost,1,Anthracene,3,DTXSID0023878,0.7860730847662228,published_per_chemical
anchorboost,1,Benzo(b)fluoranthene,3,DTXSID0023907,1.1460647696469122,published_per_chemical
anchorboost,1,Carbofuran,3,DTXSID9020249,0.944963300838792,published_per_chemical
anchorboost,1,Chlorendic acid,3,DTXSID2020268,1.1502898872995355,published_per_chemical
anchorboost,1,Clodinafop-propargyl,3,DTXSID6032354,0.8816863096214453,published_per_chemical
anchorboost,1,Cocaine,3,DTXSID2038443,1.4910108971249914,published_per_chemical
anchorboost,1,Colchicine,3,DTXSID5024845,1.436711950362426,published_per_chemical
anchorboost,1,D-Mannitol,3,DTXSID1023235,1.0171021274134122,published_per_chemical
anchorboost,1,DDT,3,parent:DTXSID4020375,1.556958314561395,published_per_chemical
anchorboost,1,Deltamethrin,3,DTXSID8020381,1.60489787426188,published_per_chemical
anchorboost,1,Dexamethasone,3,DTXSID3020384,1.455534381613917,published_per_chemical
anchorboost,1,"Dibenz[a,c]anthracene",3,DTXSID9049245,1.1605823281695742,published_per_chemical
anchorboost,1,Dicrotophos,3,DTXSID9023914,1.1725871485068873,published_per_chemical
anchorboost,1,Emamectin benzoate,3,DTXSID0034566,2.005448339699357,published_per_chemical
anchorboost,1,Es-fenvalerate,3,DTXSID4032667,1.5047194930484475,published_per_chemical
anchorboost,1,Esketamine hydrochloride,3,DTXSID601027734,1.35594013668172,published_per_chemical
anchorboost,1,Etofenprox,3,DTXSID9032610,1.1571408043934786,published_per_chemical
anchorboost,1,Fenpropathrin,3,DTXSID0024002,1.513396055249586,published_per_chemical
anchorboost,1,Firemaster 550,3,DTXSID70880073,1.2132702511195759,published_per_chemical
anchorboost,1,Folic acid,3,DTXSID0022519,1.162183987396386,published_per_chemical
anchorboost,1,Haloperidol,3,DTXSID4034150,1.9474802017836172,published_per_chemical
anchorboost,1,Hexachlorophene,3,DTXSID6020690,2.21628894131106,published_per_chemical
anchorboost,1,Lead(II) acetate trihydrate,3,DTXSID3031521,1.7357187226220212,published_per_chemical
anchorboost,1,Malathion,3,DTXSID4020791,1.2047746287621988,published_per_chemical
anchorboost,1,Mancozeb,3,DTXSID0034695,0.7929969808194455,published_per_chemical
anchorboost,1,Manganese(II) acetate,3,parent:DTXSID5027279,0.8107661256610074,published_per_chemical
anchorboost,1,Naloxone hydrochloride dihydrate,3,DTXSID90199452,1.2162281372781993,published_per_chemical
anchorboost,1,Phenol,3,DTXSID5021124,1.369873081541756,published_per_chemical
anchorboost,1,Phorate,3,DTXSID4032459,1.2397972195751292,published_per_chemical
anchorboost,1,Piperonyl butoxide,3,DTXSID1021166,1.369120155299425,published_per_chemical
anchorboost,1,Profenofos,3,DTXSID3032464,1.3446049654110732,published_per_chemical
anchorboost,1,Pyrene,3,DTXSID3024289,0.732621394799129,published_per_chemical
anchorboost,1,S-Bioallethrin,3,parent:DTXSID2039336,1.0785379631312793,published_per_chemical
anchorboost,1,Simvastatin,3,DTXSID0023581,1.9474626720269637,published_per_chemical
anchorboost,1,Sodium fluoride,3,DTXSID2020630,1.1471335950400172,published_per_chemical
anchorboost,1,Spiroxamine,3,DTXSID1034212,1.7852120873509734,published_per_chemical
anchorboost,1,Tamoxifen,3,DTXSID1034187,1.7083262120783256,published_per_chemical
anchorboost,1,Tefluthrin,3,DTXSID5032577,1.325494092180348,published_per_chemical
anchorboost,1,Tetracycline,3,DTXSID7023645,1.057388879803926,published_per_chemical
anchorboost,1,Thiamethoxam,3,DTXSID2034962,0.9329465434761502,published_per_chemical
anchorboost,1,Tributyltin chloride,3,parent:DTXSID3027403,1.2370570122845381,published_per_chemical
anchorboost,1,Triphenyl phosphates isopropylated,3,DTXSID4028880,1.4298220052042423,published_per_chemical
anchorboost,1,(-)-Nicotine,4,DTXSID1020930,1.5851870797476897,published_per_chemical
anchorboost,1,17beta-Estradiol,4,DTXSID0020573,0.9180185273119099,published_per_chemical
anchorboost,1,"2,2-Bis(4-hydroxyphenyl)-1,1,1-trichloroethane",4,DTXSID8022325,1.2407265746777705,published_per_chemical
anchorboost,1,"4,4'-Sulfonyldiphenol",4,DTXSID3022409,1.1687429897349573,published_per_chemical
anchorboost,1,6-aminopyridine-3-carboxamide,4,DTXSID5051446,2.215550528143131,published_per_chemical
anchorboost,1,Acetamiprid,4,DTXSID0034300,1.2909750261554227,published_per_chemical
anchorboost,1,Atrazine,4,DTXSID9020112,0.8099833983159197,published_per_chemical
anchorboost,1,Bensulide,4,DTXSID9032329,1.3464175628599946,published_per_chemical
anchorboost,1,CP-409092,4,DTXSID2047276,1.1824986105975575,published_per_chemical
anchorboost,1,Captopril,4,DTXSID1037197,1.4114481304714035,published_per_chemical
anchorboost,1,Chlorethoxyfos,4,DTXSID2032344,1.354988113155519,published_per_chemical
anchorboost,1,Chlorpyrifos oxon,4,DTXSID1038666,1.5489014352239419,published_per_chemical
anchorboost,1,Chrysene,4,DTXSID0022432,1.0376392584281284,published_per_chemical
anchorboost,1,Clove leaf oil,4,DTXSID8044175,1.6367620878316145,published_per_chemical
anchorboost,1,Cotinine,4,DTXSID1047576,0.757938201689899,published_per_chemical
anchorboost,1,Coumaphos,4,DTXSID2020347,1.1675431154045255,published_per_chemical
anchorboost,1,Cypermethrin,4,DTXSID1023998,1.6460477723332012,published_per_chemical
anchorboost,1,D-Glucitol,4,DTXSID5023588,1.0390466364656246,published_per_chemical
anchorboost,1,Dextroamphetamine sulfate,4,DTXSID2057865,0.9591839277447252,published_per_chemical
anchorboost,1,Di(2-ethylhexyl) phthalate,4,DTXSID5020607,1.4777312888642413,published_per_chemical
anchorboost,1,Diazinon,4,DTXSID9020407,1.3886330076257127,published_per_chemical
anchorboost,1,Dieldrin,4,DTXSID9020453,2.4972801871923456,published_per_chemical
anchorboost,1,Diphenhydramine hydrochloride,4,DTXSID4020537,1.3005238041263092,published_per_chemical
anchorboost,1,Fosthiazate,4,DTXSID0034930,1.1943511733481116,published_per_chemical
anchorboost,1,Heptachlor epoxide B,4,DTXSID1024126,1.7907231422338352,published_per_chemical
anchorboost,1,Imidacloprid,4,DTXSID5032442,1.2500860827713842,published_per_chemical
anchorboost,1,Isodecyl diphenyl phosphate,4,DTXSID3025465,0.8845114062021114,published_per_chemical
anchorboost,1,Kepone,4,DTXSID1020770,1.849872177220942,published_per_chemical
anchorboost,1,Methimazole,4,DTXSID4020820,1.1869013344501185,published_per_chemical
anchorboost,1,Molinate,4,DTXSID6024206,0.9676116103857424,published_per_chemical
anchorboost,1,Octylbicycloheptenedicarboximide,4,DTXSID6032562,1.0480841511643402,published_per_chemical
anchorboost,1,Paraquat dichloride,4,DTXSID7024243,2.846725867455029,published_per_chemical
anchorboost,1,Perfluoroundecanoic acid,4,DTXSID8047553,0.9820804574983578,published_per_chemical
anchorboost,1,Phenobarbital,4,parent:DTXSID0021123,1.0632049508099186,published_per_chemical
anchorboost,1,Phenylmercuric acetate,4,DTXSID7021150,1.27536263572869,published_per_chemical
anchorboost,1,Phosmet,4,DTXSID5024261,1.30830761518432,published_per_chemical
anchorboost,1,Picoxystrobin,4,DTXSID9047542,1.2711453056115052,published_per_chemical
anchorboost,1,Resmethrin,4,DTXSID7022253,0.92776602203245,published_per_chemical
anchorboost,1,Retinoic acid,4,DTXSID7021239,1.6913615394823274,published_per_chemical
anchorboost,1,Rotenone,4,DTXSID6021248,1.2316428196765075,published_per_chemical
anchorboost,1,Sodium orthovanadate,4,DTXSID2037269,1.4411526711997162,published_per_chemical
anchorboost,1,Tebupirimfos,4,DTXSID1032482,1.3959007472,published_per_chemical
anchorboost,1,Triphenyl phosphate,4,DTXSID1021952,0.9830441607979227,published_per_chemical
anchorboost,1,Triphenyl phosphite,4,DTXSID0026252,0.90659412372622,published_per_chemical
anchorboost,1,Tris(2-chloroisopropyl)phosphate,4,DTXSID5026259,1.0000693285042261,published_per_chemical
anchorboost,1,Valinomycin,4,DTXSID9041150,3.0682805655483403,published_per_chemical
anchorboost,1,tert-Butylphenyl diphenyl phosphate,4,DTXSID6024701,1.4100686714916542,published_per_chemical
anchorboost,2,1-Ethyl-3-methyl-1H-imidazol-3-ium diethyl phosphate,0,DTXSID9047889,0.9735757033972423,published_per_chemical
anchorboost,2,"1H,1H,2H,2H-Perfluorooctyl iodide",0,DTXSID2047565,0.6535451731387137,published_per_chemical
anchorboost,2,"2,2',4,4',5,5'-Hexabromodiphenyl ether",0,DTXSID4030047,1.3626284156464554,published_per_chemical
anchorboost,2,"2,2',4,4',5-Pentabromodiphenyl ether",0,DTXSID9030048,1.6415473065219626,published_per_chemical
anchorboost,2,"2,2',4,4'-Tetrabromodiphenyl ether",0,DTXSID3030056,1.427354195898642,published_per_chemical
anchorboost,2,2-Methoxyethanol,0,DTXSID5024182,0.8090616513289024,published_per_chemical
anchorboost,2,"3,3'-Iminobispropanenitrile",0,DTXSID2041464,0.6771118140228507,published_per_chemical
anchorboost,2,4H-Cyclopenta(def)phenanthrene,0,DTXSID1024887,0.8411889577223924,published_per_chemical
anchorboost,2,6-Propyl-2-thiouracil,0,DTXSID5021209,1.4633656937631827,published_per_chemical
anchorboost,2,Acrylamide,0,DTXSID5020027,0.8226707143948182,published_per_chemical
anchorboost,2,Aldrin,0,DTXSID8020040,1.6495398867316529,published_per_chemical
anchorboost,2,Benz(a)anthracene,0,DTXSID5023902,0.9666260501732381,published_per_chemical
anchorboost,2,"Benzo[g,h,i]perylene",0,DTXSID5023908,1.1082578088883395,published_per_chemical
anchorboost,2,Boric acid (H3BO3),0,DTXSID1020194,0.7886162418821787,published_per_chemical
anchorboost,2,Boscalid,0,DTXSID6034392,0.6762250560160608,published_per_chemical
anchorboost,2,CP-457920,0,DTXSID4047254,1.0056553393654835,published_per_chemical
anchorboost,2,Chlorpyrifos,0,DTXSID4020458,1.571331166831396,published_per_chemical
anchorboost,2,Cyfluthrin,0,DTXSID5035957,0.881607728995589,published_per_chemical
anchorboost,2,Cytarabine,0,DTXSID3022877,1.5368692398516681,published_per_chemical
anchorboost,2,"Dibenz[a,h]anthracene",0,DTXSID9020409,0.9783267545548974,published_per_chemical
anchorboost,2,Disulfoton,0,DTXSID0022018,0.6712371623390954,published_per_chemical
anchorboost,2,Enadoline,0,DTXSID4047258,1.3204581554438175,published_per_chemical
anchorboost,2,Erythromycin,0,DTXSID4022991,0.9324012138045804,published_per_chemical
anchorboost,2,Ethoprop,0,DTXSID4032611,1.2221015055338742,published_per_chemical
anchorboost,2,Fenamiphos,0,DTXSID3024102,1.0110233298788256,published_per_chemical
anchorboost,2,Fluconazole,0,DTXSID3020627,0.9686833187668812,published_per_chemical
anchorboost,2,Flufenacet,0,DTXSID2032552,0.8610369472760875,published_per_chemical
anchorboost,2,Fluoxastrobin,0,DTXSID2034625,0.9404184052587382,published_per_chemical
anchorboost,2,Fluoxetine hydrochloride,0,DTXSID7020635,1.2646781585461924,published_per_chemical
anchorboost,2,Flusilazole,0,DTXSID3024235,1.4039016233295,published_per_chemical
anchorboost,2,Glyphosate,0,DTXSID1024122,1.407722315805024,published_per_chemical
anchorboost,2,Hydroxyurea,0,DTXSID6025438,1.2613726509939847,published_per_chemical
anchorboost,2,Isoniazid,0,DTXSID8020755,1.2360728597705304,published_per_chemical
anchorboost,2,L-Domoic acid,0,DTXSID20274180,1.6889175106095498,published_per_chemical
anchorboost,2,Lactofen,0,DTXSID7024160,0.8603891746166201,published_per_chemical
anchorboost,2,Lovastatin,0,DTXSID5020784,2.038331488150408,published_per_chemical
anchorboost,2,Methadone hydrochloride,0,DTXSID2020501,1.439057904302511,published_per_chemical
anchorboost,2,Methotrexate,0,DTXSID4020822,2.7896112077736523,published_per_chemical
anchorboost,2,Naphthalene,0,DTXSID8020913,1.076277003195997,published_per_chemical
anchorboost,2,Omethoate,0,DTXSID4037580,1.0992959603444217,published_per_chemical
anchorboost,2,Phenobarbital sodium,0,parent:DTXSID0021123,0.9567548783925025,published_per_chemical
anchorboost,2,Pirimiphos-methyl,0,DTXSID0024266,1.5590710310135543,published_per_chemical
anchorboost,2,Pyraclostrobin,0,DTXSID7032638,1.7668516357746076,published_per_chemical
anchorboost,2,Sodium benzoate,0,DTXSID1020140,0.9213624126102076,published_per_chemical
anchorboost,2,Spirodiclofen,0,DTXSID6034928,0.589900443505343,published_per_chemical
anchorboost,2,Thiacloprid,0,DTXSID7034961,0.9903894548161473,published_per_chemical
anchorboost,2,Triclosan,0,DTXSID5032498,1.7986712268200349,published_per_chemical
anchorboost,2,Triethyltin bromide,0,DTXSID9040712,1.8571661752889281,published_per_chemical
anchorboost,2,"p,p'-DDE",0,DTXSID9020374,1.0926805952818937,published_per_chemical
anchorboost,2,(Methylcyclopentadienyl)tricarbonylmanganese,1,DTXSID9027738,1.001255653433894,published_per_chemical
anchorboost,2,"1,2-Propylene glycol",1,DTXSID0021206,1.5706351230399598,published_per_chemical
anchorboost,2,5-Chloro-2-methyl-3(2H)-isothiazolone,1,DTXSID9034286,1.83251403476006,published_per_chemical
anchorboost,2,5-Fluorouracil,1,DTXSID2020634,1.8199558808889524,published_per_chemical
anchorboost,2,Acephate,1,DTXSID8023846,1.4401358655628378,published_per_chemical
anchorboost,2,Acetaminophen,1,DTXSID2020006,0.46612936336399696,published_per_chemical
anchorboost,2,Aspirin,1,DTXSID5020108,0.7675363979563014,published_per_chemical
anchorboost,2,Auramine hydrochloride,1,DTXSID9020114,1.8312492852299875,published_per_chemical
anchorboost,2,Benzo[k]fluoranthene,1,DTXSID0023909,0.921426933106656,published_per_chemical
anchorboost,2,Berberine chloride,1,DTXSID8024602,0.9508667652673817,published_per_chemical
anchorboost,2,Bifenthrin,1,DTXSID9020160,1.2599581962159188,published_per_chemical
anchorboost,2,Bis(tributyltin)oxide,1,parent:DTXSID3027403,2.1997683353519606,published_per_chemical
anchorboost,2,Bisindolylmaleimide I,1,DTXSID50157932,1.2257601703592607,published_per_chemical
anchorboost,2,Bisphenol A,1,DTXSID7020182,1.0198560782416337,published_per_chemical
anchorboost,2,Busulfan,1,DTXSID3020910,0.8691091413037583,published_per_chemical
anchorboost,2,Caffeine,1,DTXSID0020232,1.1158603753440925,published_per_chemical
anchorboost,2,Chlordiazepoxide hydrochloride,1,DTXSID40880060,1.6499385345697157,published_per_chemical
anchorboost,2,Cyclophosphamide monohydrate,1,DTXSID6024888,1.130603993188395,published_per_chemical
anchorboost,2,Cymoxanil,1,DTXSID6032358,0.5646468703127041,published_per_chemical
anchorboost,2,Diazepam,1,DTXSID4020406,1.4107124862299922,published_per_chemical
anchorboost,2,Diazoxon,1,DTXSID5037523,1.34784024003356,published_per_chemical
anchorboost,2,Diethylene glycol,1,DTXSID8020462,0.9185907668115945,published_per_chemical
anchorboost,2,Diethylstilbestrol,1,DTXSID3020465,1.0534038774719847,published_per_chemical
anchorboost,2,Difpas-pyrazole,1,DTXSID6048175,1.3849092992925938,published_per_chemical
anchorboost,2,Dimethoate,1,DTXSID7020479,0.857796122473812,published_per_chemical
anchorboost,2,Endosulfan,1,DTXSID1020560,2.25427017056778,published_per_chemical
anchorboost,2,Endrin,1,DTXSID6020561,1.4173768142974383,published_per_chemical
anchorboost,2,Fenitrothion,1,DTXSID4032613,0.7346322793148972,published_per_chemical
anchorboost,2,Loperamide,1,DTXSID00880006,2.008477027415233,published_per_chemical
anchorboost,2,Malaoxon,1,DTXSID9020790,1.4539173617677292,published_per_chemical
anchorboost,2,Methoxychlor,1,DTXSID9020827,1.3624068272731091,published_per_chemical
anchorboost,2,Naled,1,DTXSID1024209,1.4153718491515173,published_per_chemical
anchorboost,2,Oxidopamine hydrochloride,1,DTXSID0045838,1.4931561603420063,published_per_chemical
anchorboost,2,Permethrin,1,DTXSID8022292,1.8853525488238119,published_per_chemical
anchorboost,2,PharmaGSID_47330,1,DTXSID9047330,1.1766131940391702,published_per_chemical
anchorboost,2,Phenanthrene,1,DTXSID6024254,0.5616045652525348,published_per_chemical
anchorboost,2,Pravastatin sodium,1,DTXSID6047525,1.9835555821295792,published_per_chemical
anchorboost,2,S-Ethyl dipropylthiocarbamate,1,DTXSID1024091,0.7241384471347418,published_per_chemical
anchorboost,2,Sodium saccharin hydrate,1,DTXSID7021992,1.0919257486139584,published_per_chemical
anchorboost,2,Sodium valproate,1,DTXSID5037072,2.4929722144883084,published_per_chemical
anchorboost,2,Terbufos,1,DTXSID2022254,1.2164817519257867,published_per_chemical
anchorboost,2,Thalidomide,1,DTXSID9022524,1.5102896651626139,published_per_chemical
anchorboost,2,Tributyltin methacrylate,1,parent:DTXSID3027403,1.2230064002943606,published_per_chemical
anchorboost,2,Trimethyltin hydroxide,1,DTXSID9032240,2.1948535822275694,published_per_chemical
anchorboost,2,"Tris(1,3-dichloro-2-propyl) phosphate",1,DTXSID9026261,1.0667150929537115,published_per_chemical
anchorboost,2,Tris(2-chloroethyl) phosphate,1,DTXSID5021411,1.3438989575628826,published_per_chemical
anchorboost,2,Z-Tetrachlorvinphos,1,DTXSID1032648,1.469195177348397,published_per_chemical
anchorboost,2,"p,p'-DDD",1,DTXSID4020373,1.289495385087351,published_per_chemical
anchorboost,2,tert-Butylhydroquinone,1,DTXSID6020220,1.2861476002442191,published_per_chemical
anchorboost,2,2-(m-Chlorophenoxy)propionic acid,2,DTXSID9034232,1.2215729954134968,published_per_chemical
anchorboost,2,2-Ethylhexyl diphenyl phosphate,2,DTXSID1025300,1.0838006436590997,published_per_chemical
anchorboost,2,"3,3',5,5'-Tetrabromobisphenol A",2,DTXSID1026081,0.8739527865904343,published_per_chemical
anchorboost,2,Abamectin,2,DTXSID8023892,1.3507318497117964,published_per_chemical
anchorboost,2,Acenaphthylene,2,DTXSID3023845,0.5733336726704343,published_per_chemical
anchorboost,2,Aldicarb,2,DTXSID0039223,1.0681217967859937,published_per_chemical
anchorboost,2,Amoxicillin,2,DTXSID3037044,1.0578630455136446,published_per_chemical
anchorboost,2,Azoxystrobin,2,DTXSID0032520,1.3741816238576643,published_per_chemical
anchorboost,2,Benzo[a]pyrene,2,DTXSID2020139,0.9252435271043659,published_per_chemical
anchorboost,2,Benzo[e]pyrene,2,DTXSID3023764,1.1842789955718633,published_per_chemical
anchorboost,2,Bis(2-ethylhexyl) tetrabromophthalate,2,DTXSID7027887,1.3846888014877436,published_per_chemical
anchorboost,2,Bisphenol AF,2,DTXSID7037717,1.0315957481376912,published_per_chemical
anchorboost,2,Bisphenol B,2,DTXSID4022442,1.1474779069690595,published_per_chemical
anchorboost,2,Cadmium(II) chloride hydrate (2:5),2,DTXSID4040183,2.3333157590886304,published_per_chemical
anchorboost,2,Captan,2,DTXSID9020243,0.9848217936404883,published_per_chemical
anchorboost,2,Carbamazepine,2,DTXSID4022731,0.9201585834452459,published_per_chemical
anchorboost,2,Carbaryl,2,DTXSID9020247,2.4969106727335237,published_per_chemical
anchorboost,2,Cariporide mesylate,2,DTXSID3047344,1.11730885088363,published_per_chemical
anchorboost,2,Chloramben,2,DTXSID2020262,0.7841613310923431,published_per_chemical
anchorboost,2,Chlorpromazine hydrochloride,2,DTXSID7024827,1.8172560935522628,published_per_chemical
anchorboost,2,Clothianidin,2,DTXSID2034465,0.7445259610293335,published_per_chemical
anchorboost,2,Dichlorvos,2,DTXSID5020449,1.1912743840565176,published_per_chemical
anchorboost,2,Eugenol,2,DTXSID9020617,1.0603841578014184,published_per_chemical
anchorboost,2,Fipronil,2,DTXSID4034609,1.2224426160179134,published_per_chemical
anchorboost,2,Fluorene,2,DTXSID8024105,0.5328863285247427,published_per_chemical
anchorboost,2,Glycerol,2,DTXSID9020663,0.6932633996001334,published_per_chemical
anchorboost,2,L-Ascorbic acid,2,DTXSID5020106,1.0959658148373619,published_per_chemical
anchorboost,2,Lindane,2,DTXSID2020686,1.4616402987561568,published_per_chemical
anchorboost,2,Maneb,2,DTXSID9020794,0.9195682367620102,published_per_chemical
anchorboost,2,Manganese dichloride,2,parent:DTXSID5027279,1.1264571329654836,published_per_chemical
anchorboost,2,Mercuric chloride,2,DTXSID5020811,1.463538864087394,published_per_chemical
anchorboost,2,Methamidophos,2,DTXSID6024177,0.9188160543887491,published_per_chemical
anchorboost,2,Methylmercuric(II) chloride,2,DTXSID5020813,1.3445008987302622,published_per_chemical
anchorboost,2,Mevastatin,2,DTXSID4040684,1.4964148004570421,published_per_chemical
anchorboost,2,Mirex,2,DTXSID7020895,2.1977914684142763,published_per_chemical
anchorboost,2,"Octachloro-4,7-methanotetrahydroindane",2,DTXSID7020267,1.6959130331257992,published_per_chemical
anchorboost,2,Parathion,2,DTXSID7021100,0.8050499969941125,published_per_chemical
anchorboost,2,Prallethrin,2,DTXSID0032572,0.9699438123579741,published_per_chemical
anchorboost,2,Reserpine,2,DTXSID7021237,1.7757670747381513,published_per_chemical
anchorboost,2,Sodium arsenite,2,DTXSID5020104,2.2737314291623933,published_per_chemical
anchorboost,2,Tebuconazole,2,DTXSID9032113,2.010166483955096,published_per_chemical
anchorboost,2,Terbutaline hemisulfate,2,DTXSID3045437,0.9483861263136264,published_per_chemical
anchorboost,2,Tetraethylthiuram disulfide,2,DTXSID1021322,1.1601866998333317,published_per_chemical
anchorboost,2,Tetramethrin,2,DTXSID6032649,0.912317715378612,published_per_chemical
anchorboost,2,Tribufos,2,DTXSID1024174,1.5801567795568834,published_per_chemical
anchorboost,2,Trichlorfon,2,DTXSID0021389,1.7328701493982983,published_per_chemical
anchorboost,2,Trifloxystrobin,2,DTXSID4032580,1.3953098047448387,published_per_chemical
anchorboost,2,Tris(methylphenyl) phosphate,2,DTXSID4021391,0.9748932483502566,published_per_chemical
anchorboost,2,"o,p'-DDT",2,parent:DTXSID4020375,1.6539891004974971,published_per_chemical
anchorboost,2,1-Methyl-4-phenylpyridinium iodide,3,DTXSID40880040,1.0372165096739012,published_per_chemical
anchorboost,2,"2-Ethylhexyl 2,3,4,5-tetrabromobenzoate",3,DTXSID9052686,1.6424554146776447,published_per_chemical
anchorboost,2,3-Iodo-2-propynyl-N-butylcarbamate,3,DTXSID0028038,1.0031629128725033,published_per_chemical
anchorboost,2,"5,5-Diphenylhydantoin",3,DTXSID8020541,0.8832681699444322,published_per_chemical
anchorboost,2,6-Methyl-2-thiouracil,3,DTXSID2020890,1.1431965098208212,published_per_chemical
anchorboost,2,Acenaphthene,3,DTXSID3021774,0.8246138097916906,published_per_chemical
anchorboost,2,Allethrin,3,parent:DTXSID2039336,1.0005966119480334,published_per_chemical
anchorboost,2,Anthracene,3,DTXSID0023878,0.7653237481368865,published_per_chemical
anchorboost,2,Benzo(b)fluoranthene,3,DTXSID0023907,0.8946214734156899,published_per_chemical
anchorboost,2,Carbofuran,3,DTXSID9020249,0.8615308912274686,published_per_chemical
anchorboost,2,Chlorendic acid,3,DTXSID2020268,0.9400568681940014,published_per_chemical
anchorboost,2,Clodinafop-propargyl,3,DTXSID6032354,0.7305044831930797,published_per_chemical
anchorboost,2,Cocaine,3,DTXSID2038443,1.1014746989470674,published_per_chemical
anchorboost,2,Colchicine,3,DTXSID5024845,2.2514518754625437,published_per_chemical
anchorboost,2,D-Mannitol,3,DTXSID1023235,1.0890547177607819,published_per_chemical
anchorboost,2,DDT,3,parent:DTXSID4020375,1.902552483342331,published_per_chemical
anchorboost,2,Deltamethrin,3,DTXSID8020381,1.3893060842685585,published_per_chemical
anchorboost,2,Dexamethasone,3,DTXSID3020384,1.154322968858203,published_per_chemical
anchorboost,2,"Dibenz[a,c]anthracene",3,DTXSID9049245,0.9966367856196416,published_per_chemical
anchorboost,2,Dicrotophos,3,DTXSID9023914,0.9586597904518056,published_per_chemical
anchorboost,2,Emamectin benzoate,3,DTXSID0034566,1.756699696062927,published_per_chemical
anchorboost,2,Es-fenvalerate,3,DTXSID4032667,1.33072337354606,published_per_chemical
anchorboost,2,Esketamine hydrochloride,3,DTXSID601027734,1.211324731906178,published_per_chemical
anchorboost,2,Etofenprox,3,DTXSID9032610,1.1331282332026225,published_per_chemical
anchorboost,2,Fenpropathrin,3,DTXSID0024002,1.2399535575642757,published_per_chemical
anchorboost,2,Firemaster 550,3,DTXSID70880073,1.1221075623419892,published_per_chemical
anchorboost,2,Folic acid,3,DTXSID0022519,1.1995208704256515,published_per_chemical
anchorboost,2,Haloperidol,3,DTXSID4034150,1.303916389758356,published_per_chemical
anchorboost,2,Hexachlorophene,3,DTXSID6020690,1.7535477761773126,published_per_chemical
anchorboost,2,Lead(II) acetate trihydrate,3,DTXSID3031521,1.630652114246136,published_per_chemical
anchorboost,2,Malathion,3,DTXSID4020791,1.2674634858185025,published_per_chemical
anchorboost,2,Mancozeb,3,DTXSID0034695,0.7426979216686034,published_per_chemical
anchorboost,2,Manganese(II) acetate,3,parent:DTXSID5027279,0.7807895823018978,published_per_chemical
anchorboost,2,Naloxone hydrochloride dihydrate,3,DTXSID90199452,0.9728632657660323,published_per_chemical
anchorboost,2,Phenol,3,DTXSID5021124,1.0486145036865773,published_per_chemical
anchorboost,2,Phorate,3,DTXSID4032459,1.2601970526870705,published_per_chemical
anchorboost,2,Piperonyl butoxide,3,DTXSID1021166,1.2762254390688212,published_per_chemical
anchorboost,2,Profenofos,3,DTXSID3032464,1.2810640465939254,published_per_chemical
anchorboost,2,Pyrene,3,DTXSID3024289,0.6707332580392115,published_per_chemical
anchorboost,2,S-Bioallethrin,3,parent:DTXSID2039336,1.0534567907275023,published_per_chemical
anchorboost,2,Simvastatin,3,DTXSID0023581,2.1189036282006595,published_per_chemical
anchorboost,2,Sodium fluoride,3,DTXSID2020630,0.866008941992163,published_per_chemical
anchorboost,2,Spiroxamine,3,DTXSID1034212,1.520074977710523,published_per_chemical
anchorboost,2,Tamoxifen,3,DTXSID1034187,1.584265045083794,published_per_chemical
anchorboost,2,Tefluthrin,3,DTXSID5032577,1.3314461216455609,published_per_chemical
anchorboost,2,Tetracycline,3,DTXSID7023645,0.8299155335687534,published_per_chemical
anchorboost,2,Thiamethoxam,3,DTXSID2034962,0.8328345293860316,published_per_chemical
anchorboost,2,Tributyltin chloride,3,parent:DTXSID3027403,1.2041785269643772,published_per_chemical
anchorboost,2,Triphenyl phosphates isopropylated,3,DTXSID4028880,1.4161079862152632,published_per_chemical
anchorboost,2,(-)-Nicotine,4,DTXSID1020930,1.2648535391922042,published_per_chemical
anchorboost,2,17beta-Estradiol,4,DTXSID0020573,0.7440369651253043,published_per_chemical
anchorboost,2,"2,2-Bis(4-hydroxyphenyl)-1,1,1-trichloroethane",4,DTXSID8022325,1.2245971523837569,published_per_chemical
anchorboost,2,"4,4'-Sulfonyldiphenol",4,DTXSID3022409,1.2867015099202503,published_per_chemical
anchorboost,2,6-aminopyridine-3-carboxamide,4,DTXSID5051446,1.9746383667748293,published_per_chemical
anchorboost,2,Acetamiprid,4,DTXSID0034300,1.331373638361376,published_per_chemical
anchorboost,2,Atrazine,4,DTXSID9020112,0.7470008719755936,published_per_chemical
anchorboost,2,Bensulide,4,DTXSID9032329,1.4268158944864417,published_per_chemical
anchorboost,2,CP-409092,4,DTXSID2047276,1.0251191106269213,published_per_chemical
anchorboost,2,Captopril,4,DTXSID1037197,1.250973595965068,published_per_chemical
anchorboost,2,Chlorethoxyfos,4,DTXSID2032344,1.7296951586567975,published_per_chemical
anchorboost,2,Chlorpyrifos oxon,4,DTXSID1038666,1.5761812068060939,published_per_chemical
anchorboost,2,Chrysene,4,DTXSID0022432,0.7716253195933082,published_per_chemical
anchorboost,2,Clove leaf oil,4,DTXSID8044175,1.2003450542293908,published_per_chemical
anchorboost,2,Cotinine,4,DTXSID1047576,0.7292598016399813,published_per_chemical
anchorboost,2,Coumaphos,4,DTXSID2020347,1.2345639164107713,published_per_chemical
anchorboost,2,Cypermethrin,4,DTXSID1023998,1.2098724424909366,published_per_chemical
anchorboost,2,D-Glucitol,4,DTXSID5023588,0.9439389502399569,published_per_chemical
anchorboost,2,Dextroamphetamine sulfate,4,DTXSID2057865,0.9081749602313465,published_per_chemical
anchorboost,2,Di(2-ethylhexyl) phthalate,4,DTXSID5020607,1.4732872209281545,published_per_chemical
anchorboost,2,Diazinon,4,DTXSID9020407,1.3662368799412608,published_per_chemical
anchorboost,2,Dieldrin,4,DTXSID9020453,1.7772283931196362,published_per_chemical
anchorboost,2,Diphenhydramine hydrochloride,4,DTXSID4020537,1.4649398093687114,published_per_chemical
anchorboost,2,Fosthiazate,4,DTXSID0034930,1.025552601826896,published_per_chemical
anchorboost,2,Heptachlor epoxide B,4,DTXSID1024126,1.9658211949894766,published_per_chemical
anchorboost,2,Imidacloprid,4,DTXSID5032442,1.022545617997861,published_per_chemical
anchorboost,2,Isodecyl diphenyl phosphate,4,DTXSID3025465,0.7892713788546099,published_per_chemical
anchorboost,2,Kepone,4,DTXSID1020770,1.3942843062296544,published_per_chemical
anchorboost,2,Methimazole,4,DTXSID4020820,1.0628395889287467,published_per_chemical
anchorboost,2,Molinate,4,DTXSID6024206,0.9783949457691374,published_per_chemical
anchorboost,2,Octylbicycloheptenedicarboximide,4,DTXSID6032562,1.0704374520673254,published_per_chemical
anchorboost,2,Paraquat dichloride,4,DTXSID7024243,2.3312433458259587,published_per_chemical
anchorboost,2,Perfluoroundecanoic acid,4,DTXSID8047553,1.069307383168708,published_per_chemical
anchorboost,2,Phenobarbital,4,parent:DTXSID0021123,0.8681444030450282,published_per_chemical
anchorboost,2,Phenylmercuric acetate,4,DTXSID7021150,0.9732189967033735,published_per_chemical
anchorboost,2,Phosmet,4,DTXSID5024261,1.3233863070994103,published_per_chemical
anchorboost,2,Picoxystrobin,4,DTXSID9047542,1.0533550432006058,published_per_chemical
anchorboost,2,Resmethrin,4,DTXSID7022253,0.9169972448462766,published_per_chemical
anchorboost,2,Retinoic acid,4,DTXSID7021239,1.678537592625215,published_per_chemical
anchorboost,2,Rotenone,4,DTXSID6021248,1.1288814216276448,published_per_chemical
anchorboost,2,Sodium orthovanadate,4,DTXSID2037269,1.1789154158778168,published_per_chemical
anchorboost,2,Tebupirimfos,4,DTXSID1032482,1.303888429314604,published_per_chemical
anchorboost,2,Triphenyl phosphate,4,DTXSID1021952,0.8241428271151504,published_per_chemical
anchorboost,2,Triphenyl phosphite,4,DTXSID0026252,0.8481045970382816,published_per_chemical
anchorboost,2,Tris(2-chloroisopropyl)phosphate,4,DTXSID5026259,0.9129886016167246,published_per_chemical
anchorboost,2,Valinomycin,4,DTXSID9041150,1.5783021305813578,published_per_chemical
anchorboost,2,tert-Butylphenyl diphenyl phosphate,4,DTXSID6024701,1.36736687657946,published_per_chemical
anchorboost,3,1-Ethyl-3-methyl-1H-imidazol-3-ium diethyl phosphate,0,DTXSID9047889,0.863499276313312,predictions
anchorboost,3,"1H,1H,2H,2H-Perfluorooctyl iodide",0,DTXSID2047565,0.6363005029333044,predictions
anchorboost,3,"2,2',4,4',5,5'-Hexabromodiphenyl ether",0,DTXSID4030047,1.2022178852566814,predictions
anchorboost,3,"2,2',4,4',5-Pentabromodiphenyl ether",0,DTXSID9030048,1.33638058895339,predictions
anchorboost,3,"2,2',4,4'-Tetrabromodiphenyl ether",0,DTXSID3030056,1.338370843113132,predictions
anchorboost,3,2-Methoxyethanol,0,DTXSID5024182,0.7337943148605082,predictions
anchorboost,3,"3,3'-Iminobispropanenitrile",0,DTXSID2041464,0.66285395749682,predictions
anchorboost,3,4H-Cyclopenta(def)phenanthrene,0,DTXSID1024887,0.8243330377959236,predictions
anchorboost,3,6-Propyl-2-thiouracil,0,DTXSID5021209,1.5777480348680997,predictions
anchorboost,3,Acrylamide,0,DTXSID5020027,0.7524337446278475,predictions
anchorboost,3,Aldrin,0,DTXSID8020040,1.3255039959618877,predictions
anchorboost,3,Benz(a)anthracene,0,DTXSID5023902,0.9399505185582676,predictions
anchorboost,3,"Benzo[g,h,i]perylene",0,DTXSID5023908,0.9728797142778607,predictions
anchorboost,3,Boric acid (H3BO3),0,DTXSID1020194,0.7239277188935986,predictions
anchorboost,3,Boscalid,0,DTXSID6034392,0.7663314962394108,predictions
anchorboost,3,CP-457920,0,DTXSID4047254,1.1818991754959964,predictions
anchorboost,3,Chlorpyrifos,0,DTXSID4020458,1.1241610204048467,predictions
anchorboost,3,Cyfluthrin,0,DTXSID5035957,0.9653949157224707,predictions
anchorboost,3,Cytarabine,0,DTXSID3022877,0.9722540174902747,predictions
anchorboost,3,"Dibenz[a,h]anthracene",0,DTXSID9020409,0.8093442128304471,predictions
anchorboost,3,Disulfoton,0,DTXSID0022018,0.5957903315315942,predictions
anchorboost,3,Enadoline,0,DTXSID4047258,1.288155061311786,predictions
anchorboost,3,Erythromycin,0,DTXSID4022991,0.8828065183453004,predictions
anchorboost,3,Ethoprop,0,DTXSID4032611,1.1956134156514548,predictions
anchorboost,3,Fenamiphos,0,DTXSID3024102,0.896374181390091,predictions
anchorboost,3,Fluconazole,0,DTXSID3020627,0.9170306009061002,predictions
anchorboost,3,Flufenacet,0,DTXSID2032552,0.7832276432076803,predictions
anchorboost,3,Fluoxastrobin,0,DTXSID2034625,1.135860017661398,predictions
anchorboost,3,Fluoxetine hydrochloride,0,DTXSID7020635,1.1752149097495355,predictions
anchorboost,3,Flusilazole,0,DTXSID3024235,1.246013512887034,predictions
anchorboost,3,Glyphosate,0,DTXSID1024122,1.2667128046251352,predictions
anchorboost,3,Hydroxyurea,0,DTXSID6025438,1.2371008517949527,predictions
anchorboost,3,Isoniazid,0,DTXSID8020755,1.0928798972022913,predictions
anchorboost,3,L-Domoic acid,0,DTXSID20274180,1.361503503930388,predictions
anchorboost,3,Lactofen,0,DTXSID7024160,0.9180403061233919,predictions
anchorboost,3,Lovastatin,0,DTXSID5020784,1.443329313719501,predictions
anchorboost,3,Methadone hydrochloride,0,DTXSID2020501,1.144268752017799,predictions
anchorboost,3,Methotrexate,0,DTXSID4020822,0.922319621117693,predictions
anchorboost,3,Naphthalene,0,DTXSID8020913,1.0038466524041805,predictions
anchorboost,3,Omethoate,0,DTXSID4037580,1.1908805603816732,predictions
anchorboost,3,Phenobarbital sodium,0,parent:DTXSID0021123,0.8494408788512858,predictions
anchorboost,3,Pirimiphos-methyl,0,DTXSID0024266,1.2301288676698943,predictions
anchorboost,3,Pyraclostrobin,0,DTXSID7032638,1.284942898352393,predictions
anchorboost,3,Sodium benzoate,0,DTXSID1020140,0.8607027540275217,predictions
anchorboost,3,Spirodiclofen,0,DTXSID6034928,0.6353228463781943,predictions
anchorboost,3,Thiacloprid,0,DTXSID7034961,0.9760517059798453,predictions
anchorboost,3,Triclosan,0,DTXSID5032498,1.3177234351691733,predictions
anchorboost,3,Triethyltin bromide,0,DTXSID9040712,1.8504299110879097,predictions
anchorboost,3,"p,p'-DDE",0,DTXSID9020374,1.6502742922690032,predictions
anchorboost,3,(Methylcyclopentadienyl)tricarbonylmanganese,1,DTXSID9027738,0.8788943106281998,predictions
anchorboost,3,"1,2-Propylene glycol",1,DTXSID0021206,1.4223698220242489,predictions
anchorboost,3,5-Chloro-2-methyl-3(2H)-isothiazolone,1,DTXSID9034286,1.168384118580326,predictions
anchorboost,3,5-Fluorouracil,1,DTXSID2020634,1.3366473071865124,predictions
anchorboost,3,Acephate,1,DTXSID8023846,1.136515549809693,predictions
anchorboost,3,Acetaminophen,1,DTXSID2020006,0.43821703868625794,predictions
anchorboost,3,Aspirin,1,DTXSID5020108,0.5854456645770326,predictions
anchorboost,3,Auramine hydrochloride,1,DTXSID9020114,1.1816233073720859,predictions
anchorboost,3,Benzo[k]fluoranthene,1,DTXSID0023909,0.9205691853982474,predictions
anchorboost,3,Berberine chloride,1,DTXSID8024602,0.8759309321543609,predictions
anchorboost,3,Bifenthrin,1,DTXSID9020160,1.6582263852463481,predictions
anchorboost,3,Bis(tributyltin)oxide,1,parent:DTXSID3027403,2.335470429259921,predictions
anchorboost,3,Bisindolylmaleimide I,1,DTXSID50157932,1.0187661223234785,predictions
anchorboost,3,Bisphenol A,1,DTXSID7020182,0.9014754411432309,predictions
anchorboost,3,Busulfan,1,DTXSID3020910,0.7006605461130359,predictions
anchorboost,3,Caffeine,1,DTXSID0020232,1.200872710505811,predictions
anchorboost,3,Chlordiazepoxide hydrochloride,1,DTXSID40880060,1.483219181573883,predictions
anchorboost,3,Cyclophosphamide monohydrate,1,DTXSID6024888,1.124251752922575,predictions
anchorboost,3,Cymoxanil,1,DTXSID6032358,0.5978520562052675,predictions
anchorboost,3,Diazepam,1,DTXSID4020406,1.3139170380000504,predictions
anchorboost,3,Diazoxon,1,DTXSID5037523,1.124748488932847,predictions
anchorboost,3,Diethylene glycol,1,DTXSID8020462,1.0033257302959637,predictions
anchorboost,3,Diethylstilbestrol,1,DTXSID3020465,1.1099806417642542,predictions
anchorboost,3,Difpas-pyrazole,1,DTXSID6048175,1.5616397490576617,predictions
anchorboost,3,Dimethoate,1,DTXSID7020479,0.9288712241453938,predictions
anchorboost,3,Endosulfan,1,DTXSID1020560,1.8716117059280404,predictions
anchorboost,3,Endrin,1,DTXSID6020561,1.39548523552288,predictions
anchorboost,3,Fenitrothion,1,DTXSID4032613,0.7941121213325245,predictions
anchorboost,3,Loperamide,1,DTXSID00880006,1.2708162554525244,predictions
anchorboost,3,Malaoxon,1,DTXSID9020790,0.8708553644669633,predictions
anchorboost,3,Methoxychlor,1,DTXSID9020827,1.531894722003183,predictions
anchorboost,3,Naled,1,DTXSID1024209,1.2675936272615422,predictions
anchorboost,3,Oxidopamine hydrochloride,1,DTXSID0045838,1.042968893376196,predictions
anchorboost,3,Permethrin,1,DTXSID8022292,1.310737818210651,predictions
anchorboost,3,PharmaGSID_47330,1,DTXSID9047330,1.191260541148838,predictions
anchorboost,3,Phenanthrene,1,DTXSID6024254,0.5139602562149506,predictions
anchorboost,3,Pravastatin sodium,1,DTXSID6047525,1.6416234807926404,predictions
anchorboost,3,S-Ethyl dipropylthiocarbamate,1,DTXSID1024091,0.813357082333566,predictions
anchorboost,3,Sodium saccharin hydrate,1,DTXSID7021992,1.1027728644781265,predictions
anchorboost,3,Sodium valproate,1,DTXSID5037072,2.188877087355607,predictions
anchorboost,3,Terbufos,1,DTXSID2022254,1.7769933162923308,predictions
anchorboost,3,Thalidomide,1,DTXSID9022524,1.3854340227477369,predictions
anchorboost,3,Tributyltin methacrylate,1,parent:DTXSID3027403,1.157924710524894,predictions
anchorboost,3,Trimethyltin hydroxide,1,DTXSID9032240,2.5969191512186844,predictions
anchorboost,3,"Tris(1,3-dichloro-2-propyl) phosphate",1,DTXSID9026261,1.3058710197938663,predictions
anchorboost,3,Tris(2-chloroethyl) phosphate,1,DTXSID5021411,1.2690215069624708,predictions
anchorboost,3,Z-Tetrachlorvinphos,1,DTXSID1032648,1.3174550194846377,predictions
anchorboost,3,"p,p'-DDD",1,DTXSID4020373,1.216211540721794,predictions
anchorboost,3,tert-Butylhydroquinone,1,DTXSID6020220,0.9768988268062804,predictions
anchorboost,3,2-(m-Chlorophenoxy)propionic acid,2,DTXSID9034232,1.2305628984193837,predictions
anchorboost,3,2-Ethylhexyl diphenyl phosphate,2,DTXSID1025300,1.0278322625154455,predictions
anchorboost,3,"3,3',5,5'-Tetrabromobisphenol A",2,DTXSID1026081,0.7524154853007584,predictions
anchorboost,3,Abamectin,2,DTXSID8023892,1.5390302218441252,predictions
anchorboost,3,Acenaphthylene,2,DTXSID3023845,0.611387431602083,predictions
anchorboost,3,Aldicarb,2,DTXSID0039223,0.9577332876145676,predictions
anchorboost,3,Amoxicillin,2,DTXSID3037044,1.0449383230471327,predictions
anchorboost,3,Azoxystrobin,2,DTXSID0032520,1.248117611804268,predictions
anchorboost,3,Benzo[a]pyrene,2,DTXSID2020139,0.8599078535421782,predictions
anchorboost,3,Benzo[e]pyrene,2,DTXSID3023764,1.0918253349840146,predictions
anchorboost,3,Bis(2-ethylhexyl) tetrabromophthalate,2,DTXSID7027887,1.192654830891858,predictions
anchorboost,3,Bisphenol AF,2,DTXSID7037717,1.0608185184035928,predictions
anchorboost,3,Bisphenol B,2,DTXSID4022442,1.0277148716682876,predictions
anchorboost,3,Cadmium(II) chloride hydrate (2:5),2,DTXSID4040183,1.0642093426349617,predictions
anchorboost,3,Captan,2,DTXSID9020243,1.00211237382746,predictions
anchorboost,3,Carbamazepine,2,DTXSID4022731,1.0005891137423875,predictions
anchorboost,3,Carbaryl,2,DTXSID9020247,2.214575314938323,predictions
anchorboost,3,Cariporide mesylate,2,DTXSID3047344,1.0764895164266275,predictions
anchorboost,3,Chloramben,2,DTXSID2020262,0.725745668267165,predictions
anchorboost,3,Chlorpromazine hydrochloride,2,DTXSID7024827,1.4568309625449807,predictions
anchorboost,3,Clothianidin,2,DTXSID2034465,0.7406534908182867,predictions
anchorboost,3,Dichlorvos,2,DTXSID5020449,0.9095007760133924,predictions
anchorboost,3,Eugenol,2,DTXSID9020617,1.1117002778701148,predictions
anchorboost,3,Fipronil,2,DTXSID4034609,1.1700547912921462,predictions
anchorboost,3,Fluorene,2,DTXSID8024105,0.5621545287126162,predictions
anchorboost,3,Glycerol,2,DTXSID9020663,0.625698197099572,predictions
anchorboost,3,L-Ascorbic acid,2,DTXSID5020106,1.0252566945962536,predictions
anchorboost,3,Lindane,2,DTXSID2020686,1.4489955365529408,predictions
anchorboost,3,Maneb,2,DTXSID9020794,1.0245490968942752,predictions
anchorboost,3,Manganese dichloride,2,parent:DTXSID5027279,1.0061599873818683,predictions
anchorboost,3,Mercuric chloride,2,DTXSID5020811,1.3409298098861493,predictions
anchorboost,3,Methamidophos,2,DTXSID6024177,0.845572097384031,predictions
anchorboost,3,Methylmercuric(II) chloride,2,DTXSID5020813,1.3647082042048824,predictions
anchorboost,3,Mevastatin,2,DTXSID4040684,1.2334298381618085,predictions
anchorboost,3,Mirex,2,DTXSID7020895,1.484220303517376,predictions
anchorboost,3,"Octachloro-4,7-methanotetrahydroindane",2,DTXSID7020267,1.2963481292599104,predictions
anchorboost,3,Parathion,2,DTXSID7021100,0.832508116320217,predictions
anchorboost,3,Prallethrin,2,DTXSID0032572,1.053736551156011,predictions
anchorboost,3,Reserpine,2,DTXSID7021237,2.177289829025527,predictions
anchorboost,3,Sodium arsenite,2,DTXSID5020104,1.8510212613858457,predictions
anchorboost,3,Tebuconazole,2,DTXSID9032113,2.207744476512471,predictions
anchorboost,3,Terbutaline hemisulfate,2,DTXSID3045437,0.8432176339797939,predictions
anchorboost,3,Tetraethylthiuram disulfide,2,DTXSID1021322,1.0704802759692038,predictions
anchorboost,3,Tetramethrin,2,DTXSID6032649,0.841376824397163,predictions
anchorboost,3,Tribufos,2,DTXSID1024174,1.3695026438205335,predictions
anchorboost,3,Trichlorfon,2,DTXSID0021389,1.1924139491938976,predictions
anchorboost,3,Trifloxystrobin,2,DTXSID4032580,1.166723746536055,predictions
anchorboost,3,Tris(methylphenyl) phosphate,2,DTXSID4021391,0.9182506174572683,predictions
anchorboost,3,"o,p'-DDT",2,parent:DTXSID4020375,1.4347230706191392,predictions
anchorboost,3,1-Methyl-4-phenylpyridinium iodide,3,DTXSID40880040,1.2040513479128978,predictions
anchorboost,3,"2-Ethylhexyl 2,3,4,5-tetrabromobenzoate",3,DTXSID9052686,1.7495839487328737,predictions
anchorboost,3,3-Iodo-2-propynyl-N-butylcarbamate,3,DTXSID0028038,1.0608076734707406,predictions
anchorboost,3,"5,5-Diphenylhydantoin",3,DTXSID8020541,0.876070732868768,predictions
anchorboost,3,6-Methyl-2-thiouracil,3,DTXSID2020890,1.045074486441005,predictions
anchorboost,3,Acenaphthene,3,DTXSID3021774,0.81900327784317,predictions
anchorboost,3,Allethrin,3,parent:DTXSID2039336,1.1040533430467503,predictions
anchorboost,3,Anthracene,3,DTXSID0023878,0.8406857306840175,predictions
anchorboost,3,Benzo(b)fluoranthene,3,DTXSID0023907,0.8839205045694337,predictions
anchorboost,3,Carbofuran,3,DTXSID9020249,1.0652089406560556,predictions
anchorboost,3,Chlorendic acid,3,DTXSID2020268,0.8696141856991819,predictions
anchorboost,3,Clodinafop-propargyl,3,DTXSID6032354,0.6754143611577182,predictions
anchorboost,3,Cocaine,3,DTXSID2038443,0.8713479003073777,predictions
anchorboost,3,Colchicine,3,DTXSID5024845,0.9160941535159001,predictions
anchorboost,3,D-Mannitol,3,DTXSID1023235,0.971352022875702,predictions
anchorboost,3,DDT,3,parent:DTXSID4020375,1.1720833285256291,predictions
anchorboost,3,Deltamethrin,3,DTXSID8020381,1.4537280814014886,predictions
anchorboost,3,Dexamethasone,3,DTXSID3020384,0.9804723282755304,predictions
anchorboost,3,"Dibenz[a,c]anthracene",3,DTXSID9049245,1.0115576523308731,predictions
anchorboost,3,Dicrotophos,3,DTXSID9023914,1.0354138874623193,predictions
anchorboost,3,Emamectin benzoate,3,DTXSID0034566,1.6164667595532023,predictions
anchorboost,3,Es-fenvalerate,3,DTXSID4032667,1.0048754828442115,predictions
anchorboost,3,Esketamine hydrochloride,3,DTXSID601027734,1.1218386957354116,predictions
anchorboost,3,Etofenprox,3,DTXSID9032610,1.0678440928079762,predictions
anchorboost,3,Fenpropathrin,3,DTXSID0024002,1.0744852954881012,predictions
anchorboost,3,Firemaster 550,3,DTXSID70880073,1.0562583250017674,predictions
anchorboost,3,Folic acid,3,DTXSID0022519,1.141309860769347,predictions
anchorboost,3,Haloperidol,3,DTXSID4034150,1.571209376828157,predictions
anchorboost,3,Hexachlorophene,3,DTXSID6020690,1.5369679085602916,predictions
anchorboost,3,Lead(II) acetate trihydrate,3,DTXSID3031521,1.8135805596907109,predictions
anchorboost,3,Malathion,3,DTXSID4020791,1.1811315368708015,predictions
anchorboost,3,Mancozeb,3,DTXSID0034695,0.7056759778352746,predictions
anchorboost,3,Manganese(II) acetate,3,parent:DTXSID5027279,0.7738103351845187,predictions
anchorboost,3,Naloxone hydrochloride dihydrate,3,DTXSID90199452,0.9818979113103525,predictions
anchorboost,3,Phenol,3,DTXSID5021124,0.9985813318254427,predictions
anchorboost,3,Phorate,3,DTXSID4032459,1.2056285662223818,predictions
anchorboost,3,Piperonyl butoxide,3,DTXSID1021166,1.1735384095411723,predictions
anchorboost,3,Profenofos,3,DTXSID3032464,1.1403705922376246,predictions
anchorboost,3,Pyrene,3,DTXSID3024289,0.6426320622561131,predictions
anchorboost,3,S-Bioallethrin,3,parent:DTXSID2039336,1.1335759486088945,predictions
anchorboost,3,Simvastatin,3,DTXSID0023581,1.7297583863247303,predictions
anchorboost,3,Sodium fluoride,3,DTXSID2020630,0.8361691866710423,predictions
anchorboost,3,Spiroxamine,3,DTXSID1034212,1.8929231032701161,predictions
anchorboost,3,Tamoxifen,3,DTXSID1034187,1.2739916410339367,predictions
anchorboost,3,Tefluthrin,3,DTXSID5032577,1.057756733835733,predictions
anchorboost,3,Tetracycline,3,DTXSID7023645,0.834364338420744,predictions
anchorboost,3,Thiamethoxam,3,DTXSID2034962,0.7596850592794663,predictions
anchorboost,3,Tributyltin chloride,3,parent:DTXSID3027403,1.0852787420522234,predictions
anchorboost,3,Triphenyl phosphates isopropylated,3,DTXSID4028880,1.3537105779687668,predictions
anchorboost,3,(-)-Nicotine,4,DTXSID1020930,1.1996030296057143,predictions
anchorboost,3,17beta-Estradiol,4,DTXSID0020573,0.7969207012672788,predictions
anchorboost,3,"2,2-Bis(4-hydroxyphenyl)-1,1,1-trichloroethane",4,DTXSID8022325,1.169432337314952,predictions
anchorboost,3,"4,4'-Sulfonyldiphenol",4,DTXSID3022409,1.1022577620746343,predictions
anchorboost,3,6-aminopyridine-3-carboxamide,4,DTXSID5051446,1.5227349256612448,predictions
anchorboost,3,Acetamiprid,4,DTXSID0034300,1.2647140110981554,predictions
anchorboost,3,Atrazine,4,DTXSID9020112,0.7685148521273135,predictions
anchorboost,3,Bensulide,4,DTXSID9032329,1.2056563806988194,predictions
anchorboost,3,CP-409092,4,DTXSID2047276,0.9692100663899929,predictions
anchorboost,3,Captopril,4,DTXSID1037197,1.2260150810341917,predictions
anchorboost,3,Chlorethoxyfos,4,DTXSID2032344,1.6265839228783598,predictions
anchorboost,3,Chlorpyrifos oxon,4,DTXSID1038666,1.5788743704839763,predictions
anchorboost,3,Chrysene,4,DTXSID0022432,0.6989532104766811,predictions
anchorboost,3,Clove leaf oil,4,DTXSID8044175,1.1603396815634175,predictions
anchorboost,3,Cotinine,4,DTXSID1047576,0.7096692714587864,predictions
anchorboost,3,Coumaphos,4,DTXSID2020347,1.135864215121592,predictions
anchorboost,3,Cypermethrin,4,DTXSID1023998,1.2995266202947602,predictions
anchorboost,3,D-Glucitol,4,DTXSID5023588,0.9199035034658157,predictions
anchorboost,3,Dextroamphetamine sulfate,4,DTXSID2057865,0.8586925758642632,predictions
anchorboost,3,Di(2-ethylhexyl) phthalate,4,DTXSID5020607,1.4395931944026488,predictions
anchorboost,3,Diazinon,4,DTXSID9020407,1.3475663311334025,predictions
anchorboost,3,Dieldrin,4,DTXSID9020453,1.6692961302204765,predictions
anchorboost,3,Diphenhydramine hydrochloride,4,DTXSID4020537,1.1915267108339047,predictions
anchorboost,3,Fosthiazate,4,DTXSID0034930,1.0602071394780967,predictions
anchorboost,3,Heptachlor epoxide B,4,DTXSID1024126,2.0058232317395004,predictions
anchorboost,3,Imidacloprid,4,DTXSID5032442,0.9915652752264149,predictions
anchorboost,3,Isodecyl diphenyl phosphate,4,DTXSID3025465,0.6686699517219895,predictions
anchorboost,3,Kepone,4,DTXSID1020770,1.2589416260126123,predictions
anchorboost,3,Methimazole,4,DTXSID4020820,1.1513919664721628,predictions
anchorboost,3,Molinate,4,DTXSID6024206,0.9718755280953284,predictions
anchorboost,3,Octylbicycloheptenedicarboximide,4,DTXSID6032562,1.0855131344017344,predictions
anchorboost,3,Paraquat dichloride,4,DTXSID7024243,1.5006673590569375,predictions
anchorboost,3,Perfluoroundecanoic acid,4,DTXSID8047553,1.1042028748849508,predictions
anchorboost,3,Phenobarbital,4,parent:DTXSID0021123,0.8758623393509295,predictions
anchorboost,3,Phenylmercuric acetate,4,DTXSID7021150,0.8539690754780128,predictions
anchorboost,3,Phosmet,4,DTXSID5024261,1.3656184345428548,predictions
anchorboost,3,Picoxystrobin,4,DTXSID9047542,1.0805717131773065,predictions
anchorboost,3,Resmethrin,4,DTXSID7022253,0.9466862380584062,predictions
anchorboost,3,Retinoic acid,4,DTXSID7021239,1.5643568856837375,predictions
anchorboost,3,Rotenone,4,DTXSID6021248,1.1973467009416525,predictions
anchorboost,3,Sodium orthovanadate,4,DTXSID2037269,1.0821257933882127,predictions
anchorboost,3,Tebupirimfos,4,DTXSID1032482,1.5054799123411562,predictions
anchorboost,3,Triphenyl phosphate,4,DTXSID1021952,0.7632900775862599,predictions
anchorboost,3,Triphenyl phosphite,4,DTXSID0026252,0.8012499201481271,predictions
anchorboost,3,Tris(2-chloroisopropyl)phosphate,4,DTXSID5026259,0.7576780823539362,predictions
anchorboost,3,Valinomycin,4,DTXSID9041150,1.7919457231236993,predictions
anchorboost,3,tert-Butylphenyl diphenyl phosphate,4,DTXSID6024701,1.3884535053691136,predictions
anchorboost,4,1-Ethyl-3-methyl-1H-imidazol-3-ium diethyl phosphate,0,DTXSID9047889,0.8930684948569972,published_per_chemical
anchorboost,4,"1H,1H,2H,2H-Perfluorooctyl iodide",0,DTXSID2047565,0.643377051943369,published_per_chemical
anchorboost,4,"2,2',4,4',5,5'-Hexabromodiphenyl ether",0,DTXSID4030047,1.0404418178357306,published_per_chemical
anchorboost,4,"2,2',4,4',5-Pentabromodiphenyl ether",0,DTXSID9030048,1.851820180428438,published_per_chemical
anchorboost,4,"2,2',4,4'-Tetrabromodiphenyl ether",0,DTXSID3030056,1.191425407079414,published_per_chemical
anchorboost,4,2-Methoxyethanol,0,DTXSID5024182,0.7768677081503503,published_per_chemical
anchorboost,4,"3,3'-Iminobispropanenitrile",0,DTXSID2041464,0.6571999338520931,published_per_chemical
anchorboost,4,4H-Cyclopenta(def)phenanthrene,0,DTXSID1024887,0.7636526647618553,published_per_chemical
anchorboost,4,6-Propyl-2-thiouracil,0,DTXSID5021209,1.362601676262096,published_per_chemical
anchorboost,4,Acrylamide,0,DTXSID5020027,0.7281513336837687,published_per_chemical
anchorboost,4,Aldrin,0,DTXSID8020040,1.2641041063002354,published_per_chemical
anchorboost,4,Benz(a)anthracene,0,DTXSID5023902,0.9789963403359165,published_per_chemical
anchorboost,4,"Benzo[g,h,i]perylene",0,DTXSID5023908,1.0448270840568465,published_per_chemical
anchorboost,4,Boric acid (H3BO3),0,DTXSID1020194,0.7175199782034902,published_per_chemical
anchorboost,4,Boscalid,0,DTXSID6034392,0.6376760505502228,published_per_chemical
anchorboost,4,CP-457920,0,DTXSID4047254,1.0534286046856354,published_per_chemical
anchorboost,4,Chlorpyrifos,0,DTXSID4020458,1.2595557905275112,published_per_chemical
anchorboost,4,Cyfluthrin,0,DTXSID5035957,0.8563995198623818,published_per_chemical
anchorboost,4,Cytarabine,0,DTXSID3022877,1.2694002060353362,published_per_chemical
anchorboost,4,"Dibenz[a,h]anthracene",0,DTXSID9020409,0.7539660648182795,published_per_chemical
anchorboost,4,Disulfoton,0,DTXSID0022018,0.6470358644537129,published_per_chemical
anchorboost,4,Enadoline,0,DTXSID4047258,1.3103760326375935,published_per_chemical
anchorboost,4,Erythromycin,0,DTXSID4022991,0.8785612719867594,published_per_chemical
anchorboost,4,Ethoprop,0,DTXSID4032611,1.1474312963721796,published_per_chemical
anchorboost,4,Fenamiphos,0,DTXSID3024102,0.8835007979720931,published_per_chemical
anchorboost,4,Fluconazole,0,DTXSID3020627,0.9224708574359346,published_per_chemical
anchorboost,4,Flufenacet,0,DTXSID2032552,0.769696528980529,published_per_chemical
anchorboost,4,Fluoxastrobin,0,DTXSID2034625,0.9410715292180892,published_per_chemical
anchorboost,4,Fluoxetine hydrochloride,0,DTXSID7020635,1.273869358068165,published_per_chemical
anchorboost,4,Flusilazole,0,DTXSID3024235,1.102831287877556,published_per_chemical
anchorboost,4,Glyphosate,0,DTXSID1024122,1.237523829810939,published_per_chemical
anchorboost,4,Hydroxyurea,0,DTXSID6025438,1.2294389701580504,published_per_chemical
anchorboost,4,Isoniazid,0,DTXSID8020755,0.9687692533306353,published_per_chemical
anchorboost,4,L-Domoic acid,0,DTXSID20274180,1.332066460677511,published_per_chemical
anchorboost,4,Lactofen,0,DTXSID7024160,0.8008131489573851,published_per_chemical
anchorboost,4,Lovastatin,0,DTXSID5020784,1.6138880864541,published_per_chemical
anchorboost,4,Methadone hydrochloride,0,DTXSID2020501,1.3094599992627747,published_per_chemical
anchorboost,4,Methotrexate,0,DTXSID4020822,1.311502226602356,published_per_chemical
anchorboost,4,Naphthalene,0,DTXSID8020913,1.241815518935002,published_per_chemical
anchorboost,4,Omethoate,0,DTXSID4037580,1.2973251808805568,published_per_chemical
anchorboost,4,Phenobarbital sodium,0,parent:DTXSID0021123,0.9144073412742134,published_per_chemical
anchorboost,4,Pirimiphos-methyl,0,DTXSID0024266,1.309798730544389,published_per_chemical
anchorboost,4,Pyraclostrobin,0,DTXSID7032638,1.3416516669334575,published_per_chemical
anchorboost,4,Sodium benzoate,0,DTXSID1020140,0.8816152431078,published_per_chemical
anchorboost,4,Spirodiclofen,0,DTXSID6034928,0.5738538662011547,published_per_chemical
anchorboost,4,Thiacloprid,0,DTXSID7034961,0.9519083907035812,published_per_chemical
anchorboost,4,Triclosan,0,DTXSID5032498,1.2094606730117727,published_per_chemical
anchorboost,4,Triethyltin bromide,0,DTXSID9040712,0.9745014065260328,published_per_chemical
anchorboost,4,"p,p'-DDE",0,DTXSID9020374,0.9957044552980996,published_per_chemical
anchorboost,4,(Methylcyclopentadienyl)tricarbonylmanganese,1,DTXSID9027738,0.8321047596717068,published_per_chemical
anchorboost,4,"1,2-Propylene glycol",1,DTXSID0021206,1.394435419141657,published_per_chemical
anchorboost,4,5-Chloro-2-methyl-3(2H)-isothiazolone,1,DTXSID9034286,1.4400410524706662,published_per_chemical
anchorboost,4,5-Fluorouracil,1,DTXSID2020634,1.61727833194765,published_per_chemical
anchorboost,4,Acephate,1,DTXSID8023846,1.4695260804563737,published_per_chemical
anchorboost,4,Acetaminophen,1,DTXSID2020006,0.40458803132702414,published_per_chemical
anchorboost,4,Aspirin,1,DTXSID5020108,0.5711976073775684,published_per_chemical
anchorboost,4,Auramine hydrochloride,1,DTXSID9020114,1.0435528230135498,published_per_chemical
anchorboost,4,Benzo[k]fluoranthene,1,DTXSID0023909,0.8281406972556755,published_per_chemical
anchorboost,4,Berberine chloride,1,DTXSID8024602,0.7939896559779986,published_per_chemical
anchorboost,4,Bifenthrin,1,DTXSID9020160,1.13363134508293,published_per_chemical
anchorboost,4,Bis(tributyltin)oxide,1,parent:DTXSID3027403,1.2088119350476714,published_per_chemical
anchorboost,4,Bisindolylmaleimide I,1,DTXSID50157932,0.9172603726266534,published_per_chemical
anchorboost,4,Bisphenol A,1,DTXSID7020182,0.8966268388988607,published_per_chemical
anchorboost,4,Busulfan,1,DTXSID3020910,0.6503266205106952,published_per_chemical
anchorboost,4,Caffeine,1,DTXSID0020232,1.1012951935739783,published_per_chemical
anchorboost,4,Chlordiazepoxide hydrochloride,1,DTXSID40880060,1.9612441570711578,published_per_chemical
anchorboost,4,Cyclophosphamide monohydrate,1,DTXSID6024888,1.0725442672829686,published_per_chemical
anchorboost,4,Cymoxanil,1,DTXSID6032358,0.5270162976305122,published_per_chemical
anchorboost,4,Diazepam,1,DTXSID4020406,1.310668012578943,published_per_chemical
anchorboost,4,Diazoxon,1,DTXSID5037523,1.0780118662029925,published_per_chemical
anchorboost,4,Diethylene glycol,1,DTXSID8020462,0.9842556436801662,published_per_chemical
anchorboost,4,Diethylstilbestrol,1,DTXSID3020465,1.3723960231588785,published_per_chemical
anchorboost,4,Difpas-pyrazole,1,DTXSID6048175,1.3668485067406746,published_per_chemical
anchorboost,4,Dimethoate,1,DTXSID7020479,0.9762629672466904,published_per_chemical
anchorboost,4,Endosulfan,1,DTXSID1020560,1.7518479633396098,published_per_chemical
anchorboost,4,Endrin,1,DTXSID6020561,1.2116248865838126,published_per_chemical
anchorboost,4,Fenitrothion,1,DTXSID4032613,0.6769713270291924,published_per_chemical
anchorboost,4,Loperamide,1,DTXSID00880006,1.4598809260321448,published_per_chemical
anchorboost,4,Malaoxon,1,DTXSID9020790,0.9877469344870372,published_per_chemical
anchorboost,4,Methoxychlor,1,DTXSID9020827,1.515328261605562,published_per_chemical
anchorboost,4,Naled,1,DTXSID1024209,1.5031532640665104,published_per_chemical
anchorboost,4,Oxidopamine hydrochloride,1,DTXSID0045838,1.2419630340846237,published_per_chemical
anchorboost,4,Permethrin,1,DTXSID8022292,1.4049804124784813,published_per_chemical
anchorboost,4,PharmaGSID_47330,1,DTXSID9047330,1.0878562422203442,published_per_chemical
anchorboost,4,Phenanthrene,1,DTXSID6024254,0.46995202699670313,published_per_chemical
anchorboost,4,Pravastatin sodium,1,DTXSID6047525,1.3633175178432844,published_per_chemical
anchorboost,4,S-Ethyl dipropylthiocarbamate,1,DTXSID1024091,0.6649443858230908,published_per_chemical
anchorboost,4,Sodium saccharin hydrate,1,DTXSID7021992,0.8499289288100513,published_per_chemical
anchorboost,4,Sodium valproate,1,DTXSID5037072,2.0760177203318713,published_per_chemical
anchorboost,4,Terbufos,1,DTXSID2022254,1.1668953944913742,published_per_chemical
anchorboost,4,Thalidomide,1,DTXSID9022524,1.5500276261683337,published_per_chemical
anchorboost,4,Tributyltin methacrylate,1,parent:DTXSID3027403,1.1564308042808271,published_per_chemical
anchorboost,4,Trimethyltin hydroxide,1,DTXSID9032240,1.887975786932437,published_per_chemical
anchorboost,4,"Tris(1,3-dichloro-2-propyl) phosphate",1,DTXSID9026261,0.9854258562378225,published_per_chemical
anchorboost,4,Tris(2-chloroethyl) phosphate,1,DTXSID5021411,1.1856179984142377,published_per_chemical
anchorboost,4,Z-Tetrachlorvinphos,1,DTXSID1032648,1.362223895827756,published_per_chemical
anchorboost,4,"p,p'-DDD",1,DTXSID4020373,1.38266729569602,published_per_chemical
anchorboost,4,tert-Butylhydroquinone,1,DTXSID6020220,1.2693778972873335,published_per_chemical
anchorboost,4,2-(m-Chlorophenoxy)propionic acid,2,DTXSID9034232,1.2221277908465562,published_per_chemical
anchorboost,4,2-Ethylhexyl diphenyl phosphate,2,DTXSID1025300,1.2006156364629506,published_per_chemical
anchorboost,4,"3,3',5,5'-Tetrabromobisphenol A",2,DTXSID1026081,0.7046641603398794,published_per_chemical
anchorboost,4,Abamectin,2,DTXSID8023892,1.476834117735772,published_per_chemical
anchorboost,4,Acenaphthylene,2,DTXSID3023845,0.5730041814514164,published_per_chemical
anchorboost,4,Aldicarb,2,DTXSID0039223,1.1269369651876855,published_per_chemical
anchorboost,4,Amoxicillin,2,DTXSID3037044,1.003714755289224,published_per_chemical
anchorboost,4,Azoxystrobin,2,DTXSID0032520,1.2923711623802536,published_per_chemical
anchorboost,4,Benzo[a]pyrene,2,DTXSID2020139,0.8881767158843422,published_per_chemical
anchorboost,4,Benzo[e]pyrene,2,DTXSID3023764,1.1446404170491116,published_per_chemical
anchorboost,4,Bis(2-ethylhexyl) tetrabromophthalate,2,DTXSID7027887,1.1007866878373194,published_per_chemical
anchorboost,4,Bisphenol AF,2,DTXSID7037717,0.990255110728859,published_per_chemical
anchorboost,4,Bisphenol B,2,DTXSID4022442,1.0306439370498324,published_per_chemical
anchorboost,4,Cadmium(II) chloride hydrate (2:5),2,DTXSID4040183,1.3630449076865951,published_per_chemical
anchorboost,4,Captan,2,DTXSID9020243,0.7415457387695765,published_per_chemical
anchorboost,4,Carbamazepine,2,DTXSID4022731,0.9378921523649824,published_per_chemical
anchorboost,4,Carbaryl,2,DTXSID9020247,2.2263130692152004,published_per_chemical
anchorboost,4,Cariporide mesylate,2,DTXSID3047344,1.0471029901165594,published_per_chemical
anchorboost,4,Chloramben,2,DTXSID2020262,0.740935783623327,published_per_chemical
anchorboost,4,Chlorpromazine hydrochloride,2,DTXSID7024827,1.0276625623904647,published_per_chemical
anchorboost,4,Clothianidin,2,DTXSID2034465,0.7094558179879005,published_per_chemical
anchorboost,4,Dichlorvos,2,DTXSID5020449,1.0353078978619563,published_per_chemical
anchorboost,4,Eugenol,2,DTXSID9020617,0.933952708053582,published_per_chemical
anchorboost,4,Fipronil,2,DTXSID4034609,1.120121375149162,published_per_chemical
anchorboost,4,Fluorene,2,DTXSID8024105,0.5294854822983149,published_per_chemical
anchorboost,4,Glycerol,2,DTXSID9020663,0.6389088783569459,published_per_chemical
anchorboost,4,L-Ascorbic acid,2,DTXSID5020106,0.8449976923608865,published_per_chemical
anchorboost,4,Lindane,2,DTXSID2020686,1.3625283656415104,published_per_chemical
anchorboost,4,Maneb,2,DTXSID9020794,0.8858781629546477,published_per_chemical
anchorboost,4,Manganese dichloride,2,parent:DTXSID5027279,1.0355897233237576,published_per_chemical
anchorboost,4,Mercuric chloride,2,DTXSID5020811,1.1055027065694922,published_per_chemical
anchorboost,4,Methamidophos,2,DTXSID6024177,0.7155221441550639,published_per_chemical
anchorboost,4,Methylmercuric(II) chloride,2,DTXSID5020813,1.0890811433719176,published_per_chemical
anchorboost,4,Mevastatin,2,DTXSID4040684,1.412441137421467,published_per_chemical
anchorboost,4,Mirex,2,DTXSID7020895,1.8555518103879112,published_per_chemical
anchorboost,4,"Octachloro-4,7-methanotetrahydroindane",2,DTXSID7020267,1.2102516994385435,published_per_chemical
anchorboost,4,Parathion,2,DTXSID7021100,0.7698095342767421,published_per_chemical
anchorboost,4,Prallethrin,2,DTXSID0032572,0.8764427638833624,published_per_chemical
anchorboost,4,Reserpine,2,DTXSID7021237,1.6502418459262695,published_per_chemical
anchorboost,4,Sodium arsenite,2,DTXSID5020104,2.1445216873374893,published_per_chemical
anchorboost,4,Tebuconazole,2,DTXSID9032113,2.111216414051291,published_per_chemical
anchorboost,4,Terbutaline hemisulfate,2,DTXSID3045437,0.814014611421937,published_per_chemical
anchorboost,4,Tetraethylthiuram disulfide,2,DTXSID1021322,0.8893693901421903,published_per_chemical
anchorboost,4,Tetramethrin,2,DTXSID6032649,0.7568573056871621,published_per_chemical
anchorboost,4,Tribufos,2,DTXSID1024174,1.2023449488577491,published_per_chemical
anchorboost,4,Trichlorfon,2,DTXSID0021389,1.2067641299856566,published_per_chemical
anchorboost,4,Trifloxystrobin,2,DTXSID4032580,0.9098135672535055,published_per_chemical
anchorboost,4,Tris(methylphenyl) phosphate,2,DTXSID4021391,0.9245005913587943,published_per_chemical
anchorboost,4,"o,p'-DDT",2,parent:DTXSID4020375,1.3357678965293376,published_per_chemical
anchorboost,4,1-Methyl-4-phenylpyridinium iodide,3,DTXSID40880040,1.114164992526738,published_per_chemical
anchorboost,4,"2-Ethylhexyl 2,3,4,5-tetrabromobenzoate",3,DTXSID9052686,1.2733126597260083,published_per_chemical
anchorboost,4,3-Iodo-2-propynyl-N-butylcarbamate,3,DTXSID0028038,0.679905244644334,published_per_chemical
anchorboost,4,"5,5-Diphenylhydantoin",3,DTXSID8020541,0.8436256361322159,published_per_chemical
anchorboost,4,6-Methyl-2-thiouracil,3,DTXSID2020890,1.0260982621696018,published_per_chemical
anchorboost,4,Acenaphthene,3,DTXSID3021774,0.7598224219958729,published_per_chemical
anchorboost,4,Allethrin,3,parent:DTXSID2039336,0.974575532312335,published_per_chemical
anchorboost,4,Anthracene,3,DTXSID0023878,0.711082935441784,published_per_chemical
anchorboost,4,Benzo(b)fluoranthene,3,DTXSID0023907,0.7592815978198995,published_per_chemical
anchorboost,4,Carbofuran,3,DTXSID9020249,0.920671070725643,published_per_chemical
anchorboost,4,Chlorendic acid,3,DTXSID2020268,0.7960615292345172,published_per_chemical
anchorboost,4,Clodinafop-propargyl,3,DTXSID6032354,0.7432839922541035,published_per_chemical
anchorboost,4,Cocaine,3,DTXSID2038443,0.8980965278462772,published_per_chemical
anchorboost,4,Colchicine,3,DTXSID5024845,0.47136058727121305,published_per_chemical
anchorboost,4,D-Mannitol,3,DTXSID1023235,0.9585076982109783,published_per_chemical
anchorboost,4,DDT,3,parent:DTXSID4020375,1.3709777283564724,published_per_chemical
anchorboost,4,Deltamethrin,3,DTXSID8020381,1.5392364704029184,published_per_chemical
anchorboost,4,Dexamethasone,3,DTXSID3020384,0.9514781316354354,published_per_chemical
anchorboost,4,"Dibenz[a,c]anthracene",3,DTXSID9049245,0.9226388956818392,published_per_chemical
anchorboost,4,Dicrotophos,3,DTXSID9023914,0.9055070514336375,published_per_chemical
anchorboost,4,Emamectin benzoate,3,DTXSID0034566,1.560938928157638,published_per_chemical
anchorboost,4,Es-fenvalerate,3,DTXSID4032667,1.0999640590028232,published_per_chemical
anchorboost,4,Esketamine hydrochloride,3,DTXSID601027734,0.9733136760149776,published_per_chemical
anchorboost,4,Etofenprox,3,DTXSID9032610,0.9007239231851273,published_per_chemical
anchorboost,4,Fenpropathrin,3,DTXSID0024002,1.2318909416928652,published_per_chemical
anchorboost,4,Firemaster 550,3,DTXSID70880073,1.1022554485255311,published_per_chemical
anchorboost,4,Folic acid,3,DTXSID0022519,1.1396944500142643,published_per_chemical
anchorboost,4,Haloperidol,3,DTXSID4034150,1.1821151189070633,published_per_chemical
anchorboost,4,Hexachlorophene,3,DTXSID6020690,1.4280291840724435,published_per_chemical
anchorboost,4,Lead(II) acetate trihydrate,3,DTXSID3031521,1.566758190975213,published_per_chemical
anchorboost,4,Malathion,3,DTXSID4020791,1.0476812143948384,published_per_chemical
anchorboost,4,Mancozeb,3,DTXSID0034695,0.6382454043065783,published_per_chemical
anchorboost,4,Manganese(II) acetate,3,parent:DTXSID5027279,0.7433910332027509,published_per_chemical
anchorboost,4,Naloxone hydrochloride dihydrate,3,DTXSID90199452,0.8999267566322569,published_per_chemical
anchorboost,4,Phenol,3,DTXSID5021124,0.9309020986408058,published_per_chemical
anchorboost,4,Phorate,3,DTXSID4032459,1.1370139334611715,published_per_chemical
anchorboost,4,Piperonyl butoxide,3,DTXSID1021166,1.4529364237315718,published_per_chemical
anchorboost,4,Profenofos,3,DTXSID3032464,1.2358240858102807,published_per_chemical
anchorboost,4,Pyrene,3,DTXSID3024289,0.6487867257864289,published_per_chemical
anchorboost,4,S-Bioallethrin,3,parent:DTXSID2039336,1.134366942485324,published_per_chemical
anchorboost,4,Simvastatin,3,DTXSID0023581,1.64096161811011,published_per_chemical
anchorboost,4,Sodium fluoride,3,DTXSID2020630,0.8614691240726623,published_per_chemical
anchorboost,4,Spiroxamine,3,DTXSID1034212,1.692275291218715,published_per_chemical
anchorboost,4,Tamoxifen,3,DTXSID1034187,1.255328710870217,published_per_chemical
anchorboost,4,Tefluthrin,3,DTXSID5032577,1.0236891934567929,published_per_chemical
anchorboost,4,Tetracycline,3,DTXSID7023645,0.8130038799958633,published_per_chemical
anchorboost,4,Thiamethoxam,3,DTXSID2034962,0.8277725245909556,published_per_chemical
anchorboost,4,Tributyltin chloride,3,parent:DTXSID3027403,0.8371895180817731,published_per_chemical
anchorboost,4,Triphenyl phosphates isopropylated,3,DTXSID4028880,1.4651983724002453,published_per_chemical
anchorboost,4,(-)-Nicotine,4,DTXSID1020930,1.1519502873949483,published_per_chemical
anchorboost,4,17beta-Estradiol,4,DTXSID0020573,0.7050760731562848,published_per_chemical
anchorboost,4,"2,2-Bis(4-hydroxyphenyl)-1,1,1-trichloroethane",4,DTXSID8022325,1.1694605770678241,published_per_chemical
anchorboost,4,"4,4'-Sulfonyldiphenol",4,DTXSID3022409,1.0055288239233626,published_per_chemical
anchorboost,4,6-aminopyridine-3-carboxamide,4,DTXSID5051446,1.4802515928761206,published_per_chemical
anchorboost,4,Acetamiprid,4,DTXSID0034300,1.347880106762154,published_per_chemical
anchorboost,4,Atrazine,4,DTXSID9020112,0.7343854324840517,published_per_chemical
anchorboost,4,Bensulide,4,DTXSID9032329,1.4901603506350198,published_per_chemical
anchorboost,4,CP-409092,4,DTXSID2047276,0.9885403178775322,published_per_chemical
anchorboost,4,Captopril,4,DTXSID1037197,1.0918878837806145,published_per_chemical
anchorboost,4,Chlorethoxyfos,4,DTXSID2032344,1.079023316549439,published_per_chemical
anchorboost,4,Chlorpyrifos oxon,4,DTXSID1038666,1.5133834265473978,published_per_chemical
anchorboost,4,Chrysene,4,DTXSID0022432,0.6974830558096804,published_per_chemical
anchorboost,4,Clove leaf oil,4,DTXSID8044175,1.1475141093901409,published_per_chemical
anchorboost,4,Cotinine,4,DTXSID1047576,0.7000132769530298,published_per_chemical
anchorboost,4,Coumaphos,4,DTXSID2020347,1.173455016163388,published_per_chemical
anchorboost,4,Cypermethrin,4,DTXSID1023998,1.1066226404142192,published_per_chemical
anchorboost,4,D-Glucitol,4,DTXSID5023588,0.9638228929874806,published_per_chemical
anchorboost,4,Dextroamphetamine sulfate,4,DTXSID2057865,0.8115014806046986,published_per_chemical
anchorboost,4,Di(2-ethylhexyl) phthalate,4,DTXSID5020607,1.3533539452612917,published_per_chemical
anchorboost,4,Diazinon,4,DTXSID9020407,1.235303996794745,published_per_chemical
anchorboost,4,Dieldrin,4,DTXSID9020453,2.404095511602742,published_per_chemical
anchorboost,4,Diphenhydramine hydrochloride,4,DTXSID4020537,0.9988239127062348,published_per_chemical
anchorboost,4,Fosthiazate,4,DTXSID0034930,0.8939202057415349,published_per_chemical
anchorboost,4,Heptachlor epoxide B,4,DTXSID1024126,1.8270274758397747,published_per_chemical
anchorboost,4,Imidacloprid,4,DTXSID5032442,1.0891279295340652,published_per_chemical
anchorboost,4,Isodecyl diphenyl phosphate,4,DTXSID3025465,0.8065192327972992,published_per_chemical
anchorboost,4,Kepone,4,DTXSID1020770,1.071214932089244,published_per_chemical
anchorboost,4,Methimazole,4,DTXSID4020820,1.1543902519359392,published_per_chemical
anchorboost,4,Molinate,4,DTXSID6024206,0.8740333105431379,published_per_chemical
anchorboost,4,Octylbicycloheptenedicarboximide,4,DTXSID6032562,1.04483422702613,published_per_chemical
anchorboost,4,Paraquat dichloride,4,DTXSID7024243,1.9998178668791227,published_per_chemical
anchorboost,4,Perfluoroundecanoic acid,4,DTXSID8047553,0.806938030127293,published_per_chemical
anchorboost,4,Phenobarbital,4,parent:DTXSID0021123,0.8712518022486837,published_per_chemical
anchorboost,4,Phenylmercuric acetate,4,DTXSID7021150,0.8876438633021857,published_per_chemical
anchorboost,4,Phosmet,4,DTXSID5024261,0.9683896003674832,published_per_chemical
anchorboost,4,Picoxystrobin,4,DTXSID9047542,0.8266861685259963,published_per_chemical
anchorboost,4,Resmethrin,4,DTXSID7022253,0.9961994234236758,published_per_chemical
anchorboost,4,Retinoic acid,4,DTXSID7021239,1.5573022823093143,published_per_chemical
anchorboost,4,Rotenone,4,DTXSID6021248,1.0506448239684065,published_per_chemical
anchorboost,4,Sodium orthovanadate,4,DTXSID2037269,1.2143882232411973,published_per_chemical
anchorboost,4,Tebupirimfos,4,DTXSID1032482,1.6915757599850365,published_per_chemical
anchorboost,4,Triphenyl phosphate,4,DTXSID1021952,0.7749159395957566,published_per_chemical
anchorboost,4,Triphenyl phosphite,4,DTXSID0026252,0.8151458099646558,published_per_chemical
anchorboost,4,Tris(2-chloroisopropyl)phosphate,4,DTXSID5026259,0.7164681038426677,published_per_chemical
anchorboost,4,Valinomycin,4,DTXSID9041150,1.7732093300423428,published_per_chemical
anchorboost,4,tert-Butylphenyl diphenyl phosphate,4,DTXSID6024701,1.5003704760401297,published_per_chemical
anchorboost_acquisition,3,(Methylcyclopentadienyl)tricarbonylmanganese,1,DTXSID9027738,0.8778028349018638,predictions
anchorboost_acquisition,3,"1,2-Propylene glycol",1,DTXSID0021206,1.4540097499867366,predictions
anchorboost_acquisition,3,5-Chloro-2-methyl-3(2H)-isothiazolone,1,DTXSID9034286,1.1860987540668664,predictions
anchorboost_acquisition,3,5-Fluorouracil,1,DTXSID2020634,1.3526372757093328,predictions
anchorboost_acquisition,3,Acephate,1,DTXSID8023846,1.104354217664136,predictions
anchorboost_acquisition,3,Acetaminophen,1,DTXSID2020006,0.4212670142851801,predictions
anchorboost_acquisition,3,Aspirin,1,DTXSID5020108,0.5795898802040889,predictions
anchorboost_acquisition,3,Auramine hydrochloride,1,DTXSID9020114,1.1234832769017677,predictions
anchorboost_acquisition,3,Benzo[k]fluoranthene,1,DTXSID0023909,0.8842034926230671,predictions
anchorboost_acquisition,3,Berberine chloride,1,DTXSID8024602,0.8883664456628054,predictions
anchorboost_acquisition,3,Bifenthrin,1,DTXSID9020160,1.637504651695807,predictions
anchorboost_acquisition,3,Bis(tributyltin)oxide,1,parent:DTXSID3027403,2.1230652979393874,predictions
anchorboost_acquisition,3,Bisindolylmaleimide I,1,DTXSID50157932,1.0141235177163772,predictions
anchorboost_acquisition,3,Bisphenol A,1,DTXSID7020182,0.8905356706872677,predictions
anchorboost_acquisition,3,Busulfan,1,DTXSID3020910,0.6858788228874715,predictions
anchorboost_acquisition,3,Caffeine,1,DTXSID0020232,1.2573720695548698,predictions
anchorboost_acquisition,3,Chlordiazepoxide hydrochloride,1,DTXSID40880060,1.4876184864134094,predictions
anchorboost_acquisition,3,Cyclophosphamide monohydrate,1,DTXSID6024888,1.1399585030571815,predictions
anchorboost_acquisition,3,Cymoxanil,1,DTXSID6032358,0.5842193175259232,predictions
anchorboost_acquisition,3,Diazepam,1,DTXSID4020406,1.2764445151298383,predictions
anchorboost_acquisition,3,Diazoxon,1,DTXSID5037523,1.0692464773455257,predictions
anchorboost_acquisition,3,Diethylene glycol,1,DTXSID8020462,0.9967025782686273,predictions
anchorboost_acquisition,3,Diethylstilbestrol,1,DTXSID3020465,1.1465568451941124,predictions
anchorboost_acquisition,3,Difpas-pyrazole,1,DTXSID6048175,1.5415642368432823,predictions
anchorboost_acquisition,3,Dimethoate,1,DTXSID7020479,0.9465640699193962,predictions
anchorboost_acquisition,3,Endosulfan,1,DTXSID1020560,1.8602631385409107,predictions
anchorboost_acquisition,3,Endrin,1,DTXSID6020561,1.4068743615454222,predictions
anchorboost_acquisition,3,Fenitrothion,1,DTXSID4032613,0.8271029971699685,predictions
anchorboost_acquisition,3,Loperamide,1,DTXSID00880006,1.2568765982983126,predictions
anchorboost_acquisition,3,Malaoxon,1,DTXSID9020790,0.9468635964732537,predictions
anchorboost_acquisition,3,Methoxychlor,1,DTXSID9020827,1.51635549349714,predictions
anchorboost_acquisition,3,Naled,1,DTXSID1024209,1.2881123828478933,predictions
anchorboost_acquisition,3,Oxidopamine hydrochloride,1,DTXSID0045838,1.0192624109642823,predictions
anchorboost_acquisition,3,Permethrin,1,DTXSID8022292,1.3128122091443715,predictions
anchorboost_acquisition,3,PharmaGSID_47330,1,DTXSID9047330,1.1698329988120002,predictions
anchorboost_acquisition,3,Phenanthrene,1,DTXSID6024254,0.5057972799258056,predictions
anchorboost_acquisition,3,Pravastatin sodium,1,DTXSID6047525,1.6273131742901552,predictions
anchorboost_acquisition,3,S-Ethyl dipropylthiocarbamate,1,DTXSID1024091,0.8111033290275946,predictions
anchorboost_acquisition,3,Sodium saccharin hydrate,1,DTXSID7021992,1.1241855732231074,predictions
anchorboost_acquisition,3,Sodium valproate,1,DTXSID5037072,2.4513526593388013,predictions
anchorboost_acquisition,3,Terbufos,1,DTXSID2022254,1.8544431132763175,predictions
anchorboost_acquisition,3,Thalidomide,1,DTXSID9022524,1.3640743839409053,predictions
anchorboost_acquisition,3,Tributyltin methacrylate,1,parent:DTXSID3027403,1.1778560982965467,predictions
anchorboost_acquisition,3,Trimethyltin hydroxide,1,DTXSID9032240,2.571579045042916,predictions
anchorboost_acquisition,3,"Tris(1,3-dichloro-2-propyl) phosphate",1,DTXSID9026261,1.2481899204232367,predictions
anchorboost_acquisition,3,Tris(2-chloroethyl) phosphate,1,DTXSID5021411,1.2727552533236648,predictions
anchorboost_acquisition,3,Z-Tetrachlorvinphos,1,DTXSID1032648,1.2945762558667726,predictions
anchorboost_acquisition,3,"p,p'-DDD",1,DTXSID4020373,1.2051973996944945,predictions
anchorboost_acquisition,3,tert-Butylhydroquinone,1,DTXSID6020220,0.9578437482077895,predictions
anchorboost_acquisition,3,2-(m-Chlorophenoxy)propionic acid,2,DTXSID9034232,1.2393016853005812,predictions
anchorboost_acquisition,3,2-Ethylhexyl diphenyl phosphate,2,DTXSID1025300,1.0291338075492413,predictions
anchorboost_acquisition,3,"3,3',5,5'-Tetrabromobisphenol A",2,DTXSID1026081,0.755503770087788,predictions
anchorboost_acquisition,3,Abamectin,2,DTXSID8023892,1.4777834335410986,predictions
anchorboost_acquisition,3,Acenaphthylene,2,DTXSID3023845,0.6081175495519867,predictions
anchorboost_acquisition,3,Aldicarb,2,DTXSID0039223,0.9792797258437778,predictions
anchorboost_acquisition,3,Amoxicillin,2,DTXSID3037044,1.0800035151567922,predictions
anchorboost_acquisition,3,Azoxystrobin,2,DTXSID0032520,1.2462986108201541,predictions
anchorboost_acquisition,3,Benzo[a]pyrene,2,DTXSID2020139,0.8550733862096942,predictions
anchorboost_acquisition,3,Benzo[e]pyrene,2,DTXSID3023764,1.08871755360722,predictions
anchorboost_acquisition,3,Bis(2-ethylhexyl) tetrabromophthalate,2,DTXSID7027887,1.188463288108093,predictions
anchorboost_acquisition,3,Bisphenol AF,2,DTXSID7037717,1.052730287437622,predictions
anchorboost_acquisition,3,Bisphenol B,2,DTXSID4022442,1.032970885285409,predictions
anchorboost_acquisition,3,Cadmium(II) chloride hydrate (2:5),2,DTXSID4040183,1.1277102340260554,predictions
anchorboost_acquisition,3,Captan,2,DTXSID9020243,1.0021084082418996,predictions
anchorboost_acquisition,3,Carbamazepine,2,DTXSID4022731,0.9856832814663499,predictions
anchorboost_acquisition,3,Carbaryl,2,DTXSID9020247,2.185804846715784,predictions
anchorboost_acquisition,3,Cariporide mesylate,2,DTXSID3047344,1.0719542783929854,predictions
anchorboost_acquisition,3,Chloramben,2,DTXSID2020262,0.7218842576698871,predictions
anchorboost_acquisition,3,Chlorpromazine hydrochloride,2,DTXSID7024827,1.4305103558371803,predictions
anchorboost_acquisition,3,Clothianidin,2,DTXSID2034465,0.7537202554568507,predictions
anchorboost_acquisition,3,Dichlorvos,2,DTXSID5020449,0.8986656768926968,predictions
anchorboost_acquisition,3,Eugenol,2,DTXSID9020617,1.1116137106782251,predictions
anchorboost_acquisition,3,Fipronil,2,DTXSID4034609,1.1692927296070899,predictions
anchorboost_acquisition,3,Fluorene,2,DTXSID8024105,0.5601732640186625,predictions
anchorboost_acquisition,3,Glycerol,2,DTXSID9020663,0.6234580982869427,predictions
anchorboost_acquisition,3,L-Ascorbic acid,2,DTXSID5020106,1.0167955569739022,predictions
anchorboost_acquisition,3,Lindane,2,DTXSID2020686,1.512010000294342,predictions
anchorboost_acquisition,3,Maneb,2,DTXSID9020794,0.9535995561179078,predictions
anchorboost_acquisition,3,Manganese dichloride,2,parent:DTXSID5027279,1.0099045324958198,predictions
anchorboost_acquisition,3,Mercuric chloride,2,DTXSID5020811,1.3578308448812662,predictions
anchorboost_acquisition,3,Methamidophos,2,DTXSID6024177,0.8157430221838643,predictions
anchorboost_acquisition,3,Methylmercuric(II) chloride,2,DTXSID5020813,1.4237653723391568,predictions
anchorboost_acquisition,3,Mevastatin,2,DTXSID4040684,1.2119158310024236,predictions
anchorboost_acquisition,3,Mirex,2,DTXSID7020895,1.4722356880347602,predictions
anchorboost_acquisition,3,"Octachloro-4,7-methanotetrahydroindane",2,DTXSID7020267,1.2371796784256188,predictions
anchorboost_acquisition,3,Parathion,2,DTXSID7021100,0.8475143826661553,predictions
anchorboost_acquisition,3,Prallethrin,2,DTXSID0032572,1.0933448111215753,predictions
anchorboost_acquisition,3,Reserpine,2,DTXSID7021237,2.057668954315904,predictions
anchorboost_acquisition,3,Sodium arsenite,2,DTXSID5020104,1.801815388927207,predictions
anchorboost_acquisition,3,Tebuconazole,2,DTXSID9032113,2.175801637571582,predictions
anchorboost_acquisition,3,Terbutaline hemisulfate,2,DTXSID3045437,0.8140412579068894,predictions
anchorboost_acquisition,3,Tetraethylthiuram disulfide,2,DTXSID1021322,1.2119982315272777,predictions
anchorboost_acquisition,3,Tetramethrin,2,DTXSID6032649,0.8443098265463114,predictions
anchorboost_acquisition,3,Tribufos,2,DTXSID1024174,1.4424216854218501,predictions
anchorboost_acquisition,3,Trichlorfon,2,DTXSID0021389,1.2304762526757422,predictions
anchorboost_acquisition,3,Trifloxystrobin,2,DTXSID4032580,1.0501278828116383,predictions
anchorboost_acquisition,3,Tris(methylphenyl) phosphate,2,DTXSID4021391,0.9267585866397082,predictions
anchorboost_acquisition,3,"o,p'-DDT",2,parent:DTXSID4020375,1.417308486367767,predictions
anchorboost_acquisition,3,1-Methyl-4-phenylpyridinium iodide,3,DTXSID40880040,1.2112709619607949,predictions
anchorboost_acquisition,3,"2-Ethylhexyl 2,3,4,5-tetrabromobenzoate",3,DTXSID9052686,1.7400395252204028,predictions
anchorboost_acquisition,3,3-Iodo-2-propynyl-N-butylcarbamate,3,DTXSID0028038,1.113358286261197,predictions
anchorboost_acquisition,3,"5,5-Diphenylhydantoin",3,DTXSID8020541,0.8975709625240398,predictions
anchorboost_acquisition,3,6-Methyl-2-thiouracil,3,DTXSID2020890,1.0248501003889767,predictions
anchorboost_acquisition,3,Acenaphthene,3,DTXSID3021774,0.823665136723546,predictions
anchorboost_acquisition,3,Allethrin,3,parent:DTXSID2039336,1.0932831845977065,predictions
anchorboost_acquisition,3,Anthracene,3,DTXSID0023878,0.8410680707770688,predictions
anchorboost_acquisition,3,Benzo(b)fluoranthene,3,DTXSID0023907,0.8613370788337583,predictions
anchorboost_acquisition,3,Carbofuran,3,DTXSID9020249,1.0466599288190477,predictions
anchorboost_acquisition,3,Chlorendic acid,3,DTXSID2020268,0.8875880355892946,predictions
anchorboost_acquisition,3,Clodinafop-propargyl,3,DTXSID6032354,0.6768386790909815,predictions
anchorboost_acquisition,3,Cocaine,3,DTXSID2038443,0.84383927405867,predictions
anchorboost_acquisition,3,Colchicine,3,DTXSID5024845,0.7866444965550167,predictions
anchorboost_acquisition,3,D-Mannitol,3,DTXSID1023235,0.9906023991094987,predictions
anchorboost_acquisition,3,DDT,3,parent:DTXSID4020375,1.1622954890046198,predictions
anchorboost_acquisition,3,Deltamethrin,3,DTXSID8020381,1.4741318119019695,predictions
anchorboost_acquisition,3,Dexamethasone,3,DTXSID3020384,0.9692413782931247,predictions
anchorboost_acquisition,3,"Dibenz[a,c]anthracene",3,DTXSID9049245,0.9815300695705979,predictions
anchorboost_acquisition,3,Dicrotophos,3,DTXSID9023914,0.9619183988003709,predictions
anchorboost_acquisition,3,Emamectin benzoate,3,DTXSID0034566,1.5707158042047569,predictions
anchorboost_acquisition,3,Es-fenvalerate,3,DTXSID4032667,0.9960776022829384,predictions
anchorboost_acquisition,3,Esketamine hydrochloride,3,DTXSID601027734,1.102986982828516,predictions
anchorboost_acquisition,3,Etofenprox,3,DTXSID9032610,1.0553346248930442,predictions
anchorboost_acquisition,3,Fenpropathrin,3,DTXSID0024002,1.0708014883153034,predictions
anchorboost_acquisition,3,Firemaster 550,3,DTXSID70880073,1.042543839958753,predictions
anchorboost_acquisition,3,Folic acid,3,DTXSID0022519,1.1237246943108596,predictions
anchorboost_acquisition,3,Haloperidol,3,DTXSID4034150,1.578082462127047,predictions
anchorboost_acquisition,3,Hexachlorophene,3,DTXSID6020690,1.5923180338782459,predictions
anchorboost_acquisition,3,Lead(II) acetate trihydrate,3,DTXSID3031521,1.8603964335312828,predictions
anchorboost_acquisition,3,Malathion,3,DTXSID4020791,1.1685348253587176,predictions
anchorboost_acquisition,3,Mancozeb,3,DTXSID0034695,0.7162165858834806,predictions
anchorboost_acquisition,3,Manganese(II) acetate,3,parent:DTXSID5027279,0.7840072591847671,predictions
anchorboost_acquisition,3,Naloxone hydrochloride dihydrate,3,DTXSID90199452,0.9828572800471255,predictions
anchorboost_acquisition,3,Phenol,3,DTXSID5021124,1.0118253427947665,predictions
anchorboost_acquisition,3,Phorate,3,DTXSID4032459,1.3437188905071724,predictions
anchorboost_acquisition,3,Piperonyl butoxide,3,DTXSID1021166,1.1792247111052987,predictions
anchorboost_acquisition,3,Profenofos,3,DTXSID3032464,1.1453427779226069,predictions
anchorboost_acquisition,3,Pyrene,3,DTXSID3024289,0.6366356550526527,predictions
anchorboost_acquisition,3,S-Bioallethrin,3,parent:DTXSID2039336,1.1349538768177383,predictions
anchorboost_acquisition,3,Simvastatin,3,DTXSID0023581,1.7798413319221003,predictions
anchorboost_acquisition,3,Sodium fluoride,3,DTXSID2020630,0.8357630403531656,predictions
anchorboost_acquisition,3,Spiroxamine,3,DTXSID1034212,1.759905664050444,predictions
anchorboost_acquisition,3,Tamoxifen,3,DTXSID1034187,1.3267932092586452,predictions
anchorboost_acquisition,3,Tefluthrin,3,DTXSID5032577,1.0342789233860317,predictions
anchorboost_acquisition,3,Tetracycline,3,DTXSID7023645,0.8605080852578224,predictions
anchorboost_acquisition,3,Thiamethoxam,3,DTXSID2034962,0.7704507489206269,predictions
anchorboost_acquisition,3,Tributyltin chloride,3,parent:DTXSID3027403,1.1000764693504208,predictions
anchorboost_acquisition,3,Triphenyl phosphates isopropylated,3,DTXSID4028880,1.3309862593378294,predictions
anchorboost_acquisition,3,(-)-Nicotine,4,DTXSID1020930,1.232738497146916,predictions
anchorboost_acquisition,3,17beta-Estradiol,4,DTXSID0020573,0.7769412938647701,predictions
anchorboost_acquisition,3,"2,2-Bis(4-hydroxyphenyl)-1,1,1-trichloroethane",4,DTXSID8022325,1.144461711879978,predictions
anchorboost_acquisition,3,"4,4'-Sulfonyldiphenol",4,DTXSID3022409,1.1138284793090514,predictions
anchorboost_acquisition,3,6-aminopyridine-3-carboxamide,4,DTXSID5051446,1.5653899292495705,predictions
anchorboost_acquisition,3,Acetamiprid,4,DTXSID0034300,1.2580655422819498,predictions
anchorboost_acquisition,3,Atrazine,4,DTXSID9020112,0.7741872017960457,predictions
anchorboost_acquisition,3,Bensulide,4,DTXSID9032329,1.2097247745261241,predictions
anchorboost_acquisition,3,CP-409092,4,DTXSID2047276,0.9710545605628514,predictions
anchorboost_acquisition,3,Captopril,4,DTXSID1037197,1.2207566153227256,predictions
anchorboost_acquisition,3,Chlorethoxyfos,4,DTXSID2032344,1.5770187287901265,predictions
anchorboost_acquisition,3,Chlorpyrifos oxon,4,DTXSID1038666,1.467256496927159,predictions
anchorboost_acquisition,3,Chrysene,4,DTXSID0022432,0.6978068328402126,predictions
anchorboost_acquisition,3,Clove leaf oil,4,DTXSID8044175,1.14100834668556,predictions
anchorboost_acquisition,3,Cotinine,4,DTXSID1047576,0.7076021273911655,predictions
anchorboost_acquisition,3,Coumaphos,4,DTXSID2020347,1.2242564667262699,predictions
anchorboost_acquisition,3,Cypermethrin,4,DTXSID1023998,1.230857700394211,predictions
anchorboost_acquisition,3,D-Glucitol,4,DTXSID5023588,0.967922478289241,predictions
anchorboost_acquisition,3,Dextroamphetamine sulfate,4,DTXSID2057865,0.8443998513383197,predictions
anchorboost_acquisition,3,Di(2-ethylhexyl) phthalate,4,DTXSID5020607,1.442811531067482,predictions
anchorboost_acquisition,3,Diazinon,4,DTXSID9020407,1.394500505919527,predictions
anchorboost_acquisition,3,Dieldrin,4,DTXSID9020453,1.6210158986921708,predictions
anchorboost_acquisition,3,Diphenhydramine hydrochloride,4,DTXSID4020537,1.1752029813991591,predictions
anchorboost_acquisition,3,Fosthiazate,4,DTXSID0034930,1.0139302131888432,predictions
anchorboost_acquisition,3,Heptachlor epoxide B,4,DTXSID1024126,1.9769174831404885,predictions
anchorboost_acquisition,3,Imidacloprid,4,DTXSID5032442,0.9827457833053079,predictions
anchorboost_acquisition,3,Isodecyl diphenyl phosphate,4,DTXSID3025465,0.6789374891782621,predictions
anchorboost_acquisition,3,Kepone,4,DTXSID1020770,1.202436579288836,predictions
anchorboost_acquisition,3,Methimazole,4,DTXSID4020820,1.1387704316183065,predictions
anchorboost_acquisition,3,Molinate,4,DTXSID6024206,0.9810486151260029,predictions
anchorboost_acquisition,3,Octylbicycloheptenedicarboximide,4,DTXSID6032562,1.0601785185992036,predictions
anchorboost_acquisition,3,Paraquat dichloride,4,DTXSID7024243,1.4917806648538845,predictions
anchorboost_acquisition,3,Perfluoroundecanoic acid,4,DTXSID8047553,1.1393917230300892,predictions
anchorboost_acquisition,3,Phenobarbital,4,parent:DTXSID0021123,0.9030215046638526,predictions
anchorboost_acquisition,3,Phenylmercuric acetate,4,DTXSID7021150,0.8021219513044973,predictions
anchorboost_acquisition,3,Phosmet,4,DTXSID5024261,1.367600871469318,predictions
anchorboost_acquisition,3,Picoxystrobin,4,DTXSID9047542,1.1084187194454274,predictions
anchorboost_acquisition,3,Resmethrin,4,DTXSID7022253,0.9478915506975873,predictions
anchorboost_acquisition,3,Retinoic acid,4,DTXSID7021239,1.517696908767825,predictions
anchorboost_acquisition,3,Rotenone,4,DTXSID6021248,1.1948384142401056,predictions
anchorboost_acquisition,3,Sodium orthovanadate,4,DTXSID2037269,1.1165372634359048,predictions
anchorboost_acquisition,3,Tebupirimfos,4,DTXSID1032482,1.562673633874065,predictions
anchorboost_acquisition,3,Triphenyl phosphate,4,DTXSID1021952,0.7533468187913479,predictions
anchorboost_acquisition,3,Triphenyl phosphite,4,DTXSID0026252,0.802062351846294,predictions
anchorboost_acquisition,3,Tris(2-chloroisopropyl)phosphate,4,DTXSID5026259,0.7680138775986949,predictions
anchorboost_acquisition,3,Valinomycin,4,DTXSID9041150,1.9181784851878174,predictions
anchorboost_acquisition,3,tert-Butylphenyl diphenyl phosphate,4,DTXSID6024701,1.3576698781465586,predictions
chemical_mean,1,1-Ethyl-3-methyl-1H-imidazol-3-ium diethyl phosphate,0,DTXSID9047889,1.1642869102250288,predictions
chemical_mean,1,"1H,1H,2H,2H-Perfluorooctyl iodide",0,DTXSID2047565,0.8880027190198831,predictions
chemical_mean,1,"2,2',4,4',5,5'-Hexabromodiphenyl ether",0,DTXSID4030047,1.6979468823239252,predictions
chemical_mean,1,"2,2',4,4',5-Pentabromodiphenyl ether",0,DTXSID9030048,2.5537324206513494,predictions
chemical_mean,1,"2,2',4,4'-Tetrabromodiphenyl ether",0,DTXSID3030056,1.5644877481260835,predictions
chemical_mean,1,2-Methoxyethanol,0,DTXSID5024182,1.003904379686583,predictions
chemical_mean,1,"3,3'-Iminobispropanenitrile",0,DTXSID2041464,0.9144029621292329,predictions
chemical_mean,1,4H-Cyclopenta(def)phenanthrene,0,DTXSID1024887,0.9963370790642998,predictions
chemical_mean,1,6-Propyl-2-thiouracil,0,DTXSID5021209,2.1875959538176355,predictions
chemical_mean,1,Acrylamide,0,DTXSID5020027,1.1966794015038957,predictions
chemical_mean,1,Aldrin,0,DTXSID8020040,3.089540301084967,predictions
chemical_mean,1,Benz(a)anthracene,0,DTXSID5023902,1.3617009156912787,predictions
chemical_mean,1,"Benzo[g,h,i]perylene",0,DTXSID5023908,1.1912148202568207,predictions
chemical_mean,1,Boric acid (H3BO3),0,DTXSID1020194,0.9594272137267094,predictions
chemical_mean,1,Boscalid,0,DTXSID6034392,1.1749937067756822,predictions
chemical_mean,1,CP-457920,0,DTXSID4047254,1.5586903365837663,predictions
chemical_mean,1,Chlorpyrifos,0,DTXSID4020458,2.6993350270801924,predictions
chemical_mean,1,Cyfluthrin,0,DTXSID5035957,2.5401876900958866,predictions
chemical_mean,1,Cytarabine,0,DTXSID3022877,3.2245144193364568,predictions
chemical_mean,1,"Dibenz[a,h]anthracene",0,DTXSID9020409,1.044010748344299,predictions
chemical_mean,1,Disulfoton,0,DTXSID0022018,0.8566630415709726,predictions
chemical_mean,1,Enadoline,0,DTXSID4047258,2.047981612536607,predictions
chemical_mean,1,Erythromycin,0,DTXSID4022991,1.424248945624191,predictions
chemical_mean,1,Ethoprop,0,DTXSID4032611,1.9254923432002617,predictions
chemical_mean,1,Fenamiphos,0,DTXSID3024102,1.2890744825398193,predictions
chemical_mean,1,Fluconazole,0,DTXSID3020627,1.281694816681614,predictions
chemical_mean,1,Flufenacet,0,DTXSID2032552,1.051149966380463,predictions
chemical_mean,1,Fluoxastrobin,0,DTXSID2034625,2.5534894745783183,predictions
chemical_mean,1,Fluoxetine hydrochloride,0,DTXSID7020635,3.1567424351742828,predictions
chemical_mean,1,Flusilazole,0,DTXSID3024235,2.0163404263322535,predictions
chemical_mean,1,Glyphosate,0,DTXSID1024122,1.2963567810119871,predictions
chemical_mean,1,Hydroxyurea,0,DTXSID6025438,1.605085081212661,predictions
chemical_mean,1,Isoniazid,0,DTXSID8020755,1.5969563040589154,predictions
chemical_mean,1,L-Domoic acid,0,DTXSID20274180,3.6604862888655063,predictions
chemical_mean,1,Lactofen,0,DTXSID7024160,1.2711496194139298,predictions
chemical_mean,1,Lovastatin,0,DTXSID5020784,3.291319624059222,predictions
chemical_mean,1,Methadone hydrochloride,0,DTXSID2020501,2.2626569626244244,predictions
chemical_mean,1,Methotrexate,0,DTXSID4020822,1.605680365363583,predictions
chemical_mean,1,Naphthalene,0,DTXSID8020913,1.1921653828064216,predictions
chemical_mean,1,Omethoate,0,DTXSID4037580,1.2679013140817228,predictions
chemical_mean,1,Phenobarbital sodium,0,parent:DTXSID0021123,1.1373324134771219,predictions
chemical_mean,1,Pirimiphos-methyl,0,DTXSID0024266,2.7094126633134135,predictions
chemical_mean,1,Pyraclostrobin,0,DTXSID7032638,3.270658129355881,predictions
chemical_mean,1,Sodium benzoate,0,DTXSID1020140,1.0858963761292062,predictions
chemical_mean,1,Spirodiclofen,0,DTXSID6034928,0.7875129905772499,predictions
chemical_mean,1,Thiacloprid,0,DTXSID7034961,1.259899940858866,predictions
chemical_mean,1,Triclosan,0,DTXSID5032498,2.7877323606455056,predictions
chemical_mean,1,Triethyltin bromide,0,DTXSID9040712,3.350489673229414,predictions
chemical_mean,1,"p,p'-DDE",0,DTXSID9020374,2.238206377407102,predictions
chemical_mean,1,(Methylcyclopentadienyl)tricarbonylmanganese,1,DTXSID9027738,1.450949913398157,predictions
chemical_mean,1,"1,2-Propylene glycol",1,DTXSID0021206,1.7376449773592566,predictions
chemical_mean,1,5-Chloro-2-methyl-3(2H)-isothiazolone,1,DTXSID9034286,2.4641618459260677,predictions
chemical_mean,1,5-Fluorouracil,1,DTXSID2020634,3.6241568931556642,predictions
chemical_mean,1,Acephate,1,DTXSID8023846,1.1249024838404167,predictions
chemical_mean,1,Acetaminophen,1,DTXSID2020006,0.5815972474890455,predictions
chemical_mean,1,Aspirin,1,DTXSID5020108,0.7855747031026998,predictions
chemical_mean,1,Auramine hydrochloride,1,DTXSID9020114,2.5782896821540016,predictions
chemical_mean,1,Benzo[k]fluoranthene,1,DTXSID0023909,1.2756508207609294,predictions
chemical_mean,1,Berberine chloride,1,DTXSID8024602,2.7178133720495277,predictions
chemical_mean,1,Bifenthrin,1,DTXSID9020160,2.7793726161314534,predictions
chemical_mean,1,Bis(tributyltin)oxide,1,parent:DTXSID3027403,4.386097679893224,predictions
chemical_mean,1,Bisindolylmaleimide I,1,DTXSID50157932,2.5918201920315544,predictions
chemical_mean,1,Bisphenol A,1,DTXSID7020182,1.7512569265934652,predictions
chemical_mean,1,Busulfan,1,DTXSID3020910,0.8780098870979094,predictions
chemical_mean,1,Caffeine,1,DTXSID0020232,1.2383897745314656,predictions
chemical_mean,1,Chlordiazepoxide hydrochloride,1,DTXSID40880060,2.9492972473391257,predictions
chemical_mean,1,Cyclophosphamide monohydrate,1,DTXSID6024888,1.4402794735154407,predictions
chemical_mean,1,Cymoxanil,1,DTXSID6032358,0.7312710627020957,predictions
chemical_mean,1,Diazepam,1,DTXSID4020406,1.7918273853188675,predictions
chemical_mean,1,Diazoxon,1,DTXSID5037523,1.1263687994566771,predictions
chemical_mean,1,Diethylene glycol,1,DTXSID8020462,1.264204635758083,predictions
chemical_mean,1,Diethylstilbestrol,1,DTXSID3020465,2.02024786871661,predictions
chemical_mean,1,Difpas-pyrazole,1,DTXSID6048175,1.6763916659186275,predictions
chemical_mean,1,Dimethoate,1,DTXSID7020479,1.757291647245691,predictions
chemical_mean,1,Endosulfan,1,DTXSID1020560,3.193070474184683,predictions
chemical_mean,1,Endrin,1,DTXSID6020561,1.729474054338415,predictions
chemical_mean,1,Fenitrothion,1,DTXSID4032613,0.9759588801722024,predictions
chemical_mean,1,Loperamide,1,DTXSID00880006,3.423346884352045,predictions
chemical_mean,1,Malaoxon,1,DTXSID9020790,1.1073157848858688,predictions
chemical_mean,1,Methoxychlor,1,DTXSID9020827,2.3531073507454057,predictions
chemical_mean,1,Naled,1,DTXSID1024209,3.195278434394125,predictions
chemical_mean,1,Oxidopamine hydrochloride,1,DTXSID0045838,2.334071691134213,predictions
chemical_mean,1,Permethrin,1,DTXSID8022292,1.994740559255537,predictions
chemical_mean,1,PharmaGSID_47330,1,DTXSID9047330,1.851931945997127,predictions
chemical_mean,1,Phenanthrene,1,DTXSID6024254,0.6720771505811631,predictions
chemical_mean,1,Pravastatin sodium,1,DTXSID6047525,3.3755901234009387,predictions
chemical_mean,1,S-Ethyl dipropylthiocarbamate,1,DTXSID1024091,0.8758379795677037,predictions
chemical_mean,1,Sodium saccharin hydrate,1,DTXSID7021992,1.3650338000588675,predictions
chemical_mean,1,Sodium valproate,1,DTXSID5037072,1.4491060834231912,predictions
chemical_mean,1,Terbufos,1,DTXSID2022254,2.326410234334155,predictions
chemical_mean,1,Thalidomide,1,DTXSID9022524,1.5548521763919017,predictions
chemical_mean,1,Tributyltin methacrylate,1,parent:DTXSID3027403,2.2683690511006103,predictions
chemical_mean,1,Trimethyltin hydroxide,1,DTXSID9032240,3.5807029446411662,predictions
chemical_mean,1,"Tris(1,3-dichloro-2-propyl) phosphate",1,DTXSID9026261,1.5550705387028771,predictions
chemical_mean,1,Tris(2-chloroethyl) phosphate,1,DTXSID5021411,1.483699454443858,predictions
chemical_mean,1,Z-Tetrachlorvinphos,1,DTXSID1032648,1.5517344061493243,predictions
chemical_mean,1,"p,p'-DDD",1,DTXSID4020373,2.3705322970862808,predictions
chemical_mean,1,tert-Butylhydroquinone,1,DTXSID6020220,2.0902534472831413,predictions
chemical_mean,1,2-(m-Chlorophenoxy)propionic acid,2,DTXSID9034232,1.4281122381534765,predictions
chemical_mean,1,2-Ethylhexyl diphenyl phosphate,2,DTXSID1025300,1.6475952355222803,predictions
chemical_mean,1,"3,3',5,5'-Tetrabromobisphenol A",2,DTXSID1026081,0.9958428896519479,predictions
chemical_mean,1,Abamectin,2,DTXSID8023892,3.0822148611965536,predictions
chemical_mean,1,Acenaphthylene,2,DTXSID3023845,0.7104393644059789,predictions
chemical_mean,1,Aldicarb,2,DTXSID0039223,1.4660195689453221,predictions
chemical_mean,1,Amoxicillin,2,DTXSID3037044,1.1771355061400404,predictions
chemical_mean,1,Azoxystrobin,2,DTXSID0032520,3.1616859674800466,predictions
chemical_mean,1,Benzo[a]pyrene,2,DTXSID2020139,1.295773586971496,predictions
chemical_mean,1,Benzo[e]pyrene,2,DTXSID3023764,1.5185757553890826,predictions
chemical_mean,1,Bis(2-ethylhexyl) tetrabromophthalate,2,DTXSID7027887,1.7824429486566586,predictions
chemical_mean,1,Bisphenol AF,2,DTXSID7037717,1.2264683551719788,predictions
chemical_mean,1,Bisphenol B,2,DTXSID4022442,1.7523760676170028,predictions
chemical_mean,1,Cadmium(II) chloride hydrate (2:5),2,DTXSID4040183,3.243682888900717,predictions
chemical_mean,1,Captan,2,DTXSID9020243,2.0075780638232077,predictions
chemical_mean,1,Carbamazepine,2,DTXSID4022731,1.0775894661351255,predictions
chemical_mean,1,Carbaryl,2,DTXSID9020247,3.2963776767336284,predictions
chemical_mean,1,Cariporide mesylate,2,DTXSID3047344,1.4769025350019702,predictions
chemical_mean,1,Chloramben,2,DTXSID2020262,1.2081451440373219,predictions
chemical_mean,1,Chlorpromazine hydrochloride,2,DTXSID7024827,2.694116987122754,predictions
chemical_mean,1,Clothianidin,2,DTXSID2034465,0.8868634870095997,predictions
chemical_mean,1,Dichlorvos,2,DTXSID5020449,1.24303362214699,predictions
chemical_mean,1,Eugenol,2,DTXSID9020617,1.4393846895676856,predictions
chemical_mean,1,Fipronil,2,DTXSID4034609,1.6429415955485602,predictions
chemical_mean,1,Fluorene,2,DTXSID8024105,0.7379864277192574,predictions
chemical_mean,1,Glycerol,2,DTXSID9020663,0.846747556290425,predictions
chemical_mean,1,L-Ascorbic acid,2,DTXSID5020106,1.0521303713934942,predictions
chemical_mean,1,Lindane,2,DTXSID2020686,2.191460235392693,predictions
chemical_mean,1,Maneb,2,DTXSID9020794,1.1922162114760204,predictions
chemical_mean,1,Manganese dichloride,2,parent:DTXSID5027279,1.2484745795418526,predictions
chemical_mean,1,Mercuric chloride,2,DTXSID5020811,2.678001260473338,predictions
chemical_mean,1,Methamidophos,2,DTXSID6024177,0.8276918774640745,predictions
chemical_mean,1,Methylmercuric(II) chloride,2,DTXSID5020813,3.6754167392158834,predictions
chemical_mean,1,Mevastatin,2,DTXSID4040684,3.3010212510195247,predictions
chemical_mean,1,Mirex,2,DTXSID7020895,3.603974981347185,predictions
chemical_mean,1,"Octachloro-4,7-methanotetrahydroindane",2,DTXSID7020267,2.4140822841140634,predictions
chemical_mean,1,Parathion,2,DTXSID7021100,1.0489452612340875,predictions
chemical_mean,1,Prallethrin,2,DTXSID0032572,1.9981887025318035,predictions
chemical_mean,1,Reserpine,2,DTXSID7021237,3.024490141862045,predictions
chemical_mean,1,Sodium arsenite,2,DTXSID5020104,4.205948927781632,predictions
chemical_mean,1,Tebuconazole,2,DTXSID9032113,3.093522513195833,predictions
chemical_mean,1,Terbutaline hemisulfate,2,DTXSID3045437,0.9465964662041276,predictions
chemical_mean,1,Tetraethylthiuram disulfide,2,DTXSID1021322,2.455247168233853,predictions
chemical_mean,1,Tetramethrin,2,DTXSID6032649,1.0434339608251872,predictions
chemical_mean,1,Tribufos,2,DTXSID1024174,3.0169980017197493,predictions
chemical_mean,1,Trichlorfon,2,DTXSID0021389,2.9751841619276362,predictions
chemical_mean,1,Trifloxystrobin,2,DTXSID4032580,3.327374468850094,predictions
chemical_mean,1,Tris(methylphenyl) phosphate,2,DTXSID4021391,1.330186993568655,predictions
chemical_mean,1,"o,p'-DDT",2,parent:DTXSID4020375,2.8467228633173507,predictions
chemical_mean,1,1-Methyl-4-phenylpyridinium iodide,3,DTXSID40880040,1.658839341282988,predictions
chemical_mean,1,"2-Ethylhexyl 2,3,4,5-tetrabromobenzoate",3,DTXSID9052686,2.326496503185017,predictions
chemical_mean,1,3-Iodo-2-propynyl-N-butylcarbamate,3,DTXSID0028038,2.2409973694626624,predictions
chemical_mean,1,"5,5-Diphenylhydantoin",3,DTXSID8020541,1.3097132301794145,predictions
chemical_mean,1,6-Methyl-2-thiouracil,3,DTXSID2020890,1.4312895664453713,predictions
chemical_mean,1,Acenaphthene,3,DTXSID3021774,1.105455017361023,predictions
chemical_mean,1,Allethrin,3,parent:DTXSID2039336,1.8989999762929244,predictions
chemical_mean,1,Anthracene,3,DTXSID0023878,1.0168573068920521,predictions
chemical_mean,1,Benzo(b)fluoranthene,3,DTXSID0023907,1.715657392049329,predictions
chemical_mean,1,Carbofuran,3,DTXSID9020249,1.3183315655010566,predictions
chemical_mean,1,Chlorendic acid,3,DTXSID2020268,1.0638129976259223,predictions
chemical_mean,1,Clodinafop-propargyl,3,DTXSID6032354,0.883277410792228,predictions
chemical_mean,1,Cocaine,3,DTXSID2038443,0.9673052182434784,predictions
chemical_mean,1,Colchicine,3,DTXSID5024845,0.6132601026943102,predictions
chemical_mean,1,D-Mannitol,3,DTXSID1023235,1.171368514341561,predictions
chemical_mean,1,DDT,3,parent:DTXSID4020375,2.615808603946527,predictions
chemical_mean,1,Deltamethrin,3,DTXSID8020381,3.157535068171854,predictions
chemical_mean,1,Dexamethasone,3,DTXSID3020384,1.210171161163442,predictions
chemical_mean,1,"Dibenz[a,c]anthracene",3,DTXSID9049245,1.4098106206293282,predictions
chemical_mean,1,Dicrotophos,3,DTXSID9023914,1.0594069738713707,predictions
chemical_mean,1,Emamectin benzoate,3,DTXSID0034566,3.0358636224262767,predictions
chemical_mean,1,Es-fenvalerate,3,DTXSID4032667,2.5321595384453834,predictions
chemical_mean,1,Esketamine hydrochloride,3,DTXSID601027734,1.5255126313494638,predictions
chemical_mean,1,Etofenprox,3,DTXSID9032610,1.6281669397933825,predictions
chemical_mean,1,Fenpropathrin,3,DTXSID0024002,2.194090658658638,predictions
chemical_mean,1,Firemaster 550,3,DTXSID70880073,1.8927847057768,predictions
chemical_mean,1,Folic acid,3,DTXSID0022519,1.4142660376523772,predictions
chemical_mean,1,Haloperidol,3,DTXSID4034150,2.946145668965055,predictions
chemical_mean,1,Hexachlorophene,3,DTXSID6020690,3.282234872961368,predictions
chemical_mean,1,Lead(II) acetate trihydrate,3,DTXSID3031521,2.7232578912329815,predictions
chemical_mean,1,Malathion,3,DTXSID4020791,2.4567405659174057,predictions
chemical_mean,1,Mancozeb,3,DTXSID0034695,0.985303417482314,predictions
chemical_mean,1,Manganese(II) acetate,3,parent:DTXSID5027279,1.0947425864960274,predictions
chemical_mean,1,Naloxone hydrochloride dihydrate,3,DTXSID90199452,1.1228118621151777,predictions
chemical_mean,1,Phenol,3,DTXSID5021124,1.312288356596169,predictions
chemical_mean,1,Phorate,3,DTXSID4032459,2.5112618463644516,predictions
chemical_mean,1,Piperonyl butoxide,3,DTXSID1021166,1.9405444928781133,predictions
chemical_mean,1,Profenofos,3,DTXSID3032464,1.4098711512653164,predictions
chemical_mean,1,Pyrene,3,DTXSID3024289,0.803277003548315,predictions
chemical_mean,1,S-Bioallethrin,3,parent:DTXSID2039336,1.7929459822026055,predictions
chemical_mean,1,Simvastatin,3,DTXSID0023581,3.4253741126654065,predictions
chemical_mean,1,Sodium fluoride,3,DTXSID2020630,1.13723594418421,predictions
chemical_mean,1,Spiroxamine,3,DTXSID1034212,3.3576214868219445,predictions
chemical_mean,1,Tamoxifen,3,DTXSID1034187,2.204446427100044,predictions
chemical_mean,1,Tefluthrin,3,DTXSID5032577,2.4940988159753195,predictions
chemical_mean,1,Tetracycline,3,DTXSID7023645,0.9575312367307486,predictions
chemical_mean,1,Thiamethoxam,3,DTXSID2034962,0.9062668331705339,predictions
chemical_mean,1,Tributyltin chloride,3,parent:DTXSID3027403,2.335332359748906,predictions
chemical_mean,1,Triphenyl phosphates isopropylated,3,DTXSID4028880,1.9310517543831953,predictions
chemical_mean,1,(-)-Nicotine,4,DTXSID1020930,1.5704649936454669,predictions
chemical_mean,1,17beta-Estradiol,4,DTXSID0020573,1.2628534204546036,predictions
chemical_mean,1,"2,2-Bis(4-hydroxyphenyl)-1,1,1-trichloroethane",4,DTXSID8022325,1.794001626470185,predictions
chemical_mean,1,"4,4'-Sulfonyldiphenol",4,DTXSID3022409,1.221022654241734,predictions
chemical_mean,1,6-aminopyridine-3-carboxamide,4,DTXSID5051446,3.7557859846832344,predictions
chemical_mean,1,Acetamiprid,4,DTXSID0034300,1.7933519307421246,predictions
chemical_mean,1,Atrazine,4,DTXSID9020112,1.0993679166589578,predictions
chemical_mean,1,Bensulide,4,DTXSID9032329,2.813674764469453,predictions
chemical_mean,1,CP-409092,4,DTXSID2047276,1.487189430409698,predictions
chemical_mean,1,Captopril,4,DTXSID1037197,1.4820545407864223,predictions
chemical_mean,1,Chlorethoxyfos,4,DTXSID2032344,2.9358990086375263,predictions
chemical_mean,1,Chlorpyrifos oxon,4,DTXSID1038666,1.4886071380256507,predictions
chemical_mean,1,Chrysene,4,DTXSID0022432,0.8149806509511028,predictions
chemical_mean,1,Clove leaf oil,4,DTXSID8044175,1.8251597108159678,predictions
chemical_mean,1,Cotinine,4,DTXSID1047576,0.8640594883752748,predictions
chemical_mean,1,Coumaphos,4,DTXSID2020347,2.5851183463690695,predictions
chemical_mean,1,Cypermethrin,4,DTXSID1023998,2.4727768522045492,predictions
chemical_mean,1,D-Glucitol,4,DTXSID5023588,1.0983855859343814,predictions
chemical_mean,1,Dextroamphetamine sulfate,4,DTXSID2057865,1.0560197001496587,predictions
chemical_mean,1,Di(2-ethylhexyl) phthalate,4,DTXSID5020607,2.4719132591094297,predictions
chemical_mean,1,Diazinon,4,DTXSID9020407,1.9293610391142622,predictions
chemical_mean,1,Dieldrin,4,DTXSID9020453,3.5574853652117477,predictions
chemical_mean,1,Diphenhydramine hydrochloride,4,DTXSID4020537,2.2939932599426203,predictions
chemical_mean,1,Fosthiazate,4,DTXSID0034930,1.1412054989039642,predictions
chemical_mean,1,Heptachlor epoxide B,4,DTXSID1024126,2.462762320256303,predictions
chemical_mean,1,Imidacloprid,4,DTXSID5032442,1.291772338180054,predictions
chemical_mean,1,Isodecyl diphenyl phosphate,4,DTXSID3025465,1.0429012349187385,predictions
chemical_mean,1,Kepone,4,DTXSID1020770,2.232875878509567,predictions
chemical_mean,1,Methimazole,4,DTXSID4020820,1.357383068944161,predictions
chemical_mean,1,Molinate,4,DTXSID6024206,1.4838157942761758,predictions
chemical_mean,1,Octylbicycloheptenedicarboximide,4,DTXSID6032562,1.5760770911149191,predictions
chemical_mean,1,Paraquat dichloride,4,DTXSID7024243,4.131771530872949,predictions
chemical_mean,1,Perfluoroundecanoic acid,4,DTXSID8047553,1.0869812108866015,predictions
chemical_mean,1,Phenobarbital,4,parent:DTXSID0021123,1.039635693688132,predictions
chemical_mean,1,Phenylmercuric acetate,4,DTXSID7021150,1.8792301552012993,predictions
chemical_mean,1,Phosmet,4,DTXSID5024261,2.568563216576293,predictions
chemical_mean,1,Picoxystrobin,4,DTXSID9047542,2.863277113977665,predictions
chemical_mean,1,Resmethrin,4,DTXSID7022253,1.2948013825887734,predictions
chemical_mean,1,Retinoic acid,4,DTXSID7021239,2.0431287390554056,predictions
chemical_mean,1,Rotenone,4,DTXSID6021248,2.403129449271171,predictions
chemical_mean,1,Sodium orthovanadate,4,DTXSID2037269,1.9254056981018475,predictions
chemical_mean,1,Tebupirimfos,4,DTXSID1032482,2.1801180792609314,predictions
chemical_mean,1,Triphenyl phosphate,4,DTXSID1021952,1.2875452469418431,predictions
chemical_mean,1,Triphenyl phosphite,4,DTXSID0026252,1.0077725410961247,predictions
chemical_mean,1,Tris(2-chloroisopropyl)phosphate,4,DTXSID5026259,1.0874859740941054,predictions
chemical_mean,1,Valinomycin,4,DTXSID9041150,2.2425647571422602,predictions
chemical_mean,1,tert-Butylphenyl diphenyl phosphate,4,DTXSID6024701,2.1081649705386205,predictions
chemical_mean,2,1-Ethyl-3-methyl-1H-imidazol-3-ium diethyl phosphate,0,DTXSID9047889,1.0093780974446844,predictions
chemical_mean,2,"1H,1H,2H,2H-Perfluorooctyl iodide",0,DTXSID2047565,0.7274751148822471,predictions
chemical_mean,2,"2,2',4,4',5,5'-Hexabromodiphenyl ether",0,DTXSID4030047,1.5260004073808502,predictions
chemical_mean,2,"2,2',4,4',5-Pentabromodiphenyl ether",0,DTXSID9030048,2.081009775998827,predictions
chemical_mean,2,"2,2',4,4'-Tetrabromodiphenyl ether",0,DTXSID3030056,1.651359469428585,predictions
chemical_mean,2,2-Methoxyethanol,0,DTXSID5024182,0.897088145716673,predictions
chemical_mean,2,"3,3'-Iminobispropanenitrile",0,DTXSID2041464,0.8198162664959661,predictions
chemical_mean,2,4H-Cyclopenta(def)phenanthrene,0,DTXSID1024887,0.8695030743045111,predictions
chemical_mean,2,6-Propyl-2-thiouracil,0,DTXSID5021209,1.9604885509237922,predictions
chemical_mean,2,Acrylamide,0,DTXSID5020027,0.9861614110740643,predictions
chemical_mean,2,Aldrin,0,DTXSID8020040,2.707609878874481,predictions
chemical_mean,2,Benz(a)anthracene,0,DTXSID5023902,1.2376361647560779,predictions
chemical_mean,2,"Benzo[g,h,i]perylene",0,DTXSID5023908,1.099026438711125,predictions
chemical_mean,2,Boric acid (H3BO3),0,DTXSID1020194,0.8513687732552141,predictions
chemical_mean,2,Boscalid,0,DTXSID6034392,0.9477351924966729,predictions
chemical_mean,2,CP-457920,0,DTXSID4047254,1.3789662838507994,predictions
chemical_mean,2,Chlorpyrifos,0,DTXSID4020458,2.138143323804429,predictions
chemical_mean,2,Cyfluthrin,0,DTXSID5035957,2.4500135553214917,predictions
chemical_mean,2,Cytarabine,0,DTXSID3022877,2.9430867006321115,predictions
chemical_mean,2,"Dibenz[a,h]anthracene",0,DTXSID9020409,0.8982511952433463,predictions
chemical_mean,2,Disulfoton,0,DTXSID0022018,0.7077243104044293,predictions
chemical_mean,2,Enadoline,0,DTXSID4047258,1.687415872362806,predictions
chemical_mean,2,Erythromycin,0,DTXSID4022991,1.1715658965661628,predictions
chemical_mean,2,Ethoprop,0,DTXSID4032611,2.32931892483154,predictions
chemical_mean,2,Fenamiphos,0,DTXSID3024102,1.0671480048424413,predictions
chemical_mean,2,Fluconazole,0,DTXSID3020627,1.1088974166171597,predictions
chemical_mean,2,Flufenacet,0,DTXSID2032552,0.8906649790882982,predictions
chemical_mean,2,Fluoxastrobin,0,DTXSID2034625,2.608341276155237,predictions
chemical_mean,2,Fluoxetine hydrochloride,0,DTXSID7020635,3.029146173243484,predictions
chemical_mean,2,Flusilazole,0,DTXSID3024235,2.1281411983414715,predictions
chemical_mean,2,Glyphosate,0,DTXSID1024122,1.2352537062074416,predictions
chemical_mean,2,Hydroxyurea,0,DTXSID6025438,1.3302116429104525,predictions
chemical_mean,2,Isoniazid,0,DTXSID8020755,1.3842720543485252,predictions
chemical_mean,2,L-Domoic acid,0,DTXSID20274180,3.0909177690941325,predictions
chemical_mean,2,Lactofen,0,DTXSID7024160,1.051831397342276,predictions
chemical_mean,2,Lovastatin,0,DTXSID5020784,3.0574834643955,predictions
chemical_mean,2,Methadone hydrochloride,0,DTXSID2020501,1.9953126429033134,predictions
chemical_mean,2,Methotrexate,0,DTXSID4020822,1.51903914026995,predictions
chemical_mean,2,Naphthalene,0,DTXSID8020913,1.1426598743270415,predictions
chemical_mean,2,Omethoate,0,DTXSID4037580,1.1927177962547737,predictions
chemical_mean,2,Phenobarbital sodium,0,parent:DTXSID0021123,1.024603929404233,predictions
chemical_mean,2,Pirimiphos-methyl,0,DTXSID0024266,2.2117736720026144,predictions
chemical_mean,2,Pyraclostrobin,0,DTXSID7032638,3.1854427070097144,predictions
chemical_mean,2,Sodium benzoate,0,DTXSID1020140,0.9542124262438983,predictions
chemical_mean,2,Spirodiclofen,0,DTXSID6034928,0.678942984732644,predictions
chemical_mean,2,Thiacloprid,0,DTXSID7034961,1.0414674362504397,predictions
chemical_mean,2,Triclosan,0,DTXSID5032498,2.288798144967209,predictions
chemical_mean,2,Triethyltin bromide,0,DTXSID9040712,3.0010676412211352,predictions
chemical_mean,2,"p,p'-DDE",0,DTXSID9020374,1.999685515431695,predictions
chemical_mean,2,(Methylcyclopentadienyl)tricarbonylmanganese,1,DTXSID9027738,1.399971522094992,predictions
chemical_mean,2,"1,2-Propylene glycol",1,DTXSID0021206,1.5545685047495372,predictions
chemical_mean,2,5-Chloro-2-methyl-3(2H)-isothiazolone,1,DTXSID9034286,2.390760268070431,predictions
chemical_mean,2,5-Fluorouracil,1,DTXSID2020634,3.514719647416689,predictions
chemical_mean,2,Acephate,1,DTXSID8023846,0.9232954641815008,predictions
chemical_mean,2,Acetaminophen,1,DTXSID2020006,0.4685233701403109,predictions
chemical_mean,2,Aspirin,1,DTXSID5020108,0.7769368805141292,predictions
chemical_mean,2,Auramine hydrochloride,1,DTXSID9020114,2.4988342680770192,predictions
chemical_mean,2,Benzo[k]fluoranthene,1,DTXSID0023909,1.063378085329799,predictions
chemical_mean,2,Berberine chloride,1,DTXSID8024602,2.677533371062521,predictions
chemical_mean,2,Bifenthrin,1,DTXSID9020160,2.738049438805836,predictions
chemical_mean,2,Bis(tributyltin)oxide,1,parent:DTXSID3027403,4.015877220129061,predictions
chemical_mean,2,Bisindolylmaleimide I,1,DTXSID50157932,2.3280400279571967,predictions
chemical_mean,2,Bisphenol A,1,DTXSID7020182,1.650148746838705,predictions
chemical_mean,2,Busulfan,1,DTXSID3020910,0.7933459927770986,predictions
chemical_mean,2,Caffeine,1,DTXSID0020232,1.113217263013444,predictions
chemical_mean,2,Chlordiazepoxide hydrochloride,1,DTXSID40880060,2.8097384489849566,predictions
chemical_mean,2,Cyclophosphamide monohydrate,1,DTXSID6024888,1.2421823670605465,predictions
chemical_mean,2,Cymoxanil,1,DTXSID6032358,0.6224902899159968,predictions
chemical_mean,2,Diazepam,1,DTXSID4020406,1.7191477056369426,predictions
chemical_mean,2,Diazoxon,1,DTXSID5037523,0.8992472389172207,predictions
chemical_mean,2,Diethylene glycol,1,DTXSID8020462,1.085391445826462,predictions
chemical_mean,2,Diethylstilbestrol,1,DTXSID3020465,2.0258669415104,predictions
chemical_mean,2,Difpas-pyrazole,1,DTXSID6048175,1.5460178635971784,predictions
chemical_mean,2,Dimethoate,1,DTXSID7020479,2.270471016469866,predictions
chemical_mean,2,Endosulfan,1,DTXSID1020560,2.993999087820818,predictions
chemical_mean,2,Endrin,1,DTXSID6020561,1.6311934374073993,predictions
chemical_mean,2,Fenitrothion,1,DTXSID4032613,0.7905641701833946,predictions
chemical_mean,2,Loperamide,1,DTXSID00880006,3.520886228902249,predictions
chemical_mean,2,Malaoxon,1,DTXSID9020790,0.9628881916835603,predictions
chemical_mean,2,Methoxychlor,1,DTXSID9020827,1.925403897298046,predictions
chemical_mean,2,Naled,1,DTXSID1024209,3.1092422857244344,predictions
chemical_mean,2,Oxidopamine hydrochloride,1,DTXSID0045838,2.1184027040889384,predictions
chemical_mean,2,Permethrin,1,DTXSID8022292,2.4248625993381436,predictions
chemical_mean,2,PharmaGSID_47330,1,DTXSID9047330,1.8043510919666716,predictions
chemical_mean,2,Phenanthrene,1,DTXSID6024254,0.5861125871401208,predictions
chemical_mean,2,Pravastatin sodium,1,DTXSID6047525,2.9860997000137504,predictions
chemical_mean,2,S-Ethyl dipropylthiocarbamate,1,DTXSID1024091,0.7556073105296357,predictions
chemical_mean,2,Sodium saccharin hydrate,1,DTXSID7021992,1.1358419828183446,predictions
chemical_mean,2,Sodium valproate,1,DTXSID5037072,1.2229816678488246,predictions
chemical_mean,2,Terbufos,1,DTXSID2022254,2.20852492488284,predictions
chemical_mean,2,Thalidomide,1,DTXSID9022524,1.4292503401148495,predictions
chemical_mean,2,Tributyltin methacrylate,1,parent:DTXSID3027403,2.121291581099253,predictions
chemical_mean,2,Trimethyltin hydroxide,1,DTXSID9032240,3.682214214471956,predictions
chemical_mean,2,"Tris(1,3-dichloro-2-propyl) phosphate",1,DTXSID9026261,1.3824885642791496,predictions
chemical_mean,2,Tris(2-chloroethyl) phosphate,1,DTXSID5021411,1.3197827242950306,predictions
chemical_mean,2,Z-Tetrachlorvinphos,1,DTXSID1032648,1.5886378372677796,predictions
chemical_mean,2,"p,p'-DDD",1,DTXSID4020373,2.2980469685133045,predictions
chemical_mean,2,tert-Butylhydroquinone,1,DTXSID6020220,2.073059312805678,predictions
chemical_mean,2,2-(m-Chlorophenoxy)propionic acid,2,DTXSID9034232,1.296006058351781,predictions
chemical_mean,2,2-Ethylhexyl diphenyl phosphate,2,DTXSID1025300,1.3954219770814478,predictions
chemical_mean,2,"3,3',5,5'-Tetrabromobisphenol A",2,DTXSID1026081,0.8518044907020478,predictions
chemical_mean,2,Abamectin,2,DTXSID8023892,2.5554507029429567,predictions
chemical_mean,2,Acenaphthylene,2,DTXSID3023845,0.6865653450563823,predictions
chemical_mean,2,Aldicarb,2,DTXSID0039223,1.1940871618751792,predictions
chemical_mean,2,Amoxicillin,2,DTXSID3037044,1.2406646542063715,predictions
chemical_mean,2,Azoxystrobin,2,DTXSID0032520,2.891028456581359,predictions
chemical_mean,2,Benzo[a]pyrene,2,DTXSID2020139,1.2392841751949581,predictions
chemical_mean,2,Benzo[e]pyrene,2,DTXSID3023764,1.5248790571708755,predictions
chemical_mean,2,Bis(2-ethylhexyl) tetrabromophthalate,2,DTXSID7027887,1.7906790157664194,predictions
chemical_mean,2,Bisphenol AF,2,DTXSID7037717,1.2926275851239228,predictions
chemical_mean,2,Bisphenol B,2,DTXSID4022442,1.7197207981261644,predictions
chemical_mean,2,Cadmium(II) chloride hydrate (2:5),2,DTXSID4040183,3.6607941231217382,predictions
chemical_mean,2,Captan,2,DTXSID9020243,1.5942489958337784,predictions
chemical_mean,2,Carbamazepine,2,DTXSID4022731,0.9400778663803331,predictions
chemical_mean,2,Carbaryl,2,DTXSID9020247,3.215770581721663,predictions
chemical_mean,2,Cariporide mesylate,2,DTXSID3047344,1.2780630685551906,predictions
chemical_mean,2,Chloramben,2,DTXSID2020262,1.0188194065347183,predictions
chemical_mean,2,Chlorpromazine hydrochloride,2,DTXSID7024827,2.5592033702578205,predictions
chemical_mean,2,Clothianidin,2,DTXSID2034465,0.7407997125678415,predictions
chemical_mean,2,Dichlorvos,2,DTXSID5020449,1.131867049114629,predictions
chemical_mean,2,Eugenol,2,DTXSID9020617,1.3193093724436644,predictions
chemical_mean,2,Fipronil,2,DTXSID4034609,1.352619638283874,predictions
chemical_mean,2,Fluorene,2,DTXSID8024105,0.6187627609302837,predictions
chemical_mean,2,Glycerol,2,DTXSID9020663,0.7159851339901112,predictions
chemical_mean,2,L-Ascorbic acid,2,DTXSID5020106,0.9540963146915964,predictions
chemical_mean,2,Lindane,2,DTXSID2020686,1.9399433550266003,predictions
chemical_mean,2,Maneb,2,DTXSID9020794,1.0210177046135605,predictions
chemical_mean,2,Manganese dichloride,2,parent:DTXSID5027279,1.092425314136507,predictions
chemical_mean,2,Mercuric chloride,2,DTXSID5020811,2.4363386956572755,predictions
chemical_mean,2,Methamidophos,2,DTXSID6024177,0.7093205985965837,predictions
chemical_mean,2,Methylmercuric(II) chloride,2,DTXSID5020813,3.3427100052969463,predictions
chemical_mean,2,Mevastatin,2,DTXSID4040684,2.8902700940305435,predictions
chemical_mean,2,Mirex,2,DTXSID7020895,3.4771238334752588,predictions
chemical_mean,2,"Octachloro-4,7-methanotetrahydroindane",2,DTXSID7020267,2.179081305767412,predictions
chemical_mean,2,Parathion,2,DTXSID7021100,0.8775780470647646,predictions
chemical_mean,2,Prallethrin,2,DTXSID0032572,1.4751393226503744,predictions
chemical_mean,2,Reserpine,2,DTXSID7021237,3.0060399808605673,predictions
chemical_mean,2,Sodium arsenite,2,DTXSID5020104,4.261395339615787,predictions
chemical_mean,2,Tebuconazole,2,DTXSID9032113,2.9631332063670937,predictions
chemical_mean,2,Terbutaline hemisulfate,2,DTXSID3045437,0.8261978233170039,predictions
chemical_mean,2,Tetraethylthiuram disulfide,2,DTXSID1021322,2.4605862366865194,predictions
chemical_mean,2,Tetramethrin,2,DTXSID6032649,0.9278861754864327,predictions
chemical_mean,2,Tribufos,2,DTXSID1024174,2.901768750512203,predictions
chemical_mean,2,Trichlorfon,2,DTXSID0021389,2.869757183075289,predictions
chemical_mean,2,Trifloxystrobin,2,DTXSID4032580,2.86664793372793,predictions
chemical_mean,2,Tris(methylphenyl) phosphate,2,DTXSID4021391,1.0908983537628412,predictions
chemical_mean,2,"o,p'-DDT",2,parent:DTXSID4020375,2.2891662705725517,predictions
chemical_mean,2,1-Methyl-4-phenylpyridinium iodide,3,DTXSID40880040,1.3196860950429328,predictions
chemical_mean,2,"2-Ethylhexyl 2,3,4,5-tetrabromobenzoate",3,DTXSID9052686,1.9086789369178476,predictions
chemical_mean,2,3-Iodo-2-propynyl-N-butylcarbamate,3,DTXSID0028038,2.1010553630418087,predictions
chemical_mean,2,"5,5-Diphenylhydantoin",3,DTXSID8020541,1.0919833056516557,predictions
chemical_mean,2,6-Methyl-2-thiouracil,3,DTXSID2020890,1.4598319540733744,predictions
chemical_mean,2,Acenaphthene,3,DTXSID3021774,0.9717760216373511,predictions
chemical_mean,2,Allethrin,3,parent:DTXSID2039336,1.7699564337754694,predictions
chemical_mean,2,Anthracene,3,DTXSID0023878,0.8592181159077834,predictions
chemical_mean,2,Benzo(b)fluoranthene,3,DTXSID0023907,1.864270625654407,predictions
chemical_mean,2,Carbofuran,3,DTXSID9020249,1.3617494830601806,predictions
chemical_mean,2,Chlorendic acid,3,DTXSID2020268,0.897152377765509,predictions
chemical_mean,2,Clodinafop-propargyl,3,DTXSID6032354,0.8070173612899604,predictions
chemical_mean,2,Cocaine,3,DTXSID2038443,0.8316273139725331,predictions
chemical_mean,2,Colchicine,3,DTXSID5024845,0.5595828933386905,predictions
chemical_mean,2,D-Mannitol,3,DTXSID1023235,1.0696980327339065,predictions
chemical_mean,2,DDT,3,parent:DTXSID4020375,2.201924717069594,predictions
chemical_mean,2,Deltamethrin,3,DTXSID8020381,2.749416602943023,predictions
chemical_mean,2,Dexamethasone,3,DTXSID3020384,1.0315198586015588,predictions
chemical_mean,2,"Dibenz[a,c]anthracene",3,DTXSID9049245,1.2268703381757267,predictions
chemical_mean,2,Dicrotophos,3,DTXSID9023914,0.8840610925977543,predictions
chemical_mean,2,Emamectin benzoate,3,DTXSID0034566,3.26957569948004,predictions
chemical_mean,2,Es-fenvalerate,3,DTXSID4032667,2.0747845425610363,predictions
chemical_mean,2,Esketamine hydrochloride,3,DTXSID601027734,1.4054191986751934,predictions
chemical_mean,2,Etofenprox,3,DTXSID9032610,1.596474831491658,predictions
chemical_mean,2,Fenpropathrin,3,DTXSID0024002,1.989788208634827,predictions
chemical_mean,2,Firemaster 550,3,DTXSID70880073,1.6137008338141512,predictions
chemical_mean,2,Folic acid,3,DTXSID0022519,1.1610732728410453,predictions
chemical_mean,2,Haloperidol,3,DTXSID4034150,2.610011404351849,predictions
chemical_mean,2,Hexachlorophene,3,DTXSID6020690,3.1344041871318105,predictions
chemical_mean,2,Lead(II) acetate trihydrate,3,DTXSID3031521,2.1891077609344256,predictions
chemical_mean,2,Malathion,3,DTXSID4020791,2.154230192181531,predictions
chemical_mean,2,Mancozeb,3,DTXSID0034695,0.8706930293760665,predictions
chemical_mean,2,Manganese(II) acetate,3,parent:DTXSID5027279,0.9405476879161073,predictions
chemical_mean,2,Naloxone hydrochloride dihydrate,3,DTXSID90199452,0.9870148280730404,predictions
chemical_mean,2,Phenol,3,DTXSID5021124,1.1662739848356385,predictions
chemical_mean,2,Phorate,3,DTXSID4032459,2.000323688129929,predictions
chemical_mean,2,Piperonyl butoxide,3,DTXSID1021166,1.7255648452559265,predictions
chemical_mean,2,Profenofos,3,DTXSID3032464,1.3041911864804105,predictions
chemical_mean,2,Pyrene,3,DTXSID3024289,0.6907618792688008,predictions
chemical_mean,2,S-Bioallethrin,3,parent:DTXSID2039336,1.5652299920445196,predictions
chemical_mean,2,Simvastatin,3,DTXSID0023581,2.9297494708632095,predictions
chemical_mean,2,Sodium fluoride,3,DTXSID2020630,0.9608906028210871,predictions
chemical_mean,2,Spiroxamine,3,DTXSID1034212,3.104550999324597,predictions
chemical_mean,2,Tamoxifen,3,DTXSID1034187,2.0547073664459057,predictions
chemical_mean,2,Tefluthrin,3,DTXSID5032577,2.610362950411343,predictions
chemical_mean,2,Tetracycline,3,DTXSID7023645,0.8467779816678782,predictions
chemical_mean,2,Thiamethoxam,3,DTXSID2034962,0.8286128863118707,predictions
chemical_mean,2,Tributyltin chloride,3,parent:DTXSID3027403,2.119603357309523,predictions
chemical_mean,2,Triphenyl phosphates isopropylated,3,DTXSID4028880,1.7818713546611478,predictions
chemical_mean,2,(-)-Nicotine,4,DTXSID1020930,1.3944185610369244,predictions
chemical_mean,2,17beta-Estradiol,4,DTXSID0020573,0.9188636898538934,predictions
chemical_mean,2,"2,2-Bis(4-hydroxyphenyl)-1,1,1-trichloroethane",4,DTXSID8022325,1.5046719131149047,predictions
chemical_mean,2,"4,4'-Sulfonyldiphenol",4,DTXSID3022409,1.1330508575577247,predictions
chemical_mean,2,6-aminopyridine-3-carboxamide,4,DTXSID5051446,3.29268194917278,predictions
chemical_mean,2,Acetamiprid,4,DTXSID0034300,1.5271399323011898,predictions
chemical_mean,2,Atrazine,4,DTXSID9020112,0.8965893423658228,predictions
chemical_mean,2,Bensulide,4,DTXSID9032329,2.296675331208304,predictions
chemical_mean,2,CP-409092,4,DTXSID2047276,1.2480660802236374,predictions
chemical_mean,2,Captopril,4,DTXSID1037197,1.4228493892110756,predictions
chemical_mean,2,Chlorethoxyfos,4,DTXSID2032344,2.446803307227792,predictions
chemical_mean,2,Chlorpyrifos oxon,4,DTXSID1038666,1.2362169579533153,predictions
chemical_mean,2,Chrysene,4,DTXSID0022432,0.7305711838856028,predictions
chemical_mean,2,Clove leaf oil,4,DTXSID8044175,1.6314050129378583,predictions
chemical_mean,2,Cotinine,4,DTXSID1047576,0.8008921961801972,predictions
chemical_mean,2,Coumaphos,4,DTXSID2020347,2.0795847148949713,predictions
chemical_mean,2,Cypermethrin,4,DTXSID1023998,2.1128693221665324,predictions
chemical_mean,2,D-Glucitol,4,DTXSID5023588,0.8964460833798512,predictions
chemical_mean,2,Dextroamphetamine sulfate,4,DTXSID2057865,0.988854872281389,predictions
chemical_mean,2,Di(2-ethylhexyl) phthalate,4,DTXSID5020607,1.877421678928744,predictions
chemical_mean,2,Diazinon,4,DTXSID9020407,2.134449316757519,predictions
chemical_mean,2,Dieldrin,4,DTXSID9020453,2.888468206908721,predictions
chemical_mean,2,Diphenhydramine hydrochloride,4,DTXSID4020537,1.8579510605005407,predictions
chemical_mean,2,Fosthiazate,4,DTXSID0034930,1.0183212203648044,predictions
chemical_mean,2,Heptachlor epoxide B,4,DTXSID1024126,2.086430549925803,predictions
chemical_mean,2,Imidacloprid,4,DTXSID5032442,1.1307092891712949,predictions
chemical_mean,2,Isodecyl diphenyl phosphate,4,DTXSID3025465,0.9603063037528969,predictions
chemical_mean,2,Kepone,4,DTXSID1020770,2.333032797629234,predictions
chemical_mean,2,Methimazole,4,DTXSID4020820,1.25127508084196,predictions
chemical_mean,2,Molinate,4,DTXSID6024206,1.3411476759787568,predictions
chemical_mean,2,Octylbicycloheptenedicarboximide,4,DTXSID6032562,1.219194726468833,predictions
chemical_mean,2,Paraquat dichloride,4,DTXSID7024243,4.125224122339913,predictions
chemical_mean,2,Perfluoroundecanoic acid,4,DTXSID8047553,1.0142314738341567,predictions
chemical_mean,2,Phenobarbital,4,parent:DTXSID0021123,0.8761831321265626,predictions
chemical_mean,2,Phenylmercuric acetate,4,DTXSID7021150,1.6758030228920149,predictions
chemical_mean,2,Phosmet,4,DTXSID5024261,2.208651069421949,predictions
chemical_mean,2,Picoxystrobin,4,DTXSID9047542,2.561347926827545,predictions
chemical_mean,2,Resmethrin,4,DTXSID7022253,1.269069588233601,predictions
chemical_mean,2,Retinoic acid,4,DTXSID7021239,2.209974537103133,predictions
chemical_mean,2,Rotenone,4,DTXSID6021248,2.557841600476652,predictions
chemical_mean,2,Sodium orthovanadate,4,DTXSID2037269,2.4048051283522196,predictions
chemical_mean,2,Tebupirimfos,4,DTXSID1032482,1.7971555478097685,predictions
chemical_mean,2,Triphenyl phosphate,4,DTXSID1021952,1.1128446951600428,predictions
chemical_mean,2,Triphenyl phosphite,4,DTXSID0026252,0.8954757741924556,predictions
chemical_mean,2,Tris(2-chloroisopropyl)phosphate,4,DTXSID5026259,0.988608721440239,predictions
chemical_mean,2,Valinomycin,4,DTXSID9041150,1.9650015305118405,predictions
chemical_mean,2,tert-Butylphenyl diphenyl phosphate,4,DTXSID6024701,1.8000432969950257,predictions
chemical_mean,3,1-Ethyl-3-methyl-1H-imidazol-3-ium diethyl phosphate,0,DTXSID9047889,0.9315114646600053,predictions
chemical_mean,3,"1H,1H,2H,2H-Perfluorooctyl iodide",0,DTXSID2047565,0.7256660871455812,predictions
chemical_mean,3,"2,2',4,4',5,5'-Hexabromodiphenyl ether",0,DTXSID4030047,1.379507480190955,predictions
chemical_mean,3,"2,2',4,4',5-Pentabromodiphenyl ether",0,DTXSID9030048,1.9775084291615435,predictions
chemical_mean,3,"2,2',4,4'-Tetrabromodiphenyl ether",0,DTXSID3030056,1.5896693180995576,predictions
chemical_mean,3,2-Methoxyethanol,0,DTXSID5024182,0.7559384593605378,predictions
chemical_mean,3,"3,3'-Iminobispropanenitrile",0,DTXSID2041464,0.7451671560603518,predictions
chemical_mean,3,4H-Cyclopenta(def)phenanthrene,0,DTXSID1024887,0.8798652768409294,predictions
chemical_mean,3,6-Propyl-2-thiouracil,0,DTXSID5021209,1.7465528489725686,predictions
chemical_mean,3,Acrylamide,0,DTXSID5020027,0.9049112154828709,predictions
chemical_mean,3,Aldrin,0,DTXSID8020040,2.316581758128115,predictions
chemical_mean,3,Benz(a)anthracene,0,DTXSID5023902,1.1903307720912646,predictions
chemical_mean,3,"Benzo[g,h,i]perylene",0,DTXSID5023908,0.9831929933413799,predictions
chemical_mean,3,Boric acid (H3BO3),0,DTXSID1020194,0.77770720521294,predictions
chemical_mean,3,Boscalid,0,DTXSID6034392,0.9478534345848836,predictions
chemical_mean,3,CP-457920,0,DTXSID4047254,1.3704244556360026,predictions
chemical_mean,3,Chlorpyrifos,0,DTXSID4020458,2.1735543276271345,predictions
chemical_mean,3,Cyfluthrin,0,DTXSID5035957,2.2974388417802105,predictions
chemical_mean,3,Cytarabine,0,DTXSID3022877,3.352029370388987,predictions
chemical_mean,3,"Dibenz[a,h]anthracene",0,DTXSID9020409,0.819889210522217,predictions
chemical_mean,3,Disulfoton,0,DTXSID0022018,0.6469031594952741,predictions
chemical_mean,3,Enadoline,0,DTXSID4047258,1.6113480957420947,predictions
chemical_mean,3,Erythromycin,0,DTXSID4022991,1.124186305498919,predictions
chemical_mean,3,Ethoprop,0,DTXSID4032611,1.859836146369607,predictions
chemical_mean,3,Fenamiphos,0,DTXSID3024102,1.0347969522670093,predictions
chemical_mean,3,Fluconazole,0,DTXSID3020627,1.0804398013404564,predictions
chemical_mean,3,Flufenacet,0,DTXSID2032552,0.8288921327483681,predictions
chemical_mean,3,Fluoxastrobin,0,DTXSID2034625,2.5799793657471386,predictions
chemical_mean,3,Fluoxetine hydrochloride,0,DTXSID7020635,2.675397205998029,predictions
chemical_mean,3,Flusilazole,0,DTXSID3024235,1.8160649214943123,predictions
chemical_mean,3,Glyphosate,0,DTXSID1024122,1.0892163533739987,predictions
chemical_mean,3,Hydroxyurea,0,DTXSID6025438,1.3309877995182489,predictions
chemical_mean,3,Isoniazid,0,DTXSID8020755,1.215950239033108,predictions
chemical_mean,3,L-Domoic acid,0,DTXSID20274180,3.0597076103907446,predictions
chemical_mean,3,Lactofen,0,DTXSID7024160,1.0531183167403249,predictions
chemical_mean,3,Lovastatin,0,DTXSID5020784,2.447847726755273,predictions
chemical_mean,3,Methadone hydrochloride,0,DTXSID2020501,1.8238752661251876,predictions
chemical_mean,3,Methotrexate,0,DTXSID4020822,1.450755329487622,predictions
chemical_mean,3,Naphthalene,0,DTXSID8020913,1.0829057787183534,predictions
chemical_mean,3,Omethoate,0,DTXSID4037580,1.1128817045208708,predictions
chemical_mean,3,Phenobarbital sodium,0,parent:DTXSID0021123,1.0136216212372222,predictions
chemical_mean,3,Pirimiphos-methyl,0,DTXSID0024266,2.077481777995918,predictions
chemical_mean,3,Pyraclostrobin,0,DTXSID7032638,2.8471949690066762,predictions
chemical_mean,3,Sodium benzoate,0,DTXSID1020140,0.9030936099791257,predictions
chemical_mean,3,Spirodiclofen,0,DTXSID6034928,0.6854884870149868,predictions
chemical_mean,3,Thiacloprid,0,DTXSID7034961,1.014512757515281,predictions
chemical_mean,3,Triclosan,0,DTXSID5032498,2.3813516356647586,predictions
chemical_mean,3,Triethyltin bromide,0,DTXSID9040712,3.1996298791217654,predictions
chemical_mean,3,"p,p'-DDE",0,DTXSID9020374,2.4594545536879813,predictions
chemical_mean,3,(Methylcyclopentadienyl)tricarbonylmanganese,1,DTXSID9027738,1.1244523281475478,predictions
chemical_mean,3,"1,2-Propylene glycol",1,DTXSID0021206,1.4415649416191645,predictions
chemical_mean,3,5-Chloro-2-methyl-3(2H)-isothiazolone,1,DTXSID9034286,2.2570879948127303,predictions
chemical_mean,3,5-Fluorouracil,1,DTXSID2020634,3.2083064894734696,predictions
chemical_mean,3,Acephate,1,DTXSID8023846,0.8755613755019637,predictions
chemical_mean,3,Acetaminophen,1,DTXSID2020006,0.4426611223744854,predictions
chemical_mean,3,Aspirin,1,DTXSID5020108,0.6156922091623072,predictions
chemical_mean,3,Auramine hydrochloride,1,DTXSID9020114,2.3364025893414495,predictions
chemical_mean,3,Benzo[k]fluoranthene,1,DTXSID0023909,0.9350487734066133,predictions
chemical_mean,3,Berberine chloride,1,DTXSID8024602,2.465548132420291,predictions
chemical_mean,3,Bifenthrin,1,DTXSID9020160,2.451742224438585,predictions
chemical_mean,3,Bis(tributyltin)oxide,1,parent:DTXSID3027403,3.827952223989682,predictions
chemical_mean,3,Bisindolylmaleimide I,1,DTXSID50157932,1.974625627247029,predictions
chemical_mean,3,Bisphenol A,1,DTXSID7020182,1.6155442302348288,predictions
chemical_mean,3,Busulfan,1,DTXSID3020910,0.7343948996209223,predictions
chemical_mean,3,Caffeine,1,DTXSID0020232,1.064497247161213,predictions
chemical_mean,3,Chlordiazepoxide hydrochloride,1,DTXSID40880060,2.1916382436449844,predictions
chemical_mean,3,Cyclophosphamide monohydrate,1,DTXSID6024888,1.2301826356709564,predictions
chemical_mean,3,Cymoxanil,1,DTXSID6032358,0.6306597715196902,predictions
chemical_mean,3,Diazepam,1,DTXSID4020406,1.5196258155921505,predictions
chemical_mean,3,Diazoxon,1,DTXSID5037523,0.839397604659011,predictions
chemical_mean,3,Diethylene glycol,1,DTXSID8020462,1.071851340580162,predictions
chemical_mean,3,Diethylstilbestrol,1,DTXSID3020465,1.8259556618254216,predictions
chemical_mean,3,Difpas-pyrazole,1,DTXSID6048175,1.6263828621136043,predictions
chemical_mean,3,Dimethoate,1,DTXSID7020479,1.7725130006482996,predictions
chemical_mean,3,Endosulfan,1,DTXSID1020560,3.263190757281363,predictions
chemical_mean,3,Endrin,1,DTXSID6020561,1.4068472230677442,predictions
chemical_mean,3,Fenitrothion,1,DTXSID4032613,0.7487990880791353,predictions
chemical_mean,3,Loperamide,1,DTXSID00880006,2.9934064680367802,predictions
chemical_mean,3,Malaoxon,1,DTXSID9020790,0.8828299830551345,predictions
chemical_mean,3,Methoxychlor,1,DTXSID9020827,1.9149053947955887,predictions
chemical_mean,3,Naled,1,DTXSID1024209,2.614835485809935,predictions
chemical_mean,3,Oxidopamine hydrochloride,1,DTXSID0045838,2.02348957431548,predictions
chemical_mean,3,Permethrin,1,DTXSID8022292,2.1009408085888945,predictions
chemical_mean,3,PharmaGSID_47330,1,DTXSID9047330,1.5178700866491037,predictions
chemical_mean,3,Phenanthrene,1,DTXSID6024254,0.5752755955634437,predictions
chemical_mean,3,Pravastatin sodium,1,DTXSID6047525,2.7962284007143663,predictions
chemical_mean,3,S-Ethyl dipropylthiocarbamate,1,DTXSID1024091,0.717088829773612,predictions
chemical_mean,3,Sodium saccharin hydrate,1,DTXSID7021992,1.1790183113356494,predictions
chemical_mean,3,Sodium valproate,1,DTXSID5037072,1.1646744363725543,predictions
chemical_mean,3,Terbufos,1,DTXSID2022254,2.5066124017817066,predictions
chemical_mean,3,Thalidomide,1,DTXSID9022524,1.4164031254111118,predictions
chemical_mean,3,Tributyltin methacrylate,1,parent:DTXSID3027403,2.1150316101167457,predictions
chemical_mean,3,Trimethyltin hydroxide,1,DTXSID9032240,4.145157448611922,predictions
chemical_mean,3,"Tris(1,3-dichloro-2-propyl) phosphate",1,DTXSID9026261,1.3425037426604687,predictions
chemical_mean,3,Tris(2-chloroethyl) phosphate,1,DTXSID5021411,1.2444881299747994,predictions
chemical_mean,3,Z-Tetrachlorvinphos,1,DTXSID1032648,1.6517105870650028,predictions
chemical_mean,3,"p,p'-DDD",1,DTXSID4020373,2.039505929150436,predictions
chemical_mean,3,tert-Butylhydroquinone,1,DTXSID6020220,1.9108436295187055,predictions
chemical_mean,3,2-(m-Chlorophenoxy)propionic acid,2,DTXSID9034232,1.1898886363745511,predictions
chemical_mean,3,2-Ethylhexyl diphenyl phosphate,2,DTXSID1025300,1.3343950471073256,predictions
chemical_mean,3,"3,3',5,5'-Tetrabromobisphenol A",2,DTXSID1026081,0.7702854311162703,predictions
chemical_mean,3,Abamectin,2,DTXSID8023892,2.6246609001251477,predictions
chemical_mean,3,Acenaphthylene,2,DTXSID3023845,0.5952845429043474,predictions
chemical_mean,3,Aldicarb,2,DTXSID0039223,1.1613083378709717,predictions
chemical_mean,3,Amoxicillin,2,DTXSID3037044,1.105980226955794,predictions
chemical_mean,3,Azoxystrobin,2,DTXSID0032520,2.8496811197698273,predictions
chemical_mean,3,Benzo[a]pyrene,2,DTXSID2020139,1.1628264376773245,predictions
chemical_mean,3,Benzo[e]pyrene,2,DTXSID3023764,1.3251789754991186,predictions
chemical_mean,3,Bis(2-ethylhexyl) tetrabromophthalate,2,DTXSID7027887,1.5753252508507185,predictions
chemical_mean,3,Bisphenol AF,2,DTXSID7037717,1.2114213667623617,predictions
chemical_mean,3,Bisphenol B,2,DTXSID4022442,1.42260734046131,predictions
chemical_mean,3,Cadmium(II) chloride hydrate (2:5),2,DTXSID4040183,2.8973855135990743,predictions
chemical_mean,3,Captan,2,DTXSID9020243,1.438838902984036,predictions
chemical_mean,3,Carbamazepine,2,DTXSID4022731,0.9555970725719888,predictions
chemical_mean,3,Carbaryl,2,DTXSID9020247,2.9334299277908906,predictions
chemical_mean,3,Cariporide mesylate,2,DTXSID3047344,1.2326921340751726,predictions
chemical_mean,3,Chloramben,2,DTXSID2020262,0.9299361109608352,predictions
chemical_mean,3,Chlorpromazine hydrochloride,2,DTXSID7024827,2.5698334153629836,predictions
chemical_mean,3,Clothianidin,2,DTXSID2034465,0.6805983228222147,predictions
chemical_mean,3,Dichlorvos,2,DTXSID5020449,1.013717311265987,predictions
chemical_mean,3,Eugenol,2,DTXSID9020617,1.168930941709795,predictions
chemical_mean,3,Fipronil,2,DTXSID4034609,1.2684307542474127,predictions
chemical_mean,3,Fluorene,2,DTXSID8024105,0.6075225334552883,predictions
chemical_mean,3,Glycerol,2,DTXSID9020663,0.6842077875421404,predictions
chemical_mean,3,L-Ascorbic acid,2,DTXSID5020106,0.9035973103991713,predictions
chemical_mean,3,Lindane,2,DTXSID2020686,1.8455095045346144,predictions
chemical_mean,3,Maneb,2,DTXSID9020794,0.932467637158868,predictions
chemical_mean,3,Manganese dichloride,2,parent:DTXSID5027279,1.0529823356433587,predictions
chemical_mean,3,Mercuric chloride,2,DTXSID5020811,2.331813006879727,predictions
chemical_mean,3,Methamidophos,2,DTXSID6024177,0.6902301442437331,predictions
chemical_mean,3,Methylmercuric(II) chloride,2,DTXSID5020813,3.310284369614905,predictions
chemical_mean,3,Mevastatin,2,DTXSID4040684,2.8440944723828485,predictions
chemical_mean,3,Mirex,2,DTXSID7020895,3.048904375769354,predictions
chemical_mean,3,"Octachloro-4,7-methanotetrahydroindane",2,DTXSID7020267,2.1833922119015763,predictions
chemical_mean,3,Parathion,2,DTXSID7021100,0.8653535883037348,predictions
chemical_mean,3,Prallethrin,2,DTXSID0032572,1.6614723058651226,predictions
chemical_mean,3,Reserpine,2,DTXSID7021237,3.242553173876124,predictions
chemical_mean,3,Sodium arsenite,2,DTXSID5020104,4.123974304777168,predictions
chemical_mean,3,Tebuconazole,2,DTXSID9032113,2.9620855660011784,predictions
chemical_mean,3,Terbutaline hemisulfate,2,DTXSID3045437,0.8039810852410885,predictions
chemical_mean,3,Tetraethylthiuram disulfide,2,DTXSID1021322,2.3788307642972084,predictions
chemical_mean,3,Tetramethrin,2,DTXSID6032649,0.9580559019783561,predictions
chemical_mean,3,Tribufos,2,DTXSID1024174,2.4533044017427765,predictions
chemical_mean,3,Trichlorfon,2,DTXSID0021389,2.51865309087862,predictions
chemical_mean,3,Trifloxystrobin,2,DTXSID4032580,2.884292875436137,predictions
chemical_mean,3,Tris(methylphenyl) phosphate,2,DTXSID4021391,1.0564727224633068,predictions
chemical_mean,3,"o,p'-DDT",2,parent:DTXSID4020375,1.9847791135564758,predictions
chemical_mean,3,1-Methyl-4-phenylpyridinium iodide,3,DTXSID40880040,1.3291198371496236,predictions
chemical_mean,3,"2-Ethylhexyl 2,3,4,5-tetrabromobenzoate",3,DTXSID9052686,2.010302008226854,predictions
chemical_mean,3,3-Iodo-2-propynyl-N-butylcarbamate,3,DTXSID0028038,2.2241777061504355,predictions
chemical_mean,3,"5,5-Diphenylhydantoin",3,DTXSID8020541,1.0035874323067895,predictions
chemical_mean,3,6-Methyl-2-thiouracil,3,DTXSID2020890,1.3781373886406234,predictions
chemical_mean,3,Acenaphthene,3,DTXSID3021774,0.9726831229894385,predictions
chemical_mean,3,Allethrin,3,parent:DTXSID2039336,1.5176311477916002,predictions
chemical_mean,3,Anthracene,3,DTXSID0023878,0.8214529509454345,predictions
chemical_mean,3,Benzo(b)fluoranthene,3,DTXSID0023907,1.709635056723426,predictions
chemical_mean,3,Carbofuran,3,DTXSID9020249,1.3165567162038083,predictions
chemical_mean,3,Chlorendic acid,3,DTXSID2020268,0.9124183806431707,predictions
chemical_mean,3,Clodinafop-propargyl,3,DTXSID6032354,0.7703156683250469,predictions
chemical_mean,3,Cocaine,3,DTXSID2038443,0.789879680424358,predictions
chemical_mean,3,Colchicine,3,DTXSID5024845,0.6710702352560326,predictions
chemical_mean,3,D-Mannitol,3,DTXSID1023235,1.056671605973,predictions
chemical_mean,3,DDT,3,parent:DTXSID4020375,2.262504006888971,predictions
chemical_mean,3,Deltamethrin,3,DTXSID8020381,2.5997247087205277,predictions
chemical_mean,3,Dexamethasone,3,DTXSID3020384,0.9645569812013675,predictions
chemical_mean,3,"Dibenz[a,c]anthracene",3,DTXSID9049245,1.1478688269022033,predictions
chemical_mean,3,Dicrotophos,3,DTXSID9023914,0.8623471082633449,predictions
chemical_mean,3,Emamectin benzoate,3,DTXSID0034566,2.933629482910687,predictions
chemical_mean,3,Es-fenvalerate,3,DTXSID4032667,2.0774686445390276,predictions
chemical_mean,3,Esketamine hydrochloride,3,DTXSID601027734,1.3502841747119023,predictions
chemical_mean,3,Etofenprox,3,DTXSID9032610,1.5516051381040592,predictions
chemical_mean,3,Fenpropathrin,3,DTXSID0024002,1.9503866853924336,predictions
chemical_mean,3,Firemaster 550,3,DTXSID70880073,1.4282669271031367,predictions
chemical_mean,3,Folic acid,3,DTXSID0022519,1.1120148358484645,predictions
chemical_mean,3,Haloperidol,3,DTXSID4034150,2.86800724153407,predictions
chemical_mean,3,Hexachlorophene,3,DTXSID6020690,3.0434368469354873,predictions
chemical_mean,3,Lead(II) acetate trihydrate,3,DTXSID3031521,2.295650837876699,predictions
chemical_mean,3,Malathion,3,DTXSID4020791,2.0627512725876764,predictions
chemical_mean,3,Mancozeb,3,DTXSID0034695,0.8643931589847499,predictions
chemical_mean,3,Manganese(II) acetate,3,parent:DTXSID5027279,0.868744374728357,predictions
chemical_mean,3,Naloxone hydrochloride dihydrate,3,DTXSID90199452,0.9613765851218424,predictions
chemical_mean,3,Phenol,3,DTXSID5021124,1.0746765462889356,predictions
chemical_mean,3,Phorate,3,DTXSID4032459,2.0600442875282883,predictions
chemical_mean,3,Piperonyl butoxide,3,DTXSID1021166,1.416487865644466,predictions
chemical_mean,3,Profenofos,3,DTXSID3032464,1.218872443617709,predictions
chemical_mean,3,Pyrene,3,DTXSID3024289,0.622007867082656,predictions
chemical_mean,3,S-Bioallethrin,3,parent:DTXSID2039336,1.5918665382523496,predictions
chemical_mean,3,Simvastatin,3,DTXSID0023581,2.7848093081477856,predictions
chemical_mean,3,Sodium fluoride,3,DTXSID2020630,0.9215890417915802,predictions
chemical_mean,3,Spiroxamine,3,DTXSID1034212,3.106735953249426,predictions
chemical_mean,3,Tamoxifen,3,DTXSID1034187,1.8411429436663684,predictions
chemical_mean,3,Tefluthrin,3,DTXSID5032577,2.3230067631950773,predictions
chemical_mean,3,Tetracycline,3,DTXSID7023645,0.7521927789413935,predictions
chemical_mean,3,Thiamethoxam,3,DTXSID2034962,0.7773175840450219,predictions
chemical_mean,3,Tributyltin chloride,3,parent:DTXSID3027403,2.266719125887865,predictions
chemical_mean,3,Triphenyl phosphates isopropylated,3,DTXSID4028880,1.7613258771104874,predictions
chemical_mean,3,(-)-Nicotine,4,DTXSID1020930,1.169217079449806,predictions
chemical_mean,3,17beta-Estradiol,4,DTXSID0020573,0.9803865652340342,predictions
chemical_mean,3,"2,2-Bis(4-hydroxyphenyl)-1,1,1-trichloroethane",4,DTXSID8022325,1.466010527539823,predictions
chemical_mean,3,"4,4'-Sulfonyldiphenol",4,DTXSID3022409,1.13744091091879,predictions
chemical_mean,3,6-aminopyridine-3-carboxamide,4,DTXSID5051446,2.777457594993519,predictions
chemical_mean,3,Acetamiprid,4,DTXSID0034300,1.459458499338778,predictions
chemical_mean,3,Atrazine,4,DTXSID9020112,0.8918041360184576,predictions
chemical_mean,3,Bensulide,4,DTXSID9032329,2.2214171813752346,predictions
chemical_mean,3,CP-409092,4,DTXSID2047276,1.1492741816316214,predictions
chemical_mean,3,Captopril,4,DTXSID1037197,1.3827996051695186,predictions
chemical_mean,3,Chlorethoxyfos,4,DTXSID2032344,2.4981263551990898,predictions
chemical_mean,3,Chlorpyrifos oxon,4,DTXSID1038666,1.2017972079486303,predictions
chemical_mean,3,Chrysene,4,DTXSID0022432,0.676503809122498,predictions
chemical_mean,3,Clove leaf oil,4,DTXSID8044175,1.435548767339761,predictions
chemical_mean,3,Cotinine,4,DTXSID1047576,0.7239286572664613,predictions
chemical_mean,3,Coumaphos,4,DTXSID2020347,2.1369841513639485,predictions
chemical_mean,3,Cypermethrin,4,DTXSID1023998,2.0659763906001483,predictions
chemical_mean,3,D-Glucitol,4,DTXSID5023588,0.865635084428671,predictions
chemical_mean,3,Dextroamphetamine sulfate,4,DTXSID2057865,0.9205312168773483,predictions
chemical_mean,3,Di(2-ethylhexyl) phthalate,4,DTXSID5020607,1.8889065675690264,predictions
chemical_mean,3,Diazinon,4,DTXSID9020407,2.161328909639459,predictions
chemical_mean,3,Dieldrin,4,DTXSID9020453,2.7287942050374276,predictions
chemical_mean,3,Diphenhydramine hydrochloride,4,DTXSID4020537,1.7528702569498413,predictions
chemical_mean,3,Fosthiazate,4,DTXSID0034930,0.9336718099958399,predictions
chemical_mean,3,Heptachlor epoxide B,4,DTXSID1024126,2.2962065819494715,predictions
chemical_mean,3,Imidacloprid,4,DTXSID5032442,1.0531385963383202,predictions
chemical_mean,3,Isodecyl diphenyl phosphate,4,DTXSID3025465,0.9521948585261495,predictions
chemical_mean,3,Kepone,4,DTXSID1020770,2.1845167744908744,predictions
chemical_mean,3,Methimazole,4,DTXSID4020820,1.1345346769662197,predictions
chemical_mean,3,Molinate,4,DTXSID6024206,1.2156970211185283,predictions
chemical_mean,3,Octylbicycloheptenedicarboximide,4,DTXSID6032562,1.1932109270483895,predictions
chemical_mean,3,Paraquat dichloride,4,DTXSID7024243,3.8823726751937726,predictions
chemical_mean,3,Perfluoroundecanoic acid,4,DTXSID8047553,0.9935913045800987,predictions
chemical_mean,3,Phenobarbital,4,parent:DTXSID0021123,0.8549848824569022,predictions
chemical_mean,3,Phenylmercuric acetate,4,DTXSID7021150,1.6460087565618906,predictions
chemical_mean,3,Phosmet,4,DTXSID5024261,2.1212638571463938,predictions
chemical_mean,3,Picoxystrobin,4,DTXSID9047542,2.685510902355643,predictions
chemical_mean,3,Resmethrin,4,DTXSID7022253,1.249463763872363,predictions
chemical_mean,3,Retinoic acid,4,DTXSID7021239,2.2019580262634344,predictions
chemical_mean,3,Rotenone,4,DTXSID6021248,2.385252042935786,predictions
chemical_mean,3,Sodium orthovanadate,4,DTXSID2037269,1.8331561888630414,predictions
chemical_mean,3,Tebupirimfos,4,DTXSID1032482,1.8144120671291855,predictions
chemical_mean,3,Triphenyl phosphate,4,DTXSID1021952,0.9803165956018491,predictions
chemical_mean,3,Triphenyl phosphite,4,DTXSID0026252,0.858834642808492,predictions
chemical_mean,3,Tris(2-chloroisopropyl)phosphate,4,DTXSID5026259,0.8774337755808291,predictions
chemical_mean,3,Valinomycin,4,DTXSID9041150,1.8118247026644447,predictions
chemical_mean,3,tert-Butylphenyl diphenyl phosphate,4,DTXSID6024701,1.6281282823501741,predictions
chemical_mean,4,1-Ethyl-3-methyl-1H-imidazol-3-ium diethyl phosphate,0,DTXSID9047889,0.9370441799508251,predictions
chemical_mean,4,"1H,1H,2H,2H-Perfluorooctyl iodide",0,DTXSID2047565,0.7207327933272512,predictions
chemical_mean,4,"2,2',4,4',5,5'-Hexabromodiphenyl ether",0,DTXSID4030047,1.2846736389727487,predictions
chemical_mean,4,"2,2',4,4',5-Pentabromodiphenyl ether",0,DTXSID9030048,2.4803001645610996,predictions
chemical_mean,4,"2,2',4,4'-Tetrabromodiphenyl ether",0,DTXSID3030056,1.4568264185878277,predictions
chemical_mean,4,2-Methoxyethanol,0,DTXSID5024182,0.8034085613815662,predictions
chemical_mean,4,"3,3'-Iminobispropanenitrile",0,DTXSID2041464,0.7254713911737474,predictions
chemical_mean,4,4H-Cyclopenta(def)phenanthrene,0,DTXSID1024887,0.8218160632770095,predictions
chemical_mean,4,6-Propyl-2-thiouracil,0,DTXSID5021209,1.6474496405313233,predictions
chemical_mean,4,Acrylamide,0,DTXSID5020027,0.8757930274105448,predictions
chemical_mean,4,Aldrin,0,DTXSID8020040,2.2682905372485473,predictions
chemical_mean,4,Benz(a)anthracene,0,DTXSID5023902,1.1409116750375663,predictions
chemical_mean,4,"Benzo[g,h,i]perylene",0,DTXSID5023908,1.005120158117105,predictions
chemical_mean,4,Boric acid (H3BO3),0,DTXSID1020194,0.7522066965850001,predictions
chemical_mean,4,Boscalid,0,DTXSID6034392,0.8814383153708754,predictions
chemical_mean,4,CP-457920,0,DTXSID4047254,1.1898986193048322,predictions
chemical_mean,4,Chlorpyrifos,0,DTXSID4020458,2.069270043382018,predictions
chemical_mean,4,Cyfluthrin,0,DTXSID5035957,2.0599980904406587,predictions
chemical_mean,4,Cytarabine,0,DTXSID3022877,3.0254058936847485,predictions
chemical_mean,4,"Dibenz[a,h]anthracene",0,DTXSID9020409,0.7955464938571255,predictions
chemical_mean,4,Disulfoton,0,DTXSID0022018,0.6130457823217264,predictions
chemical_mean,4,Enadoline,0,DTXSID4047258,1.5331574436921316,predictions
chemical_mean,4,Erythromycin,0,DTXSID4022991,1.0039405969726254,predictions
chemical_mean,4,Ethoprop,0,DTXSID4032611,2.0858764989318224,predictions
chemical_mean,4,Fenamiphos,0,DTXSID3024102,1.029040781695961,predictions
chemical_mean,4,Fluconazole,0,DTXSID3020627,1.0712823227428685,predictions
chemical_mean,4,Flufenacet,0,DTXSID2032552,0.858614476293145,predictions
chemical_mean,4,Fluoxastrobin,0,DTXSID2034625,2.40982727402072,predictions
chemical_mean,4,Fluoxetine hydrochloride,0,DTXSID7020635,2.8630213298143796,predictions
chemical_mean,4,Flusilazole,0,DTXSID3024235,2.0759065333969695,predictions
chemical_mean,4,Glyphosate,0,DTXSID1024122,1.0814726462313815,predictions
chemical_mean,4,Hydroxyurea,0,DTXSID6025438,1.2989940428266338,predictions
chemical_mean,4,Isoniazid,0,DTXSID8020755,1.1849843922275656,predictions
chemical_mean,4,L-Domoic acid,0,DTXSID20274180,3.2539274113396544,predictions
chemical_mean,4,Lactofen,0,DTXSID7024160,0.9202988157933044,predictions
chemical_mean,4,Lovastatin,0,DTXSID5020784,2.6924635501080862,predictions
chemical_mean,4,Methadone hydrochloride,0,DTXSID2020501,1.9198927279806264,predictions
chemical_mean,4,Methotrexate,0,DTXSID4020822,1.6911878024722746,predictions
chemical_mean,4,Naphthalene,0,DTXSID8020913,1.1132077221082666,predictions
chemical_mean,4,Omethoate,0,DTXSID4037580,1.084529926948775,predictions
chemical_mean,4,Phenobarbital sodium,0,parent:DTXSID0021123,0.9210329185767714,predictions
chemical_mean,4,Pirimiphos-methyl,0,DTXSID0024266,2.2520692181036814,predictions
chemical_mean,4,Pyraclostrobin,0,DTXSID7032638,3.0448622410872304,predictions
chemical_mean,4,Sodium benzoate,0,DTXSID1020140,0.9384911760804074,predictions
chemical_mean,4,Spirodiclofen,0,DTXSID6034928,0.6147636070712986,predictions
chemical_mean,4,Thiacloprid,0,DTXSID7034961,0.9863015035887386,predictions
chemical_mean,4,Triclosan,0,DTXSID5032498,2.0845699886681923,predictions
chemical_mean,4,Triethyltin bromide,0,DTXSID9040712,3.3526352368099355,predictions
chemical_mean,4,"p,p'-DDE",0,DTXSID9020374,1.910945509398524,predictions
chemical_mean,4,(Methylcyclopentadienyl)tricarbonylmanganese,1,DTXSID9027738,1.1119246390288535,predictions
chemical_mean,4,"1,2-Propylene glycol",1,DTXSID0021206,1.4448790704179213,predictions
chemical_mean,4,5-Chloro-2-methyl-3(2H)-isothiazolone,1,DTXSID9034286,2.4536817740889374,predictions
chemical_mean,4,5-Fluorouracil,1,DTXSID2020634,3.596652644548133,predictions
chemical_mean,4,Acephate,1,DTXSID8023846,0.903481164425078,predictions
chemical_mean,4,Acetaminophen,1,DTXSID2020006,0.46260545582913704,predictions
chemical_mean,4,Aspirin,1,DTXSID5020108,0.6387367283622981,predictions
chemical_mean,4,Auramine hydrochloride,1,DTXSID9020114,2.0742641684145697,predictions
chemical_mean,4,Benzo[k]fluoranthene,1,DTXSID0023909,1.024576906215144,predictions
chemical_mean,4,Berberine chloride,1,DTXSID8024602,2.34105147174712,predictions
chemical_mean,4,Bifenthrin,1,DTXSID9020160,2.653012331816897,predictions
chemical_mean,4,Bis(tributyltin)oxide,1,parent:DTXSID3027403,4.372350757498221,predictions
chemical_mean,4,Bisindolylmaleimide I,1,DTXSID50157932,1.9857831036196356,predictions
chemical_mean,4,Bisphenol A,1,DTXSID7020182,1.6604446127596517,predictions
chemical_mean,4,Busulfan,1,DTXSID3020910,0.7249887233073402,predictions
chemical_mean,4,Caffeine,1,DTXSID0020232,1.0141911369626873,predictions
chemical_mean,4,Chlordiazepoxide hydrochloride,1,DTXSID40880060,2.556774378009882,predictions
chemical_mean,4,Cyclophosphamide monohydrate,1,DTXSID6024888,1.2132001655761235,predictions
chemical_mean,4,Cymoxanil,1,DTXSID6032358,0.5201161855076185,predictions
chemical_mean,4,Diazepam,1,DTXSID4020406,1.6783947699980044,predictions
chemical_mean,4,Diazoxon,1,DTXSID5037523,0.9506805928966475,predictions
chemical_mean,4,Diethylene glycol,1,DTXSID8020462,1.0404906231035733,predictions
chemical_mean,4,Diethylstilbestrol,1,DTXSID3020465,2.1576192444002156,predictions
chemical_mean,4,Difpas-pyrazole,1,DTXSID6048175,1.3919365514204969,predictions
chemical_mean,4,Dimethoate,1,DTXSID7020479,1.8700001325788005,predictions
chemical_mean,4,Endosulfan,1,DTXSID1020560,2.7289570582571328,predictions
chemical_mean,4,Endrin,1,DTXSID6020561,1.3675790883570993,predictions
chemical_mean,4,Fenitrothion,1,DTXSID4032613,0.7525983741242146,predictions
chemical_mean,4,Loperamide,1,DTXSID00880006,3.2012177024674693,predictions
chemical_mean,4,Malaoxon,1,DTXSID9020790,0.9139667222716022,predictions
chemical_mean,4,Methoxychlor,1,DTXSID9020827,1.892425431403873,predictions
chemical_mean,4,Naled,1,DTXSID1024209,2.718431095221731,predictions
chemical_mean,4,Oxidopamine hydrochloride,1,DTXSID0045838,2.2472594140356863,predictions
chemical_mean,4,Permethrin,1,DTXSID8022292,1.91730337164426,predictions
chemical_mean,4,PharmaGSID_47330,1,DTXSID9047330,1.6032986753883711,predictions
chemical_mean,4,Phenanthrene,1,DTXSID6024254,0.5213722019580007,predictions
chemical_mean,4,Pravastatin sodium,1,DTXSID6047525,2.6217713211653395,predictions
chemical_mean,4,S-Ethyl dipropylthiocarbamate,1,DTXSID1024091,0.6795225676568385,predictions
chemical_mean,4,Sodium saccharin hydrate,1,DTXSID7021992,0.9864022710884527,predictions
chemical_mean,4,Sodium valproate,1,DTXSID5037072,1.1186460182429108,predictions
chemical_mean,4,Terbufos,1,DTXSID2022254,2.3218861829792905,predictions
chemical_mean,4,Thalidomide,1,DTXSID9022524,1.2092420517460998,predictions
chemical_mean,4,Tributyltin methacrylate,1,parent:DTXSID3027403,2.125808173681038,predictions
chemical_mean,4,Trimethyltin hydroxide,1,DTXSID9032240,3.05129146013977,predictions
chemical_mean,4,"Tris(1,3-dichloro-2-propyl) phosphate",1,DTXSID9026261,1.2646084088156475,predictions
chemical_mean,4,Tris(2-chloroethyl) phosphate,1,DTXSID5021411,1.2747990738995392,predictions
chemical_mean,4,Z-Tetrachlorvinphos,1,DTXSID1032648,1.5784291304949374,predictions
chemical_mean,4,"p,p'-DDD",1,DTXSID4020373,2.1978864478199487,predictions
chemical_mean,4,tert-Butylhydroquinone,1,DTXSID6020220,2.0011364880906384,predictions
chemical_mean,4,2-(m-Chlorophenoxy)propionic acid,2,DTXSID9034232,1.1242959342418835,predictions
chemical_mean,4,2-Ethylhexyl diphenyl phosphate,2,DTXSID1025300,1.5852908474809069,predictions
chemical_mean,4,"3,3',5,5'-Tetrabromobisphenol A",2,DTXSID1026081,0.7744224547808272,predictions
chemical_mean,4,Abamectin,2,DTXSID8023892,2.7659490705093193,predictions
chemical_mean,4,Acenaphthylene,2,DTXSID3023845,0.6412537790822349,predictions
chemical_mean,4,Aldicarb,2,DTXSID0039223,1.2523677031929015,predictions
chemical_mean,4,Amoxicillin,2,DTXSID3037044,1.1314666412025587,predictions
chemical_mean,4,Azoxystrobin,2,DTXSID0032520,2.7566546472812616,predictions
chemical_mean,4,Benzo[a]pyrene,2,DTXSID2020139,1.0900754229961023,predictions
chemical_mean,4,Benzo[e]pyrene,2,DTXSID3023764,1.3268674663270645,predictions
chemical_mean,4,Bis(2-ethylhexyl) tetrabromophthalate,2,DTXSID7027887,1.3711935651490639,predictions
chemical_mean,4,Bisphenol AF,2,DTXSID7037717,1.147476772161206,predictions
chemical_mean,4,Bisphenol B,2,DTXSID4022442,1.4225759271931948,predictions
chemical_mean,4,Cadmium(II) chloride hydrate (2:5),2,DTXSID4040183,3.4431640364712663,predictions
chemical_mean,4,Captan,2,DTXSID9020243,1.3442110275107229,predictions
chemical_mean,4,Carbamazepine,2,DTXSID4022731,0.9766487026585153,predictions
chemical_mean,4,Carbaryl,2,DTXSID9020247,2.877181652177569,predictions
chemical_mean,4,Cariporide mesylate,2,DTXSID3047344,1.1835872927991464,predictions
chemical_mean,4,Chloramben,2,DTXSID2020262,0.933171193003858,predictions
chemical_mean,4,Chlorpromazine hydrochloride,2,DTXSID7024827,2.279020024092667,predictions
chemical_mean,4,Clothianidin,2,DTXSID2034465,0.7024089891311377,predictions
chemical_mean,4,Dichlorvos,2,DTXSID5020449,1.0849025947714637,predictions
chemical_mean,4,Eugenol,2,DTXSID9020617,1.023640815637051,predictions
chemical_mean,4,Fipronil,2,DTXSID4034609,1.212109715638838,predictions
chemical_mean,4,Fluorene,2,DTXSID8024105,0.5986372005136218,predictions
chemical_mean,4,Glycerol,2,DTXSID9020663,0.6841531082885637,predictions
chemical_mean,4,L-Ascorbic acid,2,DTXSID5020106,0.8491226007078228,predictions
chemical_mean,4,Lindane,2,DTXSID2020686,1.7206546925679398,predictions
chemical_mean,4,Maneb,2,DTXSID9020794,0.9470974417362499,predictions
chemical_mean,4,Manganese dichloride,2,parent:DTXSID5027279,0.9990616848135332,predictions
chemical_mean,4,Mercuric chloride,2,DTXSID5020811,2.4196933834223224,predictions
chemical_mean,4,Methamidophos,2,DTXSID6024177,0.6274336107477533,predictions
chemical_mean,4,Methylmercuric(II) chloride,2,DTXSID5020813,3.2182536712323504,predictions
chemical_mean,4,Mevastatin,2,DTXSID4040684,2.550637942095684,predictions
chemical_mean,4,Mirex,2,DTXSID7020895,3.1538153357634044,predictions
chemical_mean,4,"Octachloro-4,7-methanotetrahydroindane",2,DTXSID7020267,1.9297290493286448,predictions
chemical_mean,4,Parathion,2,DTXSID7021100,0.8528401671738294,predictions
chemical_mean,4,Prallethrin,2,DTXSID0032572,1.6167388587961675,predictions
chemical_mean,4,Reserpine,2,DTXSID7021237,2.933457062389207,predictions
chemical_mean,4,Sodium arsenite,2,DTXSID5020104,4.754476221327288,predictions
chemical_mean,4,Tebuconazole,2,DTXSID9032113,2.850846048307382,predictions
chemical_mean,4,Terbutaline hemisulfate,2,DTXSID3045437,0.7634385859939171,predictions
chemical_mean,4,Tetraethylthiuram disulfide,2,DTXSID1021322,2.201949202512372,predictions
chemical_mean,4,Tetramethrin,2,DTXSID6032649,0.9119486503300834,predictions
chemical_mean,4,Tribufos,2,DTXSID1024174,1.947990041625209,predictions
chemical_mean,4,Trichlorfon,2,DTXSID0021389,2.2441622848912743,predictions
chemical_mean,4,Trifloxystrobin,2,DTXSID4032580,2.85576036113196,predictions
chemical_mean,4,Tris(methylphenyl) phosphate,2,DTXSID4021391,1.0763133714468158,predictions
chemical_mean,4,"o,p'-DDT",2,parent:DTXSID4020375,1.981026359446983,predictions
chemical_mean,4,1-Methyl-4-phenylpyridinium iodide,3,DTXSID40880040,1.3729930649683033,predictions
chemical_mean,4,"2-Ethylhexyl 2,3,4,5-tetrabromobenzoate",3,DTXSID9052686,1.525812237618937,predictions
chemical_mean,4,3-Iodo-2-propynyl-N-butylcarbamate,3,DTXSID0028038,2.2852763903731654,predictions
chemical_mean,4,"5,5-Diphenylhydantoin",3,DTXSID8020541,0.9521301425804236,predictions
chemical_mean,4,6-Methyl-2-thiouracil,3,DTXSID2020890,1.338333974679554,predictions
chemical_mean,4,Acenaphthene,3,DTXSID3021774,0.9204996549652196,predictions
chemical_mean,4,Allethrin,3,parent:DTXSID2039336,1.3472765388636145,predictions
chemical_mean,4,Anthracene,3,DTXSID0023878,0.8409600554155702,predictions
chemical_mean,4,Benzo(b)fluoranthene,3,DTXSID0023907,1.3177609004446962,predictions
chemical_mean,4,Carbofuran,3,DTXSID9020249,1.3160829251439923,predictions
chemical_mean,4,Chlorendic acid,3,DTXSID2020268,0.8357266450394997,predictions
chemical_mean,4,Clodinafop-propargyl,3,DTXSID6032354,0.783492206484566,predictions
chemical_mean,4,Cocaine,3,DTXSID2038443,0.7310132471641397,predictions
chemical_mean,4,Colchicine,3,DTXSID5024845,0.4177344461548791,predictions
chemical_mean,4,D-Mannitol,3,DTXSID1023235,1.0810691319917614,predictions
chemical_mean,4,DDT,3,parent:DTXSID4020375,2.254944131408535,predictions
chemical_mean,4,Deltamethrin,3,DTXSID8020381,2.8510155207674694,predictions
chemical_mean,4,Dexamethasone,3,DTXSID3020384,0.9813232970136344,predictions
chemical_mean,4,"Dibenz[a,c]anthracene",3,DTXSID9049245,1.075185157175841,predictions
chemical_mean,4,Dicrotophos,3,DTXSID9023914,0.8956797499659611,predictions
chemical_mean,4,Emamectin benzoate,3,DTXSID0034566,2.879157785443102,predictions
chemical_mean,4,Es-fenvalerate,3,DTXSID4032667,2.2719303892264446,predictions
chemical_mean,4,Esketamine hydrochloride,3,DTXSID601027734,1.2731627004577635,predictions
chemical_mean,4,Etofenprox,3,DTXSID9032610,1.6155611824070502,predictions
chemical_mean,4,Fenpropathrin,3,DTXSID0024002,1.7976841201893485,predictions
chemical_mean,4,Firemaster 550,3,DTXSID70880073,1.3775658885891393,predictions
chemical_mean,4,Folic acid,3,DTXSID0022519,1.0719628124784992,predictions
chemical_mean,4,Haloperidol,3,DTXSID4034150,2.515800953852031,predictions
chemical_mean,4,Hexachlorophene,3,DTXSID6020690,2.8337532593438888,predictions
chemical_mean,4,Lead(II) acetate trihydrate,3,DTXSID3031521,2.0554294797087906,predictions
chemical_mean,4,Malathion,3,DTXSID4020791,2.2317236314419864,predictions
chemical_mean,4,Mancozeb,3,DTXSID0034695,0.6689989135577417,predictions
chemical_mean,4,Manganese(II) acetate,3,parent:DTXSID5027279,0.8696449377450373,predictions
chemical_mean,4,Naloxone hydrochloride dihydrate,3,DTXSID90199452,0.9120940531661992,predictions
chemical_mean,4,Phenol,3,DTXSID5021124,1.0249958820806004,predictions
chemical_mean,4,Phorate,3,DTXSID4032459,1.8540368788414383,predictions
chemical_mean,4,Piperonyl butoxide,3,DTXSID1021166,1.8191585318992334,predictions
chemical_mean,4,Profenofos,3,DTXSID3032464,1.1944208353902739,predictions
chemical_mean,4,Pyrene,3,DTXSID3024289,0.5806325237620493,predictions
chemical_mean,4,S-Bioallethrin,3,parent:DTXSID2039336,1.385144519196734,predictions
chemical_mean,4,Simvastatin,3,DTXSID0023581,2.743168582457058,predictions
chemical_mean,4,Sodium fluoride,3,DTXSID2020630,0.9290487168474904,predictions
chemical_mean,4,Spiroxamine,3,DTXSID1034212,3.109195463757697,predictions
chemical_mean,4,Tamoxifen,3,DTXSID1034187,1.9219934864004298,predictions
chemical_mean,4,Tefluthrin,3,DTXSID5032577,2.3282402263609536,predictions
chemical_mean,4,Tetracycline,3,DTXSID7023645,0.756259685842374,predictions
chemical_mean,4,Thiamethoxam,3,DTXSID2034962,0.7696886405239137,predictions
chemical_mean,4,Tributyltin chloride,3,parent:DTXSID3027403,1.94516057229351,predictions
chemical_mean,4,Triphenyl phosphates isopropylated,3,DTXSID4028880,1.7069151468671897,predictions
chemical_mean,4,(-)-Nicotine,4,DTXSID1020930,1.2564405989642862,predictions
chemical_mean,4,17beta-Estradiol,4,DTXSID0020573,0.8327572337106041,predictions
chemical_mean,4,"2,2-Bis(4-hydroxyphenyl)-1,1,1-trichloroethane",4,DTXSID8022325,1.3232841925451146,predictions
chemical_mean,4,"4,4'-Sulfonyldiphenol",4,DTXSID3022409,1.1269062656918056,predictions
chemical_mean,4,6-aminopyridine-3-carboxamide,4,DTXSID5051446,3.018567456997869,predictions
chemical_mean,4,Acetamiprid,4,DTXSID0034300,1.4922731929557689,predictions
chemical_mean,4,Atrazine,4,DTXSID9020112,0.8645983724089332,predictions
chemical_mean,4,Bensulide,4,DTXSID9032329,2.240807325776075,predictions
chemical_mean,4,CP-409092,4,DTXSID2047276,1.2207682775746698,predictions
chemical_mean,4,Captopril,4,DTXSID1037197,1.2265165602948496,predictions
chemical_mean,4,Chlorethoxyfos,4,DTXSID2032344,2.4075559287759276,predictions
chemical_mean,4,Chlorpyrifos oxon,4,DTXSID1038666,1.2362615174613008,predictions
chemical_mean,4,Chrysene,4,DTXSID0022432,0.6744040210250144,predictions
chemical_mean,4,Clove leaf oil,4,DTXSID8044175,1.4742446768375317,predictions
chemical_mean,4,Cotinine,4,DTXSID1047576,0.7342148489005444,predictions
chemical_mean,4,Coumaphos,4,DTXSID2020347,2.2116846906666647,predictions
chemical_mean,4,Cypermethrin,4,DTXSID1023998,2.160768081836169,predictions
chemical_mean,4,D-Glucitol,4,DTXSID5023588,0.7997961566840932,predictions
chemical_mean,4,Dextroamphetamine sulfate,4,DTXSID2057865,0.8468360492320475,predictions
chemical_mean,4,Di(2-ethylhexyl) phthalate,4,DTXSID5020607,1.5664534931629412,predictions
chemical_mean,4,Diazinon,4,DTXSID9020407,2.0342879214233127,predictions
chemical_mean,4,Dieldrin,4,DTXSID9020453,3.144379592393668,predictions
chemical_mean,4,Diphenhydramine hydrochloride,4,DTXSID4020537,1.7297863010705026,predictions
chemical_mean,4,Fosthiazate,4,DTXSID0034930,0.9203921085884884,predictions
chemical_mean,4,Heptachlor epoxide B,4,DTXSID1024126,2.0829585780996482,predictions
chemical_mean,4,Imidacloprid,4,DTXSID5032442,1.0224397577101128,predictions
chemical_mean,4,Isodecyl diphenyl phosphate,4,DTXSID3025465,0.8242337180100481,predictions
chemical_mean,4,Kepone,4,DTXSID1020770,2.1313068398851165,predictions
chemical_mean,4,Methimazole,4,DTXSID4020820,1.1830260978294902,predictions
chemical_mean,4,Molinate,4,DTXSID6024206,1.0850844887532975,predictions
chemical_mean,4,Octylbicycloheptenedicarboximide,4,DTXSID6032562,1.2455676018816484,predictions
chemical_mean,4,Paraquat dichloride,4,DTXSID7024243,5.024560590317959,predictions
chemical_mean,4,Perfluoroundecanoic acid,4,DTXSID8047553,0.849774793118241,predictions
chemical_mean,4,Phenobarbital,4,parent:DTXSID0021123,0.8307021629072313,predictions
chemical_mean,4,Phenylmercuric acetate,4,DTXSID7021150,1.7370694630663137,predictions
chemical_mean,4,Phosmet,4,DTXSID5024261,1.8684225629816669,predictions
chemical_mean,4,Picoxystrobin,4,DTXSID9047542,2.5963350762625073,predictions
chemical_mean,4,Resmethrin,4,DTXSID7022253,1.2189908061691797,predictions
chemical_mean,4,Retinoic acid,4,DTXSID7021239,2.106585879800032,predictions
chemical_mean,4,Rotenone,4,DTXSID6021248,2.367944873142665,predictions
chemical_mean,4,Sodium orthovanadate,4,DTXSID2037269,1.7430899710532863,predictions
chemical_mean,4,Tebupirimfos,4,DTXSID1032482,1.8736866607624294,predictions
chemical_mean,4,Triphenyl phosphate,4,DTXSID1021952,0.990706540072129,predictions
chemical_mean,4,Triphenyl phosphite,4,DTXSID0026252,0.8142191575698015,predictions
chemical_mean,4,Tris(2-chloroisopropyl)phosphate,4,DTXSID5026259,0.8650102574777121,predictions
chemical_mean,4,Valinomycin,4,DTXSID9041150,2.2668131510059655,predictions
chemical_mean,4,tert-Butylphenyl diphenyl phosphate,4,DTXSID6024701,1.6771547089032872,predictions
cnp,3,(Methylcyclopentadienyl)tricarbonylmanganese,1,DTXSID9027738,0.9186087769734081,predictions
cnp,3,"1,2-Propylene glycol",1,DTXSID0021206,1.7617343289127079,predictions
cnp,3,5-Chloro-2-methyl-3(2H)-isothiazolone,1,DTXSID9034286,1.2490398721555178,predictions
cnp,3,5-Fluorouracil,1,DTXSID2020634,1.4897214890763721,predictions
cnp,3,Acephate,1,DTXSID8023846,0.8945123208792538,predictions
cnp,3,Acetaminophen,1,DTXSID2020006,0.531261169172606,predictions
cnp,3,Aspirin,1,DTXSID5020108,0.6114580952270314,predictions
cnp,3,Auramine hydrochloride,1,DTXSID9020114,1.2592708617408266,predictions
cnp,3,Benzo[k]fluoranthene,1,DTXSID0023909,0.990010351448458,predictions
cnp,3,Berberine chloride,1,DTXSID8024602,0.9357683251115073,predictions
cnp,3,Bifenthrin,1,DTXSID9020160,1.556196092347166,predictions
cnp,3,Bis(tributyltin)oxide,1,parent:DTXSID3027403,2.0895798899975864,predictions
cnp,3,Bisindolylmaleimide I,1,DTXSID50157932,0.9572281362929163,predictions
cnp,3,Bisphenol A,1,DTXSID7020182,0.9349302261709163,predictions
cnp,3,Busulfan,1,DTXSID3020910,0.7935319328582296,predictions
cnp,3,Caffeine,1,DTXSID0020232,1.2250254552740298,predictions
cnp,3,Chlordiazepoxide hydrochloride,1,DTXSID40880060,1.5693399375934258,predictions
cnp,3,Cyclophosphamide monohydrate,1,DTXSID6024888,1.1613089117007143,predictions
cnp,3,Cymoxanil,1,DTXSID6032358,0.8373700633470434,predictions
cnp,3,Diazepam,1,DTXSID4020406,1.7043962503097276,predictions
cnp,3,Diazoxon,1,DTXSID5037523,1.0734405641400386,predictions
cnp,3,Diethylene glycol,1,DTXSID8020462,0.9195996197630514,predictions
cnp,3,Diethylstilbestrol,1,DTXSID3020465,1.1969743948208578,predictions
cnp,3,Difpas-pyrazole,1,DTXSID6048175,1.5429377212183646,predictions
cnp,3,Dimethoate,1,DTXSID7020479,0.9883531016563062,predictions
cnp,3,Endosulfan,1,DTXSID1020560,1.9511052622552463,predictions
cnp,3,Endrin,1,DTXSID6020561,1.3750343460317664,predictions
cnp,3,Fenitrothion,1,DTXSID4032613,0.6005714202841559,predictions
cnp,3,Loperamide,1,DTXSID00880006,1.1558381294849034,predictions
cnp,3,Malaoxon,1,DTXSID9020790,0.9356697134578699,predictions
cnp,3,Methoxychlor,1,DTXSID9020827,1.3818566088610802,predictions
cnp,3,Naled,1,DTXSID1024209,1.3582460991151,predictions
cnp,3,Oxidopamine hydrochloride,1,DTXSID0045838,1.3290668603514002,predictions
cnp,3,Permethrin,1,DTXSID8022292,1.3359227582228255,predictions
cnp,3,PharmaGSID_47330,1,DTXSID9047330,1.1921538780543932,predictions
cnp,3,Phenanthrene,1,DTXSID6024254,0.49621330150094833,predictions
cnp,3,Pravastatin sodium,1,DTXSID6047525,1.672760306007714,predictions
cnp,3,S-Ethyl dipropylthiocarbamate,1,DTXSID1024091,0.6949337146785575,predictions
cnp,3,Sodium saccharin hydrate,1,DTXSID7021992,1.1143369189878016,predictions
cnp,3,Sodium valproate,1,DTXSID5037072,1.1318490133954424,predictions
cnp,3,Terbufos,1,DTXSID2022254,1.5092695988213447,predictions
cnp,3,Thalidomide,1,DTXSID9022524,1.344488864820481,predictions
cnp,3,Tributyltin methacrylate,1,parent:DTXSID3027403,1.1874836742199653,predictions
cnp,3,Trimethyltin hydroxide,1,DTXSID9032240,2.4652162356431724,predictions
cnp,3,"Tris(1,3-dichloro-2-propyl) phosphate",1,DTXSID9026261,1.4415427180502294,predictions
cnp,3,Tris(2-chloroethyl) phosphate,1,DTXSID5021411,1.4538289683254655,predictions
cnp,3,Z-Tetrachlorvinphos,1,DTXSID1032648,1.2419107522737474,predictions
cnp,3,"p,p'-DDD",1,DTXSID4020373,1.1239194647497872,predictions
cnp,3,tert-Butylhydroquinone,1,DTXSID6020220,1.049431276347834,predictions
cnp,3,2-(m-Chlorophenoxy)propionic acid,2,DTXSID9034232,1.307498808970483,predictions
cnp,3,2-Ethylhexyl diphenyl phosphate,2,DTXSID1025300,1.0560831821640733,predictions
cnp,3,"3,3',5,5'-Tetrabromobisphenol A",2,DTXSID1026081,0.7640107378222263,predictions
cnp,3,Abamectin,2,DTXSID8023892,1.4788952978666727,predictions
cnp,3,Acenaphthylene,2,DTXSID3023845,0.6311191873460998,predictions
cnp,3,Aldicarb,2,DTXSID0039223,1.000304188343708,predictions
cnp,3,Amoxicillin,2,DTXSID3037044,1.0157085572770737,predictions
cnp,3,Azoxystrobin,2,DTXSID0032520,1.0321260856722965,predictions
cnp,3,Benzo[a]pyrene,2,DTXSID2020139,0.8582738228103969,predictions
cnp,3,Benzo[e]pyrene,2,DTXSID3023764,1.041033650465465,predictions
cnp,3,Bis(2-ethylhexyl) tetrabromophthalate,2,DTXSID7027887,1.4037604871793679,predictions
cnp,3,Bisphenol AF,2,DTXSID7037717,1.0725615653593021,predictions
cnp,3,Bisphenol B,2,DTXSID4022442,1.0035535768700354,predictions
cnp,3,Cadmium(II) chloride hydrate (2:5),2,DTXSID4040183,1.9579415028303742,predictions
cnp,3,Captan,2,DTXSID9020243,0.9098672665540448,predictions
cnp,3,Carbamazepine,2,DTXSID4022731,1.0881313630016893,predictions
cnp,3,Carbaryl,2,DTXSID9020247,2.0084678442175905,predictions
cnp,3,Cariporide mesylate,2,DTXSID3047344,1.127549065835345,predictions
cnp,3,Chloramben,2,DTXSID2020262,0.8963451944504307,predictions
cnp,3,Chlorpromazine hydrochloride,2,DTXSID7024827,1.0841385567187833,predictions
cnp,3,Clothianidin,2,DTXSID2034465,0.7370710089925856,predictions
cnp,3,Dichlorvos,2,DTXSID5020449,0.8711702446392533,predictions
cnp,3,Eugenol,2,DTXSID9020617,1.1001498835261532,predictions
cnp,3,Fipronil,2,DTXSID4034609,1.6224397580716665,predictions
cnp,3,Fluorene,2,DTXSID8024105,0.5487061391512029,predictions
cnp,3,Glycerol,2,DTXSID9020663,0.6584190370170451,predictions
cnp,3,L-Ascorbic acid,2,DTXSID5020106,1.128339297296098,predictions
cnp,3,Lindane,2,DTXSID2020686,1.4136952353789478,predictions
cnp,3,Maneb,2,DTXSID9020794,1.319983031978681,predictions
cnp,3,Manganese dichloride,2,parent:DTXSID5027279,1.065928639787393,predictions
cnp,3,Mercuric chloride,2,DTXSID5020811,1.1842038445127339,predictions
cnp,3,Methamidophos,2,DTXSID6024177,0.917869615697643,predictions
cnp,3,Methylmercuric(II) chloride,2,DTXSID5020813,2.0642158573442186,predictions
cnp,3,Mevastatin,2,DTXSID4040684,1.239644966157965,predictions
cnp,3,Mirex,2,DTXSID7020895,1.5236258013835362,predictions
cnp,3,"Octachloro-4,7-methanotetrahydroindane",2,DTXSID7020267,1.126896159587933,predictions
cnp,3,Parathion,2,DTXSID7021100,0.9211532022971092,predictions
cnp,3,Prallethrin,2,DTXSID0032572,1.0057287450525778,predictions
cnp,3,Reserpine,2,DTXSID7021237,2.4652329326317077,predictions
cnp,3,Sodium arsenite,2,DTXSID5020104,2.0946050314939177,predictions
cnp,3,Tebuconazole,2,DTXSID9032113,2.3334813056740993,predictions
cnp,3,Terbutaline hemisulfate,2,DTXSID3045437,1.0096149432332902,predictions
cnp,3,Tetraethylthiuram disulfide,2,DTXSID1021322,1.11457950617704,predictions
cnp,3,Tetramethrin,2,DTXSID6032649,0.7968366948069354,predictions
cnp,3,Tribufos,2,DTXSID1024174,1.3193098770086729,predictions
cnp,3,Trichlorfon,2,DTXSID0021389,1.1436491278659215,predictions
cnp,3,Trifloxystrobin,2,DTXSID4032580,1.012422590495524,predictions
cnp,3,Tris(methylphenyl) phosphate,2,DTXSID4021391,0.8972232437122034,predictions
cnp,3,"o,p'-DDT",2,parent:DTXSID4020375,1.4199939837191256,predictions
cnp,3,1-Methyl-4-phenylpyridinium iodide,3,DTXSID40880040,1.1930037037905319,predictions
cnp,3,"2-Ethylhexyl 2,3,4,5-tetrabromobenzoate",3,DTXSID9052686,1.714098033305935,predictions
cnp,3,3-Iodo-2-propynyl-N-butylcarbamate,3,DTXSID0028038,0.9369064069315829,predictions
cnp,3,"5,5-Diphenylhydantoin",3,DTXSID8020541,0.9324408108290221,predictions
cnp,3,6-Methyl-2-thiouracil,3,DTXSID2020890,1.017220305938082,predictions
cnp,3,Acenaphthene,3,DTXSID3021774,0.8010845732709532,predictions
cnp,3,Allethrin,3,parent:DTXSID2039336,1.1026421397897017,predictions
cnp,3,Anthracene,3,DTXSID0023878,0.7475100915561612,predictions
cnp,3,Benzo(b)fluoranthene,3,DTXSID0023907,0.9727704171729308,predictions
cnp,3,Carbofuran,3,DTXSID9020249,1.034649139457478,predictions
cnp,3,Chlorendic acid,3,DTXSID2020268,0.8426457135446886,predictions
cnp,3,Clodinafop-propargyl,3,DTXSID6032354,0.6991821985646466,predictions
cnp,3,Cocaine,3,DTXSID2038443,0.7388877250358586,predictions
cnp,3,Colchicine,3,DTXSID5024845,3.142696774523422,predictions
cnp,3,D-Mannitol,3,DTXSID1023235,1.1359256025289635,predictions
cnp,3,DDT,3,parent:DTXSID4020375,1.241485144173792,predictions
cnp,3,Deltamethrin,3,DTXSID8020381,1.3307609088180004,predictions
cnp,3,Dexamethasone,3,DTXSID3020384,1.0416616295095014,predictions
cnp,3,"Dibenz[a,c]anthracene",3,DTXSID9049245,1.039620200907819,predictions
cnp,3,Dicrotophos,3,DTXSID9023914,1.0884995531462398,predictions
cnp,3,Emamectin benzoate,3,DTXSID0034566,1.6493263695530094,predictions
cnp,3,Es-fenvalerate,3,DTXSID4032667,1.1312939362187353,predictions
cnp,3,Esketamine hydrochloride,3,DTXSID601027734,1.1590982660527434,predictions
cnp,3,Etofenprox,3,DTXSID9032610,1.066249700731046,predictions
cnp,3,Fenpropathrin,3,DTXSID0024002,1.0487578735486447,predictions
cnp,3,Firemaster 550,3,DTXSID70880073,1.025276477417166,predictions
cnp,3,Folic acid,3,DTXSID0022519,1.1659664956371745,predictions
cnp,3,Haloperidol,3,DTXSID4034150,1.3539301382362594,predictions
cnp,3,Hexachlorophene,3,DTXSID6020690,1.3411956939844751,predictions
cnp,3,Lead(II) acetate trihydrate,3,DTXSID3031521,1.8000747022446515,predictions
cnp,3,Malathion,3,DTXSID4020791,0.9617740082466867,predictions
cnp,3,Mancozeb,3,DTXSID0034695,0.7240635861423909,predictions
cnp,3,Manganese(II) acetate,3,parent:DTXSID5027279,0.8112423180053906,predictions
cnp,3,Naloxone hydrochloride dihydrate,3,DTXSID90199452,1.1639093349335643,predictions
cnp,3,Phenol,3,DTXSID5021124,1.0095717356949823,predictions
cnp,3,Phorate,3,DTXSID4032459,1.1191565400101324,predictions
cnp,3,Piperonyl butoxide,3,DTXSID1021166,1.2309365950857316,predictions
cnp,3,Profenofos,3,DTXSID3032464,1.2669018424110856,predictions
cnp,3,Pyrene,3,DTXSID3024289,0.6341841501969278,predictions
cnp,3,S-Bioallethrin,3,parent:DTXSID2039336,1.005919915703593,predictions
cnp,3,Simvastatin,3,DTXSID0023581,1.7239886095848025,predictions
cnp,3,Sodium fluoride,3,DTXSID2020630,0.8673215472485454,predictions
cnp,3,Spiroxamine,3,DTXSID1034212,1.57570066933915,predictions
cnp,3,Tamoxifen,3,DTXSID1034187,1.2963479261001234,predictions
cnp,3,Tefluthrin,3,DTXSID5032577,1.116983707080474,predictions
cnp,3,Tetracycline,3,DTXSID7023645,0.9254682374988089,predictions
cnp,3,Thiamethoxam,3,DTXSID2034962,0.9627782422887524,predictions
cnp,3,Tributyltin chloride,3,parent:DTXSID3027403,1.0722395078328564,predictions
cnp,3,Triphenyl phosphates isopropylated,3,DTXSID4028880,1.1910333240240256,predictions
cnp,3,(-)-Nicotine,4,DTXSID1020930,1.2221365354335458,predictions
cnp,3,17beta-Estradiol,4,DTXSID0020573,0.7171509884903686,predictions
cnp,3,"2,2-Bis(4-hydroxyphenyl)-1,1,1-trichloroethane",4,DTXSID8022325,1.173788129884822,predictions
cnp,3,"4,4'-Sulfonyldiphenol",4,DTXSID3022409,1.1960414769994805,predictions
cnp,3,6-aminopyridine-3-carboxamide,4,DTXSID5051446,1.4445535231812618,predictions
cnp,3,Acetamiprid,4,DTXSID0034300,1.2670214307060192,predictions
cnp,3,Atrazine,4,DTXSID9020112,0.8585278162647079,predictions
cnp,3,Bensulide,4,DTXSID9032329,1.0680530716392642,predictions
cnp,3,CP-409092,4,DTXSID2047276,1.1026748039780883,predictions
cnp,3,Captopril,4,DTXSID1037197,1.184882660956993,predictions
cnp,3,Chlorethoxyfos,4,DTXSID2032344,1.7529674136879883,predictions
cnp,3,Chlorpyrifos oxon,4,DTXSID1038666,1.5259515642108787,predictions
cnp,3,Chrysene,4,DTXSID0022432,0.7263938274099458,predictions
cnp,3,Clove leaf oil,4,DTXSID8044175,1.5158804402349197,predictions
cnp,3,Cotinine,4,DTXSID1047576,0.6714857756697332,predictions
cnp,3,Coumaphos,4,DTXSID2020347,1.2039198612431403,predictions
cnp,3,Cypermethrin,4,DTXSID1023998,1.0817222401502629,predictions
cnp,3,D-Glucitol,4,DTXSID5023588,1.6463140280895885,predictions
cnp,3,Dextroamphetamine sulfate,4,DTXSID2057865,0.9058580145594212,predictions
cnp,3,Di(2-ethylhexyl) phthalate,4,DTXSID5020607,1.6783316738324143,predictions
cnp,3,Diazinon,4,DTXSID9020407,1.3051454920912164,predictions
cnp,3,Dieldrin,4,DTXSID9020453,1.4417705292412237,predictions
cnp,3,Diphenhydramine hydrochloride,4,DTXSID4020537,1.175024832736138,predictions
cnp,3,Fosthiazate,4,DTXSID0034930,0.9906462919945392,predictions
cnp,3,Heptachlor epoxide B,4,DTXSID1024126,1.74136619452806,predictions
cnp,3,Imidacloprid,4,DTXSID5032442,1.0131618623462546,predictions
cnp,3,Isodecyl diphenyl phosphate,4,DTXSID3025465,0.7451952141748641,predictions
cnp,3,Kepone,4,DTXSID1020770,0.9698527118548206,predictions
cnp,3,Methimazole,4,DTXSID4020820,1.1518777605918096,predictions
cnp,3,Molinate,4,DTXSID6024206,0.9528969994999213,predictions
cnp,3,Octylbicycloheptenedicarboximide,4,DTXSID6032562,1.0354507600868672,predictions
cnp,3,Paraquat dichloride,4,DTXSID7024243,1.5031205435907036,predictions
cnp,3,Perfluoroundecanoic acid,4,DTXSID8047553,0.9679468654325767,predictions
cnp,3,Phenylmercuric acetate,4,DTXSID7021150,0.9229527337853186,predictions
cnp,3,Phosmet,4,DTXSID5024261,1.243463223945139,predictions
cnp,3,Picoxystrobin,4,DTXSID9047542,1.1014496265715323,predictions
cnp,3,Resmethrin,4,DTXSID7022253,0.8950173322931079,predictions
cnp,3,Retinoic acid,4,DTXSID7021239,1.9137363605946347,predictions
cnp,3,Rotenone,4,DTXSID6021248,1.1734668716542165,predictions
cnp,3,Sodium orthovanadate,4,DTXSID2037269,1.040996215405361,predictions
cnp,3,Tebupirimfos,4,DTXSID1032482,1.543063630382081,predictions
cnp,3,Triphenyl phosphate,4,DTXSID1021952,0.8782611370458537,predictions
cnp,3,Triphenyl phosphite,4,DTXSID0026252,0.7446443905796818,predictions
cnp,3,Tris(2-chloroisopropyl)phosphate,4,DTXSID5026259,0.7379754029756593,predictions
cnp,3,Valinomycin,4,DTXSID9041150,2.745360053761282,predictions
cnp,3,tert-Butylphenyl diphenyl phosphate,4,DTXSID6024701,1.4883638345843955,predictions
cp_tensor,1,(Methylcyclopentadienyl)tricarbonylmanganese,1,DTXSID9027738,1.1062195508355273,predictions
cp_tensor,1,"1,2-Propylene glycol",1,DTXSID0021206,1.7704512136910449,predictions
cp_tensor,1,5-Chloro-2-methyl-3(2H)-isothiazolone,1,DTXSID9034286,1.6748590716625251,predictions
cp_tensor,1,5-Fluorouracil,1,DTXSID2020634,2.4806352438438255,predictions
cp_tensor,1,Acephate,1,DTXSID8023846,1.839945124198417,predictions
cp_tensor,1,Acetaminophen,1,DTXSID2020006,0.6899604517837827,predictions
cp_tensor,1,Aspirin,1,DTXSID5020108,1.1888890187452248,predictions
cp_tensor,1,Auramine hydrochloride,1,DTXSID9020114,1.5604955988575213,predictions
cp_tensor,1,Benzo[k]fluoranthene,1,DTXSID0023909,1.248060416987058,predictions
cp_tensor,1,Berberine chloride,1,DTXSID8024602,2.2089013522262424,predictions
cp_tensor,1,Bifenthrin,1,DTXSID9020160,1.9877039191198516,predictions
cp_tensor,1,Bis(tributyltin)oxide,1,parent:DTXSID3027403,3.2900847112161977,predictions
cp_tensor,1,Bisindolylmaleimide I,1,DTXSID50157932,1.383470572440504,predictions
cp_tensor,1,Bisphenol A,1,DTXSID7020182,1.2060046661224646,predictions
cp_tensor,1,Busulfan,1,DTXSID3020910,1.1283902447456133,predictions
cp_tensor,1,Caffeine,1,DTXSID0020232,1.3688935609086008,predictions
cp_tensor,1,Chlordiazepoxide hydrochloride,1,DTXSID40880060,1.9320333598915114,predictions
cp_tensor,1,Cyclophosphamide monohydrate,1,DTXSID6024888,1.201799086867316,predictions
cp_tensor,1,Cymoxanil,1,DTXSID6032358,0.7545441732420561,predictions
cp_tensor,1,Diazepam,1,DTXSID4020406,1.871705803979589,predictions
cp_tensor,1,Diazoxon,1,DTXSID5037523,1.543685322044583,predictions
cp_tensor,1,Diethylene glycol,1,DTXSID8020462,1.3848955506192686,predictions
cp_tensor,1,Diethylstilbestrol,1,DTXSID3020465,1.673436423941007,predictions
cp_tensor,1,Difpas-pyrazole,1,DTXSID6048175,1.4703172745825948,predictions
cp_tensor,1,Dimethoate,1,DTXSID7020479,1.3016161661579722,predictions
cp_tensor,1,Endosulfan,1,DTXSID1020560,2.518102242369525,predictions
cp_tensor,1,Endrin,1,DTXSID6020561,1.7779363746753951,predictions
cp_tensor,1,Fenitrothion,1,DTXSID4032613,0.9577488386642801,predictions
cp_tensor,1,Loperamide,1,DTXSID00880006,2.1807139471323094,predictions
cp_tensor,1,Malaoxon,1,DTXSID9020790,2.0088717043492887,predictions
cp_tensor,1,Methoxychlor,1,DTXSID9020827,1.694041450378979,predictions
cp_tensor,1,Naled,1,DTXSID1024209,2.04274580210997,predictions
cp_tensor,1,Oxidopamine hydrochloride,1,DTXSID0045838,1.440599124739047,predictions
cp_tensor,1,Permethrin,1,DTXSID8022292,1.5265875319842341,predictions
cp_tensor,1,PharmaGSID_47330,1,DTXSID9047330,1.6111927059360247,predictions
cp_tensor,1,Phenanthrene,1,DTXSID6024254,0.895705347956443,predictions
cp_tensor,1,Pravastatin sodium,1,DTXSID6047525,2.064282098998008,predictions
cp_tensor,1,S-Ethyl dipropylthiocarbamate,1,DTXSID1024091,1.2147976742991902,predictions
cp_tensor,1,Sodium saccharin hydrate,1,DTXSID7021992,1.3796793521525046,predictions
cp_tensor,1,Sodium valproate,1,DTXSID5037072,1.9110515629429483,predictions
cp_tensor,1,Terbufos,1,DTXSID2022254,1.6678528504999384,predictions
cp_tensor,1,Thalidomide,1,DTXSID9022524,1.5403514307967865,predictions
cp_tensor,1,Tributyltin methacrylate,1,parent:DTXSID3027403,1.929280619441758,predictions
cp_tensor,1,Trimethyltin hydroxide,1,DTXSID9032240,2.4911701053576865,predictions
cp_tensor,1,"Tris(1,3-dichloro-2-propyl) phosphate",1,DTXSID9026261,1.317017608023181,predictions
cp_tensor,1,Tris(2-chloroethyl) phosphate,1,DTXSID5021411,1.4777617485300363,predictions
cp_tensor,1,Z-Tetrachlorvinphos,1,DTXSID1032648,1.5922833108637877,predictions
cp_tensor,1,"p,p'-DDD",1,DTXSID4020373,1.6498301470813057,predictions
cp_tensor,1,tert-Butylhydroquinone,1,DTXSID6020220,1.4264028614832152,predictions
cp_tensor,1,2-(m-Chlorophenoxy)propionic acid,2,DTXSID9034232,1.5101108420113336,predictions
cp_tensor,1,2-Ethylhexyl diphenyl phosphate,2,DTXSID1025300,1.2288356691479865,predictions
cp_tensor,1,"3,3',5,5'-Tetrabromobisphenol A",2,DTXSID1026081,1.0652608249609223,predictions
cp_tensor,1,Abamectin,2,DTXSID8023892,2.9212358476543487,predictions
cp_tensor,1,Acenaphthylene,2,DTXSID3023845,0.9124970847429269,predictions
cp_tensor,1,Aldicarb,2,DTXSID0039223,1.7421847246071445,predictions
cp_tensor,1,Amoxicillin,2,DTXSID3037044,1.2640744303586817,predictions
cp_tensor,1,Azoxystrobin,2,DTXSID0032520,1.8218538345288944,predictions
cp_tensor,1,Benzo[a]pyrene,2,DTXSID2020139,1.134909363862378,predictions
cp_tensor,1,Benzo[e]pyrene,2,DTXSID3023764,1.4557754162450613,predictions
cp_tensor,1,Bis(2-ethylhexyl) tetrabromophthalate,2,DTXSID7027887,1.6198777876604538,predictions
cp_tensor,1,Bisphenol AF,2,DTXSID7037717,1.1302049743208964,predictions
cp_tensor,1,Bisphenol B,2,DTXSID4022442,1.3144249061400182,predictions
cp_tensor,1,Cadmium(II) chloride hydrate (2:5),2,DTXSID4040183,2.6229540163940825,predictions
cp_tensor,1,Captan,2,DTXSID9020243,1.0616562686187947,predictions
cp_tensor,1,Carbamazepine,2,DTXSID4022731,1.3960418779233208,predictions
cp_tensor,1,Carbaryl,2,DTXSID9020247,2.585400588013182,predictions
cp_tensor,1,Cariporide mesylate,2,DTXSID3047344,1.3065947632163135,predictions
cp_tensor,1,Chloramben,2,DTXSID2020262,0.950662759940401,predictions
cp_tensor,1,Chlorpromazine hydrochloride,2,DTXSID7024827,1.729520685375715,predictions
cp_tensor,1,Clothianidin,2,DTXSID2034465,1.2958661285967412,predictions
cp_tensor,1,Dichlorvos,2,DTXSID5020449,1.3086344073586902,predictions
cp_tensor,1,Eugenol,2,DTXSID9020617,1.3665466478164738,predictions
cp_tensor,1,Fipronil,2,DTXSID4034609,1.7505724227826491,predictions
cp_tensor,1,Fluorene,2,DTXSID8024105,0.7663243784020135,predictions
cp_tensor,1,Glycerol,2,DTXSID9020663,0.9434115850017444,predictions
cp_tensor,1,L-Ascorbic acid,2,DTXSID5020106,1.2153791210066989,predictions
cp_tensor,1,Lindane,2,DTXSID2020686,1.9202802891113582,predictions
cp_tensor,1,Maneb,2,DTXSID9020794,1.2215584805454593,predictions
cp_tensor,1,Manganese dichloride,2,parent:DTXSID5027279,1.5306320410729364,predictions
cp_tensor,1,Mercuric chloride,2,DTXSID5020811,1.911218550392245,predictions
cp_tensor,1,Methamidophos,2,DTXSID6024177,1.513255927292302,predictions
cp_tensor,1,Methylmercuric(II) chloride,2,DTXSID5020813,2.612003093602505,predictions
cp_tensor,1,Mevastatin,2,DTXSID4040684,2.5764936867707293,predictions
cp_tensor,1,Mirex,2,DTXSID7020895,2.5332480640560946,predictions
cp_tensor,1,"Octachloro-4,7-methanotetrahydroindane",2,DTXSID7020267,1.5382691224645988,predictions
cp_tensor,1,Parathion,2,DTXSID7021100,1.0493472947261746,predictions
cp_tensor,1,Prallethrin,2,DTXSID0032572,1.4364890269668442,predictions
cp_tensor,1,Reserpine,2,DTXSID7021237,2.1026087341196913,predictions
cp_tensor,1,Sodium arsenite,2,DTXSID5020104,2.8320365189488887,predictions
cp_tensor,1,Tebuconazole,2,DTXSID9032113,2.755276984776127,predictions
cp_tensor,1,Terbutaline hemisulfate,2,DTXSID3045437,1.3965312282453617,predictions
cp_tensor,1,Tetraethylthiuram disulfide,2,DTXSID1021322,1.9550762326611637,predictions
cp_tensor,1,Tetramethrin,2,DTXSID6032649,0.9683359132175621,predictions
cp_tensor,1,Tribufos,2,DTXSID1024174,1.8006515685108169,predictions
cp_tensor,1,Trichlorfon,2,DTXSID0021389,1.8429392135325202,predictions
cp_tensor,1,Trifloxystrobin,2,DTXSID4032580,2.072440243556391,predictions
cp_tensor,1,Tris(methylphenyl) phosphate,2,DTXSID4021391,1.2530646182149907,predictions
cp_tensor,1,"o,p'-DDT",2,parent:DTXSID4020375,2.0509580619611287,predictions
cp_tensor,1,1-Methyl-4-phenylpyridinium iodide,3,DTXSID40880040,1.2621692253042758,predictions
cp_tensor,1,"2-Ethylhexyl 2,3,4,5-tetrabromobenzoate",3,DTXSID9052686,1.6726060501448852,predictions
cp_tensor,1,3-Iodo-2-propynyl-N-butylcarbamate,3,DTXSID0028038,1.4163258146394058,predictions
cp_tensor,1,"5,5-Diphenylhydantoin",3,DTXSID8020541,1.3350695066821499,predictions
cp_tensor,1,6-Methyl-2-thiouracil,3,DTXSID2020890,1.2914687292972675,predictions
cp_tensor,1,Acenaphthene,3,DTXSID3021774,1.1866812097156632,predictions
cp_tensor,1,Allethrin,3,parent:DTXSID2039336,1.337681274285862,predictions
cp_tensor,1,Anthracene,3,DTXSID0023878,1.1038541839584433,predictions
cp_tensor,1,Benzo(b)fluoranthene,3,DTXSID0023907,1.1098594554709378,predictions
cp_tensor,1,Carbofuran,3,DTXSID9020249,0.91825158607612,predictions
cp_tensor,1,Chlorendic acid,3,DTXSID2020268,1.477157330881055,predictions
cp_tensor,1,Clodinafop-propargyl,3,DTXSID6032354,1.1347226720147252,predictions
cp_tensor,1,Cocaine,3,DTXSID2038443,0.9332985874529067,predictions
cp_tensor,1,Colchicine,3,DTXSID5024845,4.956001326513627,predictions
cp_tensor,1,D-Mannitol,3,DTXSID1023235,1.197536134945329,predictions
cp_tensor,1,DDT,3,parent:DTXSID4020375,1.2909364487297315,predictions
cp_tensor,1,Deltamethrin,3,DTXSID8020381,2.3076549460050186,predictions
cp_tensor,1,Dexamethasone,3,DTXSID3020384,1.4271648006973954,predictions
cp_tensor,1,"Dibenz[a,c]anthracene",3,DTXSID9049245,1.2048620592398018,predictions
cp_tensor,1,Dicrotophos,3,DTXSID9023914,1.4901034918768192,predictions
cp_tensor,1,Emamectin benzoate,3,DTXSID0034566,2.3394609601315492,predictions
cp_tensor,1,Es-fenvalerate,3,DTXSID4032667,1.7112450777121277,predictions
cp_tensor,1,Esketamine hydrochloride,3,DTXSID601027734,1.509318339118757,predictions
cp_tensor,1,Etofenprox,3,DTXSID9032610,1.1212603345318013,predictions
cp_tensor,1,Fenpropathrin,3,DTXSID0024002,1.6464668043798383,predictions
cp_tensor,1,Firemaster 550,3,DTXSID70880073,1.4233817628536607,predictions
cp_tensor,1,Folic acid,3,DTXSID0022519,1.3155401904753559,predictions
cp_tensor,1,Haloperidol,3,DTXSID4034150,2.0107857177324298,predictions
cp_tensor,1,Hexachlorophene,3,DTXSID6020690,2.244937013446615,predictions
cp_tensor,1,Lead(II) acetate trihydrate,3,DTXSID3031521,1.7758864305117732,predictions
cp_tensor,1,Malathion,3,DTXSID4020791,1.565436530778721,predictions
cp_tensor,1,Mancozeb,3,DTXSID0034695,1.0003909833416267,predictions
cp_tensor,1,Manganese(II) acetate,3,parent:DTXSID5027279,1.1677575234414899,predictions
cp_tensor,1,Naloxone hydrochloride dihydrate,3,DTXSID90199452,1.390263691060482,predictions
cp_tensor,1,Phenol,3,DTXSID5021124,1.4249551222531616,predictions
cp_tensor,1,Phorate,3,DTXSID4032459,1.5287341444622622,predictions
cp_tensor,1,Piperonyl butoxide,3,DTXSID1021166,1.6191178276605178,predictions
cp_tensor,1,Profenofos,3,DTXSID3032464,1.5183017232577598,predictions
cp_tensor,1,Pyrene,3,DTXSID3024289,1.046410529416686,predictions
cp_tensor,1,S-Bioallethrin,3,parent:DTXSID2039336,1.1408675589999386,predictions
cp_tensor,1,Simvastatin,3,DTXSID0023581,1.9363570457651555,predictions
cp_tensor,1,Sodium fluoride,3,DTXSID2020630,1.2503626067138882,predictions
cp_tensor,1,Spiroxamine,3,DTXSID1034212,2.041365057854732,predictions
cp_tensor,1,Tamoxifen,3,DTXSID1034187,2.048172782244195,predictions
cp_tensor,1,Tefluthrin,3,DTXSID5032577,1.8977131439972663,predictions
cp_tensor,1,Tetracycline,3,DTXSID7023645,1.3228790707093305,predictions
cp_tensor,1,Thiamethoxam,3,DTXSID2034962,1.2176343524782762,predictions
cp_tensor,1,Tributyltin chloride,3,parent:DTXSID3027403,1.8340955193046782,predictions
cp_tensor,1,Triphenyl phosphates isopropylated,3,DTXSID4028880,1.601838013701806,predictions
cp_tensor,1,(-)-Nicotine,4,DTXSID1020930,1.8389019466333463,predictions
cp_tensor,1,17beta-Estradiol,4,DTXSID0020573,0.8265713485848318,predictions
cp_tensor,1,"2,2-Bis(4-hydroxyphenyl)-1,1,1-trichloroethane",4,DTXSID8022325,1.370029553751809,predictions
cp_tensor,1,"4,4'-Sulfonyldiphenol",4,DTXSID3022409,1.3922448711776854,predictions
cp_tensor,1,6-aminopyridine-3-carboxamide,4,DTXSID5051446,2.635358878852901,predictions
cp_tensor,1,Acetamiprid,4,DTXSID0034300,1.4990189438712558,predictions
cp_tensor,1,Atrazine,4,DTXSID9020112,1.046740938060964,predictions
cp_tensor,1,Bensulide,4,DTXSID9032329,1.552882685456583,predictions
cp_tensor,1,CP-409092,4,DTXSID2047276,1.3745607255451886,predictions
cp_tensor,1,Captopril,4,DTXSID1037197,1.8342210662184637,predictions
cp_tensor,1,Chlorethoxyfos,4,DTXSID2032344,1.76432374303123,predictions
cp_tensor,1,Chlorpyrifos oxon,4,DTXSID1038666,1.3683469356139788,predictions
cp_tensor,1,Chrysene,4,DTXSID0022432,0.9958629696377604,predictions
cp_tensor,1,Clove leaf oil,4,DTXSID8044175,1.9276984993111868,predictions
cp_tensor,1,Cotinine,4,DTXSID1047576,0.9975425394141165,predictions
cp_tensor,1,Coumaphos,4,DTXSID2020347,1.6105147133320075,predictions
cp_tensor,1,Cypermethrin,4,DTXSID1023998,1.9072671721042531,predictions
cp_tensor,1,D-Glucitol,4,DTXSID5023588,1.2774073017796899,predictions
cp_tensor,1,Dextroamphetamine sulfate,4,DTXSID2057865,1.2282363751456233,predictions
cp_tensor,1,Di(2-ethylhexyl) phthalate,4,DTXSID5020607,1.6258636335819978,predictions
cp_tensor,1,Diazinon,4,DTXSID9020407,1.8388227098460852,predictions
cp_tensor,1,Dieldrin,4,DTXSID9020453,2.3476073938865167,predictions
cp_tensor,1,Diphenhydramine hydrochloride,4,DTXSID4020537,1.6405766439055909,predictions
cp_tensor,1,Fosthiazate,4,DTXSID0034930,1.6436563640865383,predictions
cp_tensor,1,Heptachlor epoxide B,4,DTXSID1024126,1.7901740701550035,predictions
cp_tensor,1,Imidacloprid,4,DTXSID5032442,1.4642599106397163,predictions
cp_tensor,1,Isodecyl diphenyl phosphate,4,DTXSID3025465,1.2121230722139094,predictions
cp_tensor,1,Kepone,4,DTXSID1020770,1.996166207017221,predictions
cp_tensor,1,Methimazole,4,DTXSID4020820,1.3483556581558171,predictions
cp_tensor,1,Molinate,4,DTXSID6024206,1.3045735922031652,predictions
cp_tensor,1,Octylbicycloheptenedicarboximide,4,DTXSID6032562,1.2960764843577022,predictions
cp_tensor,1,Paraquat dichloride,4,DTXSID7024243,3.007025230093918,predictions
cp_tensor,1,Perfluoroundecanoic acid,4,DTXSID8047553,1.286746748333761,predictions
cp_tensor,1,Phenobarbital,4,parent:DTXSID0021123,1.415731280713508,predictions
cp_tensor,1,Phenylmercuric acetate,4,DTXSID7021150,1.7771059087520509,predictions
cp_tensor,1,Phosmet,4,DTXSID5024261,1.6696688597804283,predictions
cp_tensor,1,Picoxystrobin,4,DTXSID9047542,1.8352789377743643,predictions
cp_tensor,1,Resmethrin,4,DTXSID7022253,1.0067154495301611,predictions
cp_tensor,1,Retinoic acid,4,DTXSID7021239,1.7302410808912647,predictions
cp_tensor,1,Rotenone,4,DTXSID6021248,1.9554490208095732,predictions
cp_tensor,1,Sodium orthovanadate,4,DTXSID2037269,1.3975386975070903,predictions
cp_tensor,1,Tebupirimfos,4,DTXSID1032482,1.6435876187874257,predictions
cp_tensor,1,Triphenyl phosphate,4,DTXSID1021952,0.9718266126229693,predictions
cp_tensor,1,Triphenyl phosphite,4,DTXSID0026252,1.3054680573648034,predictions
cp_tensor,1,Tris(2-chloroisopropyl)phosphate,4,DTXSID5026259,1.3400567003505364,predictions
cp_tensor,1,Valinomycin,4,DTXSID9041150,4.314509668501843,predictions
cp_tensor,1,tert-Butylphenyl diphenyl phosphate,4,DTXSID6024701,1.6690120918963665,predictions
cp_tensor,2,(Methylcyclopentadienyl)tricarbonylmanganese,1,DTXSID9027738,1.142804236598849,predictions
cp_tensor,2,"1,2-Propylene glycol",1,DTXSID0021206,2.0434980087941166,predictions
cp_tensor,2,5-Chloro-2-methyl-3(2H)-isothiazolone,1,DTXSID9034286,1.8130104512770668,predictions
cp_tensor,2,5-Fluorouracil,1,DTXSID2020634,2.5258479287262485,predictions
cp_tensor,2,Acephate,1,DTXSID8023846,1.797989707201106,predictions
cp_tensor,2,Acetaminophen,1,DTXSID2020006,0.5636690135220763,predictions
cp_tensor,2,Aspirin,1,DTXSID5020108,1.1011173900712463,predictions
cp_tensor,2,Auramine hydrochloride,1,DTXSID9020114,1.648663746767976,predictions
cp_tensor,2,Benzo[k]fluoranthene,1,DTXSID0023909,1.092080798123074,predictions
cp_tensor,2,Berberine chloride,1,DTXSID8024602,1.4892875893989097,predictions
cp_tensor,2,Bifenthrin,1,DTXSID9020160,1.7073660396504444,predictions
cp_tensor,2,Bis(tributyltin)oxide,1,parent:DTXSID3027403,2.3368743693568277,predictions
cp_tensor,2,Bisindolylmaleimide I,1,DTXSID50157932,1.2360640292978096,predictions
cp_tensor,2,Bisphenol A,1,DTXSID7020182,1.1894486267300008,predictions
cp_tensor,2,Busulfan,1,DTXSID3020910,1.1354349391732348,predictions
cp_tensor,2,Caffeine,1,DTXSID0020232,1.284107488658875,predictions
cp_tensor,2,Chlordiazepoxide hydrochloride,1,DTXSID40880060,2.342008186746292,predictions
cp_tensor,2,Cyclophosphamide monohydrate,1,DTXSID6024888,1.353328342613834,predictions
cp_tensor,2,Cymoxanil,1,DTXSID6032358,0.753687283358306,predictions
cp_tensor,2,Diazepam,1,DTXSID4020406,1.9047669455507763,predictions
cp_tensor,2,Diazoxon,1,DTXSID5037523,1.4917182355233432,predictions
cp_tensor,2,Diethylene glycol,1,DTXSID8020462,1.4896154161180586,predictions
cp_tensor,2,Diethylstilbestrol,1,DTXSID3020465,1.6150841680322485,predictions
cp_tensor,2,Difpas-pyrazole,1,DTXSID6048175,1.5431080632483947,predictions
cp_tensor,2,Dimethoate,1,DTXSID7020479,1.1637246206337435,predictions
cp_tensor,2,Endosulfan,1,DTXSID1020560,2.5212394451277698,predictions
cp_tensor,2,Endrin,1,DTXSID6020561,1.8323369443249995,predictions
cp_tensor,2,Fenitrothion,1,DTXSID4032613,0.9790751832537532,predictions
cp_tensor,2,Loperamide,1,DTXSID00880006,2.2499976463608187,predictions
cp_tensor,2,Malaoxon,1,DTXSID9020790,1.886381982987201,predictions
cp_tensor,2,Methoxychlor,1,DTXSID9020827,1.8243885950375067,predictions
cp_tensor,2,Naled,1,DTXSID1024209,1.9130908560292958,predictions
cp_tensor,2,Oxidopamine hydrochloride,1,DTXSID0045838,1.6123349172207408,predictions
cp_tensor,2,Permethrin,1,DTXSID8022292,1.6314458706955897,predictions
cp_tensor,2,PharmaGSID_47330,1,DTXSID9047330,1.6955056677571192,predictions
cp_tensor,2,Phenanthrene,1,DTXSID6024254,0.8002959938917342,predictions
cp_tensor,2,Pravastatin sodium,1,DTXSID6047525,2.1478892210000655,predictions
cp_tensor,2,S-Ethyl dipropylthiocarbamate,1,DTXSID1024091,0.9362439755778469,predictions
cp_tensor,2,Sodium saccharin hydrate,1,DTXSID7021992,1.1391243613190765,predictions
cp_tensor,2,Sodium valproate,1,DTXSID5037072,1.6480539473695082,predictions
cp_tensor,2,Terbufos,1,DTXSID2022254,1.6632299115282485,predictions
cp_tensor,2,Thalidomide,1,DTXSID9022524,1.5212372783281791,predictions
cp_tensor,2,Tributyltin methacrylate,1,parent:DTXSID3027403,1.7797507915807718,predictions
cp_tensor,2,Trimethyltin hydroxide,1,DTXSID9032240,2.6435228115867893,predictions
cp_tensor,2,"Tris(1,3-dichloro-2-propyl) phosphate",1,DTXSID9026261,1.2628047306892811,predictions
cp_tensor,2,Tris(2-chloroethyl) phosphate,1,DTXSID5021411,1.6553423584891,predictions
cp_tensor,2,Z-Tetrachlorvinphos,1,DTXSID1032648,1.6612033265890744,predictions
cp_tensor,2,"p,p'-DDD",1,DTXSID4020373,1.511540233534682,predictions
cp_tensor,2,tert-Butylhydroquinone,1,DTXSID6020220,1.2949144289937646,predictions
cp_tensor,2,2-(m-Chlorophenoxy)propionic acid,2,DTXSID9034232,1.387574946120305,predictions
cp_tensor,2,2-Ethylhexyl diphenyl phosphate,2,DTXSID1025300,1.2128135694425732,predictions
cp_tensor,2,"3,3',5,5'-Tetrabromobisphenol A",2,DTXSID1026081,1.1459309272529823,predictions
cp_tensor,2,Abamectin,2,DTXSID8023892,2.2784623204659646,predictions
cp_tensor,2,Acenaphthylene,2,DTXSID3023845,0.8911519352174931,predictions
cp_tensor,2,Aldicarb,2,DTXSID0039223,1.5213956826522639,predictions
cp_tensor,2,Amoxicillin,2,DTXSID3037044,1.2338774418749385,predictions
cp_tensor,2,Azoxystrobin,2,DTXSID0032520,1.4448143941958682,predictions
cp_tensor,2,Benzo[a]pyrene,2,DTXSID2020139,1.1989951493958124,predictions
cp_tensor,2,Benzo[e]pyrene,2,DTXSID3023764,1.673636235572636,predictions
cp_tensor,2,Bis(2-ethylhexyl) tetrabromophthalate,2,DTXSID7027887,1.760992293651156,predictions
cp_tensor,2,Bisphenol AF,2,DTXSID7037717,1.121558631358107,predictions
cp_tensor,2,Bisphenol B,2,DTXSID4022442,1.5177999544757812,predictions
cp_tensor,2,Cadmium(II) chloride hydrate (2:5),2,DTXSID4040183,2.9690333309307926,predictions
cp_tensor,2,Captan,2,DTXSID9020243,1.138558859575014,predictions
cp_tensor,2,Carbamazepine,2,DTXSID4022731,1.282708000551064,predictions
cp_tensor,2,Carbaryl,2,DTXSID9020247,2.7057791994031937,predictions
cp_tensor,2,Cariporide mesylate,2,DTXSID3047344,1.3118287197060974,predictions
cp_tensor,2,Chloramben,2,DTXSID2020262,1.0965200566595255,predictions
cp_tensor,2,Chlorpromazine hydrochloride,2,DTXSID7024827,2.0699509906344784,predictions
cp_tensor,2,Clothianidin,2,DTXSID2034465,1.1941786691364509,predictions
cp_tensor,2,Dichlorvos,2,DTXSID5020449,1.2509924941154698,predictions
cp_tensor,2,Eugenol,2,DTXSID9020617,1.305239757560656,predictions
cp_tensor,2,Fipronil,2,DTXSID4034609,1.6694211601426268,predictions
cp_tensor,2,Fluorene,2,DTXSID8024105,0.7381634039929474,predictions
cp_tensor,2,Glycerol,2,DTXSID9020663,0.9149216946441584,predictions
cp_tensor,2,L-Ascorbic acid,2,DTXSID5020106,1.381776417002826,predictions
cp_tensor,2,Lindane,2,DTXSID2020686,1.6823180556708226,predictions
cp_tensor,2,Maneb,2,DTXSID9020794,1.2021990467772627,predictions
cp_tensor,2,Manganese dichloride,2,parent:DTXSID5027279,1.3428338305326262,predictions
cp_tensor,2,Mercuric chloride,2,DTXSID5020811,1.8808425186278241,predictions
cp_tensor,2,Methamidophos,2,DTXSID6024177,1.57032916227016,predictions
cp_tensor,2,Methylmercuric(II) chloride,2,DTXSID5020813,1.819460132778228,predictions
cp_tensor,2,Mevastatin,2,DTXSID4040684,2.222385558063857,predictions
cp_tensor,2,Mirex,2,DTXSID7020895,2.4591962128136906,predictions
cp_tensor,2,"Octachloro-4,7-methanotetrahydroindane",2,DTXSID7020267,1.8240986041122675,predictions
cp_tensor,2,Parathion,2,DTXSID7021100,0.9845788332903694,predictions
cp_tensor,2,Prallethrin,2,DTXSID0032572,1.1726836760731623,predictions
cp_tensor,2,Reserpine,2,DTXSID7021237,1.7531287569032172,predictions
cp_tensor,2,Sodium arsenite,2,DTXSID5020104,2.7716902881894954,predictions
cp_tensor,2,Tebuconazole,2,DTXSID9032113,2.573376447960775,predictions
cp_tensor,2,Terbutaline hemisulfate,2,DTXSID3045437,1.490778147020811,predictions
cp_tensor,2,Tetraethylthiuram disulfide,2,DTXSID1021322,1.7758710798315325,predictions
cp_tensor,2,Tetramethrin,2,DTXSID6032649,1.0171306135865106,predictions
cp_tensor,2,Tribufos,2,DTXSID1024174,1.7132191188720942,predictions
cp_tensor,2,Trichlorfon,2,DTXSID0021389,2.15138260224949,predictions
cp_tensor,2,Trifloxystrobin,2,DTXSID4032580,1.7877750630558822,predictions
cp_tensor,2,Tris(methylphenyl) phosphate,2,DTXSID4021391,1.258605188951361,predictions
cp_tensor,2,"o,p'-DDT",2,parent:DTXSID4020375,1.7727377993941538,predictions
cp_tensor,2,1-Methyl-4-phenylpyridinium iodide,3,DTXSID40880040,1.3576974082687212,predictions
cp_tensor,2,"2-Ethylhexyl 2,3,4,5-tetrabromobenzoate",3,DTXSID9052686,1.761718952314769,predictions
cp_tensor,2,3-Iodo-2-propynyl-N-butylcarbamate,3,DTXSID0028038,1.0655222746598634,predictions
cp_tensor,2,"5,5-Diphenylhydantoin",3,DTXSID8020541,1.2643054465211463,predictions
cp_tensor,2,6-Methyl-2-thiouracil,3,DTXSID2020890,1.3210612816222582,predictions
cp_tensor,2,Acenaphthene,3,DTXSID3021774,1.2352353076828417,predictions
cp_tensor,2,Allethrin,3,parent:DTXSID2039336,1.4219057618215216,predictions
cp_tensor,2,Anthracene,3,DTXSID0023878,1.0460346771070934,predictions
cp_tensor,2,Benzo(b)fluoranthene,3,DTXSID0023907,1.159549070549072,predictions
cp_tensor,2,Carbofuran,3,DTXSID9020249,1.1200628150838594,predictions
cp_tensor,2,Chlorendic acid,3,DTXSID2020268,1.4019408928207648,predictions
cp_tensor,2,Clodinafop-propargyl,3,DTXSID6032354,1.0129601722923698,predictions
cp_tensor,2,Cocaine,3,DTXSID2038443,0.865266041887011,predictions
cp_tensor,2,Colchicine,3,DTXSID5024845,3.75678632403826,predictions
cp_tensor,2,D-Mannitol,3,DTXSID1023235,1.2536828605383832,predictions
cp_tensor,2,DDT,3,parent:DTXSID4020375,1.8162828570269252,predictions
cp_tensor,2,Deltamethrin,3,DTXSID8020381,2.2849927956950515,predictions
cp_tensor,2,Dexamethasone,3,DTXSID3020384,1.4234382855135688,predictions
cp_tensor,2,"Dibenz[a,c]anthracene",3,DTXSID9049245,1.148290468965964,predictions
cp_tensor,2,Dicrotophos,3,DTXSID9023914,1.413077224461531,predictions
cp_tensor,2,Emamectin benzoate,3,DTXSID0034566,2.7149958762678885,predictions
cp_tensor,2,Es-fenvalerate,3,DTXSID4032667,1.707469861243597,predictions
cp_tensor,2,Esketamine hydrochloride,3,DTXSID601027734,1.6847243799811804,predictions
cp_tensor,2,Etofenprox,3,DTXSID9032610,1.0168064384480355,predictions
cp_tensor,2,Fenpropathrin,3,DTXSID0024002,1.5211622066891854,predictions
cp_tensor,2,Firemaster 550,3,DTXSID70880073,1.333596173284212,predictions
cp_tensor,2,Folic acid,3,DTXSID0022519,1.325344252530542,predictions
cp_tensor,2,Haloperidol,3,DTXSID4034150,1.4969086293748286,predictions
cp_tensor,2,Hexachlorophene,3,DTXSID6020690,2.2399179509464204,predictions
cp_tensor,2,Lead(II) acetate trihydrate,3,DTXSID3031521,1.7920352024769333,predictions
cp_tensor,2,Malathion,3,DTXSID4020791,1.4450010443562373,predictions
cp_tensor,2,Mancozeb,3,DTXSID0034695,1.0304358491987688,predictions
cp_tensor,2,Manganese(II) acetate,3,parent:DTXSID5027279,1.228825010247598,predictions
cp_tensor,2,Naloxone hydrochloride dihydrate,3,DTXSID90199452,1.2001238884189518,predictions
cp_tensor,2,Phenol,3,DTXSID5021124,1.2762115456677714,predictions
cp_tensor,2,Phorate,3,DTXSID4032459,1.4448966702348334,predictions
cp_tensor,2,Piperonyl butoxide,3,DTXSID1021166,1.7047931587954057,predictions
cp_tensor,2,Profenofos,3,DTXSID3032464,1.7492100120741827,predictions
cp_tensor,2,Pyrene,3,DTXSID3024289,0.8585595763329321,predictions
cp_tensor,2,S-Bioallethrin,3,parent:DTXSID2039336,1.3103828412255778,predictions
cp_tensor,2,Simvastatin,3,DTXSID0023581,2.3466133500606894,predictions
cp_tensor,2,Sodium fluoride,3,DTXSID2020630,1.068205444746107,predictions
cp_tensor,2,Spiroxamine,3,DTXSID1034212,2.102599824283483,predictions
cp_tensor,2,Tamoxifen,3,DTXSID1034187,2.048162501332814,predictions
cp_tensor,2,Tefluthrin,3,DTXSID5032577,2.0425246076117043,predictions
cp_tensor,2,Tetracycline,3,DTXSID7023645,1.1126311379696208,predictions
cp_tensor,2,Thiamethoxam,3,DTXSID2034962,1.2183785506114382,predictions
cp_tensor,2,Tributyltin chloride,3,parent:DTXSID3027403,1.8336280505554108,predictions
cp_tensor,2,Triphenyl phosphates isopropylated,3,DTXSID4028880,1.673741877972888,predictions
cp_tensor,2,(-)-Nicotine,4,DTXSID1020930,2.0519762800660315,predictions
cp_tensor,2,17beta-Estradiol,4,DTXSID0020573,0.7635266537673069,predictions
cp_tensor,2,"2,2-Bis(4-hydroxyphenyl)-1,1,1-trichloroethane",4,DTXSID8022325,1.5945713916316335,predictions
cp_tensor,2,"4,4'-Sulfonyldiphenol",4,DTXSID3022409,1.5655776821817582,predictions
cp_tensor,2,6-aminopyridine-3-carboxamide,4,DTXSID5051446,2.787014357533553,predictions
cp_tensor,2,Acetamiprid,4,DTXSID0034300,1.7115968023528532,predictions
cp_tensor,2,Atrazine,4,DTXSID9020112,0.9833761497137065,predictions
cp_tensor,2,Bensulide,4,DTXSID9032329,1.6262082247572927,predictions
cp_tensor,2,CP-409092,4,DTXSID2047276,1.4848353878979077,predictions
cp_tensor,2,Captopril,4,DTXSID1037197,1.6687527257470234,predictions
cp_tensor,2,Chlorethoxyfos,4,DTXSID2032344,1.8458004524921716,predictions
cp_tensor,2,Chlorpyrifos oxon,4,DTXSID1038666,1.4863533886328542,predictions
cp_tensor,2,Chrysene,4,DTXSID0022432,1.0616694278043728,predictions
cp_tensor,2,Clove leaf oil,4,DTXSID8044175,1.4456707718984052,predictions
cp_tensor,2,Cotinine,4,DTXSID1047576,1.0383188492525806,predictions
cp_tensor,2,Coumaphos,4,DTXSID2020347,1.826987732655682,predictions
cp_tensor,2,Cypermethrin,4,DTXSID1023998,1.725026626169728,predictions
cp_tensor,2,D-Glucitol,4,DTXSID5023588,1.0709547644832789,predictions
cp_tensor,2,Dextroamphetamine sulfate,4,DTXSID2057865,1.1793859097872539,predictions
cp_tensor,2,Di(2-ethylhexyl) phthalate,4,DTXSID5020607,1.7357256002500487,predictions
cp_tensor,2,Diazinon,4,DTXSID9020407,2.1168634074521124,predictions
cp_tensor,2,Dieldrin,4,DTXSID9020453,2.4018098395249154,predictions
cp_tensor,2,Diphenhydramine hydrochloride,4,DTXSID4020537,1.7114126224926287,predictions
cp_tensor,2,Fosthiazate,4,DTXSID0034930,1.6166143067288927,predictions
cp_tensor,2,Heptachlor epoxide B,4,DTXSID1024126,1.6818469175698336,predictions
cp_tensor,2,Imidacloprid,4,DTXSID5032442,1.3683571205877647,predictions
cp_tensor,2,Isodecyl diphenyl phosphate,4,DTXSID3025465,1.0780237567129252,predictions
cp_tensor,2,Kepone,4,DTXSID1020770,1.6735175022484197,predictions
cp_tensor,2,Methimazole,4,DTXSID4020820,1.3990618696085666,predictions
cp_tensor,2,Molinate,4,DTXSID6024206,1.2479394485392907,predictions
cp_tensor,2,Octylbicycloheptenedicarboximide,4,DTXSID6032562,1.2762252352275119,predictions
cp_tensor,2,Paraquat dichloride,4,DTXSID7024243,2.7196551516470175,predictions
cp_tensor,2,Perfluoroundecanoic acid,4,DTXSID8047553,1.437558339668191,predictions
cp_tensor,2,Phenobarbital,4,parent:DTXSID0021123,1.2099139644777164,predictions
cp_tensor,2,Phenylmercuric acetate,4,DTXSID7021150,1.682040166479966,predictions
cp_tensor,2,Phosmet,4,DTXSID5024261,1.5466200347195795,predictions
cp_tensor,2,Picoxystrobin,4,DTXSID9047542,1.6133499925280064,predictions
cp_tensor,2,Resmethrin,4,DTXSID7022253,1.1082227724900608,predictions
cp_tensor,2,Retinoic acid,4,DTXSID7021239,1.620548502277268,predictions
cp_tensor,2,Rotenone,4,DTXSID6021248,2.0392107675157414,predictions
cp_tensor,2,Sodium orthovanadate,4,DTXSID2037269,1.457330264455172,predictions
cp_tensor,2,Tebupirimfos,4,DTXSID1032482,1.4172375406800142,predictions
cp_tensor,2,Triphenyl phosphate,4,DTXSID1021952,0.8923440954454971,predictions
cp_tensor,2,Triphenyl phosphite,4,DTXSID0026252,1.1810197781323353,predictions
cp_tensor,2,Tris(2-chloroisopropyl)phosphate,4,DTXSID5026259,1.3789078068918816,predictions
cp_tensor,2,Valinomycin,4,DTXSID9041150,4.5072845636409005,predictions
cp_tensor,2,tert-Butylphenyl diphenyl phosphate,4,DTXSID6024701,2.1085783412798214,predictions
cp_tensor,3,(Methylcyclopentadienyl)tricarbonylmanganese,1,DTXSID9027738,1.037909279921369,predictions
cp_tensor,3,"1,2-Propylene glycol",1,DTXSID0021206,1.849830768129938,predictions
cp_tensor,3,5-Chloro-2-methyl-3(2H)-isothiazolone,1,DTXSID9034286,1.424875197095428,predictions
cp_tensor,3,5-Fluorouracil,1,DTXSID2020634,1.9391475245313543,predictions
cp_tensor,3,Acephate,1,DTXSID8023846,2.0714346933643846,predictions
cp_tensor,3,Acetaminophen,1,DTXSID2020006,0.5002085375902008,predictions
cp_tensor,3,Aspirin,1,DTXSID5020108,0.9088468265829857,predictions
cp_tensor,3,Auramine hydrochloride,1,DTXSID9020114,1.6753097807515815,predictions
cp_tensor,3,Benzo[k]fluoranthene,1,DTXSID0023909,1.2510860874734706,predictions
cp_tensor,3,Berberine chloride,1,DTXSID8024602,1.717456160976834,predictions
cp_tensor,3,Bifenthrin,1,DTXSID9020160,1.6683439801789473,predictions
cp_tensor,3,Bis(tributyltin)oxide,1,parent:DTXSID3027403,2.314487166649852,predictions
cp_tensor,3,Bisindolylmaleimide I,1,DTXSID50157932,1.0058337373789965,predictions
cp_tensor,3,Bisphenol A,1,DTXSID7020182,1.2003883137360867,predictions
cp_tensor,3,Busulfan,1,DTXSID3020910,1.210117912295304,predictions
cp_tensor,3,Caffeine,1,DTXSID0020232,1.5070449116442326,predictions
cp_tensor,3,Chlordiazepoxide hydrochloride,1,DTXSID40880060,2.226679291334469,predictions
cp_tensor,3,Cyclophosphamide monohydrate,1,DTXSID6024888,1.2850387845224913,predictions
cp_tensor,3,Cymoxanil,1,DTXSID6032358,0.7856257772061441,predictions
cp_tensor,3,Diazepam,1,DTXSID4020406,1.6915117746597113,predictions
cp_tensor,3,Diazoxon,1,DTXSID5037523,1.3390464069843233,predictions
cp_tensor,3,Diethylene glycol,1,DTXSID8020462,1.552139918157346,predictions
cp_tensor,3,Diethylstilbestrol,1,DTXSID3020465,1.8156872244197875,predictions
cp_tensor,3,Difpas-pyrazole,1,DTXSID6048175,1.744524839828054,predictions
cp_tensor,3,Dimethoate,1,DTXSID7020479,1.1472738201802493,predictions
cp_tensor,3,Endosulfan,1,DTXSID1020560,2.409266389150653,predictions
cp_tensor,3,Endrin,1,DTXSID6020561,1.7334606316503423,predictions
cp_tensor,3,Fenitrothion,1,DTXSID4032613,1.1521901535473391,predictions
cp_tensor,3,Loperamide,1,DTXSID00880006,1.6281963505548085,predictions
cp_tensor,3,Malaoxon,1,DTXSID9020790,1.6458998857701623,predictions
cp_tensor,3,Methoxychlor,1,DTXSID9020827,1.9915959366880425,predictions
cp_tensor,3,Naled,1,DTXSID1024209,1.7753948041717453,predictions
cp_tensor,3,Oxidopamine hydrochloride,1,DTXSID0045838,1.3445620937598342,predictions
cp_tensor,3,Permethrin,1,DTXSID8022292,1.5350311136605306,predictions
cp_tensor,3,PharmaGSID_47330,1,DTXSID9047330,1.5709433156675003,predictions
cp_tensor,3,Phenanthrene,1,DTXSID6024254,0.7189657622082929,predictions
cp_tensor,3,Pravastatin sodium,1,DTXSID6047525,1.89981007902962,predictions
cp_tensor,3,S-Ethyl dipropylthiocarbamate,1,DTXSID1024091,1.1083762733329652,predictions
cp_tensor,3,Sodium saccharin hydrate,1,DTXSID7021992,1.2460060275652665,predictions
cp_tensor,3,Sodium valproate,1,DTXSID5037072,1.7533410636811517,predictions
cp_tensor,3,Terbufos,1,DTXSID2022254,1.680175262968038,predictions
cp_tensor,3,Thalidomide,1,DTXSID9022524,1.6330463585597699,predictions
cp_tensor,3,Tributyltin methacrylate,1,parent:DTXSID3027403,1.7028903542807476,predictions
cp_tensor,3,Trimethyltin hydroxide,1,DTXSID9032240,3.026149107767435,predictions
cp_tensor,3,"Tris(1,3-dichloro-2-propyl) phosphate",1,DTXSID9026261,1.3739449983451852,predictions
cp_tensor,3,Tris(2-chloroethyl) phosphate,1,DTXSID5021411,1.5478067437828176,predictions
cp_tensor,3,Z-Tetrachlorvinphos,1,DTXSID1032648,1.6915569284041538,predictions
cp_tensor,3,"p,p'-DDD",1,DTXSID4020373,1.5350515581102397,predictions
cp_tensor,3,tert-Butylhydroquinone,1,DTXSID6020220,1.1988509735610067,predictions
cp_tensor,3,2-(m-Chlorophenoxy)propionic acid,2,DTXSID9034232,1.4328948186481791,predictions
cp_tensor,3,2-Ethylhexyl diphenyl phosphate,2,DTXSID1025300,1.1685945956738375,predictions
cp_tensor,3,"3,3',5,5'-Tetrabromobisphenol A",2,DTXSID1026081,1.0490504314846523,predictions
cp_tensor,3,Abamectin,2,DTXSID8023892,2.3057403237344887,predictions
cp_tensor,3,Acenaphthylene,2,DTXSID3023845,0.9484742781587563,predictions
cp_tensor,3,Aldicarb,2,DTXSID0039223,1.2908890720418276,predictions
cp_tensor,3,Amoxicillin,2,DTXSID3037044,1.172539857949247,predictions
cp_tensor,3,Azoxystrobin,2,DTXSID0032520,1.361295441562969,predictions
cp_tensor,3,Benzo[a]pyrene,2,DTXSID2020139,1.152933460371972,predictions
cp_tensor,3,Benzo[e]pyrene,2,DTXSID3023764,1.8957242654969306,predictions
cp_tensor,3,Bis(2-ethylhexyl) tetrabromophthalate,2,DTXSID7027887,1.5209730100877525,predictions
cp_tensor,3,Bisphenol AF,2,DTXSID7037717,1.104239668898037,predictions
cp_tensor,3,Bisphenol B,2,DTXSID4022442,1.2452396961443675,predictions
cp_tensor,3,Cadmium(II) chloride hydrate (2:5),2,DTXSID4040183,2.317668426376813,predictions
cp_tensor,3,Captan,2,DTXSID9020243,1.3911425406101399,predictions
cp_tensor,3,Carbamazepine,2,DTXSID4022731,1.4355682878609446,predictions
cp_tensor,3,Carbaryl,2,DTXSID9020247,2.3221004843989705,predictions
cp_tensor,3,Cariporide mesylate,2,DTXSID3047344,1.3174185207989633,predictions
cp_tensor,3,Chloramben,2,DTXSID2020262,0.9646250369520178,predictions
cp_tensor,3,Chlorpromazine hydrochloride,2,DTXSID7024827,1.8554284075471865,predictions
cp_tensor,3,Clothianidin,2,DTXSID2034465,1.1179788314209602,predictions
cp_tensor,3,Dichlorvos,2,DTXSID5020449,1.29477734672284,predictions
cp_tensor,3,Eugenol,2,DTXSID9020617,1.5801129822001414,predictions
cp_tensor,3,Fipronil,2,DTXSID4034609,1.4742850967254302,predictions
cp_tensor,3,Fluorene,2,DTXSID8024105,0.7220885756454518,predictions
cp_tensor,3,Glycerol,2,DTXSID9020663,0.7072947253918521,predictions
cp_tensor,3,L-Ascorbic acid,2,DTXSID5020106,1.3137069547571303,predictions
cp_tensor,3,Lindane,2,DTXSID2020686,1.8094702252228871,predictions
cp_tensor,3,Maneb,2,DTXSID9020794,1.202268087673978,predictions
cp_tensor,3,Manganese dichloride,2,parent:DTXSID5027279,1.502857967370641,predictions
cp_tensor,3,Mercuric chloride,2,DTXSID5020811,1.5088870940900319,predictions
cp_tensor,3,Methamidophos,2,DTXSID6024177,1.4334324650585377,predictions
cp_tensor,3,Methylmercuric(II) chloride,2,DTXSID5020813,2.4055347665274653,predictions
cp_tensor,3,Mevastatin,2,DTXSID4040684,2.2010924548077706,predictions
cp_tensor,3,Mirex,2,DTXSID7020895,2.363312049804211,predictions
cp_tensor,3,"Octachloro-4,7-methanotetrahydroindane",2,DTXSID7020267,1.4055250060791828,predictions
cp_tensor,3,Parathion,2,DTXSID7021100,0.9428429890781123,predictions
cp_tensor,3,Prallethrin,2,DTXSID0032572,1.4012152283163744,predictions
cp_tensor,3,Reserpine,2,DTXSID7021237,2.665457670916942,predictions
cp_tensor,3,Sodium arsenite,2,DTXSID5020104,2.2535717175280228,predictions
cp_tensor,3,Tebuconazole,2,DTXSID9032113,3.077380870729408,predictions
cp_tensor,3,Terbutaline hemisulfate,2,DTXSID3045437,1.3628630436245601,predictions
cp_tensor,3,Tetraethylthiuram disulfide,2,DTXSID1021322,1.6900508589575918,predictions
cp_tensor,3,Tetramethrin,2,DTXSID6032649,1.0241624650847485,predictions
cp_tensor,3,Tribufos,2,DTXSID1024174,1.697228878565698,predictions
cp_tensor,3,Trichlorfon,2,DTXSID0021389,1.6380791498364888,predictions
cp_tensor,3,Trifloxystrobin,2,DTXSID4032580,1.8019192991897408,predictions
cp_tensor,3,Tris(methylphenyl) phosphate,2,DTXSID4021391,1.2628577163762116,predictions
cp_tensor,3,"o,p'-DDT",2,parent:DTXSID4020375,1.6225563888562082,predictions
cp_tensor,3,1-Methyl-4-phenylpyridinium iodide,3,DTXSID40880040,1.5075600233666413,predictions
cp_tensor,3,"2-Ethylhexyl 2,3,4,5-tetrabromobenzoate",3,DTXSID9052686,1.8292718677689517,predictions
cp_tensor,3,3-Iodo-2-propynyl-N-butylcarbamate,3,DTXSID0028038,1.0514884116101801,predictions
cp_tensor,3,"5,5-Diphenylhydantoin",3,DTXSID8020541,1.158779366219308,predictions
cp_tensor,3,6-Methyl-2-thiouracil,3,DTXSID2020890,1.2993339596131361,predictions
cp_tensor,3,Acenaphthene,3,DTXSID3021774,1.2743699956927013,predictions
cp_tensor,3,Allethrin,3,parent:DTXSID2039336,1.399764986825778,predictions
cp_tensor,3,Anthracene,3,DTXSID0023878,1.202205819880342,predictions
cp_tensor,3,Benzo(b)fluoranthene,3,DTXSID0023907,0.9403186493194114,predictions
cp_tensor,3,Carbofuran,3,DTXSID9020249,1.1277808398192195,predictions
cp_tensor,3,Chlorendic acid,3,DTXSID2020268,1.4595741350018594,predictions
cp_tensor,3,Clodinafop-propargyl,3,DTXSID6032354,0.9380316576752998,predictions
cp_tensor,3,Cocaine,3,DTXSID2038443,0.8691276718973173,predictions
cp_tensor,3,Colchicine,3,DTXSID5024845,3.5392568092547156,predictions
cp_tensor,3,D-Mannitol,3,DTXSID1023235,1.3948059486672957,predictions
cp_tensor,3,DDT,3,parent:DTXSID4020375,1.3236687219188554,predictions
cp_tensor,3,Deltamethrin,3,DTXSID8020381,2.0959334534187564,predictions
cp_tensor,3,Dexamethasone,3,DTXSID3020384,1.2391732151099188,predictions
cp_tensor,3,"Dibenz[a,c]anthracene",3,DTXSID9049245,1.156132264908915,predictions
cp_tensor,3,Dicrotophos,3,DTXSID9023914,1.395358444842485,predictions
cp_tensor,3,Emamectin benzoate,3,DTXSID0034566,2.32656085040333,predictions
cp_tensor,3,Es-fenvalerate,3,DTXSID4032667,1.6590883829993444,predictions
cp_tensor,3,Esketamine hydrochloride,3,DTXSID601027734,1.7187475211136796,predictions
cp_tensor,3,Etofenprox,3,DTXSID9032610,0.9443881324410788,predictions
cp_tensor,3,Fenpropathrin,3,DTXSID0024002,1.4424948466562875,predictions
cp_tensor,3,Firemaster 550,3,DTXSID70880073,1.2617018374128466,predictions
cp_tensor,3,Folic acid,3,DTXSID0022519,1.364939468401691,predictions
cp_tensor,3,Haloperidol,3,DTXSID4034150,1.743122884557187,predictions
cp_tensor,3,Hexachlorophene,3,DTXSID6020690,2.1083301855600225,predictions
cp_tensor,3,Lead(II) acetate trihydrate,3,DTXSID3031521,2.083685098478938,predictions
cp_tensor,3,Malathion,3,DTXSID4020791,1.4310907209248032,predictions
cp_tensor,3,Mancozeb,3,DTXSID0034695,0.9557710765101914,predictions
cp_tensor,3,Manganese(II) acetate,3,parent:DTXSID5027279,1.306327769359693,predictions
cp_tensor,3,Naloxone hydrochloride dihydrate,3,DTXSID90199452,1.2449019815078346,predictions
cp_tensor,3,Phenol,3,DTXSID5021124,1.3333088145436338,predictions
cp_tensor,3,Phorate,3,DTXSID4032459,1.6491278196163865,predictions
cp_tensor,3,Piperonyl butoxide,3,DTXSID1021166,1.3045397460754125,predictions
cp_tensor,3,Profenofos,3,DTXSID3032464,1.4808795456770025,predictions
cp_tensor,3,Pyrene,3,DTXSID3024289,0.8209892904007654,predictions
cp_tensor,3,S-Bioallethrin,3,parent:DTXSID2039336,1.5200972663345078,predictions
cp_tensor,3,Simvastatin,3,DTXSID0023581,1.8459406464906807,predictions
cp_tensor,3,Sodium fluoride,3,DTXSID2020630,1.058388236316474,predictions
cp_tensor,3,Spiroxamine,3,DTXSID1034212,2.331529481043077,predictions
cp_tensor,3,Tamoxifen,3,DTXSID1034187,2.021462612733335,predictions
cp_tensor,3,Tefluthrin,3,DTXSID5032577,1.712542155643628,predictions
cp_tensor,3,Tetracycline,3,DTXSID7023645,1.0607303356941293,predictions
cp_tensor,3,Thiamethoxam,3,DTXSID2034962,1.2489277649249066,predictions
cp_tensor,3,Tributyltin chloride,3,parent:DTXSID3027403,1.5572656254717185,predictions
cp_tensor,3,Triphenyl phosphates isopropylated,3,DTXSID4028880,1.5561680551206893,predictions
cp_tensor,3,(-)-Nicotine,4,DTXSID1020930,1.8151854194041106,predictions
cp_tensor,3,17beta-Estradiol,4,DTXSID0020573,0.8105409111087667,predictions
cp_tensor,3,"2,2-Bis(4-hydroxyphenyl)-1,1,1-trichloroethane",4,DTXSID8022325,1.4974017564858395,predictions
cp_tensor,3,"4,4'-Sulfonyldiphenol",4,DTXSID3022409,1.4231717799089012,predictions
cp_tensor,3,6-aminopyridine-3-carboxamide,4,DTXSID5051446,2.263510089294817,predictions
cp_tensor,3,Acetamiprid,4,DTXSID0034300,1.6599619887329236,predictions
cp_tensor,3,Atrazine,4,DTXSID9020112,1.0040115909171379,predictions
cp_tensor,3,Bensulide,4,DTXSID9032329,1.5839154092341954,predictions
cp_tensor,3,CP-409092,4,DTXSID2047276,1.405166250902893,predictions
cp_tensor,3,Captopril,4,DTXSID1037197,1.7804907786277013,predictions
cp_tensor,3,Chlorethoxyfos,4,DTXSID2032344,1.8836833042207612,predictions
cp_tensor,3,Chlorpyrifos oxon,4,DTXSID1038666,1.4964702397889318,predictions
cp_tensor,3,Chrysene,4,DTXSID0022432,0.97937179557206,predictions
cp_tensor,3,Clove leaf oil,4,DTXSID8044175,1.605385417006545,predictions
cp_tensor,3,Cotinine,4,DTXSID1047576,0.9000592259373752,predictions
cp_tensor,3,Coumaphos,4,DTXSID2020347,1.784437316762871,predictions
cp_tensor,3,Cypermethrin,4,DTXSID1023998,2.20026278707056,predictions
cp_tensor,3,D-Glucitol,4,DTXSID5023588,0.9839680113272499,predictions
cp_tensor,3,Dextroamphetamine sulfate,4,DTXSID2057865,1.2418127209913536,predictions
cp_tensor,3,Di(2-ethylhexyl) phthalate,4,DTXSID5020607,1.4186277506332452,predictions
cp_tensor,3,Diazinon,4,DTXSID9020407,2.2218338742571264,predictions
cp_tensor,3,Dieldrin,4,DTXSID9020453,2.9143871712414087,predictions
cp_tensor,3,Diphenhydramine hydrochloride,4,DTXSID4020537,1.5667968563890393,predictions
cp_tensor,3,Fosthiazate,4,DTXSID0034930,1.3949531433944202,predictions
cp_tensor,3,Heptachlor epoxide B,4,DTXSID1024126,1.8883965012193435,predictions
cp_tensor,3,Imidacloprid,4,DTXSID5032442,1.4844505028568957,predictions
cp_tensor,3,Isodecyl diphenyl phosphate,4,DTXSID3025465,1.0036719265811227,predictions
cp_tensor,3,Kepone,4,DTXSID1020770,1.398081765303982,predictions
cp_tensor,3,Methimazole,4,DTXSID4020820,1.4780239994919648,predictions
cp_tensor,3,Molinate,4,DTXSID6024206,1.276992341179431,predictions
cp_tensor,3,Octylbicycloheptenedicarboximide,4,DTXSID6032562,1.3029294578175843,predictions
cp_tensor,3,Paraquat dichloride,4,DTXSID7024243,2.6935102847898875,predictions
cp_tensor,3,Perfluoroundecanoic acid,4,DTXSID8047553,1.5589000532087343,predictions
cp_tensor,3,Phenobarbital,4,parent:DTXSID0021123,1.3192094434252513,predictions
cp_tensor,3,Phenylmercuric acetate,4,DTXSID7021150,1.600491760587703,predictions
cp_tensor,3,Phosmet,4,DTXSID5024261,1.7137833892597627,predictions
cp_tensor,3,Picoxystrobin,4,DTXSID9047542,1.8893245949935373,predictions
cp_tensor,3,Resmethrin,4,DTXSID7022253,1.048473247036076,predictions
cp_tensor,3,Retinoic acid,4,DTXSID7021239,1.9300985540641638,predictions
cp_tensor,3,Rotenone,4,DTXSID6021248,2.087521223337255,predictions
cp_tensor,3,Sodium orthovanadate,4,DTXSID2037269,1.4062061050760124,predictions
cp_tensor,3,Tebupirimfos,4,DTXSID1032482,1.4609340872124803,predictions
cp_tensor,3,Triphenyl phosphate,4,DTXSID1021952,0.8961289662953019,predictions
cp_tensor,3,Triphenyl phosphite,4,DTXSID0026252,1.3979196334029225,predictions
cp_tensor,3,Tris(2-chloroisopropyl)phosphate,4,DTXSID5026259,1.1811091820285307,predictions
cp_tensor,3,Valinomycin,4,DTXSID9041150,4.3560448507442135,predictions
cp_tensor,3,tert-Butylphenyl diphenyl phosphate,4,DTXSID6024701,1.965689588286013,predictions
cp_tensor,4,(Methylcyclopentadienyl)tricarbonylmanganese,1,DTXSID9027738,1.0417196589945943,predictions
cp_tensor,4,"1,2-Propylene glycol",1,DTXSID0021206,2.0065555338596512,predictions
cp_tensor,4,5-Chloro-2-methyl-3(2H)-isothiazolone,1,DTXSID9034286,1.5902221812135553,predictions
cp_tensor,4,5-Fluorouracil,1,DTXSID2020634,1.8603424203211638,predictions
cp_tensor,4,Acephate,1,DTXSID8023846,1.826671426455912,predictions
cp_tensor,4,Acetaminophen,1,DTXSID2020006,0.5716337046341889,predictions
cp_tensor,4,Aspirin,1,DTXSID5020108,0.8143197940935256,predictions
cp_tensor,4,Auramine hydrochloride,1,DTXSID9020114,1.3062104701884896,predictions
cp_tensor,4,Benzo[k]fluoranthene,1,DTXSID0023909,1.182670347992561,predictions
cp_tensor,4,Berberine chloride,1,DTXSID8024602,1.416226677216517,predictions
cp_tensor,4,Bifenthrin,1,DTXSID9020160,1.3623510106214067,predictions
cp_tensor,4,Bis(tributyltin)oxide,1,parent:DTXSID3027403,1.7754780585558638,predictions
cp_tensor,4,Bisindolylmaleimide I,1,DTXSID50157932,0.9320900075974061,predictions
cp_tensor,4,Bisphenol A,1,DTXSID7020182,1.1219473398783841,predictions
cp_tensor,4,Busulfan,1,DTXSID3020910,1.0096809767017287,predictions
cp_tensor,4,Caffeine,1,DTXSID0020232,1.5454663675774616,predictions
cp_tensor,4,Chlordiazepoxide hydrochloride,1,DTXSID40880060,2.6647272534887696,predictions
cp_tensor,4,Cyclophosphamide monohydrate,1,DTXSID6024888,1.2035851409476765,predictions
cp_tensor,4,Cymoxanil,1,DTXSID6032358,0.6956717010889205,predictions
cp_tensor,4,Diazepam,1,DTXSID4020406,1.5691020900417514,predictions
cp_tensor,4,Diazoxon,1,DTXSID5037523,1.4129158723699156,predictions
cp_tensor,4,Diethylene glycol,1,DTXSID8020462,1.2165907056841174,predictions
cp_tensor,4,Diethylstilbestrol,1,DTXSID3020465,2.180546098435269,predictions
cp_tensor,4,Difpas-pyrazole,1,DTXSID6048175,1.5075976658492969,predictions
cp_tensor,4,Dimethoate,1,DTXSID7020479,1.1606366854788113,predictions
cp_tensor,4,Endosulfan,1,DTXSID1020560,2.1221015870082764,predictions
cp_tensor,4,Endrin,1,DTXSID6020561,1.4444217000261814,predictions
cp_tensor,4,Fenitrothion,1,DTXSID4032613,1.1479680669557046,predictions
cp_tensor,4,Loperamide,1,DTXSID00880006,1.8666149734138524,predictions
cp_tensor,4,Malaoxon,1,DTXSID9020790,1.806992957543189,predictions
cp_tensor,4,Methoxychlor,1,DTXSID9020827,1.727636337842016,predictions
cp_tensor,4,Naled,1,DTXSID1024209,1.990774146913187,predictions
cp_tensor,4,Oxidopamine hydrochloride,1,DTXSID0045838,1.583572340186376,predictions
cp_tensor,4,Permethrin,1,DTXSID8022292,1.6115151321691255,predictions
cp_tensor,4,PharmaGSID_47330,1,DTXSID9047330,1.4532731882453536,predictions
cp_tensor,4,Phenanthrene,1,DTXSID6024254,0.6961495063211219,predictions
cp_tensor,4,Pravastatin sodium,1,DTXSID6047525,1.7176823907854621,predictions
cp_tensor,4,S-Ethyl dipropylthiocarbamate,1,DTXSID1024091,0.7895952409000664,predictions
cp_tensor,4,Sodium saccharin hydrate,1,DTXSID7021992,1.0410067953626068,predictions
cp_tensor,4,Sodium valproate,1,DTXSID5037072,1.7717402354670895,predictions
cp_tensor,4,Terbufos,1,DTXSID2022254,1.3104928705581527,predictions
cp_tensor,4,Thalidomide,1,DTXSID9022524,1.7127822332909672,predictions
cp_tensor,4,Tributyltin methacrylate,1,parent:DTXSID3027403,2.0621309916112263,predictions
cp_tensor,4,Trimethyltin hydroxide,1,DTXSID9032240,2.8202588409217557,predictions
cp_tensor,4,"Tris(1,3-dichloro-2-propyl) phosphate",1,DTXSID9026261,1.2351982032041715,predictions
cp_tensor,4,Tris(2-chloroethyl) phosphate,1,DTXSID5021411,1.7339531998454873,predictions
cp_tensor,4,Z-Tetrachlorvinphos,1,DTXSID1032648,1.978382025668422,predictions
cp_tensor,4,"p,p'-DDD",1,DTXSID4020373,1.642991736973184,predictions
cp_tensor,4,tert-Butylhydroquinone,1,DTXSID6020220,1.2407658530586914,predictions
cp_tensor,4,2-(m-Chlorophenoxy)propionic acid,2,DTXSID9034232,1.5216268372994592,predictions
cp_tensor,4,2-Ethylhexyl diphenyl phosphate,2,DTXSID1025300,1.3632616398774784,predictions
cp_tensor,4,"3,3',5,5'-Tetrabromobisphenol A",2,DTXSID1026081,0.9964332145679382,predictions
cp_tensor,4,Abamectin,2,DTXSID8023892,2.0678239799075855,predictions
cp_tensor,4,Acenaphthylene,2,DTXSID3023845,0.8140055074950425,predictions
cp_tensor,4,Aldicarb,2,DTXSID0039223,1.544519695182133,predictions
cp_tensor,4,Amoxicillin,2,DTXSID3037044,1.1526685224632787,predictions
cp_tensor,4,Azoxystrobin,2,DTXSID0032520,1.34779326590994,predictions
cp_tensor,4,Benzo[a]pyrene,2,DTXSID2020139,1.267757115346806,predictions
cp_tensor,4,Benzo[e]pyrene,2,DTXSID3023764,1.8111534144332648,predictions
cp_tensor,4,Bis(2-ethylhexyl) tetrabromophthalate,2,DTXSID7027887,1.655199936764356,predictions
cp_tensor,4,Bisphenol AF,2,DTXSID7037717,1.0592037354330126,predictions
cp_tensor,4,Bisphenol B,2,DTXSID4022442,1.263828102762476,predictions
cp_tensor,4,Cadmium(II) chloride hydrate (2:5),2,DTXSID4040183,2.5053478347713822,predictions
cp_tensor,4,Captan,2,DTXSID9020243,1.1048217940154756,predictions
cp_tensor,4,Carbamazepine,2,DTXSID4022731,1.3496514347186708,predictions
cp_tensor,4,Carbaryl,2,DTXSID9020247,2.755417703066,predictions
cp_tensor,4,Cariporide mesylate,2,DTXSID3047344,1.499578437990056,predictions
cp_tensor,4,Chloramben,2,DTXSID2020262,0.986759875973053,predictions
cp_tensor,4,Chlorpromazine hydrochloride,2,DTXSID7024827,1.7169048542507181,predictions
cp_tensor,4,Clothianidin,2,DTXSID2034465,0.9197347920953426,predictions
cp_tensor,4,Dichlorvos,2,DTXSID5020449,1.6126426752622869,predictions
cp_tensor,4,Eugenol,2,DTXSID9020617,1.3731068724855704,predictions
cp_tensor,4,Fipronil,2,DTXSID4034609,1.5020306810289303,predictions
cp_tensor,4,Fluorene,2,DTXSID8024105,0.6645271614274391,predictions
cp_tensor,4,Glycerol,2,DTXSID9020663,0.77483847575663,predictions
cp_tensor,4,L-Ascorbic acid,2,DTXSID5020106,1.070170612224445,predictions
cp_tensor,4,Lindane,2,DTXSID2020686,1.7188386828535933,predictions
cp_tensor,4,Maneb,2,DTXSID9020794,1.2582947042383543,predictions
cp_tensor,4,Manganese dichloride,2,parent:DTXSID5027279,1.3125166656814835,predictions
cp_tensor,4,Mercuric chloride,2,DTXSID5020811,1.350041531300605,predictions
cp_tensor,4,Methamidophos,2,DTXSID6024177,1.2076461229187283,predictions
cp_tensor,4,Methylmercuric(II) chloride,2,DTXSID5020813,2.884121346871727,predictions
cp_tensor,4,Mevastatin,2,DTXSID4040684,2.338551302087907,predictions
cp_tensor,4,Mirex,2,DTXSID7020895,2.096316409110466,predictions
cp_tensor,4,"Octachloro-4,7-methanotetrahydroindane",2,DTXSID7020267,1.374091015479571,predictions
cp_tensor,4,Parathion,2,DTXSID7021100,0.9352669276897739,predictions
cp_tensor,4,Prallethrin,2,DTXSID0032572,1.1456622921293529,predictions
cp_tensor,4,Reserpine,2,DTXSID7021237,2.0798019810996755,predictions
cp_tensor,4,Sodium arsenite,2,DTXSID5020104,2.4638998670749426,predictions
cp_tensor,4,Tebuconazole,2,DTXSID9032113,3.4760961193907844,predictions
cp_tensor,4,Terbutaline hemisulfate,2,DTXSID3045437,1.1142439547081544,predictions
cp_tensor,4,Tetraethylthiuram disulfide,2,DTXSID1021322,1.305721335978623,predictions
cp_tensor,4,Tetramethrin,2,DTXSID6032649,0.8727205299238768,predictions
cp_tensor,4,Tribufos,2,DTXSID1024174,1.3972352324704733,predictions
cp_tensor,4,Trichlorfon,2,DTXSID0021389,1.9372816812803326,predictions
cp_tensor,4,Trifloxystrobin,2,DTXSID4032580,1.5694643746985466,predictions
cp_tensor,4,Tris(methylphenyl) phosphate,2,DTXSID4021391,1.2633511340172272,predictions
cp_tensor,4,"o,p'-DDT",2,parent:DTXSID4020375,1.5646090184836696,predictions
cp_tensor,4,1-Methyl-4-phenylpyridinium iodide,3,DTXSID40880040,1.2360204061950775,predictions
cp_tensor,4,"2-Ethylhexyl 2,3,4,5-tetrabromobenzoate",3,DTXSID9052686,1.7292969036238754,predictions
cp_tensor,4,3-Iodo-2-propynyl-N-butylcarbamate,3,DTXSID0028038,1.1456071620449735,predictions
cp_tensor,4,"5,5-Diphenylhydantoin",3,DTXSID8020541,1.2113136700247868,predictions
cp_tensor,4,6-Methyl-2-thiouracil,3,DTXSID2020890,1.2745879516560197,predictions
cp_tensor,4,Acenaphthene,3,DTXSID3021774,1.043644013430324,predictions
cp_tensor,4,Allethrin,3,parent:DTXSID2039336,1.330838239959672,predictions
cp_tensor,4,Anthracene,3,DTXSID0023878,0.8809117096584282,predictions
cp_tensor,4,Benzo(b)fluoranthene,3,DTXSID0023907,0.9657300431146171,predictions
cp_tensor,4,Carbofuran,3,DTXSID9020249,0.9635586196010818,predictions
cp_tensor,4,Chlorendic acid,3,DTXSID2020268,1.1981305095783144,predictions
cp_tensor,4,Clodinafop-propargyl,3,DTXSID6032354,1.2023014193165638,predictions
cp_tensor,4,Cocaine,3,DTXSID2038443,0.9080878125365761,predictions
cp_tensor,4,Colchicine,3,DTXSID5024845,3.0357994200810046,predictions
cp_tensor,4,D-Mannitol,3,DTXSID1023235,1.1515725842902662,predictions
cp_tensor,4,DDT,3,parent:DTXSID4020375,1.4243016250556404,predictions
cp_tensor,4,Deltamethrin,3,DTXSID8020381,2.485343503257007,predictions
cp_tensor,4,Dexamethasone,3,DTXSID3020384,1.2357024297802113,predictions
cp_tensor,4,"Dibenz[a,c]anthracene",3,DTXSID9049245,1.1221793184516073,predictions
cp_tensor,4,Dicrotophos,3,DTXSID9023914,1.3245118082194023,predictions
cp_tensor,4,Emamectin benzoate,3,DTXSID0034566,2.212695931460599,predictions
cp_tensor,4,Es-fenvalerate,3,DTXSID4032667,1.4418362676586267,predictions
cp_tensor,4,Esketamine hydrochloride,3,DTXSID601027734,1.7956395956537705,predictions
cp_tensor,4,Etofenprox,3,DTXSID9032610,0.8521278575407314,predictions
cp_tensor,4,Fenpropathrin,3,DTXSID0024002,1.4514630375474666,predictions
cp_tensor,4,Firemaster 550,3,DTXSID70880073,1.58028196237978,predictions
cp_tensor,4,Folic acid,3,DTXSID0022519,1.5937743628380434,predictions
cp_tensor,4,Haloperidol,3,DTXSID4034150,1.713587839874426,predictions
cp_tensor,4,Hexachlorophene,3,DTXSID6020690,1.9925463996821875,predictions
cp_tensor,4,Lead(II) acetate trihydrate,3,DTXSID3031521,1.870224141194901,predictions
cp_tensor,4,Malathion,3,DTXSID4020791,1.3643217521774562,predictions
cp_tensor,4,Mancozeb,3,DTXSID0034695,1.1469700781607994,predictions
cp_tensor,4,Manganese(II) acetate,3,parent:DTXSID5027279,1.23988641653709,predictions
cp_tensor,4,Naloxone hydrochloride dihydrate,3,DTXSID90199452,1.1826761849347271,predictions
cp_tensor,4,Phenol,3,DTXSID5021124,1.2604837786302536,predictions
cp_tensor,4,Phorate,3,DTXSID4032459,1.5594215485977716,predictions
cp_tensor,4,Piperonyl butoxide,3,DTXSID1021166,1.5065379803069279,predictions
cp_tensor,4,Profenofos,3,DTXSID3032464,1.5838235181385705,predictions
cp_tensor,4,Pyrene,3,DTXSID3024289,0.8154283702431855,predictions
cp_tensor,4,S-Bioallethrin,3,parent:DTXSID2039336,1.4212265597431695,predictions
cp_tensor,4,Simvastatin,3,DTXSID0023581,1.844866903387917,predictions
cp_tensor,4,Sodium fluoride,3,DTXSID2020630,1.0046589273713242,predictions
cp_tensor,4,Spiroxamine,3,DTXSID1034212,1.9281722658071665,predictions
cp_tensor,4,Tamoxifen,3,DTXSID1034187,1.9894858411378156,predictions
cp_tensor,4,Tefluthrin,3,DTXSID5032577,1.7686032992746754,predictions
cp_tensor,4,Tetracycline,3,DTXSID7023645,0.9591398961307771,predictions
cp_tensor,4,Thiamethoxam,3,DTXSID2034962,1.575519699387586,predictions
cp_tensor,4,Tributyltin chloride,3,parent:DTXSID3027403,1.7852866279852115,predictions
cp_tensor,4,Triphenyl phosphates isopropylated,3,DTXSID4028880,1.7237242612485937,predictions
cp_tensor,4,(-)-Nicotine,4,DTXSID1020930,2.4489635743784186,predictions
cp_tensor,4,17beta-Estradiol,4,DTXSID0020573,0.775842374686796,predictions
cp_tensor,4,"2,2-Bis(4-hydroxyphenyl)-1,1,1-trichloroethane",4,DTXSID8022325,1.2644810732848566,predictions
cp_tensor,4,"4,4'-Sulfonyldiphenol",4,DTXSID3022409,1.3502840386564376,predictions
cp_tensor,4,6-aminopyridine-3-carboxamide,4,DTXSID5051446,2.9144300850365044,predictions
cp_tensor,4,Acetamiprid,4,DTXSID0034300,1.4404146331098957,predictions
cp_tensor,4,Atrazine,4,DTXSID9020112,0.9507433507279618,predictions
cp_tensor,4,Bensulide,4,DTXSID9032329,1.9799649998283058,predictions
cp_tensor,4,CP-409092,4,DTXSID2047276,1.5003685777362956,predictions
cp_tensor,4,Captopril,4,DTXSID1037197,1.481004304147692,predictions
cp_tensor,4,Chlorethoxyfos,4,DTXSID2032344,1.8620771581065303,predictions
cp_tensor,4,Chlorpyrifos oxon,4,DTXSID1038666,1.6045692490527188,predictions
cp_tensor,4,Chrysene,4,DTXSID0022432,1.0227339583038662,predictions
cp_tensor,4,Clove leaf oil,4,DTXSID8044175,1.2924002478552787,predictions
cp_tensor,4,Cotinine,4,DTXSID1047576,0.9851766409349862,predictions
cp_tensor,4,Coumaphos,4,DTXSID2020347,1.85260865120241,predictions
cp_tensor,4,Cypermethrin,4,DTXSID1023998,2.237644772575895,predictions
cp_tensor,4,D-Glucitol,4,DTXSID5023588,1.0409775282232252,predictions
cp_tensor,4,Dextroamphetamine sulfate,4,DTXSID2057865,1.019305517145413,predictions
cp_tensor,4,Di(2-ethylhexyl) phthalate,4,DTXSID5020607,1.3062762307216367,predictions
cp_tensor,4,Diazinon,4,DTXSID9020407,2.508283905612152,predictions
cp_tensor,4,Dieldrin,4,DTXSID9020453,3.259344831859694,predictions
cp_tensor,4,Diphenhydramine hydrochloride,4,DTXSID4020537,1.3483373133116063,predictions
cp_tensor,4,Fosthiazate,4,DTXSID0034930,1.5030710684112347,predictions
cp_tensor,4,Heptachlor epoxide B,4,DTXSID1024126,1.8191796864337348,predictions
cp_tensor,4,Imidacloprid,4,DTXSID5032442,1.8952380649799765,predictions
cp_tensor,4,Isodecyl diphenyl phosphate,4,DTXSID3025465,0.9072380031798002,predictions
cp_tensor,4,Kepone,4,DTXSID1020770,1.4077351123345159,predictions
cp_tensor,4,Methimazole,4,DTXSID4020820,1.7272232803837686,predictions
cp_tensor,4,Molinate,4,DTXSID6024206,1.2938617030014665,predictions
cp_tensor,4,Octylbicycloheptenedicarboximide,4,DTXSID6032562,1.3893092227865602,predictions
cp_tensor,4,Paraquat dichloride,4,DTXSID7024243,3.646881305900068,predictions
cp_tensor,4,Perfluoroundecanoic acid,4,DTXSID8047553,1.3665798174808832,predictions
cp_tensor,4,Phenobarbital,4,parent:DTXSID0021123,1.4094967634978623,predictions
cp_tensor,4,Phenylmercuric acetate,4,DTXSID7021150,1.5346838827404006,predictions
cp_tensor,4,Phosmet,4,DTXSID5024261,1.4273783097619073,predictions
cp_tensor,4,Picoxystrobin,4,DTXSID9047542,1.7340075134067754,predictions
cp_tensor,4,Resmethrin,4,DTXSID7022253,0.9860074062570809,predictions
cp_tensor,4,Retinoic acid,4,DTXSID7021239,1.5012121370414895,predictions
cp_tensor,4,Rotenone,4,DTXSID6021248,1.8191520706244035,predictions
cp_tensor,4,Sodium orthovanadate,4,DTXSID2037269,1.6943664688832265,predictions
cp_tensor,4,Tebupirimfos,4,DTXSID1032482,1.1359829878025054,predictions
cp_tensor,4,Triphenyl phosphate,4,DTXSID1021952,0.8182618600334,predictions
cp_tensor,4,Triphenyl phosphite,4,DTXSID0026252,1.0089683455438863,predictions
cp_tensor,4,Tris(2-chloroisopropyl)phosphate,4,DTXSID5026259,1.0413034673848274,predictions
cp_tensor,4,Valinomycin,4,DTXSID9041150,5.0974912426864885,predictions
cp_tensor,4,tert-Butylphenyl diphenyl phosphate,4,DTXSID6024701,1.6898853424120255,predictions
gp,3,(Methylcyclopentadienyl)tricarbonylmanganese,1,DTXSID9027738,0.8816274390724977,predictions
gp,3,"1,2-Propylene glycol",1,DTXSID0021206,1.3234144453620487,predictions
gp,3,5-Chloro-2-methyl-3(2H)-isothiazolone,1,DTXSID9034286,1.4092902270469643,predictions
gp,3,5-Fluorouracil,1,DTXSID2020634,1.7963858443044907,predictions
gp,3,Acephate,1,DTXSID8023846,0.8992162338159038,predictions
gp,3,Acetaminophen,1,DTXSID2020006,0.44803665974910223,predictions
gp,3,Aspirin,1,DTXSID5020108,0.5995962039478802,predictions
gp,3,Auramine hydrochloride,1,DTXSID9020114,1.685080432062648,predictions
gp,3,Benzo[k]fluoranthene,1,DTXSID0023909,0.8879390808001834,predictions
gp,3,Berberine chloride,1,DTXSID8024602,1.5834254644892183,predictions
gp,3,Bifenthrin,1,DTXSID9020160,1.698709296289057,predictions
gp,3,Bis(tributyltin)oxide,1,parent:DTXSID3027403,2.3652139135740518,predictions
gp,3,Bisindolylmaleimide I,1,DTXSID50157932,1.2722481490614248,predictions
gp,3,Bisphenol A,1,DTXSID7020182,1.1081497927304391,predictions
gp,3,Busulfan,1,DTXSID3020910,0.7362528949873985,predictions
gp,3,Caffeine,1,DTXSID0020232,1.062004860427987,predictions
gp,3,Chlordiazepoxide hydrochloride,1,DTXSID40880060,1.6136755598404133,predictions
gp,3,Cyclophosphamide monohydrate,1,DTXSID6024888,1.0807731141868362,predictions
gp,3,Cymoxanil,1,DTXSID6032358,0.6539226726150632,predictions
gp,3,Diazepam,1,DTXSID4020406,1.4183694215025269,predictions
gp,3,Diazoxon,1,DTXSID5037523,0.9504216260880535,predictions
gp,3,Diethylene glycol,1,DTXSID8020462,1.0007087751297186,predictions
gp,3,Diethylstilbestrol,1,DTXSID3020465,1.4422591850415825,predictions
gp,3,Difpas-pyrazole,1,DTXSID6048175,1.6878049441420362,predictions
gp,3,Dimethoate,1,DTXSID7020479,1.3321841275092727,predictions
gp,3,Endosulfan,1,DTXSID1020560,2.127185407055762,predictions
gp,3,Endrin,1,DTXSID6020561,1.3958490994808967,predictions
gp,3,Fenitrothion,1,DTXSID4032613,0.7940851294656698,predictions
gp,3,Loperamide,1,DTXSID00880006,1.5996174373584302,predictions
gp,3,Malaoxon,1,DTXSID9020790,0.9294794562999529,predictions
gp,3,Methoxychlor,1,DTXSID9020827,1.6882669866357698,predictions
gp,3,Naled,1,DTXSID1024209,1.4778140067679457,predictions
gp,3,Oxidopamine hydrochloride,1,DTXSID0045838,1.314309157734574,predictions
gp,3,Permethrin,1,DTXSID8022292,1.4772987573162648,predictions
gp,3,PharmaGSID_47330,1,DTXSID9047330,1.3691097910022032,predictions
gp,3,Phenanthrene,1,DTXSID6024254,0.5722391020570218,predictions
gp,3,Pravastatin sodium,1,DTXSID6047525,1.7657708959984322,predictions
gp,3,S-Ethyl dipropylthiocarbamate,1,DTXSID1024091,0.7824493253111716,predictions
gp,3,Sodium saccharin hydrate,1,DTXSID7021992,0.9461619087952782,predictions
gp,3,Sodium valproate,1,DTXSID5037072,1.1399773865687055,predictions
gp,3,Terbufos,1,DTXSID2022254,2.334901265140739,predictions
gp,3,Thalidomide,1,DTXSID9022524,1.371191817457235,predictions
gp,3,Tributyltin methacrylate,1,parent:DTXSID3027403,1.386949567165761,predictions
gp,3,Trimethyltin hydroxide,1,DTXSID9032240,3.0475392025726338,predictions
gp,3,"Tris(1,3-dichloro-2-propyl) phosphate",1,DTXSID9026261,1.2713171369942748,predictions
gp,3,Tris(2-chloroethyl) phosphate,1,DTXSID5021411,1.2055311559781778,predictions
gp,3,Z-Tetrachlorvinphos,1,DTXSID1032648,1.4215960164700365,predictions
gp,3,"p,p'-DDD",1,DTXSID4020373,1.4758894515063008,predictions
gp,3,tert-Butylhydroquinone,1,DTXSID6020220,1.2280912307396517,predictions
gp,3,2-(m-Chlorophenoxy)propionic acid,2,DTXSID9034232,1.2905045813073017,predictions
gp,3,2-Ethylhexyl diphenyl phosphate,2,DTXSID1025300,1.0922148499484097,predictions
gp,3,"3,3',5,5'-Tetrabromobisphenol A",2,DTXSID1026081,0.7693270945813889,predictions
gp,3,Abamectin,2,DTXSID8023892,1.7479740386972082,predictions
gp,3,Acenaphthylene,2,DTXSID3023845,0.6517183697352579,predictions
gp,3,Aldicarb,2,DTXSID0039223,0.9749851492145767,predictions
gp,3,Amoxicillin,2,DTXSID3037044,1.0659451315411428,predictions
gp,3,Azoxystrobin,2,DTXSID0032520,1.6022485375879305,predictions
gp,3,Benzo[a]pyrene,2,DTXSID2020139,0.9213877959864917,predictions
gp,3,Benzo[e]pyrene,2,DTXSID3023764,1.072410259586406,predictions
gp,3,Bis(2-ethylhexyl) tetrabromophthalate,2,DTXSID7027887,1.2867145932894133,predictions
gp,3,Bisphenol AF,2,DTXSID7037717,1.160244572452326,predictions
gp,3,Bisphenol B,2,DTXSID4022442,1.2248663764381156,predictions
gp,3,Cadmium(II) chloride hydrate (2:5),2,DTXSID4040183,1.793956037578909,predictions
gp,3,Captan,2,DTXSID9020243,1.2270355998459386,predictions
gp,3,Carbamazepine,2,DTXSID4022731,0.9464681401968678,predictions
gp,3,Carbaryl,2,DTXSID9020247,2.409519024476133,predictions
gp,3,Cariporide mesylate,2,DTXSID3047344,1.1538679139325823,predictions
gp,3,Chloramben,2,DTXSID2020262,0.7870298953708679,predictions
gp,3,Chlorpromazine hydrochloride,2,DTXSID7024827,1.7591324846252494,predictions
gp,3,Clothianidin,2,DTXSID2034465,0.8156204245850285,predictions
gp,3,Dichlorvos,2,DTXSID5020449,0.9544654204839466,predictions
gp,3,Eugenol,2,DTXSID9020617,1.145098077133188,predictions
gp,3,Fipronil,2,DTXSID4034609,1.1799433599543028,predictions
gp,3,Fluorene,2,DTXSID8024105,0.6313638062681921,predictions
gp,3,Glycerol,2,DTXSID9020663,0.6721739043617416,predictions
gp,3,L-Ascorbic acid,2,DTXSID5020106,0.9452036354200783,predictions
gp,3,Lindane,2,DTXSID2020686,1.4017745274804787,predictions
gp,3,Maneb,2,DTXSID9020794,1.019117112265717,predictions
gp,3,Manganese dichloride,2,parent:DTXSID5027279,0.9694502921517524,predictions
gp,3,Mercuric chloride,2,DTXSID5020811,1.5082132527795598,predictions
gp,3,Methamidophos,2,DTXSID6024177,0.8345797872655691,predictions
gp,3,Methylmercuric(II) chloride,2,DTXSID5020813,1.9694113205960033,predictions
gp,3,Mevastatin,2,DTXSID4040684,1.8000602695760979,predictions
gp,3,Mirex,2,DTXSID7020895,1.7874872954783865,predictions
gp,3,"Octachloro-4,7-methanotetrahydroindane",2,DTXSID7020267,1.303213468327963,predictions
gp,3,Parathion,2,DTXSID7021100,0.8162674738976964,predictions
gp,3,Prallethrin,2,DTXSID0032572,1.3012864986013635,predictions
gp,3,Reserpine,2,DTXSID7021237,2.7537726110280802,predictions
gp,3,Sodium arsenite,2,DTXSID5020104,2.886583651593913,predictions
gp,3,Tebuconazole,2,DTXSID9032113,2.595166006939283,predictions
gp,3,Terbutaline hemisulfate,2,DTXSID3045437,0.8149497448936941,predictions
gp,3,Tetraethylthiuram disulfide,2,DTXSID1021322,1.6726211480625892,predictions
gp,3,Tetramethrin,2,DTXSID6032649,0.8675279637698786,predictions
gp,3,Tribufos,2,DTXSID1024174,1.8448815390757567,predictions
gp,3,Trichlorfon,2,DTXSID0021389,1.580716297889448,predictions
gp,3,Trifloxystrobin,2,DTXSID4032580,1.376550153205386,predictions
gp,3,Tris(methylphenyl) phosphate,2,DTXSID4021391,0.9813967373838345,predictions
gp,3,"o,p'-DDT",2,parent:DTXSID4020375,1.4962513287399617,predictions
gp,3,1-Methyl-4-phenylpyridinium iodide,3,DTXSID40880040,1.2631927207649696,predictions
gp,3,"2-Ethylhexyl 2,3,4,5-tetrabromobenzoate",3,DTXSID9052686,1.8190183673472966,predictions
gp,3,3-Iodo-2-propynyl-N-butylcarbamate,3,DTXSID0028038,1.2503258958638857,predictions
gp,3,"5,5-Diphenylhydantoin",3,DTXSID8020541,1.0005905404795352,predictions
gp,3,6-Methyl-2-thiouracil,3,DTXSID2020890,1.1386340653630624,predictions
gp,3,Acenaphthene,3,DTXSID3021774,0.8863705416968815,predictions
gp,3,Allethrin,3,parent:DTXSID2039336,1.2691767306028816,predictions
gp,3,Anthracene,3,DTXSID0023878,0.8298716285579877,predictions
gp,3,Benzo(b)fluoranthene,3,DTXSID0023907,1.0701876668485821,predictions
gp,3,Carbofuran,3,DTXSID9020249,1.2300082406474189,predictions
gp,3,Chlorendic acid,3,DTXSID2020268,0.9059160519314304,predictions
gp,3,Clodinafop-propargyl,3,DTXSID6032354,0.752601411168037,predictions
gp,3,Cocaine,3,DTXSID2038443,0.8356896042621372,predictions
gp,3,Colchicine,3,DTXSID5024845,2.504863951558844,predictions
gp,3,D-Mannitol,3,DTXSID1023235,1.071688599307736,predictions
gp,3,DDT,3,parent:DTXSID4020375,1.4340194073508727,predictions
gp,3,Deltamethrin,3,DTXSID8020381,1.7011825221436871,predictions
gp,3,Dexamethasone,3,DTXSID3020384,1.0288539667380694,predictions
gp,3,"Dibenz[a,c]anthracene",3,DTXSID9049245,1.0357819960192667,predictions
gp,3,Dicrotophos,3,DTXSID9023914,0.8771509765671048,predictions
gp,3,Emamectin benzoate,3,DTXSID0034566,2.124762206347935,predictions
gp,3,Es-fenvalerate,3,DTXSID4032667,1.244080023678136,predictions
gp,3,Esketamine hydrochloride,3,DTXSID601027734,1.1854159738111127,predictions
gp,3,Etofenprox,3,DTXSID9032610,1.2068397757843035,predictions
gp,3,Fenpropathrin,3,DTXSID0024002,1.3480733290066316,predictions
gp,3,Firemaster 550,3,DTXSID70880073,1.2471086016807746,predictions
gp,3,Folic acid,3,DTXSID0022519,1.1605900527961261,predictions
gp,3,Haloperidol,3,DTXSID4034150,2.17291659416753,predictions
gp,3,Hexachlorophene,3,DTXSID6020690,1.8669356560925088,predictions
gp,3,Lead(II) acetate trihydrate,3,DTXSID3031521,1.9948028798519046,predictions
gp,3,Malathion,3,DTXSID4020791,1.5240719532303142,predictions
gp,3,Mancozeb,3,DTXSID0034695,0.8482569578342227,predictions
gp,3,Manganese(II) acetate,3,parent:DTXSID5027279,0.824464113069548,predictions
gp,3,Naloxone hydrochloride dihydrate,3,DTXSID90199452,1.0165101052132754,predictions
gp,3,Phenol,3,DTXSID5021124,1.0286912332808973,predictions
gp,3,Phorate,3,DTXSID4032459,1.6205882734357495,predictions
gp,3,Piperonyl butoxide,3,DTXSID1021166,1.2978051053311024,predictions
gp,3,Profenofos,3,DTXSID3032464,1.2050801365854675,predictions
gp,3,Pyrene,3,DTXSID3024289,0.713038790177103,predictions
gp,3,S-Bioallethrin,3,parent:DTXSID2039336,1.289589146723984,predictions
gp,3,Simvastatin,3,DTXSID0023581,2.1191076483541593,predictions
gp,3,Sodium fluoride,3,DTXSID2020630,0.8678118380045257,predictions
gp,3,Spiroxamine,3,DTXSID1034212,2.2313929450899,predictions
gp,3,Tamoxifen,3,DTXSID1034187,1.3859563982491252,predictions
gp,3,Tefluthrin,3,DTXSID5032577,1.3580113388119082,predictions
gp,3,Tetracycline,3,DTXSID7023645,0.8033172873422595,predictions
gp,3,Thiamethoxam,3,DTXSID2034962,0.7955313346192769,predictions
gp,3,Tributyltin chloride,3,parent:DTXSID3027403,1.6138839625887917,predictions
gp,3,Triphenyl phosphates isopropylated,3,DTXSID4028880,1.5463790959394454,predictions
gp,3,(-)-Nicotine,4,DTXSID1020930,1.1207047082912438,predictions
gp,3,17beta-Estradiol,4,DTXSID0020573,0.855693653066042,predictions
gp,3,"2,2-Bis(4-hydroxyphenyl)-1,1,1-trichloroethane",4,DTXSID8022325,1.3385991374747959,predictions
gp,3,"4,4'-Sulfonyldiphenol",4,DTXSID3022409,1.026754755822469,predictions
gp,3,6-aminopyridine-3-carboxamide,4,DTXSID5051446,1.6810614392261614,predictions
gp,3,Acetamiprid,4,DTXSID0034300,1.3331707631696077,predictions
gp,3,Atrazine,4,DTXSID9020112,0.8409797792329406,predictions
gp,3,Bensulide,4,DTXSID9032329,1.540197961334478,predictions
gp,3,CP-409092,4,DTXSID2047276,1.0871360744787688,predictions
gp,3,Captopril,4,DTXSID1037197,1.2891843021959815,predictions
gp,3,Chlorethoxyfos,4,DTXSID2032344,1.9268275996321136,predictions
gp,3,Chlorpyrifos oxon,4,DTXSID1038666,1.1192691878831842,predictions
gp,3,Chrysene,4,DTXSID0022432,0.746088363640141,predictions
gp,3,Clove leaf oil,4,DTXSID8044175,1.1281856323204642,predictions
gp,3,Cotinine,4,DTXSID1047576,0.730575305858442,predictions
gp,3,Coumaphos,4,DTXSID2020347,1.67135390778733,predictions
gp,3,Cypermethrin,4,DTXSID1023998,1.7746060603214624,predictions
gp,3,D-Glucitol,4,DTXSID5023588,0.8395991289119763,predictions
gp,3,Dextroamphetamine sulfate,4,DTXSID2057865,1.0144182169863012,predictions
gp,3,Di(2-ethylhexyl) phthalate,4,DTXSID5020607,1.7777582056897678,predictions
gp,3,Diazinon,4,DTXSID9020407,1.8395417186499219,predictions
gp,3,Dieldrin,4,DTXSID9020453,2.037585692780335,predictions
gp,3,Diphenhydramine hydrochloride,4,DTXSID4020537,1.349260331434144,predictions
gp,3,Fosthiazate,4,DTXSID0034930,0.9940040163021644,predictions
gp,3,Heptachlor epoxide B,4,DTXSID1024126,2.09650958841469,predictions
gp,3,Imidacloprid,4,DTXSID5032442,1.046325520373996,predictions
gp,3,Isodecyl diphenyl phosphate,4,DTXSID3025465,0.7950932612372938,predictions
gp,3,Kepone,4,DTXSID1020770,1.5686375277772353,predictions
gp,3,Methimazole,4,DTXSID4020820,1.1741385413701075,predictions
gp,3,Molinate,4,DTXSID6024206,1.038653824731187,predictions
gp,3,Octylbicycloheptenedicarboximide,4,DTXSID6032562,1.1731236459517362,predictions
gp,3,Paraquat dichloride,4,DTXSID7024243,2.446871944902464,predictions
gp,3,Perfluoroundecanoic acid,4,DTXSID8047553,1.0240767370181278,predictions
gp,3,Phenylmercuric acetate,4,DTXSID7021150,1.10272170101669,predictions
gp,3,Phosmet,4,DTXSID5024261,1.637440901333974,predictions
gp,3,Picoxystrobin,4,DTXSID9047542,1.9698463080943824,predictions
gp,3,Resmethrin,4,DTXSID7022253,1.093389871559079,predictions
gp,3,Retinoic acid,4,DTXSID7021239,1.8151546411155344,predictions
gp,3,Rotenone,4,DTXSID6021248,1.6533055701538657,predictions
gp,3,Sodium orthovanadate,4,DTXSID2037269,1.3485105507363215,predictions
gp,3,Tebupirimfos,4,DTXSID1032482,1.7157153849867952,predictions
gp,3,Triphenyl phosphate,4,DTXSID1021952,0.8146705308655104,predictions
gp,3,Triphenyl phosphite,4,DTXSID0026252,0.8507188352054091,predictions
gp,3,Tris(2-chloroisopropyl)phosphate,4,DTXSID5026259,0.8386447193461144,predictions
gp,3,Valinomycin,4,DTXSID9041150,1.9537698570295945,predictions
gp,3,tert-Butylphenyl diphenyl phosphate,4,DTXSID6024701,1.5320897320289015,predictions
hill_eb,3,(Methylcyclopentadienyl)tricarbonylmanganese,1,DTXSID9027738,0.9296369967173203,predictions
hill_eb,3,"1,2-Propylene glycol",1,DTXSID0021206,1.4627625300265739,predictions
hill_eb,3,5-Chloro-2-methyl-3(2H)-isothiazolone,1,DTXSID9034286,1.129343925246438,predictions
hill_eb,3,5-Fluorouracil,1,DTXSID2020634,1.2461651853552593,predictions
hill_eb,3,Acephate,1,DTXSID8023846,0.9997644356987034,predictions
hill_eb,3,Acetaminophen,1,DTXSID2020006,0.6280996835799577,predictions
hill_eb,3,Aspirin,1,DTXSID5020108,0.7695083170272764,predictions
hill_eb,3,Auramine hydrochloride,1,DTXSID9020114,1.1570086128746528,predictions
hill_eb,3,Benzo[k]fluoranthene,1,DTXSID0023909,1.1232192452587024,predictions
hill_eb,3,Berberine chloride,1,DTXSID8024602,1.3227485815258302,predictions
hill_eb,3,Bifenthrin,1,DTXSID9020160,1.6116720885817652,predictions
hill_eb,3,Bis(tributyltin)oxide,1,parent:DTXSID3027403,2.4136692462796416,predictions
hill_eb,3,Bisindolylmaleimide I,1,DTXSID50157932,1.1136678925228254,predictions
hill_eb,3,Bisphenol A,1,DTXSID7020182,1.1080745059196926,predictions
hill_eb,3,Busulfan,1,DTXSID3020910,1.0566927449212007,predictions
hill_eb,3,Caffeine,1,DTXSID0020232,1.4624872354450342,predictions
hill_eb,3,Chlordiazepoxide hydrochloride,1,DTXSID40880060,1.7936814349115373,predictions
hill_eb,3,Cyclophosphamide monohydrate,1,DTXSID6024888,1.2505057375835944,predictions
hill_eb,3,Cymoxanil,1,DTXSID6032358,1.0311040277167325,predictions
hill_eb,3,Diazepam,1,DTXSID4020406,1.3517575546254148,predictions
hill_eb,3,Diazoxon,1,DTXSID5037523,0.9659777050175065,predictions
hill_eb,3,Diethylene glycol,1,DTXSID8020462,1.3249215206830434,predictions
hill_eb,3,Diethylstilbestrol,1,DTXSID3020465,1.6521887329029092,predictions
hill_eb,3,Difpas-pyrazole,1,DTXSID6048175,1.9860484230852724,predictions
hill_eb,3,Dimethoate,1,DTXSID7020479,1.5523520245469913,predictions
hill_eb,3,Endosulfan,1,DTXSID1020560,2.0043478988955785,predictions
hill_eb,3,Endrin,1,DTXSID6020561,1.6751344504745442,predictions
hill_eb,3,Fenitrothion,1,DTXSID4032613,1.06675787085253,predictions
hill_eb,3,Loperamide,1,DTXSID00880006,1.2371161556240469,predictions
hill_eb,3,Malaoxon,1,DTXSID9020790,0.998197451394747,predictions
hill_eb,3,Methoxychlor,1,DTXSID9020827,1.7985758626406603,predictions
hill_eb,3,Naled,1,DTXSID1024209,1.1858755686235152,predictions
hill_eb,3,Oxidopamine hydrochloride,1,DTXSID0045838,1.1913988677737781,predictions
hill_eb,3,Permethrin,1,DTXSID8022292,1.570545626364466,predictions
hill_eb,3,PharmaGSID_47330,1,DTXSID9047330,1.4338162998867965,predictions
hill_eb,3,Phenanthrene,1,DTXSID6024254,0.6254358216237648,predictions
hill_eb,3,Pravastatin sodium,1,DTXSID6047525,1.5215573058062424,predictions
hill_eb,3,S-Ethyl dipropylthiocarbamate,1,DTXSID1024091,1.3087468807175757,predictions
hill_eb,3,Sodium saccharin hydrate,1,DTXSID7021992,1.325063622440348,predictions
hill_eb,3,Sodium valproate,1,DTXSID5037072,1.2422519801617173,predictions
hill_eb,3,Terbufos,1,DTXSID2022254,2.4461608362301117,predictions
hill_eb,3,Thalidomide,1,DTXSID9022524,1.4637371800942003,predictions
hill_eb,3,Tributyltin methacrylate,1,parent:DTXSID3027403,1.492569381139617,predictions
hill_eb,3,Trimethyltin hydroxide,1,DTXSID9032240,2.368251634435537,predictions
hill_eb,3,"Tris(1,3-dichloro-2-propyl) phosphate",1,DTXSID9026261,1.4108105326527496,predictions
hill_eb,3,Tris(2-chloroethyl) phosphate,1,DTXSID5021411,1.4032311754962432,predictions
hill_eb,3,Z-Tetrachlorvinphos,1,DTXSID1032648,1.6943320518961449,predictions
hill_eb,3,"p,p'-DDD",1,DTXSID4020373,1.452386860722608,predictions
hill_eb,3,tert-Butylhydroquinone,1,DTXSID6020220,1.2071542472343917,predictions
hill_eb,3,2-(m-Chlorophenoxy)propionic acid,2,DTXSID9034232,1.3871461142229307,predictions
hill_eb,3,2-Ethylhexyl diphenyl phosphate,2,DTXSID1025300,1.067579591976683,predictions
hill_eb,3,"3,3',5,5'-Tetrabromobisphenol A",2,DTXSID1026081,1.007699536763265,predictions
hill_eb,3,Abamectin,2,DTXSID8023892,1.8292434628118877,predictions
hill_eb,3,Acenaphthylene,2,DTXSID3023845,0.7413703549292857,predictions
hill_eb,3,Aldicarb,2,DTXSID0039223,0.948326417219908,predictions
hill_eb,3,Amoxicillin,2,DTXSID3037044,1.4267805282747485,predictions
hill_eb,3,Azoxystrobin,2,DTXSID0032520,1.0595573028916776,predictions
hill_eb,3,Benzo[a]pyrene,2,DTXSID2020139,0.9818651861430568,predictions
hill_eb,3,Benzo[e]pyrene,2,DTXSID3023764,1.1095306508025735,predictions
hill_eb,3,Bis(2-ethylhexyl) tetrabromophthalate,2,DTXSID7027887,1.2241835079460617,predictions
hill_eb,3,Bisphenol AF,2,DTXSID7037717,1.2546438404356255,predictions
hill_eb,3,Bisphenol B,2,DTXSID4022442,1.2937632793744183,predictions
hill_eb,3,Cadmium(II) chloride hydrate (2:5),2,DTXSID4040183,1.3435707526807914,predictions
hill_eb,3,Captan,2,DTXSID9020243,1.263294536806639,predictions
hill_eb,3,Carbamazepine,2,DTXSID4022731,1.1962277570038216,predictions
hill_eb,3,Carbaryl,2,DTXSID9020247,2.562645989226989,predictions
hill_eb,3,Cariporide mesylate,2,DTXSID3047344,1.315114037002266,predictions
hill_eb,3,Chloramben,2,DTXSID2020262,0.8334887449618901,predictions
hill_eb,3,Chlorpromazine hydrochloride,2,DTXSID7024827,1.4590936348443226,predictions
hill_eb,3,Clothianidin,2,DTXSID2034465,1.0760699608128603,predictions
hill_eb,3,Dichlorvos,2,DTXSID5020449,0.9807975297102363,predictions
hill_eb,3,Eugenol,2,DTXSID9020617,1.3816947636737553,predictions
hill_eb,3,Fipronil,2,DTXSID4034609,1.4761511479563674,predictions
hill_eb,3,Fluorene,2,DTXSID8024105,0.8665001229536482,predictions
hill_eb,3,Glycerol,2,DTXSID9020663,0.6908676655047487,predictions
hill_eb,3,L-Ascorbic acid,2,DTXSID5020106,1.3021405052101105,predictions
hill_eb,3,Lindane,2,DTXSID2020686,1.4075161764658197,predictions
hill_eb,3,Maneb,2,DTXSID9020794,1.1785367089575618,predictions
hill_eb,3,Manganese dichloride,2,parent:DTXSID5027279,1.053494099449194,predictions
hill_eb,3,Mercuric chloride,2,DTXSID5020811,1.5086008533932682,predictions
hill_eb,3,Methamidophos,2,DTXSID6024177,1.0068440686635676,predictions
hill_eb,3,Methylmercuric(II) chloride,2,DTXSID5020813,1.6557239713106415,predictions
hill_eb,3,Mevastatin,2,DTXSID4040684,1.299533261223689,predictions
hill_eb,3,Mirex,2,DTXSID7020895,1.6365973993553062,predictions
hill_eb,3,"Octachloro-4,7-methanotetrahydroindane",2,DTXSID7020267,1.5252369426179615,predictions
hill_eb,3,Parathion,2,DTXSID7021100,1.0916900925534785,predictions
hill_eb,3,Prallethrin,2,DTXSID0032572,1.3561957062408547,predictions
hill_eb,3,Reserpine,2,DTXSID7021237,2.176201223736483,predictions
hill_eb,3,Sodium arsenite,2,DTXSID5020104,2.0591635034992133,predictions
hill_eb,3,Tebuconazole,2,DTXSID9032113,2.4078766051286844,predictions
hill_eb,3,Terbutaline hemisulfate,2,DTXSID3045437,0.9499138340144737,predictions
hill_eb,3,Tetraethylthiuram disulfide,2,DTXSID1021322,1.5430308212303037,predictions
hill_eb,3,Tetramethrin,2,DTXSID6032649,1.0089258299435269,predictions
hill_eb,3,Tribufos,2,DTXSID1024174,1.8433180134523202,predictions
hill_eb,3,Trichlorfon,2,DTXSID0021389,1.4272572242315813,predictions
hill_eb,3,Trifloxystrobin,2,DTXSID4032580,0.9708148363940481,predictions
hill_eb,3,Tris(methylphenyl) phosphate,2,DTXSID4021391,1.0899532281153035,predictions
hill_eb,3,"o,p'-DDT",2,parent:DTXSID4020375,1.7074269504686885,predictions
hill_eb,3,1-Methyl-4-phenylpyridinium iodide,3,DTXSID40880040,1.2252268303431244,predictions
hill_eb,3,"2-Ethylhexyl 2,3,4,5-tetrabromobenzoate",3,DTXSID9052686,1.8654044043119782,predictions
hill_eb,3,3-Iodo-2-propynyl-N-butylcarbamate,3,DTXSID0028038,0.7408662004364803,predictions
hill_eb,3,"5,5-Diphenylhydantoin",3,DTXSID8020541,1.1297246152658214,predictions
hill_eb,3,6-Methyl-2-thiouracil,3,DTXSID2020890,1.289190827618366,predictions
hill_eb,3,Acenaphthene,3,DTXSID3021774,1.2207102435297252,predictions
hill_eb,3,Allethrin,3,parent:DTXSID2039336,1.41661733085349,predictions
hill_eb,3,Anthracene,3,DTXSID0023878,1.152999024141846,predictions
hill_eb,3,Benzo(b)fluoranthene,3,DTXSID0023907,1.1035062089840637,predictions
hill_eb,3,Carbofuran,3,DTXSID9020249,1.1012663258829865,predictions
hill_eb,3,Chlorendic acid,3,DTXSID2020268,0.936478949119859,predictions
hill_eb,3,Clodinafop-propargyl,3,DTXSID6032354,0.7936924889698748,predictions
hill_eb,3,Cocaine,3,DTXSID2038443,0.9388665942588263,predictions
hill_eb,3,Colchicine,3,DTXSID5024845,2.9295697053597385,predictions
hill_eb,3,D-Mannitol,3,DTXSID1023235,1.2544459940406856,predictions
hill_eb,3,DDT,3,parent:DTXSID4020375,1.1712191491915014,predictions
hill_eb,3,Deltamethrin,3,DTXSID8020381,1.3627758977978095,predictions
hill_eb,3,Dexamethasone,3,DTXSID3020384,1.0582101768613519,predictions
hill_eb,3,"Dibenz[a,c]anthracene",3,DTXSID9049245,1.1039126775581267,predictions
hill_eb,3,Dicrotophos,3,DTXSID9023914,0.909889666381422,predictions
hill_eb,3,Emamectin benzoate,3,DTXSID0034566,1.9991083161322591,predictions
hill_eb,3,Es-fenvalerate,3,DTXSID4032667,1.1426960888058286,predictions
hill_eb,3,Esketamine hydrochloride,3,DTXSID601027734,1.169568240701796,predictions
hill_eb,3,Etofenprox,3,DTXSID9032610,1.128895057359055,predictions
hill_eb,3,Fenpropathrin,3,DTXSID0024002,1.2763489656300098,predictions
hill_eb,3,Firemaster 550,3,DTXSID70880073,1.256998001266782,predictions
hill_eb,3,Folic acid,3,DTXSID0022519,1.2550134161996431,predictions
hill_eb,3,Haloperidol,3,DTXSID4034150,1.8894651980181512,predictions
hill_eb,3,Hexachlorophene,3,DTXSID6020690,1.3388566189535311,predictions
hill_eb,3,Lead(II) acetate trihydrate,3,DTXSID3031521,1.9602072423611994,predictions
hill_eb,3,Malathion,3,DTXSID4020791,1.4197086947538842,predictions
hill_eb,3,Mancozeb,3,DTXSID0034695,0.9251583669880823,predictions
hill_eb,3,Manganese(II) acetate,3,parent:DTXSID5027279,0.9996761594572682,predictions
hill_eb,3,Naloxone hydrochloride dihydrate,3,DTXSID90199452,1.1675559208172537,predictions
hill_eb,3,Phenol,3,DTXSID5021124,1.0737519517548446,predictions
hill_eb,3,Phorate,3,DTXSID4032459,1.6019213223228754,predictions
hill_eb,3,Piperonyl butoxide,3,DTXSID1021166,1.406354944639406,predictions
hill_eb,3,Profenofos,3,DTXSID3032464,1.2885657979881933,predictions
hill_eb,3,Pyrene,3,DTXSID3024289,0.7758176298716252,predictions
hill_eb,3,S-Bioallethrin,3,parent:DTXSID2039336,1.34777778703535,predictions
hill_eb,3,Simvastatin,3,DTXSID0023581,2.2124921794916155,predictions
hill_eb,3,Sodium fluoride,3,DTXSID2020630,1.0393593788363213,predictions
hill_eb,3,Spiroxamine,3,DTXSID1034212,1.8887700393008953,predictions
hill_eb,3,Tamoxifen,3,DTXSID1034187,1.3733003275095506,predictions
hill_eb,3,Tefluthrin,3,DTXSID5032577,1.1972573272432057,predictions
hill_eb,3,Tetracycline,3,DTXSID7023645,1.015642236439825,predictions
hill_eb,3,Thiamethoxam,3,DTXSID2034962,1.1052958386816818,predictions
hill_eb,3,Tributyltin chloride,3,parent:DTXSID3027403,1.6583189015221234,predictions
hill_eb,3,Triphenyl phosphates isopropylated,3,DTXSID4028880,1.5855502559905186,predictions
hill_eb,3,(-)-Nicotine,4,DTXSID1020930,1.3126396047191662,predictions
hill_eb,3,17beta-Estradiol,4,DTXSID0020573,0.9448403910847084,predictions
hill_eb,3,"2,2-Bis(4-hydroxyphenyl)-1,1,1-trichloroethane",4,DTXSID8022325,1.3564365191649117,predictions
hill_eb,3,"4,4'-Sulfonyldiphenol",4,DTXSID3022409,1.276180929898833,predictions
hill_eb,3,6-aminopyridine-3-carboxamide,4,DTXSID5051446,1.5861136911097085,predictions
hill_eb,3,Acetamiprid,4,DTXSID0034300,1.5080804917580366,predictions
hill_eb,3,Atrazine,4,DTXSID9020112,0.9430236876148193,predictions
hill_eb,3,Bensulide,4,DTXSID9032329,1.5072589683993527,predictions
hill_eb,3,CP-409092,4,DTXSID2047276,1.2042140368342147,predictions
hill_eb,3,Captopril,4,DTXSID1037197,1.5552852257568381,predictions
hill_eb,3,Chlorethoxyfos,4,DTXSID2032344,2.001292327336277,predictions
hill_eb,3,Chlorpyrifos oxon,4,DTXSID1038666,1.2197836630198622,predictions
hill_eb,3,Chrysene,4,DTXSID0022432,0.9573444488216,predictions
hill_eb,3,Clove leaf oil,4,DTXSID8044175,1.3093753774088115,predictions
hill_eb,3,Cotinine,4,DTXSID1047576,0.820682565409711,predictions
hill_eb,3,Coumaphos,4,DTXSID2020347,1.7045382823666806,predictions
hill_eb,3,Cypermethrin,4,DTXSID1023998,1.7376092854410452,predictions
hill_eb,3,D-Glucitol,4,DTXSID5023588,1.1009927133903852,predictions
hill_eb,3,Dextroamphetamine sulfate,4,DTXSID2057865,1.1724540189393404,predictions
hill_eb,3,Di(2-ethylhexyl) phthalate,4,DTXSID5020607,1.9383260302172594,predictions
hill_eb,3,Diazinon,4,DTXSID9020407,1.8670302095171258,predictions
hill_eb,3,Dieldrin,4,DTXSID9020453,2.054416207431813,predictions
hill_eb,3,Diphenhydramine hydrochloride,4,DTXSID4020537,1.4699910907784348,predictions
hill_eb,3,Fosthiazate,4,DTXSID0034930,1.0479883745187921,predictions
hill_eb,3,Heptachlor epoxide B,4,DTXSID1024126,2.1885476985088386,predictions
hill_eb,3,Imidacloprid,4,DTXSID5032442,1.165238810703777,predictions
hill_eb,3,Isodecyl diphenyl phosphate,4,DTXSID3025465,0.7763631368120045,predictions
hill_eb,3,Kepone,4,DTXSID1020770,1.6974529703414565,predictions
hill_eb,3,Methimazole,4,DTXSID4020820,1.5463181922674507,predictions
hill_eb,3,Molinate,4,DTXSID6024206,1.0790303481991435,predictions
hill_eb,3,Octylbicycloheptenedicarboximide,4,DTXSID6032562,1.3363904033618108,predictions
hill_eb,3,Paraquat dichloride,4,DTXSID7024243,2.10063902860856,predictions
hill_eb,3,Perfluoroundecanoic acid,4,DTXSID8047553,1.462467094570303,predictions
hill_eb,3,Phenylmercuric acetate,4,DTXSID7021150,1.1292157799789877,predictions
hill_eb,3,Phosmet,4,DTXSID5024261,1.9474295846737355,predictions
hill_eb,3,Picoxystrobin,4,DTXSID9047542,1.4624956874990667,predictions
hill_eb,3,Resmethrin,4,DTXSID7022253,1.212639097591687,predictions
hill_eb,3,Retinoic acid,4,DTXSID7021239,1.7113455806462299,predictions
hill_eb,3,Rotenone,4,DTXSID6021248,1.8986413161796445,predictions
hill_eb,3,Sodium orthovanadate,4,DTXSID2037269,1.2227083092016575,predictions
hill_eb,3,Tebupirimfos,4,DTXSID1032482,1.7756794693421991,predictions
hill_eb,3,Triphenyl phosphate,4,DTXSID1021952,0.9908547964929684,predictions
hill_eb,3,Triphenyl phosphite,4,DTXSID0026252,1.018820470102179,predictions
hill_eb,3,Tris(2-chloroisopropyl)phosphate,4,DTXSID5026259,0.8123084743969937,predictions
hill_eb,3,Valinomycin,4,DTXSID9041150,1.9301384546180684,predictions
hill_eb,3,tert-Butylphenyl diphenyl phosphate,4,DTXSID6024701,1.7277497386389087,predictions
hill_per_endpoint,1,1-Ethyl-3-methyl-1H-imidazol-3-ium diethyl phosphate,0,DTXSID9047889,1.163782262802124,published_per_chemical
hill_per_endpoint,1,"1H,1H,2H,2H-Perfluorooctyl iodide",0,DTXSID2047565,0.8887639284133911,published_per_chemical
hill_per_endpoint,1,"2,2',4,4',5,5'-Hexabromodiphenyl ether",0,DTXSID4030047,1.6979469060897827,published_per_chemical
hill_per_endpoint,1,"2,2',4,4',5-Pentabromodiphenyl ether",0,DTXSID9030048,2.5619274139404298,published_per_chemical
hill_per_endpoint,1,"2,2',4,4'-Tetrabromodiphenyl ether",0,DTXSID3030056,1.567000651359558,published_per_chemical
hill_per_endpoint,1,2-Methoxyethanol,0,DTXSID5024182,1.0031451106071472,published_per_chemical
hill_per_endpoint,1,"3,3'-Iminobispropanenitrile",0,DTXSID2041464,0.9144029498100281,published_per_chemical
hill_per_endpoint,1,4H-Cyclopenta(def)phenanthrene,0,DTXSID1024887,0.9963370800018311,published_per_chemical
hill_per_endpoint,1,6-Propyl-2-thiouracil,0,DTXSID5021209,2.1949795484542847,published_per_chemical
hill_per_endpoint,1,Acrylamide,0,DTXSID5020027,1.196679377555847,published_per_chemical
hill_per_endpoint,1,Aldrin,0,DTXSID8020040,3.090979242324829,published_per_chemical
hill_per_endpoint,1,Benz(a)anthracene,0,DTXSID5023902,1.3617009162902831,published_per_chemical
hill_per_endpoint,1,"Benzo[g,h,i]perylene",0,DTXSID5023908,1.1912148237228393,published_per_chemical
hill_per_endpoint,1,Boric acid (H3BO3),0,DTXSID1020194,0.9593637108802795,published_per_chemical
hill_per_endpoint,1,Boscalid,0,DTXSID6034392,1.1748969793319701,published_per_chemical
hill_per_endpoint,1,CP-457920,0,DTXSID4047254,1.5608683109283448,published_per_chemical
hill_per_endpoint,1,Chlorpyrifos,0,DTXSID4020458,2.706598973274231,published_per_chemical
hill_per_endpoint,1,Cyfluthrin,0,DTXSID5035957,2.547675085067749,published_per_chemical
hill_per_endpoint,1,Cytarabine,0,DTXSID3022877,3.2558509349822997,published_per_chemical
hill_per_endpoint,1,"Dibenz[a,h]anthracene",0,DTXSID9020409,1.0440107226371764,published_per_chemical
hill_per_endpoint,1,Disulfoton,0,DTXSID0022018,0.8566630244255066,published_per_chemical
hill_per_endpoint,1,Enadoline,0,DTXSID4047258,2.048907828330994,published_per_chemical
hill_per_endpoint,1,Erythromycin,0,DTXSID4022991,1.4242489814758301,published_per_chemical
hill_per_endpoint,1,Ethoprop,0,DTXSID4032611,1.9254923820495606,published_per_chemical
hill_per_endpoint,1,Fenamiphos,0,DTXSID3024102,1.292533564567566,published_per_chemical
hill_per_endpoint,1,Fluconazole,0,DTXSID3020627,1.283893895149231,published_per_chemical
hill_per_endpoint,1,Flufenacet,0,DTXSID2032552,1.0511499404907227,published_per_chemical
hill_per_endpoint,1,Fluoxastrobin,0,DTXSID2034625,2.569934606552124,published_per_chemical
hill_per_endpoint,1,Fluoxetine hydrochloride,0,DTXSID7020635,3.156568765640259,published_per_chemical
hill_per_endpoint,1,Flusilazole,0,DTXSID3024235,2.018040895462036,published_per_chemical
hill_per_endpoint,1,Glyphosate,0,DTXSID1024122,1.2961806297302245,published_per_chemical
hill_per_endpoint,1,Hydroxyurea,0,DTXSID6025438,1.6050851106643678,published_per_chemical
hill_per_endpoint,1,Isoniazid,0,DTXSID8020755,1.5969562768936156,published_per_chemical
hill_per_endpoint,1,L-Domoic acid,0,DTXSID20274180,3.6734148979187013,published_per_chemical
hill_per_endpoint,1,Lactofen,0,DTXSID7024160,1.2721870183944701,published_per_chemical
hill_per_endpoint,1,Lovastatin,0,DTXSID5020784,3.2736625194549562,published_per_chemical
hill_per_endpoint,1,Methadone hydrochloride,0,DTXSID2020501,2.2623271703720094,published_per_chemical
hill_per_endpoint,1,Methotrexate,0,DTXSID4020822,1.6277202844619751,published_per_chemical
hill_per_endpoint,1,Naphthalene,0,DTXSID8020913,1.1921653509140016,published_per_chemical
hill_per_endpoint,1,Omethoate,0,DTXSID4037580,1.2686114072799684,published_per_chemical
hill_per_endpoint,1,Phenobarbital sodium,0,parent:DTXSID0021123,1.140625286102295,published_per_chemical
hill_per_endpoint,1,Pirimiphos-methyl,0,DTXSID0024266,2.69429874420166,published_per_chemical
hill_per_endpoint,1,Pyraclostrobin,0,DTXSID7032638,3.2931682586669924,published_per_chemical
hill_per_endpoint,1,Sodium benzoate,0,DTXSID1020140,1.086050808429718,published_per_chemical
hill_per_endpoint,1,Spirodiclofen,0,DTXSID6034928,0.7875129818916321,published_per_chemical
hill_per_endpoint,1,Thiacloprid,0,DTXSID7034961,1.2598999738693237,published_per_chemical
hill_per_endpoint,1,Triclosan,0,DTXSID5032498,2.7808556079864504,published_per_chemical
hill_per_endpoint,1,Triethyltin bromide,0,DTXSID9040712,3.3575894355773928,published_per_chemical
hill_per_endpoint,1,"p,p'-DDE",0,DTXSID9020374,2.2483071088790894,published_per_chemical
hill_per_endpoint,1,(Methylcyclopentadienyl)tricarbonylmanganese,1,DTXSID9027738,1.45574152469635,published_per_chemical
hill_per_endpoint,1,"1,2-Propylene glycol",1,DTXSID0021206,1.7376449823379516,published_per_chemical
hill_per_endpoint,1,5-Chloro-2-methyl-3(2H)-isothiazolone,1,DTXSID9034286,2.4688586235046386,published_per_chemical
hill_per_endpoint,1,5-Fluorouracil,1,DTXSID2020634,3.6277147769927978,published_per_chemical
hill_per_endpoint,1,Acephate,1,DTXSID8023846,1.125813627243042,published_per_chemical
hill_per_endpoint,1,Acetaminophen,1,DTXSID2020006,0.5815972268581391,published_per_chemical
hill_per_endpoint,1,Aspirin,1,DTXSID5020108,0.7855747222900391,published_per_chemical
hill_per_endpoint,1,Auramine hydrochloride,1,DTXSID9020114,2.601374626159668,published_per_chemical
hill_per_endpoint,1,Benzo[k]fluoranthene,1,DTXSID0023909,1.2756508111953735,published_per_chemical
hill_per_endpoint,1,Berberine chloride,1,DTXSID8024602,2.7178133964538573,published_per_chemical
hill_per_endpoint,1,Bifenthrin,1,DTXSID9020160,2.7901066303253175,published_per_chemical
hill_per_endpoint,1,Bis(tributyltin)oxide,1,parent:DTXSID3027403,4.379134464263916,published_per_chemical
hill_per_endpoint,1,Bisindolylmaleimide I,1,DTXSID50157932,2.5948498964309694,published_per_chemical
hill_per_endpoint,1,Bisphenol A,1,DTXSID7020182,1.7512569427490234,published_per_chemical
hill_per_endpoint,1,Busulfan,1,DTXSID3020910,0.8769402146339417,published_per_chemical
hill_per_endpoint,1,Caffeine,1,DTXSID0020232,1.2402515172958375,published_per_chemical
hill_per_endpoint,1,Chlordiazepoxide hydrochloride,1,DTXSID40880060,2.9589153289794923,published_per_chemical
hill_per_endpoint,1,Cyclophosphamide monohydrate,1,DTXSID6024888,1.4404520750045777,published_per_chemical
hill_per_endpoint,1,Cymoxanil,1,DTXSID6032358,0.7312710642814636,published_per_chemical
hill_per_endpoint,1,Diazepam,1,DTXSID4020406,1.7923694849014282,published_per_chemical
hill_per_endpoint,1,Diazoxon,1,DTXSID5037523,1.122871994972229,published_per_chemical
hill_per_endpoint,1,Diethylene glycol,1,DTXSID8020462,1.2688058853149413,published_per_chemical
hill_per_endpoint,1,Diethylstilbestrol,1,DTXSID3020465,2.0185022354125977,published_per_chemical
hill_per_endpoint,1,Difpas-pyrazole,1,DTXSID6048175,1.6719035387039185,published_per_chemical
hill_per_endpoint,1,Dimethoate,1,DTXSID7020479,1.7560228824615478,published_per_chemical
hill_per_endpoint,1,Endosulfan,1,DTXSID1020560,3.190263032913208,published_per_chemical
hill_per_endpoint,1,Endrin,1,DTXSID6020561,1.7294741153717041,published_per_chemical
hill_per_endpoint,1,Fenitrothion,1,DTXSID4032613,0.9759588837623596,published_per_chemical
hill_per_endpoint,1,Loperamide,1,DTXSID00880006,3.4581134796142576,published_per_chemical
hill_per_endpoint,1,Malaoxon,1,DTXSID9020790,1.101850724220276,published_per_chemical
hill_per_endpoint,1,Methoxychlor,1,DTXSID9020827,2.3788372039794923,published_per_chemical
hill_per_endpoint,1,Naled,1,DTXSID1024209,3.1826597690582275,published_per_chemical
hill_per_endpoint,1,Oxidopamine hydrochloride,1,DTXSID0045838,2.339124083518982,published_per_chemical
hill_per_endpoint,1,Permethrin,1,DTXSID8022292,1.9947405576705932,published_per_chemical
hill_per_endpoint,1,PharmaGSID_47330,1,DTXSID9047330,1.8507436037063598,published_per_chemical
hill_per_endpoint,1,Phenanthrene,1,DTXSID6024254,0.6720741987228394,published_per_chemical
hill_per_endpoint,1,Pravastatin sodium,1,DTXSID6047525,3.3749900341033934,published_per_chemical
hill_per_endpoint,1,S-Ethyl dipropylthiocarbamate,1,DTXSID1024091,0.8764047503471375,published_per_chemical
hill_per_endpoint,1,Sodium saccharin hydrate,1,DTXSID7021992,1.3650337696075439,published_per_chemical
hill_per_endpoint,1,Sodium valproate,1,DTXSID5037072,1.4491060733795167,published_per_chemical
hill_per_endpoint,1,Terbufos,1,DTXSID2022254,2.305505704879761,published_per_chemical
hill_per_endpoint,1,Thalidomide,1,DTXSID9022524,1.5550165891647338,published_per_chemical
hill_per_endpoint,1,Tributyltin methacrylate,1,parent:DTXSID3027403,2.2779762744903564,published_per_chemical
hill_per_endpoint,1,Trimethyltin hydroxide,1,DTXSID9032240,3.5941937923431397,published_per_chemical
hill_per_endpoint,1,"Tris(1,3-dichloro-2-propyl) phosphate",1,DTXSID9026261,1.5550705432891845,published_per_chemical
hill_per_endpoint,1,Tris(2-chloroethyl) phosphate,1,DTXSID5021411,1.4836994409561157,published_per_chemical
hill_per_endpoint,1,Z-Tetrachlorvinphos,1,DTXSID1032648,1.5517344236373902,published_per_chemical
hill_per_endpoint,1,"p,p'-DDD",1,DTXSID4020373,2.379051160812378,published_per_chemical
hill_per_endpoint,1,tert-Butylhydroquinone,1,DTXSID6020220,2.0909573316574095,published_per_chemical
hill_per_endpoint,1,2-(m-Chlorophenoxy)propionic acid,2,DTXSID9034232,1.4281122446060182,published_per_chemical
hill_per_endpoint,1,2-Ethylhexyl diphenyl phosphate,2,DTXSID1025300,1.650785779953003,published_per_chemical
hill_per_endpoint,1,"3,3',5,5'-Tetrabromobisphenol A",2,DTXSID1026081,0.9958428740501404,published_per_chemical
hill_per_endpoint,1,Abamectin,2,DTXSID8023892,3.0938961505889893,published_per_chemical
hill_per_endpoint,1,Acenaphthylene,2,DTXSID3023845,0.7104393839836121,published_per_chemical
hill_per_endpoint,1,Aldicarb,2,DTXSID0039223,1.4660195350646972,published_per_chemical
hill_per_endpoint,1,Amoxicillin,2,DTXSID3037044,1.1760491371154784,published_per_chemical
hill_per_endpoint,1,Azoxystrobin,2,DTXSID0032520,3.166915225982666,published_per_chemical
hill_per_endpoint,1,Benzo[a]pyrene,2,DTXSID2020139,1.2954634428024292,published_per_chemical
hill_per_endpoint,1,Benzo[e]pyrene,2,DTXSID3023764,1.5173251390457154,published_per_chemical
hill_per_endpoint,1,Bis(2-ethylhexyl) tetrabromophthalate,2,DTXSID7027887,1.7809048414230346,published_per_chemical
hill_per_endpoint,1,Bisphenol AF,2,DTXSID7037717,1.2272047519683837,published_per_chemical
hill_per_endpoint,1,Bisphenol B,2,DTXSID4022442,1.7610916137695312,published_per_chemical
hill_per_endpoint,1,Cadmium(II) chloride hydrate (2:5),2,DTXSID4040183,3.271401214599609,published_per_chemical
hill_per_endpoint,1,Captan,2,DTXSID9020243,2.0100476503372193,published_per_chemical
hill_per_endpoint,1,Carbamazepine,2,DTXSID4022731,1.080249547958374,published_per_chemical
hill_per_endpoint,1,Carbaryl,2,DTXSID9020247,3.2979958057403564,published_per_chemical
hill_per_endpoint,1,Cariporide mesylate,2,DTXSID3047344,1.4769025802612306,published_per_chemical
hill_per_endpoint,1,Chloramben,2,DTXSID2020262,1.2069415330886841,published_per_chemical
hill_per_endpoint,1,Chlorpromazine hydrochloride,2,DTXSID7024827,2.7038042068481447,published_per_chemical
hill_per_endpoint,1,Clothianidin,2,DTXSID2034465,0.8868635058403015,published_per_chemical
hill_per_endpoint,1,Dichlorvos,2,DTXSID5020449,1.243746829032898,published_per_chemical
hill_per_endpoint,1,Eugenol,2,DTXSID9020617,1.4400448560714723,published_per_chemical
hill_per_endpoint,1,Fipronil,2,DTXSID4034609,1.6440597772598267,published_per_chemical
hill_per_endpoint,1,Fluorene,2,DTXSID8024105,0.737986433506012,published_per_chemical
hill_per_endpoint,1,Glycerol,2,DTXSID9020663,0.8467475652694703,published_per_chemical
hill_per_endpoint,1,L-Ascorbic acid,2,DTXSID5020106,1.0401400446891784,published_per_chemical
hill_per_endpoint,1,Lindane,2,DTXSID2020686,2.1914602279663087,published_per_chemical
hill_per_endpoint,1,Maneb,2,DTXSID9020794,1.187140154838562,published_per_chemical
hill_per_endpoint,1,Manganese dichloride,2,parent:DTXSID5027279,1.2484745740890504,published_per_chemical
hill_per_endpoint,1,Mercuric chloride,2,DTXSID5020811,2.671165132522583,published_per_chemical
hill_per_endpoint,1,Methamidophos,2,DTXSID6024177,0.8276918888092041,published_per_chemical
hill_per_endpoint,1,Methylmercuric(II) chloride,2,DTXSID5020813,3.677996206283569,published_per_chemical
hill_per_endpoint,1,Mevastatin,2,DTXSID4040684,3.302104949951172,published_per_chemical
hill_per_endpoint,1,Mirex,2,DTXSID7020895,3.5944888591766357,published_per_chemical
hill_per_endpoint,1,"Octachloro-4,7-methanotetrahydroindane",2,DTXSID7020267,2.4214141607284545,published_per_chemical
hill_per_endpoint,1,Parathion,2,DTXSID7021100,1.0491690516471863,published_per_chemical
hill_per_endpoint,1,Prallethrin,2,DTXSID0032572,2.000711178779602,published_per_chemical
hill_per_endpoint,1,Reserpine,2,DTXSID7021237,3.0308717250823975,published_per_chemical
hill_per_endpoint,1,Sodium arsenite,2,DTXSID5020104,4.221522331237793,published_per_chemical
hill_per_endpoint,1,Tebuconazole,2,DTXSID9032113,3.093522548675537,published_per_chemical
hill_per_endpoint,1,Terbutaline hemisulfate,2,DTXSID3045437,0.9446389436721802,published_per_chemical
hill_per_endpoint,1,Tetraethylthiuram disulfide,2,DTXSID1021322,2.4503058433532714,published_per_chemical
hill_per_endpoint,1,Tetramethrin,2,DTXSID6032649,1.0480760335922241,published_per_chemical
hill_per_endpoint,1,Tribufos,2,DTXSID1024174,3.00029296875,published_per_chemical
hill_per_endpoint,1,Trichlorfon,2,DTXSID0021389,2.9798140048980715,published_per_chemical
hill_per_endpoint,1,Trifloxystrobin,2,DTXSID4032580,3.315030097961426,published_per_chemical
hill_per_endpoint,1,Tris(methylphenyl) phosphate,2,DTXSID4021391,1.3282970905303955,published_per_chemical
hill_per_endpoint,1,"o,p'-DDT",2,parent:DTXSID4020375,2.8721895694732664,published_per_chemical
hill_per_endpoint,1,1-Methyl-4-phenylpyridinium iodide,3,DTXSID40880040,1.6598963022232056,published_per_chemical
hill_per_endpoint,1,"2-Ethylhexyl 2,3,4,5-tetrabromobenzoate",3,DTXSID9052686,2.32896089553833,published_per_chemical
hill_per_endpoint,1,3-Iodo-2-propynyl-N-butylcarbamate,3,DTXSID0028038,2.241385841369629,published_per_chemical
hill_per_endpoint,1,"5,5-Diphenylhydantoin",3,DTXSID8020541,1.3078863143920898,published_per_chemical
hill_per_endpoint,1,6-Methyl-2-thiouracil,3,DTXSID2020890,1.4312896013259888,published_per_chemical
hill_per_endpoint,1,Acenaphthene,3,DTXSID3021774,1.1054550290107727,published_per_chemical
hill_per_endpoint,1,Allethrin,3,parent:DTXSID2039336,1.8980084657669067,published_per_chemical
hill_per_endpoint,1,Anthracene,3,DTXSID0023878,1.0168573141098023,published_per_chemical
hill_per_endpoint,1,Benzo(b)fluoranthene,3,DTXSID0023907,1.7156574010849,published_per_chemical
hill_per_endpoint,1,Carbofuran,3,DTXSID9020249,1.3183315992355347,published_per_chemical
hill_per_endpoint,1,Chlorendic acid,3,DTXSID2020268,1.0622454285621643,published_per_chemical
hill_per_endpoint,1,Clodinafop-propargyl,3,DTXSID6032354,0.8844678282737732,published_per_chemical
hill_per_endpoint,1,Cocaine,3,DTXSID2038443,0.9673052310943604,published_per_chemical
hill_per_endpoint,1,Colchicine,3,DTXSID5024845,0.6220626831054688,published_per_chemical
hill_per_endpoint,1,D-Mannitol,3,DTXSID1023235,1.1713685274124146,published_per_chemical
hill_per_endpoint,1,DDT,3,parent:DTXSID4020375,2.6348877906799317,published_per_chemical
hill_per_endpoint,1,Deltamethrin,3,DTXSID8020381,3.1569775104522706,published_per_chemical
hill_per_endpoint,1,Dexamethasone,3,DTXSID3020384,1.2111754179000855,published_per_chemical
hill_per_endpoint,1,"Dibenz[a,c]anthracene",3,DTXSID9049245,1.4173142433166503,published_per_chemical
hill_per_endpoint,1,Dicrotophos,3,DTXSID9023914,1.0594069719314576,published_per_chemical
hill_per_endpoint,1,Emamectin benzoate,3,DTXSID0034566,3.0695199966430664,published_per_chemical
hill_per_endpoint,1,Es-fenvalerate,3,DTXSID4032667,2.5536821842193604,published_per_chemical
hill_per_endpoint,1,Esketamine hydrochloride,3,DTXSID601027734,1.526809072494507,published_per_chemical
hill_per_endpoint,1,Etofenprox,3,DTXSID9032610,1.62830331325531,published_per_chemical
hill_per_endpoint,1,Fenpropathrin,3,DTXSID0024002,2.2024073362350465,published_per_chemical
hill_per_endpoint,1,Firemaster 550,3,DTXSID70880073,1.8906347036361695,published_per_chemical
hill_per_endpoint,1,Folic acid,3,DTXSID0022519,1.404977512359619,published_per_chemical
hill_per_endpoint,1,Haloperidol,3,DTXSID4034150,2.9743478775024412,published_per_chemical
hill_per_endpoint,1,Hexachlorophene,3,DTXSID6020690,3.2917552947998048,published_per_chemical
hill_per_endpoint,1,Lead(II) acetate trihydrate,3,DTXSID3031521,2.727500247955322,published_per_chemical
hill_per_endpoint,1,Malathion,3,DTXSID4020791,2.4546459436416628,published_per_chemical
hill_per_endpoint,1,Mancozeb,3,DTXSID0034695,0.9853033661842346,published_per_chemical
hill_per_endpoint,1,Manganese(II) acetate,3,parent:DTXSID5027279,1.0947425365447998,published_per_chemical
hill_per_endpoint,1,Naloxone hydrochloride dihydrate,3,DTXSID90199452,1.1233139991760255,published_per_chemical
hill_per_endpoint,1,Phenol,3,DTXSID5021124,1.3133617401123048,published_per_chemical
hill_per_endpoint,1,Phorate,3,DTXSID4032459,2.5009396076202393,published_per_chemical
hill_per_endpoint,1,Piperonyl butoxide,3,DTXSID1021166,1.935691809654236,published_per_chemical
hill_per_endpoint,1,Profenofos,3,DTXSID3032464,1.4172771692276,published_per_chemical
hill_per_endpoint,1,Pyrene,3,DTXSID3024289,0.8032770156860352,published_per_chemical
hill_per_endpoint,1,S-Bioallethrin,3,parent:DTXSID2039336,1.7958234071731567,published_per_chemical
hill_per_endpoint,1,Simvastatin,3,DTXSID0023581,3.403027582168579,published_per_chemical
hill_per_endpoint,1,Sodium fluoride,3,DTXSID2020630,1.137235951423645,published_per_chemical
hill_per_endpoint,1,Spiroxamine,3,DTXSID1034212,3.3916424751281737,published_per_chemical
hill_per_endpoint,1,Tamoxifen,3,DTXSID1034187,2.206951880455017,published_per_chemical
hill_per_endpoint,1,Tefluthrin,3,DTXSID5032577,2.513728713989258,published_per_chemical
hill_per_endpoint,1,Tetracycline,3,DTXSID7023645,0.9581665992736816,published_per_chemical
hill_per_endpoint,1,Thiamethoxam,3,DTXSID2034962,0.9062668442726135,published_per_chemical
hill_per_endpoint,1,Tributyltin chloride,3,parent:DTXSID3027403,2.3389429569244387,published_per_chemical
hill_per_endpoint,1,Triphenyl phosphates isopropylated,3,DTXSID4028880,1.9298741817474365,published_per_chemical
hill_per_endpoint,1,(-)-Nicotine,4,DTXSID1020930,1.5704650640487672,published_per_chemical
hill_per_endpoint,1,17beta-Estradiol,4,DTXSID0020573,1.2634933710098266,published_per_chemical
hill_per_endpoint,1,"2,2-Bis(4-hydroxyphenyl)-1,1,1-trichloroethane",4,DTXSID8022325,1.798874306678772,published_per_chemical
hill_per_endpoint,1,"4,4'-Sulfonyldiphenol",4,DTXSID3022409,1.2212380647659302,published_per_chemical
hill_per_endpoint,1,6-aminopyridine-3-carboxamide,4,DTXSID5051446,3.7549184799194335,published_per_chemical
hill_per_endpoint,1,Acetamiprid,4,DTXSID0034300,1.793351984024048,published_per_chemical
hill_per_endpoint,1,Atrazine,4,DTXSID9020112,1.1017034769058227,published_per_chemical
hill_per_endpoint,1,Bensulide,4,DTXSID9032329,2.814707899093628,published_per_chemical
hill_per_endpoint,1,CP-409092,4,DTXSID2047276,1.4947185277938844,published_per_chemical
hill_per_endpoint,1,Captopril,4,DTXSID1037197,1.4821463584899903,published_per_chemical
hill_per_endpoint,1,Chlorethoxyfos,4,DTXSID2032344,2.933075475692749,published_per_chemical
hill_per_endpoint,1,Chlorpyrifos oxon,4,DTXSID1038666,1.4866920948028564,published_per_chemical
hill_per_endpoint,1,Chrysene,4,DTXSID0022432,0.814980661869049,published_per_chemical
hill_per_endpoint,1,Clove leaf oil,4,DTXSID8044175,1.8224286079406737,published_per_chemical
hill_per_endpoint,1,Cotinine,4,DTXSID1047576,0.8628623843193054,published_per_chemical
hill_per_endpoint,1,Coumaphos,4,DTXSID2020347,2.5841434001922607,published_per_chemical
hill_per_endpoint,1,Cypermethrin,4,DTXSID1023998,2.4776580333709717,published_per_chemical
hill_per_endpoint,1,D-Glucitol,4,DTXSID5023588,1.0968233942985535,published_per_chemical
hill_per_endpoint,1,Dextroamphetamine sulfate,4,DTXSID2057865,1.056019699573517,published_per_chemical
hill_per_endpoint,1,Di(2-ethylhexyl) phthalate,4,DTXSID5020607,2.4767845392227175,published_per_chemical
hill_per_endpoint,1,Diazinon,4,DTXSID9020407,1.931149387359619,published_per_chemical
hill_per_endpoint,1,Dieldrin,4,DTXSID9020453,3.5585533618927,published_per_chemical
hill_per_endpoint,1,Diphenhydramine hydrochloride,4,DTXSID4020537,2.2923357009887697,published_per_chemical
hill_per_endpoint,1,Fosthiazate,4,DTXSID0034930,1.1303059339523316,published_per_chemical
hill_per_endpoint,1,Heptachlor epoxide B,4,DTXSID1024126,2.4562421560287477,published_per_chemical
hill_per_endpoint,1,Imidacloprid,4,DTXSID5032442,1.2917723655700684,published_per_chemical
hill_per_endpoint,1,Isodecyl diphenyl phosphate,4,DTXSID3025465,1.0429012060165406,published_per_chemical
hill_per_endpoint,1,Kepone,4,DTXSID1020770,2.233326959609985,published_per_chemical
hill_per_endpoint,1,Methimazole,4,DTXSID4020820,1.3560743093490601,published_per_chemical
hill_per_endpoint,1,Molinate,4,DTXSID6024206,1.4832812786102294,published_per_chemical
hill_per_endpoint,1,Octylbicycloheptenedicarboximide,4,DTXSID6032562,1.57533757686615,published_per_chemical
hill_per_endpoint,1,Paraquat dichloride,4,DTXSID7024243,4.125989627838135,published_per_chemical
hill_per_endpoint,1,Perfluoroundecanoic acid,4,DTXSID8047553,1.0872205018997192,published_per_chemical
hill_per_endpoint,1,Phenobarbital,4,parent:DTXSID0021123,1.039635694026947,published_per_chemical
hill_per_endpoint,1,Phenylmercuric acetate,4,DTXSID7021150,1.8757996559143066,published_per_chemical
hill_per_endpoint,1,Phosmet,4,DTXSID5024261,2.572544002532959,published_per_chemical
hill_per_endpoint,1,Picoxystrobin,4,DTXSID9047542,2.860485076904297,published_per_chemical
hill_per_endpoint,1,Resmethrin,4,DTXSID7022253,1.2948013305664063,published_per_chemical
hill_per_endpoint,1,Retinoic acid,4,DTXSID7021239,2.043128800392151,published_per_chemical
hill_per_endpoint,1,Rotenone,4,DTXSID6021248,2.3986097812652587,published_per_chemical
hill_per_endpoint,1,Sodium orthovanadate,4,DTXSID2037269,1.9301936388015748,published_per_chemical
hill_per_endpoint,1,Tebupirimfos,4,DTXSID1032482,2.1626093864440916,published_per_chemical
hill_per_endpoint,1,Triphenyl phosphate,4,DTXSID1021952,1.2894147276878356,published_per_chemical
hill_per_endpoint,1,Triphenyl phosphite,4,DTXSID0026252,1.0128737926483153,published_per_chemical
hill_per_endpoint,1,Tris(2-chloroisopropyl)phosphate,4,DTXSID5026259,1.0871420860290528,published_per_chemical
hill_per_endpoint,1,Valinomycin,4,DTXSID9041150,2.243958568572998,published_per_chemical
hill_per_endpoint,1,tert-Butylphenyl diphenyl phosphate,4,DTXSID6024701,2.1112380504608153,published_per_chemical
hill_per_endpoint,2,1-Ethyl-3-methyl-1H-imidazol-3-ium diethyl phosphate,0,DTXSID9047889,1.0049242615699767,published_per_chemical
hill_per_endpoint,2,"1H,1H,2H,2H-Perfluorooctyl iodide",0,DTXSID2047565,0.7814040303230285,published_per_chemical
hill_per_endpoint,2,"2,2',4,4',5,5'-Hexabromodiphenyl ether",0,DTXSID4030047,1.4775149345397949,published_per_chemical
hill_per_endpoint,2,"2,2',4,4',5-Pentabromodiphenyl ether",0,DTXSID9030048,1.9155672550201417,published_per_chemical
hill_per_endpoint,2,"2,2',4,4'-Tetrabromodiphenyl ether",0,DTXSID3030056,1.5058689355850219,published_per_chemical
hill_per_endpoint,2,2-Methoxyethanol,0,DTXSID5024182,0.9317330360412598,published_per_chemical
hill_per_endpoint,2,"3,3'-Iminobispropanenitrile",0,DTXSID2041464,0.8606304287910461,published_per_chemical
hill_per_endpoint,2,4H-Cyclopenta(def)phenanthrene,0,DTXSID1024887,0.856779944896698,published_per_chemical
hill_per_endpoint,2,6-Propyl-2-thiouracil,0,DTXSID5021209,1.7449790716171265,published_per_chemical
hill_per_endpoint,2,Acrylamide,0,DTXSID5020027,1.0079051852226257,published_per_chemical
hill_per_endpoint,2,Aldrin,0,DTXSID8020040,2.1448715686798097,published_per_chemical
hill_per_endpoint,2,Benz(a)anthracene,0,DTXSID5023902,1.1965950012207032,published_per_chemical
hill_per_endpoint,2,"Benzo[g,h,i]perylene",0,DTXSID5023908,1.0817824244499206,published_per_chemical
hill_per_endpoint,2,Boric acid (H3BO3),0,DTXSID1020194,0.942922568321228,published_per_chemical
hill_per_endpoint,2,Boscalid,0,DTXSID6034392,0.8512156367301941,published_per_chemical
hill_per_endpoint,2,CP-457920,0,DTXSID4047254,1.343899941444397,published_per_chemical
hill_per_endpoint,2,Chlorpyrifos,0,DTXSID4020458,1.8860726833343506,published_per_chemical
hill_per_endpoint,2,Cyfluthrin,0,DTXSID5035957,1.9730268001556397,published_per_chemical
hill_per_endpoint,2,Cytarabine,0,DTXSID3022877,2.675913906097412,published_per_chemical
hill_per_endpoint,2,"Dibenz[a,h]anthracene",0,DTXSID9020409,0.8905090928077698,published_per_chemical
hill_per_endpoint,2,Disulfoton,0,DTXSID0022018,0.7689395308494568,published_per_chemical
hill_per_endpoint,2,Enadoline,0,DTXSID4047258,1.654848051071167,published_per_chemical
hill_per_endpoint,2,Erythromycin,0,DTXSID4022991,1.197877836227417,published_per_chemical
hill_per_endpoint,2,Ethoprop,0,DTXSID4032611,1.7858794689178468,published_per_chemical
hill_per_endpoint,2,Fenamiphos,0,DTXSID3024102,1.1253129243850708,published_per_chemical
hill_per_endpoint,2,Fluconazole,0,DTXSID3020627,1.1322633504867554,published_per_chemical
hill_per_endpoint,2,Flufenacet,0,DTXSID2032552,0.9830279350280762,published_per_chemical
hill_per_endpoint,2,Fluoxastrobin,0,DTXSID2034625,2.2157644510269163,published_per_chemical
hill_per_endpoint,2,Fluoxetine hydrochloride,0,DTXSID7020635,2.171818256378174,published_per_chemical
hill_per_endpoint,2,Flusilazole,0,DTXSID3024235,1.8731375932693481,published_per_chemical
hill_per_endpoint,2,Glyphosate,0,DTXSID1024122,1.2935672283172608,published_per_chemical
hill_per_endpoint,2,Hydroxyurea,0,DTXSID6025438,1.413319754600525,published_per_chemical
hill_per_endpoint,2,Isoniazid,0,DTXSID8020755,1.2596019983291626,published_per_chemical
hill_per_endpoint,2,L-Domoic acid,0,DTXSID20274180,2.3045645475387575,published_per_chemical
hill_per_endpoint,2,Lactofen,0,DTXSID7024160,0.9829621911048889,published_per_chemical
hill_per_endpoint,2,Lovastatin,0,DTXSID5020784,2.8757896900177,published_per_chemical
hill_per_endpoint,2,Methadone hydrochloride,0,DTXSID2020501,1.6612741231918335,published_per_chemical
hill_per_endpoint,2,Methotrexate,0,DTXSID4020822,1.3956047773361206,published_per_chemical
hill_per_endpoint,2,Naphthalene,0,DTXSID8020913,1.1551353931427002,published_per_chemical
hill_per_endpoint,2,Omethoate,0,DTXSID4037580,1.1471585750579834,published_per_chemical
hill_per_endpoint,2,Phenobarbital sodium,0,parent:DTXSID0021123,1.1187355995178223,published_per_chemical
hill_per_endpoint,2,Pirimiphos-methyl,0,DTXSID0024266,2.0629898071289063,published_per_chemical
hill_per_endpoint,2,Pyraclostrobin,0,DTXSID7032638,2.703882122039795,published_per_chemical
hill_per_endpoint,2,Sodium benzoate,0,DTXSID1020140,1.02643563747406,published_per_chemical
hill_per_endpoint,2,Spirodiclofen,0,DTXSID6034928,0.7060968160629273,published_per_chemical
hill_per_endpoint,2,Thiacloprid,0,DTXSID7034961,1.1353764533996582,published_per_chemical
hill_per_endpoint,2,Triclosan,0,DTXSID5032498,2.0150683641433718,published_per_chemical
hill_per_endpoint,2,Triethyltin bromide,0,DTXSID9040712,2.1734496355056763,published_per_chemical
hill_per_endpoint,2,"p,p'-DDE",0,DTXSID9020374,1.6104934692382813,published_per_chemical
hill_per_endpoint,2,(Methylcyclopentadienyl)tricarbonylmanganese,1,DTXSID9027738,1.3127542018890381,published_per_chemical
hill_per_endpoint,2,"1,2-Propylene glycol",1,DTXSID0021206,1.6707706689834594,published_per_chemical
hill_per_endpoint,2,5-Chloro-2-methyl-3(2H)-isothiazolone,1,DTXSID9034286,2.0966004848480226,published_per_chemical
hill_per_endpoint,2,5-Fluorouracil,1,DTXSID2020634,2.9342636346817015,published_per_chemical
hill_per_endpoint,2,Acephate,1,DTXSID8023846,1.0626292824745178,published_per_chemical
hill_per_endpoint,2,Acetaminophen,1,DTXSID2020006,0.45369669795036316,published_per_chemical
hill_per_endpoint,2,Aspirin,1,DTXSID5020108,0.7804057359695434,published_per_chemical
hill_per_endpoint,2,Auramine hydrochloride,1,DTXSID9020114,2.3297139167785645,published_per_chemical
hill_per_endpoint,2,Benzo[k]fluoranthene,1,DTXSID0023909,1.0286388278007508,published_per_chemical
hill_per_endpoint,2,Berberine chloride,1,DTXSID8024602,1.9878236174583435,published_per_chemical
hill_per_endpoint,2,Bifenthrin,1,DTXSID9020160,2.168267583847046,published_per_chemical
hill_per_endpoint,2,Bis(tributyltin)oxide,1,parent:DTXSID3027403,3.102206516265869,published_per_chemical
hill_per_endpoint,2,Bisindolylmaleimide I,1,DTXSID50157932,1.9589922904968262,published_per_chemical
hill_per_endpoint,2,Bisphenol A,1,DTXSID7020182,1.1835371017456056,published_per_chemical
hill_per_endpoint,2,Busulfan,1,DTXSID3020910,0.8156007170677185,published_per_chemical
hill_per_endpoint,2,Caffeine,1,DTXSID0020232,1.2122172355651855,published_per_chemical
hill_per_endpoint,2,Chlordiazepoxide hydrochloride,1,DTXSID40880060,2.2325785398483275,published_per_chemical
hill_per_endpoint,2,Cyclophosphamide monohydrate,1,DTXSID6024888,1.2704251289367676,published_per_chemical
hill_per_endpoint,2,Cymoxanil,1,DTXSID6032358,0.6112895488739014,published_per_chemical
hill_per_endpoint,2,Diazepam,1,DTXSID4020406,1.5749544620513916,published_per_chemical
hill_per_endpoint,2,Diazoxon,1,DTXSID5037523,0.9633203387260437,published_per_chemical
hill_per_endpoint,2,Diethylene glycol,1,DTXSID8020462,1.1597785234451294,published_per_chemical
hill_per_endpoint,2,Diethylstilbestrol,1,DTXSID3020465,1.485643744468689,published_per_chemical
hill_per_endpoint,2,Difpas-pyrazole,1,DTXSID6048175,1.6389532327651977,published_per_chemical
hill_per_endpoint,2,Dimethoate,1,DTXSID7020479,1.5498311042785644,published_per_chemical
hill_per_endpoint,2,Endosulfan,1,DTXSID1020560,2.6607101917266847,published_per_chemical
hill_per_endpoint,2,Endrin,1,DTXSID6020561,1.616938042640686,published_per_chemical
hill_per_endpoint,2,Fenitrothion,1,DTXSID4032613,0.8348474860191345,published_per_chemical
hill_per_endpoint,2,Loperamide,1,DTXSID00880006,3.2460628747940063,published_per_chemical
hill_per_endpoint,2,Malaoxon,1,DTXSID9020790,0.9906587481498719,published_per_chemical
hill_per_endpoint,2,Methoxychlor,1,DTXSID9020827,1.7008781433105469,published_per_chemical
hill_per_endpoint,2,Naled,1,DTXSID1024209,2.176636815071106,published_per_chemical
hill_per_endpoint,2,Oxidopamine hydrochloride,1,DTXSID0045838,1.9730753898620605,published_per_chemical
hill_per_endpoint,2,Permethrin,1,DTXSID8022292,2.183378219604492,published_per_chemical
hill_per_endpoint,2,PharmaGSID_47330,1,DTXSID9047330,1.714251732826233,published_per_chemical
hill_per_endpoint,2,Phenanthrene,1,DTXSID6024254,0.6093498110771179,published_per_chemical
hill_per_endpoint,2,Pravastatin sodium,1,DTXSID6047525,2.525124502182007,published_per_chemical
hill_per_endpoint,2,S-Ethyl dipropylthiocarbamate,1,DTXSID1024091,0.8084142088890076,published_per_chemical
hill_per_endpoint,2,Sodium saccharin hydrate,1,DTXSID7021992,1.1357189178466798,published_per_chemical
hill_per_endpoint,2,Sodium valproate,1,DTXSID5037072,1.1880024433135987,published_per_chemical
hill_per_endpoint,2,Terbufos,1,DTXSID2022254,1.9795202255249023,published_per_chemical
hill_per_endpoint,2,Thalidomide,1,DTXSID9022524,1.4703498601913452,published_per_chemical
hill_per_endpoint,2,Tributyltin methacrylate,1,parent:DTXSID3027403,1.682859683036804,published_per_chemical
hill_per_endpoint,2,Trimethyltin hydroxide,1,DTXSID9032240,3.326839637756348,published_per_chemical
hill_per_endpoint,2,"Tris(1,3-dichloro-2-propyl) phosphate",1,DTXSID9026261,1.2557366371154786,published_per_chemical
hill_per_endpoint,2,Tris(2-chloroethyl) phosphate,1,DTXSID5021411,1.3586794853210449,published_per_chemical
hill_per_endpoint,2,Z-Tetrachlorvinphos,1,DTXSID1032648,1.6632064819335937,published_per_chemical
hill_per_endpoint,2,"p,p'-DDD",1,DTXSID4020373,1.6549112319946289,published_per_chemical
hill_per_endpoint,2,tert-Butylhydroquinone,1,DTXSID6020220,1.56977322101593,published_per_chemical
hill_per_endpoint,2,2-(m-Chlorophenoxy)propionic acid,2,DTXSID9034232,1.39531466960907,published_per_chemical
hill_per_endpoint,2,2-Ethylhexyl diphenyl phosphate,2,DTXSID1025300,1.25205340385437,published_per_chemical
hill_per_endpoint,2,"3,3',5,5'-Tetrabromobisphenol A",2,DTXSID1026081,0.9245262861251831,published_per_chemical
hill_per_endpoint,2,Abamectin,2,DTXSID8023892,1.648346471786499,published_per_chemical
hill_per_endpoint,2,Acenaphthylene,2,DTXSID3023845,0.7199608325958252,published_per_chemical
hill_per_endpoint,2,Aldicarb,2,DTXSID0039223,1.0142545819282531,published_per_chemical
hill_per_endpoint,2,Amoxicillin,2,DTXSID3037044,1.246230459213257,published_per_chemical
hill_per_endpoint,2,Azoxystrobin,2,DTXSID0032520,1.942422080039978,published_per_chemical
hill_per_endpoint,2,Benzo[a]pyrene,2,DTXSID2020139,1.1345981359481812,published_per_chemical
hill_per_endpoint,2,Benzo[e]pyrene,2,DTXSID3023764,1.374742317199707,published_per_chemical
hill_per_endpoint,2,Bis(2-ethylhexyl) tetrabromophthalate,2,DTXSID7027887,1.6931049585342408,published_per_chemical
hill_per_endpoint,2,Bisphenol AF,2,DTXSID7037717,1.1752635478973388,published_per_chemical
hill_per_endpoint,2,Bisphenol B,2,DTXSID4022442,1.6460010051727294,published_per_chemical
hill_per_endpoint,2,Cadmium(II) chloride hydrate (2:5),2,DTXSID4040183,3.400990533828735,published_per_chemical
hill_per_endpoint,2,Captan,2,DTXSID9020243,1.3012075901031495,published_per_chemical
hill_per_endpoint,2,Carbamazepine,2,DTXSID4022731,1.016909909248352,published_per_chemical
hill_per_endpoint,2,Carbaryl,2,DTXSID9020247,3.0720170974731444,published_per_chemical
hill_per_endpoint,2,Cariporide mesylate,2,DTXSID3047344,1.274530816078186,published_per_chemical
hill_per_endpoint,2,Chloramben,2,DTXSID2020262,1.000487506389618,published_per_chemical
hill_per_endpoint,2,Chlorpromazine hydrochloride,2,DTXSID7024827,2.1411943197250367,published_per_chemical
hill_per_endpoint,2,Clothianidin,2,DTXSID2034465,0.7926955342292785,published_per_chemical
hill_per_endpoint,2,Dichlorvos,2,DTXSID5020449,1.1854963064193726,published_per_chemical
hill_per_endpoint,2,Eugenol,2,DTXSID9020617,1.2989521265029906,published_per_chemical
hill_per_endpoint,2,Fipronil,2,DTXSID4034609,1.153775143623352,published_per_chemical
hill_per_endpoint,2,Fluorene,2,DTXSID8024105,0.6411446809768677,published_per_chemical
hill_per_endpoint,2,Glycerol,2,DTXSID9020663,0.8017564415931702,published_per_chemical
hill_per_endpoint,2,L-Ascorbic acid,2,DTXSID5020106,1.0685283660888671,published_per_chemical
hill_per_endpoint,2,Lindane,2,DTXSID2020686,1.5920176029205322,published_per_chemical
hill_per_endpoint,2,Maneb,2,DTXSID9020794,1.075180983543396,published_per_chemical
hill_per_endpoint,2,Manganese dichloride,2,parent:DTXSID5027279,0.9865459084510804,published_per_chemical
hill_per_endpoint,2,Mercuric chloride,2,DTXSID5020811,2.352940249443054,published_per_chemical
hill_per_endpoint,2,Methamidophos,2,DTXSID6024177,0.7583574414253235,published_per_chemical
hill_per_endpoint,2,Methylmercuric(II) chloride,2,DTXSID5020813,2.589300608634949,published_per_chemical
hill_per_endpoint,2,Mevastatin,2,DTXSID4040684,2.064407968521118,published_per_chemical
hill_per_endpoint,2,Mirex,2,DTXSID7020895,3.1282056331634522,published_per_chemical
hill_per_endpoint,2,"Octachloro-4,7-methanotetrahydroindane",2,DTXSID7020267,1.92051522731781,published_per_chemical
hill_per_endpoint,2,Parathion,2,DTXSID7021100,0.9073953747749328,published_per_chemical
hill_per_endpoint,2,Prallethrin,2,DTXSID0032572,1.1639493703842163,published_per_chemical
hill_per_endpoint,2,Reserpine,2,DTXSID7021237,2.320857357978821,published_per_chemical
hill_per_endpoint,2,Sodium arsenite,2,DTXSID5020104,3.3615344285964968,published_per_chemical
hill_per_endpoint,2,Tebuconazole,2,DTXSID9032113,2.646216297149658,published_per_chemical
hill_per_endpoint,2,Terbutaline hemisulfate,2,DTXSID3045437,0.9011894941329956,published_per_chemical
hill_per_endpoint,2,Tetraethylthiuram disulfide,2,DTXSID1021322,2.0183913946151733,published_per_chemical
hill_per_endpoint,2,Tetramethrin,2,DTXSID6032649,0.9853750824928283,published_per_chemical
hill_per_endpoint,2,Tribufos,2,DTXSID1024174,2.4641957759857176,published_per_chemical
hill_per_endpoint,2,Trichlorfon,2,DTXSID0021389,2.6202993392944336,published_per_chemical
hill_per_endpoint,2,Trifloxystrobin,2,DTXSID4032580,1.7979623794555664,published_per_chemical
hill_per_endpoint,2,Tris(methylphenyl) phosphate,2,DTXSID4021391,1.165074849128723,published_per_chemical
hill_per_endpoint,2,"o,p'-DDT",2,parent:DTXSID4020375,1.7985522747039795,published_per_chemical
hill_per_endpoint,2,1-Methyl-4-phenylpyridinium iodide,3,DTXSID40880040,1.2029605627059936,published_per_chemical
hill_per_endpoint,2,"2-Ethylhexyl 2,3,4,5-tetrabromobenzoate",3,DTXSID9052686,1.9709441661834717,published_per_chemical
hill_per_endpoint,2,3-Iodo-2-propynyl-N-butylcarbamate,3,DTXSID0028038,1.356940460205078,published_per_chemical
hill_per_endpoint,2,"5,5-Diphenylhydantoin",3,DTXSID8020541,1.0601552248001098,published_per_chemical
hill_per_endpoint,2,6-Methyl-2-thiouracil,3,DTXSID2020890,1.3613829135894775,published_per_chemical
hill_per_endpoint,2,Acenaphthene,3,DTXSID3021774,0.9914263963699341,published_per_chemical
hill_per_endpoint,2,Allethrin,3,parent:DTXSID2039336,1.5691070556640625,published_per_chemical
hill_per_endpoint,2,Anthracene,3,DTXSID0023878,0.9126180052757263,published_per_chemical
hill_per_endpoint,2,Benzo(b)fluoranthene,3,DTXSID0023907,1.4760839819908143,published_per_chemical
hill_per_endpoint,2,Carbofuran,3,DTXSID9020249,1.2042764902114869,published_per_chemical
hill_per_endpoint,2,Chlorendic acid,3,DTXSID2020268,0.9799079656600952,published_per_chemical
hill_per_endpoint,2,Clodinafop-propargyl,3,DTXSID6032354,0.8365123748779297,published_per_chemical
hill_per_endpoint,2,Cocaine,3,DTXSID2038443,0.8616708397865296,published_per_chemical
hill_per_endpoint,2,Colchicine,3,DTXSID5024845,0.5194620192050934,published_per_chemical
hill_per_endpoint,2,D-Mannitol,3,DTXSID1023235,1.1828176498413085,published_per_chemical
hill_per_endpoint,2,DDT,3,parent:DTXSID4020375,2.1363367557525637,published_per_chemical
hill_per_endpoint,2,Deltamethrin,3,DTXSID8020381,2.0425454139709474,published_per_chemical
hill_per_endpoint,2,Dexamethasone,3,DTXSID3020384,1.1332367658615112,published_per_chemical
hill_per_endpoint,2,"Dibenz[a,c]anthracene",3,DTXSID9049245,1.094328761100769,published_per_chemical
hill_per_endpoint,2,Dicrotophos,3,DTXSID9023914,0.9425519466400146,published_per_chemical
hill_per_endpoint,2,Emamectin benzoate,3,DTXSID0034566,3.0917882919311523,published_per_chemical
hill_per_endpoint,2,Es-fenvalerate,3,DTXSID4032667,1.5488492250442505,published_per_chemical
hill_per_endpoint,2,Esketamine hydrochloride,3,DTXSID601027734,1.3941062211990356,published_per_chemical
hill_per_endpoint,2,Etofenprox,3,DTXSID9032610,1.3200445175170898,published_per_chemical
hill_per_endpoint,2,Fenpropathrin,3,DTXSID0024002,1.6127048015594483,published_per_chemical
hill_per_endpoint,2,Firemaster 550,3,DTXSID70880073,1.529667901992798,published_per_chemical
hill_per_endpoint,2,Folic acid,3,DTXSID0022519,1.2810759544372559,published_per_chemical
hill_per_endpoint,2,Haloperidol,3,DTXSID4034150,2.061255383491516,published_per_chemical
hill_per_endpoint,2,Hexachlorophene,3,DTXSID6020690,2.810172128677368,published_per_chemical
hill_per_endpoint,2,Lead(II) acetate trihydrate,3,DTXSID3031521,2.0695770502090456,published_per_chemical
hill_per_endpoint,2,Malathion,3,DTXSID4020791,1.770853853225708,published_per_chemical
hill_per_endpoint,2,Mancozeb,3,DTXSID0034695,0.8269857883453369,published_per_chemical
hill_per_endpoint,2,Manganese(II) acetate,3,parent:DTXSID5027279,0.9607155919075012,published_per_chemical
hill_per_endpoint,2,Naloxone hydrochloride dihydrate,3,DTXSID90199452,1.0373140692710876,published_per_chemical
hill_per_endpoint,2,Phenol,3,DTXSID5021124,1.18094642162323,published_per_chemical
hill_per_endpoint,2,Phorate,3,DTXSID4032459,1.7207742214202881,published_per_chemical
hill_per_endpoint,2,Piperonyl butoxide,3,DTXSID1021166,1.6003565549850465,published_per_chemical
hill_per_endpoint,2,Profenofos,3,DTXSID3032464,1.3670348644256591,published_per_chemical
hill_per_endpoint,2,Pyrene,3,DTXSID3024289,0.7608284711837768,published_per_chemical
hill_per_endpoint,2,S-Bioallethrin,3,parent:DTXSID2039336,1.4190512418746948,published_per_chemical
hill_per_endpoint,2,Simvastatin,3,DTXSID0023581,2.75413978099823,published_per_chemical
hill_per_endpoint,2,Sodium fluoride,3,DTXSID2020630,0.9688888430595398,published_per_chemical
hill_per_endpoint,2,Spiroxamine,3,DTXSID1034212,2.5154832124710085,published_per_chemical
hill_per_endpoint,2,Tamoxifen,3,DTXSID1034187,1.704058837890625,published_per_chemical
hill_per_endpoint,2,Tefluthrin,3,DTXSID5032577,2.2349406719207763,published_per_chemical
hill_per_endpoint,2,Tetracycline,3,DTXSID7023645,0.9658307552337646,published_per_chemical
hill_per_endpoint,2,Thiamethoxam,3,DTXSID2034962,0.9552871704101562,published_per_chemical
hill_per_endpoint,2,Tributyltin chloride,3,parent:DTXSID3027403,1.7995885610580444,published_per_chemical
hill_per_endpoint,2,Triphenyl phosphates isopropylated,3,DTXSID4028880,1.7816770792007446,published_per_chemical
hill_per_endpoint,2,(-)-Nicotine,4,DTXSID1020930,1.2650120258331299,published_per_chemical
hill_per_endpoint,2,17beta-Estradiol,4,DTXSID0020573,0.8893213272094727,published_per_chemical
hill_per_endpoint,2,"2,2-Bis(4-hydroxyphenyl)-1,1,1-trichloroethane",4,DTXSID8022325,1.55130877494812,published_per_chemical
hill_per_endpoint,2,"4,4'-Sulfonyldiphenol",4,DTXSID3022409,1.2082643508911133,published_per_chemical
hill_per_endpoint,2,6-aminopyridine-3-carboxamide,4,DTXSID5051446,2.568243217468262,published_per_chemical
hill_per_endpoint,2,Acetamiprid,4,DTXSID0034300,1.6212679624557496,published_per_chemical
hill_per_endpoint,2,Atrazine,4,DTXSID9020112,0.9079504013061523,published_per_chemical
hill_per_endpoint,2,Bensulide,4,DTXSID9032329,2.063891577720642,published_per_chemical
hill_per_endpoint,2,CP-409092,4,DTXSID2047276,1.2277710676193236,published_per_chemical
hill_per_endpoint,2,Captopril,4,DTXSID1037197,1.4555732011795044,published_per_chemical
hill_per_endpoint,2,Chlorethoxyfos,4,DTXSID2032344,2.3171960353851317,published_per_chemical
hill_per_endpoint,2,Chlorpyrifos oxon,4,DTXSID1038666,1.3097528219223022,published_per_chemical
hill_per_endpoint,2,Chrysene,4,DTXSID0022432,0.7450504660606384,published_per_chemical
hill_per_endpoint,2,Clove leaf oil,4,DTXSID8044175,1.3959503412246703,published_per_chemical
hill_per_endpoint,2,Cotinine,4,DTXSID1047576,0.8200294375419617,published_per_chemical
hill_per_endpoint,2,Coumaphos,4,DTXSID2020347,1.8631143808364867,published_per_chemical
hill_per_endpoint,2,Cypermethrin,4,DTXSID1023998,1.665317988395691,published_per_chemical
hill_per_endpoint,2,D-Glucitol,4,DTXSID5023588,0.9199610948562622,published_per_chemical
hill_per_endpoint,2,Dextroamphetamine sulfate,4,DTXSID2057865,1.0000969648361206,published_per_chemical
hill_per_endpoint,2,Di(2-ethylhexyl) phthalate,4,DTXSID5020607,1.6540394306182862,published_per_chemical
hill_per_endpoint,2,Diazinon,4,DTXSID9020407,2.0793012619018554,published_per_chemical
hill_per_endpoint,2,Dieldrin,4,DTXSID9020453,2.4664350509643556,published_per_chemical
hill_per_endpoint,2,Diphenhydramine hydrochloride,4,DTXSID4020537,1.671948790550232,published_per_chemical
hill_per_endpoint,2,Fosthiazate,4,DTXSID0034930,1.0550378441810608,published_per_chemical
hill_per_endpoint,2,Heptachlor epoxide B,4,DTXSID1024126,2.153066372871399,published_per_chemical
hill_per_endpoint,2,Imidacloprid,4,DTXSID5032442,1.1392537355422974,published_per_chemical
hill_per_endpoint,2,Isodecyl diphenyl phosphate,4,DTXSID3025465,0.8881698966026306,published_per_chemical
hill_per_endpoint,2,Kepone,4,DTXSID1020770,1.9027761697769165,published_per_chemical
hill_per_endpoint,2,Methimazole,4,DTXSID4020820,1.2911195516586305,published_per_chemical
hill_per_endpoint,2,Molinate,4,DTXSID6024206,1.2422496795654296,published_per_chemical
hill_per_endpoint,2,Octylbicycloheptenedicarboximide,4,DTXSID6032562,1.166170108318329,published_per_chemical
hill_per_endpoint,2,Paraquat dichloride,4,DTXSID7024243,3.6135696887969972,published_per_chemical
hill_per_endpoint,2,Perfluoroundecanoic acid,4,DTXSID8047553,1.0543254256248473,published_per_chemical
hill_per_endpoint,2,Phenobarbital,4,parent:DTXSID0021123,0.9782802820205688,published_per_chemical
hill_per_endpoint,2,Phenylmercuric acetate,4,DTXSID7021150,1.2829358577728271,published_per_chemical
hill_per_endpoint,2,Phosmet,4,DTXSID5024261,1.8211878061294555,published_per_chemical
hill_per_endpoint,2,Picoxystrobin,4,DTXSID9047542,1.790465271472931,published_per_chemical
hill_per_endpoint,2,Resmethrin,4,DTXSID7022253,1.2451963663101195,published_per_chemical
hill_per_endpoint,2,Retinoic acid,4,DTXSID7021239,2.0032052040100097,published_per_chemical
hill_per_endpoint,2,Rotenone,4,DTXSID6021248,2.008315312862396,published_per_chemical
hill_per_endpoint,2,Sodium orthovanadate,4,DTXSID2037269,1.6337881088256836,published_per_chemical
hill_per_endpoint,2,Tebupirimfos,4,DTXSID1032482,1.5913421630859375,published_per_chemical
hill_per_endpoint,2,Triphenyl phosphate,4,DTXSID1021952,0.9443160057067871,published_per_chemical
hill_per_endpoint,2,Triphenyl phosphite,4,DTXSID0026252,1.0278119087219237,published_per_chemical
hill_per_endpoint,2,Tris(2-chloroisopropyl)phosphate,4,DTXSID5026259,1.0042944073677063,published_per_chemical
hill_per_endpoint,2,Valinomycin,4,DTXSID9041150,1.53728187084198,published_per_chemical
hill_per_endpoint,2,tert-Butylphenyl diphenyl phosphate,4,DTXSID6024701,1.763019061088562,published_per_chemical
hill_per_endpoint,3,1-Ethyl-3-methyl-1H-imidazol-3-ium diethyl phosphate,0,DTXSID9047889,1.0323601365089417,published_per_chemical
hill_per_endpoint,3,"1H,1H,2H,2H-Perfluorooctyl iodide",0,DTXSID2047565,0.6952787160873413,published_per_chemical
hill_per_endpoint,3,"2,2',4,4',5,5'-Hexabromodiphenyl ether",0,DTXSID4030047,1.320399570465088,published_per_chemical
hill_per_endpoint,3,"2,2',4,4',5-Pentabromodiphenyl ether",0,DTXSID9030048,1.6592829942703247,published_per_chemical
hill_per_endpoint,3,"2,2',4,4'-Tetrabromodiphenyl ether",0,DTXSID3030056,1.50749614238739,published_per_chemical
hill_per_endpoint,3,2-Methoxyethanol,0,DTXSID5024182,0.9816017866134643,published_per_chemical
hill_per_endpoint,3,"3,3'-Iminobispropanenitrile",0,DTXSID2041464,0.8685366153717041,published_per_chemical
hill_per_endpoint,3,4H-Cyclopenta(def)phenanthrene,0,DTXSID1024887,0.9409805059432983,published_per_chemical
hill_per_endpoint,3,6-Propyl-2-thiouracil,0,DTXSID5021209,1.9667463541030883,published_per_chemical
hill_per_endpoint,3,Acrylamide,0,DTXSID5020027,1.1039168953895568,published_per_chemical
hill_per_endpoint,3,Aldrin,0,DTXSID8020040,2.0527548789978027,published_per_chemical
hill_per_endpoint,3,Benz(a)anthracene,0,DTXSID5023902,1.2065852284431458,published_per_chemical
hill_per_endpoint,3,"Benzo[g,h,i]perylene",0,DTXSID5023908,0.9826454043388366,published_per_chemical
hill_per_endpoint,3,Boric acid (H3BO3),0,DTXSID1020194,1.1366235613822937,published_per_chemical
hill_per_endpoint,3,Boscalid,0,DTXSID6034392,1.15435893535614,published_per_chemical
hill_per_endpoint,3,CP-457920,0,DTXSID4047254,1.6856300592422486,published_per_chemical
hill_per_endpoint,3,Chlorpyrifos,0,DTXSID4020458,1.4393020391464233,published_per_chemical
hill_per_endpoint,3,Cyfluthrin,0,DTXSID5035957,1.4886282444000245,published_per_chemical
hill_per_endpoint,3,Cytarabine,0,DTXSID3022877,1.2834359407424927,published_per_chemical
hill_per_endpoint,3,"Dibenz[a,h]anthracene",0,DTXSID9020409,0.9944261074066162,published_per_chemical
hill_per_endpoint,3,Disulfoton,0,DTXSID0022018,0.7796274542808532,published_per_chemical
hill_per_endpoint,3,Enadoline,0,DTXSID4047258,1.5465314984321594,published_per_chemical
hill_per_endpoint,3,Erythromycin,0,DTXSID4022991,1.0730912685394287,published_per_chemical
hill_per_endpoint,3,Ethoprop,0,DTXSID4032611,1.6858206033706664,published_per_chemical
hill_per_endpoint,3,Fenamiphos,0,DTXSID3024102,1.1322735905647279,published_per_chemical
hill_per_endpoint,3,Fluconazole,0,DTXSID3020627,1.0965460419654847,published_per_chemical
hill_per_endpoint,3,Flufenacet,0,DTXSID2032552,1.177585530281067,published_per_chemical
hill_per_endpoint,3,Fluoxastrobin,0,DTXSID2034625,1.7761859178543091,published_per_chemical
hill_per_endpoint,3,Fluoxetine hydrochloride,0,DTXSID7020635,1.5684648990631103,published_per_chemical
hill_per_endpoint,3,Flusilazole,0,DTXSID3024235,1.6032985687255858,published_per_chemical
hill_per_endpoint,3,Glyphosate,0,DTXSID1024122,1.4848809242248535,published_per_chemical
hill_per_endpoint,3,Hydroxyurea,0,DTXSID6025438,1.3913385629653932,published_per_chemical
hill_per_endpoint,3,Isoniazid,0,DTXSID8020755,1.150640869140625,published_per_chemical
hill_per_endpoint,3,L-Domoic acid,0,DTXSID20274180,1.6771976947784424,published_per_chemical
hill_per_endpoint,3,Lactofen,0,DTXSID7024160,1.0900341510772704,published_per_chemical
hill_per_endpoint,3,Lovastatin,0,DTXSID5020784,2.391126799583435,published_per_chemical
hill_per_endpoint,3,Methadone hydrochloride,0,DTXSID2020501,1.541068696975708,published_per_chemical
hill_per_endpoint,3,Methotrexate,0,DTXSID4020822,0.9091468721628189,published_per_chemical
hill_per_endpoint,3,Naphthalene,0,DTXSID8020913,1.1546657800674438,published_per_chemical
hill_per_endpoint,3,Omethoate,0,DTXSID4037580,1.2044425845146178,published_per_chemical
hill_per_endpoint,3,Phenobarbital sodium,0,parent:DTXSID0021123,1.1028263211250304,published_per_chemical
hill_per_endpoint,3,Pirimiphos-methyl,0,DTXSID0024266,1.829113984107971,published_per_chemical
hill_per_endpoint,3,Pyraclostrobin,0,DTXSID7032638,1.458899688720703,published_per_chemical
hill_per_endpoint,3,Sodium benzoate,0,DTXSID1020140,1.137518310546875,published_per_chemical
hill_per_endpoint,3,Spirodiclofen,0,DTXSID6034928,0.9291529297828675,published_per_chemical
hill_per_endpoint,3,Thiacloprid,0,DTXSID7034961,1.1704329133033753,published_per_chemical
hill_per_endpoint,3,Triclosan,0,DTXSID5032498,1.4526442289352417,published_per_chemical
hill_per_endpoint,3,Triethyltin bromide,0,DTXSID9040712,1.9525750398635864,published_per_chemical
hill_per_endpoint,3,"p,p'-DDE",0,DTXSID9020374,2.1853103399276734,published_per_chemical
hill_per_endpoint,3,(Methylcyclopentadienyl)tricarbonylmanganese,1,DTXSID9027738,0.986776602268219,published_per_chemical
hill_per_endpoint,3,"1,2-Propylene glycol",1,DTXSID0021206,1.5952115774154663,published_per_chemical
hill_per_endpoint,3,5-Chloro-2-methyl-3(2H)-isothiazolone,1,DTXSID9034286,1.4389350891113282,published_per_chemical
hill_per_endpoint,3,5-Fluorouracil,1,DTXSID2020634,1.5946999073028565,published_per_chemical
hill_per_endpoint,3,Acephate,1,DTXSID8023846,1.2962357521057128,published_per_chemical
hill_per_endpoint,3,Acetaminophen,1,DTXSID2020006,0.5534286081790925,published_per_chemical
hill_per_endpoint,3,Aspirin,1,DTXSID5020108,0.6601531267166137,published_per_chemical
hill_per_endpoint,3,Auramine hydrochloride,1,DTXSID9020114,1.3761021733283996,published_per_chemical
hill_per_endpoint,3,Benzo[k]fluoranthene,1,DTXSID0023909,1.2384663343429565,published_per_chemical
hill_per_endpoint,3,Berberine chloride,1,DTXSID8024602,1.5713210105895996,published_per_chemical
hill_per_endpoint,3,Bifenthrin,1,DTXSID9020160,1.9874379634857178,published_per_chemical
hill_per_endpoint,3,Bis(tributyltin)oxide,1,parent:DTXSID3027403,2.066808080673218,published_per_chemical
hill_per_endpoint,3,Bisindolylmaleimide I,1,DTXSID50157932,1.3488716006278991,published_per_chemical
hill_per_endpoint,3,Bisphenol A,1,DTXSID7020182,1.1665063381195069,published_per_chemical
hill_per_endpoint,3,Busulfan,1,DTXSID3020910,1.000369668006897,published_per_chemical
hill_per_endpoint,3,Caffeine,1,DTXSID0020232,1.3604260683059692,published_per_chemical
hill_per_endpoint,3,Chlordiazepoxide hydrochloride,1,DTXSID40880060,1.9557564496994018,published_per_chemical
hill_per_endpoint,3,Cyclophosphamide monohydrate,1,DTXSID6024888,1.5212573766708375,published_per_chemical
hill_per_endpoint,3,Cymoxanil,1,DTXSID6032358,1.0075029134750366,published_per_chemical
hill_per_endpoint,3,Diazepam,1,DTXSID4020406,1.4073312759399415,published_per_chemical
hill_per_endpoint,3,Diazoxon,1,DTXSID5037523,0.9755159735679626,published_per_chemical
hill_per_endpoint,3,Diethylene glycol,1,DTXSID8020462,1.656005859375,published_per_chemical
hill_per_endpoint,3,Diethylstilbestrol,1,DTXSID3020465,1.6832081079483032,published_per_chemical
hill_per_endpoint,3,Difpas-pyrazole,1,DTXSID6048175,1.954893374443054,published_per_chemical
hill_per_endpoint,3,Dimethoate,1,DTXSID7020479,1.4439734816551208,published_per_chemical
hill_per_endpoint,3,Endosulfan,1,DTXSID1020560,2.3015783548355104,published_per_chemical
hill_per_endpoint,3,Endrin,1,DTXSID6020561,1.7448731184005737,published_per_chemical
hill_per_endpoint,3,Fenitrothion,1,DTXSID4032613,1.2860909223556518,published_per_chemical
hill_per_endpoint,3,Loperamide,1,DTXSID00880006,1.6345297813415527,published_per_chemical
hill_per_endpoint,3,Malaoxon,1,DTXSID9020790,0.9793946266174316,published_per_chemical
hill_per_endpoint,3,Methoxychlor,1,DTXSID9020827,1.987147045135498,published_per_chemical
hill_per_endpoint,3,Naled,1,DTXSID1024209,1.5431808948516845,published_per_chemical
hill_per_endpoint,3,Oxidopamine hydrochloride,1,DTXSID0045838,1.4199790596961974,published_per_chemical
hill_per_endpoint,3,Permethrin,1,DTXSID8022292,1.6130504846572875,published_per_chemical
hill_per_endpoint,3,PharmaGSID_47330,1,DTXSID9047330,1.5034377813339233,published_per_chemical
hill_per_endpoint,3,Phenanthrene,1,DTXSID6024254,0.6437338352203369,published_per_chemical
hill_per_endpoint,3,Pravastatin sodium,1,DTXSID6047525,1.7867197751998902,published_per_chemical
hill_per_endpoint,3,S-Ethyl dipropylthiocarbamate,1,DTXSID1024091,1.1272755026817323,published_per_chemical
hill_per_endpoint,3,Sodium saccharin hydrate,1,DTXSID7021992,1.4880739450454712,published_per_chemical
hill_per_endpoint,3,Sodium valproate,1,DTXSID5037072,1.2698323011398316,published_per_chemical
hill_per_endpoint,3,Terbufos,1,DTXSID2022254,2.8415344953536987,published_per_chemical
hill_per_endpoint,3,Thalidomide,1,DTXSID9022524,1.5243088483810425,published_per_chemical
hill_per_endpoint,3,Tributyltin methacrylate,1,parent:DTXSID3027403,1.4713344812393188,published_per_chemical
hill_per_endpoint,3,Trimethyltin hydroxide,1,DTXSID9032240,3.5121845960617066,published_per_chemical
hill_per_endpoint,3,"Tris(1,3-dichloro-2-propyl) phosphate",1,DTXSID9026261,1.5724506616592406,published_per_chemical
hill_per_endpoint,3,Tris(2-chloroethyl) phosphate,1,DTXSID5021411,1.4004388570785522,published_per_chemical
hill_per_endpoint,3,Z-Tetrachlorvinphos,1,DTXSID1032648,1.4490478396415711,published_per_chemical
hill_per_endpoint,3,"p,p'-DDD",1,DTXSID4020373,1.6128996372222901,published_per_chemical
hill_per_endpoint,3,tert-Butylhydroquinone,1,DTXSID6020220,1.3377775430679322,published_per_chemical
hill_per_endpoint,3,2-(m-Chlorophenoxy)propionic acid,2,DTXSID9034232,1.332407808303833,published_per_chemical
hill_per_endpoint,3,2-Ethylhexyl diphenyl phosphate,2,DTXSID1025300,1.1755593299865723,published_per_chemical
hill_per_endpoint,3,"3,3',5,5'-Tetrabromobisphenol A",2,DTXSID1026081,0.9526715040206909,published_per_chemical
hill_per_endpoint,3,Abamectin,2,DTXSID8023892,1.5076550722122193,published_per_chemical
hill_per_endpoint,3,Acenaphthylene,2,DTXSID3023845,0.7536728978157043,published_per_chemical
hill_per_endpoint,3,Aldicarb,2,DTXSID0039223,0.9975764751434326,published_per_chemical
hill_per_endpoint,3,Amoxicillin,2,DTXSID3037044,1.397008752822876,published_per_chemical
hill_per_endpoint,3,Azoxystrobin,2,DTXSID0032520,1.5642114639282227,published_per_chemical
hill_per_endpoint,3,Benzo[a]pyrene,2,DTXSID2020139,1.0314758539199829,published_per_chemical
hill_per_endpoint,3,Benzo[e]pyrene,2,DTXSID3023764,1.4111350297927856,published_per_chemical
hill_per_endpoint,3,Bis(2-ethylhexyl) tetrabromophthalate,2,DTXSID7027887,1.5022807121276855,published_per_chemical
hill_per_endpoint,3,Bisphenol AF,2,DTXSID7037717,1.326750361919403,published_per_chemical
hill_per_endpoint,3,Bisphenol B,2,DTXSID4022442,1.2679250955581665,published_per_chemical
hill_per_endpoint,3,Cadmium(II) chloride hydrate (2:5),2,DTXSID4040183,1.149728775024414,published_per_chemical
hill_per_endpoint,3,Captan,2,DTXSID9020243,1.3300827145576477,published_per_chemical
hill_per_endpoint,3,Carbamazepine,2,DTXSID4022731,1.23407986164093,published_per_chemical
hill_per_endpoint,3,Carbaryl,2,DTXSID9020247,2.651872968673706,published_per_chemical
hill_per_endpoint,3,Cariporide mesylate,2,DTXSID3047344,1.346283769607544,published_per_chemical
hill_per_endpoint,3,Chloramben,2,DTXSID2020262,1.0179755926132201,published_per_chemical
hill_per_endpoint,3,Chlorpromazine hydrochloride,2,DTXSID7024827,1.7002322196960449,published_per_chemical
hill_per_endpoint,3,Clothianidin,2,DTXSID2034465,0.8733952641487122,published_per_chemical
hill_per_endpoint,3,Dichlorvos,2,DTXSID5020449,1.0465741872787475,published_per_chemical
hill_per_endpoint,3,Eugenol,2,DTXSID9020617,1.3948182821273805,published_per_chemical
hill_per_endpoint,3,Fipronil,2,DTXSID4034609,1.3310719013214112,published_per_chemical
hill_per_endpoint,3,Fluorene,2,DTXSID8024105,0.7365933656692505,published_per_chemical
hill_per_endpoint,3,Glycerol,2,DTXSID9020663,0.7280436515808105,published_per_chemical
hill_per_endpoint,3,L-Ascorbic acid,2,DTXSID5020106,1.2246366739273071,published_per_chemical
hill_per_endpoint,3,Lindane,2,DTXSID2020686,1.614862322807312,published_per_chemical
hill_per_endpoint,3,Maneb,2,DTXSID9020794,1.1256135940551757,published_per_chemical
hill_per_endpoint,3,Manganese dichloride,2,parent:DTXSID5027279,1.1468227982521058,published_per_chemical
hill_per_endpoint,3,Mercuric chloride,2,DTXSID5020811,2.005256676673889,published_per_chemical
hill_per_endpoint,3,Methamidophos,2,DTXSID6024177,1.009803092479706,published_per_chemical
hill_per_endpoint,3,Methylmercuric(II) chloride,2,DTXSID5020813,1.7325006484985352,published_per_chemical
hill_per_endpoint,3,Mevastatin,2,DTXSID4040684,1.4237504243850707,published_per_chemical
hill_per_endpoint,3,Mirex,2,DTXSID7020895,1.8634055137634278,published_per_chemical
hill_per_endpoint,3,"Octachloro-4,7-methanotetrahydroindane",2,DTXSID7020267,1.755024218559265,published_per_chemical
hill_per_endpoint,3,Parathion,2,DTXSID7021100,1.0497652769088746,published_per_chemical
hill_per_endpoint,3,Prallethrin,2,DTXSID0032572,1.4578635454177857,published_per_chemical
hill_per_endpoint,3,Reserpine,2,DTXSID7021237,2.6855653285980225,published_per_chemical
hill_per_endpoint,3,Sodium arsenite,2,DTXSID5020104,2.387754511833191,published_per_chemical
hill_per_endpoint,3,Tebuconazole,2,DTXSID9032113,2.6205585479736326,published_per_chemical
hill_per_endpoint,3,Terbutaline hemisulfate,2,DTXSID3045437,0.9162074208259583,published_per_chemical
hill_per_endpoint,3,Tetraethylthiuram disulfide,2,DTXSID1021322,1.530667507648468,published_per_chemical
hill_per_endpoint,3,Tetramethrin,2,DTXSID6032649,1.02717924118042,published_per_chemical
hill_per_endpoint,3,Tribufos,2,DTXSID1024174,1.8340429067611694,published_per_chemical
hill_per_endpoint,3,Trichlorfon,2,DTXSID0021389,1.5110870838165282,published_per_chemical
hill_per_endpoint,3,Trifloxystrobin,2,DTXSID4032580,1.2095219612121582,published_per_chemical
hill_per_endpoint,3,Tris(methylphenyl) phosphate,2,DTXSID4021391,1.2309097528457642,published_per_chemical
hill_per_endpoint,3,"o,p'-DDT",2,parent:DTXSID4020375,1.5894895553588868,published_per_chemical
hill_per_endpoint,3,1-Methyl-4-phenylpyridinium iodide,3,DTXSID40880040,1.4388287544250489,published_per_chemical
hill_per_endpoint,3,"2-Ethylhexyl 2,3,4,5-tetrabromobenzoate",3,DTXSID9052686,2.2484651803970337,published_per_chemical
hill_per_endpoint,3,3-Iodo-2-propynyl-N-butylcarbamate,3,DTXSID0028038,1.6756445050239563,published_per_chemical
hill_per_endpoint,3,"5,5-Diphenylhydantoin",3,DTXSID8020541,1.118169355392456,published_per_chemical
hill_per_endpoint,3,6-Methyl-2-thiouracil,3,DTXSID2020890,1.4453244805335999,published_per_chemical
hill_per_endpoint,3,Acenaphthene,3,DTXSID3021774,1.2955279231071473,published_per_chemical
hill_per_endpoint,3,Allethrin,3,parent:DTXSID2039336,1.5878268480300903,published_per_chemical
hill_per_endpoint,3,Anthracene,3,DTXSID0023878,1.321443462371826,published_per_chemical
hill_per_endpoint,3,Benzo(b)fluoranthene,3,DTXSID0023907,1.0837324380874633,published_per_chemical
hill_per_endpoint,3,Carbofuran,3,DTXSID9020249,1.381774401664734,published_per_chemical
hill_per_endpoint,3,Chlorendic acid,3,DTXSID2020268,1.0556190013885498,published_per_chemical
hill_per_endpoint,3,Clodinafop-propargyl,3,DTXSID6032354,0.8493924140930176,published_per_chemical
hill_per_endpoint,3,Cocaine,3,DTXSID2038443,0.8068530082702636,published_per_chemical
hill_per_endpoint,3,Colchicine,3,DTXSID5024845,0.6758162975311279,published_per_chemical
hill_per_endpoint,3,D-Mannitol,3,DTXSID1023235,1.280428981781006,published_per_chemical
hill_per_endpoint,3,DDT,3,parent:DTXSID4020375,1.4703948974609375,published_per_chemical
hill_per_endpoint,3,Deltamethrin,3,DTXSID8020381,1.734406042098999,published_per_chemical
hill_per_endpoint,3,Dexamethasone,3,DTXSID3020384,1.0026726603507996,published_per_chemical
hill_per_endpoint,3,"Dibenz[a,c]anthracene",3,DTXSID9049245,1.274913477897644,published_per_chemical
hill_per_endpoint,3,Dicrotophos,3,DTXSID9023914,1.1771901726722718,published_per_chemical
hill_per_endpoint,3,Emamectin benzoate,3,DTXSID0034566,2.2949732542037964,published_per_chemical
hill_per_endpoint,3,Es-fenvalerate,3,DTXSID4032667,1.2026864051818849,published_per_chemical
hill_per_endpoint,3,Esketamine hydrochloride,3,DTXSID601027734,1.3085530757904054,published_per_chemical
hill_per_endpoint,3,Etofenprox,3,DTXSID9032610,1.2641135811805726,published_per_chemical
hill_per_endpoint,3,Fenpropathrin,3,DTXSID0024002,1.3488460063934327,published_per_chemical
hill_per_endpoint,3,Firemaster 550,3,DTXSID70880073,1.3139981031417847,published_per_chemical
hill_per_endpoint,3,Folic acid,3,DTXSID0022519,1.3166955947875976,published_per_chemical
hill_per_endpoint,3,Haloperidol,3,DTXSID4034150,2.226709771156311,published_per_chemical
hill_per_endpoint,3,Hexachlorophene,3,DTXSID6020690,2.0145365715026857,published_per_chemical
hill_per_endpoint,3,Lead(II) acetate trihydrate,3,DTXSID3031521,2.3007887840270995,published_per_chemical
hill_per_endpoint,3,Malathion,3,DTXSID4020791,1.726133441925049,published_per_chemical
hill_per_endpoint,3,Mancozeb,3,DTXSID0034695,0.922990870475769,published_per_chemical
hill_per_endpoint,3,Manganese(II) acetate,3,parent:DTXSID5027279,0.9338252186775208,published_per_chemical
hill_per_endpoint,3,Naloxone hydrochloride dihydrate,3,DTXSID90199452,1.1962743759155274,published_per_chemical
hill_per_endpoint,3,Phenol,3,DTXSID5021124,1.2143873214721679,published_per_chemical
hill_per_endpoint,3,Phorate,3,DTXSID4032459,1.8431033134460448,published_per_chemical
hill_per_endpoint,3,Piperonyl butoxide,3,DTXSID1021166,1.3411214828491211,published_per_chemical
hill_per_endpoint,3,Profenofos,3,DTXSID3032464,1.3151175498962402,published_per_chemical
hill_per_endpoint,3,Pyrene,3,DTXSID3024289,0.7706887602806092,published_per_chemical
hill_per_endpoint,3,S-Bioallethrin,3,parent:DTXSID2039336,1.4366474866867065,published_per_chemical
hill_per_endpoint,3,Simvastatin,3,DTXSID0023581,2.6586845397949217,published_per_chemical
hill_per_endpoint,3,Sodium fluoride,3,DTXSID2020630,1.100194787979126,published_per_chemical
hill_per_endpoint,3,Spiroxamine,3,DTXSID1034212,2.2413645505905153,published_per_chemical
hill_per_endpoint,3,Tamoxifen,3,DTXSID1034187,1.3906016588211059,published_per_chemical
hill_per_endpoint,3,Tefluthrin,3,DTXSID5032577,1.328381109237671,published_per_chemical
hill_per_endpoint,3,Tetracycline,3,DTXSID7023645,0.9927379012107849,published_per_chemical
hill_per_endpoint,3,Thiamethoxam,3,DTXSID2034962,1.2848941445350648,published_per_chemical
hill_per_endpoint,3,Tributyltin chloride,3,parent:DTXSID3027403,1.9569064617156982,published_per_chemical
hill_per_endpoint,3,Triphenyl phosphates isopropylated,3,DTXSID4028880,1.7949593305587768,published_per_chemical
hill_per_endpoint,3,(-)-Nicotine,4,DTXSID1020930,1.3607189059257507,published_per_chemical
hill_per_endpoint,3,17beta-Estradiol,4,DTXSID0020573,1.1359854459762573,published_per_chemical
hill_per_endpoint,3,"2,2-Bis(4-hydroxyphenyl)-1,1,1-trichloroethane",4,DTXSID8022325,1.4838967800140381,published_per_chemical
hill_per_endpoint,3,"4,4'-Sulfonyldiphenol",4,DTXSID3022409,1.3379047632217407,published_per_chemical
hill_per_endpoint,3,6-aminopyridine-3-carboxamide,4,DTXSID5051446,1.7888868808746339,published_per_chemical
hill_per_endpoint,3,Acetamiprid,4,DTXSID0034300,1.9154972791671754,published_per_chemical
hill_per_endpoint,3,Atrazine,4,DTXSID9020112,1.1401797771453857,published_per_chemical
hill_per_endpoint,3,Bensulide,4,DTXSID9032329,1.5012368440628052,published_per_chemical
hill_per_endpoint,3,CP-409092,4,DTXSID2047276,1.1304358959197998,published_per_chemical
hill_per_endpoint,3,Captopril,4,DTXSID1037197,1.6010964155197143,published_per_chemical
hill_per_endpoint,3,Chlorethoxyfos,4,DTXSID2032344,2.4139708995819094,published_per_chemical
hill_per_endpoint,3,Chlorpyrifos oxon,4,DTXSID1038666,1.4036892652511597,published_per_chemical
hill_per_endpoint,3,Chrysene,4,DTXSID0022432,0.8433685541152954,published_per_chemical
hill_per_endpoint,3,Clove leaf oil,4,DTXSID8044175,1.3438833236694336,published_per_chemical
hill_per_endpoint,3,Cotinine,4,DTXSID1047576,0.869389009475708,published_per_chemical
hill_per_endpoint,3,Coumaphos,4,DTXSID2020347,1.8289788246154786,published_per_chemical
hill_per_endpoint,3,Cypermethrin,4,DTXSID1023998,1.8503056764602661,published_per_chemical
hill_per_endpoint,3,D-Glucitol,4,DTXSID5023588,1.0890288352966309,published_per_chemical
hill_per_endpoint,3,Dextroamphetamine sulfate,4,DTXSID2057865,1.152866268157959,published_per_chemical
hill_per_endpoint,3,Di(2-ethylhexyl) phthalate,4,DTXSID5020607,2.1850554227828978,published_per_chemical
hill_per_endpoint,3,Diazinon,4,DTXSID9020407,1.9122634053230285,published_per_chemical
hill_per_endpoint,3,Dieldrin,4,DTXSID9020453,2.17321834564209,published_per_chemical
hill_per_endpoint,3,Diphenhydramine hydrochloride,4,DTXSID4020537,1.461767601966858,published_per_chemical
hill_per_endpoint,3,Fosthiazate,4,DTXSID0034930,1.1502631783485413,published_per_chemical
hill_per_endpoint,3,Heptachlor epoxide B,4,DTXSID1024126,2.4445183753967283,published_per_chemical
hill_per_endpoint,3,Imidacloprid,4,DTXSID5032442,1.097721016407013,published_per_chemical
hill_per_endpoint,3,Isodecyl diphenyl phosphate,4,DTXSID3025465,0.8712037563323974,published_per_chemical
hill_per_endpoint,3,Kepone,4,DTXSID1020770,1.6724537372589112,published_per_chemical
hill_per_endpoint,3,Methimazole,4,DTXSID4020820,1.5700294733047486,published_per_chemical
hill_per_endpoint,3,Molinate,4,DTXSID6024206,1.256332516670227,published_per_chemical
hill_per_endpoint,3,Octylbicycloheptenedicarboximide,4,DTXSID6032562,1.3817094087600708,published_per_chemical
hill_per_endpoint,3,Paraquat dichloride,4,DTXSID7024243,1.8933732867240907,published_per_chemical
hill_per_endpoint,3,Perfluoroundecanoic acid,4,DTXSID8047553,1.5970961451530457,published_per_chemical
hill_per_endpoint,3,Phenobarbital,4,parent:DTXSID0021123,1.1468189358711243,published_per_chemical
hill_per_endpoint,3,Phenylmercuric acetate,4,DTXSID7021150,1.13895742893219,published_per_chemical
hill_per_endpoint,3,Phosmet,4,DTXSID5024261,2.008781337738037,published_per_chemical
hill_per_endpoint,3,Picoxystrobin,4,DTXSID9047542,1.782252883911133,published_per_chemical
hill_per_endpoint,3,Resmethrin,4,DTXSID7022253,1.274108064174652,published_per_chemical
hill_per_endpoint,3,Retinoic acid,4,DTXSID7021239,1.9485588550567627,published_per_chemical
hill_per_endpoint,3,Rotenone,4,DTXSID6021248,1.628213119506836,published_per_chemical
hill_per_endpoint,3,Sodium orthovanadate,4,DTXSID2037269,1.299888825416565,published_per_chemical
hill_per_endpoint,3,Tebupirimfos,4,DTXSID1032482,2.183499979972839,published_per_chemical
hill_per_endpoint,3,Triphenyl phosphate,4,DTXSID1021952,0.9954442620277405,published_per_chemical
hill_per_endpoint,3,Triphenyl phosphite,4,DTXSID0026252,1.0878975629806518,published_per_chemical
hill_per_endpoint,3,Tris(2-chloroisopropyl)phosphate,4,DTXSID5026259,0.7921127200126648,published_per_chemical
hill_per_endpoint,3,Valinomycin,4,DTXSID9041150,0.9832409262657166,published_per_chemical
hill_per_endpoint,3,tert-Butylphenyl diphenyl phosphate,4,DTXSID6024701,1.8750337600708007,published_per_chemical
hill_per_endpoint,4,1-Ethyl-3-methyl-1H-imidazol-3-ium diethyl phosphate,0,DTXSID9047889,0.9381371140480042,published_per_chemical
hill_per_endpoint,4,"1H,1H,2H,2H-Perfluorooctyl iodide",0,DTXSID2047565,0.7925003647804261,published_per_chemical
hill_per_endpoint,4,"2,2',4,4',5,5'-Hexabromodiphenyl ether",0,DTXSID4030047,1.1862722873687743,published_per_chemical
hill_per_endpoint,4,"2,2',4,4',5-Pentabromodiphenyl ether",0,DTXSID9030048,2.263755130767822,published_per_chemical
hill_per_endpoint,4,"2,2',4,4'-Tetrabromodiphenyl ether",0,DTXSID3030056,1.325713086128235,published_per_chemical
hill_per_endpoint,4,2-Methoxyethanol,0,DTXSID5024182,0.887087368965149,published_per_chemical
hill_per_endpoint,4,"3,3'-Iminobispropanenitrile",0,DTXSID2041464,0.7542625904083252,published_per_chemical
hill_per_endpoint,4,4H-Cyclopenta(def)phenanthrene,0,DTXSID1024887,0.8724108815193177,published_per_chemical
hill_per_endpoint,4,6-Propyl-2-thiouracil,0,DTXSID5021209,1.5386792182922364,published_per_chemical
hill_per_endpoint,4,Acrylamide,0,DTXSID5020027,0.833537483215332,published_per_chemical
hill_per_endpoint,4,Aldrin,0,DTXSID8020040,1.5875149011611938,published_per_chemical
hill_per_endpoint,4,Benz(a)anthracene,0,DTXSID5023902,1.2524776458740234,published_per_chemical
hill_per_endpoint,4,"Benzo[g,h,i]perylene",0,DTXSID5023908,0.9834694504737854,published_per_chemical
hill_per_endpoint,4,Boric acid (H3BO3),0,DTXSID1020194,1.1485823750495912,published_per_chemical
hill_per_endpoint,4,Boscalid,0,DTXSID6034392,0.7130205750465393,published_per_chemical
hill_per_endpoint,4,CP-457920,0,DTXSID4047254,1.2569790840148927,published_per_chemical
hill_per_endpoint,4,Chlorpyrifos,0,DTXSID4020458,1.6782954216003418,published_per_chemical
hill_per_endpoint,4,Cyfluthrin,0,DTXSID5035957,1.2711676597595214,published_per_chemical
hill_per_endpoint,4,Cytarabine,0,DTXSID3022877,1.3411017775535583,published_per_chemical
hill_per_endpoint,4,"Dibenz[a,h]anthracene",0,DTXSID9020409,0.8406817317008972,published_per_chemical
hill_per_endpoint,4,Disulfoton,0,DTXSID0022018,0.8286280035972595,published_per_chemical
hill_per_endpoint,4,Enadoline,0,DTXSID4047258,1.5495147705078125,published_per_chemical
hill_per_endpoint,4,Erythromycin,0,DTXSID4022991,1.2201879858970641,published_per_chemical
hill_per_endpoint,4,Ethoprop,0,DTXSID4032611,1.3131598949432373,published_per_chemical
hill_per_endpoint,4,Fenamiphos,0,DTXSID3024102,1.0567980408668518,published_per_chemical
hill_per_endpoint,4,Fluconazole,0,DTXSID3020627,1.1566935777664185,published_per_chemical
hill_per_endpoint,4,Flufenacet,0,DTXSID2032552,1.2116892695426942,published_per_chemical
hill_per_endpoint,4,Fluoxastrobin,0,DTXSID2034625,1.6147741079330444,published_per_chemical
hill_per_endpoint,4,Fluoxetine hydrochloride,0,DTXSID7020635,1.7708783626556397,published_per_chemical
hill_per_endpoint,4,Flusilazole,0,DTXSID3024235,1.390569281578064,published_per_chemical
hill_per_endpoint,4,Glyphosate,0,DTXSID1024122,1.4098200440406798,published_per_chemical
hill_per_endpoint,4,Hydroxyurea,0,DTXSID6025438,1.4302975416183472,published_per_chemical
hill_per_endpoint,4,Isoniazid,0,DTXSID8020755,1.060443389415741,published_per_chemical
hill_per_endpoint,4,L-Domoic acid,0,DTXSID20274180,1.7186761140823363,published_per_chemical
hill_per_endpoint,4,Lactofen,0,DTXSID7024160,0.8474692344665528,published_per_chemical
hill_per_endpoint,4,Lovastatin,0,DTXSID5020784,2.3742624044418337,published_per_chemical
hill_per_endpoint,4,Methadone hydrochloride,0,DTXSID2020501,1.5387853622436523,published_per_chemical
hill_per_endpoint,4,Methotrexate,0,DTXSID4020822,1.409038931131363,published_per_chemical
hill_per_endpoint,4,Naphthalene,0,DTXSID8020913,1.4518605947494507,published_per_chemical
hill_per_endpoint,4,Omethoate,0,DTXSID4037580,1.1041279196739198,published_per_chemical
hill_per_endpoint,4,Phenobarbital sodium,0,parent:DTXSID0021123,1.1289437890052796,published_per_chemical
hill_per_endpoint,4,Pirimiphos-methyl,0,DTXSID0024266,1.6702399969100952,published_per_chemical
hill_per_endpoint,4,Pyraclostrobin,0,DTXSID7032638,1.2615515470504761,published_per_chemical
hill_per_endpoint,4,Sodium benzoate,0,DTXSID1020140,0.9422504901885986,published_per_chemical
hill_per_endpoint,4,Spirodiclofen,0,DTXSID6034928,0.7137479662895203,published_per_chemical
hill_per_endpoint,4,Thiacloprid,0,DTXSID7034961,1.0398853778839112,published_per_chemical
hill_per_endpoint,4,Triclosan,0,DTXSID5032498,1.3631668567657471,published_per_chemical
hill_per_endpoint,4,Triethyltin bromide,0,DTXSID9040712,1.285234844684601,published_per_chemical
hill_per_endpoint,4,"p,p'-DDE",0,DTXSID9020374,1.6349274396896363,published_per_chemical
hill_per_endpoint,4,(Methylcyclopentadienyl)tricarbonylmanganese,1,DTXSID9027738,1.0425529718399047,published_per_chemical
hill_per_endpoint,4,"1,2-Propylene glycol",1,DTXSID0021206,1.5466517448425292,published_per_chemical
hill_per_endpoint,4,5-Chloro-2-methyl-3(2H)-isothiazolone,1,DTXSID9034286,1.5290911316871643,published_per_chemical
hill_per_endpoint,4,5-Fluorouracil,1,DTXSID2020634,1.9057904005050659,published_per_chemical
hill_per_endpoint,4,Acephate,1,DTXSID8023846,1.379355788230896,published_per_chemical
hill_per_endpoint,4,Acetaminophen,1,DTXSID2020006,0.6047366440296174,published_per_chemical
hill_per_endpoint,4,Aspirin,1,DTXSID5020108,0.6773266077041626,published_per_chemical
hill_per_endpoint,4,Auramine hydrochloride,1,DTXSID9020114,1.082229995727539,published_per_chemical
hill_per_endpoint,4,Benzo[k]fluoranthene,1,DTXSID0023909,0.9744374513626098,published_per_chemical
hill_per_endpoint,4,Berberine chloride,1,DTXSID8024602,1.1431822657585144,published_per_chemical
hill_per_endpoint,4,Bifenthrin,1,DTXSID9020160,1.3777499318122863,published_per_chemical
hill_per_endpoint,4,Bis(tributyltin)oxide,1,parent:DTXSID3027403,1.2498623371124267,published_per_chemical
hill_per_endpoint,4,Bisindolylmaleimide I,1,DTXSID50157932,1.0805575609207154,published_per_chemical
hill_per_endpoint,4,Bisphenol A,1,DTXSID7020182,1.104216456413269,published_per_chemical
hill_per_endpoint,4,Busulfan,1,DTXSID3020910,0.8174987196922302,published_per_chemical
hill_per_endpoint,4,Caffeine,1,DTXSID0020232,1.201591396331787,published_per_chemical
hill_per_endpoint,4,Chlordiazepoxide hydrochloride,1,DTXSID40880060,2.4230645656585694,published_per_chemical
hill_per_endpoint,4,Cyclophosphamide monohydrate,1,DTXSID6024888,1.3658158659934998,published_per_chemical
hill_per_endpoint,4,Cymoxanil,1,DTXSID6032358,0.6048590302467346,published_per_chemical
hill_per_endpoint,4,Diazepam,1,DTXSID4020406,1.377418041229248,published_per_chemical
hill_per_endpoint,4,Diazoxon,1,DTXSID5037523,1.3049027442932128,published_per_chemical
hill_per_endpoint,4,Diethylene glycol,1,DTXSID8020462,1.404778778553009,published_per_chemical
hill_per_endpoint,4,Diethylstilbestrol,1,DTXSID3020465,1.7610042333602904,published_per_chemical
hill_per_endpoint,4,Difpas-pyrazole,1,DTXSID6048175,1.6926302671432496,published_per_chemical
hill_per_endpoint,4,Dimethoate,1,DTXSID7020479,1.4246644496917724,published_per_chemical
hill_per_endpoint,4,Endosulfan,1,DTXSID1020560,2.2418691396713255,published_per_chemical
hill_per_endpoint,4,Endrin,1,DTXSID6020561,1.261185085773468,published_per_chemical
hill_per_endpoint,4,Fenitrothion,1,DTXSID4032613,0.907188880443573,published_per_chemical
hill_per_endpoint,4,Loperamide,1,DTXSID00880006,1.4211681723594665,published_per_chemical
hill_per_endpoint,4,Malaoxon,1,DTXSID9020790,1.006081795692444,published_per_chemical
hill_per_endpoint,4,Methoxychlor,1,DTXSID9020827,1.8443302631378173,published_per_chemical
hill_per_endpoint,4,Naled,1,DTXSID1024209,1.7934860467910767,published_per_chemical
hill_per_endpoint,4,Oxidopamine hydrochloride,1,DTXSID0045838,1.3552561759948731,published_per_chemical
hill_per_endpoint,4,Permethrin,1,DTXSID8022292,1.6475059509277343,published_per_chemical
hill_per_endpoint,4,PharmaGSID_47330,1,DTXSID9047330,1.3386374950408935,published_per_chemical
hill_per_endpoint,4,Phenanthrene,1,DTXSID6024254,0.5705572664737701,published_per_chemical
hill_per_endpoint,4,Pravastatin sodium,1,DTXSID6047525,1.350945782661438,published_per_chemical
hill_per_endpoint,4,S-Ethyl dipropylthiocarbamate,1,DTXSID1024091,0.7875066757202148,published_per_chemical
hill_per_endpoint,4,Sodium saccharin hydrate,1,DTXSID7021992,1.060532772541046,published_per_chemical
hill_per_endpoint,4,Sodium valproate,1,DTXSID5037072,0.8907127737998962,published_per_chemical
hill_per_endpoint,4,Terbufos,1,DTXSID2022254,1.6067983150482177,published_per_chemical
hill_per_endpoint,4,Thalidomide,1,DTXSID9022524,1.785884952545166,published_per_chemical
hill_per_endpoint,4,Tributyltin methacrylate,1,parent:DTXSID3027403,1.5970111966133118,published_per_chemical
hill_per_endpoint,4,Trimethyltin hydroxide,1,DTXSID9032240,2.4753679752349855,published_per_chemical
hill_per_endpoint,4,"Tris(1,3-dichloro-2-propyl) phosphate",1,DTXSID9026261,1.2090891599655151,published_per_chemical
hill_per_endpoint,4,Tris(2-chloroethyl) phosphate,1,DTXSID5021411,1.3623643875122071,published_per_chemical
hill_per_endpoint,4,Z-Tetrachlorvinphos,1,DTXSID1032648,1.5218325495719909,published_per_chemical
hill_per_endpoint,4,"p,p'-DDD",1,DTXSID4020373,1.7661943793296815,published_per_chemical
hill_per_endpoint,4,tert-Butylhydroquinone,1,DTXSID6020220,1.6390694856643677,published_per_chemical
hill_per_endpoint,4,2-(m-Chlorophenoxy)propionic acid,2,DTXSID9034232,1.2621012210845948,published_per_chemical
hill_per_endpoint,4,2-Ethylhexyl diphenyl phosphate,2,DTXSID1025300,1.5849799156188964,published_per_chemical
hill_per_endpoint,4,"3,3',5,5'-Tetrabromobisphenol A",2,DTXSID1026081,0.8620650053024292,published_per_chemical
hill_per_endpoint,4,Abamectin,2,DTXSID8023892,1.4102388381958009,published_per_chemical
hill_per_endpoint,4,Acenaphthylene,2,DTXSID3023845,0.7516073346138,published_per_chemical
hill_per_endpoint,4,Aldicarb,2,DTXSID0039223,1.1196056723594665,published_per_chemical
hill_per_endpoint,4,Amoxicillin,2,DTXSID3037044,1.2054491996765138,published_per_chemical
hill_per_endpoint,4,Azoxystrobin,2,DTXSID0032520,1.604198956489563,published_per_chemical
hill_per_endpoint,4,Benzo[a]pyrene,2,DTXSID2020139,1.132384192943573,published_per_chemical
hill_per_endpoint,4,Benzo[e]pyrene,2,DTXSID3023764,1.3138145685195923,published_per_chemical
hill_per_endpoint,4,Bis(2-ethylhexyl) tetrabromophthalate,2,DTXSID7027887,1.3546883583068847,published_per_chemical
hill_per_endpoint,4,Bisphenol AF,2,DTXSID7037717,1.0677571654319764,published_per_chemical
hill_per_endpoint,4,Bisphenol B,2,DTXSID4022442,1.1425023555755616,published_per_chemical
hill_per_endpoint,4,Cadmium(II) chloride hydrate (2:5),2,DTXSID4040183,1.4901327610015869,published_per_chemical
hill_per_endpoint,4,Captan,2,DTXSID9020243,0.8637077450752259,published_per_chemical
hill_per_endpoint,4,Carbamazepine,2,DTXSID4022731,1.0671787858009338,published_per_chemical
hill_per_endpoint,4,Carbaryl,2,DTXSID9020247,2.768419075012207,published_per_chemical
hill_per_endpoint,4,Cariporide mesylate,2,DTXSID3047344,1.2875896692276,published_per_chemical
hill_per_endpoint,4,Chloramben,2,DTXSID2020262,0.8844142079353332,published_per_chemical
hill_per_endpoint,4,Chlorpromazine hydrochloride,2,DTXSID7024827,1.2035992383956908,published_per_chemical
hill_per_endpoint,4,Clothianidin,2,DTXSID2034465,0.826821768283844,published_per_chemical
hill_per_endpoint,4,Dichlorvos,2,DTXSID5020449,1.2937724947929383,published_per_chemical
hill_per_endpoint,4,Eugenol,2,DTXSID9020617,1.0671645283699036,published_per_chemical
hill_per_endpoint,4,Fipronil,2,DTXSID4034609,1.2192444920539856,published_per_chemical
hill_per_endpoint,4,Fluorene,2,DTXSID8024105,0.7004456520080566,published_per_chemical
hill_per_endpoint,4,Glycerol,2,DTXSID9020663,0.766425371170044,published_per_chemical
hill_per_endpoint,4,L-Ascorbic acid,2,DTXSID5020106,0.9297869563102722,published_per_chemical
hill_per_endpoint,4,Lindane,2,DTXSID2020686,1.1987893104553222,published_per_chemical
hill_per_endpoint,4,Maneb,2,DTXSID9020794,1.1019383430480958,published_per_chemical
hill_per_endpoint,4,Manganese dichloride,2,parent:DTXSID5027279,1.083986520767212,published_per_chemical
hill_per_endpoint,4,Mercuric chloride,2,DTXSID5020811,1.841115140914917,published_per_chemical
hill_per_endpoint,4,Methamidophos,2,DTXSID6024177,0.7511305570602417,published_per_chemical
hill_per_endpoint,4,Methylmercuric(II) chloride,2,DTXSID5020813,1.4299842715263367,published_per_chemical
hill_per_endpoint,4,Mevastatin,2,DTXSID4040684,1.6533677101135253,published_per_chemical
hill_per_endpoint,4,Mirex,2,DTXSID7020895,2.086906671524048,published_per_chemical
hill_per_endpoint,4,"Octachloro-4,7-methanotetrahydroindane",2,DTXSID7020267,1.6899465203285218,published_per_chemical
hill_per_endpoint,4,Parathion,2,DTXSID7021100,0.9574297070503235,published_per_chemical
hill_per_endpoint,4,Prallethrin,2,DTXSID0032572,1.094722831249237,published_per_chemical
hill_per_endpoint,4,Reserpine,2,DTXSID7021237,2.040876603126526,published_per_chemical
hill_per_endpoint,4,Sodium arsenite,2,DTXSID5020104,2.253953719139099,published_per_chemical
hill_per_endpoint,4,Tebuconazole,2,DTXSID9032113,2.663851261138916,published_per_chemical
hill_per_endpoint,4,Terbutaline hemisulfate,2,DTXSID3045437,0.8443013548851013,published_per_chemical
hill_per_endpoint,4,Tetraethylthiuram disulfide,2,DTXSID1021322,1.0241913676261902,published_per_chemical
hill_per_endpoint,4,Tetramethrin,2,DTXSID6032649,0.9095157146453857,published_per_chemical
hill_per_endpoint,4,Tribufos,2,DTXSID1024174,1.6039966583251952,published_per_chemical
hill_per_endpoint,4,Trichlorfon,2,DTXSID0021389,1.4506435871124268,published_per_chemical
hill_per_endpoint,4,Trifloxystrobin,2,DTXSID4032580,0.9534055829048157,published_per_chemical
hill_per_endpoint,4,Tris(methylphenyl) phosphate,2,DTXSID4021391,1.1131676316261292,published_per_chemical
hill_per_endpoint,4,"o,p'-DDT",2,parent:DTXSID4020375,1.6768097162246705,published_per_chemical
hill_per_endpoint,4,1-Methyl-4-phenylpyridinium iodide,3,DTXSID40880040,1.2400561094284057,published_per_chemical
hill_per_endpoint,4,"2-Ethylhexyl 2,3,4,5-tetrabromobenzoate",3,DTXSID9052686,1.5021175742149353,published_per_chemical
hill_per_endpoint,4,3-Iodo-2-propynyl-N-butylcarbamate,3,DTXSID0028038,0.7028942108154297,published_per_chemical
hill_per_endpoint,4,"5,5-Diphenylhydantoin",3,DTXSID8020541,0.9581104516983032,published_per_chemical
hill_per_endpoint,4,6-Methyl-2-thiouracil,3,DTXSID2020890,1.2071017384529115,published_per_chemical
hill_per_endpoint,4,Acenaphthene,3,DTXSID3021774,0.8426197528839111,published_per_chemical
hill_per_endpoint,4,Allethrin,3,parent:DTXSID2039336,1.166439151763916,published_per_chemical
hill_per_endpoint,4,Anthracene,3,DTXSID0023878,1.0120868682861328,published_per_chemical
hill_per_endpoint,4,Benzo(b)fluoranthene,3,DTXSID0023907,1.0974924087524414,published_per_chemical
hill_per_endpoint,4,Carbofuran,3,DTXSID9020249,1.1404541254043579,published_per_chemical
hill_per_endpoint,4,Chlorendic acid,3,DTXSID2020268,0.9163975238800048,published_per_chemical
hill_per_endpoint,4,Clodinafop-propargyl,3,DTXSID6032354,0.9372633934020996,published_per_chemical
hill_per_endpoint,4,Cocaine,3,DTXSID2038443,0.7987727046012878,published_per_chemical
hill_per_endpoint,4,Colchicine,3,DTXSID5024845,0.23158715590834617,published_per_chemical
hill_per_endpoint,4,D-Mannitol,3,DTXSID1023235,1.105198872089386,published_per_chemical
hill_per_endpoint,4,DDT,3,parent:DTXSID4020375,1.8631098747253418,published_per_chemical
hill_per_endpoint,4,Deltamethrin,3,DTXSID8020381,1.6381964683532715,published_per_chemical
hill_per_endpoint,4,Dexamethasone,3,DTXSID3020384,1.100567603111267,published_per_chemical
hill_per_endpoint,4,"Dibenz[a,c]anthracene",3,DTXSID9049245,1.1284413576126098,published_per_chemical
hill_per_endpoint,4,Dicrotophos,3,DTXSID9023914,1.0176700592041015,published_per_chemical
hill_per_endpoint,4,Emamectin benzoate,3,DTXSID0034566,1.7750405311584472,published_per_chemical
hill_per_endpoint,4,Es-fenvalerate,3,DTXSID4032667,1.243616247177124,published_per_chemical
hill_per_endpoint,4,Esketamine hydrochloride,3,DTXSID601027734,1.2797475814819337,published_per_chemical
hill_per_endpoint,4,Etofenprox,3,DTXSID9032610,1.1147783041000365,published_per_chemical
hill_per_endpoint,4,Fenpropathrin,3,DTXSID0024002,1.6130734443664552,published_per_chemical
hill_per_endpoint,4,Firemaster 550,3,DTXSID70880073,1.399854850769043,published_per_chemical
hill_per_endpoint,4,Folic acid,3,DTXSID0022519,1.420735502243042,published_per_chemical
hill_per_endpoint,4,Haloperidol,3,DTXSID4034150,1.5177854776382447,published_per_chemical
hill_per_endpoint,4,Hexachlorophene,3,DTXSID6020690,1.6894173860549926,published_per_chemical
hill_per_endpoint,4,Lead(II) acetate trihydrate,3,DTXSID3031521,2.2442548751831053,published_per_chemical
hill_per_endpoint,4,Malathion,3,DTXSID4020791,1.2605057954788208,published_per_chemical
hill_per_endpoint,4,Mancozeb,3,DTXSID0034695,0.8506026029586792,published_per_chemical
hill_per_endpoint,4,Manganese(II) acetate,3,parent:DTXSID5027279,0.9383426427841186,published_per_chemical
hill_per_endpoint,4,Naloxone hydrochloride dihydrate,3,DTXSID90199452,1.0627990365028381,published_per_chemical
hill_per_endpoint,4,Phenol,3,DTXSID5021124,1.0625964641571044,published_per_chemical
hill_per_endpoint,4,Phorate,3,DTXSID4032459,1.9130349636077881,published_per_chemical
hill_per_endpoint,4,Piperonyl butoxide,3,DTXSID1021166,1.757417869567871,published_per_chemical
hill_per_endpoint,4,Profenofos,3,DTXSID3032464,1.4523908376693726,published_per_chemical
hill_per_endpoint,4,Pyrene,3,DTXSID3024289,0.7280116438865661,published_per_chemical
hill_per_endpoint,4,S-Bioallethrin,3,parent:DTXSID2039336,1.3492703080177306,published_per_chemical
hill_per_endpoint,4,Simvastatin,3,DTXSID0023581,2.2504175901412964,published_per_chemical
hill_per_endpoint,4,Sodium fluoride,3,DTXSID2020630,1.049266231060028,published_per_chemical
hill_per_endpoint,4,Spiroxamine,3,DTXSID1034212,1.9473629236221313,published_per_chemical
hill_per_endpoint,4,Tamoxifen,3,DTXSID1034187,1.2581997156143188,published_per_chemical
hill_per_endpoint,4,Tefluthrin,3,DTXSID5032577,1.2893471479415894,published_per_chemical
hill_per_endpoint,4,Tetracycline,3,DTXSID7023645,1.1040116190910338,published_per_chemical
hill_per_endpoint,4,Thiamethoxam,3,DTXSID2034962,1.201017713546753,published_per_chemical
hill_per_endpoint,4,Tributyltin chloride,3,parent:DTXSID3027403,1.1091452479362487,published_per_chemical
hill_per_endpoint,4,Triphenyl phosphates isopropylated,3,DTXSID4028880,1.8513532876968384,published_per_chemical
hill_per_endpoint,4,(-)-Nicotine,4,DTXSID1020930,1.189899468421936,published_per_chemical
hill_per_endpoint,4,17beta-Estradiol,4,DTXSID0020573,0.9070213198661804,published_per_chemical
hill_per_endpoint,4,"2,2-Bis(4-hydroxyphenyl)-1,1,1-trichloroethane",4,DTXSID8022325,1.3660000801086425,published_per_chemical
hill_per_endpoint,4,"4,4'-Sulfonyldiphenol",4,DTXSID3022409,1.238487148284912,published_per_chemical
hill_per_endpoint,4,6-aminopyridine-3-carboxamide,4,DTXSID5051446,1.4917173743247987,published_per_chemical
hill_per_endpoint,4,Acetamiprid,4,DTXSID0034300,1.6950589895248414,published_per_chemical
hill_per_endpoint,4,Atrazine,4,DTXSID9020112,0.8972397327423096,published_per_chemical
hill_per_endpoint,4,Bensulide,4,DTXSID9032329,1.738250184059143,published_per_chemical
hill_per_endpoint,4,CP-409092,4,DTXSID2047276,1.1895419120788575,published_per_chemical
hill_per_endpoint,4,Captopril,4,DTXSID1037197,1.383285129070282,published_per_chemical
hill_per_endpoint,4,Chlorethoxyfos,4,DTXSID2032344,1.380407190322876,published_per_chemical
hill_per_endpoint,4,Chlorpyrifos oxon,4,DTXSID1038666,1.3677402496337892,published_per_chemical
hill_per_endpoint,4,Chrysene,4,DTXSID0022432,0.795498251914978,published_per_chemical
hill_per_endpoint,4,Clove leaf oil,4,DTXSID8044175,1.131042468547821,published_per_chemical
hill_per_endpoint,4,Cotinine,4,DTXSID1047576,0.8358366847038269,published_per_chemical
hill_per_endpoint,4,Coumaphos,4,DTXSID2020347,1.7818711280822754,published_per_chemical
hill_per_endpoint,4,Cypermethrin,4,DTXSID1023998,1.5668664216995238,published_per_chemical
hill_per_endpoint,4,D-Glucitol,4,DTXSID5023588,0.9088229894638061,published_per_chemical
hill_per_endpoint,4,Dextroamphetamine sulfate,4,DTXSID2057865,0.9488593459129333,published_per_chemical
hill_per_endpoint,4,Di(2-ethylhexyl) phthalate,4,DTXSID5020607,1.75750789642334,published_per_chemical
hill_per_endpoint,4,Diazinon,4,DTXSID9020407,1.6475440740585328,published_per_chemical
hill_per_endpoint,4,Dieldrin,4,DTXSID9020453,2.956746768951416,published_per_chemical
hill_per_endpoint,4,Diphenhydramine hydrochloride,4,DTXSID4020537,1.0467991352081298,published_per_chemical
hill_per_endpoint,4,Fosthiazate,4,DTXSID0034930,1.0372602701187135,published_per_chemical
hill_per_endpoint,4,Heptachlor epoxide B,4,DTXSID1024126,2.0144261598587034,published_per_chemical
hill_per_endpoint,4,Imidacloprid,4,DTXSID5032442,1.1688554525375365,published_per_chemical
hill_per_endpoint,4,Isodecyl diphenyl phosphate,4,DTXSID3025465,0.8734880805015564,published_per_chemical
hill_per_endpoint,4,Kepone,4,DTXSID1020770,1.4433106660842896,published_per_chemical
hill_per_endpoint,4,Methimazole,4,DTXSID4020820,1.6039583086967468,published_per_chemical
hill_per_endpoint,4,Molinate,4,DTXSID6024206,1.0724888443946838,published_per_chemical
hill_per_endpoint,4,Octylbicycloheptenedicarboximide,4,DTXSID6032562,1.2159488439559936,published_per_chemical
hill_per_endpoint,4,Paraquat dichloride,4,DTXSID7024243,2.2928324818611143,published_per_chemical
hill_per_endpoint,4,Perfluoroundecanoic acid,4,DTXSID8047553,0.95462646484375,published_per_chemical
hill_per_endpoint,4,Phenobarbital,4,parent:DTXSID0021123,1.0314215779304505,published_per_chemical
hill_per_endpoint,4,Phenylmercuric acetate,4,DTXSID7021150,1.0178687691688537,published_per_chemical
hill_per_endpoint,4,Phosmet,4,DTXSID5024261,1.2064612627029419,published_per_chemical
hill_per_endpoint,4,Picoxystrobin,4,DTXSID9047542,1.1363160252571105,published_per_chemical
hill_per_endpoint,4,Resmethrin,4,DTXSID7022253,1.1221633911132813,published_per_chemical
hill_per_endpoint,4,Retinoic acid,4,DTXSID7021239,1.8961178302764892,published_per_chemical
hill_per_endpoint,4,Rotenone,4,DTXSID6021248,1.365006959438324,published_per_chemical
hill_per_endpoint,4,Sodium orthovanadate,4,DTXSID2037269,1.546359610557556,published_per_chemical
hill_per_endpoint,4,Tebupirimfos,4,DTXSID1032482,2.224571192264557,published_per_chemical
hill_per_endpoint,4,Triphenyl phosphate,4,DTXSID1021952,0.9238999366760254,published_per_chemical
hill_per_endpoint,4,Triphenyl phosphite,4,DTXSID0026252,1.0438259601593018,published_per_chemical
hill_per_endpoint,4,Tris(2-chloroisopropyl)phosphate,4,DTXSID5026259,0.9650047063827515,published_per_chemical
hill_per_endpoint,4,Valinomycin,4,DTXSID9041150,1.1016947746276855,published_per_chemical
hill_per_endpoint,4,tert-Butylphenyl diphenyl phosphate,4,DTXSID6024701,1.9196895837783814,published_per_chemical
loglinear_interp,1,1-Ethyl-3-methyl-1H-imidazol-3-ium diethyl phosphate,0,DTXSID9047889,1.1637822773657986,predictions
loglinear_interp,1,"1H,1H,2H,2H-Perfluorooctyl iodide",0,DTXSID2047565,0.8887639227875568,predictions
loglinear_interp,1,"2,2',4,4',5,5'-Hexabromodiphenyl ether",0,DTXSID4030047,1.6979468823239252,predictions
loglinear_interp,1,"2,2',4,4',5-Pentabromodiphenyl ether",0,DTXSID9030048,2.561927416892459,predictions
loglinear_interp,1,"2,2',4,4'-Tetrabromodiphenyl ether",0,DTXSID3030056,1.5670006687435734,predictions
loglinear_interp,1,2-Methoxyethanol,0,DTXSID5024182,1.0031450973523826,predictions
loglinear_interp,1,"3,3'-Iminobispropanenitrile",0,DTXSID2041464,0.9144029621292329,predictions
loglinear_interp,1,4H-Cyclopenta(def)phenanthrene,0,DTXSID1024887,0.9963370790642998,predictions
loglinear_interp,1,6-Propyl-2-thiouracil,0,DTXSID5021209,2.1949795038967714,predictions
loglinear_interp,1,Acrylamide,0,DTXSID5020027,1.1966794015038957,predictions
loglinear_interp,1,Aldrin,0,DTXSID8020040,3.0909792878476603,predictions
loglinear_interp,1,Benz(a)anthracene,0,DTXSID5023902,1.3617009156912787,predictions
loglinear_interp,1,"Benzo[g,h,i]perylene",0,DTXSID5023908,1.1912148202568207,predictions
loglinear_interp,1,Boric acid (H3BO3),0,DTXSID1020194,0.9593637516297914,predictions
loglinear_interp,1,Boscalid,0,DTXSID6034392,1.1748969781195098,predictions
loglinear_interp,1,CP-457920,0,DTXSID4047254,1.560868256715331,predictions
loglinear_interp,1,Chlorpyrifos,0,DTXSID4020458,2.7065989383060516,predictions
loglinear_interp,1,Cyfluthrin,0,DTXSID5035957,2.5476750716756804,predictions
loglinear_interp,1,Cytarabine,0,DTXSID3022877,3.255850947675036,predictions
loglinear_interp,1,"Dibenz[a,h]anthracene",0,DTXSID9020409,1.044010748344299,predictions
loglinear_interp,1,Disulfoton,0,DTXSID0022018,0.8566630415709726,predictions
loglinear_interp,1,Enadoline,0,DTXSID4047258,2.0489077593033658,predictions
loglinear_interp,1,Erythromycin,0,DTXSID4022991,1.424248945624191,predictions
loglinear_interp,1,Ethoprop,0,DTXSID4032611,1.9254923432002617,predictions
loglinear_interp,1,Fenamiphos,0,DTXSID3024102,1.2925335702439098,predictions
loglinear_interp,1,Fluconazole,0,DTXSID3020627,1.2838938793974772,predictions
loglinear_interp,1,Flufenacet,0,DTXSID2032552,1.051149966380463,predictions
loglinear_interp,1,Fluoxastrobin,0,DTXSID2034625,2.5699345780116793,predictions
loglinear_interp,1,Fluoxetine hydrochloride,0,DTXSID7020635,3.156568844080463,predictions
loglinear_interp,1,Flusilazole,0,DTXSID3024235,2.0180409833808968,predictions
loglinear_interp,1,Glyphosate,0,DTXSID1024122,1.296180600347307,predictions
loglinear_interp,1,Hydroxyurea,0,DTXSID6025438,1.605085081212661,predictions
loglinear_interp,1,Isoniazid,0,DTXSID8020755,1.5969563040589154,predictions
loglinear_interp,1,L-Domoic acid,0,DTXSID20274180,3.673414775971478,predictions
loglinear_interp,1,Lactofen,0,DTXSID7024160,1.2721870248553089,predictions
loglinear_interp,1,Lovastatin,0,DTXSID5020784,3.27366254046584,predictions
loglinear_interp,1,Methadone hydrochloride,0,DTXSID2020501,2.2623271988322955,predictions
loglinear_interp,1,Methotrexate,0,DTXSID4020822,1.6277202628637792,predictions
loglinear_interp,1,Naphthalene,0,DTXSID8020913,1.1921653828064216,predictions
loglinear_interp,1,Omethoate,0,DTXSID4037580,1.2686114172249272,predictions
loglinear_interp,1,Phenobarbital sodium,0,parent:DTXSID0021123,1.1406252586977983,predictions
loglinear_interp,1,Pirimiphos-methyl,0,DTXSID0024266,2.694298810171226,predictions
loglinear_interp,1,Pyraclostrobin,0,DTXSID7032638,3.2931681240892687,predictions
loglinear_interp,1,Sodium benzoate,0,DTXSID1020140,1.0860508080804565,predictions
loglinear_interp,1,Spirodiclofen,0,DTXSID6034928,0.7875129905772499,predictions
loglinear_interp,1,Thiacloprid,0,DTXSID7034961,1.259899940858866,predictions
loglinear_interp,1,Triclosan,0,DTXSID5032498,2.7808556021926165,predictions
loglinear_interp,1,Triethyltin bromide,0,DTXSID9040712,3.357589320894719,predictions
loglinear_interp,1,"p,p'-DDE",0,DTXSID9020374,2.24830722068295,predictions
loglinear_interp,1,(Methylcyclopentadienyl)tricarbonylmanganese,1,DTXSID9027738,1.455741479493663,predictions
loglinear_interp,1,"1,2-Propylene glycol",1,DTXSID0021206,1.7376449773592566,predictions
loglinear_interp,1,5-Chloro-2-methyl-3(2H)-isothiazolone,1,DTXSID9034286,2.4688586189806747,predictions
loglinear_interp,1,5-Fluorouracil,1,DTXSID2020634,3.6277148508934105,predictions
loglinear_interp,1,Acephate,1,DTXSID8023846,1.1258136785447281,predictions
loglinear_interp,1,Acetaminophen,1,DTXSID2020006,0.5815972474890455,predictions
loglinear_interp,1,Aspirin,1,DTXSID5020108,0.7855747031026998,predictions
loglinear_interp,1,Auramine hydrochloride,1,DTXSID9020114,2.6013745360634797,predictions
loglinear_interp,1,Benzo[k]fluoranthene,1,DTXSID0023909,1.2756508207609294,predictions
loglinear_interp,1,Berberine chloride,1,DTXSID8024602,2.7178133720495277,predictions
loglinear_interp,1,Bifenthrin,1,DTXSID9020160,2.7901065727960126,predictions
loglinear_interp,1,Bis(tributyltin)oxide,1,parent:DTXSID3027403,4.379134673854229,predictions
loglinear_interp,1,Bisindolylmaleimide I,1,DTXSID50157932,2.594849933494386,predictions
loglinear_interp,1,Bisphenol A,1,DTXSID7020182,1.7512569265934652,predictions
loglinear_interp,1,Busulfan,1,DTXSID3020910,0.876940180589289,predictions
loglinear_interp,1,Caffeine,1,DTXSID0020232,1.2402515115671355,predictions
loglinear_interp,1,Chlordiazepoxide hydrochloride,1,DTXSID40880060,2.95891535035312,predictions
loglinear_interp,1,Cyclophosphamide monohydrate,1,DTXSID6024888,1.4404520290826528,predictions
loglinear_interp,1,Cymoxanil,1,DTXSID6032358,0.7312710627020957,predictions
loglinear_interp,1,Diazepam,1,DTXSID4020406,1.7923695311492889,predictions
loglinear_interp,1,Diazoxon,1,DTXSID5037523,1.122871977645223,predictions
loglinear_interp,1,Diethylene glycol,1,DTXSID8020462,1.2688059261166873,predictions
loglinear_interp,1,Diethylstilbestrol,1,DTXSID3020465,2.0185021584056346,predictions
loglinear_interp,1,Difpas-pyrazole,1,DTXSID6048175,1.6719035139128056,predictions
loglinear_interp,1,Dimethoate,1,DTXSID7020479,1.7560228809249285,predictions
loglinear_interp,1,Endosulfan,1,DTXSID1020560,3.1902628939110516,predictions
loglinear_interp,1,Endrin,1,DTXSID6020561,1.729474054338415,predictions
loglinear_interp,1,Fenitrothion,1,DTXSID4032613,0.9759588801722024,predictions
loglinear_interp,1,Loperamide,1,DTXSID00880006,3.4581134500892916,predictions
loglinear_interp,1,Malaoxon,1,DTXSID9020790,1.1018507198789123,predictions
loglinear_interp,1,Methoxychlor,1,DTXSID9020827,2.378837136850217,predictions
loglinear_interp,1,Naled,1,DTXSID1024209,3.182659807584158,predictions
loglinear_interp,1,Oxidopamine hydrochloride,1,DTXSID0045838,2.3391240730351255,predictions
loglinear_interp,1,Permethrin,1,DTXSID8022292,1.994740559255537,predictions
loglinear_interp,1,PharmaGSID_47330,1,DTXSID9047330,1.8507436117183196,predictions
loglinear_interp,1,Phenanthrene,1,DTXSID6024254,0.6720741848475832,predictions
loglinear_interp,1,Pravastatin sodium,1,DTXSID6047525,3.3749900687747276,predictions
loglinear_interp,1,S-Ethyl dipropylthiocarbamate,1,DTXSID1024091,0.8764047466663687,predictions
loglinear_interp,1,Sodium saccharin hydrate,1,DTXSID7021992,1.3650338000588675,predictions
loglinear_interp,1,Sodium valproate,1,DTXSID5037072,1.4491060834231912,predictions
loglinear_interp,1,Terbufos,1,DTXSID2022254,2.3055057061683195,predictions
loglinear_interp,1,Thalidomide,1,DTXSID9022524,1.555016549124322,predictions
loglinear_interp,1,Tributyltin methacrylate,1,parent:DTXSID3027403,2.2779762221880437,predictions
loglinear_interp,1,Trimethyltin hydroxide,1,DTXSID9032240,3.5941938018437853,predictions
loglinear_interp,1,"Tris(1,3-dichloro-2-propyl) phosphate",1,DTXSID9026261,1.5550705387028771,predictions
loglinear_interp,1,Tris(2-chloroethyl) phosphate,1,DTXSID5021411,1.483699454443858,predictions
loglinear_interp,1,Z-Tetrachlorvinphos,1,DTXSID1032648,1.5517344061493243,predictions
loglinear_interp,1,"p,p'-DDD",1,DTXSID4020373,2.379051179521665,predictions
loglinear_interp,1,tert-Butylhydroquinone,1,DTXSID6020220,2.090957348844031,predictions
loglinear_interp,1,2-(m-Chlorophenoxy)propionic acid,2,DTXSID9034232,1.4281122381534765,predictions
loglinear_interp,1,2-Ethylhexyl diphenyl phosphate,2,DTXSID1025300,1.65078583424358,predictions
loglinear_interp,1,"3,3',5,5'-Tetrabromobisphenol A",2,DTXSID1026081,0.9958428896519479,predictions
loglinear_interp,1,Abamectin,2,DTXSID8023892,3.093896060514743,predictions
loglinear_interp,1,Acenaphthylene,2,DTXSID3023845,0.7104393644059789,predictions
loglinear_interp,1,Aldicarb,2,DTXSID0039223,1.4660195689453221,predictions
loglinear_interp,1,Amoxicillin,2,DTXSID3037044,1.1760491079115134,predictions
loglinear_interp,1,Azoxystrobin,2,DTXSID0032520,3.1669153324156234,predictions
loglinear_interp,1,Benzo[a]pyrene,2,DTXSID2020139,1.295463453512443,predictions
loglinear_interp,1,Benzo[e]pyrene,2,DTXSID3023764,1.5173251391260891,predictions
loglinear_interp,1,Bis(2-ethylhexyl) tetrabromophthalate,2,DTXSID7027887,1.7809048535350727,predictions
loglinear_interp,1,Bisphenol AF,2,DTXSID7037717,1.2272047494289586,predictions
loglinear_interp,1,Bisphenol B,2,DTXSID4022442,1.7610916125536782,predictions
loglinear_interp,1,Cadmium(II) chloride hydrate (2:5),2,DTXSID4040183,3.2714011645486862,predictions
loglinear_interp,1,Captan,2,DTXSID9020243,2.0100476085241903,predictions
loglinear_interp,1,Carbamazepine,2,DTXSID4022731,1.0802495525434348,predictions
loglinear_interp,1,Carbaryl,2,DTXSID9020247,3.297995842370129,predictions
loglinear_interp,1,Cariporide mesylate,2,DTXSID3047344,1.4769025350019702,predictions
loglinear_interp,1,Chloramben,2,DTXSID2020262,1.2069415154165823,predictions
loglinear_interp,1,Chlorpromazine hydrochloride,2,DTXSID7024827,2.7038042228920416,predictions
loglinear_interp,1,Clothianidin,2,DTXSID2034465,0.8868634870095997,predictions
loglinear_interp,1,Dichlorvos,2,DTXSID5020449,1.2437468595499723,predictions
loglinear_interp,1,Eugenol,2,DTXSID9020617,1.4400449008275003,predictions
loglinear_interp,1,Fipronil,2,DTXSID4034609,1.6440597181370538,predictions
loglinear_interp,1,Fluorene,2,DTXSID8024105,0.7379864277192574,predictions
loglinear_interp,1,Glycerol,2,DTXSID9020663,0.846747556290425,predictions
loglinear_interp,1,L-Ascorbic acid,2,DTXSID5020106,1.0401400504709541,predictions
loglinear_interp,1,Lindane,2,DTXSID2020686,2.191460235392693,predictions
loglinear_interp,1,Maneb,2,DTXSID9020794,1.1871401450982482,predictions
loglinear_interp,1,Manganese dichloride,2,parent:DTXSID5027279,1.2484745795418526,predictions
loglinear_interp,1,Mercuric chloride,2,DTXSID5020811,2.6711651077348924,predictions
loglinear_interp,1,Methamidophos,2,DTXSID6024177,0.8276918774640745,predictions
loglinear_interp,1,Methylmercuric(II) chloride,2,DTXSID5020813,3.677996094144484,predictions
loglinear_interp,1,Mevastatin,2,DTXSID4040684,3.302105011565312,predictions
loglinear_interp,1,Mirex,2,DTXSID7020895,3.5944889251194896,predictions
loglinear_interp,1,"Octachloro-4,7-methanotetrahydroindane",2,DTXSID7020267,2.4214141595872234,predictions
loglinear_interp,1,Parathion,2,DTXSID7021100,1.0491690847701645,predictions
loglinear_interp,1,Prallethrin,2,DTXSID0032572,2.0007111933357438,predictions
loglinear_interp,1,Reserpine,2,DTXSID7021237,3.030871761195204,predictions
loglinear_interp,1,Sodium arsenite,2,DTXSID5020104,4.221522306493879,predictions
loglinear_interp,1,Tebuconazole,2,DTXSID9032113,3.093522513195833,predictions
loglinear_interp,1,Terbutaline hemisulfate,2,DTXSID3045437,0.9446389605779849,predictions
loglinear_interp,1,Tetraethylthiuram disulfide,2,DTXSID1021322,2.4503059400417886,predictions
loglinear_interp,1,Tetramethrin,2,DTXSID6032649,1.0480760375696687,predictions
loglinear_interp,1,Tribufos,2,DTXSID1024174,3.000292853391401,predictions
loglinear_interp,1,Trichlorfon,2,DTXSID0021389,2.9798140358267338,predictions
loglinear_interp,1,Trifloxystrobin,2,DTXSID4032580,3.3150301110331846,predictions
loglinear_interp,1,Tris(methylphenyl) phosphate,2,DTXSID4021391,1.3282970768690086,predictions
loglinear_interp,1,"o,p'-DDT",2,parent:DTXSID4020375,2.8721894697134926,predictions
loglinear_interp,1,1-Methyl-4-phenylpyridinium iodide,3,DTXSID40880040,1.6598962683777594,predictions
loglinear_interp,1,"2-Ethylhexyl 2,3,4,5-tetrabromobenzoate",3,DTXSID9052686,2.328960897018039,predictions
loglinear_interp,1,3-Iodo-2-propynyl-N-butylcarbamate,3,DTXSID0028038,2.2413858842843446,predictions
loglinear_interp,1,"5,5-Diphenylhydantoin",3,DTXSID8020541,1.3078863038361044,predictions
loglinear_interp,1,6-Methyl-2-thiouracil,3,DTXSID2020890,1.4312895664453713,predictions
loglinear_interp,1,Acenaphthene,3,DTXSID3021774,1.105455017361023,predictions
loglinear_interp,1,Allethrin,3,parent:DTXSID2039336,1.898008441774688,predictions
loglinear_interp,1,Anthracene,3,DTXSID0023878,1.0168573068920521,predictions
loglinear_interp,1,Benzo(b)fluoranthene,3,DTXSID0023907,1.715657392049329,predictions
loglinear_interp,1,Carbofuran,3,DTXSID9020249,1.3183315655010566,predictions
loglinear_interp,1,Chlorendic acid,3,DTXSID2020268,1.0622454541464939,predictions
loglinear_interp,1,Clodinafop-propargyl,3,DTXSID6032354,0.8844678407487365,predictions
loglinear_interp,1,Cocaine,3,DTXSID2038443,0.9673052182434784,predictions
loglinear_interp,1,Colchicine,3,DTXSID5024845,0.6220627097509526,predictions
loglinear_interp,1,D-Mannitol,3,DTXSID1023235,1.171368514341561,predictions
loglinear_interp,1,DDT,3,parent:DTXSID4020375,2.634887792854515,predictions
loglinear_interp,1,Deltamethrin,3,DTXSID8020381,3.156977418205822,predictions
loglinear_interp,1,Dexamethasone,3,DTXSID3020384,1.2111754746933343,predictions
loglinear_interp,1,"Dibenz[a,c]anthracene",3,DTXSID9049245,1.417314180878304,predictions
loglinear_interp,1,Dicrotophos,3,DTXSID9023914,1.0594069738713707,predictions
loglinear_interp,1,Emamectin benzoate,3,DTXSID0034566,3.069520023371016,predictions
loglinear_interp,1,Es-fenvalerate,3,DTXSID4032667,2.553682254608391,predictions
loglinear_interp,1,Esketamine hydrochloride,3,DTXSID601027734,1.5268091274414823,predictions
loglinear_interp,1,Etofenprox,3,DTXSID9032610,1.6283033232817252,predictions
loglinear_interp,1,Fenpropathrin,3,DTXSID0024002,2.2024073680525094,predictions
loglinear_interp,1,Firemaster 550,3,DTXSID70880073,1.8906346876092883,predictions
loglinear_interp,1,Folic acid,3,DTXSID0022519,1.404977477072208,predictions
loglinear_interp,1,Haloperidol,3,DTXSID4034150,2.9743478474432683,predictions
loglinear_interp,1,Hexachlorophene,3,DTXSID6020690,3.2917554571529424,predictions
loglinear_interp,1,Lead(II) acetate trihydrate,3,DTXSID3031521,2.7275002100040155,predictions
loglinear_interp,1,Malathion,3,DTXSID4020791,2.454645995671292,predictions
loglinear_interp,1,Mancozeb,3,DTXSID0034695,0.985303417482314,predictions
loglinear_interp,1,Manganese(II) acetate,3,parent:DTXSID5027279,1.0947425864960274,predictions
loglinear_interp,1,Naloxone hydrochloride dihydrate,3,DTXSID90199452,1.1233140116018896,predictions
loglinear_interp,1,Phenol,3,DTXSID5021124,1.313361673008496,predictions
loglinear_interp,1,Phorate,3,DTXSID4032459,2.500939577356804,predictions
loglinear_interp,1,Piperonyl butoxide,3,DTXSID1021166,1.9356918113904222,predictions
loglinear_interp,1,Profenofos,3,DTXSID3032464,1.4172771018380133,predictions
loglinear_interp,1,Pyrene,3,DTXSID3024289,0.803277003548315,predictions
loglinear_interp,1,S-Bioallethrin,3,parent:DTXSID2039336,1.7958233865076614,predictions
loglinear_interp,1,Simvastatin,3,DTXSID0023581,3.4030275114305724,predictions
loglinear_interp,1,Sodium fluoride,3,DTXSID2020630,1.13723594418421,predictions
loglinear_interp,1,Spiroxamine,3,DTXSID1034212,3.391642421742964,predictions
loglinear_interp,1,Tamoxifen,3,DTXSID1034187,2.206951886455626,predictions
loglinear_interp,1,Tefluthrin,3,DTXSID5032577,2.513728649094065,predictions
loglinear_interp,1,Tetracycline,3,DTXSID7023645,0.9581665905188326,predictions
loglinear_interp,1,Thiamethoxam,3,DTXSID2034962,0.9062668331705339,predictions
loglinear_interp,1,Tributyltin chloride,3,parent:DTXSID3027403,2.338943039695367,predictions
loglinear_interp,1,Triphenyl phosphates isopropylated,3,DTXSID4028880,1.929874165959728,predictions
loglinear_interp,1,(-)-Nicotine,4,DTXSID1020930,1.5704649936454669,predictions
loglinear_interp,1,17beta-Estradiol,4,DTXSID0020573,1.2634933815883567,predictions
loglinear_interp,1,"2,2-Bis(4-hydroxyphenyl)-1,1,1-trichloroethane",4,DTXSID8022325,1.798874324632165,predictions
loglinear_interp,1,"4,4'-Sulfonyldiphenol",4,DTXSID3022409,1.2212380918128924,predictions
loglinear_interp,1,6-aminopyridine-3-carboxamide,4,DTXSID5051446,3.7549186200330595,predictions
loglinear_interp,1,Acetamiprid,4,DTXSID0034300,1.7933519307421246,predictions
loglinear_interp,1,Atrazine,4,DTXSID9020112,1.1017034505759278,predictions
loglinear_interp,1,Bensulide,4,DTXSID9032329,2.8147079320413826,predictions
loglinear_interp,1,CP-409092,4,DTXSID2047276,1.4947184997552454,predictions
loglinear_interp,1,Captopril,4,DTXSID1037197,1.4821463966256416,predictions
loglinear_interp,1,Chlorethoxyfos,4,DTXSID2032344,2.9330754385183284,predictions
loglinear_interp,1,Chlorpyrifos oxon,4,DTXSID1038666,1.4866921268985642,predictions
loglinear_interp,1,Chrysene,4,DTXSID0022432,0.8149806509511028,predictions
loglinear_interp,1,Clove leaf oil,4,DTXSID8044175,1.8224286104364587,predictions
loglinear_interp,1,Cotinine,4,DTXSID1047576,0.8628623612507426,predictions
loglinear_interp,1,Coumaphos,4,DTXSID2020347,2.584143300235068,predictions
loglinear_interp,1,Cypermethrin,4,DTXSID1023998,2.477657992558508,predictions
loglinear_interp,1,D-Glucitol,4,DTXSID5023588,1.0968233805221506,predictions
loglinear_interp,1,Dextroamphetamine sulfate,4,DTXSID2057865,1.0560197001496587,predictions
loglinear_interp,1,Di(2-ethylhexyl) phthalate,4,DTXSID5020607,2.4767845499421117,predictions
loglinear_interp,1,Diazinon,4,DTXSID9020407,1.9311494374458449,predictions
loglinear_interp,1,Dieldrin,4,DTXSID9020453,3.558553279775218,predictions
loglinear_interp,1,Diphenhydramine hydrochloride,4,DTXSID4020537,2.2923356977725122,predictions
loglinear_interp,1,Fosthiazate,4,DTXSID0034930,1.1303059150665438,predictions
loglinear_interp,1,Heptachlor epoxide B,4,DTXSID1024126,2.4562421629361024,predictions
loglinear_interp,1,Imidacloprid,4,DTXSID5032442,1.291772338180054,predictions
loglinear_interp,1,Isodecyl diphenyl phosphate,4,DTXSID3025465,1.0429012349187385,predictions
loglinear_interp,1,Kepone,4,DTXSID1020770,2.2333269740382673,predictions
loglinear_interp,1,Methimazole,4,DTXSID4020820,1.3560743177732857,predictions
loglinear_interp,1,Molinate,4,DTXSID6024206,1.4832812828695352,predictions
loglinear_interp,1,Octylbicycloheptenedicarboximide,4,DTXSID6032562,1.5753375369770537,predictions
loglinear_interp,1,Paraquat dichloride,4,DTXSID7024243,4.125989685333679,predictions
loglinear_interp,1,Perfluoroundecanoic acid,4,DTXSID8047553,1.0872204927173474,predictions
loglinear_interp,1,Phenobarbital,4,parent:DTXSID0021123,1.039635693688132,predictions
loglinear_interp,1,Phenylmercuric acetate,4,DTXSID7021150,1.8757996530808732,predictions
loglinear_interp,1,Phosmet,4,DTXSID5024261,2.5725439912433496,predictions
loglinear_interp,1,Picoxystrobin,4,DTXSID9047542,2.8604849901342777,predictions
loglinear_interp,1,Resmethrin,4,DTXSID7022253,1.2948013825887734,predictions
loglinear_interp,1,Retinoic acid,4,DTXSID7021239,2.0431287390554056,predictions
loglinear_interp,1,Rotenone,4,DTXSID6021248,2.398609891836501,predictions
loglinear_interp,1,Sodium orthovanadate,4,DTXSID2037269,1.9301936425225796,predictions
loglinear_interp,1,Tebupirimfos,4,DTXSID1032482,2.1626094622255017,predictions
loglinear_interp,1,Triphenyl phosphate,4,DTXSID1021952,1.2894147292776454,predictions
loglinear_interp,1,Triphenyl phosphite,4,DTXSID0026252,1.0128738131944925,predictions
loglinear_interp,1,Tris(2-chloroisopropyl)phosphate,4,DTXSID5026259,1.08714208531184,predictions
loglinear_interp,1,Valinomycin,4,DTXSID9041150,2.2439587660629488,predictions
loglinear_interp,1,tert-Butylphenyl diphenyl phosphate,4,DTXSID6024701,2.1112380298855338,predictions
loglinear_interp,2,1-Ethyl-3-methyl-1H-imidazol-3-ium diethyl phosphate,0,DTXSID9047889,1.0049242308515942,predictions
loglinear_interp,2,"1H,1H,2H,2H-Perfluorooctyl iodide",0,DTXSID2047565,0.7814040380914962,predictions
loglinear_interp,2,"2,2',4,4',5,5'-Hexabromodiphenyl ether",0,DTXSID4030047,1.4775148749359115,predictions
loglinear_interp,2,"2,2',4,4',5-Pentabromodiphenyl ether",0,DTXSID9030048,1.9155672594441515,predictions
loglinear_interp,2,"2,2',4,4'-Tetrabromodiphenyl ether",0,DTXSID3030056,1.5058688825907391,predictions
loglinear_interp,2,2-Methoxyethanol,0,DTXSID5024182,0.9317330402154441,predictions
loglinear_interp,2,"3,3'-Iminobispropanenitrile",0,DTXSID2041464,0.8606304097155395,predictions
loglinear_interp,2,4H-Cyclopenta(def)phenanthrene,0,DTXSID1024887,0.8567799515294998,predictions
loglinear_interp,2,6-Propyl-2-thiouracil,0,DTXSID5021209,1.7449790029359318,predictions
loglinear_interp,2,Acrylamide,0,DTXSID5020027,1.0079052107742368,predictions
loglinear_interp,2,Aldrin,0,DTXSID8020040,2.1448715907404834,predictions
loglinear_interp,2,Benz(a)anthracene,0,DTXSID5023902,1.1965949534825102,predictions
loglinear_interp,2,"Benzo[g,h,i]perylene",0,DTXSID5023908,1.0817824455728084,predictions
loglinear_interp,2,Boric acid (H3BO3),0,DTXSID1020194,0.9429225835294759,predictions
loglinear_interp,2,Boscalid,0,DTXSID6034392,0.8512156487759542,predictions
loglinear_interp,2,CP-457920,0,DTXSID4047254,1.3438999235566347,predictions
loglinear_interp,2,Chlorpyrifos,0,DTXSID4020458,1.8860726304481628,predictions
loglinear_interp,2,Cyfluthrin,0,DTXSID5035957,1.9730267904634302,predictions
loglinear_interp,2,Cytarabine,0,DTXSID3022877,2.675913986247791,predictions
loglinear_interp,2,"Dibenz[a,h]anthracene",0,DTXSID9020409,0.8905091207783163,predictions
loglinear_interp,2,Disulfoton,0,DTXSID0022018,0.7689395283260176,predictions
loglinear_interp,2,Enadoline,0,DTXSID4047258,1.6548480668572179,predictions
loglinear_interp,2,Erythromycin,0,DTXSID4022991,1.1978778121931444,predictions
loglinear_interp,2,Ethoprop,0,DTXSID4032611,1.7858794133467282,predictions
loglinear_interp,2,Fenamiphos,0,DTXSID3024102,1.125312927352999,predictions
loglinear_interp,2,Fluconazole,0,DTXSID3020627,1.1322633546231544,predictions
loglinear_interp,2,Flufenacet,0,DTXSID2032552,0.9830279509110295,predictions
loglinear_interp,2,Fluoxastrobin,0,DTXSID2034625,2.2157645450775503,predictions
loglinear_interp,2,Fluoxetine hydrochloride,0,DTXSID7020635,2.1718182010627802,predictions
loglinear_interp,2,Flusilazole,0,DTXSID3024235,1.873137710494298,predictions
loglinear_interp,2,Glyphosate,0,DTXSID1024122,1.2935672304821244,predictions
loglinear_interp,2,Hydroxyurea,0,DTXSID6025438,1.413319731980754,predictions
loglinear_interp,2,Isoniazid,0,DTXSID8020755,1.2596020056668018,predictions
loglinear_interp,2,L-Domoic acid,0,DTXSID20274180,2.304564544907136,predictions
loglinear_interp,2,Lactofen,0,DTXSID7024160,0.9829622041822382,predictions
loglinear_interp,2,Lovastatin,0,DTXSID5020784,2.875789699486492,predictions
loglinear_interp,2,Methadone hydrochloride,0,DTXSID2020501,1.6612741856180473,predictions
loglinear_interp,2,Methotrexate,0,DTXSID4020822,1.3956047876915894,predictions
loglinear_interp,2,Naphthalene,0,DTXSID8020913,1.1551353781872644,predictions
loglinear_interp,2,Omethoate,0,DTXSID4037580,1.1471585556251083,predictions
loglinear_interp,2,Phenobarbital sodium,0,parent:DTXSID0021123,1.1187356297434885,predictions
loglinear_interp,2,Pirimiphos-methyl,0,DTXSID0024266,2.06298986870488,predictions
loglinear_interp,2,Pyraclostrobin,0,DTXSID7032638,2.7038822658193284,predictions
loglinear_interp,2,Sodium benzoate,0,DTXSID1020140,1.0264356119122608,predictions
loglinear_interp,2,Spirodiclofen,0,DTXSID6034928,0.706096800857728,predictions
loglinear_interp,2,Thiacloprid,0,DTXSID7034961,1.135376415503662,predictions
loglinear_interp,2,Triclosan,0,DTXSID5032498,2.015068337893916,predictions
loglinear_interp,2,Triethyltin bromide,0,DTXSID9040712,2.1734497442891696,predictions
loglinear_interp,2,"p,p'-DDE",0,DTXSID9020374,1.6104934256469563,predictions
loglinear_interp,2,(Methylcyclopentadienyl)tricarbonylmanganese,1,DTXSID9027738,1.3127541865783514,predictions
loglinear_interp,2,"1,2-Propylene glycol",1,DTXSID0021206,1.670770679091973,predictions
loglinear_interp,2,5-Chloro-2-methyl-3(2H)-isothiazolone,1,DTXSID9034286,2.0966004718658544,predictions
loglinear_interp,2,5-Fluorouracil,1,DTXSID2020634,2.9342636898771857,predictions
loglinear_interp,2,Acephate,1,DTXSID8023846,1.0626292806384383,predictions
loglinear_interp,2,Acetaminophen,1,DTXSID2020006,0.45369667945417697,predictions
loglinear_interp,2,Aspirin,1,DTXSID5020108,0.7804056987342322,predictions
loglinear_interp,2,Auramine hydrochloride,1,DTXSID9020114,2.329713950137155,predictions
loglinear_interp,2,Benzo[k]fluoranthene,1,DTXSID0023909,1.0286388097084322,predictions
loglinear_interp,2,Berberine chloride,1,DTXSID8024602,1.9878235951021335,predictions
loglinear_interp,2,Bifenthrin,1,DTXSID9020160,2.1682675173833497,predictions
loglinear_interp,2,Bis(tributyltin)oxide,1,parent:DTXSID3027403,3.102206582951387,predictions
loglinear_interp,2,Bisindolylmaleimide I,1,DTXSID50157932,1.9589923671255824,predictions
loglinear_interp,2,Bisphenol A,1,DTXSID7020182,1.183537103223567,predictions
loglinear_interp,2,Busulfan,1,DTXSID3020910,0.8156007337603223,predictions
loglinear_interp,2,Caffeine,1,DTXSID0020232,1.2122171875023091,predictions
loglinear_interp,2,Chlordiazepoxide hydrochloride,1,DTXSID40880060,2.2325786264886336,predictions
loglinear_interp,2,Cyclophosphamide monohydrate,1,DTXSID6024888,1.2704251017102723,predictions
loglinear_interp,2,Cymoxanil,1,DTXSID6032358,0.6112895550684291,predictions
loglinear_interp,2,Diazepam,1,DTXSID4020406,1.574954484382196,predictions
loglinear_interp,2,Diazoxon,1,DTXSID5037523,0.9633203231338967,predictions
loglinear_interp,2,Diethylene glycol,1,DTXSID8020462,1.1597785635749642,predictions
loglinear_interp,2,Diethylstilbestrol,1,DTXSID3020465,1.4856437464055912,predictions
loglinear_interp,2,Difpas-pyrazole,1,DTXSID6048175,1.6389532490507641,predictions
loglinear_interp,2,Dimethoate,1,DTXSID7020479,1.5498311083239078,predictions
loglinear_interp,2,Endosulfan,1,DTXSID1020560,2.660710199595953,predictions
loglinear_interp,2,Endrin,1,DTXSID6020561,1.6169379996349442,predictions
loglinear_interp,2,Fenitrothion,1,DTXSID4032613,0.8348475198437605,predictions
loglinear_interp,2,Loperamide,1,DTXSID00880006,3.2460628657656287,predictions
loglinear_interp,2,Malaoxon,1,DTXSID9020790,0.9906587705602652,predictions
loglinear_interp,2,Methoxychlor,1,DTXSID9020827,1.7008781647657063,predictions
loglinear_interp,2,Naled,1,DTXSID1024209,2.176636805061888,predictions
loglinear_interp,2,Oxidopamine hydrochloride,1,DTXSID0045838,1.9730754300384685,predictions
loglinear_interp,2,Permethrin,1,DTXSID8022292,2.1833781860192216,predictions
loglinear_interp,2,PharmaGSID_47330,1,DTXSID9047330,1.71425177130977,predictions
loglinear_interp,2,Phenanthrene,1,DTXSID6024254,0.6093498111501022,predictions
loglinear_interp,2,Pravastatin sodium,1,DTXSID6047525,2.525124486961624,predictions
loglinear_interp,2,S-Ethyl dipropylthiocarbamate,1,DTXSID1024091,0.8084141907375907,predictions
loglinear_interp,2,Sodium saccharin hydrate,1,DTXSID7021992,1.1357188474597035,predictions
loglinear_interp,2,Sodium valproate,1,DTXSID5037072,1.188002454344053,predictions
loglinear_interp,2,Terbufos,1,DTXSID2022254,1.9795202706900263,predictions
loglinear_interp,2,Thalidomide,1,DTXSID9022524,1.4703498589037156,predictions
loglinear_interp,2,Tributyltin methacrylate,1,parent:DTXSID3027403,1.6828597217681562,predictions
loglinear_interp,2,Trimethyltin hydroxide,1,DTXSID9032240,3.3268394548013758,predictions
loglinear_interp,2,"Tris(1,3-dichloro-2-propyl) phosphate",1,DTXSID9026261,1.255736642461818,predictions
loglinear_interp,2,Tris(2-chloroethyl) phosphate,1,DTXSID5021411,1.3586795373670484,predictions
loglinear_interp,2,Z-Tetrachlorvinphos,1,DTXSID1032648,1.6632065435058312,predictions
loglinear_interp,2,"p,p'-DDD",1,DTXSID4020373,1.6549112581064414,predictions
loglinear_interp,2,tert-Butylhydroquinone,1,DTXSID6020220,1.569773151318318,predictions
loglinear_interp,2,2-(m-Chlorophenoxy)propionic acid,2,DTXSID9034232,1.3953146345185687,predictions
loglinear_interp,2,2-Ethylhexyl diphenyl phosphate,2,DTXSID1025300,1.2520533969576877,predictions
loglinear_interp,2,"3,3',5,5'-Tetrabromobisphenol A",2,DTXSID1026081,0.9245262631115603,predictions
loglinear_interp,2,Abamectin,2,DTXSID8023892,1.648346522490953,predictions
loglinear_interp,2,Acenaphthylene,2,DTXSID3023845,0.7199608404440496,predictions
loglinear_interp,2,Aldicarb,2,DTXSID0039223,1.014254539673737,predictions
loglinear_interp,2,Amoxicillin,2,DTXSID3037044,1.2462304203966414,predictions
loglinear_interp,2,Azoxystrobin,2,DTXSID0032520,1.9424221535120036,predictions
loglinear_interp,2,Benzo[a]pyrene,2,DTXSID2020139,1.13459814206051,predictions
loglinear_interp,2,Benzo[e]pyrene,2,DTXSID3023764,1.3747422729622445,predictions
loglinear_interp,2,Bis(2-ethylhexyl) tetrabromophthalate,2,DTXSID7027887,1.6931049611581046,predictions
loglinear_interp,2,Bisphenol AF,2,DTXSID7037717,1.1752635341860602,predictions
loglinear_interp,2,Bisphenol B,2,DTXSID4022442,1.6460010421015485,predictions
loglinear_interp,2,Cadmium(II) chloride hydrate (2:5),2,DTXSID4040183,3.40099050990034,predictions
loglinear_interp,2,Captan,2,DTXSID9020243,1.3012075856719099,predictions
loglinear_interp,2,Carbamazepine,2,DTXSID4022731,1.0169099242885933,predictions
loglinear_interp,2,Carbaryl,2,DTXSID9020247,3.0720170893456364,predictions
loglinear_interp,2,Cariporide mesylate,2,DTXSID3047344,1.2745308494617935,predictions
loglinear_interp,2,Chloramben,2,DTXSID2020262,1.0004874827319434,predictions
loglinear_interp,2,Chlorpromazine hydrochloride,2,DTXSID7024827,2.1411943611901543,predictions
loglinear_interp,2,Clothianidin,2,DTXSID2034465,0.7926955271372457,predictions
loglinear_interp,2,Dichlorvos,2,DTXSID5020449,1.1854963053189207,predictions
loglinear_interp,2,Eugenol,2,DTXSID9020617,1.2989521482932032,predictions
loglinear_interp,2,Fipronil,2,DTXSID4034609,1.1537750845675632,predictions
loglinear_interp,2,Fluorene,2,DTXSID8024105,0.6411446889092366,predictions
loglinear_interp,2,Glycerol,2,DTXSID9020663,0.8017564487075844,predictions
loglinear_interp,2,L-Ascorbic acid,2,DTXSID5020106,1.0685284173721046,predictions
loglinear_interp,2,Lindane,2,DTXSID2020686,1.5920176599089824,predictions
loglinear_interp,2,Maneb,2,DTXSID9020794,1.0751809945569648,predictions
loglinear_interp,2,Manganese dichloride,2,parent:DTXSID5027279,0.9865459145901395,predictions
loglinear_interp,2,Mercuric chloride,2,DTXSID5020811,2.3529402739818295,predictions
loglinear_interp,2,Methamidophos,2,DTXSID6024177,0.7583574196602807,predictions
loglinear_interp,2,Methylmercuric(II) chloride,2,DTXSID5020813,2.589300648403127,predictions
loglinear_interp,2,Mevastatin,2,DTXSID4040684,2.064407991336293,predictions
loglinear_interp,2,Mirex,2,DTXSID7020895,3.12820561486769,predictions
loglinear_interp,2,"Octachloro-4,7-methanotetrahydroindane",2,DTXSID7020267,1.9205152396686973,predictions
loglinear_interp,2,Parathion,2,DTXSID7021100,0.9073953300709456,predictions
loglinear_interp,2,Prallethrin,2,DTXSID0032572,1.163949361189801,predictions
loglinear_interp,2,Reserpine,2,DTXSID7021237,2.3208573634761076,predictions
loglinear_interp,2,Sodium arsenite,2,DTXSID5020104,3.361534534476175,predictions
loglinear_interp,2,Tebuconazole,2,DTXSID9032113,2.646216306223259,predictions
loglinear_interp,2,Terbutaline hemisulfate,2,DTXSID3045437,0.9011895148494478,predictions
loglinear_interp,2,Tetraethylthiuram disulfide,2,DTXSID1021322,2.018391437499214,predictions
loglinear_interp,2,Tetramethrin,2,DTXSID6032649,0.98537507744248,predictions
loglinear_interp,2,Tribufos,2,DTXSID1024174,2.4641958053339925,predictions
loglinear_interp,2,Trichlorfon,2,DTXSID0021389,2.620299331498268,predictions
loglinear_interp,2,Trifloxystrobin,2,DTXSID4032580,1.7979623790792918,predictions
loglinear_interp,2,Tris(methylphenyl) phosphate,2,DTXSID4021391,1.1650748309298635,predictions
loglinear_interp,2,"o,p'-DDT",2,parent:DTXSID4020375,1.798552262753995,predictions
loglinear_interp,2,1-Methyl-4-phenylpyridinium iodide,3,DTXSID40880040,1.2029605523668274,predictions
loglinear_interp,2,"2-Ethylhexyl 2,3,4,5-tetrabromobenzoate",3,DTXSID9052686,1.9709442247152744,predictions
loglinear_interp,2,3-Iodo-2-propynyl-N-butylcarbamate,3,DTXSID0028038,1.356940435202069,predictions
loglinear_interp,2,"5,5-Diphenylhydantoin",3,DTXSID8020541,1.060155214541801,predictions
loglinear_interp,2,6-Methyl-2-thiouracil,3,DTXSID2020890,1.36138295229796,predictions
loglinear_interp,2,Acenaphthene,3,DTXSID3021774,0.9914263906398351,predictions
loglinear_interp,2,Allethrin,3,parent:DTXSID2039336,1.5691070556628317,predictions
loglinear_interp,2,Anthracene,3,DTXSID0023878,0.9126180094815984,predictions
loglinear_interp,2,Benzo(b)fluoranthene,3,DTXSID0023907,1.4760839843898712,predictions
loglinear_interp,2,Carbofuran,3,DTXSID9020249,1.2042765230621444,predictions
loglinear_interp,2,Chlorendic acid,3,DTXSID2020268,0.9799079550669306,predictions
loglinear_interp,2,Clodinafop-propargyl,3,DTXSID6032354,0.8365123401628933,predictions
loglinear_interp,2,Cocaine,3,DTXSID2038443,0.8616708260004902,predictions
loglinear_interp,2,Colchicine,3,DTXSID5024845,0.5194620309553332,predictions
loglinear_interp,2,D-Mannitol,3,DTXSID1023235,1.182817644422098,predictions
loglinear_interp,2,DDT,3,parent:DTXSID4020375,2.136336741783513,predictions
loglinear_interp,2,Deltamethrin,3,DTXSID8020381,2.0425452938723985,predictions
loglinear_interp,2,Dexamethasone,3,DTXSID3020384,1.1332367606075857,predictions
loglinear_interp,2,"Dibenz[a,c]anthracene",3,DTXSID9049245,1.0943287573952483,predictions
loglinear_interp,2,Dicrotophos,3,DTXSID9023914,0.9425519612116862,predictions
loglinear_interp,2,Emamectin benzoate,3,DTXSID0034566,3.091788361816144,predictions
loglinear_interp,2,Es-fenvalerate,3,DTXSID4032667,1.548849230525753,predictions
loglinear_interp,2,Esketamine hydrochloride,3,DTXSID601027734,1.394106204098883,predictions
loglinear_interp,2,Etofenprox,3,DTXSID9032610,1.3200445041964577,predictions
loglinear_interp,2,Fenpropathrin,3,DTXSID0024002,1.6127048052982247,predictions
loglinear_interp,2,Firemaster 550,3,DTXSID70880073,1.5296678843294838,predictions
loglinear_interp,2,Folic acid,3,DTXSID0022519,1.2810759801780303,predictions
loglinear_interp,2,Haloperidol,3,DTXSID4034150,2.0612554295087326,predictions
loglinear_interp,2,Hexachlorophene,3,DTXSID6020690,2.8101722204747097,predictions
loglinear_interp,2,Lead(II) acetate trihydrate,3,DTXSID3031521,2.0695770325605034,predictions
loglinear_interp,2,Malathion,3,DTXSID4020791,1.770853850837232,predictions
loglinear_interp,2,Mancozeb,3,DTXSID0034695,0.8269858288124678,predictions
loglinear_interp,2,Manganese(II) acetate,3,parent:DTXSID5027279,0.9607156049842309,predictions
loglinear_interp,2,Naloxone hydrochloride dihydrate,3,DTXSID90199452,1.0373140994407257,predictions
loglinear_interp,2,Phenol,3,DTXSID5021124,1.180946389612204,predictions
loglinear_interp,2,Phorate,3,DTXSID4032459,1.7207741784294153,predictions
loglinear_interp,2,Piperonyl butoxide,3,DTXSID1021166,1.6003566072756263,predictions
loglinear_interp,2,Profenofos,3,DTXSID3032464,1.3670348286622462,predictions
loglinear_interp,2,Pyrene,3,DTXSID3024289,0.7608284658063978,predictions
loglinear_interp,2,S-Bioallethrin,3,parent:DTXSID2039336,1.419051299849891,predictions
loglinear_interp,2,Simvastatin,3,DTXSID0023581,2.754139803071518,predictions
loglinear_interp,2,Sodium fluoride,3,DTXSID2020630,0.968888808263786,predictions
loglinear_interp,2,Spiroxamine,3,DTXSID1034212,2.515483251839048,predictions
loglinear_interp,2,Tamoxifen,3,DTXSID1034187,1.7040588946704969,predictions
loglinear_interp,2,Tefluthrin,3,DTXSID5032577,2.2349405844765085,predictions
loglinear_interp,2,Tetracycline,3,DTXSID7023645,0.9658308004062605,predictions
loglinear_interp,2,Thiamethoxam,3,DTXSID2034962,0.9552871690986174,predictions
loglinear_interp,2,Tributyltin chloride,3,parent:DTXSID3027403,1.799588595879516,predictions
loglinear_interp,2,Triphenyl phosphates isopropylated,3,DTXSID4028880,1.7816770802846105,predictions
loglinear_interp,2,(-)-Nicotine,4,DTXSID1020930,1.265012001399103,predictions
loglinear_interp,2,17beta-Estradiol,4,DTXSID0020573,0.8893213355121373,predictions
loglinear_interp,2,"2,2-Bis(4-hydroxyphenyl)-1,1,1-trichloroethane",4,DTXSID8022325,1.5513087771868606,predictions
loglinear_interp,2,"4,4'-Sulfonyldiphenol",4,DTXSID3022409,1.20826434896938,predictions
loglinear_interp,2,6-aminopyridine-3-carboxamide,4,DTXSID5051446,2.568243138745683,predictions
loglinear_interp,2,Acetamiprid,4,DTXSID0034300,1.6212678865650805,predictions
loglinear_interp,2,Atrazine,4,DTXSID9020112,0.9079503893838423,predictions
loglinear_interp,2,Bensulide,4,DTXSID9032329,2.063891490287654,predictions
loglinear_interp,2,CP-409092,4,DTXSID2047276,1.22777103525212,predictions
loglinear_interp,2,Captopril,4,DTXSID1037197,1.455573202396478,predictions
loglinear_interp,2,Chlorethoxyfos,4,DTXSID2032344,2.3171960741243596,predictions
loglinear_interp,2,Chlorpyrifos oxon,4,DTXSID1038666,1.309752810285752,predictions
loglinear_interp,2,Chrysene,4,DTXSID0022432,0.7450504271768345,predictions
loglinear_interp,2,Clove leaf oil,4,DTXSID8044175,1.3959503675835083,predictions
loglinear_interp,2,Cotinine,4,DTXSID1047576,0.8200294639324872,predictions
loglinear_interp,2,Coumaphos,4,DTXSID2020347,1.86311437345343,predictions
loglinear_interp,2,Cypermethrin,4,DTXSID1023998,1.6653179968187828,predictions
loglinear_interp,2,D-Glucitol,4,DTXSID5023588,0.919961118584218,predictions
loglinear_interp,2,Dextroamphetamine sulfate,4,DTXSID2057865,1.000096933717894,predictions
loglinear_interp,2,Di(2-ethylhexyl) phthalate,4,DTXSID5020607,1.6540394196748498,predictions
loglinear_interp,2,Diazinon,4,DTXSID9020407,2.079301247916266,predictions
loglinear_interp,2,Dieldrin,4,DTXSID9020453,2.4664349312837333,predictions
loglinear_interp,2,Diphenhydramine hydrochloride,4,DTXSID4020537,1.6719487997964972,predictions
loglinear_interp,2,Fosthiazate,4,DTXSID0034930,1.0550378656202988,predictions
loglinear_interp,2,Heptachlor epoxide B,4,DTXSID1024126,2.15306645833845,predictions
loglinear_interp,2,Imidacloprid,4,DTXSID5032442,1.13925373427789,predictions
loglinear_interp,2,Isodecyl diphenyl phosphate,4,DTXSID3025465,0.8881698720949547,predictions
loglinear_interp,2,Kepone,4,DTXSID1020770,1.9027761648609367,predictions
loglinear_interp,2,Methimazole,4,DTXSID4020820,1.2911195346278674,predictions
loglinear_interp,2,Molinate,4,DTXSID6024206,1.24224973476545,predictions
loglinear_interp,2,Octylbicycloheptenedicarboximide,4,DTXSID6032562,1.1661701145785277,predictions
loglinear_interp,2,Paraquat dichloride,4,DTXSID7024243,3.613569713933825,predictions
loglinear_interp,2,Perfluoroundecanoic acid,4,DTXSID8047553,1.0543254321301962,predictions
loglinear_interp,2,Phenobarbital,4,parent:DTXSID0021123,0.9782802858372666,predictions
loglinear_interp,2,Phenylmercuric acetate,4,DTXSID7021150,1.2829358360652845,predictions
loglinear_interp,2,Phosmet,4,DTXSID5024261,1.8211878513059303,predictions
loglinear_interp,2,Picoxystrobin,4,DTXSID9047542,1.790465248516932,predictions
loglinear_interp,2,Resmethrin,4,DTXSID7022253,1.2451963731467273,predictions
loglinear_interp,2,Retinoic acid,4,DTXSID7021239,2.0032053373365972,predictions
loglinear_interp,2,Rotenone,4,DTXSID6021248,2.0083153106268927,predictions
loglinear_interp,2,Sodium orthovanadate,4,DTXSID2037269,1.6337881168607857,predictions
loglinear_interp,2,Tebupirimfos,4,DTXSID1032482,1.5913421435228912,predictions
loglinear_interp,2,Triphenyl phosphate,4,DTXSID1021952,0.94431599614672,predictions
loglinear_interp,2,Triphenyl phosphite,4,DTXSID0026252,1.027811917184478,predictions
loglinear_interp,2,Tris(2-chloroisopropyl)phosphate,4,DTXSID5026259,1.0042944302673575,predictions
loglinear_interp,2,Valinomycin,4,DTXSID9041150,1.5372818809947457,predictions
loglinear_interp,2,tert-Butylphenyl diphenyl phosphate,4,DTXSID6024701,1.7630190841325581,predictions
loglinear_interp,3,1-Ethyl-3-methyl-1H-imidazol-3-ium diethyl phosphate,0,DTXSID9047889,0.9325378982244885,predictions
loglinear_interp,3,"1H,1H,2H,2H-Perfluorooctyl iodide",0,DTXSID2047565,0.7665328204648957,predictions
loglinear_interp,3,"2,2',4,4',5,5'-Hexabromodiphenyl ether",0,DTXSID4030047,1.242805378902563,predictions
loglinear_interp,3,"2,2',4,4',5-Pentabromodiphenyl ether",0,DTXSID9030048,1.5311217340866337,predictions
loglinear_interp,3,"2,2',4,4'-Tetrabromodiphenyl ether",0,DTXSID3030056,1.3029095224166802,predictions
loglinear_interp,3,2-Methoxyethanol,0,DTXSID5024182,0.8797433112730081,predictions
loglinear_interp,3,"3,3'-Iminobispropanenitrile",0,DTXSID2041464,0.7742494290308082,predictions
loglinear_interp,3,4H-Cyclopenta(def)phenanthrene,0,DTXSID1024887,0.8440900547973191,predictions
loglinear_interp,3,6-Propyl-2-thiouracil,0,DTXSID5021209,1.8591102353950464,predictions
loglinear_interp,3,Acrylamide,0,DTXSID5020027,0.9258823832476212,predictions
loglinear_interp,3,Aldrin,0,DTXSID8020040,1.7620180644169647,predictions
loglinear_interp,3,Benz(a)anthracene,0,DTXSID5023902,1.148355250069784,predictions
loglinear_interp,3,"Benzo[g,h,i]perylene",0,DTXSID5023908,0.9254646396034094,predictions
loglinear_interp,3,Boric acid (H3BO3),0,DTXSID1020194,0.9759298380471165,predictions
loglinear_interp,3,Boscalid,0,DTXSID6034392,0.8466271332164033,predictions
loglinear_interp,3,CP-457920,0,DTXSID4047254,1.2986914523037285,predictions
loglinear_interp,3,Chlorpyrifos,0,DTXSID4020458,1.3068231437883604,predictions
loglinear_interp,3,Cyfluthrin,0,DTXSID5035957,1.3913925367458926,predictions
loglinear_interp,3,Cytarabine,0,DTXSID3022877,1.7529116612830027,predictions
loglinear_interp,3,"Dibenz[a,h]anthracene",0,DTXSID9020409,0.8254263663673675,predictions
loglinear_interp,3,Disulfoton,0,DTXSID0022018,0.7110959845832172,predictions
loglinear_interp,3,Enadoline,0,DTXSID4047258,1.477181084455077,predictions
loglinear_interp,3,Erythromycin,0,DTXSID4022991,1.0851478149815674,predictions
loglinear_interp,3,Ethoprop,0,DTXSID4032611,1.5563603499196705,predictions
loglinear_interp,3,Fenamiphos,0,DTXSID3024102,1.0602282283979143,predictions
loglinear_interp,3,Fluconazole,0,DTXSID3020627,1.07061210567754,predictions
loglinear_interp,3,Flufenacet,0,DTXSID2032552,0.9593102565020244,predictions
loglinear_interp,3,Fluoxastrobin,0,DTXSID2034625,1.677197892947148,predictions
loglinear_interp,3,Fluoxetine hydrochloride,0,DTXSID7020635,1.4133256854046388,predictions
loglinear_interp,3,Flusilazole,0,DTXSID3024235,1.3722726016531048,predictions
loglinear_interp,3,Glyphosate,0,DTXSID1024122,1.228465175916207,predictions
loglinear_interp,3,Hydroxyurea,0,DTXSID6025438,1.2812362983699557,predictions
loglinear_interp,3,Isoniazid,0,DTXSID8020755,0.9755156970095067,predictions
loglinear_interp,3,L-Domoic acid,0,DTXSID20274180,1.6992922537339503,predictions
loglinear_interp,3,Lactofen,0,DTXSID7024160,1.0070009941367843,predictions
loglinear_interp,3,Lovastatin,0,DTXSID5020784,2.031359141225937,predictions
loglinear_interp,3,Methadone hydrochloride,0,DTXSID2020501,1.3858765988605881,predictions
loglinear_interp,3,Methotrexate,0,DTXSID4020822,0.8986950571245421,predictions
loglinear_interp,3,Naphthalene,0,DTXSID8020913,1.0782307253989798,predictions
loglinear_interp,3,Omethoate,0,DTXSID4037580,0.9965018685787254,predictions
loglinear_interp,3,Phenobarbital sodium,0,parent:DTXSID0021123,1.0462925326229722,predictions
loglinear_interp,3,Pirimiphos-methyl,0,DTXSID0024266,1.617005236788195,predictions
loglinear_interp,3,Pyraclostrobin,0,DTXSID7032638,1.38624498778297,predictions
loglinear_interp,3,Sodium benzoate,0,DTXSID1020140,0.9553324549311537,predictions
loglinear_interp,3,Spirodiclofen,0,DTXSID6034928,0.7581824093393517,predictions
loglinear_interp,3,Thiacloprid,0,DTXSID7034961,1.0829817406349955,predictions
loglinear_interp,3,Triclosan,0,DTXSID5032498,1.5536946320246368,predictions
loglinear_interp,3,Triethyltin bromide,0,DTXSID9040712,2.2298998914996373,predictions
loglinear_interp,3,"p,p'-DDE",0,DTXSID9020374,2.0851355636883957,predictions
loglinear_interp,3,(Methylcyclopentadienyl)tricarbonylmanganese,1,DTXSID9027738,0.9052226820868183,predictions
loglinear_interp,3,"1,2-Propylene glycol",1,DTXSID0021206,1.3916181933693974,predictions
loglinear_interp,3,5-Chloro-2-methyl-3(2H)-isothiazolone,1,DTXSID9034286,1.3981589486967525,predictions
loglinear_interp,3,5-Fluorouracil,1,DTXSID2020634,1.7723056265037704,predictions
loglinear_interp,3,Acephate,1,DTXSID8023846,0.9549669738163444,predictions
loglinear_interp,3,Acetaminophen,1,DTXSID2020006,0.4577490748279053,predictions
loglinear_interp,3,Aspirin,1,DTXSID5020108,0.6097170096701048,predictions
loglinear_interp,3,Auramine hydrochloride,1,DTXSID9020114,1.55370415594282,predictions
loglinear_interp,3,Benzo[k]fluoranthene,1,DTXSID0023909,0.9938853401598318,predictions
loglinear_interp,3,Berberine chloride,1,DTXSID8024602,1.3974735593455017,predictions
loglinear_interp,3,Bifenthrin,1,DTXSID9020160,1.6617966247931104,predictions
loglinear_interp,3,Bis(tributyltin)oxide,1,parent:DTXSID3027403,2.07217821552048,predictions
loglinear_interp,3,Bisindolylmaleimide I,1,DTXSID50157932,1.2152984839468872,predictions
loglinear_interp,3,Bisphenol A,1,DTXSID7020182,1.0297573336595323,predictions
loglinear_interp,3,Busulfan,1,DTXSID3020910,0.756934713127966,predictions
loglinear_interp,3,Caffeine,1,DTXSID0020232,1.1649531295859357,predictions
loglinear_interp,3,Chlordiazepoxide hydrochloride,1,DTXSID40880060,1.811100568958907,predictions
loglinear_interp,3,Cyclophosphamide monohydrate,1,DTXSID6024888,1.199922306422231,predictions
loglinear_interp,3,Cymoxanil,1,DTXSID6032358,0.6535867213228759,predictions
loglinear_interp,3,Diazepam,1,DTXSID4020406,1.3680229083978785,predictions
loglinear_interp,3,Diazoxon,1,DTXSID5037523,0.9521219808922762,predictions
loglinear_interp,3,Diethylene glycol,1,DTXSID8020462,1.176034275568786,predictions
loglinear_interp,3,Diethylstilbestrol,1,DTXSID3020465,1.4042442322718005,predictions
loglinear_interp,3,Difpas-pyrazole,1,DTXSID6048175,1.8293292064202205,predictions
loglinear_interp,3,Dimethoate,1,DTXSID7020479,1.413395692641376,predictions
loglinear_interp,3,Endosulfan,1,DTXSID1020560,2.3202694027790547,predictions
loglinear_interp,3,Endrin,1,DTXSID6020561,1.6022764026599894,predictions
loglinear_interp,3,Fenitrothion,1,DTXSID4032613,0.8614236061614065,predictions
loglinear_interp,3,Loperamide,1,DTXSID00880006,1.7268655528018377,predictions
loglinear_interp,3,Malaoxon,1,DTXSID9020790,0.9015140947308918,predictions
loglinear_interp,3,Methoxychlor,1,DTXSID9020827,1.806216722284605,predictions
loglinear_interp,3,Naled,1,DTXSID1024209,1.3849957182966504,predictions
loglinear_interp,3,Oxidopamine hydrochloride,1,DTXSID0045838,1.3863980003210683,predictions
loglinear_interp,3,Permethrin,1,DTXSID8022292,1.4878607904865881,predictions
loglinear_interp,3,PharmaGSID_47330,1,DTXSID9047330,1.4165879248706144,predictions
loglinear_interp,3,Phenanthrene,1,DTXSID6024254,0.5965217476108222,predictions
loglinear_interp,3,Pravastatin sodium,1,DTXSID6047525,1.8995824310935696,predictions
loglinear_interp,3,S-Ethyl dipropylthiocarbamate,1,DTXSID1024091,0.8224459760250605,predictions
loglinear_interp,3,Sodium saccharin hydrate,1,DTXSID7021992,1.0020630711452962,predictions
loglinear_interp,3,Sodium valproate,1,DTXSID5037072,1.1678359397246179,predictions
loglinear_interp,3,Terbufos,1,DTXSID2022254,2.4814112723058144,predictions
loglinear_interp,3,Thalidomide,1,DTXSID9022524,1.5691436820699478,predictions
loglinear_interp,3,Tributyltin methacrylate,1,parent:DTXSID3027403,1.4409151657877373,predictions
loglinear_interp,3,Trimethyltin hydroxide,1,DTXSID9032240,3.6350641363062004,predictions
loglinear_interp,3,"Tris(1,3-dichloro-2-propyl) phosphate",1,DTXSID9026261,1.3340660753523799,predictions
loglinear_interp,3,Tris(2-chloroethyl) phosphate,1,DTXSID5021411,1.3117443818771897,predictions
loglinear_interp,3,Z-Tetrachlorvinphos,1,DTXSID1032648,1.5079486026537725,predictions
loglinear_interp,3,"p,p'-DDD",1,DTXSID4020373,1.4693729669950926,predictions
loglinear_interp,3,tert-Butylhydroquinone,1,DTXSID6020220,1.2401292938465092,predictions
loglinear_interp,3,2-(m-Chlorophenoxy)propionic acid,2,DTXSID9034232,1.4421143361884516,predictions
loglinear_interp,3,2-Ethylhexyl diphenyl phosphate,2,DTXSID1025300,1.1253292519916325,predictions
loglinear_interp,3,"3,3',5,5'-Tetrabromobisphenol A",2,DTXSID1026081,0.8312976717084787,predictions
loglinear_interp,3,Abamectin,2,DTXSID8023892,1.7242438009899785,predictions
loglinear_interp,3,Acenaphthylene,2,DTXSID3023845,0.6777658158812249,predictions
loglinear_interp,3,Aldicarb,2,DTXSID0039223,0.9356006601893266,predictions
loglinear_interp,3,Amoxicillin,2,DTXSID3037044,1.1446314905816906,predictions
loglinear_interp,3,Azoxystrobin,2,DTXSID0032520,1.5395489698368336,predictions
loglinear_interp,3,Benzo[a]pyrene,2,DTXSID2020139,1.0199659738088838,predictions
loglinear_interp,3,Benzo[e]pyrene,2,DTXSID3023764,1.1435422071040307,predictions
loglinear_interp,3,Bis(2-ethylhexyl) tetrabromophthalate,2,DTXSID7027887,1.2807993067890373,predictions
loglinear_interp,3,Bisphenol AF,2,DTXSID7037717,1.2615737324568737,predictions
loglinear_interp,3,Bisphenol B,2,DTXSID4022442,1.294106071836452,predictions
loglinear_interp,3,Cadmium(II) chloride hydrate (2:5),2,DTXSID4040183,1.2895909147608062,predictions
loglinear_interp,3,Captan,2,DTXSID9020243,1.285212035118359,predictions
loglinear_interp,3,Carbamazepine,2,DTXSID4022731,0.9987958468242499,predictions
loglinear_interp,3,Carbaryl,2,DTXSID9020247,2.572584817283289,predictions
loglinear_interp,3,Cariporide mesylate,2,DTXSID3047344,1.2392669830228376,predictions
loglinear_interp,3,Chloramben,2,DTXSID2020262,0.8907272417251241,predictions
loglinear_interp,3,Chlorpromazine hydrochloride,2,DTXSID7024827,1.699213844478146,predictions
loglinear_interp,3,Clothianidin,2,DTXSID2034465,0.7718270093901545,predictions
loglinear_interp,3,Dichlorvos,2,DTXSID5020449,1.0619137721634297,predictions
loglinear_interp,3,Eugenol,2,DTXSID9020617,1.2278222340197984,predictions
loglinear_interp,3,Fipronil,2,DTXSID4034609,1.0994777544443175,predictions
loglinear_interp,3,Fluorene,2,DTXSID8024105,0.6121472037751279,predictions
loglinear_interp,3,Glycerol,2,DTXSID9020663,0.7559850257280393,predictions
loglinear_interp,3,L-Ascorbic acid,2,DTXSID5020106,1.0436019097293212,predictions
loglinear_interp,3,Lindane,2,DTXSID2020686,1.3567663417618916,predictions
loglinear_interp,3,Maneb,2,DTXSID9020794,1.0209610216519276,predictions
loglinear_interp,3,Manganese dichloride,2,parent:DTXSID5027279,0.9641509944778484,predictions
loglinear_interp,3,Mercuric chloride,2,DTXSID5020811,1.614269179792614,predictions
loglinear_interp,3,Methamidophos,2,DTXSID6024177,0.7812996156018069,predictions
loglinear_interp,3,Methylmercuric(II) chloride,2,DTXSID5020813,1.8628791123085342,predictions
loglinear_interp,3,Mevastatin,2,DTXSID4040684,1.4974802674743883,predictions
loglinear_interp,3,Mirex,2,DTXSID7020895,1.870004066836086,predictions
loglinear_interp,3,"Octachloro-4,7-methanotetrahydroindane",2,DTXSID7020267,1.3618763070194757,predictions
loglinear_interp,3,Parathion,2,DTXSID7021100,0.8801978986899336,predictions
loglinear_interp,3,Prallethrin,2,DTXSID0032572,1.2480340522430138,predictions
loglinear_interp,3,Reserpine,2,DTXSID7021237,2.6093898357796537,predictions
loglinear_interp,3,Sodium arsenite,2,DTXSID5020104,2.3539880882815014,predictions
loglinear_interp,3,Tebuconazole,2,DTXSID9032113,2.6549383288858364,predictions
loglinear_interp,3,Terbutaline hemisulfate,2,DTXSID3045437,0.8708371822243179,predictions
loglinear_interp,3,Tetraethylthiuram disulfide,2,DTXSID1021322,1.519568308028577,predictions
loglinear_interp,3,Tetramethrin,2,DTXSID6032649,0.9469426281955992,predictions
loglinear_interp,3,Tribufos,2,DTXSID1024174,1.832066357820859,predictions
loglinear_interp,3,Trichlorfon,2,DTXSID0021389,1.5736759671138363,predictions
loglinear_interp,3,Trifloxystrobin,2,DTXSID4032580,1.3398597669558332,predictions
loglinear_interp,3,Tris(methylphenyl) phosphate,2,DTXSID4021391,1.0850941258685691,predictions
loglinear_interp,3,"o,p'-DDT",2,parent:DTXSID4020375,1.490860543968072,predictions
loglinear_interp,3,1-Methyl-4-phenylpyridinium iodide,3,DTXSID40880040,1.3654951837897902,predictions
loglinear_interp,3,"2-Ethylhexyl 2,3,4,5-tetrabromobenzoate",3,DTXSID9052686,1.9492408953489986,predictions
loglinear_interp,3,3-Iodo-2-propynyl-N-butylcarbamate,3,DTXSID0028038,1.3593316868808443,predictions
loglinear_interp,3,"5,5-Diphenylhydantoin",3,DTXSID8020541,1.055576881269647,predictions
loglinear_interp,3,6-Methyl-2-thiouracil,3,DTXSID2020890,1.201516911751678,predictions
loglinear_interp,3,Acenaphthene,3,DTXSID3021774,0.9908586986416861,predictions
loglinear_interp,3,Allethrin,3,parent:DTXSID2039336,1.3232735670624935,predictions
loglinear_interp,3,Anthracene,3,DTXSID0023878,0.8569344351720549,predictions
loglinear_interp,3,Benzo(b)fluoranthene,3,DTXSID0023907,1.057758753868344,predictions
loglinear_interp,3,Carbofuran,3,DTXSID9020249,1.3124946254224221,predictions
loglinear_interp,3,Chlorendic acid,3,DTXSID2020268,0.9758339607011859,predictions
loglinear_interp,3,Clodinafop-propargyl,3,DTXSID6032354,0.8170647179175082,predictions
loglinear_interp,3,Cocaine,3,DTXSID2038443,0.8408230908280101,predictions
loglinear_interp,3,Colchicine,3,DTXSID5024845,0.685353724639627,predictions
loglinear_interp,3,D-Mannitol,3,DTXSID1023235,1.2109637658306747,predictions
loglinear_interp,3,DDT,3,parent:DTXSID4020375,1.3894413189292765,predictions
loglinear_interp,3,Deltamethrin,3,DTXSID8020381,1.6127136528304056,predictions
loglinear_interp,3,Dexamethasone,3,DTXSID3020384,1.0909936386091246,predictions
loglinear_interp,3,"Dibenz[a,c]anthracene",3,DTXSID9049245,1.0449983616129868,predictions
loglinear_interp,3,Dicrotophos,3,DTXSID9023914,0.8994751924003246,predictions
loglinear_interp,3,Emamectin benzoate,3,DTXSID0034566,2.183888852508025,predictions
loglinear_interp,3,Es-fenvalerate,3,DTXSID4032667,1.164018476535861,predictions
loglinear_interp,3,Esketamine hydrochloride,3,DTXSID601027734,1.194799947270679,predictions
loglinear_interp,3,Etofenprox,3,DTXSID9032610,1.223364472665956,predictions
loglinear_interp,3,Fenpropathrin,3,DTXSID0024002,1.421545486915662,predictions
loglinear_interp,3,Firemaster 550,3,DTXSID70880073,1.2925780105460283,predictions
loglinear_interp,3,Folic acid,3,DTXSID0022519,1.2198506368928372,predictions
loglinear_interp,3,Haloperidol,3,DTXSID4034150,2.219180809960169,predictions
loglinear_interp,3,Hexachlorophene,3,DTXSID6020690,2.412346924444124,predictions
loglinear_interp,3,Lead(II) acetate trihydrate,3,DTXSID3031521,2.1302962569918966,predictions
loglinear_interp,3,Malathion,3,DTXSID4020791,1.5976657660705222,predictions
loglinear_interp,3,Mancozeb,3,DTXSID0034695,0.8742911624038001,predictions
loglinear_interp,3,Manganese(II) acetate,3,parent:DTXSID5027279,0.8678163969284108,predictions
loglinear_interp,3,Naloxone hydrochloride dihydrate,3,DTXSID90199452,0.9856728644448328,predictions
loglinear_interp,3,Phenol,3,DTXSID5021124,1.0966943652281935,predictions
loglinear_interp,3,Phorate,3,DTXSID4032459,1.5882362821165514,predictions
loglinear_interp,3,Piperonyl butoxide,3,DTXSID1021166,1.2752253966343678,predictions
loglinear_interp,3,Profenofos,3,DTXSID3032464,1.3365450909437446,predictions
loglinear_interp,3,Pyrene,3,DTXSID3024289,0.725236209287347,predictions
loglinear_interp,3,S-Bioallethrin,3,parent:DTXSID2039336,1.3930347782370285,predictions
loglinear_interp,3,Simvastatin,3,DTXSID0023581,2.4586234142862997,predictions
loglinear_interp,3,Sodium fluoride,3,DTXSID2020630,0.867142492750108,predictions
loglinear_interp,3,Spiroxamine,3,DTXSID1034212,2.411622438925492,predictions
loglinear_interp,3,Tamoxifen,3,DTXSID1034187,1.343092909388761,predictions
loglinear_interp,3,Tefluthrin,3,DTXSID5032577,1.4917206193639305,predictions
loglinear_interp,3,Tetracycline,3,DTXSID7023645,0.8915209884990343,predictions
loglinear_interp,3,Thiamethoxam,3,DTXSID2034962,0.9239475341480491,predictions
loglinear_interp,3,Tributyltin chloride,3,parent:DTXSID3027403,1.7922595812152047,predictions
loglinear_interp,3,Triphenyl phosphates isopropylated,3,DTXSID4028880,1.6199252306159955,predictions
loglinear_interp,3,(-)-Nicotine,4,DTXSID1020930,1.1622895609919772,predictions
loglinear_interp,3,17beta-Estradiol,4,DTXSID0020573,0.9509693140945048,predictions
loglinear_interp,3,"2,2-Bis(4-hydroxyphenyl)-1,1,1-trichloroethane",4,DTXSID8022325,1.4255020156647018,predictions
loglinear_interp,3,"4,4'-Sulfonyldiphenol",4,DTXSID3022409,1.1929465268715063,predictions
loglinear_interp,3,6-aminopyridine-3-carboxamide,4,DTXSID5051446,1.645888373116798,predictions
loglinear_interp,3,Acetamiprid,4,DTXSID0034300,1.5220935320170503,predictions
loglinear_interp,3,Atrazine,4,DTXSID9020112,0.9254792292746004,predictions
loglinear_interp,3,Bensulide,4,DTXSID9032329,1.5078096268018846,predictions
loglinear_interp,3,CP-409092,4,DTXSID2047276,1.073665768424672,predictions
loglinear_interp,3,Captopril,4,DTXSID1037197,1.4478000108088014,predictions
loglinear_interp,3,Chlorethoxyfos,4,DTXSID2032344,2.118283578151832,predictions
loglinear_interp,3,Chlorpyrifos oxon,4,DTXSID1038666,1.2783634323934,predictions
loglinear_interp,3,Chrysene,4,DTXSID0022432,0.7277174490222631,predictions
loglinear_interp,3,Clove leaf oil,4,DTXSID8044175,1.2228547544409296,predictions
loglinear_interp,3,Cotinine,4,DTXSID1047576,0.7497129199283628,predictions
loglinear_interp,3,Coumaphos,4,DTXSID2020347,1.6775800187540455,predictions
loglinear_interp,3,Cypermethrin,4,DTXSID1023998,1.7480534661033744,predictions
loglinear_interp,3,D-Glucitol,4,DTXSID5023588,0.8534206210083838,predictions
loglinear_interp,3,Dextroamphetamine sulfate,4,DTXSID2057865,0.9389387493537951,predictions
loglinear_interp,3,Di(2-ethylhexyl) phthalate,4,DTXSID5020607,1.8905340900046432,predictions
loglinear_interp,3,Diazinon,4,DTXSID9020407,1.9711194251532205,predictions
loglinear_interp,3,Dieldrin,4,DTXSID9020453,2.051312252913209,predictions
loglinear_interp,3,Diphenhydramine hydrochloride,4,DTXSID4020537,1.4018375419462468,predictions
loglinear_interp,3,Fosthiazate,4,DTXSID0034930,1.0324667624800643,predictions
loglinear_interp,3,Heptachlor epoxide B,4,DTXSID1024126,2.213037600827808,predictions
loglinear_interp,3,Imidacloprid,4,DTXSID5032442,1.048820404771729,predictions
loglinear_interp,3,Isodecyl diphenyl phosphate,4,DTXSID3025465,0.8677946856933796,predictions
loglinear_interp,3,Kepone,4,DTXSID1020770,1.4996551926404564,predictions
loglinear_interp,3,Methimazole,4,DTXSID4020820,1.2873422174414284,predictions
loglinear_interp,3,Molinate,4,DTXSID6024206,1.0898080026617216,predictions
loglinear_interp,3,Octylbicycloheptenedicarboximide,4,DTXSID6032562,1.2435242894064795,predictions
loglinear_interp,3,Paraquat dichloride,4,DTXSID7024243,1.8514512806712098,predictions
loglinear_interp,3,Perfluoroundecanoic acid,4,DTXSID8047553,1.1258923722496685,predictions
loglinear_interp,3,Phenobarbital,4,parent:DTXSID0021123,0.900604551147844,predictions
loglinear_interp,3,Phenylmercuric acetate,4,DTXSID7021150,1.1555598994028922,predictions
loglinear_interp,3,Phosmet,4,DTXSID5024261,1.7654229152707768,predictions
loglinear_interp,3,Picoxystrobin,4,DTXSID9047542,1.746903925000602,predictions
loglinear_interp,3,Resmethrin,4,DTXSID7022253,1.129935338331176,predictions
loglinear_interp,3,Retinoic acid,4,DTXSID7021239,1.7933754203103422,predictions
loglinear_interp,3,Rotenone,4,DTXSID6021248,1.359528787830237,predictions
loglinear_interp,3,Sodium orthovanadate,4,DTXSID2037269,1.4216654017075405,predictions
loglinear_interp,3,Tebupirimfos,4,DTXSID1032482,1.8242411308757844,predictions
loglinear_interp,3,Triphenyl phosphate,4,DTXSID1021952,0.8669683884844929,predictions
loglinear_interp,3,Triphenyl phosphite,4,DTXSID0026252,0.9380284170525017,predictions
loglinear_interp,3,Tris(2-chloroisopropyl)phosphate,4,DTXSID5026259,0.7856172825808241,predictions
loglinear_interp,3,Valinomycin,4,DTXSID9041150,1.5191161858909497,predictions
loglinear_interp,3,tert-Butylphenyl diphenyl phosphate,4,DTXSID6024701,1.7722269152008092,predictions
loglinear_interp,4,1-Ethyl-3-methyl-1H-imidazol-3-ium diethyl phosphate,0,DTXSID9047889,0.8915598939793373,predictions
loglinear_interp,4,"1H,1H,2H,2H-Perfluorooctyl iodide",0,DTXSID2047565,0.7665466797412731,predictions
loglinear_interp,4,"2,2',4,4',5,5'-Hexabromodiphenyl ether",0,DTXSID4030047,1.1631500801861747,predictions
loglinear_interp,4,"2,2',4,4',5-Pentabromodiphenyl ether",0,DTXSID9030048,2.081018573321488,predictions
loglinear_interp,4,"2,2',4,4'-Tetrabromodiphenyl ether",0,DTXSID3030056,1.1770007611152051,predictions
loglinear_interp,4,2-Methoxyethanol,0,DTXSID5024182,0.8457254971414809,predictions
loglinear_interp,4,"3,3'-Iminobispropanenitrile",0,DTXSID2041464,0.7207324580155146,predictions
loglinear_interp,4,4H-Cyclopenta(def)phenanthrene,0,DTXSID1024887,0.8047809488864409,predictions
loglinear_interp,4,6-Propyl-2-thiouracil,0,DTXSID5021209,1.5477356496271855,predictions
loglinear_interp,4,Acrylamide,0,DTXSID5020027,0.8320708523151495,predictions
loglinear_interp,4,Aldrin,0,DTXSID8020040,1.3891214052086849,predictions
loglinear_interp,4,Benz(a)anthracene,0,DTXSID5023902,1.1350558298593176,predictions
loglinear_interp,4,"Benzo[g,h,i]perylene",0,DTXSID5023908,0.9619421175226563,predictions
loglinear_interp,4,Boric acid (H3BO3),0,DTXSID1020194,0.9001532242359689,predictions
loglinear_interp,4,Boscalid,0,DTXSID6034392,0.7151275300920503,predictions
loglinear_interp,4,CP-457920,0,DTXSID4047254,1.0710961423201537,predictions
loglinear_interp,4,Chlorpyrifos,0,DTXSID4020458,1.4993471212631804,predictions
loglinear_interp,4,Cyfluthrin,0,DTXSID5035957,1.0767527777564943,predictions
loglinear_interp,4,Cytarabine,0,DTXSID3022877,1.711181218731451,predictions
loglinear_interp,4,"Dibenz[a,h]anthracene",0,DTXSID9020409,0.7829903983435361,predictions
loglinear_interp,4,Disulfoton,0,DTXSID0022018,0.798345451132513,predictions
loglinear_interp,4,Enadoline,0,DTXSID4047258,1.5126324323859626,predictions
loglinear_interp,4,Erythromycin,0,DTXSID4022991,1.060195658515737,predictions
loglinear_interp,4,Ethoprop,0,DTXSID4032611,1.4159785061605743,predictions
loglinear_interp,4,Fenamiphos,0,DTXSID3024102,1.0856362725040165,predictions
loglinear_interp,4,Fluconazole,0,DTXSID3020627,1.0147257274274226,predictions
loglinear_interp,4,Flufenacet,0,DTXSID2032552,0.9499573495507232,predictions
loglinear_interp,4,Fluoxastrobin,0,DTXSID2034625,1.5948304165718925,predictions
loglinear_interp,4,Fluoxetine hydrochloride,0,DTXSID7020635,1.5907940836027454,predictions
loglinear_interp,4,Flusilazole,0,DTXSID3024235,1.2470148901697442,predictions
loglinear_interp,4,Glyphosate,0,DTXSID1024122,1.2310569972799894,predictions
loglinear_interp,4,Hydroxyurea,0,DTXSID6025438,1.3265697299337298,predictions
loglinear_interp,4,Isoniazid,0,DTXSID8020755,0.9276070705738174,predictions
loglinear_interp,4,L-Domoic acid,0,DTXSID20274180,1.7104820839294494,predictions
loglinear_interp,4,Lactofen,0,DTXSID7024160,0.8755716530453146,predictions
loglinear_interp,4,Lovastatin,0,DTXSID5020784,1.978899450415535,predictions
loglinear_interp,4,Methadone hydrochloride,0,DTXSID2020501,1.4512592128739283,predictions
loglinear_interp,4,Methotrexate,0,DTXSID4020822,1.4685031901213228,predictions
loglinear_interp,4,Naphthalene,0,DTXSID8020913,1.1039489555767044,predictions
loglinear_interp,4,Omethoate,0,DTXSID4037580,1.0212040515128165,predictions
loglinear_interp,4,Phenobarbital sodium,0,parent:DTXSID0021123,0.9757667457417215,predictions
loglinear_interp,4,Pirimiphos-methyl,0,DTXSID0024266,1.6674102026130608,predictions
loglinear_interp,4,Pyraclostrobin,0,DTXSID7032638,1.2922746232896531,predictions
loglinear_interp,4,Sodium benzoate,0,DTXSID1020140,0.9675948133451572,predictions
loglinear_interp,4,Spirodiclofen,0,DTXSID6034928,0.6293696088989317,predictions
loglinear_interp,4,Thiacloprid,0,DTXSID7034961,1.0216068671316538,predictions
loglinear_interp,4,Triclosan,0,DTXSID5032498,1.4230881640622555,predictions
loglinear_interp,4,Triethyltin bromide,0,DTXSID9040712,1.1574662218746705,predictions
loglinear_interp,4,"p,p'-DDE",0,DTXSID9020374,1.2028796387247795,predictions
loglinear_interp,4,(Methylcyclopentadienyl)tricarbonylmanganese,1,DTXSID9027738,0.9084143290392314,predictions
loglinear_interp,4,"1,2-Propylene glycol",1,DTXSID0021206,1.58551385773525,predictions
loglinear_interp,4,5-Chloro-2-methyl-3(2H)-isothiazolone,1,DTXSID9034286,1.5196325487635807,predictions
loglinear_interp,4,5-Fluorouracil,1,DTXSID2020634,2.024827708942443,predictions
loglinear_interp,4,Acephate,1,DTXSID8023846,1.0814939474417045,predictions
loglinear_interp,4,Acetaminophen,1,DTXSID2020006,0.45433911548270595,predictions
loglinear_interp,4,Aspirin,1,DTXSID5020108,0.562099979449034,predictions
loglinear_interp,4,Auramine hydrochloride,1,DTXSID9020114,1.1541213632078613,predictions
loglinear_interp,4,Benzo[k]fluoranthene,1,DTXSID0023909,0.9363403842082093,predictions
loglinear_interp,4,Berberine chloride,1,DTXSID8024602,1.1319584624797874,predictions
loglinear_interp,4,Bifenthrin,1,DTXSID9020160,1.6680308011495133,predictions
loglinear_interp,4,Bis(tributyltin)oxide,1,parent:DTXSID3027403,1.3270132705007822,predictions
loglinear_interp,4,Bisindolylmaleimide I,1,DTXSID50157932,1.1010750131246263,predictions
loglinear_interp,4,Bisphenol A,1,DTXSID7020182,0.9785555144173248,predictions
loglinear_interp,4,Busulfan,1,DTXSID3020910,0.7211709406501833,predictions
loglinear_interp,4,Caffeine,1,DTXSID0020232,1.1105150940788864,predictions
loglinear_interp,4,Chlordiazepoxide hydrochloride,1,DTXSID40880060,2.311107949845771,predictions
loglinear_interp,4,Cyclophosphamide monohydrate,1,DTXSID6024888,1.1663297909619748,predictions
loglinear_interp,4,Cymoxanil,1,DTXSID6032358,0.5851726987144644,predictions
loglinear_interp,4,Diazepam,1,DTXSID4020406,1.4223044722005238,predictions
loglinear_interp,4,Diazoxon,1,DTXSID5037523,0.9990136353253802,predictions
loglinear_interp,4,Diethylene glycol,1,DTXSID8020462,1.0492139995089165,predictions
loglinear_interp,4,Diethylstilbestrol,1,DTXSID3020465,1.5910521815976923,predictions
loglinear_interp,4,Difpas-pyrazole,1,DTXSID6048175,1.5020129064395447,predictions
loglinear_interp,4,Dimethoate,1,DTXSID7020479,1.451640086636324,predictions
loglinear_interp,4,Endosulfan,1,DTXSID1020560,2.170741770009994,predictions
loglinear_interp,4,Endrin,1,DTXSID6020561,1.3662385414400084,predictions
loglinear_interp,4,Fenitrothion,1,DTXSID4032613,0.8919718423538999,predictions
loglinear_interp,4,Loperamide,1,DTXSID00880006,1.4604198300533582,predictions
loglinear_interp,4,Malaoxon,1,DTXSID9020790,0.8908465725143827,predictions
loglinear_interp,4,Methoxychlor,1,DTXSID9020827,1.6797091926505279,predictions
loglinear_interp,4,Naled,1,DTXSID1024209,1.6041749667725202,predictions
loglinear_interp,4,Oxidopamine hydrochloride,1,DTXSID0045838,1.5186985057956224,predictions
loglinear_interp,4,Permethrin,1,DTXSID8022292,1.4670334547046,predictions
loglinear_interp,4,PharmaGSID_47330,1,DTXSID9047330,1.320730560043848,predictions
loglinear_interp,4,Phenanthrene,1,DTXSID6024254,0.5589425445451036,predictions
loglinear_interp,4,Pravastatin sodium,1,DTXSID6047525,1.250678012191927,predictions
loglinear_interp,4,S-Ethyl dipropylthiocarbamate,1,DTXSID1024091,0.7942441780710345,predictions
loglinear_interp,4,Sodium saccharin hydrate,1,DTXSID7021992,1.0049835517686576,predictions
loglinear_interp,4,Sodium valproate,1,DTXSID5037072,0.9554490177659319,predictions
loglinear_interp,4,Terbufos,1,DTXSID2022254,1.379821407613747,predictions
loglinear_interp,4,Thalidomide,1,DTXSID9022524,1.5134925648316662,predictions
loglinear_interp,4,Tributyltin methacrylate,1,parent:DTXSID3027403,1.7026644461513705,predictions
loglinear_interp,4,Trimethyltin hydroxide,1,DTXSID9032240,2.156054212086785,predictions
loglinear_interp,4,"Tris(1,3-dichloro-2-propyl) phosphate",1,DTXSID9026261,1.1691468844646768,predictions
loglinear_interp,4,Tris(2-chloroethyl) phosphate,1,DTXSID5021411,1.2692022604100845,predictions
loglinear_interp,4,Z-Tetrachlorvinphos,1,DTXSID1032648,1.6579959977922083,predictions
loglinear_interp,4,"p,p'-DDD",1,DTXSID4020373,1.5624512619084383,predictions
loglinear_interp,4,tert-Butylhydroquinone,1,DTXSID6020220,1.5131631911504149,predictions
loglinear_interp,4,2-(m-Chlorophenoxy)propionic acid,2,DTXSID9034232,1.4160040654276893,predictions
loglinear_interp,4,2-Ethylhexyl diphenyl phosphate,2,DTXSID1025300,1.3689909428806977,predictions
loglinear_interp,4,"3,3',5,5'-Tetrabromobisphenol A",2,DTXSID1026081,0.7873874551143671,predictions
loglinear_interp,4,Abamectin,2,DTXSID8023892,1.5519966720882141,predictions
loglinear_interp,4,Acenaphthylene,2,DTXSID3023845,0.6858065645440993,predictions
loglinear_interp,4,Aldicarb,2,DTXSID0039223,1.0126868823579143,predictions
loglinear_interp,4,Amoxicillin,2,DTXSID3037044,1.1728597845191562,predictions
loglinear_interp,4,Azoxystrobin,2,DTXSID0032520,1.5318231105055466,predictions
loglinear_interp,4,Benzo[a]pyrene,2,DTXSID2020139,0.9932406244416103,predictions
loglinear_interp,4,Benzo[e]pyrene,2,DTXSID3023764,1.0384284177053624,predictions
loglinear_interp,4,Bis(2-ethylhexyl) tetrabromophthalate,2,DTXSID7027887,1.1735374285304379,predictions
loglinear_interp,4,Bisphenol AF,2,DTXSID7037717,1.0257298573730154,predictions
loglinear_interp,4,Bisphenol B,2,DTXSID4022442,1.286927378251844,predictions
loglinear_interp,4,Cadmium(II) chloride hydrate (2:5),2,DTXSID4040183,1.8583698406483322,predictions
loglinear_interp,4,Captan,2,DTXSID9020243,0.9316676127800946,predictions
loglinear_interp,4,Carbamazepine,2,DTXSID4022731,1.0259623056748477,predictions
loglinear_interp,4,Carbaryl,2,DTXSID9020247,2.876524240993791,predictions
loglinear_interp,4,Cariporide mesylate,2,DTXSID3047344,1.1978896835488047,predictions
loglinear_interp,4,Chloramben,2,DTXSID2020262,0.85727059088838,predictions
loglinear_interp,4,Chlorpromazine hydrochloride,2,DTXSID7024827,1.150254924669878,predictions
loglinear_interp,4,Clothianidin,2,DTXSID2034465,0.7936655725892042,predictions
loglinear_interp,4,Dichlorvos,2,DTXSID5020449,1.1225614871644143,predictions
loglinear_interp,4,Eugenol,2,DTXSID9020617,1.0323628703092402,predictions
loglinear_interp,4,Fipronil,2,DTXSID4034609,1.1488111293552736,predictions
loglinear_interp,4,Fluorene,2,DTXSID8024105,0.5829580037791839,predictions
loglinear_interp,4,Glycerol,2,DTXSID9020663,0.749677529743092,predictions
loglinear_interp,4,L-Ascorbic acid,2,DTXSID5020106,0.9993718587456891,predictions
loglinear_interp,4,Lindane,2,DTXSID2020686,1.120237647840187,predictions
loglinear_interp,4,Maneb,2,DTXSID9020794,1.023043112165526,predictions
loglinear_interp,4,Manganese dichloride,2,parent:DTXSID5027279,0.9769791222624276,predictions
loglinear_interp,4,Mercuric chloride,2,DTXSID5020811,1.4449751774291697,predictions
loglinear_interp,4,Methamidophos,2,DTXSID6024177,0.654617647035504,predictions
loglinear_interp,4,Methylmercuric(II) chloride,2,DTXSID5020813,1.3829961651182048,predictions
loglinear_interp,4,Mevastatin,2,DTXSID4040684,1.4945092249459548,predictions
loglinear_interp,4,Mirex,2,DTXSID7020895,2.101427487132978,predictions
loglinear_interp,4,"Octachloro-4,7-methanotetrahydroindane",2,DTXSID7020267,1.2254861947295086,predictions
loglinear_interp,4,Parathion,2,DTXSID7021100,0.8611419997200279,predictions
loglinear_interp,4,Prallethrin,2,DTXSID0032572,1.0564592815222897,predictions
loglinear_interp,4,Reserpine,2,DTXSID7021237,1.9230174698141653,predictions
loglinear_interp,4,Sodium arsenite,2,DTXSID5020104,2.4862298547114134,predictions
loglinear_interp,4,Tebuconazole,2,DTXSID9032113,2.367483068818855,predictions
loglinear_interp,4,Terbutaline hemisulfate,2,DTXSID3045437,0.7867335949644984,predictions
loglinear_interp,4,Tetraethylthiuram disulfide,2,DTXSID1021322,0.9916577586055112,predictions
loglinear_interp,4,Tetramethrin,2,DTXSID6032649,0.8882672549683956,predictions
loglinear_interp,4,Tribufos,2,DTXSID1024174,1.3927952596958033,predictions
loglinear_interp,4,Trichlorfon,2,DTXSID0021389,1.4591193498092871,predictions
loglinear_interp,4,Trifloxystrobin,2,DTXSID4032580,0.9564315785199895,predictions
loglinear_interp,4,Tris(methylphenyl) phosphate,2,DTXSID4021391,1.1025390323009991,predictions
loglinear_interp,4,"o,p'-DDT",2,parent:DTXSID4020375,1.3712784791392827,predictions
loglinear_interp,4,1-Methyl-4-phenylpyridinium iodide,3,DTXSID40880040,1.1578015538359,predictions
loglinear_interp,4,"2-Ethylhexyl 2,3,4,5-tetrabromobenzoate",3,DTXSID9052686,1.4845360148353732,predictions
loglinear_interp,4,3-Iodo-2-propynyl-N-butylcarbamate,3,DTXSID0028038,0.9049249262207051,predictions
loglinear_interp,4,"5,5-Diphenylhydantoin",3,DTXSID8020541,0.9950558029947413,predictions
loglinear_interp,4,6-Methyl-2-thiouracil,3,DTXSID2020890,1.0561688161490017,predictions
loglinear_interp,4,Acenaphthene,3,DTXSID3021774,0.8710609322846364,predictions
loglinear_interp,4,Allethrin,3,parent:DTXSID2039336,1.0614553233315318,predictions
loglinear_interp,4,Anthracene,3,DTXSID0023878,0.7759418755519436,predictions
loglinear_interp,4,Benzo(b)fluoranthene,3,DTXSID0023907,0.9065232827970569,predictions
loglinear_interp,4,Carbofuran,3,DTXSID9020249,1.1094414147080434,predictions
loglinear_interp,4,Chlorendic acid,3,DTXSID2020268,0.9342740710738611,predictions
loglinear_interp,4,Clodinafop-propargyl,3,DTXSID6032354,0.8785989599668482,predictions
loglinear_interp,4,Cocaine,3,DTXSID2038443,0.7602117603192763,predictions
loglinear_interp,4,Colchicine,3,DTXSID5024845,0.3362836639194975,predictions
loglinear_interp,4,D-Mannitol,3,DTXSID1023235,1.152946747374307,predictions
loglinear_interp,4,DDT,3,parent:DTXSID4020375,1.7767396148163428,predictions
loglinear_interp,4,Deltamethrin,3,DTXSID8020381,1.5174757219856423,predictions
loglinear_interp,4,Dexamethasone,3,DTXSID3020384,1.0998145876648777,predictions
loglinear_interp,4,"Dibenz[a,c]anthracene",3,DTXSID9049245,0.9841377732219057,predictions
loglinear_interp,4,Dicrotophos,3,DTXSID9023914,0.9934292924468858,predictions
loglinear_interp,4,Emamectin benzoate,3,DTXSID0034566,2.12162348925319,predictions
loglinear_interp,4,Es-fenvalerate,3,DTXSID4032667,1.31121170123463,predictions
loglinear_interp,4,Esketamine hydrochloride,3,DTXSID601027734,1.2705192630538127,predictions
loglinear_interp,4,Etofenprox,3,DTXSID9032610,1.0202327427639426,predictions
loglinear_interp,4,Fenpropathrin,3,DTXSID0024002,1.5863037859002878,predictions
loglinear_interp,4,Firemaster 550,3,DTXSID70880073,1.240604125872199,predictions
loglinear_interp,4,Folic acid,3,DTXSID0022519,1.2333605015043725,predictions
loglinear_interp,4,Haloperidol,3,DTXSID4034150,1.487475732190577,predictions
loglinear_interp,4,Hexachlorophene,3,DTXSID6020690,1.7051626229330359,predictions
loglinear_interp,4,Lead(II) acetate trihydrate,3,DTXSID3031521,1.971724325279742,predictions
loglinear_interp,4,Malathion,3,DTXSID4020791,1.2979298165634596,predictions
loglinear_interp,4,Mancozeb,3,DTXSID0034695,0.7427187798656019,predictions
loglinear_interp,4,Manganese(II) acetate,3,parent:DTXSID5027279,0.8563906785165989,predictions
loglinear_interp,4,Naloxone hydrochloride dihydrate,3,DTXSID90199452,1.0211329429547868,predictions
loglinear_interp,4,Phenol,3,DTXSID5021124,1.051883304291243,predictions
loglinear_interp,4,Phorate,3,DTXSID4032459,1.660748382917718,predictions
loglinear_interp,4,Piperonyl butoxide,3,DTXSID1021166,1.5606544128624134,predictions
loglinear_interp,4,Profenofos,3,DTXSID3032464,1.336406523828659,predictions
loglinear_interp,4,Pyrene,3,DTXSID3024289,0.7019577656000748,predictions
loglinear_interp,4,S-Bioallethrin,3,parent:DTXSID2039336,1.3450491550559442,predictions
loglinear_interp,4,Simvastatin,3,DTXSID0023581,1.840860267737661,predictions
loglinear_interp,4,Sodium fluoride,3,DTXSID2020630,0.9101802463432055,predictions
loglinear_interp,4,Spiroxamine,3,DTXSID1034212,1.9481595265933644,predictions
loglinear_interp,4,Tamoxifen,3,DTXSID1034187,1.26335439960072,predictions
loglinear_interp,4,Tefluthrin,3,DTXSID5032577,1.3284006125838599,predictions
loglinear_interp,4,Tetracycline,3,DTXSID7023645,0.9007571565168272,predictions
loglinear_interp,4,Thiamethoxam,3,DTXSID2034962,0.8999303993810874,predictions
loglinear_interp,4,Tributyltin chloride,3,parent:DTXSID3027403,1.1439576084958432,predictions
loglinear_interp,4,Triphenyl phosphates isopropylated,3,DTXSID4028880,1.7394236470113154,predictions
loglinear_interp,4,(-)-Nicotine,4,DTXSID1020930,1.1074949062242048,predictions
loglinear_interp,4,17beta-Estradiol,4,DTXSID0020573,0.7663848200576406,predictions
loglinear_interp,4,"2,2-Bis(4-hydroxyphenyl)-1,1,1-trichloroethane",4,DTXSID8022325,1.369923543029387,predictions
loglinear_interp,4,"4,4'-Sulfonyldiphenol",4,DTXSID3022409,1.1154810214738422,predictions
loglinear_interp,4,6-aminopyridine-3-carboxamide,4,DTXSID5051446,1.4947741881366912,predictions
loglinear_interp,4,Acetamiprid,4,DTXSID0034300,1.5600158324336186,predictions
loglinear_interp,4,Atrazine,4,DTXSID9020112,0.8387425656005065,predictions
loglinear_interp,4,Bensulide,4,DTXSID9032329,1.7607760920220485,predictions
loglinear_interp,4,CP-409092,4,DTXSID2047276,1.138514624996763,predictions
loglinear_interp,4,Captopril,4,DTXSID1037197,1.401540718275016,predictions
loglinear_interp,4,Chlorethoxyfos,4,DTXSID2032344,1.4771535566378264,predictions
loglinear_interp,4,Chlorpyrifos oxon,4,DTXSID1038666,1.3591097956383191,predictions
loglinear_interp,4,Chrysene,4,DTXSID0022432,0.7393079721366262,predictions
loglinear_interp,4,Clove leaf oil,4,DTXSID8044175,1.1960754039389065,predictions
loglinear_interp,4,Cotinine,4,DTXSID1047576,0.7733713524506601,predictions
loglinear_interp,4,Coumaphos,4,DTXSID2020347,1.659697330023936,predictions
loglinear_interp,4,Cypermethrin,4,DTXSID1023998,1.471527234038869,predictions
loglinear_interp,4,D-Glucitol,4,DTXSID5023588,0.8380628538100894,predictions
loglinear_interp,4,Dextroamphetamine sulfate,4,DTXSID2057865,0.8523934607561815,predictions
loglinear_interp,4,Di(2-ethylhexyl) phthalate,4,DTXSID5020607,1.5111603417395263,predictions
loglinear_interp,4,Diazinon,4,DTXSID9020407,1.6089249628920697,predictions
loglinear_interp,4,Dieldrin,4,DTXSID9020453,2.681730252096814,predictions
loglinear_interp,4,Diphenhydramine hydrochloride,4,DTXSID4020537,1.1956366601755593,predictions
loglinear_interp,4,Fosthiazate,4,DTXSID0034930,1.0018921027615106,predictions
loglinear_interp,4,Heptachlor epoxide B,4,DTXSID1024126,2.026949246226831,predictions
loglinear_interp,4,Imidacloprid,4,DTXSID5032442,1.052809759832841,predictions
loglinear_interp,4,Isodecyl diphenyl phosphate,4,DTXSID3025465,0.7910220529975925,predictions
loglinear_interp,4,Kepone,4,DTXSID1020770,1.2008458960976778,predictions
loglinear_interp,4,Methimazole,4,DTXSID4020820,1.4369073589771668,predictions
loglinear_interp,4,Molinate,4,DTXSID6024206,0.9738561311405578,predictions
loglinear_interp,4,Octylbicycloheptenedicarboximide,4,DTXSID6032562,1.1798935910486643,predictions
loglinear_interp,4,Paraquat dichloride,4,DTXSID7024243,2.4383488659043033,predictions
loglinear_interp,4,Perfluoroundecanoic acid,4,DTXSID8047553,0.9035289388183021,predictions
loglinear_interp,4,Phenobarbital,4,parent:DTXSID0021123,0.9142563328471326,predictions
loglinear_interp,4,Phenylmercuric acetate,4,DTXSID7021150,1.109262934121979,predictions
loglinear_interp,4,Phosmet,4,DTXSID5024261,1.2339996272236846,predictions
loglinear_interp,4,Picoxystrobin,4,DTXSID9047542,1.1168864632507136,predictions
loglinear_interp,4,Resmethrin,4,DTXSID7022253,1.1629032173478118,predictions
loglinear_interp,4,Retinoic acid,4,DTXSID7021239,1.851103931406638,predictions
loglinear_interp,4,Rotenone,4,DTXSID6021248,1.3334988996840478,predictions
loglinear_interp,4,Sodium orthovanadate,4,DTXSID2037269,1.3974439415875157,predictions
loglinear_interp,4,Tebupirimfos,4,DTXSID1032482,1.8618240750260544,predictions
loglinear_interp,4,Triphenyl phosphate,4,DTXSID1021952,0.7920498507346367,predictions
loglinear_interp,4,Triphenyl phosphite,4,DTXSID0026252,0.8910419878274489,predictions
loglinear_interp,4,Tris(2-chloroisopropyl)phosphate,4,DTXSID5026259,0.7547567403872654,predictions
loglinear_interp,4,Valinomycin,4,DTXSID9041150,1.1779083567145392,predictions
loglinear_interp,4,tert-Butylphenyl diphenyl phosphate,4,DTXSID6024701,1.805306951621534,predictions
published_neural_process,1,1-Ethyl-3-methyl-1H-imidazol-3-ium diethyl phosphate,0,DTXSID9047889,1.5894787549972533,published_per_chemical
published_neural_process,1,"1H,1H,2H,2H-Perfluorooctyl iodide",0,DTXSID2047565,0.7328185439109802,published_per_chemical
published_neural_process,1,"2,2',4,4',5,5'-Hexabromodiphenyl ether",0,DTXSID4030047,1.7441096544265746,published_per_chemical
published_neural_process,1,"2,2',4,4',5-Pentabromodiphenyl ether",0,DTXSID9030048,1.6838046312332153,published_per_chemical
published_neural_process,1,"2,2',4,4'-Tetrabromodiphenyl ether",0,DTXSID3030056,1.7112805366516113,published_per_chemical
published_neural_process,1,2-Methoxyethanol,0,DTXSID5024182,1.0158333897590637,published_per_chemical
published_neural_process,1,"3,3'-Iminobispropanenitrile",0,DTXSID2041464,0.6926463961601257,published_per_chemical
published_neural_process,1,4H-Cyclopenta(def)phenanthrene,0,DTXSID1024887,1.0534333109855651,published_per_chemical
published_neural_process,1,6-Propyl-2-thiouracil,0,DTXSID5021209,1.4610441207885743,published_per_chemical
published_neural_process,1,Acrylamide,0,DTXSID5020027,1.0901965022087097,published_per_chemical
published_neural_process,1,Aldrin,0,DTXSID8020040,1.740211009979248,published_per_chemical
published_neural_process,1,Benz(a)anthracene,0,DTXSID5023902,1.2211897134780885,published_per_chemical
published_neural_process,1,"Benzo[g,h,i]perylene",0,DTXSID5023908,1.321414840221405,published_per_chemical
published_neural_process,1,Boric acid (H3BO3),0,DTXSID1020194,0.9386442184448243,published_per_chemical
published_neural_process,1,Boscalid,0,DTXSID6034392,0.7347075581550598,published_per_chemical
published_neural_process,1,CP-457920,0,DTXSID4047254,1.1122873425483704,published_per_chemical
published_neural_process,1,Chlorpyrifos,0,DTXSID4020458,1.5500243186950684,published_per_chemical
published_neural_process,1,Cyfluthrin,0,DTXSID5035957,1.2194691181182862,published_per_chemical
published_neural_process,1,Cytarabine,0,DTXSID3022877,2.184276485443115,published_per_chemical
published_neural_process,1,"Dibenz[a,h]anthracene",0,DTXSID9020409,1.2423758625984191,published_per_chemical
published_neural_process,1,Disulfoton,0,DTXSID0022018,0.6508395433425903,published_per_chemical
published_neural_process,1,Enadoline,0,DTXSID4047258,1.3360902786254882,published_per_chemical
published_neural_process,1,Erythromycin,0,DTXSID4022991,1.2404101371765137,published_per_chemical
published_neural_process,1,Ethoprop,0,DTXSID4032611,1.1088649034500122,published_per_chemical
published_neural_process,1,Fenamiphos,0,DTXSID3024102,1.1596017599105835,published_per_chemical
published_neural_process,1,Fluconazole,0,DTXSID3020627,1.0469130873680115,published_per_chemical
published_neural_process,1,Flufenacet,0,DTXSID2032552,0.7856216907501221,published_per_chemical
published_neural_process,1,Fluoxastrobin,0,DTXSID2034625,1.208304762840271,published_per_chemical
published_neural_process,1,Fluoxetine hydrochloride,0,DTXSID7020635,2.147076201438904,published_per_chemical
published_neural_process,1,Flusilazole,0,DTXSID3024235,1.5271162748336793,published_per_chemical
published_neural_process,1,Glyphosate,0,DTXSID1024122,1.322248911857605,published_per_chemical
published_neural_process,1,Hydroxyurea,0,DTXSID6025438,1.6497333288192748,published_per_chemical
published_neural_process,1,Isoniazid,0,DTXSID8020755,1.433050274848938,published_per_chemical
published_neural_process,1,L-Domoic acid,0,DTXSID20274180,1.5151365041732787,published_per_chemical
published_neural_process,1,Lactofen,0,DTXSID7024160,0.9383069515228272,published_per_chemical
published_neural_process,1,Lovastatin,0,DTXSID5020784,2.0398877382278444,published_per_chemical
published_neural_process,1,Methadone hydrochloride,0,DTXSID2020501,1.3152383804321288,published_per_chemical
published_neural_process,1,Methotrexate,0,DTXSID4020822,4.7532106876373295,published_per_chemical
published_neural_process,1,Naphthalene,0,DTXSID8020913,1.2382853746414184,published_per_chemical
published_neural_process,1,Omethoate,0,DTXSID4037580,1.2628369450569152,published_per_chemical
published_neural_process,1,Phenobarbital sodium,0,parent:DTXSID0021123,1.199398124217987,published_per_chemical
published_neural_process,1,Pirimiphos-methyl,0,DTXSID0024266,1.5712303161621093,published_per_chemical
published_neural_process,1,Pyraclostrobin,0,DTXSID7032638,1.7489222764968873,published_per_chemical
published_neural_process,1,Sodium benzoate,0,DTXSID1020140,0.9201585650444031,published_per_chemical
published_neural_process,1,Spirodiclofen,0,DTXSID6034928,0.6803258538246155,published_per_chemical
published_neural_process,1,Thiacloprid,0,DTXSID7034961,1.1593333244323731,published_per_chemical
published_neural_process,1,Triclosan,0,DTXSID5032498,1.8735756397247314,published_per_chemical
published_neural_process,1,Triethyltin bromide,0,DTXSID9040712,2.4635328531265257,published_per_chemical
published_neural_process,1,"p,p'-DDE",0,DTXSID9020374,0.8945373296737671,published_per_chemical
published_neural_process,1,(Methylcyclopentadienyl)tricarbonylmanganese,1,DTXSID9027738,1.0561829566955567,published_per_chemical
published_neural_process,1,"1,2-Propylene glycol",1,DTXSID0021206,2.0896546125411986,published_per_chemical
published_neural_process,1,5-Chloro-2-methyl-3(2H)-isothiazolone,1,DTXSID9034286,1.564353919029236,published_per_chemical
published_neural_process,1,5-Fluorouracil,1,DTXSID2020634,2.3694138050079347,published_per_chemical
published_neural_process,1,Acephate,1,DTXSID8023846,1.1505784511566162,published_per_chemical
published_neural_process,1,Acetaminophen,1,DTXSID2020006,0.8835724830627442,published_per_chemical
published_neural_process,1,Aspirin,1,DTXSID5020108,1.0386541724205016,published_per_chemical
published_neural_process,1,Auramine hydrochloride,1,DTXSID9020114,1.6030181765556335,published_per_chemical
published_neural_process,1,Benzo[k]fluoranthene,1,DTXSID0023909,1.1511144042015076,published_per_chemical
published_neural_process,1,Berberine chloride,1,DTXSID8024602,1.2979572057723998,published_per_chemical
published_neural_process,1,Bifenthrin,1,DTXSID9020160,1.54061861038208,published_per_chemical
published_neural_process,1,Bis(tributyltin)oxide,1,parent:DTXSID3027403,3.3297401905059814,published_per_chemical
published_neural_process,1,Bisindolylmaleimide I,1,DTXSID50157932,1.3487075805664062,published_per_chemical
published_neural_process,1,Bisphenol A,1,DTXSID7020182,1.3830175161361695,published_per_chemical
published_neural_process,1,Busulfan,1,DTXSID3020910,0.7564591288566589,published_per_chemical
published_neural_process,1,Caffeine,1,DTXSID0020232,1.2850940704345704,published_per_chemical
published_neural_process,1,Chlordiazepoxide hydrochloride,1,DTXSID40880060,1.7305538415908814,published_per_chemical
published_neural_process,1,Cyclophosphamide monohydrate,1,DTXSID6024888,1.2205102443695068,published_per_chemical
published_neural_process,1,Cymoxanil,1,DTXSID6032358,0.7887879610061646,published_per_chemical
published_neural_process,1,Diazepam,1,DTXSID4020406,2.0922043800354,published_per_chemical
published_neural_process,1,Diazoxon,1,DTXSID5037523,1.3408748984336853,published_per_chemical
published_neural_process,1,Diethylene glycol,1,DTXSID8020462,0.970753276348114,published_per_chemical
published_neural_process,1,Diethylstilbestrol,1,DTXSID3020465,1.4588783502578735,published_per_chemical
published_neural_process,1,Difpas-pyrazole,1,DTXSID6048175,1.334387469291687,published_per_chemical
published_neural_process,1,Dimethoate,1,DTXSID7020479,1.1146040678024292,published_per_chemical
published_neural_process,1,Endosulfan,1,DTXSID1020560,2.1220558166503904,published_per_chemical
published_neural_process,1,Endrin,1,DTXSID6020561,2.0531581163406374,published_per_chemical
published_neural_process,1,Fenitrothion,1,DTXSID4032613,0.6535008072853088,published_per_chemical
published_neural_process,1,Loperamide,1,DTXSID00880006,1.6527377843856812,published_per_chemical
published_neural_process,1,Malaoxon,1,DTXSID9020790,1.053395938873291,published_per_chemical
published_neural_process,1,Methoxychlor,1,DTXSID9020827,1.4146432161331177,published_per_chemical
published_neural_process,1,Naled,1,DTXSID1024209,1.51341872215271,published_per_chemical
published_neural_process,1,Oxidopamine hydrochloride,1,DTXSID0045838,1.4242783546447755,published_per_chemical
published_neural_process,1,Permethrin,1,DTXSID8022292,1.4052371978759766,published_per_chemical
published_neural_process,1,PharmaGSID_47330,1,DTXSID9047330,1.1549643754959107,published_per_chemical
published_neural_process,1,Phenanthrene,1,DTXSID6024254,0.5283355951309204,published_per_chemical
published_neural_process,1,Pravastatin sodium,1,DTXSID6047525,1.7152441263198852,published_per_chemical
published_neural_process,1,S-Ethyl dipropylthiocarbamate,1,DTXSID1024091,0.9309346556663514,published_per_chemical
published_neural_process,1,Sodium saccharin hydrate,1,DTXSID7021992,1.815443992614746,published_per_chemical
published_neural_process,1,Sodium valproate,1,DTXSID5037072,1.4495334863662719,published_per_chemical
published_neural_process,1,Terbufos,1,DTXSID2022254,1.258737063407898,published_per_chemical
published_neural_process,1,Thalidomide,1,DTXSID9022524,1.5985315799713136,published_per_chemical
published_neural_process,1,Tributyltin methacrylate,1,parent:DTXSID3027403,1.3254132986068725,published_per_chemical
published_neural_process,1,Trimethyltin hydroxide,1,DTXSID9032240,2.6251597881317137,published_per_chemical
published_neural_process,1,"Tris(1,3-dichloro-2-propyl) phosphate",1,DTXSID9026261,1.4523762941360474,published_per_chemical
published_neural_process,1,Tris(2-chloroethyl) phosphate,1,DTXSID5021411,1.7686962366104126,published_per_chemical
published_neural_process,1,Z-Tetrachlorvinphos,1,DTXSID1032648,1.3571176052093505,published_per_chemical
published_neural_process,1,"p,p'-DDD",1,DTXSID4020373,1.2425988078117371,published_per_chemical
published_neural_process,1,tert-Butylhydroquinone,1,DTXSID6020220,1.6219505548477173,published_per_chemical
published_neural_process,1,2-(m-Chlorophenoxy)propionic acid,2,DTXSID9034232,1.3225131988525392,published_per_chemical
published_neural_process,1,2-Ethylhexyl diphenyl phosphate,2,DTXSID1025300,1.2543910264968872,published_per_chemical
published_neural_process,1,"3,3',5,5'-Tetrabromobisphenol A",2,DTXSID1026081,1.1965902209281922,published_per_chemical
published_neural_process,1,Abamectin,2,DTXSID8023892,2.478048396110535,published_per_chemical
published_neural_process,1,Acenaphthylene,2,DTXSID3023845,0.7719265580177307,published_per_chemical
published_neural_process,1,Aldicarb,2,DTXSID0039223,1.445539164543152,published_per_chemical
published_neural_process,1,Amoxicillin,2,DTXSID3037044,1.176697564125061,published_per_chemical
published_neural_process,1,Azoxystrobin,2,DTXSID0032520,1.799196481704712,published_per_chemical
published_neural_process,1,Benzo[a]pyrene,2,DTXSID2020139,1.1473498106002809,published_per_chemical
published_neural_process,1,Benzo[e]pyrene,2,DTXSID3023764,1.219339418411255,published_per_chemical
published_neural_process,1,Bis(2-ethylhexyl) tetrabromophthalate,2,DTXSID7027887,1.5260712146759032,published_per_chemical
published_neural_process,1,Bisphenol AF,2,DTXSID7037717,1.0276403427124023,published_per_chemical
published_neural_process,1,Bisphenol B,2,DTXSID4022442,1.1836426734924317,published_per_chemical
published_neural_process,1,Cadmium(II) chloride hydrate (2:5),2,DTXSID4040183,2.3426071643829345,published_per_chemical
published_neural_process,1,Captan,2,DTXSID9020243,0.9594667792320252,published_per_chemical
published_neural_process,1,Carbamazepine,2,DTXSID4022731,1.3476159572601318,published_per_chemical
published_neural_process,1,Carbaryl,2,DTXSID9020247,2.357868695259094,published_per_chemical
published_neural_process,1,Cariporide mesylate,2,DTXSID3047344,1.1346481204032899,published_per_chemical
published_neural_process,1,Chloramben,2,DTXSID2020262,1.0294262051582337,published_per_chemical
published_neural_process,1,Chlorpromazine hydrochloride,2,DTXSID7024827,1.3276004552841187,published_per_chemical
published_neural_process,1,Clothianidin,2,DTXSID2034465,0.8026319980621338,published_per_chemical
published_neural_process,1,Dichlorvos,2,DTXSID5020449,0.970837390422821,published_per_chemical
published_neural_process,1,Eugenol,2,DTXSID9020617,1.1057693243026734,published_per_chemical
published_neural_process,1,Fipronil,2,DTXSID4034609,1.6618842601776123,published_per_chemical
published_neural_process,1,Fluorene,2,DTXSID8024105,0.5870957255363465,published_per_chemical
published_neural_process,1,Glycerol,2,DTXSID9020663,0.8276029586791992,published_per_chemical
published_neural_process,1,L-Ascorbic acid,2,DTXSID5020106,1.13160959482193,published_per_chemical
published_neural_process,1,Lindane,2,DTXSID2020686,1.7076148748397828,published_per_chemical
published_neural_process,1,Maneb,2,DTXSID9020794,1.5728349089622498,published_per_chemical
published_neural_process,1,Manganese dichloride,2,parent:DTXSID5027279,1.7086124420166016,published_per_chemical
published_neural_process,1,Mercuric chloride,2,DTXSID5020811,1.527076745033264,published_per_chemical
published_neural_process,1,Methamidophos,2,DTXSID6024177,1.178343904018402,published_per_chemical
published_neural_process,1,Methylmercuric(II) chloride,2,DTXSID5020813,2.4815698146820067,published_per_chemical
published_neural_process,1,Mevastatin,2,DTXSID4040684,1.672257137298584,published_per_chemical
published_neural_process,1,Mirex,2,DTXSID7020895,2.0426087856292723,published_per_chemical
published_neural_process,1,"Octachloro-4,7-methanotetrahydroindane",2,DTXSID7020267,1.182885432243347,published_per_chemical
published_neural_process,1,Parathion,2,DTXSID7021100,1.196536922454834,published_per_chemical
published_neural_process,1,Prallethrin,2,DTXSID0032572,1.1531296730041505,published_per_chemical
published_neural_process,1,Reserpine,2,DTXSID7021237,2.0312591075897215,published_per_chemical
published_neural_process,1,Sodium arsenite,2,DTXSID5020104,2.2582735061645507,published_per_chemical
published_neural_process,1,Tebuconazole,2,DTXSID9032113,2.7603995323181154,published_per_chemical
published_neural_process,1,Terbutaline hemisulfate,2,DTXSID3045437,1.947249460220337,published_per_chemical
published_neural_process,1,Tetraethylthiuram disulfide,2,DTXSID1021322,1.4563465118408203,published_per_chemical
published_neural_process,1,Tetramethrin,2,DTXSID6032649,0.8412322044372559,published_per_chemical
published_neural_process,1,Tribufos,2,DTXSID1024174,1.5673913478851318,published_per_chemical
published_neural_process,1,Trichlorfon,2,DTXSID0021389,1.5046704292297364,published_per_chemical
published_neural_process,1,Trifloxystrobin,2,DTXSID4032580,1.6180336713790893,published_per_chemical
published_neural_process,1,Tris(methylphenyl) phosphate,2,DTXSID4021391,0.9288736581802368,published_per_chemical
published_neural_process,1,"o,p'-DDT",2,parent:DTXSID4020375,1.6657028436660766,published_per_chemical
published_neural_process,1,1-Methyl-4-phenylpyridinium iodide,3,DTXSID40880040,1.3109022855758667,published_per_chemical
published_neural_process,1,"2-Ethylhexyl 2,3,4,5-tetrabromobenzoate",3,DTXSID9052686,1.6661335706710816,published_per_chemical
published_neural_process,1,3-Iodo-2-propynyl-N-butylcarbamate,3,DTXSID0028038,1.403313899040222,published_per_chemical
published_neural_process,1,"5,5-Diphenylhydantoin",3,DTXSID8020541,1.0009371519088746,published_per_chemical
published_neural_process,1,6-Methyl-2-thiouracil,3,DTXSID2020890,1.1419270038604736,published_per_chemical
published_neural_process,1,Acenaphthene,3,DTXSID3021774,0.9153759956359864,published_per_chemical
published_neural_process,1,Allethrin,3,parent:DTXSID2039336,1.1065833210945129,published_per_chemical
published_neural_process,1,Anthracene,3,DTXSID0023878,0.7719141125679017,published_per_chemical
published_neural_process,1,Benzo(b)fluoranthene,3,DTXSID0023907,1.2707035541534424,published_per_chemical
published_neural_process,1,Carbofuran,3,DTXSID9020249,0.920407235622406,published_per_chemical
published_neural_process,1,Chlorendic acid,3,DTXSID2020268,0.9721768260002136,published_per_chemical
published_neural_process,1,Clodinafop-propargyl,3,DTXSID6032354,0.8703777551651001,published_per_chemical
published_neural_process,1,Cocaine,3,DTXSID2038443,1.531162405014038,published_per_chemical
published_neural_process,1,Colchicine,3,DTXSID5024845,4.317413640022278,published_per_chemical
published_neural_process,1,D-Mannitol,3,DTXSID1023235,1.2082656621932983,published_per_chemical
published_neural_process,1,DDT,3,parent:DTXSID4020375,1.5691695928573608,published_per_chemical
published_neural_process,1,Deltamethrin,3,DTXSID8020381,1.8322706699371338,published_per_chemical
published_neural_process,1,Dexamethasone,3,DTXSID3020384,1.2380869150161744,published_per_chemical
published_neural_process,1,"Dibenz[a,c]anthracene",3,DTXSID9049245,1.2377654790878296,published_per_chemical
published_neural_process,1,Dicrotophos,3,DTXSID9023914,1.5497622728347777,published_per_chemical
published_neural_process,1,Emamectin benzoate,3,DTXSID0034566,1.9452151536941529,published_per_chemical
published_neural_process,1,Es-fenvalerate,3,DTXSID4032667,1.6476637840270996,published_per_chemical
published_neural_process,1,Esketamine hydrochloride,3,DTXSID601027734,1.5222813606262207,published_per_chemical
published_neural_process,1,Etofenprox,3,DTXSID9032610,1.0717436075210571,published_per_chemical
published_neural_process,1,Fenpropathrin,3,DTXSID0024002,1.464636778831482,published_per_chemical
published_neural_process,1,Firemaster 550,3,DTXSID70880073,1.3960373640060424,published_per_chemical
published_neural_process,1,Folic acid,3,DTXSID0022519,1.1529906272888184,published_per_chemical
published_neural_process,1,Haloperidol,3,DTXSID4034150,1.3523547172546386,published_per_chemical
published_neural_process,1,Hexachlorophene,3,DTXSID6020690,2.102751636505127,published_per_chemical
published_neural_process,1,Lead(II) acetate trihydrate,3,DTXSID3031521,1.474601411819458,published_per_chemical
published_neural_process,1,Malathion,3,DTXSID4020791,1.0727477312088012,published_per_chemical
published_neural_process,1,Mancozeb,3,DTXSID0034695,0.766070544719696,published_per_chemical
published_neural_process,1,Manganese(II) acetate,3,parent:DTXSID5027279,0.8407284140586853,published_per_chemical
published_neural_process,1,Naloxone hydrochloride dihydrate,3,DTXSID90199452,1.2552790760993957,published_per_chemical
published_neural_process,1,Phenol,3,DTXSID5021124,1.2788978815078735,published_per_chemical
published_neural_process,1,Phorate,3,DTXSID4032459,1.2768354177474976,published_per_chemical
published_neural_process,1,Piperonyl butoxide,3,DTXSID1021166,1.3096791744232177,published_per_chemical
published_neural_process,1,Profenofos,3,DTXSID3032464,1.6281034469604492,published_per_chemical
published_neural_process,1,Pyrene,3,DTXSID3024289,0.7079764008522034,published_per_chemical
published_neural_process,1,S-Bioallethrin,3,parent:DTXSID2039336,1.0102328419685365,published_per_chemical
published_neural_process,1,Simvastatin,3,DTXSID0023581,1.9204694271087646,published_per_chemical
published_neural_process,1,Sodium fluoride,3,DTXSID2020630,1.335221564769745,published_per_chemical
published_neural_process,1,Spiroxamine,3,DTXSID1034212,1.9309437274932861,published_per_chemical
published_neural_process,1,Tamoxifen,3,DTXSID1034187,1.6776032209396363,published_per_chemical
published_neural_process,1,Tefluthrin,3,DTXSID5032577,1.4848618745803832,published_per_chemical
published_neural_process,1,Tetracycline,3,DTXSID7023645,1.0380039453506469,published_per_chemical
published_neural_process,1,Thiamethoxam,3,DTXSID2034962,1.2875403761863708,published_per_chemical
published_neural_process,1,Tributyltin chloride,3,parent:DTXSID3027403,1.1644478917121888,published_per_chemical
published_neural_process,1,Triphenyl phosphates isopropylated,3,DTXSID4028880,1.393010425567627,published_per_chemical
published_neural_process,1,(-)-Nicotine,4,DTXSID1020930,1.8114521026611328,published_per_chemical
published_neural_process,1,17beta-Estradiol,4,DTXSID0020573,0.9778531193733215,published_per_chemical
published_neural_process,1,"2,2-Bis(4-hydroxyphenyl)-1,1,1-trichloroethane",4,DTXSID8022325,1.196586799621582,published_per_chemical
published_neural_process,1,"4,4'-Sulfonyldiphenol",4,DTXSID3022409,1.5391591548919679,published_per_chemical
published_neural_process,1,6-aminopyridine-3-carboxamide,4,DTXSID5051446,2.748220372200012,published_per_chemical
published_neural_process,1,Acetamiprid,4,DTXSID0034300,1.2765573740005494,published_per_chemical
published_neural_process,1,Atrazine,4,DTXSID9020112,0.9789840459823609,published_per_chemical
published_neural_process,1,Bensulide,4,DTXSID9032329,1.319286823272705,published_per_chemical
published_neural_process,1,CP-409092,4,DTXSID2047276,1.2312724590301514,published_per_chemical
published_neural_process,1,Captopril,4,DTXSID1037197,1.2686233997344971,published_per_chemical
published_neural_process,1,Chlorethoxyfos,4,DTXSID2032344,1.5106845140457152,published_per_chemical
published_neural_process,1,Chlorpyrifos oxon,4,DTXSID1038666,1.4930021524429322,published_per_chemical
published_neural_process,1,Chrysene,4,DTXSID0022432,0.8510035514831543,published_per_chemical
published_neural_process,1,Clove leaf oil,4,DTXSID8044175,1.67646644115448,published_per_chemical
published_neural_process,1,Cotinine,4,DTXSID1047576,0.9512232303619385,published_per_chemical
published_neural_process,1,Coumaphos,4,DTXSID2020347,1.2211666703224182,published_per_chemical
published_neural_process,1,Cypermethrin,4,DTXSID1023998,1.2478752136230469,published_per_chemical
published_neural_process,1,D-Glucitol,4,DTXSID5023588,1.7487630605697633,published_per_chemical
published_neural_process,1,Dextroamphetamine sulfate,4,DTXSID2057865,0.9461739659309387,published_per_chemical
published_neural_process,1,Di(2-ethylhexyl) phthalate,4,DTXSID5020607,1.529812741279602,published_per_chemical
published_neural_process,1,Diazinon,4,DTXSID9020407,1.465153121948242,published_per_chemical
published_neural_process,1,Dieldrin,4,DTXSID9020453,2.2033714056015015,published_per_chemical
published_neural_process,1,Diphenhydramine hydrochloride,4,DTXSID4020537,1.3488641500473022,published_per_chemical
published_neural_process,1,Fosthiazate,4,DTXSID0034930,0.9910248398780823,published_per_chemical
published_neural_process,1,Heptachlor epoxide B,4,DTXSID1024126,1.7092658281326294,published_per_chemical
published_neural_process,1,Imidacloprid,4,DTXSID5032442,1.390640413761139,published_per_chemical
published_neural_process,1,Isodecyl diphenyl phosphate,4,DTXSID3025465,1.0928044676780702,published_per_chemical
published_neural_process,1,Kepone,4,DTXSID1020770,1.4765835285186768,published_per_chemical
published_neural_process,1,Methimazole,4,DTXSID4020820,1.210692048072815,published_per_chemical
published_neural_process,1,Molinate,4,DTXSID6024206,0.9379184007644653,published_per_chemical
published_neural_process,1,Octylbicycloheptenedicarboximide,4,DTXSID6032562,1.050155234336853,published_per_chemical
published_neural_process,1,Paraquat dichloride,4,DTXSID7024243,2.400342416763306,published_per_chemical
published_neural_process,1,Perfluoroundecanoic acid,4,DTXSID8047553,1.1268105506896973,published_per_chemical
published_neural_process,1,Phenobarbital,4,parent:DTXSID0021123,1.7577751636505128,published_per_chemical
published_neural_process,1,Phenylmercuric acetate,4,DTXSID7021150,1.1590089201927185,published_per_chemical
published_neural_process,1,Phosmet,4,DTXSID5024261,1.350612962245941,published_per_chemical
published_neural_process,1,Picoxystrobin,4,DTXSID9047542,1.2448053121566773,published_per_chemical
published_neural_process,1,Resmethrin,4,DTXSID7022253,0.9384212255477905,published_per_chemical
published_neural_process,1,Retinoic acid,4,DTXSID7021239,1.9821597337722778,published_per_chemical
published_neural_process,1,Rotenone,4,DTXSID6021248,1.3635522365570067,published_per_chemical
published_neural_process,1,Sodium orthovanadate,4,DTXSID2037269,1.3291081309318542,published_per_chemical
published_neural_process,1,Tebupirimfos,4,DTXSID1032482,1.3660169839859009,published_per_chemical
published_neural_process,1,Triphenyl phosphate,4,DTXSID1021952,0.9855870604515076,published_per_chemical
published_neural_process,1,Triphenyl phosphite,4,DTXSID0026252,0.8149784564971924,published_per_chemical
published_neural_process,1,Tris(2-chloroisopropyl)phosphate,4,DTXSID5026259,1.033281672000885,published_per_chemical
published_neural_process,1,Valinomycin,4,DTXSID9041150,3.203255605697632,published_per_chemical
published_neural_process,1,tert-Butylphenyl diphenyl phosphate,4,DTXSID6024701,1.6153140783309936,published_per_chemical
published_neural_process,2,1-Ethyl-3-methyl-1H-imidazol-3-ium diethyl phosphate,0,DTXSID9047889,1.1220687866210937,published_per_chemical
published_neural_process,2,"1H,1H,2H,2H-Perfluorooctyl iodide",0,DTXSID2047565,0.6940908193588257,published_per_chemical
published_neural_process,2,"2,2',4,4',5,5'-Hexabromodiphenyl ether",0,DTXSID4030047,1.6190603494644165,published_per_chemical
published_neural_process,2,"2,2',4,4',5-Pentabromodiphenyl ether",0,DTXSID9030048,1.3322859525680542,published_per_chemical
published_neural_process,2,"2,2',4,4'-Tetrabromodiphenyl ether",0,DTXSID3030056,1.6440782308578492,published_per_chemical
published_neural_process,2,2-Methoxyethanol,0,DTXSID5024182,0.8346188187599182,published_per_chemical
published_neural_process,2,"3,3'-Iminobispropanenitrile",0,DTXSID2041464,0.6922334671020508,published_per_chemical
published_neural_process,2,4H-Cyclopenta(def)phenanthrene,0,DTXSID1024887,0.829982602596283,published_per_chemical
published_neural_process,2,6-Propyl-2-thiouracil,0,DTXSID5021209,1.547960925102234,published_per_chemical
published_neural_process,2,Acrylamide,0,DTXSID5020027,1.1007882237434388,published_per_chemical
published_neural_process,2,Aldrin,0,DTXSID8020040,1.0899399280548097,published_per_chemical
published_neural_process,2,Benz(a)anthracene,0,DTXSID5023902,1.0167328119277954,published_per_chemical
published_neural_process,2,"Benzo[g,h,i]perylene",0,DTXSID5023908,1.3681568861007691,published_per_chemical
published_neural_process,2,Boric acid (H3BO3),0,DTXSID1020194,0.7795617699623107,published_per_chemical
published_neural_process,2,Boscalid,0,DTXSID6034392,0.6979404211044311,published_per_chemical
published_neural_process,2,CP-457920,0,DTXSID4047254,1.0045578241348267,published_per_chemical
published_neural_process,2,Chlorpyrifos,0,DTXSID4020458,1.2519593954086303,published_per_chemical
published_neural_process,2,Cyfluthrin,0,DTXSID5035957,0.9962830066680908,published_per_chemical
published_neural_process,2,Cytarabine,0,DTXSID3022877,1.5234490633010864,published_per_chemical
published_neural_process,2,"Dibenz[a,h]anthracene",0,DTXSID9020409,0.9874070405960083,published_per_chemical
published_neural_process,2,Disulfoton,0,DTXSID0022018,0.6135759115219116,published_per_chemical
published_neural_process,2,Enadoline,0,DTXSID4047258,1.272864294052124,published_per_chemical
published_neural_process,2,Erythromycin,0,DTXSID4022991,1.0724608778953553,published_per_chemical
published_neural_process,2,Ethoprop,0,DTXSID4032611,1.0128617525100707,published_per_chemical
published_neural_process,2,Fenamiphos,0,DTXSID3024102,1.0942534923553466,published_per_chemical
published_neural_process,2,Fluconazole,0,DTXSID3020627,1.0081259250640868,published_per_chemical
published_neural_process,2,Flufenacet,0,DTXSID2032552,0.8930084705352783,published_per_chemical
published_neural_process,2,Fluoxastrobin,0,DTXSID2034625,0.8761338591575623,published_per_chemical
published_neural_process,2,Fluoxetine hydrochloride,0,DTXSID7020635,1.6678738117218017,published_per_chemical
published_neural_process,2,Flusilazole,0,DTXSID3024235,1.4360122442245484,published_per_chemical
published_neural_process,2,Glyphosate,0,DTXSID1024122,1.4604739665985107,published_per_chemical
published_neural_process,2,Hydroxyurea,0,DTXSID6025438,1.663478183746338,published_per_chemical
published_neural_process,2,Isoniazid,0,DTXSID8020755,1.2112221717834473,published_per_chemical
published_neural_process,2,L-Domoic acid,0,DTXSID20274180,1.4548256397247314,published_per_chemical
published_neural_process,2,Lactofen,0,DTXSID7024160,1.11436927318573,published_per_chemical
published_neural_process,2,Lovastatin,0,DTXSID5020784,2.03332781791687,published_per_chemical
published_neural_process,2,Methadone hydrochloride,0,DTXSID2020501,1.2544473648071288,published_per_chemical
published_neural_process,2,Methotrexate,0,DTXSID4020822,4.392435121536255,published_per_chemical
published_neural_process,2,Naphthalene,0,DTXSID8020913,1.0784321665763854,published_per_chemical
published_neural_process,2,Omethoate,0,DTXSID4037580,1.161160171031952,published_per_chemical
published_neural_process,2,Phenobarbital sodium,0,parent:DTXSID0021123,1.426334762573242,published_per_chemical
published_neural_process,2,Pirimiphos-methyl,0,DTXSID0024266,1.3072699785232544,published_per_chemical
published_neural_process,2,Pyraclostrobin,0,DTXSID7032638,1.804701042175293,published_per_chemical
published_neural_process,2,Sodium benzoate,0,DTXSID1020140,1.008881723880768,published_per_chemical
published_neural_process,2,Spirodiclofen,0,DTXSID6034928,0.5619812130928039,published_per_chemical
published_neural_process,2,Thiacloprid,0,DTXSID7034961,0.9947562217712402,published_per_chemical
published_neural_process,2,Triclosan,0,DTXSID5032498,1.911406660079956,published_per_chemical
published_neural_process,2,Triethyltin bromide,0,DTXSID9040712,2.236319589614868,published_per_chemical
published_neural_process,2,"p,p'-DDE",0,DTXSID9020374,0.8873121261596679,published_per_chemical
published_neural_process,2,(Methylcyclopentadienyl)tricarbonylmanganese,1,DTXSID9027738,1.0452274680137634,published_per_chemical
published_neural_process,2,"1,2-Propylene glycol",1,DTXSID0021206,1.8625964879989625,published_per_chemical
published_neural_process,2,5-Chloro-2-methyl-3(2H)-isothiazolone,1,DTXSID9034286,1.7403472900390624,published_per_chemical
published_neural_process,2,5-Fluorouracil,1,DTXSID2020634,2.208766293525696,published_per_chemical
published_neural_process,2,Acephate,1,DTXSID8023846,1.0615671753883362,published_per_chemical
published_neural_process,2,Acetaminophen,1,DTXSID2020006,0.7444267094135284,published_per_chemical
published_neural_process,2,Aspirin,1,DTXSID5020108,0.8549893856048584,published_per_chemical
published_neural_process,2,Auramine hydrochloride,1,DTXSID9020114,1.9269932508468628,published_per_chemical
published_neural_process,2,Benzo[k]fluoranthene,1,DTXSID0023909,1.0355000257492066,published_per_chemical
published_neural_process,2,Berberine chloride,1,DTXSID8024602,0.8780509233474731,published_per_chemical
published_neural_process,2,Bifenthrin,1,DTXSID9020160,1.199505364894867,published_per_chemical
published_neural_process,2,Bis(tributyltin)oxide,1,parent:DTXSID3027403,2.9388126373291015,published_per_chemical
published_neural_process,2,Bisindolylmaleimide I,1,DTXSID50157932,1.0599783539772034,published_per_chemical
published_neural_process,2,Bisphenol A,1,DTXSID7020182,1.030335581302643,published_per_chemical
published_neural_process,2,Busulfan,1,DTXSID3020910,0.725507664680481,published_per_chemical
published_neural_process,2,Caffeine,1,DTXSID0020232,1.1449178338050843,published_per_chemical
published_neural_process,2,Chlordiazepoxide hydrochloride,1,DTXSID40880060,1.6397102117538451,published_per_chemical
published_neural_process,2,Cyclophosphamide monohydrate,1,DTXSID6024888,1.1454020857810974,published_per_chemical
published_neural_process,2,Cymoxanil,1,DTXSID6032358,0.6495672941207886,published_per_chemical
published_neural_process,2,Diazepam,1,DTXSID4020406,1.453281331062317,published_per_chemical
published_neural_process,2,Diazoxon,1,DTXSID5037523,1.2192352056503295,published_per_chemical
published_neural_process,2,Diethylene glycol,1,DTXSID8020462,0.9019140124320983,published_per_chemical
published_neural_process,2,Diethylstilbestrol,1,DTXSID3020465,1.1129323840141296,published_per_chemical
published_neural_process,2,Difpas-pyrazole,1,DTXSID6048175,1.3629828691482544,published_per_chemical
published_neural_process,2,Dimethoate,1,DTXSID7020479,0.9128741979598999,published_per_chemical
published_neural_process,2,Endosulfan,1,DTXSID1020560,2.168925404548645,published_per_chemical
published_neural_process,2,Endrin,1,DTXSID6020561,1.5838390350341798,published_per_chemical
published_neural_process,2,Fenitrothion,1,DTXSID4032613,0.637544584274292,published_per_chemical
published_neural_process,2,Loperamide,1,DTXSID00880006,1.765884518623352,published_per_chemical
published_neural_process,2,Malaoxon,1,DTXSID9020790,0.9864489912986756,published_per_chemical
published_neural_process,2,Methoxychlor,1,DTXSID9020827,1.3182787418365478,published_per_chemical
published_neural_process,2,Naled,1,DTXSID1024209,1.2572053790092468,published_per_chemical
published_neural_process,2,Oxidopamine hydrochloride,1,DTXSID0045838,1.4377617120742798,published_per_chemical
published_neural_process,2,Permethrin,1,DTXSID8022292,1.6018275022506714,published_per_chemical
published_neural_process,2,PharmaGSID_47330,1,DTXSID9047330,1.1681322574615478,published_per_chemical
published_neural_process,2,Phenanthrene,1,DTXSID6024254,0.5028262317180634,published_per_chemical
published_neural_process,2,Pravastatin sodium,1,DTXSID6047525,1.8649487495422363,published_per_chemical
published_neural_process,2,S-Ethyl dipropylthiocarbamate,1,DTXSID1024091,0.726002824306488,published_per_chemical
published_neural_process,2,Sodium saccharin hydrate,1,DTXSID7021992,1.0728774905204772,published_per_chemical
published_neural_process,2,Sodium valproate,1,DTXSID5037072,1.4120036363601685,published_per_chemical
published_neural_process,2,Terbufos,1,DTXSID2022254,1.1106624245643615,published_per_chemical
published_neural_process,2,Thalidomide,1,DTXSID9022524,1.5722539901733399,published_per_chemical
published_neural_process,2,Tributyltin methacrylate,1,parent:DTXSID3027403,1.2888738989830018,published_per_chemical
published_neural_process,2,Trimethyltin hydroxide,1,DTXSID9032240,2.3480966806411745,published_per_chemical
published_neural_process,2,"Tris(1,3-dichloro-2-propyl) phosphate",1,DTXSID9026261,1.168432593345642,published_per_chemical
published_neural_process,2,Tris(2-chloroethyl) phosphate,1,DTXSID5021411,1.7576614379882813,published_per_chemical
published_neural_process,2,Z-Tetrachlorvinphos,1,DTXSID1032648,1.4415247201919557,published_per_chemical
published_neural_process,2,"p,p'-DDD",1,DTXSID4020373,1.2616240978240967,published_per_chemical
published_neural_process,2,tert-Butylhydroquinone,1,DTXSID6020220,1.453070044517517,published_per_chemical
published_neural_process,2,2-(m-Chlorophenoxy)propionic acid,2,DTXSID9034232,1.2699632167816162,published_per_chemical
published_neural_process,2,2-Ethylhexyl diphenyl phosphate,2,DTXSID1025300,1.1972636938095094,published_per_chemical
published_neural_process,2,"3,3',5,5'-Tetrabromobisphenol A",2,DTXSID1026081,1.1584062576293945,published_per_chemical
published_neural_process,2,Abamectin,2,DTXSID8023892,1.4711650371551515,published_per_chemical
published_neural_process,2,Acenaphthylene,2,DTXSID3023845,0.5795359969139099,published_per_chemical
published_neural_process,2,Aldicarb,2,DTXSID0039223,1.5156103372573853,published_per_chemical
published_neural_process,2,Amoxicillin,2,DTXSID3037044,1.0140994310379028,published_per_chemical
published_neural_process,2,Azoxystrobin,2,DTXSID0032520,1.104351770877838,published_per_chemical
published_neural_process,2,Benzo[a]pyrene,2,DTXSID2020139,1.0099002242088317,published_per_chemical
published_neural_process,2,Benzo[e]pyrene,2,DTXSID3023764,1.278611135482788,published_per_chemical
published_neural_process,2,Bis(2-ethylhexyl) tetrabromophthalate,2,DTXSID7027887,1.6542643308639526,published_per_chemical
published_neural_process,2,Bisphenol AF,2,DTXSID7037717,0.9585700273513794,published_per_chemical
published_neural_process,2,Bisphenol B,2,DTXSID4022442,1.1205256700515747,published_per_chemical
published_neural_process,2,Cadmium(II) chloride hydrate (2:5),2,DTXSID4040183,2.8302918434143067,published_per_chemical
published_neural_process,2,Captan,2,DTXSID9020243,0.9229895234107971,published_per_chemical
published_neural_process,2,Carbamazepine,2,DTXSID4022731,1.0337941646575928,published_per_chemical
published_neural_process,2,Carbaryl,2,DTXSID9020247,2.423782396316528,published_per_chemical
published_neural_process,2,Cariporide mesylate,2,DTXSID3047344,1.2016825556755066,published_per_chemical
published_neural_process,2,Chloramben,2,DTXSID2020262,1.0979897141456605,published_per_chemical
published_neural_process,2,Chlorpromazine hydrochloride,2,DTXSID7024827,1.277525210380554,published_per_chemical
published_neural_process,2,Clothianidin,2,DTXSID2034465,0.7180017828941345,published_per_chemical
published_neural_process,2,Dichlorvos,2,DTXSID5020449,0.9252561807632447,published_per_chemical
published_neural_process,2,Eugenol,2,DTXSID9020617,1.0537719964981078,published_per_chemical
published_neural_process,2,Fipronil,2,DTXSID4034609,1.7889504194259644,published_per_chemical
published_neural_process,2,Fluorene,2,DTXSID8024105,0.5348631322383881,published_per_chemical
published_neural_process,2,Glycerol,2,DTXSID9020663,0.7192895293235779,published_per_chemical
published_neural_process,2,L-Ascorbic acid,2,DTXSID5020106,1.2122867465019227,published_per_chemical
published_neural_process,2,Lindane,2,DTXSID2020686,1.4339860677719116,published_per_chemical
published_neural_process,2,Maneb,2,DTXSID9020794,1.0804821968078613,published_per_chemical
published_neural_process,2,Manganese dichloride,2,parent:DTXSID5027279,1.402163314819336,published_per_chemical
published_neural_process,2,Mercuric chloride,2,DTXSID5020811,1.327365803718567,published_per_chemical
published_neural_process,2,Methamidophos,2,DTXSID6024177,1.0378065943717956,published_per_chemical
published_neural_process,2,Methylmercuric(II) chloride,2,DTXSID5020813,1.654310393333435,published_per_chemical
published_neural_process,2,Mevastatin,2,DTXSID4040684,1.340672755241394,published_per_chemical
published_neural_process,2,Mirex,2,DTXSID7020895,2.1005855321884157,published_per_chemical
published_neural_process,2,"Octachloro-4,7-methanotetrahydroindane",2,DTXSID7020267,1.2415241241455077,published_per_chemical
published_neural_process,2,Parathion,2,DTXSID7021100,1.0108272552490234,published_per_chemical
published_neural_process,2,Prallethrin,2,DTXSID0032572,0.9889496803283692,published_per_chemical
published_neural_process,2,Reserpine,2,DTXSID7021237,1.5690469026565552,published_per_chemical
published_neural_process,2,Sodium arsenite,2,DTXSID5020104,2.2898021221160887,published_per_chemical
published_neural_process,2,Tebuconazole,2,DTXSID9032113,2.297384738922119,published_per_chemical
published_neural_process,2,Terbutaline hemisulfate,2,DTXSID3045437,1.6695562243461608,published_per_chemical
published_neural_process,2,Tetraethylthiuram disulfide,2,DTXSID1021322,1.1486056447029114,published_per_chemical
published_neural_process,2,Tetramethrin,2,DTXSID6032649,0.8307306647300721,published_per_chemical
published_neural_process,2,Tribufos,2,DTXSID1024174,1.5399883031845092,published_per_chemical
published_neural_process,2,Trichlorfon,2,DTXSID0021389,1.5086000680923461,published_per_chemical
published_neural_process,2,Trifloxystrobin,2,DTXSID4032580,1.26577490568161,published_per_chemical
published_neural_process,2,Tris(methylphenyl) phosphate,2,DTXSID4021391,0.9321545481681823,published_per_chemical
published_neural_process,2,"o,p'-DDT",2,parent:DTXSID4020375,1.454855728149414,published_per_chemical
published_neural_process,2,1-Methyl-4-phenylpyridinium iodide,3,DTXSID40880040,1.0626787662506103,published_per_chemical
published_neural_process,2,"2-Ethylhexyl 2,3,4,5-tetrabromobenzoate",3,DTXSID9052686,1.6766777038574219,published_per_chemical
published_neural_process,2,3-Iodo-2-propynyl-N-butylcarbamate,3,DTXSID0028038,1.0871774435043335,published_per_chemical
published_neural_process,2,"5,5-Diphenylhydantoin",3,DTXSID8020541,0.9160297393798829,published_per_chemical
published_neural_process,2,6-Methyl-2-thiouracil,3,DTXSID2020890,1.084205114841461,published_per_chemical
published_neural_process,2,Acenaphthene,3,DTXSID3021774,0.833195161819458,published_per_chemical
published_neural_process,2,Allethrin,3,parent:DTXSID2039336,1.0045331597328186,published_per_chemical
published_neural_process,2,Anthracene,3,DTXSID0023878,0.7421693205833435,published_per_chemical
published_neural_process,2,Benzo(b)fluoranthene,3,DTXSID0023907,0.9963618874549866,published_per_chemical
published_neural_process,2,Carbofuran,3,DTXSID9020249,0.8244662165641785,published_per_chemical
published_neural_process,2,Chlorendic acid,3,DTXSID2020268,0.9393985390663147,published_per_chemical
published_neural_process,2,Clodinafop-propargyl,3,DTXSID6032354,0.7298669934272766,published_per_chemical
published_neural_process,2,Cocaine,3,DTXSID2038443,1.094099771976471,published_per_chemical
published_neural_process,2,Colchicine,3,DTXSID5024845,3.721567678451538,published_per_chemical
published_neural_process,2,D-Mannitol,3,DTXSID1023235,1.1084741234779358,published_per_chemical
published_neural_process,2,DDT,3,parent:DTXSID4020375,2.1222180366516112,published_per_chemical
published_neural_process,2,Deltamethrin,3,DTXSID8020381,1.3842196226119996,published_per_chemical
published_neural_process,2,Dexamethasone,3,DTXSID3020384,1.202595853805542,published_per_chemical
published_neural_process,2,"Dibenz[a,c]anthracene",3,DTXSID9049245,0.9927156448364258,published_per_chemical
published_neural_process,2,Dicrotophos,3,DTXSID9023914,1.2279910326004029,published_per_chemical
published_neural_process,2,Emamectin benzoate,3,DTXSID0034566,1.7860811948776245,published_per_chemical
published_neural_process,2,Es-fenvalerate,3,DTXSID4032667,1.4836843013763428,published_per_chemical
published_neural_process,2,Esketamine hydrochloride,3,DTXSID601027734,1.3545445561408997,published_per_chemical
published_neural_process,2,Etofenprox,3,DTXSID9032610,1.119380271434784,published_per_chemical
published_neural_process,2,Fenpropathrin,3,DTXSID0024002,1.187791919708252,published_per_chemical
published_neural_process,2,Firemaster 550,3,DTXSID70880073,1.109113585948944,published_per_chemical
published_neural_process,2,Folic acid,3,DTXSID0022519,1.2787265539169312,published_per_chemical
published_neural_process,2,Haloperidol,3,DTXSID4034150,1.3172642230987548,published_per_chemical
published_neural_process,2,Hexachlorophene,3,DTXSID6020690,1.8324574470520019,published_per_chemical
published_neural_process,2,Lead(II) acetate trihydrate,3,DTXSID3031521,1.489140772819519,published_per_chemical
published_neural_process,2,Malathion,3,DTXSID4020791,0.9585624575614929,published_per_chemical
published_neural_process,2,Mancozeb,3,DTXSID0034695,0.7375795841217041,published_per_chemical
published_neural_process,2,Manganese(II) acetate,3,parent:DTXSID5027279,0.8059838771820068,published_per_chemical
published_neural_process,2,Naloxone hydrochloride dihydrate,3,DTXSID90199452,1.1269338250160217,published_per_chemical
published_neural_process,2,Phenol,3,DTXSID5021124,1.0301228165626526,published_per_chemical
published_neural_process,2,Phorate,3,DTXSID4032459,1.0619324564933776,published_per_chemical
published_neural_process,2,Piperonyl butoxide,3,DTXSID1021166,1.2796060562133789,published_per_chemical
published_neural_process,2,Profenofos,3,DTXSID3032464,1.4838537693023681,published_per_chemical
published_neural_process,2,Pyrene,3,DTXSID3024289,0.6548762917518616,published_per_chemical
published_neural_process,2,S-Bioallethrin,3,parent:DTXSID2039336,1.0035578608512878,published_per_chemical
published_neural_process,2,Simvastatin,3,DTXSID0023581,1.8730114459991456,published_per_chemical
published_neural_process,2,Sodium fluoride,3,DTXSID2020630,0.8729259252548218,published_per_chemical
published_neural_process,2,Spiroxamine,3,DTXSID1034212,1.5864641904830932,published_per_chemical
published_neural_process,2,Tamoxifen,3,DTXSID1034187,1.5589629888534546,published_per_chemical
published_neural_process,2,Tefluthrin,3,DTXSID5032577,1.3195393800735473,published_per_chemical
published_neural_process,2,Tetracycline,3,DTXSID7023645,0.9309273958206177,published_per_chemical
published_neural_process,2,Thiamethoxam,3,DTXSID2034962,0.967125928401947,published_per_chemical
published_neural_process,2,Tributyltin chloride,3,parent:DTXSID3027403,1.0557282090187072,published_per_chemical
published_neural_process,2,Triphenyl phosphates isopropylated,3,DTXSID4028880,1.298128342628479,published_per_chemical
published_neural_process,2,(-)-Nicotine,4,DTXSID1020930,1.4498178005218505,published_per_chemical
published_neural_process,2,17beta-Estradiol,4,DTXSID0020573,0.6933964729309082,published_per_chemical
published_neural_process,2,"2,2-Bis(4-hydroxyphenyl)-1,1,1-trichloroethane",4,DTXSID8022325,1.1705463886260987,published_per_chemical
published_neural_process,2,"4,4'-Sulfonyldiphenol",4,DTXSID3022409,1.2835554003715515,published_per_chemical
published_neural_process,2,6-aminopyridine-3-carboxamide,4,DTXSID5051446,2.002482271194458,published_per_chemical
published_neural_process,2,Acetamiprid,4,DTXSID0034300,1.3055260896682739,published_per_chemical
published_neural_process,2,Atrazine,4,DTXSID9020112,0.8119164228439331,published_per_chemical
published_neural_process,2,Bensulide,4,DTXSID9032329,1.4575371742248535,published_per_chemical
published_neural_process,2,CP-409092,4,DTXSID2047276,1.1445330858230591,published_per_chemical
published_neural_process,2,Captopril,4,DTXSID1037197,1.1861355781555176,published_per_chemical
published_neural_process,2,Chlorethoxyfos,4,DTXSID2032344,1.8287795543670655,published_per_chemical
published_neural_process,2,Chlorpyrifos oxon,4,DTXSID1038666,1.4270484924316407,published_per_chemical
published_neural_process,2,Chrysene,4,DTXSID0022432,0.7637842297554016,published_per_chemical
published_neural_process,2,Clove leaf oil,4,DTXSID8044175,1.398911952972412,published_per_chemical
published_neural_process,2,Cotinine,4,DTXSID1047576,0.892894446849823,published_per_chemical
published_neural_process,2,Coumaphos,4,DTXSID2020347,1.2654665112495422,published_per_chemical
published_neural_process,2,Cypermethrin,4,DTXSID1023998,1.15246901512146,published_per_chemical
published_neural_process,2,D-Glucitol,4,DTXSID5023588,1.4285096645355224,published_per_chemical
published_neural_process,2,Dextroamphetamine sulfate,4,DTXSID2057865,0.886867105960846,published_per_chemical
published_neural_process,2,Di(2-ethylhexyl) phthalate,4,DTXSID5020607,1.5865806818008423,published_per_chemical
published_neural_process,2,Diazinon,4,DTXSID9020407,1.3419404983520509,published_per_chemical
published_neural_process,2,Dieldrin,4,DTXSID9020453,1.7446267127990722,published_per_chemical
published_neural_process,2,Diphenhydramine hydrochloride,4,DTXSID4020537,1.3836101055145265,published_per_chemical
published_neural_process,2,Fosthiazate,4,DTXSID0034930,1.0401334404945373,published_per_chemical
published_neural_process,2,Heptachlor epoxide B,4,DTXSID1024126,1.6011451482772827,published_per_chemical
published_neural_process,2,Imidacloprid,4,DTXSID5032442,0.9856499075889588,published_per_chemical
published_neural_process,2,Isodecyl diphenyl phosphate,4,DTXSID3025465,0.9296888470649719,published_per_chemical
published_neural_process,2,Kepone,4,DTXSID1020770,1.1039763689041138,published_per_chemical
published_neural_process,2,Methimazole,4,DTXSID4020820,1.1612932920455932,published_per_chemical
published_neural_process,2,Molinate,4,DTXSID6024206,0.9542937517166138,published_per_chemical
published_neural_process,2,Octylbicycloheptenedicarboximide,4,DTXSID6032562,1.0482148766517638,published_per_chemical
published_neural_process,2,Paraquat dichloride,4,DTXSID7024243,2.3089301347732545,published_per_chemical
published_neural_process,2,Perfluoroundecanoic acid,4,DTXSID8047553,0.9905719876289367,published_per_chemical
published_neural_process,2,Phenobarbital,4,parent:DTXSID0021123,1.0203679084777832,published_per_chemical
published_neural_process,2,Phenylmercuric acetate,4,DTXSID7021150,1.1262793302536012,published_per_chemical
published_neural_process,2,Phosmet,4,DTXSID5024261,1.2335307717323303,published_per_chemical
published_neural_process,2,Picoxystrobin,4,DTXSID9047542,1.0989736318588257,published_per_chemical
published_neural_process,2,Resmethrin,4,DTXSID7022253,0.9872658252716064,published_per_chemical
published_neural_process,2,Retinoic acid,4,DTXSID7021239,2.0308860301971436,published_per_chemical
published_neural_process,2,Rotenone,4,DTXSID6021248,1.137764310836792,published_per_chemical
published_neural_process,2,Sodium orthovanadate,4,DTXSID2037269,1.3154012084007263,published_per_chemical
published_neural_process,2,Tebupirimfos,4,DTXSID1032482,1.2026219725608827,published_per_chemical
published_neural_process,2,Triphenyl phosphate,4,DTXSID1021952,0.9276392936706543,published_per_chemical
published_neural_process,2,Triphenyl phosphite,4,DTXSID0026252,0.8023392915725708,published_per_chemical
published_neural_process,2,Tris(2-chloroisopropyl)phosphate,4,DTXSID5026259,0.9288605570793151,published_per_chemical
published_neural_process,2,Valinomycin,4,DTXSID9041150,2.675495433807373,published_per_chemical
published_neural_process,2,tert-Butylphenyl diphenyl phosphate,4,DTXSID6024701,1.3456761598587037,published_per_chemical
published_neural_process,3,1-Ethyl-3-methyl-1H-imidazol-3-ium diethyl phosphate,0,DTXSID9047889,0.9313626408576965,published_per_chemical
published_neural_process,3,"1H,1H,2H,2H-Perfluorooctyl iodide",0,DTXSID2047565,0.6593049049377442,published_per_chemical
published_neural_process,3,"2,2',4,4',5,5'-Hexabromodiphenyl ether",0,DTXSID4030047,1.2369701147079468,published_per_chemical
published_neural_process,3,"2,2',4,4',5-Pentabromodiphenyl ether",0,DTXSID9030048,1.2728331208229064,published_per_chemical
published_neural_process,3,"2,2',4,4'-Tetrabromodiphenyl ether",0,DTXSID3030056,1.5419435501098633,published_per_chemical
published_neural_process,3,2-Methoxyethanol,0,DTXSID5024182,0.7719661355018616,published_per_chemical
published_neural_process,3,"3,3'-Iminobispropanenitrile",0,DTXSID2041464,0.6830239176750184,published_per_chemical
published_neural_process,3,4H-Cyclopenta(def)phenanthrene,0,DTXSID1024887,0.8269747614860534,published_per_chemical
published_neural_process,3,6-Propyl-2-thiouracil,0,DTXSID5021209,1.637107491493225,published_per_chemical
published_neural_process,3,Acrylamide,0,DTXSID5020027,1.0376282930374146,published_per_chemical
published_neural_process,3,Aldrin,0,DTXSID8020040,1.1685519695281983,published_per_chemical
published_neural_process,3,Benz(a)anthracene,0,DTXSID5023902,0.9365845918655396,published_per_chemical
published_neural_process,3,"Benzo[g,h,i]perylene",0,DTXSID5023908,0.9496293425559997,published_per_chemical
published_neural_process,3,Boric acid (H3BO3),0,DTXSID1020194,0.7478762865066528,published_per_chemical
published_neural_process,3,Boscalid,0,DTXSID6034392,0.7561736226081848,published_per_chemical
published_neural_process,3,CP-457920,0,DTXSID4047254,1.2439140915870666,published_per_chemical
published_neural_process,3,Chlorpyrifos,0,DTXSID4020458,1.0421570420265198,published_per_chemical
published_neural_process,3,Cyfluthrin,0,DTXSID5035957,1.0692530274391174,published_per_chemical
published_neural_process,3,Cytarabine,0,DTXSID3022877,1.4034079909324646,published_per_chemical
published_neural_process,3,"Dibenz[a,h]anthracene",0,DTXSID9020409,0.7758410930633545,published_per_chemical
published_neural_process,3,Disulfoton,0,DTXSID0022018,0.6136890292167664,published_per_chemical
published_neural_process,3,Enadoline,0,DTXSID4047258,1.2491544127464294,published_per_chemical
published_neural_process,3,Erythromycin,0,DTXSID4022991,0.9838203430175781,published_per_chemical
published_neural_process,3,Ethoprop,0,DTXSID4032611,1.0400931119918824,published_per_chemical
published_neural_process,3,Fenamiphos,0,DTXSID3024102,1.0088952779769897,published_per_chemical
published_neural_process,3,Fluconazole,0,DTXSID3020627,0.93843594789505,published_per_chemical
published_neural_process,3,Flufenacet,0,DTXSID2032552,0.8245809197425842,published_per_chemical
published_neural_process,3,Fluoxastrobin,0,DTXSID2034625,0.8604040026664734,published_per_chemical
published_neural_process,3,Fluoxetine hydrochloride,0,DTXSID7020635,1.2857366442680358,published_per_chemical
published_neural_process,3,Flusilazole,0,DTXSID3024235,1.4288012742996217,published_per_chemical
published_neural_process,3,Glyphosate,0,DTXSID1024122,1.2962262511253357,published_per_chemical
published_neural_process,3,Hydroxyurea,0,DTXSID6025438,1.5011414289474487,published_per_chemical
published_neural_process,3,Isoniazid,0,DTXSID8020755,1.228010618686676,published_per_chemical
published_neural_process,3,L-Domoic acid,0,DTXSID20274180,1.2664664268493653,published_per_chemical
published_neural_process,3,Lactofen,0,DTXSID7024160,1.1881980657577516,published_per_chemical
published_neural_process,3,Lovastatin,0,DTXSID5020784,1.6738467454910277,published_per_chemical
published_neural_process,3,Methadone hydrochloride,0,DTXSID2020501,1.0183568358421327,published_per_chemical
published_neural_process,3,Methotrexate,0,DTXSID4020822,2.5332880854606628,published_per_chemical
published_neural_process,3,Naphthalene,0,DTXSID8020913,0.9841496706008911,published_per_chemical
published_neural_process,3,Omethoate,0,DTXSID4037580,1.225777816772461,published_per_chemical
published_neural_process,3,Phenobarbital sodium,0,parent:DTXSID0021123,0.8339228987693786,published_per_chemical
published_neural_process,3,Pirimiphos-methyl,0,DTXSID0024266,1.15020250082016,published_per_chemical
published_neural_process,3,Pyraclostrobin,0,DTXSID7032638,1.4092020750045777,published_per_chemical
published_neural_process,3,Sodium benzoate,0,DTXSID1020140,1.084937572479248,published_per_chemical
published_neural_process,3,Spirodiclofen,0,DTXSID6034928,0.6036468386650086,published_per_chemical
published_neural_process,3,Thiacloprid,0,DTXSID7034961,0.9948827862739563,published_per_chemical
published_neural_process,3,Triclosan,0,DTXSID5032498,1.2227030158042909,published_per_chemical
published_neural_process,3,Triethyltin bromide,0,DTXSID9040712,2.0203853130340574,published_per_chemical
published_neural_process,3,"p,p'-DDE",0,DTXSID9020374,0.8824691653251648,published_per_chemical
published_neural_process,3,(Methylcyclopentadienyl)tricarbonylmanganese,1,DTXSID9027738,0.9186089515686036,published_per_chemical
published_neural_process,3,"1,2-Propylene glycol",1,DTXSID0021206,1.761865258216858,published_per_chemical
published_neural_process,3,5-Chloro-2-methyl-3(2H)-isothiazolone,1,DTXSID9034286,1.249039614200592,published_per_chemical
published_neural_process,3,5-Fluorouracil,1,DTXSID2020634,1.489719521999359,published_per_chemical
published_neural_process,3,Acephate,1,DTXSID8023846,0.894492793083191,published_per_chemical
published_neural_process,3,Acetaminophen,1,DTXSID2020006,0.5312522709369659,published_per_chemical
published_neural_process,3,Aspirin,1,DTXSID5020108,0.6114679098129272,published_per_chemical
published_neural_process,3,Auramine hydrochloride,1,DTXSID9020114,1.2592843174934387,published_per_chemical
published_neural_process,3,Benzo[k]fluoranthene,1,DTXSID0023909,0.9900304555892945,published_per_chemical
published_neural_process,3,Berberine chloride,1,DTXSID8024602,0.9357728362083435,published_per_chemical
published_neural_process,3,Bifenthrin,1,DTXSID9020160,1.5562228679656982,published_per_chemical
published_neural_process,3,Bis(tributyltin)oxide,1,parent:DTXSID3027403,2.0896066665649413,published_per_chemical
published_neural_process,3,Bisindolylmaleimide I,1,DTXSID50157932,0.9572300434112548,published_per_chemical
published_neural_process,3,Bisphenol A,1,DTXSID7020182,0.934909725189209,published_per_chemical
published_neural_process,3,Busulfan,1,DTXSID3020910,0.7935421109199524,published_per_chemical
published_neural_process,3,Caffeine,1,DTXSID0020232,1.2249995231628419,published_per_chemical
published_neural_process,3,Chlordiazepoxide hydrochloride,1,DTXSID40880060,1.5693674564361573,published_per_chemical
published_neural_process,3,Cyclophosphamide monohydrate,1,DTXSID6024888,1.1613635301589966,published_per_chemical
published_neural_process,3,Cymoxanil,1,DTXSID6032358,0.8373897671699524,published_per_chemical
published_neural_process,3,Diazepam,1,DTXSID4020406,1.7044944524765016,published_per_chemical
published_neural_process,3,Diazoxon,1,DTXSID5037523,1.0734263420104981,published_per_chemical
published_neural_process,3,Diethylene glycol,1,DTXSID8020462,0.9196086645126342,published_per_chemical
published_neural_process,3,Diethylstilbestrol,1,DTXSID3020465,1.196990168094635,published_per_chemical
published_neural_process,3,Difpas-pyrazole,1,DTXSID6048175,1.5429797649383545,published_per_chemical
published_neural_process,3,Dimethoate,1,DTXSID7020479,0.9883927702903748,published_per_chemical
published_neural_process,3,Endosulfan,1,DTXSID1020560,1.9510783433914185,published_per_chemical
published_neural_process,3,Endrin,1,DTXSID6020561,1.3750519752502441,published_per_chemical
published_neural_process,3,Fenitrothion,1,DTXSID4032613,0.6005692839622497,published_per_chemical
published_neural_process,3,Loperamide,1,DTXSID00880006,1.1558676719665528,published_per_chemical
published_neural_process,3,Malaoxon,1,DTXSID9020790,0.9356678605079651,published_per_chemical
published_neural_process,3,Methoxychlor,1,DTXSID9020827,1.3818079710006714,published_per_chemical
published_neural_process,3,Naled,1,DTXSID1024209,1.3582383751869203,published_per_chemical
published_neural_process,3,Oxidopamine hydrochloride,1,DTXSID0045838,1.3290905475616455,published_per_chemical
published_neural_process,3,Permethrin,1,DTXSID8022292,1.33593909740448,published_per_chemical
published_neural_process,3,PharmaGSID_47330,1,DTXSID9047330,1.1921430945396423,published_per_chemical
published_neural_process,3,Phenanthrene,1,DTXSID6024254,0.49622114300727843,published_per_chemical
published_neural_process,3,Pravastatin sodium,1,DTXSID6047525,1.6727426528930665,published_per_chemical
published_neural_process,3,S-Ethyl dipropylthiocarbamate,1,DTXSID1024091,0.6949453949928284,published_per_chemical
published_neural_process,3,Sodium saccharin hydrate,1,DTXSID7021992,1.114343786239624,published_per_chemical
published_neural_process,3,Sodium valproate,1,DTXSID5037072,1.1318223357200623,published_per_chemical
published_neural_process,3,Terbufos,1,DTXSID2022254,1.5092490911483765,published_per_chemical
published_neural_process,3,Thalidomide,1,DTXSID9022524,1.3444768905639648,published_per_chemical
published_neural_process,3,Tributyltin methacrylate,1,parent:DTXSID3027403,1.1874817967414857,published_per_chemical
published_neural_process,3,Trimethyltin hydroxide,1,DTXSID9032240,2.465219593048096,published_per_chemical
published_neural_process,3,"Tris(1,3-dichloro-2-propyl) phosphate",1,DTXSID9026261,1.441615390777588,published_per_chemical
published_neural_process,3,Tris(2-chloroethyl) phosphate,1,DTXSID5021411,1.4538602828979492,published_per_chemical
published_neural_process,3,Z-Tetrachlorvinphos,1,DTXSID1032648,1.2419252038002013,published_per_chemical
published_neural_process,3,"p,p'-DDD",1,DTXSID4020373,1.1239423513412476,published_per_chemical
published_neural_process,3,tert-Butylhydroquinone,1,DTXSID6020220,1.0494349241256713,published_per_chemical
published_neural_process,3,2-(m-Chlorophenoxy)propionic acid,2,DTXSID9034232,1.3074981451034546,published_per_chemical
published_neural_process,3,2-Ethylhexyl diphenyl phosphate,2,DTXSID1025300,1.056064248085022,published_per_chemical
published_neural_process,3,"3,3',5,5'-Tetrabromobisphenol A",2,DTXSID1026081,0.7640279650688171,published_per_chemical
published_neural_process,3,Abamectin,2,DTXSID8023892,1.4789154291152955,published_per_chemical
published_neural_process,3,Acenaphthylene,2,DTXSID3023845,0.6311358690261841,published_per_chemical
published_neural_process,3,Aldicarb,2,DTXSID0039223,1.000308918952942,published_per_chemical
published_neural_process,3,Amoxicillin,2,DTXSID3037044,1.0157098174095154,published_per_chemical
published_neural_process,3,Azoxystrobin,2,DTXSID0032520,1.0321287989616394,published_per_chemical
published_neural_process,3,Benzo[a]pyrene,2,DTXSID2020139,0.8582506656646729,published_per_chemical
published_neural_process,3,Benzo[e]pyrene,2,DTXSID3023764,1.0410457968711853,published_per_chemical
published_neural_process,3,Bis(2-ethylhexyl) tetrabromophthalate,2,DTXSID7027887,1.4036996364593506,published_per_chemical
published_neural_process,3,Bisphenol AF,2,DTXSID7037717,1.072527003288269,published_per_chemical
published_neural_process,3,Bisphenol B,2,DTXSID4022442,1.0035315871238708,published_per_chemical
published_neural_process,3,Cadmium(II) chloride hydrate (2:5),2,DTXSID4040183,1.9578264713287354,published_per_chemical
published_neural_process,3,Captan,2,DTXSID9020243,0.9098787307739258,published_per_chemical
published_neural_process,3,Carbamazepine,2,DTXSID4022731,1.0881017208099366,published_per_chemical
published_neural_process,3,Carbaryl,2,DTXSID9020247,2.0084962368011476,published_per_chemical
published_neural_process,3,Cariporide mesylate,2,DTXSID3047344,1.1275303840637207,published_per_chemical
published_neural_process,3,Chloramben,2,DTXSID2020262,0.8963752388954163,published_per_chemical
published_neural_process,3,Chlorpromazine hydrochloride,2,DTXSID7024827,1.0841541409492492,published_per_chemical
published_neural_process,3,Clothianidin,2,DTXSID2034465,0.7370539903640747,published_per_chemical
published_neural_process,3,Dichlorvos,2,DTXSID5020449,0.8711778283119201,published_per_chemical
published_neural_process,3,Eugenol,2,DTXSID9020617,1.1001820683479309,published_per_chemical
published_neural_process,3,Fipronil,2,DTXSID4034609,1.6224838972091675,published_per_chemical
published_neural_process,3,Fluorene,2,DTXSID8024105,0.5487184882164001,published_per_chemical
published_neural_process,3,Glycerol,2,DTXSID9020663,0.658411157131195,published_per_chemical
published_neural_process,3,L-Ascorbic acid,2,DTXSID5020106,1.1283424377441407,published_per_chemical
published_neural_process,3,Lindane,2,DTXSID2020686,1.4137195348739624,published_per_chemical
published_neural_process,3,Maneb,2,DTXSID9020794,1.3199626803398132,published_per_chemical
published_neural_process,3,Manganese dichloride,2,parent:DTXSID5027279,1.0659548401832581,published_per_chemical
published_neural_process,3,Mercuric chloride,2,DTXSID5020811,1.184151005744934,published_per_chemical
published_neural_process,3,Methamidophos,2,DTXSID6024177,0.9178360342979431,published_per_chemical
published_neural_process,3,Methylmercuric(II) chloride,2,DTXSID5020813,2.0640880823135377,published_per_chemical
published_neural_process,3,Mevastatin,2,DTXSID4040684,1.2396244525909423,published_per_chemical
published_neural_process,3,Mirex,2,DTXSID7020895,1.5236217975616455,published_per_chemical
published_neural_process,3,"Octachloro-4,7-methanotetrahydroindane",2,DTXSID7020267,1.1269130468368531,published_per_chemical
published_neural_process,3,Parathion,2,DTXSID7021100,0.9211327195167541,published_per_chemical
published_neural_process,3,Prallethrin,2,DTXSID0032572,1.005700373649597,published_per_chemical
published_neural_process,3,Reserpine,2,DTXSID7021237,2.4651851654052734,published_per_chemical
published_neural_process,3,Sodium arsenite,2,DTXSID5020104,2.094804120063782,published_per_chemical
published_neural_process,3,Tebuconazole,2,DTXSID9032113,2.333471894264221,published_per_chemical
published_neural_process,3,Terbutaline hemisulfate,2,DTXSID3045437,1.0096107602119446,published_per_chemical
published_neural_process,3,Tetraethylthiuram disulfide,2,DTXSID1021322,1.1145949840545655,published_per_chemical
published_neural_process,3,Tetramethrin,2,DTXSID6032649,0.7968558073043823,published_per_chemical
published_neural_process,3,Tribufos,2,DTXSID1024174,1.319336199760437,published_per_chemical
published_neural_process,3,Trichlorfon,2,DTXSID0021389,1.1436224460601807,published_per_chemical
published_neural_process,3,Trifloxystrobin,2,DTXSID4032580,1.0124356985092162,published_per_chemical
published_neural_process,3,Tris(methylphenyl) phosphate,2,DTXSID4021391,0.8972049117088318,published_per_chemical
published_neural_process,3,"o,p'-DDT",2,parent:DTXSID4020375,1.4200125932693481,published_per_chemical
published_neural_process,3,1-Methyl-4-phenylpyridinium iodide,3,DTXSID40880040,1.1930180072784424,published_per_chemical
published_neural_process,3,"2-Ethylhexyl 2,3,4,5-tetrabromobenzoate",3,DTXSID9052686,1.7141045093536378,published_per_chemical
published_neural_process,3,3-Iodo-2-propynyl-N-butylcarbamate,3,DTXSID0028038,0.936880886554718,published_per_chemical
published_neural_process,3,"5,5-Diphenylhydantoin",3,DTXSID8020541,0.9324276089668274,published_per_chemical
published_neural_process,3,6-Methyl-2-thiouracil,3,DTXSID2020890,1.0172160625457765,published_per_chemical
published_neural_process,3,Acenaphthene,3,DTXSID3021774,0.8011005878448486,published_per_chemical
published_neural_process,3,Allethrin,3,parent:DTXSID2039336,1.1026515364646912,published_per_chemical
published_neural_process,3,Anthracene,3,DTXSID0023878,0.7475266337394715,published_per_chemical
published_neural_process,3,Benzo(b)fluoranthene,3,DTXSID0023907,0.9727561354637146,published_per_chemical
published_neural_process,3,Carbofuran,3,DTXSID9020249,1.0346142530441285,published_per_chemical
published_neural_process,3,Chlorendic acid,3,DTXSID2020268,0.8426478505134583,published_per_chemical
published_neural_process,3,Clodinafop-propargyl,3,DTXSID6032354,0.6991637587547302,published_per_chemical
published_neural_process,3,Cocaine,3,DTXSID2038443,0.7388744235038758,published_per_chemical
published_neural_process,3,Colchicine,3,DTXSID5024845,3.1426522016525267,published_per_chemical
published_neural_process,3,D-Mannitol,3,DTXSID1023235,1.1359652996063232,published_per_chemical
published_neural_process,3,DDT,3,parent:DTXSID4020375,1.2414841532707215,published_per_chemical
published_neural_process,3,Deltamethrin,3,DTXSID8020381,1.330700647830963,published_per_chemical
published_neural_process,3,Dexamethasone,3,DTXSID3020384,1.0416463136672973,published_per_chemical
published_neural_process,3,"Dibenz[a,c]anthracene",3,DTXSID9049245,1.039621388912201,published_per_chemical
published_neural_process,3,Dicrotophos,3,DTXSID9023914,1.0885205030441285,published_per_chemical
published_neural_process,3,Emamectin benzoate,3,DTXSID0034566,1.6493046760559082,published_per_chemical
published_neural_process,3,Es-fenvalerate,3,DTXSID4032667,1.13128662109375,published_per_chemical
published_neural_process,3,Esketamine hydrochloride,3,DTXSID601027734,1.159108543395996,published_per_chemical
published_neural_process,3,Etofenprox,3,DTXSID9032610,1.0662431955337524,published_per_chemical
published_neural_process,3,Fenpropathrin,3,DTXSID0024002,1.0487335085868836,published_per_chemical
published_neural_process,3,Firemaster 550,3,DTXSID70880073,1.0252782821655273,published_per_chemical
published_neural_process,3,Folic acid,3,DTXSID0022519,1.1659737348556518,published_per_chemical
published_neural_process,3,Haloperidol,3,DTXSID4034150,1.353903841972351,published_per_chemical
published_neural_process,3,Hexachlorophene,3,DTXSID6020690,1.3411917567253113,published_per_chemical
published_neural_process,3,Lead(II) acetate trihydrate,3,DTXSID3031521,1.8000720739364624,published_per_chemical
published_neural_process,3,Malathion,3,DTXSID4020791,0.9617878675460816,published_per_chemical
published_neural_process,3,Mancozeb,3,DTXSID0034695,0.7240618705749512,published_per_chemical
published_neural_process,3,Manganese(II) acetate,3,parent:DTXSID5027279,0.8112258195877076,published_per_chemical
published_neural_process,3,Naloxone hydrochloride dihydrate,3,DTXSID90199452,1.1639397025108338,published_per_chemical
published_neural_process,3,Phenol,3,DTXSID5021124,1.0095609664916991,published_per_chemical
published_neural_process,3,Phorate,3,DTXSID4032459,1.1191991567611694,published_per_chemical
published_neural_process,3,Piperonyl butoxide,3,DTXSID1021166,1.2309864282608032,published_per_chemical
published_neural_process,3,Profenofos,3,DTXSID3032464,1.2668382406234742,published_per_chemical
published_neural_process,3,Pyrene,3,DTXSID3024289,0.6341721296310425,published_per_chemical
published_neural_process,3,S-Bioallethrin,3,parent:DTXSID2039336,1.0059343218803405,published_per_chemical
published_neural_process,3,Simvastatin,3,DTXSID0023581,1.7239960432052612,published_per_chemical
published_neural_process,3,Sodium fluoride,3,DTXSID2020630,0.8673480987548828,published_per_chemical
published_neural_process,3,Spiroxamine,3,DTXSID1034212,1.5756418704986572,published_per_chemical
published_neural_process,3,Tamoxifen,3,DTXSID1034187,1.2963945865631104,published_per_chemical
published_neural_process,3,Tefluthrin,3,DTXSID5032577,1.1169743895530702,published_per_chemical
published_neural_process,3,Tetracycline,3,DTXSID7023645,0.9254538893699646,published_per_chemical
published_neural_process,3,Thiamethoxam,3,DTXSID2034962,0.9628278851509094,published_per_chemical
published_neural_process,3,Tributyltin chloride,3,parent:DTXSID3027403,1.0722562789916992,published_per_chemical
published_neural_process,3,Triphenyl phosphates isopropylated,3,DTXSID4028880,1.1909978866577149,published_per_chemical
published_neural_process,3,(-)-Nicotine,4,DTXSID1020930,1.2220906496047974,published_per_chemical
published_neural_process,3,17beta-Estradiol,4,DTXSID0020573,0.7171576023101807,published_per_chemical
published_neural_process,3,"2,2-Bis(4-hydroxyphenyl)-1,1,1-trichloroethane",4,DTXSID8022325,1.1737930536270142,published_per_chemical
published_neural_process,3,"4,4'-Sulfonyldiphenol",4,DTXSID3022409,1.1960191011428833,published_per_chemical
published_neural_process,3,6-aminopyridine-3-carboxamide,4,DTXSID5051446,1.4446208357810975,published_per_chemical
published_neural_process,3,Acetamiprid,4,DTXSID0034300,1.2670479774475099,published_per_chemical
published_neural_process,3,Atrazine,4,DTXSID9020112,0.8585312604904175,published_per_chemical
published_neural_process,3,Bensulide,4,DTXSID9032329,1.0680632829666137,published_per_chemical
published_neural_process,3,CP-409092,4,DTXSID2047276,1.102675700187683,published_per_chemical
published_neural_process,3,Captopril,4,DTXSID1037197,1.1848441362380981,published_per_chemical
published_neural_process,3,Chlorethoxyfos,4,DTXSID2032344,1.752913272380829,published_per_chemical
published_neural_process,3,Chlorpyrifos oxon,4,DTXSID1038666,1.5259541034698487,published_per_chemical
published_neural_process,3,Chrysene,4,DTXSID0022432,0.7264003157615662,published_per_chemical
published_neural_process,3,Clove leaf oil,4,DTXSID8044175,1.5158620119094848,published_per_chemical
published_neural_process,3,Cotinine,4,DTXSID1047576,0.6714963674545288,published_per_chemical
published_neural_process,3,Coumaphos,4,DTXSID2020347,1.2039501905441283,published_per_chemical
published_neural_process,3,Cypermethrin,4,DTXSID1023998,1.0817364692687987,published_per_chemical
published_neural_process,3,D-Glucitol,4,DTXSID5023588,1.6462734699249268,published_per_chemical
published_neural_process,3,Dextroamphetamine sulfate,4,DTXSID2057865,0.9058438420295716,published_per_chemical
published_neural_process,3,Di(2-ethylhexyl) phthalate,4,DTXSID5020607,1.6783454179763795,published_per_chemical
published_neural_process,3,Diazinon,4,DTXSID9020407,1.3052321791648864,published_per_chemical
published_neural_process,3,Dieldrin,4,DTXSID9020453,1.4417638540267945,published_per_chemical
published_neural_process,3,Diphenhydramine hydrochloride,4,DTXSID4020537,1.1750203371047974,published_per_chemical
published_neural_process,3,Fosthiazate,4,DTXSID0034930,0.9906212091445923,published_per_chemical
published_neural_process,3,Heptachlor epoxide B,4,DTXSID1024126,1.7413997888565063,published_per_chemical
published_neural_process,3,Imidacloprid,4,DTXSID5032442,1.0131174087524415,published_per_chemical
published_neural_process,3,Isodecyl diphenyl phosphate,4,DTXSID3025465,0.7451877355575561,published_per_chemical
published_neural_process,3,Kepone,4,DTXSID1020770,0.9698026895523071,published_per_chemical
published_neural_process,3,Methimazole,4,DTXSID4020820,1.1519069910049438,published_per_chemical
published_neural_process,3,Molinate,4,DTXSID6024206,0.9529009103775025,published_per_chemical
published_neural_process,3,Octylbicycloheptenedicarboximide,4,DTXSID6032562,1.0354571104049684,published_per_chemical
published_neural_process,3,Paraquat dichloride,4,DTXSID7024243,1.5031233191490174,published_per_chemical
published_neural_process,3,Perfluoroundecanoic acid,4,DTXSID8047553,0.9679684400558471,published_per_chemical
published_neural_process,3,Phenobarbital,4,parent:DTXSID0021123,1.578582525253296,published_per_chemical
published_neural_process,3,Phenylmercuric acetate,4,DTXSID7021150,0.9229523658752441,published_per_chemical
published_neural_process,3,Phosmet,4,DTXSID5024261,1.243464434146881,published_per_chemical
published_neural_process,3,Picoxystrobin,4,DTXSID9047542,1.1014492511749268,published_per_chemical
published_neural_process,3,Resmethrin,4,DTXSID7022253,0.8950037956237793,published_per_chemical
published_neural_process,3,Retinoic acid,4,DTXSID7021239,1.9137074947357178,published_per_chemical
published_neural_process,3,Rotenone,4,DTXSID6021248,1.1734870195388794,published_per_chemical
published_neural_process,3,Sodium orthovanadate,4,DTXSID2037269,1.0410061597824096,published_per_chemical
published_neural_process,3,Tebupirimfos,4,DTXSID1032482,1.543044424057007,published_per_chemical
published_neural_process,3,Triphenyl phosphate,4,DTXSID1021952,0.8782726883888244,published_per_chemical
published_neural_process,3,Triphenyl phosphite,4,DTXSID0026252,0.7446429133415222,published_per_chemical
published_neural_process,3,Tris(2-chloroisopropyl)phosphate,4,DTXSID5026259,0.7379769921302796,published_per_chemical
published_neural_process,3,Valinomycin,4,DTXSID9041150,2.745496940612793,published_per_chemical
published_neural_process,3,tert-Butylphenyl diphenyl phosphate,4,DTXSID6024701,1.4883646965026855,published_per_chemical
published_neural_process,4,1-Ethyl-3-methyl-1H-imidazol-3-ium diethyl phosphate,0,DTXSID9047889,0.9337588429450989,published_per_chemical
published_neural_process,4,"1H,1H,2H,2H-Perfluorooctyl iodide",0,DTXSID2047565,0.6781144142150879,published_per_chemical
published_neural_process,4,"2,2',4,4',5,5'-Hexabromodiphenyl ether",0,DTXSID4030047,1.04700266122818,published_per_chemical
published_neural_process,4,"2,2',4,4',5-Pentabromodiphenyl ether",0,DTXSID9030048,1.5391869783401488,published_per_chemical
published_neural_process,4,"2,2',4,4'-Tetrabromodiphenyl ether",0,DTXSID3030056,1.4816285610198974,published_per_chemical
published_neural_process,4,2-Methoxyethanol,0,DTXSID5024182,0.8295511126518249,published_per_chemical
published_neural_process,4,"3,3'-Iminobispropanenitrile",0,DTXSID2041464,0.6590198040008545,published_per_chemical
published_neural_process,4,4H-Cyclopenta(def)phenanthrene,0,DTXSID1024887,0.7668532490730285,published_per_chemical
published_neural_process,4,6-Propyl-2-thiouracil,0,DTXSID5021209,1.287853968143463,published_per_chemical
published_neural_process,4,Acrylamide,0,DTXSID5020027,0.7836854934692383,published_per_chemical
published_neural_process,4,Aldrin,0,DTXSID8020040,1.3318538904190063,published_per_chemical
published_neural_process,4,Benz(a)anthracene,0,DTXSID5023902,1.024803388118744,published_per_chemical
published_neural_process,4,"Benzo[g,h,i]perylene",0,DTXSID5023908,0.9459971070289612,published_per_chemical
published_neural_process,4,Boric acid (H3BO3),0,DTXSID1020194,0.7428974390029908,published_per_chemical
published_neural_process,4,Boscalid,0,DTXSID6034392,0.630335783958435,published_per_chemical
published_neural_process,4,CP-457920,0,DTXSID4047254,1.008121633529663,published_per_chemical
published_neural_process,4,Chlorpyrifos,0,DTXSID4020458,1.1442083358764648,published_per_chemical
published_neural_process,4,Cyfluthrin,0,DTXSID5035957,1.038519549369812,published_per_chemical
published_neural_process,4,Cytarabine,0,DTXSID3022877,1.9251142501831056,published_per_chemical
published_neural_process,4,"Dibenz[a,h]anthracene",0,DTXSID9020409,0.7909288287162781,published_per_chemical
published_neural_process,4,Disulfoton,0,DTXSID0022018,0.6164063155651093,published_per_chemical
published_neural_process,4,Enadoline,0,DTXSID4047258,1.3176594495773315,published_per_chemical
published_neural_process,4,Erythromycin,0,DTXSID4022991,0.9533044695854187,published_per_chemical
published_neural_process,4,Ethoprop,0,DTXSID4032611,1.0082909345626831,published_per_chemical
published_neural_process,4,Fenamiphos,0,DTXSID3024102,0.9581223368644715,published_per_chemical
published_neural_process,4,Fluconazole,0,DTXSID3020627,1.0336501955986024,published_per_chemical
published_neural_process,4,Flufenacet,0,DTXSID2032552,0.8111831903457641,published_per_chemical
published_neural_process,4,Fluoxastrobin,0,DTXSID2034625,0.9298659443855286,published_per_chemical
published_neural_process,4,Fluoxetine hydrochloride,0,DTXSID7020635,1.909023380279541,published_per_chemical
published_neural_process,4,Flusilazole,0,DTXSID3024235,1.3110058903694153,published_per_chemical
published_neural_process,4,Glyphosate,0,DTXSID1024122,1.2015980362892151,published_per_chemical
published_neural_process,4,Hydroxyurea,0,DTXSID6025438,1.4919872522354125,published_per_chemical
published_neural_process,4,Isoniazid,0,DTXSID8020755,1.1759451389312745,published_per_chemical
published_neural_process,4,L-Domoic acid,0,DTXSID20274180,1.1818822383880616,published_per_chemical
published_neural_process,4,Lactofen,0,DTXSID7024160,0.9236570835113526,published_per_chemical
published_neural_process,4,Lovastatin,0,DTXSID5020784,1.711704468727112,published_per_chemical
published_neural_process,4,Methadone hydrochloride,0,DTXSID2020501,1.273467206954956,published_per_chemical
published_neural_process,4,Methotrexate,0,DTXSID4020822,3.4921010017395018,published_per_chemical
published_neural_process,4,Naphthalene,0,DTXSID8020913,1.1312503933906555,published_per_chemical
published_neural_process,4,Omethoate,0,DTXSID4037580,1.3013916969299317,published_per_chemical
published_neural_process,4,Phenobarbital sodium,0,parent:DTXSID0021123,0.8736658930778504,published_per_chemical
published_neural_process,4,Pirimiphos-methyl,0,DTXSID0024266,1.0856491804122925,published_per_chemical
published_neural_process,4,Pyraclostrobin,0,DTXSID7032638,1.326320719718933,published_per_chemical
published_neural_process,4,Sodium benzoate,0,DTXSID1020140,0.860529088973999,published_per_chemical
published_neural_process,4,Spirodiclofen,0,DTXSID6034928,0.550635302066803,published_per_chemical
published_neural_process,4,Thiacloprid,0,DTXSID7034961,0.9649000406265259,published_per_chemical
published_neural_process,4,Triclosan,0,DTXSID5032498,1.0476787209510803,published_per_chemical
published_neural_process,4,Triethyltin bromide,0,DTXSID9040712,1.1116087913513184,published_per_chemical
published_neural_process,4,"p,p'-DDE",0,DTXSID9020374,0.7612946271896363,published_per_chemical
published_neural_process,4,(Methylcyclopentadienyl)tricarbonylmanganese,1,DTXSID9027738,0.8556352257728577,published_per_chemical
published_neural_process,4,"1,2-Propylene glycol",1,DTXSID0021206,1.8113628149032592,published_per_chemical
published_neural_process,4,5-Chloro-2-methyl-3(2H)-isothiazolone,1,DTXSID9034286,1.5361127972602844,published_per_chemical
published_neural_process,4,5-Fluorouracil,1,DTXSID2020634,1.5382162809371949,published_per_chemical
published_neural_process,4,Acephate,1,DTXSID8023846,0.9989194989204406,published_per_chemical
published_neural_process,4,Acetaminophen,1,DTXSID2020006,0.6934940397739411,published_per_chemical
published_neural_process,4,Aspirin,1,DTXSID5020108,0.5674050867557525,published_per_chemical
published_neural_process,4,Auramine hydrochloride,1,DTXSID9020114,1.053505253791809,published_per_chemical
published_neural_process,4,Benzo[k]fluoranthene,1,DTXSID0023909,0.8977678537368774,published_per_chemical
published_neural_process,4,Berberine chloride,1,DTXSID8024602,0.8554991841316223,published_per_chemical
published_neural_process,4,Bifenthrin,1,DTXSID9020160,1.015937900543213,published_per_chemical
published_neural_process,4,Bis(tributyltin)oxide,1,parent:DTXSID3027403,1.0159554302692413,published_per_chemical
published_neural_process,4,Bisindolylmaleimide I,1,DTXSID50157932,0.8983671188354492,published_per_chemical
published_neural_process,4,Bisphenol A,1,DTXSID7020182,0.859709095954895,published_per_chemical
published_neural_process,4,Busulfan,1,DTXSID3020910,0.655302882194519,published_per_chemical
published_neural_process,4,Caffeine,1,DTXSID0020232,1.1035359144210815,published_per_chemical
published_neural_process,4,Chlordiazepoxide hydrochloride,1,DTXSID40880060,2.184017539024353,published_per_chemical
published_neural_process,4,Cyclophosphamide monohydrate,1,DTXSID6024888,1.120840609073639,published_per_chemical
published_neural_process,4,Cymoxanil,1,DTXSID6032358,0.599988329410553,published_per_chemical
published_neural_process,4,Diazepam,1,DTXSID4020406,1.6745919704437255,published_per_chemical
published_neural_process,4,Diazoxon,1,DTXSID5037523,1.5319824457168578,published_per_chemical
published_neural_process,4,Diethylene glycol,1,DTXSID8020462,0.8751586437225342,published_per_chemical
published_neural_process,4,Diethylstilbestrol,1,DTXSID3020465,1.509305465221405,published_per_chemical
published_neural_process,4,Difpas-pyrazole,1,DTXSID6048175,1.2842583179473877,published_per_chemical
published_neural_process,4,Dimethoate,1,DTXSID7020479,0.9411914348602295,published_per_chemical
published_neural_process,4,Endosulfan,1,DTXSID1020560,1.846562933921814,published_per_chemical
published_neural_process,4,Endrin,1,DTXSID6020561,1.169302487373352,published_per_chemical
published_neural_process,4,Fenitrothion,1,DTXSID4032613,0.6138594031333924,published_per_chemical
published_neural_process,4,Loperamide,1,DTXSID00880006,1.3612639784812928,published_per_chemical
published_neural_process,4,Malaoxon,1,DTXSID9020790,0.947699785232544,published_per_chemical
published_neural_process,4,Methoxychlor,1,DTXSID9020827,1.3690712213516236,published_per_chemical
published_neural_process,4,Naled,1,DTXSID1024209,1.6116750240325928,published_per_chemical
published_neural_process,4,Oxidopamine hydrochloride,1,DTXSID0045838,1.4514901876449584,published_per_chemical
published_neural_process,4,Permethrin,1,DTXSID8022292,1.3706751704216003,published_per_chemical
published_neural_process,4,PharmaGSID_47330,1,DTXSID9047330,1.058086597919464,published_per_chemical
published_neural_process,4,Phenanthrene,1,DTXSID6024254,0.47653632760047915,published_per_chemical
published_neural_process,4,Pravastatin sodium,1,DTXSID6047525,1.2200910091400146,published_per_chemical
published_neural_process,4,S-Ethyl dipropylthiocarbamate,1,DTXSID1024091,0.7069111347198487,published_per_chemical
published_neural_process,4,Sodium saccharin hydrate,1,DTXSID7021992,0.8633545398712158,published_per_chemical
published_neural_process,4,Sodium valproate,1,DTXSID5037072,1.0499901056289673,published_per_chemical
published_neural_process,4,Terbufos,1,DTXSID2022254,1.0161833584308624,published_per_chemical
published_neural_process,4,Thalidomide,1,DTXSID9022524,1.575316309928894,published_per_chemical
published_neural_process,4,Tributyltin methacrylate,1,parent:DTXSID3027403,1.113118314743042,published_per_chemical
published_neural_process,4,Trimethyltin hydroxide,1,DTXSID9032240,1.840803861618042,published_per_chemical
published_neural_process,4,"Tris(1,3-dichloro-2-propyl) phosphate",1,DTXSID9026261,1.0228264570236205,published_per_chemical
published_neural_process,4,Tris(2-chloroethyl) phosphate,1,DTXSID5021411,1.5958863735198974,published_per_chemical
published_neural_process,4,Z-Tetrachlorvinphos,1,DTXSID1032648,1.372634506225586,published_per_chemical
published_neural_process,4,"p,p'-DDD",1,DTXSID4020373,0.9652534365653992,published_per_chemical
published_neural_process,4,tert-Butylhydroquinone,1,DTXSID6020220,1.5256624698638916,published_per_chemical
published_neural_process,4,2-(m-Chlorophenoxy)propionic acid,2,DTXSID9034232,1.3230344772338867,published_per_chemical
published_neural_process,4,2-Ethylhexyl diphenyl phosphate,2,DTXSID1025300,1.1585911154747008,published_per_chemical
published_neural_process,4,"3,3',5,5'-Tetrabromobisphenol A",2,DTXSID1026081,0.7689789533615112,published_per_chemical
published_neural_process,4,Abamectin,2,DTXSID8023892,1.6099695205688476,published_per_chemical
published_neural_process,4,Acenaphthylene,2,DTXSID3023845,0.5771067678928375,published_per_chemical
published_neural_process,4,Aldicarb,2,DTXSID0039223,1.2209276914596559,published_per_chemical
published_neural_process,4,Amoxicillin,2,DTXSID3037044,1.1093597650527953,published_per_chemical
published_neural_process,4,Azoxystrobin,2,DTXSID0032520,1.048943245410919,published_per_chemical
published_neural_process,4,Benzo[a]pyrene,2,DTXSID2020139,0.9340890645980835,published_per_chemical
published_neural_process,4,Benzo[e]pyrene,2,DTXSID3023764,1.0435559272766113,published_per_chemical
published_neural_process,4,Bis(2-ethylhexyl) tetrabromophthalate,2,DTXSID7027887,1.3606541633605957,published_per_chemical
published_neural_process,4,Bisphenol AF,2,DTXSID7037717,0.8943787336349487,published_per_chemical
published_neural_process,4,Bisphenol B,2,DTXSID4022442,1.0329718470573426,published_per_chemical
published_neural_process,4,Cadmium(II) chloride hydrate (2:5),2,DTXSID4040183,2.0632892847061157,published_per_chemical
published_neural_process,4,Captan,2,DTXSID9020243,0.7018635511398316,published_per_chemical
published_neural_process,4,Carbamazepine,2,DTXSID4022731,0.9543324947357178,published_per_chemical
published_neural_process,4,Carbaryl,2,DTXSID9020247,2.130505084991455,published_per_chemical
published_neural_process,4,Cariporide mesylate,2,DTXSID3047344,1.0061996221542358,published_per_chemical
published_neural_process,4,Chloramben,2,DTXSID2020262,0.8094485878944397,published_per_chemical
published_neural_process,4,Chlorpromazine hydrochloride,2,DTXSID7024827,0.9998096585273742,published_per_chemical
published_neural_process,4,Clothianidin,2,DTXSID2034465,0.7175136089324952,published_per_chemical
published_neural_process,4,Dichlorvos,2,DTXSID5020449,0.9630477786064148,published_per_chemical
published_neural_process,4,Eugenol,2,DTXSID9020617,0.9460341453552246,published_per_chemical
published_neural_process,4,Fipronil,2,DTXSID4034609,1.3938026905059815,published_per_chemical
published_neural_process,4,Fluorene,2,DTXSID8024105,0.5306670904159546,published_per_chemical
published_neural_process,4,Glycerol,2,DTXSID9020663,0.6882134795188903,published_per_chemical
published_neural_process,4,L-Ascorbic acid,2,DTXSID5020106,0.9045586585998535,published_per_chemical
published_neural_process,4,Lindane,2,DTXSID2020686,1.4063397288322448,published_per_chemical
published_neural_process,4,Maneb,2,DTXSID9020794,1.044761836528778,published_per_chemical
published_neural_process,4,Manganese dichloride,2,parent:DTXSID5027279,1.286280333995819,published_per_chemical
published_neural_process,4,Mercuric chloride,2,DTXSID5020811,1.1070735931396485,published_per_chemical
published_neural_process,4,Methamidophos,2,DTXSID6024177,0.8956458449363709,published_per_chemical
published_neural_process,4,Methylmercuric(II) chloride,2,DTXSID5020813,1.4646422386169433,published_per_chemical
published_neural_process,4,Mevastatin,2,DTXSID4040684,1.3652295827865601,published_per_chemical
published_neural_process,4,Mirex,2,DTXSID7020895,1.8808350324630738,published_per_chemical
published_neural_process,4,"Octachloro-4,7-methanotetrahydroindane",2,DTXSID7020267,0.9678064465522767,published_per_chemical
published_neural_process,4,Parathion,2,DTXSID7021100,1.1172037363052367,published_per_chemical
published_neural_process,4,Prallethrin,2,DTXSID0032572,0.9108016133308411,published_per_chemical
published_neural_process,4,Reserpine,2,DTXSID7021237,1.8451390981674194,published_per_chemical
published_neural_process,4,Sodium arsenite,2,DTXSID5020104,1.9358550906181335,published_per_chemical
published_neural_process,4,Tebuconazole,2,DTXSID9032113,2.230561947822571,published_per_chemical
published_neural_process,4,Terbutaline hemisulfate,2,DTXSID3045437,0.8947492837905884,published_per_chemical
published_neural_process,4,Tetraethylthiuram disulfide,2,DTXSID1021322,0.7953511118888855,published_per_chemical
published_neural_process,4,Tetramethrin,2,DTXSID6032649,0.7552847623825073,published_per_chemical
published_neural_process,4,Tribufos,2,DTXSID1024174,1.1881143927574158,published_per_chemical
published_neural_process,4,Trichlorfon,2,DTXSID0021389,1.112014150619507,published_per_chemical
published_neural_process,4,Trifloxystrobin,2,DTXSID4032580,0.8800524353981019,published_per_chemical
published_neural_process,4,Tris(methylphenyl) phosphate,2,DTXSID4021391,0.885077953338623,published_per_chemical
published_neural_process,4,"o,p'-DDT",2,parent:DTXSID4020375,1.2663461565971375,published_per_chemical
published_neural_process,4,1-Methyl-4-phenylpyridinium iodide,3,DTXSID40880040,1.118163776397705,published_per_chemical
published_neural_process,4,"2-Ethylhexyl 2,3,4,5-tetrabromobenzoate",3,DTXSID9052686,1.3011980175971984,published_per_chemical
published_neural_process,4,3-Iodo-2-propynyl-N-butylcarbamate,3,DTXSID0028038,0.7802528142929077,published_per_chemical
published_neural_process,4,"5,5-Diphenylhydantoin",3,DTXSID8020541,0.8930137991905213,published_per_chemical
published_neural_process,4,6-Methyl-2-thiouracil,3,DTXSID2020890,0.9964535713195801,published_per_chemical
published_neural_process,4,Acenaphthene,3,DTXSID3021774,0.7758344411849976,published_per_chemical
published_neural_process,4,Allethrin,3,parent:DTXSID2039336,1.0081455707550049,published_per_chemical
published_neural_process,4,Anthracene,3,DTXSID0023878,0.6909701228141785,published_per_chemical
published_neural_process,4,Benzo(b)fluoranthene,3,DTXSID0023907,0.8031415581703186,published_per_chemical
published_neural_process,4,Carbofuran,3,DTXSID9020249,0.9260789752006531,published_per_chemical
published_neural_process,4,Chlorendic acid,3,DTXSID2020268,0.8352363705635071,published_per_chemical
published_neural_process,4,Clodinafop-propargyl,3,DTXSID6032354,0.734200406074524,published_per_chemical
published_neural_process,4,Cocaine,3,DTXSID2038443,1.2095800399780274,published_per_chemical
published_neural_process,4,Colchicine,3,DTXSID5024845,1.6476486206054688,published_per_chemical
published_neural_process,4,D-Mannitol,3,DTXSID1023235,0.9565189123153687,published_per_chemical
published_neural_process,4,DDT,3,parent:DTXSID4020375,1.286595070362091,published_per_chemical
published_neural_process,4,Deltamethrin,3,DTXSID8020381,1.3223410487174987,published_per_chemical
published_neural_process,4,Dexamethasone,3,DTXSID3020384,1.283623993396759,published_per_chemical
published_neural_process,4,"Dibenz[a,c]anthracene",3,DTXSID9049245,0.9272605180740356,published_per_chemical
published_neural_process,4,Dicrotophos,3,DTXSID9023914,1.1217993259429933,published_per_chemical
published_neural_process,4,Emamectin benzoate,3,DTXSID0034566,1.6051730871200562,published_per_chemical
published_neural_process,4,Es-fenvalerate,3,DTXSID4032667,1.3103159666061401,published_per_chemical
published_neural_process,4,Esketamine hydrochloride,3,DTXSID601027734,1.0230088829994202,published_per_chemical
published_neural_process,4,Etofenprox,3,DTXSID9032610,0.8714096069335937,published_per_chemical
published_neural_process,4,Fenpropathrin,3,DTXSID0024002,1.1819642066955567,published_per_chemical
published_neural_process,4,Firemaster 550,3,DTXSID70880073,0.968580675125122,published_per_chemical
published_neural_process,4,Folic acid,3,DTXSID0022519,1.16877338886261,published_per_chemical
published_neural_process,4,Haloperidol,3,DTXSID4034150,1.0894951939582824,published_per_chemical
published_neural_process,4,Hexachlorophene,3,DTXSID6020690,1.5601596117019654,published_per_chemical
published_neural_process,4,Lead(II) acetate trihydrate,3,DTXSID3031521,1.3002998113632203,published_per_chemical
published_neural_process,4,Malathion,3,DTXSID4020791,0.9510112047195435,published_per_chemical
published_neural_process,4,Mancozeb,3,DTXSID0034695,0.6778279662132263,published_per_chemical
published_neural_process,4,Manganese(II) acetate,3,parent:DTXSID5027279,0.7823119044303894,published_per_chemical
published_neural_process,4,Naloxone hydrochloride dihydrate,3,DTXSID90199452,0.9291888117790222,published_per_chemical
published_neural_process,4,Phenol,3,DTXSID5021124,0.918671452999115,published_per_chemical
published_neural_process,4,Phorate,3,DTXSID4032459,1.0486469864845276,published_per_chemical
published_neural_process,4,Piperonyl butoxide,3,DTXSID1021166,1.4217374563217162,published_per_chemical
published_neural_process,4,Profenofos,3,DTXSID3032464,1.466949200630188,published_per_chemical
published_neural_process,4,Pyrene,3,DTXSID3024289,0.6440222501754761,published_per_chemical
published_neural_process,4,S-Bioallethrin,3,parent:DTXSID2039336,1.0117584586143493,published_per_chemical
published_neural_process,4,Simvastatin,3,DTXSID0023581,1.6066237449645997,published_per_chemical
published_neural_process,4,Sodium fluoride,3,DTXSID2020630,0.8857300877571106,published_per_chemical
published_neural_process,4,Spiroxamine,3,DTXSID1034212,1.342845606803894,published_per_chemical
published_neural_process,4,Tamoxifen,3,DTXSID1034187,1.2459746837615966,published_per_chemical
published_neural_process,4,Tefluthrin,3,DTXSID5032577,1.0803516864776612,published_per_chemical
published_neural_process,4,Tetracycline,3,DTXSID7023645,0.8128322124481201,published_per_chemical
published_neural_process,4,Thiamethoxam,3,DTXSID2034962,0.9563339233398438,published_per_chemical
published_neural_process,4,Tributyltin chloride,3,parent:DTXSID3027403,0.8905511856079101,published_per_chemical
published_neural_process,4,Triphenyl phosphates isopropylated,3,DTXSID4028880,1.2690131664276123,published_per_chemical
published_neural_process,4,(-)-Nicotine,4,DTXSID1020930,1.5716403484344483,published_per_chemical
published_neural_process,4,17beta-Estradiol,4,DTXSID0020573,0.6781603574752808,published_per_chemical
published_neural_process,4,"2,2-Bis(4-hydroxyphenyl)-1,1,1-trichloroethane",4,DTXSID8022325,1.1218383073806764,published_per_chemical
published_neural_process,4,"4,4'-Sulfonyldiphenol",4,DTXSID3022409,1.0968411922454835,published_per_chemical
published_neural_process,4,6-aminopyridine-3-carboxamide,4,DTXSID5051446,1.362945830821991,published_per_chemical
published_neural_process,4,Acetamiprid,4,DTXSID0034300,1.3040950536727904,published_per_chemical
published_neural_process,4,Atrazine,4,DTXSID9020112,0.7670689582824707,published_per_chemical
published_neural_process,4,Bensulide,4,DTXSID9032329,1.3703055381774902,published_per_chemical
published_neural_process,4,CP-409092,4,DTXSID2047276,1.0739275693893433,published_per_chemical
published_neural_process,4,Captopril,4,DTXSID1037197,1.0440290808677672,published_per_chemical
published_neural_process,4,Chlorethoxyfos,4,DTXSID2032344,0.9031696438789367,published_per_chemical
published_neural_process,4,Chlorpyrifos oxon,4,DTXSID1038666,1.4007498741149902,published_per_chemical
published_neural_process,4,Chrysene,4,DTXSID0022432,0.7294295072555542,published_per_chemical
published_neural_process,4,Clove leaf oil,4,DTXSID8044175,1.3176007509231566,published_per_chemical
published_neural_process,4,Cotinine,4,DTXSID1047576,0.6897359132766724,published_per_chemical
published_neural_process,4,Coumaphos,4,DTXSID2020347,1.1937679529190064,published_per_chemical
published_neural_process,4,Cypermethrin,4,DTXSID1023998,0.9490101933479309,published_per_chemical
published_neural_process,4,D-Glucitol,4,DTXSID5023588,1.196178948879242,published_per_chemical
published_neural_process,4,Dextroamphetamine sulfate,4,DTXSID2057865,0.8540043473243714,published_per_chemical
published_neural_process,4,Di(2-ethylhexyl) phthalate,4,DTXSID5020607,1.5822197914123535,published_per_chemical
published_neural_process,4,Diazinon,4,DTXSID9020407,1.2772327423095704,published_per_chemical
published_neural_process,4,Dieldrin,4,DTXSID9020453,2.2745583295822143,published_per_chemical
published_neural_process,4,Diphenhydramine hydrochloride,4,DTXSID4020537,0.982658040523529,published_per_chemical
published_neural_process,4,Fosthiazate,4,DTXSID0034930,1.037072205543518,published_per_chemical
published_neural_process,4,Heptachlor epoxide B,4,DTXSID1024126,1.494508695602417,published_per_chemical
published_neural_process,4,Imidacloprid,4,DTXSID5032442,1.0041596055030824,published_per_chemical
published_neural_process,4,Isodecyl diphenyl phosphate,4,DTXSID3025465,0.759928846359253,published_per_chemical
published_neural_process,4,Kepone,4,DTXSID1020770,0.9159952878952027,published_per_chemical
published_neural_process,4,Methimazole,4,DTXSID4020820,1.1892451405525208,published_per_chemical
published_neural_process,4,Molinate,4,DTXSID6024206,0.9019573926925659,published_per_chemical
published_neural_process,4,Octylbicycloheptenedicarboximide,4,DTXSID6032562,1.0358951568603516,published_per_chemical
published_neural_process,4,Paraquat dichloride,4,DTXSID7024243,2.1002661406993868,published_per_chemical
published_neural_process,4,Perfluoroundecanoic acid,4,DTXSID8047553,0.8957255363464356,published_per_chemical
published_neural_process,4,Phenobarbital,4,parent:DTXSID0021123,1.289622974395752,published_per_chemical
published_neural_process,4,Phenylmercuric acetate,4,DTXSID7021150,0.9100672245025635,published_per_chemical
published_neural_process,4,Phosmet,4,DTXSID5024261,0.8745814323425293,published_per_chemical
published_neural_process,4,Picoxystrobin,4,DTXSID9047542,0.9274891495704651,published_per_chemical
published_neural_process,4,Resmethrin,4,DTXSID7022253,0.9184476852416992,published_per_chemical
published_neural_process,4,Retinoic acid,4,DTXSID7021239,1.7344921231269836,published_per_chemical
published_neural_process,4,Rotenone,4,DTXSID6021248,1.074147593975067,published_per_chemical
published_neural_process,4,Sodium orthovanadate,4,DTXSID2037269,1.279586958885193,published_per_chemical
published_neural_process,4,Tebupirimfos,4,DTXSID1032482,1.5379386305809022,published_per_chemical
published_neural_process,4,Triphenyl phosphate,4,DTXSID1021952,0.8686338663101196,published_per_chemical
published_neural_process,4,Triphenyl phosphite,4,DTXSID0026252,0.7915371060371399,published_per_chemical
published_neural_process,4,Tris(2-chloroisopropyl)phosphate,4,DTXSID5026259,0.7357204794883728,published_per_chemical
published_neural_process,4,Valinomycin,4,DTXSID9041150,3.0243144989013673,published_per_chemical
published_neural_process,4,tert-Butylphenyl diphenyl phosphate,4,DTXSID6024701,1.6549462795257568,published_per_chemical
softimpute,1,(Methylcyclopentadienyl)tricarbonylmanganese,1,DTXSID9027738,1.142495240624725,predictions
softimpute,1,"1,2-Propylene glycol",1,DTXSID0021206,1.5238518073467948,predictions
softimpute,1,5-Chloro-2-methyl-3(2H)-isothiazolone,1,DTXSID9034286,1.5934178741943388,predictions
softimpute,1,5-Fluorouracil,1,DTXSID2020634,2.411708176121297,predictions
softimpute,1,Acephate,1,DTXSID8023846,1.8616921843184744,predictions
softimpute,1,Acetaminophen,1,DTXSID2020006,0.9459007406034157,predictions
softimpute,1,Aspirin,1,DTXSID5020108,1.2044566508187557,predictions
softimpute,1,Auramine hydrochloride,1,DTXSID9020114,1.437781416868233,predictions
softimpute,1,Benzo[k]fluoranthene,1,DTXSID0023909,1.207037318812518,predictions
softimpute,1,Berberine chloride,1,DTXSID8024602,2.1452644392302274,predictions
softimpute,1,Bifenthrin,1,DTXSID9020160,2.1803169735964767,predictions
softimpute,1,Bis(tributyltin)oxide,1,parent:DTXSID3027403,3.420215378122374,predictions
softimpute,1,Bisindolylmaleimide I,1,DTXSID50157932,1.3994015020555577,predictions
softimpute,1,Bisphenol A,1,DTXSID7020182,1.440194769526832,predictions
softimpute,1,Busulfan,1,DTXSID3020910,1.0974892298514456,predictions
softimpute,1,Caffeine,1,DTXSID0020232,1.3303485987613795,predictions
softimpute,1,Chlordiazepoxide hydrochloride,1,DTXSID40880060,1.786484038751618,predictions
softimpute,1,Cyclophosphamide monohydrate,1,DTXSID6024888,1.2268525588726025,predictions
softimpute,1,Cymoxanil,1,DTXSID6032358,1.039397340518448,predictions
softimpute,1,Diazepam,1,DTXSID4020406,1.8138256502875816,predictions
softimpute,1,Diazoxon,1,DTXSID5037523,1.818737353856775,predictions
softimpute,1,Diethylene glycol,1,DTXSID8020462,1.2074367403933413,predictions
softimpute,1,Diethylstilbestrol,1,DTXSID3020465,1.6316230207519369,predictions
softimpute,1,Difpas-pyrazole,1,DTXSID6048175,1.5732855112667625,predictions
softimpute,1,Dimethoate,1,DTXSID7020479,1.323579373029349,predictions
softimpute,1,Endosulfan,1,DTXSID1020560,2.1046934921691687,predictions
softimpute,1,Endrin,1,DTXSID6020561,1.6329214110553376,predictions
softimpute,1,Fenitrothion,1,DTXSID4032613,0.9087177368971602,predictions
softimpute,1,Loperamide,1,DTXSID00880006,2.1411939098749655,predictions
softimpute,1,Malaoxon,1,DTXSID9020790,2.1598971791569075,predictions
softimpute,1,Methoxychlor,1,DTXSID9020827,1.5946105949279357,predictions
softimpute,1,Naled,1,DTXSID1024209,1.8616302576165076,predictions
softimpute,1,Oxidopamine hydrochloride,1,DTXSID0045838,1.328876960805872,predictions
softimpute,1,Permethrin,1,DTXSID8022292,1.5181931036718308,predictions
softimpute,1,PharmaGSID_47330,1,DTXSID9047330,1.3327135066099494,predictions
softimpute,1,Phenanthrene,1,DTXSID6024254,0.9668672929594475,predictions
softimpute,1,Pravastatin sodium,1,DTXSID6047525,2.085088452557014,predictions
softimpute,1,S-Ethyl dipropylthiocarbamate,1,DTXSID1024091,1.3182775848318944,predictions
softimpute,1,Sodium saccharin hydrate,1,DTXSID7021992,1.3835350775494066,predictions
softimpute,1,Sodium valproate,1,DTXSID5037072,2.011713164910968,predictions
softimpute,1,Terbufos,1,DTXSID2022254,1.6871365135271206,predictions
softimpute,1,Thalidomide,1,DTXSID9022524,1.5624164479581844,predictions
softimpute,1,Tributyltin methacrylate,1,parent:DTXSID3027403,1.8607423340296279,predictions
softimpute,1,Trimethyltin hydroxide,1,DTXSID9032240,2.614041748293958,predictions
softimpute,1,"Tris(1,3-dichloro-2-propyl) phosphate",1,DTXSID9026261,1.2068890987955672,predictions
softimpute,1,Tris(2-chloroethyl) phosphate,1,DTXSID5021411,1.3227121349400321,predictions
softimpute,1,Z-Tetrachlorvinphos,1,DTXSID1032648,1.7592209447761848,predictions
softimpute,1,"p,p'-DDD",1,DTXSID4020373,1.5323320940249188,predictions
softimpute,1,tert-Butylhydroquinone,1,DTXSID6020220,1.3759946107541388,predictions
softimpute,1,2-(m-Chlorophenoxy)propionic acid,2,DTXSID9034232,1.5131396504592045,predictions
softimpute,1,2-Ethylhexyl diphenyl phosphate,2,DTXSID1025300,1.3842483645664845,predictions
softimpute,1,"3,3',5,5'-Tetrabromobisphenol A",2,DTXSID1026081,1.04048487784925,predictions
softimpute,1,Abamectin,2,DTXSID8023892,3.34657820038381,predictions
softimpute,1,Acenaphthylene,2,DTXSID3023845,1.1227561491811373,predictions
softimpute,1,Aldicarb,2,DTXSID0039223,1.6509295096257681,predictions
softimpute,1,Amoxicillin,2,DTXSID3037044,1.3923184427037743,predictions
softimpute,1,Azoxystrobin,2,DTXSID0032520,1.841624926276707,predictions
softimpute,1,Benzo[a]pyrene,2,DTXSID2020139,1.015871473233275,predictions
softimpute,1,Benzo[e]pyrene,2,DTXSID3023764,1.1681258212271262,predictions
softimpute,1,Bis(2-ethylhexyl) tetrabromophthalate,2,DTXSID7027887,1.5499178780635856,predictions
softimpute,1,Bisphenol AF,2,DTXSID7037717,1.1624319872634548,predictions
softimpute,1,Bisphenol B,2,DTXSID4022442,1.2889047856147522,predictions
softimpute,1,Cadmium(II) chloride hydrate (2:5),2,DTXSID4040183,2.9326232399363934,predictions
softimpute,1,Captan,2,DTXSID9020243,0.9041597557634367,predictions
softimpute,1,Carbamazepine,2,DTXSID4022731,1.293566075276228,predictions
softimpute,1,Carbaryl,2,DTXSID9020247,2.5285099911494733,predictions
softimpute,1,Cariporide mesylate,2,DTXSID3047344,1.2562907907394678,predictions
softimpute,1,Chloramben,2,DTXSID2020262,0.7814315282275366,predictions
softimpute,1,Chlorpromazine hydrochloride,2,DTXSID7024827,1.7537426061498862,predictions
softimpute,1,Clothianidin,2,DTXSID2034465,1.4634733527979862,predictions
softimpute,1,Dichlorvos,2,DTXSID5020449,1.1787153386139244,predictions
softimpute,1,Eugenol,2,DTXSID9020617,1.3372529371371258,predictions
softimpute,1,Fipronil,2,DTXSID4034609,1.5814277887524444,predictions
softimpute,1,Fluorene,2,DTXSID8024105,0.9599288552754487,predictions
softimpute,1,Glycerol,2,DTXSID9020663,0.9488049035998738,predictions
softimpute,1,L-Ascorbic acid,2,DTXSID5020106,1.307216855849723,predictions
softimpute,1,Lindane,2,DTXSID2020686,1.750138166733214,predictions
softimpute,1,Maneb,2,DTXSID9020794,1.4482558746422647,predictions
softimpute,1,Manganese dichloride,2,parent:DTXSID5027279,1.5678644145505225,predictions
softimpute,1,Mercuric chloride,2,DTXSID5020811,1.8407919794779513,predictions
softimpute,1,Methamidophos,2,DTXSID6024177,1.7662647345848792,predictions
softimpute,1,Methylmercuric(II) chloride,2,DTXSID5020813,2.808931580423985,predictions
softimpute,1,Mevastatin,2,DTXSID4040684,2.5826226319676464,predictions
softimpute,1,Mirex,2,DTXSID7020895,2.287265531128754,predictions
softimpute,1,"Octachloro-4,7-methanotetrahydroindane",2,DTXSID7020267,1.5990641181403038,predictions
softimpute,1,Parathion,2,DTXSID7021100,1.0400602462690594,predictions
softimpute,1,Prallethrin,2,DTXSID0032572,1.3953657736155605,predictions
softimpute,1,Reserpine,2,DTXSID7021237,2.1857232873561836,predictions
softimpute,1,Sodium arsenite,2,DTXSID5020104,2.7763141230846435,predictions
softimpute,1,Tebuconazole,2,DTXSID9032113,2.4144255908053975,predictions
softimpute,1,Terbutaline hemisulfate,2,DTXSID3045437,1.2834070915084435,predictions
softimpute,1,Tetraethylthiuram disulfide,2,DTXSID1021322,1.9065681492338413,predictions
softimpute,1,Tetramethrin,2,DTXSID6032649,1.0170417894767252,predictions
softimpute,1,Tribufos,2,DTXSID1024174,1.8717223211504042,predictions
softimpute,1,Trichlorfon,2,DTXSID0021389,1.6695396138114187,predictions
softimpute,1,Trifloxystrobin,2,DTXSID4032580,2.0771456834070694,predictions
softimpute,1,Tris(methylphenyl) phosphate,2,DTXSID4021391,1.1115910859956486,predictions
softimpute,1,"o,p'-DDT",2,parent:DTXSID4020375,2.6979980881519348,predictions
softimpute,1,1-Methyl-4-phenylpyridinium iodide,3,DTXSID40880040,1.1685299626220906,predictions
softimpute,1,"2-Ethylhexyl 2,3,4,5-tetrabromobenzoate",3,DTXSID9052686,1.5343568084368684,predictions
softimpute,1,3-Iodo-2-propynyl-N-butylcarbamate,3,DTXSID0028038,1.3112611857761451,predictions
softimpute,1,"5,5-Diphenylhydantoin",3,DTXSID8020541,1.3573562154377534,predictions
softimpute,1,6-Methyl-2-thiouracil,3,DTXSID2020890,1.4294556294117786,predictions
softimpute,1,Acenaphthene,3,DTXSID3021774,1.1801842837914613,predictions
softimpute,1,Allethrin,3,parent:DTXSID2039336,1.1971866358606118,predictions
softimpute,1,Anthracene,3,DTXSID0023878,1.1022174292950366,predictions
softimpute,1,Benzo(b)fluoranthene,3,DTXSID0023907,1.2784550859696513,predictions
softimpute,1,Carbofuran,3,DTXSID9020249,0.9428030299127814,predictions
softimpute,1,Chlorendic acid,3,DTXSID2020268,1.6198102693202876,predictions
softimpute,1,Clodinafop-propargyl,3,DTXSID6032354,1.0833159357940776,predictions
softimpute,1,Cocaine,3,DTXSID2038443,1.532455836789781,predictions
softimpute,1,Colchicine,3,DTXSID5024845,6.55465266176161,predictions
softimpute,1,D-Mannitol,3,DTXSID1023235,1.1982070284116972,predictions
softimpute,1,DDT,3,parent:DTXSID4020375,1.243561993077493,predictions
softimpute,1,Deltamethrin,3,DTXSID8020381,2.034370983586723,predictions
softimpute,1,Dexamethasone,3,DTXSID3020384,1.584207422064416,predictions
softimpute,1,"Dibenz[a,c]anthracene",3,DTXSID9049245,1.3127168084057865,predictions
softimpute,1,Dicrotophos,3,DTXSID9023914,1.6261591785476388,predictions
softimpute,1,Emamectin benzoate,3,DTXSID0034566,2.4741978978695003,predictions
softimpute,1,Es-fenvalerate,3,DTXSID4032667,1.6353575169401675,predictions
softimpute,1,Esketamine hydrochloride,3,DTXSID601027734,1.409124320604553,predictions
softimpute,1,Etofenprox,3,DTXSID9032610,1.0814727054012898,predictions
softimpute,1,Fenpropathrin,3,DTXSID0024002,1.5991240111858758,predictions
softimpute,1,Firemaster 550,3,DTXSID70880073,1.3218360614331226,predictions
softimpute,1,Folic acid,3,DTXSID0022519,1.2900289553373303,predictions
softimpute,1,Haloperidol,3,DTXSID4034150,2.1251031366246473,predictions
softimpute,1,Hexachlorophene,3,DTXSID6020690,2.1049429227124983,predictions
softimpute,1,Lead(II) acetate trihydrate,3,DTXSID3031521,1.7364543065495603,predictions
softimpute,1,Malathion,3,DTXSID4020791,1.4279233124216488,predictions
softimpute,1,Mancozeb,3,DTXSID0034695,1.0830992942696436,predictions
softimpute,1,Manganese(II) acetate,3,parent:DTXSID5027279,1.078160503678042,predictions
softimpute,1,Naloxone hydrochloride dihydrate,3,DTXSID90199452,1.4905942375370969,predictions
softimpute,1,Phenol,3,DTXSID5021124,1.5151401833488052,predictions
softimpute,1,Phorate,3,DTXSID4032459,1.5873205361764309,predictions
softimpute,1,Piperonyl butoxide,3,DTXSID1021166,1.6237598833118514,predictions
softimpute,1,Profenofos,3,DTXSID3032464,1.4109348680584055,predictions
softimpute,1,Pyrene,3,DTXSID3024289,1.0965009793688878,predictions
softimpute,1,S-Bioallethrin,3,parent:DTXSID2039336,1.08064037523063,predictions
softimpute,1,Simvastatin,3,DTXSID0023581,2.1414692970718843,predictions
softimpute,1,Sodium fluoride,3,DTXSID2020630,1.224652172805396,predictions
softimpute,1,Spiroxamine,3,DTXSID1034212,2.4158730646893494,predictions
softimpute,1,Tamoxifen,3,DTXSID1034187,2.0146054216365537,predictions
softimpute,1,Tefluthrin,3,DTXSID5032577,1.7487350011294196,predictions
softimpute,1,Tetracycline,3,DTXSID7023645,1.3370487605356371,predictions
softimpute,1,Thiamethoxam,3,DTXSID2034962,1.3738348684965165,predictions
softimpute,1,Tributyltin chloride,3,parent:DTXSID3027403,1.7630704564754733,predictions
softimpute,1,Triphenyl phosphates isopropylated,3,DTXSID4028880,1.4159042241027273,predictions
softimpute,1,(-)-Nicotine,4,DTXSID1020930,1.5783838081273358,predictions
softimpute,1,17beta-Estradiol,4,DTXSID0020573,0.7870519733299679,predictions
softimpute,1,"2,2-Bis(4-hydroxyphenyl)-1,1,1-trichloroethane",4,DTXSID8022325,1.382339114717456,predictions
softimpute,1,"4,4'-Sulfonyldiphenol",4,DTXSID3022409,1.3730446476383495,predictions
softimpute,1,6-aminopyridine-3-carboxamide,4,DTXSID5051446,2.0489054445562767,predictions
softimpute,1,Acetamiprid,4,DTXSID0034300,1.4725093506303324,predictions
softimpute,1,Atrazine,4,DTXSID9020112,1.0533397573284358,predictions
softimpute,1,Bensulide,4,DTXSID9032329,1.4830529260066596,predictions
softimpute,1,CP-409092,4,DTXSID2047276,1.4017919177621052,predictions
softimpute,1,Captopril,4,DTXSID1037197,1.6770239772661584,predictions
softimpute,1,Chlorethoxyfos,4,DTXSID2032344,1.5826772860736058,predictions
softimpute,1,Chlorpyrifos oxon,4,DTXSID1038666,1.3240698438182092,predictions
softimpute,1,Chrysene,4,DTXSID0022432,1.0009244300744733,predictions
softimpute,1,Clove leaf oil,4,DTXSID8044175,1.9873180677295843,predictions
softimpute,1,Cotinine,4,DTXSID1047576,0.9949070609884629,predictions
softimpute,1,Coumaphos,4,DTXSID2020347,1.4077438123599957,predictions
softimpute,1,Cypermethrin,4,DTXSID1023998,1.7595573794699408,predictions
softimpute,1,D-Glucitol,4,DTXSID5023588,1.3132989415141998,predictions
softimpute,1,Dextroamphetamine sulfate,4,DTXSID2057865,1.4507889280992177,predictions
softimpute,1,Di(2-ethylhexyl) phthalate,4,DTXSID5020607,1.485890651251196,predictions
softimpute,1,Diazinon,4,DTXSID9020407,1.8530022918698044,predictions
softimpute,1,Dieldrin,4,DTXSID9020453,2.4531317533026153,predictions
softimpute,1,Diphenhydramine hydrochloride,4,DTXSID4020537,1.4290293987996,predictions
softimpute,1,Fosthiazate,4,DTXSID0034930,1.839384880765294,predictions
softimpute,1,Heptachlor epoxide B,4,DTXSID1024126,1.7970409964447343,predictions
softimpute,1,Imidacloprid,4,DTXSID5032442,1.4415738208515183,predictions
softimpute,1,Isodecyl diphenyl phosphate,4,DTXSID3025465,1.1388535330729272,predictions
softimpute,1,Kepone,4,DTXSID1020770,2.402437703096433,predictions
softimpute,1,Methimazole,4,DTXSID4020820,1.3240328326109554,predictions
softimpute,1,Molinate,4,DTXSID6024206,1.1955300734397134,predictions
softimpute,1,Octylbicycloheptenedicarboximide,4,DTXSID6032562,1.3599264700075901,predictions
softimpute,1,Paraquat dichloride,4,DTXSID7024243,2.8139132557363054,predictions
softimpute,1,Perfluoroundecanoic acid,4,DTXSID8047553,1.2351861132161364,predictions
softimpute,1,Phenobarbital,4,parent:DTXSID0021123,1.424144598310724,predictions
softimpute,1,Phenylmercuric acetate,4,DTXSID7021150,1.6514697311166402,predictions
softimpute,1,Phosmet,4,DTXSID5024261,1.5053951746494736,predictions
softimpute,1,Picoxystrobin,4,DTXSID9047542,1.798709687493001,predictions
softimpute,1,Resmethrin,4,DTXSID7022253,1.0246358357865524,predictions
softimpute,1,Retinoic acid,4,DTXSID7021239,1.818875089221099,predictions
softimpute,1,Rotenone,4,DTXSID6021248,1.978160453113135,predictions
softimpute,1,Sodium orthovanadate,4,DTXSID2037269,1.2471687658206196,predictions
softimpute,1,Tebupirimfos,4,DTXSID1032482,1.5859040233877086,predictions
softimpute,1,Triphenyl phosphate,4,DTXSID1021952,0.9525107465874634,predictions
softimpute,1,Triphenyl phosphite,4,DTXSID0026252,1.3237331265878793,predictions
softimpute,1,Tris(2-chloroisopropyl)phosphate,4,DTXSID5026259,1.4871915639184758,predictions
softimpute,1,Valinomycin,4,DTXSID9041150,4.492255856626896,predictions
softimpute,1,tert-Butylphenyl diphenyl phosphate,4,DTXSID6024701,1.4406046118766611,predictions
softimpute,2,(Methylcyclopentadienyl)tricarbonylmanganese,1,DTXSID9027738,1.1139410023230414,predictions
softimpute,2,"1,2-Propylene glycol",1,DTXSID0021206,1.584567589850407,predictions
softimpute,2,5-Chloro-2-methyl-3(2H)-isothiazolone,1,DTXSID9034286,1.7123822953821555,predictions
softimpute,2,5-Fluorouracil,1,DTXSID2020634,2.356051549297189,predictions
softimpute,2,Acephate,1,DTXSID8023846,1.7954631475610063,predictions
softimpute,2,Acetaminophen,1,DTXSID2020006,0.7937325542317235,predictions
softimpute,2,Aspirin,1,DTXSID5020108,1.0592209416641611,predictions
softimpute,2,Auramine hydrochloride,1,DTXSID9020114,1.6709572599422795,predictions
softimpute,2,Benzo[k]fluoranthene,1,DTXSID0023909,1.226706179552845,predictions
softimpute,2,Berberine chloride,1,DTXSID8024602,1.691299195878082,predictions
softimpute,2,Bifenthrin,1,DTXSID9020160,2.0722502817805006,predictions
softimpute,2,Bis(tributyltin)oxide,1,parent:DTXSID3027403,2.555569734707782,predictions
softimpute,2,Bisindolylmaleimide I,1,DTXSID50157932,1.4135365373350903,predictions
softimpute,2,Bisphenol A,1,DTXSID7020182,1.230694622853194,predictions
softimpute,2,Busulfan,1,DTXSID3020910,1.1490597329856385,predictions
softimpute,2,Caffeine,1,DTXSID0020232,1.2390727374658603,predictions
softimpute,2,Chlordiazepoxide hydrochloride,1,DTXSID40880060,1.7927231518367388,predictions
softimpute,2,Cyclophosphamide monohydrate,1,DTXSID6024888,1.171664155416482,predictions
softimpute,2,Cymoxanil,1,DTXSID6032358,0.8741630429395236,predictions
softimpute,2,Diazepam,1,DTXSID4020406,1.6831447376971795,predictions
softimpute,2,Diazoxon,1,DTXSID5037523,1.7236677822833453,predictions
softimpute,2,Diethylene glycol,1,DTXSID8020462,1.187913072769001,predictions
softimpute,2,Diethylstilbestrol,1,DTXSID3020465,1.2919657413766257,predictions
softimpute,2,Difpas-pyrazole,1,DTXSID6048175,1.4438339432737632,predictions
softimpute,2,Dimethoate,1,DTXSID7020479,1.1559356692834664,predictions
softimpute,2,Endosulfan,1,DTXSID1020560,2.1523948065641276,predictions
softimpute,2,Endrin,1,DTXSID6020561,1.5578279428264765,predictions
softimpute,2,Fenitrothion,1,DTXSID4032613,0.8782588027681882,predictions
softimpute,2,Loperamide,1,DTXSID00880006,2.2103302457206637,predictions
softimpute,2,Malaoxon,1,DTXSID9020790,1.9117308372735842,predictions
softimpute,2,Methoxychlor,1,DTXSID9020827,1.486003166314048,predictions
softimpute,2,Naled,1,DTXSID1024209,1.7193563032988357,predictions
softimpute,2,Oxidopamine hydrochloride,1,DTXSID0045838,1.478140394193206,predictions
softimpute,2,Permethrin,1,DTXSID8022292,1.4999580754915318,predictions
softimpute,2,PharmaGSID_47330,1,DTXSID9047330,1.279033357013777,predictions
softimpute,2,Phenanthrene,1,DTXSID6024254,0.8588166660805848,predictions
softimpute,2,Pravastatin sodium,1,DTXSID6047525,2.1902598678743823,predictions
softimpute,2,S-Ethyl dipropylthiocarbamate,1,DTXSID1024091,1.148209434548247,predictions
softimpute,2,Sodium saccharin hydrate,1,DTXSID7021992,1.1908992876183357,predictions
softimpute,2,Sodium valproate,1,DTXSID5037072,1.8085521521716879,predictions
softimpute,2,Terbufos,1,DTXSID2022254,1.7725041838699802,predictions
softimpute,2,Thalidomide,1,DTXSID9022524,1.5557717094048207,predictions
softimpute,2,Tributyltin methacrylate,1,parent:DTXSID3027403,1.71318588396977,predictions
softimpute,2,Trimethyltin hydroxide,1,DTXSID9032240,2.5585219699385737,predictions
softimpute,2,"Tris(1,3-dichloro-2-propyl) phosphate",1,DTXSID9026261,1.1777424391533535,predictions
softimpute,2,Tris(2-chloroethyl) phosphate,1,DTXSID5021411,1.330861281306219,predictions
softimpute,2,Z-Tetrachlorvinphos,1,DTXSID1032648,1.7349333794050292,predictions
softimpute,2,"p,p'-DDD",1,DTXSID4020373,1.4217280269429775,predictions
softimpute,2,tert-Butylhydroquinone,1,DTXSID6020220,1.2956334409750752,predictions
softimpute,2,2-(m-Chlorophenoxy)propionic acid,2,DTXSID9034232,1.4592847178434059,predictions
softimpute,2,2-Ethylhexyl diphenyl phosphate,2,DTXSID1025300,1.2550078261232465,predictions
softimpute,2,"3,3',5,5'-Tetrabromobisphenol A",2,DTXSID1026081,1.0742462612157682,predictions
softimpute,2,Abamectin,2,DTXSID8023892,2.703493743367124,predictions
softimpute,2,Acenaphthylene,2,DTXSID3023845,0.9543840027135413,predictions
softimpute,2,Aldicarb,2,DTXSID0039223,1.5550866275435595,predictions
softimpute,2,Amoxicillin,2,DTXSID3037044,1.307877848233196,predictions
softimpute,2,Azoxystrobin,2,DTXSID0032520,1.5540122080653496,predictions
softimpute,2,Benzo[a]pyrene,2,DTXSID2020139,0.9629932042548871,predictions
softimpute,2,Benzo[e]pyrene,2,DTXSID3023764,1.2124628727930449,predictions
softimpute,2,Bis(2-ethylhexyl) tetrabromophthalate,2,DTXSID7027887,1.5456179554830172,predictions
softimpute,2,Bisphenol AF,2,DTXSID7037717,1.0808416980193634,predictions
softimpute,2,Bisphenol B,2,DTXSID4022442,1.2671047408218066,predictions
softimpute,2,Cadmium(II) chloride hydrate (2:5),2,DTXSID4040183,3.1077622215085334,predictions
softimpute,2,Captan,2,DTXSID9020243,0.9683490949845058,predictions
softimpute,2,Carbamazepine,2,DTXSID4022731,1.2395945140705706,predictions
softimpute,2,Carbaryl,2,DTXSID9020247,2.3599381177258056,predictions
softimpute,2,Cariporide mesylate,2,DTXSID3047344,1.2472945742492967,predictions
softimpute,2,Chloramben,2,DTXSID2020262,0.7983409806980445,predictions
softimpute,2,Chlorpromazine hydrochloride,2,DTXSID7024827,1.8333566321941863,predictions
softimpute,2,Clothianidin,2,DTXSID2034465,1.1526341827795044,predictions
softimpute,2,Dichlorvos,2,DTXSID5020449,1.0704507726260002,predictions
softimpute,2,Eugenol,2,DTXSID9020617,1.1912727637810927,predictions
softimpute,2,Fipronil,2,DTXSID4034609,1.590107505435871,predictions
softimpute,2,Fluorene,2,DTXSID8024105,0.8275269120303357,predictions
softimpute,2,Glycerol,2,DTXSID9020663,0.8962114212755994,predictions
softimpute,2,L-Ascorbic acid,2,DTXSID5020106,1.3197979179894037,predictions
softimpute,2,Lindane,2,DTXSID2020686,1.6777765051429807,predictions
softimpute,2,Maneb,2,DTXSID9020794,1.2832369759702498,predictions
softimpute,2,Manganese dichloride,2,parent:DTXSID5027279,1.5734475566778552,predictions
softimpute,2,Mercuric chloride,2,DTXSID5020811,1.6857024806569398,predictions
softimpute,2,Methamidophos,2,DTXSID6024177,1.6602020648810076,predictions
softimpute,2,Methylmercuric(II) chloride,2,DTXSID5020813,1.9949019777381705,predictions
softimpute,2,Mevastatin,2,DTXSID4040684,2.3640015173477473,predictions
softimpute,2,Mirex,2,DTXSID7020895,2.2991685708701324,predictions
softimpute,2,"Octachloro-4,7-methanotetrahydroindane",2,DTXSID7020267,1.7003254007679984,predictions
softimpute,2,Parathion,2,DTXSID7021100,0.9902441963891763,predictions
softimpute,2,Prallethrin,2,DTXSID0032572,1.232046306066102,predictions
softimpute,2,Reserpine,2,DTXSID7021237,1.8711332946373633,predictions
softimpute,2,Sodium arsenite,2,DTXSID5020104,2.913493836769103,predictions
softimpute,2,Tebuconazole,2,DTXSID9032113,2.089653978662807,predictions
softimpute,2,Terbutaline hemisulfate,2,DTXSID3045437,1.3234264598709724,predictions
softimpute,2,Tetraethylthiuram disulfide,2,DTXSID1021322,1.7605674557338744,predictions
softimpute,2,Tetramethrin,2,DTXSID6032649,1.0081552285355209,predictions
softimpute,2,Tribufos,2,DTXSID1024174,1.7607205133673371,predictions
softimpute,2,Trichlorfon,2,DTXSID0021389,1.6939611118363225,predictions
softimpute,2,Trifloxystrobin,2,DTXSID4032580,2.0080433331320577,predictions
softimpute,2,Tris(methylphenyl) phosphate,2,DTXSID4021391,1.1157170790664208,predictions
softimpute,2,"o,p'-DDT",2,parent:DTXSID4020375,2.4667974164939706,predictions
softimpute,2,1-Methyl-4-phenylpyridinium iodide,3,DTXSID40880040,1.1536794125265357,predictions
softimpute,2,"2-Ethylhexyl 2,3,4,5-tetrabromobenzoate",3,DTXSID9052686,1.5753222222765246,predictions
softimpute,2,3-Iodo-2-propynyl-N-butylcarbamate,3,DTXSID0028038,1.067548806780866,predictions
softimpute,2,"5,5-Diphenylhydantoin",3,DTXSID8020541,1.2697940083419739,predictions
softimpute,2,6-Methyl-2-thiouracil,3,DTXSID2020890,1.3631588795273681,predictions
softimpute,2,Acenaphthene,3,DTXSID3021774,1.1722333902138538,predictions
softimpute,2,Allethrin,3,parent:DTXSID2039336,1.1212969290682768,predictions
softimpute,2,Anthracene,3,DTXSID0023878,1.0001598082523973,predictions
softimpute,2,Benzo(b)fluoranthene,3,DTXSID0023907,1.055402369265845,predictions
softimpute,2,Carbofuran,3,DTXSID9020249,0.9183303198043928,predictions
softimpute,2,Chlorendic acid,3,DTXSID2020268,1.4465046807116575,predictions
softimpute,2,Clodinafop-propargyl,3,DTXSID6032354,0.923993303263007,predictions
softimpute,2,Cocaine,3,DTXSID2038443,1.274470430911031,predictions
softimpute,2,Colchicine,3,DTXSID5024845,5.388634472369563,predictions
softimpute,2,D-Mannitol,3,DTXSID1023235,1.1724536162674102,predictions
softimpute,2,DDT,3,parent:DTXSID4020375,1.6106746756688572,predictions
softimpute,2,Deltamethrin,3,DTXSID8020381,1.9301634232679974,predictions
softimpute,2,Dexamethasone,3,DTXSID3020384,1.485865706141404,predictions
softimpute,2,"Dibenz[a,c]anthracene",3,DTXSID9049245,1.170084330255671,predictions
softimpute,2,Dicrotophos,3,DTXSID9023914,1.4513188073219792,predictions
softimpute,2,Emamectin benzoate,3,DTXSID0034566,2.7907659663902753,predictions
softimpute,2,Es-fenvalerate,3,DTXSID4032667,1.6319813013655402,predictions
softimpute,2,Esketamine hydrochloride,3,DTXSID601027734,1.3685139354425044,predictions
softimpute,2,Etofenprox,3,DTXSID9032610,1.0522467940542468,predictions
softimpute,2,Fenpropathrin,3,DTXSID0024002,1.4080550231174753,predictions
softimpute,2,Firemaster 550,3,DTXSID70880073,1.3005616556279205,predictions
softimpute,2,Folic acid,3,DTXSID0022519,1.2664321224202941,predictions
softimpute,2,Haloperidol,3,DTXSID4034150,1.7995897656920739,predictions
softimpute,2,Hexachlorophene,3,DTXSID6020690,1.9433605132949776,predictions
softimpute,2,Lead(II) acetate trihydrate,3,DTXSID3031521,1.7368699074544618,predictions
softimpute,2,Malathion,3,DTXSID4020791,1.3947954601482369,predictions
softimpute,2,Mancozeb,3,DTXSID0034695,1.045673286435282,predictions
softimpute,2,Manganese(II) acetate,3,parent:DTXSID5027279,1.1093149685193704,predictions
softimpute,2,Naloxone hydrochloride dihydrate,3,DTXSID90199452,1.3282079295408786,predictions
softimpute,2,Phenol,3,DTXSID5021124,1.3237705848109966,predictions
softimpute,2,Phorate,3,DTXSID4032459,1.4943745966660145,predictions
softimpute,2,Piperonyl butoxide,3,DTXSID1021166,1.594006987632088,predictions
softimpute,2,Profenofos,3,DTXSID3032464,1.4904587545244865,predictions
softimpute,2,Pyrene,3,DTXSID3024289,0.9323103769346707,predictions
softimpute,2,S-Bioallethrin,3,parent:DTXSID2039336,1.0761634109056082,predictions
softimpute,2,Simvastatin,3,DTXSID0023581,2.1239503506278328,predictions
softimpute,2,Sodium fluoride,3,DTXSID2020630,1.1427585141654957,predictions
softimpute,2,Spiroxamine,3,DTXSID1034212,2.564683675086204,predictions
softimpute,2,Tamoxifen,3,DTXSID1034187,2.0340987882760246,predictions
softimpute,2,Tefluthrin,3,DTXSID5032577,1.6469505694318172,predictions
softimpute,2,Tetracycline,3,DTXSID7023645,1.1457381766801376,predictions
softimpute,2,Thiamethoxam,3,DTXSID2034962,1.1941913424943165,predictions
softimpute,2,Tributyltin chloride,3,parent:DTXSID3027403,1.7779872558210925,predictions
softimpute,2,Triphenyl phosphates isopropylated,3,DTXSID4028880,1.4009371997076794,predictions
softimpute,2,(-)-Nicotine,4,DTXSID1020930,1.43143342293029,predictions
softimpute,2,17beta-Estradiol,4,DTXSID0020573,0.7497746818308137,predictions
softimpute,2,"2,2-Bis(4-hydroxyphenyl)-1,1,1-trichloroethane",4,DTXSID8022325,1.3687509107313751,predictions
softimpute,2,"4,4'-Sulfonyldiphenol",4,DTXSID3022409,1.3750406444329477,predictions
softimpute,2,6-aminopyridine-3-carboxamide,4,DTXSID5051446,2.0536933539197912,predictions
softimpute,2,Acetamiprid,4,DTXSID0034300,1.4104388798392686,predictions
softimpute,2,Atrazine,4,DTXSID9020112,0.9461968911564675,predictions
softimpute,2,Bensulide,4,DTXSID9032329,1.5636864868055105,predictions
softimpute,2,CP-409092,4,DTXSID2047276,1.368036124652298,predictions
softimpute,2,Captopril,4,DTXSID1037197,1.4685582261940486,predictions
softimpute,2,Chlorethoxyfos,4,DTXSID2032344,1.647546350287287,predictions
softimpute,2,Chlorpyrifos oxon,4,DTXSID1038666,1.2916676441348864,predictions
softimpute,2,Chrysene,4,DTXSID0022432,1.0686561985488612,predictions
softimpute,2,Clove leaf oil,4,DTXSID8044175,1.4695762189775696,predictions
softimpute,2,Cotinine,4,DTXSID1047576,0.9031212664666391,predictions
softimpute,2,Coumaphos,4,DTXSID2020347,1.429235814258862,predictions
softimpute,2,Cypermethrin,4,DTXSID1023998,1.5414625253449525,predictions
softimpute,2,D-Glucitol,4,DTXSID5023588,1.2444309081673075,predictions
softimpute,2,Dextroamphetamine sulfate,4,DTXSID2057865,1.2842134562524994,predictions
softimpute,2,Di(2-ethylhexyl) phthalate,4,DTXSID5020607,1.5798882453061796,predictions
softimpute,2,Diazinon,4,DTXSID9020407,1.7328467901343925,predictions
softimpute,2,Dieldrin,4,DTXSID9020453,2.1078498178098943,predictions
softimpute,2,Diphenhydramine hydrochloride,4,DTXSID4020537,1.6171611838138191,predictions
softimpute,2,Fosthiazate,4,DTXSID0034930,1.627062765451559,predictions
softimpute,2,Heptachlor epoxide B,4,DTXSID1024126,1.7133553162524446,predictions
softimpute,2,Imidacloprid,4,DTXSID5032442,1.2511987222181653,predictions
softimpute,2,Isodecyl diphenyl phosphate,4,DTXSID3025465,1.03087654207618,predictions
softimpute,2,Kepone,4,DTXSID1020770,2.0565042469917563,predictions
softimpute,2,Methimazole,4,DTXSID4020820,1.2421396832853118,predictions
softimpute,2,Molinate,4,DTXSID6024206,1.1976595898660114,predictions
softimpute,2,Octylbicycloheptenedicarboximide,4,DTXSID6032562,1.31818987933321,predictions
softimpute,2,Paraquat dichloride,4,DTXSID7024243,2.5434361576228453,predictions
softimpute,2,Perfluoroundecanoic acid,4,DTXSID8047553,1.229215616836696,predictions
softimpute,2,Phenobarbital,4,parent:DTXSID0021123,1.1508424400049757,predictions
softimpute,2,Phenylmercuric acetate,4,DTXSID7021150,1.5202580887534212,predictions
softimpute,2,Phosmet,4,DTXSID5024261,1.325596604564908,predictions
softimpute,2,Picoxystrobin,4,DTXSID9047542,1.578644769113754,predictions
softimpute,2,Resmethrin,4,DTXSID7022253,1.0292761203623475,predictions
softimpute,2,Retinoic acid,4,DTXSID7021239,1.856520878731238,predictions
softimpute,2,Rotenone,4,DTXSID6021248,2.0447329189449492,predictions
softimpute,2,Sodium orthovanadate,4,DTXSID2037269,1.1365085734280342,predictions
softimpute,2,Tebupirimfos,4,DTXSID1032482,1.2726687670509413,predictions
softimpute,2,Triphenyl phosphate,4,DTXSID1021952,0.8651338398814259,predictions
softimpute,2,Triphenyl phosphite,4,DTXSID0026252,1.1576860546634415,predictions
softimpute,2,Tris(2-chloroisopropyl)phosphate,4,DTXSID5026259,1.442596308197904,predictions
softimpute,2,Valinomycin,4,DTXSID9041150,4.039670170667877,predictions
softimpute,2,tert-Butylphenyl diphenyl phosphate,4,DTXSID6024701,1.4378252697199327,predictions
softimpute,3,(Methylcyclopentadienyl)tricarbonylmanganese,1,DTXSID9027738,1.039826944681722,predictions
softimpute,3,"1,2-Propylene glycol",1,DTXSID0021206,1.5832175808944724,predictions
softimpute,3,5-Chloro-2-methyl-3(2H)-isothiazolone,1,DTXSID9034286,1.4928805290605023,predictions
softimpute,3,5-Fluorouracil,1,DTXSID2020634,1.747901654540796,predictions
softimpute,3,Acephate,1,DTXSID8023846,1.7817502701343861,predictions
softimpute,3,Acetaminophen,1,DTXSID2020006,0.6881498055759,predictions
softimpute,3,Aspirin,1,DTXSID5020108,0.9016087232636046,predictions
softimpute,3,Auramine hydrochloride,1,DTXSID9020114,1.56008650321806,predictions
softimpute,3,Benzo[k]fluoranthene,1,DTXSID0023909,1.1280138909857862,predictions
softimpute,3,Berberine chloride,1,DTXSID8024602,1.8399802549062716,predictions
softimpute,3,Bifenthrin,1,DTXSID9020160,2.100771253801539,predictions
softimpute,3,Bis(tributyltin)oxide,1,parent:DTXSID3027403,2.904122034745523,predictions
softimpute,3,Bisindolylmaleimide I,1,DTXSID50157932,1.2133890400547462,predictions
softimpute,3,Bisphenol A,1,DTXSID7020182,1.1432300449634751,predictions
softimpute,3,Busulfan,1,DTXSID3020910,1.0526397307375874,predictions
softimpute,3,Caffeine,1,DTXSID0020232,1.4210066342481376,predictions
softimpute,3,Chlordiazepoxide hydrochloride,1,DTXSID40880060,1.6151825826886685,predictions
softimpute,3,Cyclophosphamide monohydrate,1,DTXSID6024888,1.1242384384406323,predictions
softimpute,3,Cymoxanil,1,DTXSID6032358,0.9712728663689643,predictions
softimpute,3,Diazepam,1,DTXSID4020406,1.7174005175191798,predictions
softimpute,3,Diazoxon,1,DTXSID5037523,1.4765714125978722,predictions
softimpute,3,Diethylene glycol,1,DTXSID8020462,1.249504900965388,predictions
softimpute,3,Diethylstilbestrol,1,DTXSID3020465,1.4627732873341865,predictions
softimpute,3,Difpas-pyrazole,1,DTXSID6048175,1.6664346449536402,predictions
softimpute,3,Dimethoate,1,DTXSID7020479,1.0659832435904768,predictions
softimpute,3,Endosulfan,1,DTXSID1020560,1.832974130535339,predictions
softimpute,3,Endrin,1,DTXSID6020561,1.5653356384702317,predictions
softimpute,3,Fenitrothion,1,DTXSID4032613,0.882661706193607,predictions
softimpute,3,Loperamide,1,DTXSID00880006,1.5700920433667562,predictions
softimpute,3,Malaoxon,1,DTXSID9020790,1.632391531450035,predictions
softimpute,3,Methoxychlor,1,DTXSID9020827,1.597751258072622,predictions
softimpute,3,Naled,1,DTXSID1024209,1.721238455385739,predictions
softimpute,3,Oxidopamine hydrochloride,1,DTXSID0045838,1.2146022781373005,predictions
softimpute,3,Permethrin,1,DTXSID8022292,1.444080924593047,predictions
softimpute,3,PharmaGSID_47330,1,DTXSID9047330,1.3907019919869876,predictions
softimpute,3,Phenanthrene,1,DTXSID6024254,0.6967770253620661,predictions
softimpute,3,Pravastatin sodium,1,DTXSID6047525,1.9289282065518987,predictions
softimpute,3,S-Ethyl dipropylthiocarbamate,1,DTXSID1024091,1.2465377120913508,predictions
softimpute,3,Sodium saccharin hydrate,1,DTXSID7021992,1.40053663468327,predictions
softimpute,3,Sodium valproate,1,DTXSID5037072,1.8353357555967034,predictions
softimpute,3,Terbufos,1,DTXSID2022254,1.754286258286109,predictions
softimpute,3,Thalidomide,1,DTXSID9022524,1.508929896007873,predictions
softimpute,3,Tributyltin methacrylate,1,parent:DTXSID3027403,1.6360526825405173,predictions
softimpute,3,Trimethyltin hydroxide,1,DTXSID9032240,2.677090434065805,predictions
softimpute,3,"Tris(1,3-dichloro-2-propyl) phosphate",1,DTXSID9026261,1.2550216627358506,predictions
softimpute,3,Tris(2-chloroethyl) phosphate,1,DTXSID5021411,1.3024779556506194,predictions
softimpute,3,Z-Tetrachlorvinphos,1,DTXSID1032648,1.4126567736741642,predictions
softimpute,3,"p,p'-DDD",1,DTXSID4020373,1.3805732927031409,predictions
softimpute,3,tert-Butylhydroquinone,1,DTXSID6020220,1.0770512234939837,predictions
softimpute,3,2-(m-Chlorophenoxy)propionic acid,2,DTXSID9034232,1.3712415144324361,predictions
softimpute,3,2-Ethylhexyl diphenyl phosphate,2,DTXSID1025300,1.1611586020634328,predictions
softimpute,3,"3,3',5,5'-Tetrabromobisphenol A",2,DTXSID1026081,1.0352518452296915,predictions
softimpute,3,Abamectin,2,DTXSID8023892,2.6018585984541556,predictions
softimpute,3,Acenaphthylene,2,DTXSID3023845,0.8761761840749085,predictions
softimpute,3,Aldicarb,2,DTXSID0039223,1.376044066698808,predictions
softimpute,3,Amoxicillin,2,DTXSID3037044,1.2947332082275256,predictions
softimpute,3,Azoxystrobin,2,DTXSID0032520,1.4454006502583752,predictions
softimpute,3,Benzo[a]pyrene,2,DTXSID2020139,0.9304740345771328,predictions
softimpute,3,Benzo[e]pyrene,2,DTXSID3023764,1.1222788842367533,predictions
softimpute,3,Bis(2-ethylhexyl) tetrabromophthalate,2,DTXSID7027887,1.4926951414891194,predictions
softimpute,3,Bisphenol AF,2,DTXSID7037717,1.076503443023831,predictions
softimpute,3,Bisphenol B,2,DTXSID4022442,1.1780235548106384,predictions
softimpute,3,Cadmium(II) chloride hydrate (2:5),2,DTXSID4040183,2.5020517114318843,predictions
softimpute,3,Captan,2,DTXSID9020243,0.9823787118741979,predictions
softimpute,3,Carbamazepine,2,DTXSID4022731,1.2143405235990572,predictions
softimpute,3,Carbaryl,2,DTXSID9020247,2.193949187327746,predictions
softimpute,3,Cariporide mesylate,2,DTXSID3047344,1.1558624604442358,predictions
softimpute,3,Chloramben,2,DTXSID2020262,0.7683585902434886,predictions
softimpute,3,Chlorpromazine hydrochloride,2,DTXSID7024827,1.680827178899896,predictions
softimpute,3,Clothianidin,2,DTXSID2034465,1.1708940059870434,predictions
softimpute,3,Dichlorvos,2,DTXSID5020449,0.9547876811706034,predictions
softimpute,3,Eugenol,2,DTXSID9020617,1.326230612155515,predictions
softimpute,3,Fipronil,2,DTXSID4034609,1.596233746390302,predictions
softimpute,3,Fluorene,2,DTXSID8024105,0.8488598853120468,predictions
softimpute,3,Glycerol,2,DTXSID9020663,0.7330237008581595,predictions
softimpute,3,L-Ascorbic acid,2,DTXSID5020106,1.295518172590872,predictions
softimpute,3,Lindane,2,DTXSID2020686,1.7071822166192168,predictions
softimpute,3,Maneb,2,DTXSID9020794,1.2441002667970287,predictions
softimpute,3,Manganese dichloride,2,parent:DTXSID5027279,1.3657425053969727,predictions
softimpute,3,Mercuric chloride,2,DTXSID5020811,1.5619652469603373,predictions
softimpute,3,Methamidophos,2,DTXSID6024177,1.3387083454403423,predictions
softimpute,3,Methylmercuric(II) chloride,2,DTXSID5020813,2.361347534411603,predictions
softimpute,3,Mevastatin,2,DTXSID4040684,2.186631631051,predictions
softimpute,3,Mirex,2,DTXSID7020895,1.9303654384999127,predictions
softimpute,3,"Octachloro-4,7-methanotetrahydroindane",2,DTXSID7020267,1.460101145363454,predictions
softimpute,3,Parathion,2,DTXSID7021100,0.962103528745857,predictions
softimpute,3,Prallethrin,2,DTXSID0032572,1.3740272119064962,predictions
softimpute,3,Reserpine,2,DTXSID7021237,2.5499453473794063,predictions
softimpute,3,Sodium arsenite,2,DTXSID5020104,3.037774097851363,predictions
softimpute,3,Tebuconazole,2,DTXSID9032113,2.3025459649664377,predictions
softimpute,3,Terbutaline hemisulfate,2,DTXSID3045437,1.2236868610959757,predictions
softimpute,3,Tetraethylthiuram disulfide,2,DTXSID1021322,1.944644601708293,predictions
softimpute,3,Tetramethrin,2,DTXSID6032649,0.9076637848079425,predictions
softimpute,3,Tribufos,2,DTXSID1024174,1.6028571866194585,predictions
softimpute,3,Trichlorfon,2,DTXSID0021389,1.480429560396443,predictions
softimpute,3,Trifloxystrobin,2,DTXSID4032580,1.723650047146878,predictions
softimpute,3,Tris(methylphenyl) phosphate,2,DTXSID4021391,1.0188940607748092,predictions
softimpute,3,"o,p'-DDT",2,parent:DTXSID4020375,2.17754135523874,predictions
softimpute,3,1-Methyl-4-phenylpyridinium iodide,3,DTXSID40880040,1.2612771440800428,predictions
softimpute,3,"2-Ethylhexyl 2,3,4,5-tetrabromobenzoate",3,DTXSID9052686,1.747612940356498,predictions
softimpute,3,3-Iodo-2-propynyl-N-butylcarbamate,3,DTXSID0028038,0.9814895800538157,predictions
softimpute,3,"5,5-Diphenylhydantoin",3,DTXSID8020541,1.1684032272143205,predictions
softimpute,3,6-Methyl-2-thiouracil,3,DTXSID2020890,1.2549816529117943,predictions
softimpute,3,Acenaphthene,3,DTXSID3021774,1.0825099862959202,predictions
softimpute,3,Allethrin,3,parent:DTXSID2039336,1.259102023770755,predictions
softimpute,3,Anthracene,3,DTXSID0023878,1.184384656515809,predictions
softimpute,3,Benzo(b)fluoranthene,3,DTXSID0023907,1.0576378197970888,predictions
softimpute,3,Carbofuran,3,DTXSID9020249,0.973129434747678,predictions
softimpute,3,Chlorendic acid,3,DTXSID2020268,1.0956262208298084,predictions
softimpute,3,Clodinafop-propargyl,3,DTXSID6032354,0.9093068308875074,predictions
softimpute,3,Cocaine,3,DTXSID2038443,1.1953186318993922,predictions
softimpute,3,Colchicine,3,DTXSID5024845,4.7394734646755285,predictions
softimpute,3,D-Mannitol,3,DTXSID1023235,1.1245613053114938,predictions
softimpute,3,DDT,3,parent:DTXSID4020375,1.1938658344993476,predictions
softimpute,3,Deltamethrin,3,DTXSID8020381,1.8426246882719646,predictions
softimpute,3,Dexamethasone,3,DTXSID3020384,1.2502901645911444,predictions
softimpute,3,"Dibenz[a,c]anthracene",3,DTXSID9049245,1.2091380095447397,predictions
softimpute,3,Dicrotophos,3,DTXSID9023914,1.4907113718938594,predictions
softimpute,3,Emamectin benzoate,3,DTXSID0034566,2.4891661241673817,predictions
softimpute,3,Es-fenvalerate,3,DTXSID4032667,1.4374685376135854,predictions
softimpute,3,Esketamine hydrochloride,3,DTXSID601027734,1.3676554389158302,predictions
softimpute,3,Etofenprox,3,DTXSID9032610,1.0669315050320283,predictions
softimpute,3,Fenpropathrin,3,DTXSID0024002,1.2484241561438942,predictions
softimpute,3,Firemaster 550,3,DTXSID70880073,1.2395468524339637,predictions
softimpute,3,Folic acid,3,DTXSID0022519,1.1666360582750115,predictions
softimpute,3,Haloperidol,3,DTXSID4034150,2.1034185346836063,predictions
softimpute,3,Hexachlorophene,3,DTXSID6020690,1.5848945393247673,predictions
softimpute,3,Lead(II) acetate trihydrate,3,DTXSID3031521,1.882118958656968,predictions
softimpute,3,Malathion,3,DTXSID4020791,1.362411363156509,predictions
softimpute,3,Mancozeb,3,DTXSID0034695,0.9468963505536525,predictions
softimpute,3,Manganese(II) acetate,3,parent:DTXSID5027279,1.0255531166658602,predictions
softimpute,3,Naloxone hydrochloride dihydrate,3,DTXSID90199452,1.443122606418685,predictions
softimpute,3,Phenol,3,DTXSID5021124,1.3394212277200974,predictions
softimpute,3,Phorate,3,DTXSID4032459,1.4186379825639488,predictions
softimpute,3,Piperonyl butoxide,3,DTXSID1021166,1.4429493311748052,predictions
softimpute,3,Profenofos,3,DTXSID3032464,1.3409617590458758,predictions
softimpute,3,Pyrene,3,DTXSID3024289,0.8625576406933494,predictions
softimpute,3,S-Bioallethrin,3,parent:DTXSID2039336,1.1300349765717719,predictions
softimpute,3,Simvastatin,3,DTXSID0023581,1.9677098569125846,predictions
softimpute,3,Sodium fluoride,3,DTXSID2020630,1.0799472572602054,predictions
softimpute,3,Spiroxamine,3,DTXSID1034212,2.688365861512579,predictions
softimpute,3,Tamoxifen,3,DTXSID1034187,1.8183483284834132,predictions
softimpute,3,Tefluthrin,3,DTXSID5032577,1.4187005753657718,predictions
softimpute,3,Tetracycline,3,DTXSID7023645,1.1768363557613857,predictions
softimpute,3,Thiamethoxam,3,DTXSID2034962,1.1435129094985803,predictions
softimpute,3,Tributyltin chloride,3,parent:DTXSID3027403,1.6364743829091908,predictions
softimpute,3,Triphenyl phosphates isopropylated,3,DTXSID4028880,1.3666956415535059,predictions
softimpute,3,(-)-Nicotine,4,DTXSID1020930,1.5370915456759477,predictions
softimpute,3,17beta-Estradiol,4,DTXSID0020573,0.8028772179880322,predictions
softimpute,3,"2,2-Bis(4-hydroxyphenyl)-1,1,1-trichloroethane",4,DTXSID8022325,1.272273477433094,predictions
softimpute,3,"4,4'-Sulfonyldiphenol",4,DTXSID3022409,1.3170594835091998,predictions
softimpute,3,6-aminopyridine-3-carboxamide,4,DTXSID5051446,1.827117425931759,predictions
softimpute,3,Acetamiprid,4,DTXSID0034300,1.378493414891961,predictions
softimpute,3,Atrazine,4,DTXSID9020112,0.9956603493012075,predictions
softimpute,3,Bensulide,4,DTXSID9032329,1.3605768352237395,predictions
softimpute,3,CP-409092,4,DTXSID2047276,1.3116950932676352,predictions
softimpute,3,Captopril,4,DTXSID1037197,1.4983311147221834,predictions
softimpute,3,Chlorethoxyfos,4,DTXSID2032344,1.5429052577954556,predictions
softimpute,3,Chlorpyrifos oxon,4,DTXSID1038666,1.323374998512348,predictions
softimpute,3,Chrysene,4,DTXSID0022432,0.9837857732112031,predictions
softimpute,3,Clove leaf oil,4,DTXSID8044175,1.5084423281601989,predictions
softimpute,3,Cotinine,4,DTXSID1047576,0.9208911584595116,predictions
softimpute,3,Coumaphos,4,DTXSID2020347,1.4548976911889973,predictions
softimpute,3,Cypermethrin,4,DTXSID1023998,1.7182300384507339,predictions
softimpute,3,D-Glucitol,4,DTXSID5023588,1.3697048342110487,predictions
softimpute,3,Dextroamphetamine sulfate,4,DTXSID2057865,1.3839852155153913,predictions
softimpute,3,Di(2-ethylhexyl) phthalate,4,DTXSID5020607,1.4167236525946119,predictions
softimpute,3,Diazinon,4,DTXSID9020407,1.688120417776154,predictions
softimpute,3,Dieldrin,4,DTXSID9020453,2.146368710289401,predictions
softimpute,3,Diphenhydramine hydrochloride,4,DTXSID4020537,1.3357811699257238,predictions
softimpute,3,Fosthiazate,4,DTXSID0034930,1.5128516001001775,predictions
softimpute,3,Heptachlor epoxide B,4,DTXSID1024126,1.929335357590584,predictions
softimpute,3,Imidacloprid,4,DTXSID5032442,1.2890013697933735,predictions
softimpute,3,Isodecyl diphenyl phosphate,4,DTXSID3025465,0.8014370837784466,predictions
softimpute,3,Kepone,4,DTXSID1020770,1.9113901319128561,predictions
softimpute,3,Methimazole,4,DTXSID4020820,1.2419828804224124,predictions
softimpute,3,Molinate,4,DTXSID6024206,1.1784051463735534,predictions
softimpute,3,Octylbicycloheptenedicarboximide,4,DTXSID6032562,1.3093903158111022,predictions
softimpute,3,Paraquat dichloride,4,DTXSID7024243,2.524591160739277,predictions
softimpute,3,Perfluoroundecanoic acid,4,DTXSID8047553,1.2535249861920224,predictions
softimpute,3,Phenobarbital,4,parent:DTXSID0021123,1.297210747033302,predictions
softimpute,3,Phenylmercuric acetate,4,DTXSID7021150,1.3645827438099185,predictions
softimpute,3,Phosmet,4,DTXSID5024261,1.4585010663331708,predictions
softimpute,3,Picoxystrobin,4,DTXSID9047542,1.958672159887723,predictions
softimpute,3,Resmethrin,4,DTXSID7022253,1.0071283117786056,predictions
softimpute,3,Retinoic acid,4,DTXSID7021239,1.822620162397061,predictions
softimpute,3,Rotenone,4,DTXSID6021248,2.210015078132684,predictions
softimpute,3,Sodium orthovanadate,4,DTXSID2037269,1.1460085538671632,predictions
softimpute,3,Tebupirimfos,4,DTXSID1032482,1.4815461301253943,predictions
softimpute,3,Triphenyl phosphate,4,DTXSID1021952,0.8467164405851693,predictions
softimpute,3,Triphenyl phosphite,4,DTXSID0026252,1.0555667696082622,predictions
softimpute,3,Tris(2-chloroisopropyl)phosphate,4,DTXSID5026259,0.9954812008207089,predictions
softimpute,3,Valinomycin,4,DTXSID9041150,3.6820988863658237,predictions
softimpute,3,tert-Butylphenyl diphenyl phosphate,4,DTXSID6024701,1.2751270625356776,predictions
softimpute,4,(Methylcyclopentadienyl)tricarbonylmanganese,1,DTXSID9027738,1.0405540197746843,predictions
softimpute,4,"1,2-Propylene glycol",1,DTXSID0021206,1.5351975372344193,predictions
softimpute,4,5-Chloro-2-methyl-3(2H)-isothiazolone,1,DTXSID9034286,1.7122901786092526,predictions
softimpute,4,5-Fluorouracil,1,DTXSID2020634,2.0976244813094223,predictions
softimpute,4,Acephate,1,DTXSID8023846,2.022443294717403,predictions
softimpute,4,Acetaminophen,1,DTXSID2020006,0.7861409087890239,predictions
softimpute,4,Aspirin,1,DTXSID5020108,0.7774762671812622,predictions
softimpute,4,Auramine hydrochloride,1,DTXSID9020114,1.348048479746644,predictions
softimpute,4,Benzo[k]fluoranthene,1,DTXSID0023909,0.9973045995115293,predictions
softimpute,4,Berberine chloride,1,DTXSID8024602,1.5733944500745751,predictions
softimpute,4,Bifenthrin,1,DTXSID9020160,1.375254438719977,predictions
softimpute,4,Bis(tributyltin)oxide,1,parent:DTXSID3027403,2.670972423185135,predictions
softimpute,4,Bisindolylmaleimide I,1,DTXSID50157932,1.272481853490109,predictions
softimpute,4,Bisphenol A,1,DTXSID7020182,1.1052146429035006,predictions
softimpute,4,Busulfan,1,DTXSID3020910,0.8937785661866592,predictions
softimpute,4,Caffeine,1,DTXSID0020232,1.3509003554737045,predictions
softimpute,4,Chlordiazepoxide hydrochloride,1,DTXSID40880060,2.195390401945923,predictions
softimpute,4,Cyclophosphamide monohydrate,1,DTXSID6024888,1.1335340989282119,predictions
softimpute,4,Cymoxanil,1,DTXSID6032358,0.7856111939844699,predictions
softimpute,4,Diazepam,1,DTXSID4020406,1.6762296435744453,predictions
softimpute,4,Diazoxon,1,DTXSID5037523,1.7325165988126758,predictions
softimpute,4,Diethylene glycol,1,DTXSID8020462,1.2039149656362516,predictions
softimpute,4,Diethylstilbestrol,1,DTXSID3020465,1.683021374921036,predictions
softimpute,4,Difpas-pyrazole,1,DTXSID6048175,1.4153077316493816,predictions
softimpute,4,Dimethoate,1,DTXSID7020479,1.071672242852379,predictions
softimpute,4,Endosulfan,1,DTXSID1020560,2.056687154420967,predictions
softimpute,4,Endrin,1,DTXSID6020561,1.293755861017141,predictions
softimpute,4,Fenitrothion,1,DTXSID4032613,0.8985519984759982,predictions
softimpute,4,Loperamide,1,DTXSID00880006,2.0992716606975486,predictions
softimpute,4,Malaoxon,1,DTXSID9020790,1.700471298688493,predictions
softimpute,4,Methoxychlor,1,DTXSID9020827,1.6143059361161822,predictions
softimpute,4,Naled,1,DTXSID1024209,1.8116867790343327,predictions
softimpute,4,Oxidopamine hydrochloride,1,DTXSID0045838,1.3705125327586807,predictions
softimpute,4,Permethrin,1,DTXSID8022292,1.4457724995408587,predictions
softimpute,4,PharmaGSID_47330,1,DTXSID9047330,1.3070672472190261,predictions
softimpute,4,Phenanthrene,1,DTXSID6024254,0.666189107619265,predictions
softimpute,4,Pravastatin sodium,1,DTXSID6047525,1.866632297273815,predictions
softimpute,4,S-Ethyl dipropylthiocarbamate,1,DTXSID1024091,1.018430725803797,predictions
softimpute,4,Sodium saccharin hydrate,1,DTXSID7021992,1.0914010319781104,predictions
softimpute,4,Sodium valproate,1,DTXSID5037072,1.9694175305729889,predictions
softimpute,4,Terbufos,1,DTXSID2022254,1.4103739830411628,predictions
softimpute,4,Thalidomide,1,DTXSID9022524,1.4795603565514548,predictions
softimpute,4,Tributyltin methacrylate,1,parent:DTXSID3027403,1.8151280256790776,predictions
softimpute,4,Trimethyltin hydroxide,1,DTXSID9032240,2.0278620862425107,predictions
softimpute,4,"Tris(1,3-dichloro-2-propyl) phosphate",1,DTXSID9026261,1.1020711665110794,predictions
softimpute,4,Tris(2-chloroethyl) phosphate,1,DTXSID5021411,1.3637229804860727,predictions
softimpute,4,Z-Tetrachlorvinphos,1,DTXSID1032648,1.5373942156497489,predictions
softimpute,4,"p,p'-DDD",1,DTXSID4020373,1.4610434913390977,predictions
softimpute,4,tert-Butylhydroquinone,1,DTXSID6020220,1.2766051153982785,predictions
softimpute,4,2-(m-Chlorophenoxy)propionic acid,2,DTXSID9034232,1.4060918609555249,predictions
softimpute,4,2-Ethylhexyl diphenyl phosphate,2,DTXSID1025300,1.3313475112398925,predictions
softimpute,4,"3,3',5,5'-Tetrabromobisphenol A",2,DTXSID1026081,1.0033846870891425,predictions
softimpute,4,Abamectin,2,DTXSID8023892,2.6506504308748187,predictions
softimpute,4,Acenaphthylene,2,DTXSID3023845,0.9883709691165977,predictions
softimpute,4,Aldicarb,2,DTXSID0039223,1.589219197544087,predictions
softimpute,4,Amoxicillin,2,DTXSID3037044,1.2061678005748269,predictions
softimpute,4,Azoxystrobin,2,DTXSID0032520,1.7213213043737956,predictions
softimpute,4,Benzo[a]pyrene,2,DTXSID2020139,0.9889675596729809,predictions
softimpute,4,Benzo[e]pyrene,2,DTXSID3023764,1.219213586363325,predictions
softimpute,4,Bis(2-ethylhexyl) tetrabromophthalate,2,DTXSID7027887,1.4206630019662518,predictions
softimpute,4,Bisphenol AF,2,DTXSID7037717,0.9484559245823301,predictions
softimpute,4,Bisphenol B,2,DTXSID4022442,1.1753441118600028,predictions
softimpute,4,Cadmium(II) chloride hydrate (2:5),2,DTXSID4040183,2.6461659246178506,predictions
softimpute,4,Captan,2,DTXSID9020243,0.747083361445888,predictions
softimpute,4,Carbamazepine,2,DTXSID4022731,1.2051701074162344,predictions
softimpute,4,Carbaryl,2,DTXSID9020247,2.1957983428573336,predictions
softimpute,4,Cariporide mesylate,2,DTXSID3047344,1.08451274154881,predictions
softimpute,4,Chloramben,2,DTXSID2020262,0.7443751687799958,predictions
softimpute,4,Chlorpromazine hydrochloride,2,DTXSID7024827,1.3051269676400898,predictions
softimpute,4,Clothianidin,2,DTXSID2034465,1.0349391054190131,predictions
softimpute,4,Dichlorvos,2,DTXSID5020449,1.1441524004989836,predictions
softimpute,4,Eugenol,2,DTXSID9020617,1.0468376427016153,predictions
softimpute,4,Fipronil,2,DTXSID4034609,1.389124375463578,predictions
softimpute,4,Fluorene,2,DTXSID8024105,0.8115844586831633,predictions
softimpute,4,Glycerol,2,DTXSID9020663,0.8052551100033367,predictions
softimpute,4,L-Ascorbic acid,2,DTXSID5020106,1.0536960296211841,predictions
softimpute,4,Lindane,2,DTXSID2020686,1.7980357299665415,predictions
softimpute,4,Maneb,2,DTXSID9020794,1.1310325037068327,predictions
softimpute,4,Manganese dichloride,2,parent:DTXSID5027279,1.481770695963034,predictions
softimpute,4,Mercuric chloride,2,DTXSID5020811,1.46048663507846,predictions
softimpute,4,Methamidophos,2,DTXSID6024177,1.4531915997858638,predictions
softimpute,4,Methylmercuric(II) chloride,2,DTXSID5020813,2.2696155452484192,predictions
softimpute,4,Mevastatin,2,DTXSID4040684,2.265496613606961,predictions
softimpute,4,Mirex,2,DTXSID7020895,1.9537012616102836,predictions
softimpute,4,"Octachloro-4,7-methanotetrahydroindane",2,DTXSID7020267,1.5089476420521355,predictions
softimpute,4,Parathion,2,DTXSID7021100,1.0331129215618138,predictions
softimpute,4,Prallethrin,2,DTXSID0032572,1.0644296635778088,predictions
softimpute,4,Reserpine,2,DTXSID7021237,2.116019092184685,predictions
softimpute,4,Sodium arsenite,2,DTXSID5020104,3.1851232644639706,predictions
softimpute,4,Tebuconazole,2,DTXSID9032113,2.366836841267215,predictions
softimpute,4,Terbutaline hemisulfate,2,DTXSID3045437,1.1581356008082566,predictions
softimpute,4,Tetraethylthiuram disulfide,2,DTXSID1021322,1.3587627935893525,predictions
softimpute,4,Tetramethrin,2,DTXSID6032649,0.8232495041959874,predictions
softimpute,4,Tribufos,2,DTXSID1024174,1.307430181773367,predictions
softimpute,4,Trichlorfon,2,DTXSID0021389,1.383560220425722,predictions
softimpute,4,Trifloxystrobin,2,DTXSID4032580,1.7706246693057905,predictions
softimpute,4,Tris(methylphenyl) phosphate,2,DTXSID4021391,0.9527207999340238,predictions
softimpute,4,"o,p'-DDT",2,parent:DTXSID4020375,1.9535236942320178,predictions
softimpute,4,1-Methyl-4-phenylpyridinium iodide,3,DTXSID40880040,1.1648314450337973,predictions
softimpute,4,"2-Ethylhexyl 2,3,4,5-tetrabromobenzoate",3,DTXSID9052686,1.2180919036263131,predictions
softimpute,4,3-Iodo-2-propynyl-N-butylcarbamate,3,DTXSID0028038,1.1115705708296264,predictions
softimpute,4,"5,5-Diphenylhydantoin",3,DTXSID8020541,1.153967300690896,predictions
softimpute,4,6-Methyl-2-thiouracil,3,DTXSID2020890,1.1979053045800367,predictions
softimpute,4,Acenaphthene,3,DTXSID3021774,0.9289828976195107,predictions
softimpute,4,Allethrin,3,parent:DTXSID2039336,1.075765243142866,predictions
softimpute,4,Anthracene,3,DTXSID0023878,0.9425313466167943,predictions
softimpute,4,Benzo(b)fluoranthene,3,DTXSID0023907,1.0075303135292686,predictions
softimpute,4,Carbofuran,3,DTXSID9020249,0.8687398988465513,predictions
softimpute,4,Chlorendic acid,3,DTXSID2020268,1.0366725293799177,predictions
softimpute,4,Clodinafop-propargyl,3,DTXSID6032354,0.9511587964551731,predictions
softimpute,4,Cocaine,3,DTXSID2038443,1.244052963184116,predictions
softimpute,4,Colchicine,3,DTXSID5024845,4.078912673992381,predictions
softimpute,4,D-Mannitol,3,DTXSID1023235,1.0649903748921612,predictions
softimpute,4,DDT,3,parent:DTXSID4020375,1.3339098366024906,predictions
softimpute,4,Deltamethrin,3,DTXSID8020381,1.981814116380832,predictions
softimpute,4,Dexamethasone,3,DTXSID3020384,1.3068265634838792,predictions
softimpute,4,"Dibenz[a,c]anthracene",3,DTXSID9049245,1.1308660133566841,predictions
softimpute,4,Dicrotophos,3,DTXSID9023914,1.2745454646000773,predictions
softimpute,4,Emamectin benzoate,3,DTXSID0034566,2.3618286440862386,predictions
softimpute,4,Es-fenvalerate,3,DTXSID4032667,1.4953016033486635,predictions
softimpute,4,Esketamine hydrochloride,3,DTXSID601027734,1.2086170482685643,predictions
softimpute,4,Etofenprox,3,DTXSID9032610,0.883733377929909,predictions
softimpute,4,Fenpropathrin,3,DTXSID0024002,1.3903143613952988,predictions
softimpute,4,Firemaster 550,3,DTXSID70880073,1.2528792013805938,predictions
softimpute,4,Folic acid,3,DTXSID0022519,1.161760502626563,predictions
softimpute,4,Haloperidol,3,DTXSID4034150,1.6445505402696494,predictions
softimpute,4,Hexachlorophene,3,DTXSID6020690,1.8595201466050333,predictions
softimpute,4,Lead(II) acetate trihydrate,3,DTXSID3031521,1.6361157466057783,predictions
softimpute,4,Malathion,3,DTXSID4020791,1.355314812337609,predictions
softimpute,4,Mancozeb,3,DTXSID0034695,0.8743299099302873,predictions
softimpute,4,Manganese(II) acetate,3,parent:DTXSID5027279,1.0029928850291103,predictions
softimpute,4,Naloxone hydrochloride dihydrate,3,DTXSID90199452,1.191269275551014,predictions
softimpute,4,Phenol,3,DTXSID5021124,1.1272688151616785,predictions
softimpute,4,Phorate,3,DTXSID4032459,1.4169892113599505,predictions
softimpute,4,Piperonyl butoxide,3,DTXSID1021166,1.6077370706885372,predictions
softimpute,4,Profenofos,3,DTXSID3032464,1.459785191598209,predictions
softimpute,4,Pyrene,3,DTXSID3024289,0.843979509717468,predictions
softimpute,4,S-Bioallethrin,3,parent:DTXSID2039336,1.0649932430020008,predictions
softimpute,4,Simvastatin,3,DTXSID0023581,1.7951916724430752,predictions
softimpute,4,Sodium fluoride,3,DTXSID2020630,1.0131223497727246,predictions
softimpute,4,Spiroxamine,3,DTXSID1034212,2.2374319362668396,predictions
softimpute,4,Tamoxifen,3,DTXSID1034187,1.9267888029233227,predictions
softimpute,4,Tefluthrin,3,DTXSID5032577,1.5414515235211215,predictions
softimpute,4,Tetracycline,3,DTXSID7023645,1.1911277750944491,predictions
softimpute,4,Thiamethoxam,3,DTXSID2034962,1.2779163452836397,predictions
softimpute,4,Tributyltin chloride,3,parent:DTXSID3027403,1.5647073184700306,predictions
softimpute,4,Triphenyl phosphates isopropylated,3,DTXSID4028880,1.4069797701954796,predictions
softimpute,4,(-)-Nicotine,4,DTXSID1020930,1.499543629652224,predictions
softimpute,4,17beta-Estradiol,4,DTXSID0020573,0.7305313265431858,predictions
softimpute,4,"2,2-Bis(4-hydroxyphenyl)-1,1,1-trichloroethane",4,DTXSID8022325,1.2356398366573726,predictions
softimpute,4,"4,4'-Sulfonyldiphenol",4,DTXSID3022409,1.2380362845192179,predictions
softimpute,4,6-aminopyridine-3-carboxamide,4,DTXSID5051446,1.9429951978886972,predictions
softimpute,4,Acetamiprid,4,DTXSID0034300,1.3537443482829616,predictions
softimpute,4,Atrazine,4,DTXSID9020112,0.8647985643696326,predictions
softimpute,4,Bensulide,4,DTXSID9032329,1.4797366003044792,predictions
softimpute,4,CP-409092,4,DTXSID2047276,1.3102324825861413,predictions
softimpute,4,Captopril,4,DTXSID1037197,1.293698006111732,predictions
softimpute,4,Chlorethoxyfos,4,DTXSID2032344,1.2694874856537899,predictions
softimpute,4,Chlorpyrifos oxon,4,DTXSID1038666,1.2446174355963415,predictions
softimpute,4,Chrysene,4,DTXSID0022432,1.02213401673693,predictions
softimpute,4,Clove leaf oil,4,DTXSID8044175,1.4947637696979335,predictions
softimpute,4,Cotinine,4,DTXSID1047576,0.8898170439498688,predictions
softimpute,4,Coumaphos,4,DTXSID2020347,1.492497438570338,predictions
softimpute,4,Cypermethrin,4,DTXSID1023998,1.6240853979861423,predictions
softimpute,4,D-Glucitol,4,DTXSID5023588,1.0650386561668628,predictions
softimpute,4,Dextroamphetamine sulfate,4,DTXSID2057865,1.1650824902351782,predictions
softimpute,4,Di(2-ethylhexyl) phthalate,4,DTXSID5020607,1.2630249214395557,predictions
softimpute,4,Diazinon,4,DTXSID9020407,1.522653517666497,predictions
softimpute,4,Dieldrin,4,DTXSID9020453,2.617045339220688,predictions
softimpute,4,Diphenhydramine hydrochloride,4,DTXSID4020537,1.1661639525233725,predictions
softimpute,4,Fosthiazate,4,DTXSID0034930,1.5216630626567835,predictions
softimpute,4,Heptachlor epoxide B,4,DTXSID1024126,1.8100072755751313,predictions
softimpute,4,Imidacloprid,4,DTXSID5032442,1.4023086663874327,predictions
softimpute,4,Isodecyl diphenyl phosphate,4,DTXSID3025465,0.9815760861716474,predictions
softimpute,4,Kepone,4,DTXSID1020770,1.7765548347630997,predictions
softimpute,4,Methimazole,4,DTXSID4020820,1.3237435561401572,predictions
softimpute,4,Molinate,4,DTXSID6024206,1.0892360339694973,predictions
softimpute,4,Octylbicycloheptenedicarboximide,4,DTXSID6032562,1.2384760606937661,predictions
softimpute,4,Paraquat dichloride,4,DTXSID7024243,3.527342500931681,predictions
softimpute,4,Perfluoroundecanoic acid,4,DTXSID8047553,1.146591144329476,predictions
softimpute,4,Phenobarbital,4,parent:DTXSID0021123,1.3171429915923938,predictions
softimpute,4,Phenylmercuric acetate,4,DTXSID7021150,1.4094208284459064,predictions
softimpute,4,Phosmet,4,DTXSID5024261,1.1745019118038293,predictions
softimpute,4,Picoxystrobin,4,DTXSID9047542,1.5777295918549892,predictions
softimpute,4,Resmethrin,4,DTXSID7022253,0.9418310241127801,predictions
softimpute,4,Retinoic acid,4,DTXSID7021239,1.72693274048825,predictions
softimpute,4,Rotenone,4,DTXSID6021248,1.7528104709825794,predictions
softimpute,4,Sodium orthovanadate,4,DTXSID2037269,1.2324251070325172,predictions
softimpute,4,Tebupirimfos,4,DTXSID1032482,1.5297937614245056,predictions
softimpute,4,Triphenyl phosphate,4,DTXSID1021952,0.8786717626326318,predictions
softimpute,4,Triphenyl phosphite,4,DTXSID0026252,1.068791169560813,predictions
softimpute,4,Tris(2-chloroisopropyl)phosphate,4,DTXSID5026259,1.1115340508321205,predictions
softimpute,4,Valinomycin,4,DTXSID9041150,4.448912354062495,predictions
softimpute,4,tert-Butylphenyl diphenyl phosphate,4,DTXSID6024701,1.3301699359309413,predictions
tabicl2,1,(Methylcyclopentadienyl)tricarbonylmanganese,1,DTXSID9027738,1.0135674490907534,predictions
tabicl2,1,"1,2-Propylene glycol",1,DTXSID0021206,1.7439938288878227,predictions
tabicl2,1,5-Chloro-2-methyl-3(2H)-isothiazolone,1,DTXSID9034286,1.760910569342294,predictions
tabicl2,1,5-Fluorouracil,1,DTXSID2020634,2.1432952554034657,predictions
tabicl2,1,Acephate,1,DTXSID8023846,1.3798120924396806,predictions
tabicl2,1,Acetaminophen,1,DTXSID2020006,0.6855654767038775,predictions
tabicl2,1,Aspirin,1,DTXSID5020108,1.0576291166924718,predictions
tabicl2,1,Auramine hydrochloride,1,DTXSID9020114,1.4037288064147337,predictions
tabicl2,1,Benzo[k]fluoranthene,1,DTXSID0023909,1.110275287641901,predictions
tabicl2,1,Berberine chloride,1,DTXSID8024602,1.5510391733986348,predictions
tabicl2,1,Bifenthrin,1,DTXSID9020160,1.8519418907594698,predictions
tabicl2,1,Bis(tributyltin)oxide,1,parent:DTXSID3027403,2.856395703436307,predictions
tabicl2,1,Bisindolylmaleimide I,1,DTXSID50157932,1.4315934423726688,predictions
tabicl2,1,Bisphenol A,1,DTXSID7020182,1.1182297304989053,predictions
tabicl2,1,Busulfan,1,DTXSID3020910,0.977557757985605,predictions
tabicl2,1,Caffeine,1,DTXSID0020232,1.3909935315721165,predictions
tabicl2,1,Chlordiazepoxide hydrochloride,1,DTXSID40880060,1.688416764081674,predictions
tabicl2,1,Cyclophosphamide monohydrate,1,DTXSID6024888,1.2204103314452808,predictions
tabicl2,1,Cymoxanil,1,DTXSID6032358,0.6668219513751169,predictions
tabicl2,1,Diazepam,1,DTXSID4020406,1.6178303599840582,predictions
tabicl2,1,Diazoxon,1,DTXSID5037523,1.2097753773313151,predictions
tabicl2,1,Diethylene glycol,1,DTXSID8020462,1.0387397302934307,predictions
tabicl2,1,Diethylstilbestrol,1,DTXSID3020465,1.4229080218501058,predictions
tabicl2,1,Difpas-pyrazole,1,DTXSID6048175,1.3635824043502836,predictions
tabicl2,1,Dimethoate,1,DTXSID7020479,1.172008013030517,predictions
tabicl2,1,Endosulfan,1,DTXSID1020560,2.1628396564488868,predictions
tabicl2,1,Endrin,1,DTXSID6020561,1.684015238082847,predictions
tabicl2,1,Fenitrothion,1,DTXSID4032613,0.819628976002637,predictions
tabicl2,1,Loperamide,1,DTXSID00880006,1.842355448347996,predictions
tabicl2,1,Malaoxon,1,DTXSID9020790,1.4365392667520362,predictions
tabicl2,1,Methoxychlor,1,DTXSID9020827,1.3993316877620978,predictions
tabicl2,1,Naled,1,DTXSID1024209,1.7533374641940949,predictions
tabicl2,1,Oxidopamine hydrochloride,1,DTXSID0045838,1.3202760092217525,predictions
tabicl2,1,Permethrin,1,DTXSID8022292,1.5149338863743693,predictions
tabicl2,1,PharmaGSID_47330,1,DTXSID9047330,1.1738417090482098,predictions
tabicl2,1,Phenanthrene,1,DTXSID6024254,0.8439197437347756,predictions
tabicl2,1,Pravastatin sodium,1,DTXSID6047525,1.9532498809588401,predictions
tabicl2,1,S-Ethyl dipropylthiocarbamate,1,DTXSID1024091,1.1244111774053462,predictions
tabicl2,1,Sodium saccharin hydrate,1,DTXSID7021992,1.686571108545261,predictions
tabicl2,1,Sodium valproate,1,DTXSID5037072,1.7652356139813346,predictions
tabicl2,1,Terbufos,1,DTXSID2022254,1.5157791824406535,predictions
tabicl2,1,Thalidomide,1,DTXSID9022524,1.5712119643531353,predictions
tabicl2,1,Tributyltin methacrylate,1,parent:DTXSID3027403,1.4664382917513694,predictions
tabicl2,1,Trimethyltin hydroxide,1,DTXSID9032240,2.4155964741097873,predictions
tabicl2,1,"Tris(1,3-dichloro-2-propyl) phosphate",1,DTXSID9026261,1.2363050988210507,predictions
tabicl2,1,Tris(2-chloroethyl) phosphate,1,DTXSID5021411,1.710992698658682,predictions
tabicl2,1,Z-Tetrachlorvinphos,1,DTXSID1032648,1.426365300897444,predictions
tabicl2,1,"p,p'-DDD",1,DTXSID4020373,1.4853965584284676,predictions
tabicl2,1,tert-Butylhydroquinone,1,DTXSID6020220,1.3178891518077718,predictions
tabicl2,1,2-(m-Chlorophenoxy)propionic acid,2,DTXSID9034232,1.468818285965805,predictions
tabicl2,1,2-Ethylhexyl diphenyl phosphate,2,DTXSID1025300,1.2228131194769767,predictions
tabicl2,1,"3,3',5,5'-Tetrabromobisphenol A",2,DTXSID1026081,0.9673610936285211,predictions
tabicl2,1,Abamectin,2,DTXSID8023892,2.1405335954369873,predictions
tabicl2,1,Acenaphthylene,2,DTXSID3023845,0.8140991914930625,predictions
tabicl2,1,Aldicarb,2,DTXSID0039223,1.3550674126069198,predictions
tabicl2,1,Amoxicillin,2,DTXSID3037044,1.1896687305988318,predictions
tabicl2,1,Azoxystrobin,2,DTXSID0032520,1.6643611336185686,predictions
tabicl2,1,Benzo[a]pyrene,2,DTXSID2020139,1.0580201013233705,predictions
tabicl2,1,Benzo[e]pyrene,2,DTXSID3023764,1.192800193511874,predictions
tabicl2,1,Bis(2-ethylhexyl) tetrabromophthalate,2,DTXSID7027887,1.283255403759442,predictions
tabicl2,1,Bisphenol AF,2,DTXSID7037717,1.1324079383968926,predictions
tabicl2,1,Bisphenol B,2,DTXSID4022442,1.1701927588809515,predictions
tabicl2,1,Cadmium(II) chloride hydrate (2:5),2,DTXSID4040183,1.969946579176511,predictions
tabicl2,1,Captan,2,DTXSID9020243,0.9316547613691227,predictions
tabicl2,1,Carbamazepine,2,DTXSID4022731,1.2502150236308136,predictions
tabicl2,1,Carbaryl,2,DTXSID9020247,2.450433172853567,predictions
tabicl2,1,Cariporide mesylate,2,DTXSID3047344,1.1330038379772869,predictions
tabicl2,1,Chloramben,2,DTXSID2020262,0.9093777973680334,predictions
tabicl2,1,Chlorpromazine hydrochloride,2,DTXSID7024827,1.6519561725002685,predictions
tabicl2,1,Clothianidin,2,DTXSID2034465,1.145868721102591,predictions
tabicl2,1,Dichlorvos,2,DTXSID5020449,1.2368321775488518,predictions
tabicl2,1,Eugenol,2,DTXSID9020617,1.18722269270523,predictions
tabicl2,1,Fipronil,2,DTXSID4034609,1.4215023451512445,predictions
tabicl2,1,Fluorene,2,DTXSID8024105,0.7199528247431861,predictions
tabicl2,1,Glycerol,2,DTXSID9020663,0.8726232408024325,predictions
tabicl2,1,L-Ascorbic acid,2,DTXSID5020106,1.0577041152016253,predictions
tabicl2,1,Lindane,2,DTXSID2020686,1.6971336484413055,predictions
tabicl2,1,Maneb,2,DTXSID9020794,1.2496080516015649,predictions
tabicl2,1,Manganese dichloride,2,parent:DTXSID5027279,1.5399094398559172,predictions
tabicl2,1,Mercuric chloride,2,DTXSID5020811,1.5942926419127685,predictions
tabicl2,1,Methamidophos,2,DTXSID6024177,1.1175016660454418,predictions
tabicl2,1,Methylmercuric(II) chloride,2,DTXSID5020813,2.3922589736935835,predictions
tabicl2,1,Mevastatin,2,DTXSID4040684,2.1016128185697887,predictions
tabicl2,1,Mirex,2,DTXSID7020895,2.2422315508360335,predictions
tabicl2,1,"Octachloro-4,7-methanotetrahydroindane",2,DTXSID7020267,1.4700040673953336,predictions
tabicl2,1,Parathion,2,DTXSID7021100,0.9617608976591827,predictions
tabicl2,1,Prallethrin,2,DTXSID0032572,1.2124006213743326,predictions
tabicl2,1,Reserpine,2,DTXSID7021237,1.947546998931313,predictions
tabicl2,1,Sodium arsenite,2,DTXSID5020104,2.4076592318036245,predictions
tabicl2,1,Tebuconazole,2,DTXSID9032113,2.587650732408305,predictions
tabicl2,1,Terbutaline hemisulfate,2,DTXSID3045437,1.2758716187368415,predictions
tabicl2,1,Tetraethylthiuram disulfide,2,DTXSID1021322,1.5447140126241607,predictions
tabicl2,1,Tetramethrin,2,DTXSID6032649,0.864126239060338,predictions
tabicl2,1,Tribufos,2,DTXSID1024174,1.6618324978525263,predictions
tabicl2,1,Trichlorfon,2,DTXSID0021389,1.6818577236008085,predictions
tabicl2,1,Trifloxystrobin,2,DTXSID4032580,1.8199012104565457,predictions
tabicl2,1,Tris(methylphenyl) phosphate,2,DTXSID4021391,0.9907146300722302,predictions
tabicl2,1,"o,p'-DDT",2,parent:DTXSID4020375,1.8674287546880983,predictions
tabicl2,1,1-Methyl-4-phenylpyridinium iodide,3,DTXSID40880040,1.1302009385987155,predictions
tabicl2,1,"2-Ethylhexyl 2,3,4,5-tetrabromobenzoate",3,DTXSID9052686,1.585719877712305,predictions
tabicl2,1,3-Iodo-2-propynyl-N-butylcarbamate,3,DTXSID0028038,1.3416001256711492,predictions
tabicl2,1,"5,5-Diphenylhydantoin",3,DTXSID8020541,1.0945680743294994,predictions
tabicl2,1,6-Methyl-2-thiouracil,3,DTXSID2020890,1.2035861693834886,predictions
tabicl2,1,Acenaphthene,3,DTXSID3021774,0.9860203687114157,predictions
tabicl2,1,Allethrin,3,parent:DTXSID2039336,1.1084324697757482,predictions
tabicl2,1,Anthracene,3,DTXSID0023878,0.9305652811155435,predictions
tabicl2,1,Benzo(b)fluoranthene,3,DTXSID0023907,1.1076540814657194,predictions
tabicl2,1,Carbofuran,3,DTXSID9020249,0.9011699713318604,predictions
tabicl2,1,Chlorendic acid,3,DTXSID2020268,1.3160358080270917,predictions
tabicl2,1,Clodinafop-propargyl,3,DTXSID6032354,0.9624103806959766,predictions
tabicl2,1,Cocaine,3,DTXSID2038443,1.4535629700547468,predictions
tabicl2,1,Colchicine,3,DTXSID5024845,2.247736899947603,predictions
tabicl2,1,D-Mannitol,3,DTXSID1023235,1.1295563936933306,predictions
tabicl2,1,DDT,3,parent:DTXSID4020375,1.3615797060349473,predictions
tabicl2,1,Deltamethrin,3,DTXSID8020381,1.6584495327026372,predictions
tabicl2,1,Dexamethasone,3,DTXSID3020384,1.473574519773937,predictions
tabicl2,1,"Dibenz[a,c]anthracene",3,DTXSID9049245,1.1530040732400686,predictions
tabicl2,1,Dicrotophos,3,DTXSID9023914,1.1867108235194452,predictions
tabicl2,1,Emamectin benzoate,3,DTXSID0034566,1.9639677981189383,predictions
tabicl2,1,Es-fenvalerate,3,DTXSID4032667,1.4303012568924092,predictions
tabicl2,1,Esketamine hydrochloride,3,DTXSID601027734,1.3930492342805239,predictions
tabicl2,1,Etofenprox,3,DTXSID9032610,1.0848344666555305,predictions
tabicl2,1,Fenpropathrin,3,DTXSID0024002,1.5005160654599177,predictions
tabicl2,1,Firemaster 550,3,DTXSID70880073,1.2013758349613677,predictions
tabicl2,1,Folic acid,3,DTXSID0022519,1.1686396646959445,predictions
tabicl2,1,Haloperidol,3,DTXSID4034150,1.8174279078307556,predictions
tabicl2,1,Hexachlorophene,3,DTXSID6020690,2.0659835977784495,predictions
tabicl2,1,Lead(II) acetate trihydrate,3,DTXSID3031521,1.6773513792892505,predictions
tabicl2,1,Malathion,3,DTXSID4020791,1.2865509759733578,predictions
tabicl2,1,Mancozeb,3,DTXSID0034695,0.8571454911478321,predictions
tabicl2,1,Manganese(II) acetate,3,parent:DTXSID5027279,0.9274305654180276,predictions
tabicl2,1,Naloxone hydrochloride dihydrate,3,DTXSID90199452,1.3451331825163575,predictions
tabicl2,1,Phenol,3,DTXSID5021124,1.467319877386144,predictions
tabicl2,1,Phorate,3,DTXSID4032459,1.3436435095282444,predictions
tabicl2,1,Piperonyl butoxide,3,DTXSID1021166,1.3832214893035188,predictions
tabicl2,1,Profenofos,3,DTXSID3032464,1.3797165016761908,predictions
tabicl2,1,Pyrene,3,DTXSID3024289,0.8677537865455573,predictions
tabicl2,1,S-Bioallethrin,3,parent:DTXSID2039336,1.0128009208164799,predictions
tabicl2,1,Simvastatin,3,DTXSID0023581,1.9647712334293896,predictions
tabicl2,1,Sodium fluoride,3,DTXSID2020630,1.1686624183867347,predictions
tabicl2,1,Spiroxamine,3,DTXSID1034212,1.756339549567457,predictions
tabicl2,1,Tamoxifen,3,DTXSID1034187,1.6604094219768517,predictions
tabicl2,1,Tefluthrin,3,DTXSID5032577,1.3633121709274012,predictions
tabicl2,1,Tetracycline,3,DTXSID7023645,1.1027357635462327,predictions
tabicl2,1,Thiamethoxam,3,DTXSID2034962,1.0999448634841769,predictions
tabicl2,1,Tributyltin chloride,3,parent:DTXSID3027403,1.4165171082028987,predictions
tabicl2,1,Triphenyl phosphates isopropylated,3,DTXSID4028880,1.4270654693873912,predictions
tabicl2,1,(-)-Nicotine,4,DTXSID1020930,1.6872728822234742,predictions
tabicl2,1,17beta-Estradiol,4,DTXSID0020573,0.8371205298965176,predictions
tabicl2,1,"2,2-Bis(4-hydroxyphenyl)-1,1,1-trichloroethane",4,DTXSID8022325,1.2489595249914893,predictions
tabicl2,1,"4,4'-Sulfonyldiphenol",4,DTXSID3022409,1.29878769958481,predictions
tabicl2,1,6-aminopyridine-3-carboxamide,4,DTXSID5051446,2.2886610953494353,predictions
tabicl2,1,Acetamiprid,4,DTXSID0034300,1.2942291390093719,predictions
tabicl2,1,Atrazine,4,DTXSID9020112,0.877605641882982,predictions
tabicl2,1,Bensulide,4,DTXSID9032329,1.4763336855668983,predictions
tabicl2,1,CP-409092,4,DTXSID2047276,1.1853759249886584,predictions
tabicl2,1,Captopril,4,DTXSID1037197,1.5176831610119168,predictions
tabicl2,1,Chlorethoxyfos,4,DTXSID2032344,1.4677236794498367,predictions
tabicl2,1,Chlorpyrifos oxon,4,DTXSID1038666,1.3128273716930763,predictions
tabicl2,1,Chrysene,4,DTXSID0022432,1.0647045180455703,predictions
tabicl2,1,Clove leaf oil,4,DTXSID8044175,1.6589816053183468,predictions
tabicl2,1,Cotinine,4,DTXSID1047576,0.8625220648206084,predictions
tabicl2,1,Coumaphos,4,DTXSID2020347,1.3182096045890885,predictions
tabicl2,1,Cypermethrin,4,DTXSID1023998,1.6002465811811397,predictions
tabicl2,1,D-Glucitol,4,DTXSID5023588,1.1815044338657177,predictions
tabicl2,1,Dextroamphetamine sulfate,4,DTXSID2057865,1.0048060785280541,predictions
tabicl2,1,Di(2-ethylhexyl) phthalate,4,DTXSID5020607,1.4012562893939038,predictions
tabicl2,1,Diazinon,4,DTXSID9020407,1.6019880495376,predictions
tabicl2,1,Dieldrin,4,DTXSID9020453,2.2353044848221497,predictions
tabicl2,1,Diphenhydramine hydrochloride,4,DTXSID4020537,1.3237155942452623,predictions
tabicl2,1,Fosthiazate,4,DTXSID0034930,1.1148945103970918,predictions
tabicl2,1,Heptachlor epoxide B,4,DTXSID1024126,1.7302273439975395,predictions
tabicl2,1,Imidacloprid,4,DTXSID5032442,1.3920653681244528,predictions
tabicl2,1,Isodecyl diphenyl phosphate,4,DTXSID3025465,0.902238130440679,predictions
tabicl2,1,Kepone,4,DTXSID1020770,1.8485935323928575,predictions
tabicl2,1,Methimazole,4,DTXSID4020820,1.2367914426010664,predictions
tabicl2,1,Molinate,4,DTXSID6024206,0.9800558535472538,predictions
tabicl2,1,Octylbicycloheptenedicarboximide,4,DTXSID6032562,1.0868333330548912,predictions
tabicl2,1,Paraquat dichloride,4,DTXSID7024243,2.698487192576947,predictions
tabicl2,1,Perfluoroundecanoic acid,4,DTXSID8047553,1.0702890864355057,predictions
tabicl2,1,Phenobarbital,4,parent:DTXSID0021123,1.1848373943473522,predictions
tabicl2,1,Phenylmercuric acetate,4,DTXSID7021150,1.3330276655098217,predictions
tabicl2,1,Phosmet,4,DTXSID5024261,1.4272869873415512,predictions
tabicl2,1,Picoxystrobin,4,DTXSID9047542,1.2814146306970038,predictions
tabicl2,1,Resmethrin,4,DTXSID7022253,0.9330184626562232,predictions
tabicl2,1,Retinoic acid,4,DTXSID7021239,1.6213735600474404,predictions
tabicl2,1,Rotenone,4,DTXSID6021248,1.4176714818918326,predictions
tabicl2,1,Sodium orthovanadate,4,DTXSID2037269,1.2845350312659711,predictions
tabicl2,1,Tebupirimfos,4,DTXSID1032482,1.5197940369472707,predictions
tabicl2,1,Triphenyl phosphate,4,DTXSID1021952,0.9657792226120723,predictions
tabicl2,1,Triphenyl phosphite,4,DTXSID0026252,1.0509163915735036,predictions
tabicl2,1,Tris(2-chloroisopropyl)phosphate,4,DTXSID5026259,1.0910938637137355,predictions
tabicl2,1,Valinomycin,4,DTXSID9041150,3.1389160418475064,predictions
tabicl2,1,tert-Butylphenyl diphenyl phosphate,4,DTXSID6024701,1.458353537783895,predictions
tabicl2,2,(Methylcyclopentadienyl)tricarbonylmanganese,1,DTXSID9027738,0.9894103171165229,predictions
tabicl2,2,"1,2-Propylene glycol",1,DTXSID0021206,1.6556043234155582,predictions
tabicl2,2,5-Chloro-2-methyl-3(2H)-isothiazolone,1,DTXSID9034286,1.662827855675562,predictions
tabicl2,2,5-Fluorouracil,1,DTXSID2020634,1.8115209312842286,predictions
tabicl2,2,Acephate,1,DTXSID8023846,1.3699779817691407,predictions
tabicl2,2,Acetaminophen,1,DTXSID2020006,0.5189294188639992,predictions
tabicl2,2,Aspirin,1,DTXSID5020108,0.9106751250276076,predictions
tabicl2,2,Auramine hydrochloride,1,DTXSID9020114,1.6295104378766738,predictions
tabicl2,2,Benzo[k]fluoranthene,1,DTXSID0023909,1.0020738367417557,predictions
tabicl2,2,Berberine chloride,1,DTXSID8024602,0.9959711360385504,predictions
tabicl2,2,Bifenthrin,1,DTXSID9020160,1.2528130600250182,predictions
tabicl2,2,Bis(tributyltin)oxide,1,parent:DTXSID3027403,2.3356819409382967,predictions
tabicl2,2,Bisindolylmaleimide I,1,DTXSID50157932,1.2404821561772876,predictions
tabicl2,2,Bisphenol A,1,DTXSID7020182,0.9981354689963948,predictions
tabicl2,2,Busulfan,1,DTXSID3020910,1.032528291957211,predictions
tabicl2,2,Caffeine,1,DTXSID0020232,1.1492791074602429,predictions
tabicl2,2,Chlordiazepoxide hydrochloride,1,DTXSID40880060,1.646211461809927,predictions
tabicl2,2,Cyclophosphamide monohydrate,1,DTXSID6024888,1.196469789116794,predictions
tabicl2,2,Cymoxanil,1,DTXSID6032358,0.5704599218524526,predictions
tabicl2,2,Diazepam,1,DTXSID4020406,1.423242453585536,predictions
tabicl2,2,Diazoxon,1,DTXSID5037523,1.258868191594244,predictions
tabicl2,2,Diethylene glycol,1,DTXSID8020462,0.9980427933972733,predictions
tabicl2,2,Diethylstilbestrol,1,DTXSID3020465,1.07230834967106,predictions
tabicl2,2,Difpas-pyrazole,1,DTXSID6048175,1.3814151773454486,predictions
tabicl2,2,Dimethoate,1,DTXSID7020479,1.0257652259266747,predictions
tabicl2,2,Endosulfan,1,DTXSID1020560,2.2019435308762967,predictions
tabicl2,2,Endrin,1,DTXSID6020561,1.4354276060702518,predictions
tabicl2,2,Fenitrothion,1,DTXSID4032613,0.7552647657261866,predictions
tabicl2,2,Loperamide,1,DTXSID00880006,1.8658793369122635,predictions
tabicl2,2,Malaoxon,1,DTXSID9020790,1.1069186758420868,predictions
tabicl2,2,Methoxychlor,1,DTXSID9020827,1.3601205374051624,predictions
tabicl2,2,Naled,1,DTXSID1024209,1.3887278739840583,predictions
tabicl2,2,Oxidopamine hydrochloride,1,DTXSID0045838,1.4545699158255978,predictions
tabicl2,2,Permethrin,1,DTXSID8022292,1.7143126184132698,predictions
tabicl2,2,PharmaGSID_47330,1,DTXSID9047330,1.1581769530871333,predictions
tabicl2,2,Phenanthrene,1,DTXSID6024254,0.6719926376183795,predictions
tabicl2,2,Pravastatin sodium,1,DTXSID6047525,1.973310571844161,predictions
tabicl2,2,S-Ethyl dipropylthiocarbamate,1,DTXSID1024091,0.8041875278039592,predictions
tabicl2,2,Sodium saccharin hydrate,1,DTXSID7021992,1.1256943439207467,predictions
tabicl2,2,Sodium valproate,1,DTXSID5037072,1.3594563022867079,predictions
tabicl2,2,Terbufos,1,DTXSID2022254,1.30039821196053,predictions
tabicl2,2,Thalidomide,1,DTXSID9022524,1.5981181725086997,predictions
tabicl2,2,Tributyltin methacrylate,1,parent:DTXSID3027403,1.2651786794186966,predictions
tabicl2,2,Trimethyltin hydroxide,1,DTXSID9032240,2.2526351551798363,predictions
tabicl2,2,"Tris(1,3-dichloro-2-propyl) phosphate",1,DTXSID9026261,1.0952500366129887,predictions
tabicl2,2,Tris(2-chloroethyl) phosphate,1,DTXSID5021411,1.5132045719860916,predictions
tabicl2,2,Z-Tetrachlorvinphos,1,DTXSID1032648,1.5158647566408947,predictions
tabicl2,2,"p,p'-DDD",1,DTXSID4020373,1.276616752588652,predictions
tabicl2,2,tert-Butylhydroquinone,1,DTXSID6020220,1.2022400255831354,predictions
tabicl2,2,2-(m-Chlorophenoxy)propionic acid,2,DTXSID9034232,1.289312544770135,predictions
tabicl2,2,2-Ethylhexyl diphenyl phosphate,2,DTXSID1025300,1.078993255419223,predictions
tabicl2,2,"3,3',5,5'-Tetrabromobisphenol A",2,DTXSID1026081,1.121024927575157,predictions
tabicl2,2,Abamectin,2,DTXSID8023892,1.2913808333747991,predictions
tabicl2,2,Acenaphthylene,2,DTXSID3023845,0.5884109078815569,predictions
tabicl2,2,Aldicarb,2,DTXSID0039223,1.2085795649391708,predictions
tabicl2,2,Amoxicillin,2,DTXSID3037044,1.0326028520437625,predictions
tabicl2,2,Azoxystrobin,2,DTXSID0032520,1.2312052878278723,predictions
tabicl2,2,Benzo[a]pyrene,2,DTXSID2020139,0.9504801873616987,predictions
tabicl2,2,Benzo[e]pyrene,2,DTXSID3023764,1.2427655582885648,predictions
tabicl2,2,Bis(2-ethylhexyl) tetrabromophthalate,2,DTXSID7027887,1.3553636709464627,predictions
tabicl2,2,Bisphenol AF,2,DTXSID7037717,1.0201088417545772,predictions
tabicl2,2,Bisphenol B,2,DTXSID4022442,1.1448857448810046,predictions
tabicl2,2,Cadmium(II) chloride hydrate (2:5),2,DTXSID4040183,2.5532711661797216,predictions
tabicl2,2,Captan,2,DTXSID9020243,0.9359891868359942,predictions
tabicl2,2,Carbamazepine,2,DTXSID4022731,1.0028865666120204,predictions
tabicl2,2,Carbaryl,2,DTXSID9020247,2.440089658529383,predictions
tabicl2,2,Cariporide mesylate,2,DTXSID3047344,1.1583958603554099,predictions
tabicl2,2,Chloramben,2,DTXSID2020262,0.8811731006497819,predictions
tabicl2,2,Chlorpromazine hydrochloride,2,DTXSID7024827,1.6994508587231383,predictions
tabicl2,2,Clothianidin,2,DTXSID2034465,0.7497572188691993,predictions
tabicl2,2,Dichlorvos,2,DTXSID5020449,1.164574632161872,predictions
tabicl2,2,Eugenol,2,DTXSID9020617,1.1210203033268902,predictions
tabicl2,2,Fipronil,2,DTXSID4034609,1.3281544229576185,predictions
tabicl2,2,Fluorene,2,DTXSID8024105,0.5683689865182662,predictions
tabicl2,2,Glycerol,2,DTXSID9020663,0.7979070220830138,predictions
tabicl2,2,L-Ascorbic acid,2,DTXSID5020106,1.165492355132994,predictions
tabicl2,2,Lindane,2,DTXSID2020686,1.5298376927354975,predictions
tabicl2,2,Maneb,2,DTXSID9020794,0.925805638394556,predictions
tabicl2,2,Manganese dichloride,2,parent:DTXSID5027279,1.3022585989341058,predictions
tabicl2,2,Mercuric chloride,2,DTXSID5020811,1.5530331433801083,predictions
tabicl2,2,Methamidophos,2,DTXSID6024177,0.9673124434082319,predictions
tabicl2,2,Methylmercuric(II) chloride,2,DTXSID5020813,1.7972802769062342,predictions
tabicl2,2,Mevastatin,2,DTXSID4040684,1.5228426779566435,predictions
tabicl2,2,Mirex,2,DTXSID7020895,2.2544645759210753,predictions
tabicl2,2,"Octachloro-4,7-methanotetrahydroindane",2,DTXSID7020267,1.684377102630791,predictions
tabicl2,2,Parathion,2,DTXSID7021100,0.861661174593453,predictions
tabicl2,2,Prallethrin,2,DTXSID0032572,1.0056596183468853,predictions
tabicl2,2,Reserpine,2,DTXSID7021237,1.6567273861022513,predictions
tabicl2,2,Sodium arsenite,2,DTXSID5020104,2.175443818844994,predictions
tabicl2,2,Tebuconazole,2,DTXSID9032113,2.0837702174939485,predictions
tabicl2,2,Terbutaline hemisulfate,2,DTXSID3045437,1.1596624889954006,predictions
tabicl2,2,Tetraethylthiuram disulfide,2,DTXSID1021322,1.3650168280845496,predictions
tabicl2,2,Tetramethrin,2,DTXSID6032649,0.9824499050588494,predictions
tabicl2,2,Tribufos,2,DTXSID1024174,1.67905036535371,predictions
tabicl2,2,Trichlorfon,2,DTXSID0021389,1.708674604798966,predictions
tabicl2,2,Trifloxystrobin,2,DTXSID4032580,1.3643422149988083,predictions
tabicl2,2,Tris(methylphenyl) phosphate,2,DTXSID4021391,0.945488602643009,predictions
tabicl2,2,"o,p'-DDT",2,parent:DTXSID4020375,1.6606227200608223,predictions
tabicl2,2,1-Methyl-4-phenylpyridinium iodide,3,DTXSID40880040,1.1070311091959257,predictions
tabicl2,2,"2-Ethylhexyl 2,3,4,5-tetrabromobenzoate",3,DTXSID9052686,1.5914415484339766,predictions
tabicl2,2,3-Iodo-2-propynyl-N-butylcarbamate,3,DTXSID0028038,0.9532559185292289,predictions
tabicl2,2,"5,5-Diphenylhydantoin",3,DTXSID8020541,0.9507140832527041,predictions
tabicl2,2,6-Methyl-2-thiouracil,3,DTXSID2020890,1.1470080263738445,predictions
tabicl2,2,Acenaphthene,3,DTXSID3021774,0.8677400867495109,predictions
tabicl2,2,Allethrin,3,parent:DTXSID2039336,1.0251350798769436,predictions
tabicl2,2,Anthracene,3,DTXSID0023878,0.801107522150909,predictions
tabicl2,2,Benzo(b)fluoranthene,3,DTXSID0023907,0.9041472860962072,predictions
tabicl2,2,Carbofuran,3,DTXSID9020249,0.8329112505881623,predictions
tabicl2,2,Chlorendic acid,3,DTXSID2020268,1.002601131625616,predictions
tabicl2,2,Clodinafop-propargyl,3,DTXSID6032354,0.7681746940876124,predictions
tabicl2,2,Cocaine,3,DTXSID2038443,1.034045643190141,predictions
tabicl2,2,Colchicine,3,DTXSID5024845,1.584150509898706,predictions
tabicl2,2,D-Mannitol,3,DTXSID1023235,1.2117164229610935,predictions
tabicl2,2,DDT,3,parent:DTXSID4020375,1.836491330870428,predictions
tabicl2,2,Deltamethrin,3,DTXSID8020381,1.3170825240696808,predictions
tabicl2,2,Dexamethasone,3,DTXSID3020384,1.2164020897367245,predictions
tabicl2,2,"Dibenz[a,c]anthracene",3,DTXSID9049245,1.023615711710295,predictions
tabicl2,2,Dicrotophos,3,DTXSID9023914,1.0257085341164116,predictions
tabicl2,2,Emamectin benzoate,3,DTXSID0034566,2.03256492930882,predictions
tabicl2,2,Es-fenvalerate,3,DTXSID4032667,1.3065046661464252,predictions
tabicl2,2,Esketamine hydrochloride,3,DTXSID601027734,1.2798341795985544,predictions
tabicl2,2,Etofenprox,3,DTXSID9032610,1.069617425150095,predictions
tabicl2,2,Fenpropathrin,3,DTXSID0024002,1.2349298001346365,predictions
tabicl2,2,Firemaster 550,3,DTXSID70880073,1.1377002350689696,predictions
tabicl2,2,Folic acid,3,DTXSID0022519,1.2725592937286443,predictions
tabicl2,2,Haloperidol,3,DTXSID4034150,1.3571707457958935,predictions
tabicl2,2,Hexachlorophene,3,DTXSID6020690,1.7523517611149226,predictions
tabicl2,2,Lead(II) acetate trihydrate,3,DTXSID3031521,1.6272085316954086,predictions
tabicl2,2,Malathion,3,DTXSID4020791,1.2613461449869234,predictions
tabicl2,2,Mancozeb,3,DTXSID0034695,0.7710125020390832,predictions
tabicl2,2,Manganese(II) acetate,3,parent:DTXSID5027279,0.8835710966307392,predictions
tabicl2,2,Naloxone hydrochloride dihydrate,3,DTXSID90199452,0.996485677630915,predictions
tabicl2,2,Phenol,3,DTXSID5021124,1.0984002349109088,predictions
tabicl2,2,Phorate,3,DTXSID4032459,1.229549245644407,predictions
tabicl2,2,Piperonyl butoxide,3,DTXSID1021166,1.2909980764522662,predictions
tabicl2,2,Profenofos,3,DTXSID3032464,1.3173915321673904,predictions
tabicl2,2,Pyrene,3,DTXSID3024289,0.6969733241910873,predictions
tabicl2,2,S-Bioallethrin,3,parent:DTXSID2039336,1.0395388993253543,predictions
tabicl2,2,Simvastatin,3,DTXSID0023581,2.0424912221665066,predictions
tabicl2,2,Sodium fluoride,3,DTXSID2020630,0.8874463061436767,predictions
tabicl2,2,Spiroxamine,3,DTXSID1034212,1.784465358225717,predictions
tabicl2,2,Tamoxifen,3,DTXSID1034187,1.5123431079949605,predictions
tabicl2,2,Tefluthrin,3,DTXSID5032577,1.2903961179689674,predictions
tabicl2,2,Tetracycline,3,DTXSID7023645,0.8606803384028282,predictions
tabicl2,2,Thiamethoxam,3,DTXSID2034962,0.8917102088514319,predictions
tabicl2,2,Tributyltin chloride,3,parent:DTXSID3027403,1.3454394619195322,predictions
tabicl2,2,Triphenyl phosphates isopropylated,3,DTXSID4028880,1.3695338527719696,predictions
tabicl2,2,(-)-Nicotine,4,DTXSID1020930,1.361397733612248,predictions
tabicl2,2,17beta-Estradiol,4,DTXSID0020573,0.7342917453864658,predictions
tabicl2,2,"2,2-Bis(4-hydroxyphenyl)-1,1,1-trichloroethane",4,DTXSID8022325,1.1957029925983105,predictions
tabicl2,2,"4,4'-Sulfonyldiphenol",4,DTXSID3022409,1.34096794049664,predictions
tabicl2,2,6-aminopyridine-3-carboxamide,4,DTXSID5051446,2.019858036909447,predictions
tabicl2,2,Acetamiprid,4,DTXSID0034300,1.309747856224216,predictions
tabicl2,2,Atrazine,4,DTXSID9020112,0.7856477458317349,predictions
tabicl2,2,Bensulide,4,DTXSID9032329,1.612056411157224,predictions
tabicl2,2,CP-409092,4,DTXSID2047276,1.0648942862237876,predictions
tabicl2,2,Captopril,4,DTXSID1037197,1.301083622528632,predictions
tabicl2,2,Chlorethoxyfos,4,DTXSID2032344,1.7616871501561469,predictions
tabicl2,2,Chlorpyrifos oxon,4,DTXSID1038666,1.3170660047800686,predictions
tabicl2,2,Chrysene,4,DTXSID0022432,0.8133112135194629,predictions
tabicl2,2,Clove leaf oil,4,DTXSID8044175,1.2846811452615363,predictions
tabicl2,2,Cotinine,4,DTXSID1047576,0.8276245062911448,predictions
tabicl2,2,Coumaphos,4,DTXSID2020347,1.3532285723720512,predictions
tabicl2,2,Cypermethrin,4,DTXSID1023998,1.2510072817194877,predictions
tabicl2,2,D-Glucitol,4,DTXSID5023588,1.0917105625932804,predictions
tabicl2,2,Dextroamphetamine sulfate,4,DTXSID2057865,0.9588905035248301,predictions
tabicl2,2,Di(2-ethylhexyl) phthalate,4,DTXSID5020607,1.3793832300415771,predictions
tabicl2,2,Diazinon,4,DTXSID9020407,1.6135962641468793,predictions
tabicl2,2,Dieldrin,4,DTXSID9020453,1.7193975696345825,predictions
tabicl2,2,Diphenhydramine hydrochloride,4,DTXSID4020537,1.475170636720546,predictions
tabicl2,2,Fosthiazate,4,DTXSID0034930,1.0696220622450443,predictions
tabicl2,2,Heptachlor epoxide B,4,DTXSID1024126,1.838836078047155,predictions
tabicl2,2,Imidacloprid,4,DTXSID5032442,1.1869376788836192,predictions
tabicl2,2,Isodecyl diphenyl phosphate,4,DTXSID3025465,0.8752562999428986,predictions
tabicl2,2,Kepone,4,DTXSID1020770,1.5749593789626526,predictions
tabicl2,2,Methimazole,4,DTXSID4020820,1.0597633991236064,predictions
tabicl2,2,Molinate,4,DTXSID6024206,1.003377913321,predictions
tabicl2,2,Octylbicycloheptenedicarboximide,4,DTXSID6032562,1.0782189366759851,predictions
tabicl2,2,Paraquat dichloride,4,DTXSID7024243,2.2955585125857283,predictions
tabicl2,2,Perfluoroundecanoic acid,4,DTXSID8047553,1.173396060825302,predictions
tabicl2,2,Phenobarbital,4,parent:DTXSID0021123,0.8870723872017386,predictions
tabicl2,2,Phenylmercuric acetate,4,DTXSID7021150,1.1010287404362662,predictions
tabicl2,2,Phosmet,4,DTXSID5024261,1.3718791834086368,predictions
tabicl2,2,Picoxystrobin,4,DTXSID9047542,1.011010770517614,predictions
tabicl2,2,Resmethrin,4,DTXSID7022253,0.9461550850406564,predictions
tabicl2,2,Retinoic acid,4,DTXSID7021239,1.5958718155513352,predictions
tabicl2,2,Rotenone,4,DTXSID6021248,1.2150444475321585,predictions
tabicl2,2,Sodium orthovanadate,4,DTXSID2037269,1.1606863844365654,predictions
tabicl2,2,Tebupirimfos,4,DTXSID1032482,1.3289578551275825,predictions
tabicl2,2,Triphenyl phosphate,4,DTXSID1021952,0.8279152593024331,predictions
tabicl2,2,Triphenyl phosphite,4,DTXSID0026252,0.9203091086258972,predictions
tabicl2,2,Tris(2-chloroisopropyl)phosphate,4,DTXSID5026259,1.0540088117211786,predictions
tabicl2,2,Valinomycin,4,DTXSID9041150,1.9483928773123218,predictions
tabicl2,2,tert-Butylphenyl diphenyl phosphate,4,DTXSID6024701,1.3676798380240904,predictions
tabicl2,3,(Methylcyclopentadienyl)tricarbonylmanganese,1,DTXSID9027738,0.9117625569780194,predictions
tabicl2,3,"1,2-Propylene glycol",1,DTXSID0021206,1.5925102458577922,predictions
tabicl2,3,5-Chloro-2-methyl-3(2H)-isothiazolone,1,DTXSID9034286,1.2306940106190507,predictions
tabicl2,3,5-Fluorouracil,1,DTXSID2020634,1.374961285175947,predictions
tabicl2,3,Acephate,1,DTXSID8023846,1.1260137772545993,predictions
tabicl2,3,Acetaminophen,1,DTXSID2020006,0.4471364998803491,predictions
tabicl2,3,Aspirin,1,DTXSID5020108,0.6178176211184889,predictions
tabicl2,3,Auramine hydrochloride,1,DTXSID9020114,1.1400101239179743,predictions
tabicl2,3,Benzo[k]fluoranthene,1,DTXSID0023909,0.9037984500795089,predictions
tabicl2,3,Berberine chloride,1,DTXSID8024602,0.9036236271836385,predictions
tabicl2,3,Bifenthrin,1,DTXSID9020160,1.4873348028937892,predictions
tabicl2,3,Bis(tributyltin)oxide,1,parent:DTXSID3027403,1.9197084550648622,predictions
tabicl2,3,Bisindolylmaleimide I,1,DTXSID50157932,1.0071396272895323,predictions
tabicl2,3,Bisphenol A,1,DTXSID7020182,0.9061741296132618,predictions
tabicl2,3,Busulfan,1,DTXSID3020910,0.7712990044291306,predictions
tabicl2,3,Caffeine,1,DTXSID0020232,1.3092196395480005,predictions
tabicl2,3,Chlordiazepoxide hydrochloride,1,DTXSID40880060,1.4173126343297937,predictions
tabicl2,3,Cyclophosphamide monohydrate,1,DTXSID6024888,1.193759005358341,predictions
tabicl2,3,Cymoxanil,1,DTXSID6032358,0.6679632101849112,predictions
tabicl2,3,Diazepam,1,DTXSID4020406,1.4791636521027782,predictions
tabicl2,3,Diazoxon,1,DTXSID5037523,0.9826885815426618,predictions
tabicl2,3,Diethylene glycol,1,DTXSID8020462,1.2155440813954468,predictions
tabicl2,3,Diethylstilbestrol,1,DTXSID3020465,1.0682576194039184,predictions
tabicl2,3,Difpas-pyrazole,1,DTXSID6048175,1.5444844235913107,predictions
tabicl2,3,Dimethoate,1,DTXSID7020479,1.0640122938780512,predictions
tabicl2,3,Endosulfan,1,DTXSID1020560,1.8840389572071259,predictions
tabicl2,3,Endrin,1,DTXSID6020561,1.3714077797313204,predictions
tabicl2,3,Fenitrothion,1,DTXSID4032613,0.8944982960319013,predictions
tabicl2,3,Loperamide,1,DTXSID00880006,1.252524186747679,predictions
tabicl2,3,Malaoxon,1,DTXSID9020790,0.9432336073304205,predictions
tabicl2,3,Methoxychlor,1,DTXSID9020827,1.4898656592018267,predictions
tabicl2,3,Naled,1,DTXSID1024209,1.3512653270123793,predictions
tabicl2,3,Oxidopamine hydrochloride,1,DTXSID0045838,1.1103866312315822,predictions
tabicl2,3,Permethrin,1,DTXSID8022292,1.3198925986976793,predictions
tabicl2,3,PharmaGSID_47330,1,DTXSID9047330,1.2265179375325215,predictions
tabicl2,3,Phenanthrene,1,DTXSID6024254,0.5151720158209835,predictions
tabicl2,3,Pravastatin sodium,1,DTXSID6047525,1.795969964047864,predictions
tabicl2,3,S-Ethyl dipropylthiocarbamate,1,DTXSID1024091,0.9200486173463374,predictions
tabicl2,3,Sodium saccharin hydrate,1,DTXSID7021992,1.229836150209469,predictions
tabicl2,3,Sodium valproate,1,DTXSID5037072,1.6108252312539502,predictions
tabicl2,3,Terbufos,1,DTXSID2022254,1.948480350179091,predictions
tabicl2,3,Thalidomide,1,DTXSID9022524,1.5072792601610017,predictions
tabicl2,3,Tributyltin methacrylate,1,parent:DTXSID3027403,1.1361706600446675,predictions
tabicl2,3,Trimethyltin hydroxide,1,DTXSID9032240,2.531827734220542,predictions
tabicl2,3,"Tris(1,3-dichloro-2-propyl) phosphate",1,DTXSID9026261,1.4337393173996722,predictions
tabicl2,3,Tris(2-chloroethyl) phosphate,1,DTXSID5021411,1.3784417904453758,predictions
tabicl2,3,Z-Tetrachlorvinphos,1,DTXSID1032648,1.2923669376031854,predictions
tabicl2,3,"p,p'-DDD",1,DTXSID4020373,1.2354494995800138,predictions
tabicl2,3,tert-Butylhydroquinone,1,DTXSID6020220,0.9874701674243994,predictions
tabicl2,3,2-(m-Chlorophenoxy)propionic acid,2,DTXSID9034232,1.2153353176356851,predictions
tabicl2,3,2-Ethylhexyl diphenyl phosphate,2,DTXSID1025300,1.052852013661246,predictions
tabicl2,3,"3,3',5,5'-Tetrabromobisphenol A",2,DTXSID1026081,0.8173468011215258,predictions
tabicl2,3,Abamectin,2,DTXSID8023892,1.5042730662340076,predictions
tabicl2,3,Acenaphthylene,2,DTXSID3023845,0.6121008208454655,predictions
tabicl2,3,Aldicarb,2,DTXSID0039223,1.0191864100708021,predictions
tabicl2,3,Amoxicillin,2,DTXSID3037044,1.214222347723908,predictions
tabicl2,3,Azoxystrobin,2,DTXSID0032520,1.1001452823839521,predictions
tabicl2,3,Benzo[a]pyrene,2,DTXSID2020139,0.8683538053995925,predictions
tabicl2,3,Benzo[e]pyrene,2,DTXSID3023764,1.1094114608878893,predictions
tabicl2,3,Bis(2-ethylhexyl) tetrabromophthalate,2,DTXSID7027887,1.237956725813573,predictions
tabicl2,3,Bisphenol AF,2,DTXSID7037717,1.1224700631816578,predictions
tabicl2,3,Bisphenol B,2,DTXSID4022442,1.0343865730817883,predictions
tabicl2,3,Cadmium(II) chloride hydrate (2:5),2,DTXSID4040183,1.272134806090469,predictions
tabicl2,3,Captan,2,DTXSID9020243,0.9307841581020083,predictions
tabicl2,3,Carbamazepine,2,DTXSID4022731,1.085591700163334,predictions
tabicl2,3,Carbaryl,2,DTXSID9020247,2.1674296976181635,predictions
tabicl2,3,Cariporide mesylate,2,DTXSID3047344,1.1326823241098976,predictions
tabicl2,3,Chloramben,2,DTXSID2020262,0.8987223857094282,predictions
tabicl2,3,Chlorpromazine hydrochloride,2,DTXSID7024827,1.3911805960619836,predictions
tabicl2,3,Clothianidin,2,DTXSID2034465,0.8300457774211758,predictions
tabicl2,3,Dichlorvos,2,DTXSID5020449,0.8976845278800945,predictions
tabicl2,3,Eugenol,2,DTXSID9020617,1.1870958677466894,predictions
tabicl2,3,Fipronil,2,DTXSID4034609,1.3789359658265634,predictions
tabicl2,3,Fluorene,2,DTXSID8024105,0.677821564258899,predictions
tabicl2,3,Glycerol,2,DTXSID9020663,0.6282456723957747,predictions
tabicl2,3,L-Ascorbic acid,2,DTXSID5020106,1.1271366749977005,predictions
tabicl2,3,Lindane,2,DTXSID2020686,1.6354928666100021,predictions
tabicl2,3,Maneb,2,DTXSID9020794,1.0861017393277375,predictions
tabicl2,3,Manganese dichloride,2,parent:DTXSID5027279,1.077510030387459,predictions
tabicl2,3,Mercuric chloride,2,DTXSID5020811,1.3305706255077714,predictions
tabicl2,3,Methamidophos,2,DTXSID6024177,0.7813078593577194,predictions
tabicl2,3,Methylmercuric(II) chloride,2,DTXSID5020813,1.5217396297660142,predictions
tabicl2,3,Mevastatin,2,DTXSID4040684,1.298513553073589,predictions
tabicl2,3,Mirex,2,DTXSID7020895,1.4632839433795666,predictions
tabicl2,3,"Octachloro-4,7-methanotetrahydroindane",2,DTXSID7020267,1.4052350111759355,predictions
tabicl2,3,Parathion,2,DTXSID7021100,1.0162360856377006,predictions
tabicl2,3,Prallethrin,2,DTXSID0032572,1.0642090973891942,predictions
tabicl2,3,Reserpine,2,DTXSID7021237,2.0353434651442206,predictions
tabicl2,3,Sodium arsenite,2,DTXSID5020104,1.9314858917528899,predictions
tabicl2,3,Tebuconazole,2,DTXSID9032113,2.202520726960245,predictions
tabicl2,3,Terbutaline hemisulfate,2,DTXSID3045437,0.869916525531296,predictions
tabicl2,3,Tetraethylthiuram disulfide,2,DTXSID1021322,1.2015711380648972,predictions
tabicl2,3,Tetramethrin,2,DTXSID6032649,0.8374689444384267,predictions
tabicl2,3,Tribufos,2,DTXSID1024174,1.4122302758828735,predictions
tabicl2,3,Trichlorfon,2,DTXSID0021389,1.3239817959885696,predictions
tabicl2,3,Trifloxystrobin,2,DTXSID4032580,1.062893362581546,predictions
tabicl2,3,Tris(methylphenyl) phosphate,2,DTXSID4021391,0.8810280975993932,predictions
tabicl2,3,"o,p'-DDT",2,parent:DTXSID4020375,1.5694174327575319,predictions
tabicl2,3,1-Methyl-4-phenylpyridinium iodide,3,DTXSID40880040,1.1828027101927405,predictions
tabicl2,3,"2-Ethylhexyl 2,3,4,5-tetrabromobenzoate",3,DTXSID9052686,1.720669813170884,predictions
tabicl2,3,3-Iodo-2-propynyl-N-butylcarbamate,3,DTXSID0028038,1.1072319698841278,predictions
tabicl2,3,"5,5-Diphenylhydantoin",3,DTXSID8020541,0.8932553291697989,predictions
tabicl2,3,6-Methyl-2-thiouracil,3,DTXSID2020890,1.0574975401167466,predictions
tabicl2,3,Acenaphthene,3,DTXSID3021774,0.9246728563504053,predictions
tabicl2,3,Allethrin,3,parent:DTXSID2039336,1.172846059846663,predictions
tabicl2,3,Anthracene,3,DTXSID0023878,0.9717851468085913,predictions
tabicl2,3,Benzo(b)fluoranthene,3,DTXSID0023907,0.8408230192014736,predictions
tabicl2,3,Carbofuran,3,DTXSID9020249,1.003251762153591,predictions
tabicl2,3,Chlorendic acid,3,DTXSID2020268,0.8877050782593712,predictions
tabicl2,3,Clodinafop-propargyl,3,DTXSID6032354,0.6782770916558862,predictions
tabicl2,3,Cocaine,3,DTXSID2038443,0.8108157369707067,predictions
tabicl2,3,Colchicine,3,DTXSID5024845,1.3318906752534114,predictions
tabicl2,3,D-Mannitol,3,DTXSID1023235,1.0459389443693603,predictions
tabicl2,3,DDT,3,parent:DTXSID4020375,1.0929430737822412,predictions
tabicl2,3,Deltamethrin,3,DTXSID8020381,1.4463503561296545,predictions
tabicl2,3,Dexamethasone,3,DTXSID3020384,1.0052551299902388,predictions
tabicl2,3,"Dibenz[a,c]anthracene",3,DTXSID9049245,1.0711028822482465,predictions
tabicl2,3,Dicrotophos,3,DTXSID9023914,0.8680646650949605,predictions
tabicl2,3,Emamectin benzoate,3,DTXSID0034566,1.5720379043716899,predictions
tabicl2,3,Es-fenvalerate,3,DTXSID4032667,0.9877034028961896,predictions
tabicl2,3,Esketamine hydrochloride,3,DTXSID601027734,1.1470772384379302,predictions
tabicl2,3,Etofenprox,3,DTXSID9032610,1.0140107082959033,predictions
tabicl2,3,Fenpropathrin,3,DTXSID0024002,1.109432958638061,predictions
tabicl2,3,Firemaster 550,3,DTXSID70880073,1.0627911801345404,predictions
tabicl2,3,Folic acid,3,DTXSID0022519,1.1648154243192037,predictions
tabicl2,3,Haloperidol,3,DTXSID4034150,1.5639508346738196,predictions
tabicl2,3,Hexachlorophene,3,DTXSID6020690,1.3802644787513372,predictions
tabicl2,3,Lead(II) acetate trihydrate,3,DTXSID3031521,1.8406587525424603,predictions
tabicl2,3,Malathion,3,DTXSID4020791,1.2564816617632792,predictions
tabicl2,3,Mancozeb,3,DTXSID0034695,0.7132831636907967,predictions
tabicl2,3,Manganese(II) acetate,3,parent:DTXSID5027279,0.815563640087503,predictions
tabicl2,3,Naloxone hydrochloride dihydrate,3,DTXSID90199452,1.0736273503856792,predictions
tabicl2,3,Phenol,3,DTXSID5021124,1.0302142067645401,predictions
tabicl2,3,Phorate,3,DTXSID4032459,1.4189610161001842,predictions
tabicl2,3,Piperonyl butoxide,3,DTXSID1021166,1.1821340573389783,predictions
tabicl2,3,Profenofos,3,DTXSID3032464,1.1732757086378212,predictions
tabicl2,3,Pyrene,3,DTXSID3024289,0.6372013697169798,predictions
tabicl2,3,S-Bioallethrin,3,parent:DTXSID2039336,1.1369360839185605,predictions
tabicl2,3,Simvastatin,3,DTXSID0023581,1.8030767084302148,predictions
tabicl2,3,Sodium fluoride,3,DTXSID2020630,0.870649662293425,predictions
tabicl2,3,Spiroxamine,3,DTXSID1034212,1.7367173849433435,predictions
tabicl2,3,Tamoxifen,3,DTXSID1034187,1.3094806961460481,predictions
tabicl2,3,Tefluthrin,3,DTXSID5032577,1.0877984896554325,predictions
tabicl2,3,Tetracycline,3,DTXSID7023645,0.898545367693275,predictions
tabicl2,3,Thiamethoxam,3,DTXSID2034962,0.8460916393371875,predictions
tabicl2,3,Tributyltin chloride,3,parent:DTXSID3027403,1.1663300363721496,predictions
tabicl2,3,Triphenyl phosphates isopropylated,3,DTXSID4028880,1.3225222140194757,predictions
tabicl2,3,(-)-Nicotine,4,DTXSID1020930,1.2809517571627485,predictions
tabicl2,3,17beta-Estradiol,4,DTXSID0020573,0.7606511062457889,predictions
tabicl2,3,"2,2-Bis(4-hydroxyphenyl)-1,1,1-trichloroethane",4,DTXSID8022325,1.1117809031905779,predictions
tabicl2,3,"4,4'-Sulfonyldiphenol",4,DTXSID3022409,1.1368375081219864,predictions
tabicl2,3,6-aminopyridine-3-carboxamide,4,DTXSID5051446,1.5068293634536036,predictions
tabicl2,3,Acetamiprid,4,DTXSID0034300,1.3078843595047895,predictions
tabicl2,3,Atrazine,4,DTXSID9020112,0.8097853095754368,predictions
tabicl2,3,Bensulide,4,DTXSID9032329,1.2819995015821823,predictions
tabicl2,3,CP-409092,4,DTXSID2047276,1.0186960039196848,predictions
tabicl2,3,Captopril,4,DTXSID1037197,1.3296044414245638,predictions
tabicl2,3,Chlorethoxyfos,4,DTXSID2032344,1.7124225442301158,predictions
tabicl2,3,Chlorpyrifos oxon,4,DTXSID1038666,1.294828528720517,predictions
tabicl2,3,Chrysene,4,DTXSID0022432,0.7405928165813384,predictions
tabicl2,3,Clove leaf oil,4,DTXSID8044175,1.2591483333638895,predictions
tabicl2,3,Cotinine,4,DTXSID1047576,0.7503090805236797,predictions
tabicl2,3,Coumaphos,4,DTXSID2020347,1.4800358426069162,predictions
tabicl2,3,Cypermethrin,4,DTXSID1023998,1.2706710861049335,predictions
tabicl2,3,D-Glucitol,4,DTXSID5023588,0.9281992613542798,predictions
tabicl2,3,Dextroamphetamine sulfate,4,DTXSID2057865,0.9086762358632233,predictions
tabicl2,3,Di(2-ethylhexyl) phthalate,4,DTXSID5020607,1.4413530599442854,predictions
tabicl2,3,Diazinon,4,DTXSID9020407,1.6009430347840872,predictions
tabicl2,3,Dieldrin,4,DTXSID9020453,1.5707441161403841,predictions
tabicl2,3,Diphenhydramine hydrochloride,4,DTXSID4020537,1.2195794307315686,predictions
tabicl2,3,Fosthiazate,4,DTXSID0034930,0.8835722611311205,predictions
tabicl2,3,Heptachlor epoxide B,4,DTXSID1024126,1.9604190032179756,predictions
tabicl2,3,Imidacloprid,4,DTXSID5032442,1.096429532583844,predictions
tabicl2,3,Isodecyl diphenyl phosphate,4,DTXSID3025465,0.6974744363614872,predictions
tabicl2,3,Kepone,4,DTXSID1020770,1.3607663910320007,predictions
tabicl2,3,Methimazole,4,DTXSID4020820,1.2489493692628688,predictions
tabicl2,3,Molinate,4,DTXSID6024206,1.02057331393612,predictions
tabicl2,3,Octylbicycloheptenedicarboximide,4,DTXSID6032562,1.0744634237517796,predictions
tabicl2,3,Paraquat dichloride,4,DTXSID7024243,1.3566058587278431,predictions
tabicl2,3,Perfluoroundecanoic acid,4,DTXSID8047553,1.2730141635611734,predictions
tabicl2,3,Phenobarbital,4,parent:DTXSID0021123,0.9364221016419888,predictions
tabicl2,3,Phenylmercuric acetate,4,DTXSID7021150,0.9218471454187567,predictions
tabicl2,3,Phosmet,4,DTXSID5024261,1.4971119028449906,predictions
tabicl2,3,Picoxystrobin,4,DTXSID9047542,0.9959625278658383,predictions
tabicl2,3,Resmethrin,4,DTXSID7022253,0.9582184004106017,predictions
tabicl2,3,Retinoic acid,4,DTXSID7021239,1.5302599597462039,predictions
tabicl2,3,Rotenone,4,DTXSID6021248,1.2037204652578848,predictions
tabicl2,3,Sodium orthovanadate,4,DTXSID2037269,1.073049097415653,predictions
tabicl2,3,Tebupirimfos,4,DTXSID1032482,1.6770431080051202,predictions
tabicl2,3,Triphenyl phosphate,4,DTXSID1021952,0.7489805407167742,predictions
tabicl2,3,Triphenyl phosphite,4,DTXSID0026252,0.8267605340935574,predictions
tabicl2,3,Tris(2-chloroisopropyl)phosphate,4,DTXSID5026259,0.7518899445859695,predictions
tabicl2,3,Valinomycin,4,DTXSID9041150,1.9876702880331572,predictions
tabicl2,3,tert-Butylphenyl diphenyl phosphate,4,DTXSID6024701,1.3181381913144812,predictions
tabicl2,4,(Methylcyclopentadienyl)tricarbonylmanganese,1,DTXSID9027738,0.8510561883096818,predictions
tabicl2,4,"1,2-Propylene glycol",1,DTXSID0021206,1.6687441325723937,predictions
tabicl2,4,5-Chloro-2-methyl-3(2H)-isothiazolone,1,DTXSID9034286,1.3696052785557877,predictions
tabicl2,4,5-Fluorouracil,1,DTXSID2020634,1.4582236951499479,predictions
tabicl2,4,Acephate,1,DTXSID8023846,1.4430736245445814,predictions
tabicl2,4,Acetaminophen,1,DTXSID2020006,0.4572779160400672,predictions
tabicl2,4,Aspirin,1,DTXSID5020108,0.5929766370367909,predictions
tabicl2,4,Auramine hydrochloride,1,DTXSID9020114,0.9772809368198668,predictions
tabicl2,4,Benzo[k]fluoranthene,1,DTXSID0023909,0.8536270435533758,predictions
tabicl2,4,Berberine chloride,1,DTXSID8024602,0.8001185117564571,predictions
tabicl2,4,Bifenthrin,1,DTXSID9020160,1.1321241651039513,predictions
tabicl2,4,Bis(tributyltin)oxide,1,parent:DTXSID3027403,1.1220644152233246,predictions
tabicl2,4,Bisindolylmaleimide I,1,DTXSID50157932,0.9308811195528731,predictions
tabicl2,4,Bisphenol A,1,DTXSID7020182,0.9344904384457099,predictions
tabicl2,4,Busulfan,1,DTXSID3020910,0.6643770263406543,predictions
tabicl2,4,Caffeine,1,DTXSID0020232,1.2353081457936212,predictions
tabicl2,4,Chlordiazepoxide hydrochloride,1,DTXSID40880060,1.86012656052679,predictions
tabicl2,4,Cyclophosphamide monohydrate,1,DTXSID6024888,1.1558047411267922,predictions
tabicl2,4,Cymoxanil,1,DTXSID6032358,0.5166296128400455,predictions
tabicl2,4,Diazepam,1,DTXSID4020406,1.616501664930682,predictions
tabicl2,4,Diazoxon,1,DTXSID5037523,1.3140167739132438,predictions
tabicl2,4,Diethylene glycol,1,DTXSID8020462,1.1831862153388948,predictions
tabicl2,4,Diethylstilbestrol,1,DTXSID3020465,1.1703618302523302,predictions
tabicl2,4,Difpas-pyrazole,1,DTXSID6048175,1.3619031892182474,predictions
tabicl2,4,Dimethoate,1,DTXSID7020479,1.1266974441595718,predictions
tabicl2,4,Endosulfan,1,DTXSID1020560,1.8495668892307617,predictions
tabicl2,4,Endrin,1,DTXSID6020561,1.231251573935151,predictions
tabicl2,4,Fenitrothion,1,DTXSID4032613,0.6560911448159101,predictions
tabicl2,4,Loperamide,1,DTXSID00880006,1.325740728129688,predictions
tabicl2,4,Malaoxon,1,DTXSID9020790,0.941621117285416,predictions
tabicl2,4,Methoxychlor,1,DTXSID9020827,1.5135281308565325,predictions
tabicl2,4,Naled,1,DTXSID1024209,1.544676990516353,predictions
tabicl2,4,Oxidopamine hydrochloride,1,DTXSID0045838,1.187972614373789,predictions
tabicl2,4,Permethrin,1,DTXSID8022292,1.366658149712675,predictions
tabicl2,4,PharmaGSID_47330,1,DTXSID9047330,1.1754643815058796,predictions
tabicl2,4,Phenanthrene,1,DTXSID6024254,0.47032515779415085,predictions
tabicl2,4,Pravastatin sodium,1,DTXSID6047525,1.5045498284285048,predictions
tabicl2,4,S-Ethyl dipropylthiocarbamate,1,DTXSID1024091,0.7172806323389886,predictions
tabicl2,4,Sodium saccharin hydrate,1,DTXSID7021992,0.9793482030385992,predictions
tabicl2,4,Sodium valproate,1,DTXSID5037072,1.060084255248783,predictions
tabicl2,4,Terbufos,1,DTXSID2022254,1.165117973537795,predictions
tabicl2,4,Thalidomide,1,DTXSID9022524,1.9890478898196222,predictions
tabicl2,4,Tributyltin methacrylate,1,parent:DTXSID3027403,1.2445245845877522,predictions
tabicl2,4,Trimethyltin hydroxide,1,DTXSID9032240,1.9192019549443171,predictions
tabicl2,4,"Tris(1,3-dichloro-2-propyl) phosphate",1,DTXSID9026261,1.039034954684686,predictions
tabicl2,4,Tris(2-chloroethyl) phosphate,1,DTXSID5021411,1.3763429981815016,predictions
tabicl2,4,Z-Tetrachlorvinphos,1,DTXSID1032648,1.4654719384119992,predictions
tabicl2,4,"p,p'-DDD",1,DTXSID4020373,1.3282334048226958,predictions
tabicl2,4,tert-Butylhydroquinone,1,DTXSID6020220,1.1892529219318089,predictions
tabicl2,4,2-(m-Chlorophenoxy)propionic acid,2,DTXSID9034232,1.2487733952296423,predictions
tabicl2,4,2-Ethylhexyl diphenyl phosphate,2,DTXSID1025300,1.2590493874062656,predictions
tabicl2,4,"3,3',5,5'-Tetrabromobisphenol A",2,DTXSID1026081,0.767751650141815,predictions
tabicl2,4,Abamectin,2,DTXSID8023892,1.5070040227262331,predictions
tabicl2,4,Acenaphthylene,2,DTXSID3023845,0.626097388524909,predictions
tabicl2,4,Aldicarb,2,DTXSID0039223,1.293620082677294,predictions
tabicl2,4,Amoxicillin,2,DTXSID3037044,1.0485997992465828,predictions
tabicl2,4,Azoxystrobin,2,DTXSID0032520,1.0938868518555256,predictions
tabicl2,4,Benzo[a]pyrene,2,DTXSID2020139,0.9990666248425649,predictions
tabicl2,4,Benzo[e]pyrene,2,DTXSID3023764,1.3112390303187478,predictions
tabicl2,4,Bis(2-ethylhexyl) tetrabromophthalate,2,DTXSID7027887,1.1505529523228633,predictions
tabicl2,4,Bisphenol AF,2,DTXSID7037717,1.0019306938511527,predictions
tabicl2,4,Bisphenol B,2,DTXSID4022442,1.1006659252800797,predictions
tabicl2,4,Cadmium(II) chloride hydrate (2:5),2,DTXSID4040183,1.444662881196121,predictions
tabicl2,4,Captan,2,DTXSID9020243,0.7279797294423324,predictions
tabicl2,4,Carbamazepine,2,DTXSID4022731,0.9421168876090362,predictions
tabicl2,4,Carbaryl,2,DTXSID9020247,2.195331453179232,predictions
tabicl2,4,Cariporide mesylate,2,DTXSID3047344,1.0886993318517832,predictions
tabicl2,4,Chloramben,2,DTXSID2020262,0.8324395378364098,predictions
tabicl2,4,Chlorpromazine hydrochloride,2,DTXSID7024827,1.037779553197436,predictions
tabicl2,4,Clothianidin,2,DTXSID2034465,0.7332047848832897,predictions
tabicl2,4,Dichlorvos,2,DTXSID5020449,1.0338249740370598,predictions
tabicl2,4,Eugenol,2,DTXSID9020617,0.9900675718442192,predictions
tabicl2,4,Fipronil,2,DTXSID4034609,1.2669230464561212,predictions
tabicl2,4,Fluorene,2,DTXSID8024105,0.5809321181522227,predictions
tabicl2,4,Glycerol,2,DTXSID9020663,0.6699456201572949,predictions
tabicl2,4,L-Ascorbic acid,2,DTXSID5020106,0.8513850773004075,predictions
tabicl2,4,Lindane,2,DTXSID2020686,1.565205816731003,predictions
tabicl2,4,Maneb,2,DTXSID9020794,0.9590598691670673,predictions
tabicl2,4,Manganese dichloride,2,parent:DTXSID5027279,1.1067361543148497,predictions
tabicl2,4,Mercuric chloride,2,DTXSID5020811,1.1916064992106794,predictions
tabicl2,4,Methamidophos,2,DTXSID6024177,0.7303124731470483,predictions
tabicl2,4,Methylmercuric(II) chloride,2,DTXSID5020813,1.099155222585955,predictions
tabicl2,4,Mevastatin,2,DTXSID4040684,1.4049533182451943,predictions
tabicl2,4,Mirex,2,DTXSID7020895,1.8929756436803102,predictions
tabicl2,4,"Octachloro-4,7-methanotetrahydroindane",2,DTXSID7020267,1.3304988995906732,predictions
tabicl2,4,Parathion,2,DTXSID7021100,0.8779412277992433,predictions
tabicl2,4,Prallethrin,2,DTXSID0032572,0.9593250980006133,predictions
tabicl2,4,Reserpine,2,DTXSID7021237,1.5422830062510224,predictions
tabicl2,4,Sodium arsenite,2,DTXSID5020104,2.0116692937928278,predictions
tabicl2,4,Tebuconazole,2,DTXSID9032113,2.133740502470318,predictions
tabicl2,4,Terbutaline hemisulfate,2,DTXSID3045437,0.8348809375707393,predictions
tabicl2,4,Tetraethylthiuram disulfide,2,DTXSID1021322,0.824691943069185,predictions
tabicl2,4,Tetramethrin,2,DTXSID6032649,0.7988029543679218,predictions
tabicl2,4,Tribufos,2,DTXSID1024174,1.2432277297984968,predictions
tabicl2,4,Trichlorfon,2,DTXSID0021389,1.2543760907512502,predictions
tabicl2,4,Trifloxystrobin,2,DTXSID4032580,0.845856592867737,predictions
tabicl2,4,Tris(methylphenyl) phosphate,2,DTXSID4021391,0.916778369687427,predictions
tabicl2,4,"o,p'-DDT",2,parent:DTXSID4020375,1.449025021180408,predictions
tabicl2,4,1-Methyl-4-phenylpyridinium iodide,3,DTXSID40880040,1.0994549113227836,predictions
tabicl2,4,"2-Ethylhexyl 2,3,4,5-tetrabromobenzoate",3,DTXSID9052686,1.2896442084787652,predictions
tabicl2,4,3-Iodo-2-propynyl-N-butylcarbamate,3,DTXSID0028038,0.6174683256658019,predictions
tabicl2,4,"5,5-Diphenylhydantoin",3,DTXSID8020541,0.8581934241896372,predictions
tabicl2,4,6-Methyl-2-thiouracil,3,DTXSID2020890,1.0431424690690538,predictions
tabicl2,4,Acenaphthene,3,DTXSID3021774,0.7661684921268128,predictions
tabicl2,4,Allethrin,3,parent:DTXSID2039336,1.0000302693402532,predictions
tabicl2,4,Anthracene,3,DTXSID0023878,0.8025163699282307,predictions
tabicl2,4,Benzo(b)fluoranthene,3,DTXSID0023907,0.847462883250623,predictions
tabicl2,4,Carbofuran,3,DTXSID9020249,0.8081127566026349,predictions
tabicl2,4,Chlorendic acid,3,DTXSID2020268,0.8337247151183792,predictions
tabicl2,4,Clodinafop-propargyl,3,DTXSID6032354,0.7505371844468521,predictions
tabicl2,4,Cocaine,3,DTXSID2038443,1.0492020614911441,predictions
tabicl2,4,Colchicine,3,DTXSID5024845,0.37183178467440536,predictions
tabicl2,4,D-Mannitol,3,DTXSID1023235,1.0104434351361125,predictions
tabicl2,4,DDT,3,parent:DTXSID4020375,1.4009906954078881,predictions
tabicl2,4,Deltamethrin,3,DTXSID8020381,1.455365154460551,predictions
tabicl2,4,Dexamethasone,3,DTXSID3020384,1.0649315117444833,predictions
tabicl2,4,"Dibenz[a,c]anthracene",3,DTXSID9049245,0.9574231462850816,predictions
tabicl2,4,Dicrotophos,3,DTXSID9023914,0.887560317806007,predictions
tabicl2,4,Emamectin benzoate,3,DTXSID0034566,1.4425297563475126,predictions
tabicl2,4,Es-fenvalerate,3,DTXSID4032667,1.1148782559839407,predictions
tabicl2,4,Esketamine hydrochloride,3,DTXSID601027734,1.1142930873538102,predictions
tabicl2,4,Etofenprox,3,DTXSID9032610,0.8629163870302803,predictions
tabicl2,4,Fenpropathrin,3,DTXSID0024002,1.1443165022008182,predictions
tabicl2,4,Firemaster 550,3,DTXSID70880073,1.1158478634239137,predictions
tabicl2,4,Folic acid,3,DTXSID0022519,1.2623420718186593,predictions
tabicl2,4,Haloperidol,3,DTXSID4034150,1.205632423683116,predictions
tabicl2,4,Hexachlorophene,3,DTXSID6020690,1.4009028457202377,predictions
tabicl2,4,Lead(II) acetate trihydrate,3,DTXSID3031521,1.550324186723208,predictions
tabicl2,4,Malathion,3,DTXSID4020791,1.1619343667378157,predictions
tabicl2,4,Mancozeb,3,DTXSID0034695,0.7090594951046223,predictions
tabicl2,4,Manganese(II) acetate,3,parent:DTXSID5027279,0.7836443022646813,predictions
tabicl2,4,Naloxone hydrochloride dihydrate,3,DTXSID90199452,0.9301522282865085,predictions
tabicl2,4,Phenol,3,DTXSID5021124,0.9268378043032872,predictions
tabicl2,4,Phorate,3,DTXSID4032459,1.3484055299449889,predictions
tabicl2,4,Piperonyl butoxide,3,DTXSID1021166,1.4134731165319754,predictions
tabicl2,4,Profenofos,3,DTXSID3032464,1.2966550946412632,predictions
tabicl2,4,Pyrene,3,DTXSID3024289,0.6696824602210997,predictions
tabicl2,4,S-Bioallethrin,3,parent:DTXSID2039336,1.0781379612349258,predictions
tabicl2,4,Simvastatin,3,DTXSID0023581,1.6650487160086265,predictions
tabicl2,4,Sodium fluoride,3,DTXSID2020630,0.8688340753165082,predictions
tabicl2,4,Spiroxamine,3,DTXSID1034212,1.467344928748248,predictions
tabicl2,4,Tamoxifen,3,DTXSID1034187,1.2878345933784663,predictions
tabicl2,4,Tefluthrin,3,DTXSID5032577,1.0797014544413504,predictions
tabicl2,4,Tetracycline,3,DTXSID7023645,0.9683688520207706,predictions
tabicl2,4,Thiamethoxam,3,DTXSID2034962,1.0201068490985092,predictions
tabicl2,4,Tributyltin chloride,3,parent:DTXSID3027403,0.9192169761327385,predictions
tabicl2,4,Triphenyl phosphates isopropylated,3,DTXSID4028880,1.5313122615895802,predictions
tabicl2,4,(-)-Nicotine,4,DTXSID1020930,1.2708099576936636,predictions
tabicl2,4,17beta-Estradiol,4,DTXSID0020573,0.698759842459775,predictions
tabicl2,4,"2,2-Bis(4-hydroxyphenyl)-1,1,1-trichloroethane",4,DTXSID8022325,1.178721726283842,predictions
tabicl2,4,"4,4'-Sulfonyldiphenol",4,DTXSID3022409,1.1051628503894664,predictions
tabicl2,4,6-aminopyridine-3-carboxamide,4,DTXSID5051446,1.3622054078145194,predictions
tabicl2,4,Acetamiprid,4,DTXSID0034300,1.3959909258220873,predictions
tabicl2,4,Atrazine,4,DTXSID9020112,0.7555960361575489,predictions
tabicl2,4,Bensulide,4,DTXSID9032329,1.5099742938731024,predictions
tabicl2,4,CP-409092,4,DTXSID2047276,1.0609086647326076,predictions
tabicl2,4,Captopril,4,DTXSID1037197,1.2228249971112815,predictions
tabicl2,4,Chlorethoxyfos,4,DTXSID2032344,1.0897269475222593,predictions
tabicl2,4,Chlorpyrifos oxon,4,DTXSID1038666,1.298205868434663,predictions
tabicl2,4,Chrysene,4,DTXSID0022432,0.7521958297833852,predictions
tabicl2,4,Clove leaf oil,4,DTXSID8044175,1.2629758365493293,predictions
tabicl2,4,Cotinine,4,DTXSID1047576,0.7910314246404416,predictions
tabicl2,4,Coumaphos,4,DTXSID2020347,1.4868210949270193,predictions
tabicl2,4,Cypermethrin,4,DTXSID1023998,1.125298255538417,predictions
tabicl2,4,D-Glucitol,4,DTXSID5023588,1.0982366895062519,predictions
tabicl2,4,Dextroamphetamine sulfate,4,DTXSID2057865,0.8139269145419045,predictions
tabicl2,4,Di(2-ethylhexyl) phthalate,4,DTXSID5020607,1.4106736496146723,predictions
tabicl2,4,Diazinon,4,DTXSID9020407,1.386396588226551,predictions
tabicl2,4,Dieldrin,4,DTXSID9020453,2.1843878581980802,predictions
tabicl2,4,Diphenhydramine hydrochloride,4,DTXSID4020537,1.0324919862369897,predictions
tabicl2,4,Fosthiazate,4,DTXSID0034930,0.900063062953852,predictions
tabicl2,4,Heptachlor epoxide B,4,DTXSID1024126,1.7096828124681132,predictions
tabicl2,4,Imidacloprid,4,DTXSID5032442,1.3965308027841863,predictions
tabicl2,4,Isodecyl diphenyl phosphate,4,DTXSID3025465,0.9161619043559093,predictions
tabicl2,4,Kepone,4,DTXSID1020770,1.1858289326610147,predictions
tabicl2,4,Methimazole,4,DTXSID4020820,1.1847325090016891,predictions
tabicl2,4,Molinate,4,DTXSID6024206,0.8907302871852012,predictions
tabicl2,4,Octylbicycloheptenedicarboximide,4,DTXSID6032562,1.027753411897145,predictions
tabicl2,4,Paraquat dichloride,4,DTXSID7024243,1.9997988752992288,predictions
tabicl2,4,Perfluoroundecanoic acid,4,DTXSID8047553,0.8938948698481873,predictions
tabicl2,4,Phenobarbital,4,parent:DTXSID0021123,0.9415127731272024,predictions
tabicl2,4,Phenylmercuric acetate,4,DTXSID7021150,0.8670657576192268,predictions
tabicl2,4,Phosmet,4,DTXSID5024261,1.0364700951308656,predictions
tabicl2,4,Picoxystrobin,4,DTXSID9047542,0.8465139888210456,predictions
tabicl2,4,Resmethrin,4,DTXSID7022253,0.9487745631385358,predictions
tabicl2,4,Retinoic acid,4,DTXSID7021239,1.367211405482148,predictions
tabicl2,4,Rotenone,4,DTXSID6021248,0.9609760156775338,predictions
tabicl2,4,Sodium orthovanadate,4,DTXSID2037269,1.2033837125431242,predictions
tabicl2,4,Tebupirimfos,4,DTXSID1032482,1.87367427151014,predictions
tabicl2,4,Triphenyl phosphate,4,DTXSID1021952,0.7594141422441245,predictions
tabicl2,4,Triphenyl phosphite,4,DTXSID0026252,0.8602214487726634,predictions
tabicl2,4,Tris(2-chloroisopropyl)phosphate,4,DTXSID5026259,0.7623728357035147,predictions
tabicl2,4,Valinomycin,4,DTXSID9041150,1.7910213647498694,predictions
tabicl2,4,tert-Butylphenyl diphenyl phosphate,4,DTXSID6024701,1.4047105996140719,predictions
tabpfn2,1,(Methylcyclopentadienyl)tricarbonylmanganese,1,DTXSID9027738,1.0266139928969154,predictions
tabpfn2,1,"1,2-Propylene glycol",1,DTXSID0021206,1.7277058439714312,predictions
tabpfn2,1,5-Chloro-2-methyl-3(2H)-isothiazolone,1,DTXSID9034286,1.758874793541666,predictions
tabpfn2,1,5-Fluorouracil,1,DTXSID2020634,2.244218363798195,predictions
tabpfn2,1,Acephate,1,DTXSID8023846,1.4187721013373942,predictions
tabpfn2,1,Acetaminophen,1,DTXSID2020006,0.6582433833055479,predictions
tabpfn2,1,Aspirin,1,DTXSID5020108,1.0331582898438232,predictions
tabpfn2,1,Auramine hydrochloride,1,DTXSID9020114,1.4039599808510532,predictions
tabpfn2,1,Benzo[k]fluoranthene,1,DTXSID0023909,1.1179176789506193,predictions
tabpfn2,1,Berberine chloride,1,DTXSID8024602,1.593553817497892,predictions
tabpfn2,1,Bifenthrin,1,DTXSID9020160,1.8835293019734909,predictions
tabpfn2,1,Bis(tributyltin)oxide,1,parent:DTXSID3027403,2.9679077178003284,predictions
tabpfn2,1,Bisindolylmaleimide I,1,DTXSID50157932,1.4120212488778787,predictions
tabpfn2,1,Bisphenol A,1,DTXSID7020182,1.1079362849986032,predictions
tabpfn2,1,Busulfan,1,DTXSID3020910,0.9615244961915707,predictions
tabpfn2,1,Caffeine,1,DTXSID0020232,1.349562439306481,predictions
tabpfn2,1,Chlordiazepoxide hydrochloride,1,DTXSID40880060,1.714511655830298,predictions
tabpfn2,1,Cyclophosphamide monohydrate,1,DTXSID6024888,1.1764341669332712,predictions
tabpfn2,1,Cymoxanil,1,DTXSID6032358,0.6509670671475005,predictions
tabpfn2,1,Diazepam,1,DTXSID4020406,1.6497977979838807,predictions
tabpfn2,1,Diazoxon,1,DTXSID5037523,1.2710638820804971,predictions
tabpfn2,1,Diethylene glycol,1,DTXSID8020462,1.024205234393078,predictions
tabpfn2,1,Diethylstilbestrol,1,DTXSID3020465,1.4664389549448777,predictions
tabpfn2,1,Difpas-pyrazole,1,DTXSID6048175,1.3634602687934272,predictions
tabpfn2,1,Dimethoate,1,DTXSID7020479,1.2108234818096368,predictions
tabpfn2,1,Endosulfan,1,DTXSID1020560,2.224763172806028,predictions
tabpfn2,1,Endrin,1,DTXSID6020561,1.5932253710767363,predictions
tabpfn2,1,Fenitrothion,1,DTXSID4032613,0.8121467848135184,predictions
tabpfn2,1,Loperamide,1,DTXSID00880006,1.869025473896031,predictions
tabpfn2,1,Malaoxon,1,DTXSID9020790,1.340480577988942,predictions
tabpfn2,1,Methoxychlor,1,DTXSID9020827,1.4111834656562667,predictions
tabpfn2,1,Naled,1,DTXSID1024209,1.7601346427544158,predictions
tabpfn2,1,Oxidopamine hydrochloride,1,DTXSID0045838,1.3514039159156659,predictions
tabpfn2,1,Permethrin,1,DTXSID8022292,1.4899043297784815,predictions
tabpfn2,1,PharmaGSID_47330,1,DTXSID9047330,1.1975988993073572,predictions
tabpfn2,1,Phenanthrene,1,DTXSID6024254,0.7792945161238368,predictions
tabpfn2,1,Pravastatin sodium,1,DTXSID6047525,1.981703537781295,predictions
tabpfn2,1,S-Ethyl dipropylthiocarbamate,1,DTXSID1024091,1.0291296411930755,predictions
tabpfn2,1,Sodium saccharin hydrate,1,DTXSID7021992,1.6503182105509873,predictions
tabpfn2,1,Sodium valproate,1,DTXSID5037072,1.74812280330681,predictions
tabpfn2,1,Terbufos,1,DTXSID2022254,1.4381223182728569,predictions
tabpfn2,1,Thalidomide,1,DTXSID9022524,1.595216456464345,predictions
tabpfn2,1,Tributyltin methacrylate,1,parent:DTXSID3027403,1.4898215697179933,predictions
tabpfn2,1,Trimethyltin hydroxide,1,DTXSID9032240,2.4077767015061093,predictions
tabpfn2,1,"Tris(1,3-dichloro-2-propyl) phosphate",1,DTXSID9026261,1.2255341932755648,predictions
tabpfn2,1,Tris(2-chloroethyl) phosphate,1,DTXSID5021411,1.5752882183534447,predictions
tabpfn2,1,Z-Tetrachlorvinphos,1,DTXSID1032648,1.41014374613817,predictions
tabpfn2,1,"p,p'-DDD",1,DTXSID4020373,1.4945967275577368,predictions
tabpfn2,1,tert-Butylhydroquinone,1,DTXSID6020220,1.3059813850059254,predictions
tabpfn2,1,2-(m-Chlorophenoxy)propionic acid,2,DTXSID9034232,1.4685876186182871,predictions
tabpfn2,1,2-Ethylhexyl diphenyl phosphate,2,DTXSID1025300,1.2102340025163099,predictions
tabpfn2,1,"3,3',5,5'-Tetrabromobisphenol A",2,DTXSID1026081,0.9851237802752317,predictions
tabpfn2,1,Abamectin,2,DTXSID8023892,2.201267240009072,predictions
tabpfn2,1,Acenaphthylene,2,DTXSID3023845,0.7944135788336689,predictions
tabpfn2,1,Aldicarb,2,DTXSID0039223,1.351557016200236,predictions
tabpfn2,1,Amoxicillin,2,DTXSID3037044,1.1594737789458085,predictions
tabpfn2,1,Azoxystrobin,2,DTXSID0032520,1.6113003939655985,predictions
tabpfn2,1,Benzo[a]pyrene,2,DTXSID2020139,1.029072416119011,predictions
tabpfn2,1,Benzo[e]pyrene,2,DTXSID3023764,1.17405993455861,predictions
tabpfn2,1,Bis(2-ethylhexyl) tetrabromophthalate,2,DTXSID7027887,1.2803083180499255,predictions
tabpfn2,1,Bisphenol AF,2,DTXSID7037717,1.080726231247995,predictions
tabpfn2,1,Bisphenol B,2,DTXSID4022442,1.1906137643231347,predictions
tabpfn2,1,Cadmium(II) chloride hydrate (2:5),2,DTXSID4040183,2.0405317094847257,predictions
tabpfn2,1,Captan,2,DTXSID9020243,0.9546677197826676,predictions
tabpfn2,1,Carbamazepine,2,DTXSID4022731,1.2249363560693094,predictions
tabpfn2,1,Carbaryl,2,DTXSID9020247,2.4654324043999636,predictions
tabpfn2,1,Cariporide mesylate,2,DTXSID3047344,1.1437544539054898,predictions
tabpfn2,1,Chloramben,2,DTXSID2020262,0.8923137720197183,predictions
tabpfn2,1,Chlorpromazine hydrochloride,2,DTXSID7024827,1.6666803139935908,predictions
tabpfn2,1,Clothianidin,2,DTXSID2034465,1.0881767175527544,predictions
tabpfn2,1,Dichlorvos,2,DTXSID5020449,1.2168401773951865,predictions
tabpfn2,1,Eugenol,2,DTXSID9020617,1.2019786214846206,predictions
tabpfn2,1,Fipronil,2,DTXSID4034609,1.4276662695527922,predictions
tabpfn2,1,Fluorene,2,DTXSID8024105,0.7028698151151468,predictions
tabpfn2,1,Glycerol,2,DTXSID9020663,0.8456407951614351,predictions
tabpfn2,1,L-Ascorbic acid,2,DTXSID5020106,1.0846766467742373,predictions
tabpfn2,1,Lindane,2,DTXSID2020686,1.695243716409474,predictions
tabpfn2,1,Maneb,2,DTXSID9020794,1.2427367897629964,predictions
tabpfn2,1,Manganese dichloride,2,parent:DTXSID5027279,1.5445399297240499,predictions
tabpfn2,1,Mercuric chloride,2,DTXSID5020811,1.5908676876877057,predictions
tabpfn2,1,Methamidophos,2,DTXSID6024177,1.1444347089289377,predictions
tabpfn2,1,Methylmercuric(II) chloride,2,DTXSID5020813,2.318532194057046,predictions
tabpfn2,1,Mevastatin,2,DTXSID4040684,2.112396984413469,predictions
tabpfn2,1,Mirex,2,DTXSID7020895,2.286563866421029,predictions
tabpfn2,1,"Octachloro-4,7-methanotetrahydroindane",2,DTXSID7020267,1.3833459511079436,predictions
tabpfn2,1,Parathion,2,DTXSID7021100,0.9519431881717499,predictions
tabpfn2,1,Prallethrin,2,DTXSID0032572,1.2072592023311455,predictions
tabpfn2,1,Reserpine,2,DTXSID7021237,1.9605253629786343,predictions
tabpfn2,1,Sodium arsenite,2,DTXSID5020104,2.355566954329773,predictions
tabpfn2,1,Tebuconazole,2,DTXSID9032113,2.545630569161342,predictions
tabpfn2,1,Terbutaline hemisulfate,2,DTXSID3045437,1.2645011412772387,predictions
tabpfn2,1,Tetraethylthiuram disulfide,2,DTXSID1021322,1.5597233105136525,predictions
tabpfn2,1,Tetramethrin,2,DTXSID6032649,0.8789178410722398,predictions
tabpfn2,1,Tribufos,2,DTXSID1024174,1.5975045295105823,predictions
tabpfn2,1,Trichlorfon,2,DTXSID0021389,1.679150543868794,predictions
tabpfn2,1,Trifloxystrobin,2,DTXSID4032580,1.7315346206338973,predictions
tabpfn2,1,Tris(methylphenyl) phosphate,2,DTXSID4021391,0.9724868116312881,predictions
tabpfn2,1,"o,p'-DDT",2,parent:DTXSID4020375,2.0004642327523046,predictions
tabpfn2,1,1-Methyl-4-phenylpyridinium iodide,3,DTXSID40880040,1.143815280112328,predictions
tabpfn2,1,"2-Ethylhexyl 2,3,4,5-tetrabromobenzoate",3,DTXSID9052686,1.599273530025512,predictions
tabpfn2,1,3-Iodo-2-propynyl-N-butylcarbamate,3,DTXSID0028038,1.3018736832415307,predictions
tabpfn2,1,"5,5-Diphenylhydantoin",3,DTXSID8020541,1.0325775959003827,predictions
tabpfn2,1,6-Methyl-2-thiouracil,3,DTXSID2020890,1.1652535236322366,predictions
tabpfn2,1,Acenaphthene,3,DTXSID3021774,0.9173147499018521,predictions
tabpfn2,1,Allethrin,3,parent:DTXSID2039336,1.1114443125123747,predictions
tabpfn2,1,Anthracene,3,DTXSID0023878,0.9034367925424593,predictions
tabpfn2,1,Benzo(b)fluoranthene,3,DTXSID0023907,1.0873695645273014,predictions
tabpfn2,1,Carbofuran,3,DTXSID9020249,0.8952093477142589,predictions
tabpfn2,1,Chlorendic acid,3,DTXSID2020268,1.178792520415231,predictions
tabpfn2,1,Clodinafop-propargyl,3,DTXSID6032354,0.9684221726543207,predictions
tabpfn2,1,Cocaine,3,DTXSID2038443,1.4347801840230954,predictions
tabpfn2,1,Colchicine,3,DTXSID5024845,2.2135319933201885,predictions
tabpfn2,1,D-Mannitol,3,DTXSID1023235,1.1227153040517037,predictions
tabpfn2,1,DDT,3,parent:DTXSID4020375,1.3885732716768118,predictions
tabpfn2,1,Deltamethrin,3,DTXSID8020381,1.7530237277076317,predictions
tabpfn2,1,Dexamethasone,3,DTXSID3020384,1.427750008348585,predictions
tabpfn2,1,"Dibenz[a,c]anthracene",3,DTXSID9049245,1.1543008776882242,predictions
tabpfn2,1,Dicrotophos,3,DTXSID9023914,1.13789008051095,predictions
tabpfn2,1,Emamectin benzoate,3,DTXSID0034566,2.0838135946981597,predictions
tabpfn2,1,Es-fenvalerate,3,DTXSID4032667,1.4491475488480472,predictions
tabpfn2,1,Esketamine hydrochloride,3,DTXSID601027734,1.3918958184033197,predictions
tabpfn2,1,Etofenprox,3,DTXSID9032610,1.0807484167905226,predictions
tabpfn2,1,Fenpropathrin,3,DTXSID0024002,1.5100957962712758,predictions
tabpfn2,1,Firemaster 550,3,DTXSID70880073,1.1981528378267015,predictions
tabpfn2,1,Folic acid,3,DTXSID0022519,1.1956933419882032,predictions
tabpfn2,1,Haloperidol,3,DTXSID4034150,1.9427778664966837,predictions
tabpfn2,1,Hexachlorophene,3,DTXSID6020690,2.147276249268765,predictions
tabpfn2,1,Lead(II) acetate trihydrate,3,DTXSID3031521,1.6823162098972049,predictions
tabpfn2,1,Malathion,3,DTXSID4020791,1.2808210969517502,predictions
tabpfn2,1,Mancozeb,3,DTXSID0034695,0.8297876633370986,predictions
tabpfn2,1,Manganese(II) acetate,3,parent:DTXSID5027279,0.8743992043094739,predictions
tabpfn2,1,Naloxone hydrochloride dihydrate,3,DTXSID90199452,1.308610796533252,predictions
tabpfn2,1,Phenol,3,DTXSID5021124,1.4466088035267752,predictions
tabpfn2,1,Phorate,3,DTXSID4032459,1.2686655524162107,predictions
tabpfn2,1,Piperonyl butoxide,3,DTXSID1021166,1.373767810289246,predictions
tabpfn2,1,Profenofos,3,DTXSID3032464,1.3870613833800256,predictions
tabpfn2,1,Pyrene,3,DTXSID3024289,0.8221347746248735,predictions
tabpfn2,1,S-Bioallethrin,3,parent:DTXSID2039336,1.020558869445729,predictions
tabpfn2,1,Simvastatin,3,DTXSID0023581,2.0130434136342785,predictions
tabpfn2,1,Sodium fluoride,3,DTXSID2020630,1.1444642538112195,predictions
tabpfn2,1,Spiroxamine,3,DTXSID1034212,1.8578605765390077,predictions
tabpfn2,1,Tamoxifen,3,DTXSID1034187,1.707936367295325,predictions
tabpfn2,1,Tefluthrin,3,DTXSID5032577,1.3619762942190576,predictions
tabpfn2,1,Tetracycline,3,DTXSID7023645,1.060034050434327,predictions
tabpfn2,1,Thiamethoxam,3,DTXSID2034962,0.9985517471253693,predictions
tabpfn2,1,Tributyltin chloride,3,parent:DTXSID3027403,1.4293431056405332,predictions
tabpfn2,1,Triphenyl phosphates isopropylated,3,DTXSID4028880,1.4067513074235851,predictions
tabpfn2,1,(-)-Nicotine,4,DTXSID1020930,1.638729878133183,predictions
tabpfn2,1,17beta-Estradiol,4,DTXSID0020573,0.9394985122702788,predictions
tabpfn2,1,"2,2-Bis(4-hydroxyphenyl)-1,1,1-trichloroethane",4,DTXSID8022325,1.2625235164925106,predictions
tabpfn2,1,"4,4'-Sulfonyldiphenol",4,DTXSID3022409,1.2901089049187047,predictions
tabpfn2,1,6-aminopyridine-3-carboxamide,4,DTXSID5051446,2.1620894357514757,predictions
tabpfn2,1,Acetamiprid,4,DTXSID0034300,1.2982971429775962,predictions
tabpfn2,1,Atrazine,4,DTXSID9020112,0.8451586029205609,predictions
tabpfn2,1,Bensulide,4,DTXSID9032329,1.4809610221825467,predictions
tabpfn2,1,CP-409092,4,DTXSID2047276,1.1746756347440899,predictions
tabpfn2,1,Captopril,4,DTXSID1037197,1.4944134846411234,predictions
tabpfn2,1,Chlorethoxyfos,4,DTXSID2032344,1.4599095858423523,predictions
tabpfn2,1,Chlorpyrifos oxon,4,DTXSID1038666,1.3018137855642402,predictions
tabpfn2,1,Chrysene,4,DTXSID0022432,1.0824839820912076,predictions
tabpfn2,1,Clove leaf oil,4,DTXSID8044175,1.6855355895132653,predictions
tabpfn2,1,Cotinine,4,DTXSID1047576,0.8272299196942322,predictions
tabpfn2,1,Coumaphos,4,DTXSID2020347,1.304539695243191,predictions
tabpfn2,1,Cypermethrin,4,DTXSID1023998,1.6043576624232927,predictions
tabpfn2,1,D-Glucitol,4,DTXSID5023588,1.1815185508693342,predictions
tabpfn2,1,Dextroamphetamine sulfate,4,DTXSID2057865,1.0001332207378946,predictions
tabpfn2,1,Di(2-ethylhexyl) phthalate,4,DTXSID5020607,1.4153057911561548,predictions
tabpfn2,1,Diazinon,4,DTXSID9020407,1.6102888112862388,predictions
tabpfn2,1,Dieldrin,4,DTXSID9020453,2.2191451950136747,predictions
tabpfn2,1,Diphenhydramine hydrochloride,4,DTXSID4020537,1.3612699665842238,predictions
tabpfn2,1,Fosthiazate,4,DTXSID0034930,1.0791446724655294,predictions
tabpfn2,1,Heptachlor epoxide B,4,DTXSID1024126,1.71549374235457,predictions
tabpfn2,1,Imidacloprid,4,DTXSID5032442,1.3711396552921606,predictions
tabpfn2,1,Isodecyl diphenyl phosphate,4,DTXSID3025465,0.8917855346635524,predictions
tabpfn2,1,Kepone,4,DTXSID1020770,1.8854104727199534,predictions
tabpfn2,1,Methimazole,4,DTXSID4020820,1.2281616546234262,predictions
tabpfn2,1,Molinate,4,DTXSID6024206,0.9843936120130822,predictions
tabpfn2,1,Octylbicycloheptenedicarboximide,4,DTXSID6032562,1.0951126014753465,predictions
tabpfn2,1,Paraquat dichloride,4,DTXSID7024243,2.4728205253928106,predictions
tabpfn2,1,Perfluoroundecanoic acid,4,DTXSID8047553,0.987860782712527,predictions
tabpfn2,1,Phenobarbital,4,parent:DTXSID0021123,1.1353509249261278,predictions
tabpfn2,1,Phenylmercuric acetate,4,DTXSID7021150,1.3309518936852083,predictions
tabpfn2,1,Phosmet,4,DTXSID5024261,1.3790415905899025,predictions
tabpfn2,1,Picoxystrobin,4,DTXSID9047542,1.3059522783520159,predictions
tabpfn2,1,Resmethrin,4,DTXSID7022253,0.9427447465079378,predictions
tabpfn2,1,Retinoic acid,4,DTXSID7021239,1.6144296667968259,predictions
tabpfn2,1,Rotenone,4,DTXSID6021248,1.432614274085253,predictions
tabpfn2,1,Sodium orthovanadate,4,DTXSID2037269,1.3048192369879021,predictions
tabpfn2,1,Tebupirimfos,4,DTXSID1032482,1.4519468048296609,predictions
tabpfn2,1,Triphenyl phosphate,4,DTXSID1021952,0.9814948148214698,predictions
tabpfn2,1,Triphenyl phosphite,4,DTXSID0026252,1.0374692579585263,predictions
tabpfn2,1,Tris(2-chloroisopropyl)phosphate,4,DTXSID5026259,1.025960085177702,predictions
tabpfn2,1,Valinomycin,4,DTXSID9041150,3.2610849260244406,predictions
tabpfn2,1,tert-Butylphenyl diphenyl phosphate,4,DTXSID6024701,1.4241682053351372,predictions
tabpfn2,2,(Methylcyclopentadienyl)tricarbonylmanganese,1,DTXSID9027738,1.0142439660058407,predictions
tabpfn2,2,"1,2-Propylene glycol",1,DTXSID0021206,1.5891547343602395,predictions
tabpfn2,2,5-Chloro-2-methyl-3(2H)-isothiazolone,1,DTXSID9034286,1.6833480374527159,predictions
tabpfn2,2,5-Fluorouracil,1,DTXSID2020634,1.9174594499564617,predictions
tabpfn2,2,Acephate,1,DTXSID8023846,1.335007989633158,predictions
tabpfn2,2,Acetaminophen,1,DTXSID2020006,0.4993255885469873,predictions
tabpfn2,2,Aspirin,1,DTXSID5020108,0.8677680280054523,predictions
tabpfn2,2,Auramine hydrochloride,1,DTXSID9020114,1.6152460247143146,predictions
tabpfn2,2,Benzo[k]fluoranthene,1,DTXSID0023909,0.9541512278536729,predictions
tabpfn2,2,Berberine chloride,1,DTXSID8024602,1.0349117212332206,predictions
tabpfn2,2,Bifenthrin,1,DTXSID9020160,1.356192107929966,predictions
tabpfn2,2,Bis(tributyltin)oxide,1,parent:DTXSID3027403,2.059856271496481,predictions
tabpfn2,2,Bisindolylmaleimide I,1,DTXSID50157932,1.3047038171211396,predictions
tabpfn2,2,Bisphenol A,1,DTXSID7020182,1.021965412515722,predictions
tabpfn2,2,Busulfan,1,DTXSID3020910,0.9566409692973334,predictions
tabpfn2,2,Caffeine,1,DTXSID0020232,1.140946412727191,predictions
tabpfn2,2,Chlordiazepoxide hydrochloride,1,DTXSID40880060,1.6255481795508555,predictions
tabpfn2,2,Cyclophosphamide monohydrate,1,DTXSID6024888,1.159422993062957,predictions
tabpfn2,2,Cymoxanil,1,DTXSID6032358,0.5624654691250048,predictions
tabpfn2,2,Diazepam,1,DTXSID4020406,1.4358162242355312,predictions
tabpfn2,2,Diazoxon,1,DTXSID5037523,1.28878269501759,predictions
tabpfn2,2,Diethylene glycol,1,DTXSID8020462,0.9606954416642619,predictions
tabpfn2,2,Diethylstilbestrol,1,DTXSID3020465,1.1459350748402393,predictions
tabpfn2,2,Difpas-pyrazole,1,DTXSID6048175,1.370590672435959,predictions
tabpfn2,2,Dimethoate,1,DTXSID7020479,0.9979319458609595,predictions
tabpfn2,2,Endosulfan,1,DTXSID1020560,2.2397840550917576,predictions
tabpfn2,2,Endrin,1,DTXSID6020561,1.4106806152813858,predictions
tabpfn2,2,Fenitrothion,1,DTXSID4032613,0.7393866529536537,predictions
tabpfn2,2,Loperamide,1,DTXSID00880006,1.9029795816336381,predictions
tabpfn2,2,Malaoxon,1,DTXSID9020790,1.1017009016240125,predictions
tabpfn2,2,Methoxychlor,1,DTXSID9020827,1.367322930874527,predictions
tabpfn2,2,Naled,1,DTXSID1024209,1.4211268702395141,predictions
tabpfn2,2,Oxidopamine hydrochloride,1,DTXSID0045838,1.409435529924511,predictions
tabpfn2,2,Permethrin,1,DTXSID8022292,1.65433982344766,predictions
tabpfn2,2,PharmaGSID_47330,1,DTXSID9047330,1.1820890027520776,predictions
tabpfn2,2,Phenanthrene,1,DTXSID6024254,0.6502466537806646,predictions
tabpfn2,2,Pravastatin sodium,1,DTXSID6047525,2.0136220812206114,predictions
tabpfn2,2,S-Ethyl dipropylthiocarbamate,1,DTXSID1024091,0.7857091814004884,predictions
tabpfn2,2,Sodium saccharin hydrate,1,DTXSID7021992,1.1056452682378695,predictions
tabpfn2,2,Sodium valproate,1,DTXSID5037072,1.4308847769315203,predictions
tabpfn2,2,Terbufos,1,DTXSID2022254,1.2122795147969927,predictions
tabpfn2,2,Thalidomide,1,DTXSID9022524,1.511196467440463,predictions
tabpfn2,2,Tributyltin methacrylate,1,parent:DTXSID3027403,1.3076044781243652,predictions
tabpfn2,2,Trimethyltin hydroxide,1,DTXSID9032240,2.1916619152667622,predictions
tabpfn2,2,"Tris(1,3-dichloro-2-propyl) phosphate",1,DTXSID9026261,1.1024983257614198,predictions
tabpfn2,2,Tris(2-chloroethyl) phosphate,1,DTXSID5021411,1.401812374666812,predictions
tabpfn2,2,Z-Tetrachlorvinphos,1,DTXSID1032648,1.485281096400687,predictions
tabpfn2,2,"p,p'-DDD",1,DTXSID4020373,1.2806915555852985,predictions
tabpfn2,2,tert-Butylhydroquinone,1,DTXSID6020220,1.2200151807911925,predictions
tabpfn2,2,2-(m-Chlorophenoxy)propionic acid,2,DTXSID9034232,1.3080236412780755,predictions
tabpfn2,2,2-Ethylhexyl diphenyl phosphate,2,DTXSID1025300,1.0863567319769556,predictions
tabpfn2,2,"3,3',5,5'-Tetrabromobisphenol A",2,DTXSID1026081,1.0252749944249833,predictions
tabpfn2,2,Abamectin,2,DTXSID8023892,1.2759806749141238,predictions
tabpfn2,2,Acenaphthylene,2,DTXSID3023845,0.5877755850117177,predictions
tabpfn2,2,Aldicarb,2,DTXSID0039223,1.1264866495129033,predictions
tabpfn2,2,Amoxicillin,2,DTXSID3037044,1.034687655883117,predictions
tabpfn2,2,Azoxystrobin,2,DTXSID0032520,1.1941265473712952,predictions
tabpfn2,2,Benzo[a]pyrene,2,DTXSID2020139,0.9496176554313852,predictions
tabpfn2,2,Benzo[e]pyrene,2,DTXSID3023764,1.2148764544644812,predictions
tabpfn2,2,Bis(2-ethylhexyl) tetrabromophthalate,2,DTXSID7027887,1.3686280748772703,predictions
tabpfn2,2,Bisphenol AF,2,DTXSID7037717,1.0262911137623583,predictions
tabpfn2,2,Bisphenol B,2,DTXSID4022442,1.1968420542289173,predictions
tabpfn2,2,Cadmium(II) chloride hydrate (2:5),2,DTXSID4040183,2.5502309903564027,predictions
tabpfn2,2,Captan,2,DTXSID9020243,0.9109063760062895,predictions
tabpfn2,2,Carbamazepine,2,DTXSID4022731,0.9763537336290884,predictions
tabpfn2,2,Carbaryl,2,DTXSID9020247,2.5370117764542615,predictions
tabpfn2,2,Cariporide mesylate,2,DTXSID3047344,1.1812163975615135,predictions
tabpfn2,2,Chloramben,2,DTXSID2020262,0.8515908465868737,predictions
tabpfn2,2,Chlorpromazine hydrochloride,2,DTXSID7024827,1.758375274685975,predictions
tabpfn2,2,Clothianidin,2,DTXSID2034465,0.7471805803228166,predictions
tabpfn2,2,Dichlorvos,2,DTXSID5020449,1.2487982917438645,predictions
tabpfn2,2,Eugenol,2,DTXSID9020617,1.11064940069792,predictions
tabpfn2,2,Fipronil,2,DTXSID4034609,1.301465521802013,predictions
tabpfn2,2,Fluorene,2,DTXSID8024105,0.5627020766852715,predictions
tabpfn2,2,Glycerol,2,DTXSID9020663,0.7913669551666829,predictions
tabpfn2,2,L-Ascorbic acid,2,DTXSID5020106,1.2122052245566866,predictions
tabpfn2,2,Lindane,2,DTXSID2020686,1.4977965430349485,predictions
tabpfn2,2,Maneb,2,DTXSID9020794,0.9146594229119908,predictions
tabpfn2,2,Manganese dichloride,2,parent:DTXSID5027279,1.299782835475289,predictions
tabpfn2,2,Mercuric chloride,2,DTXSID5020811,1.5803235614128668,predictions
tabpfn2,2,Methamidophos,2,DTXSID6024177,0.9806349916067314,predictions
tabpfn2,2,Methylmercuric(II) chloride,2,DTXSID5020813,1.550338722482545,predictions
tabpfn2,2,Mevastatin,2,DTXSID4040684,1.5600900858221955,predictions
tabpfn2,2,Mirex,2,DTXSID7020895,2.328785094161506,predictions
tabpfn2,2,"Octachloro-4,7-methanotetrahydroindane",2,DTXSID7020267,1.6614838895454127,predictions
tabpfn2,2,Parathion,2,DTXSID7021100,0.8431484068802574,predictions
tabpfn2,2,Prallethrin,2,DTXSID0032572,0.9754138013676663,predictions
tabpfn2,2,Reserpine,2,DTXSID7021237,1.724422568309229,predictions
tabpfn2,2,Sodium arsenite,2,DTXSID5020104,2.300768799788716,predictions
tabpfn2,2,Tebuconazole,2,DTXSID9032113,2.1463084746265033,predictions
tabpfn2,2,Terbutaline hemisulfate,2,DTXSID3045437,1.1607855977620434,predictions
tabpfn2,2,Tetraethylthiuram disulfide,2,DTXSID1021322,1.3183442545776984,predictions
tabpfn2,2,Tetramethrin,2,DTXSID6032649,0.9462020322149728,predictions
tabpfn2,2,Tribufos,2,DTXSID1024174,1.6001309274038775,predictions
tabpfn2,2,Trichlorfon,2,DTXSID0021389,1.742907153518069,predictions
tabpfn2,2,Trifloxystrobin,2,DTXSID4032580,1.3744714863072054,predictions
tabpfn2,2,Tris(methylphenyl) phosphate,2,DTXSID4021391,0.9465785177416486,predictions
tabpfn2,2,"o,p'-DDT",2,parent:DTXSID4020375,1.6601466000561007,predictions
tabpfn2,2,1-Methyl-4-phenylpyridinium iodide,3,DTXSID40880040,1.0766988248184668,predictions
tabpfn2,2,"2-Ethylhexyl 2,3,4,5-tetrabromobenzoate",3,DTXSID9052686,1.623101624097713,predictions
tabpfn2,2,3-Iodo-2-propynyl-N-butylcarbamate,3,DTXSID0028038,0.97729470213963,predictions
tabpfn2,2,"5,5-Diphenylhydantoin",3,DTXSID8020541,0.9049288290913438,predictions
tabpfn2,2,6-Methyl-2-thiouracil,3,DTXSID2020890,1.1461776655375226,predictions
tabpfn2,2,Acenaphthene,3,DTXSID3021774,0.8249399034243116,predictions
tabpfn2,2,Allethrin,3,parent:DTXSID2039336,1.0418524157751867,predictions
tabpfn2,2,Anthracene,3,DTXSID0023878,0.792683857643548,predictions
tabpfn2,2,Benzo(b)fluoranthene,3,DTXSID0023907,0.9035317954702121,predictions
tabpfn2,2,Carbofuran,3,DTXSID9020249,0.8335100233891828,predictions
tabpfn2,2,Chlorendic acid,3,DTXSID2020268,0.9778761129113651,predictions
tabpfn2,2,Clodinafop-propargyl,3,DTXSID6032354,0.7394142691350811,predictions
tabpfn2,2,Cocaine,3,DTXSID2038443,0.9727095657286415,predictions
tabpfn2,2,Colchicine,3,DTXSID5024845,1.7436638991299585,predictions
tabpfn2,2,D-Mannitol,3,DTXSID1023235,1.1732097902498313,predictions
tabpfn2,2,DDT,3,parent:DTXSID4020375,1.9149973498359423,predictions
tabpfn2,2,Deltamethrin,3,DTXSID8020381,1.4866661844690545,predictions
tabpfn2,2,Dexamethasone,3,DTXSID3020384,1.13052061432318,predictions
tabpfn2,2,"Dibenz[a,c]anthracene",3,DTXSID9049245,1.0033687576627912,predictions
tabpfn2,2,Dicrotophos,3,DTXSID9023914,1.0333753613777115,predictions
tabpfn2,2,Emamectin benzoate,3,DTXSID0034566,2.0188166199834625,predictions
tabpfn2,2,Es-fenvalerate,3,DTXSID4032667,1.3504023550390547,predictions
tabpfn2,2,Esketamine hydrochloride,3,DTXSID601027734,1.2222266176077539,predictions
tabpfn2,2,Etofenprox,3,DTXSID9032610,1.083474893312546,predictions
tabpfn2,2,Fenpropathrin,3,DTXSID0024002,1.255878616435306,predictions
tabpfn2,2,Firemaster 550,3,DTXSID70880073,1.1518272835339631,predictions
tabpfn2,2,Folic acid,3,DTXSID0022519,1.24210833784345,predictions
tabpfn2,2,Haloperidol,3,DTXSID4034150,1.3907476384605144,predictions
tabpfn2,2,Hexachlorophene,3,DTXSID6020690,1.8969725412304612,predictions
tabpfn2,2,Lead(II) acetate trihydrate,3,DTXSID3031521,1.7467622584968197,predictions
tabpfn2,2,Malathion,3,DTXSID4020791,1.2816751270872802,predictions
tabpfn2,2,Mancozeb,3,DTXSID0034695,0.7390248412946585,predictions
tabpfn2,2,Manganese(II) acetate,3,parent:DTXSID5027279,0.8078648286735162,predictions
tabpfn2,2,Naloxone hydrochloride dihydrate,3,DTXSID90199452,0.9938619646956186,predictions
tabpfn2,2,Phenol,3,DTXSID5021124,1.078395385993948,predictions
tabpfn2,2,Phorate,3,DTXSID4032459,1.1940094120112383,predictions
tabpfn2,2,Piperonyl butoxide,3,DTXSID1021166,1.276348637166373,predictions
tabpfn2,2,Profenofos,3,DTXSID3032464,1.302899656542746,predictions
tabpfn2,2,Pyrene,3,DTXSID3024289,0.682988645428834,predictions
tabpfn2,2,S-Bioallethrin,3,parent:DTXSID2039336,1.0467256349027774,predictions
tabpfn2,2,Simvastatin,3,DTXSID0023581,2.0571466160021554,predictions
tabpfn2,2,Sodium fluoride,3,DTXSID2020630,0.8734185776890809,predictions
tabpfn2,2,Spiroxamine,3,DTXSID1034212,1.5751799270218112,predictions
tabpfn2,2,Tamoxifen,3,DTXSID1034187,1.5636753268497696,predictions
tabpfn2,2,Tefluthrin,3,DTXSID5032577,1.3372878115557938,predictions
tabpfn2,2,Tetracycline,3,DTXSID7023645,0.8591802010807429,predictions
tabpfn2,2,Thiamethoxam,3,DTXSID2034962,0.8597555252124032,predictions
tabpfn2,2,Tributyltin chloride,3,parent:DTXSID3027403,1.4338417662646057,predictions
tabpfn2,2,Triphenyl phosphates isopropylated,3,DTXSID4028880,1.3726583059213844,predictions
tabpfn2,2,(-)-Nicotine,4,DTXSID1020930,1.3338743658475676,predictions
tabpfn2,2,17beta-Estradiol,4,DTXSID0020573,0.7422160770337978,predictions
tabpfn2,2,"2,2-Bis(4-hydroxyphenyl)-1,1,1-trichloroethane",4,DTXSID8022325,1.2011935086373902,predictions
tabpfn2,2,"4,4'-Sulfonyldiphenol",4,DTXSID3022409,1.3497734049702177,predictions
tabpfn2,2,6-aminopyridine-3-carboxamide,4,DTXSID5051446,1.9792297576691673,predictions
tabpfn2,2,Acetamiprid,4,DTXSID0034300,1.316350096691616,predictions
tabpfn2,2,Atrazine,4,DTXSID9020112,0.7687142103297624,predictions
tabpfn2,2,Bensulide,4,DTXSID9032329,1.6034133674310258,predictions
tabpfn2,2,CP-409092,4,DTXSID2047276,1.059619301662999,predictions
tabpfn2,2,Captopril,4,DTXSID1037197,1.31095101359374,predictions
tabpfn2,2,Chlorethoxyfos,4,DTXSID2032344,1.7528917475544314,predictions
tabpfn2,2,Chlorpyrifos oxon,4,DTXSID1038666,1.2877542827565254,predictions
tabpfn2,2,Chrysene,4,DTXSID0022432,0.7715542158597393,predictions
tabpfn2,2,Clove leaf oil,4,DTXSID8044175,1.2495536584575953,predictions
tabpfn2,2,Cotinine,4,DTXSID1047576,0.7565290419564505,predictions
tabpfn2,2,Coumaphos,4,DTXSID2020347,1.3212314201997077,predictions
tabpfn2,2,Cypermethrin,4,DTXSID1023998,1.2640786643262554,predictions
tabpfn2,2,D-Glucitol,4,DTXSID5023588,0.9785439601053701,predictions
tabpfn2,2,Dextroamphetamine sulfate,4,DTXSID2057865,0.9212352332646951,predictions
tabpfn2,2,Di(2-ethylhexyl) phthalate,4,DTXSID5020607,1.4444755399329483,predictions
tabpfn2,2,Diazinon,4,DTXSID9020407,1.6134793460409202,predictions
tabpfn2,2,Dieldrin,4,DTXSID9020453,1.767023728149906,predictions
tabpfn2,2,Diphenhydramine hydrochloride,4,DTXSID4020537,1.4939055375764958,predictions
tabpfn2,2,Fosthiazate,4,DTXSID0034930,1.0255922468372352,predictions
tabpfn2,2,Heptachlor epoxide B,4,DTXSID1024126,1.8866106284965276,predictions
tabpfn2,2,Imidacloprid,4,DTXSID5032442,1.1431616596235052,predictions
tabpfn2,2,Isodecyl diphenyl phosphate,4,DTXSID3025465,0.8599703316081829,predictions
tabpfn2,2,Kepone,4,DTXSID1020770,1.545382407547081,predictions
tabpfn2,2,Methimazole,4,DTXSID4020820,1.0813506767125072,predictions
tabpfn2,2,Molinate,4,DTXSID6024206,1.0239108413171683,predictions
tabpfn2,2,Octylbicycloheptenedicarboximide,4,DTXSID6032562,1.0934077753043683,predictions
tabpfn2,2,Paraquat dichloride,4,DTXSID7024243,2.1394387699463713,predictions
tabpfn2,2,Perfluoroundecanoic acid,4,DTXSID8047553,1.0720693022873289,predictions
tabpfn2,2,Phenobarbital,4,parent:DTXSID0021123,0.880126589804334,predictions
tabpfn2,2,Phenylmercuric acetate,4,DTXSID7021150,1.165885996634565,predictions
tabpfn2,2,Phosmet,4,DTXSID5024261,1.3785630881322508,predictions
tabpfn2,2,Picoxystrobin,4,DTXSID9047542,0.9921060174185964,predictions
tabpfn2,2,Resmethrin,4,DTXSID7022253,0.9656988568634602,predictions
tabpfn2,2,Retinoic acid,4,DTXSID7021239,1.6336817593585735,predictions
tabpfn2,2,Rotenone,4,DTXSID6021248,1.2843819015289761,predictions
tabpfn2,2,Sodium orthovanadate,4,DTXSID2037269,1.1661237096533061,predictions
tabpfn2,2,Tebupirimfos,4,DTXSID1032482,1.3193615893221768,predictions
tabpfn2,2,Triphenyl phosphate,4,DTXSID1021952,0.8250728391101424,predictions
tabpfn2,2,Triphenyl phosphite,4,DTXSID0026252,0.88178578512623,predictions
tabpfn2,2,Tris(2-chloroisopropyl)phosphate,4,DTXSID5026259,0.9778332449501586,predictions
tabpfn2,2,Valinomycin,4,DTXSID9041150,1.8952223690659857,predictions
tabpfn2,2,tert-Butylphenyl diphenyl phosphate,4,DTXSID6024701,1.3723794862102334,predictions
tabpfn2,3,(Methylcyclopentadienyl)tricarbonylmanganese,1,DTXSID9027738,0.8981695399581884,predictions
tabpfn2,3,"1,2-Propylene glycol",1,DTXSID0021206,1.4827585631516165,predictions
tabpfn2,3,5-Chloro-2-methyl-3(2H)-isothiazolone,1,DTXSID9034286,1.1939654652338305,predictions
tabpfn2,3,5-Fluorouracil,1,DTXSID2020634,1.3582318282259684,predictions
tabpfn2,3,Acephate,1,DTXSID8023846,1.2874361843716127,predictions
tabpfn2,3,Acetaminophen,1,DTXSID2020006,0.4547192320564891,predictions
tabpfn2,3,Aspirin,1,DTXSID5020108,0.6048962241557521,predictions
tabpfn2,3,Auramine hydrochloride,1,DTXSID9020114,1.1232299298826285,predictions
tabpfn2,3,Benzo[k]fluoranthene,1,DTXSID0023909,0.8986656711694984,predictions
tabpfn2,3,Berberine chloride,1,DTXSID8024602,0.9193359521581032,predictions
tabpfn2,3,Bifenthrin,1,DTXSID9020160,1.5636470545734416,predictions
tabpfn2,3,Bis(tributyltin)oxide,1,parent:DTXSID3027403,1.9737495466544117,predictions
tabpfn2,3,Bisindolylmaleimide I,1,DTXSID50157932,1.0220458813254822,predictions
tabpfn2,3,Bisphenol A,1,DTXSID7020182,0.911303086744501,predictions
tabpfn2,3,Busulfan,1,DTXSID3020910,0.7907629247886871,predictions
tabpfn2,3,Caffeine,1,DTXSID0020232,1.2659220905741349,predictions
tabpfn2,3,Chlordiazepoxide hydrochloride,1,DTXSID40880060,1.4740580395101746,predictions
tabpfn2,3,Cyclophosphamide monohydrate,1,DTXSID6024888,1.1464259128937413,predictions
tabpfn2,3,Cymoxanil,1,DTXSID6032358,0.6880758971649896,predictions
tabpfn2,3,Diazepam,1,DTXSID4020406,1.4143283025149334,predictions
tabpfn2,3,Diazoxon,1,DTXSID5037523,1.0247680767753438,predictions
tabpfn2,3,Diethylene glycol,1,DTXSID8020462,1.1028544337978043,predictions
tabpfn2,3,Diethylstilbestrol,1,DTXSID3020465,1.1517672472706963,predictions
tabpfn2,3,Difpas-pyrazole,1,DTXSID6048175,1.552785425534438,predictions
tabpfn2,3,Dimethoate,1,DTXSID7020479,1.0915255106116972,predictions
tabpfn2,3,Endosulfan,1,DTXSID1020560,1.891507071599334,predictions
tabpfn2,3,Endrin,1,DTXSID6020561,1.3637860321012014,predictions
tabpfn2,3,Fenitrothion,1,DTXSID4032613,0.8711918687838646,predictions
tabpfn2,3,Loperamide,1,DTXSID00880006,1.293356396208154,predictions
tabpfn2,3,Malaoxon,1,DTXSID9020790,0.9550857240852434,predictions
tabpfn2,3,Methoxychlor,1,DTXSID9020827,1.5187123427942368,predictions
tabpfn2,3,Naled,1,DTXSID1024209,1.3159604136003729,predictions
tabpfn2,3,Oxidopamine hydrochloride,1,DTXSID0045838,1.0510930188242318,predictions
tabpfn2,3,Permethrin,1,DTXSID8022292,1.2937414582365505,predictions
tabpfn2,3,PharmaGSID_47330,1,DTXSID9047330,1.192845063872655,predictions
tabpfn2,3,Phenanthrene,1,DTXSID6024254,0.5036705982293039,predictions
tabpfn2,3,Pravastatin sodium,1,DTXSID6047525,1.6408381403417276,predictions
tabpfn2,3,S-Ethyl dipropylthiocarbamate,1,DTXSID1024091,0.9441032620690478,predictions
tabpfn2,3,Sodium saccharin hydrate,1,DTXSID7021992,1.2100335384112966,predictions
tabpfn2,3,Sodium valproate,1,DTXSID5037072,1.846579112285039,predictions
tabpfn2,3,Terbufos,1,DTXSID2022254,1.8154097630675394,predictions
tabpfn2,3,Thalidomide,1,DTXSID9022524,1.3822593011041637,predictions
tabpfn2,3,Tributyltin methacrylate,1,parent:DTXSID3027403,1.1492660030541857,predictions
tabpfn2,3,Trimethyltin hydroxide,1,DTXSID9032240,2.4483163320482855,predictions
tabpfn2,3,"Tris(1,3-dichloro-2-propyl) phosphate",1,DTXSID9026261,1.3112776843065346,predictions
tabpfn2,3,Tris(2-chloroethyl) phosphate,1,DTXSID5021411,1.3189561563723633,predictions
tabpfn2,3,Z-Tetrachlorvinphos,1,DTXSID1032648,1.3146409217042057,predictions
tabpfn2,3,"p,p'-DDD",1,DTXSID4020373,1.241104684489856,predictions
tabpfn2,3,tert-Butylhydroquinone,1,DTXSID6020220,1.0001801539116362,predictions
tabpfn2,3,2-(m-Chlorophenoxy)propionic acid,2,DTXSID9034232,1.2418152550620918,predictions
tabpfn2,3,2-Ethylhexyl diphenyl phosphate,2,DTXSID1025300,1.0380694077775694,predictions
tabpfn2,3,"3,3',5,5'-Tetrabromobisphenol A",2,DTXSID1026081,0.8111242925306259,predictions
tabpfn2,3,Abamectin,2,DTXSID8023892,1.4506665146683837,predictions
tabpfn2,3,Acenaphthylene,2,DTXSID3023845,0.6120778343954641,predictions
tabpfn2,3,Aldicarb,2,DTXSID0039223,1.0292418577227276,predictions
tabpfn2,3,Amoxicillin,2,DTXSID3037044,1.1247313412647693,predictions
tabpfn2,3,Azoxystrobin,2,DTXSID0032520,1.1734142233107625,predictions
tabpfn2,3,Benzo[a]pyrene,2,DTXSID2020139,0.8564820912496396,predictions
tabpfn2,3,Benzo[e]pyrene,2,DTXSID3023764,1.0938416785915899,predictions
tabpfn2,3,Bis(2-ethylhexyl) tetrabromophthalate,2,DTXSID7027887,1.211119118035025,predictions
tabpfn2,3,Bisphenol AF,2,DTXSID7037717,1.1019491776765382,predictions
tabpfn2,3,Bisphenol B,2,DTXSID4022442,1.0463866219783822,predictions
tabpfn2,3,Cadmium(II) chloride hydrate (2:5),2,DTXSID4040183,1.1588056274493035,predictions
tabpfn2,3,Captan,2,DTXSID9020243,0.9702502560235982,predictions
tabpfn2,3,Carbamazepine,2,DTXSID4022731,1.0521013825781076,predictions
tabpfn2,3,Carbaryl,2,DTXSID9020247,2.171772420787462,predictions
tabpfn2,3,Cariporide mesylate,2,DTXSID3047344,1.1326489407760432,predictions
tabpfn2,3,Chloramben,2,DTXSID2020262,0.8851882716285108,predictions
tabpfn2,3,Chlorpromazine hydrochloride,2,DTXSID7024827,1.456425854582875,predictions
tabpfn2,3,Clothianidin,2,DTXSID2034465,0.7888564766890204,predictions
tabpfn2,3,Dichlorvos,2,DTXSID5020449,0.8946232178500926,predictions
tabpfn2,3,Eugenol,2,DTXSID9020617,1.1788807940638,predictions
tabpfn2,3,Fipronil,2,DTXSID4034609,1.280524442922377,predictions
tabpfn2,3,Fluorene,2,DTXSID8024105,0.6496175532281703,predictions
tabpfn2,3,Glycerol,2,DTXSID9020663,0.6274465585319432,predictions
tabpfn2,3,L-Ascorbic acid,2,DTXSID5020106,1.1111437915943667,predictions
tabpfn2,3,Lindane,2,DTXSID2020686,1.4935990437215465,predictions
tabpfn2,3,Maneb,2,DTXSID9020794,1.0123918017870281,predictions
tabpfn2,3,Manganese dichloride,2,parent:DTXSID5027279,1.0589414940673474,predictions
tabpfn2,3,Mercuric chloride,2,DTXSID5020811,1.4091652931875025,predictions
tabpfn2,3,Methamidophos,2,DTXSID6024177,0.7995647520303597,predictions
tabpfn2,3,Methylmercuric(II) chloride,2,DTXSID5020813,1.4393365429471805,predictions
tabpfn2,3,Mevastatin,2,DTXSID4040684,1.2224891335779384,predictions
tabpfn2,3,Mirex,2,DTXSID7020895,1.5041760204413324,predictions
tabpfn2,3,"Octachloro-4,7-methanotetrahydroindane",2,DTXSID7020267,1.3269063646239931,predictions
tabpfn2,3,Parathion,2,DTXSID7021100,0.9070580617202953,predictions
tabpfn2,3,Prallethrin,2,DTXSID0032572,0.9925165946356446,predictions
tabpfn2,3,Reserpine,2,DTXSID7021237,2.032358096240668,predictions
tabpfn2,3,Sodium arsenite,2,DTXSID5020104,2.0378316778790557,predictions
tabpfn2,3,Tebuconazole,2,DTXSID9032113,2.239965937760808,predictions
tabpfn2,3,Terbutaline hemisulfate,2,DTXSID3045437,0.919673279285071,predictions
tabpfn2,3,Tetraethylthiuram disulfide,2,DTXSID1021322,1.173790293734863,predictions
tabpfn2,3,Tetramethrin,2,DTXSID6032649,0.8365525367948973,predictions
tabpfn2,3,Tribufos,2,DTXSID1024174,1.4105100968284914,predictions
tabpfn2,3,Trichlorfon,2,DTXSID0021389,1.3182663426445704,predictions
tabpfn2,3,Trifloxystrobin,2,DTXSID4032580,1.0872503045548825,predictions
tabpfn2,3,Tris(methylphenyl) phosphate,2,DTXSID4021391,0.8837109059728114,predictions
tabpfn2,3,"o,p'-DDT",2,parent:DTXSID4020375,1.526549145011463,predictions
tabpfn2,3,1-Methyl-4-phenylpyridinium iodide,3,DTXSID40880040,1.1674709817181113,predictions
tabpfn2,3,"2-Ethylhexyl 2,3,4,5-tetrabromobenzoate",3,DTXSID9052686,1.7258821815335768,predictions
tabpfn2,3,3-Iodo-2-propynyl-N-butylcarbamate,3,DTXSID0028038,1.070914786055285,predictions
tabpfn2,3,"5,5-Diphenylhydantoin",3,DTXSID8020541,0.8870690017646711,predictions
tabpfn2,3,6-Methyl-2-thiouracil,3,DTXSID2020890,1.0620631102240612,predictions
tabpfn2,3,Acenaphthene,3,DTXSID3021774,0.8700976206158636,predictions
tabpfn2,3,Allethrin,3,parent:DTXSID2039336,1.1744585512456112,predictions
tabpfn2,3,Anthracene,3,DTXSID0023878,0.9232486118972105,predictions
tabpfn2,3,Benzo(b)fluoranthene,3,DTXSID0023907,0.8465138350627959,predictions
tabpfn2,3,Carbofuran,3,DTXSID9020249,1.0187459106002916,predictions
tabpfn2,3,Chlorendic acid,3,DTXSID2020268,0.8716800209308453,predictions
tabpfn2,3,Clodinafop-propargyl,3,DTXSID6032354,0.6798032347495426,predictions
tabpfn2,3,Cocaine,3,DTXSID2038443,0.8529780145823647,predictions
tabpfn2,3,Colchicine,3,DTXSID5024845,1.2600164725854714,predictions
tabpfn2,3,D-Mannitol,3,DTXSID1023235,1.0123165338187556,predictions
tabpfn2,3,DDT,3,parent:DTXSID4020375,1.1729243016257003,predictions
tabpfn2,3,Deltamethrin,3,DTXSID8020381,1.5166769539315144,predictions
tabpfn2,3,Dexamethasone,3,DTXSID3020384,1.010065928010997,predictions
tabpfn2,3,"Dibenz[a,c]anthracene",3,DTXSID9049245,1.017211257663807,predictions
tabpfn2,3,Dicrotophos,3,DTXSID9023914,0.8724510336919303,predictions
tabpfn2,3,Emamectin benzoate,3,DTXSID0034566,1.6256516411398074,predictions
tabpfn2,3,Es-fenvalerate,3,DTXSID4032667,0.9715657766838508,predictions
tabpfn2,3,Esketamine hydrochloride,3,DTXSID601027734,1.119392008504173,predictions
tabpfn2,3,Etofenprox,3,DTXSID9032610,1.020795755818391,predictions
tabpfn2,3,Fenpropathrin,3,DTXSID0024002,1.10320916741165,predictions
tabpfn2,3,Firemaster 550,3,DTXSID70880073,1.0661743736082474,predictions
tabpfn2,3,Folic acid,3,DTXSID0022519,1.178015818835052,predictions
tabpfn2,3,Haloperidol,3,DTXSID4034150,1.608927778906778,predictions
tabpfn2,3,Hexachlorophene,3,DTXSID6020690,1.445483987614859,predictions
tabpfn2,3,Lead(II) acetate trihydrate,3,DTXSID3031521,1.8095170659901343,predictions
tabpfn2,3,Malathion,3,DTXSID4020791,1.2549419961226331,predictions
tabpfn2,3,Mancozeb,3,DTXSID0034695,0.7067103950155065,predictions
tabpfn2,3,Manganese(II) acetate,3,parent:DTXSID5027279,0.7881400768191751,predictions
tabpfn2,3,Naloxone hydrochloride dihydrate,3,DTXSID90199452,1.02689948254888,predictions
tabpfn2,3,Phenol,3,DTXSID5021124,1.011996610350675,predictions
tabpfn2,3,Phorate,3,DTXSID4032459,1.3952111074334703,predictions
tabpfn2,3,Piperonyl butoxide,3,DTXSID1021166,1.194237317035382,predictions
tabpfn2,3,Profenofos,3,DTXSID3032464,1.1589021177087542,predictions
tabpfn2,3,Pyrene,3,DTXSID3024289,0.6519116453805941,predictions
tabpfn2,3,S-Bioallethrin,3,parent:DTXSID2039336,1.1270834141396482,predictions
tabpfn2,3,Simvastatin,3,DTXSID0023581,1.8688447197820721,predictions
tabpfn2,3,Sodium fluoride,3,DTXSID2020630,0.8595363220409851,predictions
tabpfn2,3,Spiroxamine,3,DTXSID1034212,1.745747420329129,predictions
tabpfn2,3,Tamoxifen,3,DTXSID1034187,1.3083981338107205,predictions
tabpfn2,3,Tefluthrin,3,DTXSID5032577,1.0595710736079378,predictions
tabpfn2,3,Tetracycline,3,DTXSID7023645,0.8662144198940439,predictions
tabpfn2,3,Thiamethoxam,3,DTXSID2034962,0.7823401256490172,predictions
tabpfn2,3,Tributyltin chloride,3,parent:DTXSID3027403,1.2201042998356955,predictions
tabpfn2,3,Triphenyl phosphates isopropylated,3,DTXSID4028880,1.3128838130463318,predictions
tabpfn2,3,(-)-Nicotine,4,DTXSID1020930,1.2684031166257315,predictions
tabpfn2,3,17beta-Estradiol,4,DTXSID0020573,0.7571354222761737,predictions
tabpfn2,3,"2,2-Bis(4-hydroxyphenyl)-1,1,1-trichloroethane",4,DTXSID8022325,1.1280571011039628,predictions
tabpfn2,3,"4,4'-Sulfonyldiphenol",4,DTXSID3022409,1.1361857528042076,predictions
tabpfn2,3,6-aminopyridine-3-carboxamide,4,DTXSID5051446,1.5455482687289195,predictions
tabpfn2,3,Acetamiprid,4,DTXSID0034300,1.3059758950706633,predictions
tabpfn2,3,Atrazine,4,DTXSID9020112,0.7913118763530367,predictions
tabpfn2,3,Bensulide,4,DTXSID9032329,1.3150123753849834,predictions
tabpfn2,3,CP-409092,4,DTXSID2047276,1.0105276343913385,predictions
tabpfn2,3,Captopril,4,DTXSID1037197,1.284704750812772,predictions
tabpfn2,3,Chlorethoxyfos,4,DTXSID2032344,1.6878742432622171,predictions
tabpfn2,3,Chlorpyrifos oxon,4,DTXSID1038666,1.3201044209441382,predictions
tabpfn2,3,Chrysene,4,DTXSID0022432,0.727200203491368,predictions
tabpfn2,3,Clove leaf oil,4,DTXSID8044175,1.2527721086008328,predictions
tabpfn2,3,Cotinine,4,DTXSID1047576,0.7328255305269795,predictions
tabpfn2,3,Coumaphos,4,DTXSID2020347,1.44192963337956,predictions
tabpfn2,3,Cypermethrin,4,DTXSID1023998,1.2996137147264484,predictions
tabpfn2,3,D-Glucitol,4,DTXSID5023588,0.8945209306939722,predictions
tabpfn2,3,Dextroamphetamine sulfate,4,DTXSID2057865,0.890924696141572,predictions
tabpfn2,3,Di(2-ethylhexyl) phthalate,4,DTXSID5020607,1.5589374001491672,predictions
tabpfn2,3,Diazinon,4,DTXSID9020407,1.572189812677726,predictions
tabpfn2,3,Dieldrin,4,DTXSID9020453,1.6877844709360041,predictions
tabpfn2,3,Diphenhydramine hydrochloride,4,DTXSID4020537,1.2145162791097412,predictions
tabpfn2,3,Fosthiazate,4,DTXSID0034930,0.9100695784937887,predictions
tabpfn2,3,Heptachlor epoxide B,4,DTXSID1024126,1.9911715523242541,predictions
tabpfn2,3,Imidacloprid,4,DTXSID5032442,1.0496509132961676,predictions
tabpfn2,3,Isodecyl diphenyl phosphate,4,DTXSID3025465,0.6737914390602416,predictions
tabpfn2,3,Kepone,4,DTXSID1020770,1.3718112027034874,predictions
tabpfn2,3,Methimazole,4,DTXSID4020820,1.273018239741522,predictions
tabpfn2,3,Molinate,4,DTXSID6024206,1.037254305311426,predictions
tabpfn2,3,Octylbicycloheptenedicarboximide,4,DTXSID6032562,1.0832755296882255,predictions
tabpfn2,3,Paraquat dichloride,4,DTXSID7024243,1.3901684183811864,predictions
tabpfn2,3,Perfluoroundecanoic acid,4,DTXSID8047553,1.2071252664627523,predictions
tabpfn2,3,Phenobarbital,4,parent:DTXSID0021123,0.912828345898458,predictions
tabpfn2,3,Phenylmercuric acetate,4,DTXSID7021150,0.8687439412906345,predictions
tabpfn2,3,Phosmet,4,DTXSID5024261,1.4702740902376887,predictions
tabpfn2,3,Picoxystrobin,4,DTXSID9047542,1.0379409798557813,predictions
tabpfn2,3,Resmethrin,4,DTXSID7022253,0.9582687233819392,predictions
tabpfn2,3,Retinoic acid,4,DTXSID7021239,1.5387778091401434,predictions
tabpfn2,3,Rotenone,4,DTXSID6021248,1.2110389842593665,predictions
tabpfn2,3,Sodium orthovanadate,4,DTXSID2037269,1.101735106233335,predictions
tabpfn2,3,Tebupirimfos,4,DTXSID1032482,1.6398792200506942,predictions
tabpfn2,3,Triphenyl phosphate,4,DTXSID1021952,0.7350081359263811,predictions
tabpfn2,3,Triphenyl phosphite,4,DTXSID0026252,0.8150710002320084,predictions
tabpfn2,3,Tris(2-chloroisopropyl)phosphate,4,DTXSID5026259,0.7608136181523111,predictions
tabpfn2,3,Valinomycin,4,DTXSID9041150,1.8258827314543935,predictions
tabpfn2,3,tert-Butylphenyl diphenyl phosphate,4,DTXSID6024701,1.3738383363248137,predictions
tabpfn2,4,(Methylcyclopentadienyl)tricarbonylmanganese,1,DTXSID9027738,0.8153434847690022,predictions
tabpfn2,4,"1,2-Propylene glycol",1,DTXSID0021206,1.5571183170579252,predictions
tabpfn2,4,5-Chloro-2-methyl-3(2H)-isothiazolone,1,DTXSID9034286,1.3803829598491917,predictions
tabpfn2,4,5-Fluorouracil,1,DTXSID2020634,1.6381858033652357,predictions
tabpfn2,4,Acephate,1,DTXSID8023846,1.4280950819657914,predictions
tabpfn2,4,Acetaminophen,1,DTXSID2020006,0.4469882543725568,predictions
tabpfn2,4,Aspirin,1,DTXSID5020108,0.5613801222405573,predictions
tabpfn2,4,Auramine hydrochloride,1,DTXSID9020114,1.0118681102441744,predictions
tabpfn2,4,Benzo[k]fluoranthene,1,DTXSID0023909,0.8385169676588532,predictions
tabpfn2,4,Berberine chloride,1,DTXSID8024602,0.808989131403715,predictions
tabpfn2,4,Bifenthrin,1,DTXSID9020160,1.1521815707337164,predictions
tabpfn2,4,Bis(tributyltin)oxide,1,parent:DTXSID3027403,1.1621596365225393,predictions
tabpfn2,4,Bisindolylmaleimide I,1,DTXSID50157932,0.9386234705524498,predictions
tabpfn2,4,Bisphenol A,1,DTXSID7020182,0.8860439797392342,predictions
tabpfn2,4,Busulfan,1,DTXSID3020910,0.6679311517682063,predictions
tabpfn2,4,Caffeine,1,DTXSID0020232,1.1812798397836486,predictions
tabpfn2,4,Chlordiazepoxide hydrochloride,1,DTXSID40880060,1.9551544830807632,predictions
tabpfn2,4,Cyclophosphamide monohydrate,1,DTXSID6024888,1.132650776965817,predictions
tabpfn2,4,Cymoxanil,1,DTXSID6032358,0.5222679136516618,predictions
tabpfn2,4,Diazepam,1,DTXSID4020406,1.4519548859496951,predictions
tabpfn2,4,Diazoxon,1,DTXSID5037523,1.3953794138936408,predictions
tabpfn2,4,Diethylene glycol,1,DTXSID8020462,1.07712984818513,predictions
tabpfn2,4,Diethylstilbestrol,1,DTXSID3020465,1.2332700265396266,predictions
tabpfn2,4,Difpas-pyrazole,1,DTXSID6048175,1.3790230286651752,predictions
tabpfn2,4,Dimethoate,1,DTXSID7020479,1.1468378854053023,predictions
tabpfn2,4,Endosulfan,1,DTXSID1020560,1.8647704468853845,predictions
tabpfn2,4,Endrin,1,DTXSID6020561,1.2192077206305791,predictions
tabpfn2,4,Fenitrothion,1,DTXSID4032613,0.668204110679665,predictions
tabpfn2,4,Loperamide,1,DTXSID00880006,1.209543063621436,predictions
tabpfn2,4,Malaoxon,1,DTXSID9020790,0.9287234262896709,predictions
tabpfn2,4,Methoxychlor,1,DTXSID9020827,1.533782835583825,predictions
tabpfn2,4,Naled,1,DTXSID1024209,1.4358640872675625,predictions
tabpfn2,4,Oxidopamine hydrochloride,1,DTXSID0045838,1.2298176488748411,predictions
tabpfn2,4,Permethrin,1,DTXSID8022292,1.2738028512225155,predictions
tabpfn2,4,PharmaGSID_47330,1,DTXSID9047330,1.1137603177900093,predictions
tabpfn2,4,Phenanthrene,1,DTXSID6024254,0.48531726382601936,predictions
tabpfn2,4,Pravastatin sodium,1,DTXSID6047525,1.3249088970943959,predictions
tabpfn2,4,S-Ethyl dipropylthiocarbamate,1,DTXSID1024091,0.6995416364413594,predictions
tabpfn2,4,Sodium saccharin hydrate,1,DTXSID7021992,0.9524766537102785,predictions
tabpfn2,4,Sodium valproate,1,DTXSID5037072,1.047828031864079,predictions
tabpfn2,4,Terbufos,1,DTXSID2022254,1.2088988985679747,predictions
tabpfn2,4,Thalidomide,1,DTXSID9022524,1.7916496734136285,predictions
tabpfn2,4,Tributyltin methacrylate,1,parent:DTXSID3027403,1.2566734772890702,predictions
tabpfn2,4,Trimethyltin hydroxide,1,DTXSID9032240,1.8922754276885319,predictions
tabpfn2,4,"Tris(1,3-dichloro-2-propyl) phosphate",1,DTXSID9026261,1.0109186709421636,predictions
tabpfn2,4,Tris(2-chloroethyl) phosphate,1,DTXSID5021411,1.3637273254309634,predictions
tabpfn2,4,Z-Tetrachlorvinphos,1,DTXSID1032648,1.4458852770608086,predictions
tabpfn2,4,"p,p'-DDD",1,DTXSID4020373,1.3848978162247383,predictions
tabpfn2,4,tert-Butylhydroquinone,1,DTXSID6020220,1.1752908323409463,predictions
tabpfn2,4,2-(m-Chlorophenoxy)propionic acid,2,DTXSID9034232,1.250221910287254,predictions
tabpfn2,4,2-Ethylhexyl diphenyl phosphate,2,DTXSID1025300,1.1558550787634265,predictions
tabpfn2,4,"3,3',5,5'-Tetrabromobisphenol A",2,DTXSID1026081,0.761496366156539,predictions
tabpfn2,4,Abamectin,2,DTXSID8023892,1.395373318476937,predictions
tabpfn2,4,Acenaphthylene,2,DTXSID3023845,0.6248101377770385,predictions
tabpfn2,4,Aldicarb,2,DTXSID0039223,1.2672864407969961,predictions
tabpfn2,4,Amoxicillin,2,DTXSID3037044,0.9976256613682848,predictions
tabpfn2,4,Azoxystrobin,2,DTXSID0032520,1.1520273960613834,predictions
tabpfn2,4,Benzo[a]pyrene,2,DTXSID2020139,0.9458791864692577,predictions
tabpfn2,4,Benzo[e]pyrene,2,DTXSID3023764,1.2343102302810613,predictions
tabpfn2,4,Bis(2-ethylhexyl) tetrabromophthalate,2,DTXSID7027887,1.1006033015727434,predictions
tabpfn2,4,Bisphenol AF,2,DTXSID7037717,0.9789848334846386,predictions
tabpfn2,4,Bisphenol B,2,DTXSID4022442,1.065046424877329,predictions
tabpfn2,4,Cadmium(II) chloride hydrate (2:5),2,DTXSID4040183,1.3341926576275474,predictions
tabpfn2,4,Captan,2,DTXSID9020243,0.6900541690019524,predictions
tabpfn2,4,Carbamazepine,2,DTXSID4022731,0.9560414682406846,predictions
tabpfn2,4,Carbaryl,2,DTXSID9020247,2.26338783841156,predictions
tabpfn2,4,Cariporide mesylate,2,DTXSID3047344,1.0782842678337397,predictions
tabpfn2,4,Chloramben,2,DTXSID2020262,0.8113406220134813,predictions
tabpfn2,4,Chlorpromazine hydrochloride,2,DTXSID7024827,1.0217137857913532,predictions
tabpfn2,4,Clothianidin,2,DTXSID2034465,0.7311336045832422,predictions
tabpfn2,4,Dichlorvos,2,DTXSID5020449,1.0305766242116128,predictions
tabpfn2,4,Eugenol,2,DTXSID9020617,0.9717761067788754,predictions
tabpfn2,4,Fipronil,2,DTXSID4034609,1.207773789958286,predictions
tabpfn2,4,Fluorene,2,DTXSID8024105,0.5882586885350797,predictions
tabpfn2,4,Glycerol,2,DTXSID9020663,0.6647679619381623,predictions
tabpfn2,4,L-Ascorbic acid,2,DTXSID5020106,0.8658208186149903,predictions
tabpfn2,4,Lindane,2,DTXSID2020686,1.3879945729956582,predictions
tabpfn2,4,Maneb,2,DTXSID9020794,0.9005990505642995,predictions
tabpfn2,4,Manganese dichloride,2,parent:DTXSID5027279,1.1384758265273636,predictions
tabpfn2,4,Mercuric chloride,2,DTXSID5020811,1.2412078485434133,predictions
tabpfn2,4,Methamidophos,2,DTXSID6024177,0.7940420246887632,predictions
tabpfn2,4,Methylmercuric(II) chloride,2,DTXSID5020813,1.0738842475172556,predictions
tabpfn2,4,Mevastatin,2,DTXSID4040684,1.3732311993463138,predictions
tabpfn2,4,Mirex,2,DTXSID7020895,1.8146199117354804,predictions
tabpfn2,4,"Octachloro-4,7-methanotetrahydroindane",2,DTXSID7020267,1.283406507229668,predictions
tabpfn2,4,Parathion,2,DTXSID7021100,0.8219588457717144,predictions
tabpfn2,4,Prallethrin,2,DTXSID0032572,0.9026864348005091,predictions
tabpfn2,4,Reserpine,2,DTXSID7021237,1.5862289573766846,predictions
tabpfn2,4,Sodium arsenite,2,DTXSID5020104,2.193449971505102,predictions
tabpfn2,4,Tebuconazole,2,DTXSID9032113,2.2259999528338823,predictions
tabpfn2,4,Terbutaline hemisulfate,2,DTXSID3045437,0.9309550210668501,predictions
tabpfn2,4,Tetraethylthiuram disulfide,2,DTXSID1021322,0.807043108632868,predictions
tabpfn2,4,Tetramethrin,2,DTXSID6032649,0.8120217243623156,predictions
tabpfn2,4,Tribufos,2,DTXSID1024174,1.234380878905246,predictions
tabpfn2,4,Trichlorfon,2,DTXSID0021389,1.2317884201248606,predictions
tabpfn2,4,Trifloxystrobin,2,DTXSID4032580,0.8357115776514414,predictions
tabpfn2,4,Tris(methylphenyl) phosphate,2,DTXSID4021391,0.9099422543083147,predictions
tabpfn2,4,"o,p'-DDT",2,parent:DTXSID4020375,1.3995365016054262,predictions
tabpfn2,4,1-Methyl-4-phenylpyridinium iodide,3,DTXSID40880040,1.0896612805064614,predictions
tabpfn2,4,"2-Ethylhexyl 2,3,4,5-tetrabromobenzoate",3,DTXSID9052686,1.313901279443527,predictions
tabpfn2,4,3-Iodo-2-propynyl-N-butylcarbamate,3,DTXSID0028038,0.6601989020710202,predictions
tabpfn2,4,"5,5-Diphenylhydantoin",3,DTXSID8020541,0.8522204712641974,predictions
tabpfn2,4,6-Methyl-2-thiouracil,3,DTXSID2020890,1.0460237731182587,predictions
tabpfn2,4,Acenaphthene,3,DTXSID3021774,0.7524281062638488,predictions
tabpfn2,4,Allethrin,3,parent:DTXSID2039336,0.9861712781155576,predictions
tabpfn2,4,Anthracene,3,DTXSID0023878,0.7629965422360236,predictions
tabpfn2,4,Benzo(b)fluoranthene,3,DTXSID0023907,0.7897282368003633,predictions
tabpfn2,4,Carbofuran,3,DTXSID9020249,0.8435024689144331,predictions
tabpfn2,4,Chlorendic acid,3,DTXSID2020268,0.826970686125805,predictions
tabpfn2,4,Clodinafop-propargyl,3,DTXSID6032354,0.7567445339177212,predictions
tabpfn2,4,Cocaine,3,DTXSID2038443,0.8916823440565371,predictions
tabpfn2,4,Colchicine,3,DTXSID5024845,0.3971763029671523,predictions
tabpfn2,4,D-Mannitol,3,DTXSID1023235,0.9770303796361931,predictions
tabpfn2,4,DDT,3,parent:DTXSID4020375,1.4493091830675375,predictions
tabpfn2,4,Deltamethrin,3,DTXSID8020381,1.4550190725001142,predictions
tabpfn2,4,Dexamethasone,3,DTXSID3020384,1.024611810869907,predictions
tabpfn2,4,"Dibenz[a,c]anthracene",3,DTXSID9049245,0.9285879546487061,predictions
tabpfn2,4,Dicrotophos,3,DTXSID9023914,0.9070231224055366,predictions
tabpfn2,4,Emamectin benzoate,3,DTXSID0034566,1.4870018333477528,predictions
tabpfn2,4,Es-fenvalerate,3,DTXSID4032667,1.0870479721201753,predictions
tabpfn2,4,Esketamine hydrochloride,3,DTXSID601027734,1.0168109996253718,predictions
tabpfn2,4,Etofenprox,3,DTXSID9032610,0.8680702572942337,predictions
tabpfn2,4,Fenpropathrin,3,DTXSID0024002,1.2385613379665945,predictions
tabpfn2,4,Firemaster 550,3,DTXSID70880073,1.0905949646706474,predictions
tabpfn2,4,Folic acid,3,DTXSID0022519,1.228483043771464,predictions
tabpfn2,4,Haloperidol,3,DTXSID4034150,1.2274289027495626,predictions
tabpfn2,4,Hexachlorophene,3,DTXSID6020690,1.4527335711008285,predictions
tabpfn2,4,Lead(II) acetate trihydrate,3,DTXSID3031521,1.703071007007854,predictions
tabpfn2,4,Malathion,3,DTXSID4020791,1.1858809321475694,predictions
tabpfn2,4,Mancozeb,3,DTXSID0034695,0.673753146850631,predictions
tabpfn2,4,Manganese(II) acetate,3,parent:DTXSID5027279,0.7662872471381003,predictions
tabpfn2,4,Naloxone hydrochloride dihydrate,3,DTXSID90199452,0.9029079844931273,predictions
tabpfn2,4,Phenol,3,DTXSID5021124,0.9276883058099619,predictions
tabpfn2,4,Phorate,3,DTXSID4032459,1.3292687087368706,predictions
tabpfn2,4,Piperonyl butoxide,3,DTXSID1021166,1.3975429863717397,predictions
tabpfn2,4,Profenofos,3,DTXSID3032464,1.2291063641294475,predictions
tabpfn2,4,Pyrene,3,DTXSID3024289,0.6697325812566508,predictions
tabpfn2,4,S-Bioallethrin,3,parent:DTXSID2039336,1.0977271409037783,predictions
tabpfn2,4,Simvastatin,3,DTXSID0023581,1.7083066501171884,predictions
tabpfn2,4,Sodium fluoride,3,DTXSID2020630,0.8506886146048593,predictions
tabpfn2,4,Spiroxamine,3,DTXSID1034212,1.549705493117385,predictions
tabpfn2,4,Tamoxifen,3,DTXSID1034187,1.2498008303068817,predictions
tabpfn2,4,Tefluthrin,3,DTXSID5032577,1.028986693551538,predictions
tabpfn2,4,Tetracycline,3,DTXSID7023645,0.952539634839952,predictions
tabpfn2,4,Thiamethoxam,3,DTXSID2034962,0.917748191497291,predictions
tabpfn2,4,Tributyltin chloride,3,parent:DTXSID3027403,0.8975583076289538,predictions
tabpfn2,4,Triphenyl phosphates isopropylated,3,DTXSID4028880,1.4767288198570898,predictions
tabpfn2,4,(-)-Nicotine,4,DTXSID1020930,1.2699858200991456,predictions
tabpfn2,4,17beta-Estradiol,4,DTXSID0020573,0.6946753286144423,predictions
tabpfn2,4,"2,2-Bis(4-hydroxyphenyl)-1,1,1-trichloroethane",4,DTXSID8022325,1.178134694364455,predictions
tabpfn2,4,"4,4'-Sulfonyldiphenol",4,DTXSID3022409,1.0444382003596435,predictions
tabpfn2,4,6-aminopyridine-3-carboxamide,4,DTXSID5051446,1.417768789795244,predictions
tabpfn2,4,Acetamiprid,4,DTXSID0034300,1.3396125921846176,predictions
tabpfn2,4,Atrazine,4,DTXSID9020112,0.747497180871751,predictions
tabpfn2,4,Bensulide,4,DTXSID9032329,1.5056320736747202,predictions
tabpfn2,4,CP-409092,4,DTXSID2047276,1.0392449376848667,predictions
tabpfn2,4,Captopril,4,DTXSID1037197,1.2172276110289695,predictions
tabpfn2,4,Chlorethoxyfos,4,DTXSID2032344,1.1054015550326275,predictions
tabpfn2,4,Chlorpyrifos oxon,4,DTXSID1038666,1.3326767231974024,predictions
tabpfn2,4,Chrysene,4,DTXSID0022432,0.7440102366416959,predictions
tabpfn2,4,Clove leaf oil,4,DTXSID8044175,1.2586683126430747,predictions
tabpfn2,4,Cotinine,4,DTXSID1047576,0.7658100681481518,predictions
tabpfn2,4,Coumaphos,4,DTXSID2020347,1.440728158841392,predictions
tabpfn2,4,Cypermethrin,4,DTXSID1023998,1.1249442745190918,predictions
tabpfn2,4,D-Glucitol,4,DTXSID5023588,1.1775796502628104,predictions
tabpfn2,4,Dextroamphetamine sulfate,4,DTXSID2057865,0.7959730647134341,predictions
tabpfn2,4,Di(2-ethylhexyl) phthalate,4,DTXSID5020607,1.4343029430412977,predictions
tabpfn2,4,Diazinon,4,DTXSID9020407,1.352479758739233,predictions
tabpfn2,4,Dieldrin,4,DTXSID9020453,2.246709996089621,predictions
tabpfn2,4,Diphenhydramine hydrochloride,4,DTXSID4020537,1.0293931913788286,predictions
tabpfn2,4,Fosthiazate,4,DTXSID0034930,0.920887679460988,predictions
tabpfn2,4,Heptachlor epoxide B,4,DTXSID1024126,1.7280194668736453,predictions
tabpfn2,4,Imidacloprid,4,DTXSID5032442,1.296545056997076,predictions
tabpfn2,4,Isodecyl diphenyl phosphate,4,DTXSID3025465,0.8682916367956706,predictions
tabpfn2,4,Kepone,4,DTXSID1020770,1.1634737295398219,predictions
tabpfn2,4,Methimazole,4,DTXSID4020820,1.240182522406771,predictions
tabpfn2,4,Molinate,4,DTXSID6024206,0.8891944809009912,predictions
tabpfn2,4,Octylbicycloheptenedicarboximide,4,DTXSID6032562,1.048230138288806,predictions
tabpfn2,4,Paraquat dichloride,4,DTXSID7024243,1.939949773394309,predictions
tabpfn2,4,Perfluoroundecanoic acid,4,DTXSID8047553,0.8505037090408278,predictions
tabpfn2,4,Phenobarbital,4,parent:DTXSID0021123,0.933115646785558,predictions
tabpfn2,4,Phenylmercuric acetate,4,DTXSID7021150,0.8735766597106446,predictions
tabpfn2,4,Phosmet,4,DTXSID5024261,1.0348700012288004,predictions
tabpfn2,4,Picoxystrobin,4,DTXSID9047542,0.8094868897260685,predictions
tabpfn2,4,Resmethrin,4,DTXSID7022253,0.9538055249379264,predictions
tabpfn2,4,Retinoic acid,4,DTXSID7021239,1.4255180136291319,predictions
tabpfn2,4,Rotenone,4,DTXSID6021248,0.9461128268707502,predictions
tabpfn2,4,Sodium orthovanadate,4,DTXSID2037269,1.20256287275921,predictions
tabpfn2,4,Tebupirimfos,4,DTXSID1032482,1.8063432874188485,predictions
tabpfn2,4,Triphenyl phosphate,4,DTXSID1021952,0.7221445756961955,predictions
tabpfn2,4,Triphenyl phosphite,4,DTXSID0026252,0.8362214642423312,predictions
tabpfn2,4,Tris(2-chloroisopropyl)phosphate,4,DTXSID5026259,0.7480689161570713,predictions
tabpfn2,4,Valinomycin,4,DTXSID9041150,1.7132480491054962,predictions
tabpfn2,4,tert-Butylphenyl diphenyl phosphate,4,DTXSID6024701,1.4600914274031958,predictions
tabpfn35,1,(Methylcyclopentadienyl)tricarbonylmanganese,1,DTXSID9027738,0.9919769032745996,predictions
tabpfn35,1,"1,2-Propylene glycol",1,DTXSID0021206,1.7541538086138242,predictions
tabpfn35,1,5-Chloro-2-methyl-3(2H)-isothiazolone,1,DTXSID9034286,1.7623444660129537,predictions
tabpfn35,1,5-Fluorouracil,1,DTXSID2020634,2.0369231946657553,predictions
tabpfn35,1,Acephate,1,DTXSID8023846,1.298471692031209,predictions
tabpfn35,1,Acetaminophen,1,DTXSID2020006,0.6490391457081861,predictions
tabpfn35,1,Aspirin,1,DTXSID5020108,1.0370975928132655,predictions
tabpfn35,1,Auramine hydrochloride,1,DTXSID9020114,1.381763002021368,predictions
tabpfn35,1,Benzo[k]fluoranthene,1,DTXSID0023909,1.1318470334371742,predictions
tabpfn35,1,Berberine chloride,1,DTXSID8024602,1.5218986980358415,predictions
tabpfn35,1,Bifenthrin,1,DTXSID9020160,1.8266371681053095,predictions
tabpfn35,1,Bis(tributyltin)oxide,1,parent:DTXSID3027403,2.939613376718367,predictions
tabpfn35,1,Bisindolylmaleimide I,1,DTXSID50157932,1.4968112717643998,predictions
tabpfn35,1,Bisphenol A,1,DTXSID7020182,1.1711136257460792,predictions
tabpfn35,1,Busulfan,1,DTXSID3020910,0.970938800343726,predictions
tabpfn35,1,Caffeine,1,DTXSID0020232,1.4635094838419562,predictions
tabpfn35,1,Chlordiazepoxide hydrochloride,1,DTXSID40880060,1.675025153035333,predictions
tabpfn35,1,Cyclophosphamide monohydrate,1,DTXSID6024888,1.1910104347956572,predictions
tabpfn35,1,Cymoxanil,1,DTXSID6032358,0.6980128099360844,predictions
tabpfn35,1,Diazepam,1,DTXSID4020406,1.6554931150344643,predictions
tabpfn35,1,Diazoxon,1,DTXSID5037523,1.2102835101480902,predictions
tabpfn35,1,Diethylene glycol,1,DTXSID8020462,1.024364162376092,predictions
tabpfn35,1,Diethylstilbestrol,1,DTXSID3020465,1.3573463243462804,predictions
tabpfn35,1,Difpas-pyrazole,1,DTXSID6048175,1.388054037958042,predictions
tabpfn35,1,Dimethoate,1,DTXSID7020479,1.2384210344839945,predictions
tabpfn35,1,Endosulfan,1,DTXSID1020560,2.164347089492304,predictions
tabpfn35,1,Endrin,1,DTXSID6020561,1.7317780301667995,predictions
tabpfn35,1,Fenitrothion,1,DTXSID4032613,0.8490866351759004,predictions
tabpfn35,1,Loperamide,1,DTXSID00880006,1.8318596108201315,predictions
tabpfn35,1,Malaoxon,1,DTXSID9020790,1.429764517848422,predictions
tabpfn35,1,Methoxychlor,1,DTXSID9020827,1.3672101214077172,predictions
tabpfn35,1,Naled,1,DTXSID1024209,1.657226731703711,predictions
tabpfn35,1,Oxidopamine hydrochloride,1,DTXSID0045838,1.2946638992724149,predictions
tabpfn35,1,Permethrin,1,DTXSID8022292,1.532933848933825,predictions
tabpfn35,1,PharmaGSID_47330,1,DTXSID9047330,1.199813161594915,predictions
tabpfn35,1,Phenanthrene,1,DTXSID6024254,0.7956120485663678,predictions
tabpfn35,1,Pravastatin sodium,1,DTXSID6047525,1.8368186616843005,predictions
tabpfn35,1,S-Ethyl dipropylthiocarbamate,1,DTXSID1024091,1.1174560029229426,predictions
tabpfn35,1,Sodium saccharin hydrate,1,DTXSID7021992,1.8532864471508386,predictions
tabpfn35,1,Sodium valproate,1,DTXSID5037072,1.7396549330934525,predictions
tabpfn35,1,Terbufos,1,DTXSID2022254,1.45391788015649,predictions
tabpfn35,1,Thalidomide,1,DTXSID9022524,1.6123361747857703,predictions
tabpfn35,1,Tributyltin methacrylate,1,parent:DTXSID3027403,1.4048327252711381,predictions
tabpfn35,1,Trimethyltin hydroxide,1,DTXSID9032240,2.316671906400554,predictions
tabpfn35,1,"Tris(1,3-dichloro-2-propyl) phosphate",1,DTXSID9026261,1.2388479603581546,predictions
tabpfn35,1,Tris(2-chloroethyl) phosphate,1,DTXSID5021411,1.6606055743824093,predictions
tabpfn35,1,Z-Tetrachlorvinphos,1,DTXSID1032648,1.3888950404356486,predictions
tabpfn35,1,"p,p'-DDD",1,DTXSID4020373,1.497135851179074,predictions
tabpfn35,1,tert-Butylhydroquinone,1,DTXSID6020220,1.3206182976568484,predictions
tabpfn35,1,2-(m-Chlorophenoxy)propionic acid,2,DTXSID9034232,1.4111361383293066,predictions
tabpfn35,1,2-Ethylhexyl diphenyl phosphate,2,DTXSID1025300,1.2172163903587467,predictions
tabpfn35,1,"3,3',5,5'-Tetrabromobisphenol A",2,DTXSID1026081,0.9685518041087565,predictions
tabpfn35,1,Abamectin,2,DTXSID8023892,2.141674832908341,predictions
tabpfn35,1,Acenaphthylene,2,DTXSID3023845,0.8295768361894382,predictions
tabpfn35,1,Aldicarb,2,DTXSID0039223,1.4203530356594478,predictions
tabpfn35,1,Amoxicillin,2,DTXSID3037044,1.1709505408408076,predictions
tabpfn35,1,Azoxystrobin,2,DTXSID0032520,1.7980826638364018,predictions
tabpfn35,1,Benzo[a]pyrene,2,DTXSID2020139,1.0497433118338266,predictions
tabpfn35,1,Benzo[e]pyrene,2,DTXSID3023764,1.141581653323487,predictions
tabpfn35,1,Bis(2-ethylhexyl) tetrabromophthalate,2,DTXSID7027887,1.2801667952893987,predictions
tabpfn35,1,Bisphenol AF,2,DTXSID7037717,1.1277384492639864,predictions
tabpfn35,1,Bisphenol B,2,DTXSID4022442,1.2148464274972168,predictions
tabpfn35,1,Cadmium(II) chloride hydrate (2:5),2,DTXSID4040183,1.885120189640086,predictions
tabpfn35,1,Captan,2,DTXSID9020243,0.9233413694273974,predictions
tabpfn35,1,Carbamazepine,2,DTXSID4022731,1.233693386614912,predictions
tabpfn35,1,Carbaryl,2,DTXSID9020247,2.452358011681791,predictions
tabpfn35,1,Cariporide mesylate,2,DTXSID3047344,1.117811402512025,predictions
tabpfn35,1,Chloramben,2,DTXSID2020262,0.9849232122133526,predictions
tabpfn35,1,Chlorpromazine hydrochloride,2,DTXSID7024827,1.637907332756297,predictions
tabpfn35,1,Clothianidin,2,DTXSID2034465,1.2238419406361187,predictions
tabpfn35,1,Dichlorvos,2,DTXSID5020449,1.294385019550557,predictions
tabpfn35,1,Eugenol,2,DTXSID9020617,1.1604841267719985,predictions
tabpfn35,1,Fipronil,2,DTXSID4034609,1.462501942974974,predictions
tabpfn35,1,Fluorene,2,DTXSID8024105,0.6716471650354714,predictions
tabpfn35,1,Glycerol,2,DTXSID9020663,0.8481513024648073,predictions
tabpfn35,1,L-Ascorbic acid,2,DTXSID5020106,1.0331111272518803,predictions
tabpfn35,1,Lindane,2,DTXSID2020686,1.7407803217236633,predictions
tabpfn35,1,Maneb,2,DTXSID9020794,1.2742941201556726,predictions
tabpfn35,1,Manganese dichloride,2,parent:DTXSID5027279,1.6434562931904761,predictions
tabpfn35,1,Mercuric chloride,2,DTXSID5020811,1.6420500677415562,predictions
tabpfn35,1,Methamidophos,2,DTXSID6024177,1.1161570338626863,predictions
tabpfn35,1,Methylmercuric(II) chloride,2,DTXSID5020813,2.4626062982088865,predictions
tabpfn35,1,Mevastatin,2,DTXSID4040684,2.0310082154144444,predictions
tabpfn35,1,Mirex,2,DTXSID7020895,2.294979804334189,predictions
tabpfn35,1,"Octachloro-4,7-methanotetrahydroindane",2,DTXSID7020267,1.5174208825555913,predictions
tabpfn35,1,Parathion,2,DTXSID7021100,0.9652065848139679,predictions
tabpfn35,1,Prallethrin,2,DTXSID0032572,1.2430985008303712,predictions
tabpfn35,1,Reserpine,2,DTXSID7021237,1.9196388714098984,predictions
tabpfn35,1,Sodium arsenite,2,DTXSID5020104,2.2562371452507097,predictions
tabpfn35,1,Tebuconazole,2,DTXSID9032113,2.654213837840259,predictions
tabpfn35,1,Terbutaline hemisulfate,2,DTXSID3045437,1.2641294904064666,predictions
tabpfn35,1,Tetraethylthiuram disulfide,2,DTXSID1021322,1.5337993926607105,predictions
tabpfn35,1,Tetramethrin,2,DTXSID6032649,0.8440356890409474,predictions
tabpfn35,1,Tribufos,2,DTXSID1024174,1.7248873788361467,predictions
tabpfn35,1,Trichlorfon,2,DTXSID0021389,1.6245879737425135,predictions
tabpfn35,1,Trifloxystrobin,2,DTXSID4032580,1.8287913653744856,predictions
tabpfn35,1,Tris(methylphenyl) phosphate,2,DTXSID4021391,0.980604786347959,predictions
tabpfn35,1,"o,p'-DDT",2,parent:DTXSID4020375,1.802261484144644,predictions
tabpfn35,1,1-Methyl-4-phenylpyridinium iodide,3,DTXSID40880040,1.0860610669079356,predictions
tabpfn35,1,"2-Ethylhexyl 2,3,4,5-tetrabromobenzoate",3,DTXSID9052686,1.5978636008942473,predictions
tabpfn35,1,3-Iodo-2-propynyl-N-butylcarbamate,3,DTXSID0028038,1.2983033583339907,predictions
tabpfn35,1,"5,5-Diphenylhydantoin",3,DTXSID8020541,1.0988372472611068,predictions
tabpfn35,1,6-Methyl-2-thiouracil,3,DTXSID2020890,1.3312425030445847,predictions
tabpfn35,1,Acenaphthene,3,DTXSID3021774,0.9886948996843234,predictions
tabpfn35,1,Allethrin,3,parent:DTXSID2039336,1.100809622467067,predictions
tabpfn35,1,Anthracene,3,DTXSID0023878,0.9044484583611367,predictions
tabpfn35,1,Benzo(b)fluoranthene,3,DTXSID0023907,1.0975208572464539,predictions
tabpfn35,1,Carbofuran,3,DTXSID9020249,0.9100711741930361,predictions
tabpfn35,1,Chlorendic acid,3,DTXSID2020268,1.3029265154100422,predictions
tabpfn35,1,Clodinafop-propargyl,3,DTXSID6032354,0.9464877332999417,predictions
tabpfn35,1,Cocaine,3,DTXSID2038443,1.4941583807218417,predictions
tabpfn35,1,Colchicine,3,DTXSID5024845,2.289875024705723,predictions
tabpfn35,1,D-Mannitol,3,DTXSID1023235,1.0867795929637765,predictions
tabpfn35,1,DDT,3,parent:DTXSID4020375,1.4749436556491857,predictions
tabpfn35,1,Deltamethrin,3,DTXSID8020381,1.568731454613589,predictions
tabpfn35,1,Dexamethasone,3,DTXSID3020384,1.5232610584173842,predictions
tabpfn35,1,"Dibenz[a,c]anthracene",3,DTXSID9049245,1.18024387911302,predictions
tabpfn35,1,Dicrotophos,3,DTXSID9023914,1.2013045135504468,predictions
tabpfn35,1,Emamectin benzoate,3,DTXSID0034566,2.033381895222279,predictions
tabpfn35,1,Es-fenvalerate,3,DTXSID4032667,1.4981964061441944,predictions
tabpfn35,1,Esketamine hydrochloride,3,DTXSID601027734,1.4302392309989709,predictions
tabpfn35,1,Etofenprox,3,DTXSID9032610,1.0837330240681546,predictions
tabpfn35,1,Fenpropathrin,3,DTXSID0024002,1.4855187503320577,predictions
tabpfn35,1,Firemaster 550,3,DTXSID70880073,1.2200874523646312,predictions
tabpfn35,1,Folic acid,3,DTXSID0022519,1.1703122026743487,predictions
tabpfn35,1,Haloperidol,3,DTXSID4034150,1.7459292784293083,predictions
tabpfn35,1,Hexachlorophene,3,DTXSID6020690,2.1768154281314094,predictions
tabpfn35,1,Lead(II) acetate trihydrate,3,DTXSID3031521,1.7007411603375762,predictions
tabpfn35,1,Malathion,3,DTXSID4020791,1.2040614834315533,predictions
tabpfn35,1,Mancozeb,3,DTXSID0034695,0.8682141395333087,predictions
tabpfn35,1,Manganese(II) acetate,3,parent:DTXSID5027279,0.8784240525349312,predictions
tabpfn35,1,Naloxone hydrochloride dihydrate,3,DTXSID90199452,1.540046025675814,predictions
tabpfn35,1,Phenol,3,DTXSID5021124,1.4517577802815231,predictions
tabpfn35,1,Phorate,3,DTXSID4032459,1.3409579462665278,predictions
tabpfn35,1,Piperonyl butoxide,3,DTXSID1021166,1.366343302844816,predictions
tabpfn35,1,Profenofos,3,DTXSID3032464,1.3938665853900667,predictions
tabpfn35,1,Pyrene,3,DTXSID3024289,0.9226180465488772,predictions
tabpfn35,1,S-Bioallethrin,3,parent:DTXSID2039336,1.0015409578581287,predictions
tabpfn35,1,Simvastatin,3,DTXSID0023581,2.04404840438136,predictions
tabpfn35,1,Sodium fluoride,3,DTXSID2020630,1.2228232876985472,predictions
tabpfn35,1,Spiroxamine,3,DTXSID1034212,1.8187493117166191,predictions
tabpfn35,1,Tamoxifen,3,DTXSID1034187,1.611703499622244,predictions
tabpfn35,1,Tefluthrin,3,DTXSID5032577,1.332758002989361,predictions
tabpfn35,1,Tetracycline,3,DTXSID7023645,1.0862856198527924,predictions
tabpfn35,1,Thiamethoxam,3,DTXSID2034962,1.1123988033787702,predictions
tabpfn35,1,Tributyltin chloride,3,parent:DTXSID3027403,1.2971023278601108,predictions
tabpfn35,1,Triphenyl phosphates isopropylated,3,DTXSID4028880,1.4106912040391781,predictions
tabpfn35,1,(-)-Nicotine,4,DTXSID1020930,1.7909810837785574,predictions
tabpfn35,1,17beta-Estradiol,4,DTXSID0020573,0.7960025773594221,predictions
tabpfn35,1,"2,2-Bis(4-hydroxyphenyl)-1,1,1-trichloroethane",4,DTXSID8022325,1.2491677871539382,predictions
tabpfn35,1,"4,4'-Sulfonyldiphenol",4,DTXSID3022409,1.3696035989823319,predictions
tabpfn35,1,6-aminopyridine-3-carboxamide,4,DTXSID5051446,2.207308405865681,predictions
tabpfn35,1,Acetamiprid,4,DTXSID0034300,1.3091709996407737,predictions
tabpfn35,1,Atrazine,4,DTXSID9020112,0.9000934277022283,predictions
tabpfn35,1,Bensulide,4,DTXSID9032329,1.3779478555097602,predictions
tabpfn35,1,CP-409092,4,DTXSID2047276,1.1595503710169606,predictions
tabpfn35,1,Captopril,4,DTXSID1037197,1.5613295471385995,predictions
tabpfn35,1,Chlorethoxyfos,4,DTXSID2032344,1.4028449424157943,predictions
tabpfn35,1,Chlorpyrifos oxon,4,DTXSID1038666,1.3132900752897627,predictions
tabpfn35,1,Chrysene,4,DTXSID0022432,1.0619869160966136,predictions
tabpfn35,1,Clove leaf oil,4,DTXSID8044175,1.678436981831202,predictions
tabpfn35,1,Cotinine,4,DTXSID1047576,0.9042648763574037,predictions
tabpfn35,1,Coumaphos,4,DTXSID2020347,1.270296503132435,predictions
tabpfn35,1,Cypermethrin,4,DTXSID1023998,1.5653347529636161,predictions
tabpfn35,1,D-Glucitol,4,DTXSID5023588,1.1119603091136212,predictions
tabpfn35,1,Dextroamphetamine sulfate,4,DTXSID2057865,1.0421797568877151,predictions
tabpfn35,1,Di(2-ethylhexyl) phthalate,4,DTXSID5020607,1.3642897289506917,predictions
tabpfn35,1,Diazinon,4,DTXSID9020407,1.5931099329859681,predictions
tabpfn35,1,Dieldrin,4,DTXSID9020453,2.3351267382174448,predictions
tabpfn35,1,Diphenhydramine hydrochloride,4,DTXSID4020537,1.3175457089048312,predictions
tabpfn35,1,Fosthiazate,4,DTXSID0034930,1.198079922213216,predictions
tabpfn35,1,Heptachlor epoxide B,4,DTXSID1024126,1.7301235461907676,predictions
tabpfn35,1,Imidacloprid,4,DTXSID5032442,1.394004453728675,predictions
tabpfn35,1,Isodecyl diphenyl phosphate,4,DTXSID3025465,0.9727689309681162,predictions
tabpfn35,1,Kepone,4,DTXSID1020770,1.8298466760154835,predictions
tabpfn35,1,Methimazole,4,DTXSID4020820,1.2900135186649817,predictions
tabpfn35,1,Molinate,4,DTXSID6024206,0.980056260285519,predictions
tabpfn35,1,Octylbicycloheptenedicarboximide,4,DTXSID6032562,1.0732650982212442,predictions
tabpfn35,1,Paraquat dichloride,4,DTXSID7024243,2.9084316207405574,predictions
tabpfn35,1,Perfluoroundecanoic acid,4,DTXSID8047553,1.1352210403425143,predictions
tabpfn35,1,Phenobarbital,4,parent:DTXSID0021123,1.22497697730118,predictions
tabpfn35,1,Phenylmercuric acetate,4,DTXSID7021150,1.2816495075184853,predictions
tabpfn35,1,Phosmet,4,DTXSID5024261,1.4085721235386641,predictions
tabpfn35,1,Picoxystrobin,4,DTXSID9047542,1.2386602504524031,predictions
tabpfn35,1,Resmethrin,4,DTXSID7022253,0.9714960520298408,predictions
tabpfn35,1,Retinoic acid,4,DTXSID7021239,1.626073640815345,predictions
tabpfn35,1,Rotenone,4,DTXSID6021248,1.361405049310626,predictions
tabpfn35,1,Sodium orthovanadate,4,DTXSID2037269,1.3180170516267875,predictions
tabpfn35,1,Tebupirimfos,4,DTXSID1032482,1.4879601259464426,predictions
tabpfn35,1,Triphenyl phosphate,4,DTXSID1021952,0.9669489760606144,predictions
tabpfn35,1,Triphenyl phosphite,4,DTXSID0026252,1.004167318528967,predictions
tabpfn35,1,Tris(2-chloroisopropyl)phosphate,4,DTXSID5026259,1.1752663377857115,predictions
tabpfn35,1,Valinomycin,4,DTXSID9041150,3.267622696299097,predictions
tabpfn35,1,tert-Butylphenyl diphenyl phosphate,4,DTXSID6024701,1.5296194463452866,predictions
tabpfn35,2,(Methylcyclopentadienyl)tricarbonylmanganese,1,DTXSID9027738,0.9663448778299081,predictions
tabpfn35,2,"1,2-Propylene glycol",1,DTXSID0021206,1.6950584844643697,predictions
tabpfn35,2,5-Chloro-2-methyl-3(2H)-isothiazolone,1,DTXSID9034286,1.6614174759218845,predictions
tabpfn35,2,5-Fluorouracil,1,DTXSID2020634,1.6936905841941208,predictions
tabpfn35,2,Acephate,1,DTXSID8023846,1.374026713792165,predictions
tabpfn35,2,Acetaminophen,1,DTXSID2020006,0.5246750969896459,predictions
tabpfn35,2,Aspirin,1,DTXSID5020108,0.8613580925768327,predictions
tabpfn35,2,Auramine hydrochloride,1,DTXSID9020114,1.6726012235512626,predictions
tabpfn35,2,Benzo[k]fluoranthene,1,DTXSID0023909,1.0121939960030844,predictions
tabpfn35,2,Berberine chloride,1,DTXSID8024602,0.956385153075554,predictions
tabpfn35,2,Bifenthrin,1,DTXSID9020160,1.2899549056837485,predictions
tabpfn35,2,Bis(tributyltin)oxide,1,parent:DTXSID3027403,2.482663339625756,predictions
tabpfn35,2,Bisindolylmaleimide I,1,DTXSID50157932,1.236722015045852,predictions
tabpfn35,2,Bisphenol A,1,DTXSID7020182,0.9687406794331791,predictions
tabpfn35,2,Busulfan,1,DTXSID3020910,0.9799055495310668,predictions
tabpfn35,2,Caffeine,1,DTXSID0020232,1.118798197529978,predictions
tabpfn35,2,Chlordiazepoxide hydrochloride,1,DTXSID40880060,1.6505720974119917,predictions
tabpfn35,2,Cyclophosphamide monohydrate,1,DTXSID6024888,1.1411344091187472,predictions
tabpfn35,2,Cymoxanil,1,DTXSID6032358,0.5694555261558624,predictions
tabpfn35,2,Diazepam,1,DTXSID4020406,1.4620517077444735,predictions
tabpfn35,2,Diazoxon,1,DTXSID5037523,1.194024250067225,predictions
tabpfn35,2,Diethylene glycol,1,DTXSID8020462,1.0044281408528466,predictions
tabpfn35,2,Diethylstilbestrol,1,DTXSID3020465,1.07780852931566,predictions
tabpfn35,2,Difpas-pyrazole,1,DTXSID6048175,1.362087652826212,predictions
tabpfn35,2,Dimethoate,1,DTXSID7020479,1.067612377322003,predictions
tabpfn35,2,Endosulfan,1,DTXSID1020560,2.1724049772147564,predictions
tabpfn35,2,Endrin,1,DTXSID6020561,1.433987734779223,predictions
tabpfn35,2,Fenitrothion,1,DTXSID4032613,0.7476108058838227,predictions
tabpfn35,2,Loperamide,1,DTXSID00880006,1.8660640558219712,predictions
tabpfn35,2,Malaoxon,1,DTXSID9020790,1.1151428910816283,predictions
tabpfn35,2,Methoxychlor,1,DTXSID9020827,1.3655412386594779,predictions
tabpfn35,2,Naled,1,DTXSID1024209,1.4492135228138932,predictions
tabpfn35,2,Oxidopamine hydrochloride,1,DTXSID0045838,1.4862724871212811,predictions
tabpfn35,2,Permethrin,1,DTXSID8022292,1.74165650640379,predictions
tabpfn35,2,PharmaGSID_47330,1,DTXSID9047330,1.1750448071607986,predictions
tabpfn35,2,Phenanthrene,1,DTXSID6024254,0.6242924897068345,predictions
tabpfn35,2,Pravastatin sodium,1,DTXSID6047525,1.918300232987265,predictions
tabpfn35,2,S-Ethyl dipropylthiocarbamate,1,DTXSID1024091,0.8130387584173555,predictions
tabpfn35,2,Sodium saccharin hydrate,1,DTXSID7021992,1.1511363597214341,predictions
tabpfn35,2,Sodium valproate,1,DTXSID5037072,1.4799237049524956,predictions
tabpfn35,2,Terbufos,1,DTXSID2022254,1.2360730442735832,predictions
tabpfn35,2,Thalidomide,1,DTXSID9022524,1.5811666861357645,predictions
tabpfn35,2,Tributyltin methacrylate,1,parent:DTXSID3027403,1.2137289985622821,predictions
tabpfn35,2,Trimethyltin hydroxide,1,DTXSID9032240,2.1120047528517896,predictions
tabpfn35,2,"Tris(1,3-dichloro-2-propyl) phosphate",1,DTXSID9026261,1.0984572396213979,predictions
tabpfn35,2,Tris(2-chloroethyl) phosphate,1,DTXSID5021411,1.5387419343186728,predictions
tabpfn35,2,Z-Tetrachlorvinphos,1,DTXSID1032648,1.454518071343702,predictions
tabpfn35,2,"p,p'-DDD",1,DTXSID4020373,1.2578940430935492,predictions
tabpfn35,2,tert-Butylhydroquinone,1,DTXSID6020220,1.183872568893557,predictions
tabpfn35,2,2-(m-Chlorophenoxy)propionic acid,2,DTXSID9034232,1.2941364351976523,predictions
tabpfn35,2,2-Ethylhexyl diphenyl phosphate,2,DTXSID1025300,1.08126309190626,predictions
tabpfn35,2,"3,3',5,5'-Tetrabromobisphenol A",2,DTXSID1026081,1.0743254138955014,predictions
tabpfn35,2,Abamectin,2,DTXSID8023892,1.3907465411170328,predictions
tabpfn35,2,Acenaphthylene,2,DTXSID3023845,0.5900978793171008,predictions
tabpfn35,2,Aldicarb,2,DTXSID0039223,1.2182453428159534,predictions
tabpfn35,2,Amoxicillin,2,DTXSID3037044,1.041383392984868,predictions
tabpfn35,2,Azoxystrobin,2,DTXSID0032520,1.2293150572777938,predictions
tabpfn35,2,Benzo[a]pyrene,2,DTXSID2020139,0.938647107596692,predictions
tabpfn35,2,Benzo[e]pyrene,2,DTXSID3023764,1.2231267319305377,predictions
tabpfn35,2,Bis(2-ethylhexyl) tetrabromophthalate,2,DTXSID7027887,1.3560951244383272,predictions
tabpfn35,2,Bisphenol AF,2,DTXSID7037717,1.0282723095170465,predictions
tabpfn35,2,Bisphenol B,2,DTXSID4022442,1.1611590459727197,predictions
tabpfn35,2,Cadmium(II) chloride hydrate (2:5),2,DTXSID4040183,2.4235620472946366,predictions
tabpfn35,2,Captan,2,DTXSID9020243,0.9522859722643224,predictions
tabpfn35,2,Carbamazepine,2,DTXSID4022731,1.0352184491327983,predictions
tabpfn35,2,Carbaryl,2,DTXSID9020247,2.358420435913417,predictions
tabpfn35,2,Cariporide mesylate,2,DTXSID3047344,1.1528609651850963,predictions
tabpfn35,2,Chloramben,2,DTXSID2020262,0.858796948855397,predictions
tabpfn35,2,Chlorpromazine hydrochloride,2,DTXSID7024827,1.6422295934128157,predictions
tabpfn35,2,Clothianidin,2,DTXSID2034465,0.770979518516178,predictions
tabpfn35,2,Dichlorvos,2,DTXSID5020449,1.1414952690670008,predictions
tabpfn35,2,Eugenol,2,DTXSID9020617,1.095817303459281,predictions
tabpfn35,2,Fipronil,2,DTXSID4034609,1.3402211966322475,predictions
tabpfn35,2,Fluorene,2,DTXSID8024105,0.5783495385742452,predictions
tabpfn35,2,Glycerol,2,DTXSID9020663,0.7508670992467579,predictions
tabpfn35,2,L-Ascorbic acid,2,DTXSID5020106,1.2089759767063746,predictions
tabpfn35,2,Lindane,2,DTXSID2020686,1.5871493955069824,predictions
tabpfn35,2,Maneb,2,DTXSID9020794,0.9361686181879977,predictions
tabpfn35,2,Manganese dichloride,2,parent:DTXSID5027279,1.2972198549781302,predictions
tabpfn35,2,Mercuric chloride,2,DTXSID5020811,1.5268682551775168,predictions
tabpfn35,2,Methamidophos,2,DTXSID6024177,0.9981981319003765,predictions
tabpfn35,2,Methylmercuric(II) chloride,2,DTXSID5020813,1.527666337127392,predictions
tabpfn35,2,Mevastatin,2,DTXSID4040684,1.44639303599999,predictions
tabpfn35,2,Mirex,2,DTXSID7020895,2.188871795285598,predictions
tabpfn35,2,"Octachloro-4,7-methanotetrahydroindane",2,DTXSID7020267,1.6785929400906212,predictions
tabpfn35,2,Parathion,2,DTXSID7021100,0.8509819291624116,predictions
tabpfn35,2,Prallethrin,2,DTXSID0032572,1.0206910019308961,predictions
tabpfn35,2,Reserpine,2,DTXSID7021237,1.6058332764032486,predictions
tabpfn35,2,Sodium arsenite,2,DTXSID5020104,2.1227556294024055,predictions
tabpfn35,2,Tebuconazole,2,DTXSID9032113,2.02122570416946,predictions
tabpfn35,2,Terbutaline hemisulfate,2,DTXSID3045437,1.1939129060854499,predictions
tabpfn35,2,Tetraethylthiuram disulfide,2,DTXSID1021322,1.2187711071035454,predictions
tabpfn35,2,Tetramethrin,2,DTXSID6032649,0.9721379162407195,predictions
tabpfn35,2,Tribufos,2,DTXSID1024174,1.6264567298264254,predictions
tabpfn35,2,Trichlorfon,2,DTXSID0021389,1.6384309370159955,predictions
tabpfn35,2,Trifloxystrobin,2,DTXSID4032580,1.4516143970406585,predictions
tabpfn35,2,Tris(methylphenyl) phosphate,2,DTXSID4021391,0.9643005756366232,predictions
tabpfn35,2,"o,p'-DDT",2,parent:DTXSID4020375,1.6184173095991834,predictions
tabpfn35,2,1-Methyl-4-phenylpyridinium iodide,3,DTXSID40880040,1.0673484009891412,predictions
tabpfn35,2,"2-Ethylhexyl 2,3,4,5-tetrabromobenzoate",3,DTXSID9052686,1.571060031987282,predictions
tabpfn35,2,3-Iodo-2-propynyl-N-butylcarbamate,3,DTXSID0028038,0.9137120287006993,predictions
tabpfn35,2,"5,5-Diphenylhydantoin",3,DTXSID8020541,0.9427096400109158,predictions
tabpfn35,2,6-Methyl-2-thiouracil,3,DTXSID2020890,1.1606726707964494,predictions
tabpfn35,2,Acenaphthene,3,DTXSID3021774,0.8811805657091609,predictions
tabpfn35,2,Allethrin,3,parent:DTXSID2039336,1.0012767030350527,predictions
tabpfn35,2,Anthracene,3,DTXSID0023878,0.8189391402045884,predictions
tabpfn35,2,Benzo(b)fluoranthene,3,DTXSID0023907,0.9089669660155796,predictions
tabpfn35,2,Carbofuran,3,DTXSID9020249,0.800875300516612,predictions
tabpfn35,2,Chlorendic acid,3,DTXSID2020268,1.0253057711217355,predictions
tabpfn35,2,Clodinafop-propargyl,3,DTXSID6032354,0.7663553347880527,predictions
tabpfn35,2,Cocaine,3,DTXSID2038443,1.0389917301987937,predictions
tabpfn35,2,Colchicine,3,DTXSID5024845,1.8777911882214657,predictions
tabpfn35,2,D-Mannitol,3,DTXSID1023235,1.2187077950993495,predictions
tabpfn35,2,DDT,3,parent:DTXSID4020375,1.7849521795006336,predictions
tabpfn35,2,Deltamethrin,3,DTXSID8020381,1.3119286143217848,predictions
tabpfn35,2,Dexamethasone,3,DTXSID3020384,1.2537711967013265,predictions
tabpfn35,2,"Dibenz[a,c]anthracene",3,DTXSID9049245,1.0111768025760406,predictions
tabpfn35,2,Dicrotophos,3,DTXSID9023914,1.0835507126938364,predictions
tabpfn35,2,Emamectin benzoate,3,DTXSID0034566,1.911570218104035,predictions
tabpfn35,2,Es-fenvalerate,3,DTXSID4032667,1.2965532700150935,predictions
tabpfn35,2,Esketamine hydrochloride,3,DTXSID601027734,1.2714258458602694,predictions
tabpfn35,2,Etofenprox,3,DTXSID9032610,1.0431050727553406,predictions
tabpfn35,2,Fenpropathrin,3,DTXSID0024002,1.1948745868992137,predictions
tabpfn35,2,Firemaster 550,3,DTXSID70880073,1.1426028313817251,predictions
tabpfn35,2,Folic acid,3,DTXSID0022519,1.2365223746287999,predictions
tabpfn35,2,Haloperidol,3,DTXSID4034150,1.2750475196202657,predictions
tabpfn35,2,Hexachlorophene,3,DTXSID6020690,1.8080301109951087,predictions
tabpfn35,2,Lead(II) acetate trihydrate,3,DTXSID3031521,1.5933144619627506,predictions
tabpfn35,2,Malathion,3,DTXSID4020791,1.1836399720982667,predictions
tabpfn35,2,Mancozeb,3,DTXSID0034695,0.7663001685194634,predictions
tabpfn35,2,Manganese(II) acetate,3,parent:DTXSID5027279,0.8370894090124207,predictions
tabpfn35,2,Naloxone hydrochloride dihydrate,3,DTXSID90199452,1.0421682414791869,predictions
tabpfn35,2,Phenol,3,DTXSID5021124,1.0952618462453623,predictions
tabpfn35,2,Phorate,3,DTXSID4032459,1.1281468359924647,predictions
tabpfn35,2,Piperonyl butoxide,3,DTXSID1021166,1.2792653295510878,predictions
tabpfn35,2,Profenofos,3,DTXSID3032464,1.328102725824186,predictions
tabpfn35,2,Pyrene,3,DTXSID3024289,0.7005298802179181,predictions
tabpfn35,2,S-Bioallethrin,3,parent:DTXSID2039336,1.0262657545538354,predictions
tabpfn35,2,Simvastatin,3,DTXSID0023581,2.0614242671474736,predictions
tabpfn35,2,Sodium fluoride,3,DTXSID2020630,0.8807634897736346,predictions
tabpfn35,2,Spiroxamine,3,DTXSID1034212,1.7094570499386101,predictions
tabpfn35,2,Tamoxifen,3,DTXSID1034187,1.5133418667985945,predictions
tabpfn35,2,Tefluthrin,3,DTXSID5032577,1.298093169039404,predictions
tabpfn35,2,Tetracycline,3,DTXSID7023645,0.8844770577305028,predictions
tabpfn35,2,Thiamethoxam,3,DTXSID2034962,0.9004765277541897,predictions
tabpfn35,2,Tributyltin chloride,3,parent:DTXSID3027403,1.2979141286002516,predictions
tabpfn35,2,Triphenyl phosphates isopropylated,3,DTXSID4028880,1.3639339029823851,predictions
tabpfn35,2,(-)-Nicotine,4,DTXSID1020930,1.358894417333191,predictions
tabpfn35,2,17beta-Estradiol,4,DTXSID0020573,0.7398506881954212,predictions
tabpfn35,2,"2,2-Bis(4-hydroxyphenyl)-1,1,1-trichloroethane",4,DTXSID8022325,1.1861879409519203,predictions
tabpfn35,2,"4,4'-Sulfonyldiphenol",4,DTXSID3022409,1.3225604661640264,predictions
tabpfn35,2,6-aminopyridine-3-carboxamide,4,DTXSID5051446,2.015167327746995,predictions
tabpfn35,2,Acetamiprid,4,DTXSID0034300,1.3050817833122197,predictions
tabpfn35,2,Atrazine,4,DTXSID9020112,0.8013219653831694,predictions
tabpfn35,2,Bensulide,4,DTXSID9032329,1.4994302096507723,predictions
tabpfn35,2,CP-409092,4,DTXSID2047276,1.0595628482499515,predictions
tabpfn35,2,Captopril,4,DTXSID1037197,1.3351280994713794,predictions
tabpfn35,2,Chlorethoxyfos,4,DTXSID2032344,1.689919643755466,predictions
tabpfn35,2,Chlorpyrifos oxon,4,DTXSID1038666,1.2940672295819073,predictions
tabpfn35,2,Chrysene,4,DTXSID0022432,0.7667601700101813,predictions
tabpfn35,2,Clove leaf oil,4,DTXSID8044175,1.3589526620147372,predictions
tabpfn35,2,Cotinine,4,DTXSID1047576,0.8026002648176744,predictions
tabpfn35,2,Coumaphos,4,DTXSID2020347,1.2947773571060832,predictions
tabpfn35,2,Cypermethrin,4,DTXSID1023998,1.2525986894784518,predictions
tabpfn35,2,D-Glucitol,4,DTXSID5023588,1.012941591549922,predictions
tabpfn35,2,Dextroamphetamine sulfate,4,DTXSID2057865,0.9815398449068391,predictions
tabpfn35,2,Di(2-ethylhexyl) phthalate,4,DTXSID5020607,1.4682397878910867,predictions
tabpfn35,2,Diazinon,4,DTXSID9020407,1.6309561220765327,predictions
tabpfn35,2,Dieldrin,4,DTXSID9020453,1.7057288868867935,predictions
tabpfn35,2,Diphenhydramine hydrochloride,4,DTXSID4020537,1.4657880536855648,predictions
tabpfn35,2,Fosthiazate,4,DTXSID0034930,1.1249543566540017,predictions
tabpfn35,2,Heptachlor epoxide B,4,DTXSID1024126,1.7902315358842646,predictions
tabpfn35,2,Imidacloprid,4,DTXSID5032442,1.3084515915532475,predictions
tabpfn35,2,Isodecyl diphenyl phosphate,4,DTXSID3025465,0.9088468407582967,predictions
tabpfn35,2,Kepone,4,DTXSID1020770,1.5361862751245243,predictions
tabpfn35,2,Methimazole,4,DTXSID4020820,1.0653117487288444,predictions
tabpfn35,2,Molinate,4,DTXSID6024206,1.007927712818241,predictions
tabpfn35,2,Octylbicycloheptenedicarboximide,4,DTXSID6032562,1.0738458837819311,predictions
tabpfn35,2,Paraquat dichloride,4,DTXSID7024243,2.312535119789477,predictions
tabpfn35,2,Perfluoroundecanoic acid,4,DTXSID8047553,1.1355976099933096,predictions
tabpfn35,2,Phenobarbital,4,parent:DTXSID0021123,0.9140078468137365,predictions
tabpfn35,2,Phenylmercuric acetate,4,DTXSID7021150,1.070248172143497,predictions
tabpfn35,2,Phosmet,4,DTXSID5024261,1.2925461154182334,predictions
tabpfn35,2,Picoxystrobin,4,DTXSID9047542,1.0106865935844627,predictions
tabpfn35,2,Resmethrin,4,DTXSID7022253,0.9741850843638543,predictions
tabpfn35,2,Retinoic acid,4,DTXSID7021239,1.5983951312716833,predictions
tabpfn35,2,Rotenone,4,DTXSID6021248,1.1623059546217596,predictions
tabpfn35,2,Sodium orthovanadate,4,DTXSID2037269,1.1167955547615702,predictions
tabpfn35,2,Tebupirimfos,4,DTXSID1032482,1.3212394732668435,predictions
tabpfn35,2,Triphenyl phosphate,4,DTXSID1021952,0.7829998998132762,predictions
tabpfn35,2,Triphenyl phosphite,4,DTXSID0026252,0.9451247882711261,predictions
tabpfn35,2,Tris(2-chloroisopropyl)phosphate,4,DTXSID5026259,1.075009849436157,predictions
tabpfn35,2,Valinomycin,4,DTXSID9041150,1.7056625743959575,predictions
tabpfn35,2,tert-Butylphenyl diphenyl phosphate,4,DTXSID6024701,1.3936507053576161,predictions
tabpfn35,3,(Methylcyclopentadienyl)tricarbonylmanganese,1,DTXSID9027738,0.920283862927062,predictions
tabpfn35,3,"1,2-Propylene glycol",1,DTXSID0021206,1.609185461808329,predictions
tabpfn35,3,5-Chloro-2-methyl-3(2H)-isothiazolone,1,DTXSID9034286,1.131955678601946,predictions
tabpfn35,3,5-Fluorouracil,1,DTXSID2020634,1.355150987514104,predictions
tabpfn35,3,Acephate,1,DTXSID8023846,1.1039724427996158,predictions
tabpfn35,3,Acetaminophen,1,DTXSID2020006,0.46007095617523996,predictions
tabpfn35,3,Aspirin,1,DTXSID5020108,0.606786010010391,predictions
tabpfn35,3,Auramine hydrochloride,1,DTXSID9020114,1.1645911155380915,predictions
tabpfn35,3,Benzo[k]fluoranthene,1,DTXSID0023909,0.9055776623281216,predictions
tabpfn35,3,Berberine chloride,1,DTXSID8024602,0.8158920729701024,predictions
tabpfn35,3,Bifenthrin,1,DTXSID9020160,1.7648670665738002,predictions
tabpfn35,3,Bis(tributyltin)oxide,1,parent:DTXSID3027403,1.9236215577637943,predictions
tabpfn35,3,Bisindolylmaleimide I,1,DTXSID50157932,0.9938434612600877,predictions
tabpfn35,3,Bisphenol A,1,DTXSID7020182,0.9364151009320507,predictions
tabpfn35,3,Busulfan,1,DTXSID3020910,0.7474565989679217,predictions
tabpfn35,3,Caffeine,1,DTXSID0020232,1.3591727111209138,predictions
tabpfn35,3,Chlordiazepoxide hydrochloride,1,DTXSID40880060,1.3700319868243336,predictions
tabpfn35,3,Cyclophosphamide monohydrate,1,DTXSID6024888,1.1683671247013538,predictions
tabpfn35,3,Cymoxanil,1,DTXSID6032358,0.6382358239773216,predictions
tabpfn35,3,Diazepam,1,DTXSID4020406,1.4808341487107604,predictions
tabpfn35,3,Diazoxon,1,DTXSID5037523,1.0135188336192298,predictions
tabpfn35,3,Diethylene glycol,1,DTXSID8020462,1.2806644324550223,predictions
tabpfn35,3,Diethylstilbestrol,1,DTXSID3020465,1.0729936683435277,predictions
tabpfn35,3,Difpas-pyrazole,1,DTXSID6048175,1.5462919815145038,predictions
tabpfn35,3,Dimethoate,1,DTXSID7020479,1.0053019064030164,predictions
tabpfn35,3,Endosulfan,1,DTXSID1020560,1.9228305358045272,predictions
tabpfn35,3,Endrin,1,DTXSID6020561,1.3697683778358503,predictions
tabpfn35,3,Fenitrothion,1,DTXSID4032613,0.8721446148079173,predictions
tabpfn35,3,Loperamide,1,DTXSID00880006,1.2666300791092333,predictions
tabpfn35,3,Malaoxon,1,DTXSID9020790,0.9840241133199864,predictions
tabpfn35,3,Methoxychlor,1,DTXSID9020827,1.4621039008979984,predictions
tabpfn35,3,Naled,1,DTXSID1024209,1.4192472532198237,predictions
tabpfn35,3,Oxidopamine hydrochloride,1,DTXSID0045838,1.126592122761815,predictions
tabpfn35,3,Permethrin,1,DTXSID8022292,1.3316543392114188,predictions
tabpfn35,3,PharmaGSID_47330,1,DTXSID9047330,1.2243918939511562,predictions
tabpfn35,3,Phenanthrene,1,DTXSID6024254,0.4989332431603624,predictions
tabpfn35,3,Pravastatin sodium,1,DTXSID6047525,1.8073118230098977,predictions
tabpfn35,3,S-Ethyl dipropylthiocarbamate,1,DTXSID1024091,0.8750545416660269,predictions
tabpfn35,3,Sodium saccharin hydrate,1,DTXSID7021992,1.3473354406919005,predictions
tabpfn35,3,Sodium valproate,1,DTXSID5037072,1.6592840308519428,predictions
tabpfn35,3,Terbufos,1,DTXSID2022254,1.8213230672517153,predictions
tabpfn35,3,Thalidomide,1,DTXSID9022524,1.5114538294467752,predictions
tabpfn35,3,Tributyltin methacrylate,1,parent:DTXSID3027403,1.0569202685920844,predictions
tabpfn35,3,Trimethyltin hydroxide,1,DTXSID9032240,2.4051624202606305,predictions
tabpfn35,3,"Tris(1,3-dichloro-2-propyl) phosphate",1,DTXSID9026261,1.439568546799036,predictions
tabpfn35,3,Tris(2-chloroethyl) phosphate,1,DTXSID5021411,1.4075211931716698,predictions
tabpfn35,3,Z-Tetrachlorvinphos,1,DTXSID1032648,1.3046779340345787,predictions
tabpfn35,3,"p,p'-DDD",1,DTXSID4020373,1.2057700645882163,predictions
tabpfn35,3,tert-Butylhydroquinone,1,DTXSID6020220,0.9556620619326287,predictions
tabpfn35,3,2-(m-Chlorophenoxy)propionic acid,2,DTXSID9034232,1.2278974314488509,predictions
tabpfn35,3,2-Ethylhexyl diphenyl phosphate,2,DTXSID1025300,1.0452842448381385,predictions
tabpfn35,3,"3,3',5,5'-Tetrabromobisphenol A",2,DTXSID1026081,0.8025649017135754,predictions
tabpfn35,3,Abamectin,2,DTXSID8023892,1.5768372971297695,predictions
tabpfn35,3,Acenaphthylene,2,DTXSID3023845,0.611774697484947,predictions
tabpfn35,3,Aldicarb,2,DTXSID0039223,1.0900880956780779,predictions
tabpfn35,3,Amoxicillin,2,DTXSID3037044,1.20238845568078,predictions
tabpfn35,3,Azoxystrobin,2,DTXSID0032520,1.252969184123465,predictions
tabpfn35,3,Benzo[a]pyrene,2,DTXSID2020139,0.8471541143631216,predictions
tabpfn35,3,Benzo[e]pyrene,2,DTXSID3023764,1.0836684503887715,predictions
tabpfn35,3,Bis(2-ethylhexyl) tetrabromophthalate,2,DTXSID7027887,1.228830134842553,predictions
tabpfn35,3,Bisphenol AF,2,DTXSID7037717,1.0945859395433364,predictions
tabpfn35,3,Bisphenol B,2,DTXSID4022442,1.038774514070572,predictions
tabpfn35,3,Cadmium(II) chloride hydrate (2:5),2,DTXSID4040183,1.1464068460793198,predictions
tabpfn35,3,Captan,2,DTXSID9020243,0.9198690940903553,predictions
tabpfn35,3,Carbamazepine,2,DTXSID4022731,1.0765904460377205,predictions
tabpfn35,3,Carbaryl,2,DTXSID9020247,2.17758842789993,predictions
tabpfn35,3,Cariporide mesylate,2,DTXSID3047344,1.0992873622903172,predictions
tabpfn35,3,Chloramben,2,DTXSID2020262,0.817568555560052,predictions
tabpfn35,3,Chlorpromazine hydrochloride,2,DTXSID7024827,1.2810339384282168,predictions
tabpfn35,3,Clothianidin,2,DTXSID2034465,0.8701036478637375,predictions
tabpfn35,3,Dichlorvos,2,DTXSID5020449,0.9073535456570472,predictions
tabpfn35,3,Eugenol,2,DTXSID9020617,1.1828190098184552,predictions
tabpfn35,3,Fipronil,2,DTXSID4034609,1.4472218505617938,predictions
tabpfn35,3,Fluorene,2,DTXSID8024105,0.6489795312509108,predictions
tabpfn35,3,Glycerol,2,DTXSID9020663,0.621218958198005,predictions
tabpfn35,3,L-Ascorbic acid,2,DTXSID5020106,1.1043629579295866,predictions
tabpfn35,3,Lindane,2,DTXSID2020686,1.612376646482009,predictions
tabpfn35,3,Maneb,2,DTXSID9020794,1.0353633929263073,predictions
tabpfn35,3,Manganese dichloride,2,parent:DTXSID5027279,1.112952957575051,predictions
tabpfn35,3,Mercuric chloride,2,DTXSID5020811,1.1928459378523322,predictions
tabpfn35,3,Methamidophos,2,DTXSID6024177,0.7816662079817862,predictions
tabpfn35,3,Methylmercuric(II) chloride,2,DTXSID5020813,1.445265924331375,predictions
tabpfn35,3,Mevastatin,2,DTXSID4040684,1.2808262892520355,predictions
tabpfn35,3,Mirex,2,DTXSID7020895,1.4357541690306523,predictions
tabpfn35,3,"Octachloro-4,7-methanotetrahydroindane",2,DTXSID7020267,1.3033472258532115,predictions
tabpfn35,3,Parathion,2,DTXSID7021100,0.9432653943815588,predictions
tabpfn35,3,Prallethrin,2,DTXSID0032572,1.069439771453008,predictions
tabpfn35,3,Reserpine,2,DTXSID7021237,1.9842421956937906,predictions
tabpfn35,3,Sodium arsenite,2,DTXSID5020104,1.9679366592149077,predictions
tabpfn35,3,Tebuconazole,2,DTXSID9032113,2.0740653695498823,predictions
tabpfn35,3,Terbutaline hemisulfate,2,DTXSID3045437,0.8573949479430356,predictions
tabpfn35,3,Tetraethylthiuram disulfide,2,DTXSID1021322,1.1230882393058663,predictions
tabpfn35,3,Tetramethrin,2,DTXSID6032649,0.8129680111216873,predictions
tabpfn35,3,Tribufos,2,DTXSID1024174,1.3894205164536504,predictions
tabpfn35,3,Trichlorfon,2,DTXSID0021389,1.29320739239256,predictions
tabpfn35,3,Trifloxystrobin,2,DTXSID4032580,1.1188608651892618,predictions
tabpfn35,3,Tris(methylphenyl) phosphate,2,DTXSID4021391,0.8888857152488587,predictions
tabpfn35,3,"o,p'-DDT",2,parent:DTXSID4020375,1.5965964849514012,predictions
tabpfn35,3,1-Methyl-4-phenylpyridinium iodide,3,DTXSID40880040,1.1138864421534775,predictions
tabpfn35,3,"2-Ethylhexyl 2,3,4,5-tetrabromobenzoate",3,DTXSID9052686,1.745760145145546,predictions
tabpfn35,3,3-Iodo-2-propynyl-N-butylcarbamate,3,DTXSID0028038,0.9968558908801345,predictions
tabpfn35,3,"5,5-Diphenylhydantoin",3,DTXSID8020541,0.8984159915382162,predictions
tabpfn35,3,6-Methyl-2-thiouracil,3,DTXSID2020890,1.0782078568043918,predictions
tabpfn35,3,Acenaphthene,3,DTXSID3021774,0.9071753795078175,predictions
tabpfn35,3,Allethrin,3,parent:DTXSID2039336,1.1359090280055342,predictions
tabpfn35,3,Anthracene,3,DTXSID0023878,0.9566681586012665,predictions
tabpfn35,3,Benzo(b)fluoranthene,3,DTXSID0023907,0.8918559801825895,predictions
tabpfn35,3,Carbofuran,3,DTXSID9020249,0.9892548085976781,predictions
tabpfn35,3,Chlorendic acid,3,DTXSID2020268,0.8738034115719456,predictions
tabpfn35,3,Clodinafop-propargyl,3,DTXSID6032354,0.6728951153033961,predictions
tabpfn35,3,Cocaine,3,DTXSID2038443,0.8385720654876504,predictions
tabpfn35,3,Colchicine,3,DTXSID5024845,1.6863784685405185,predictions
tabpfn35,3,D-Mannitol,3,DTXSID1023235,0.9939883339971851,predictions
tabpfn35,3,DDT,3,parent:DTXSID4020375,1.0911677277491378,predictions
tabpfn35,3,Deltamethrin,3,DTXSID8020381,1.510659229182703,predictions
tabpfn35,3,Dexamethasone,3,DTXSID3020384,0.995702717276869,predictions
tabpfn35,3,"Dibenz[a,c]anthracene",3,DTXSID9049245,1.0623028100450203,predictions
tabpfn35,3,Dicrotophos,3,DTXSID9023914,0.8783495682177056,predictions
tabpfn35,3,Emamectin benzoate,3,DTXSID0034566,1.5031420619260252,predictions
tabpfn35,3,Es-fenvalerate,3,DTXSID4032667,1.0050037220512043,predictions
tabpfn35,3,Esketamine hydrochloride,3,DTXSID601027734,1.1918065911214222,predictions
tabpfn35,3,Etofenprox,3,DTXSID9032610,1.0155002177101404,predictions
tabpfn35,3,Fenpropathrin,3,DTXSID0024002,1.1007043504937768,predictions
tabpfn35,3,Firemaster 550,3,DTXSID70880073,1.0705666786119008,predictions
tabpfn35,3,Folic acid,3,DTXSID0022519,1.1382674823947407,predictions
tabpfn35,3,Haloperidol,3,DTXSID4034150,1.4704576252219355,predictions
tabpfn35,3,Hexachlorophene,3,DTXSID6020690,1.4317845231363768,predictions
tabpfn35,3,Lead(II) acetate trihydrate,3,DTXSID3031521,1.808553700540727,predictions
tabpfn35,3,Malathion,3,DTXSID4020791,1.1965019864647628,predictions
tabpfn35,3,Mancozeb,3,DTXSID0034695,0.7110831724248708,predictions
tabpfn35,3,Manganese(II) acetate,3,parent:DTXSID5027279,0.8188380363455146,predictions
tabpfn35,3,Naloxone hydrochloride dihydrate,3,DTXSID90199452,1.0808773151315607,predictions
tabpfn35,3,Phenol,3,DTXSID5021124,1.0462178847965942,predictions
tabpfn35,3,Phorate,3,DTXSID4032459,1.3864005920477251,predictions
tabpfn35,3,Piperonyl butoxide,3,DTXSID1021166,1.1544926837699285,predictions
tabpfn35,3,Profenofos,3,DTXSID3032464,1.166134907782891,predictions
tabpfn35,3,Pyrene,3,DTXSID3024289,0.6483109979077928,predictions
tabpfn35,3,S-Bioallethrin,3,parent:DTXSID2039336,1.1299930901356101,predictions
tabpfn35,3,Simvastatin,3,DTXSID0023581,1.753697194719231,predictions
tabpfn35,3,Sodium fluoride,3,DTXSID2020630,0.9082387303777798,predictions
tabpfn35,3,Spiroxamine,3,DTXSID1034212,1.678132751720017,predictions
tabpfn35,3,Tamoxifen,3,DTXSID1034187,1.2886354125092356,predictions
tabpfn35,3,Tefluthrin,3,DTXSID5032577,1.0429719299523863,predictions
tabpfn35,3,Tetracycline,3,DTXSID7023645,0.8875091872915186,predictions
tabpfn35,3,Thiamethoxam,3,DTXSID2034962,0.8101275890884597,predictions
tabpfn35,3,Tributyltin chloride,3,parent:DTXSID3027403,1.0682224960048319,predictions
tabpfn35,3,Triphenyl phosphates isopropylated,3,DTXSID4028880,1.2831676448413833,predictions
tabpfn35,3,(-)-Nicotine,4,DTXSID1020930,1.2825698303970576,predictions
tabpfn35,3,17beta-Estradiol,4,DTXSID0020573,0.775133333386524,predictions
tabpfn35,3,"2,2-Bis(4-hydroxyphenyl)-1,1,1-trichloroethane",4,DTXSID8022325,1.0873089825134263,predictions
tabpfn35,3,"4,4'-Sulfonyldiphenol",4,DTXSID3022409,1.141150239227624,predictions
tabpfn35,3,6-aminopyridine-3-carboxamide,4,DTXSID5051446,1.4610128508128195,predictions
tabpfn35,3,Acetamiprid,4,DTXSID0034300,1.30844102530605,predictions
tabpfn35,3,Atrazine,4,DTXSID9020112,0.79572877464662,predictions
tabpfn35,3,Bensulide,4,DTXSID9032329,1.2806333895683106,predictions
tabpfn35,3,CP-409092,4,DTXSID2047276,1.0153767808455065,predictions
tabpfn35,3,Captopril,4,DTXSID1037197,1.3594968118498536,predictions
tabpfn35,3,Chlorethoxyfos,4,DTXSID2032344,1.7092145846473397,predictions
tabpfn35,3,Chlorpyrifos oxon,4,DTXSID1038666,1.291374058028043,predictions
tabpfn35,3,Chrysene,4,DTXSID0022432,0.7411288496267988,predictions
tabpfn35,3,Clove leaf oil,4,DTXSID8044175,1.265900258571292,predictions
tabpfn35,3,Cotinine,4,DTXSID1047576,0.7875462979860782,predictions
tabpfn35,3,Coumaphos,4,DTXSID2020347,1.4385039327922469,predictions
tabpfn35,3,Cypermethrin,4,DTXSID1023998,1.1748426956355495,predictions
tabpfn35,3,D-Glucitol,4,DTXSID5023588,0.9107252947739806,predictions
tabpfn35,3,Dextroamphetamine sulfate,4,DTXSID2057865,1.0070267133892892,predictions
tabpfn35,3,Di(2-ethylhexyl) phthalate,4,DTXSID5020607,1.363013432185823,predictions
tabpfn35,3,Diazinon,4,DTXSID9020407,1.5168244196361271,predictions
tabpfn35,3,Dieldrin,4,DTXSID9020453,1.6290164848480408,predictions
tabpfn35,3,Diphenhydramine hydrochloride,4,DTXSID4020537,1.2273454051334007,predictions
tabpfn35,3,Fosthiazate,4,DTXSID0034930,0.9444830371399682,predictions
tabpfn35,3,Heptachlor epoxide B,4,DTXSID1024126,1.9725419161654003,predictions
tabpfn35,3,Imidacloprid,4,DTXSID5032442,1.1129242812174316,predictions
tabpfn35,3,Isodecyl diphenyl phosphate,4,DTXSID3025465,0.6994606530171655,predictions
tabpfn35,3,Kepone,4,DTXSID1020770,1.3667160650448937,predictions
tabpfn35,3,Methimazole,4,DTXSID4020820,1.2506263269852644,predictions
tabpfn35,3,Molinate,4,DTXSID6024206,1.0513633683286576,predictions
tabpfn35,3,Octylbicycloheptenedicarboximide,4,DTXSID6032562,1.0636674230635514,predictions
tabpfn35,3,Paraquat dichloride,4,DTXSID7024243,1.3425126766458366,predictions
tabpfn35,3,Perfluoroundecanoic acid,4,DTXSID8047553,1.2662015275129845,predictions
tabpfn35,3,Phenobarbital,4,parent:DTXSID0021123,0.9695236716675224,predictions
tabpfn35,3,Phenylmercuric acetate,4,DTXSID7021150,0.8974205272904097,predictions
tabpfn35,3,Phosmet,4,DTXSID5024261,1.4364999889340557,predictions
tabpfn35,3,Picoxystrobin,4,DTXSID9047542,1.0144933498175739,predictions
tabpfn35,3,Resmethrin,4,DTXSID7022253,0.95359081262993,predictions
tabpfn35,3,Retinoic acid,4,DTXSID7021239,1.5440805977879495,predictions
tabpfn35,3,Rotenone,4,DTXSID6021248,1.1801936194511355,predictions
tabpfn35,3,Sodium orthovanadate,4,DTXSID2037269,1.0580828062779655,predictions
tabpfn35,3,Tebupirimfos,4,DTXSID1032482,1.6501532515527813,predictions
tabpfn35,3,Triphenyl phosphate,4,DTXSID1021952,0.741460591650741,predictions
tabpfn35,3,Triphenyl phosphite,4,DTXSID0026252,0.8394213406880077,predictions
tabpfn35,3,Tris(2-chloroisopropyl)phosphate,4,DTXSID5026259,0.8053196412183512,predictions
tabpfn35,3,Valinomycin,4,DTXSID9041150,1.8955262145366631,predictions
tabpfn35,3,tert-Butylphenyl diphenyl phosphate,4,DTXSID6024701,1.2781883796762414,predictions
tabpfn35,4,(Methylcyclopentadienyl)tricarbonylmanganese,1,DTXSID9027738,0.8361124308815784,predictions
tabpfn35,4,"1,2-Propylene glycol",1,DTXSID0021206,1.7814348043987434,predictions
tabpfn35,4,5-Chloro-2-methyl-3(2H)-isothiazolone,1,DTXSID9034286,1.3195041941138954,predictions
tabpfn35,4,5-Fluorouracil,1,DTXSID2020634,1.352102087818285,predictions
tabpfn35,4,Acephate,1,DTXSID8023846,1.4125489706488488,predictions
tabpfn35,4,Acetaminophen,1,DTXSID2020006,0.46091104396957594,predictions
tabpfn35,4,Aspirin,1,DTXSID5020108,0.6063305086284687,predictions
tabpfn35,4,Auramine hydrochloride,1,DTXSID9020114,0.9962712197459185,predictions
tabpfn35,4,Benzo[k]fluoranthene,1,DTXSID0023909,0.8630154635148107,predictions
tabpfn35,4,Berberine chloride,1,DTXSID8024602,0.8966899340092391,predictions
tabpfn35,4,Bifenthrin,1,DTXSID9020160,1.139602036463825,predictions
tabpfn35,4,Bis(tributyltin)oxide,1,parent:DTXSID3027403,1.120125431267804,predictions
tabpfn35,4,Bisindolylmaleimide I,1,DTXSID50157932,0.9185971211999258,predictions
tabpfn35,4,Bisphenol A,1,DTXSID7020182,0.9662166281077205,predictions
tabpfn35,4,Busulfan,1,DTXSID3020910,0.6749515916274846,predictions
tabpfn35,4,Caffeine,1,DTXSID0020232,1.1873565326712516,predictions
tabpfn35,4,Chlordiazepoxide hydrochloride,1,DTXSID40880060,1.8031903470545778,predictions
tabpfn35,4,Cyclophosphamide monohydrate,1,DTXSID6024888,1.178512616490012,predictions
tabpfn35,4,Cymoxanil,1,DTXSID6032358,0.5166188970503027,predictions
tabpfn35,4,Diazepam,1,DTXSID4020406,1.5324377391976522,predictions
tabpfn35,4,Diazoxon,1,DTXSID5037523,1.2254286308164126,predictions
tabpfn35,4,Diethylene glycol,1,DTXSID8020462,1.2124698980397375,predictions
tabpfn35,4,Diethylstilbestrol,1,DTXSID3020465,1.1715940293582687,predictions
tabpfn35,4,Difpas-pyrazole,1,DTXSID6048175,1.3537415699237387,predictions
tabpfn35,4,Dimethoate,1,DTXSID7020479,1.0607336727121057,predictions
tabpfn35,4,Endosulfan,1,DTXSID1020560,1.760734656900965,predictions
tabpfn35,4,Endrin,1,DTXSID6020561,1.2396101686374152,predictions
tabpfn35,4,Fenitrothion,1,DTXSID4032613,0.6584071662328257,predictions
tabpfn35,4,Loperamide,1,DTXSID00880006,1.34904413766272,predictions
tabpfn35,4,Malaoxon,1,DTXSID9020790,0.957095362036363,predictions
tabpfn35,4,Methoxychlor,1,DTXSID9020827,1.472799242300022,predictions
tabpfn35,4,Naled,1,DTXSID1024209,1.4963670144380479,predictions
tabpfn35,4,Oxidopamine hydrochloride,1,DTXSID0045838,1.1557128451844192,predictions
tabpfn35,4,Permethrin,1,DTXSID8022292,1.3521110062426078,predictions
tabpfn35,4,PharmaGSID_47330,1,DTXSID9047330,1.1752927759543579,predictions
tabpfn35,4,Phenanthrene,1,DTXSID6024254,0.4901529183366504,predictions
tabpfn35,4,Pravastatin sodium,1,DTXSID6047525,1.4390843065584344,predictions
tabpfn35,4,S-Ethyl dipropylthiocarbamate,1,DTXSID1024091,0.7185825049229217,predictions
tabpfn35,4,Sodium saccharin hydrate,1,DTXSID7021992,0.9952993389542952,predictions
tabpfn35,4,Sodium valproate,1,DTXSID5037072,1.0287862642405008,predictions
tabpfn35,4,Terbufos,1,DTXSID2022254,1.171672359504159,predictions
tabpfn35,4,Thalidomide,1,DTXSID9022524,2.0347626835027017,predictions
tabpfn35,4,Tributyltin methacrylate,1,parent:DTXSID3027403,1.1521449436367144,predictions
tabpfn35,4,Trimethyltin hydroxide,1,DTXSID9032240,1.7849525323549145,predictions
tabpfn35,4,"Tris(1,3-dichloro-2-propyl) phosphate",1,DTXSID9026261,1.0329696498640843,predictions
tabpfn35,4,Tris(2-chloroethyl) phosphate,1,DTXSID5021411,1.409136243997526,predictions
tabpfn35,4,Z-Tetrachlorvinphos,1,DTXSID1032648,1.4589200930224977,predictions
tabpfn35,4,"p,p'-DDD",1,DTXSID4020373,1.3465633100857348,predictions
tabpfn35,4,tert-Butylhydroquinone,1,DTXSID6020220,1.1986941133706364,predictions
tabpfn35,4,2-(m-Chlorophenoxy)propionic acid,2,DTXSID9034232,1.2219486516436218,predictions
tabpfn35,4,2-Ethylhexyl diphenyl phosphate,2,DTXSID1025300,1.234473663538252,predictions
tabpfn35,4,"3,3',5,5'-Tetrabromobisphenol A",2,DTXSID1026081,0.7666100616811871,predictions
tabpfn35,4,Abamectin,2,DTXSID8023892,1.5533968490130783,predictions
tabpfn35,4,Acenaphthylene,2,DTXSID3023845,0.6126376040861531,predictions
tabpfn35,4,Aldicarb,2,DTXSID0039223,1.30643034715081,predictions
tabpfn35,4,Amoxicillin,2,DTXSID3037044,1.0269606976153767,predictions
tabpfn35,4,Azoxystrobin,2,DTXSID0032520,1.23699846888722,predictions
tabpfn35,4,Benzo[a]pyrene,2,DTXSID2020139,1.0006883167730847,predictions
tabpfn35,4,Benzo[e]pyrene,2,DTXSID3023764,1.2607812634276363,predictions
tabpfn35,4,Bis(2-ethylhexyl) tetrabromophthalate,2,DTXSID7027887,1.1277612107918413,predictions
tabpfn35,4,Bisphenol AF,2,DTXSID7037717,0.9690134056577395,predictions
tabpfn35,4,Bisphenol B,2,DTXSID4022442,1.0742281650814158,predictions
tabpfn35,4,Cadmium(II) chloride hydrate (2:5),2,DTXSID4040183,1.7355797372627488,predictions
tabpfn35,4,Captan,2,DTXSID9020243,0.7191130788081125,predictions
tabpfn35,4,Carbamazepine,2,DTXSID4022731,0.9444312792871807,predictions
tabpfn35,4,Carbaryl,2,DTXSID9020247,2.1120980635118105,predictions
tabpfn35,4,Cariporide mesylate,2,DTXSID3047344,1.0639382411316363,predictions
tabpfn35,4,Chloramben,2,DTXSID2020262,0.7966663471796245,predictions
tabpfn35,4,Chlorpromazine hydrochloride,2,DTXSID7024827,0.9964004477941018,predictions
tabpfn35,4,Clothianidin,2,DTXSID2034465,0.7498053373277163,predictions
tabpfn35,4,Dichlorvos,2,DTXSID5020449,1.0389682886776692,predictions
tabpfn35,4,Eugenol,2,DTXSID9020617,0.9572296613958988,predictions
tabpfn35,4,Fipronil,2,DTXSID4034609,1.3315901749320027,predictions
tabpfn35,4,Fluorene,2,DTXSID8024105,0.5777002051934284,predictions
tabpfn35,4,Glycerol,2,DTXSID9020663,0.6683550402689677,predictions
tabpfn35,4,L-Ascorbic acid,2,DTXSID5020106,0.8433756591862236,predictions
tabpfn35,4,Lindane,2,DTXSID2020686,1.5526447424904828,predictions
tabpfn35,4,Maneb,2,DTXSID9020794,0.882491333440386,predictions
tabpfn35,4,Manganese dichloride,2,parent:DTXSID5027279,1.1533231091937712,predictions
tabpfn35,4,Mercuric chloride,2,DTXSID5020811,1.1331011236486432,predictions
tabpfn35,4,Methamidophos,2,DTXSID6024177,0.7851972421355039,predictions
tabpfn35,4,Methylmercuric(II) chloride,2,DTXSID5020813,1.222083055008144,predictions
tabpfn35,4,Mevastatin,2,DTXSID4040684,1.5420509694312954,predictions
tabpfn35,4,Mirex,2,DTXSID7020895,1.8266017860268502,predictions
tabpfn35,4,"Octachloro-4,7-methanotetrahydroindane",2,DTXSID7020267,1.2525663588285223,predictions
tabpfn35,4,Parathion,2,DTXSID7021100,0.858639030138147,predictions
tabpfn35,4,Prallethrin,2,DTXSID0032572,0.9094341193369063,predictions
tabpfn35,4,Reserpine,2,DTXSID7021237,1.5272067164077112,predictions
tabpfn35,4,Sodium arsenite,2,DTXSID5020104,2.008105134038023,predictions
tabpfn35,4,Tebuconazole,2,DTXSID9032113,2.0086469019049935,predictions
tabpfn35,4,Terbutaline hemisulfate,2,DTXSID3045437,0.8457783944561952,predictions
tabpfn35,4,Tetraethylthiuram disulfide,2,DTXSID1021322,0.8031466741774022,predictions
tabpfn35,4,Tetramethrin,2,DTXSID6032649,0.7707294365507439,predictions
tabpfn35,4,Tribufos,2,DTXSID1024174,1.2467030436389295,predictions
tabpfn35,4,Trichlorfon,2,DTXSID0021389,1.210819664824144,predictions
tabpfn35,4,Trifloxystrobin,2,DTXSID4032580,0.7715934003154509,predictions
tabpfn35,4,Tris(methylphenyl) phosphate,2,DTXSID4021391,0.8956930952141,predictions
tabpfn35,4,"o,p'-DDT",2,parent:DTXSID4020375,1.4279009183016422,predictions
tabpfn35,4,1-Methyl-4-phenylpyridinium iodide,3,DTXSID40880040,1.0660169195051161,predictions
tabpfn35,4,"2-Ethylhexyl 2,3,4,5-tetrabromobenzoate",3,DTXSID9052686,1.28702486644683,predictions
tabpfn35,4,3-Iodo-2-propynyl-N-butylcarbamate,3,DTXSID0028038,0.559575396704774,predictions
tabpfn35,4,"5,5-Diphenylhydantoin",3,DTXSID8020541,0.85055970085841,predictions
tabpfn35,4,6-Methyl-2-thiouracil,3,DTXSID2020890,1.0554815064503889,predictions
tabpfn35,4,Acenaphthene,3,DTXSID3021774,0.7642309772847244,predictions
tabpfn35,4,Allethrin,3,parent:DTXSID2039336,0.9820960856382177,predictions
tabpfn35,4,Anthracene,3,DTXSID0023878,0.7966600987453868,predictions
tabpfn35,4,Benzo(b)fluoranthene,3,DTXSID0023907,0.8394955303238618,predictions
tabpfn35,4,Carbofuran,3,DTXSID9020249,0.8306386662706888,predictions
tabpfn35,4,Chlorendic acid,3,DTXSID2020268,0.8311444328332176,predictions
tabpfn35,4,Clodinafop-propargyl,3,DTXSID6032354,0.748270935176521,predictions
tabpfn35,4,Cocaine,3,DTXSID2038443,0.9653579540681847,predictions
tabpfn35,4,Colchicine,3,DTXSID5024845,0.39950290053594395,predictions
tabpfn35,4,D-Mannitol,3,DTXSID1023235,0.9912517431642053,predictions
tabpfn35,4,DDT,3,parent:DTXSID4020375,1.254487043116542,predictions
tabpfn35,4,Deltamethrin,3,DTXSID8020381,1.3524379795787655,predictions
tabpfn35,4,Dexamethasone,3,DTXSID3020384,1.0206766750961684,predictions
tabpfn35,4,"Dibenz[a,c]anthracene",3,DTXSID9049245,0.9391029658596193,predictions
tabpfn35,4,Dicrotophos,3,DTXSID9023914,0.8786864419183882,predictions
tabpfn35,4,Emamectin benzoate,3,DTXSID0034566,1.5548814160396953,predictions
tabpfn35,4,Es-fenvalerate,3,DTXSID4032667,1.126481457694958,predictions
tabpfn35,4,Esketamine hydrochloride,3,DTXSID601027734,1.0603351631905302,predictions
tabpfn35,4,Etofenprox,3,DTXSID9032610,0.857535774184947,predictions
tabpfn35,4,Fenpropathrin,3,DTXSID0024002,1.134186776076088,predictions
tabpfn35,4,Firemaster 550,3,DTXSID70880073,1.0891025071495044,predictions
tabpfn35,4,Folic acid,3,DTXSID0022519,1.2120806278973515,predictions
tabpfn35,4,Haloperidol,3,DTXSID4034150,1.143896197256898,predictions
tabpfn35,4,Hexachlorophene,3,DTXSID6020690,1.3862619487031618,predictions
tabpfn35,4,Lead(II) acetate trihydrate,3,DTXSID3031521,1.6044664232803263,predictions
tabpfn35,4,Malathion,3,DTXSID4020791,1.1013692567739999,predictions
tabpfn35,4,Mancozeb,3,DTXSID0034695,0.6830491247323615,predictions
tabpfn35,4,Manganese(II) acetate,3,parent:DTXSID5027279,0.7997670453972209,predictions
tabpfn35,4,Naloxone hydrochloride dihydrate,3,DTXSID90199452,0.9283412534951889,predictions
tabpfn35,4,Phenol,3,DTXSID5021124,0.9419696956096647,predictions
tabpfn35,4,Phorate,3,DTXSID4032459,1.4048924162217644,predictions
tabpfn35,4,Piperonyl butoxide,3,DTXSID1021166,1.4212939700995832,predictions
tabpfn35,4,Profenofos,3,DTXSID3032464,1.2874418126940437,predictions
tabpfn35,4,Pyrene,3,DTXSID3024289,0.6781249735213667,predictions
tabpfn35,4,S-Bioallethrin,3,parent:DTXSID2039336,1.0609834833101726,predictions
tabpfn35,4,Simvastatin,3,DTXSID0023581,1.6459949163660081,predictions
tabpfn35,4,Sodium fluoride,3,DTXSID2020630,0.835562192903766,predictions
tabpfn35,4,Spiroxamine,3,DTXSID1034212,1.53116500535331,predictions
tabpfn35,4,Tamoxifen,3,DTXSID1034187,1.2962125351746079,predictions
tabpfn35,4,Tefluthrin,3,DTXSID5032577,1.036923913821832,predictions
tabpfn35,4,Tetracycline,3,DTXSID7023645,0.9168645126048652,predictions
tabpfn35,4,Thiamethoxam,3,DTXSID2034962,1.0086243302332938,predictions
tabpfn35,4,Tributyltin chloride,3,parent:DTXSID3027403,0.9069963943486143,predictions
tabpfn35,4,Triphenyl phosphates isopropylated,3,DTXSID4028880,1.412218813019663,predictions
tabpfn35,4,(-)-Nicotine,4,DTXSID1020930,1.2657265033612397,predictions
tabpfn35,4,17beta-Estradiol,4,DTXSID0020573,0.6727431917227031,predictions
tabpfn35,4,"2,2-Bis(4-hydroxyphenyl)-1,1,1-trichloroethane",4,DTXSID8022325,1.1506205995803331,predictions
tabpfn35,4,"4,4'-Sulfonyldiphenol",4,DTXSID3022409,1.0694000793593108,predictions
tabpfn35,4,6-aminopyridine-3-carboxamide,4,DTXSID5051446,1.3662685034744881,predictions
tabpfn35,4,Acetamiprid,4,DTXSID0034300,1.362041668608629,predictions
tabpfn35,4,Atrazine,4,DTXSID9020112,0.7678486086923354,predictions
tabpfn35,4,Bensulide,4,DTXSID9032329,1.425265556032967,predictions
tabpfn35,4,CP-409092,4,DTXSID2047276,1.0058777232172775,predictions
tabpfn35,4,Captopril,4,DTXSID1037197,1.218004499472848,predictions
tabpfn35,4,Chlorethoxyfos,4,DTXSID2032344,1.0804342602363617,predictions
tabpfn35,4,Chlorpyrifos oxon,4,DTXSID1038666,1.2706800436626433,predictions
tabpfn35,4,Chrysene,4,DTXSID0022432,0.7298764970817619,predictions
tabpfn35,4,Clove leaf oil,4,DTXSID8044175,1.296840229610919,predictions
tabpfn35,4,Cotinine,4,DTXSID1047576,0.746487277937063,predictions
tabpfn35,4,Coumaphos,4,DTXSID2020347,1.4636102676435647,predictions
tabpfn35,4,Cypermethrin,4,DTXSID1023998,1.0403653584589434,predictions
tabpfn35,4,D-Glucitol,4,DTXSID5023588,1.10991414690757,predictions
tabpfn35,4,Dextroamphetamine sulfate,4,DTXSID2057865,0.8041614477409423,predictions
tabpfn35,4,Di(2-ethylhexyl) phthalate,4,DTXSID5020607,1.4052748993760305,predictions
tabpfn35,4,Diazinon,4,DTXSID9020407,1.333078684388106,predictions
tabpfn35,4,Dieldrin,4,DTXSID9020453,2.239776987000421,predictions
tabpfn35,4,Diphenhydramine hydrochloride,4,DTXSID4020537,1.0427437547033258,predictions
tabpfn35,4,Fosthiazate,4,DTXSID0034930,0.9111893322560851,predictions
tabpfn35,4,Heptachlor epoxide B,4,DTXSID1024126,1.7396525113340942,predictions
tabpfn35,4,Imidacloprid,4,DTXSID5032442,1.4347661940380336,predictions
tabpfn35,4,Isodecyl diphenyl phosphate,4,DTXSID3025465,0.9020189187093643,predictions
tabpfn35,4,Kepone,4,DTXSID1020770,1.1531007408010687,predictions
tabpfn35,4,Methimazole,4,DTXSID4020820,1.1880235102811771,predictions
tabpfn35,4,Molinate,4,DTXSID6024206,0.906110491579238,predictions
tabpfn35,4,Octylbicycloheptenedicarboximide,4,DTXSID6032562,1.0345470680960207,predictions
tabpfn35,4,Paraquat dichloride,4,DTXSID7024243,1.8464782926377397,predictions
tabpfn35,4,Perfluoroundecanoic acid,4,DTXSID8047553,0.9230396296405576,predictions
tabpfn35,4,Phenobarbital,4,parent:DTXSID0021123,0.9526353813021629,predictions
tabpfn35,4,Phenylmercuric acetate,4,DTXSID7021150,0.871474048523937,predictions
tabpfn35,4,Phosmet,4,DTXSID5024261,1.011019595880062,predictions
tabpfn35,4,Picoxystrobin,4,DTXSID9047542,0.8094854159197962,predictions
tabpfn35,4,Resmethrin,4,DTXSID7022253,0.9459972137578898,predictions
tabpfn35,4,Retinoic acid,4,DTXSID7021239,1.406994328835637,predictions
tabpfn35,4,Rotenone,4,DTXSID6021248,0.9625671954410329,predictions
tabpfn35,4,Sodium orthovanadate,4,DTXSID2037269,1.155594601002509,predictions
tabpfn35,4,Tebupirimfos,4,DTXSID1032482,1.8382192336532028,predictions
tabpfn35,4,Triphenyl phosphate,4,DTXSID1021952,0.7666621506122335,predictions
tabpfn35,4,Triphenyl phosphite,4,DTXSID0026252,0.8831752829470734,predictions
tabpfn35,4,Tris(2-chloroisopropyl)phosphate,4,DTXSID5026259,0.7899045091082373,predictions
tabpfn35,4,Valinomycin,4,DTXSID9041150,2.179776524949552,predictions
tabpfn35,4,tert-Butylphenyl diphenyl phosphate,4,DTXSID6024701,1.3681873679261045,predictions
