drug_group,outer_fold,policy,substances,designs,reports,wrong_reports,stage1_reports,stage2_reports,completed,wells_initial,wells_added,wells_completion,wells_used,wells_full,report_rate,wrong_report_loss
DTXSID0020232,1,fixed_maximin,1,5,2.0,0.0,2.0,0.0,3.0,45,9.0,27.0,81.0,105,0.4,0.0
DTXSID0020232,1,gp_ivr,1,5,2.0,0.0,2.0,0.0,3.0,45,9.0,27.0,81.0,105,0.4,0.0
DTXSID0020232,1,gp_var,1,5,2.0,0.0,2.0,0.0,3.0,45,9.0,27.0,81.0,105,0.4,0.0
DTXSID0020232,1,highest_unmeasured,1,5,2.0,0.0,2.0,0.0,3.0,45,9.0,27.0,81.0,105,0.4,0.0
DTXSID0020232,1,hill_var,1,5,2.0,0.0,2.0,0.0,3.0,45,9.0,27.0,81.0,105,0.4,0.0
DTXSID0020232,1,model_disagreement,1,5,2.0,0.0,2.0,0.0,3.0,45,9.0,27.0,81.0,105,0.4,0.0
DTXSID0020232,1,nested_anchorboost,1,5,2,0,2,0,3,45,0,36,81,105,0.4,0.0
DTXSID0020232,1,nested_measured_only,1,5,2,0,2,0,3,45,0,36,81,105,0.4,0.0
DTXSID0020232,1,uniform_random,1,5,2.75,0.0,2.0,0.75,2.25,45,9.0,20.25,74.25,105,0.55,0.0
DTXSID0020573,4,fixed_maximin,1,5,5.0,3.0,5.0,0.0,0.0,126,0.0,0.0,126.0,315,1.0,0.6
DTXSID0020573,4,gp_ivr,1,5,5.0,3.0,5.0,0.0,0.0,126,0.0,0.0,126.0,315,1.0,0.6
DTXSID0020573,4,gp_var,1,5,5.0,3.0,5.0,0.0,0.0,126,0.0,0.0,126.0,315,1.0,0.6
DTXSID0020573,4,highest_unmeasured,1,5,5.0,3.0,5.0,0.0,0.0,126,0.0,0.0,126.0,315,1.0,0.6
DTXSID0020573,4,hill_var,1,5,5.0,3.0,5.0,0.0,0.0,126,0.0,0.0,126.0,315,1.0,0.6
DTXSID0020573,4,model_disagreement,1,5,5.0,3.0,5.0,0.0,0.0,126,0.0,0.0,126.0,315,1.0,0.6
DTXSID0020573,4,nested_anchorboost,1,5,5,3,5,0,0,126,0,0,126,315,1.0,0.6
DTXSID0020573,4,nested_measured_only,1,5,5,4,5,0,0,126,0,0,126,315,1.0,0.8
DTXSID0020573,4,uniform_random,1,5,5.0,3.0,5.0,0.0,0.0,126,0.0,0.0,126.0,315,1.0,0.6
DTXSID0021206,1,fixed_maximin,1,5,5.0,1.0,5.0,0.0,0.0,45,0.0,0.0,45.0,105,1.0,0.2
DTXSID0021206,1,gp_ivr,1,5,5.0,1.0,5.0,0.0,0.0,45,0.0,0.0,45.0,105,1.0,0.2
DTXSID0021206,1,gp_var,1,5,5.0,1.0,5.0,0.0,0.0,45,0.0,0.0,45.0,105,1.0,0.2
DTXSID0021206,1,highest_unmeasured,1,5,5.0,1.0,5.0,0.0,0.0,45,0.0,0.0,45.0,105,1.0,0.2
DTXSID0021206,1,hill_var,1,5,5.0,1.0,5.0,0.0,0.0,45,0.0,0.0,45.0,105,1.0,0.2
DTXSID0021206,1,model_disagreement,1,5,5.0,1.0,5.0,0.0,0.0,45,0.0,0.0,45.0,105,1.0,0.2
DTXSID0021206,1,nested_anchorboost,1,5,5,1,5,0,0,45,0,0,45,105,1.0,0.2
DTXSID0021206,1,nested_measured_only,1,5,5,1,5,0,0,45,0,0,45,105,1.0,0.2
DTXSID0021206,1,uniform_random,1,5,5.0,1.0,5.0,0.0,0.0,45,0.0,0.0,45.0,105,1.0,0.2
DTXSID0021389,2,fixed_maximin,1,5,5.0,0.0,5.0,0.0,0.0,45,0.0,0.0,45.0,105,1.0,0.0
DTXSID0021389,2,gp_ivr,1,5,5.0,0.0,5.0,0.0,0.0,45,0.0,0.0,45.0,105,1.0,0.0
DTXSID0021389,2,gp_var,1,5,5.0,0.0,5.0,0.0,0.0,45,0.0,0.0,45.0,105,1.0,0.0
DTXSID0021389,2,highest_unmeasured,1,5,5.0,0.0,5.0,0.0,0.0,45,0.0,0.0,45.0,105,1.0,0.0
DTXSID0021389,2,hill_var,1,5,5.0,0.0,5.0,0.0,0.0,45,0.0,0.0,45.0,105,1.0,0.0
DTXSID0021389,2,model_disagreement,1,5,5.0,0.0,5.0,0.0,0.0,45,0.0,0.0,45.0,105,1.0,0.0
DTXSID0021389,2,nested_anchorboost,1,5,5,0,5,0,0,45,0,0,45,105,1.0,0.0
DTXSID0021389,2,nested_measured_only,1,5,5,0,5,0,0,45,0,0,45,105,1.0,0.0
DTXSID0021389,2,uniform_random,1,5,5.0,0.0,5.0,0.0,0.0,45,0.0,0.0,45.0,105,1.0,0.0
DTXSID0022432,4,fixed_maximin,1,5,4.0,0.0,4.0,0.0,1.0,45,3.0,9.0,57.0,105,0.8,0.0
DTXSID0022432,4,gp_ivr,1,5,4.0,0.0,4.0,0.0,1.0,45,3.0,9.0,57.0,105,0.8,0.0
DTXSID0022432,4,gp_var,1,5,4.0,0.0,4.0,0.0,1.0,45,3.0,9.0,57.0,105,0.8,0.0
DTXSID0022432,4,highest_unmeasured,1,5,5.0,0.0,4.0,1.0,0.0,45,3.0,0.0,48.0,105,1.0,0.0
DTXSID0022432,4,hill_var,1,5,5.0,0.0,4.0,1.0,0.0,45,3.0,0.0,48.0,105,1.0,0.0
DTXSID0022432,4,model_disagreement,1,5,5.0,0.0,4.0,1.0,0.0,45,3.0,0.0,48.0,105,1.0,0.0
DTXSID0022432,4,nested_anchorboost,1,5,5,1,5,0,0,45,0,0,45,105,1.0,0.2
DTXSID0022432,4,nested_measured_only,1,5,5,0,5,0,0,45,0,0,45,105,1.0,0.0
DTXSID0022432,4,uniform_random,1,5,4.25,0.0,4.0,0.25,0.75,45,3.0,6.75,54.75,105,0.85,0.0
DTXSID0022519,3,fixed_maximin,1,5,1.0,0.0,1.0,0.0,4.0,41,12.0,36.0,89.0,100,0.2,0.0
DTXSID0022519,3,gp_ivr,1,5,1.0,0.0,1.0,0.0,4.0,41,12.0,36.0,89.0,100,0.2,0.0
DTXSID0022519,3,gp_var,1,5,1.0,0.0,1.0,0.0,4.0,41,12.0,36.0,89.0,100,0.2,0.0
DTXSID0022519,3,highest_unmeasured,1,5,4.0,0.0,1.0,3.0,1.0,41,12.0,9.0,62.0,100,0.8,0.0
DTXSID0022519,3,hill_var,1,5,2.0,0.0,1.0,1.0,3.0,41,12.0,27.0,80.0,100,0.4,0.0
DTXSID0022519,3,model_disagreement,1,5,4.0,0.0,1.0,3.0,1.0,41,12.0,9.0,62.0,100,0.8,0.0
DTXSID0022519,3,nested_anchorboost,1,5,1,0,1,0,4,41,0,48,89,100,0.2,0.0
DTXSID0022519,3,nested_measured_only,1,5,1,0,1,0,4,41,0,48,89,100,0.2,0.0
DTXSID0022519,3,uniform_random,1,5,2.0,0.0,1.0,1.0,3.0,41,12.0,27.0,80.0,100,0.4,0.0
DTXSID0023581,3,fixed_maximin,1,5,5.0,0.0,5.0,0.0,0.0,66,0.0,0.0,66.0,210,1.0,0.0
DTXSID0023581,3,gp_ivr,1,5,5.0,0.0,5.0,0.0,0.0,66,0.0,0.0,66.0,210,1.0,0.0
DTXSID0023581,3,gp_var,1,5,5.0,0.0,5.0,0.0,0.0,66,0.0,0.0,66.0,210,1.0,0.0
DTXSID0023581,3,highest_unmeasured,1,5,5.0,0.0,5.0,0.0,0.0,66,0.0,0.0,66.0,210,1.0,0.0
DTXSID0023581,3,hill_var,1,5,5.0,0.0,5.0,0.0,0.0,66,0.0,0.0,66.0,210,1.0,0.0
DTXSID0023581,3,model_disagreement,1,5,5.0,0.0,5.0,0.0,0.0,66,0.0,0.0,66.0,210,1.0,0.0
DTXSID0023581,3,nested_anchorboost,1,5,5,0,5,0,0,66,0,0,66,210,1.0,0.0
DTXSID0023581,3,nested_measured_only,1,5,5,0,5,0,0,66,0,0,66,210,1.0,0.0
DTXSID0023581,3,uniform_random,1,5,5.0,0.0,5.0,0.0,0.0,66,0.0,0.0,66.0,210,1.0,0.0
DTXSID0023878,3,fixed_maximin,1,5,5.0,0.0,4.0,1.0,0.0,45,3.0,0.0,48.0,105,1.0,0.0
DTXSID0023878,3,gp_ivr,1,5,5.0,0.0,4.0,1.0,0.0,45,3.0,0.0,48.0,105,1.0,0.0
DTXSID0023878,3,gp_var,1,5,5.0,0.0,4.0,1.0,0.0,45,3.0,0.0,48.0,105,1.0,0.0
DTXSID0023878,3,highest_unmeasured,1,5,5.0,0.0,4.0,1.0,0.0,45,3.0,0.0,48.0,105,1.0,0.0
DTXSID0023878,3,hill_var,1,5,5.0,0.0,4.0,1.0,0.0,45,3.0,0.0,48.0,105,1.0,0.0
DTXSID0023878,3,model_disagreement,1,5,5.0,0.0,4.0,1.0,0.0,45,3.0,0.0,48.0,105,1.0,0.0
DTXSID0023878,3,nested_anchorboost,1,5,4,0,4,0,1,45,0,12,57,105,0.8,0.0
DTXSID0023878,3,nested_measured_only,1,5,5,0,5,0,0,45,0,0,45,105,1.0,0.0
DTXSID0023878,3,uniform_random,1,5,4.75,0.0,4.0,0.75,0.25,45,3.0,2.25,50.25,105,0.95,0.0
DTXSID0023907,3,fixed_maximin,1,5,5.0,0.0,5.0,0.0,0.0,88,0.0,0.0,88.0,205,1.0,0.0
DTXSID0023907,3,gp_ivr,1,5,5.0,0.0,5.0,0.0,0.0,88,0.0,0.0,88.0,205,1.0,0.0
DTXSID0023907,3,gp_var,1,5,5.0,0.0,5.0,0.0,0.0,88,0.0,0.0,88.0,205,1.0,0.0
DTXSID0023907,3,highest_unmeasured,1,5,5.0,0.0,5.0,0.0,0.0,88,0.0,0.0,88.0,205,1.0,0.0
DTXSID0023907,3,hill_var,1,5,5.0,0.0,5.0,0.0,0.0,88,0.0,0.0,88.0,205,1.0,0.0
DTXSID0023907,3,model_disagreement,1,5,5.0,0.0,5.0,0.0,0.0,88,0.0,0.0,88.0,205,1.0,0.0
DTXSID0023907,3,nested_anchorboost,1,5,5,0,5,0,0,88,0,0,88,205,1.0,0.0
DTXSID0023907,3,nested_measured_only,1,5,5,1,5,0,0,88,0,0,88,205,1.0,0.2
DTXSID0023907,3,uniform_random,1,5,5.0,0.0,5.0,0.0,0.0,88,0.0,0.0,88.0,205,1.0,0.0
DTXSID0023909,1,fixed_maximin,1,5,5.0,0.0,5.0,0.0,0.0,45,0.0,0.0,45.0,105,1.0,0.0
DTXSID0023909,1,gp_ivr,1,5,5.0,0.0,5.0,0.0,0.0,45,0.0,0.0,45.0,105,1.0,0.0
DTXSID0023909,1,gp_var,1,5,5.0,0.0,5.0,0.0,0.0,45,0.0,0.0,45.0,105,1.0,0.0
DTXSID0023909,1,highest_unmeasured,1,5,5.0,0.0,5.0,0.0,0.0,45,0.0,0.0,45.0,105,1.0,0.0
DTXSID0023909,1,hill_var,1,5,5.0,0.0,5.0,0.0,0.0,45,0.0,0.0,45.0,105,1.0,0.0
DTXSID0023909,1,model_disagreement,1,5,5.0,0.0,5.0,0.0,0.0,45,0.0,0.0,45.0,105,1.0,0.0
DTXSID0023909,1,nested_anchorboost,1,5,5,0,5,0,0,45,0,0,45,105,1.0,0.0
DTXSID0023909,1,nested_measured_only,1,5,5,0,5,0,0,45,0,0,45,105,1.0,0.0
DTXSID0023909,1,uniform_random,1,5,5.0,0.0,5.0,0.0,0.0,45,0.0,0.0,45.0,105,1.0,0.0
DTXSID0024002,3,fixed_maximin,1,5,5.0,0.0,5.0,0.0,0.0,45,0.0,0.0,45.0,105,1.0,0.0
DTXSID0024002,3,gp_ivr,1,5,5.0,0.0,5.0,0.0,0.0,45,0.0,0.0,45.0,105,1.0,0.0
DTXSID0024002,3,gp_var,1,5,5.0,0.0,5.0,0.0,0.0,45,0.0,0.0,45.0,105,1.0,0.0
DTXSID0024002,3,highest_unmeasured,1,5,5.0,0.0,5.0,0.0,0.0,45,0.0,0.0,45.0,105,1.0,0.0
DTXSID0024002,3,hill_var,1,5,5.0,0.0,5.0,0.0,0.0,45,0.0,0.0,45.0,105,1.0,0.0
DTXSID0024002,3,model_disagreement,1,5,5.0,0.0,5.0,0.0,0.0,45,0.0,0.0,45.0,105,1.0,0.0
DTXSID0024002,3,nested_anchorboost,1,5,5,0,5,0,0,45,0,0,45,105,1.0,0.0
DTXSID0024002,3,nested_measured_only,1,5,5,0,5,0,0,45,0,0,45,105,1.0,0.0
DTXSID0024002,3,uniform_random,1,5,5.0,0.0,5.0,0.0,0.0,45,0.0,0.0,45.0,105,1.0,0.0
DTXSID0026252,4,fixed_maximin,1,5,5.0,0.0,5.0,0.0,0.0,45,0.0,0.0,45.0,105,1.0,0.0
DTXSID0026252,4,gp_ivr,1,5,5.0,0.0,5.0,0.0,0.0,45,0.0,0.0,45.0,105,1.0,0.0
DTXSID0026252,4,gp_var,1,5,5.0,0.0,5.0,0.0,0.0,45,0.0,0.0,45.0,105,1.0,0.0
DTXSID0026252,4,highest_unmeasured,1,5,5.0,0.0,5.0,0.0,0.0,45,0.0,0.0,45.0,105,1.0,0.0
DTXSID0026252,4,hill_var,1,5,5.0,0.0,5.0,0.0,0.0,45,0.0,0.0,45.0,105,1.0,0.0
DTXSID0026252,4,model_disagreement,1,5,5.0,0.0,5.0,0.0,0.0,45,0.0,0.0,45.0,105,1.0,0.0
DTXSID0026252,4,nested_anchorboost,1,5,5,0,5,0,0,45,0,0,45,105,1.0,0.0
DTXSID0026252,4,nested_measured_only,1,5,5,0,5,0,0,45,0,0,45,105,1.0,0.0
DTXSID0026252,4,uniform_random,1,5,5.0,0.0,5.0,0.0,0.0,45,0.0,0.0,45.0,105,1.0,0.0
DTXSID0028038,3,fixed_maximin,1,5,5.0,0.0,5.0,0.0,0.0,147,0.0,0.0,147.0,420,1.0,0.0
DTXSID0028038,3,gp_ivr,1,5,5.0,0.0,5.0,0.0,0.0,147,0.0,0.0,147.0,420,1.0,0.0
DTXSID0028038,3,gp_var,1,5,5.0,0.0,5.0,0.0,0.0,147,0.0,0.0,147.0,420,1.0,0.0
DTXSID0028038,3,highest_unmeasured,1,5,5.0,0.0,5.0,0.0,0.0,147,0.0,0.0,147.0,420,1.0,0.0
DTXSID0028038,3,hill_var,1,5,5.0,0.0,5.0,0.0,0.0,147,0.0,0.0,147.0,420,1.0,0.0
DTXSID0028038,3,model_disagreement,1,5,5.0,0.0,5.0,0.0,0.0,147,0.0,0.0,147.0,420,1.0,0.0
DTXSID0028038,3,nested_anchorboost,1,5,5,0,5,0,0,147,0,0,147,420,1.0,0.0
DTXSID0028038,3,nested_measured_only,1,5,5,1,5,0,0,147,0,0,147,420,1.0,0.2
DTXSID0028038,3,uniform_random,1,5,5.0,0.0,5.0,0.0,0.0,147,0.0,0.0,147.0,420,1.0,0.0
DTXSID0032520,2,fixed_maximin,1,5,5.0,0.0,5.0,0.0,0.0,66,0.0,0.0,66.0,210,1.0,0.0
DTXSID0032520,2,gp_ivr,1,5,5.0,0.0,5.0,0.0,0.0,66,0.0,0.0,66.0,210,1.0,0.0
DTXSID0032520,2,gp_var,1,5,5.0,0.0,5.0,0.0,0.0,66,0.0,0.0,66.0,210,1.0,0.0
DTXSID0032520,2,highest_unmeasured,1,5,5.0,0.0,5.0,0.0,0.0,66,0.0,0.0,66.0,210,1.0,0.0
DTXSID0032520,2,hill_var,1,5,5.0,0.0,5.0,0.0,0.0,66,0.0,0.0,66.0,210,1.0,0.0
DTXSID0032520,2,model_disagreement,1,5,5.0,0.0,5.0,0.0,0.0,66,0.0,0.0,66.0,210,1.0,0.0
DTXSID0032520,2,nested_anchorboost,1,5,5,0,5,0,0,66,0,0,66,210,1.0,0.0
DTXSID0032520,2,nested_measured_only,1,5,5,0,5,0,0,66,0,0,66,210,1.0,0.0
DTXSID0032520,2,uniform_random,1,5,5.0,0.0,5.0,0.0,0.0,66,0.0,0.0,66.0,210,1.0,0.0
DTXSID0032572,2,fixed_maximin,1,5,5.0,0.0,4.0,1.0,0.0,45,3.0,0.0,48.0,105,1.0,0.0
DTXSID0032572,2,gp_ivr,1,5,5.0,0.0,4.0,1.0,0.0,45,3.0,0.0,48.0,105,1.0,0.0
DTXSID0032572,2,gp_var,1,5,5.0,0.0,4.0,1.0,0.0,45,3.0,0.0,48.0,105,1.0,0.0
DTXSID0032572,2,highest_unmeasured,1,5,5.0,0.0,4.0,1.0,0.0,45,3.0,0.0,48.0,105,1.0,0.0
DTXSID0032572,2,hill_var,1,5,5.0,0.0,4.0,1.0,0.0,45,3.0,0.0,48.0,105,1.0,0.0
DTXSID0032572,2,model_disagreement,1,5,5.0,0.0,4.0,1.0,0.0,45,3.0,0.0,48.0,105,1.0,0.0
DTXSID0032572,2,nested_anchorboost,1,5,4,0,4,0,1,45,0,12,57,105,0.8,0.0
DTXSID0032572,2,nested_measured_only,1,5,4,0,4,0,1,45,0,12,57,105,0.8,0.0
DTXSID0032572,2,uniform_random,1,5,5.0,0.0,4.0,1.0,0.0,45,3.0,0.0,48.0,105,1.0,0.0
DTXSID0034300,4,fixed_maximin,1,5,5.0,4.0,5.0,0.0,0.0,45,0.0,0.0,45.0,105,1.0,0.8
DTXSID0034300,4,gp_ivr,1,5,5.0,4.0,5.0,0.0,0.0,45,0.0,0.0,45.0,105,1.0,0.8
DTXSID0034300,4,gp_var,1,5,5.0,4.0,5.0,0.0,0.0,45,0.0,0.0,45.0,105,1.0,0.8
DTXSID0034300,4,highest_unmeasured,1,5,5.0,4.0,5.0,0.0,0.0,45,0.0,0.0,45.0,105,1.0,0.8
DTXSID0034300,4,hill_var,1,5,5.0,4.0,5.0,0.0,0.0,45,0.0,0.0,45.0,105,1.0,0.8
DTXSID0034300,4,model_disagreement,1,5,5.0,4.0,5.0,0.0,0.0,45,0.0,0.0,45.0,105,1.0,0.8
DTXSID0034300,4,nested_anchorboost,1,5,5,4,5,0,0,45,0,0,45,105,1.0,0.8
DTXSID0034300,4,nested_measured_only,1,5,3,2,3,0,2,45,0,24,69,105,0.6,0.4
DTXSID0034300,4,uniform_random,1,5,5.0,4.0,5.0,0.0,0.0,45,0.0,0.0,45.0,105,1.0,0.8
DTXSID0034566,3,fixed_maximin,1,5,5.0,0.0,5.0,0.0,0.0,47,0.0,0.0,47.0,175,1.0,0.0
DTXSID0034566,3,gp_ivr,1,5,5.0,0.0,5.0,0.0,0.0,47,0.0,0.0,47.0,175,1.0,0.0
DTXSID0034566,3,gp_var,1,5,5.0,0.0,5.0,0.0,0.0,47,0.0,0.0,47.0,175,1.0,0.0
DTXSID0034566,3,highest_unmeasured,1,5,5.0,0.0,5.0,0.0,0.0,47,0.0,0.0,47.0,175,1.0,0.0
DTXSID0034566,3,hill_var,1,5,5.0,0.0,5.0,0.0,0.0,47,0.0,0.0,47.0,175,1.0,0.0
DTXSID0034566,3,model_disagreement,1,5,5.0,0.0,5.0,0.0,0.0,47,0.0,0.0,47.0,175,1.0,0.0
DTXSID0034566,3,nested_anchorboost,1,5,5,0,5,0,0,47,0,0,47,175,1.0,0.0
DTXSID0034566,3,nested_measured_only,1,5,5,0,5,0,0,47,0,0,47,175,1.0,0.0
DTXSID0034566,3,uniform_random,1,5,5.0,0.0,5.0,0.0,0.0,47,0.0,0.0,47.0,175,1.0,0.0
DTXSID0034695,3,fixed_maximin,1,5,5.0,0.0,5.0,0.0,0.0,90,0.0,0.0,90.0,210,1.0,0.0
DTXSID0034695,3,gp_ivr,1,5,5.0,0.0,5.0,0.0,0.0,90,0.0,0.0,90.0,210,1.0,0.0
DTXSID0034695,3,gp_var,1,5,5.0,0.0,5.0,0.0,0.0,90,0.0,0.0,90.0,210,1.0,0.0
DTXSID0034695,3,highest_unmeasured,1,5,5.0,0.0,5.0,0.0,0.0,90,0.0,0.0,90.0,210,1.0,0.0
DTXSID0034695,3,hill_var,1,5,5.0,0.0,5.0,0.0,0.0,90,0.0,0.0,90.0,210,1.0,0.0
DTXSID0034695,3,model_disagreement,1,5,5.0,0.0,5.0,0.0,0.0,90,0.0,0.0,90.0,210,1.0,0.0
DTXSID0034695,3,nested_anchorboost,1,5,5,0,5,0,0,90,0,0,90,210,1.0,0.0
DTXSID0034695,3,nested_measured_only,1,5,5,0,5,0,0,90,0,0,90,210,1.0,0.0
DTXSID0034695,3,uniform_random,1,5,5.0,0.0,5.0,0.0,0.0,90,0.0,0.0,90.0,210,1.0,0.0
DTXSID0034930,4,fixed_maximin,1,5,5.0,2.0,4.0,1.0,0.0,45,3.0,0.0,48.0,105,1.0,0.4
DTXSID0034930,4,gp_ivr,1,5,5.0,1.0,4.0,1.0,0.0,45,3.0,0.0,48.0,105,1.0,0.2
DTXSID0034930,4,gp_var,1,5,5.0,1.0,4.0,1.0,0.0,45,3.0,0.0,48.0,105,1.0,0.2
DTXSID0034930,4,highest_unmeasured,1,5,5.0,1.0,4.0,1.0,0.0,45,3.0,0.0,48.0,105,1.0,0.2
DTXSID0034930,4,hill_var,1,5,5.0,1.0,4.0,1.0,0.0,45,3.0,0.0,48.0,105,1.0,0.2
DTXSID0034930,4,model_disagreement,1,5,5.0,1.0,4.0,1.0,0.0,45,3.0,0.0,48.0,105,1.0,0.2
DTXSID0034930,4,nested_anchorboost,1,5,5,2,5,0,0,45,0,0,45,105,1.0,0.4
DTXSID0034930,4,nested_measured_only,1,5,5,0,5,0,0,45,0,0,45,105,1.0,0.0
DTXSID0034930,4,uniform_random,1,5,5.0,1.25,4.0,1.0,0.0,45,3.0,0.0,48.0,105,1.0,0.25
DTXSID0039223,2,fixed_maximin,1,5,3.0,0.0,3.0,0.0,2.0,45,6.0,18.0,69.0,105,0.6,0.0
DTXSID0039223,2,gp_ivr,1,5,3.0,0.0,3.0,0.0,2.0,45,6.0,18.0,69.0,105,0.6,0.0
DTXSID0039223,2,gp_var,1,5,3.0,0.0,3.0,0.0,2.0,45,6.0,18.0,69.0,105,0.6,0.0
DTXSID0039223,2,highest_unmeasured,1,5,5.0,0.0,3.0,2.0,0.0,45,6.0,0.0,51.0,105,1.0,0.0
DTXSID0039223,2,hill_var,1,5,3.0,0.0,3.0,0.0,2.0,45,6.0,18.0,69.0,105,0.6,0.0
DTXSID0039223,2,model_disagreement,1,5,5.0,0.0,3.0,2.0,0.0,45,6.0,0.0,51.0,105,1.0,0.0
DTXSID0039223,2,nested_anchorboost,1,5,5,2,5,0,0,45,0,0,45,105,1.0,0.4
DTXSID0039223,2,nested_measured_only,1,5,3,0,3,0,2,45,0,24,69,105,0.6,0.0
DTXSID0039223,2,uniform_random,1,5,3.5,0.0,3.0,0.5,1.5,45,6.0,13.5,64.5,105,0.7,0.0
DTXSID0045838,1,fixed_maximin,1,5,5.0,0.0,5.0,0.0,0.0,75,0.0,0.0,75.0,205,1.0,0.0
DTXSID0045838,1,gp_ivr,1,5,5.0,0.0,5.0,0.0,0.0,75,0.0,0.0,75.0,205,1.0,0.0
DTXSID0045838,1,gp_var,1,5,5.0,0.0,5.0,0.0,0.0,75,0.0,0.0,75.0,205,1.0,0.0
DTXSID0045838,1,highest_unmeasured,1,5,5.0,0.0,5.0,0.0,0.0,75,0.0,0.0,75.0,205,1.0,0.0
DTXSID0045838,1,hill_var,1,5,5.0,0.0,5.0,0.0,0.0,75,0.0,0.0,75.0,205,1.0,0.0
DTXSID0045838,1,model_disagreement,1,5,5.0,0.0,5.0,0.0,0.0,75,0.0,0.0,75.0,205,1.0,0.0
DTXSID0045838,1,nested_anchorboost,1,5,5,0,5,0,0,75,0,0,75,205,1.0,0.0
DTXSID0045838,1,nested_measured_only,1,5,5,1,5,0,0,75,0,0,75,205,1.0,0.2
DTXSID0045838,1,uniform_random,1,5,5.0,0.0,5.0,0.0,0.0,75,0.0,0.0,75.0,205,1.0,0.0
DTXSID00880006,1,fixed_maximin,1,5,5.0,0.0,5.0,0.0,0.0,146,0.0,0.0,146.0,330,1.0,0.0
DTXSID00880006,1,gp_ivr,1,5,5.0,0.0,5.0,0.0,0.0,146,0.0,0.0,146.0,330,1.0,0.0
DTXSID00880006,1,gp_var,1,5,5.0,0.0,5.0,0.0,0.0,146,0.0,0.0,146.0,330,1.0,0.0
DTXSID00880006,1,highest_unmeasured,1,5,5.0,0.0,5.0,0.0,0.0,146,0.0,0.0,146.0,330,1.0,0.0
DTXSID00880006,1,hill_var,1,5,5.0,0.0,5.0,0.0,0.0,146,0.0,0.0,146.0,330,1.0,0.0
DTXSID00880006,1,model_disagreement,1,5,5.0,0.0,5.0,0.0,0.0,146,0.0,0.0,146.0,330,1.0,0.0
DTXSID00880006,1,nested_anchorboost,1,5,5,0,5,0,0,146,0,0,146,330,1.0,0.0
DTXSID00880006,1,nested_measured_only,1,5,5,0,5,0,0,146,0,0,146,330,1.0,0.0
DTXSID00880006,1,uniform_random,1,5,5.0,0.0,5.0,0.0,0.0,146,0.0,0.0,146.0,330,1.0,0.0
DTXSID1020560,1,fixed_maximin,1,5,5.0,0.0,4.0,1.0,0.0,45,3.0,0.0,48.0,105,1.0,0.0
DTXSID1020560,1,gp_ivr,1,5,5.0,0.0,4.0,1.0,0.0,45,3.0,0.0,48.0,105,1.0,0.0
DTXSID1020560,1,gp_var,1,5,5.0,0.0,4.0,1.0,0.0,45,3.0,0.0,48.0,105,1.0,0.0
DTXSID1020560,1,highest_unmeasured,1,5,5.0,0.0,4.0,1.0,0.0,45,3.0,0.0,48.0,105,1.0,0.0
DTXSID1020560,1,hill_var,1,5,5.0,0.0,4.0,1.0,0.0,45,3.0,0.0,48.0,105,1.0,0.0
DTXSID1020560,1,model_disagreement,1,5,5.0,0.0,4.0,1.0,0.0,45,3.0,0.0,48.0,105,1.0,0.0
DTXSID1020560,1,nested_anchorboost,1,5,5,1,5,0,0,45,0,0,45,105,1.0,0.2
DTXSID1020560,1,nested_measured_only,1,5,4,0,4,0,1,45,0,12,57,105,0.8,0.0
DTXSID1020560,1,uniform_random,1,5,4.5,0.0,4.0,0.5,0.5,45,3.0,4.5,52.5,105,0.9,0.0
DTXSID1020770,4,fixed_maximin,1,5,5.0,0.0,5.0,0.0,0.0,45,0.0,0.0,45.0,105,1.0,0.0
DTXSID1020770,4,gp_ivr,1,5,5.0,0.0,5.0,0.0,0.0,45,0.0,0.0,45.0,105,1.0,0.0
DTXSID1020770,4,gp_var,1,5,5.0,0.0,5.0,0.0,0.0,45,0.0,0.0,45.0,105,1.0,0.0
DTXSID1020770,4,highest_unmeasured,1,5,5.0,0.0,5.0,0.0,0.0,45,0.0,0.0,45.0,105,1.0,0.0
DTXSID1020770,4,hill_var,1,5,5.0,0.0,5.0,0.0,0.0,45,0.0,0.0,45.0,105,1.0,0.0
DTXSID1020770,4,model_disagreement,1,5,5.0,0.0,5.0,0.0,0.0,45,0.0,0.0,45.0,105,1.0,0.0
DTXSID1020770,4,nested_anchorboost,1,5,5,0,5,0,0,45,0,0,45,105,1.0,0.0
DTXSID1020770,4,nested_measured_only,1,5,5,0,5,0,0,45,0,0,45,105,1.0,0.0
DTXSID1020770,4,uniform_random,1,5,5.0,0.0,5.0,0.0,0.0,45,0.0,0.0,45.0,105,1.0,0.0
DTXSID1020930,4,fixed_maximin,1,5,5.0,0.0,5.0,0.0,0.0,45,0.0,0.0,45.0,105,1.0,0.0
DTXSID1020930,4,gp_ivr,1,5,5.0,0.0,5.0,0.0,0.0,45,0.0,0.0,45.0,105,1.0,0.0
DTXSID1020930,4,gp_var,1,5,5.0,0.0,5.0,0.0,0.0,45,0.0,0.0,45.0,105,1.0,0.0
DTXSID1020930,4,highest_unmeasured,1,5,5.0,0.0,5.0,0.0,0.0,45,0.0,0.0,45.0,105,1.0,0.0
DTXSID1020930,4,hill_var,1,5,5.0,0.0,5.0,0.0,0.0,45,0.0,0.0,45.0,105,1.0,0.0
DTXSID1020930,4,model_disagreement,1,5,5.0,0.0,5.0,0.0,0.0,45,0.0,0.0,45.0,105,1.0,0.0
DTXSID1020930,4,nested_anchorboost,1,5,5,0,5,0,0,45,0,0,45,105,1.0,0.0
DTXSID1020930,4,nested_measured_only,1,5,5,0,5,0,0,45,0,0,45,105,1.0,0.0
DTXSID1020930,4,uniform_random,1,5,5.0,0.0,5.0,0.0,0.0,45,0.0,0.0,45.0,105,1.0,0.0
DTXSID1021166,3,fixed_maximin,1,5,4.0,1.0,4.0,0.0,1.0,45,3.0,9.0,57.0,105,0.8,0.2
DTXSID1021166,3,gp_ivr,1,5,4.0,1.0,4.0,0.0,1.0,45,3.0,9.0,57.0,105,0.8,0.2
DTXSID1021166,3,gp_var,1,5,4.0,1.0,4.0,0.0,1.0,45,3.0,9.0,57.0,105,0.8,0.2
DTXSID1021166,3,highest_unmeasured,1,5,5.0,1.0,4.0,1.0,0.0,45,3.0,0.0,48.0,105,1.0,0.2
DTXSID1021166,3,hill_var,1,5,4.0,1.0,4.0,0.0,1.0,45,3.0,9.0,57.0,105,0.8,0.2
DTXSID1021166,3,model_disagreement,1,5,5.0,1.0,4.0,1.0,0.0,45,3.0,0.0,48.0,105,1.0,0.2
DTXSID1021166,3,nested_anchorboost,1,5,4,1,4,0,1,45,0,12,57,105,0.8,0.2
DTXSID1021166,3,nested_measured_only,1,5,4,1,4,0,1,45,0,12,57,105,0.8,0.2
DTXSID1021166,3,uniform_random,1,5,4.5,1.0,4.0,0.5,0.5,45,3.0,4.5,52.5,105,0.9,0.2
DTXSID1021322,2,fixed_maximin,1,5,5.0,0.0,5.0,0.0,0.0,111,0.0,0.0,111.0,420,1.0,0.0
DTXSID1021322,2,gp_ivr,1,5,5.0,0.0,5.0,0.0,0.0,111,0.0,0.0,111.0,420,1.0,0.0
DTXSID1021322,2,gp_var,1,5,5.0,0.0,5.0,0.0,0.0,111,0.0,0.0,111.0,420,1.0,0.0
DTXSID1021322,2,highest_unmeasured,1,5,5.0,0.0,5.0,0.0,0.0,111,0.0,0.0,111.0,420,1.0,0.0
DTXSID1021322,2,hill_var,1,5,5.0,0.0,5.0,0.0,0.0,111,0.0,0.0,111.0,420,1.0,0.0
DTXSID1021322,2,model_disagreement,1,5,5.0,0.0,5.0,0.0,0.0,111,0.0,0.0,111.0,420,1.0,0.0
DTXSID1021322,2,nested_anchorboost,1,5,5,0,5,0,0,111,0,0,111,420,1.0,0.0
DTXSID1021322,2,nested_measured_only,1,5,5,1,5,0,0,111,0,0,111,420,1.0,0.2
DTXSID1021322,2,uniform_random,1,5,5.0,0.0,5.0,0.0,0.0,111,0.0,0.0,111.0,420,1.0,0.0
DTXSID1021952,4,fixed_maximin,1,5,5.0,0.0,4.0,1.0,0.0,75,5.0,0.0,80.0,175,1.0,0.0
DTXSID1021952,4,gp_ivr,1,5,5.0,0.0,4.0,1.0,0.0,75,5.0,0.0,80.0,175,1.0,0.0
DTXSID1021952,4,gp_var,1,5,5.0,0.0,4.0,1.0,0.0,75,5.0,0.0,80.0,175,1.0,0.0
DTXSID1021952,4,highest_unmeasured,1,5,5.0,0.0,4.0,1.0,0.0,75,5.0,0.0,80.0,175,1.0,0.0
DTXSID1021952,4,hill_var,1,5,5.0,0.0,4.0,1.0,0.0,75,5.0,0.0,80.0,175,1.0,0.0
DTXSID1021952,4,model_disagreement,1,5,5.0,0.0,4.0,1.0,0.0,75,5.0,0.0,80.0,175,1.0,0.0
DTXSID1021952,4,nested_anchorboost,1,5,5,0,5,0,0,75,0,0,75,175,1.0,0.0
DTXSID1021952,4,nested_measured_only,1,5,4,0,4,0,1,75,0,20,95,175,0.8,0.0
DTXSID1021952,4,uniform_random,1,5,4.5,0.0,4.0,0.5,0.5,75,5.0,7.5,87.5,175,0.9,0.0
DTXSID1023235,3,fixed_maximin,1,5,5.0,0.0,4.0,1.0,0.0,45,3.0,0.0,48.0,105,1.0,0.0
DTXSID1023235,3,gp_ivr,1,5,5.0,0.0,4.0,1.0,0.0,45,3.0,0.0,48.0,105,1.0,0.0
DTXSID1023235,3,gp_var,1,5,5.0,0.0,4.0,1.0,0.0,45,3.0,0.0,48.0,105,1.0,0.0
DTXSID1023235,3,highest_unmeasured,1,5,4.0,0.0,4.0,0.0,1.0,45,3.0,9.0,57.0,105,0.8,0.0
DTXSID1023235,3,hill_var,1,5,4.0,0.0,4.0,0.0,1.0,45,3.0,9.0,57.0,105,0.8,0.0
DTXSID1023235,3,model_disagreement,1,5,4.0,0.0,4.0,0.0,1.0,45,3.0,9.0,57.0,105,0.8,0.0
DTXSID1023235,3,nested_anchorboost,1,5,4,0,4,0,1,45,0,12,57,105,0.8,0.0
DTXSID1023235,3,nested_measured_only,1,5,4,0,4,0,1,45,0,12,57,105,0.8,0.0
DTXSID1023235,3,uniform_random,1,5,4.25,0.0,4.0,0.25,0.75,45,3.0,6.75,54.75,105,0.85,0.0
DTXSID1023998,4,fixed_maximin,1,5,5.0,0.0,5.0,0.0,0.0,45,0.0,0.0,45.0,105,1.0,0.0
DTXSID1023998,4,gp_ivr,1,5,5.0,0.0,5.0,0.0,0.0,45,0.0,0.0,45.0,105,1.0,0.0
DTXSID1023998,4,gp_var,1,5,5.0,0.0,5.0,0.0,0.0,45,0.0,0.0,45.0,105,1.0,0.0
DTXSID1023998,4,highest_unmeasured,1,5,5.0,0.0,5.0,0.0,0.0,45,0.0,0.0,45.0,105,1.0,0.0
DTXSID1023998,4,hill_var,1,5,5.0,0.0,5.0,0.0,0.0,45,0.0,0.0,45.0,105,1.0,0.0
DTXSID1023998,4,model_disagreement,1,5,5.0,0.0,5.0,0.0,0.0,45,0.0,0.0,45.0,105,1.0,0.0
DTXSID1023998,4,nested_anchorboost,1,5,5,0,5,0,0,45,0,0,45,105,1.0,0.0
DTXSID1023998,4,nested_measured_only,1,5,5,0,5,0,0,45,0,0,45,105,1.0,0.0
DTXSID1023998,4,uniform_random,1,5,5.0,0.0,5.0,0.0,0.0,45,0.0,0.0,45.0,105,1.0,0.0
DTXSID1024091,1,fixed_maximin,1,5,5.0,0.0,5.0,0.0,0.0,45,0.0,0.0,45.0,105,1.0,0.0
DTXSID1024091,1,gp_ivr,1,5,5.0,0.0,5.0,0.0,0.0,45,0.0,0.0,45.0,105,1.0,0.0
DTXSID1024091,1,gp_var,1,5,5.0,0.0,5.0,0.0,0.0,45,0.0,0.0,45.0,105,1.0,0.0
DTXSID1024091,1,highest_unmeasured,1,5,5.0,0.0,5.0,0.0,0.0,45,0.0,0.0,45.0,105,1.0,0.0
DTXSID1024091,1,hill_var,1,5,5.0,0.0,5.0,0.0,0.0,45,0.0,0.0,45.0,105,1.0,0.0
DTXSID1024091,1,model_disagreement,1,5,5.0,0.0,5.0,0.0,0.0,45,0.0,0.0,45.0,105,1.0,0.0
DTXSID1024091,1,nested_anchorboost,1,5,5,0,5,0,0,45,0,0,45,105,1.0,0.0
DTXSID1024091,1,nested_measured_only,1,5,5,0,5,0,0,45,0,0,45,105,1.0,0.0
DTXSID1024091,1,uniform_random,1,5,5.0,0.0,5.0,0.0,0.0,45,0.0,0.0,45.0,105,1.0,0.0
DTXSID1024126,4,fixed_maximin,1,5,4.0,0.0,2.0,2.0,1.0,90,18.0,18.0,126.0,210,0.8,0.0
DTXSID1024126,4,gp_ivr,1,5,5.0,0.0,2.0,3.0,0.0,90,18.0,0.0,108.0,210,1.0,0.0
DTXSID1024126,4,gp_var,1,5,4.0,0.0,2.0,2.0,1.0,90,18.0,18.0,126.0,210,0.8,0.0
DTXSID1024126,4,highest_unmeasured,1,5,5.0,0.0,2.0,3.0,0.0,90,18.0,0.0,108.0,210,1.0,0.0
DTXSID1024126,4,hill_var,1,5,4.0,0.0,2.0,2.0,1.0,90,18.0,18.0,126.0,210,0.8,0.0
DTXSID1024126,4,model_disagreement,1,5,5.0,0.0,2.0,3.0,0.0,90,18.0,0.0,108.0,210,1.0,0.0
DTXSID1024126,4,nested_anchorboost,1,5,5,2,5,0,0,90,0,0,90,210,1.0,0.4
DTXSID1024126,4,nested_measured_only,1,5,2,0,2,0,3,90,0,72,162,210,0.4,0.0
DTXSID1024126,4,uniform_random,1,5,3.75,0.0,2.0,1.75,1.25,90,18.0,22.5,130.5,210,0.75,0.0
DTXSID1024174,2,fixed_maximin,1,5,5.0,1.0,5.0,0.0,0.0,45,0.0,0.0,45.0,105,1.0,0.2
DTXSID1024174,2,gp_ivr,1,5,5.0,1.0,5.0,0.0,0.0,45,0.0,0.0,45.0,105,1.0,0.2
DTXSID1024174,2,gp_var,1,5,5.0,1.0,5.0,0.0,0.0,45,0.0,0.0,45.0,105,1.0,0.2
DTXSID1024174,2,highest_unmeasured,1,5,5.0,1.0,5.0,0.0,0.0,45,0.0,0.0,45.0,105,1.0,0.2
DTXSID1024174,2,hill_var,1,5,5.0,1.0,5.0,0.0,0.0,45,0.0,0.0,45.0,105,1.0,0.2
DTXSID1024174,2,model_disagreement,1,5,5.0,1.0,5.0,0.0,0.0,45,0.0,0.0,45.0,105,1.0,0.2
DTXSID1024174,2,nested_anchorboost,1,5,5,1,5,0,0,45,0,0,45,105,1.0,0.2
DTXSID1024174,2,nested_measured_only,1,5,4,0,4,0,1,45,0,12,57,105,0.8,0.0
DTXSID1024174,2,uniform_random,1,5,5.0,1.0,5.0,0.0,0.0,45,0.0,0.0,45.0,105,1.0,0.2
DTXSID1024209,1,fixed_maximin,1,5,5.0,0.0,5.0,0.0,0.0,45,0.0,0.0,45.0,105,1.0,0.0
DTXSID1024209,1,gp_ivr,1,5,5.0,0.0,5.0,0.0,0.0,45,0.0,0.0,45.0,105,1.0,0.0
DTXSID1024209,1,gp_var,1,5,5.0,0.0,5.0,0.0,0.0,45,0.0,0.0,45.0,105,1.0,0.0
DTXSID1024209,1,highest_unmeasured,1,5,5.0,0.0,5.0,0.0,0.0,45,0.0,0.0,45.0,105,1.0,0.0
DTXSID1024209,1,hill_var,1,5,5.0,0.0,5.0,0.0,0.0,45,0.0,0.0,45.0,105,1.0,0.0
DTXSID1024209,1,model_disagreement,1,5,5.0,0.0,5.0,0.0,0.0,45,0.0,0.0,45.0,105,1.0,0.0
DTXSID1024209,1,nested_anchorboost,1,5,5,0,5,0,0,45,0,0,45,105,1.0,0.0
DTXSID1024209,1,nested_measured_only,1,5,5,0,5,0,0,45,0,0,45,105,1.0,0.0
DTXSID1024209,1,uniform_random,1,5,5.0,0.0,5.0,0.0,0.0,45,0.0,0.0,45.0,105,1.0,0.0
DTXSID1025300,2,fixed_maximin,1,5,5.0,0.0,5.0,0.0,0.0,45,0.0,0.0,45.0,105,1.0,0.0
DTXSID1025300,2,gp_ivr,1,5,5.0,0.0,5.0,0.0,0.0,45,0.0,0.0,45.0,105,1.0,0.0
DTXSID1025300,2,gp_var,1,5,5.0,0.0,5.0,0.0,0.0,45,0.0,0.0,45.0,105,1.0,0.0
DTXSID1025300,2,highest_unmeasured,1,5,5.0,0.0,5.0,0.0,0.0,45,0.0,0.0,45.0,105,1.0,0.0
DTXSID1025300,2,hill_var,1,5,5.0,0.0,5.0,0.0,0.0,45,0.0,0.0,45.0,105,1.0,0.0
DTXSID1025300,2,model_disagreement,1,5,5.0,0.0,5.0,0.0,0.0,45,0.0,0.0,45.0,105,1.0,0.0
DTXSID1025300,2,nested_anchorboost,1,5,5,0,5,0,0,45,0,0,45,105,1.0,0.0
DTXSID1025300,2,nested_measured_only,1,5,5,0,5,0,0,45,0,0,45,105,1.0,0.0
DTXSID1025300,2,uniform_random,1,5,5.0,0.0,5.0,0.0,0.0,45,0.0,0.0,45.0,105,1.0,0.0
DTXSID1026081,2,fixed_maximin,1,5,1.0,0.0,1.0,0.0,4.0,75,20.0,60.0,155.0,175,0.2,0.0
DTXSID1026081,2,gp_ivr,1,5,2.0,0.0,1.0,1.0,3.0,75,20.0,45.0,140.0,175,0.4,0.0
DTXSID1026081,2,gp_var,1,5,1.0,0.0,1.0,0.0,4.0,75,20.0,60.0,155.0,175,0.2,0.0
DTXSID1026081,2,highest_unmeasured,1,5,2.0,0.0,1.0,1.0,3.0,75,20.0,45.0,140.0,175,0.4,0.0
DTXSID1026081,2,hill_var,1,5,2.0,0.0,1.0,1.0,3.0,75,20.0,45.0,140.0,175,0.4,0.0
DTXSID1026081,2,model_disagreement,1,5,2.0,0.0,1.0,1.0,3.0,75,20.0,45.0,140.0,175,0.4,0.0
DTXSID1026081,2,nested_anchorboost,1,5,5,0,5,0,0,75,0,0,75,175,1.0,0.0
DTXSID1026081,2,nested_measured_only,1,5,2,0,2,0,3,75,0,60,135,175,0.4,0.0
DTXSID1026081,2,uniform_random,1,5,1.5,0.0,1.0,0.5,3.5,75,20.0,52.5,147.5,175,0.3,0.0
DTXSID1032482,4,fixed_maximin,1,5,5.0,5.0,4.0,1.0,0.0,45,3.0,0.0,48.0,105,1.0,1.0
DTXSID1032482,4,gp_ivr,1,5,5.0,5.0,4.0,1.0,0.0,45,3.0,0.0,48.0,105,1.0,1.0
DTXSID1032482,4,gp_var,1,5,5.0,4.0,4.0,1.0,0.0,45,3.0,0.0,48.0,105,1.0,0.8
DTXSID1032482,4,highest_unmeasured,1,5,5.0,4.0,4.0,1.0,0.0,45,3.0,0.0,48.0,105,1.0,0.8
DTXSID1032482,4,hill_var,1,5,5.0,4.0,4.0,1.0,0.0,45,3.0,0.0,48.0,105,1.0,0.8
DTXSID1032482,4,model_disagreement,1,5,5.0,4.0,4.0,1.0,0.0,45,3.0,0.0,48.0,105,1.0,0.8
DTXSID1032482,4,nested_anchorboost,1,5,5,5,5,0,0,45,0,0,45,105,1.0,1.0
DTXSID1032482,4,nested_measured_only,1,5,5,5,5,0,0,45,0,0,45,105,1.0,1.0
DTXSID1032482,4,uniform_random,1,5,5.0,4.75,4.0,1.0,0.0,45,3.0,0.0,48.0,105,1.0,0.95
DTXSID1032648,1,fixed_maximin,1,5,5.0,0.0,5.0,0.0,0.0,87,0.0,0.0,87.0,205,1.0,0.0
DTXSID1032648,1,gp_ivr,1,5,5.0,0.0,5.0,0.0,0.0,87,0.0,0.0,87.0,205,1.0,0.0
DTXSID1032648,1,gp_var,1,5,5.0,0.0,5.0,0.0,0.0,87,0.0,0.0,87.0,205,1.0,0.0
DTXSID1032648,1,highest_unmeasured,1,5,5.0,0.0,5.0,0.0,0.0,87,0.0,0.0,87.0,205,1.0,0.0
DTXSID1032648,1,hill_var,1,5,5.0,0.0,5.0,0.0,0.0,87,0.0,0.0,87.0,205,1.0,0.0
DTXSID1032648,1,model_disagreement,1,5,5.0,0.0,5.0,0.0,0.0,87,0.0,0.0,87.0,205,1.0,0.0
DTXSID1032648,1,nested_anchorboost,1,5,5,0,5,0,0,87,0,0,87,205,1.0,0.0
DTXSID1032648,1,nested_measured_only,1,5,5,0,5,0,0,87,0,0,87,205,1.0,0.0
DTXSID1032648,1,uniform_random,1,5,5.0,0.0,5.0,0.0,0.0,87,0.0,0.0,87.0,205,1.0,0.0
DTXSID1034187,3,fixed_maximin,1,5,5.0,0.0,5.0,0.0,0.0,45,0.0,0.0,45.0,105,1.0,0.0
DTXSID1034187,3,gp_ivr,1,5,5.0,0.0,5.0,0.0,0.0,45,0.0,0.0,45.0,105,1.0,0.0
DTXSID1034187,3,gp_var,1,5,5.0,0.0,5.0,0.0,0.0,45,0.0,0.0,45.0,105,1.0,0.0
DTXSID1034187,3,highest_unmeasured,1,5,5.0,0.0,5.0,0.0,0.0,45,0.0,0.0,45.0,105,1.0,0.0
DTXSID1034187,3,hill_var,1,5,5.0,0.0,5.0,0.0,0.0,45,0.0,0.0,45.0,105,1.0,0.0
DTXSID1034187,3,model_disagreement,1,5,5.0,0.0,5.0,0.0,0.0,45,0.0,0.0,45.0,105,1.0,0.0
DTXSID1034187,3,nested_anchorboost,1,5,5,0,5,0,0,45,0,0,45,105,1.0,0.0
DTXSID1034187,3,nested_measured_only,1,5,5,0,5,0,0,45,0,0,45,105,1.0,0.0
DTXSID1034187,3,uniform_random,1,5,5.0,0.0,5.0,0.0,0.0,45,0.0,0.0,45.0,105,1.0,0.0
DTXSID1034212,3,fixed_maximin,1,5,5.0,0.0,5.0,0.0,0.0,47,0.0,0.0,47.0,175,1.0,0.0
DTXSID1034212,3,gp_ivr,1,5,5.0,0.0,5.0,0.0,0.0,47,0.0,0.0,47.0,175,1.0,0.0
DTXSID1034212,3,gp_var,1,5,5.0,0.0,5.0,0.0,0.0,47,0.0,0.0,47.0,175,1.0,0.0
DTXSID1034212,3,highest_unmeasured,1,5,5.0,0.0,5.0,0.0,0.0,47,0.0,0.0,47.0,175,1.0,0.0
DTXSID1034212,3,hill_var,1,5,5.0,0.0,5.0,0.0,0.0,47,0.0,0.0,47.0,175,1.0,0.0
DTXSID1034212,3,model_disagreement,1,5,5.0,0.0,5.0,0.0,0.0,47,0.0,0.0,47.0,175,1.0,0.0
DTXSID1034212,3,nested_anchorboost,1,5,5,0,5,0,0,47,0,0,47,175,1.0,0.0
DTXSID1034212,3,nested_measured_only,1,5,5,0,5,0,0,47,0,0,47,175,1.0,0.0
DTXSID1034212,3,uniform_random,1,5,5.0,0.0,5.0,0.0,0.0,47,0.0,0.0,47.0,175,1.0,0.0
DTXSID1037197,4,fixed_maximin,1,5,5.0,1.0,5.0,0.0,0.0,45,0.0,0.0,45.0,105,1.0,0.2
DTXSID1037197,4,gp_ivr,1,5,5.0,1.0,5.0,0.0,0.0,45,0.0,0.0,45.0,105,1.0,0.2
DTXSID1037197,4,gp_var,1,5,5.0,1.0,5.0,0.0,0.0,45,0.0,0.0,45.0,105,1.0,0.2
DTXSID1037197,4,highest_unmeasured,1,5,5.0,1.0,5.0,0.0,0.0,45,0.0,0.0,45.0,105,1.0,0.2
DTXSID1037197,4,hill_var,1,5,5.0,1.0,5.0,0.0,0.0,45,0.0,0.0,45.0,105,1.0,0.2
DTXSID1037197,4,model_disagreement,1,5,5.0,1.0,5.0,0.0,0.0,45,0.0,0.0,45.0,105,1.0,0.2
DTXSID1037197,4,nested_anchorboost,1,5,5,1,5,0,0,45,0,0,45,105,1.0,0.2
DTXSID1037197,4,nested_measured_only,1,5,5,1,5,0,0,45,0,0,45,105,1.0,0.2
DTXSID1037197,4,uniform_random,1,5,5.0,1.0,5.0,0.0,0.0,45,0.0,0.0,45.0,105,1.0,0.2
DTXSID1038666,4,fixed_maximin,1,5,4.0,0.0,4.0,0.0,1.0,84,3.0,24.0,111.0,210,0.8,0.0
DTXSID1038666,4,gp_ivr,1,5,4.0,0.0,4.0,0.0,1.0,84,6.0,21.0,111.0,210,0.8,0.0
DTXSID1038666,4,gp_var,1,5,4.0,0.0,4.0,0.0,1.0,84,3.0,24.0,111.0,210,0.8,0.0
DTXSID1038666,4,highest_unmeasured,1,5,5.0,0.0,4.0,1.0,0.0,84,6.0,0.0,90.0,210,1.0,0.0
DTXSID1038666,4,hill_var,1,5,5.0,0.0,4.0,1.0,0.0,84,6.0,0.0,90.0,210,1.0,0.0
DTXSID1038666,4,model_disagreement,1,5,4.0,0.0,4.0,0.0,1.0,84,6.0,21.0,111.0,210,0.8,0.0
DTXSID1038666,4,nested_anchorboost,1,5,5,0,5,0,0,84,0,0,84,210,1.0,0.0
DTXSID1038666,4,nested_measured_only,1,5,2,1,2,0,3,84,0,78,162,210,0.4,0.2
DTXSID1038666,4,uniform_random,1,5,4.2,0.0,4.0,0.2,0.8,84,5.4,17.400000000000002,106.80000000000001,210,0.8400000000000001,0.0
DTXSID1047576,4,fixed_maximin,1,5,5.0,0.0,4.0,1.0,0.0,90,6.0,0.0,96.0,210,1.0,0.0
DTXSID1047576,4,gp_ivr,1,5,5.0,0.0,4.0,1.0,0.0,90,6.0,0.0,96.0,210,1.0,0.0
DTXSID1047576,4,gp_var,1,5,5.0,0.0,4.0,1.0,0.0,90,6.0,0.0,96.0,210,1.0,0.0
DTXSID1047576,4,highest_unmeasured,1,5,5.0,0.0,4.0,1.0,0.0,90,6.0,0.0,96.0,210,1.0,0.0
DTXSID1047576,4,hill_var,1,5,5.0,0.0,4.0,1.0,0.0,90,6.0,0.0,96.0,210,1.0,0.0
DTXSID1047576,4,model_disagreement,1,5,5.0,0.0,4.0,1.0,0.0,90,6.0,0.0,96.0,210,1.0,0.0
DTXSID1047576,4,nested_anchorboost,1,5,5,0,5,0,0,90,0,0,90,210,1.0,0.0
DTXSID1047576,4,nested_measured_only,1,5,5,0,5,0,0,90,0,0,90,210,1.0,0.0
DTXSID1047576,4,uniform_random,1,5,4.75,0.0,4.0,0.75,0.25,90,6.0,4.5,100.5,210,0.95,0.0
DTXSID2020006,1,fixed_maximin,1,5,5.0,0.0,5.0,0.0,0.0,262,0.0,0.0,262.0,610,1.0,0.0
DTXSID2020006,1,gp_ivr,1,5,5.0,0.0,5.0,0.0,0.0,262,0.0,0.0,262.0,610,1.0,0.0
DTXSID2020006,1,gp_var,1,5,5.0,0.0,5.0,0.0,0.0,262,0.0,0.0,262.0,610,1.0,0.0
DTXSID2020006,1,highest_unmeasured,1,5,5.0,0.0,5.0,0.0,0.0,262,0.0,0.0,262.0,610,1.0,0.0
DTXSID2020006,1,hill_var,1,5,5.0,0.0,5.0,0.0,0.0,262,0.0,0.0,262.0,610,1.0,0.0
DTXSID2020006,1,model_disagreement,1,5,5.0,0.0,5.0,0.0,0.0,262,0.0,0.0,262.0,610,1.0,0.0
DTXSID2020006,1,nested_anchorboost,1,5,5,0,5,0,0,262,0,0,262,610,1.0,0.0
DTXSID2020006,1,nested_measured_only,1,5,5,0,5,0,0,262,0,0,262,610,1.0,0.0
DTXSID2020006,1,uniform_random,1,5,5.0,0.0,5.0,0.0,0.0,262,0.0,0.0,262.0,610,1.0,0.0
DTXSID2020139,2,fixed_maximin,1,5,5.0,0.0,4.0,1.0,0.0,45,3.0,0.0,48.0,105,1.0,0.0
DTXSID2020139,2,gp_ivr,1,5,5.0,0.0,4.0,1.0,0.0,45,3.0,0.0,48.0,105,1.0,0.0
DTXSID2020139,2,gp_var,1,5,5.0,0.0,4.0,1.0,0.0,45,3.0,0.0,48.0,105,1.0,0.0
DTXSID2020139,2,highest_unmeasured,1,5,5.0,0.0,4.0,1.0,0.0,45,3.0,0.0,48.0,105,1.0,0.0
DTXSID2020139,2,hill_var,1,5,5.0,0.0,4.0,1.0,0.0,45,3.0,0.0,48.0,105,1.0,0.0
DTXSID2020139,2,model_disagreement,1,5,5.0,0.0,4.0,1.0,0.0,45,3.0,0.0,48.0,105,1.0,0.0
DTXSID2020139,2,nested_anchorboost,1,5,4,0,4,0,1,45,0,12,57,105,0.8,0.0
DTXSID2020139,2,nested_measured_only,1,5,4,0,4,0,1,45,0,12,57,105,0.8,0.0
DTXSID2020139,2,uniform_random,1,5,4.5,0.0,4.0,0.5,0.5,45,3.0,4.5,52.5,105,0.9,0.0
DTXSID2020262,2,fixed_maximin,1,5,5.0,0.0,5.0,0.0,0.0,90,0.0,0.0,90.0,210,1.0,0.0
DTXSID2020262,2,gp_ivr,1,5,5.0,0.0,5.0,0.0,0.0,90,0.0,0.0,90.0,210,1.0,0.0
DTXSID2020262,2,gp_var,1,5,5.0,0.0,5.0,0.0,0.0,90,0.0,0.0,90.0,210,1.0,0.0
DTXSID2020262,2,highest_unmeasured,1,5,5.0,0.0,5.0,0.0,0.0,90,0.0,0.0,90.0,210,1.0,0.0
DTXSID2020262,2,hill_var,1,5,5.0,0.0,5.0,0.0,0.0,90,0.0,0.0,90.0,210,1.0,0.0
DTXSID2020262,2,model_disagreement,1,5,5.0,0.0,5.0,0.0,0.0,90,0.0,0.0,90.0,210,1.0,0.0
DTXSID2020262,2,nested_anchorboost,1,5,5,0,5,0,0,90,0,0,90,210,1.0,0.0
DTXSID2020262,2,nested_measured_only,1,5,5,0,5,0,0,90,0,0,90,210,1.0,0.0
DTXSID2020262,2,uniform_random,1,5,5.0,0.0,5.0,0.0,0.0,90,0.0,0.0,90.0,210,1.0,0.0
DTXSID2020268,3,fixed_maximin,1,5,5.0,0.0,4.0,1.0,0.0,45,3.0,0.0,48.0,105,1.0,0.0
DTXSID2020268,3,gp_ivr,1,5,5.0,0.0,4.0,1.0,0.0,45,3.0,0.0,48.0,105,1.0,0.0
DTXSID2020268,3,gp_var,1,5,5.0,0.0,4.0,1.0,0.0,45,3.0,0.0,48.0,105,1.0,0.0
DTXSID2020268,3,highest_unmeasured,1,5,5.0,0.0,4.0,1.0,0.0,45,3.0,0.0,48.0,105,1.0,0.0
DTXSID2020268,3,hill_var,1,5,5.0,0.0,4.0,1.0,0.0,45,3.0,0.0,48.0,105,1.0,0.0
DTXSID2020268,3,model_disagreement,1,5,5.0,0.0,4.0,1.0,0.0,45,3.0,0.0,48.0,105,1.0,0.0
DTXSID2020268,3,nested_anchorboost,1,5,4,0,4,0,1,45,0,12,57,105,0.8,0.0
DTXSID2020268,3,nested_measured_only,1,5,2,0,2,0,3,45,0,36,81,105,0.4,0.0
DTXSID2020268,3,uniform_random,1,5,4.75,0.0,4.0,0.75,0.25,45,3.0,2.25,50.25,105,0.95,0.0
DTXSID2020347,4,fixed_maximin,1,5,5.0,0.0,5.0,0.0,0.0,45,0.0,0.0,45.0,105,1.0,0.0
DTXSID2020347,4,gp_ivr,1,5,5.0,0.0,5.0,0.0,0.0,45,0.0,0.0,45.0,105,1.0,0.0
DTXSID2020347,4,gp_var,1,5,5.0,0.0,5.0,0.0,0.0,45,0.0,0.0,45.0,105,1.0,0.0
DTXSID2020347,4,highest_unmeasured,1,5,5.0,0.0,5.0,0.0,0.0,45,0.0,0.0,45.0,105,1.0,0.0
DTXSID2020347,4,hill_var,1,5,5.0,0.0,5.0,0.0,0.0,45,0.0,0.0,45.0,105,1.0,0.0
DTXSID2020347,4,model_disagreement,1,5,5.0,0.0,5.0,0.0,0.0,45,0.0,0.0,45.0,105,1.0,0.0
DTXSID2020347,4,nested_anchorboost,1,5,5,0,5,0,0,45,0,0,45,105,1.0,0.0
DTXSID2020347,4,nested_measured_only,1,5,5,2,5,0,0,45,0,0,45,105,1.0,0.4
DTXSID2020347,4,uniform_random,1,5,5.0,0.0,5.0,0.0,0.0,45,0.0,0.0,45.0,105,1.0,0.0
DTXSID2020630,3,fixed_maximin,1,5,2.0,0.0,2.0,0.0,3.0,45,9.0,27.0,81.0,105,0.4,0.0
DTXSID2020630,3,gp_ivr,1,5,2.0,0.0,2.0,0.0,3.0,45,9.0,27.0,81.0,105,0.4,0.0
DTXSID2020630,3,gp_var,1,5,2.0,0.0,2.0,0.0,3.0,45,9.0,27.0,81.0,105,0.4,0.0
DTXSID2020630,3,highest_unmeasured,1,5,2.0,0.0,2.0,0.0,3.0,45,9.0,27.0,81.0,105,0.4,0.0
DTXSID2020630,3,hill_var,1,5,2.0,0.0,2.0,0.0,3.0,45,9.0,27.0,81.0,105,0.4,0.0
DTXSID2020630,3,model_disagreement,1,5,2.0,0.0,2.0,0.0,3.0,45,9.0,27.0,81.0,105,0.4,0.0
DTXSID2020630,3,nested_anchorboost,1,5,2,0,2,0,3,45,0,36,81,105,0.4,0.0
DTXSID2020630,3,nested_measured_only,1,5,2,0,2,0,3,45,0,36,81,105,0.4,0.0
DTXSID2020630,3,uniform_random,1,5,2.0,0.0,2.0,0.0,3.0,45,9.0,27.0,81.0,105,0.4,0.0
DTXSID2020634,1,fixed_maximin,1,5,5.0,0.0,5.0,0.0,0.0,45,0.0,0.0,45.0,105,1.0,0.0
DTXSID2020634,1,gp_ivr,1,5,5.0,0.0,5.0,0.0,0.0,45,0.0,0.0,45.0,105,1.0,0.0
DTXSID2020634,1,gp_var,1,5,5.0,0.0,5.0,0.0,0.0,45,0.0,0.0,45.0,105,1.0,0.0
DTXSID2020634,1,highest_unmeasured,1,5,5.0,0.0,5.0,0.0,0.0,45,0.0,0.0,45.0,105,1.0,0.0
DTXSID2020634,1,hill_var,1,5,5.0,0.0,5.0,0.0,0.0,45,0.0,0.0,45.0,105,1.0,0.0
DTXSID2020634,1,model_disagreement,1,5,5.0,0.0,5.0,0.0,0.0,45,0.0,0.0,45.0,105,1.0,0.0
DTXSID2020634,1,nested_anchorboost,1,5,5,0,5,0,0,45,0,0,45,105,1.0,0.0
DTXSID2020634,1,nested_measured_only,1,5,5,0,5,0,0,45,0,0,45,105,1.0,0.0
DTXSID2020634,1,uniform_random,1,5,5.0,0.0,5.0,0.0,0.0,45,0.0,0.0,45.0,105,1.0,0.0
DTXSID2020686,2,fixed_maximin,1,5,5.0,0.0,5.0,0.0,0.0,45,0.0,0.0,45.0,105,1.0,0.0
DTXSID2020686,2,gp_ivr,1,5,5.0,0.0,5.0,0.0,0.0,45,0.0,0.0,45.0,105,1.0,0.0
DTXSID2020686,2,gp_var,1,5,5.0,0.0,5.0,0.0,0.0,45,0.0,0.0,45.0,105,1.0,0.0
DTXSID2020686,2,highest_unmeasured,1,5,5.0,0.0,5.0,0.0,0.0,45,0.0,0.0,45.0,105,1.0,0.0
DTXSID2020686,2,hill_var,1,5,5.0,0.0,5.0,0.0,0.0,45,0.0,0.0,45.0,105,1.0,0.0
DTXSID2020686,2,model_disagreement,1,5,5.0,0.0,5.0,0.0,0.0,45,0.0,0.0,45.0,105,1.0,0.0
DTXSID2020686,2,nested_anchorboost,1,5,5,0,5,0,0,45,0,0,45,105,1.0,0.0
DTXSID2020686,2,nested_measured_only,1,5,4,0,4,0,1,45,0,12,57,105,0.8,0.0
DTXSID2020686,2,uniform_random,1,5,5.0,0.0,5.0,0.0,0.0,45,0.0,0.0,45.0,105,1.0,0.0
DTXSID2020890,3,fixed_maximin,1,5,5.0,1.0,5.0,0.0,0.0,45,0.0,0.0,45.0,105,1.0,0.2
DTXSID2020890,3,gp_ivr,1,5,5.0,1.0,5.0,0.0,0.0,45,0.0,0.0,45.0,105,1.0,0.2
DTXSID2020890,3,gp_var,1,5,5.0,1.0,5.0,0.0,0.0,45,0.0,0.0,45.0,105,1.0,0.2
DTXSID2020890,3,highest_unmeasured,1,5,5.0,1.0,5.0,0.0,0.0,45,0.0,0.0,45.0,105,1.0,0.2
DTXSID2020890,3,hill_var,1,5,5.0,1.0,5.0,0.0,0.0,45,0.0,0.0,45.0,105,1.0,0.2
DTXSID2020890,3,model_disagreement,1,5,5.0,1.0,5.0,0.0,0.0,45,0.0,0.0,45.0,105,1.0,0.2
DTXSID2020890,3,nested_anchorboost,1,5,5,1,5,0,0,45,0,0,45,105,1.0,0.2
DTXSID2020890,3,nested_measured_only,1,5,5,2,5,0,0,45,0,0,45,105,1.0,0.4
DTXSID2020890,3,uniform_random,1,5,5.0,1.0,5.0,0.0,0.0,45,0.0,0.0,45.0,105,1.0,0.2
DTXSID2022254,1,fixed_maximin,1,5,5.0,2.0,5.0,0.0,0.0,45,0.0,0.0,45.0,105,1.0,0.4
DTXSID2022254,1,gp_ivr,1,5,5.0,2.0,5.0,0.0,0.0,45,0.0,0.0,45.0,105,1.0,0.4
DTXSID2022254,1,gp_var,1,5,5.0,2.0,5.0,0.0,0.0,45,0.0,0.0,45.0,105,1.0,0.4
DTXSID2022254,1,highest_unmeasured,1,5,5.0,2.0,5.0,0.0,0.0,45,0.0,0.0,45.0,105,1.0,0.4
DTXSID2022254,1,hill_var,1,5,5.0,2.0,5.0,0.0,0.0,45,0.0,0.0,45.0,105,1.0,0.4
DTXSID2022254,1,model_disagreement,1,5,5.0,2.0,5.0,0.0,0.0,45,0.0,0.0,45.0,105,1.0,0.4
DTXSID2022254,1,nested_anchorboost,1,5,5,2,5,0,0,45,0,0,45,105,1.0,0.4
DTXSID2022254,1,nested_measured_only,1,5,5,4,5,0,0,45,0,0,45,105,1.0,0.8
DTXSID2022254,1,uniform_random,1,5,5.0,2.0,5.0,0.0,0.0,45,0.0,0.0,45.0,105,1.0,0.4
DTXSID2032344,4,fixed_maximin,1,5,5.0,1.0,4.0,1.0,0.0,45,3.0,0.0,48.0,105,1.0,0.2
DTXSID2032344,4,gp_ivr,1,5,5.0,1.0,4.0,1.0,0.0,45,3.0,0.0,48.0,105,1.0,0.2
DTXSID2032344,4,gp_var,1,5,5.0,1.0,4.0,1.0,0.0,45,3.0,0.0,48.0,105,1.0,0.2
DTXSID2032344,4,highest_unmeasured,1,5,5.0,1.0,4.0,1.0,0.0,45,3.0,0.0,48.0,105,1.0,0.2
DTXSID2032344,4,hill_var,1,5,5.0,1.0,4.0,1.0,0.0,45,3.0,0.0,48.0,105,1.0,0.2
DTXSID2032344,4,model_disagreement,1,5,5.0,1.0,4.0,1.0,0.0,45,3.0,0.0,48.0,105,1.0,0.2
DTXSID2032344,4,nested_anchorboost,1,5,5,2,5,0,0,45,0,0,45,105,1.0,0.4
DTXSID2032344,4,nested_measured_only,1,5,5,2,5,0,0,45,0,0,45,105,1.0,0.4
DTXSID2032344,4,uniform_random,1,5,5.0,1.0,4.0,1.0,0.0,45,3.0,0.0,48.0,105,1.0,0.2
DTXSID2034465,2,fixed_maximin,1,5,5.0,0.0,5.0,0.0,0.0,45,0.0,0.0,45.0,105,1.0,0.0
DTXSID2034465,2,gp_ivr,1,5,5.0,0.0,5.0,0.0,0.0,45,0.0,0.0,45.0,105,1.0,0.0
DTXSID2034465,2,gp_var,1,5,5.0,0.0,5.0,0.0,0.0,45,0.0,0.0,45.0,105,1.0,0.0
DTXSID2034465,2,highest_unmeasured,1,5,5.0,0.0,5.0,0.0,0.0,45,0.0,0.0,45.0,105,1.0,0.0
DTXSID2034465,2,hill_var,1,5,5.0,0.0,5.0,0.0,0.0,45,0.0,0.0,45.0,105,1.0,0.0
DTXSID2034465,2,model_disagreement,1,5,5.0,0.0,5.0,0.0,0.0,45,0.0,0.0,45.0,105,1.0,0.0
DTXSID2034465,2,nested_anchorboost,1,5,5,0,5,0,0,45,0,0,45,105,1.0,0.0
DTXSID2034465,2,nested_measured_only,1,5,5,0,5,0,0,45,0,0,45,105,1.0,0.0
DTXSID2034465,2,uniform_random,1,5,5.0,0.0,5.0,0.0,0.0,45,0.0,0.0,45.0,105,1.0,0.0
DTXSID2034962,3,fixed_maximin,1,5,2.0,0.0,2.0,0.0,3.0,45,9.0,27.0,81.0,105,0.4,0.0
DTXSID2034962,3,gp_ivr,1,5,2.0,0.0,2.0,0.0,3.0,45,9.0,27.0,81.0,105,0.4,0.0
DTXSID2034962,3,gp_var,1,5,2.0,0.0,2.0,0.0,3.0,45,9.0,27.0,81.0,105,0.4,0.0
DTXSID2034962,3,highest_unmeasured,1,5,2.0,0.0,2.0,0.0,3.0,45,9.0,27.0,81.0,105,0.4,0.0
DTXSID2034962,3,hill_var,1,5,2.0,0.0,2.0,0.0,3.0,45,9.0,27.0,81.0,105,0.4,0.0
DTXSID2034962,3,model_disagreement,1,5,2.0,0.0,2.0,0.0,3.0,45,9.0,27.0,81.0,105,0.4,0.0
DTXSID2034962,3,nested_anchorboost,1,5,2,0,2,0,3,45,0,36,81,105,0.4,0.0
DTXSID2034962,3,nested_measured_only,1,5,2,0,2,0,3,45,0,36,81,105,0.4,0.0
DTXSID2034962,3,uniform_random,1,5,2.0,0.0,2.0,0.0,3.0,45,9.0,27.0,81.0,105,0.4,0.0
DTXSID2037269,4,fixed_maximin,1,5,5.0,0.0,5.0,0.0,0.0,135,0.0,0.0,135.0,365,1.0,0.0
DTXSID2037269,4,gp_ivr,1,5,5.0,0.0,5.0,0.0,0.0,135,0.0,0.0,135.0,365,1.0,0.0
DTXSID2037269,4,gp_var,1,5,5.0,0.0,5.0,0.0,0.0,135,0.0,0.0,135.0,365,1.0,0.0
DTXSID2037269,4,highest_unmeasured,1,5,5.0,0.0,5.0,0.0,0.0,135,0.0,0.0,135.0,365,1.0,0.0
DTXSID2037269,4,hill_var,1,5,5.0,0.0,5.0,0.0,0.0,135,0.0,0.0,135.0,365,1.0,0.0
DTXSID2037269,4,model_disagreement,1,5,5.0,0.0,5.0,0.0,0.0,135,0.0,0.0,135.0,365,1.0,0.0
DTXSID2037269,4,nested_anchorboost,1,5,5,0,5,0,0,135,0,0,135,365,1.0,0.0
DTXSID2037269,4,nested_measured_only,1,5,5,0,5,0,0,135,0,0,135,365,1.0,0.0
DTXSID2037269,4,uniform_random,1,5,5.0,0.0,5.0,0.0,0.0,135,0.0,0.0,135.0,365,1.0,0.0
DTXSID2038443,3,fixed_maximin,1,5,4.0,0.0,3.0,1.0,1.0,90,12.0,18.0,120.0,210,0.8,0.0
DTXSID2038443,3,gp_ivr,1,5,5.0,0.0,3.0,2.0,0.0,90,12.0,0.0,102.0,210,1.0,0.0
DTXSID2038443,3,gp_var,1,5,4.0,0.0,3.0,1.0,1.0,90,12.0,18.0,120.0,210,0.8,0.0
DTXSID2038443,3,highest_unmeasured,1,5,3.0,0.0,3.0,0.0,2.0,90,12.0,36.0,138.0,210,0.6,0.0
DTXSID2038443,3,hill_var,1,5,3.0,0.0,3.0,0.0,2.0,90,12.0,36.0,138.0,210,0.6,0.0
DTXSID2038443,3,model_disagreement,1,5,4.0,0.0,3.0,1.0,1.0,90,12.0,18.0,120.0,210,0.8,0.0
DTXSID2038443,3,nested_anchorboost,1,5,3,0,3,0,2,90,0,48,138,210,0.6,0.0
DTXSID2038443,3,nested_measured_only,1,5,2,0,2,0,3,90,0,72,162,210,0.4,0.0
DTXSID2038443,3,uniform_random,1,5,3.5,0.0,3.0,0.5,1.5,90,12.0,27.0,129.0,210,0.7,0.0
DTXSID2047276,4,fixed_maximin,1,5,5.0,0.0,5.0,0.0,0.0,45,0.0,0.0,45.0,105,1.0,0.0
DTXSID2047276,4,gp_ivr,1,5,5.0,0.0,5.0,0.0,0.0,45,0.0,0.0,45.0,105,1.0,0.0
DTXSID2047276,4,gp_var,1,5,5.0,0.0,5.0,0.0,0.0,45,0.0,0.0,45.0,105,1.0,0.0
DTXSID2047276,4,highest_unmeasured,1,5,5.0,0.0,5.0,0.0,0.0,45,0.0,0.0,45.0,105,1.0,0.0
DTXSID2047276,4,hill_var,1,5,5.0,0.0,5.0,0.0,0.0,45,0.0,0.0,45.0,105,1.0,0.0
DTXSID2047276,4,model_disagreement,1,5,5.0,0.0,5.0,0.0,0.0,45,0.0,0.0,45.0,105,1.0,0.0
DTXSID2047276,4,nested_anchorboost,1,5,5,0,5,0,0,45,0,0,45,105,1.0,0.0
DTXSID2047276,4,nested_measured_only,1,5,5,0,5,0,0,45,0,0,45,105,1.0,0.0
DTXSID2047276,4,uniform_random,1,5,5.0,0.0,5.0,0.0,0.0,45,0.0,0.0,45.0,105,1.0,0.0
DTXSID2057865,4,fixed_maximin,1,5,5.0,0.0,5.0,0.0,0.0,45,0.0,0.0,45.0,105,1.0,0.0
DTXSID2057865,4,gp_ivr,1,5,5.0,0.0,5.0,0.0,0.0,45,0.0,0.0,45.0,105,1.0,0.0
DTXSID2057865,4,gp_var,1,5,5.0,0.0,5.0,0.0,0.0,45,0.0,0.0,45.0,105,1.0,0.0
DTXSID2057865,4,highest_unmeasured,1,5,5.0,0.0,5.0,0.0,0.0,45,0.0,0.0,45.0,105,1.0,0.0
DTXSID2057865,4,hill_var,1,5,5.0,0.0,5.0,0.0,0.0,45,0.0,0.0,45.0,105,1.0,0.0
DTXSID2057865,4,model_disagreement,1,5,5.0,0.0,5.0,0.0,0.0,45,0.0,0.0,45.0,105,1.0,0.0
DTXSID2057865,4,nested_anchorboost,1,5,5,0,5,0,0,45,0,0,45,105,1.0,0.0
DTXSID2057865,4,nested_measured_only,1,5,5,0,5,0,0,45,0,0,45,105,1.0,0.0
DTXSID2057865,4,uniform_random,1,5,5.0,0.0,5.0,0.0,0.0,45,0.0,0.0,45.0,105,1.0,0.0
DTXSID3020384,3,fixed_maximin,1,5,5.0,0.0,4.0,1.0,0.0,45,3.0,0.0,48.0,105,1.0,0.0
DTXSID3020384,3,gp_ivr,1,5,4.0,0.0,4.0,0.0,1.0,45,3.0,9.0,57.0,105,0.8,0.0
DTXSID3020384,3,gp_var,1,5,5.0,0.0,4.0,1.0,0.0,45,3.0,0.0,48.0,105,1.0,0.0
DTXSID3020384,3,highest_unmeasured,1,5,5.0,0.0,4.0,1.0,0.0,45,3.0,0.0,48.0,105,1.0,0.0
DTXSID3020384,3,hill_var,1,5,5.0,0.0,4.0,1.0,0.0,45,3.0,0.0,48.0,105,1.0,0.0
DTXSID3020384,3,model_disagreement,1,5,5.0,0.0,4.0,1.0,0.0,45,3.0,0.0,48.0,105,1.0,0.0
DTXSID3020384,3,nested_anchorboost,1,5,5,0,5,0,0,45,0,0,45,105,1.0,0.0
DTXSID3020384,3,nested_measured_only,1,5,0,0,0,0,5,45,0,60,105,105,0.0,0.0
DTXSID3020384,3,uniform_random,1,5,4.5,0.0,4.0,0.5,0.5,45,3.0,4.5,52.5,105,0.9,0.0
DTXSID3020465,1,fixed_maximin,1,5,5.0,0.0,5.0,0.0,0.0,45,0.0,0.0,45.0,105,1.0,0.0
DTXSID3020465,1,gp_ivr,1,5,5.0,0.0,5.0,0.0,0.0,45,0.0,0.0,45.0,105,1.0,0.0
DTXSID3020465,1,gp_var,1,5,5.0,0.0,5.0,0.0,0.0,45,0.0,0.0,45.0,105,1.0,0.0
DTXSID3020465,1,highest_unmeasured,1,5,5.0,0.0,5.0,0.0,0.0,45,0.0,0.0,45.0,105,1.0,0.0
DTXSID3020465,1,hill_var,1,5,5.0,0.0,5.0,0.0,0.0,45,0.0,0.0,45.0,105,1.0,0.0
DTXSID3020465,1,model_disagreement,1,5,5.0,0.0,5.0,0.0,0.0,45,0.0,0.0,45.0,105,1.0,0.0
DTXSID3020465,1,nested_anchorboost,1,5,5,0,5,0,0,45,0,0,45,105,1.0,0.0
DTXSID3020465,1,nested_measured_only,1,5,5,0,5,0,0,45,0,0,45,105,1.0,0.0
DTXSID3020465,1,uniform_random,1,5,5.0,0.0,5.0,0.0,0.0,45,0.0,0.0,45.0,105,1.0,0.0
DTXSID3020910,1,fixed_maximin,1,5,5.0,0.0,5.0,0.0,0.0,45,0.0,0.0,45.0,105,1.0,0.0
DTXSID3020910,1,gp_ivr,1,5,5.0,0.0,5.0,0.0,0.0,45,0.0,0.0,45.0,105,1.0,0.0
DTXSID3020910,1,gp_var,1,5,5.0,0.0,5.0,0.0,0.0,45,0.0,0.0,45.0,105,1.0,0.0
DTXSID3020910,1,highest_unmeasured,1,5,5.0,0.0,5.0,0.0,0.0,45,0.0,0.0,45.0,105,1.0,0.0
DTXSID3020910,1,hill_var,1,5,5.0,0.0,5.0,0.0,0.0,45,0.0,0.0,45.0,105,1.0,0.0
DTXSID3020910,1,model_disagreement,1,5,5.0,0.0,5.0,0.0,0.0,45,0.0,0.0,45.0,105,1.0,0.0
DTXSID3020910,1,nested_anchorboost,1,5,5,0,5,0,0,45,0,0,45,105,1.0,0.0
DTXSID3020910,1,nested_measured_only,1,5,5,0,5,0,0,45,0,0,45,105,1.0,0.0
DTXSID3020910,1,uniform_random,1,5,5.0,0.0,5.0,0.0,0.0,45,0.0,0.0,45.0,105,1.0,0.0
DTXSID3021774,3,fixed_maximin,1,5,2.0,0.0,2.0,0.0,3.0,45,9.0,27.0,81.0,105,0.4,0.0
DTXSID3021774,3,gp_ivr,1,5,2.0,0.0,2.0,0.0,3.0,45,9.0,27.0,81.0,105,0.4,0.0
DTXSID3021774,3,gp_var,1,5,2.0,0.0,2.0,0.0,3.0,45,9.0,27.0,81.0,105,0.4,0.0
DTXSID3021774,3,highest_unmeasured,1,5,2.0,0.0,2.0,0.0,3.0,45,9.0,27.0,81.0,105,0.4,0.0
DTXSID3021774,3,hill_var,1,5,2.0,0.0,2.0,0.0,3.0,45,9.0,27.0,81.0,105,0.4,0.0
DTXSID3021774,3,model_disagreement,1,5,2.0,0.0,2.0,0.0,3.0,45,9.0,27.0,81.0,105,0.4,0.0
DTXSID3021774,3,nested_anchorboost,1,5,5,0,5,0,0,45,0,0,45,105,1.0,0.0
DTXSID3021774,3,nested_measured_only,1,5,2,0,2,0,3,45,0,36,81,105,0.4,0.0
DTXSID3021774,3,uniform_random,1,5,2.0,0.0,2.0,0.0,3.0,45,9.0,27.0,81.0,105,0.4,0.0
DTXSID3022409,4,fixed_maximin,1,5,5.0,2.0,5.0,0.0,0.0,45,0.0,0.0,45.0,105,1.0,0.4
DTXSID3022409,4,gp_ivr,1,5,5.0,2.0,5.0,0.0,0.0,45,0.0,0.0,45.0,105,1.0,0.4
DTXSID3022409,4,gp_var,1,5,5.0,2.0,5.0,0.0,0.0,45,0.0,0.0,45.0,105,1.0,0.4
DTXSID3022409,4,highest_unmeasured,1,5,5.0,2.0,5.0,0.0,0.0,45,0.0,0.0,45.0,105,1.0,0.4
DTXSID3022409,4,hill_var,1,5,5.0,2.0,5.0,0.0,0.0,45,0.0,0.0,45.0,105,1.0,0.4
DTXSID3022409,4,model_disagreement,1,5,5.0,2.0,5.0,0.0,0.0,45,0.0,0.0,45.0,105,1.0,0.4
DTXSID3022409,4,nested_anchorboost,1,5,5,2,5,0,0,45,0,0,45,105,1.0,0.4
DTXSID3022409,4,nested_measured_only,1,5,5,2,5,0,0,45,0,0,45,105,1.0,0.4
DTXSID3022409,4,uniform_random,1,5,5.0,2.0,5.0,0.0,0.0,45,0.0,0.0,45.0,105,1.0,0.4
DTXSID3023764,2,fixed_maximin,1,5,5.0,0.0,5.0,0.0,0.0,45,0.0,0.0,45.0,105,1.0,0.0
DTXSID3023764,2,gp_ivr,1,5,5.0,0.0,5.0,0.0,0.0,45,0.0,0.0,45.0,105,1.0,0.0
DTXSID3023764,2,gp_var,1,5,5.0,0.0,5.0,0.0,0.0,45,0.0,0.0,45.0,105,1.0,0.0
DTXSID3023764,2,highest_unmeasured,1,5,5.0,0.0,5.0,0.0,0.0,45,0.0,0.0,45.0,105,1.0,0.0
DTXSID3023764,2,hill_var,1,5,5.0,0.0,5.0,0.0,0.0,45,0.0,0.0,45.0,105,1.0,0.0
DTXSID3023764,2,model_disagreement,1,5,5.0,0.0,5.0,0.0,0.0,45,0.0,0.0,45.0,105,1.0,0.0
DTXSID3023764,2,nested_anchorboost,1,5,5,0,5,0,0,45,0,0,45,105,1.0,0.0
DTXSID3023764,2,nested_measured_only,1,5,5,0,5,0,0,45,0,0,45,105,1.0,0.0
DTXSID3023764,2,uniform_random,1,5,5.0,0.0,5.0,0.0,0.0,45,0.0,0.0,45.0,105,1.0,0.0
DTXSID3023845,2,fixed_maximin,1,5,5.0,0.0,5.0,0.0,0.0,84,0.0,0.0,84.0,195,1.0,0.0
DTXSID3023845,2,gp_ivr,1,5,5.0,0.0,5.0,0.0,0.0,84,0.0,0.0,84.0,195,1.0,0.0
DTXSID3023845,2,gp_var,1,5,5.0,0.0,5.0,0.0,0.0,84,0.0,0.0,84.0,195,1.0,0.0
DTXSID3023845,2,highest_unmeasured,1,5,5.0,0.0,5.0,0.0,0.0,84,0.0,0.0,84.0,195,1.0,0.0
DTXSID3023845,2,hill_var,1,5,5.0,0.0,5.0,0.0,0.0,84,0.0,0.0,84.0,195,1.0,0.0
DTXSID3023845,2,model_disagreement,1,5,5.0,0.0,5.0,0.0,0.0,84,0.0,0.0,84.0,195,1.0,0.0
DTXSID3023845,2,nested_anchorboost,1,5,5,0,5,0,0,84,0,0,84,195,1.0,0.0
DTXSID3023845,2,nested_measured_only,1,5,5,0,5,0,0,84,0,0,84,195,1.0,0.0
DTXSID3023845,2,uniform_random,1,5,5.0,0.0,5.0,0.0,0.0,84,0.0,0.0,84.0,195,1.0,0.0
DTXSID3024289,3,fixed_maximin,1,5,5.0,0.0,5.0,0.0,0.0,45,0.0,0.0,45.0,105,1.0,0.0
DTXSID3024289,3,gp_ivr,1,5,5.0,0.0,5.0,0.0,0.0,45,0.0,0.0,45.0,105,1.0,0.0
DTXSID3024289,3,gp_var,1,5,5.0,0.0,5.0,0.0,0.0,45,0.0,0.0,45.0,105,1.0,0.0
DTXSID3024289,3,highest_unmeasured,1,5,5.0,0.0,5.0,0.0,0.0,45,0.0,0.0,45.0,105,1.0,0.0
DTXSID3024289,3,hill_var,1,5,5.0,0.0,5.0,0.0,0.0,45,0.0,0.0,45.0,105,1.0,0.0
DTXSID3024289,3,model_disagreement,1,5,5.0,0.0,5.0,0.0,0.0,45,0.0,0.0,45.0,105,1.0,0.0
DTXSID3024289,3,nested_anchorboost,1,5,5,0,5,0,0,45,0,0,45,105,1.0,0.0
DTXSID3024289,3,nested_measured_only,1,5,5,0,5,0,0,45,0,0,45,105,1.0,0.0
DTXSID3024289,3,uniform_random,1,5,5.0,0.0,5.0,0.0,0.0,45,0.0,0.0,45.0,105,1.0,0.0
DTXSID3025465,4,fixed_maximin,1,5,5.0,0.0,5.0,0.0,0.0,45,0.0,0.0,45.0,105,1.0,0.0
DTXSID3025465,4,gp_ivr,1,5,5.0,0.0,5.0,0.0,0.0,45,0.0,0.0,45.0,105,1.0,0.0
DTXSID3025465,4,gp_var,1,5,5.0,0.0,5.0,0.0,0.0,45,0.0,0.0,45.0,105,1.0,0.0
DTXSID3025465,4,highest_unmeasured,1,5,5.0,0.0,5.0,0.0,0.0,45,0.0,0.0,45.0,105,1.0,0.0
DTXSID3025465,4,hill_var,1,5,5.0,0.0,5.0,0.0,0.0,45,0.0,0.0,45.0,105,1.0,0.0
DTXSID3025465,4,model_disagreement,1,5,5.0,0.0,5.0,0.0,0.0,45,0.0,0.0,45.0,105,1.0,0.0
DTXSID3025465,4,nested_anchorboost,1,5,5,0,5,0,0,45,0,0,45,105,1.0,0.0
DTXSID3025465,4,nested_measured_only,1,5,5,0,5,0,0,45,0,0,45,105,1.0,0.0
DTXSID3025465,4,uniform_random,1,5,5.0,0.0,5.0,0.0,0.0,45,0.0,0.0,45.0,105,1.0,0.0
DTXSID3031521,3,fixed_maximin,1,5,5.0,0.0,4.0,1.0,0.0,45,3.0,0.0,48.0,105,1.0,0.0
DTXSID3031521,3,gp_ivr,1,5,5.0,0.0,4.0,1.0,0.0,45,3.0,0.0,48.0,105,1.0,0.0
DTXSID3031521,3,gp_var,1,5,5.0,0.0,4.0,1.0,0.0,45,3.0,0.0,48.0,105,1.0,0.0
DTXSID3031521,3,highest_unmeasured,1,5,5.0,0.0,4.0,1.0,0.0,45,3.0,0.0,48.0,105,1.0,0.0
DTXSID3031521,3,hill_var,1,5,5.0,0.0,4.0,1.0,0.0,45,3.0,0.0,48.0,105,1.0,0.0
DTXSID3031521,3,model_disagreement,1,5,5.0,0.0,4.0,1.0,0.0,45,3.0,0.0,48.0,105,1.0,0.0
DTXSID3031521,3,nested_anchorboost,1,5,5,0,5,0,0,45,0,0,45,105,1.0,0.0
DTXSID3031521,3,nested_measured_only,1,5,3,0,3,0,2,45,0,24,69,105,0.6,0.0
DTXSID3031521,3,uniform_random,1,5,4.75,0.0,4.0,0.75,0.25,45,3.0,2.25,50.25,105,0.95,0.0
DTXSID3032464,3,fixed_maximin,1,5,5.0,2.0,5.0,0.0,0.0,45,0.0,0.0,45.0,105,1.0,0.4
DTXSID3032464,3,gp_ivr,1,5,5.0,2.0,5.0,0.0,0.0,45,0.0,0.0,45.0,105,1.0,0.4
DTXSID3032464,3,gp_var,1,5,5.0,2.0,5.0,0.0,0.0,45,0.0,0.0,45.0,105,1.0,0.4
DTXSID3032464,3,highest_unmeasured,1,5,5.0,2.0,5.0,0.0,0.0,45,0.0,0.0,45.0,105,1.0,0.4
DTXSID3032464,3,hill_var,1,5,5.0,2.0,5.0,0.0,0.0,45,0.0,0.0,45.0,105,1.0,0.4
DTXSID3032464,3,model_disagreement,1,5,5.0,2.0,5.0,0.0,0.0,45,0.0,0.0,45.0,105,1.0,0.4
DTXSID3032464,3,nested_anchorboost,1,5,5,2,5,0,0,45,0,0,45,105,1.0,0.4
DTXSID3032464,3,nested_measured_only,1,5,4,1,4,0,1,45,0,12,57,105,0.8,0.2
DTXSID3032464,3,uniform_random,1,5,5.0,2.0,5.0,0.0,0.0,45,0.0,0.0,45.0,105,1.0,0.4
DTXSID3037044,2,fixed_maximin,1,5,5.0,2.0,5.0,0.0,0.0,45,0.0,0.0,45.0,105,1.0,0.4
DTXSID3037044,2,gp_ivr,1,5,5.0,2.0,5.0,0.0,0.0,45,0.0,0.0,45.0,105,1.0,0.4
DTXSID3037044,2,gp_var,1,5,5.0,2.0,5.0,0.0,0.0,45,0.0,0.0,45.0,105,1.0,0.4
DTXSID3037044,2,highest_unmeasured,1,5,5.0,2.0,5.0,0.0,0.0,45,0.0,0.0,45.0,105,1.0,0.4
DTXSID3037044,2,hill_var,1,5,5.0,2.0,5.0,0.0,0.0,45,0.0,0.0,45.0,105,1.0,0.4
DTXSID3037044,2,model_disagreement,1,5,5.0,2.0,5.0,0.0,0.0,45,0.0,0.0,45.0,105,1.0,0.4
DTXSID3037044,2,nested_anchorboost,1,5,5,2,5,0,0,45,0,0,45,105,1.0,0.4
DTXSID3037044,2,nested_measured_only,1,5,5,3,5,0,0,45,0,0,45,105,1.0,0.6
DTXSID3037044,2,uniform_random,1,5,5.0,2.0,5.0,0.0,0.0,45,0.0,0.0,45.0,105,1.0,0.4
DTXSID3045437,2,fixed_maximin,1,5,5.0,0.0,5.0,0.0,0.0,45,0.0,0.0,45.0,105,1.0,0.0
DTXSID3045437,2,gp_ivr,1,5,5.0,0.0,5.0,0.0,0.0,45,0.0,0.0,45.0,105,1.0,0.0
DTXSID3045437,2,gp_var,1,5,5.0,0.0,5.0,0.0,0.0,45,0.0,0.0,45.0,105,1.0,0.0
DTXSID3045437,2,highest_unmeasured,1,5,5.0,0.0,5.0,0.0,0.0,45,0.0,0.0,45.0,105,1.0,0.0
DTXSID3045437,2,hill_var,1,5,5.0,0.0,5.0,0.0,0.0,45,0.0,0.0,45.0,105,1.0,0.0
DTXSID3045437,2,model_disagreement,1,5,5.0,0.0,5.0,0.0,0.0,45,0.0,0.0,45.0,105,1.0,0.0
DTXSID3045437,2,nested_anchorboost,1,5,5,0,5,0,0,45,0,0,45,105,1.0,0.0
DTXSID3045437,2,nested_measured_only,1,5,1,0,1,0,4,45,0,48,93,105,0.2,0.0
DTXSID3045437,2,uniform_random,1,5,5.0,0.0,5.0,0.0,0.0,45,0.0,0.0,45.0,105,1.0,0.0
DTXSID3047344,2,fixed_maximin,1,5,5.0,1.0,5.0,0.0,0.0,45,0.0,0.0,45.0,105,1.0,0.2
DTXSID3047344,2,gp_ivr,1,5,5.0,1.0,5.0,0.0,0.0,45,0.0,0.0,45.0,105,1.0,0.2
DTXSID3047344,2,gp_var,1,5,5.0,1.0,5.0,0.0,0.0,45,0.0,0.0,45.0,105,1.0,0.2
DTXSID3047344,2,highest_unmeasured,1,5,5.0,1.0,5.0,0.0,0.0,45,0.0,0.0,45.0,105,1.0,0.2
DTXSID3047344,2,hill_var,1,5,5.0,1.0,5.0,0.0,0.0,45,0.0,0.0,45.0,105,1.0,0.2
DTXSID3047344,2,model_disagreement,1,5,5.0,1.0,5.0,0.0,0.0,45,0.0,0.0,45.0,105,1.0,0.2
DTXSID3047344,2,nested_anchorboost,1,5,5,1,5,0,0,45,0,0,45,105,1.0,0.2
DTXSID3047344,2,nested_measured_only,1,5,5,1,5,0,0,45,0,0,45,105,1.0,0.2
DTXSID3047344,2,uniform_random,1,5,5.0,1.0,5.0,0.0,0.0,45,0.0,0.0,45.0,105,1.0,0.2
DTXSID4020373,1,fixed_maximin,1,5,4.0,0.0,4.0,0.0,1.0,44,2.0,9.0,55.0,100,0.8,0.0
DTXSID4020373,1,gp_ivr,1,5,5.0,0.0,4.0,1.0,0.0,44,3.0,0.0,47.0,100,1.0,0.0
DTXSID4020373,1,gp_var,1,5,4.0,0.0,4.0,0.0,1.0,44,2.0,9.0,55.0,100,0.8,0.0
DTXSID4020373,1,highest_unmeasured,1,5,5.0,0.0,4.0,1.0,0.0,44,3.0,0.0,47.0,100,1.0,0.0
DTXSID4020373,1,hill_var,1,5,5.0,0.0,4.0,1.0,0.0,44,3.0,0.0,47.0,100,1.0,0.0
DTXSID4020373,1,model_disagreement,1,5,5.0,0.0,4.0,1.0,0.0,44,3.0,0.0,47.0,100,1.0,0.0
DTXSID4020373,1,nested_anchorboost,1,5,4,0,4,0,1,44,0,11,55,100,0.8,0.0
DTXSID4020373,1,nested_measured_only,1,5,4,0,4,0,1,44,0,11,55,100,0.8,0.0
DTXSID4020373,1,uniform_random,1,5,4.75,0.0,4.0,0.75,0.25,44,2.75,2.25,49.0,100,0.95,0.0
DTXSID4020406,1,fixed_maximin,1,5,5.0,0.0,5.0,0.0,0.0,45,0.0,0.0,45.0,105,1.0,0.0
DTXSID4020406,1,gp_ivr,1,5,5.0,0.0,5.0,0.0,0.0,45,0.0,0.0,45.0,105,1.0,0.0
DTXSID4020406,1,gp_var,1,5,5.0,0.0,5.0,0.0,0.0,45,0.0,0.0,45.0,105,1.0,0.0
DTXSID4020406,1,highest_unmeasured,1,5,5.0,0.0,5.0,0.0,0.0,45,0.0,0.0,45.0,105,1.0,0.0
DTXSID4020406,1,hill_var,1,5,5.0,0.0,5.0,0.0,0.0,45,0.0,0.0,45.0,105,1.0,0.0
DTXSID4020406,1,model_disagreement,1,5,5.0,0.0,5.0,0.0,0.0,45,0.0,0.0,45.0,105,1.0,0.0
DTXSID4020406,1,nested_anchorboost,1,5,5,0,5,0,0,45,0,0,45,105,1.0,0.0
DTXSID4020406,1,nested_measured_only,1,5,5,0,5,0,0,45,0,0,45,105,1.0,0.0
DTXSID4020406,1,uniform_random,1,5,5.0,0.0,5.0,0.0,0.0,45,0.0,0.0,45.0,105,1.0,0.0
DTXSID4020537,4,fixed_maximin,1,5,5.0,0.0,5.0,0.0,0.0,45,0.0,0.0,45.0,105,1.0,0.0
DTXSID4020537,4,gp_ivr,1,5,5.0,0.0,5.0,0.0,0.0,45,0.0,0.0,45.0,105,1.0,0.0
DTXSID4020537,4,gp_var,1,5,5.0,0.0,5.0,0.0,0.0,45,0.0,0.0,45.0,105,1.0,0.0
DTXSID4020537,4,highest_unmeasured,1,5,5.0,0.0,5.0,0.0,0.0,45,0.0,0.0,45.0,105,1.0,0.0
DTXSID4020537,4,hill_var,1,5,5.0,0.0,5.0,0.0,0.0,45,0.0,0.0,45.0,105,1.0,0.0
DTXSID4020537,4,model_disagreement,1,5,5.0,0.0,5.0,0.0,0.0,45,0.0,0.0,45.0,105,1.0,0.0
DTXSID4020537,4,nested_anchorboost,1,5,5,0,5,0,0,45,0,0,45,105,1.0,0.0
DTXSID4020537,4,nested_measured_only,1,5,5,0,5,0,0,45,0,0,45,105,1.0,0.0
DTXSID4020537,4,uniform_random,1,5,5.0,0.0,5.0,0.0,0.0,45,0.0,0.0,45.0,105,1.0,0.0
DTXSID4020791,3,fixed_maximin,1,5,5.0,0.0,5.0,0.0,0.0,45,0.0,0.0,45.0,105,1.0,0.0
DTXSID4020791,3,gp_ivr,1,5,5.0,0.0,5.0,0.0,0.0,45,0.0,0.0,45.0,105,1.0,0.0
DTXSID4020791,3,gp_var,1,5,5.0,0.0,5.0,0.0,0.0,45,0.0,0.0,45.0,105,1.0,0.0
DTXSID4020791,3,highest_unmeasured,1,5,5.0,0.0,5.0,0.0,0.0,45,0.0,0.0,45.0,105,1.0,0.0
DTXSID4020791,3,hill_var,1,5,5.0,0.0,5.0,0.0,0.0,45,0.0,0.0,45.0,105,1.0,0.0
DTXSID4020791,3,model_disagreement,1,5,5.0,0.0,5.0,0.0,0.0,45,0.0,0.0,45.0,105,1.0,0.0
DTXSID4020791,3,nested_anchorboost,1,5,5,0,5,0,0,45,0,0,45,105,1.0,0.0
DTXSID4020791,3,nested_measured_only,1,5,5,2,5,0,0,45,0,0,45,105,1.0,0.4
DTXSID4020791,3,uniform_random,1,5,5.0,0.0,5.0,0.0,0.0,45,0.0,0.0,45.0,105,1.0,0.0
DTXSID4020820,4,fixed_maximin,1,5,5.0,0.0,4.0,1.0,0.0,45,3.0,0.0,48.0,105,1.0,0.0
DTXSID4020820,4,gp_ivr,1,5,5.0,0.0,4.0,1.0,0.0,45,3.0,0.0,48.0,105,1.0,0.0
DTXSID4020820,4,gp_var,1,5,5.0,0.0,4.0,1.0,0.0,45,3.0,0.0,48.0,105,1.0,0.0
DTXSID4020820,4,highest_unmeasured,1,5,5.0,0.0,4.0,1.0,0.0,45,3.0,0.0,48.0,105,1.0,0.0
DTXSID4020820,4,hill_var,1,5,5.0,0.0,4.0,1.0,0.0,45,3.0,0.0,48.0,105,1.0,0.0
DTXSID4020820,4,model_disagreement,1,5,5.0,0.0,4.0,1.0,0.0,45,3.0,0.0,48.0,105,1.0,0.0
DTXSID4020820,4,nested_anchorboost,1,5,5,0,5,0,0,45,0,0,45,105,1.0,0.0
DTXSID4020820,4,nested_measured_only,1,5,1,0,1,0,4,45,0,48,93,105,0.2,0.0
DTXSID4020820,4,uniform_random,1,5,5.0,0.0,4.0,1.0,0.0,45,3.0,0.0,48.0,105,1.0,0.0
DTXSID4021391,2,fixed_maximin,1,5,5.0,3.0,5.0,0.0,0.0,45,0.0,0.0,45.0,105,1.0,0.6
DTXSID4021391,2,gp_ivr,1,5,5.0,3.0,5.0,0.0,0.0,45,0.0,0.0,45.0,105,1.0,0.6
DTXSID4021391,2,gp_var,1,5,5.0,3.0,5.0,0.0,0.0,45,0.0,0.0,45.0,105,1.0,0.6
DTXSID4021391,2,highest_unmeasured,1,5,5.0,3.0,5.0,0.0,0.0,45,0.0,0.0,45.0,105,1.0,0.6
DTXSID4021391,2,hill_var,1,5,5.0,3.0,5.0,0.0,0.0,45,0.0,0.0,45.0,105,1.0,0.6
DTXSID4021391,2,model_disagreement,1,5,5.0,3.0,5.0,0.0,0.0,45,0.0,0.0,45.0,105,1.0,0.6
DTXSID4021391,2,nested_anchorboost,1,5,5,3,5,0,0,45,0,0,45,105,1.0,0.6
DTXSID4021391,2,nested_measured_only,1,5,5,3,5,0,0,45,0,0,45,105,1.0,0.6
DTXSID4021391,2,uniform_random,1,5,5.0,3.0,5.0,0.0,0.0,45,0.0,0.0,45.0,105,1.0,0.6
DTXSID4022442,2,fixed_maximin,1,5,5.0,0.0,5.0,0.0,0.0,45,0.0,0.0,45.0,105,1.0,0.0
DTXSID4022442,2,gp_ivr,1,5,5.0,0.0,5.0,0.0,0.0,45,0.0,0.0,45.0,105,1.0,0.0
DTXSID4022442,2,gp_var,1,5,5.0,0.0,5.0,0.0,0.0,45,0.0,0.0,45.0,105,1.0,0.0
DTXSID4022442,2,highest_unmeasured,1,5,5.0,0.0,5.0,0.0,0.0,45,0.0,0.0,45.0,105,1.0,0.0
DTXSID4022442,2,hill_var,1,5,5.0,0.0,5.0,0.0,0.0,45,0.0,0.0,45.0,105,1.0,0.0
DTXSID4022442,2,model_disagreement,1,5,5.0,0.0,5.0,0.0,0.0,45,0.0,0.0,45.0,105,1.0,0.0
DTXSID4022442,2,nested_anchorboost,1,5,5,0,5,0,0,45,0,0,45,105,1.0,0.0
DTXSID4022442,2,nested_measured_only,1,5,5,0,5,0,0,45,0,0,45,105,1.0,0.0
DTXSID4022442,2,uniform_random,1,5,5.0,0.0,5.0,0.0,0.0,45,0.0,0.0,45.0,105,1.0,0.0
DTXSID4022731,2,fixed_maximin,1,5,5.0,1.0,5.0,0.0,0.0,45,0.0,0.0,45.0,105,1.0,0.2
DTXSID4022731,2,gp_ivr,1,5,5.0,1.0,5.0,0.0,0.0,45,0.0,0.0,45.0,105,1.0,0.2
DTXSID4022731,2,gp_var,1,5,5.0,1.0,5.0,0.0,0.0,45,0.0,0.0,45.0,105,1.0,0.2
DTXSID4022731,2,highest_unmeasured,1,5,5.0,1.0,5.0,0.0,0.0,45,0.0,0.0,45.0,105,1.0,0.2
DTXSID4022731,2,hill_var,1,5,5.0,1.0,5.0,0.0,0.0,45,0.0,0.0,45.0,105,1.0,0.2
DTXSID4022731,2,model_disagreement,1,5,5.0,1.0,5.0,0.0,0.0,45,0.0,0.0,45.0,105,1.0,0.2
DTXSID4022731,2,nested_anchorboost,1,5,5,1,5,0,0,45,0,0,45,105,1.0,0.2
DTXSID4022731,2,nested_measured_only,1,5,4,0,4,0,1,45,0,12,57,105,0.8,0.0
DTXSID4022731,2,uniform_random,1,5,5.0,1.0,5.0,0.0,0.0,45,0.0,0.0,45.0,105,1.0,0.2
DTXSID4028880,3,fixed_maximin,1,5,5.0,0.0,5.0,0.0,0.0,45,0.0,0.0,45.0,105,1.0,0.0
DTXSID4028880,3,gp_ivr,1,5,5.0,0.0,5.0,0.0,0.0,45,0.0,0.0,45.0,105,1.0,0.0
DTXSID4028880,3,gp_var,1,5,5.0,0.0,5.0,0.0,0.0,45,0.0,0.0,45.0,105,1.0,0.0
DTXSID4028880,3,highest_unmeasured,1,5,5.0,0.0,5.0,0.0,0.0,45,0.0,0.0,45.0,105,1.0,0.0
DTXSID4028880,3,hill_var,1,5,5.0,0.0,5.0,0.0,0.0,45,0.0,0.0,45.0,105,1.0,0.0
DTXSID4028880,3,model_disagreement,1,5,5.0,0.0,5.0,0.0,0.0,45,0.0,0.0,45.0,105,1.0,0.0
DTXSID4028880,3,nested_anchorboost,1,5,5,0,5,0,0,45,0,0,45,105,1.0,0.0
DTXSID4028880,3,nested_measured_only,1,5,5,0,5,0,0,45,0,0,45,105,1.0,0.0
DTXSID4028880,3,uniform_random,1,5,5.0,0.0,5.0,0.0,0.0,45,0.0,0.0,45.0,105,1.0,0.0
DTXSID4032459,3,fixed_maximin,1,5,2.0,0.0,2.0,0.0,3.0,45,9.0,27.0,81.0,105,0.4,0.0
DTXSID4032459,3,gp_ivr,1,5,2.0,0.0,2.0,0.0,3.0,45,9.0,27.0,81.0,105,0.4,0.0
DTXSID4032459,3,gp_var,1,5,3.0,0.0,2.0,1.0,2.0,45,9.0,18.0,72.0,105,0.6,0.0
DTXSID4032459,3,highest_unmeasured,1,5,5.0,0.0,2.0,3.0,0.0,45,9.0,0.0,54.0,105,1.0,0.0
DTXSID4032459,3,hill_var,1,5,3.0,0.0,2.0,1.0,2.0,45,9.0,18.0,72.0,105,0.6,0.0
DTXSID4032459,3,model_disagreement,1,5,3.0,0.0,2.0,1.0,2.0,45,9.0,18.0,72.0,105,0.6,0.0
DTXSID4032459,3,nested_anchorboost,1,5,2,0,2,0,3,45,0,36,81,105,0.4,0.0
DTXSID4032459,3,nested_measured_only,1,5,2,0,2,0,3,45,0,36,81,105,0.4,0.0
DTXSID4032459,3,uniform_random,1,5,2.75,0.0,2.0,0.75,2.25,45,9.0,20.25,74.25,105,0.55,0.0
DTXSID4032580,2,fixed_maximin,1,5,5.0,0.0,5.0,0.0,0.0,51,0.0,0.0,51.0,210,1.0,0.0
DTXSID4032580,2,gp_ivr,1,5,5.0,0.0,5.0,0.0,0.0,51,0.0,0.0,51.0,210,1.0,0.0
DTXSID4032580,2,gp_var,1,5,5.0,0.0,5.0,0.0,0.0,51,0.0,0.0,51.0,210,1.0,0.0
DTXSID4032580,2,highest_unmeasured,1,5,5.0,0.0,5.0,0.0,0.0,51,0.0,0.0,51.0,210,1.0,0.0
DTXSID4032580,2,hill_var,1,5,5.0,0.0,5.0,0.0,0.0,51,0.0,0.0,51.0,210,1.0,0.0
DTXSID4032580,2,model_disagreement,1,5,5.0,0.0,5.0,0.0,0.0,51,0.0,0.0,51.0,210,1.0,0.0
DTXSID4032580,2,nested_anchorboost,1,5,5,0,5,0,0,51,0,0,51,210,1.0,0.0
DTXSID4032580,2,nested_measured_only,1,5,5,0,5,0,0,51,0,0,51,210,1.0,0.0
DTXSID4032580,2,uniform_random,1,5,5.0,0.0,5.0,0.0,0.0,51,0.0,0.0,51.0,210,1.0,0.0
DTXSID4032613,1,fixed_maximin,1,5,2.0,1.0,2.0,0.0,3.0,88,18.0,52.0,158.0,205,0.4,0.2
DTXSID4032613,1,gp_ivr,1,5,2.0,1.0,2.0,0.0,3.0,88,16.0,54.0,158.0,205,0.4,0.2
DTXSID4032613,1,gp_var,1,5,2.0,1.0,2.0,0.0,3.0,88,17.0,53.0,158.0,205,0.4,0.2
DTXSID4032613,1,highest_unmeasured,1,5,2.0,1.0,2.0,0.0,3.0,88,18.0,52.0,158.0,205,0.4,0.2
DTXSID4032613,1,hill_var,1,5,2.0,1.0,2.0,0.0,3.0,88,18.0,52.0,158.0,205,0.4,0.2
DTXSID4032613,1,model_disagreement,1,5,2.0,1.0,2.0,0.0,3.0,88,18.0,52.0,158.0,205,0.4,0.2
DTXSID4032613,1,nested_anchorboost,1,5,5,1,5,0,0,88,0,0,88,205,1.0,0.2
DTXSID4032613,1,nested_measured_only,1,5,0,0,0,0,5,88,0,117,205,205,0.0,0.0
DTXSID4032613,1,uniform_random,1,5,2.0,1.0,2.0,0.0,3.0,88,17.5,52.5,158.0,205,0.4,0.2
DTXSID4032667,3,fixed_maximin,1,5,5.0,0.0,5.0,0.0,0.0,45,0.0,0.0,45.0,105,1.0,0.0
DTXSID4032667,3,gp_ivr,1,5,5.0,0.0,5.0,0.0,0.0,45,0.0,0.0,45.0,105,1.0,0.0
DTXSID4032667,3,gp_var,1,5,5.0,0.0,5.0,0.0,0.0,45,0.0,0.0,45.0,105,1.0,0.0
DTXSID4032667,3,highest_unmeasured,1,5,5.0,0.0,5.0,0.0,0.0,45,0.0,0.0,45.0,105,1.0,0.0
DTXSID4032667,3,hill_var,1,5,5.0,0.0,5.0,0.0,0.0,45,0.0,0.0,45.0,105,1.0,0.0
DTXSID4032667,3,model_disagreement,1,5,5.0,0.0,5.0,0.0,0.0,45,0.0,0.0,45.0,105,1.0,0.0
DTXSID4032667,3,nested_anchorboost,1,5,5,0,5,0,0,45,0,0,45,105,1.0,0.0
DTXSID4032667,3,nested_measured_only,1,5,5,0,5,0,0,45,0,0,45,105,1.0,0.0
DTXSID4032667,3,uniform_random,1,5,5.0,0.0,5.0,0.0,0.0,45,0.0,0.0,45.0,105,1.0,0.0
DTXSID4034150,3,fixed_maximin,1,5,5.0,0.0,5.0,0.0,0.0,45,0.0,0.0,45.0,105,1.0,0.0
DTXSID4034150,3,gp_ivr,1,5,5.0,0.0,5.0,0.0,0.0,45,0.0,0.0,45.0,105,1.0,0.0
DTXSID4034150,3,gp_var,1,5,5.0,0.0,5.0,0.0,0.0,45,0.0,0.0,45.0,105,1.0,0.0
DTXSID4034150,3,highest_unmeasured,1,5,5.0,0.0,5.0,0.0,0.0,45,0.0,0.0,45.0,105,1.0,0.0
DTXSID4034150,3,hill_var,1,5,5.0,0.0,5.0,0.0,0.0,45,0.0,0.0,45.0,105,1.0,0.0
DTXSID4034150,3,model_disagreement,1,5,5.0,0.0,5.0,0.0,0.0,45,0.0,0.0,45.0,105,1.0,0.0
DTXSID4034150,3,nested_anchorboost,1,5,5,0,5,0,0,45,0,0,45,105,1.0,0.0
DTXSID4034150,3,nested_measured_only,1,5,5,0,5,0,0,45,0,0,45,105,1.0,0.0
DTXSID4034150,3,uniform_random,1,5,5.0,0.0,5.0,0.0,0.0,45,0.0,0.0,45.0,105,1.0,0.0
DTXSID4034609,2,fixed_maximin,1,5,5.0,0.0,5.0,0.0,0.0,45,0.0,0.0,45.0,105,1.0,0.0
DTXSID4034609,2,gp_ivr,1,5,5.0,0.0,5.0,0.0,0.0,45,0.0,0.0,45.0,105,1.0,0.0
DTXSID4034609,2,gp_var,1,5,5.0,0.0,5.0,0.0,0.0,45,0.0,0.0,45.0,105,1.0,0.0
DTXSID4034609,2,highest_unmeasured,1,5,5.0,0.0,5.0,0.0,0.0,45,0.0,0.0,45.0,105,1.0,0.0
DTXSID4034609,2,hill_var,1,5,5.0,0.0,5.0,0.0,0.0,45,0.0,0.0,45.0,105,1.0,0.0
DTXSID4034609,2,model_disagreement,1,5,5.0,0.0,5.0,0.0,0.0,45,0.0,0.0,45.0,105,1.0,0.0
DTXSID4034609,2,nested_anchorboost,1,5,5,0,5,0,0,45,0,0,45,105,1.0,0.0
DTXSID4034609,2,nested_measured_only,1,5,3,0,3,0,2,45,0,24,69,105,0.6,0.0
DTXSID4034609,2,uniform_random,1,5,5.0,0.0,5.0,0.0,0.0,45,0.0,0.0,45.0,105,1.0,0.0
DTXSID4040183,2,fixed_maximin,1,5,5.0,0.0,5.0,0.0,0.0,45,0.0,0.0,45.0,105,1.0,0.0
DTXSID4040183,2,gp_ivr,1,5,5.0,0.0,5.0,0.0,0.0,45,0.0,0.0,45.0,105,1.0,0.0
DTXSID4040183,2,gp_var,1,5,5.0,0.0,5.0,0.0,0.0,45,0.0,0.0,45.0,105,1.0,0.0
DTXSID4040183,2,highest_unmeasured,1,5,5.0,0.0,5.0,0.0,0.0,45,0.0,0.0,45.0,105,1.0,0.0
DTXSID4040183,2,hill_var,1,5,5.0,0.0,5.0,0.0,0.0,45,0.0,0.0,45.0,105,1.0,0.0
DTXSID4040183,2,model_disagreement,1,5,5.0,0.0,5.0,0.0,0.0,45,0.0,0.0,45.0,105,1.0,0.0
DTXSID4040183,2,nested_anchorboost,1,5,5,0,5,0,0,45,0,0,45,105,1.0,0.0
DTXSID4040183,2,nested_measured_only,1,5,5,0,5,0,0,45,0,0,45,105,1.0,0.0
DTXSID4040183,2,uniform_random,1,5,5.0,0.0,5.0,0.0,0.0,45,0.0,0.0,45.0,105,1.0,0.0
DTXSID4040684,2,fixed_maximin,1,5,5.0,0.0,5.0,0.0,0.0,105,0.0,0.0,105.0,225,1.0,0.0
DTXSID4040684,2,gp_ivr,1,5,5.0,0.0,5.0,0.0,0.0,105,0.0,0.0,105.0,225,1.0,0.0
DTXSID4040684,2,gp_var,1,5,5.0,0.0,5.0,0.0,0.0,105,0.0,0.0,105.0,225,1.0,0.0
DTXSID4040684,2,highest_unmeasured,1,5,5.0,0.0,5.0,0.0,0.0,105,0.0,0.0,105.0,225,1.0,0.0
DTXSID4040684,2,hill_var,1,5,5.0,0.0,5.0,0.0,0.0,105,0.0,0.0,105.0,225,1.0,0.0
DTXSID4040684,2,model_disagreement,1,5,5.0,0.0,5.0,0.0,0.0,105,0.0,0.0,105.0,225,1.0,0.0
DTXSID4040684,2,nested_anchorboost,1,5,5,0,5,0,0,105,0,0,105,225,1.0,0.0
DTXSID4040684,2,nested_measured_only,1,5,5,0,5,0,0,105,0,0,105,225,1.0,0.0
DTXSID4040684,2,uniform_random,1,5,5.0,0.0,5.0,0.0,0.0,105,0.0,0.0,105.0,225,1.0,0.0
DTXSID40880040,3,fixed_maximin,1,5,4.0,0.0,1.0,3.0,1.0,45,12.0,9.0,66.0,105,0.8,0.0
DTXSID40880040,3,gp_ivr,1,5,1.0,0.0,1.0,0.0,4.0,45,12.0,36.0,93.0,105,0.2,0.0
DTXSID40880040,3,gp_var,1,5,4.0,0.0,1.0,3.0,1.0,45,12.0,9.0,66.0,105,0.8,0.0
DTXSID40880040,3,highest_unmeasured,1,5,5.0,0.0,1.0,4.0,0.0,45,12.0,0.0,57.0,105,1.0,0.0
DTXSID40880040,3,hill_var,1,5,4.0,0.0,1.0,3.0,1.0,45,12.0,9.0,66.0,105,0.8,0.0
DTXSID40880040,3,model_disagreement,1,5,5.0,0.0,1.0,4.0,0.0,45,12.0,0.0,57.0,105,1.0,0.0
DTXSID40880040,3,nested_anchorboost,1,5,1,0,1,0,4,45,0,48,93,105,0.2,0.0
DTXSID40880040,3,nested_measured_only,1,5,3,2,3,0,2,45,0,24,69,105,0.6,0.4
DTXSID40880040,3,uniform_random,1,5,2.0,0.0,1.0,1.0,3.0,45,12.0,27.0,84.0,105,0.4,0.0
DTXSID40880060,1,fixed_maximin,1,5,5.0,0.0,5.0,0.0,0.0,45,0.0,0.0,45.0,105,1.0,0.0
DTXSID40880060,1,gp_ivr,1,5,5.0,0.0,5.0,0.0,0.0,45,0.0,0.0,45.0,105,1.0,0.0
DTXSID40880060,1,gp_var,1,5,5.0,0.0,5.0,0.0,0.0,45,0.0,0.0,45.0,105,1.0,0.0
DTXSID40880060,1,highest_unmeasured,1,5,5.0,0.0,5.0,0.0,0.0,45,0.0,0.0,45.0,105,1.0,0.0
DTXSID40880060,1,hill_var,1,5,5.0,0.0,5.0,0.0,0.0,45,0.0,0.0,45.0,105,1.0,0.0
DTXSID40880060,1,model_disagreement,1,5,5.0,0.0,5.0,0.0,0.0,45,0.0,0.0,45.0,105,1.0,0.0
DTXSID40880060,1,nested_anchorboost,1,5,5,0,5,0,0,45,0,0,45,105,1.0,0.0
DTXSID40880060,1,nested_measured_only,1,5,5,0,5,0,0,45,0,0,45,105,1.0,0.0
DTXSID40880060,1,uniform_random,1,5,5.0,0.0,5.0,0.0,0.0,45,0.0,0.0,45.0,105,1.0,0.0
DTXSID50157932,1,fixed_maximin,1,5,5.0,0.0,5.0,0.0,0.0,214,0.0,0.0,214.0,495,1.0,0.0
DTXSID50157932,1,gp_ivr,1,5,5.0,0.0,5.0,0.0,0.0,214,0.0,0.0,214.0,495,1.0,0.0
DTXSID50157932,1,gp_var,1,5,5.0,0.0,5.0,0.0,0.0,214,0.0,0.0,214.0,495,1.0,0.0
DTXSID50157932,1,highest_unmeasured,1,5,5.0,0.0,5.0,0.0,0.0,214,0.0,0.0,214.0,495,1.0,0.0
DTXSID50157932,1,hill_var,1,5,5.0,0.0,5.0,0.0,0.0,214,0.0,0.0,214.0,495,1.0,0.0
DTXSID50157932,1,model_disagreement,1,5,5.0,0.0,5.0,0.0,0.0,214,0.0,0.0,214.0,495,1.0,0.0
DTXSID50157932,1,nested_anchorboost,1,5,5,0,5,0,0,214,0,0,214,495,1.0,0.0
DTXSID50157932,1,nested_measured_only,1,5,5,0,5,0,0,214,0,0,214,495,1.0,0.0
DTXSID50157932,1,uniform_random,1,5,5.0,0.0,5.0,0.0,0.0,214,0.0,0.0,214.0,495,1.0,0.0
DTXSID5020104,2,fixed_maximin,1,5,5.0,0.0,5.0,0.0,0.0,45,0.0,0.0,45.0,105,1.0,0.0
DTXSID5020104,2,gp_ivr,1,5,5.0,0.0,5.0,0.0,0.0,45,0.0,0.0,45.0,105,1.0,0.0
DTXSID5020104,2,gp_var,1,5,5.0,0.0,5.0,0.0,0.0,45,0.0,0.0,45.0,105,1.0,0.0
DTXSID5020104,2,highest_unmeasured,1,5,5.0,0.0,5.0,0.0,0.0,45,0.0,0.0,45.0,105,1.0,0.0
DTXSID5020104,2,hill_var,1,5,5.0,0.0,5.0,0.0,0.0,45,0.0,0.0,45.0,105,1.0,0.0
DTXSID5020104,2,model_disagreement,1,5,5.0,0.0,5.0,0.0,0.0,45,0.0,0.0,45.0,105,1.0,0.0
DTXSID5020104,2,nested_anchorboost,1,5,5,0,5,0,0,45,0,0,45,105,1.0,0.0
DTXSID5020104,2,nested_measured_only,1,5,5,0,5,0,0,45,0,0,45,105,1.0,0.0
DTXSID5020104,2,uniform_random,1,5,5.0,0.0,5.0,0.0,0.0,45,0.0,0.0,45.0,105,1.0,0.0
DTXSID5020106,2,fixed_maximin,1,5,5.0,2.0,5.0,0.0,0.0,45,0.0,0.0,45.0,105,1.0,0.4
DTXSID5020106,2,gp_ivr,1,5,5.0,2.0,5.0,0.0,0.0,45,0.0,0.0,45.0,105,1.0,0.4
DTXSID5020106,2,gp_var,1,5,5.0,2.0,5.0,0.0,0.0,45,0.0,0.0,45.0,105,1.0,0.4
DTXSID5020106,2,highest_unmeasured,1,5,5.0,2.0,5.0,0.0,0.0,45,0.0,0.0,45.0,105,1.0,0.4
DTXSID5020106,2,hill_var,1,5,5.0,2.0,5.0,0.0,0.0,45,0.0,0.0,45.0,105,1.0,0.4
DTXSID5020106,2,model_disagreement,1,5,5.0,2.0,5.0,0.0,0.0,45,0.0,0.0,45.0,105,1.0,0.4
DTXSID5020106,2,nested_anchorboost,1,5,5,2,5,0,0,45,0,0,45,105,1.0,0.4
DTXSID5020106,2,nested_measured_only,1,5,4,0,4,0,1,45,0,12,57,105,0.8,0.0
DTXSID5020106,2,uniform_random,1,5,5.0,2.0,5.0,0.0,0.0,45,0.0,0.0,45.0,105,1.0,0.4
DTXSID5020108,1,fixed_maximin,1,5,5.0,0.0,5.0,0.0,0.0,135,0.0,0.0,135.0,315,1.0,0.0
DTXSID5020108,1,gp_ivr,1,5,5.0,0.0,5.0,0.0,0.0,135,0.0,0.0,135.0,315,1.0,0.0
DTXSID5020108,1,gp_var,1,5,5.0,0.0,5.0,0.0,0.0,135,0.0,0.0,135.0,315,1.0,0.0
DTXSID5020108,1,highest_unmeasured,1,5,5.0,0.0,5.0,0.0,0.0,135,0.0,0.0,135.0,315,1.0,0.0
DTXSID5020108,1,hill_var,1,5,5.0,0.0,5.0,0.0,0.0,135,0.0,0.0,135.0,315,1.0,0.0
DTXSID5020108,1,model_disagreement,1,5,5.0,0.0,5.0,0.0,0.0,135,0.0,0.0,135.0,315,1.0,0.0
DTXSID5020108,1,nested_anchorboost,1,5,5,0,5,0,0,135,0,0,135,315,1.0,0.0
DTXSID5020108,1,nested_measured_only,1,5,5,0,5,0,0,135,0,0,135,315,1.0,0.0
DTXSID5020108,1,uniform_random,1,5,5.0,0.0,5.0,0.0,0.0,135,0.0,0.0,135.0,315,1.0,0.0
DTXSID5020449,2,fixed_maximin,1,5,5.0,0.0,5.0,0.0,0.0,45,0.0,0.0,45.0,105,1.0,0.0
DTXSID5020449,2,gp_ivr,1,5,5.0,0.0,5.0,0.0,0.0,45,0.0,0.0,45.0,105,1.0,0.0
DTXSID5020449,2,gp_var,1,5,5.0,0.0,5.0,0.0,0.0,45,0.0,0.0,45.0,105,1.0,0.0
DTXSID5020449,2,highest_unmeasured,1,5,5.0,0.0,5.0,0.0,0.0,45,0.0,0.0,45.0,105,1.0,0.0
DTXSID5020449,2,hill_var,1,5,5.0,0.0,5.0,0.0,0.0,45,0.0,0.0,45.0,105,1.0,0.0
DTXSID5020449,2,model_disagreement,1,5,5.0,0.0,5.0,0.0,0.0,45,0.0,0.0,45.0,105,1.0,0.0
DTXSID5020449,2,nested_anchorboost,1,5,5,0,5,0,0,45,0,0,45,105,1.0,0.0
DTXSID5020449,2,nested_measured_only,1,5,2,0,2,0,3,45,0,36,81,105,0.4,0.0
DTXSID5020449,2,uniform_random,1,5,5.0,0.0,5.0,0.0,0.0,45,0.0,0.0,45.0,105,1.0,0.0
DTXSID5020607,4,fixed_maximin,1,5,5.0,0.0,5.0,0.0,0.0,126,0.0,0.0,126.0,315,1.0,0.0
DTXSID5020607,4,gp_ivr,1,5,5.0,0.0,5.0,0.0,0.0,126,0.0,0.0,126.0,315,1.0,0.0
DTXSID5020607,4,gp_var,1,5,5.0,0.0,5.0,0.0,0.0,126,0.0,0.0,126.0,315,1.0,0.0
DTXSID5020607,4,highest_unmeasured,1,5,5.0,0.0,5.0,0.0,0.0,126,0.0,0.0,126.0,315,1.0,0.0
DTXSID5020607,4,hill_var,1,5,5.0,0.0,5.0,0.0,0.0,126,0.0,0.0,126.0,315,1.0,0.0
DTXSID5020607,4,model_disagreement,1,5,5.0,0.0,5.0,0.0,0.0,126,0.0,0.0,126.0,315,1.0,0.0
DTXSID5020607,4,nested_anchorboost,1,5,5,0,5,0,0,126,0,0,126,315,1.0,0.0
DTXSID5020607,4,nested_measured_only,1,5,4,1,4,0,1,126,0,36,162,315,0.8,0.2
DTXSID5020607,4,uniform_random,1,5,5.0,0.0,5.0,0.0,0.0,126,0.0,0.0,126.00000000000001,315,1.0,0.0
DTXSID5020811,2,fixed_maximin,1,5,5.0,0.0,5.0,0.0,0.0,66,0.0,0.0,66.0,210,1.0,0.0
DTXSID5020811,2,gp_ivr,1,5,5.0,0.0,5.0,0.0,0.0,66,0.0,0.0,66.0,210,1.0,0.0
DTXSID5020811,2,gp_var,1,5,5.0,0.0,5.0,0.0,0.0,66,0.0,0.0,66.0,210,1.0,0.0
DTXSID5020811,2,highest_unmeasured,1,5,5.0,0.0,5.0,0.0,0.0,66,0.0,0.0,66.0,210,1.0,0.0
DTXSID5020811,2,hill_var,1,5,5.0,0.0,5.0,0.0,0.0,66,0.0,0.0,66.0,210,1.0,0.0
DTXSID5020811,2,model_disagreement,1,5,5.0,0.0,5.0,0.0,0.0,66,0.0,0.0,66.0,210,1.0,0.0
DTXSID5020811,2,nested_anchorboost,1,5,5,0,5,0,0,66,0,0,66,210,1.0,0.0
DTXSID5020811,2,nested_measured_only,1,5,5,0,5,0,0,66,0,0,66,210,1.0,0.0
DTXSID5020811,2,uniform_random,1,5,5.0,0.0,5.0,0.0,0.0,66,0.0,0.0,66.0,210,1.0,0.0
DTXSID5020813,2,fixed_maximin,1,5,5.0,0.0,5.0,0.0,0.0,45,0.0,0.0,45.0,105,1.0,0.0
DTXSID5020813,2,gp_ivr,1,5,5.0,0.0,5.0,0.0,0.0,45,0.0,0.0,45.0,105,1.0,0.0
DTXSID5020813,2,gp_var,1,5,5.0,0.0,5.0,0.0,0.0,45,0.0,0.0,45.0,105,1.0,0.0
DTXSID5020813,2,highest_unmeasured,1,5,5.0,0.0,5.0,0.0,0.0,45,0.0,0.0,45.0,105,1.0,0.0
DTXSID5020813,2,hill_var,1,5,5.0,0.0,5.0,0.0,0.0,45,0.0,0.0,45.0,105,1.0,0.0
DTXSID5020813,2,model_disagreement,1,5,5.0,0.0,5.0,0.0,0.0,45,0.0,0.0,45.0,105,1.0,0.0
DTXSID5020813,2,nested_anchorboost,1,5,5,0,5,0,0,45,0,0,45,105,1.0,0.0
DTXSID5020813,2,nested_measured_only,1,5,5,0,5,0,0,45,0,0,45,105,1.0,0.0
DTXSID5020813,2,uniform_random,1,5,5.0,0.0,5.0,0.0,0.0,45,0.0,0.0,45.0,105,1.0,0.0
DTXSID5021124,3,fixed_maximin,1,5,5.0,1.0,5.0,0.0,0.0,45,0.0,0.0,45.0,105,1.0,0.2
DTXSID5021124,3,gp_ivr,1,5,5.0,1.0,5.0,0.0,0.0,45,0.0,0.0,45.0,105,1.0,0.2
DTXSID5021124,3,gp_var,1,5,5.0,1.0,5.0,0.0,0.0,45,0.0,0.0,45.0,105,1.0,0.2
DTXSID5021124,3,highest_unmeasured,1,5,5.0,1.0,5.0,0.0,0.0,45,0.0,0.0,45.0,105,1.0,0.2
DTXSID5021124,3,hill_var,1,5,5.0,1.0,5.0,0.0,0.0,45,0.0,0.0,45.0,105,1.0,0.2
DTXSID5021124,3,model_disagreement,1,5,5.0,1.0,5.0,0.0,0.0,45,0.0,0.0,45.0,105,1.0,0.2
DTXSID5021124,3,nested_anchorboost,1,5,5,1,5,0,0,45,0,0,45,105,1.0,0.2
DTXSID5021124,3,nested_measured_only,1,5,5,1,5,0,0,45,0,0,45,105,1.0,0.2
DTXSID5021124,3,uniform_random,1,5,5.0,1.0,5.0,0.0,0.0,45,0.0,0.0,45.0,105,1.0,0.2
DTXSID5021411,1,fixed_maximin,1,5,5.0,0.0,4.0,1.0,0.0,45,3.0,0.0,48.0,105,1.0,0.0
DTXSID5021411,1,gp_ivr,1,5,5.0,0.0,4.0,1.0,0.0,45,3.0,0.0,48.0,105,1.0,0.0
DTXSID5021411,1,gp_var,1,5,5.0,0.0,4.0,1.0,0.0,45,3.0,0.0,48.0,105,1.0,0.0
DTXSID5021411,1,highest_unmeasured,1,5,5.0,1.0,4.0,1.0,0.0,45,3.0,0.0,48.0,105,1.0,0.2
DTXSID5021411,1,hill_var,1,5,5.0,1.0,4.0,1.0,0.0,45,3.0,0.0,48.0,105,1.0,0.2
DTXSID5021411,1,model_disagreement,1,5,5.0,0.0,4.0,1.0,0.0,45,3.0,0.0,48.0,105,1.0,0.0
DTXSID5021411,1,nested_anchorboost,1,5,5,1,5,0,0,45,0,0,45,105,1.0,0.2
DTXSID5021411,1,nested_measured_only,1,5,4,0,4,0,1,45,0,12,57,105,0.8,0.0
DTXSID5021411,1,uniform_random,1,5,5.0,0.25,4.0,1.0,0.0,45,3.0,0.0,48.0,105,1.0,0.05
DTXSID5023588,4,fixed_maximin,1,5,5.0,0.0,3.0,2.0,0.0,123,12.0,0.0,135.0,315,1.0,0.0
DTXSID5023588,4,gp_ivr,1,5,5.0,0.0,3.0,2.0,0.0,123,6.0,0.0,129.0,315,1.0,0.0
DTXSID5023588,4,gp_var,1,5,5.0,0.0,3.0,2.0,0.0,123,12.0,0.0,135.0,315,1.0,0.0
DTXSID5023588,4,highest_unmeasured,1,5,5.0,0.0,3.0,2.0,0.0,123,12.0,0.0,135.0,315,1.0,0.0
DTXSID5023588,4,hill_var,1,5,5.0,0.0,3.0,2.0,0.0,123,12.0,0.0,135.0,315,1.0,0.0
DTXSID5023588,4,model_disagreement,1,5,5.0,0.0,3.0,2.0,0.0,123,12.0,0.0,135.0,315,1.0,0.0
DTXSID5023588,4,nested_anchorboost,1,5,5,1,5,0,0,123,0,0,123,315,1.0,0.2
DTXSID5023588,4,nested_measured_only,1,5,5,0,5,0,0,123,0,0,123,315,1.0,0.0
DTXSID5023588,4,uniform_random,1,5,4.2,0.0,3.0,1.2000000000000002,0.8,123,14.4,21.6,159.0,315,0.8400000000000001,0.0
DTXSID5024261,4,fixed_maximin,1,5,5.0,0.0,5.0,0.0,0.0,45,0.0,0.0,45.0,105,1.0,0.0
DTXSID5024261,4,gp_ivr,1,5,5.0,0.0,5.0,0.0,0.0,45,0.0,0.0,45.0,105,1.0,0.0
DTXSID5024261,4,gp_var,1,5,5.0,0.0,5.0,0.0,0.0,45,0.0,0.0,45.0,105,1.0,0.0
DTXSID5024261,4,highest_unmeasured,1,5,5.0,0.0,5.0,0.0,0.0,45,0.0,0.0,45.0,105,1.0,0.0
DTXSID5024261,4,hill_var,1,5,5.0,0.0,5.0,0.0,0.0,45,0.0,0.0,45.0,105,1.0,0.0
DTXSID5024261,4,model_disagreement,1,5,5.0,0.0,5.0,0.0,0.0,45,0.0,0.0,45.0,105,1.0,0.0
DTXSID5024261,4,nested_anchorboost,1,5,5,0,5,0,0,45,0,0,45,105,1.0,0.0
DTXSID5024261,4,nested_measured_only,1,5,5,1,5,0,0,45,0,0,45,105,1.0,0.2
DTXSID5024261,4,uniform_random,1,5,5.0,0.0,5.0,0.0,0.0,45,0.0,0.0,45.0,105,1.0,0.0
DTXSID5024845,3,fixed_maximin,1,5,5.0,0.0,5.0,0.0,0.0,45,0.0,0.0,45.0,105,1.0,0.0
DTXSID5024845,3,gp_ivr,1,5,5.0,0.0,5.0,0.0,0.0,45,0.0,0.0,45.0,105,1.0,0.0
DTXSID5024845,3,gp_var,1,5,5.0,0.0,5.0,0.0,0.0,45,0.0,0.0,45.0,105,1.0,0.0
DTXSID5024845,3,highest_unmeasured,1,5,5.0,0.0,5.0,0.0,0.0,45,0.0,0.0,45.0,105,1.0,0.0
DTXSID5024845,3,hill_var,1,5,5.0,0.0,5.0,0.0,0.0,45,0.0,0.0,45.0,105,1.0,0.0
DTXSID5024845,3,model_disagreement,1,5,5.0,0.0,5.0,0.0,0.0,45,0.0,0.0,45.0,105,1.0,0.0
DTXSID5024845,3,nested_anchorboost,1,5,5,0,5,0,0,45,0,0,45,105,1.0,0.0
DTXSID5024845,3,nested_measured_only,1,5,5,0,5,0,0,45,0,0,45,105,1.0,0.0
DTXSID5024845,3,uniform_random,1,5,5.0,0.0,5.0,0.0,0.0,45,0.0,0.0,45.0,105,1.0,0.0
DTXSID5026259,4,fixed_maximin,1,5,5.0,0.0,5.0,0.0,0.0,45,0.0,0.0,45.0,105,1.0,0.0
DTXSID5026259,4,gp_ivr,1,5,5.0,0.0,5.0,0.0,0.0,45,0.0,0.0,45.0,105,1.0,0.0
DTXSID5026259,4,gp_var,1,5,5.0,0.0,5.0,0.0,0.0,45,0.0,0.0,45.0,105,1.0,0.0
DTXSID5026259,4,highest_unmeasured,1,5,5.0,0.0,5.0,0.0,0.0,45,0.0,0.0,45.0,105,1.0,0.0
DTXSID5026259,4,hill_var,1,5,5.0,0.0,5.0,0.0,0.0,45,0.0,0.0,45.0,105,1.0,0.0
DTXSID5026259,4,model_disagreement,1,5,5.0,0.0,5.0,0.0,0.0,45,0.0,0.0,45.0,105,1.0,0.0
DTXSID5026259,4,nested_anchorboost,1,5,5,0,5,0,0,45,0,0,45,105,1.0,0.0
DTXSID5026259,4,nested_measured_only,1,5,2,0,2,0,3,45,0,36,81,105,0.4,0.0
DTXSID5026259,4,uniform_random,1,5,5.0,0.0,5.0,0.0,0.0,45,0.0,0.0,45.0,105,1.0,0.0
DTXSID5032442,4,fixed_maximin,1,5,5.0,1.0,5.0,0.0,0.0,45,0.0,0.0,45.0,105,1.0,0.2
DTXSID5032442,4,gp_ivr,1,5,5.0,1.0,5.0,0.0,0.0,45,0.0,0.0,45.0,105,1.0,0.2
DTXSID5032442,4,gp_var,1,5,5.0,1.0,5.0,0.0,0.0,45,0.0,0.0,45.0,105,1.0,0.2
DTXSID5032442,4,highest_unmeasured,1,5,5.0,1.0,5.0,0.0,0.0,45,0.0,0.0,45.0,105,1.0,0.2
DTXSID5032442,4,hill_var,1,5,5.0,1.0,5.0,0.0,0.0,45,0.0,0.0,45.0,105,1.0,0.2
DTXSID5032442,4,model_disagreement,1,5,5.0,1.0,5.0,0.0,0.0,45,0.0,0.0,45.0,105,1.0,0.2
DTXSID5032442,4,nested_anchorboost,1,5,5,1,5,0,0,45,0,0,45,105,1.0,0.2
DTXSID5032442,4,nested_measured_only,1,5,5,3,5,0,0,45,0,0,45,105,1.0,0.6
DTXSID5032442,4,uniform_random,1,5,5.0,1.0,5.0,0.0,0.0,45,0.0,0.0,45.0,105,1.0,0.2
DTXSID5032577,3,fixed_maximin,1,5,5.0,0.0,5.0,0.0,0.0,45,0.0,0.0,45.0,105,1.0,0.0
DTXSID5032577,3,gp_ivr,1,5,5.0,0.0,5.0,0.0,0.0,45,0.0,0.0,45.0,105,1.0,0.0
DTXSID5032577,3,gp_var,1,5,5.0,0.0,5.0,0.0,0.0,45,0.0,0.0,45.0,105,1.0,0.0
DTXSID5032577,3,highest_unmeasured,1,5,5.0,0.0,5.0,0.0,0.0,45,0.0,0.0,45.0,105,1.0,0.0
DTXSID5032577,3,hill_var,1,5,5.0,0.0,5.0,0.0,0.0,45,0.0,0.0,45.0,105,1.0,0.0
DTXSID5032577,3,model_disagreement,1,5,5.0,0.0,5.0,0.0,0.0,45,0.0,0.0,45.0,105,1.0,0.0
DTXSID5032577,3,nested_anchorboost,1,5,5,0,5,0,0,45,0,0,45,105,1.0,0.0
DTXSID5032577,3,nested_measured_only,1,5,5,0,5,0,0,45,0,0,45,105,1.0,0.0
DTXSID5032577,3,uniform_random,1,5,5.0,0.0,5.0,0.0,0.0,45,0.0,0.0,45.0,105,1.0,0.0
DTXSID5037072,1,fixed_maximin,1,5,5.0,0.0,5.0,0.0,0.0,45,0.0,0.0,45.0,105,1.0,0.0
DTXSID5037072,1,gp_ivr,1,5,5.0,0.0,5.0,0.0,0.0,45,0.0,0.0,45.0,105,1.0,0.0
DTXSID5037072,1,gp_var,1,5,5.0,0.0,5.0,0.0,0.0,45,0.0,0.0,45.0,105,1.0,0.0
DTXSID5037072,1,highest_unmeasured,1,5,5.0,0.0,5.0,0.0,0.0,45,0.0,0.0,45.0,105,1.0,0.0
DTXSID5037072,1,hill_var,1,5,5.0,0.0,5.0,0.0,0.0,45,0.0,0.0,45.0,105,1.0,0.0
DTXSID5037072,1,model_disagreement,1,5,5.0,0.0,5.0,0.0,0.0,45,0.0,0.0,45.0,105,1.0,0.0
DTXSID5037072,1,nested_anchorboost,1,5,5,0,5,0,0,45,0,0,45,105,1.0,0.0
DTXSID5037072,1,nested_measured_only,1,5,5,0,5,0,0,45,0,0,45,105,1.0,0.0
DTXSID5037072,1,uniform_random,1,5,5.0,0.0,5.0,0.0,0.0,45,0.0,0.0,45.0,105,1.0,0.0
DTXSID5037523,1,fixed_maximin,1,5,1.0,1.0,1.0,0.0,4.0,45,12.0,36.0,93.0,105,0.2,0.2
DTXSID5037523,1,gp_ivr,1,5,1.0,1.0,1.0,0.0,4.0,45,12.0,36.0,93.0,105,0.2,0.2
DTXSID5037523,1,gp_var,1,5,1.0,1.0,1.0,0.0,4.0,45,12.0,36.0,93.0,105,0.2,0.2
DTXSID5037523,1,highest_unmeasured,1,5,1.0,1.0,1.0,0.0,4.0,45,12.0,36.0,93.0,105,0.2,0.2
DTXSID5037523,1,hill_var,1,5,1.0,1.0,1.0,0.0,4.0,45,12.0,36.0,93.0,105,0.2,0.2
DTXSID5037523,1,model_disagreement,1,5,1.0,1.0,1.0,0.0,4.0,45,12.0,36.0,93.0,105,0.2,0.2
DTXSID5037523,1,nested_anchorboost,1,5,5,1,5,0,0,45,0,0,45,105,1.0,0.2
DTXSID5037523,1,nested_measured_only,1,5,0,0,0,0,5,45,0,60,105,105,0.0,0.0
DTXSID5037523,1,uniform_random,1,5,1.0,1.0,1.0,0.0,4.0,45,12.0,36.0,93.0,105,0.2,0.2
DTXSID5051446,4,fixed_maximin,1,5,5.0,0.0,5.0,0.0,0.0,45,0.0,0.0,45.0,105,1.0,0.0
DTXSID5051446,4,gp_ivr,1,5,5.0,0.0,5.0,0.0,0.0,45,0.0,0.0,45.0,105,1.0,0.0
DTXSID5051446,4,gp_var,1,5,5.0,0.0,5.0,0.0,0.0,45,0.0,0.0,45.0,105,1.0,0.0
DTXSID5051446,4,highest_unmeasured,1,5,5.0,0.0,5.0,0.0,0.0,45,0.0,0.0,45.0,105,1.0,0.0
DTXSID5051446,4,hill_var,1,5,5.0,0.0,5.0,0.0,0.0,45,0.0,0.0,45.0,105,1.0,0.0
DTXSID5051446,4,model_disagreement,1,5,5.0,0.0,5.0,0.0,0.0,45,0.0,0.0,45.0,105,1.0,0.0
DTXSID5051446,4,nested_anchorboost,1,5,5,0,5,0,0,45,0,0,45,105,1.0,0.0
DTXSID5051446,4,nested_measured_only,1,5,5,0,5,0,0,45,0,0,45,105,1.0,0.0
DTXSID5051446,4,uniform_random,1,5,5.0,0.0,5.0,0.0,0.0,45,0.0,0.0,45.0,105,1.0,0.0
DTXSID601027734,3,fixed_maximin,1,5,4.0,0.0,3.0,1.0,1.0,45,6.0,9.0,60.0,105,0.8,0.0
DTXSID601027734,3,gp_ivr,1,5,4.0,0.0,3.0,1.0,1.0,45,6.0,9.0,60.0,105,0.8,0.0
DTXSID601027734,3,gp_var,1,5,4.0,0.0,3.0,1.0,1.0,45,6.0,9.0,60.0,105,0.8,0.0
DTXSID601027734,3,highest_unmeasured,1,5,5.0,0.0,3.0,2.0,0.0,45,6.0,0.0,51.0,105,1.0,0.0
DTXSID601027734,3,hill_var,1,5,4.0,0.0,3.0,1.0,1.0,45,6.0,9.0,60.0,105,0.8,0.0
DTXSID601027734,3,model_disagreement,1,5,5.0,0.0,3.0,2.0,0.0,45,6.0,0.0,51.0,105,1.0,0.0
DTXSID601027734,3,nested_anchorboost,1,5,3,0,3,0,2,45,0,24,69,105,0.6,0.0
DTXSID601027734,3,nested_measured_only,1,5,3,0,3,0,2,45,0,24,69,105,0.6,0.0
DTXSID601027734,3,uniform_random,1,5,4.0,0.0,3.0,1.0,1.0,45,6.0,9.0,60.0,105,0.8,0.0
DTXSID6020220,1,fixed_maximin,1,5,5.0,0.0,5.0,0.0,0.0,45,0.0,0.0,45.0,105,1.0,0.0
DTXSID6020220,1,gp_ivr,1,5,5.0,0.0,5.0,0.0,0.0,45,0.0,0.0,45.0,105,1.0,0.0
DTXSID6020220,1,gp_var,1,5,5.0,0.0,5.0,0.0,0.0,45,0.0,0.0,45.0,105,1.0,0.0
DTXSID6020220,1,highest_unmeasured,1,5,5.0,0.0,5.0,0.0,0.0,45,0.0,0.0,45.0,105,1.0,0.0
DTXSID6020220,1,hill_var,1,5,5.0,0.0,5.0,0.0,0.0,45,0.0,0.0,45.0,105,1.0,0.0
DTXSID6020220,1,model_disagreement,1,5,5.0,0.0,5.0,0.0,0.0,45,0.0,0.0,45.0,105,1.0,0.0
DTXSID6020220,1,nested_anchorboost,1,5,5,0,5,0,0,45,0,0,45,105,1.0,0.0
DTXSID6020220,1,nested_measured_only,1,5,5,0,5,0,0,45,0,0,45,105,1.0,0.0
DTXSID6020220,1,uniform_random,1,5,5.0,0.0,5.0,0.0,0.0,45,0.0,0.0,45.0,105,1.0,0.0
DTXSID6020561,1,fixed_maximin,1,5,5.0,1.0,5.0,0.0,0.0,45,0.0,0.0,45.0,105,1.0,0.2
DTXSID6020561,1,gp_ivr,1,5,5.0,1.0,5.0,0.0,0.0,45,0.0,0.0,45.0,105,1.0,0.2
DTXSID6020561,1,gp_var,1,5,5.0,1.0,5.0,0.0,0.0,45,0.0,0.0,45.0,105,1.0,0.2
DTXSID6020561,1,highest_unmeasured,1,5,5.0,1.0,5.0,0.0,0.0,45,0.0,0.0,45.0,105,1.0,0.2
DTXSID6020561,1,hill_var,1,5,5.0,1.0,5.0,0.0,0.0,45,0.0,0.0,45.0,105,1.0,0.2
DTXSID6020561,1,model_disagreement,1,5,5.0,1.0,5.0,0.0,0.0,45,0.0,0.0,45.0,105,1.0,0.2
DTXSID6020561,1,nested_anchorboost,1,5,5,1,5,0,0,45,0,0,45,105,1.0,0.2
DTXSID6020561,1,nested_measured_only,1,5,5,1,5,0,0,45,0,0,45,105,1.0,0.2
DTXSID6020561,1,uniform_random,1,5,5.0,1.0,5.0,0.0,0.0,45,0.0,0.0,45.0,105,1.0,0.2
DTXSID6020690,3,fixed_maximin,1,5,5.0,0.0,5.0,0.0,0.0,94,0.0,0.0,94.0,280,1.0,0.0
DTXSID6020690,3,gp_ivr,1,5,5.0,0.0,5.0,0.0,0.0,94,0.0,0.0,94.0,280,1.0,0.0
DTXSID6020690,3,gp_var,1,5,5.0,0.0,5.0,0.0,0.0,94,0.0,0.0,94.0,280,1.0,0.0
DTXSID6020690,3,highest_unmeasured,1,5,5.0,0.0,5.0,0.0,0.0,94,0.0,0.0,94.0,280,1.0,0.0
DTXSID6020690,3,hill_var,1,5,5.0,0.0,5.0,0.0,0.0,94,0.0,0.0,94.0,280,1.0,0.0
DTXSID6020690,3,model_disagreement,1,5,5.0,0.0,5.0,0.0,0.0,94,0.0,0.0,94.0,280,1.0,0.0
DTXSID6020690,3,nested_anchorboost,1,5,5,0,5,0,0,94,0,0,94,280,1.0,0.0
DTXSID6020690,3,nested_measured_only,1,5,5,0,5,0,0,94,0,0,94,280,1.0,0.0
DTXSID6020690,3,uniform_random,1,5,5.0,0.0,5.0,0.0,0.0,94,0.0,0.0,94.0,280,1.0,0.0
DTXSID6021248,4,fixed_maximin,1,5,5.0,0.0,5.0,0.0,0.0,87,0.0,0.0,87.0,420,1.0,0.0
DTXSID6021248,4,gp_ivr,1,5,5.0,0.0,5.0,0.0,0.0,87,0.0,0.0,87.0,420,1.0,0.0
DTXSID6021248,4,gp_var,1,5,5.0,0.0,5.0,0.0,0.0,87,0.0,0.0,87.0,420,1.0,0.0
DTXSID6021248,4,highest_unmeasured,1,5,5.0,0.0,5.0,0.0,0.0,87,0.0,0.0,87.0,420,1.0,0.0
DTXSID6021248,4,hill_var,1,5,5.0,0.0,5.0,0.0,0.0,87,0.0,0.0,87.0,420,1.0,0.0
DTXSID6021248,4,model_disagreement,1,5,5.0,0.0,5.0,0.0,0.0,87,0.0,0.0,87.0,420,1.0,0.0
DTXSID6021248,4,nested_anchorboost,1,5,5,0,5,0,0,87,0,0,87,420,1.0,0.0
DTXSID6021248,4,nested_measured_only,1,5,5,0,5,0,0,87,0,0,87,420,1.0,0.0
DTXSID6021248,4,uniform_random,1,5,5.0,0.0,5.0,0.0,0.0,87,0.0,0.0,87.0,420,1.0,0.0
DTXSID6024177,2,fixed_maximin,1,5,5.0,1.0,5.0,0.0,0.0,86,0.0,0.0,86.0,205,1.0,0.2
DTXSID6024177,2,gp_ivr,1,5,5.0,1.0,5.0,0.0,0.0,86,0.0,0.0,86.0,205,1.0,0.2
DTXSID6024177,2,gp_var,1,5,5.0,1.0,5.0,0.0,0.0,86,0.0,0.0,86.0,205,1.0,0.2
DTXSID6024177,2,highest_unmeasured,1,5,5.0,1.0,5.0,0.0,0.0,86,0.0,0.0,86.0,205,1.0,0.2
DTXSID6024177,2,hill_var,1,5,5.0,1.0,5.0,0.0,0.0,86,0.0,0.0,86.0,205,1.0,0.2
DTXSID6024177,2,model_disagreement,1,5,5.0,1.0,5.0,0.0,0.0,86,0.0,0.0,86.0,205,1.0,0.2
DTXSID6024177,2,nested_anchorboost,1,5,5,1,5,0,0,86,0,0,86,205,1.0,0.2
DTXSID6024177,2,nested_measured_only,1,5,4,0,4,0,1,86,0,23,109,205,0.8,0.0
DTXSID6024177,2,uniform_random,1,5,5.0,1.0,5.0,0.0,0.0,86,0.0,0.0,86.0,205,1.0,0.2
DTXSID6024206,4,fixed_maximin,1,5,5.0,0.0,5.0,0.0,0.0,45,0.0,0.0,45.0,105,1.0,0.0
DTXSID6024206,4,gp_ivr,1,5,5.0,0.0,5.0,0.0,0.0,45,0.0,0.0,45.0,105,1.0,0.0
DTXSID6024206,4,gp_var,1,5,5.0,0.0,5.0,0.0,0.0,45,0.0,0.0,45.0,105,1.0,0.0
DTXSID6024206,4,highest_unmeasured,1,5,5.0,0.0,5.0,0.0,0.0,45,0.0,0.0,45.0,105,1.0,0.0
DTXSID6024206,4,hill_var,1,5,5.0,0.0,5.0,0.0,0.0,45,0.0,0.0,45.0,105,1.0,0.0
DTXSID6024206,4,model_disagreement,1,5,5.0,0.0,5.0,0.0,0.0,45,0.0,0.0,45.0,105,1.0,0.0
DTXSID6024206,4,nested_anchorboost,1,5,5,0,5,0,0,45,0,0,45,105,1.0,0.0
DTXSID6024206,4,nested_measured_only,1,5,5,0,5,0,0,45,0,0,45,105,1.0,0.0
DTXSID6024206,4,uniform_random,1,5,5.0,0.0,5.0,0.0,0.0,45,0.0,0.0,45.0,105,1.0,0.0
DTXSID6024254,1,fixed_maximin,1,5,5.0,0.0,5.0,0.0,0.0,90,0.0,0.0,90.0,210,1.0,0.0
DTXSID6024254,1,gp_ivr,1,5,5.0,0.0,5.0,0.0,0.0,90,0.0,0.0,90.0,210,1.0,0.0
DTXSID6024254,1,gp_var,1,5,5.0,0.0,5.0,0.0,0.0,90,0.0,0.0,90.0,210,1.0,0.0
DTXSID6024254,1,highest_unmeasured,1,5,5.0,0.0,5.0,0.0,0.0,90,0.0,0.0,90.0,210,1.0,0.0
DTXSID6024254,1,hill_var,1,5,5.0,0.0,5.0,0.0,0.0,90,0.0,0.0,90.0,210,1.0,0.0
DTXSID6024254,1,model_disagreement,1,5,5.0,0.0,5.0,0.0,0.0,90,0.0,0.0,90.0,210,1.0,0.0
DTXSID6024254,1,nested_anchorboost,1,5,5,0,5,0,0,90,0,0,90,210,1.0,0.0
DTXSID6024254,1,nested_measured_only,1,5,5,0,5,0,0,90,0,0,90,210,1.0,0.0
DTXSID6024254,1,uniform_random,1,5,5.0,0.0,5.0,0.0,0.0,90,0.0,0.0,90.0,210,1.0,0.0
DTXSID6024701,4,fixed_maximin,1,5,5.0,0.0,5.0,0.0,0.0,45,0.0,0.0,45.0,105,1.0,0.0
DTXSID6024701,4,gp_ivr,1,5,5.0,0.0,5.0,0.0,0.0,45,0.0,0.0,45.0,105,1.0,0.0
DTXSID6024701,4,gp_var,1,5,5.0,0.0,5.0,0.0,0.0,45,0.0,0.0,45.0,105,1.0,0.0
DTXSID6024701,4,highest_unmeasured,1,5,5.0,0.0,5.0,0.0,0.0,45,0.0,0.0,45.0,105,1.0,0.0
DTXSID6024701,4,hill_var,1,5,5.0,0.0,5.0,0.0,0.0,45,0.0,0.0,45.0,105,1.0,0.0
DTXSID6024701,4,model_disagreement,1,5,5.0,0.0,5.0,0.0,0.0,45,0.0,0.0,45.0,105,1.0,0.0
DTXSID6024701,4,nested_anchorboost,1,5,5,0,5,0,0,45,0,0,45,105,1.0,0.0
DTXSID6024701,4,nested_measured_only,1,5,5,0,5,0,0,45,0,0,45,105,1.0,0.0
DTXSID6024701,4,uniform_random,1,5,5.0,0.0,5.0,0.0,0.0,45,0.0,0.0,45.0,105,1.0,0.0
DTXSID6024888,1,fixed_maximin,1,5,2.0,1.0,2.0,0.0,3.0,45,9.0,27.0,81.0,105,0.4,0.2
DTXSID6024888,1,gp_ivr,1,5,4.0,2.0,2.0,2.0,1.0,45,9.0,9.0,63.0,105,0.8,0.4
DTXSID6024888,1,gp_var,1,5,2.0,1.0,2.0,0.0,3.0,45,9.0,27.0,81.0,105,0.4,0.2
DTXSID6024888,1,highest_unmeasured,1,5,3.0,1.0,2.0,1.0,2.0,45,9.0,18.0,72.0,105,0.6,0.2
DTXSID6024888,1,hill_var,1,5,4.0,1.0,2.0,2.0,1.0,45,9.0,9.0,63.0,105,0.8,0.2
DTXSID6024888,1,model_disagreement,1,5,2.0,1.0,2.0,0.0,3.0,45,9.0,27.0,81.0,105,0.4,0.2
DTXSID6024888,1,nested_anchorboost,1,5,3,1,3,0,2,45,0,24,69,105,0.6,0.2
DTXSID6024888,1,nested_measured_only,1,5,3,2,3,0,2,45,0,24,69,105,0.6,0.4
DTXSID6024888,1,uniform_random,1,5,3.25,1.5,2.0,1.25,1.75,45,9.0,15.75,69.75,105,0.65,0.3
DTXSID6032354,3,fixed_maximin,1,5,5.0,1.0,5.0,0.0,0.0,45,0.0,0.0,45.0,105,1.0,0.2
DTXSID6032354,3,gp_ivr,1,5,5.0,1.0,5.0,0.0,0.0,45,0.0,0.0,45.0,105,1.0,0.2
DTXSID6032354,3,gp_var,1,5,5.0,1.0,5.0,0.0,0.0,45,0.0,0.0,45.0,105,1.0,0.2
DTXSID6032354,3,highest_unmeasured,1,5,5.0,1.0,5.0,0.0,0.0,45,0.0,0.0,45.0,105,1.0,0.2
DTXSID6032354,3,hill_var,1,5,5.0,1.0,5.0,0.0,0.0,45,0.0,0.0,45.0,105,1.0,0.2
DTXSID6032354,3,model_disagreement,1,5,5.0,1.0,5.0,0.0,0.0,45,0.0,0.0,45.0,105,1.0,0.2
DTXSID6032354,3,nested_anchorboost,1,5,5,1,5,0,0,45,0,0,45,105,1.0,0.2
DTXSID6032354,3,nested_measured_only,1,5,5,1,5,0,0,45,0,0,45,105,1.0,0.2
DTXSID6032354,3,uniform_random,1,5,5.0,1.0,5.0,0.0,0.0,45,0.0,0.0,45.0,105,1.0,0.2
DTXSID6032358,1,fixed_maximin,1,5,5.0,1.0,5.0,0.0,0.0,90,0.0,0.0,90.0,210,1.0,0.2
DTXSID6032358,1,gp_ivr,1,5,5.0,1.0,5.0,0.0,0.0,90,0.0,0.0,90.0,210,1.0,0.2
DTXSID6032358,1,gp_var,1,5,5.0,1.0,5.0,0.0,0.0,90,0.0,0.0,90.0,210,1.0,0.2
DTXSID6032358,1,highest_unmeasured,1,5,5.0,1.0,5.0,0.0,0.0,90,0.0,0.0,90.0,210,1.0,0.2
DTXSID6032358,1,hill_var,1,5,5.0,1.0,5.0,0.0,0.0,90,0.0,0.0,90.0,210,1.0,0.2
DTXSID6032358,1,model_disagreement,1,5,5.0,1.0,5.0,0.0,0.0,90,0.0,0.0,90.0,210,1.0,0.2
DTXSID6032358,1,nested_anchorboost,1,5,5,1,5,0,0,90,0,0,90,210,1.0,0.2
DTXSID6032358,1,nested_measured_only,1,5,4,0,4,0,1,90,0,24,114,210,0.8,0.0
DTXSID6032358,1,uniform_random,1,5,5.0,1.0,5.0,0.0,0.0,90,0.0,0.0,90.0,210,1.0,0.2
DTXSID6032562,4,fixed_maximin,1,5,5.0,0.0,5.0,0.0,0.0,45,0.0,0.0,45.0,105,1.0,0.0
DTXSID6032562,4,gp_ivr,1,5,5.0,0.0,5.0,0.0,0.0,45,0.0,0.0,45.0,105,1.0,0.0
DTXSID6032562,4,gp_var,1,5,5.0,0.0,5.0,0.0,0.0,45,0.0,0.0,45.0,105,1.0,0.0
DTXSID6032562,4,highest_unmeasured,1,5,5.0,0.0,5.0,0.0,0.0,45,0.0,0.0,45.0,105,1.0,0.0
DTXSID6032562,4,hill_var,1,5,5.0,0.0,5.0,0.0,0.0,45,0.0,0.0,45.0,105,1.0,0.0
DTXSID6032562,4,model_disagreement,1,5,5.0,0.0,5.0,0.0,0.0,45,0.0,0.0,45.0,105,1.0,0.0
DTXSID6032562,4,nested_anchorboost,1,5,5,0,5,0,0,45,0,0,45,105,1.0,0.0
DTXSID6032562,4,nested_measured_only,1,5,4,0,4,0,1,45,0,12,57,105,0.8,0.0
DTXSID6032562,4,uniform_random,1,5,5.0,0.0,5.0,0.0,0.0,45,0.0,0.0,45.0,105,1.0,0.0
DTXSID6032649,2,fixed_maximin,1,5,5.0,1.0,5.0,0.0,0.0,45,0.0,0.0,45.0,105,1.0,0.2
DTXSID6032649,2,gp_ivr,1,5,5.0,1.0,5.0,0.0,0.0,45,0.0,0.0,45.0,105,1.0,0.2
DTXSID6032649,2,gp_var,1,5,5.0,1.0,5.0,0.0,0.0,45,0.0,0.0,45.0,105,1.0,0.2
DTXSID6032649,2,highest_unmeasured,1,5,5.0,1.0,5.0,0.0,0.0,45,0.0,0.0,45.0,105,1.0,0.2
DTXSID6032649,2,hill_var,1,5,5.0,1.0,5.0,0.0,0.0,45,0.0,0.0,45.0,105,1.0,0.2
DTXSID6032649,2,model_disagreement,1,5,5.0,1.0,5.0,0.0,0.0,45,0.0,0.0,45.0,105,1.0,0.2
DTXSID6032649,2,nested_anchorboost,1,5,5,1,5,0,0,45,0,0,45,105,1.0,0.2
DTXSID6032649,2,nested_measured_only,1,5,4,0,4,0,1,45,0,12,57,105,0.8,0.0
DTXSID6032649,2,uniform_random,1,5,5.0,1.0,5.0,0.0,0.0,45,0.0,0.0,45.0,105,1.0,0.2
DTXSID6047525,1,fixed_maximin,1,5,5.0,0.0,5.0,0.0,0.0,45,0.0,0.0,45.0,105,1.0,0.0
DTXSID6047525,1,gp_ivr,1,5,5.0,0.0,5.0,0.0,0.0,45,0.0,0.0,45.0,105,1.0,0.0
DTXSID6047525,1,gp_var,1,5,5.0,0.0,5.0,0.0,0.0,45,0.0,0.0,45.0,105,1.0,0.0
DTXSID6047525,1,highest_unmeasured,1,5,5.0,0.0,5.0,0.0,0.0,45,0.0,0.0,45.0,105,1.0,0.0
DTXSID6047525,1,hill_var,1,5,5.0,0.0,5.0,0.0,0.0,45,0.0,0.0,45.0,105,1.0,0.0
DTXSID6047525,1,model_disagreement,1,5,5.0,0.0,5.0,0.0,0.0,45,0.0,0.0,45.0,105,1.0,0.0
DTXSID6047525,1,nested_anchorboost,1,5,5,0,5,0,0,45,0,0,45,105,1.0,0.0
DTXSID6047525,1,nested_measured_only,1,5,5,0,5,0,0,45,0,0,45,105,1.0,0.0
DTXSID6047525,1,uniform_random,1,5,5.0,0.0,5.0,0.0,0.0,45,0.0,0.0,45.0,105,1.0,0.0
DTXSID6048175,1,fixed_maximin,1,5,5.0,0.0,3.0,2.0,0.0,41,6.0,0.0,47.0,95,1.0,0.0
DTXSID6048175,1,gp_ivr,1,5,5.0,0.0,3.0,2.0,0.0,41,4.0,0.0,45.0,95,1.0,0.0
DTXSID6048175,1,gp_var,1,5,5.0,0.0,3.0,2.0,0.0,41,6.0,0.0,47.0,95,1.0,0.0
DTXSID6048175,1,highest_unmeasured,1,5,5.0,0.0,3.0,2.0,0.0,41,6.0,0.0,47.0,95,1.0,0.0
DTXSID6048175,1,hill_var,1,5,5.0,0.0,3.0,2.0,0.0,41,5.0,0.0,46.0,95,1.0,0.0
DTXSID6048175,1,model_disagreement,1,5,5.0,0.0,3.0,2.0,0.0,41,6.0,0.0,47.0,95,1.0,0.0
DTXSID6048175,1,nested_anchorboost,1,5,3,0,3,0,2,41,0,22,63,95,0.6,0.0
DTXSID6048175,1,nested_measured_only,1,5,3,0,3,0,2,41,0,22,63,95,0.6,0.0
DTXSID6048175,1,uniform_random,1,5,4.5,0.0,3.0,1.5,0.5,41,5.5,4.0,50.5,95,0.9,0.0
DTXSID7020182,1,fixed_maximin,1,5,5.0,0.0,5.0,0.0,0.0,90,0.0,0.0,90.0,210,1.0,0.0
DTXSID7020182,1,gp_ivr,1,5,5.0,0.0,5.0,0.0,0.0,90,0.0,0.0,90.0,210,1.0,0.0
DTXSID7020182,1,gp_var,1,5,5.0,0.0,5.0,0.0,0.0,90,0.0,0.0,90.0,210,1.0,0.0
DTXSID7020182,1,highest_unmeasured,1,5,5.0,0.0,5.0,0.0,0.0,90,0.0,0.0,90.0,210,1.0,0.0
DTXSID7020182,1,hill_var,1,5,5.0,0.0,5.0,0.0,0.0,90,0.0,0.0,90.0,210,1.0,0.0
DTXSID7020182,1,model_disagreement,1,5,5.0,0.0,5.0,0.0,0.0,90,0.0,0.0,90.0,210,1.0,0.0
DTXSID7020182,1,nested_anchorboost,1,5,5,0,5,0,0,90,0,0,90,210,1.0,0.0
DTXSID7020182,1,nested_measured_only,1,5,4,0,4,0,1,90,0,24,114,210,0.8,0.0
DTXSID7020182,1,uniform_random,1,5,5.0,0.0,5.0,0.0,0.0,90,0.0,0.0,90.0,210,1.0,0.0
DTXSID7020267,2,fixed_maximin,1,5,5.0,0.0,5.0,0.0,0.0,45,0.0,0.0,45.0,105,1.0,0.0
DTXSID7020267,2,gp_ivr,1,5,5.0,0.0,5.0,0.0,0.0,45,0.0,0.0,45.0,105,1.0,0.0
DTXSID7020267,2,gp_var,1,5,5.0,0.0,5.0,0.0,0.0,45,0.0,0.0,45.0,105,1.0,0.0
DTXSID7020267,2,highest_unmeasured,1,5,5.0,0.0,5.0,0.0,0.0,45,0.0,0.0,45.0,105,1.0,0.0
DTXSID7020267,2,hill_var,1,5,5.0,0.0,5.0,0.0,0.0,45,0.0,0.0,45.0,105,1.0,0.0
DTXSID7020267,2,model_disagreement,1,5,5.0,0.0,5.0,0.0,0.0,45,0.0,0.0,45.0,105,1.0,0.0
DTXSID7020267,2,nested_anchorboost,1,5,5,0,5,0,0,45,0,0,45,105,1.0,0.0
DTXSID7020267,2,nested_measured_only,1,5,5,0,5,0,0,45,0,0,45,105,1.0,0.0
DTXSID7020267,2,uniform_random,1,5,5.0,0.0,5.0,0.0,0.0,45,0.0,0.0,45.0,105,1.0,0.0
DTXSID7020479,1,fixed_maximin,1,5,5.0,0.0,5.0,0.0,0.0,45,0.0,0.0,45.0,105,1.0,0.0
DTXSID7020479,1,gp_ivr,1,5,5.0,0.0,5.0,0.0,0.0,45,0.0,0.0,45.0,105,1.0,0.0
DTXSID7020479,1,gp_var,1,5,5.0,0.0,5.0,0.0,0.0,45,0.0,0.0,45.0,105,1.0,0.0
DTXSID7020479,1,highest_unmeasured,1,5,5.0,0.0,5.0,0.0,0.0,45,0.0,0.0,45.0,105,1.0,0.0
DTXSID7020479,1,hill_var,1,5,5.0,0.0,5.0,0.0,0.0,45,0.0,0.0,45.0,105,1.0,0.0
DTXSID7020479,1,model_disagreement,1,5,5.0,0.0,5.0,0.0,0.0,45,0.0,0.0,45.0,105,1.0,0.0
DTXSID7020479,1,nested_anchorboost,1,5,5,0,5,0,0,45,0,0,45,105,1.0,0.0
DTXSID7020479,1,nested_measured_only,1,5,3,0,3,0,2,45,0,24,69,105,0.6,0.0
DTXSID7020479,1,uniform_random,1,5,5.0,0.0,5.0,0.0,0.0,45,0.0,0.0,45.0,105,1.0,0.0
DTXSID7020895,2,fixed_maximin,1,5,5.0,0.0,5.0,0.0,0.0,45,0.0,0.0,45.0,105,1.0,0.0
DTXSID7020895,2,gp_ivr,1,5,5.0,0.0,5.0,0.0,0.0,45,0.0,0.0,45.0,105,1.0,0.0
DTXSID7020895,2,gp_var,1,5,5.0,0.0,5.0,0.0,0.0,45,0.0,0.0,45.0,105,1.0,0.0
DTXSID7020895,2,highest_unmeasured,1,5,5.0,0.0,5.0,0.0,0.0,45,0.0,0.0,45.0,105,1.0,0.0
DTXSID7020895,2,hill_var,1,5,5.0,0.0,5.0,0.0,0.0,45,0.0,0.0,45.0,105,1.0,0.0
DTXSID7020895,2,model_disagreement,1,5,5.0,0.0,5.0,0.0,0.0,45,0.0,0.0,45.0,105,1.0,0.0
DTXSID7020895,2,nested_anchorboost,1,5,5,0,5,0,0,45,0,0,45,105,1.0,0.0
DTXSID7020895,2,nested_measured_only,1,5,5,0,5,0,0,45,0,0,45,105,1.0,0.0
DTXSID7020895,2,uniform_random,1,5,5.0,0.0,5.0,0.0,0.0,45,0.0,0.0,45.0,105,1.0,0.0
DTXSID7021100,2,fixed_maximin,1,5,5.0,2.0,5.0,0.0,0.0,90,0.0,0.0,90.0,210,1.0,0.4
DTXSID7021100,2,gp_ivr,1,5,5.0,2.0,5.0,0.0,0.0,90,0.0,0.0,90.0,210,1.0,0.4
DTXSID7021100,2,gp_var,1,5,5.0,2.0,5.0,0.0,0.0,90,0.0,0.0,90.0,210,1.0,0.4
DTXSID7021100,2,highest_unmeasured,1,5,5.0,2.0,5.0,0.0,0.0,90,0.0,0.0,90.0,210,1.0,0.4
DTXSID7021100,2,hill_var,1,5,5.0,2.0,5.0,0.0,0.0,90,0.0,0.0,90.0,210,1.0,0.4
DTXSID7021100,2,model_disagreement,1,5,5.0,2.0,5.0,0.0,0.0,90,0.0,0.0,90.0,210,1.0,0.4
DTXSID7021100,2,nested_anchorboost,1,5,5,2,5,0,0,90,0,0,90,210,1.0,0.4
DTXSID7021100,2,nested_measured_only,1,5,2,0,2,0,3,90,0,72,162,210,0.4,0.0
DTXSID7021100,2,uniform_random,1,5,5.0,2.0,5.0,0.0,0.0,90,0.0,0.0,90.0,210,1.0,0.4
DTXSID7021150,4,fixed_maximin,1,5,5.0,0.0,5.0,0.0,0.0,57,0.0,0.0,57.0,210,1.0,0.0
DTXSID7021150,4,gp_ivr,1,5,5.0,0.0,5.0,0.0,0.0,57,0.0,0.0,57.0,210,1.0,0.0
DTXSID7021150,4,gp_var,1,5,5.0,0.0,5.0,0.0,0.0,57,0.0,0.0,57.0,210,1.0,0.0
DTXSID7021150,4,highest_unmeasured,1,5,5.0,0.0,5.0,0.0,0.0,57,0.0,0.0,57.0,210,1.0,0.0
DTXSID7021150,4,hill_var,1,5,5.0,0.0,5.0,0.0,0.0,57,0.0,0.0,57.0,210,1.0,0.0
DTXSID7021150,4,model_disagreement,1,5,5.0,0.0,5.0,0.0,0.0,57,0.0,0.0,57.0,210,1.0,0.0
DTXSID7021150,4,nested_anchorboost,1,5,5,0,5,0,0,57,0,0,57,210,1.0,0.0
DTXSID7021150,4,nested_measured_only,1,5,5,0,5,0,0,57,0,0,57,210,1.0,0.0
DTXSID7021150,4,uniform_random,1,5,5.0,0.0,5.0,0.0,0.0,57,0.0,0.0,57.0,210,1.0,0.0
DTXSID7021237,2,fixed_maximin,1,5,5.0,0.0,5.0,0.0,0.0,45,0.0,0.0,45.0,105,1.0,0.0
DTXSID7021237,2,gp_ivr,1,5,5.0,0.0,5.0,0.0,0.0,45,0.0,0.0,45.0,105,1.0,0.0
DTXSID7021237,2,gp_var,1,5,5.0,0.0,5.0,0.0,0.0,45,0.0,0.0,45.0,105,1.0,0.0
DTXSID7021237,2,highest_unmeasured,1,5,5.0,0.0,5.0,0.0,0.0,45,0.0,0.0,45.0,105,1.0,0.0
DTXSID7021237,2,hill_var,1,5,5.0,0.0,5.0,0.0,0.0,45,0.0,0.0,45.0,105,1.0,0.0
DTXSID7021237,2,model_disagreement,1,5,5.0,0.0,5.0,0.0,0.0,45,0.0,0.0,45.0,105,1.0,0.0
DTXSID7021237,2,nested_anchorboost,1,5,5,0,5,0,0,45,0,0,45,105,1.0,0.0
DTXSID7021237,2,nested_measured_only,1,5,4,0,4,0,1,45,0,12,57,105,0.8,0.0
DTXSID7021237,2,uniform_random,1,5,5.0,0.0,5.0,0.0,0.0,45,0.0,0.0,45.0,105,1.0,0.0
DTXSID7021239,4,fixed_maximin,1,5,5.0,0.0,5.0,0.0,0.0,45,0.0,0.0,45.0,105,1.0,0.0
DTXSID7021239,4,gp_ivr,1,5,5.0,0.0,5.0,0.0,0.0,45,0.0,0.0,45.0,105,1.0,0.0
DTXSID7021239,4,gp_var,1,5,5.0,0.0,5.0,0.0,0.0,45,0.0,0.0,45.0,105,1.0,0.0
DTXSID7021239,4,highest_unmeasured,1,5,5.0,0.0,5.0,0.0,0.0,45,0.0,0.0,45.0,105,1.0,0.0
DTXSID7021239,4,hill_var,1,5,5.0,0.0,5.0,0.0,0.0,45,0.0,0.0,45.0,105,1.0,0.0
DTXSID7021239,4,model_disagreement,1,5,5.0,0.0,5.0,0.0,0.0,45,0.0,0.0,45.0,105,1.0,0.0
DTXSID7021239,4,nested_anchorboost,1,5,5,0,5,0,0,45,0,0,45,105,1.0,0.0
DTXSID7021239,4,nested_measured_only,1,5,5,0,5,0,0,45,0,0,45,105,1.0,0.0
DTXSID7021239,4,uniform_random,1,5,5.0,0.0,5.0,0.0,0.0,45,0.0,0.0,45.0,105,1.0,0.0
DTXSID7021992,1,fixed_maximin,1,5,5.0,3.0,5.0,0.0,0.0,65,0.0,0.0,65.0,155,1.0,0.6
DTXSID7021992,1,gp_ivr,1,5,5.0,3.0,5.0,0.0,0.0,65,0.0,0.0,65.0,155,1.0,0.6
DTXSID7021992,1,gp_var,1,5,5.0,3.0,5.0,0.0,0.0,65,0.0,0.0,65.0,155,1.0,0.6
DTXSID7021992,1,highest_unmeasured,1,5,5.0,3.0,5.0,0.0,0.0,65,0.0,0.0,65.0,155,1.0,0.6
DTXSID7021992,1,hill_var,1,5,5.0,3.0,5.0,0.0,0.0,65,0.0,0.0,65.0,155,1.0,0.6
DTXSID7021992,1,model_disagreement,1,5,5.0,3.0,5.0,0.0,0.0,65,0.0,0.0,65.0,155,1.0,0.6
DTXSID7021992,1,nested_anchorboost,1,5,5,3,5,0,0,65,0,0,65,155,1.0,0.6
DTXSID7021992,1,nested_measured_only,1,5,5,3,5,0,0,65,0,0,65,155,1.0,0.6
DTXSID7021992,1,uniform_random,1,5,5.0,3.0,5.0,0.0,0.0,65,0.0,0.0,65.0,155,1.0,0.6
DTXSID7022253,4,fixed_maximin,1,5,5.0,4.0,5.0,0.0,0.0,45,0.0,0.0,45.0,105,1.0,0.8
DTXSID7022253,4,gp_ivr,1,5,5.0,4.0,5.0,0.0,0.0,45,0.0,0.0,45.0,105,1.0,0.8
DTXSID7022253,4,gp_var,1,5,5.0,4.0,5.0,0.0,0.0,45,0.0,0.0,45.0,105,1.0,0.8
DTXSID7022253,4,highest_unmeasured,1,5,5.0,4.0,5.0,0.0,0.0,45,0.0,0.0,45.0,105,1.0,0.8
DTXSID7022253,4,hill_var,1,5,5.0,4.0,5.0,0.0,0.0,45,0.0,0.0,45.0,105,1.0,0.8
DTXSID7022253,4,model_disagreement,1,5,5.0,4.0,5.0,0.0,0.0,45,0.0,0.0,45.0,105,1.0,0.8
DTXSID7022253,4,nested_anchorboost,1,5,5,4,5,0,0,45,0,0,45,105,1.0,0.8
DTXSID7022253,4,nested_measured_only,1,5,5,4,5,0,0,45,0,0,45,105,1.0,0.8
DTXSID7022253,4,uniform_random,1,5,5.0,4.0,5.0,0.0,0.0,45,0.0,0.0,45.0,105,1.0,0.8
DTXSID7023645,3,fixed_maximin,1,5,5.0,1.0,5.0,0.0,0.0,45,0.0,0.0,45.0,105,1.0,0.2
DTXSID7023645,3,gp_ivr,1,5,5.0,1.0,5.0,0.0,0.0,45,0.0,0.0,45.0,105,1.0,0.2
DTXSID7023645,3,gp_var,1,5,5.0,1.0,5.0,0.0,0.0,45,0.0,0.0,45.0,105,1.0,0.2
DTXSID7023645,3,highest_unmeasured,1,5,5.0,1.0,5.0,0.0,0.0,45,0.0,0.0,45.0,105,1.0,0.2
DTXSID7023645,3,hill_var,1,5,5.0,1.0,5.0,0.0,0.0,45,0.0,0.0,45.0,105,1.0,0.2
DTXSID7023645,3,model_disagreement,1,5,5.0,1.0,5.0,0.0,0.0,45,0.0,0.0,45.0,105,1.0,0.2
DTXSID7023645,3,nested_anchorboost,1,5,5,1,5,0,0,45,0,0,45,105,1.0,0.2
DTXSID7023645,3,nested_measured_only,1,5,5,0,5,0,0,45,0,0,45,105,1.0,0.0
DTXSID7023645,3,uniform_random,1,5,5.0,1.0,5.0,0.0,0.0,45,0.0,0.0,45.0,105,1.0,0.2
DTXSID7024243,4,fixed_maximin,1,5,5.0,0.0,5.0,0.0,0.0,45,0.0,0.0,45.0,105,1.0,0.0
DTXSID7024243,4,gp_ivr,1,5,5.0,0.0,5.0,0.0,0.0,45,0.0,0.0,45.0,105,1.0,0.0
DTXSID7024243,4,gp_var,1,5,5.0,0.0,5.0,0.0,0.0,45,0.0,0.0,45.0,105,1.0,0.0
DTXSID7024243,4,highest_unmeasured,1,5,5.0,0.0,5.0,0.0,0.0,45,0.0,0.0,45.0,105,1.0,0.0
DTXSID7024243,4,hill_var,1,5,5.0,0.0,5.0,0.0,0.0,45,0.0,0.0,45.0,105,1.0,0.0
DTXSID7024243,4,model_disagreement,1,5,5.0,0.0,5.0,0.0,0.0,45,0.0,0.0,45.0,105,1.0,0.0
DTXSID7024243,4,nested_anchorboost,1,5,5,0,5,0,0,45,0,0,45,105,1.0,0.0
DTXSID7024243,4,nested_measured_only,1,5,4,0,4,0,1,45,0,12,57,105,0.8,0.0
DTXSID7024243,4,uniform_random,1,5,5.0,0.0,5.0,0.0,0.0,45,0.0,0.0,45.0,105,1.0,0.0
DTXSID7024827,2,fixed_maximin,1,5,5.0,1.0,5.0,0.0,0.0,45,0.0,0.0,45.0,105,1.0,0.2
DTXSID7024827,2,gp_ivr,1,5,5.0,1.0,5.0,0.0,0.0,45,0.0,0.0,45.0,105,1.0,0.2
DTXSID7024827,2,gp_var,1,5,5.0,1.0,5.0,0.0,0.0,45,0.0,0.0,45.0,105,1.0,0.2
DTXSID7024827,2,highest_unmeasured,1,5,5.0,1.0,5.0,0.0,0.0,45,0.0,0.0,45.0,105,1.0,0.2
DTXSID7024827,2,hill_var,1,5,5.0,1.0,5.0,0.0,0.0,45,0.0,0.0,45.0,105,1.0,0.2
DTXSID7024827,2,model_disagreement,1,5,5.0,1.0,5.0,0.0,0.0,45,0.0,0.0,45.0,105,1.0,0.2
DTXSID7024827,2,nested_anchorboost,1,5,5,1,5,0,0,45,0,0,45,105,1.0,0.2
DTXSID7024827,2,nested_measured_only,1,5,5,1,5,0,0,45,0,0,45,105,1.0,0.2
DTXSID7024827,2,uniform_random,1,5,5.0,1.0,5.0,0.0,0.0,45,0.0,0.0,45.0,105,1.0,0.2
DTXSID7027887,2,fixed_maximin,1,5,5.0,0.0,5.0,0.0,0.0,45,0.0,0.0,45.0,105,1.0,0.0
DTXSID7027887,2,gp_ivr,1,5,5.0,0.0,5.0,0.0,0.0,45,0.0,0.0,45.0,105,1.0,0.0
DTXSID7027887,2,gp_var,1,5,5.0,0.0,5.0,0.0,0.0,45,0.0,0.0,45.0,105,1.0,0.0
DTXSID7027887,2,highest_unmeasured,1,5,5.0,0.0,5.0,0.0,0.0,45,0.0,0.0,45.0,105,1.0,0.0
DTXSID7027887,2,hill_var,1,5,5.0,0.0,5.0,0.0,0.0,45,0.0,0.0,45.0,105,1.0,0.0
DTXSID7027887,2,model_disagreement,1,5,5.0,0.0,5.0,0.0,0.0,45,0.0,0.0,45.0,105,1.0,0.0
DTXSID7027887,2,nested_anchorboost,1,5,5,0,5,0,0,45,0,0,45,105,1.0,0.0
DTXSID7027887,2,nested_measured_only,1,5,5,0,5,0,0,45,0,0,45,105,1.0,0.0
DTXSID7027887,2,uniform_random,1,5,5.0,0.0,5.0,0.0,0.0,45,0.0,0.0,45.0,105,1.0,0.0
DTXSID7037717,2,fixed_maximin,1,5,5.0,2.0,5.0,0.0,0.0,90,0.0,0.0,90.0,210,1.0,0.4
DTXSID7037717,2,gp_ivr,1,5,5.0,2.0,5.0,0.0,0.0,90,0.0,0.0,90.0,210,1.0,0.4
DTXSID7037717,2,gp_var,1,5,5.0,2.0,5.0,0.0,0.0,90,0.0,0.0,90.0,210,1.0,0.4
DTXSID7037717,2,highest_unmeasured,1,5,5.0,2.0,5.0,0.0,0.0,90,0.0,0.0,90.0,210,1.0,0.4
DTXSID7037717,2,hill_var,1,5,5.0,2.0,5.0,0.0,0.0,90,0.0,0.0,90.0,210,1.0,0.4
DTXSID7037717,2,model_disagreement,1,5,5.0,2.0,5.0,0.0,0.0,90,0.0,0.0,90.0,210,1.0,0.4
DTXSID7037717,2,nested_anchorboost,1,5,5,2,5,0,0,90,0,0,90,210,1.0,0.4
DTXSID7037717,2,nested_measured_only,1,5,5,2,5,0,0,90,0,0,90,210,1.0,0.4
DTXSID7037717,2,uniform_random,1,5,5.0,2.0,5.0,0.0,0.0,90,0.0,0.0,90.0,210,1.0,0.4
DTXSID70880073,3,fixed_maximin,1,5,5.0,1.0,5.0,0.0,0.0,45,0.0,0.0,45.0,105,1.0,0.2
DTXSID70880073,3,gp_ivr,1,5,5.0,1.0,5.0,0.0,0.0,45,0.0,0.0,45.0,105,1.0,0.2
DTXSID70880073,3,gp_var,1,5,5.0,1.0,5.0,0.0,0.0,45,0.0,0.0,45.0,105,1.0,0.2
DTXSID70880073,3,highest_unmeasured,1,5,5.0,1.0,5.0,0.0,0.0,45,0.0,0.0,45.0,105,1.0,0.2
DTXSID70880073,3,hill_var,1,5,5.0,1.0,5.0,0.0,0.0,45,0.0,0.0,45.0,105,1.0,0.2
DTXSID70880073,3,model_disagreement,1,5,5.0,1.0,5.0,0.0,0.0,45,0.0,0.0,45.0,105,1.0,0.2
DTXSID70880073,3,nested_anchorboost,1,5,5,1,5,0,0,45,0,0,45,105,1.0,0.2
DTXSID70880073,3,nested_measured_only,1,5,5,2,5,0,0,45,0,0,45,105,1.0,0.4
DTXSID70880073,3,uniform_random,1,5,5.0,1.0,5.0,0.0,0.0,45,0.0,0.0,45.0,105,1.0,0.2
DTXSID8020381,3,fixed_maximin,1,5,5.0,0.0,5.0,0.0,0.0,90,0.0,0.0,90.0,210,1.0,0.0
DTXSID8020381,3,gp_ivr,1,5,5.0,0.0,5.0,0.0,0.0,90,0.0,0.0,90.0,210,1.0,0.0
DTXSID8020381,3,gp_var,1,5,5.0,0.0,5.0,0.0,0.0,90,0.0,0.0,90.0,210,1.0,0.0
DTXSID8020381,3,highest_unmeasured,1,5,5.0,0.0,5.0,0.0,0.0,90,0.0,0.0,90.0,210,1.0,0.0
DTXSID8020381,3,hill_var,1,5,5.0,0.0,5.0,0.0,0.0,90,0.0,0.0,90.0,210,1.0,0.0
DTXSID8020381,3,model_disagreement,1,5,5.0,0.0,5.0,0.0,0.0,90,0.0,0.0,90.0,210,1.0,0.0
DTXSID8020381,3,nested_anchorboost,1,5,5,0,5,0,0,90,0,0,90,210,1.0,0.0
DTXSID8020381,3,nested_measured_only,1,5,5,0,5,0,0,90,0,0,90,210,1.0,0.0
DTXSID8020381,3,uniform_random,1,5,5.0,0.0,5.0,0.0,0.0,90,0.0,0.0,90.0,210,1.0,0.0
DTXSID8020462,1,fixed_maximin,1,5,5.0,0.0,4.0,1.0,0.0,45,3.0,0.0,48.0,105,1.0,0.0
DTXSID8020462,1,gp_ivr,1,5,5.0,0.0,4.0,1.0,0.0,45,3.0,0.0,48.0,105,1.0,0.0
DTXSID8020462,1,gp_var,1,5,5.0,0.0,4.0,1.0,0.0,45,3.0,0.0,48.0,105,1.0,0.0
DTXSID8020462,1,highest_unmeasured,1,5,5.0,0.0,4.0,1.0,0.0,45,3.0,0.0,48.0,105,1.0,0.0
DTXSID8020462,1,hill_var,1,5,5.0,0.0,4.0,1.0,0.0,45,3.0,0.0,48.0,105,1.0,0.0
DTXSID8020462,1,model_disagreement,1,5,5.0,0.0,4.0,1.0,0.0,45,3.0,0.0,48.0,105,1.0,0.0
DTXSID8020462,1,nested_anchorboost,1,5,5,0,5,0,0,45,0,0,45,105,1.0,0.0
DTXSID8020462,1,nested_measured_only,1,5,4,0,4,0,1,45,0,12,57,105,0.8,0.0
DTXSID8020462,1,uniform_random,1,5,4.75,0.0,4.0,0.75,0.25,45,3.0,2.25,50.25,105,0.95,0.0
DTXSID8020541,3,fixed_maximin,1,5,3.0,0.0,2.0,1.0,2.0,45,9.0,18.0,72.0,105,0.6,0.0
DTXSID8020541,3,gp_ivr,1,5,3.0,0.0,2.0,1.0,2.0,45,9.0,18.0,72.0,105,0.6,0.0
DTXSID8020541,3,gp_var,1,5,3.0,0.0,2.0,1.0,2.0,45,9.0,18.0,72.0,105,0.6,0.0
DTXSID8020541,3,highest_unmeasured,1,5,2.0,0.0,2.0,0.0,3.0,45,9.0,27.0,81.0,105,0.4,0.0
DTXSID8020541,3,hill_var,1,5,2.0,0.0,2.0,0.0,3.0,45,9.0,27.0,81.0,105,0.4,0.0
DTXSID8020541,3,model_disagreement,1,5,2.0,0.0,2.0,0.0,3.0,45,9.0,27.0,81.0,105,0.4,0.0
DTXSID8020541,3,nested_anchorboost,1,5,3,0,3,0,2,45,0,24,69,105,0.6,0.0
DTXSID8020541,3,nested_measured_only,1,5,3,0,3,0,2,45,0,24,69,105,0.6,0.0
DTXSID8020541,3,uniform_random,1,5,2.75,0.0,2.0,0.75,2.25,45,9.0,20.25,74.25,105,0.55,0.0
DTXSID8022292,1,fixed_maximin,1,5,5.0,0.0,5.0,0.0,0.0,78,0.0,0.0,78.0,210,1.0,0.0
DTXSID8022292,1,gp_ivr,1,5,5.0,0.0,5.0,0.0,0.0,78,0.0,0.0,78.0,210,1.0,0.0
DTXSID8022292,1,gp_var,1,5,5.0,0.0,5.0,0.0,0.0,78,0.0,0.0,78.0,210,1.0,0.0
DTXSID8022292,1,highest_unmeasured,1,5,5.0,0.0,5.0,0.0,0.0,78,0.0,0.0,78.0,210,1.0,0.0
DTXSID8022292,1,hill_var,1,5,5.0,0.0,5.0,0.0,0.0,78,0.0,0.0,78.0,210,1.0,0.0
DTXSID8022292,1,model_disagreement,1,5,5.0,0.0,5.0,0.0,0.0,78,0.0,0.0,78.0,210,1.0,0.0
DTXSID8022292,1,nested_anchorboost,1,5,5,0,5,0,0,78,0,0,78,210,1.0,0.0
DTXSID8022292,1,nested_measured_only,1,5,5,0,5,0,0,78,0,0,78,210,1.0,0.0
DTXSID8022292,1,uniform_random,1,5,5.0,0.0,5.0,0.0,0.0,78,0.0,0.0,78.0,210,1.0,0.0
DTXSID8022325,4,fixed_maximin,1,5,5.0,0.0,5.0,0.0,0.0,45,0.0,0.0,45.0,105,1.0,0.0
DTXSID8022325,4,gp_ivr,1,5,5.0,0.0,5.0,0.0,0.0,45,0.0,0.0,45.0,105,1.0,0.0
DTXSID8022325,4,gp_var,1,5,5.0,0.0,5.0,0.0,0.0,45,0.0,0.0,45.0,105,1.0,0.0
DTXSID8022325,4,highest_unmeasured,1,5,5.0,0.0,5.0,0.0,0.0,45,0.0,0.0,45.0,105,1.0,0.0
DTXSID8022325,4,hill_var,1,5,5.0,0.0,5.0,0.0,0.0,45,0.0,0.0,45.0,105,1.0,0.0
DTXSID8022325,4,model_disagreement,1,5,5.0,0.0,5.0,0.0,0.0,45,0.0,0.0,45.0,105,1.0,0.0
DTXSID8022325,4,nested_anchorboost,1,5,5,0,5,0,0,45,0,0,45,105,1.0,0.0
DTXSID8022325,4,nested_measured_only,1,5,3,0,3,0,2,45,0,24,69,105,0.6,0.0
DTXSID8022325,4,uniform_random,1,5,5.0,0.0,5.0,0.0,0.0,45,0.0,0.0,45.0,105,1.0,0.0
DTXSID8023846,1,fixed_maximin,1,5,2.0,2.0,2.0,0.0,3.0,45,9.0,27.0,81.0,105,0.4,0.4
DTXSID8023846,1,gp_ivr,1,5,2.0,2.0,2.0,0.0,3.0,45,9.0,27.0,81.0,105,0.4,0.4
DTXSID8023846,1,gp_var,1,5,2.0,2.0,2.0,0.0,3.0,45,9.0,27.0,81.0,105,0.4,0.4
DTXSID8023846,1,highest_unmeasured,1,5,2.0,2.0,2.0,0.0,3.0,45,9.0,27.0,81.0,105,0.4,0.4
DTXSID8023846,1,hill_var,1,5,2.0,2.0,2.0,0.0,3.0,45,9.0,27.0,81.0,105,0.4,0.4
DTXSID8023846,1,model_disagreement,1,5,2.0,2.0,2.0,0.0,3.0,45,9.0,27.0,81.0,105,0.4,0.4
DTXSID8023846,1,nested_anchorboost,1,5,3,2,3,0,2,45,0,24,69,105,0.6,0.4
DTXSID8023846,1,nested_measured_only,1,5,0,0,0,0,5,45,0,60,105,105,0.0,0.0
DTXSID8023846,1,uniform_random,1,5,2.0,2.0,2.0,0.0,3.0,45,9.0,27.0,81.0,105,0.4,0.4
DTXSID8023892,2,fixed_maximin,1,5,5.0,0.0,5.0,0.0,0.0,51,0.0,0.0,51.0,210,1.0,0.0
DTXSID8023892,2,gp_ivr,1,5,5.0,0.0,5.0,0.0,0.0,51,0.0,0.0,51.0,210,1.0,0.0
DTXSID8023892,2,gp_var,1,5,5.0,0.0,5.0,0.0,0.0,51,0.0,0.0,51.0,210,1.0,0.0
DTXSID8023892,2,highest_unmeasured,1,5,5.0,0.0,5.0,0.0,0.0,51,0.0,0.0,51.0,210,1.0,0.0
DTXSID8023892,2,hill_var,1,5,5.0,0.0,5.0,0.0,0.0,51,0.0,0.0,51.0,210,1.0,0.0
DTXSID8023892,2,model_disagreement,1,5,5.0,0.0,5.0,0.0,0.0,51,0.0,0.0,51.0,210,1.0,0.0
DTXSID8023892,2,nested_anchorboost,1,5,5,0,5,0,0,51,0,0,51,210,1.0,0.0
DTXSID8023892,2,nested_measured_only,1,5,5,0,5,0,0,51,0,0,51,210,1.0,0.0
DTXSID8023892,2,uniform_random,1,5,5.0,0.0,5.0,0.0,0.0,51,0.0,0.0,51.0,210,1.0,0.0
DTXSID8024105,2,fixed_maximin,1,5,5.0,0.0,5.0,0.0,0.0,88,0.0,0.0,88.0,205,1.0,0.0
DTXSID8024105,2,gp_ivr,1,5,5.0,0.0,5.0,0.0,0.0,88,0.0,0.0,88.0,205,1.0,0.0
DTXSID8024105,2,gp_var,1,5,5.0,0.0,5.0,0.0,0.0,88,0.0,0.0,88.0,205,1.0,0.0
DTXSID8024105,2,highest_unmeasured,1,5,5.0,0.0,5.0,0.0,0.0,88,0.0,0.0,88.0,205,1.0,0.0
DTXSID8024105,2,hill_var,1,5,5.0,0.0,5.0,0.0,0.0,88,0.0,0.0,88.0,205,1.0,0.0
DTXSID8024105,2,model_disagreement,1,5,5.0,0.0,5.0,0.0,0.0,88,0.0,0.0,88.0,205,1.0,0.0
DTXSID8024105,2,nested_anchorboost,1,5,5,0,5,0,0,88,0,0,88,205,1.0,0.0
DTXSID8024105,2,nested_measured_only,1,5,5,0,5,0,0,88,0,0,88,205,1.0,0.0
DTXSID8024105,2,uniform_random,1,5,5.0,0.0,5.0,0.0,0.0,88,0.0,0.0,88.0,205,1.0,0.0
DTXSID8024602,1,fixed_maximin,1,5,5.0,0.0,5.0,0.0,0.0,57,0.0,0.0,57.0,210,1.0,0.0
DTXSID8024602,1,gp_ivr,1,5,5.0,0.0,5.0,0.0,0.0,57,0.0,0.0,57.0,210,1.0,0.0
DTXSID8024602,1,gp_var,1,5,5.0,0.0,5.0,0.0,0.0,57,0.0,0.0,57.0,210,1.0,0.0
DTXSID8024602,1,highest_unmeasured,1,5,5.0,0.0,5.0,0.0,0.0,57,0.0,0.0,57.0,210,1.0,0.0
DTXSID8024602,1,hill_var,1,5,5.0,0.0,5.0,0.0,0.0,57,0.0,0.0,57.0,210,1.0,0.0
DTXSID8024602,1,model_disagreement,1,5,5.0,0.0,5.0,0.0,0.0,57,0.0,0.0,57.0,210,1.0,0.0
DTXSID8024602,1,nested_anchorboost,1,5,5,0,5,0,0,57,0,0,57,210,1.0,0.0
DTXSID8024602,1,nested_measured_only,1,5,5,0,5,0,0,57,0,0,57,210,1.0,0.0
DTXSID8024602,1,uniform_random,1,5,5.0,0.0,5.0,0.0,0.0,57,0.0,0.0,57.0,210,1.0,0.0
DTXSID8044175,4,fixed_maximin,1,5,5.0,0.0,5.0,0.0,0.0,45,0.0,0.0,45.0,105,1.0,0.0
DTXSID8044175,4,gp_ivr,1,5,5.0,0.0,5.0,0.0,0.0,45,0.0,0.0,45.0,105,1.0,0.0
DTXSID8044175,4,gp_var,1,5,5.0,0.0,5.0,0.0,0.0,45,0.0,0.0,45.0,105,1.0,0.0
DTXSID8044175,4,highest_unmeasured,1,5,5.0,0.0,5.0,0.0,0.0,45,0.0,0.0,45.0,105,1.0,0.0
DTXSID8044175,4,hill_var,1,5,5.0,0.0,5.0,0.0,0.0,45,0.0,0.0,45.0,105,1.0,0.0
DTXSID8044175,4,model_disagreement,1,5,5.0,0.0,5.0,0.0,0.0,45,0.0,0.0,45.0,105,1.0,0.0
DTXSID8044175,4,nested_anchorboost,1,5,5,0,5,0,0,45,0,0,45,105,1.0,0.0
DTXSID8044175,4,nested_measured_only,1,5,5,0,5,0,0,45,0,0,45,105,1.0,0.0
DTXSID8044175,4,uniform_random,1,5,5.0,0.0,5.0,0.0,0.0,45,0.0,0.0,45.0,105,1.0,0.0
DTXSID8047553,4,fixed_maximin,1,5,5.0,1.0,5.0,0.0,0.0,45,0.0,0.0,45.0,105,1.0,0.2
DTXSID8047553,4,gp_ivr,1,5,5.0,1.0,5.0,0.0,0.0,45,0.0,0.0,45.0,105,1.0,0.2
DTXSID8047553,4,gp_var,1,5,5.0,1.0,5.0,0.0,0.0,45,0.0,0.0,45.0,105,1.0,0.2
DTXSID8047553,4,highest_unmeasured,1,5,5.0,1.0,5.0,0.0,0.0,45,0.0,0.0,45.0,105,1.0,0.2
DTXSID8047553,4,hill_var,1,5,5.0,1.0,5.0,0.0,0.0,45,0.0,0.0,45.0,105,1.0,0.2
DTXSID8047553,4,model_disagreement,1,5,5.0,1.0,5.0,0.0,0.0,45,0.0,0.0,45.0,105,1.0,0.2
DTXSID8047553,4,nested_anchorboost,1,5,5,1,5,0,0,45,0,0,45,105,1.0,0.2
DTXSID8047553,4,nested_measured_only,1,5,5,0,5,0,0,45,0,0,45,105,1.0,0.0
DTXSID8047553,4,uniform_random,1,5,5.0,1.0,5.0,0.0,0.0,45,0.0,0.0,45.0,105,1.0,0.2
DTXSID90199452,3,fixed_maximin,1,5,5.0,0.0,5.0,0.0,0.0,45,0.0,0.0,45.0,105,1.0,0.0
DTXSID90199452,3,gp_ivr,1,5,5.0,0.0,5.0,0.0,0.0,45,0.0,0.0,45.0,105,1.0,0.0
DTXSID90199452,3,gp_var,1,5,5.0,0.0,5.0,0.0,0.0,45,0.0,0.0,45.0,105,1.0,0.0
DTXSID90199452,3,highest_unmeasured,1,5,5.0,0.0,5.0,0.0,0.0,45,0.0,0.0,45.0,105,1.0,0.0
DTXSID90199452,3,hill_var,1,5,5.0,0.0,5.0,0.0,0.0,45,0.0,0.0,45.0,105,1.0,0.0
DTXSID90199452,3,model_disagreement,1,5,5.0,0.0,5.0,0.0,0.0,45,0.0,0.0,45.0,105,1.0,0.0
DTXSID90199452,3,nested_anchorboost,1,5,5,0,5,0,0,45,0,0,45,105,1.0,0.0
DTXSID90199452,3,nested_measured_only,1,5,5,0,5,0,0,45,0,0,45,105,1.0,0.0
DTXSID90199452,3,uniform_random,1,5,5.0,0.0,5.0,0.0,0.0,45,0.0,0.0,45.0,105,1.0,0.0
DTXSID9020112,4,fixed_maximin,1,5,5.0,0.0,5.0,0.0,0.0,45,0.0,0.0,45.0,105,1.0,0.0
DTXSID9020112,4,gp_ivr,1,5,5.0,0.0,5.0,0.0,0.0,45,0.0,0.0,45.0,105,1.0,0.0
DTXSID9020112,4,gp_var,1,5,5.0,0.0,5.0,0.0,0.0,45,0.0,0.0,45.0,105,1.0,0.0
DTXSID9020112,4,highest_unmeasured,1,5,5.0,0.0,5.0,0.0,0.0,45,0.0,0.0,45.0,105,1.0,0.0
DTXSID9020112,4,hill_var,1,5,5.0,0.0,5.0,0.0,0.0,45,0.0,0.0,45.0,105,1.0,0.0
DTXSID9020112,4,model_disagreement,1,5,5.0,0.0,5.0,0.0,0.0,45,0.0,0.0,45.0,105,1.0,0.0
DTXSID9020112,4,nested_anchorboost,1,5,5,0,5,0,0,45,0,0,45,105,1.0,0.0
DTXSID9020112,4,nested_measured_only,1,5,5,0,5,0,0,45,0,0,45,105,1.0,0.0
DTXSID9020112,4,uniform_random,1,5,5.0,0.0,5.0,0.0,0.0,45,0.0,0.0,45.0,105,1.0,0.0
DTXSID9020114,1,fixed_maximin,1,5,5.0,1.0,5.0,0.0,0.0,90,0.0,0.0,90.0,210,1.0,0.2
DTXSID9020114,1,gp_ivr,1,5,5.0,1.0,5.0,0.0,0.0,90,0.0,0.0,90.0,210,1.0,0.2
DTXSID9020114,1,gp_var,1,5,5.0,1.0,5.0,0.0,0.0,90,0.0,0.0,90.0,210,1.0,0.2
DTXSID9020114,1,highest_unmeasured,1,5,5.0,1.0,5.0,0.0,0.0,90,0.0,0.0,90.0,210,1.0,0.2
DTXSID9020114,1,hill_var,1,5,5.0,1.0,5.0,0.0,0.0,90,0.0,0.0,90.0,210,1.0,0.2
DTXSID9020114,1,model_disagreement,1,5,5.0,1.0,5.0,0.0,0.0,90,0.0,0.0,90.0,210,1.0,0.2
DTXSID9020114,1,nested_anchorboost,1,5,5,1,5,0,0,90,0,0,90,210,1.0,0.2
DTXSID9020114,1,nested_measured_only,1,5,5,1,5,0,0,90,0,0,90,210,1.0,0.2
DTXSID9020114,1,uniform_random,1,5,5.0,1.0,5.0,0.0,0.0,90,0.0,0.0,90.0,210,1.0,0.2
DTXSID9020160,1,fixed_maximin,1,5,5.0,0.0,5.0,0.0,0.0,45,0.0,0.0,45.0,105,1.0,0.0
DTXSID9020160,1,gp_ivr,1,5,5.0,0.0,5.0,0.0,0.0,45,0.0,0.0,45.0,105,1.0,0.0
DTXSID9020160,1,gp_var,1,5,5.0,0.0,5.0,0.0,0.0,45,0.0,0.0,45.0,105,1.0,0.0
DTXSID9020160,1,highest_unmeasured,1,5,5.0,0.0,5.0,0.0,0.0,45,0.0,0.0,45.0,105,1.0,0.0
DTXSID9020160,1,hill_var,1,5,5.0,0.0,5.0,0.0,0.0,45,0.0,0.0,45.0,105,1.0,0.0
DTXSID9020160,1,model_disagreement,1,5,5.0,0.0,5.0,0.0,0.0,45,0.0,0.0,45.0,105,1.0,0.0
DTXSID9020160,1,nested_anchorboost,1,5,5,0,5,0,0,45,0,0,45,105,1.0,0.0
DTXSID9020160,1,nested_measured_only,1,5,5,0,5,0,0,45,0,0,45,105,1.0,0.0
DTXSID9020160,1,uniform_random,1,5,5.0,0.0,5.0,0.0,0.0,45,0.0,0.0,45.0,105,1.0,0.0
DTXSID9020243,2,fixed_maximin,1,5,5.0,1.0,5.0,0.0,0.0,135,0.0,0.0,135.0,315,1.0,0.2
DTXSID9020243,2,gp_ivr,1,5,5.0,1.0,5.0,0.0,0.0,135,0.0,0.0,135.0,315,1.0,0.2
DTXSID9020243,2,gp_var,1,5,5.0,1.0,5.0,0.0,0.0,135,0.0,0.0,135.0,315,1.0,0.2
DTXSID9020243,2,highest_unmeasured,1,5,5.0,1.0,5.0,0.0,0.0,135,0.0,0.0,135.0,315,1.0,0.2
DTXSID9020243,2,hill_var,1,5,5.0,1.0,5.0,0.0,0.0,135,0.0,0.0,135.0,315,1.0,0.2
DTXSID9020243,2,model_disagreement,1,5,5.0,1.0,5.0,0.0,0.0,135,0.0,0.0,135.0,315,1.0,0.2
DTXSID9020243,2,nested_anchorboost,1,5,5,1,5,0,0,135,0,0,135,315,1.0,0.2
DTXSID9020243,2,nested_measured_only,1,5,4,0,4,0,1,135,0,36,171,315,0.8,0.0
DTXSID9020243,2,uniform_random,1,5,5.0,1.0,5.0,0.0,0.0,135,0.0,0.0,135.0,315,1.0,0.2
DTXSID9020247,2,fixed_maximin,1,5,5.0,0.0,5.0,0.0,0.0,45,0.0,0.0,45.0,105,1.0,0.0
DTXSID9020247,2,gp_ivr,1,5,5.0,0.0,5.0,0.0,0.0,45,0.0,0.0,45.0,105,1.0,0.0
DTXSID9020247,2,gp_var,1,5,5.0,0.0,5.0,0.0,0.0,45,0.0,0.0,45.0,105,1.0,0.0
DTXSID9020247,2,highest_unmeasured,1,5,5.0,0.0,5.0,0.0,0.0,45,0.0,0.0,45.0,105,1.0,0.0
DTXSID9020247,2,hill_var,1,5,5.0,0.0,5.0,0.0,0.0,45,0.0,0.0,45.0,105,1.0,0.0
DTXSID9020247,2,model_disagreement,1,5,5.0,0.0,5.0,0.0,0.0,45,0.0,0.0,45.0,105,1.0,0.0
DTXSID9020247,2,nested_anchorboost,1,5,5,0,5,0,0,45,0,0,45,105,1.0,0.0
DTXSID9020247,2,nested_measured_only,1,5,5,0,5,0,0,45,0,0,45,105,1.0,0.0
DTXSID9020247,2,uniform_random,1,5,5.0,0.0,5.0,0.0,0.0,45,0.0,0.0,45.0,105,1.0,0.0
DTXSID9020249,3,fixed_maximin,1,5,5.0,1.0,3.0,2.0,0.0,90,12.0,0.0,102.0,210,1.0,0.2
DTXSID9020249,3,gp_ivr,1,5,5.0,1.0,3.0,2.0,0.0,90,12.0,0.0,102.0,210,1.0,0.2
DTXSID9020249,3,gp_var,1,5,5.0,1.0,3.0,2.0,0.0,90,12.0,0.0,102.0,210,1.0,0.2
DTXSID9020249,3,highest_unmeasured,1,5,5.0,1.0,3.0,2.0,0.0,90,12.0,0.0,102.0,210,1.0,0.2
DTXSID9020249,3,hill_var,1,5,5.0,1.0,3.0,2.0,0.0,90,12.0,0.0,102.0,210,1.0,0.2
DTXSID9020249,3,model_disagreement,1,5,5.0,1.0,3.0,2.0,0.0,90,12.0,0.0,102.0,210,1.0,0.2
DTXSID9020249,3,nested_anchorboost,1,5,3,1,3,0,2,90,0,48,138,210,0.6,0.2
DTXSID9020249,3,nested_measured_only,1,5,5,3,5,0,0,90,0,0,90,210,1.0,0.6
DTXSID9020249,3,uniform_random,1,5,4.0,1.0,3.0,1.0,1.0,90,12.0,18.0,120.0,210,0.8,0.2
DTXSID9020407,4,fixed_maximin,1,5,5.0,0.0,4.0,1.0,0.0,45,3.0,0.0,48.0,105,1.0,0.0
DTXSID9020407,4,gp_ivr,1,5,5.0,0.0,4.0,1.0,0.0,45,3.0,0.0,48.0,105,1.0,0.0
DTXSID9020407,4,gp_var,1,5,5.0,0.0,4.0,1.0,0.0,45,3.0,0.0,48.0,105,1.0,0.0
DTXSID9020407,4,highest_unmeasured,1,5,5.0,0.0,4.0,1.0,0.0,45,3.0,0.0,48.0,105,1.0,0.0
DTXSID9020407,4,hill_var,1,5,5.0,0.0,4.0,1.0,0.0,45,3.0,0.0,48.0,105,1.0,0.0
DTXSID9020407,4,model_disagreement,1,5,5.0,0.0,4.0,1.0,0.0,45,3.0,0.0,48.0,105,1.0,0.0
DTXSID9020407,4,nested_anchorboost,1,5,5,0,5,0,0,45,0,0,45,105,1.0,0.0
DTXSID9020407,4,nested_measured_only,1,5,5,2,5,0,0,45,0,0,45,105,1.0,0.4
DTXSID9020407,4,uniform_random,1,5,5.0,0.0,4.0,1.0,0.0,45,3.0,0.0,48.0,105,1.0,0.0
DTXSID9020453,4,fixed_maximin,1,5,5.0,0.0,5.0,0.0,0.0,45,0.0,0.0,45.0,105,1.0,0.0
DTXSID9020453,4,gp_ivr,1,5,5.0,0.0,5.0,0.0,0.0,45,0.0,0.0,45.0,105,1.0,0.0
DTXSID9020453,4,gp_var,1,5,5.0,0.0,5.0,0.0,0.0,45,0.0,0.0,45.0,105,1.0,0.0
DTXSID9020453,4,highest_unmeasured,1,5,5.0,0.0,5.0,0.0,0.0,45,0.0,0.0,45.0,105,1.0,0.0
DTXSID9020453,4,hill_var,1,5,5.0,0.0,5.0,0.0,0.0,45,0.0,0.0,45.0,105,1.0,0.0
DTXSID9020453,4,model_disagreement,1,5,5.0,0.0,5.0,0.0,0.0,45,0.0,0.0,45.0,105,1.0,0.0
DTXSID9020453,4,nested_anchorboost,1,5,5,0,5,0,0,45,0,0,45,105,1.0,0.0
DTXSID9020453,4,nested_measured_only,1,5,5,0,5,0,0,45,0,0,45,105,1.0,0.0
DTXSID9020453,4,uniform_random,1,5,5.0,0.0,5.0,0.0,0.0,45,0.0,0.0,45.0,105,1.0,0.0
DTXSID9020617,2,fixed_maximin,1,5,4.0,0.0,4.0,0.0,1.0,45,3.0,9.0,57.0,105,0.8,0.0
DTXSID9020617,2,gp_ivr,1,5,5.0,0.0,4.0,1.0,0.0,45,3.0,0.0,48.0,105,1.0,0.0
DTXSID9020617,2,gp_var,1,5,4.0,0.0,4.0,0.0,1.0,45,3.0,9.0,57.0,105,0.8,0.0
DTXSID9020617,2,highest_unmeasured,1,5,5.0,0.0,4.0,1.0,0.0,45,3.0,0.0,48.0,105,1.0,0.0
DTXSID9020617,2,hill_var,1,5,5.0,0.0,4.0,1.0,0.0,45,3.0,0.0,48.0,105,1.0,0.0
DTXSID9020617,2,model_disagreement,1,5,5.0,0.0,4.0,1.0,0.0,45,3.0,0.0,48.0,105,1.0,0.0
DTXSID9020617,2,nested_anchorboost,1,5,5,1,5,0,0,45,0,0,45,105,1.0,0.2
DTXSID9020617,2,nested_measured_only,1,5,3,0,3,0,2,45,0,24,69,105,0.6,0.0
DTXSID9020617,2,uniform_random,1,5,4.5,0.0,4.0,0.5,0.5,45,3.0,4.5,52.5,105,0.9,0.0
DTXSID9020663,2,fixed_maximin,1,5,5.0,0.0,5.0,0.0,0.0,90,0.0,0.0,90.0,210,1.0,0.0
DTXSID9020663,2,gp_ivr,1,5,5.0,0.0,5.0,0.0,0.0,90,0.0,0.0,90.0,210,1.0,0.0
DTXSID9020663,2,gp_var,1,5,5.0,0.0,5.0,0.0,0.0,90,0.0,0.0,90.0,210,1.0,0.0
DTXSID9020663,2,highest_unmeasured,1,5,5.0,0.0,5.0,0.0,0.0,90,0.0,0.0,90.0,210,1.0,0.0
DTXSID9020663,2,hill_var,1,5,5.0,0.0,5.0,0.0,0.0,90,0.0,0.0,90.0,210,1.0,0.0
DTXSID9020663,2,model_disagreement,1,5,5.0,0.0,5.0,0.0,0.0,90,0.0,0.0,90.0,210,1.0,0.0
DTXSID9020663,2,nested_anchorboost,1,5,5,0,5,0,0,90,0,0,90,210,1.0,0.0
DTXSID9020663,2,nested_measured_only,1,5,5,0,5,0,0,90,0,0,90,210,1.0,0.0
DTXSID9020663,2,uniform_random,1,5,5.0,0.0,5.0,0.0,0.0,90,0.0,0.0,90.0,210,1.0,0.0
DTXSID9020790,1,fixed_maximin,1,5,3.0,1.0,3.0,0.0,2.0,45,6.0,18.0,69.0,105,0.6,0.2
DTXSID9020790,1,gp_ivr,1,5,4.0,2.0,3.0,1.0,1.0,45,6.0,9.0,60.0,105,0.8,0.4
DTXSID9020790,1,gp_var,1,5,3.0,1.0,3.0,0.0,2.0,45,6.0,18.0,69.0,105,0.6,0.2
DTXSID9020790,1,highest_unmeasured,1,5,3.0,1.0,3.0,0.0,2.0,45,6.0,18.0,69.0,105,0.6,0.2
DTXSID9020790,1,hill_var,1,5,4.0,2.0,3.0,1.0,1.0,45,6.0,9.0,60.0,105,0.8,0.4
DTXSID9020790,1,model_disagreement,1,5,3.0,1.0,3.0,0.0,2.0,45,6.0,18.0,69.0,105,0.6,0.2
DTXSID9020790,1,nested_anchorboost,1,5,4,2,4,0,1,45,0,12,57,105,0.8,0.4
DTXSID9020790,1,nested_measured_only,1,5,0,0,0,0,5,45,0,60,105,105,0.0,0.0
DTXSID9020790,1,uniform_random,1,5,3.75,1.75,3.0,0.75,1.25,45,6.0,11.25,62.25,105,0.75,0.35
DTXSID9020794,2,fixed_maximin,1,5,5.0,1.0,5.0,0.0,0.0,45,0.0,0.0,45.0,105,1.0,0.2
DTXSID9020794,2,gp_ivr,1,5,5.0,1.0,5.0,0.0,0.0,45,0.0,0.0,45.0,105,1.0,0.2
DTXSID9020794,2,gp_var,1,5,5.0,1.0,5.0,0.0,0.0,45,0.0,0.0,45.0,105,1.0,0.2
DTXSID9020794,2,highest_unmeasured,1,5,5.0,1.0,5.0,0.0,0.0,45,0.0,0.0,45.0,105,1.0,0.2
DTXSID9020794,2,hill_var,1,5,5.0,1.0,5.0,0.0,0.0,45,0.0,0.0,45.0,105,1.0,0.2
DTXSID9020794,2,model_disagreement,1,5,5.0,1.0,5.0,0.0,0.0,45,0.0,0.0,45.0,105,1.0,0.2
DTXSID9020794,2,nested_anchorboost,1,5,5,1,5,0,0,45,0,0,45,105,1.0,0.2
DTXSID9020794,2,nested_measured_only,1,5,2,0,2,0,3,45,0,36,81,105,0.4,0.0
DTXSID9020794,2,uniform_random,1,5,5.0,1.0,5.0,0.0,0.0,45,0.0,0.0,45.0,105,1.0,0.2
DTXSID9020827,1,fixed_maximin,1,5,5.0,0.0,5.0,0.0,0.0,45,0.0,0.0,45.0,105,1.0,0.0
DTXSID9020827,1,gp_ivr,1,5,5.0,0.0,5.0,0.0,0.0,45,0.0,0.0,45.0,105,1.0,0.0
DTXSID9020827,1,gp_var,1,5,5.0,0.0,5.0,0.0,0.0,45,0.0,0.0,45.0,105,1.0,0.0
DTXSID9020827,1,highest_unmeasured,1,5,5.0,0.0,5.0,0.0,0.0,45,0.0,0.0,45.0,105,1.0,0.0
DTXSID9020827,1,hill_var,1,5,5.0,0.0,5.0,0.0,0.0,45,0.0,0.0,45.0,105,1.0,0.0
DTXSID9020827,1,model_disagreement,1,5,5.0,0.0,5.0,0.0,0.0,45,0.0,0.0,45.0,105,1.0,0.0
DTXSID9020827,1,nested_anchorboost,1,5,5,0,5,0,0,45,0,0,45,105,1.0,0.0
DTXSID9020827,1,nested_measured_only,1,5,5,0,5,0,0,45,0,0,45,105,1.0,0.0
DTXSID9020827,1,uniform_random,1,5,5.0,0.0,5.0,0.0,0.0,45,0.0,0.0,45.0,105,1.0,0.0
DTXSID9022524,1,fixed_maximin,1,5,5.0,0.0,5.0,0.0,0.0,30,0.0,0.0,30.0,70,1.0,0.0
DTXSID9022524,1,gp_ivr,1,5,5.0,0.0,5.0,0.0,0.0,30,0.0,0.0,30.0,70,1.0,0.0
DTXSID9022524,1,gp_var,1,5,5.0,0.0,5.0,0.0,0.0,30,0.0,0.0,30.0,70,1.0,0.0
DTXSID9022524,1,highest_unmeasured,1,5,5.0,0.0,5.0,0.0,0.0,30,0.0,0.0,30.0,70,1.0,0.0
DTXSID9022524,1,hill_var,1,5,5.0,0.0,5.0,0.0,0.0,30,0.0,0.0,30.0,70,1.0,0.0
DTXSID9022524,1,model_disagreement,1,5,5.0,0.0,5.0,0.0,0.0,30,0.0,0.0,30.0,70,1.0,0.0
DTXSID9022524,1,nested_anchorboost,1,5,5,0,5,0,0,30,0,0,30,70,1.0,0.0
DTXSID9022524,1,nested_measured_only,1,5,4,0,4,0,1,30,0,8,38,70,0.8,0.0
DTXSID9022524,1,uniform_random,1,5,5.0,0.0,5.0,0.0,0.0,30,0.0,0.0,30.0,70,1.0,0.0
DTXSID9023914,3,fixed_maximin,1,5,5.0,0.0,5.0,0.0,0.0,45,0.0,0.0,45.0,100,1.0,0.0
DTXSID9023914,3,gp_ivr,1,5,5.0,0.0,5.0,0.0,0.0,45,0.0,0.0,45.0,100,1.0,0.0
DTXSID9023914,3,gp_var,1,5,5.0,0.0,5.0,0.0,0.0,45,0.0,0.0,45.0,100,1.0,0.0
DTXSID9023914,3,highest_unmeasured,1,5,5.0,0.0,5.0,0.0,0.0,45,0.0,0.0,45.0,100,1.0,0.0
DTXSID9023914,3,hill_var,1,5,5.0,0.0,5.0,0.0,0.0,45,0.0,0.0,45.0,100,1.0,0.0
DTXSID9023914,3,model_disagreement,1,5,5.0,0.0,5.0,0.0,0.0,45,0.0,0.0,45.0,100,1.0,0.0
DTXSID9023914,3,nested_anchorboost,1,5,5,0,5,0,0,45,0,0,45,100,1.0,0.0
DTXSID9023914,3,nested_measured_only,1,5,5,0,5,0,0,45,0,0,45,100,1.0,0.0
DTXSID9023914,3,uniform_random,1,5,5.0,0.0,5.0,0.0,0.0,45,0.0,0.0,45.0,100,1.0,0.0
DTXSID9026261,1,fixed_maximin,1,5,5.0,0.0,4.0,1.0,0.0,75,5.0,0.0,80.0,175,1.0,0.0
DTXSID9026261,1,gp_ivr,1,5,5.0,0.0,4.0,1.0,0.0,75,5.0,0.0,80.0,175,1.0,0.0
DTXSID9026261,1,gp_var,1,5,5.0,0.0,4.0,1.0,0.0,75,5.0,0.0,80.0,175,1.0,0.0
DTXSID9026261,1,highest_unmeasured,1,5,5.0,0.0,4.0,1.0,0.0,75,5.0,0.0,80.0,175,1.0,0.0
DTXSID9026261,1,hill_var,1,5,5.0,0.0,4.0,1.0,0.0,75,5.0,0.0,80.0,175,1.0,0.0
DTXSID9026261,1,model_disagreement,1,5,4.0,0.0,4.0,0.0,1.0,75,5.0,15.0,95.0,175,0.8,0.0
DTXSID9026261,1,nested_anchorboost,1,5,5,1,5,0,0,75,0,0,75,175,1.0,0.2
DTXSID9026261,1,nested_measured_only,1,5,4,0,4,0,1,75,0,20,95,175,0.8,0.0
DTXSID9026261,1,uniform_random,1,5,4.75,0.0,4.0,0.75,0.25,75,5.0,3.75,83.75,175,0.95,0.0
DTXSID9027738,1,fixed_maximin,1,5,5.0,0.0,5.0,0.0,0.0,45,0.0,0.0,45.0,105,1.0,0.0
DTXSID9027738,1,gp_ivr,1,5,5.0,0.0,5.0,0.0,0.0,45,0.0,0.0,45.0,105,1.0,0.0
DTXSID9027738,1,gp_var,1,5,5.0,0.0,5.0,0.0,0.0,45,0.0,0.0,45.0,105,1.0,0.0
DTXSID9027738,1,highest_unmeasured,1,5,5.0,0.0,5.0,0.0,0.0,45,0.0,0.0,45.0,105,1.0,0.0
DTXSID9027738,1,hill_var,1,5,5.0,0.0,5.0,0.0,0.0,45,0.0,0.0,45.0,105,1.0,0.0
DTXSID9027738,1,model_disagreement,1,5,5.0,0.0,5.0,0.0,0.0,45,0.0,0.0,45.0,105,1.0,0.0
DTXSID9027738,1,nested_anchorboost,1,5,5,0,5,0,0,45,0,0,45,105,1.0,0.0
DTXSID9027738,1,nested_measured_only,1,5,5,0,5,0,0,45,0,0,45,105,1.0,0.0
DTXSID9027738,1,uniform_random,1,5,5.0,0.0,5.0,0.0,0.0,45,0.0,0.0,45.0,105,1.0,0.0
DTXSID9032113,2,fixed_maximin,1,5,5.0,0.0,5.0,0.0,0.0,30,0.0,0.0,30.0,70,1.0,0.0
DTXSID9032113,2,gp_ivr,1,5,5.0,0.0,5.0,0.0,0.0,30,0.0,0.0,30.0,70,1.0,0.0
DTXSID9032113,2,gp_var,1,5,5.0,0.0,5.0,0.0,0.0,30,0.0,0.0,30.0,70,1.0,0.0
DTXSID9032113,2,highest_unmeasured,1,5,5.0,0.0,5.0,0.0,0.0,30,0.0,0.0,30.0,70,1.0,0.0
DTXSID9032113,2,hill_var,1,5,5.0,0.0,5.0,0.0,0.0,30,0.0,0.0,30.0,70,1.0,0.0
DTXSID9032113,2,model_disagreement,1,5,5.0,0.0,5.0,0.0,0.0,30,0.0,0.0,30.0,70,1.0,0.0
DTXSID9032113,2,nested_anchorboost,1,5,5,0,5,0,0,30,0,0,30,70,1.0,0.0
DTXSID9032113,2,nested_measured_only,1,5,5,0,5,0,0,30,0,0,30,70,1.0,0.0
DTXSID9032113,2,uniform_random,1,5,5.0,0.0,5.0,0.0,0.0,30,0.0,0.0,30.0,70,1.0,0.0
DTXSID9032240,1,fixed_maximin,1,5,5.0,0.0,5.0,0.0,0.0,45,0.0,0.0,45.0,105,1.0,0.0
DTXSID9032240,1,gp_ivr,1,5,5.0,0.0,5.0,0.0,0.0,45,0.0,0.0,45.0,105,1.0,0.0
DTXSID9032240,1,gp_var,1,5,5.0,0.0,5.0,0.0,0.0,45,0.0,0.0,45.0,105,1.0,0.0
DTXSID9032240,1,highest_unmeasured,1,5,5.0,0.0,5.0,0.0,0.0,45,0.0,0.0,45.0,105,1.0,0.0
DTXSID9032240,1,hill_var,1,5,5.0,0.0,5.0,0.0,0.0,45,0.0,0.0,45.0,105,1.0,0.0
DTXSID9032240,1,model_disagreement,1,5,5.0,0.0,5.0,0.0,0.0,45,0.0,0.0,45.0,105,1.0,0.0
DTXSID9032240,1,nested_anchorboost,1,5,5,0,5,0,0,45,0,0,45,105,1.0,0.0
DTXSID9032240,1,nested_measured_only,1,5,4,0,4,0,1,45,0,12,57,105,0.8,0.0
DTXSID9032240,1,uniform_random,1,5,5.0,0.0,5.0,0.0,0.0,45,0.0,0.0,45.0,105,1.0,0.0
DTXSID9032329,4,fixed_maximin,1,5,5.0,0.0,5.0,0.0,0.0,90,0.0,0.0,90.0,210,1.0,0.0
DTXSID9032329,4,gp_ivr,1,5,5.0,0.0,5.0,0.0,0.0,90,0.0,0.0,90.0,210,1.0,0.0
DTXSID9032329,4,gp_var,1,5,5.0,0.0,5.0,0.0,0.0,90,0.0,0.0,90.0,210,1.0,0.0
DTXSID9032329,4,highest_unmeasured,1,5,5.0,0.0,5.0,0.0,0.0,90,0.0,0.0,90.0,210,1.0,0.0
DTXSID9032329,4,hill_var,1,5,5.0,0.0,5.0,0.0,0.0,90,0.0,0.0,90.0,210,1.0,0.0
DTXSID9032329,4,model_disagreement,1,5,5.0,0.0,5.0,0.0,0.0,90,0.0,0.0,90.0,210,1.0,0.0
DTXSID9032329,4,nested_anchorboost,1,5,5,0,5,0,0,90,0,0,90,210,1.0,0.0
DTXSID9032329,4,nested_measured_only,1,5,5,1,5,0,0,90,0,0,90,210,1.0,0.2
DTXSID9032329,4,uniform_random,1,5,5.0,0.0,5.0,0.0,0.0,90,0.0,0.0,90.0,210,1.0,0.0
DTXSID9032610,3,fixed_maximin,1,5,5.0,0.0,5.0,0.0,0.0,45,0.0,0.0,45.0,105,1.0,0.0
DTXSID9032610,3,gp_ivr,1,5,5.0,0.0,5.0,0.0,0.0,45,0.0,0.0,45.0,105,1.0,0.0
DTXSID9032610,3,gp_var,1,5,5.0,0.0,5.0,0.0,0.0,45,0.0,0.0,45.0,105,1.0,0.0
DTXSID9032610,3,highest_unmeasured,1,5,5.0,0.0,5.0,0.0,0.0,45,0.0,0.0,45.0,105,1.0,0.0
DTXSID9032610,3,hill_var,1,5,5.0,0.0,5.0,0.0,0.0,45,0.0,0.0,45.0,105,1.0,0.0
DTXSID9032610,3,model_disagreement,1,5,5.0,0.0,5.0,0.0,0.0,45,0.0,0.0,45.0,105,1.0,0.0
DTXSID9032610,3,nested_anchorboost,1,5,5,0,5,0,0,45,0,0,45,105,1.0,0.0
DTXSID9032610,3,nested_measured_only,1,5,3,0,3,0,2,45,0,24,69,105,0.6,0.0
DTXSID9032610,3,uniform_random,1,5,5.0,0.0,5.0,0.0,0.0,45,0.0,0.0,45.0,105,1.0,0.0
DTXSID9034232,2,fixed_maximin,1,5,5.0,0.0,4.0,1.0,0.0,45,3.0,0.0,48.0,105,1.0,0.0
DTXSID9034232,2,gp_ivr,1,5,5.0,0.0,4.0,1.0,0.0,45,3.0,0.0,48.0,105,1.0,0.0
DTXSID9034232,2,gp_var,1,5,5.0,0.0,4.0,1.0,0.0,45,3.0,0.0,48.0,105,1.0,0.0
DTXSID9034232,2,highest_unmeasured,1,5,4.0,0.0,4.0,0.0,1.0,45,3.0,9.0,57.0,105,0.8,0.0
DTXSID9034232,2,hill_var,1,5,4.0,0.0,4.0,0.0,1.0,45,3.0,9.0,57.0,105,0.8,0.0
DTXSID9034232,2,model_disagreement,1,5,5.0,0.0,4.0,1.0,0.0,45,3.0,0.0,48.0,105,1.0,0.0
DTXSID9034232,2,nested_anchorboost,1,5,4,0,4,0,1,45,0,12,57,105,0.8,0.0
DTXSID9034232,2,nested_measured_only,1,5,4,0,4,0,1,45,0,12,57,105,0.8,0.0
DTXSID9034232,2,uniform_random,1,5,4.75,0.0,4.0,0.75,0.25,45,3.0,2.25,50.25,105,0.95,0.0
DTXSID9034286,1,fixed_maximin,1,5,5.0,0.0,4.0,1.0,0.0,45,3.0,0.0,48.0,105,1.0,0.0
DTXSID9034286,1,gp_ivr,1,5,5.0,0.0,4.0,1.0,0.0,45,3.0,0.0,48.0,105,1.0,0.0
DTXSID9034286,1,gp_var,1,5,5.0,0.0,4.0,1.0,0.0,45,3.0,0.0,48.0,105,1.0,0.0
DTXSID9034286,1,highest_unmeasured,1,5,5.0,0.0,4.0,1.0,0.0,45,3.0,0.0,48.0,105,1.0,0.0
DTXSID9034286,1,hill_var,1,5,4.0,0.0,4.0,0.0,1.0,45,3.0,9.0,57.0,105,0.8,0.0
DTXSID9034286,1,model_disagreement,1,5,5.0,0.0,4.0,1.0,0.0,45,3.0,0.0,48.0,105,1.0,0.0
DTXSID9034286,1,nested_anchorboost,1,5,5,1,5,0,0,45,0,0,45,105,1.0,0.2
DTXSID9034286,1,nested_measured_only,1,5,4,0,4,0,1,45,0,12,57,105,0.8,0.0
DTXSID9034286,1,uniform_random,1,5,4.5,0.0,4.0,0.5,0.5,45,3.0,4.5,52.5,105,0.9,0.0
DTXSID9041150,4,fixed_maximin,1,5,5.0,0.0,5.0,0.0,0.0,54,0.0,0.0,54.0,210,1.0,0.0
DTXSID9041150,4,gp_ivr,1,5,5.0,0.0,5.0,0.0,0.0,54,0.0,0.0,54.0,210,1.0,0.0
DTXSID9041150,4,gp_var,1,5,5.0,0.0,5.0,0.0,0.0,54,0.0,0.0,54.0,210,1.0,0.0
DTXSID9041150,4,highest_unmeasured,1,5,5.0,0.0,5.0,0.0,0.0,54,0.0,0.0,54.0,210,1.0,0.0
DTXSID9041150,4,hill_var,1,5,5.0,0.0,5.0,0.0,0.0,54,0.0,0.0,54.0,210,1.0,0.0
DTXSID9041150,4,model_disagreement,1,5,5.0,0.0,5.0,0.0,0.0,54,0.0,0.0,54.0,210,1.0,0.0
DTXSID9041150,4,nested_anchorboost,1,5,5,0,5,0,0,54,0,0,54,210,1.0,0.0
DTXSID9041150,4,nested_measured_only,1,5,5,0,5,0,0,54,0,0,54,210,1.0,0.0
DTXSID9041150,4,uniform_random,1,5,5.0,0.0,5.0,0.0,0.0,54,0.0,0.0,54.0,210,1.0,0.0
DTXSID9047330,1,fixed_maximin,1,5,5.0,0.0,4.0,1.0,0.0,45,3.0,0.0,48.0,105,1.0,0.0
DTXSID9047330,1,gp_ivr,1,5,5.0,0.0,4.0,1.0,0.0,45,3.0,0.0,48.0,105,1.0,0.0
DTXSID9047330,1,gp_var,1,5,5.0,0.0,4.0,1.0,0.0,45,3.0,0.0,48.0,105,1.0,0.0
DTXSID9047330,1,highest_unmeasured,1,5,5.0,0.0,4.0,1.0,0.0,45,3.0,0.0,48.0,105,1.0,0.0
DTXSID9047330,1,hill_var,1,5,5.0,0.0,4.0,1.0,0.0,45,3.0,0.0,48.0,105,1.0,0.0
DTXSID9047330,1,model_disagreement,1,5,5.0,0.0,4.0,1.0,0.0,45,3.0,0.0,48.0,105,1.0,0.0
DTXSID9047330,1,nested_anchorboost,1,5,4,0,4,0,1,45,0,12,57,105,0.8,0.0
DTXSID9047330,1,nested_measured_only,1,5,4,0,4,0,1,45,0,12,57,105,0.8,0.0
DTXSID9047330,1,uniform_random,1,5,4.75,0.0,4.0,0.75,0.25,45,3.0,2.25,50.25,105,0.95,0.0
DTXSID9047542,4,fixed_maximin,1,5,5.0,0.0,5.0,0.0,0.0,66,0.0,0.0,66.0,210,1.0,0.0
DTXSID9047542,4,gp_ivr,1,5,5.0,0.0,5.0,0.0,0.0,66,0.0,0.0,66.0,210,1.0,0.0
DTXSID9047542,4,gp_var,1,5,5.0,0.0,5.0,0.0,0.0,66,0.0,0.0,66.0,210,1.0,0.0
DTXSID9047542,4,highest_unmeasured,1,5,5.0,0.0,5.0,0.0,0.0,66,0.0,0.0,66.0,210,1.0,0.0
DTXSID9047542,4,hill_var,1,5,5.0,0.0,5.0,0.0,0.0,66,0.0,0.0,66.0,210,1.0,0.0
DTXSID9047542,4,model_disagreement,1,5,5.0,0.0,5.0,0.0,0.0,66,0.0,0.0,66.0,210,1.0,0.0
DTXSID9047542,4,nested_anchorboost,1,5,5,0,5,0,0,66,0,0,66,210,1.0,0.0
DTXSID9047542,4,nested_measured_only,1,5,5,0,5,0,0,66,0,0,66,210,1.0,0.0
DTXSID9047542,4,uniform_random,1,5,5.0,0.0,5.0,0.0,0.0,66,0.0,0.0,66.0,210,1.0,0.0
DTXSID9049245,3,fixed_maximin,1,5,5.0,0.0,4.0,1.0,0.0,45,3.0,0.0,48.0,105,1.0,0.0
DTXSID9049245,3,gp_ivr,1,5,5.0,0.0,4.0,1.0,0.0,45,3.0,0.0,48.0,105,1.0,0.0
DTXSID9049245,3,gp_var,1,5,5.0,0.0,4.0,1.0,0.0,45,3.0,0.0,48.0,105,1.0,0.0
DTXSID9049245,3,highest_unmeasured,1,5,5.0,0.0,4.0,1.0,0.0,45,3.0,0.0,48.0,105,1.0,0.0
DTXSID9049245,3,hill_var,1,5,5.0,0.0,4.0,1.0,0.0,45,3.0,0.0,48.0,105,1.0,0.0
DTXSID9049245,3,model_disagreement,1,5,5.0,0.0,4.0,1.0,0.0,45,3.0,0.0,48.0,105,1.0,0.0
DTXSID9049245,3,nested_anchorboost,1,5,4,0,4,0,1,45,0,12,57,105,0.8,0.0
DTXSID9049245,3,nested_measured_only,1,5,4,0,4,0,1,45,0,12,57,105,0.8,0.0
DTXSID9049245,3,uniform_random,1,5,4.75,0.0,4.0,0.75,0.25,45,3.0,2.25,50.25,105,0.95,0.0
DTXSID9052686,3,fixed_maximin,1,5,4.0,1.0,2.0,2.0,1.0,45,9.0,9.0,63.0,105,0.8,0.2
DTXSID9052686,3,gp_ivr,1,5,2.0,1.0,2.0,0.0,3.0,45,9.0,27.0,81.0,105,0.4,0.2
DTXSID9052686,3,gp_var,1,5,4.0,1.0,2.0,2.0,1.0,45,9.0,9.0,63.0,105,0.8,0.2
DTXSID9052686,3,highest_unmeasured,1,5,5.0,1.0,2.0,3.0,0.0,45,9.0,0.0,54.0,105,1.0,0.2
DTXSID9052686,3,hill_var,1,5,5.0,1.0,2.0,3.0,0.0,45,9.0,0.0,54.0,105,1.0,0.2
DTXSID9052686,3,model_disagreement,1,5,5.0,1.0,2.0,3.0,0.0,45,9.0,0.0,54.0,105,1.0,0.2
DTXSID9052686,3,nested_anchorboost,1,5,2,1,2,0,3,45,0,36,81,105,0.4,0.2
DTXSID9052686,3,nested_measured_only,1,5,2,1,2,0,3,45,0,36,81,105,0.4,0.2
DTXSID9052686,3,uniform_random,1,5,2.75,1.0,2.0,0.75,2.25,45,9.0,20.25,74.25,105,0.55,0.2
parent:DTXSID2039336,3,fixed_maximin,2,10,8.0,2.0,8.0,0.0,2.0,90,6.0,18.0,114.0,210,0.8,0.2
parent:DTXSID2039336,3,gp_ivr,2,10,8.0,2.0,8.0,0.0,2.0,90,6.0,18.0,114.0,210,0.8,0.2
parent:DTXSID2039336,3,gp_var,2,10,8.0,2.0,8.0,0.0,2.0,90,6.0,18.0,114.0,210,0.8,0.2
parent:DTXSID2039336,3,highest_unmeasured,2,10,10.0,2.0,8.0,2.0,0.0,90,6.0,0.0,96.0,210,1.0,0.2
parent:DTXSID2039336,3,hill_var,2,10,8.0,2.0,8.0,0.0,2.0,90,6.0,18.0,114.0,210,0.8,0.2
parent:DTXSID2039336,3,model_disagreement,2,10,10.0,2.0,8.0,2.0,0.0,90,6.0,0.0,96.0,210,1.0,0.2
parent:DTXSID2039336,3,nested_anchorboost,2,10,8,2,8,0,2,90,0,24,114,210,0.8,0.2
parent:DTXSID2039336,3,nested_measured_only,2,10,7,2,7,0,3,90,0,36,126,210,0.7,0.2
parent:DTXSID2039336,3,uniform_random,2,10,8.5,2.0,8.0,0.5,1.5,90,6.0,13.5,109.5,210,0.85,0.2
parent:DTXSID3027403,1,fixed_maximin,3,15,15.0,0.0,15.0,0.0,0.0,162,0.0,0.0,162.0,525,1.0,0.0
parent:DTXSID3027403,1,gp_ivr,3,15,15.0,0.0,15.0,0.0,0.0,162,0.0,0.0,162.0,525,1.0,0.0
parent:DTXSID3027403,1,gp_var,3,15,15.0,0.0,15.0,0.0,0.0,162,0.0,0.0,162.0,525,1.0,0.0
parent:DTXSID3027403,1,highest_unmeasured,3,15,15.0,0.0,15.0,0.0,0.0,162,0.0,0.0,162.0,525,1.0,0.0
parent:DTXSID3027403,1,hill_var,3,15,15.0,0.0,15.0,0.0,0.0,162,0.0,0.0,162.0,525,1.0,0.0
parent:DTXSID3027403,1,model_disagreement,3,15,15.0,0.0,15.0,0.0,0.0,162,0.0,0.0,162.0,525,1.0,0.0
parent:DTXSID3027403,1,nested_anchorboost,3,15,15,0,15,0,0,162,0,0,162,525,1.0,0.0
parent:DTXSID3027403,1,nested_measured_only,3,15,14,0,14,0,1,162,0,30,192,525,0.9333333333333333,0.0
parent:DTXSID3027403,1,uniform_random,3,15,15.0,0.0,15.0,0.0,0.0,162,0.0,0.0,162.0,525,1.0,0.0
parent:DTXSID4020375,2,fixed_maximin,2,10,10.0,1.0,9.0,1.0,0.0,180,9.0,0.0,189.0,420,1.0,0.1
parent:DTXSID4020375,2,gp_ivr,2,10,10.0,1.0,9.0,1.0,0.0,180,9.0,0.0,189.0,420,1.0,0.1
parent:DTXSID4020375,2,gp_var,2,10,10.0,1.0,9.0,1.0,0.0,180,9.0,0.0,189.0,420,1.0,0.1
parent:DTXSID4020375,2,highest_unmeasured,2,10,10.0,1.0,9.0,1.0,0.0,180,9.0,0.0,189.0,420,1.0,0.1
parent:DTXSID4020375,2,hill_var,2,10,10.0,1.0,9.0,1.0,0.0,180,9.0,0.0,189.0,420,1.0,0.1
parent:DTXSID4020375,2,model_disagreement,2,10,10.0,1.0,9.0,1.0,0.0,180,9.0,0.0,189.0,420,1.0,0.1
parent:DTXSID4020375,2,nested_anchorboost,2,10,9,1,9,0,1,180,0,36,216,420,0.9,0.1
parent:DTXSID4020375,2,nested_measured_only,2,10,8,0,8,0,2,180,0,72,252,420,0.8,0.0
parent:DTXSID4020375,2,uniform_random,2,10,9.5,1.0,9.0,0.5,0.5,180,9.0,13.5,202.5,420,0.95,0.1
parent:DTXSID5027279,2,fixed_maximin,2,10,10.0,0.0,10.0,0.0,0.0,90,0.0,0.0,90.0,210,1.0,0.0
parent:DTXSID5027279,2,gp_ivr,2,10,10.0,0.0,10.0,0.0,0.0,90,0.0,0.0,90.0,210,1.0,0.0
parent:DTXSID5027279,2,gp_var,2,10,10.0,0.0,10.0,0.0,0.0,90,0.0,0.0,90.0,210,1.0,0.0
parent:DTXSID5027279,2,highest_unmeasured,2,10,10.0,0.0,10.0,0.0,0.0,90,0.0,0.0,90.0,210,1.0,0.0
parent:DTXSID5027279,2,hill_var,2,10,10.0,0.0,10.0,0.0,0.0,90,0.0,0.0,90.0,210,1.0,0.0
parent:DTXSID5027279,2,model_disagreement,2,10,10.0,0.0,10.0,0.0,0.0,90,0.0,0.0,90.0,210,1.0,0.0
parent:DTXSID5027279,2,nested_anchorboost,2,10,10,0,10,0,0,90,0,0,90,210,1.0,0.0
parent:DTXSID5027279,2,nested_measured_only,2,10,7,0,7,0,3,90,0,36,126,210,0.7,0.0
parent:DTXSID5027279,2,uniform_random,2,10,10.0,0.0,10.0,0.0,0.0,90,0.0,0.0,90.0,210,1.0,0.0
