chemical,identity,fold,design,method,fixed_target_mae,unrevealed_mae,valid_target_cells,measurement_only_mae,remaining_cells,n_candidates,n_levels,initial_wells,final_wells,full_wells,slope_stratum,top_dose_initially_measured,policy
(-)-Nicotine,spid:EX000416,4,0,interpolation,1.4320921897888184,1.4320921897888184,272,1.4320921897888184,272.0,4,7,9,9.0,21,low,False,none
(-)-Nicotine,spid:EX000416,4,0,interpolation,0.729970395565033,0.9732938408851624,272,0.8993544578552246,204.0,4,7,9,12.0,21,low,False,fixed_maximin
(-)-Nicotine,spid:EX000416,4,0,interpolation,0.9693090319633484,1.2924120277166367,272,1.0740691721439362,204.0,4,7,9,12.0,21,low,False,uniform_random
(-)-Nicotine,spid:EX000416,4,0,interpolation,0.729970395565033,0.9732938408851624,272,0.8993544578552246,204.0,4,7,9,12.0,21,low,False,model_disagreement
(-)-Nicotine,spid:EX000416,4,0,anchorboost_all,1.6479495222162301,1.6479495222162301,272,1.6479495222162301,272.0,4,7,9,9.0,21,low,False,none
(-)-Nicotine,spid:EX000416,4,0,anchorboost_all,0.6374810198757067,0.849974693167609,272,0.8710836762471208,204.0,4,7,9,12.0,21,low,False,fixed_maximin
(-)-Nicotine,spid:EX000416,4,0,anchorboost_all,1.1034762947033532,1.4713017262711376,272,1.2359621416621727,204.0,4,7,9,12.0,21,low,False,uniform_random
(-)-Nicotine,spid:EX000416,4,0,anchorboost_all,0.6374810198757067,0.849974693167609,272,0.8710836762471208,204.0,4,7,9,12.0,21,low,False,model_disagreement
(-)-Nicotine,spid:EX000416,4,0,anchorboost_five,1.5995997789778003,1.5995997789778003,272,1.5995997789778003,272.0,4,7,9,9.0,21,low,False,none
(-)-Nicotine,spid:EX000416,4,0,anchorboost_five,0.6294232553907732,0.8392310071876975,272,0.8470282756713128,204.0,4,7,9,12.0,21,low,False,fixed_maximin
(-)-Nicotine,spid:EX000416,4,0,anchorboost_five,1.0801404153671428,1.4401872204895236,272,1.1996998342333502,204.0,4,7,9,12.0,21,low,False,uniform_random
(-)-Nicotine,spid:EX000416,4,0,anchorboost_five,0.6294232553907732,0.8392310071876975,272,0.8470282756713128,204.0,4,7,9,12.0,21,low,False,model_disagreement
(-)-Nicotine,spid:EX000416,4,0,cnp,1.3425517082214355,1.3425517082214355,272,1.3425517082214355,272.0,4,7,9,9.0,21,low,False,none
(-)-Nicotine,spid:EX000416,4,0,cnp,0.6314501762390137,0.84193354845047,272,0.8039923906326294,204.0,4,7,9,12.0,21,low,False,fixed_maximin
(-)-Nicotine,spid:EX000416,4,0,cnp,1.0581396520137787,1.4108528643846512,272,1.006913810968399,204.0,4,7,9,12.0,21,low,False,uniform_random
(-)-Nicotine,spid:EX000416,4,0,cnp,0.6314501762390137,0.84193354845047,272,0.8039923906326294,204.0,4,7,9,12.0,21,low,False,model_disagreement
(-)-Nicotine,spid:EX000416,4,1,interpolation,1.4660680294036865,1.4660680294036865,272,1.4660680294036865,272.0,4,7,9,9.0,21,low,False,none
(-)-Nicotine,spid:EX000416,4,1,interpolation,1.1529693603515625,1.5372925996780396,272,1.1345977783203125,204.0,4,7,9,12.0,21,low,False,fixed_maximin
(-)-Nicotine,spid:EX000416,4,1,interpolation,1.0025756061077118,1.336767554283142,272,1.0995510071516037,204.0,4,7,9,12.0,21,low,False,uniform_random
(-)-Nicotine,spid:EX000416,4,1,interpolation,0.7639461159706116,1.0185949802398682,272,0.933330237865448,204.0,4,7,9,12.0,21,low,False,model_disagreement
(-)-Nicotine,spid:EX000416,4,1,anchorboost_all,1.7771990834732359,1.7771990834732359,272,1.7771990834732359,272.0,4,7,9,9.0,21,low,False,none
(-)-Nicotine,spid:EX000416,4,1,anchorboost_all,1.5156762454794408,2.020901660639254,272,1.5809001643627834,204.0,4,7,9,12.0,21,low,False,fixed_maximin
(-)-Nicotine,spid:EX000416,4,1,anchorboost_all,1.176155400374119,1.5682072004988252,272,1.3328993126049267,204.0,4,7,9,12.0,21,low,False,uniform_random
(-)-Nicotine,spid:EX000416,4,1,anchorboost_all,0.6899027548630042,0.9198703398173392,272,0.9649173773230882,204.0,4,7,9,12.0,21,low,False,model_disagreement
(-)-Nicotine,spid:EX000416,4,1,anchorboost_five,1.703484879881785,1.703484879881785,272,1.703484879881785,272.0,4,7,9,9.0,21,low,False,none
(-)-Nicotine,spid:EX000416,4,1,anchorboost_five,1.3979628791260081,1.8639505055013446,272,1.5109929594241438,204.0,4,7,9,12.0,21,low,False,fixed_maximin
(-)-Nicotine,spid:EX000416,4,1,anchorboost_five,1.143997050985022,1.5253294013133625,272,1.2776136599113386,204.0,4,7,9,12.0,21,low,False,uniform_random
(-)-Nicotine,spid:EX000416,4,1,anchorboost_five,0.6837727362504602,0.9116969816672803,272,0.9260614822711893,204.0,4,7,9,12.0,21,low,False,model_disagreement
(-)-Nicotine,spid:EX000416,4,1,cnp,1.319786787033081,1.319786787033081,272,1.319786787033081,272.0,4,7,9,9.0,21,low,False,none
(-)-Nicotine,spid:EX000416,4,1,cnp,1.2494691610336304,1.6659587621688843,272,1.1604695320129395,204.0,4,7,9,12.0,21,low,False,fixed_maximin
(-)-Nicotine,spid:EX000416,4,1,cnp,1.0770814567804337,1.4361085295677185,272,0.9898400902748108,204.0,4,7,9,12.0,21,low,False,uniform_random
(-)-Nicotine,spid:EX000416,4,1,cnp,0.5891106724739075,0.7854808568954468,272,0.7509356141090393,204.0,4,7,9,12.0,21,low,False,model_disagreement
(-)-Nicotine,spid:EX000416,4,2,interpolation,0.9175391793251038,0.9175391793251038,272,0.9175391793251038,272.0,4,7,9,9.0,21,low,True,none
(-)-Nicotine,spid:EX000416,4,2,interpolation,0.7149465084075928,0.9532620310783386,272,0.6975165009498596,204.0,4,7,9,12.0,21,low,True,fixed_maximin
(-)-Nicotine,spid:EX000416,4,2,interpolation,0.7280122637748718,0.9706830233335495,272,0.6881543844938278,204.0,4,7,9,12.0,21,low,True,uniform_random
(-)-Nicotine,spid:EX000416,4,2,interpolation,0.7785167694091797,1.0380223989486694,272,0.6910605430603027,204.0,4,7,9,12.0,21,low,True,model_disagreement
(-)-Nicotine,spid:EX000416,4,2,anchorboost_all,0.9603258484777787,0.9603258484777787,272,0.9603258484777787,272.0,4,7,9,9.0,21,low,True,none
(-)-Nicotine,spid:EX000416,4,2,anchorboost_all,0.6925551915915733,0.9234069221220977,272,0.6949249967678415,204.0,4,7,9,12.0,21,low,True,fixed_maximin
(-)-Nicotine,spid:EX000416,4,2,anchorboost_all,0.726615976231211,0.9688213016416145,272,0.720244386358334,204.0,4,7,9,12.0,21,low,True,uniform_random
(-)-Nicotine,spid:EX000416,4,2,anchorboost_all,0.79893654653768,1.0652487287169066,272,0.7766379393757246,204.0,4,7,9,12.0,21,low,True,model_disagreement
(-)-Nicotine,spid:EX000416,4,2,anchorboost_five,0.9548218783321043,0.9548218783321043,272,0.9548218783321043,272.0,4,7,9,9.0,21,low,True,none
(-)-Nicotine,spid:EX000416,4,2,anchorboost_five,0.6870690549321052,0.9160920732428071,272,0.6866816603251416,204.0,4,7,9,12.0,21,low,True,fixed_maximin
(-)-Nicotine,spid:EX000416,4,2,anchorboost_five,0.7316582543967676,0.9755443391956904,272,0.7161164087490783,204.0,4,7,9,12.0,21,low,True,uniform_random
(-)-Nicotine,spid:EX000416,4,2,anchorboost_five,0.8210100885979567,1.094680118130609,272,0.7760446596184806,204.0,4,7,9,12.0,21,low,True,model_disagreement
(-)-Nicotine,spid:EX000416,4,2,cnp,0.938565731048584,0.938565731048584,272,0.938565731048584,272.0,4,7,9,9.0,21,low,True,none
(-)-Nicotine,spid:EX000416,4,2,cnp,0.7115879058837891,0.9487838745117188,272,0.7039300203323364,204.0,4,7,9,12.0,21,low,True,fixed_maximin
(-)-Nicotine,spid:EX000416,4,2,cnp,0.7171008437871933,0.956134483218193,272,0.7039243280887604,204.0,4,7,9,12.0,21,low,True,uniform_random
(-)-Nicotine,spid:EX000416,4,2,cnp,0.7713251709938049,1.0284335613250732,272,0.724738359451294,204.0,4,7,9,12.0,21,low,True,model_disagreement
(-)-Nicotine,spid:EX000416,4,3,interpolation,0.9970217347145081,0.9970217347145081,272,0.9970217347145081,272.0,4,7,9,9.0,21,low,False,none
(-)-Nicotine,spid:EX000416,4,3,interpolation,0.7591688632965088,1.0122251510620117,272,0.7679116725921631,204.0,4,7,9,12.0,21,low,False,fixed_maximin
(-)-Nicotine,spid:EX000416,4,3,interpolation,0.7485785782337189,0.9981048256158829,272,0.7477662861347198,204.0,4,7,9,12.0,21,low,False,uniform_random
(-)-Nicotine,spid:EX000416,4,3,interpolation,0.713940441608429,0.9519206285476685,272,0.713940441608429,204.0,4,7,9,12.0,21,low,False,model_disagreement
(-)-Nicotine,spid:EX000416,4,3,anchorboost_all,1.0214607596626284,1.0214607596626284,272,1.0214607596626284,272.0,4,7,9,9.0,21,low,False,none
(-)-Nicotine,spid:EX000416,4,3,anchorboost_all,0.8846553144576417,1.1795404192768553,272,0.8344105930023399,204.0,4,7,9,12.0,21,low,False,fixed_maximin
(-)-Nicotine,spid:EX000416,4,3,anchorboost_all,0.8037251148309639,1.071633486441285,272,0.7660955697469712,204.0,4,7,9,12.0,21,low,False,uniform_random
(-)-Nicotine,spid:EX000416,4,3,anchorboost_all,0.7054032517154285,0.9405376689539046,272,0.6583817564286122,204.0,4,7,9,12.0,21,low,False,model_disagreement
(-)-Nicotine,spid:EX000416,4,3,anchorboost_five,1.0324004704535872,1.0324004704535872,272,1.0324004704535872,272.0,4,7,9,9.0,21,low,False,none
(-)-Nicotine,spid:EX000416,4,3,anchorboost_five,0.9157778617268062,1.2210371489690752,272,0.8449758556992563,204.0,4,7,9,12.0,21,low,False,fixed_maximin
(-)-Nicotine,spid:EX000416,4,3,anchorboost_five,0.826175571981026,1.1015674293080349,272,0.7743003528401905,204.0,4,7,9,12.0,21,low,False,uniform_random
(-)-Nicotine,spid:EX000416,4,3,anchorboost_five,0.6935558729941187,0.9247411639921582,272,0.6482190527055645,204.0,4,7,9,12.0,21,low,False,model_disagreement
(-)-Nicotine,spid:EX000416,4,3,cnp,1.6556780338287354,1.6556780338287354,272,1.6556780338287354,272.0,4,7,9,9.0,21,low,False,none
(-)-Nicotine,spid:EX000416,4,3,cnp,1.4593867063522339,1.9458489418029785,272,1.4578282833099365,204.0,4,7,9,12.0,21,low,False,fixed_maximin
(-)-Nicotine,spid:EX000416,4,3,cnp,1.2278882563114166,1.637184426188469,272,1.2417585104703903,204.0,4,7,9,12.0,21,low,False,uniform_random
(-)-Nicotine,spid:EX000416,4,3,cnp,0.641777753829956,0.8557037711143494,272,0.624583899974823,204.0,4,7,9,12.0,21,low,False,model_disagreement
(-)-Nicotine,spid:EX000416,4,4,interpolation,0.9987266659736633,0.9987266659736633,272,0.9987266659736633,272.0,4,7,9,9.0,21,low,True,none
(-)-Nicotine,spid:EX000416,4,4,interpolation,0.7909221649169922,1.0545629262924194,272,0.7351683378219604,204.0,4,7,9,12.0,21,low,True,fixed_maximin
(-)-Nicotine,spid:EX000416,4,4,interpolation,0.7682572901248932,1.024343103170395,272,0.7490449994802475,204.0,4,7,9,12.0,21,low,True,uniform_random
(-)-Nicotine,spid:EX000416,4,4,interpolation,0.7982336282730103,1.0643116235733032,272,0.8192636966705322,204.0,4,7,9,12.0,21,low,True,model_disagreement
(-)-Nicotine,spid:EX000416,4,4,anchorboost_all,0.7567572719047071,0.7567572719047071,272,0.7567572719047071,272.0,4,7,9,9.0,21,low,True,none
(-)-Nicotine,spid:EX000416,4,4,anchorboost_all,0.6072847689884154,0.8097130253178872,272,0.5520144694237679,204.0,4,7,9,12.0,21,low,True,fixed_maximin
(-)-Nicotine,spid:EX000416,4,4,anchorboost_all,0.600032197150876,0.8000429295345015,272,0.5675679539285303,204.0,4,7,9,12.0,21,low,True,uniform_random
(-)-Nicotine,spid:EX000416,4,4,anchorboost_all,0.5703514762832526,0.7604686350443368,272,0.5662101274188593,204.0,4,7,9,12.0,21,low,True,model_disagreement
(-)-Nicotine,spid:EX000416,4,4,anchorboost_five,0.7432174693728353,0.7432174693728353,272,0.7432174693728353,272.0,4,7,9,9.0,21,low,True,none
(-)-Nicotine,spid:EX000416,4,4,anchorboost_five,0.5865018205854338,0.7820024274472449,272,0.5200756079698003,204.0,4,7,9,12.0,21,low,True,fixed_maximin
(-)-Nicotine,spid:EX000416,4,4,anchorboost_five,0.5889866745822768,0.7853155661097023,272,0.5574131020296265,204.0,4,7,9,12.0,21,low,True,uniform_random
(-)-Nicotine,spid:EX000416,4,4,anchorboost_five,0.5765503919972452,0.7687338559963269,272,0.5855855264410048,204.0,4,7,9,12.0,21,low,True,model_disagreement
(-)-Nicotine,spid:EX000416,4,4,cnp,0.8541004061698914,0.8541004061698914,272,0.8541004061698914,272.0,4,7,9,9.0,21,low,True,none
(-)-Nicotine,spid:EX000416,4,4,cnp,0.6528401374816895,0.8704535365104675,272,0.6261804103851318,204.0,4,7,9,12.0,21,low,True,fixed_maximin
(-)-Nicotine,spid:EX000416,4,4,cnp,0.6511680036783218,0.8682240396738052,272,0.6405753046274185,204.0,4,7,9,12.0,21,low,True,uniform_random
(-)-Nicotine,spid:EX000416,4,4,cnp,0.6629773378372192,0.883969783782959,272,0.6667796969413757,204.0,4,7,9,12.0,21,low,True,model_disagreement
17beta-Estradiol,spid:EX000331,4,0,interpolation,1.0508390665054321,1.0508390665054321,304,1.0508390665054321,304.0,5,8,21,21.0,63,low,False,none
17beta-Estradiol,spid:EX000331,4,0,interpolation,0.6239256858825684,0.7526723742485046,304,0.6429500579833984,252.0,5,8,21,27.0,63,low,False,fixed_maximin
17beta-Estradiol,spid:EX000331,4,0,interpolation,0.7597962260246277,0.9515442967414856,304,0.8406712293624878,243.2,5,8,21,29.4,63,low,False,uniform_random
17beta-Estradiol,spid:EX000331,4,0,interpolation,0.6239256858825684,0.7526723742485046,304,0.6429500579833984,252.0,5,8,21,27.0,63,low,False,model_disagreement
17beta-Estradiol,spid:EX000331,4,0,anchorboost_all,0.877613260773613,0.877613260773613,304,0.877613260773613,304.0,5,8,21,21.0,63,low,False,none
17beta-Estradiol,spid:EX000331,4,0,anchorboost_all,0.5625782705927432,0.6786658502388648,304,0.5584330126204083,252.0,5,8,21,27.0,63,low,False,fixed_maximin
17beta-Estradiol,spid:EX000331,4,0,anchorboost_all,0.6634531397815728,0.8306916581870233,304,0.7020906086188903,243.2,5,8,21,29.4,63,low,False,uniform_random
17beta-Estradiol,spid:EX000331,4,0,anchorboost_all,0.5625782705927432,0.6786658502388648,304,0.5584330126204083,252.0,5,8,21,27.0,63,low,False,model_disagreement
17beta-Estradiol,spid:EX000331,4,0,anchorboost_five,1.0973920719323242,1.0973920719323242,304,1.0973920719323242,304.0,5,8,21,21.0,63,low,False,none
17beta-Estradiol,spid:EX000331,4,0,anchorboost_five,0.5384621123013312,0.6495733418238283,304,0.7300585631779587,252.0,5,8,21,27.0,63,low,False,fixed_maximin
17beta-Estradiol,spid:EX000331,4,0,anchorboost_five,0.7231396911559174,0.9062464927775371,304,0.8779136575458596,243.2,5,8,21,29.4,63,low,False,uniform_random
17beta-Estradiol,spid:EX000331,4,0,anchorboost_five,0.5384621123013312,0.6495733418238283,304,0.7300585631779587,252.0,5,8,21,27.0,63,low,False,model_disagreement
17beta-Estradiol,spid:EX000331,4,0,cnp,0.7826251983642578,0.7826251983642578,304,0.7826251983642578,304.0,5,8,21,21.0,63,low,False,none
17beta-Estradiol,spid:EX000331,4,0,cnp,0.5127903819084167,0.6186042428016663,304,0.516043484210968,252.0,5,8,21,27.0,63,low,False,fixed_maximin
17beta-Estradiol,spid:EX000331,4,0,cnp,0.5986293196678162,0.7494704723358154,304,0.6261001467704773,243.2,5,8,21,29.4,63,low,False,uniform_random
17beta-Estradiol,spid:EX000331,4,0,cnp,0.5127903819084167,0.6186042428016663,304,0.516043484210968,252.0,5,8,21,27.0,63,low,False,model_disagreement
17beta-Estradiol,spid:EX000331,4,1,interpolation,1.1461278200149536,1.1461278200149536,304,1.1461278200149536,304.0,5,8,27,27.0,63,low,False,none
17beta-Estradiol,spid:EX000331,4,1,interpolation,0.7573868036270142,0.9136729836463928,304,0.724285900592804,252.0,5,8,27,33.0,63,low,False,fixed_maximin
17beta-Estradiol,spid:EX000331,4,1,interpolation,0.8243143677711486,1.0314584612846374,304,0.9169022083282471,243.2,5,8,27,34.2,63,low,False,uniform_random
17beta-Estradiol,spid:EX000331,4,1,interpolation,0.7573868036270142,0.9136729836463928,304,0.724285900592804,252.0,5,8,27,33.0,63,low,False,model_disagreement
17beta-Estradiol,spid:EX000331,4,1,anchorboost_all,0.8116492446774646,0.8116492446774646,304,0.8116492446774646,304.0,5,8,27,27.0,63,low,False,none
17beta-Estradiol,spid:EX000331,4,1,anchorboost_all,0.5824427068046454,0.7026292970976674,304,0.5232488355752121,252.0,5,8,27,33.0,63,low,False,fixed_maximin
17beta-Estradiol,spid:EX000331,4,1,anchorboost_all,0.6868641228215461,0.8600037713034654,304,0.6493193957419716,243.2,5,8,27,34.2,63,low,False,uniform_random
17beta-Estradiol,spid:EX000331,4,1,anchorboost_all,0.5824427068046454,0.7026292970976674,304,0.5232488355752121,252.0,5,8,27,33.0,63,low,False,model_disagreement
17beta-Estradiol,spid:EX000331,4,1,anchorboost_five,0.8684840364094402,0.8684840364094402,304,0.8684840364094402,304.0,5,8,27,27.0,63,low,False,none
17beta-Estradiol,spid:EX000331,4,1,anchorboost_five,0.5633108934240788,0.6795496492099999,304,0.5349781699160236,252.0,5,8,27,33.0,63,low,False,fixed_maximin
17beta-Estradiol,spid:EX000331,4,1,anchorboost_five,0.688890612171259,0.8627706924141112,304,0.6947872291275521,243.2,5,8,27,34.2,63,low,False,uniform_random
17beta-Estradiol,spid:EX000331,4,1,anchorboost_five,0.5633108934240788,0.6795496492099999,304,0.5349781699160236,252.0,5,8,27,33.0,63,low,False,model_disagreement
17beta-Estradiol,spid:EX000331,4,1,cnp,0.8390758037567139,0.8390758037567139,304,0.8390758037567139,304.0,5,8,27,27.0,63,low,False,none
17beta-Estradiol,spid:EX000331,4,1,cnp,0.5604066848754883,0.6760461330413818,304,0.6158298850059509,252.0,5,8,27,33.0,63,low,False,fixed_maximin
17beta-Estradiol,spid:EX000331,4,1,cnp,0.6764082431793212,0.847057294845581,304,0.6712606310844421,243.2,5,8,27,34.2,63,low,False,uniform_random
17beta-Estradiol,spid:EX000331,4,1,cnp,0.5604066848754883,0.6760461330413818,304,0.6158298850059509,252.0,5,8,27,33.0,63,low,False,model_disagreement
17beta-Estradiol,spid:EX000331,4,2,interpolation,0.8738862872123718,0.8738862872123718,304,0.8738862872123718,304.0,5,8,27,27.0,63,low,False,none
17beta-Estradiol,spid:EX000331,4,2,interpolation,0.6917256712913513,0.8725501894950867,304,0.7105400562286377,241.0,5,8,27,36.0,63,low,False,fixed_maximin
17beta-Estradiol,spid:EX000331,4,2,interpolation,0.6871418356895447,0.8605188131332397,304,0.6991090416908264,243.2,5,8,27,34.2,63,low,False,uniform_random
17beta-Estradiol,spid:EX000331,4,2,interpolation,0.5674800276756287,0.6845791339874268,304,0.5674800276756287,252.0,5,8,27,33.0,63,low,False,model_disagreement
17beta-Estradiol,spid:EX000331,4,2,anchorboost_all,0.7731100351403964,0.7731100351403964,304,0.7731100351403964,304.0,5,8,27,27.0,63,low,False,none
17beta-Estradiol,spid:EX000331,4,2,anchorboost_all,0.6588173502238047,0.83103931314538,304,0.6496157611509978,241.0,5,8,27,36.0,63,low,False,fixed_maximin
17beta-Estradiol,spid:EX000331,4,2,anchorboost_all,0.6121053840875725,0.7671934660160584,304,0.6184880281123172,243.2,5,8,27,34.2,63,low,False,uniform_random
17beta-Estradiol,spid:EX000331,4,2,anchorboost_all,0.4470330234651561,0.5392779330690773,304,0.47235598105712057,252.0,5,8,27,33.0,63,low,False,model_disagreement
17beta-Estradiol,spid:EX000331,4,2,anchorboost_five,0.7536977249997898,0.7536977249997898,304,0.7536977249997898,304.0,5,8,27,27.0,63,low,False,none
17beta-Estradiol,spid:EX000331,4,2,anchorboost_five,0.6461158691598969,0.8150175279029405,304,0.6347243688957219,241.0,5,8,27,36.0,63,low,False,fixed_maximin
17beta-Estradiol,spid:EX000331,4,2,anchorboost_five,0.609972394925348,0.7642981702565871,304,0.6029581799998318,243.2,5,8,27,34.2,63,low,False,uniform_random
17beta-Estradiol,spid:EX000331,4,2,anchorboost_five,0.46562313758676244,0.5617041024856182,304,0.466708509088782,252.0,5,8,27,33.0,63,low,False,model_disagreement
17beta-Estradiol,spid:EX000331,4,2,cnp,0.6705483198165894,0.6705483198165894,304,0.6705483198165894,304.0,5,8,27,27.0,63,low,False,none
17beta-Estradiol,spid:EX000331,4,2,cnp,0.5442867279052734,0.6865691542625427,304,0.5473718047142029,241.0,5,8,27,36.0,63,low,False,fixed_maximin
17beta-Estradiol,spid:EX000331,4,2,cnp,0.539372307062149,0.6750872731208801,304,0.5364386558532714,243.2,5,8,27,34.2,63,low,False,uniform_random
17beta-Estradiol,spid:EX000331,4,2,cnp,0.4797152578830719,0.5787041187286377,304,0.4835955500602722,252.0,5,8,27,33.0,63,low,False,model_disagreement
17beta-Estradiol,spid:EX000331,4,3,interpolation,0.7789388298988342,0.7789388298988342,315,0.7789388298988342,315.0,5,8,24,24.0,63,low,True,none
17beta-Estradiol,spid:EX000331,4,3,interpolation,0.6021378636360168,0.7526723742485046,315,0.62073814868927,252.0,5,8,24,27.0,63,low,True,fixed_maximin
17beta-Estradiol,spid:EX000331,4,3,interpolation,0.6073595643043518,0.7591994643211365,315,0.6231510281562805,252.0,5,8,24,31.8,63,low,True,uniform_random
17beta-Estradiol,spid:EX000331,4,3,interpolation,0.5116155743598938,0.639519453048706,315,0.5165774822235107,252.0,5,8,24,33.0,63,low,True,model_disagreement
17beta-Estradiol,spid:EX000331,4,3,anchorboost_all,0.6579859877694376,0.6579859877694376,315,0.6579859877694376,315.0,5,8,24,24.0,63,low,True,none
17beta-Estradiol,spid:EX000331,4,3,anchorboost_all,0.5429326801910919,0.6786658502388648,315,0.5388300897701188,252.0,5,8,24,27.0,63,low,True,fixed_maximin
17beta-Estradiol,spid:EX000331,4,3,anchorboost_all,0.527658646789952,0.65957330848744,315,0.5263887902155501,252.0,5,8,24,31.8,63,low,True,uniform_random
17beta-Estradiol,spid:EX000331,4,3,anchorboost_all,0.45409669696205185,0.5676208712025648,315,0.43822104954499264,252.0,5,8,24,33.0,63,low,True,model_disagreement
17beta-Estradiol,spid:EX000331,4,3,anchorboost_five,0.6646302478454826,0.6646302478454826,315,0.6646302478454826,315.0,5,8,24,24.0,63,low,True,none
17beta-Estradiol,spid:EX000331,4,3,anchorboost_five,0.5196586734590626,0.6495733418238283,315,0.5396952471335431,252.0,5,8,24,27.0,63,low,True,fixed_maximin
17beta-Estradiol,spid:EX000331,4,3,anchorboost_five,0.5206683693630166,0.6508354617037709,315,0.5317041982763862,252.0,5,8,24,31.8,63,low,True,uniform_random
17beta-Estradiol,spid:EX000331,4,3,anchorboost_five,0.469984091407891,0.5874801142598636,315,0.45714033647190344,252.0,5,8,24,33.0,63,low,True,model_disagreement
17beta-Estradiol,spid:EX000331,4,3,cnp,0.6194441318511963,0.6194441318511963,315,0.6194441318511963,315.0,5,8,24,24.0,63,low,True,none
17beta-Estradiol,spid:EX000331,4,3,cnp,0.4948834180831909,0.6186042428016663,315,0.49860960245132446,252.0,5,8,24,27.0,63,low,True,fixed_maximin
17beta-Estradiol,spid:EX000331,4,3,cnp,0.49743217825889585,0.6217901825904846,315,0.49555532932281493,252.0,5,8,24,31.8,63,low,True,uniform_random
17beta-Estradiol,spid:EX000331,4,3,cnp,0.45822522044181824,0.5727814435958862,315,0.4604124128818512,252.0,5,8,24,33.0,63,low,True,model_disagreement
17beta-Estradiol,spid:EX000331,4,4,interpolation,0.9050546884536743,0.9050546884536743,304,0.9050546884536743,304.0,5,8,27,27.0,63,low,False,none
17beta-Estradiol,spid:EX000331,4,4,interpolation,0.721856415271759,0.9105573892593384,304,0.7411296963691711,241.0,5,8,27,30.0,63,low,False,fixed_maximin
17beta-Estradiol,spid:EX000331,4,4,interpolation,0.6995627880096436,0.8758435130119324,304,0.7240437746047974,243.2,5,8,27,34.2,63,low,False,uniform_random
17beta-Estradiol,spid:EX000331,4,4,interpolation,0.5986484885215759,0.722179114818573,304,0.5986484885215759,252.0,5,8,27,33.0,63,low,False,model_disagreement
17beta-Estradiol,spid:EX000331,4,4,anchorboost_all,0.7643479409629385,0.7643479409629385,304,0.7643479409629385,304.0,5,8,27,27.0,63,low,False,none
17beta-Estradiol,spid:EX000331,4,4,anchorboost_all,0.6279686269803959,0.7921264008383415,304,0.6459312712494182,241.0,5,8,27,30.0,63,low,False,fixed_maximin
17beta-Estradiol,spid:EX000331,4,4,anchorboost_all,0.5995536227567092,0.7507612648651427,304,0.6114783527703508,243.2,5,8,27,34.2,63,low,False,uniform_random
17beta-Estradiol,spid:EX000331,4,4,anchorboost_all,0.501451546585112,0.604925675245532,304,0.478113021068968,252.0,5,8,27,33.0,63,low,False,model_disagreement
17beta-Estradiol,spid:EX000331,4,4,anchorboost_five,0.7506775477769859,0.7506775477769859,304,0.7506775477769859,304.0,5,8,27,27.0,63,low,False,none
17beta-Estradiol,spid:EX000331,4,4,anchorboost_five,0.6195095107029399,0.7814559803057832,304,0.6363868619215421,241.0,5,8,27,30.0,63,low,False,fixed_maximin
17beta-Estradiol,spid:EX000331,4,4,anchorboost_five,0.5976063871388503,0.7480122878280014,304,0.6005420382215888,243.2,5,8,27,34.2,63,low,False,uniform_random
17beta-Estradiol,spid:EX000331,4,4,anchorboost_five,0.5280320597530732,0.6369910562100566,304,0.45514107949695815,252.0,5,8,27,33.0,63,low,False,model_disagreement
17beta-Estradiol,spid:EX000331,4,4,cnp,0.6740615963935852,0.6740615963935852,304,0.6740615963935852,304.0,5,8,27,27.0,63,low,False,none
17beta-Estradiol,spid:EX000331,4,4,cnp,0.5552501678466797,0.7003985643386841,304,0.5489941835403442,241.0,5,8,27,30.0,63,low,False,fixed_maximin
17beta-Estradiol,spid:EX000331,4,4,cnp,0.531389343738556,0.6649784207344055,304,0.5392492771148681,243.2,5,8,27,34.2,63,low,False,uniform_random
17beta-Estradiol,spid:EX000331,4,4,cnp,0.4832630157470703,0.5829839706420898,304,0.48988473415374756,252.0,5,8,27,33.0,63,low,False,model_disagreement
"2,2-Bis(4-hydroxyphenyl)-1,1,1-trichloroethane",spid:TP0001649F03,4,0,interpolation,1.518720269203186,1.518720269203186,224,1.518720269203186,224.0,4,7,9,9.0,21,high,False,none
"2,2-Bis(4-hydroxyphenyl)-1,1,1-trichloroethane",spid:TP0001649F03,4,0,interpolation,1.0124552249908447,1.38286554813385,224,1.1716442108154297,164.0,4,7,9,12.0,21,high,False,fixed_maximin
"2,2-Bis(4-hydroxyphenyl)-1,1,1-trichloroethane",spid:TP0001649F03,4,0,interpolation,1.0517950803041458,1.400238573551178,224,1.1390401721000671,168.0,4,7,9,12.0,21,high,False,uniform_random
"2,2-Bis(4-hydroxyphenyl)-1,1,1-trichloroethane",spid:TP0001649F03,4,0,interpolation,1.1979179382324219,1.4907423257827759,224,1.1979179382324219,180.0,4,7,9,12.0,21,high,False,model_disagreement
"2,2-Bis(4-hydroxyphenyl)-1,1,1-trichloroethane",spid:TP0001649F03,4,0,anchorboost_all,1.0897783121424858,1.0897783121424858,224,1.0897783121424858,224.0,4,7,9,9.0,21,high,False,none
"2,2-Bis(4-hydroxyphenyl)-1,1,1-trichloroethane",spid:TP0001649F03,4,0,anchorboost_all,0.8386147239907134,1.1454249888653645,224,0.8293122711921115,164.0,4,7,9,12.0,21,high,False,fixed_maximin
"2,2-Bis(4-hydroxyphenyl)-1,1,1-trichloroethane",spid:TP0001649F03,4,0,anchorboost_all,0.8213438962703886,1.0954511541860732,224,0.8173337341068643,168.0,4,7,9,12.0,21,high,False,uniform_random
"2,2-Bis(4-hydroxyphenyl)-1,1,1-trichloroethane",spid:TP0001649F03,4,0,anchorboost_all,0.869272127287038,1.081760869512758,224,0.8354507119249259,180.0,4,7,9,12.0,21,high,False,model_disagreement
"2,2-Bis(4-hydroxyphenyl)-1,1,1-trichloroethane",spid:TP0001649F03,4,0,anchorboost_five,1.111426174303964,1.111426174303964,224,1.111426174303964,224.0,4,7,9,9.0,21,high,False,none
"2,2-Bis(4-hydroxyphenyl)-1,1,1-trichloroethane",spid:TP0001649F03,4,0,anchorboost_five,0.8383293619245277,1.1450352260432572,224,0.861206201152412,164.0,4,7,9,12.0,21,high,False,fixed_maximin
"2,2-Bis(4-hydroxyphenyl)-1,1,1-trichloroethane",spid:TP0001649F03,4,0,anchorboost_five,0.8351411446801698,1.1139868987650696,224,0.833569630727973,168.0,4,7,9,12.0,21,high,False,uniform_random
"2,2-Bis(4-hydroxyphenyl)-1,1,1-trichloroethane",spid:TP0001649F03,4,0,anchorboost_five,0.8794617209370367,1.0944412527216456,224,0.846717826688013,180.0,4,7,9,12.0,21,high,False,model_disagreement
"2,2-Bis(4-hydroxyphenyl)-1,1,1-trichloroethane",spid:TP0001649F03,4,0,cnp,1.1756407022476196,1.1756407022476196,224,1.1756407022476196,224.0,4,7,9,9.0,21,high,False,none
"2,2-Bis(4-hydroxyphenyl)-1,1,1-trichloroethane",spid:TP0001649F03,4,0,cnp,0.9050054550170898,1.236104965209961,224,0.920560896396637,164.0,4,7,9,12.0,21,high,False,fixed_maximin
"2,2-Bis(4-hydroxyphenyl)-1,1,1-trichloroethane",spid:TP0001649F03,4,0,cnp,0.8652342259883881,1.1561752259731293,224,0.8817304372787476,168.0,4,7,9,12.0,21,high,False,uniform_random
"2,2-Bis(4-hydroxyphenyl)-1,1,1-trichloroethane",spid:TP0001649F03,4,0,cnp,0.8436948657035828,1.049931287765503,224,0.841906726360321,180.0,4,7,9,12.0,21,high,False,model_disagreement
"2,2-Bis(4-hydroxyphenyl)-1,1,1-trichloroethane",spid:TP0001649F03,4,1,interpolation,1.2647005319595337,1.2647005319595337,219,1.2647005319595337,219.0,4,7,9,9.0,21,low,False,none
"2,2-Bis(4-hydroxyphenyl)-1,1,1-trichloroethane",spid:TP0001649F03,4,1,interpolation,1.0168206691741943,1.3578276634216309,219,0.9888890981674194,164.0,4,7,9,12.0,21,low,False,fixed_maximin
"2,2-Bis(4-hydroxyphenyl)-1,1,1-trichloroethane",spid:TP0001649F03,4,1,interpolation,0.9648724496364594,1.2888147234916687,219,0.9485253244638443,164.25,4,7,9,12.0,21,low,False,uniform_random
"2,2-Bis(4-hydroxyphenyl)-1,1,1-trichloroethane",spid:TP0001649F03,4,1,interpolation,0.9365739226341248,1.1720552444458008,219,0.9365739226341248,175.0,4,7,9,12.0,21,low,False,model_disagreement
"2,2-Bis(4-hydroxyphenyl)-1,1,1-trichloroethane",spid:TP0001649F03,4,1,anchorboost_all,1.15115426322547,1.15115426322547,219,1.15115426322547,219.0,4,7,9,9.0,21,low,False,none
"2,2-Bis(4-hydroxyphenyl)-1,1,1-trichloroethane",spid:TP0001649F03,4,1,anchorboost_all,0.8854002274305915,1.1823332305323144,219,0.893802752177001,164.0,4,7,9,12.0,21,low,False,fixed_maximin
"2,2-Bis(4-hydroxyphenyl)-1,1,1-trichloroethane",spid:TP0001649F03,4,1,anchorboost_all,0.8685052475595124,1.1587832399575266,219,0.8633656974191024,164.25,4,7,9,12.0,21,low,False,uniform_random
"2,2-Bis(4-hydroxyphenyl)-1,1,1-trichloroethane",spid:TP0001649F03,4,1,anchorboost_all,0.8946170852981724,1.1195493810302846,219,0.868722694028291,175.0,4,7,9,12.0,21,low,False,model_disagreement
"2,2-Bis(4-hydroxyphenyl)-1,1,1-trichloroethane",spid:TP0001649F03,4,1,anchorboost_five,1.1727656327741929,1.1727656327741929,219,1.1727656327741929,219.0,4,7,9,9.0,21,low,False,none
"2,2-Bis(4-hydroxyphenyl)-1,1,1-trichloroethane",spid:TP0001649F03,4,1,anchorboost_five,0.9020153846913452,1.2045205441914915,219,0.9137595151735217,164.0,4,7,9,12.0,21,low,False,fixed_maximin
"2,2-Bis(4-hydroxyphenyl)-1,1,1-trichloroethane",spid:TP0001649F03,4,1,anchorboost_five,0.881350685846168,1.1760958846721792,219,0.8795742245806446,164.25,4,7,9,12.0,21,low,False,uniform_random
"2,2-Bis(4-hydroxyphenyl)-1,1,1-trichloroethane",spid:TP0001649F03,4,1,anchorboost_five,0.9011508847136005,1.1277259642987343,219,0.8815087635292368,175.0,4,7,9,12.0,21,low,False,model_disagreement
"2,2-Bis(4-hydroxyphenyl)-1,1,1-trichloroethane",spid:TP0001649F03,4,1,cnp,1.2370513677597046,1.2370513677597046,219,1.2370513677597046,219.0,4,7,9,9.0,21,low,False,none
"2,2-Bis(4-hydroxyphenyl)-1,1,1-trichloroethane",spid:TP0001649F03,4,1,cnp,0.9670470356941223,1.2913615703582764,219,0.9712899923324585,164.0,4,7,9,12.0,21,low,False,fixed_maximin
"2,2-Bis(4-hydroxyphenyl)-1,1,1-trichloroethane",spid:TP0001649F03,4,1,cnp,0.9189013689756393,1.2270260751247406,219,0.9277884811162949,164.25,4,7,9,12.0,21,low,False,uniform_random
"2,2-Bis(4-hydroxyphenyl)-1,1,1-trichloroethane",spid:TP0001649F03,4,1,cnp,0.9045768976211548,1.1320133209228516,219,0.9082246422767639,175.0,4,7,9,12.0,21,low,False,model_disagreement
"2,2-Bis(4-hydroxyphenyl)-1,1,1-trichloroethane",spid:TP0001649F03,4,2,interpolation,1.2318214178085327,1.2318214178085327,235,1.2318214178085327,235.0,4,7,9,9.0,21,high,True,none
"2,2-Bis(4-hydroxyphenyl)-1,1,1-trichloroethane",spid:TP0001649F03,4,2,interpolation,0.9981153011322021,1.3030949831008911,235,0.9683922529220581,180.0,4,7,9,12.0,21,high,True,fixed_maximin
"2,2-Bis(4-hydroxyphenyl)-1,1,1-trichloroethane",spid:TP0001649F03,4,2,interpolation,0.9282911121845245,1.2372544705867767,235,0.9238660782575607,176.25,4,7,9,12.0,21,high,True,uniform_random
"2,2-Bis(4-hydroxyphenyl)-1,1,1-trichloroethane",spid:TP0001649F03,4,2,interpolation,0.8645013570785522,1.1609017848968506,235,0.8657639026641846,175.0,4,7,9,12.0,21,high,True,model_disagreement
"2,2-Bis(4-hydroxyphenyl)-1,1,1-trichloroethane",spid:TP0001649F03,4,2,anchorboost_all,1.1019436164195242,1.1019436164195242,235,1.1019436164195242,235.0,4,7,9,9.0,21,high,True,none
"2,2-Bis(4-hydroxyphenyl)-1,1,1-trichloroethane",spid:TP0001649F03,4,2,anchorboost_all,0.8937814939161066,1.1668813948349168,235,0.8665044894317736,180.0,4,7,9,12.0,21,high,True,fixed_maximin
"2,2-Bis(4-hydroxyphenyl)-1,1,1-trichloroethane",spid:TP0001649F03,4,2,anchorboost_all,0.8437418013654541,1.124689837584789,235,0.826457712314643,176.25,4,7,9,12.0,21,high,True,uniform_random
"2,2-Bis(4-hydroxyphenyl)-1,1,1-trichloroethane",spid:TP0001649F03,4,2,anchorboost_all,0.7780007375290034,1.0447438475389474,235,0.7697117976320935,175.0,4,7,9,12.0,21,high,True,model_disagreement
"2,2-Bis(4-hydroxyphenyl)-1,1,1-trichloroethane",spid:TP0001649F03,4,2,anchorboost_five,1.0869951260304642,1.0869951260304642,235,1.0869951260304642,235.0,4,7,9,9.0,21,high,True,none
"2,2-Bis(4-hydroxyphenyl)-1,1,1-trichloroethane",spid:TP0001649F03,4,2,anchorboost_five,0.878752603352369,1.1472603432655928,235,0.8522789709288522,180.0,4,7,9,12.0,21,high,True,fixed_maximin
"2,2-Bis(4-hydroxyphenyl)-1,1,1-trichloroethane",spid:TP0001649F03,4,2,anchorboost_five,0.8315050416051902,1.108397767703644,235,0.8152463445228482,176.25,4,7,9,12.0,21,high,True,uniform_random
"2,2-Bis(4-hydroxyphenyl)-1,1,1-trichloroethane",spid:TP0001649F03,4,2,anchorboost_five,0.762771612587893,1.0242933083323136,235,0.7519165352573582,175.0,4,7,9,12.0,21,high,True,model_disagreement
"2,2-Bis(4-hydroxyphenyl)-1,1,1-trichloroethane",spid:TP0001649F03,4,2,cnp,1.08260977268219,1.08260977268219,235,1.08260977268219,235.0,4,7,9,9.0,21,high,True,none
"2,2-Bis(4-hydroxyphenyl)-1,1,1-trichloroethane",spid:TP0001649F03,4,2,cnp,0.8472684621810913,1.1061561107635498,235,0.8415594100952148,180.0,4,7,9,12.0,21,high,True,fixed_maximin
"2,2-Bis(4-hydroxyphenyl)-1,1,1-trichloroethane",spid:TP0001649F03,4,2,cnp,0.8129765093326569,1.0838101953268051,235,0.8119572848081589,176.25,4,7,9,12.0,21,high,True,uniform_random
"2,2-Bis(4-hydroxyphenyl)-1,1,1-trichloroethane",spid:TP0001649F03,4,2,cnp,0.7344226837158203,0.9862247109413147,235,0.7456164956092834,175.0,4,7,9,12.0,21,high,True,model_disagreement
"2,2-Bis(4-hydroxyphenyl)-1,1,1-trichloroethane",spid:TP0001649F03,4,3,interpolation,1.5793633460998535,1.5793633460998535,216,1.5793633460998535,216.0,4,7,9,9.0,21,low,False,none
"2,2-Bis(4-hydroxyphenyl)-1,1,1-trichloroethane",spid:TP0001649F03,4,3,interpolation,1.0700467824935913,1.3437796831130981,216,1.0921378135681152,172.0,4,7,9,12.0,21,low,False,fixed_maximin
"2,2-Bis(4-hydroxyphenyl)-1,1,1-trichloroethane",spid:TP0001649F03,4,3,interpolation,1.1151631474494934,1.4918871521949768,216,1.1845225989818573,162.0,4,7,9,12.0,21,low,False,uniform_random
"2,2-Bis(4-hydroxyphenyl)-1,1,1-trichloroethane",spid:TP0001649F03,4,3,interpolation,1.0700467824935913,1.3437796831130981,216,1.0921378135681152,172.0,4,7,9,12.0,21,low,False,model_disagreement
"2,2-Bis(4-hydroxyphenyl)-1,1,1-trichloroethane",spid:TP0001649F03,4,3,anchorboost_all,1.2195151703041347,1.2195151703041347,216,1.2195151703041347,216.0,4,7,9,9.0,21,low,False,none
"2,2-Bis(4-hydroxyphenyl)-1,1,1-trichloroethane",spid:TP0001649F03,4,3,anchorboost_all,0.8898582402454317,1.1174963947268213,216,0.9120048404964662,172.0,4,7,9,12.0,21,low,False,fixed_maximin
"2,2-Bis(4-hydroxyphenyl)-1,1,1-trichloroethane",spid:TP0001649F03,4,3,anchorboost_all,0.8856455894744083,1.1829398190373985,216,0.9146363777281011,162.0,4,7,9,12.0,21,low,False,uniform_random
"2,2-Bis(4-hydroxyphenyl)-1,1,1-trichloroethane",spid:TP0001649F03,4,3,anchorboost_all,0.8898582402454317,1.1174963947268213,216,0.9120048404964662,172.0,4,7,9,12.0,21,low,False,model_disagreement
"2,2-Bis(4-hydroxyphenyl)-1,1,1-trichloroethane",spid:TP0001649F03,4,3,anchorboost_five,1.1875956146148385,1.1875956146148385,216,1.1875956146148385,216.0,4,7,9,9.0,21,low,False,none
"2,2-Bis(4-hydroxyphenyl)-1,1,1-trichloroethane",spid:TP0001649F03,4,3,anchorboost_five,0.8977800080968458,1.1274446613309226,216,0.9090006642793129,172.0,4,7,9,12.0,21,low,False,fixed_maximin
"2,2-Bis(4-hydroxyphenyl)-1,1,1-trichloroethane",spid:TP0001649F03,4,3,anchorboost_five,0.8740868832300893,1.166685369745443,216,0.890696710961129,162.0,4,7,9,12.0,21,low,False,uniform_random
"2,2-Bis(4-hydroxyphenyl)-1,1,1-trichloroethane",spid:TP0001649F03,4,3,anchorboost_five,0.8977800080968458,1.1274446613309226,216,0.9090006642793129,172.0,4,7,9,12.0,21,low,False,model_disagreement
"2,2-Bis(4-hydroxyphenyl)-1,1,1-trichloroethane",spid:TP0001649F03,4,3,cnp,1.208100438117981,1.208100438117981,216,1.208100438117981,216.0,4,7,9,9.0,21,low,False,none
"2,2-Bis(4-hydroxyphenyl)-1,1,1-trichloroethane",spid:TP0001649F03,4,3,cnp,0.9141153693199158,1.147958755493164,216,0.9086661338806152,172.0,4,7,9,12.0,21,low,False,fixed_maximin
"2,2-Bis(4-hydroxyphenyl)-1,1,1-trichloroethane",spid:TP0001649F03,4,3,cnp,0.8973230421543121,1.1971649527549744,216,0.9060753136873245,162.0,4,7,9,12.0,21,low,False,uniform_random
"2,2-Bis(4-hydroxyphenyl)-1,1,1-trichloroethane",spid:TP0001649F03,4,3,cnp,0.9141153693199158,1.147958755493164,216,0.9086661338806152,172.0,4,7,9,12.0,21,low,False,model_disagreement
"2,2-Bis(4-hydroxyphenyl)-1,1,1-trichloroethane",spid:TP0001649F03,4,4,interpolation,1.5329045057296753,1.5329045057296753,216,1.5329045057296753,216.0,4,7,9,9.0,21,low,False,none
"2,2-Bis(4-hydroxyphenyl)-1,1,1-trichloroethane",spid:TP0001649F03,4,4,interpolation,1.023587942123413,1.2854359149932861,216,1.0456788539886475,172.0,4,7,9,12.0,21,low,False,fixed_maximin
"2,2-Bis(4-hydroxyphenyl)-1,1,1-trichloroethane",spid:TP0001649F03,4,4,interpolation,1.1055201888084412,1.4808157980442047,216,1.1496783792972565,162.0,4,7,9,12.0,21,low,False,uniform_random
"2,2-Bis(4-hydroxyphenyl)-1,1,1-trichloroethane",spid:TP0001649F03,4,4,interpolation,1.023587942123413,1.2854359149932861,216,1.0456788539886475,172.0,4,7,9,12.0,21,low,False,model_disagreement
"2,2-Bis(4-hydroxyphenyl)-1,1,1-trichloroethane",spid:TP0001649F03,4,4,anchorboost_all,1.1599171973082745,1.1599171973082745,216,1.1599171973082745,216.0,4,7,9,9.0,21,low,False,none
"2,2-Bis(4-hydroxyphenyl)-1,1,1-trichloroethane",spid:TP0001649F03,4,4,anchorboost_all,0.9032044804601765,1.1342567894151052,216,0.8745633671652728,172.0,4,7,9,12.0,21,low,False,fixed_maximin
"2,2-Bis(4-hydroxyphenyl)-1,1,1-trichloroethane",spid:TP0001649F03,4,4,anchorboost_all,0.8779344091784477,1.1725187639056014,216,0.8699378979812058,162.0,4,7,9,12.0,21,low,False,uniform_random
"2,2-Bis(4-hydroxyphenyl)-1,1,1-trichloroethane",spid:TP0001649F03,4,4,anchorboost_all,0.9032044804601765,1.1342567894151052,216,0.8745633671652728,172.0,4,7,9,12.0,21,low,False,model_disagreement
"2,2-Bis(4-hydroxyphenyl)-1,1,1-trichloroethane",spid:TP0001649F03,4,4,anchorboost_five,1.1408537674308097,1.1408537674308097,216,1.1408537674308097,216.0,4,7,9,9.0,21,low,False,none
"2,2-Bis(4-hydroxyphenyl)-1,1,1-trichloroethane",spid:TP0001649F03,4,4,anchorboost_five,0.8882411893722164,1.1154656796767368,216,0.8617850450890432,172.0,4,7,9,12.0,21,low,False,fixed_maximin
"2,2-Bis(4-hydroxyphenyl)-1,1,1-trichloroethane",spid:TP0001649F03,4,4,anchorboost_five,0.8705131362078792,1.162292504749956,216,0.8556403255731073,162.0,4,7,9,12.0,21,low,False,uniform_random
"2,2-Bis(4-hydroxyphenyl)-1,1,1-trichloroethane",spid:TP0001649F03,4,4,anchorboost_five,0.8882411893722164,1.1154656796767368,216,0.8617850450890432,172.0,4,7,9,12.0,21,low,False,model_disagreement
"2,2-Bis(4-hydroxyphenyl)-1,1,1-trichloroethane",spid:TP0001649F03,4,4,cnp,1.1655385494232178,1.1655385494232178,216,1.1655385494232178,216.0,4,7,9,9.0,21,low,False,none
"2,2-Bis(4-hydroxyphenyl)-1,1,1-trichloroethane",spid:TP0001649F03,4,4,cnp,0.8721811771392822,1.0952973365783691,216,0.8604441285133362,172.0,4,7,9,12.0,21,low,False,fixed_maximin
"2,2-Bis(4-hydroxyphenyl)-1,1,1-trichloroethane",spid:TP0001649F03,4,4,cnp,0.8726394325494766,1.165056973695755,216,0.8741538971662521,162.0,4,7,9,12.0,21,low,False,uniform_random
"2,2-Bis(4-hydroxyphenyl)-1,1,1-trichloroethane",spid:TP0001649F03,4,4,cnp,0.8721811771392822,1.0952973365783691,216,0.8604441285133362,172.0,4,7,9,12.0,21,low,False,model_disagreement
"4,4'-Sulfonyldiphenol",spid:EX000314,4,0,interpolation,1.0480926036834717,1.0480926036834717,246,1.0480926036834717,246.0,4,7,9,9.0,21,low,True,none
"4,4'-Sulfonyldiphenol",spid:EX000314,4,0,interpolation,0.8648443818092346,1.1438266038894653,246,0.8857338428497314,186.0,4,7,9,12.0,21,low,True,fixed_maximin
"4,4'-Sulfonyldiphenol",spid:EX000314,4,0,interpolation,0.8057871460914612,1.074466198682785,246,0.7860694974660873,184.5,4,7,9,12.0,21,low,True,uniform_random
"4,4'-Sulfonyldiphenol",spid:EX000314,4,0,interpolation,0.7760056853294373,1.0431551933288574,246,0.6762456297874451,183.0,4,7,9,12.0,21,low,True,model_disagreement
"4,4'-Sulfonyldiphenol",spid:EX000314,4,0,anchorboost_all,1.0392111754554707,1.0392111754554707,246,1.0392111754554707,246.0,4,7,9,9.0,21,low,True,none
"4,4'-Sulfonyldiphenol",spid:EX000314,4,0,anchorboost_all,0.892047979674103,1.1798053924722005,246,0.8830659112754408,186.0,4,7,9,12.0,21,low,True,fixed_maximin
"4,4'-Sulfonyldiphenol",spid:EX000314,4,0,anchorboost_all,0.8060583377163278,1.0745856902364408,246,0.779408381591603,184.5,4,7,9,12.0,21,low,True,uniform_random
"4,4'-Sulfonyldiphenol",spid:EX000314,4,0,anchorboost_all,0.7348296352088131,0.9878037719200439,246,0.6942060432765164,183.0,4,7,9,12.0,21,low,True,model_disagreement
"4,4'-Sulfonyldiphenol",spid:EX000314,4,0,anchorboost_five,1.0520797899789611,1.0520797899789611,246,1.0520797899789611,246.0,4,7,9,9.0,21,low,True,none
"4,4'-Sulfonyldiphenol",spid:EX000314,4,0,anchorboost_five,0.880366141294203,1.164355219131043,246,0.8903503769613805,186.0,4,7,9,12.0,21,low,True,fixed_maximin
"4,4'-Sulfonyldiphenol",spid:EX000314,4,0,anchorboost_five,0.791881328764212,1.0556616909550125,246,0.7890598424842209,184.5,4,7,9,12.0,21,low,True,uniform_random
"4,4'-Sulfonyldiphenol",spid:EX000314,4,0,anchorboost_five,0.7179374836896931,0.9650962895500794,246,0.7052290363911061,183.0,4,7,9,12.0,21,low,True,model_disagreement
"4,4'-Sulfonyldiphenol",spid:EX000314,4,0,cnp,1.0586415529251099,1.0586415529251099,246,1.0586415529251099,246.0,4,7,9,9.0,21,low,True,none
"4,4'-Sulfonyldiphenol",spid:EX000314,4,0,cnp,0.8807265758514404,1.1648319959640503,246,0.8853504061698914,186.0,4,7,9,12.0,21,low,True,fixed_maximin
"4,4'-Sulfonyldiphenol",spid:EX000314,4,0,cnp,0.7915439903736115,1.0551460683345795,246,0.7939811199903488,184.5,4,7,9,12.0,21,low,True,uniform_random
"4,4'-Sulfonyldiphenol",spid:EX000314,4,0,cnp,0.7015300989151001,0.9430403709411621,246,0.7053148150444031,183.0,4,7,9,12.0,21,low,True,model_disagreement
"4,4'-Sulfonyldiphenol",spid:EX000314,4,1,interpolation,1.0161370038986206,1.0161370038986206,249,1.0161370038986206,249.0,4,7,9,9.0,21,low,True,none
"4,4'-Sulfonyldiphenol",spid:EX000314,4,1,interpolation,0.8350966572761536,1.100206732749939,249,0.8557344079017639,189.0,4,7,9,12.0,21,low,True,fixed_maximin
"4,4'-Sulfonyldiphenol",spid:EX000314,4,1,interpolation,0.7946995198726654,1.0594356507062912,249,0.7621028125286102,186.75,4,7,9,12.0,21,low,True,uniform_random
"4,4'-Sulfonyldiphenol",spid:EX000314,4,1,interpolation,0.8923908472061157,1.1946523189544678,249,0.6633734703063965,186.0,4,7,9,12.0,21,low,True,model_disagreement
"4,4'-Sulfonyldiphenol",spid:EX000314,4,1,anchorboost_all,0.9719327200751666,0.9719327200751666,249,0.9719327200751666,249.0,4,7,9,9.0,21,low,True,none
"4,4'-Sulfonyldiphenol",spid:EX000314,4,1,anchorboost_all,0.8026610505398634,1.0574740824572806,249,0.8170177563877522,189.0,4,7,9,12.0,21,low,True,fixed_maximin
"4,4'-Sulfonyldiphenol",spid:EX000314,4,1,anchorboost_all,0.7329401608193095,0.9769300778611026,249,0.728949540056375,186.75,4,7,9,12.0,21,low,True,uniform_random
"4,4'-Sulfonyldiphenol",spid:EX000314,4,1,anchorboost_all,0.6795054423315219,0.9096605115083277,249,0.6296280297312282,186.0,4,7,9,12.0,21,low,True,model_disagreement
"4,4'-Sulfonyldiphenol",spid:EX000314,4,1,anchorboost_five,0.9488849785704585,0.9488849785704585,249,0.9488849785704585,249.0,4,7,9,9.0,21,low,True,none
"4,4'-Sulfonyldiphenol",spid:EX000314,4,1,anchorboost_five,0.8045511482263648,1.0599642111553695,249,0.8009225774781052,189.0,4,7,9,12.0,21,low,True,fixed_maximin
"4,4'-Sulfonyldiphenol",spid:EX000314,4,1,anchorboost_five,0.7251480780574489,0.9664887004190227,249,0.7116637339278438,186.75,4,7,9,12.0,21,low,True,uniform_random
"4,4'-Sulfonyldiphenol",spid:EX000314,4,1,anchorboost_five,0.687064214162942,0.9197795125084549,249,0.6239497633029774,186.0,4,7,9,12.0,21,low,True,model_disagreement
"4,4'-Sulfonyldiphenol",spid:EX000314,4,1,cnp,0.986893355846405,0.986893355846405,249,0.986893355846405,249.0,4,7,9,9.0,21,low,True,none
"4,4'-Sulfonyldiphenol",spid:EX000314,4,1,cnp,0.8187516927719116,1.0786727666854858,249,0.8157498240470886,189.0,4,7,9,12.0,21,low,True,fixed_maximin
"4,4'-Sulfonyldiphenol",spid:EX000314,4,1,cnp,0.7403989732265472,0.9868297576904297,249,0.7401700466871262,186.75,4,7,9,12.0,21,low,True,uniform_random
"4,4'-Sulfonyldiphenol",spid:EX000314,4,1,cnp,0.6831167340278625,0.9144949913024902,249,0.6433382630348206,186.0,4,7,9,12.0,21,low,True,model_disagreement
"4,4'-Sulfonyldiphenol",spid:EX000314,4,2,interpolation,1.6525020599365234,1.6525020599365234,246,1.6525020599365234,246.0,4,7,9,9.0,21,high,False,none
"4,4'-Sulfonyldiphenol",spid:EX000314,4,2,interpolation,0.9032736420631409,1.1946523189544678,246,1.25489342212677,186.0,4,7,9,12.0,21,high,False,fixed_maximin
"4,4'-Sulfonyldiphenol",spid:EX000314,4,2,interpolation,0.9241347312927246,1.2298468947410583,246,1.2393765449523926,184.5,4,7,9,12.0,21,high,False,uniform_random
"4,4'-Sulfonyldiphenol",spid:EX000314,4,2,interpolation,0.9032736420631409,1.1946523189544678,246,1.25489342212677,186.0,4,7,9,12.0,21,high,False,model_disagreement
"4,4'-Sulfonyldiphenol",spid:EX000314,4,2,anchorboost_all,1.6880855198374296,1.6880855198374296,246,1.6880855198374296,246.0,4,7,9,9.0,21,high,False,none
"4,4'-Sulfonyldiphenol",spid:EX000314,4,2,anchorboost_all,0.6877920940672722,0.9096605115083277,246,1.1364767707472072,186.0,4,7,9,12.0,21,high,False,fixed_maximin
"4,4'-Sulfonyldiphenol",spid:EX000314,4,2,anchorboost_all,0.8712282424862308,1.159345705767215,246,1.266064139878072,184.5,4,7,9,12.0,21,high,False,uniform_random
"4,4'-Sulfonyldiphenol",spid:EX000314,4,2,anchorboost_all,0.6877920940672722,0.9096605115083277,246,1.1364767707472072,186.0,4,7,9,12.0,21,high,False,model_disagreement
"4,4'-Sulfonyldiphenol",spid:EX000314,4,2,anchorboost_five,1.6744636333256626,1.6744636333256626,246,1.6744636333256626,246.0,4,7,9,9.0,21,high,False,none
"4,4'-Sulfonyldiphenol",spid:EX000314,4,2,anchorboost_five,0.6954430460429781,0.9197795125084549,246,1.1555791217263243,186.0,4,7,9,12.0,21,high,False,fixed_maximin
"4,4'-Sulfonyldiphenol",spid:EX000314,4,2,anchorboost_five,0.8637307131149223,1.1490635618428855,246,1.255847724994247,184.5,4,7,9,12.0,21,high,False,uniform_random
"4,4'-Sulfonyldiphenol",spid:EX000314,4,2,anchorboost_five,0.6954430460429781,0.9197795125084549,246,1.1555791217263243,186.0,4,7,9,12.0,21,high,False,model_disagreement
"4,4'-Sulfonyldiphenol",spid:EX000314,4,2,cnp,1.9725606441497803,1.9725606441497803,246,1.9725606441497803,246.0,4,7,9,9.0,21,high,False,none
"4,4'-Sulfonyldiphenol",spid:EX000314,4,2,cnp,0.6914474368095398,0.9144949913024902,246,1.1043915748596191,186.0,4,7,9,12.0,21,high,False,fixed_maximin
"4,4'-Sulfonyldiphenol",spid:EX000314,4,2,cnp,1.001850813627243,1.3332828730344772,246,1.479420393705368,184.5,4,7,9,12.0,21,high,False,uniform_random
"4,4'-Sulfonyldiphenol",spid:EX000314,4,2,cnp,0.6914474368095398,0.9144949913024902,246,1.1043915748596191,186.0,4,7,9,12.0,21,high,False,model_disagreement
"4,4'-Sulfonyldiphenol",spid:EX000314,4,3,interpolation,1.1751291751861572,1.1751291751861572,246,1.1751291751861572,246.0,4,7,9,9.0,21,low,True,none
"4,4'-Sulfonyldiphenol",spid:EX000314,4,3,interpolation,0.9130105376243591,1.2075300216674805,246,0.9130105376243591,186.0,4,7,9,12.0,21,low,True,fixed_maximin
"4,4'-Sulfonyldiphenol",spid:EX000314,4,3,interpolation,0.8178239166736603,1.0895248800516129,246,0.8813469558954239,184.5,4,7,9,12.0,21,low,True,uniform_random
"4,4'-Sulfonyldiphenol",spid:EX000314,4,3,interpolation,0.9130105376243591,1.2075300216674805,246,0.9130105376243591,186.0,4,7,9,12.0,21,low,True,model_disagreement
"4,4'-Sulfonyldiphenol",spid:EX000314,4,3,anchorboost_all,0.8721814518106964,0.8721814518106964,246,0.8721814518106964,246.0,4,7,9,9.0,21,low,True,none
"4,4'-Sulfonyldiphenol",spid:EX000314,4,3,anchorboost_all,0.6677497150672869,0.88315284895996,246,0.7029052043407328,186.0,4,7,9,12.0,21,low,True,fixed_maximin
"4,4'-Sulfonyldiphenol",spid:EX000314,4,3,anchorboost_all,0.6293206398577654,0.8386244119380277,246,0.6541360888580223,184.5,4,7,9,12.0,21,low,True,uniform_random
"4,4'-Sulfonyldiphenol",spid:EX000314,4,3,anchorboost_all,0.6677497150672869,0.88315284895996,246,0.7029052043407328,186.0,4,7,9,12.0,21,low,True,model_disagreement
"4,4'-Sulfonyldiphenol",spid:EX000314,4,3,anchorboost_five,0.8865559421952212,0.8865559421952212,246,0.8865559421952212,246.0,4,7,9,9.0,21,low,True,none
"4,4'-Sulfonyldiphenol",spid:EX000314,4,3,anchorboost_five,0.7032932996412689,0.9301621059771624,246,0.7162071909047912,186.0,4,7,9,12.0,21,low,True,fixed_maximin
"4,4'-Sulfonyldiphenol",spid:EX000314,4,3,anchorboost_five,0.6434819455250482,0.8574267889906976,246,0.6649169566464159,184.5,4,7,9,12.0,21,low,True,uniform_random
"4,4'-Sulfonyldiphenol",spid:EX000314,4,3,anchorboost_five,0.7032932996412689,0.9301621059771624,246,0.7162071909047912,186.0,4,7,9,12.0,21,low,True,model_disagreement
"4,4'-Sulfonyldiphenol",spid:EX000314,4,3,cnp,0.9026535153388977,0.9026535153388977,246,0.9026535153388977,246.0,4,7,9,9.0,21,low,True,none
"4,4'-Sulfonyldiphenol",spid:EX000314,4,3,cnp,0.7451238632202148,0.9854864478111267,246,0.7337676286697388,186.0,4,7,9,12.0,21,low,True,fixed_maximin
"4,4'-Sulfonyldiphenol",spid:EX000314,4,3,cnp,0.6572969704866409,0.8757927268743515,246,0.6769901365041733,184.5,4,7,9,12.0,21,low,True,uniform_random
"4,4'-Sulfonyldiphenol",spid:EX000314,4,3,cnp,0.7451238632202148,0.9854864478111267,246,0.7337676286697388,186.0,4,7,9,12.0,21,low,True,model_disagreement
"4,4'-Sulfonyldiphenol",spid:EX000314,4,4,interpolation,1.0728716850280762,1.0728716850280762,243,1.0728716850280762,243.0,4,7,9,9.0,21,low,False,none
"4,4'-Sulfonyldiphenol",spid:EX000314,4,4,interpolation,0.8873611092567444,1.178299069404602,243,0.9085084199905396,183.0,4,7,9,12.0,21,low,False,fixed_maximin
"4,4'-Sulfonyldiphenol",spid:EX000314,4,4,interpolation,0.8246148079633713,1.0993922352790833,243,0.8046537190675735,182.25,4,7,9,12.0,21,low,False,uniform_random
"4,4'-Sulfonyldiphenol",spid:EX000314,4,4,interpolation,0.8481734395027161,1.1262630224227905,243,0.8481734395027161,183.0,4,7,9,12.0,21,low,False,model_disagreement
"4,4'-Sulfonyldiphenol",spid:EX000314,4,4,anchorboost_all,0.9977315293664931,0.9977315293664931,243,0.9977315293664931,243.0,4,7,9,9.0,21,low,False,none
"4,4'-Sulfonyldiphenol",spid:EX000314,4,4,anchorboost_all,0.8071839888822688,1.0718344770403898,243,0.8332392504912532,183.0,4,7,9,12.0,21,low,False,fixed_maximin
"4,4'-Sulfonyldiphenol",spid:EX000314,4,4,anchorboost_all,0.7343832228253606,0.9787314727250576,243,0.7482986470248698,182.25,4,7,9,12.0,21,low,False,uniform_random
"4,4'-Sulfonyldiphenol",spid:EX000314,4,4,anchorboost_all,0.8451984047094568,1.1223126357617377,243,0.8345891518856616,183.0,4,7,9,12.0,21,low,False,model_disagreement
"4,4'-Sulfonyldiphenol",spid:EX000314,4,4,anchorboost_five,0.9695602753093872,0.9695602753093872,243,0.9695602753093872,243.0,4,7,9,9.0,21,low,False,none
"4,4'-Sulfonyldiphenol",spid:EX000314,4,4,anchorboost_five,0.7922706653180912,1.0520315391928752,243,0.8120919673864722,183.0,4,7,9,12.0,21,low,False,fixed_maximin
"4,4'-Sulfonyldiphenol",spid:EX000314,4,4,anchorboost_five,0.7160807347550446,0.9542982197458174,243,0.7271702064820403,182.25,4,7,9,12.0,21,low,False,uniform_random
"4,4'-Sulfonyldiphenol",spid:EX000314,4,4,anchorboost_five,0.8298464344508362,1.1019272326314382,243,0.8129418357479851,183.0,4,7,9,12.0,21,low,False,model_disagreement
"4,4'-Sulfonyldiphenol",spid:EX000314,4,4,cnp,1.0594584941864014,1.0594584941864014,243,1.0594584941864014,243.0,4,7,9,9.0,21,low,False,none
"4,4'-Sulfonyldiphenol",spid:EX000314,4,4,cnp,0.8813164830207825,1.170272707939148,243,0.8815329670906067,183.0,4,7,9,12.0,21,low,False,fixed_maximin
"4,4'-Sulfonyldiphenol",spid:EX000314,4,4,cnp,0.7873693555593491,1.0493941605091095,243,0.794593945145607,182.25,4,7,9,12.0,21,low,False,uniform_random
"4,4'-Sulfonyldiphenol",spid:EX000314,4,4,cnp,0.8334879279136658,1.1067625284194946,243,0.8363311886787415,183.0,4,7,9,12.0,21,low,False,model_disagreement
6-aminopyridine-3-carboxamide,spid:EX000424,4,0,interpolation,2.1427128314971924,2.1427128314971924,243,2.1427128314971924,243.0,4,7,9,9.0,21,high,True,none
6-aminopyridine-3-carboxamide,spid:EX000424,4,0,interpolation,1.1591143608093262,1.6095131635665894,243,1.0606794357299805,175.0,4,7,9,12.0,21,high,True,fixed_maximin
6-aminopyridine-3-carboxamide,spid:EX000424,4,0,interpolation,1.6347097158432007,2.1733801066875458,243,1.6070345342159271,182.25,4,7,9,12.0,21,high,True,uniform_random
6-aminopyridine-3-carboxamide,spid:EX000424,4,0,interpolation,1.9561021327972412,2.3300628662109375,243,1.7739229202270508,204.0,4,7,9,12.0,21,high,True,model_disagreement
6-aminopyridine-3-carboxamide,spid:EX000424,4,0,anchorboost_all,1.8542272768915515,1.8542272768915515,243,1.8542272768915515,243.0,4,7,9,9.0,21,high,True,none
6-aminopyridine-3-carboxamide,spid:EX000424,4,0,anchorboost_all,1.2065804645225644,1.6754231593084752,243,0.9878072776883284,175.0,4,7,9,12.0,21,high,True,fixed_maximin
6-aminopyridine-3-carboxamide,spid:EX000424,4,0,anchorboost_all,1.5635699445022053,2.085292455557802,243,1.3906704576686637,182.25,4,7,9,12.0,21,high,True,uniform_random
6-aminopyridine-3-carboxamide,spid:EX000424,4,0,anchorboost_all,1.7393776787000392,2.0719057643338705,243,1.2242445619997004,204.0,4,7,9,12.0,21,high,True,model_disagreement
6-aminopyridine-3-carboxamide,spid:EX000424,4,0,anchorboost_five,1.9221650384174866,1.9221650384174866,243,1.9221650384174866,243.0,4,7,9,9.0,21,high,True,none
6-aminopyridine-3-carboxamide,spid:EX000424,4,0,anchorboost_five,1.3031377707389544,1.809499875940376,243,0.9430120749692837,175.0,4,7,9,12.0,21,high,True,fixed_maximin
6-aminopyridine-3-carboxamide,spid:EX000424,4,0,anchorboost_five,1.6405555565810825,2.1889249978711938,243,1.441623778813115,182.25,4,7,9,12.0,21,high,True,uniform_random
6-aminopyridine-3-carboxamide,spid:EX000424,4,0,anchorboost_five,1.805589684595312,2.150775947826769,243,1.4064192923820409,204.0,4,7,9,12.0,21,high,True,model_disagreement
6-aminopyridine-3-carboxamide,spid:EX000424,4,0,cnp,1.7655646800994873,1.7655646800994873,243,1.7655646800994873,243.0,4,7,9,9.0,21,high,True,none
6-aminopyridine-3-carboxamide,spid:EX000424,4,0,cnp,1.1669316291809082,1.6203677654266357,243,0.7164385318756104,175.0,4,7,9,12.0,21,high,True,fixed_maximin
6-aminopyridine-3-carboxamide,spid:EX000424,4,0,cnp,1.4616671204566956,1.9439674019813538,243,1.324173480272293,182.25,4,7,9,12.0,21,high,True,uniform_random
6-aminopyridine-3-carboxamide,spid:EX000424,4,0,cnp,1.735843300819397,2.0676956176757812,243,1.4506807327270508,204.0,4,7,9,12.0,21,high,True,model_disagreement
6-aminopyridine-3-carboxamide,spid:EX000424,4,1,interpolation,1.172118902206421,1.172118902206421,240,1.172118902206421,240.0,4,7,9,9.0,21,high,False,none
6-aminopyridine-3-carboxamide,spid:EX000424,4,1,interpolation,0.9316957592964172,1.300040602684021,240,0.9316957592964172,172.0,4,7,9,12.0,21,high,False,fixed_maximin
6-aminopyridine-3-carboxamide,spid:EX000424,4,1,interpolation,0.8097680360078812,1.0690767914056778,240,0.8790891468524933,180.0,4,7,9,12.0,21,high,False,uniform_random
6-aminopyridine-3-carboxamide,spid:EX000424,4,1,interpolation,1.111706256866455,1.307889699935913,240,1.111706256866455,204.0,4,7,9,12.0,21,high,False,model_disagreement
6-aminopyridine-3-carboxamide,spid:EX000424,4,1,anchorboost_all,0.8862119075145029,0.8862119075145029,240,0.8862119075145029,240.0,4,7,9,9.0,21,high,False,none
6-aminopyridine-3-carboxamide,spid:EX000424,4,1,anchorboost_all,0.7081013246871329,0.9880483600285576,240,0.7272033383394818,172.0,4,7,9,12.0,21,high,False,fixed_maximin
6-aminopyridine-3-carboxamide,spid:EX000424,4,1,anchorboost_all,0.6025945702336356,0.7964374087588921,240,0.6646589306358772,180.0,4,7,9,12.0,21,high,False,uniform_random
6-aminopyridine-3-carboxamide,spid:EX000424,4,1,anchorboost_all,0.8112678958889531,0.9544328186928859,240,0.8252292594256346,204.0,4,7,9,12.0,21,high,False,model_disagreement
6-aminopyridine-3-carboxamide,spid:EX000424,4,1,anchorboost_five,0.8973248165285937,0.8973248165285937,240,0.8973248165285937,240.0,4,7,9,9.0,21,high,False,none
6-aminopyridine-3-carboxamide,spid:EX000424,4,1,anchorboost_five,0.7014621475393441,0.9787843919153639,240,0.7336231832444362,172.0,4,7,9,12.0,21,high,False,fixed_maximin
6-aminopyridine-3-carboxamide,spid:EX000424,4,1,anchorboost_five,0.6220029489614705,0.8233555112272395,240,0.6729936123964454,180.0,4,7,9,12.0,21,high,False,uniform_random
6-aminopyridine-3-carboxamide,spid:EX000424,4,1,anchorboost_five,0.8142532308396941,0.9579449774584636,240,0.8149171534766778,204.0,4,7,9,12.0,21,high,False,model_disagreement
6-aminopyridine-3-carboxamide,spid:EX000424,4,1,cnp,0.9614773988723755,0.9614773988723755,240,0.9614773988723755,240.0,4,7,9,9.0,21,high,False,none
6-aminopyridine-3-carboxamide,spid:EX000424,4,1,cnp,0.7833738923072815,1.0930798053741455,240,0.7874182462692261,172.0,4,7,9,12.0,21,high,False,fixed_maximin
6-aminopyridine-3-carboxamide,spid:EX000424,4,1,cnp,0.6591913625597954,0.8701322376728058,240,0.7211080193519592,180.0,4,7,9,12.0,21,high,False,uniform_random
6-aminopyridine-3-carboxamide,spid:EX000424,4,1,cnp,0.9077129364013672,1.0678975582122803,240,0.898386538028717,204.0,4,7,9,12.0,21,high,False,model_disagreement
6-aminopyridine-3-carboxamide,spid:EX000424,4,2,interpolation,1.395164966583252,1.395164966583252,243,1.395164966583252,243.0,4,7,9,9.0,21,high,True,none
6-aminopyridine-3-carboxamide,spid:EX000424,4,2,interpolation,1.0551649332046509,1.4651719331741333,243,1.1623127460479736,175.0,4,7,9,12.0,21,high,True,fixed_maximin
6-aminopyridine-3-carboxamide,spid:EX000424,4,2,interpolation,1.0599597692489624,1.4336678832769394,243,1.046373724937439,182.25,4,7,9,12.0,21,high,True,uniform_random
6-aminopyridine-3-carboxamide,spid:EX000424,4,2,interpolation,0.7733111381530762,0.9211500287055969,243,0.7733111381530762,204.0,4,7,9,12.0,21,high,True,model_disagreement
6-aminopyridine-3-carboxamide,spid:EX000424,4,2,anchorboost_all,1.44775197098074,1.44775197098074,243,1.44775197098074,243.0,4,7,9,9.0,21,high,True,none
6-aminopyridine-3-carboxamide,spid:EX000424,4,2,anchorboost_all,1.3229798368863213,1.8370520020764347,243,1.3178374591889876,175.0,4,7,9,12.0,21,high,True,fixed_maximin
6-aminopyridine-3-carboxamide,spid:EX000424,4,2,anchorboost_all,1.116584085919555,1.521273526001406,243,1.0858139782355551,182.25,4,7,9,12.0,21,high,True,uniform_random
6-aminopyridine-3-carboxamide,spid:EX000424,4,2,anchorboost_all,0.5913673500519292,0.7044228728559745,243,0.5593340527134079,204.0,4,7,9,12.0,21,high,True,model_disagreement
6-aminopyridine-3-carboxamide,spid:EX000424,4,2,anchorboost_five,1.455199985121133,1.455199985121133,243,1.455199985121133,243.0,4,7,9,9.0,21,high,True,none
6-aminopyridine-3-carboxamide,spid:EX000424,4,2,anchorboost_five,1.3643929716352126,1.8945570977563235,243,1.3286109705336324,175.0,4,7,9,12.0,21,high,True,fixed_maximin
6-aminopyridine-3-carboxamide,spid:EX000424,4,2,anchorboost_five,1.1607473550985905,1.581908068205261,243,1.0913999888408499,182.25,4,7,9,12.0,21,high,True,uniform_random
6-aminopyridine-3-carboxamide,spid:EX000424,4,2,anchorboost_five,0.6053355198067321,0.7210614280050779,243,0.5625954541293774,204.0,4,7,9,12.0,21,high,True,model_disagreement
6-aminopyridine-3-carboxamide,spid:EX000424,4,2,cnp,1.3368386030197144,1.3368386030197144,243,1.3368386030197144,243.0,4,7,9,9.0,21,high,True,none
6-aminopyridine-3-carboxamide,spid:EX000424,4,2,cnp,1.1669888496398926,1.6204475164413452,243,1.209441065788269,175.0,4,7,9,12.0,21,high,True,fixed_maximin
6-aminopyridine-3-carboxamide,spid:EX000424,4,2,cnp,1.0097724497318268,1.3747596144676208,243,1.0026289820671082,182.25,4,7,9,12.0,21,high,True,uniform_random
6-aminopyridine-3-carboxamide,spid:EX000424,4,2,cnp,0.554858922958374,0.6609348058700562,243,0.544782280921936,204.0,4,7,9,12.0,21,high,True,model_disagreement
6-aminopyridine-3-carboxamide,spid:EX000424,4,3,interpolation,1.7142207622528076,1.7142207622528076,243,1.7142207622528076,243.0,4,7,9,9.0,21,high,True,none
6-aminopyridine-3-carboxamide,spid:EX000424,4,3,interpolation,1.5677694082260132,2.176959753036499,243,1.488007664680481,175.0,4,7,9,12.0,21,high,True,fixed_maximin
6-aminopyridine-3-carboxamide,spid:EX000424,4,3,interpolation,1.3897168636322021,1.8624576032161713,243,1.285665586590767,182.25,4,7,9,12.0,21,high,True,uniform_random
6-aminopyridine-3-carboxamide,spid:EX000424,4,3,interpolation,1.3630239963531494,1.6236021518707275,243,1.2471096515655518,204.0,4,7,9,12.0,21,high,True,model_disagreement
6-aminopyridine-3-carboxamide,spid:EX000424,4,3,anchorboost_all,1.8250127661817748,1.8250127661817748,243,1.8250127661817748,243.0,4,7,9,9.0,21,high,True,none
6-aminopyridine-3-carboxamide,spid:EX000424,4,3,anchorboost_all,1.6545481395316866,2.2974582737497142,243,1.6027645026687707,175.0,4,7,9,12.0,21,high,True,fixed_maximin
6-aminopyridine-3-carboxamide,spid:EX000424,4,3,anchorboost_all,1.5227854759479276,2.041972668604544,243,1.3687595746363312,182.25,4,7,9,12.0,21,high,True,uniform_random
6-aminopyridine-3-carboxamide,spid:EX000424,4,3,anchorboost_all,1.4696167699778393,1.7505729171794855,243,1.0533645708470247,204.0,4,7,9,12.0,21,high,True,model_disagreement
6-aminopyridine-3-carboxamide,spid:EX000424,4,3,anchorboost_five,1.9486406547409219,1.9486406547409219,243,1.9486406547409219,243.0,4,7,9,9.0,21,high,True,none
6-aminopyridine-3-carboxamide,spid:EX000424,4,3,anchorboost_five,1.7756663847395016,2.465639608523994,243,1.718260262272917,175.0,4,7,9,12.0,21,high,True,fixed_maximin
6-aminopyridine-3-carboxamide,spid:EX000424,4,3,anchorboost_five,1.584301144154392,2.13065171876056,243,1.4614804910556911,182.25,4,7,9,12.0,21,high,True,uniform_random
6-aminopyridine-3-carboxamide,spid:EX000424,4,3,anchorboost_five,1.403553261398908,1.6718796201957578,243,1.0911081667711913,204.0,4,7,9,12.0,21,high,True,model_disagreement
6-aminopyridine-3-carboxamide,spid:EX000424,4,3,cnp,1.5739655494689941,1.5739655494689941,243,1.5739655494689941,243.0,4,7,9,9.0,21,high,True,none
6-aminopyridine-3-carboxamide,spid:EX000424,4,3,cnp,1.4333611726760864,1.9903241395950317,243,1.368943452835083,175.0,4,7,9,12.0,21,high,True,fixed_maximin
6-aminopyridine-3-carboxamide,spid:EX000424,4,3,cnp,1.360549122095108,1.818326473236084,243,1.1804741472005844,182.25,4,7,9,12.0,21,high,True,uniform_random
6-aminopyridine-3-carboxamide,spid:EX000424,4,3,cnp,1.4365744590759277,1.7112138271331787,243,1.1959704160690308,204.0,4,7,9,12.0,21,high,True,model_disagreement
6-aminopyridine-3-carboxamide,spid:EX000424,4,4,interpolation,1.8052242994308472,1.8052242994308472,243,1.8052242994308472,243.0,4,7,9,9.0,21,high,True,none
6-aminopyridine-3-carboxamide,spid:EX000424,4,4,interpolation,1.5677694082260132,2.176959753036499,243,1.5677694082260132,175.0,4,7,9,12.0,21,high,True,fixed_maximin
6-aminopyridine-3-carboxamide,spid:EX000424,4,4,interpolation,1.4215824604034424,1.9022143483161926,243,1.3539182394742966,182.25,4,7,9,12.0,21,high,True,uniform_random
6-aminopyridine-3-carboxamide,spid:EX000424,4,4,interpolation,1.4540274143218994,1.7320033311843872,243,1.3381131887435913,204.0,4,7,9,12.0,21,high,True,model_disagreement
6-aminopyridine-3-carboxamide,spid:EX000424,4,4,anchorboost_all,1.8137457246792825,1.8137457246792825,243,1.8137457246792825,243.0,4,7,9,9.0,21,high,True,none
6-aminopyridine-3-carboxamide,spid:EX000424,4,4,anchorboost_all,1.6545481395316866,2.2974582737497142,243,1.677195113991782,175.0,4,7,9,12.0,21,high,True,fixed_maximin
6-aminopyridine-3-carboxamide,spid:EX000424,4,4,anchorboost_all,1.4783513687786187,1.9814887785446926,243,1.3603092935094618,182.25,4,7,9,12.0,21,high,True,uniform_random
6-aminopyridine-3-carboxamide,spid:EX000424,4,4,anchorboost_all,1.4449749732074193,1.7212201886735434,243,1.0202652443647457,204.0,4,7,9,12.0,21,high,True,model_disagreement
6-aminopyridine-3-carboxamide,spid:EX000424,4,4,anchorboost_five,1.915918439373099,1.915918439373099,243,1.915918439373099,243.0,4,7,9,9.0,21,high,True,none
6-aminopyridine-3-carboxamide,spid:EX000424,4,4,anchorboost_five,1.7756663847395016,2.465639608523994,243,1.7623477890110557,175.0,4,7,9,12.0,21,high,True,fixed_maximin
6-aminopyridine-3-carboxamide,spid:EX000424,4,4,anchorboost_five,1.531383531543014,2.058809471811923,243,1.4369388295298244,182.25,4,7,9,12.0,21,high,True,uniform_random
6-aminopyridine-3-carboxamide,spid:EX000424,4,4,anchorboost_five,1.3703682599487126,1.6323504272918488,243,1.0657264142449283,204.0,4,7,9,12.0,21,high,True,model_disagreement
6-aminopyridine-3-carboxamide,spid:EX000424,4,4,cnp,1.5849213600158691,1.5849213600158691,243,1.5849213600158691,243.0,4,7,9,9.0,21,high,True,none
6-aminopyridine-3-carboxamide,spid:EX000424,4,4,cnp,1.4333611726760864,1.9903241395950317,243,1.4257886409759521,175.0,4,7,9,12.0,21,high,True,fixed_maximin
6-aminopyridine-3-carboxamide,spid:EX000424,4,4,cnp,1.3449781835079193,1.7969904243946075,243,1.1886910498142242,182.25,4,7,9,12.0,21,high,True,uniform_random
6-aminopyridine-3-carboxamide,spid:EX000424,4,4,cnp,1.4307911396026611,1.70432448387146,243,1.1978129148483276,204.0,4,7,9,12.0,21,high,True,model_disagreement
Acetamiprid,spid:EX000521,4,0,interpolation,1.5414599180221558,1.5414599180221558,272,1.5414599180221558,272.0,4,7,9,9.0,21,low,False,none
Acetamiprid,spid:EX000521,4,0,interpolation,0.9946461915969849,1.3261951208114624,272,0.8574945330619812,204.0,4,7,9,12.0,21,low,False,fixed_maximin
Acetamiprid,spid:EX000521,4,0,interpolation,1.1784183979034424,1.571224570274353,272,1.1560949236154556,204.0,4,7,9,12.0,21,low,False,uniform_random
Acetamiprid,spid:EX000521,4,0,interpolation,0.9946461915969849,1.3261951208114624,272,0.8574945330619812,204.0,4,7,9,12.0,21,low,False,model_disagreement
Acetamiprid,spid:EX000521,4,0,anchorboost_all,1.3292973933572887,1.3292973933572887,272,1.3292973933572887,272.0,4,7,9,9.0,21,low,False,none
Acetamiprid,spid:EX000521,4,0,anchorboost_all,0.966729734774326,1.2889729796991016,272,0.8897977381919897,204.0,4,7,9,12.0,21,low,False,fixed_maximin
Acetamiprid,spid:EX000521,4,0,anchorboost_all,1.0535435053133426,1.4047246737511239,272,0.9969730450179666,204.0,4,7,9,12.0,21,low,False,uniform_random
Acetamiprid,spid:EX000521,4,0,anchorboost_all,0.966729734774326,1.2889729796991016,272,0.8897977381919897,204.0,4,7,9,12.0,21,low,False,model_disagreement
Acetamiprid,spid:EX000521,4,0,anchorboost_five,1.4030289547287387,1.4030289547287387,272,1.4030289547287387,272.0,4,7,9,9.0,21,low,False,none
Acetamiprid,spid:EX000521,4,0,anchorboost_five,0.9850285315446679,1.3133713753928904,272,0.8990889824474804,204.0,4,7,9,12.0,21,low,False,fixed_maximin
Acetamiprid,spid:EX000521,4,0,anchorboost_five,1.0792447686057391,1.4389930248076521,272,1.052271716046554,204.0,4,7,9,12.0,21,low,False,uniform_random
Acetamiprid,spid:EX000521,4,0,anchorboost_five,0.9850285315446679,1.3133713753928904,272,0.8990889824474804,204.0,4,7,9,12.0,21,low,False,model_disagreement
Acetamiprid,spid:EX000521,4,0,cnp,1.344955563545227,1.344955563545227,272,1.344955563545227,272.0,4,7,9,9.0,21,low,False,none
Acetamiprid,spid:EX000521,4,0,cnp,0.9672444462776184,1.2896592617034912,272,0.8472456932067871,204.0,4,7,9,12.0,21,low,False,fixed_maximin
Acetamiprid,spid:EX000521,4,0,cnp,1.0376770049333572,1.3835693001747131,272,1.0087166279554367,204.0,4,7,9,12.0,21,low,False,uniform_random
Acetamiprid,spid:EX000521,4,0,cnp,0.9672444462776184,1.2896592617034912,272,0.8472456932067871,204.0,4,7,9,12.0,21,low,False,model_disagreement
Acetamiprid,spid:EX000521,4,1,interpolation,1.2951747179031372,1.2951747179031372,272,1.2951747179031372,272.0,4,7,9,9.0,21,low,True,none
Acetamiprid,spid:EX000521,4,1,interpolation,0.9946463108062744,1.3261951208114624,272,1.0222480297088623,204.0,4,7,9,12.0,21,low,True,fixed_maximin
Acetamiprid,spid:EX000521,4,1,interpolation,0.9911161661148071,1.321488231420517,272,0.9713810384273529,204.0,4,7,9,12.0,21,low,True,uniform_random
Acetamiprid,spid:EX000521,4,1,interpolation,0.9946463108062744,1.3261951208114624,272,1.0222480297088623,204.0,4,7,9,12.0,21,low,True,model_disagreement
Acetamiprid,spid:EX000521,4,1,anchorboost_all,1.2254541808260333,1.2254541808260333,272,1.2254541808260333,272.0,4,7,9,9.0,21,low,True,none
Acetamiprid,spid:EX000521,4,1,anchorboost_all,0.966729734774326,1.2889729796991016,272,0.9974651407659436,204.0,4,7,9,12.0,21,low,True,fixed_maximin
Acetamiprid,spid:EX000521,4,1,anchorboost_all,0.9240934526505139,1.2321246035340188,272,0.919090635619525,204.0,4,7,9,12.0,21,low,True,uniform_random
Acetamiprid,spid:EX000521,4,1,anchorboost_all,0.966729734774326,1.2889729796991016,272,0.9974651407659436,204.0,4,7,9,12.0,21,low,True,model_disagreement
Acetamiprid,spid:EX000521,4,1,anchorboost_five,1.2503729469737017,1.2503729469737017,272,1.2503729469737017,272.0,4,7,9,9.0,21,low,True,none
Acetamiprid,spid:EX000521,4,1,anchorboost_five,0.9850285315446679,1.3133713753928904,272,1.0163155914734758,204.0,4,7,9,12.0,21,low,True,fixed_maximin
Acetamiprid,spid:EX000521,4,1,anchorboost_five,0.9325595856822054,1.2434127809096074,272,0.9377797102302763,204.0,4,7,9,12.0,21,low,True,uniform_random
Acetamiprid,spid:EX000521,4,1,anchorboost_five,0.9850285315446679,1.3133713753928904,272,1.0163155914734758,204.0,4,7,9,12.0,21,low,True,model_disagreement
Acetamiprid,spid:EX000521,4,1,cnp,1.2236438989639282,1.2236438989639282,272,1.2236438989639282,272.0,4,7,9,9.0,21,low,True,none
Acetamiprid,spid:EX000521,4,1,cnp,0.9672444462776184,1.2896592617034912,272,0.9922289252281189,204.0,4,7,9,12.0,21,low,True,fixed_maximin
Acetamiprid,spid:EX000521,4,1,cnp,0.917713463306427,1.2236179411411285,272,0.9177329540252686,204.0,4,7,9,12.0,21,low,True,uniform_random
Acetamiprid,spid:EX000521,4,1,cnp,0.9672444462776184,1.2896592617034912,272,0.9922289252281189,204.0,4,7,9,12.0,21,low,True,model_disagreement
Acetamiprid,spid:EX000521,4,2,interpolation,1.575276255607605,1.575276255607605,272,1.575276255607605,272.0,4,7,9,9.0,21,low,False,none
Acetamiprid,spid:EX000521,4,2,interpolation,1.1672685146331787,1.556357979774475,272,1.2308412790298462,204.0,4,7,9,12.0,21,low,False,fixed_maximin
Acetamiprid,spid:EX000521,4,2,interpolation,1.1069393754005432,1.4759191870689392,272,1.1814571619033813,204.0,4,7,9,12.0,21,low,False,uniform_random
Acetamiprid,spid:EX000521,4,2,interpolation,0.9391685724258423,1.2522248029708862,272,0.9391685724258423,204.0,4,7,9,12.0,21,low,False,model_disagreement
Acetamiprid,spid:EX000521,4,2,anchorboost_all,1.3610188572728055,1.3610188572728055,272,1.3610188572728055,272.0,4,7,9,9.0,21,low,False,none
Acetamiprid,spid:EX000521,4,2,anchorboost_all,0.9333770095003481,1.2445026793337974,272,1.0164569587053816,204.0,4,7,9,12.0,21,low,False,fixed_maximin
Acetamiprid,spid:EX000521,4,2,anchorboost_all,0.931267012711788,1.2416893502823836,272,1.0207641429546042,204.0,4,7,9,12.0,21,low,False,uniform_random
Acetamiprid,spid:EX000521,4,2,anchorboost_all,0.8037767830488048,1.0717023773984065,272,0.8721597107830279,204.0,4,7,9,12.0,21,low,False,model_disagreement
Acetamiprid,spid:EX000521,4,2,anchorboost_five,1.4083743342128534,1.4083743342128534,272,1.4083743342128534,272.0,4,7,9,9.0,21,low,False,none
Acetamiprid,spid:EX000521,4,2,anchorboost_five,0.9276836354553956,1.2369115139405273,272,1.043704898221702,204.0,4,7,9,12.0,21,low,False,fixed_maximin
Acetamiprid,spid:EX000521,4,2,anchorboost_five,0.9410580865973975,1.2547441154631966,272,1.0562807506596403,204.0,4,7,9,12.0,21,low,False,uniform_random
Acetamiprid,spid:EX000521,4,2,anchorboost_five,0.7994357374999708,1.0659143166666276,272,0.9131696617576388,204.0,4,7,9,12.0,21,low,False,model_disagreement
Acetamiprid,spid:EX000521,4,2,cnp,1.3982032537460327,1.3982032537460327,272,1.3982032537460327,272.0,4,7,9,9.0,21,low,False,none
Acetamiprid,spid:EX000521,4,2,cnp,0.9302629828453064,1.2403504848480225,272,1.0332162380218506,204.0,4,7,9,12.0,21,low,False,fixed_maximin
Acetamiprid,spid:EX000521,4,2,cnp,0.9620853066444397,1.2827803790569305,272,1.0486524403095245,204.0,4,7,9,12.0,21,low,False,uniform_random
Acetamiprid,spid:EX000521,4,2,cnp,0.8536635041236877,1.1382180452346802,272,0.8914741277694702,204.0,4,7,9,12.0,21,low,False,model_disagreement
Acetamiprid,spid:EX000521,4,3,interpolation,1.5731803178787231,1.5731803178787231,272,1.5731803178787231,272.0,4,7,9,9.0,21,high,False,none
Acetamiprid,spid:EX000521,4,3,interpolation,1.0263667106628418,1.3684890270233154,272,0.8892149925231934,204.0,4,7,9,12.0,21,high,False,fixed_maximin
Acetamiprid,spid:EX000521,4,3,interpolation,1.2022087574005127,1.6029450297355652,272,1.1798852682113647,204.0,4,7,9,12.0,21,high,False,uniform_random
Acetamiprid,spid:EX000521,4,3,interpolation,1.1980706453323364,1.597427487373352,272,1.1980706453323364,204.0,4,7,9,12.0,21,high,False,model_disagreement
Acetamiprid,spid:EX000521,4,3,anchorboost_all,1.1381508976766095,1.1381508976766095,272,1.1381508976766095,272.0,4,7,9,9.0,21,high,False,none
Acetamiprid,spid:EX000521,4,3,anchorboost_all,0.7594029937235572,1.012537324964743,272,0.7062222655979256,204.0,4,7,9,12.0,21,high,False,fixed_maximin
Acetamiprid,spid:EX000521,4,3,anchorboost_all,0.8814038485528504,1.1752051314038003,272,0.853613173257457,204.0,4,7,9,12.0,21,high,False,uniform_random
Acetamiprid,spid:EX000521,4,3,anchorboost_all,0.8885008844658275,1.1846678459544366,272,0.8732930863468549,204.0,4,7,9,12.0,21,high,False,model_disagreement
Acetamiprid,spid:EX000521,4,3,anchorboost_five,1.1150958260638169,1.1150958260638169,272,1.1150958260638169,272.0,4,7,9,9.0,21,high,False,none
Acetamiprid,spid:EX000521,4,3,anchorboost_five,0.7637629782283386,1.018350637637785,272,0.6534372212356506,204.0,4,7,9,12.0,21,high,False,fixed_maximin
Acetamiprid,spid:EX000521,4,3,anchorboost_five,0.8959792943684689,1.1946390591579585,272,0.8363218695478627,204.0,4,7,9,12.0,21,high,False,uniform_random
Acetamiprid,spid:EX000521,4,3,anchorboost_five,0.9114095693324389,1.2152127591099182,272,0.8543008246710955,204.0,4,7,9,12.0,21,high,False,model_disagreement
Acetamiprid,spid:EX000521,4,3,cnp,1.2139973640441895,1.2139973640441895,272,1.2139973640441895,272.0,4,7,9,9.0,21,high,False,none
Acetamiprid,spid:EX000521,4,3,cnp,0.8153273463249207,1.0871031284332275,272,0.7014257311820984,204.0,4,7,9,12.0,21,high,False,fixed_maximin
Acetamiprid,spid:EX000521,4,3,cnp,0.9386809915304184,1.2515746653079987,272,0.9104979783296585,204.0,4,7,9,12.0,21,high,False,uniform_random
Acetamiprid,spid:EX000521,4,3,cnp,0.8985929489135742,1.1981240510940552,272,0.9046578407287598,204.0,4,7,9,12.0,21,high,False,model_disagreement
Acetamiprid,spid:EX000521,4,4,interpolation,1.6253763437271118,1.6253763437271118,272,1.6253763437271118,272.0,4,7,9,9.0,21,low,False,none
Acetamiprid,spid:EX000521,4,4,interpolation,1.0747346878051758,1.4329794645309448,272,0.8868381381034851,204.0,4,7,9,12.0,21,low,False,fixed_maximin
Acetamiprid,spid:EX000521,4,4,interpolation,1.1877683401107788,1.5836910605430603,272,1.2190323024988174,204.0,4,7,9,12.0,21,low,False,uniform_random
Acetamiprid,spid:EX000521,4,4,interpolation,1.0747346878051758,1.4329794645309448,272,0.8868381381034851,204.0,4,7,9,12.0,21,low,False,model_disagreement
Acetamiprid,spid:EX000521,4,4,anchorboost_all,1.2364063822770124,1.2364063822770124,272,1.2364063822770124,272.0,4,7,9,9.0,21,low,False,none
Acetamiprid,spid:EX000521,4,4,anchorboost_all,0.835399823716099,1.1138664316214655,272,0.8107189683592393,204.0,4,7,9,12.0,21,low,False,fixed_maximin
Acetamiprid,spid:EX000521,4,4,anchorboost_all,0.903831910126459,1.2051092135019452,272,0.9273047867077591,204.0,4,7,9,12.0,21,low,False,uniform_random
Acetamiprid,spid:EX000521,4,4,anchorboost_all,0.835399823716099,1.1138664316214655,272,0.8107189683592393,204.0,4,7,9,12.0,21,low,False,model_disagreement
Acetamiprid,spid:EX000521,4,4,anchorboost_five,1.1885668510916245,1.1885668510916245,272,1.1885668510916245,272.0,4,7,9,9.0,21,low,False,none
Acetamiprid,spid:EX000521,4,4,anchorboost_five,0.8478203896025136,1.1304271861366848,272,0.7489828660762369,204.0,4,7,9,12.0,21,low,False,fixed_maximin
Acetamiprid,spid:EX000521,4,4,anchorboost_five,0.9037202017876922,1.204960269050256,272,0.8914251383187184,204.0,4,7,9,12.0,21,low,False,uniform_random
Acetamiprid,spid:EX000521,4,4,anchorboost_five,0.8478203896025136,1.1304271861366848,272,0.7489828660762369,204.0,4,7,9,12.0,21,low,False,model_disagreement
Acetamiprid,spid:EX000521,4,4,cnp,1.1543071269989014,1.1543071269989014,272,1.1543071269989014,272.0,4,7,9,9.0,21,low,False,none
Acetamiprid,spid:EX000521,4,4,cnp,0.8110495209693909,1.0813994407653809,272,0.6822085380554199,204.0,4,7,9,12.0,21,low,False,fixed_maximin
Acetamiprid,spid:EX000521,4,4,cnp,0.8972238898277283,1.1962985396385193,272,0.8657303154468536,204.0,4,7,9,12.0,21,low,False,uniform_random
Acetamiprid,spid:EX000521,4,4,cnp,0.8110495209693909,1.0813994407653809,272,0.6822085380554199,204.0,4,7,9,12.0,21,low,False,model_disagreement
Atrazine,spid:TP0001649E05,4,0,interpolation,0.980220377445221,0.980220377445221,246,0.980220377445221,246.0,4,7,9,9.0,21,low,False,none
Atrazine,spid:TP0001649E05,4,0,interpolation,0.7069393992424011,0.9349843263626099,246,0.7882653474807739,186.0,4,7,9,12.0,21,low,False,fixed_maximin
Atrazine,spid:TP0001649E05,4,0,interpolation,0.6860000491142273,0.9146806597709656,246,0.7351652532815933,184.5,4,7,9,12.0,21,low,False,uniform_random
Atrazine,spid:TP0001649E05,4,0,interpolation,0.7052390575408936,0.9480262994766235,246,0.7065906524658203,183.0,4,7,9,12.0,21,low,False,model_disagreement
Atrazine,spid:TP0001649E05,4,0,anchorboost_all,0.7931099932096026,0.7931099932096026,246,0.7931099932096026,246.0,4,7,9,9.0,21,low,False,none
Atrazine,spid:TP0001649E05,4,0,anchorboost_all,0.6165625076510456,0.815453639151383,246,0.647912623274874,186.0,4,7,9,12.0,21,low,False,fixed_maximin
Atrazine,spid:TP0001649E05,4,0,anchorboost_all,0.5721713556897018,0.762698132619772,246,0.5948324949072019,184.5,4,7,9,12.0,21,low,False,uniform_random
Atrazine,spid:TP0001649E05,4,0,anchorboost_all,0.5587187952554525,0.7510646100155264,246,0.5506094069495544,183.0,4,7,9,12.0,21,low,False,model_disagreement
Atrazine,spid:TP0001649E05,4,0,anchorboost_five,0.7938178184203604,0.7938178184203604,246,0.7938178184203604,246.0,4,7,9,9.0,21,low,False,none
Atrazine,spid:TP0001649E05,4,0,anchorboost_five,0.6200319911327011,0.8200423108529273,246,0.6519263357927156,186.0,4,7,9,12.0,21,low,False,fixed_maximin
Atrazine,spid:TP0001649E05,4,0,anchorboost_five,0.5744390298101176,0.7656849102972099,246,0.5953633638152703,184.5,4,7,9,12.0,21,low,False,uniform_random
Atrazine,spid:TP0001649E05,4,0,anchorboost_five,0.5540363642675294,0.744770194589138,246,0.5448595808485629,183.0,4,7,9,12.0,21,low,False,model_disagreement
Atrazine,spid:TP0001649E05,4,0,cnp,0.7595406174659729,0.7595406174659729,246,0.7595406174659729,246.0,4,7,9,9.0,21,low,False,none
Atrazine,spid:TP0001649E05,4,0,cnp,0.5737659335136414,0.7588517665863037,246,0.5978662967681885,186.0,4,7,9,12.0,21,low,False,fixed_maximin
Atrazine,spid:TP0001649E05,4,0,cnp,0.5708306729793549,0.7611321806907654,246,0.5696554034948349,184.5,4,7,9,12.0,21,low,False,uniform_random
Atrazine,spid:TP0001649E05,4,0,cnp,0.5469545125961304,0.7352503538131714,246,0.5474615097045898,183.0,4,7,9,12.0,21,low,False,model_disagreement
Atrazine,spid:TP0001649E05,4,1,interpolation,0.8626477122306824,0.8626477122306824,246,0.8626477122306824,246.0,4,7,9,9.0,21,low,False,none
Atrazine,spid:TP0001649E05,4,1,interpolation,0.6736444234848022,0.8909490704536438,246,0.6736444234848022,186.0,4,7,9,12.0,21,low,False,fixed_maximin
Atrazine,spid:TP0001649E05,4,1,interpolation,0.6602122485637665,0.8799765706062317,246,0.6469857692718506,184.5,4,7,9,12.0,21,low,False,uniform_random
Atrazine,spid:TP0001649E05,4,1,interpolation,0.587666392326355,0.7899776697158813,246,0.5890179872512817,183.0,4,7,9,12.0,21,low,False,model_disagreement
Atrazine,spid:TP0001649E05,4,1,anchorboost_all,0.6958977053796244,0.6958977053796244,246,0.6958977053796244,246.0,4,7,9,9.0,21,low,False,none
Atrazine,spid:TP0001649E05,4,1,anchorboost_all,0.5734294317863523,0.758406667846466,246,0.5808194767550486,186.0,4,7,9,12.0,21,low,False,fixed_maximin
Atrazine,spid:TP0001649E05,4,1,anchorboost_all,0.5288038002360107,0.7047320018399444,246,0.5219232790347182,184.5,4,7,9,12.0,21,low,False,uniform_random
Atrazine,spid:TP0001649E05,4,1,anchorboost_all,0.4916831777717297,0.6609511570046203,246,0.4714719112151941,183.0,4,7,9,12.0,21,low,False,model_disagreement
Atrazine,spid:TP0001649E05,4,1,anchorboost_five,0.6938635666168997,0.6938635666168997,246,0.6938635666168997,246.0,4,7,9,9.0,21,low,False,none
Atrazine,spid:TP0001649E05,4,1,anchorboost_five,0.5813190727985553,0.7688413543464764,246,0.5766349110143131,186.0,4,7,9,12.0,21,low,False,fixed_maximin
Atrazine,spid:TP0001649E05,4,1,anchorboost_five,0.5283268066204684,0.704045866449211,246,0.5203976749626747,184.5,4,7,9,12.0,21,low,False,uniform_random
Atrazine,spid:TP0001649E05,4,1,anchorboost_five,0.48555947098566965,0.6527192888659822,246,0.4705343394638223,183.0,4,7,9,12.0,21,low,False,model_disagreement
Atrazine,spid:TP0001649E05,4,1,cnp,0.7049661874771118,0.7049661874771118,246,0.7049661874771118,246.0,4,7,9,9.0,21,low,False,none
Atrazine,spid:TP0001649E05,4,1,cnp,0.5726384520530701,0.7573606371879578,246,0.5630934834480286,186.0,4,7,9,12.0,21,low,False,fixed_maximin
Atrazine,spid:TP0001649E05,4,1,cnp,0.5529831275343895,0.737211063504219,246,0.5287246033549309,184.5,4,7,9,12.0,21,low,False,uniform_random
Atrazine,spid:TP0001649E05,4,1,cnp,0.49645552039146423,0.6673665046691895,246,0.49791523814201355,183.0,4,7,9,12.0,21,low,False,model_disagreement
Atrazine,spid:TP0001649E05,4,2,interpolation,0.9328808784484863,0.9328808784484863,249,0.9328808784484863,249.0,4,7,9,9.0,21,low,False,none
Atrazine,spid:TP0001649E05,4,2,interpolation,0.6610744595527649,0.8849868178367615,249,0.667252779006958,186.0,4,7,9,12.0,21,low,False,fixed_maximin
Atrazine,spid:TP0001649E05,4,2,interpolation,0.7105651348829269,0.9474651366472244,249,0.6996606439352036,186.75,4,7,9,12.0,21,low,False,uniform_random
Atrazine,spid:TP0001649E05,4,2,interpolation,0.6610744595527649,0.8849868178367615,249,0.667252779006958,186.0,4,7,9,12.0,21,low,False,model_disagreement
Atrazine,spid:TP0001649E05,4,2,anchorboost_all,0.8854221443305113,0.8854221443305113,249,0.8854221443305113,249.0,4,7,9,9.0,21,low,False,none
Atrazine,spid:TP0001649E05,4,2,anchorboost_all,0.5834819798200437,0.7811129729848972,249,0.6248679016718599,186.0,4,7,9,12.0,21,low,False,fixed_maximin
Atrazine,spid:TP0001649E05,4,2,anchorboost_all,0.6347145907029028,0.8463896961993351,249,0.6640666082478834,186.75,4,7,9,12.0,21,low,False,uniform_random
Atrazine,spid:TP0001649E05,4,2,anchorboost_all,0.5834819798200437,0.7811129729848972,249,0.6248679016718599,186.0,4,7,9,12.0,21,low,False,model_disagreement
Atrazine,spid:TP0001649E05,4,2,anchorboost_five,0.9144440978773191,0.9144440978773191,249,0.9144440978773191,249.0,4,7,9,9.0,21,low,False,none
Atrazine,spid:TP0001649E05,4,2,anchorboost_five,0.5786365484637851,0.7746263471370026,249,0.6322109790167277,186.0,4,7,9,12.0,21,low,False,fixed_maximin
Atrazine,spid:TP0001649E05,4,2,anchorboost_five,0.6244711916159602,0.8327299506846738,249,0.6858330734079894,186.75,4,7,9,12.0,21,low,False,uniform_random
Atrazine,spid:TP0001649E05,4,2,anchorboost_five,0.5786365484637851,0.7746263471370026,249,0.6322109790167277,186.0,4,7,9,12.0,21,low,False,model_disagreement
Atrazine,spid:TP0001649E05,4,2,cnp,1.2132773399353027,1.2132773399353027,249,1.2132773399353027,249.0,4,7,9,9.0,21,low,False,none
Atrazine,spid:TP0001649E05,4,2,cnp,0.6007816791534424,0.8042722344398499,249,0.6893961429595947,186.0,4,7,9,12.0,21,low,False,fixed_maximin
Atrazine,spid:TP0001649E05,4,2,cnp,0.8475284725427628,1.131353422999382,249,0.9099579751491547,186.75,4,7,9,12.0,21,low,False,uniform_random
Atrazine,spid:TP0001649E05,4,2,cnp,0.6007816791534424,0.8042722344398499,249,0.6893961429595947,186.0,4,7,9,12.0,21,low,False,model_disagreement
Atrazine,spid:TP0001649E05,4,3,interpolation,0.9654260277748108,0.9654260277748108,243,0.9654260277748108,243.0,4,7,9,9.0,21,low,True,none
Atrazine,spid:TP0001649E05,4,3,interpolation,0.633207380771637,0.8408164978027344,243,0.7505224347114563,183.0,4,7,9,12.0,21,low,True,fixed_maximin
Atrazine,spid:TP0001649E05,4,3,interpolation,0.6490970402956009,0.8653843402862549,243,0.7240695208311081,182.25,4,7,9,12.0,21,low,True,uniform_random
Atrazine,spid:TP0001649E05,4,3,interpolation,0.713945746421814,0.9480262994766235,243,0.726670503616333,183.0,4,7,9,12.0,21,low,True,model_disagreement
Atrazine,spid:TP0001649E05,4,3,anchorboost_all,0.7572763968558425,0.7572763968558425,243,0.7572763968558425,243.0,4,7,9,9.0,21,low,True,none
Atrazine,spid:TP0001649E05,4,3,anchorboost_all,0.5700912220244916,0.7570063767866201,243,0.608199098785138,183.0,4,7,9,12.0,21,low,True,fixed_maximin
Atrazine,spid:TP0001649E05,4,3,anchorboost_all,0.5423291920601397,0.7228925736808889,243,0.5679572976418817,182.25,4,7,9,12.0,21,low,True,uniform_random
Atrazine,spid:TP0001649E05,4,3,anchorboost_all,0.5656165581598408,0.7510646100155264,243,0.5602388324594998,183.0,4,7,9,12.0,21,low,True,model_disagreement
Atrazine,spid:TP0001649E05,4,3,anchorboost_five,0.7532515505101972,0.7532515505101972,243,0.7532515505101972,243.0,4,7,9,9.0,21,low,True,none
Atrazine,spid:TP0001649E05,4,3,anchorboost_five,0.573214410861803,0.7611535619640334,243,0.6079352904462425,183.0,4,7,9,12.0,21,low,True,fixed_maximin
Atrazine,spid:TP0001649E05,4,3,anchorboost_five,0.5389043028715306,0.718318102262789,243,0.564938662882648,182.25,4,7,9,12.0,21,low,True,uniform_random
Atrazine,spid:TP0001649E05,4,3,anchorboost_five,0.5608763193819434,0.744770194589138,243,0.5519560094801036,183.0,4,7,9,12.0,21,low,True,model_disagreement
Atrazine,spid:TP0001649E05,4,3,cnp,0.8068177700042725,0.8068177700042725,243,0.8068177700042725,243.0,4,7,9,9.0,21,low,True,none
Atrazine,spid:TP0001649E05,4,3,cnp,0.5655955672264099,0.7510368227958679,243,0.6296995282173157,183.0,4,7,9,12.0,21,low,True,fixed_maximin
Atrazine,spid:TP0001649E05,4,3,cnp,0.5624893307685852,0.7499960511922836,243,0.6051133126020432,182.25,4,7,9,12.0,21,low,True,uniform_random
Atrazine,spid:TP0001649E05,4,3,cnp,0.5537070631980896,0.7352503538131714,243,0.5841028094291687,183.0,4,7,9,12.0,21,low,True,model_disagreement
Atrazine,spid:TP0001649E05,4,4,interpolation,0.8862212896347046,0.8862212896347046,246,0.8862212896347046,246.0,4,7,9,9.0,21,low,False,none
Atrazine,spid:TP0001649E05,4,4,interpolation,0.6954695582389832,0.9198145866394043,246,0.6907586455345154,186.0,4,7,9,12.0,21,low,False,fixed_maximin
Atrazine,spid:TP0001649E05,4,4,interpolation,0.6647205054759979,0.8859700709581375,246,0.664665937423706,184.5,4,7,9,12.0,21,low,False,uniform_random
Atrazine,spid:TP0001649E05,4,4,interpolation,0.6006972789764404,0.8074946403503418,246,0.6006972789764404,183.0,4,7,9,12.0,21,low,False,model_disagreement
Atrazine,spid:TP0001649E05,4,4,anchorboost_all,0.739229769204648,0.739229769204648,246,0.739229769204648,246.0,4,7,9,9.0,21,low,False,none
Atrazine,spid:TP0001649E05,4,4,anchorboost_all,0.6074299506196603,0.803375095980841,246,0.5990852428793977,186.0,4,7,9,12.0,21,low,False,fixed_maximin
Atrazine,spid:TP0001649E05,4,4,anchorboost_all,0.5656748204879799,0.7538734005341315,246,0.554422326903486,184.5,4,7,9,12.0,21,low,False,uniform_random
Atrazine,spid:TP0001649E05,4,4,anchorboost_all,0.515817933358936,0.6933945989415204,246,0.49619532346045214,183.0,4,7,9,12.0,21,low,False,model_disagreement
Atrazine,spid:TP0001649E05,4,4,anchorboost_five,0.7317830447054645,0.7317830447054645,246,0.7317830447054645,246.0,4,7,9,9.0,21,low,False,none
Atrazine,spid:TP0001649E05,4,4,anchorboost_five,0.5926862627009627,0.7838753797012733,246,0.5909933313231364,186.0,4,7,9,12.0,21,low,False,fixed_maximin
Atrazine,spid:TP0001649E05,4,4,anchorboost_five,0.559139308555937,0.7452037402561988,246,0.5488372835290984,184.5,4,7,9,12.0,21,low,False,uniform_random
Atrazine,spid:TP0001649E05,4,4,anchorboost_five,0.5086422480874657,0.683748595789708,246,0.4935230463282213,183.0,4,7,9,12.0,21,low,False,model_disagreement
Atrazine,spid:TP0001649E05,4,4,cnp,0.8080373406410217,0.8080373406410217,246,0.8080373406410217,246.0,4,7,9,9.0,21,low,False,none
Atrazine,spid:TP0001649E05,4,4,cnp,0.6416516900062561,0.8486360907554626,246,0.6380394697189331,186.0,4,7,9,12.0,21,low,False,fixed_maximin
Atrazine,spid:TP0001649E05,4,4,cnp,0.608712375164032,0.8111637830734253,246,0.6060280501842499,184.5,4,7,9,12.0,21,low,False,uniform_random
Atrazine,spid:TP0001649E05,4,4,cnp,0.5340416431427002,0.7178921103477478,246,0.5350585579872131,183.0,4,7,9,12.0,21,low,False,model_disagreement
Bensulide,spid:ES216_EX000010,4,0,interpolation,1.087916612625122,1.087916612625122,256,1.087916612625122,256.0,4,7,18,18.0,42,high,True,none
Bensulide,spid:ES216_EX000010,4,0,interpolation,0.8177645802497864,1.1135518550872803,256,0.8834289312362671,188.0,4,7,18,24.0,42,high,True,fixed_maximin
Bensulide,spid:ES216_EX000010,4,0,interpolation,0.7826461642980576,1.0507902652025223,256,0.8159374445676804,192.0,4,7,18,24.0,42,high,True,uniform_random
Bensulide,spid:ES216_EX000010,4,0,interpolation,0.5595781803131104,0.7022157311439514,256,0.5595781803131104,204.0,4,7,18,24.0,42,high,True,model_disagreement
Bensulide,spid:ES216_EX000010,4,0,anchorboost_all,1.162969529714691,1.162969529714691,256,1.162969529714691,256.0,4,7,18,18.0,42,high,True,none
Bensulide,spid:ES216_EX000010,4,0,anchorboost_all,0.9537565176171803,1.298732279308501,256,1.0007713414721315,188.0,4,7,18,24.0,42,high,True,fixed_maximin
Bensulide,spid:ES216_EX000010,4,0,anchorboost_all,0.8452555162275731,1.1391221023575735,256,0.8722271472860182,192.0,4,7,18,24.0,42,high,True,uniform_random
Bensulide,spid:ES216_EX000010,4,0,anchorboost_all,0.44434883774522926,0.557614227758719,256,0.43709854801717196,204.0,4,7,18,24.0,42,high,True,model_disagreement
Bensulide,spid:ES216_EX000010,4,0,anchorboost_five,1.1698733491165467,1.1698733491165467,256,1.1698733491165467,256.0,4,7,18,18.0,42,high,True,none
Bensulide,spid:ES216_EX000010,4,0,anchorboost_five,0.9693568948728475,1.319975346209835,256,1.013183322118308,188.0,4,7,18,24.0,42,high,True,fixed_maximin
Bensulide,spid:ES216_EX000010,4,0,anchorboost_five,0.8522859040525078,1.1487573130651434,256,0.8774050118374099,192.0,4,7,18,24.0,42,high,True,uniform_random
Bensulide,spid:ES216_EX000010,4,0,anchorboost_five,0.4420298657849596,0.5547041452987729,256,0.43396004094676205,204.0,4,7,18,24.0,42,high,True,model_disagreement
Bensulide,spid:ES216_EX000010,4,0,cnp,1.0558655261993408,1.0558655261993408,256,1.0558655261993408,256.0,4,7,18,18.0,42,high,True,none
Bensulide,spid:ES216_EX000010,4,0,cnp,0.8871030211448669,1.2079700231552124,256,0.9086657166481018,188.0,4,7,18,24.0,42,high,True,fixed_maximin
Bensulide,spid:ES216_EX000010,4,0,cnp,0.7914984375238419,1.0668942332267761,256,0.7918991670012474,192.0,4,7,18,24.0,42,high,True,uniform_random
Bensulide,spid:ES216_EX000010,4,0,cnp,0.40789544582366943,0.5118687152862549,256,0.4054499566555023,204.0,4,7,18,24.0,42,high,True,model_disagreement
Bensulide,spid:ES216_EX000010,4,1,interpolation,2.247026205062866,2.247026205062866,224,2.247026205062866,224.0,4,7,18,18.0,42,low,False,none
Bensulide,spid:ES216_EX000010,4,1,interpolation,0.9345881342887878,1.1135518550872803,224,1.157151460647583,188.0,4,7,18,24.0,42,low,False,fixed_maximin
Bensulide,spid:ES216_EX000010,4,1,interpolation,1.500846415758133,2.067718416452408,224,1.6852696239948273,168.0,4,7,18,24.0,42,low,False,uniform_random
Bensulide,spid:ES216_EX000010,4,1,interpolation,0.9345881342887878,1.1135518550872803,224,1.157151460647583,188.0,4,7,18,24.0,42,low,False,model_disagreement
Bensulide,spid:ES216_EX000010,4,1,anchorboost_all,1.6219364160050511,1.6219364160050511,224,1.6219364160050511,224.0,4,7,18,18.0,42,low,False,none
Bensulide,spid:ES216_EX000010,4,1,anchorboost_all,1.0900074487053488,1.298732279308501,224,1.1018346110226391,188.0,4,7,18,24.0,42,low,False,fixed_maximin
Bensulide,spid:ES216_EX000010,4,1,anchorboost_all,1.1550595105802466,1.5707285782122262,224,1.2164523120037884,168.0,4,7,18,24.0,42,low,False,uniform_random
Bensulide,spid:ES216_EX000010,4,1,anchorboost_all,1.0900074487053488,1.298732279308501,224,1.1018346110226391,188.0,4,7,18,24.0,42,low,False,model_disagreement
Bensulide,spid:ES216_EX000010,4,1,anchorboost_five,1.6477599739463298,1.6477599739463298,224,1.6477599739463298,224.0,4,7,18,18.0,42,low,False,none
Bensulide,spid:ES216_EX000010,4,1,anchorboost_five,1.1078364512832544,1.319975346209835,224,1.092106760721846,188.0,4,7,18,24.0,42,low,False,fixed_maximin
Bensulide,spid:ES216_EX000010,4,1,anchorboost_five,1.2311896555724982,1.6764595286597426,224,1.2358199804597472,168.0,4,7,18,24.0,42,low,False,uniform_random
Bensulide,spid:ES216_EX000010,4,1,anchorboost_five,1.1078364512832544,1.319975346209835,224,1.092106760721846,188.0,4,7,18,24.0,42,low,False,model_disagreement
Bensulide,spid:ES216_EX000010,4,1,cnp,1.2885180711746216,1.2885180711746216,224,1.2885180711746216,224.0,4,7,18,18.0,42,low,False,none
Bensulide,spid:ES216_EX000010,4,1,cnp,1.0138319730758667,1.2079700231552124,224,1.0589640140533447,188.0,4,7,18,24.0,42,low,False,fixed_maximin
Bensulide,spid:ES216_EX000010,4,1,cnp,0.9879861772060394,1.3395279794931412,224,0.9663884788751602,168.0,4,7,18,24.0,42,low,False,uniform_random
Bensulide,spid:ES216_EX000010,4,1,cnp,1.0138319730758667,1.2079700231552124,224,1.0589640140533447,188.0,4,7,18,24.0,42,low,False,model_disagreement
Bensulide,spid:ES216_EX000010,4,2,interpolation,1.458458662033081,1.458458662033081,256,1.458458662033081,256.0,4,7,18,18.0,42,high,True,none
Bensulide,spid:ES216_EX000010,4,2,interpolation,1.1883068084716797,1.618119716644287,256,1.253970980644226,188.0,4,7,18,24.0,42,high,True,fixed_maximin
Bensulide,spid:ES216_EX000010,4,2,interpolation,1.0460745692253113,1.4011540114879608,256,1.0938439667224884,192.0,4,7,18,24.0,42,high,True,uniform_random
Bensulide,spid:ES216_EX000010,4,2,interpolation,0.8722075819969177,1.094534993171692,256,0.874484658241272,204.0,4,7,18,24.0,42,high,True,model_disagreement
Bensulide,spid:ES216_EX000010,4,2,anchorboost_all,1.3431106909508383,1.3431106909508383,256,1.3431106909508383,256.0,4,7,18,18.0,42,high,True,none
Bensulide,spid:ES216_EX000010,4,2,anchorboost_all,1.1351403238421471,1.5457229941680302,256,1.1810802965872729,188.0,4,7,18,24.0,42,high,True,fixed_maximin
Bensulide,spid:ES216_EX000010,4,2,anchorboost_all,0.9738575439756483,1.3103887478907323,256,1.0073330182131286,192.0,4,7,18,24.0,42,high,True,uniform_random
Bensulide,spid:ES216_EX000010,4,2,anchorboost_all,0.5885811694129711,0.7386116635770617,256,0.6111703652849643,204.0,4,7,18,24.0,42,high,True,model_disagreement
Bensulide,spid:ES216_EX000010,4,2,anchorboost_five,1.3010215812481292,1.3010215812481292,256,1.3010215812481292,256.0,4,7,18,18.0,42,high,True,none
Bensulide,spid:ES216_EX000010,4,2,anchorboost_five,1.0835065991390578,1.4754132413808447,256,1.1349378758236215,188.0,4,7,18,24.0,42,high,True,fixed_maximin
Bensulide,spid:ES216_EX000010,4,2,anchorboost_five,0.9617176761370655,1.2934567428829384,256,0.9757661859360968,192.0,4,7,18,24.0,42,high,True,uniform_random
Bensulide,spid:ES216_EX000010,4,2,anchorboost_five,0.6036044097027938,0.7574643572740941,256,0.6219909505510892,204.0,4,7,18,24.0,42,high,True,model_disagreement
Bensulide,spid:ES216_EX000010,4,2,cnp,1.3693002462387085,1.3693002462387085,256,1.3693002462387085,256.0,4,7,18,18.0,42,high,True,none
Bensulide,spid:ES216_EX000010,4,2,cnp,1.1877890825271606,1.6174150705337524,256,1.2215771675109863,188.0,4,7,18,24.0,42,high,True,fixed_maximin
Bensulide,spid:ES216_EX000010,4,2,cnp,0.985312432050705,1.3260719180107117,256,1.0269752144813538,192.0,4,7,18,24.0,42,high,True,uniform_random
Bensulide,spid:ES216_EX000010,4,2,cnp,0.5853996276855469,0.734619140625,256,0.6020793914794922,204.0,4,7,18,24.0,42,high,True,model_disagreement
Bensulide,spid:ES216_EX000010,4,3,interpolation,1.2788630723953247,1.2788630723953247,240,1.2788630723953247,240.0,4,7,18,18.0,42,high,False,none
Bensulide,spid:ES216_EX000010,4,3,interpolation,0.8451501131057739,1.1792792081832886,240,0.9845597743988037,172.0,4,7,18,24.0,42,high,False,fixed_maximin
Bensulide,spid:ES216_EX000010,4,3,interpolation,0.8594090193510056,1.1585496664047241,240,0.9591473042964935,180.0,4,7,18,24.0,42,high,False,uniform_random
Bensulide,spid:ES216_EX000010,4,3,interpolation,0.7424342632293701,0.8734520673751831,240,0.7424342632293701,204.0,4,7,18,24.0,42,high,False,model_disagreement
Bensulide,spid:ES216_EX000010,4,3,anchorboost_all,0.9139499143197128,0.9139499143197128,240,0.9139499143197128,240.0,4,7,18,18.0,42,high,False,none
Bensulide,spid:ES216_EX000010,4,3,anchorboost_all,0.593008329913327,0.8274534835999912,240,0.6965574661051297,172.0,4,7,18,24.0,42,high,False,fixed_maximin
Bensulide,spid:ES216_EX000010,4,3,anchorboost_all,0.6100918313743757,0.8211174363071778,240,0.6854624357397847,180.0,4,7,18,24.0,42,high,False,uniform_random
Bensulide,spid:ES216_EX000010,4,3,anchorboost_all,0.5514205515329063,0.6487300606269486,240,0.5511190800952235,204.0,4,7,18,24.0,42,high,False,model_disagreement
Bensulide,spid:ES216_EX000010,4,3,anchorboost_five,0.9775233812038084,0.9775233812038084,240,0.9775233812038084,240.0,4,7,18,18.0,42,high,False,none
Bensulide,spid:ES216_EX000010,4,3,anchorboost_five,0.6627363547023606,0.9247484019102706,240,0.7726209417260079,172.0,4,7,18,24.0,42,high,False,fixed_maximin
Bensulide,spid:ES216_EX000010,4,3,anchorboost_five,0.6428180617064371,0.8685172007028481,240,0.7331425359028563,180.0,4,7,18,24.0,42,high,False,uniform_random
Bensulide,spid:ES216_EX000010,4,3,anchorboost_five,0.5197087306695972,0.6114220360818791,240,0.5447746509212662,204.0,4,7,18,24.0,42,high,False,model_disagreement
Bensulide,spid:ES216_EX000010,4,3,cnp,0.7253873348236084,0.7253873348236084,240,0.7253873348236084,240.0,4,7,18,18.0,42,high,False,none
Bensulide,spid:ES216_EX000010,4,3,cnp,0.47994792461395264,0.6696948409080505,240,0.5238348841667175,172.0,4,7,18,24.0,42,high,False,fixed_maximin
Bensulide,spid:ES216_EX000010,4,3,cnp,0.5240186452865601,0.7043258845806122,240,0.5440404713153839,180.0,4,7,18,24.0,42,high,False,uniform_random
Bensulide,spid:ES216_EX000010,4,3,cnp,0.49091988801956177,0.577552855014801,240,0.5027686953544617,204.0,4,7,18,24.0,42,high,False,model_disagreement
Bensulide,spid:ES216_EX000010,4,4,interpolation,1.4667836427688599,1.4667836427688599,240,1.4667836427688599,240.0,4,7,18,18.0,42,high,False,none
Bensulide,spid:ES216_EX000010,4,4,interpolation,1.1786214113235474,1.6445882320404053,240,1.2486634254455566,172.0,4,7,18,24.0,42,high,False,fixed_maximin
Bensulide,spid:ES216_EX000010,4,4,interpolation,1.0645770132541656,1.4345476627349854,240,1.100087732076645,180.0,4,7,18,24.0,42,high,False,uniform_random
Bensulide,spid:ES216_EX000010,4,4,interpolation,0.9303548336029053,1.094534993171692,240,0.9303548336029053,204.0,4,7,18,24.0,42,high,False,model_disagreement
Bensulide,spid:ES216_EX000010,4,4,anchorboost_all,1.0066573216403283,1.0066573216403283,240,1.0066573216403283,240.0,4,7,18,18.0,42,high,False,none
Bensulide,spid:ES216_EX000010,4,4,anchorboost_all,0.8195873568641053,1.143610265391775,240,0.8591332746776655,172.0,4,7,18,24.0,42,high,False,fixed_maximin
Bensulide,spid:ES216_EX000010,4,4,anchorboost_all,0.7144915979795006,0.962610989572463,240,0.7549929912302462,180.0,4,7,18,24.0,42,high,False,uniform_random
Bensulide,spid:ES216_EX000010,4,4,anchorboost_all,0.6278199140405024,0.7386116635770617,240,0.6656930182294809,204.0,4,7,18,24.0,42,high,False,model_disagreement
Bensulide,spid:ES216_EX000010,4,4,anchorboost_five,1.0553932747396153,1.0553932747396153,240,1.0553932747396153,240.0,4,7,18,18.0,42,high,False,none
Bensulide,spid:ES216_EX000010,4,4,anchorboost_five,0.8729743789801269,1.2181037846234326,240,0.9031162491240335,172.0,4,7,18,24.0,42,high,False,fixed_maximin
Bensulide,spid:ES216_EX000010,4,4,anchorboost_five,0.7569363122393841,1.020959302786392,240,0.7915449560547114,180.0,4,7,18,24.0,42,high,False,uniform_random
Bensulide,spid:ES216_EX000010,4,4,anchorboost_five,0.6438447036829801,0.7574643572740941,240,0.677261880646675,204.0,4,7,18,24.0,42,high,False,model_disagreement
Bensulide,spid:ES216_EX000010,4,4,cnp,0.9011942744255066,0.9011942744255066,240,0.9011942744255066,240.0,4,7,18,18.0,42,high,False,none
Bensulide,spid:ES216_EX000010,4,4,cnp,0.7301042079925537,1.0187499523162842,240,0.743124783039093,172.0,4,7,18,24.0,42,high,False,fixed_maximin
Bensulide,spid:ES216_EX000010,4,4,cnp,0.6594809293746948,0.8860375732183456,240,0.6758956611156464,180.0,4,7,18,24.0,42,high,False,uniform_random
Bensulide,spid:ES216_EX000010,4,4,cnp,0.6244262456893921,0.734619140625,240,0.6252370476722717,204.0,4,7,18,24.0,42,high,False,model_disagreement
CP-409092,spid:TP0001649A06,4,0,interpolation,1.1865010261535645,1.1865010261535645,212,1.1865010261535645,212.0,4,7,9,9.0,21,low,False,none
CP-409092,spid:TP0001649A06,4,0,interpolation,0.8296104073524475,1.065923810005188,212,0.7987947463989258,165.0,4,7,9,12.0,21,low,False,fixed_maximin
CP-409092,spid:TP0001649A06,4,0,interpolation,0.8846806287765503,1.1810220181941986,212,0.8898757994174957,159.0,4,7,9,12.0,21,low,False,uniform_random
CP-409092,spid:TP0001649A06,4,0,interpolation,0.8296104073524475,1.065923810005188,212,0.7987947463989258,165.0,4,7,9,12.0,21,low,False,model_disagreement
CP-409092,spid:TP0001649A06,4,0,anchorboost_all,0.9375388481587985,0.9375388481587985,212,0.9375388481587985,212.0,4,7,9,9.0,21,low,False,none
CP-409092,spid:TP0001649A06,4,0,anchorboost_all,0.6275557510128528,0.8063140558468171,212,0.6310214453962717,165.0,4,7,9,12.0,21,low,False,fixed_maximin
CP-409092,spid:TP0001649A06,4,0,anchorboost_all,0.6960129884447361,0.9295676779528053,212,0.7031541361190989,159.0,4,7,9,12.0,21,low,False,uniform_random
CP-409092,spid:TP0001649A06,4,0,anchorboost_all,0.6275557510128528,0.8063140558468171,212,0.6310214453962717,165.0,4,7,9,12.0,21,low,False,model_disagreement
CP-409092,spid:TP0001649A06,4,0,anchorboost_five,0.9082725106037611,0.9082725106037611,212,0.9082725106037611,212.0,4,7,9,9.0,21,low,False,none
CP-409092,spid:TP0001649A06,4,0,anchorboost_five,0.6194095136907466,0.7958473751662926,212,0.6088769457211614,165.0,4,7,9,12.0,21,low,False,fixed_maximin
CP-409092,spid:TP0001649A06,4,0,anchorboost_five,0.6962532172560504,0.930025396865924,212,0.6812043829528208,159.0,4,7,9,12.0,21,low,False,uniform_random
CP-409092,spid:TP0001649A06,4,0,anchorboost_five,0.6194095136907466,0.7958473751662926,212,0.6088769457211614,165.0,4,7,9,12.0,21,low,False,model_disagreement
CP-409092,spid:TP0001649A06,4,0,cnp,1.104295015335083,1.104295015335083,212,1.104295015335083,212.0,4,7,9,9.0,21,low,False,none
CP-409092,spid:TP0001649A06,4,0,cnp,0.611100971698761,0.785172164440155,212,0.6914330124855042,165.0,4,7,9,12.0,21,low,False,fixed_maximin
CP-409092,spid:TP0001649A06,4,0,cnp,0.7946748733520508,1.063061997294426,212,0.8282212167978287,159.0,4,7,9,12.0,21,low,False,uniform_random
CP-409092,spid:TP0001649A06,4,0,cnp,0.611100971698761,0.785172164440155,212,0.6914330124855042,165.0,4,7,9,12.0,21,low,False,model_disagreement
CP-409092,spid:TP0001649A06,4,1,interpolation,0.89284348487854,0.89284348487854,217,0.89284348487854,217.0,4,7,9,9.0,21,low,True,none
CP-409092,spid:TP0001649A06,4,1,interpolation,0.7507308125495911,1.0056085586547852,217,0.7041254639625549,162.0,4,7,9,12.0,21,low,True,fixed_maximin
CP-409092,spid:TP0001649A06,4,1,interpolation,0.708496943116188,0.9448361247777939,217,0.669632613658905,162.75,4,7,9,12.0,21,low,True,uniform_random
CP-409092,spid:TP0001649A06,4,1,interpolation,0.6596982479095459,0.8836700320243835,217,0.634655773639679,162.0,4,7,9,12.0,21,low,True,model_disagreement
CP-409092,spid:TP0001649A06,4,1,anchorboost_all,1.1001844935058642,1.1001844935058642,217,1.1001844935058642,217.0,4,7,9,9.0,21,low,True,none
CP-409092,spid:TP0001649A06,4,1,anchorboost_all,0.7442076567800296,0.9968707501312744,217,0.8068366111104308,162.0,4,7,9,12.0,21,low,True,fixed_maximin
CP-409092,spid:TP0001649A06,4,1,anchorboost_all,0.7679765570598764,1.023582036764124,217,0.8251383701293982,162.75,4,7,9,12.0,21,low,True,uniform_random
CP-409092,spid:TP0001649A06,4,1,anchorboost_all,0.7465370183597604,0.9999909443460987,217,0.816283862735502,162.0,4,7,9,12.0,21,low,True,model_disagreement
CP-409092,spid:TP0001649A06,4,1,anchorboost_five,1.1564705096728782,1.1564705096728782,217,1.1564705096728782,217.0,4,7,9,9.0,21,low,True,none
CP-409092,spid:TP0001649A06,4,1,anchorboost_five,0.7599905715644836,1.0180120619104502,217,0.8339776398003618,162.0,4,7,9,12.0,21,low,True,fixed_maximin
CP-409092,spid:TP0001649A06,4,1,anchorboost_five,0.8009972439095174,1.0676196567641811,217,0.8673528822546587,162.75,4,7,9,12.0,21,low,True,uniform_random
CP-409092,spid:TP0001649A06,4,1,anchorboost_five,0.788332921330874,1.0559768143753068,217,0.8662305471845655,162.0,4,7,9,12.0,21,low,True,model_disagreement
CP-409092,spid:TP0001649A06,4,1,cnp,1.2178276777267456,1.2178276777267456,217,1.2178276777267456,217.0,4,7,9,9.0,21,low,True,none
CP-409092,spid:TP0001649A06,4,1,cnp,0.8053746223449707,1.0788042545318604,217,0.8690851330757141,162.0,4,7,9,12.0,21,low,True,fixed_maximin
CP-409092,spid:TP0001649A06,4,1,cnp,0.8563923984766006,1.1411658823490143,217,0.9133707731962204,162.75,4,7,9,12.0,21,low,True,uniform_random
CP-409092,spid:TP0001649A06,4,1,cnp,0.8295011520385742,1.1111218929290771,217,0.8935229778289795,162.0,4,7,9,12.0,21,low,True,model_disagreement
CP-409092,spid:TP0001649A06,4,2,interpolation,0.982971727848053,0.982971727848053,217,0.982971727848053,217.0,4,7,9,9.0,21,low,True,none
CP-409092,spid:TP0001649A06,4,2,interpolation,0.790888786315918,1.0594004392623901,217,0.7441196441650391,162.0,4,7,9,12.0,21,low,True,fixed_maximin
CP-409092,spid:TP0001649A06,4,2,interpolation,0.7547802478075027,1.0064165443181992,217,0.7372287809848785,162.75,4,7,9,12.0,21,low,True,uniform_random
CP-409092,spid:TP0001649A06,4,2,interpolation,0.7581850290298462,0.9971283674240112,217,0.771075963973999,165.0,4,7,9,12.0,21,low,True,model_disagreement
CP-409092,spid:TP0001649A06,4,2,anchorboost_all,1.0031345047811278,1.0031345047811278,217,1.0031345047811278,217.0,4,7,9,9.0,21,low,True,none
CP-409092,spid:TP0001649A06,4,2,anchorboost_all,0.7073194533097248,0.9474587738778413,217,0.7422068331473337,162.0,4,7,9,12.0,21,low,True,fixed_maximin
CP-409092,spid:TP0001649A06,4,2,anchorboost_all,0.7351520286829148,0.9800210173994152,217,0.7523508785858457,162.75,4,7,9,12.0,21,low,True,uniform_random
CP-409092,spid:TP0001649A06,4,2,anchorboost_all,0.7751557106322362,1.0194472073163348,217,0.7922858137003945,165.0,4,7,9,12.0,21,low,True,model_disagreement
CP-409092,spid:TP0001649A06,4,2,anchorboost_five,1.0110929258003534,1.0110929258003534,217,1.0110929258003534,217.0,4,7,9,9.0,21,low,True,none
CP-409092,spid:TP0001649A06,4,2,anchorboost_five,0.7087604547063039,0.9493890041436295,217,0.7450332680229551,162.0,4,7,9,12.0,21,low,True,fixed_maximin
CP-409092,spid:TP0001649A06,4,2,anchorboost_five,0.7466813157365022,0.9954665564262211,217,0.758319694350265,162.75,4,7,9,12.0,21,low,True,uniform_random
CP-409092,spid:TP0001649A06,4,2,anchorboost_five,0.7748292268668352,1.0190178316975955,217,0.7984444784201441,165.0,4,7,9,12.0,21,low,True,model_disagreement
CP-409092,spid:TP0001649A06,4,2,cnp,1.0235050916671753,1.0235050916671753,217,1.0235050916671753,217.0,4,7,9,9.0,21,low,True,none
CP-409092,spid:TP0001649A06,4,2,cnp,0.7029086351394653,0.9415504336357117,217,0.7375198602676392,162.0,4,7,9,12.0,21,low,True,fixed_maximin
CP-409092,spid:TP0001649A06,4,2,cnp,0.7649732232093811,1.019791305065155,217,0.7676288336515427,162.75,4,7,9,12.0,21,low,True,uniform_random
CP-409092,spid:TP0001649A06,4,2,cnp,0.8039633631706238,1.0573337078094482,217,0.797261655330658,165.0,4,7,9,12.0,21,low,True,model_disagreement
CP-409092,spid:TP0001649A06,4,3,interpolation,1.2140079736709595,1.2140079736709595,212,1.2140079736709595,212.0,4,7,9,9.0,21,low,False,none
CP-409092,spid:TP0001649A06,4,3,interpolation,0.8571172952651978,1.101265788078308,212,0.8263015747070312,165.0,4,7,9,12.0,21,low,False,fixed_maximin
CP-409092,spid:TP0001649A06,4,3,interpolation,0.9054296612739563,1.2085895836353302,212,0.9105059057474136,159.0,4,7,9,12.0,21,low,False,uniform_random
CP-409092,spid:TP0001649A06,4,3,interpolation,0.8571172952651978,1.101265788078308,212,0.8263015747070312,165.0,4,7,9,12.0,21,low,False,model_disagreement
CP-409092,spid:TP0001649A06,4,3,anchorboost_all,0.9766971443364524,0.9766971443364524,212,0.9766971443364524,212.0,4,7,9,9.0,21,low,False,none
CP-409092,spid:TP0001649A06,4,3,anchorboost_all,0.6663851811869892,0.8562039903735862,212,0.676456388769709,165.0,4,7,9,12.0,21,low,False,fixed_maximin
CP-409092,spid:TP0001649A06,4,3,anchorboost_all,0.7206613245750881,0.9622152409501371,212,0.7325228582523393,159.0,4,7,9,12.0,21,low,False,uniform_random
CP-409092,spid:TP0001649A06,4,3,anchorboost_all,0.6663851811869892,0.8562039903735862,212,0.676456388769709,165.0,4,7,9,12.0,21,low,False,model_disagreement
CP-409092,spid:TP0001649A06,4,3,anchorboost_five,0.9697329578228723,0.9697329578228723,212,0.9697329578228723,212.0,4,7,9,9.0,21,low,False,none
CP-409092,spid:TP0001649A06,4,3,anchorboost_five,0.6654000430616335,0.8549382371458564,212,0.6696721732482204,165.0,4,7,9,12.0,21,low,False,fixed_maximin
CP-409092,spid:TP0001649A06,4,3,anchorboost_five,0.7251271128172512,0.9682616015475513,212,0.7272997183671542,159.0,4,7,9,12.0,21,low,False,uniform_random
CP-409092,spid:TP0001649A06,4,3,anchorboost_five,0.6654000430616335,0.8549382371458564,212,0.6696721732482204,165.0,4,7,9,12.0,21,low,False,model_disagreement
CP-409092,spid:TP0001649A06,4,3,cnp,1.1529914140701294,1.1529914140701294,212,1.1529914140701294,212.0,4,7,9,9.0,21,low,False,none
CP-409092,spid:TP0001649A06,4,3,cnp,0.645351767539978,0.8291792273521423,212,0.7462620139122009,165.0,4,7,9,12.0,21,low,False,fixed_maximin
CP-409092,spid:TP0001649A06,4,3,cnp,0.8138162344694138,1.0883482843637466,212,0.8647435754537582,159.0,4,7,9,12.0,21,low,False,uniform_random
CP-409092,spid:TP0001649A06,4,3,cnp,0.645351767539978,0.8291792273521423,212,0.7462620139122009,165.0,4,7,9,12.0,21,low,False,model_disagreement
CP-409092,spid:TP0001649A06,4,4,interpolation,1.092004656791687,1.092004656791687,209,1.092004656791687,209.0,4,7,9,9.0,21,low,False,none
CP-409092,spid:TP0001649A06,4,4,interpolation,0.8103554248809814,1.099768042564392,209,0.8103554248809814,154.0,4,7,9,12.0,21,low,False,fixed_maximin
CP-409092,spid:TP0001649A06,4,4,interpolation,0.8160515427589417,1.0891848504543304,209,0.8190035074949265,156.75,4,7,9,12.0,21,low,False,uniform_random
CP-409092,spid:TP0001649A06,4,4,interpolation,0.8182573318481445,1.1104919910430908,209,0.8130002617835999,154.0,4,7,9,12.0,21,low,False,model_disagreement
CP-409092,spid:TP0001649A06,4,4,anchorboost_all,0.8377178120320145,0.8377178120320145,209,0.8377178120320145,209.0,4,7,9,9.0,21,low,False,none
CP-409092,spid:TP0001649A06,4,4,anchorboost_all,0.6942814188180226,0.9422390683958879,209,0.675815407587004,154.0,4,7,9,12.0,21,low,False,fixed_maximin
CP-409092,spid:TP0001649A06,4,4,anchorboost_all,0.6348609580950497,0.846810819712595,209,0.6282883590240109,156.75,4,7,9,12.0,21,low,False,uniform_random
CP-409092,spid:TP0001649A06,4,4,anchorboost_all,0.5711633215581825,0.7751502221146762,209,0.582339100743706,154.0,4,7,9,12.0,21,low,False,model_disagreement
CP-409092,spid:TP0001649A06,4,4,anchorboost_five,0.8698351565854602,0.8698351565854602,209,0.8698351565854602,209.0,4,7,9,9.0,21,low,False,none
CP-409092,spid:TP0001649A06,4,4,anchorboost_five,0.7363269419957672,0.9993008498513983,209,0.7175118917551775,154.0,4,7,9,12.0,21,low,False,fixed_maximin
CP-409092,spid:TP0001649A06,4,4,anchorboost_five,0.6662671847079965,0.8888316341468228,209,0.6523763674390951,156.75,4,7,9,12.0,21,low,False,uniform_random
CP-409092,spid:TP0001649A06,4,4,anchorboost_five,0.59941021388396,0.8134852902710886,209,0.6143408690527429,154.0,4,7,9,12.0,21,low,False,model_disagreement
CP-409092,spid:TP0001649A06,4,4,cnp,1.0147548913955688,1.0147548913955688,209,1.0147548913955688,209.0,4,7,9,9.0,21,low,False,none
CP-409092,spid:TP0001649A06,4,4,cnp,0.8371137976646423,1.1360830068588257,209,0.8598859310150146,154.0,4,7,9,12.0,21,low,False,fixed_maximin
CP-409092,spid:TP0001649A06,4,4,cnp,0.7637161612510681,1.0197367072105408,209,0.7610661834478378,156.75,4,7,9,12.0,21,low,False,uniform_random
CP-409092,spid:TP0001649A06,4,4,cnp,0.729150116443634,0.9895609021186829,209,0.7237319350242615,154.0,4,7,9,12.0,21,low,False,model_disagreement
Captopril,spid:EPAPLT0169G09,4,0,interpolation,1.3435968160629272,1.3435968160629272,249,1.3435968160629272,249.0,4,7,9,9.0,21,low,False,none
Captopril,spid:EPAPLT0169G09,4,0,interpolation,1.0941407680511475,1.464736819267273,249,1.111158013343811,186.0,4,7,9,12.0,21,low,False,fixed_maximin
Captopril,spid:EPAPLT0169G09,4,0,interpolation,1.0140008479356766,1.3514457643032074,249,1.0076976120471954,186.75,4,7,9,12.0,21,low,False,uniform_random
Captopril,spid:EPAPLT0169G09,4,0,interpolation,0.8281096816062927,1.1085984706878662,249,0.8281096816062927,186.0,4,7,9,12.0,21,low,False,model_disagreement
Captopril,spid:EPAPLT0169G09,4,0,anchorboost_all,1.239809812571941,1.239809812571941,249,1.239809812571941,249.0,4,7,9,9.0,21,low,False,none
Captopril,spid:EPAPLT0169G09,4,0,anchorboost_all,1.0369458913255398,1.388169499677739,249,1.00629661474344,186.0,4,7,9,12.0,21,low,False,fixed_maximin
Captopril,spid:EPAPLT0169G09,4,0,anchorboost_all,0.9402094115677521,1.2530935485055,249,0.9298573594289558,186.75,4,7,9,12.0,21,low,False,uniform_random
Captopril,spid:EPAPLT0169G09,4,0,anchorboost_all,0.8350341444403636,1.117868290137906,249,0.7961010807400472,186.0,4,7,9,12.0,21,low,False,model_disagreement
Captopril,spid:EPAPLT0169G09,4,0,anchorboost_five,1.25831274243716,1.25831274243716,249,1.25831274243716,249.0,4,7,9,9.0,21,low,False,none
Captopril,spid:EPAPLT0169G09,4,0,anchorboost_five,1.0441887282555904,1.397865555567968,249,1.0210173763367452,186.0,4,7,9,12.0,21,low,False,fixed_maximin
Captopril,spid:EPAPLT0169G09,4,0,anchorboost_five,0.9474434964704159,1.2627663744026594,249,0.9437345568278701,186.75,4,7,9,12.0,21,low,False,uniform_random
Captopril,spid:EPAPLT0169G09,4,0,anchorboost_five,0.8431967833776747,1.1287956938765644,249,0.8074700978897698,186.0,4,7,9,12.0,21,low,False,model_disagreement
Captopril,spid:EPAPLT0169G09,4,0,cnp,1.2371108531951904,1.2371108531951904,249,1.2371108531951904,249.0,4,7,9,9.0,21,low,False,none
Captopril,spid:EPAPLT0169G09,4,0,cnp,0.9936099648475647,1.3301551342010498,249,1.0006128549575806,186.0,4,7,9,12.0,21,low,False,fixed_maximin
Captopril,spid:EPAPLT0169G09,4,0,cnp,0.9315939396619797,1.2414331138134003,249,0.9278331100940704,186.75,4,7,9,12.0,21,low,False,uniform_random
Captopril,spid:EPAPLT0169G09,4,0,cnp,0.7873696684837341,1.054059386253357,249,0.7844997048377991,186.0,4,7,9,12.0,21,low,False,model_disagreement
Captopril,spid:EPAPLT0169G09,4,1,interpolation,1.4601596593856812,1.4601596593856812,246,1.4601596593856812,246.0,4,7,9,9.0,21,low,True,none
Captopril,spid:EPAPLT0169G09,4,1,interpolation,0.8139637112617493,1.094180703163147,246,0.9495696425437927,183.0,4,7,9,12.0,21,low,True,fixed_maximin
Captopril,spid:EPAPLT0169G09,4,1,interpolation,0.9084662795066833,1.2115665972232819,246,1.095119759440422,184.5,4,7,9,12.0,21,low,True,uniform_random
Captopril,spid:EPAPLT0169G09,4,1,interpolation,0.9421738982200623,1.2461010217666626,246,1.1433910131454468,186.0,4,7,9,12.0,21,low,True,model_disagreement
Captopril,spid:EPAPLT0169G09,4,1,anchorboost_all,1.1790273224155974,1.1790273224155974,246,1.1790273224155974,246.0,4,7,9,9.0,21,low,True,none
Captopril,spid:EPAPLT0169G09,4,1,anchorboost_all,0.6719439413933669,0.9032689048238703,246,0.7277490079812808,183.0,4,7,9,12.0,21,low,True,fixed_maximin
Captopril,spid:EPAPLT0169G09,4,1,anchorboost_all,0.8271709089714295,1.1024679533488244,246,0.8842704918116981,184.5,4,7,9,12.0,21,low,True,uniform_random
Captopril,spid:EPAPLT0169G09,4,1,anchorboost_all,0.9012752755295285,1.1920092353777634,246,0.9576246989906244,186.0,4,7,9,12.0,21,low,True,model_disagreement
Captopril,spid:EPAPLT0169G09,4,1,anchorboost_five,1.1959762917325019,1.1959762917325019,246,1.1959762917325019,246.0,4,7,9,9.0,21,low,True,none
Captopril,spid:EPAPLT0169G09,4,1,anchorboost_five,0.6673799493275935,0.8971337023747975,246,0.7426597330746962,183.0,4,7,9,12.0,21,low,True,fixed_maximin
Captopril,spid:EPAPLT0169G09,4,1,anchorboost_five,0.824213039916904,1.0985160330535721,246,0.8969822187993766,184.5,4,7,9,12.0,21,low,True,uniform_random
Captopril,spid:EPAPLT0169G09,4,1,anchorboost_five,0.8885426670167148,1.1751693337963005,246,0.9717393544617392,186.0,4,7,9,12.0,21,low,True,model_disagreement
Captopril,spid:EPAPLT0169G09,4,1,cnp,1.171785593032837,1.171785593032837,246,1.171785593032837,246.0,4,7,9,9.0,21,low,True,none
Captopril,spid:EPAPLT0169G09,4,1,cnp,0.6480036973953247,0.8710868954658508,246,0.7365752458572388,183.0,4,7,9,12.0,21,low,True,fixed_maximin
Captopril,spid:EPAPLT0169G09,4,1,cnp,0.8052637726068497,1.0731953531503677,246,0.8788391500711441,184.5,4,7,9,12.0,21,low,True,uniform_random
Captopril,spid:EPAPLT0169G09,4,1,cnp,0.9169895052909851,1.2127926349639893,246,0.9652348756790161,186.0,4,7,9,12.0,21,low,True,model_disagreement
Captopril,spid:EPAPLT0169G09,4,2,interpolation,1.5452572107315063,1.5452572107315063,246,1.5452572107315063,246.0,4,7,9,9.0,21,high,False,none
Captopril,spid:EPAPLT0169G09,4,2,interpolation,1.0152236223220825,1.3647270202636719,246,1.0324833393096924,183.0,4,7,9,12.0,21,high,False,fixed_maximin
Captopril,spid:EPAPLT0169G09,4,2,interpolation,1.1451873481273651,1.5254825353622437,246,1.1589429378509521,184.5,4,7,9,12.0,21,high,False,uniform_random
Captopril,spid:EPAPLT0169G09,4,2,interpolation,1.0152236223220825,1.3647270202636719,246,1.0324833393096924,183.0,4,7,9,12.0,21,high,False,model_disagreement
Captopril,spid:EPAPLT0169G09,4,2,anchorboost_all,1.3974821931607366,1.3974821931607366,246,1.3974821931607366,246.0,4,7,9,9.0,21,high,False,none
Captopril,spid:EPAPLT0169G09,4,2,anchorboost_all,0.8206376065325772,1.103152192388055,246,0.7806396920585247,183.0,4,7,9,12.0,21,high,False,fixed_maximin
Captopril,spid:EPAPLT0169G09,4,2,anchorboost_all,0.9678750815882583,1.2886854494466045,246,1.0481116448705525,184.5,4,7,9,12.0,21,high,False,uniform_random
Captopril,spid:EPAPLT0169G09,4,2,anchorboost_all,0.8206376065325772,1.103152192388055,246,0.7806396920585247,183.0,4,7,9,12.0,21,high,False,model_disagreement
Captopril,spid:EPAPLT0169G09,4,2,anchorboost_five,1.3541953475285253,1.3541953475285253,246,1.3541953475285253,246.0,4,7,9,9.0,21,high,False,none
Captopril,spid:EPAPLT0169G09,4,2,anchorboost_five,0.8282092710879491,1.1133304955608496,246,0.8009989642819358,183.0,4,7,9,12.0,21,high,False,fixed_maximin
Captopril,spid:EPAPLT0169G09,4,2,anchorboost_five,0.989698068213584,1.3176879315110481,246,1.0156465106463939,184.5,4,7,9,12.0,21,high,False,uniform_random
Captopril,spid:EPAPLT0169G09,4,2,anchorboost_five,0.8282092710879491,1.1133304955608496,246,0.8009989642819358,183.0,4,7,9,12.0,21,high,False,model_disagreement
Captopril,spid:EPAPLT0169G09,4,2,cnp,1.1632996797561646,1.1632996797561646,246,1.1632996797561646,246.0,4,7,9,9.0,21,high,False,none
Captopril,spid:EPAPLT0169G09,4,2,cnp,0.8164837956428528,1.097568392753601,246,0.7758622765541077,183.0,4,7,9,12.0,21,high,False,fixed_maximin
Captopril,spid:EPAPLT0169G09,4,2,cnp,0.9098418653011322,1.2121134102344513,246,0.8724747896194458,184.5,4,7,9,12.0,21,high,False,uniform_random
Captopril,spid:EPAPLT0169G09,4,2,cnp,0.8164837956428528,1.097568392753601,246,0.7758622765541077,183.0,4,7,9,12.0,21,high,False,model_disagreement
Captopril,spid:EPAPLT0169G09,4,3,interpolation,1.5612924098968506,1.5612924098968506,246,1.5612924098968506,246.0,4,7,9,9.0,21,low,False,none
Captopril,spid:EPAPLT0169G09,4,3,interpolation,1.1074838638305664,1.464736819267273,246,1.2416647672653198,186.0,4,7,9,12.0,21,low,False,fixed_maximin
Captopril,spid:EPAPLT0169G09,4,3,interpolation,1.0803832113742828,1.4402618110179901,246,1.1709694266319275,184.5,4,7,9,12.0,21,low,False,uniform_random
Captopril,spid:EPAPLT0169G09,4,3,interpolation,1.0395190715789795,1.3973861932754517,246,1.0395190715789795,183.0,4,7,9,12.0,21,low,False,model_disagreement
Captopril,spid:EPAPLT0169G09,4,3,anchorboost_all,1.2951316518858687,1.2951316518858687,246,1.2951316518858687,246.0,4,7,9,9.0,21,low,False,none
Captopril,spid:EPAPLT0169G09,4,3,anchorboost_all,1.0495915729270708,1.388169499677739,246,1.0538142790099743,186.0,4,7,9,12.0,21,low,False,fixed_maximin
Captopril,spid:EPAPLT0169G09,4,3,anchorboost_all,0.9465005777588826,1.261009394604837,246,0.9713487389144014,184.5,4,7,9,12.0,21,low,False,uniform_random
Captopril,spid:EPAPLT0169G09,4,3,anchorboost_all,0.8902469312975765,1.1967253830557585,246,0.8596300845613132,183.0,4,7,9,12.0,21,low,False,model_disagreement
Captopril,spid:EPAPLT0169G09,4,3,anchorboost_five,1.3142966760938402,1.3142966760938402,246,1.3142966760938402,246.0,4,7,9,9.0,21,low,False,none
Captopril,spid:EPAPLT0169G09,4,3,anchorboost_five,1.0569227371367564,1.397865555567968,246,1.069928660558957,186.0,4,7,9,12.0,21,low,False,fixed_maximin
Captopril,spid:EPAPLT0169G09,4,3,anchorboost_five,0.952629132856774,1.2691007719391931,246,0.9857225070703803,184.5,4,7,9,12.0,21,low,False,uniform_random
Captopril,spid:EPAPLT0169G09,4,3,anchorboost_five,0.8874498723434658,1.1929654021666263,246,0.8740582261897376,183.0,4,7,9,12.0,21,low,False,model_disagreement
Captopril,spid:EPAPLT0169G09,4,3,cnp,1.3151909112930298,1.3151909112930298,246,1.3151909112930298,246.0,4,7,9,9.0,21,low,False,none
Captopril,spid:EPAPLT0169G09,4,3,cnp,1.0057270526885986,1.3301551342010498,246,1.0649044513702393,186.0,4,7,9,12.0,21,low,False,fixed_maximin
Captopril,spid:EPAPLT0169G09,4,3,cnp,0.9485976099967957,1.2638827562332153,246,0.98639315366745,184.5,4,7,9,12.0,21,low,False,uniform_random
Captopril,spid:EPAPLT0169G09,4,3,cnp,0.8590901494026184,1.154842495918274,246,0.8553816676139832,183.0,4,7,9,12.0,21,low,False,model_disagreement
Captopril,spid:EPAPLT0169G09,4,4,interpolation,1.3286938667297363,1.3286938667297363,243,1.3286938667297363,243.0,4,7,9,9.0,21,low,False,none
Captopril,spid:EPAPLT0169G09,4,4,interpolation,1.0707769393920898,1.4218511581420898,243,1.0707769393920898,183.0,4,7,9,12.0,21,low,False,fixed_maximin
Captopril,spid:EPAPLT0169G09,4,4,interpolation,0.9697134047746658,1.2920810282230377,243,0.996520385146141,182.25,4,7,9,12.0,21,low,False,uniform_random
Captopril,spid:EPAPLT0169G09,4,4,interpolation,0.8004786372184753,1.0806461572647095,243,0.8004786372184753,180.0,4,7,9,12.0,21,low,False,model_disagreement
Captopril,spid:EPAPLT0169G09,4,4,anchorboost_all,0.9923320965794847,0.9923320965794847,243,0.9923320965794847,243.0,4,7,9,9.0,21,low,False,none
Captopril,spid:EPAPLT0169G09,4,4,anchorboost_all,0.8143989310598763,1.0814149740303276,243,0.8408182419524257,183.0,4,7,9,12.0,21,low,False,fixed_maximin
Captopril,spid:EPAPLT0169G09,4,4,anchorboost_all,0.7266789282716215,0.9680095384237419,243,0.7442490724346136,182.25,4,7,9,12.0,21,low,False,uniform_random
Captopril,spid:EPAPLT0169G09,4,4,anchorboost_all,0.5558182336204719,0.7503546153876373,243,0.5360887198100646,180.0,4,7,9,12.0,21,low,False,model_disagreement
Captopril,spid:EPAPLT0169G09,4,4,anchorboost_five,0.9951696520377975,0.9951696520377975,243,0.9951696520377975,243.0,4,7,9,9.0,21,low,False,none
Captopril,spid:EPAPLT0169G09,4,4,anchorboost_five,0.814591335378012,1.0816704617314585,243,0.8417044106760097,183.0,4,7,9,12.0,21,low,False,fixed_maximin
Captopril,spid:EPAPLT0169G09,4,4,anchorboost_five,0.7351738388005454,0.9793326855216522,243,0.7463772390283482,182.25,4,7,9,12.0,21,low,False,uniform_random
Captopril,spid:EPAPLT0169G09,4,4,anchorboost_five,0.5635937006714226,0.7608514959064204,243,0.5436080633514394,180.0,4,7,9,12.0,21,low,False,model_disagreement
Captopril,spid:EPAPLT0169G09,4,4,cnp,1.037026286125183,1.037026286125183,243,1.037026286125183,243.0,4,7,9,9.0,21,low,False,none
Captopril,spid:EPAPLT0169G09,4,4,cnp,0.8645977973937988,1.148072361946106,243,0.8763073682785034,183.0,4,7,9,12.0,21,low,False,fixed_maximin
Captopril,spid:EPAPLT0169G09,4,4,cnp,0.7727534770965576,1.029276356101036,243,0.7777697294950485,182.25,4,7,9,12.0,21,low,False,uniform_random
Captopril,spid:EPAPLT0169G09,4,4,cnp,0.5713399052619934,0.7713088393211365,243,0.5604060888290405,180.0,4,7,9,12.0,21,low,False,model_disagreement
Chlorethoxyfos,spid:ES216_EX000017,4,0,interpolation,2.9697377681732178,2.9697377681732178,228,2.9697377681732178,228.0,4,7,9,9.0,21,low,False,none
Chlorethoxyfos,spid:ES216_EX000017,4,0,interpolation,1.5001493692398071,1.7814273834228516,228,1.7629567384719849,192.0,4,7,9,12.0,21,low,False,fixed_maximin
Chlorethoxyfos,spid:ES216_EX000017,4,0,interpolation,1.936807930469513,2.6207659542560577,228,2.2273035049438477,171.0,4,7,9,12.0,21,low,False,uniform_random
Chlorethoxyfos,spid:ES216_EX000017,4,0,interpolation,1.5001493692398071,1.7814273834228516,228,1.7629567384719849,192.0,4,7,9,12.0,21,low,False,model_disagreement
Chlorethoxyfos,spid:ES216_EX000017,4,0,anchorboost_all,2.3154426004887223,2.3154426004887223,228,2.3154426004887223,228.0,4,7,9,9.0,21,low,False,none
Chlorethoxyfos,spid:ES216_EX000017,4,0,anchorboost_all,1.3310954363430396,1.5806758306573594,228,1.5733848088847178,192.0,4,7,9,12.0,21,low,False,fixed_maximin
Chlorethoxyfos,spid:ES216_EX000017,4,0,anchorboost_all,1.453361492021232,1.9565435205253894,228,1.7365819503665416,171.0,4,7,9,12.0,21,low,False,uniform_random
Chlorethoxyfos,spid:ES216_EX000017,4,0,anchorboost_all,1.3310954363430396,1.5806758306573594,228,1.5733848088847178,192.0,4,7,9,12.0,21,low,False,model_disagreement
Chlorethoxyfos,spid:ES216_EX000017,4,0,anchorboost_five,2.349494105108955,2.349494105108955,228,2.349494105108955,228.0,4,7,9,9.0,21,low,False,none
Chlorethoxyfos,spid:ES216_EX000017,4,0,anchorboost_five,1.3450854739678153,1.5972890003367806,228,1.6086774178162175,192.0,4,7,9,12.0,21,low,False,fixed_maximin
Chlorethoxyfos,spid:ES216_EX000017,4,0,anchorboost_five,1.4772924439998818,1.9886542257402657,228,1.7621205788317162,171.0,4,7,9,12.0,21,low,False,uniform_random
Chlorethoxyfos,spid:ES216_EX000017,4,0,anchorboost_five,1.3450854739678153,1.5972890003367806,228,1.6086774178162175,192.0,4,7,9,12.0,21,low,False,model_disagreement
Chlorethoxyfos,spid:ES216_EX000017,4,0,cnp,2.6454155445098877,2.6454155445098877,228,2.6454155445098877,228.0,4,7,9,9.0,21,low,False,none
Chlorethoxyfos,spid:ES216_EX000017,4,0,cnp,1.4765710830688477,1.7534281015396118,228,1.6782454252243042,192.0,4,7,9,12.0,21,low,False,fixed_maximin
Chlorethoxyfos,spid:ES216_EX000017,4,0,cnp,1.4720734506845474,1.9728977382183075,228,1.9840616881847382,171.0,4,7,9,12.0,21,low,False,uniform_random
Chlorethoxyfos,spid:ES216_EX000017,4,0,cnp,1.4765710830688477,1.7534281015396118,228,1.6782454252243042,192.0,4,7,9,12.0,21,low,False,model_disagreement
Chlorethoxyfos,spid:ES216_EX000017,4,1,interpolation,1.8279565572738647,1.8279565572738647,255,1.8279565572738647,255.0,4,7,9,9.0,21,high,True,none
Chlorethoxyfos,spid:ES216_EX000017,4,1,interpolation,1.1301254034042358,1.5410802364349365,255,1.2690916061401367,187.0,4,7,9,12.0,21,high,True,fixed_maximin
Chlorethoxyfos,spid:ES216_EX000017,4,1,interpolation,1.2973599433898926,1.7293925285339355,255,1.370967447757721,191.25,4,7,9,12.0,21,high,True,uniform_random
Chlorethoxyfos,spid:ES216_EX000017,4,1,interpolation,1.0799757242202759,1.4195556640625,255,1.117103099822998,194.0,4,7,9,12.0,21,high,True,model_disagreement
Chlorethoxyfos,spid:ES216_EX000017,4,1,anchorboost_all,1.2976783071354345,1.2976783071354345,255,1.2976783071354345,255.0,4,7,9,9.0,21,high,True,none
Chlorethoxyfos,spid:ES216_EX000017,4,1,anchorboost_all,1.0064343966024916,1.3724105408215792,255,0.9862685396511672,187.0,4,7,9,12.0,21,high,True,fixed_maximin
Chlorethoxyfos,spid:ES216_EX000017,4,1,anchorboost_all,1.0125380837038456,1.3512323045321435,255,0.973258730351576,191.25,4,7,9,12.0,21,high,True,uniform_random
Chlorethoxyfos,spid:ES216_EX000017,4,1,anchorboost_all,0.7244523746288366,0.9522441006719244,255,0.6415624669946528,194.0,4,7,9,12.0,21,high,True,model_disagreement
Chlorethoxyfos,spid:ES216_EX000017,4,1,anchorboost_five,1.309349307580405,1.309349307580405,255,1.309349307580405,255.0,4,7,9,9.0,21,high,True,none
Chlorethoxyfos,spid:ES216_EX000017,4,1,anchorboost_five,1.028768858216966,1.4028666248413175,255,0.9925340733553527,187.0,4,7,9,12.0,21,high,True,fixed_maximin
Chlorethoxyfos,spid:ES216_EX000017,4,1,anchorboost_five,1.032120552064042,1.3772600313934644,255,0.9820119806853038,191.25,4,7,9,12.0,21,high,True,uniform_random
Chlorethoxyfos,spid:ES216_EX000017,4,1,anchorboost_five,0.7766056297131297,1.0207960596744745,255,0.6544013493456459,194.0,4,7,9,12.0,21,high,True,model_disagreement
Chlorethoxyfos,spid:ES216_EX000017,4,1,cnp,1.5103850364685059,1.5103850364685059,255,1.5103850364685059,255.0,4,7,9,9.0,21,high,True,none
Chlorethoxyfos,spid:ES216_EX000017,4,1,cnp,1.0809708833694458,1.4740511178970337,255,1.1249854564666748,187.0,4,7,9,12.0,21,high,True,fixed_maximin
Chlorethoxyfos,spid:ES216_EX000017,4,1,cnp,1.1038908064365387,1.4734364449977875,255,1.1327888071537018,191.25,4,7,9,12.0,21,high,True,uniform_random
Chlorethoxyfos,spid:ES216_EX000017,4,1,cnp,0.6617673635482788,0.8698488473892212,255,0.7276599407196045,194.0,4,7,9,12.0,21,high,True,model_disagreement
Chlorethoxyfos,spid:ES216_EX000017,4,2,interpolation,1.4138785600662231,1.4138785600662231,253,1.4138785600662231,253.0,4,7,9,9.0,21,high,True,none
Chlorethoxyfos,spid:ES216_EX000017,4,2,interpolation,1.1390591859817505,1.5410802364349365,253,1.1686830520629883,187.0,4,7,9,12.0,21,high,True,fixed_maximin
Chlorethoxyfos,spid:ES216_EX000017,4,2,interpolation,1.04310841858387,1.3923285603523254,253,1.0604089051485062,189.75,4,7,9,12.0,21,high,True,uniform_random
Chlorethoxyfos,spid:ES216_EX000017,4,2,interpolation,0.788970410823822,1.039632797241211,253,0.788970410823822,192.0,4,7,9,12.0,21,high,True,model_disagreement
Chlorethoxyfos,spid:ES216_EX000017,4,2,anchorboost_all,1.212478909824892,1.212478909824892,253,1.212478909824892,253.0,4,7,9,9.0,21,high,True,none
Chlorethoxyfos,spid:ES216_EX000017,4,2,anchorboost_all,1.014390399737689,1.3724105408215792,253,1.0155068360483464,187.0,4,7,9,12.0,21,high,True,fixed_maximin
Chlorethoxyfos,spid:ES216_EX000017,4,2,anchorboost_all,0.905524904862392,1.2092210240815455,253,0.9093591823686691,189.75,4,7,9,12.0,21,high,True,uniform_random
Chlorethoxyfos,spid:ES216_EX000017,4,2,anchorboost_all,0.5693433832337345,0.7502285206152854,253,0.5699853226527287,192.0,4,7,9,12.0,21,high,True,model_disagreement
Chlorethoxyfos,spid:ES216_EX000017,4,2,anchorboost_five,1.2491310453485935,1.2491310453485935,253,1.2491310453485935,253.0,4,7,9,9.0,21,high,True,none
Chlorethoxyfos,spid:ES216_EX000017,4,2,anchorboost_five,1.0369014183609737,1.4028666248413175,253,1.0658466696574185,187.0,4,7,9,12.0,21,high,True,fixed_maximin
Chlorethoxyfos,spid:ES216_EX000017,4,2,anchorboost_five,0.9207787663580049,1.229626180002888,253,0.9368482840114452,189.75,4,7,9,12.0,21,high,True,uniform_random
Chlorethoxyfos,spid:ES216_EX000017,4,2,anchorboost_five,0.5770680006185186,0.7604073133150271,253,0.5870610820520007,192.0,4,7,9,12.0,21,high,True,model_disagreement
Chlorethoxyfos,spid:ES216_EX000017,4,2,cnp,1.2913533449172974,1.2913533449172974,253,1.2913533449172974,253.0,4,7,9,9.0,21,high,True,none
Chlorethoxyfos,spid:ES216_EX000017,4,2,cnp,1.089516043663025,1.4740511178970337,253,1.1004992723464966,187.0,4,7,9,12.0,21,high,True,fixed_maximin
Chlorethoxyfos,spid:ES216_EX000017,4,2,cnp,0.9622073769569397,1.2850346267223358,253,0.968515008687973,189.75,4,7,9,12.0,21,high,True,uniform_random
Chlorethoxyfos,spid:ES216_EX000017,4,2,cnp,0.5880014896392822,0.7748143672943115,253,0.5848274230957031,192.0,4,7,9,12.0,21,high,True,model_disagreement
Chlorethoxyfos,spid:ES216_EX000017,4,3,interpolation,1.330976128578186,1.330976128578186,228,1.330976128578186,228.0,4,7,9,9.0,21,high,False,none
Chlorethoxyfos,spid:ES216_EX000017,4,3,interpolation,1.000382423400879,1.3823466300964355,228,1.086916208267212,165.0,4,7,9,12.0,21,high,False,fixed_maximin
Chlorethoxyfos,spid:ES216_EX000017,4,3,interpolation,0.9607186764478683,1.2991378903388977,228,0.9982320815324783,171.0,4,7,9,12.0,21,high,False,uniform_random
Chlorethoxyfos,spid:ES216_EX000017,4,3,interpolation,0.7265552878379822,0.8627843856811523,228,0.7265552878379822,192.0,4,7,9,12.0,21,high,False,model_disagreement
Chlorethoxyfos,spid:ES216_EX000017,4,3,anchorboost_all,0.7764472048600726,0.7764472048600726,228,0.7764472048600726,228.0,4,7,9,9.0,21,high,False,none
Chlorethoxyfos,spid:ES216_EX000017,4,3,anchorboost_all,0.7063136833904818,0.9759970897759386,228,0.6213350102980509,165.0,4,7,9,12.0,21,high,False,fixed_maximin
Chlorethoxyfos,spid:ES216_EX000017,4,3,anchorboost_all,0.6284278262752669,0.8475688603856089,228,0.5823354036450545,171.0,4,7,9,12.0,21,high,False,uniform_random
Chlorethoxyfos,spid:ES216_EX000017,4,3,anchorboost_all,0.5114788716269278,0.607381160056977,228,0.5190242905283476,192.0,4,7,9,12.0,21,high,False,model_disagreement
Chlorethoxyfos,spid:ES216_EX000017,4,3,anchorboost_five,0.6903583510180238,0.6903583510180238,228,0.6903583510180238,228.0,4,7,9,9.0,21,high,False,none
Chlorethoxyfos,spid:ES216_EX000017,4,3,anchorboost_five,0.6366546737876257,0.8797410037792648,228,0.5408733688292461,165.0,4,7,9,12.0,21,high,False,fixed_maximin
Chlorethoxyfos,spid:ES216_EX000017,4,3,anchorboost_five,0.5756940524362508,0.7750281151165475,228,0.5177687632635178,171.0,4,7,9,12.0,21,high,False,uniform_random
Chlorethoxyfos,spid:ES216_EX000017,4,3,anchorboost_five,0.49557221549513963,0.5884920059004783,228,0.48899503935097227,192.0,4,7,9,12.0,21,high,False,model_disagreement
Chlorethoxyfos,spid:ES216_EX000017,4,3,cnp,0.6639377474784851,0.6639377474784851,228,0.6639377474784851,228.0,4,7,9,9.0,21,high,False,none
Chlorethoxyfos,spid:ES216_EX000017,4,3,cnp,0.47255733609199524,0.6529883146286011,228,0.5132473707199097,165.0,4,7,9,12.0,21,high,False,fixed_maximin
Chlorethoxyfos,spid:ES216_EX000017,4,3,cnp,0.49145159870386124,0.6566705107688904,228,0.497953325510025,171.0,4,7,9,12.0,21,high,False,uniform_random
Chlorethoxyfos,spid:ES216_EX000017,4,3,cnp,0.5246801376342773,0.6230576634407043,228,0.5153664946556091,192.0,4,7,9,12.0,21,high,False,model_disagreement
Chlorethoxyfos,spid:ES216_EX000017,4,4,interpolation,3.0488686561584473,3.0488686561584473,228,3.0488686561584473,228.0,4,7,9,9.0,21,low,False,none
Chlorethoxyfos,spid:ES216_EX000017,4,4,interpolation,1.8388800621032715,2.1836702823638916,228,1.769989013671875,192.0,4,7,9,12.0,21,low,False,fixed_maximin
Chlorethoxyfos,spid:ES216_EX000017,4,4,interpolation,2.120659977197647,2.8589977025985718,228,2.286651521921158,171.0,4,7,9,12.0,21,low,False,uniform_random
Chlorethoxyfos,spid:ES216_EX000017,4,4,interpolation,1.8388800621032715,2.1836702823638916,228,1.769989013671875,192.0,4,7,9,12.0,21,low,False,model_disagreement
Chlorethoxyfos,spid:ES216_EX000017,4,4,anchorboost_all,2.283046621641512,2.283046621641512,228,2.283046621641512,228.0,4,7,9,9.0,21,low,False,none
Chlorethoxyfos,spid:ES216_EX000017,4,4,anchorboost_all,1.3222915835326232,1.5702212554449897,228,1.5447310689279097,192.0,4,7,9,12.0,21,low,False,fixed_maximin
Chlorethoxyfos,spid:ES216_EX000017,4,4,anchorboost_all,1.5099143046750423,2.035175564911844,228,1.7122849662311341,171.0,4,7,9,12.0,21,low,False,uniform_random
Chlorethoxyfos,spid:ES216_EX000017,4,4,anchorboost_all,1.3222915835326232,1.5702212554449897,228,1.5447310689279097,192.0,4,7,9,12.0,21,low,False,model_disagreement
Chlorethoxyfos,spid:ES216_EX000017,4,4,anchorboost_five,2.208923113653497,2.208923113653497,228,2.208923113653497,228.0,4,7,9,9.0,21,low,False,none
Chlorethoxyfos,spid:ES216_EX000017,4,4,anchorboost_five,1.3218568353549283,1.5697049919839776,228,1.5593622359568358,192.0,4,7,9,12.0,21,low,False,fixed_maximin
Chlorethoxyfos,spid:ES216_EX000017,4,4,anchorboost_five,1.5350629082873426,2.0692168262664814,228,1.6566923352401226,171.0,4,7,9,12.0,21,low,False,uniform_random
Chlorethoxyfos,spid:ES216_EX000017,4,4,anchorboost_five,1.3218568353549283,1.5697049919839776,228,1.5593622359568358,192.0,4,7,9,12.0,21,low,False,model_disagreement
Chlorethoxyfos,spid:ES216_EX000017,4,4,cnp,2.653745174407959,2.653745174407959,228,2.653745174407959,228.0,4,7,9,9.0,21,low,False,none
Chlorethoxyfos,spid:ES216_EX000017,4,4,cnp,1.5141152143478394,1.7980117797851562,228,1.6910512447357178,192.0,4,7,9,12.0,21,low,False,fixed_maximin
Chlorethoxyfos,spid:ES216_EX000017,4,4,cnp,1.516757220029831,2.034000188112259,228,1.990308791399002,171.0,4,7,9,12.0,21,low,False,uniform_random
Chlorethoxyfos,spid:ES216_EX000017,4,4,cnp,1.5141152143478394,1.7980117797851562,228,1.6910512447357178,192.0,4,7,9,12.0,21,low,False,model_disagreement
Chlorpyrifos oxon,spid:EX000378,4,0,interpolation,1.2970277070999146,1.2970277070999146,328,1.2970277070999146,328.0,5,8,18,18.0,42,low,False,none
Chlorpyrifos oxon,spid:EX000378,4,0,interpolation,0.9815909266471863,1.2149503231048584,328,0.929595947265625,265.0,5,8,18,21.0,42,low,False,fixed_maximin
Chlorpyrifos oxon,spid:EX000378,4,0,interpolation,1.0613747715950013,1.327381467819214,328,1.0376221895217896,262.4,5,8,18,22.8,42,low,False,uniform_random
Chlorpyrifos oxon,spid:EX000378,4,0,interpolation,0.9815909266471863,1.2149503231048584,328,0.929595947265625,265.0,5,8,18,21.0,42,low,False,model_disagreement
Chlorpyrifos oxon,spid:EX000378,4,0,anchorboost_all,1.6608132769534363,1.6608132769534363,328,1.6608132769534363,328.0,5,8,18,18.0,42,low,False,none
Chlorpyrifos oxon,spid:EX000378,4,0,anchorboost_all,0.987554602651739,1.2223317346029068,328,0.7626768712968893,265.0,5,8,18,21.0,42,low,False,fixed_maximin
Chlorpyrifos oxon,spid:EX000378,4,0,anchorboost_all,1.3573910904422317,1.6980730556141637,328,1.328650621562749,262.4,5,8,18,22.8,42,low,False,uniform_random
Chlorpyrifos oxon,spid:EX000378,4,0,anchorboost_all,0.987554602651739,1.2223317346029068,328,0.7626768712968893,265.0,5,8,18,21.0,42,low,False,model_disagreement
Chlorpyrifos oxon,spid:EX000378,4,0,anchorboost_five,1.6202120549405485,1.6202120549405485,328,1.6202120549405485,328.0,5,8,18,18.0,42,low,False,none
Chlorpyrifos oxon,spid:EX000378,4,0,anchorboost_five,0.945006978338073,1.1696690146976905,328,0.7739658422914647,265.0,5,8,18,21.0,42,low,False,fixed_maximin
Chlorpyrifos oxon,spid:EX000378,4,0,anchorboost_five,1.2912613067187158,1.6158131216805642,328,1.2961696439524388,262.4,5,8,18,22.8,42,low,False,uniform_random
Chlorpyrifos oxon,spid:EX000378,4,0,anchorboost_five,0.945006978338073,1.1696690146976905,328,0.7739658422914647,265.0,5,8,18,21.0,42,low,False,model_disagreement
Chlorpyrifos oxon,spid:EX000378,4,0,cnp,1.7822753190994263,1.7822753190994263,328,1.7822753190994263,328.0,5,8,18,18.0,42,low,False,none
Chlorpyrifos oxon,spid:EX000378,4,0,cnp,1.0147329568862915,1.2559713125228882,328,0.908432126045227,265.0,5,8,18,21.0,42,low,False,fixed_maximin
Chlorpyrifos oxon,spid:EX000378,4,0,cnp,1.3788103580474853,1.7245705842971801,328,1.4258203029632568,262.4,5,8,18,22.8,42,low,False,uniform_random
Chlorpyrifos oxon,spid:EX000378,4,0,cnp,1.0147329568862915,1.2559713125228882,328,0.908432126045227,265.0,5,8,18,21.0,42,low,False,model_disagreement
Chlorpyrifos oxon,spid:EX000378,4,1,interpolation,1.316144347190857,1.316144347190857,330,1.316144347190857,330.0,5,8,18,18.0,42,low,False,none
Chlorpyrifos oxon,spid:EX000378,4,1,interpolation,1.143929362297058,1.413845181465149,330,1.0449000597000122,267.0,5,8,18,21.0,42,low,False,fixed_maximin
Chlorpyrifos oxon,spid:EX000378,4,1,interpolation,1.1086691617965698,1.3862376928329467,330,1.0529154658317565,264.0,5,8,18,22.8,42,low,False,uniform_random
Chlorpyrifos oxon,spid:EX000378,4,1,interpolation,1.143929362297058,1.413845181465149,330,1.0449000597000122,267.0,5,8,18,21.0,42,low,False,model_disagreement
Chlorpyrifos oxon,spid:EX000378,4,1,anchorboost_all,1.3991063162848727,1.3991063162848727,330,1.3991063162848727,330.0,5,8,18,18.0,42,low,False,none
Chlorpyrifos oxon,spid:EX000378,4,1,anchorboost_all,1.1200468464901843,1.3843275630777563,330,0.8326439575378598,267.0,5,8,18,21.0,42,low,False,fixed_maximin
Chlorpyrifos oxon,spid:EX000378,4,1,anchorboost_all,1.3195514367324284,1.6508639901143058,330,1.1192850530278982,264.0,5,8,18,22.8,42,low,False,uniform_random
Chlorpyrifos oxon,spid:EX000378,4,1,anchorboost_all,1.1200468464901843,1.3843275630777563,330,0.8326439575378598,267.0,5,8,18,21.0,42,low,False,model_disagreement
Chlorpyrifos oxon,spid:EX000378,4,1,anchorboost_five,1.340703702298091,1.340703702298091,330,1.340703702298091,330.0,5,8,18,18.0,42,low,False,none
Chlorpyrifos oxon,spid:EX000378,4,1,anchorboost_five,1.0944608601522536,1.3527044338960437,330,0.8379176214566249,267.0,5,8,18,21.0,42,low,False,fixed_maximin
Chlorpyrifos oxon,spid:EX000378,4,1,anchorboost_five,1.273613393230334,1.5937473595930445,330,1.0725629618384729,264.0,5,8,18,22.8,42,low,False,uniform_random
Chlorpyrifos oxon,spid:EX000378,4,1,anchorboost_five,1.0944608601522536,1.3527044338960437,330,0.8379176214566249,267.0,5,8,18,21.0,42,low,False,model_disagreement
Chlorpyrifos oxon,spid:EX000378,4,1,cnp,1.6963282823562622,1.6963282823562622,330,1.6963282823562622,330.0,5,8,18,18.0,42,low,False,none
Chlorpyrifos oxon,spid:EX000378,4,1,cnp,1.1367219686508179,1.4049371480941772,330,0.8784364461898804,267.0,5,8,18,21.0,42,low,False,fixed_maximin
Chlorpyrifos oxon,spid:EX000378,4,1,cnp,1.3738043546676635,1.7184921264648438,330,1.3570626020431518,264.0,5,8,18,22.8,42,low,False,uniform_random
Chlorpyrifos oxon,spid:EX000378,4,1,cnp,1.1367219686508179,1.4049371480941772,330,0.8784364461898804,267.0,5,8,18,21.0,42,low,False,model_disagreement
Chlorpyrifos oxon,spid:EX000378,4,2,interpolation,1.3585178852081299,1.3585178852081299,328,1.3585178852081299,328.0,5,8,18,18.0,42,high,False,none
Chlorpyrifos oxon,spid:EX000378,4,2,interpolation,1.1103177070617676,1.3742800951004028,328,1.104428768157959,265.0,5,8,18,21.0,42,high,False,fixed_maximin
Chlorpyrifos oxon,spid:EX000378,4,2,interpolation,1.0666051983833313,1.3335736036300658,328,1.0868143677711486,262.4,5,8,18,22.8,42,high,False,uniform_random
Chlorpyrifos oxon,spid:EX000378,4,2,interpolation,0.924318253993988,1.1440616846084595,328,0.924318253993988,265.0,5,8,18,21.0,42,high,False,model_disagreement
Chlorpyrifos oxon,spid:EX000378,4,2,anchorboost_all,1.506865878135596,1.506865878135596,328,1.506865878135596,328.0,5,8,18,18.0,42,high,False,none
Chlorpyrifos oxon,spid:EX000378,4,2,anchorboost_all,1.371742549283683,1.6978549289247091,328,1.2473138499677185,265.0,5,8,18,21.0,42,high,False,fixed_maximin
Chlorpyrifos oxon,spid:EX000378,4,2,anchorboost_all,1.242181360803799,1.5543268454245411,328,1.2054927025084765,262.4,5,8,18,22.8,42,high,False,uniform_random
Chlorpyrifos oxon,spid:EX000378,4,2,anchorboost_all,0.7467132509362154,0.9242337596493534,328,0.7072227304239971,265.0,5,8,18,21.0,42,high,False,model_disagreement
Chlorpyrifos oxon,spid:EX000378,4,2,anchorboost_five,1.4684557047601905,1.4684557047601905,328,1.4684557047601905,328.0,5,8,18,18.0,42,high,False,none
Chlorpyrifos oxon,spid:EX000378,4,2,anchorboost_five,1.2660738084004473,1.5670649402088557,328,1.2221005480462728,265.0,5,8,18,21.0,42,high,False,fixed_maximin
Chlorpyrifos oxon,spid:EX000378,4,2,anchorboost_five,1.201572801030302,1.5037161266763068,328,1.1747645638081523,262.4,5,8,18,22.8,42,high,False,uniform_random
Chlorpyrifos oxon,spid:EX000378,4,2,anchorboost_five,0.74256305200095,0.919096909646459,328,0.6825510274238014,265.0,5,8,18,21.0,42,high,False,model_disagreement
Chlorpyrifos oxon,spid:EX000378,4,2,cnp,1.3561367988586426,1.3561367988586426,328,1.3561367988586426,328.0,5,8,18,18.0,42,high,False,none
Chlorpyrifos oxon,spid:EX000378,4,2,cnp,1.0734089612960815,1.3285967111587524,328,1.0744919776916504,265.0,5,8,18,21.0,42,high,False,fixed_maximin
Chlorpyrifos oxon,spid:EX000378,4,2,cnp,1.0804468393325806,1.352091383934021,328,1.0849094629287719,262.4,5,8,18,22.8,42,high,False,uniform_random
Chlorpyrifos oxon,spid:EX000378,4,2,cnp,0.7405154705047607,0.916562557220459,328,0.7384063005447388,265.0,5,8,18,21.0,42,high,False,model_disagreement
Chlorpyrifos oxon,spid:EX000378,4,3,interpolation,1.179990291595459,1.179990291595459,333,1.179990291595459,333.0,5,8,15,15.0,42,low,False,none
Chlorpyrifos oxon,spid:EX000378,4,3,interpolation,0.9776737689971924,1.2285486459732056,333,0.9709119200706482,265.0,5,8,15,21.0,42,low,False,fixed_maximin
Chlorpyrifos oxon,spid:EX000378,4,3,interpolation,0.9588299870491028,1.1990071296691895,333,0.943992304801941,266.4,5,8,15,20.4,42,low,False,uniform_random
Chlorpyrifos oxon,spid:EX000378,4,3,interpolation,0.8692899346351624,1.0721242427825928,333,0.8180756568908691,270.0,5,8,15,18.0,42,low,False,model_disagreement
Chlorpyrifos oxon,spid:EX000378,4,3,anchorboost_all,1.7327841711765557,1.7327841711765557,333,1.7327841711765557,333.0,5,8,15,15.0,42,low,False,none
Chlorpyrifos oxon,spid:EX000378,4,3,anchorboost_all,1.4031255964823945,1.7631729193533479,333,1.5151148414519895,265.0,5,8,15,21.0,42,low,False,fixed_maximin
Chlorpyrifos oxon,spid:EX000378,4,3,anchorboost_all,1.3461954858335174,1.6847939278622241,333,1.3862273369412448,266.4,5,8,15,20.4,42,low,False,uniform_random
Chlorpyrifos oxon,spid:EX000378,4,3,anchorboost_all,0.8678735393399046,1.0703773651858823,333,0.7686413458013935,270.0,5,8,15,18.0,42,low,False,model_disagreement
Chlorpyrifos oxon,spid:EX000378,4,3,anchorboost_five,1.45056423159337,1.45056423159337,333,1.45056423159337,333.0,5,8,15,15.0,42,low,False,none
Chlorpyrifos oxon,spid:EX000378,4,3,anchorboost_five,1.2277958585856803,1.5428529090906848,333,1.2318041767924222,265.0,5,8,15,21.0,42,low,False,fixed_maximin
Chlorpyrifos oxon,spid:EX000378,4,3,anchorboost_five,1.214005076524032,1.5185702260221294,333,1.1604513852746958,266.4,5,8,15,20.4,42,low,False,uniform_random
Chlorpyrifos oxon,spid:EX000378,4,3,anchorboost_five,0.9523378397047548,1.174550002302531,333,0.7883544128888432,270.0,5,8,15,18.0,42,low,False,model_disagreement
Chlorpyrifos oxon,spid:EX000378,4,3,cnp,1.6834454536437988,1.6834454536437988,333,1.6834454536437988,333.0,5,8,15,15.0,42,low,False,none
Chlorpyrifos oxon,spid:EX000378,4,3,cnp,1.4376784563064575,1.8065922260284424,333,1.419629693031311,265.0,5,8,15,21.0,42,low,False,fixed_maximin
Chlorpyrifos oxon,spid:EX000378,4,3,cnp,1.3049203395843505,1.6324855089187622,333,1.346756362915039,266.4,5,8,15,20.4,42,low,False,uniform_random
Chlorpyrifos oxon,spid:EX000378,4,3,cnp,0.9840080738067627,1.213610053062439,333,0.8791795969009399,270.0,5,8,15,18.0,42,low,False,model_disagreement
Chlorpyrifos oxon,spid:EX000378,4,4,interpolation,1.2401371002197266,1.2401371002197266,333,1.2401371002197266,333.0,5,8,15,15.0,42,low,True,none
Chlorpyrifos oxon,spid:EX000378,4,4,interpolation,0.995663583278656,1.2279850244522095,333,0.989862859249115,270.0,5,8,15,18.0,42,low,True,fixed_maximin
Chlorpyrifos oxon,spid:EX000378,4,4,interpolation,0.9722039222717285,1.215007495880127,333,0.9921096086502075,266.4,5,8,15,20.4,42,low,True,uniform_random
Chlorpyrifos oxon,spid:EX000378,4,4,interpolation,0.9668523073196411,1.2149503231048584,333,0.9888626337051392,265.0,5,8,15,21.0,42,low,True,model_disagreement
Chlorpyrifos oxon,spid:EX000378,4,4,anchorboost_all,1.0367128420853347,1.0367128420853347,333,1.0367128420853347,333.0,5,8,15,15.0,42,low,True,none
Chlorpyrifos oxon,spid:EX000378,4,4,anchorboost_all,0.8388420888373309,1.0345719095660415,333,0.788227455887117,270.0,5,8,15,18.0,42,low,True,fixed_maximin
Chlorpyrifos oxon,spid:EX000378,4,4,anchorboost_all,0.8589470896497747,1.0738431431662052,333,0.8293702736682678,266.4,5,8,15,20.4,42,low,True,uniform_random
Chlorpyrifos oxon,spid:EX000378,4,4,anchorboost_all,0.9727264554647761,1.2223317346029068,333,0.8909668096002212,265.0,5,8,15,21.0,42,low,True,model_disagreement
Chlorpyrifos oxon,spid:EX000378,4,4,anchorboost_five,1.0541320383054589,1.0541320383054589,333,1.0541320383054589,333.0,5,8,15,15.0,42,low,True,none
Chlorpyrifos oxon,spid:EX000378,4,4,anchorboost_five,0.8637323163581975,1.0652698568417767,333,0.823989675743024,270.0,5,8,15,18.0,42,low,True,fixed_maximin
Chlorpyrifos oxon,spid:EX000378,4,4,anchorboost_five,0.8530459089683191,1.0662767045814585,333,0.8433056306443671,266.4,5,8,15,20.4,42,low,True,uniform_random
Chlorpyrifos oxon,spid:EX000378,4,4,anchorboost_five,0.930817684369033,1.1696690146976905,333,0.8984953295300723,265.0,5,8,15,21.0,42,low,True,model_disagreement
Chlorpyrifos oxon,spid:EX000378,4,4,cnp,1.1115719079971313,1.1115719079971313,333,1.1115719079971313,333.0,5,8,15,15.0,42,low,True,none
Chlorpyrifos oxon,spid:EX000378,4,4,cnp,0.8331300616264343,1.027527093887329,333,0.8307904005050659,270.0,5,8,15,18.0,42,low,True,fixed_maximin
Chlorpyrifos oxon,spid:EX000378,4,4,cnp,0.8884869933128356,1.1108217716217041,333,0.889257550239563,266.4,5,8,15,20.4,42,low,True,uniform_random
Chlorpyrifos oxon,spid:EX000378,4,4,cnp,0.9994966983795166,1.2559713125228882,333,0.9889064431190491,265.0,5,8,15,21.0,42,low,True,model_disagreement
Chrysene,spid:EX000320,4,0,interpolation,0.7235814332962036,0.7235814332962036,240,0.7235814332962036,240.0,4,7,9,9.0,21,low,False,none
Chrysene,spid:EX000320,4,0,interpolation,0.5228710174560547,0.6971613764762878,240,0.5228710174560547,180.0,4,7,9,12.0,21,low,False,fixed_maximin
Chrysene,spid:EX000320,4,0,interpolation,0.5421902760863304,0.7229203283786774,240,0.5426860824227333,180.0,4,7,9,12.0,21,low,False,uniform_random
Chrysene,spid:EX000320,4,0,interpolation,0.5228710174560547,0.6971613764762878,240,0.5228710174560547,180.0,4,7,9,12.0,21,low,False,model_disagreement
Chrysene,spid:EX000320,4,0,anchorboost_all,0.6799292518913522,0.6799292518913522,240,0.6799292518913522,240.0,4,7,9,9.0,21,low,False,none
Chrysene,spid:EX000320,4,0,anchorboost_all,0.4916783400138608,0.655571120018481,240,0.4746781194420689,180.0,4,7,9,12.0,21,low,False,fixed_maximin
Chrysene,spid:EX000320,4,0,anchorboost_all,0.4997068980863043,0.6662758641150723,240,0.5099469389185142,180.0,4,7,9,12.0,21,low,False,uniform_random
Chrysene,spid:EX000320,4,0,anchorboost_all,0.4916783400138608,0.655571120018481,240,0.4746781194420689,180.0,4,7,9,12.0,21,low,False,model_disagreement
Chrysene,spid:EX000320,4,0,anchorboost_five,0.7242893489285888,0.7242893489285888,240,0.7242893489285888,240.0,4,7,9,9.0,21,low,False,none
Chrysene,spid:EX000320,4,0,anchorboost_five,0.516011129401366,0.6880148392018215,240,0.513888342380102,180.0,4,7,9,12.0,21,low,False,fixed_maximin
Chrysene,spid:EX000320,4,0,anchorboost_five,0.5347582539886888,0.7130110053182517,240,0.5432170116964415,180.0,4,7,9,12.0,21,low,False,uniform_random
Chrysene,spid:EX000320,4,0,anchorboost_five,0.516011129401366,0.6880148392018215,240,0.513888342380102,180.0,4,7,9,12.0,21,low,False,model_disagreement
Chrysene,spid:EX000320,4,0,cnp,0.7095271944999695,0.7095271944999695,240,0.7095271944999695,240.0,4,7,9,9.0,21,low,False,none
Chrysene,spid:EX000320,4,0,cnp,0.5203595757484436,0.6938127875328064,240,0.5239188075065613,180.0,4,7,9,12.0,21,low,False,fixed_maximin
Chrysene,spid:EX000320,4,0,cnp,0.5275095552206039,0.7033460438251495,240,0.5321453958749771,180.0,4,7,9,12.0,21,low,False,uniform_random
Chrysene,spid:EX000320,4,0,cnp,0.5203595757484436,0.6938127875328064,240,0.5239188075065613,180.0,4,7,9,12.0,21,low,False,model_disagreement
Chrysene,spid:EX000320,4,1,interpolation,0.71732097864151,0.71732097864151,240,0.71732097864151,240.0,4,7,9,9.0,21,low,True,none
Chrysene,spid:EX000320,4,1,interpolation,0.4885070025920868,0.6513426899909973,240,0.5174944400787354,180.0,4,7,9,12.0,21,low,True,fixed_maximin
Chrysene,spid:EX000320,4,1,interpolation,0.5309648290276527,0.7079531103372574,240,0.5379907041788101,180.0,4,7,9,12.0,21,low,True,uniform_random
Chrysene,spid:EX000320,4,1,interpolation,0.5042629241943359,0.6723505854606628,240,0.5042629241943359,180.0,4,7,9,12.0,21,low,True,model_disagreement
Chrysene,spid:EX000320,4,1,anchorboost_all,0.7181377315838806,0.7181377315838806,240,0.7181377315838806,240.0,4,7,9,9.0,21,low,True,none
Chrysene,spid:EX000320,4,1,anchorboost_all,0.4699961573815759,0.6266615431754345,240,0.5104333345922822,180.0,4,7,9,12.0,21,low,True,fixed_maximin
Chrysene,spid:EX000320,4,1,anchorboost_all,0.5267860334514028,0.7023813779352038,240,0.5386032986879105,180.0,4,7,9,12.0,21,low,True,uniform_random
Chrysene,spid:EX000320,4,1,anchorboost_all,0.49189200757986346,0.6558560101064845,240,0.48604334610522265,180.0,4,7,9,12.0,21,low,True,model_disagreement
Chrysene,spid:EX000320,4,1,anchorboost_five,0.6998725109673887,0.6998725109673887,240,0.6998725109673887,240.0,4,7,9,9.0,21,low,True,none
Chrysene,spid:EX000320,4,1,anchorboost_five,0.46805246186309335,0.6240699491507911,240,0.4961687970955888,180.0,4,7,9,12.0,21,low,True,fixed_maximin
Chrysene,spid:EX000320,4,1,anchorboost_five,0.522869731587059,0.6971596421160786,240,0.5249043832255416,180.0,4,7,9,12.0,21,low,True,uniform_random
Chrysene,spid:EX000320,4,1,anchorboost_five,0.4947191077226473,0.6596254769635297,240,0.48121995866186584,180.0,4,7,9,12.0,21,low,True,model_disagreement
Chrysene,spid:EX000320,4,1,cnp,0.7468069791793823,0.7468069791793823,240,0.7468069791793823,240.0,4,7,9,9.0,21,low,True,none
Chrysene,spid:EX000320,4,1,cnp,0.5261526703834534,0.701537013053894,240,0.5247260928153992,180.0,4,7,9,12.0,21,low,True,fixed_maximin
Chrysene,spid:EX000320,4,1,cnp,0.5525620132684708,0.7367493361234665,240,0.5601051896810532,180.0,4,7,9,12.0,21,low,True,uniform_random
Chrysene,spid:EX000320,4,1,cnp,0.535425066947937,0.713900089263916,240,0.5335974097251892,180.0,4,7,9,12.0,21,low,True,model_disagreement
Chrysene,spid:EX000320,4,2,interpolation,0.7884324193000793,0.7884324193000793,240,0.7884324193000793,240.0,4,7,9,9.0,21,low,False,none
Chrysene,spid:EX000320,4,2,interpolation,0.5783063173294067,0.7710751295089722,240,0.5808814764022827,180.0,4,7,9,12.0,21,low,False,fixed_maximin
Chrysene,spid:EX000320,4,2,interpolation,0.6071589142084122,0.8095452338457108,240,0.5913242846727371,180.0,4,7,9,12.0,21,low,False,uniform_random
Chrysene,spid:EX000320,4,2,interpolation,0.5783063173294067,0.7710751295089722,240,0.5808814764022827,180.0,4,7,9,12.0,21,low,False,model_disagreement
Chrysene,spid:EX000320,4,2,anchorboost_all,0.8484651438204303,0.8484651438204303,240,0.8484651438204303,240.0,4,7,9,9.0,21,low,False,none
Chrysene,spid:EX000320,4,2,anchorboost_all,0.6045170158914862,0.806022687855315,240,0.6417098469322016,180.0,4,7,9,12.0,21,low,False,fixed_maximin
Chrysene,spid:EX000320,4,2,anchorboost_all,0.6387395888555897,0.8516527851407861,240,0.6363488578653227,180.0,4,7,9,12.0,21,low,False,uniform_random
Chrysene,spid:EX000320,4,2,anchorboost_all,0.6045170158914862,0.806022687855315,240,0.6417098469322016,180.0,4,7,9,12.0,21,low,False,model_disagreement
Chrysene,spid:EX000320,4,2,anchorboost_five,0.8226997309418398,0.8226997309418398,240,0.8226997309418398,240.0,4,7,9,9.0,21,low,False,none
Chrysene,spid:EX000320,4,2,anchorboost_five,0.5902121657921953,0.7869495543895937,240,0.629041991673663,180.0,4,7,9,12.0,21,low,False,fixed_maximin
Chrysene,spid:EX000320,4,2,anchorboost_five,0.6633109629362132,0.8844146172482843,240,0.6170247982063798,180.0,4,7,9,12.0,21,low,False,uniform_random
Chrysene,spid:EX000320,4,2,anchorboost_five,0.5902121657921953,0.7869495543895937,240,0.629041991673663,180.0,4,7,9,12.0,21,low,False,model_disagreement
Chrysene,spid:EX000320,4,2,cnp,0.7908832430839539,0.7908832430839539,240,0.7908832430839539,240.0,4,7,9,9.0,21,low,False,none
Chrysene,spid:EX000320,4,2,cnp,0.5818855166435242,0.7758473753929138,240,0.6058295965194702,180.0,4,7,9,12.0,21,low,False,fixed_maximin
Chrysene,spid:EX000320,4,2,cnp,0.5850095748901367,0.7800127416849136,240,0.5931624621152878,180.0,4,7,9,12.0,21,low,False,uniform_random
Chrysene,spid:EX000320,4,2,cnp,0.5818855166435242,0.7758473753929138,240,0.6058295965194702,180.0,4,7,9,12.0,21,low,False,model_disagreement
Chrysene,spid:EX000320,4,3,interpolation,0.7285000085830688,0.7285000085830688,240,0.7285000085830688,240.0,4,7,9,9.0,21,high,True,none
Chrysene,spid:EX000320,4,3,interpolation,0.504292905330658,0.6723905801773071,240,0.5660921931266785,180.0,4,7,9,12.0,21,high,True,fixed_maximin
Chrysene,spid:EX000320,4,3,interpolation,0.4909013882279396,0.6545352190732956,240,0.5463750064373016,180.0,4,7,9,12.0,21,high,True,uniform_random
Chrysene,spid:EX000320,4,3,interpolation,0.504292905330658,0.6723905801773071,240,0.5660921931266785,180.0,4,7,9,12.0,21,high,True,model_disagreement
Chrysene,spid:EX000320,4,3,anchorboost_all,0.6002159360224176,0.6002159360224176,240,0.6002159360224176,240.0,4,7,9,9.0,21,high,True,none
Chrysene,spid:EX000320,4,3,anchorboost_all,0.3999547451542332,0.5332729935389775,240,0.4163842822093212,180.0,4,7,9,12.0,21,high,True,fixed_maximin
Chrysene,spid:EX000320,4,3,anchorboost_all,0.4536893979285881,0.6049191972381174,240,0.4501619520168133,180.0,4,7,9,12.0,21,high,True,uniform_random
Chrysene,spid:EX000320,4,3,anchorboost_all,0.3999547451542332,0.5332729935389775,240,0.4163842822093212,180.0,4,7,9,12.0,21,high,True,model_disagreement
Chrysene,spid:EX000320,4,3,anchorboost_five,0.6335883916905826,0.6335883916905826,240,0.6335883916905826,240.0,4,7,9,9.0,21,high,True,none
Chrysene,spid:EX000320,4,3,anchorboost_five,0.3820430836744881,0.5093907782326508,240,0.43290477550787937,180.0,4,7,9,12.0,21,high,True,fixed_maximin
Chrysene,spid:EX000320,4,3,anchorboost_five,0.45052782921690354,0.6007037722892047,240,0.475191293767937,180.0,4,7,9,12.0,21,high,True,uniform_random
Chrysene,spid:EX000320,4,3,anchorboost_five,0.3820430836744881,0.5093907782326508,240,0.43290477550787937,180.0,4,7,9,12.0,21,high,True,model_disagreement
Chrysene,spid:EX000320,4,3,cnp,0.692413866519928,0.692413866519928,240,0.692413866519928,240.0,4,7,9,9.0,21,high,True,none
Chrysene,spid:EX000320,4,3,cnp,0.4747977554798126,0.6330636739730835,240,0.4732627272605896,180.0,4,7,9,12.0,21,high,True,fixed_maximin
Chrysene,spid:EX000320,4,3,cnp,0.4983007684350014,0.6644010245800018,240,0.5193103849887848,180.0,4,7,9,12.0,21,high,True,uniform_random
Chrysene,spid:EX000320,4,3,cnp,0.4747977554798126,0.6330636739730835,240,0.4732627272605896,180.0,4,7,9,12.0,21,high,True,model_disagreement
Chrysene,spid:EX000320,4,4,interpolation,0.6807524561882019,0.6807524561882019,240,0.6807524561882019,240.0,4,7,9,9.0,21,low,False,none
Chrysene,spid:EX000320,4,4,interpolation,0.511990487575531,0.6826540231704712,240,0.5013852715492249,180.0,4,7,9,12.0,21,low,False,fixed_maximin
Chrysene,spid:EX000320,4,4,interpolation,0.5100684687495232,0.6800913065671921,240,0.5105643048882484,180.0,4,7,9,12.0,21,low,False,uniform_random
Chrysene,spid:EX000320,4,4,interpolation,0.4442109167575836,0.5922811627388,240,0.4442109167575836,180.0,4,7,9,12.0,21,low,False,model_disagreement
Chrysene,spid:EX000320,4,4,anchorboost_all,0.6422861008829822,0.6422861008829822,240,0.6422861008829822,240.0,4,7,9,9.0,21,low,False,none
Chrysene,spid:EX000320,4,4,anchorboost_all,0.45575777702458903,0.6076770360327853,240,0.4729735946253015,180.0,4,7,9,12.0,21,low,False,fixed_maximin
Chrysene,spid:EX000320,4,4,anchorboost_all,0.4766686797909198,0.6355582397212264,240,0.48171457566223663,180.0,4,7,9,12.0,21,low,False,uniform_random
Chrysene,spid:EX000320,4,4,anchorboost_all,0.43879898162541703,0.5850653088338894,240,0.43819354140653816,180.0,4,7,9,12.0,21,low,False,model_disagreement
Chrysene,spid:EX000320,4,4,anchorboost_five,0.6605099863186517,0.6605099863186517,240,0.6605099863186517,240.0,4,7,9,9.0,21,low,False,none
Chrysene,spid:EX000320,4,4,anchorboost_five,0.48637996336381106,0.6485066178184148,240,0.49471670569204645,180.0,4,7,9,12.0,21,low,False,fixed_maximin
Chrysene,spid:EX000320,4,4,anchorboost_five,0.4982446784601407,0.6643262379468544,240,0.49538248973898885,180.0,4,7,9,12.0,21,low,False,uniform_random
Chrysene,spid:EX000320,4,4,anchorboost_five,0.42634215777387924,0.5684562103651724,240,0.42179078655218993,180.0,4,7,9,12.0,21,low,False,model_disagreement
Chrysene,spid:EX000320,4,4,cnp,0.6923378109931946,0.6923378109931946,240,0.6923378109931946,240.0,4,7,9,9.0,21,low,False,none
Chrysene,spid:EX000320,4,4,cnp,0.5091104507446289,0.6788139343261719,240,0.5184136033058167,180.0,4,7,9,12.0,21,low,False,fixed_maximin
Chrysene,spid:EX000320,4,4,cnp,0.5204681754112244,0.6939575523138046,240,0.5192533805966377,180.0,4,7,9,12.0,21,low,False,uniform_random
Chrysene,spid:EX000320,4,4,cnp,0.4919303059577942,0.6559070348739624,240,0.4921749532222748,180.0,4,7,9,12.0,21,low,False,model_disagreement
Clove leaf oil,spid:TP0001649E02,4,0,interpolation,1.3172017335891724,1.3172017335891724,230,1.3172017335891724,230.0,4,7,9,9.0,21,low,False,none
Clove leaf oil,spid:TP0001649E02,4,0,interpolation,0.9360269904136658,1.230206847190857,230,1.0172957181930542,175.0,4,7,9,12.0,21,low,False,fixed_maximin
Clove leaf oil,spid:TP0001649E02,4,0,interpolation,0.9376661032438278,1.249958485364914,230,0.9879012554883957,172.5,4,7,9,12.0,21,low,False,uniform_random
Clove leaf oil,spid:TP0001649E02,4,0,interpolation,0.9378177523612976,1.2688124179840088,230,0.9790574312210083,170.0,4,7,9,12.0,21,low,False,model_disagreement
Clove leaf oil,spid:TP0001649E02,4,0,anchorboost_all,1.267107756854996,1.267107756854996,230,1.267107756854996,230.0,4,7,9,9.0,21,low,False,none
Clove leaf oil,spid:TP0001649E02,4,0,anchorboost_all,1.0119235378345037,1.329956649725348,230,1.0736096026274666,175.0,4,7,9,12.0,21,low,False,fixed_maximin
Clove leaf oil,spid:TP0001649E02,4,0,anchorboost_all,0.90441479668125,1.203950327229979,230,0.950330817641247,172.5,4,7,9,12.0,21,low,False,uniform_random
Clove leaf oil,spid:TP0001649E02,4,0,anchorboost_all,0.7417343524663345,1.0035229474544525,230,0.7752076525735656,170.0,4,7,9,12.0,21,low,False,model_disagreement
Clove leaf oil,spid:TP0001649E02,4,0,anchorboost_five,1.2947300505829715,1.2947300505829715,230,1.2947300505829715,230.0,4,7,9,9.0,21,low,False,none
Clove leaf oil,spid:TP0001649E02,4,0,anchorboost_five,1.0482947410117025,1.3777588024725234,230,1.1010166062837754,175.0,4,7,9,12.0,21,low,False,fixed_maximin
Clove leaf oil,spid:TP0001649E02,4,0,anchorboost_five,0.9424410978733024,1.2546302552832682,230,0.9710475379372285,172.5,4,7,9,12.0,21,low,False,uniform_random
Clove leaf oil,spid:TP0001649E02,4,0,anchorboost_five,0.7744647894267425,1.0478053033420631,230,0.7839291125953886,170.0,4,7,9,12.0,21,low,False,model_disagreement
Clove leaf oil,spid:TP0001649E02,4,0,cnp,1.8056548833847046,1.8056548833847046,230,1.8056548833847046,230.0,4,7,9,9.0,21,low,False,none
Clove leaf oil,spid:TP0001649E02,4,0,cnp,1.5296604633331299,2.010411262512207,230,1.6383591890335083,175.0,4,7,9,12.0,21,low,False,fixed_maximin
Clove leaf oil,spid:TP0001649E02,4,0,cnp,1.294885367155075,1.7219420373439789,230,1.3542412221431732,172.5,4,7,9,12.0,21,low,False,uniform_random
Clove leaf oil,spid:TP0001649E02,4,0,cnp,0.7641183137893677,1.0338070392608643,230,0.8090125322341919,170.0,4,7,9,12.0,21,low,False,model_disagreement
Clove leaf oil,spid:TP0001649E02,4,1,interpolation,1.2078205347061157,1.2078205347061157,230,1.2078205347061157,230.0,4,7,9,9.0,21,low,False,none
Clove leaf oil,spid:TP0001649E02,4,1,interpolation,0.9314294457435608,1.224164366722107,230,0.9445474147796631,175.0,4,7,9,12.0,21,low,False,fixed_maximin
Clove leaf oil,spid:TP0001649E02,4,1,interpolation,0.8798400610685349,1.1717676520347595,230,0.9058654308319092,172.5,4,7,9,12.0,21,low,False,uniform_random
Clove leaf oil,spid:TP0001649E02,4,1,interpolation,0.8284367322921753,1.120826244354248,230,0.8696763515472412,170.0,4,7,9,12.0,21,low,False,model_disagreement
Clove leaf oil,spid:TP0001649E02,4,1,anchorboost_all,1.1914422603705377,1.1914422603705377,230,1.1914422603705377,230.0,4,7,9,9.0,21,low,False,none
Clove leaf oil,spid:TP0001649E02,4,1,anchorboost_all,0.970188515586641,1.2751049061995852,230,1.0157520820983885,175.0,4,7,9,12.0,21,low,False,fixed_maximin
Clove leaf oil,spid:TP0001649E02,4,1,anchorboost_all,0.8539401357232883,1.136064401695132,230,0.893581695277903,172.5,4,7,9,12.0,21,low,False,uniform_random
Clove leaf oil,spid:TP0001649E02,4,1,anchorboost_all,0.6880374342314958,0.930874175724965,230,0.7318711227494934,170.0,4,7,9,12.0,21,low,False,model_disagreement
Clove leaf oil,spid:TP0001649E02,4,1,anchorboost_five,1.231978176341254,1.231978176341254,230,1.231978176341254,230.0,4,7,9,9.0,21,low,False,none
Clove leaf oil,spid:TP0001649E02,4,1,anchorboost_five,1.012049422042556,1.3301220975416452,230,1.049205895191715,175.0,4,7,9,12.0,21,low,False,fixed_maximin
Clove leaf oil,spid:TP0001649E02,4,1,anchorboost_five,0.8805417168264993,1.1712343037562032,230,0.9239836322559405,172.5,4,7,9,12.0,21,low,False,uniform_random
Clove leaf oil,spid:TP0001649E02,4,1,anchorboost_five,0.6927480170375083,0.9372473171683937,230,0.7508748954506443,170.0,4,7,9,12.0,21,low,False,model_disagreement
Clove leaf oil,spid:TP0001649E02,4,1,cnp,1.7852669954299927,1.7852669954299927,230,1.7852669954299927,230.0,4,7,9,9.0,21,low,False,none
Clove leaf oil,spid:TP0001649E02,4,1,cnp,1.5253932476043701,2.004802703857422,230,1.6002802848815918,175.0,4,7,9,12.0,21,low,False,fixed_maximin
Clove leaf oil,spid:TP0001649E02,4,1,cnp,1.2724914252758026,1.691685527563095,230,1.338950291275978,172.5,4,7,9,12.0,21,low,False,uniform_random
Clove leaf oil,spid:TP0001649E02,4,1,cnp,0.736318826675415,0.996195912361145,230,0.7859527468681335,170.0,4,7,9,12.0,21,low,False,model_disagreement
Clove leaf oil,spid:TP0001649E02,4,2,interpolation,1.1996166706085205,1.1996166706085205,225,1.1996166706085205,225.0,4,7,9,9.0,21,low,True,none
Clove leaf oil,spid:TP0001649E02,4,2,interpolation,0.7971641421318054,1.0550702810287476,225,0.8735640645027161,170.0,4,7,9,12.0,21,low,True,fixed_maximin
Clove leaf oil,spid:TP0001649E02,4,2,interpolation,0.8703403323888779,1.1605414748191833,225,0.899712473154068,168.75,4,7,9,12.0,21,low,True,uniform_random
Clove leaf oil,spid:TP0001649E02,4,2,interpolation,0.9586581587791443,1.2688124179840088,225,0.9501374363899231,170.0,4,7,9,12.0,21,low,True,model_disagreement
Clove leaf oil,spid:TP0001649E02,4,2,anchorboost_all,1.0754081407712623,1.0754081407712623,225,1.0754081407712623,225.0,4,7,9,9.0,21,low,True,none
Clove leaf oil,spid:TP0001649E02,4,2,anchorboost_all,0.9197595219509797,1.2173287790527672,225,0.8869174315756092,170.0,4,7,9,12.0,21,low,True,fixed_maximin
Clove leaf oil,spid:TP0001649E02,4,2,anchorboost_all,0.8207010778973391,1.0939630191163738,225,0.8065561055784467,168.75,4,7,9,12.0,21,low,True,uniform_random
Clove leaf oil,spid:TP0001649E02,4,2,anchorboost_all,0.7582173380766974,1.0035229474544525,225,0.7440783372150495,170.0,4,7,9,12.0,21,low,True,model_disagreement
Clove leaf oil,spid:TP0001649E02,4,2,anchorboost_five,1.0924207592828739,1.0924207592828739,225,1.0924207592828739,225.0,4,7,9,9.0,21,low,True,none
Clove leaf oil,spid:TP0001649E02,4,2,anchorboost_five,0.9331586301303022,1.2350628928195178,225,0.8901782078121072,170.0,4,7,9,12.0,21,low,True,fixed_maximin
Clove leaf oil,spid:TP0001649E02,4,2,anchorboost_five,0.8476929752854351,1.1302239816120998,225,0.8193155694621554,168.75,4,7,9,12.0,21,low,True,uniform_random
Clove leaf oil,spid:TP0001649E02,4,2,anchorboost_five,0.7916751180806701,1.0478053033420631,225,0.7565805760589321,170.0,4,7,9,12.0,21,low,True,model_disagreement
Clove leaf oil,spid:TP0001649E02,4,2,cnp,1.168437123298645,1.168437123298645,225,1.168437123298645,225.0,4,7,9,9.0,21,low,True,none
Clove leaf oil,spid:TP0001649E02,4,2,cnp,0.9234486818313599,1.2222115993499756,225,0.9824121594429016,170.0,4,7,9,12.0,21,low,True,fixed_maximin
Clove leaf oil,spid:TP0001649E02,4,2,cnp,0.8828240036964417,1.1767590939998627,225,0.8763278275728226,168.75,4,7,9,12.0,21,low,True,uniform_random
Clove leaf oil,spid:TP0001649E02,4,2,cnp,0.7810987234115601,1.0338070392608643,225,0.7660918235778809,170.0,4,7,9,12.0,21,low,True,model_disagreement
Clove leaf oil,spid:TP0001649E02,4,3,interpolation,1.1570148468017578,1.1570148468017578,225,1.1570148468017578,225.0,4,7,9,9.0,21,high,True,none
Clove leaf oil,spid:TP0001649E02,4,3,interpolation,0.8468465209007263,1.120826244354248,225,0.886534571647644,170.0,4,7,9,12.0,21,high,True,fixed_maximin
Clove leaf oil,spid:TP0001649E02,4,3,interpolation,0.8421249091625214,1.122347503900528,225,0.867761105298996,168.75,4,7,9,12.0,21,high,True,uniform_random
Clove leaf oil,spid:TP0001649E02,4,3,interpolation,0.7749743461608887,1.0567830801010132,225,0.7981718182563782,165.0,4,7,9,12.0,21,high,True,model_disagreement
Clove leaf oil,spid:TP0001649E02,4,3,anchorboost_all,0.9749599618243708,0.9749599618243708,225,0.9749599618243708,225.0,4,7,9,9.0,21,high,True,none
Clove leaf oil,spid:TP0001649E02,4,3,anchorboost_all,0.7033271549921957,0.930874175724965,225,0.7518373507884752,170.0,4,7,9,12.0,21,high,True,fixed_maximin
Clove leaf oil,spid:TP0001649E02,4,3,anchorboost_all,0.7047202966727597,0.9389194669626761,225,0.7312199713682781,168.75,4,7,9,12.0,21,high,True,uniform_random
Clove leaf oil,spid:TP0001649E02,4,3,anchorboost_all,0.6184890109399513,0.8433941058272064,225,0.6393109688988996,165.0,4,7,9,12.0,21,high,True,model_disagreement
Clove leaf oil,spid:TP0001649E02,4,3,anchorboost_five,0.9758032719601739,0.9758032719601739,225,0.9758032719601739,225.0,4,7,9,9.0,21,high,True,none
Clove leaf oil,spid:TP0001649E02,4,3,anchorboost_five,0.7081424174161197,0.9372473171683937,225,0.7537672736517358,170.0,4,7,9,12.0,21,high,True,fixed_maximin
Clove leaf oil,spid:TP0001649E02,4,3,anchorboost_five,0.712552019337515,0.9493742518730387,225,0.7318524539701304,168.75,4,7,9,12.0,21,high,True,uniform_random
Clove leaf oil,spid:TP0001649E02,4,3,anchorboost_five,0.6273921675857489,0.8555347739805667,225,0.6437509618178056,165.0,4,7,9,12.0,21,high,True,model_disagreement
Clove leaf oil,spid:TP0001649E02,4,3,cnp,1.0070699453353882,1.0070699453353882,225,1.0070699453353882,225.0,4,7,9,9.0,21,high,True,none
Clove leaf oil,spid:TP0001649E02,4,3,cnp,0.752681314945221,0.996195912361145,225,0.7773706316947937,170.0,4,7,9,12.0,21,high,True,fixed_maximin
Clove leaf oil,spid:TP0001649E02,4,3,cnp,0.7304422408342361,0.9728500694036484,225,0.7553024142980576,168.75,4,7,9,12.0,21,high,True,uniform_random
Clove leaf oil,spid:TP0001649E02,4,3,cnp,0.6072003245353699,0.8280003666877747,225,0.6037542223930359,165.0,4,7,9,12.0,21,high,True,model_disagreement
Clove leaf oil,spid:TP0001649E02,4,4,interpolation,1.232620120048523,1.232620120048523,230,1.232620120048523,230.0,4,7,9,9.0,21,high,False,none
Clove leaf oil,spid:TP0001649E02,4,4,interpolation,0.9936990737915039,1.3060044050216675,230,0.9936990737915039,175.0,4,7,9,12.0,21,high,False,fixed_maximin
Clove leaf oil,spid:TP0001649E02,4,4,interpolation,0.8984397053718567,1.1966921985149384,230,0.9244650900363922,172.5,4,7,9,12.0,21,high,False,uniform_random
Clove leaf oil,spid:TP0001649E02,4,4,interpolation,0.8532362580299377,1.1543785333633423,230,0.8944758772850037,170.0,4,7,9,12.0,21,high,False,model_disagreement
Clove leaf oil,spid:TP0001649E02,4,4,anchorboost_all,1.1961236136066336,1.1961236136066336,230,1.1961236136066336,230.0,4,7,9,9.0,21,high,False,none
Clove leaf oil,spid:TP0001649E02,4,4,anchorboost_all,1.0234619624383297,1.3451214363475188,230,1.0015446599858735,175.0,4,7,9,12.0,21,high,False,fixed_maximin
Clove leaf oil,spid:TP0001649E02,4,4,anchorboost_all,0.875307030251274,1.1649537639804288,230,0.8970927102049753,172.5,4,7,9,12.0,21,high,False,uniform_random
Clove leaf oil,spid:TP0001649E02,4,4,anchorboost_all,0.726212466650591,0.9825227489978585,230,0.7421074882040354,170.0,4,7,9,12.0,21,high,False,model_disagreement
Clove leaf oil,spid:TP0001649E02,4,4,anchorboost_five,1.2307911333299255,1.2307911333299255,230,1.2307911333299255,230.0,4,7,9,9.0,21,high,False,none
Clove leaf oil,spid:TP0001649E02,4,4,anchorboost_five,1.0665021101993906,1.4016884876906277,230,1.0403090517444111,175.0,4,7,9,12.0,21,high,False,fixed_maximin
Clove leaf oil,spid:TP0001649E02,4,4,anchorboost_five,0.8946996276923601,1.1905672928801958,230,0.9230933499974443,172.5,4,7,9,12.0,21,high,False,uniform_random
Clove leaf oil,spid:TP0001649E02,4,4,anchorboost_five,0.7235886380952486,0.9789728633053364,230,0.7530756671969169,170.0,4,7,9,12.0,21,high,False,model_disagreement
Clove leaf oil,spid:TP0001649E02,4,4,cnp,1.812973141670227,1.812973141670227,230,1.812973141670227,230.0,4,7,9,9.0,21,high,False,none
Clove leaf oil,spid:TP0001649E02,4,4,cnp,1.5707275867462158,2.064384937286377,230,1.599655032157898,175.0,4,7,9,12.0,21,high,False,fixed_maximin
Clove leaf oil,spid:TP0001649E02,4,4,cnp,1.2957682758569717,1.722913235425949,230,1.359729826450348,172.5,4,7,9,12.0,21,high,False,uniform_random
Clove leaf oil,spid:TP0001649E02,4,4,cnp,0.7766197323799133,1.0507209300994873,230,0.820969820022583,170.0,4,7,9,12.0,21,high,False,model_disagreement
Cotinine,spid:EX000459,4,0,interpolation,0.7459666728973389,0.7459666728973389,255,0.7459666728973389,255.0,4,7,18,18.0,42,low,False,none
Cotinine,spid:EX000459,4,0,interpolation,0.5752846002578735,0.7640498280525208,255,0.5832058191299438,192.0,4,7,18,24.0,42,low,False,fixed_maximin
Cotinine,spid:EX000459,4,0,interpolation,0.5654162168502808,0.7536853104829788,255,0.5594750046730042,191.25,4,7,18,24.0,42,low,False,uniform_random
Cotinine,spid:EX000459,4,0,interpolation,0.5202504992485046,0.7019252777099609,255,0.5202504992485046,189.0,4,7,18,24.0,42,low,False,model_disagreement
Cotinine,spid:EX000459,4,0,anchorboost_all,0.6603435106569266,0.6603435106569266,255,0.6603435106569266,255.0,4,7,18,18.0,42,low,False,none
Cotinine,spid:EX000459,4,0,anchorboost_all,0.5221144134584643,0.693433205374523,255,0.52816229250966,192.0,4,7,18,24.0,42,low,False,fixed_maximin
Cotinine,spid:EX000459,4,0,anchorboost_all,0.4953325405785741,0.6603039912927933,255,0.495257632992695,191.25,4,7,18,24.0,42,low,False,uniform_random
Cotinine,spid:EX000459,4,0,anchorboost_all,0.46305591031897964,0.6247579742398931,255,0.4724707123933128,189.0,4,7,18,24.0,42,low,False,model_disagreement
Cotinine,spid:EX000459,4,0,anchorboost_five,0.6780374624568367,0.6780374624568367,255,0.6780374624568367,255.0,4,7,18,18.0,42,low,False,none
Cotinine,spid:EX000459,4,0,anchorboost_five,0.543265611027433,0.7215246396458094,255,0.5442111055701014,192.0,4,7,18,24.0,42,low,False,fixed_maximin
Cotinine,spid:EX000459,4,0,anchorboost_five,0.5061003432768102,0.6746693498507575,255,0.5085280968426275,191.25,4,7,18,24.0,42,low,False,uniform_random
Cotinine,spid:EX000459,4,0,anchorboost_five,0.4752696635734567,0.6412368476784733,255,0.48286256364943436,189.0,4,7,18,24.0,42,low,False,model_disagreement
Cotinine,spid:EX000459,4,0,cnp,0.6607828140258789,0.6607828140258789,255,0.6607828140258789,255.0,4,7,18,18.0,42,low,False,none
Cotinine,spid:EX000459,4,0,cnp,0.5222175121307373,0.6935701370239258,255,0.5273658633232117,192.0,4,7,18,24.0,42,low,False,fixed_maximin
Cotinine,spid:EX000459,4,0,cnp,0.4943032041192055,0.6588205546140671,255,0.4955871179699898,191.25,4,7,18,24.0,42,low,False,uniform_random
Cotinine,spid:EX000459,4,0,cnp,0.4409737288951874,0.5949645638465881,255,0.4411226212978363,189.0,4,7,18,24.0,42,low,False,model_disagreement
Cotinine,spid:EX000459,4,1,interpolation,0.7641323208808899,0.7641323208808899,263,0.7641323208808899,263.0,4,7,18,18.0,42,low,False,none
Cotinine,spid:EX000459,4,1,interpolation,0.5725232362747192,0.7643331289291382,263,0.5893086194992065,197.0,4,7,18,24.0,42,low,False,fixed_maximin
Cotinine,spid:EX000459,4,1,interpolation,0.579909548163414,0.7733243852853775,263,0.5730992406606674,197.25,4,7,18,24.0,42,low,False,uniform_random
Cotinine,spid:EX000459,4,1,interpolation,0.5725232362747192,0.7643331289291382,263,0.5893086194992065,197.0,4,7,18,24.0,42,low,False,model_disagreement
Cotinine,spid:EX000459,4,1,anchorboost_all,0.8078614090527573,0.8078614090527573,263,0.8078614090527573,263.0,4,7,18,18.0,42,low,False,none
Cotinine,spid:EX000459,4,1,anchorboost_all,0.4929164351789826,0.6580559515333624,263,0.5786753625422123,197.0,4,7,18,24.0,42,low,False,fixed_maximin
Cotinine,spid:EX000459,4,1,anchorboost_all,0.5523761446410103,0.7359212615762527,263,0.6058960567895679,197.25,4,7,18,24.0,42,low,False,uniform_random
Cotinine,spid:EX000459,4,1,anchorboost_all,0.4929164351789826,0.6580559515333624,263,0.5786753625422123,197.0,4,7,18,24.0,42,low,False,model_disagreement
Cotinine,spid:EX000459,4,1,anchorboost_five,0.9394096667131422,0.9394096667131422,263,0.9394096667131422,263.0,4,7,18,18.0,42,low,False,none
Cotinine,spid:EX000459,4,1,anchorboost_five,0.4826298545214216,0.6443231052747913,263,0.5986831748658656,197.0,4,7,18,24.0,42,low,False,fixed_maximin
Cotinine,spid:EX000459,4,1,anchorboost_five,0.5999042320008603,0.7986507650550121,263,0.7045572500348566,197.25,4,7,18,24.0,42,low,False,uniform_random
Cotinine,spid:EX000459,4,1,anchorboost_five,0.4826298545214216,0.6443231052747913,263,0.5986831748658656,197.0,4,7,18,24.0,42,low,False,model_disagreement
Cotinine,spid:EX000459,4,1,cnp,0.7242923974990845,0.7242923974990845,263,0.7242923974990845,263.0,4,7,18,18.0,42,low,False,none
Cotinine,spid:EX000459,4,1,cnp,0.5124419927597046,0.6841230988502502,263,0.5396950840950012,197.0,4,7,18,24.0,42,low,False,fixed_maximin
Cotinine,spid:EX000459,4,1,cnp,0.5428686589002609,0.7235876321792603,263,0.5432193279266357,197.25,4,7,18,24.0,42,low,False,uniform_random
Cotinine,spid:EX000459,4,1,cnp,0.5124419927597046,0.6841230988502502,263,0.5396950840950012,197.0,4,7,18,24.0,42,low,False,model_disagreement
Cotinine,spid:EX000459,4,2,interpolation,0.7692245841026306,0.7692245841026306,265,0.7692245841026306,265.0,4,7,18,18.0,42,low,True,none
Cotinine,spid:EX000459,4,2,interpolation,0.5821152329444885,0.7636659741401672,265,0.5821152329444885,202.0,4,7,18,24.0,42,low,True,fixed_maximin
Cotinine,spid:EX000459,4,2,interpolation,0.5800933092832565,0.7734736800193787,265,0.5769184082746506,198.75,4,7,18,24.0,42,low,True,uniform_random
Cotinine,spid:EX000459,4,2,interpolation,0.5682023167610168,0.7643331289291382,265,0.5877392888069153,197.0,4,7,18,24.0,42,low,True,model_disagreement
Cotinine,spid:EX000459,4,2,anchorboost_all,0.6678953603921687,0.6678953603921687,265,0.6678953603921687,265.0,4,7,18,18.0,42,low,True,none
Cotinine,spid:EX000459,4,2,anchorboost_all,0.519258036335146,0.6812048496475925,265,0.526402423183441,202.0,4,7,18,24.0,42,low,True,fixed_maximin
Cotinine,spid:EX000459,4,2,anchorboost_all,0.49128996541373826,0.6548902270172823,265,0.5009215202941266,198.75,4,7,18,24.0,42,low,True,uniform_random
Cotinine,spid:EX000459,4,2,anchorboost_all,0.4891963111398959,0.6580559515333624,265,0.4986946368373763,197.0,4,7,18,24.0,42,low,True,model_disagreement
Cotinine,spid:EX000459,4,2,anchorboost_five,0.6470577176141337,0.6470577176141337,265,0.6470577176141337,265.0,4,7,18,18.0,42,low,True,none
Cotinine,spid:EX000459,4,2,anchorboost_five,0.5122160406507761,0.6719665879824539,265,0.5116291505708532,202.0,4,7,18,24.0,42,low,True,fixed_maximin
Cotinine,spid:EX000459,4,2,anchorboost_five,0.4865116616397529,0.648519281130357,265,0.48529328821060025,198.75,4,7,18,24.0,42,low,True,uniform_random
Cotinine,spid:EX000459,4,2,anchorboost_five,0.4789873650533354,0.6443231052747913,265,0.47999974192332207,197.0,4,7,18,24.0,42,low,True,model_disagreement
Cotinine,spid:EX000459,4,2,cnp,0.6601715683937073,0.6601715683937073,265,0.6601715683937073,265.0,4,7,18,18.0,42,low,True,none
Cotinine,spid:EX000459,4,2,cnp,0.5330722332000732,0.6993274688720703,265,0.528754711151123,202.0,4,7,18,24.0,42,low,True,fixed_maximin
Cotinine,spid:EX000459,4,2,cnp,0.4996548071503639,0.6660237610340118,265,0.49512869119644165,198.75,4,7,18,24.0,42,low,True,uniform_random
Cotinine,spid:EX000459,4,2,cnp,0.5085744857788086,0.6841230988502502,265,0.5140737891197205,197.0,4,7,18,24.0,42,low,True,model_disagreement
Cotinine,spid:EX000459,4,3,interpolation,0.7245641946792603,0.7245641946792603,257,0.7245641946792603,257.0,4,7,18,18.0,42,low,True,none
Cotinine,spid:EX000459,4,3,interpolation,0.5552104115486145,0.7355107069015503,257,0.5630699992179871,194.0,4,7,18,24.0,42,low,True,fixed_maximin
Cotinine,spid:EX000459,4,3,interpolation,0.5493181347846985,0.732227697968483,257,0.5434231460094452,192.75,4,7,18,24.0,42,low,True,uniform_random
Cotinine,spid:EX000459,4,3,interpolation,0.5685731172561646,0.7532129287719727,257,0.5371335744857788,194.0,4,7,18,24.0,42,low,True,model_disagreement
Cotinine,spid:EX000459,4,3,anchorboost_all,0.6753775535645691,0.6753775535645691,257,0.6753775535645691,257.0,4,7,18,18.0,42,low,True,none
Cotinine,spid:EX000459,4,3,anchorboost_all,0.5461156809448194,0.7234625257877249,257,0.5427840906172048,194.0,4,7,18,24.0,42,low,True,fixed_maximin
Cotinine,spid:EX000459,4,3,anchorboost_all,0.5042787908909393,0.6720649315812951,257,0.5065331651734267,192.75,4,7,18,24.0,42,low,True,uniform_random
Cotinine,spid:EX000459,4,3,anchorboost_all,0.5120068495217991,0.6782771150881566,257,0.5112943175209977,194.0,4,7,18,24.0,42,low,True,model_disagreement
Cotinine,spid:EX000459,4,3,anchorboost_five,0.6982361034623995,0.6982361034623995,257,0.6982361034623995,257.0,4,7,18,18.0,42,low,True,none
Cotinine,spid:EX000459,4,3,anchorboost_five,0.5582104198104646,0.739484937583966,257,0.5632642011964311,194.0,4,7,18,24.0,42,low,True,fixed_maximin
Cotinine,spid:EX000459,4,3,anchorboost_five,0.5123627155930164,0.6828802266340377,257,0.5236770775967996,192.75,4,7,18,24.0,42,low,True,uniform_random
Cotinine,spid:EX000459,4,3,anchorboost_five,0.5078869350747149,0.6728192902793904,257,0.5293297895369022,194.0,4,7,18,24.0,42,low,True,model_disagreement
Cotinine,spid:EX000459,4,3,cnp,0.6308887004852295,0.6308887004852295,257,0.6308887004852295,257.0,4,7,18,18.0,42,low,True,none
Cotinine,spid:EX000459,4,3,cnp,0.4971284866333008,0.6585670709609985,257,0.4988985061645508,194.0,4,7,18,24.0,42,low,True,fixed_maximin
Cotinine,spid:EX000459,4,3,cnp,0.47735363990068436,0.6362040638923645,257,0.4731665477156639,192.75,4,7,18,24.0,42,low,True,uniform_random
Cotinine,spid:EX000459,4,3,cnp,0.49137309193611145,0.6509426832199097,257,0.4756803810596466,194.0,4,7,18,24.0,42,low,True,model_disagreement
Cotinine,spid:EX000459,4,4,interpolation,0.7446767687797546,0.7446767687797546,260,0.7446767687797546,260.0,4,7,18,18.0,42,low,False,none
Cotinine,spid:EX000459,4,4,interpolation,0.5772770643234253,0.7618885040283203,260,0.5850460529327393,197.0,4,7,18,24.0,42,low,False,fixed_maximin
Cotinine,spid:EX000459,4,4,interpolation,0.5712234675884247,0.761575311422348,260,0.5585076361894608,195.0,4,7,18,24.0,42,low,False,uniform_random
Cotinine,spid:EX000459,4,4,interpolation,0.55085688829422,0.738261878490448,260,0.5678359270095825,194.0,4,7,18,24.0,42,low,False,model_disagreement
Cotinine,spid:EX000459,4,4,anchorboost_all,0.7265328032894054,0.7265328032894054,260,0.7265328032894054,260.0,4,7,18,18.0,42,low,False,none
Cotinine,spid:EX000459,4,4,anchorboost_all,0.5947077381279894,0.7848934614887167,260,0.5838641734691113,197.0,4,7,18,24.0,42,low,False,fixed_maximin
Cotinine,spid:EX000459,4,4,anchorboost_all,0.5370774325194608,0.7154291343488243,260,0.544899602467054,195.0,4,7,18,24.0,42,low,False,uniform_random
Cotinine,spid:EX000459,4,4,anchorboost_all,0.49377634451778757,0.661762111209406,260,0.534075091189153,194.0,4,7,18,24.0,42,low,False,model_disagreement
Cotinine,spid:EX000459,4,4,anchorboost_five,0.7319303696682417,0.7319303696682417,260,0.7319303696682417,260.0,4,7,18,18.0,42,low,False,none
Cotinine,spid:EX000459,4,4,anchorboost_five,0.6242698184765743,0.8239094050959864,260,0.5893430701592698,197.0,4,7,18,24.0,42,low,False,fixed_maximin
Cotinine,spid:EX000459,4,4,anchorboost_five,0.5620856209549966,0.7485646112336218,260,0.5489477772511813,195.0,4,7,18,24.0,42,low,False,uniform_random
Cotinine,spid:EX000459,4,4,anchorboost_five,0.5058772585111473,0.6779798309943211,260,0.5220478988398373,194.0,4,7,18,24.0,42,low,False,model_disagreement
Cotinine,spid:EX000459,4,4,cnp,0.6812931895256042,0.6812931895256042,260,0.6812931895256042,260.0,4,7,18,18.0,42,low,False,none
Cotinine,spid:EX000459,4,4,cnp,0.5471339225769043,0.7221056818962097,260,0.5490476489067078,197.0,4,7,18,24.0,42,low,False,fixed_maximin
Cotinine,spid:EX000459,4,4,cnp,0.5157865509390831,0.687423899769783,260,0.5109698995947838,195.0,4,7,18,24.0,42,low,False,uniform_random
Cotinine,spid:EX000459,4,4,cnp,0.4777936041355133,0.6403419375419617,260,0.4971019923686981,194.0,4,7,18,24.0,42,low,False,model_disagreement
Coumaphos,spid:TT0000177A02,4,0,interpolation,1.5704233646392822,1.5704233646392822,236,1.5704233646392822,236.0,4,7,9,9.0,21,high,False,none
Coumaphos,spid:TT0000177A02,4,0,interpolation,0.7752575874328613,0.9148039221763611,236,0.7752575874328613,200.0,4,7,9,12.0,21,high,False,fixed_maximin
Coumaphos,spid:TT0000177A02,4,0,interpolation,1.1672961115837097,1.5851035565137863,236,1.1778175830841064,177.0,4,7,9,12.0,21,high,False,uniform_random
Coumaphos,spid:TT0000177A02,4,0,interpolation,0.7752575874328613,0.9148039221763611,236,0.7752575874328613,200.0,4,7,9,12.0,21,high,False,model_disagreement
Coumaphos,spid:TT0000177A02,4,0,anchorboost_all,1.0512035755301063,1.0512035755301063,236,1.0512035755301063,236.0,4,7,9,9.0,21,high,False,none
Coumaphos,spid:TT0000177A02,4,0,anchorboost_all,0.7224097865668175,0.8524435481488447,236,0.7165609400063815,200.0,4,7,9,12.0,21,high,False,fixed_maximin
Coumaphos,spid:TT0000177A02,4,0,anchorboost_all,0.7693689941245414,1.03320109483955,236,0.7884026816475798,177.0,4,7,9,12.0,21,high,False,uniform_random
Coumaphos,spid:TT0000177A02,4,0,anchorboost_all,0.7224097865668175,0.8524435481488447,236,0.7165609400063815,200.0,4,7,9,12.0,21,high,False,model_disagreement
Coumaphos,spid:TT0000177A02,4,0,anchorboost_five,1.0411176208597328,1.0411176208597328,236,1.0411176208597328,236.0,4,7,9,9.0,21,high,False,none
Coumaphos,spid:TT0000177A02,4,0,anchorboost_five,0.7178265272427697,0.8470353021464683,236,0.7354243479213889,200.0,4,7,9,12.0,21,high,False,fixed_maximin
Coumaphos,spid:TT0000177A02,4,0,anchorboost_five,0.7732794477297433,1.039148883045971,236,0.7808382156447993,177.0,4,7,9,12.0,21,high,False,uniform_random
Coumaphos,spid:TT0000177A02,4,0,anchorboost_five,0.7178265272427697,0.8470353021464683,236,0.7354243479213889,200.0,4,7,9,12.0,21,high,False,model_disagreement
Coumaphos,spid:TT0000177A02,4,0,cnp,0.8895499110221863,0.8895499110221863,236,0.8895499110221863,236.0,4,7,9,9.0,21,high,False,none
Coumaphos,spid:TT0000177A02,4,0,cnp,0.6684498190879822,0.788770854473114,236,0.6815640926361084,200.0,4,7,9,12.0,21,high,False,fixed_maximin
Coumaphos,spid:TT0000177A02,4,0,cnp,0.681622639298439,0.913783997297287,236,0.6671624332666397,177.0,4,7,9,12.0,21,high,False,uniform_random
Coumaphos,spid:TT0000177A02,4,0,cnp,0.6684498190879822,0.788770854473114,236,0.6815640926361084,200.0,4,7,9,12.0,21,high,False,model_disagreement
Coumaphos,spid:TT0000177A02,4,1,interpolation,1.9097775220870972,1.9097775220870972,233,1.9097775220870972,233.0,4,7,9,9.0,21,high,False,none
Coumaphos,spid:TT0000177A02,4,1,interpolation,1.3613970279693604,1.6101802587509155,233,0.8925330638885498,197.0,4,7,9,12.0,21,high,False,fixed_maximin
Coumaphos,spid:TT0000177A02,4,1,interpolation,1.56461900472641,2.109734892845154,233,1.4323330521583557,174.75,4,7,9,12.0,21,high,False,uniform_random
Coumaphos,spid:TT0000177A02,4,1,interpolation,1.3613970279693604,1.6101802587509155,233,0.8925330638885498,197.0,4,7,9,12.0,21,high,False,model_disagreement
Coumaphos,spid:TT0000177A02,4,1,anchorboost_all,1.4116736727892913,1.4116736727892913,233,1.4116736727892913,233.0,4,7,9,9.0,21,high,False,none
Coumaphos,spid:TT0000177A02,4,1,anchorboost_all,0.8840469232276035,1.0455986452387391,233,0.8724004124424946,197.0,4,7,9,12.0,21,high,False,fixed_maximin
Coumaphos,spid:TT0000177A02,4,1,anchorboost_all,1.0325328648060788,1.3932594734016592,233,1.0587552545919683,174.75,4,7,9,12.0,21,high,False,uniform_random
Coumaphos,spid:TT0000177A02,4,1,anchorboost_all,0.8840469232276035,1.0455986452387391,233,0.8724004124424946,197.0,4,7,9,12.0,21,high,False,model_disagreement
Coumaphos,spid:TT0000177A02,4,1,anchorboost_five,1.606982478774596,1.606982478774596,233,1.606982478774596,233.0,4,7,9,9.0,21,high,False,none
Coumaphos,spid:TT0000177A02,4,1,anchorboost_five,0.9382510222594793,1.1097080618601964,233,0.9499363277412405,197.0,4,7,9,12.0,21,high,False,fixed_maximin
Coumaphos,spid:TT0000177A02,4,1,anchorboost_five,1.021596631456946,1.374763728487661,233,1.205236859080947,174.75,4,7,9,12.0,21,high,False,uniform_random
Coumaphos,spid:TT0000177A02,4,1,anchorboost_five,0.9382510222594793,1.1097080618601964,233,0.9499363277412405,197.0,4,7,9,12.0,21,high,False,model_disagreement
Coumaphos,spid:TT0000177A02,4,1,cnp,1.5702210664749146,1.5702210664749146,233,1.5702210664749146,233.0,4,7,9,9.0,21,high,False,none
Coumaphos,spid:TT0000177A02,4,1,cnp,0.9038112163543701,1.0689747333526611,233,0.9408800601959229,197.0,4,7,9,12.0,21,high,False,fixed_maximin
Coumaphos,spid:TT0000177A02,4,1,cnp,1.0404520779848099,1.403743177652359,233,1.177665799856186,174.75,4,7,9,12.0,21,high,False,uniform_random
Coumaphos,spid:TT0000177A02,4,1,cnp,0.9038112163543701,1.0689747333526611,233,0.9408800601959229,197.0,4,7,9,12.0,21,high,False,model_disagreement
Coumaphos,spid:TT0000177A02,4,2,interpolation,2.0991902351379395,2.0991902351379395,228,2.0991902351379395,228.0,4,7,9,9.0,21,low,False,none
Coumaphos,spid:TT0000177A02,4,2,interpolation,1.0335599184036255,1.227352261543274,228,0.9968491792678833,192.0,4,7,9,12.0,21,low,False,fixed_maximin
Coumaphos,spid:TT0000177A02,4,2,interpolation,1.5019967257976532,2.0372506380081177,228,1.5743925869464874,171.0,4,7,9,12.0,21,low,False,uniform_random
Coumaphos,spid:TT0000177A02,4,2,interpolation,1.0335599184036255,1.227352261543274,228,0.9968491792678833,192.0,4,7,9,12.0,21,low,False,model_disagreement
Coumaphos,spid:TT0000177A02,4,2,anchorboost_all,1.5017273367472397,1.5017273367472397,228,1.5017273367472397,228.0,4,7,9,9.0,21,low,False,none
Coumaphos,spid:TT0000177A02,4,2,anchorboost_all,0.9609342715407846,1.1411094474546817,228,0.8977482907293028,192.0,4,7,9,12.0,21,low,False,fixed_maximin
Coumaphos,spid:TT0000177A02,4,2,anchorboost_all,1.0473638724450895,1.4089296293347549,228,1.1262955025604298,171.0,4,7,9,12.0,21,low,False,uniform_random
Coumaphos,spid:TT0000177A02,4,2,anchorboost_all,0.9609342715407846,1.1411094474546817,228,0.8977482907293028,192.0,4,7,9,12.0,21,low,False,model_disagreement
Coumaphos,spid:TT0000177A02,4,2,anchorboost_five,1.2351335616869326,1.2351335616869326,228,1.2351335616869326,228.0,4,7,9,9.0,21,low,False,none
Coumaphos,spid:TT0000177A02,4,2,anchorboost_five,0.9242807573252926,1.0975833993237851,228,0.8751400314430453,192.0,4,7,9,12.0,21,low,False,fixed_maximin
Coumaphos,spid:TT0000177A02,4,2,anchorboost_five,0.9557915983536925,1.2825867599750513,228,0.9263501712651994,171.0,4,7,9,12.0,21,low,False,uniform_random
Coumaphos,spid:TT0000177A02,4,2,anchorboost_five,0.9242807573252926,1.0975833993237851,228,0.8751400314430453,192.0,4,7,9,12.0,21,low,False,model_disagreement
Coumaphos,spid:TT0000177A02,4,2,cnp,1.5014047622680664,1.5014047622680664,228,1.5014047622680664,228.0,4,7,9,9.0,21,low,False,none
Coumaphos,spid:TT0000177A02,4,2,cnp,0.9071788191795349,1.0772749185562134,228,0.9501070976257324,192.0,4,7,9,12.0,21,low,False,fixed_maximin
Coumaphos,spid:TT0000177A02,4,2,cnp,1.0442780554294586,1.4071307480335236,228,1.1260536015033722,171.0,4,7,9,12.0,21,low,False,uniform_random
Coumaphos,spid:TT0000177A02,4,2,cnp,0.9071788191795349,1.0772749185562134,228,0.9501070976257324,192.0,4,7,9,12.0,21,low,False,model_disagreement
Coumaphos,spid:TT0000177A02,4,3,interpolation,1.6891905069351196,1.6891905069351196,233,1.6891905069351196,233.0,4,7,9,9.0,21,high,False,none
Coumaphos,spid:TT0000177A02,4,3,interpolation,1.3447893857955933,1.8431525230407715,233,1.3904751539230347,170.0,4,7,9,12.0,21,high,False,fixed_maximin
Coumaphos,spid:TT0000177A02,4,3,interpolation,1.2341988682746887,1.6722215414047241,233,1.266892910003662,174.75,4,7,9,12.0,21,high,False,uniform_random
Coumaphos,spid:TT0000177A02,4,3,interpolation,0.8837864398956299,1.0452905893325806,233,0.8837864398956299,197.0,4,7,9,12.0,21,high,False,model_disagreement
Coumaphos,spid:TT0000177A02,4,3,anchorboost_all,1.11802631083991,1.11802631083991,233,1.11802631083991,233.0,4,7,9,9.0,21,high,False,none
Coumaphos,spid:TT0000177A02,4,3,anchorboost_all,0.8371911186658221,1.1474442979360973,233,0.8544397930225265,170.0,4,7,9,12.0,21,high,False,fixed_maximin
Coumaphos,spid:TT0000177A02,4,3,anchorboost_all,0.7876853627157379,1.059033401514747,233,0.8385197331299323,174.75,4,7,9,12.0,21,high,False,uniform_random
Coumaphos,spid:TT0000177A02,4,3,anchorboost_all,0.7117047094785784,0.8417624228858315,233,0.7940552823444169,197.0,4,7,9,12.0,21,high,False,model_disagreement
Coumaphos,spid:TT0000177A02,4,3,anchorboost_five,1.1399917658825536,1.1399917658825536,233,1.1399917658825536,233.0,4,7,9,9.0,21,high,False,none
Coumaphos,spid:TT0000177A02,4,3,anchorboost_five,0.8322533996385272,1.1406767183280992,233,0.876711739390549,170.0,4,7,9,12.0,21,high,False,fixed_maximin
Coumaphos,spid:TT0000177A02,4,3,anchorboost_five,0.8186366836352208,1.1021909777410852,233,0.8549938244119152,174.75,4,7,9,12.0,21,high,False,uniform_random
Coumaphos,spid:TT0000177A02,4,3,anchorboost_five,0.7194507317928536,0.8509239619681973,233,0.8065738562563726,197.0,4,7,9,12.0,21,high,False,model_disagreement
Coumaphos,spid:TT0000177A02,4,3,cnp,1.0244289636611938,1.0244289636611938,233,1.0244289636611938,233.0,4,7,9,9.0,21,high,False,none
Coumaphos,spid:TT0000177A02,4,3,cnp,0.6950331926345825,0.9526042342185974,233,0.7646425366401672,170.0,4,7,9,12.0,21,high,False,fixed_maximin
Coumaphos,spid:TT0000177A02,4,3,cnp,0.7730593830347061,1.037301167845726,233,0.7683217525482178,174.75,4,7,9,12.0,21,high,False,uniform_random
Coumaphos,spid:TT0000177A02,4,3,cnp,0.753038763999939,0.8906499147415161,233,0.7680079936981201,197.0,4,7,9,12.0,21,high,False,model_disagreement
Coumaphos,spid:TT0000177A02,4,4,interpolation,1.1193187236785889,1.1193187236785889,255,1.1193187236785889,255.0,4,7,9,9.0,21,high,True,none
Coumaphos,spid:TT0000177A02,4,4,interpolation,0.9159811735153198,1.2358474731445312,255,0.9410920739173889,189.0,4,7,9,12.0,21,high,True,fixed_maximin
Coumaphos,spid:TT0000177A02,4,4,interpolation,0.8289787620306015,1.1058148592710495,255,0.8394889980554581,191.25,4,7,9,12.0,21,high,True,uniform_random
Coumaphos,spid:TT0000177A02,4,4,interpolation,0.5994855761528015,0.7961917519569397,255,0.5994855761528015,192.0,4,7,9,12.0,21,high,True,model_disagreement
Coumaphos,spid:TT0000177A02,4,4,anchorboost_all,1.0386514377248022,1.0386514377248022,255,1.0386514377248022,255.0,4,7,9,9.0,21,high,True,none
Coumaphos,spid:TT0000177A02,4,4,anchorboost_all,0.8409474920659257,1.134611695644503,255,0.8681994905901471,189.0,4,7,9,12.0,21,high,True,fixed_maximin
Coumaphos,spid:TT0000177A02,4,4,anchorboost_all,0.7711425724808295,1.0286058060122132,255,0.7789885782936015,191.25,4,7,9,12.0,21,high,True,uniform_random
Coumaphos,spid:TT0000177A02,4,4,anchorboost_all,0.6319150619568462,0.8392621916614363,255,0.6153503364546152,192.0,4,7,9,12.0,21,high,True,model_disagreement
Coumaphos,spid:TT0000177A02,4,4,anchorboost_five,0.9827874568285612,0.9827874568285612,255,0.9827874568285612,255.0,4,7,9,9.0,21,high,True,none
Coumaphos,spid:TT0000177A02,4,4,anchorboost_five,0.8271097454097586,1.1159417199972934,255,0.814258846556523,189.0,4,7,9,12.0,21,high,True,fixed_maximin
Coumaphos,spid:TT0000177A02,4,4,anchorboost_five,0.7474357702525467,0.9970472797104032,255,0.7370905926214208,191.25,4,7,9,12.0,21,high,True,uniform_random
Coumaphos,spid:TT0000177A02,4,4,anchorboost_five,0.6063068412549886,0.8052512735417817,255,0.6057453476763142,192.0,4,7,9,12.0,21,high,True,model_disagreement
Coumaphos,spid:TT0000177A02,4,4,cnp,1.0339945554733276,1.0339945554733276,255,1.0339945554733276,255.0,4,7,9,9.0,21,high,True,none
Coumaphos,spid:TT0000177A02,4,4,cnp,0.8423330187797546,1.1364810466766357,255,0.8720539212226868,189.0,4,7,9,12.0,21,high,True,fixed_maximin
Coumaphos,spid:TT0000177A02,4,4,cnp,0.7535938918590546,1.005306288599968,255,0.7754959166049957,191.25,4,7,9,12.0,21,high,True,uniform_random
Coumaphos,spid:TT0000177A02,4,4,cnp,0.573399543762207,0.7615463137626648,255,0.5786043405532837,192.0,4,7,9,12.0,21,high,True,model_disagreement
Cypermethrin,spid:EPAPLT0167G05,4,0,interpolation,1.7145929336547852,1.7145929336547852,238,1.7145929336547852,238.0,4,7,9,9.0,21,high,True,none
Cypermethrin,spid:EPAPLT0167G05,4,0,interpolation,1.1445163488388062,1.5303083658218384,238,1.2669929265975952,178.0,4,7,9,12.0,21,high,True,fixed_maximin
Cypermethrin,spid:EPAPLT0167G05,4,0,interpolation,1.2351099252700806,1.646914303302765,238,1.2859447598457336,178.5,4,7,9,12.0,21,high,True,uniform_random
Cypermethrin,spid:EPAPLT0167G05,4,0,interpolation,1.1445163488388062,1.5303083658218384,238,1.2669929265975952,178.0,4,7,9,12.0,21,high,True,model_disagreement
Cypermethrin,spid:EPAPLT0167G05,4,0,anchorboost_all,1.4344935714723572,1.4344935714723572,238,1.4344935714723572,238.0,4,7,9,9.0,21,high,True,none
Cypermethrin,spid:EPAPLT0167G05,4,0,anchorboost_all,0.9920459973646254,1.3264435245661843,238,1.0552966232497967,178.0,4,7,9,12.0,21,high,True,fixed_maximin
Cypermethrin,spid:EPAPLT0167G05,4,0,anchorboost_all,1.0458393495146179,1.3951962064815704,238,1.075870178604268,178.5,4,7,9,12.0,21,high,True,uniform_random
Cypermethrin,spid:EPAPLT0167G05,4,0,anchorboost_all,0.9920459973646254,1.3264435245661843,238,1.0552966232497967,178.0,4,7,9,12.0,21,high,True,model_disagreement
Cypermethrin,spid:EPAPLT0167G05,4,0,anchorboost_five,1.4323110525785883,1.4323110525785883,238,1.4323110525785883,238.0,4,7,9,9.0,21,high,True,none
Cypermethrin,spid:EPAPLT0167G05,4,0,anchorboost_five,1.000240606636652,1.3374003616827146,238,1.0607990824858824,178.0,4,7,9,12.0,21,high,True,fixed_maximin
Cypermethrin,spid:EPAPLT0167G05,4,0,anchorboost_five,1.044199751950789,1.3930569472471408,238,1.0742332894339413,178.5,4,7,9,12.0,21,high,True,uniform_random
Cypermethrin,spid:EPAPLT0167G05,4,0,anchorboost_five,1.000240606636652,1.3374003616827146,238,1.0607990824858824,178.0,4,7,9,12.0,21,high,True,model_disagreement
Cypermethrin,spid:EPAPLT0167G05,4,0,cnp,1.3286535739898682,1.3286535739898682,238,1.3286535739898682,238.0,4,7,9,9.0,21,high,True,none
Cypermethrin,spid:EPAPLT0167G05,4,0,cnp,0.9074071049690247,1.2132747173309326,238,1.00192391872406,178.0,4,7,9,12.0,21,high,True,fixed_maximin
Cypermethrin,spid:EPAPLT0167G05,4,0,cnp,0.9802574664354324,1.3071339428424835,238,0.996490091085434,178.5,4,7,9,12.0,21,high,True,uniform_random
Cypermethrin,spid:EPAPLT0167G05,4,0,cnp,0.9074071049690247,1.2132747173309326,238,1.00192391872406,178.0,4,7,9,12.0,21,high,True,model_disagreement
Cypermethrin,spid:EPAPLT0167G05,4,1,interpolation,2.087244987487793,2.087244987487793,211,2.087244987487793,211.0,4,7,9,9.0,21,low,False,none
Cypermethrin,spid:EPAPLT0167G05,4,1,interpolation,1.021921992301941,1.23214590549469,211,1.3545310497283936,175.0,4,7,9,12.0,21,low,False,fixed_maximin
Cypermethrin,spid:EPAPLT0167G05,4,1,interpolation,1.3224813640117645,1.7910193055868149,211,1.5654336810112,158.25,4,7,9,12.0,21,low,False,uniform_random
Cypermethrin,spid:EPAPLT0167G05,4,1,interpolation,1.021921992301941,1.23214590549469,211,1.3545310497283936,175.0,4,7,9,12.0,21,low,False,model_disagreement
Cypermethrin,spid:EPAPLT0167G05,4,1,anchorboost_all,1.2246034547226856,1.2246034547226856,211,1.2246034547226856,211.0,4,7,9,9.0,21,low,False,none
Cypermethrin,spid:EPAPLT0167G05,4,1,anchorboost_all,0.8234762549241464,0.9928770845085424,211,0.9442916861176819,175.0,4,7,9,12.0,21,low,False,fixed_maximin
Cypermethrin,spid:EPAPLT0167G05,4,1,anchorboost_all,0.7886404643944376,1.0570446728948728,211,0.9184525910420143,158.25,4,7,9,12.0,21,low,False,uniform_random
Cypermethrin,spid:EPAPLT0167G05,4,1,anchorboost_all,0.8234762549241464,0.9928770845085424,211,0.9442916861176819,175.0,4,7,9,12.0,21,low,False,model_disagreement
Cypermethrin,spid:EPAPLT0167G05,4,1,anchorboost_five,1.4115297145027743,1.4115297145027743,211,1.4115297145027743,211.0,4,7,9,9.0,21,low,False,none
Cypermethrin,spid:EPAPLT0167G05,4,1,anchorboost_five,0.8487742222904477,1.0233792051616255,211,1.0104314432405346,175.0,4,7,9,12.0,21,low,False,fixed_maximin
Cypermethrin,spid:EPAPLT0167G05,4,1,anchorboost_five,0.8808562130351636,1.184775292088113,211,1.0586472858770808,158.25,4,7,9,12.0,21,low,False,uniform_random
Cypermethrin,spid:EPAPLT0167G05,4,1,anchorboost_five,0.8487742222904477,1.0233792051616255,211,1.0104314432405346,175.0,4,7,9,12.0,21,low,False,model_disagreement
Cypermethrin,spid:EPAPLT0167G05,4,1,cnp,0.9002093076705933,0.9002093076705933,211,0.9002093076705933,211.0,4,7,9,9.0,21,low,False,none
Cypermethrin,spid:EPAPLT0167G05,4,1,cnp,0.7620082497596741,0.9187642335891724,211,0.8180515766143799,175.0,4,7,9,12.0,21,low,False,fixed_maximin
Cypermethrin,spid:EPAPLT0167G05,4,1,cnp,0.654037594795227,0.8710420429706573,211,0.6751569956541061,158.25,4,7,9,12.0,21,low,False,uniform_random
Cypermethrin,spid:EPAPLT0167G05,4,1,cnp,0.7620082497596741,0.9187642335891724,211,0.8180515766143799,175.0,4,7,9,12.0,21,low,False,model_disagreement
Cypermethrin,spid:EPAPLT0167G05,4,2,interpolation,2.3232619762420654,2.3232619762420654,214,2.3232619762420654,214.0,4,7,9,9.0,21,high,False,none
Cypermethrin,spid:EPAPLT0167G05,4,2,interpolation,1.2728735208511353,1.5303083658218384,214,1.6008198261260986,178.0,4,7,9,12.0,21,high,False,fixed_maximin
Cypermethrin,spid:EPAPLT0167G05,4,2,interpolation,1.52609683573246,2.062852203845978,214,1.742446392774582,160.5,4,7,9,12.0,21,high,False,uniform_random
Cypermethrin,spid:EPAPLT0167G05,4,2,interpolation,1.2728735208511353,1.5303083658218384,214,1.6008198261260986,178.0,4,7,9,12.0,21,high,False,model_disagreement
Cypermethrin,spid:EPAPLT0167G05,4,2,anchorboost_all,1.4188665070686848,1.4188665070686848,214,1.4188665070686848,214.0,4,7,9,9.0,21,high,False,none
Cypermethrin,spid:EPAPLT0167G05,4,2,anchorboost_all,1.1033034923961722,1.3264435245661843,214,1.1746569743130633,178.0,4,7,9,12.0,21,high,False,fixed_maximin
Cypermethrin,spid:EPAPLT0167G05,4,2,anchorboost_all,1.0193439866752227,1.3628819410899873,214,1.0641498803015135,160.5,4,7,9,12.0,21,high,False,uniform_random
Cypermethrin,spid:EPAPLT0167G05,4,2,anchorboost_all,1.1033034923961722,1.3264435245661843,214,1.1746569743130633,178.0,4,7,9,12.0,21,high,False,model_disagreement
Cypermethrin,spid:EPAPLT0167G05,4,2,anchorboost_five,1.6003830031563346,1.6003830031563346,214,1.6003830031563346,214.0,4,7,9,9.0,21,high,False,none
Cypermethrin,spid:EPAPLT0167G05,4,2,anchorboost_five,1.1124171232688,1.3374003616827146,214,1.250095786533749,178.0,4,7,9,12.0,21,high,False,fixed_maximin
Cypermethrin,spid:EPAPLT0167G05,4,2,anchorboost_five,1.1092612186612052,1.4887935094297184,214,1.2002872523672512,160.5,4,7,9,12.0,21,high,False,uniform_random
Cypermethrin,spid:EPAPLT0167G05,4,2,anchorboost_five,1.1124171232688,1.3374003616827146,214,1.250095786533749,178.0,4,7,9,12.0,21,high,False,model_disagreement
Cypermethrin,spid:EPAPLT0167G05,4,2,cnp,1.133470892906189,1.133470892906189,214,1.133470892906189,214.0,4,7,9,9.0,21,high,False,none
Cypermethrin,spid:EPAPLT0167G05,4,2,cnp,1.0091724395751953,1.2132747173309326,214,1.0690869092941284,178.0,4,7,9,12.0,21,high,False,fixed_maximin
Cypermethrin,spid:EPAPLT0167G05,4,2,cnp,0.8511347770690918,1.1309078633785248,214,0.8501031696796417,160.5,4,7,9,12.0,21,high,False,uniform_random
Cypermethrin,spid:EPAPLT0167G05,4,2,cnp,1.0091724395751953,1.2132747173309326,214,1.0690869092941284,178.0,4,7,9,12.0,21,high,False,model_disagreement
Cypermethrin,spid:EPAPLT0167G05,4,3,interpolation,1.254517674446106,1.254517674446106,219,1.254517674446106,219.0,4,7,9,9.0,21,high,False,none
Cypermethrin,spid:EPAPLT0167G05,4,3,interpolation,0.7371549606323242,1.0348522663116455,219,0.7371549606323242,156.0,4,7,9,12.0,21,high,False,fixed_maximin
Cypermethrin,spid:EPAPLT0167G05,4,3,interpolation,0.9408883452415466,1.2523320615291595,219,0.9408883452415466,164.25,4,7,9,12.0,21,high,False,uniform_random
Cypermethrin,spid:EPAPLT0167G05,4,3,interpolation,1.0737510919570923,1.2849807739257812,219,1.0737510919570923,183.0,4,7,9,12.0,21,high,False,model_disagreement
Cypermethrin,spid:EPAPLT0167G05,4,3,anchorboost_all,1.0925695296256415,1.0925695296256415,219,1.0925695296256415,219.0,4,7,9,9.0,21,high,False,none
Cypermethrin,spid:EPAPLT0167G05,4,3,anchorboost_all,0.5939394955852065,0.8337996764946168,219,0.5955948953595844,156.0,4,7,9,12.0,21,high,False,fixed_maximin
Cypermethrin,spid:EPAPLT0167G05,4,3,anchorboost_all,0.8270271332358585,1.0971744941663313,219,0.8194271472192312,164.25,4,7,9,12.0,21,high,False,uniform_random
Cypermethrin,spid:EPAPLT0167G05,4,3,anchorboost_all,1.0157680118224135,1.2155912272628884,219,1.0103151637813543,183.0,4,7,9,12.0,21,high,False,model_disagreement
Cypermethrin,spid:EPAPLT0167G05,4,3,anchorboost_five,1.0833966911651338,1.0833966911651338,219,1.0833966911651338,219.0,4,7,9,9.0,21,high,False,none
Cypermethrin,spid:EPAPLT0167G05,4,3,anchorboost_five,0.5843229400122432,0.8202995119402644,219,0.589803694191175,156.0,4,7,9,12.0,21,high,False,fixed_maximin
Cypermethrin,spid:EPAPLT0167G05,4,3,anchorboost_five,0.8146461230395349,1.0813638925199438,219,0.8125475183738504,164.25,4,7,9,12.0,21,high,False,uniform_random
Cypermethrin,spid:EPAPLT0167G05,4,3,anchorboost_five,0.986844444761371,1.1809777781570507,219,0.9959893889790669,183.0,4,7,9,12.0,21,high,False,model_disagreement
Cypermethrin,spid:EPAPLT0167G05,4,3,cnp,1.1330965757369995,1.1330965757369995,219,1.1330965757369995,219.0,4,7,9,9.0,21,high,False,none
Cypermethrin,spid:EPAPLT0167G05,4,3,cnp,0.6479489207267761,0.9096206426620483,219,0.6505637764930725,156.0,4,7,9,12.0,21,high,False,fixed_maximin
Cypermethrin,spid:EPAPLT0167G05,4,3,cnp,0.8458234816789627,1.1243147552013397,219,0.8498224914073944,164.25,4,7,9,12.0,21,high,False,uniform_random
Cypermethrin,spid:EPAPLT0167G05,4,3,cnp,0.9959866404533386,1.1919183731079102,219,0.9970901608467102,183.0,4,7,9,12.0,21,high,False,model_disagreement
Cypermethrin,spid:EPAPLT0167G05,4,4,interpolation,1.360649824142456,1.360649824142456,216,1.360649824142456,216.0,4,7,9,9.0,21,high,False,none
Cypermethrin,spid:EPAPLT0167G05,4,4,interpolation,0.8773819208145142,1.2148364782333374,216,1.0039551258087158,156.0,4,7,9,12.0,21,high,False,fixed_maximin
Cypermethrin,spid:EPAPLT0167G05,4,4,interpolation,0.9627290368080139,1.2786691784858704,216,1.0204873234033585,162.0,4,7,9,12.0,21,high,False,uniform_random
Cypermethrin,spid:EPAPLT0167G05,4,4,interpolation,1.1773724555969238,1.4128469228744507,216,1.1773724555969238,180.0,4,7,9,12.0,21,high,False,model_disagreement
Cypermethrin,spid:EPAPLT0167G05,4,4,anchorboost_all,0.9837554390816863,0.9837554390816863,216,0.9837554390816863,216.0,4,7,9,9.0,21,high,False,none
Cypermethrin,spid:EPAPLT0167G05,4,4,anchorboost_all,0.6243938453953148,0.8645453243935126,216,0.7040433575454182,156.0,4,7,9,12.0,21,high,False,fixed_maximin
Cypermethrin,spid:EPAPLT0167G05,4,4,anchorboost_all,0.686912680438491,0.9104554666893996,216,0.7378165793112647,162.0,4,7,9,12.0,21,high,False,uniform_random
Cypermethrin,spid:EPAPLT0167G05,4,4,anchorboost_all,0.8808453015510693,1.0570143618612833,216,0.9161034806918117,180.0,4,7,9,12.0,21,high,False,model_disagreement
Cypermethrin,spid:EPAPLT0167G05,4,4,anchorboost_five,0.9433127073794504,0.9433127073794504,216,0.9433127073794504,216.0,4,7,9,9.0,21,high,False,none
Cypermethrin,spid:EPAPLT0167G05,4,4,anchorboost_five,0.6467672976796289,0.8955239506333325,216,0.6774962975288965,156.0,4,7,9,12.0,21,high,False,fixed_maximin
Cypermethrin,spid:EPAPLT0167G05,4,4,anchorboost_five,0.6748320430629856,0.8955479870712884,216,0.7074845305345878,162.0,4,7,9,12.0,21,high,False,uniform_random
Cypermethrin,spid:EPAPLT0167G05,4,4,anchorboost_five,0.8414215720116555,1.0097058864139865,216,0.8758939665863902,180.0,4,7,9,12.0,21,high,False,model_disagreement
Cypermethrin,spid:EPAPLT0167G05,4,4,cnp,0.9131808876991272,0.9131808876991272,216,0.9131808876991272,216.0,4,7,9,9.0,21,high,False,none
Cypermethrin,spid:EPAPLT0167G05,4,4,cnp,0.7211819887161255,0.9985597133636475,216,0.7073115706443787,156.0,4,7,9,12.0,21,high,False,fixed_maximin
Cypermethrin,spid:EPAPLT0167G05,4,4,cnp,0.6853466033935547,0.9133913516998291,216,0.6848856955766678,162.0,4,7,9,12.0,21,high,False,uniform_random
Cypermethrin,spid:EPAPLT0167G05,4,4,cnp,0.7702522277832031,0.9243026971817017,216,0.7747630476951599,180.0,4,7,9,12.0,21,high,False,model_disagreement
D-Glucitol,spid:EPAPLT0169A05,4,0,interpolation,0.8581101894378662,0.8581101894378662,332,0.8581101894378662,332.0,5,8,27,27.0,63,low,False,none
D-Glucitol,spid:EPAPLT0169A05,4,0,interpolation,0.7076706290245056,0.8899494409561157,332,0.6376045942306519,264.0,5,8,27,33.0,63,low,False,fixed_maximin
D-Glucitol,spid:EPAPLT0169A05,4,0,interpolation,0.7425339102745057,0.9274263858795166,332,0.6864880919456482,265.6,5,8,27,34.2,63,low,False,uniform_random
D-Glucitol,spid:EPAPLT0169A05,4,0,interpolation,0.7076706290245056,0.8899494409561157,332,0.6376045942306519,264.0,5,8,27,33.0,63,low,False,model_disagreement
D-Glucitol,spid:EPAPLT0169A05,4,0,anchorboost_all,1.117059645203412,1.117059645203412,332,1.117059645203412,332.0,5,8,27,27.0,63,low,False,none
D-Glucitol,spid:EPAPLT0169A05,4,0,anchorboost_all,0.6883099722913101,0.865601934851193,332,0.8013119494898967,264.0,5,8,27,33.0,63,low,False,fixed_maximin
D-Glucitol,spid:EPAPLT0169A05,4,0,anchorboost_all,0.8678651822986195,1.0852325780333214,332,0.8936477161627296,265.6,5,8,27,34.2,63,low,False,uniform_random
D-Glucitol,spid:EPAPLT0169A05,4,0,anchorboost_all,0.6883099722913101,0.865601934851193,332,0.8013119494898967,264.0,5,8,27,33.0,63,low,False,model_disagreement
D-Glucitol,spid:EPAPLT0169A05,4,0,anchorboost_five,1.1198531026549294,1.1198531026549294,332,1.1198531026549294,332.0,5,8,27,27.0,63,low,False,none
D-Glucitol,spid:EPAPLT0169A05,4,0,anchorboost_five,0.7801479856801878,0.9810951941129634,332,0.768365806471434,264.0,5,8,27,33.0,63,low,False,fixed_maximin
D-Glucitol,spid:EPAPLT0169A05,4,0,anchorboost_five,0.8567062630678961,1.0713229416751548,332,0.8958824821239435,265.6,5,8,27,34.2,63,low,False,uniform_random
D-Glucitol,spid:EPAPLT0169A05,4,0,anchorboost_five,0.7801479856801878,0.9810951941129634,332,0.768365806471434,264.0,5,8,27,33.0,63,low,False,model_disagreement
D-Glucitol,spid:EPAPLT0169A05,4,0,cnp,2.227602005004883,2.227602005004883,332,2.227602005004883,332.0,5,8,27,27.0,63,low,False,none
D-Glucitol,spid:EPAPLT0169A05,4,0,cnp,0.7757646441459656,0.9755828380584717,332,1.417062759399414,264.0,5,8,27,33.0,63,low,False,fixed_maximin
D-Glucitol,spid:EPAPLT0169A05,4,0,cnp,1.4357513189315796,1.7996557235717774,332,1.7820815563201904,265.6,5,8,27,34.2,63,low,False,uniform_random
D-Glucitol,spid:EPAPLT0169A05,4,0,cnp,0.7757646441459656,0.9755828380584717,332,1.417062759399414,264.0,5,8,27,33.0,63,low,False,model_disagreement
D-Glucitol,spid:EPAPLT0169A05,4,1,interpolation,0.8508716225624084,0.8508716225624084,332,0.8508716225624084,332.0,5,8,27,27.0,63,low,False,none
D-Glucitol,spid:EPAPLT0169A05,4,1,interpolation,0.7004321217536926,0.8808464407920837,332,0.6303660273551941,264.0,5,8,27,33.0,63,low,False,fixed_maximin
D-Glucitol,spid:EPAPLT0169A05,4,1,interpolation,0.7319921016693115,0.9142228364944458,332,0.6806972622871399,265.6,5,8,27,34.2,63,low,False,uniform_random
D-Glucitol,spid:EPAPLT0169A05,4,1,interpolation,0.8533545136451721,1.0415945053100586,332,0.5931076407432556,272.0,5,8,27,30.0,63,low,False,model_disagreement
D-Glucitol,spid:EPAPLT0169A05,4,1,anchorboost_all,1.0525800195618373,1.0525800195618373,332,1.0525800195618373,332.0,5,8,27,27.0,63,low,False,none
D-Glucitol,spid:EPAPLT0169A05,4,1,anchorboost_all,0.6335412668956998,0.7967261386718649,332,0.7455163661814309,264.0,5,8,27,33.0,63,low,False,fixed_maximin
D-Glucitol,spid:EPAPLT0169A05,4,1,anchorboost_all,0.8350277301253473,1.044583211277756,332,0.8420640156494699,265.6,5,8,27,34.2,63,low,False,uniform_random
D-Glucitol,spid:EPAPLT0169A05,4,1,anchorboost_all,0.7472005003882932,0.9120241401798284,332,0.7177715271944264,272.0,5,8,27,30.0,63,low,False,model_disagreement
D-Glucitol,spid:EPAPLT0169A05,4,1,anchorboost_five,0.9366369060280489,0.9366369060280489,332,0.9366369060280489,332.0,5,8,27,27.0,63,low,False,none
D-Glucitol,spid:EPAPLT0169A05,4,1,anchorboost_five,0.7360449155047194,0.9256322422256319,332,0.6269541670562399,264.0,5,8,27,33.0,63,low,False,fixed_maximin
D-Glucitol,spid:EPAPLT0169A05,4,1,anchorboost_five,0.8040404280172135,1.0055665036532626,332,0.7493095248224393,265.6,5,8,27,34.2,63,low,False,uniform_random
D-Glucitol,spid:EPAPLT0169A05,4,1,anchorboost_five,0.7536658835334025,0.9199157107834177,332,0.6901281750058513,272.0,5,8,27,30.0,63,low,False,model_disagreement
D-Glucitol,spid:EPAPLT0169A05,4,1,cnp,2.1962528228759766,2.1962528228759766,332,2.1962528228759766,332.0,5,8,27,27.0,63,low,False,none
D-Glucitol,spid:EPAPLT0169A05,4,1,cnp,0.7440353035926819,0.9356807470321655,332,1.3946197032928467,264.0,5,8,27,33.0,63,low,False,fixed_maximin
D-Glucitol,spid:EPAPLT0169A05,4,1,cnp,1.4039851427078247,1.7600186467170715,332,1.757002353668213,265.6,5,8,27,34.2,63,low,False,uniform_random
D-Glucitol,spid:EPAPLT0169A05,4,1,cnp,0.7568767666816711,0.9238348603248596,332,1.4399282932281494,272.0,5,8,27,30.0,63,low,False,model_disagreement
D-Glucitol,spid:EPAPLT0169A05,4,2,interpolation,0.8211231231689453,0.8211231231689453,340,0.8211231231689453,340.0,5,8,18,18.0,63,low,True,none
D-Glucitol,spid:EPAPLT0169A05,4,2,interpolation,0.6644245386123657,0.8305306434631348,340,0.6790602207183838,272.0,5,8,18,27.0,63,low,True,fixed_maximin
D-Glucitol,spid:EPAPLT0169A05,4,2,interpolation,0.6075696170330047,0.7594620227813721,340,0.6568984508514404,272.0,5,8,18,27.0,63,low,True,uniform_random
D-Glucitol,spid:EPAPLT0169A05,4,2,interpolation,0.48919162154197693,0.6114895939826965,340,0.5815993547439575,272.0,5,8,18,27.0,63,low,True,model_disagreement
D-Glucitol,spid:EPAPLT0169A05,4,2,anchorboost_all,0.7469414356134613,0.7469414356134613,340,0.7469414356134613,340.0,5,8,18,18.0,63,low,True,none
D-Glucitol,spid:EPAPLT0169A05,4,2,anchorboost_all,0.5998980634159004,0.7498725792698754,340,0.5999466673837566,272.0,5,8,18,27.0,63,low,True,fixed_maximin
D-Glucitol,spid:EPAPLT0169A05,4,2,anchorboost_all,0.5694225187142683,0.7117781483928354,340,0.597553148490769,272.0,5,8,18,27.0,63,low,True,uniform_random
D-Glucitol,spid:EPAPLT0169A05,4,2,anchorboost_all,0.4780825819133291,0.5976032273916614,340,0.5452651646838348,272.0,5,8,18,27.0,63,low,True,model_disagreement
D-Glucitol,spid:EPAPLT0169A05,4,2,anchorboost_five,0.7644447860744426,0.7644447860744426,340,0.7644447860744426,340.0,5,8,18,18.0,63,low,True,none
D-Glucitol,spid:EPAPLT0169A05,4,2,anchorboost_five,0.599521831869201,0.7494022898365013,340,0.6038339505890545,272.0,5,8,18,27.0,63,low,True,fixed_maximin
D-Glucitol,spid:EPAPLT0169A05,4,2,anchorboost_five,0.5828870206163346,0.7286087757704184,340,0.611555828859554,272.0,5,8,18,27.0,63,low,True,uniform_random
D-Glucitol,spid:EPAPLT0169A05,4,2,anchorboost_five,0.5016363700243779,0.6270454625304724,340,0.5568450469321751,272.0,5,8,18,27.0,63,low,True,model_disagreement
D-Glucitol,spid:EPAPLT0169A05,4,2,cnp,0.7756335139274597,0.7756335139274597,340,0.7756335139274597,340.0,5,8,18,18.0,63,low,True,none
D-Glucitol,spid:EPAPLT0169A05,4,2,cnp,0.6145954132080078,0.7682442665100098,340,0.6115458607673645,272.0,5,8,18,27.0,63,low,True,fixed_maximin
D-Glucitol,spid:EPAPLT0169A05,4,2,cnp,0.590627270936966,0.7382840991020203,340,0.6205068588256836,272.0,5,8,18,27.0,63,low,True,uniform_random
D-Glucitol,spid:EPAPLT0169A05,4,2,cnp,0.4933795630931854,0.6167244911193848,340,0.5567567944526672,272.0,5,8,18,27.0,63,low,True,model_disagreement
D-Glucitol,spid:EPAPLT0169A05,4,3,interpolation,0.8628308176994324,0.8628308176994324,332,0.8628308176994324,332.0,5,8,24,24.0,63,low,True,none
D-Glucitol,spid:EPAPLT0169A05,4,3,interpolation,0.7023564577102661,0.8832664489746094,332,0.7173448204994202,264.0,5,8,24,33.0,63,low,True,fixed_maximin
D-Glucitol,spid:EPAPLT0169A05,4,3,interpolation,0.6995912551879883,0.8750129222869873,332,0.6902647256851197,265.6,5,8,24,31.8,63,low,True,uniform_random
D-Glucitol,spid:EPAPLT0169A05,4,3,interpolation,0.6456406116485596,0.7880614399909973,332,0.5136903524398804,272.0,5,8,24,27.0,63,low,True,model_disagreement
D-Glucitol,spid:EPAPLT0169A05,4,3,anchorboost_all,0.832946360039052,0.832946360039052,332,0.832946360039052,332.0,5,8,24,24.0,63,low,True,none
D-Glucitol,spid:EPAPLT0169A05,4,3,anchorboost_all,0.6716545494792078,0.8446564788905189,332,0.6701075496994847,264.0,5,8,24,33.0,63,low,True,fixed_maximin
D-Glucitol,spid:EPAPLT0169A05,4,3,anchorboost_all,0.6680885832485146,0.8357878447421874,332,0.6663570880312415,265.6,5,8,24,31.8,63,low,True,uniform_random
D-Glucitol,spid:EPAPLT0169A05,4,3,anchorboost_all,0.5926541160144452,0.7233866416058667,332,0.5352987322007382,272.0,5,8,24,27.0,63,low,True,model_disagreement
D-Glucitol,spid:EPAPLT0169A05,4,3,anchorboost_five,0.9707400224115945,0.9707400224115945,332,0.9707400224115945,332.0,5,8,24,24.0,63,low,True,none
D-Glucitol,spid:EPAPLT0169A05,4,3,anchorboost_five,0.8024330004850627,1.009120288488791,332,0.8130535643289105,264.0,5,8,24,33.0,63,low,True,fixed_maximin
D-Glucitol,spid:EPAPLT0169A05,4,3,anchorboost_five,0.7541876070059754,0.94399919772207,332,0.7765920179292756,265.6,5,8,24,31.8,63,low,True,uniform_random
D-Glucitol,spid:EPAPLT0169A05,4,3,anchorboost_five,0.6013992338878331,0.7340608295983846,332,0.5931424855118388,272.0,5,8,24,27.0,63,low,True,model_disagreement
D-Glucitol,spid:EPAPLT0169A05,4,3,cnp,0.883579671382904,0.883579671382904,332,0.883579671382904,332.0,5,8,24,24.0,63,low,True,none
D-Glucitol,spid:EPAPLT0169A05,4,3,cnp,0.7559582591056824,0.950674831867218,332,0.7145264148712158,264.0,5,8,24,33.0,63,low,True,fixed_maximin
D-Glucitol,spid:EPAPLT0169A05,4,3,cnp,0.7421310067176818,0.9284980654716491,332,0.7068637013435364,265.6,5,8,24,31.8,63,low,True,uniform_random
D-Glucitol,spid:EPAPLT0169A05,4,3,cnp,0.6472278237342834,0.7899986505508423,332,0.5634354948997498,272.0,5,8,24,27.0,63,low,True,model_disagreement
D-Glucitol,spid:EPAPLT0169A05,4,4,interpolation,0.8741675019264221,0.8741675019264221,332,0.8741675019264221,332.0,5,8,27,27.0,63,low,False,none
D-Glucitol,spid:EPAPLT0169A05,4,4,interpolation,0.7136930227279663,0.8975231051445007,332,0.7286813855171204,264.0,5,8,27,36.0,63,low,False,fixed_maximin
D-Glucitol,spid:EPAPLT0169A05,4,4,interpolation,0.7506372094154358,0.937498128414154,332,0.6993339657783508,265.6,5,8,27,34.2,63,low,False,uniform_random
D-Glucitol,spid:EPAPLT0169A05,4,4,interpolation,0.7237280011177063,0.9101427793502808,332,0.6536619663238525,264.0,5,8,27,33.0,63,low,False,model_disagreement
D-Glucitol,spid:EPAPLT0169A05,4,4,anchorboost_all,1.0900849310284424,1.0900849310284424,332,1.0900849310284424,332.0,5,8,27,27.0,63,low,False,none
D-Glucitol,spid:EPAPLT0169A05,4,4,anchorboost_all,1.038614720056163,1.3061366934039629,332,0.9459785869642454,264.0,5,8,27,36.0,63,low,False,fixed_maximin
D-Glucitol,spid:EPAPLT0169A05,4,4,anchorboost_all,0.8612987563226042,1.077300597110315,332,0.872067944822754,265.6,5,8,27,34.2,63,low,False,uniform_random
D-Glucitol,spid:EPAPLT0169A05,4,4,anchorboost_all,0.6925787060575885,0.8709701909512098,332,0.7858196472039463,264.0,5,8,27,33.0,63,low,False,model_disagreement
D-Glucitol,spid:EPAPLT0169A05,4,4,anchorboost_five,0.9930172847703419,0.9930172847703419,332,0.9930172847703419,332.0,5,8,27,27.0,63,low,False,none
D-Glucitol,spid:EPAPLT0169A05,4,4,anchorboost_five,0.9021583403082591,1.134532458266447,332,0.846345177708803,264.0,5,8,27,36.0,63,low,False,fixed_maximin
D-Glucitol,spid:EPAPLT0169A05,4,4,anchorboost_five,0.8585576691155314,1.0739374719875427,332,0.7944138278162735,265.6,5,8,27,34.2,63,low,False,uniform_random
D-Glucitol,spid:EPAPLT0169A05,4,4,anchorboost_five,0.8226602650080991,1.0345576059950337,332,0.6996777110502863,264.0,5,8,27,33.0,63,low,False,model_disagreement
D-Glucitol,spid:EPAPLT0169A05,4,4,cnp,2.1485021114349365,2.1485021114349365,332,2.1485021114349365,332.0,5,8,27,27.0,63,low,False,none
D-Glucitol,spid:EPAPLT0169A05,4,4,cnp,1.999342918395996,2.5143253803253174,332,1.9798943996429443,264.0,5,8,27,36.0,63,low,False,fixed_maximin
D-Glucitol,spid:EPAPLT0169A05,4,4,cnp,1.4112053751945495,1.768684947490692,332,1.7188018321990968,265.6,5,8,27,34.2,63,low,False,uniform_random
D-Glucitol,spid:EPAPLT0169A05,4,4,cnp,0.7574465870857239,0.9525464177131653,332,1.3644758462905884,264.0,5,8,27,33.0,63,low,False,model_disagreement
Dextroamphetamine sulfate,spid:EX000402,4,0,interpolation,1.0844565629959106,1.0844565629959106,272,1.0844565629959106,272.0,4,7,9,9.0,21,high,True,none
Dextroamphetamine sulfate,spid:EX000402,4,0,interpolation,0.6614668369293213,0.8819557428359985,272,0.8478378653526306,204.0,4,7,9,12.0,21,high,True,fixed_maximin
Dextroamphetamine sulfate,spid:EX000402,4,0,interpolation,0.5566475167870522,0.742196649312973,272,0.8133424818515778,204.0,4,7,9,12.0,21,high,True,uniform_random
Dextroamphetamine sulfate,spid:EX000402,4,0,interpolation,0.5109469294548035,0.6812624931335449,272,0.762313723564148,204.0,4,7,9,12.0,21,high,True,model_disagreement
Dextroamphetamine sulfate,spid:EX000402,4,0,anchorboost_all,0.8239901048864445,0.8239901048864445,272,0.8239901048864445,272.0,4,7,9,9.0,21,high,True,none
Dextroamphetamine sulfate,spid:EX000402,4,0,anchorboost_all,0.6326986909683199,0.8435982546244267,272,0.6607121555269269,204.0,4,7,9,12.0,21,high,True,fixed_maximin
Dextroamphetamine sulfate,spid:EX000402,4,0,anchorboost_all,0.5199795746986859,0.6933060995982481,272,0.6179925786648335,204.0,4,7,9,12.0,21,high,True,uniform_random
Dextroamphetamine sulfate,spid:EX000402,4,0,anchorboost_all,0.48908619990909186,0.6521149332121223,272,0.5949624639955262,204.0,4,7,9,12.0,21,high,True,model_disagreement
Dextroamphetamine sulfate,spid:EX000402,4,0,anchorboost_five,0.8049146753085143,0.8049146753085143,272,0.8049146753085143,272.0,4,7,9,9.0,21,high,True,none
Dextroamphetamine sulfate,spid:EX000402,4,0,anchorboost_five,0.607856678307771,0.8104755710770281,272,0.6474356517717617,204.0,4,7,9,12.0,21,high,True,fixed_maximin
Dextroamphetamine sulfate,spid:EX000402,4,0,anchorboost_five,0.5163637729619807,0.6884850306159743,272,0.6036860064813858,204.0,4,7,9,12.0,21,high,True,uniform_random
Dextroamphetamine sulfate,spid:EX000402,4,0,anchorboost_five,0.47838592264689017,0.6378478968625201,272,0.5796167622428653,204.0,4,7,9,12.0,21,high,True,model_disagreement
Dextroamphetamine sulfate,spid:EX000402,4,0,cnp,0.7995321750640869,0.7995321750640869,272,0.7995321750640869,272.0,4,7,9,9.0,21,high,True,none
Dextroamphetamine sulfate,spid:EX000402,4,0,cnp,0.5986124873161316,0.7981500625610352,272,0.5912129878997803,204.0,4,7,9,12.0,21,high,True,fixed_maximin
Dextroamphetamine sulfate,spid:EX000402,4,0,cnp,0.5324086770415306,0.7098782807588577,272,0.5996490865945816,204.0,4,7,9,12.0,21,high,True,uniform_random
Dextroamphetamine sulfate,spid:EX000402,4,0,cnp,0.4905291795730591,0.6540389657020569,272,0.6112103462219238,204.0,4,7,9,12.0,21,high,True,model_disagreement
Dextroamphetamine sulfate,spid:EX000402,4,1,interpolation,0.9152833223342896,0.9152833223342896,272,0.9152833223342896,272.0,4,7,9,9.0,21,low,False,none
Dextroamphetamine sulfate,spid:EX000402,4,1,interpolation,0.6683140993118286,0.8910855054855347,272,0.6454055905342102,204.0,4,7,9,12.0,21,low,False,fixed_maximin
Dextroamphetamine sulfate,spid:EX000402,4,1,interpolation,0.7162395119667053,0.9549860656261444,272,0.6864624917507172,204.0,4,7,9,12.0,21,low,False,uniform_random
Dextroamphetamine sulfate,spid:EX000402,4,1,interpolation,0.6683140993118286,0.8910855054855347,272,0.6454055905342102,204.0,4,7,9,12.0,21,low,False,model_disagreement
Dextroamphetamine sulfate,spid:EX000402,4,1,anchorboost_all,0.8870845653229373,0.8870845653229373,272,0.8870845653229373,272.0,4,7,9,9.0,21,low,False,none
Dextroamphetamine sulfate,spid:EX000402,4,1,anchorboost_all,0.6733125437789848,0.8977500583719796,272,0.6501782073861659,204.0,4,7,9,12.0,21,low,False,fixed_maximin
Dextroamphetamine sulfate,spid:EX000402,4,1,anchorboost_all,0.6938769076244522,0.9251692101659362,272,0.6653134239922031,204.0,4,7,9,12.0,21,low,False,uniform_random
Dextroamphetamine sulfate,spid:EX000402,4,1,anchorboost_all,0.6733125437789848,0.8977500583719796,272,0.6501782073861659,204.0,4,7,9,12.0,21,low,False,model_disagreement
Dextroamphetamine sulfate,spid:EX000402,4,1,anchorboost_five,0.9286369788655118,0.9286369788655118,272,0.9286369788655118,272.0,4,7,9,9.0,21,low,False,none
Dextroamphetamine sulfate,spid:EX000402,4,1,anchorboost_five,0.6767503120472459,0.9023337493963278,272,0.6778729700220865,204.0,4,7,9,12.0,21,low,False,fixed_maximin
Dextroamphetamine sulfate,spid:EX000402,4,1,anchorboost_five,0.7330242128455002,0.9773656171273335,272,0.6964777341491339,204.0,4,7,9,12.0,21,low,False,uniform_random
Dextroamphetamine sulfate,spid:EX000402,4,1,anchorboost_five,0.6767503120472459,0.9023337493963278,272,0.6778729700220865,204.0,4,7,9,12.0,21,low,False,model_disagreement
Dextroamphetamine sulfate,spid:EX000402,4,1,cnp,0.9646246433258057,0.9646246433258057,272,0.9646246433258057,272.0,4,7,9,9.0,21,low,False,none
Dextroamphetamine sulfate,spid:EX000402,4,1,cnp,0.6825312376022339,0.9100416302680969,272,0.6539164185523987,204.0,4,7,9,12.0,21,low,False,fixed_maximin
Dextroamphetamine sulfate,spid:EX000402,4,1,cnp,0.7188423126935959,0.958456352353096,272,0.7234684973955154,204.0,4,7,9,12.0,21,low,False,uniform_random
Dextroamphetamine sulfate,spid:EX000402,4,1,cnp,0.6825312376022339,0.9100416302680969,272,0.6539164185523987,204.0,4,7,9,12.0,21,low,False,model_disagreement
Dextroamphetamine sulfate,spid:EX000402,4,2,interpolation,0.8823280334472656,0.8823280334472656,272,0.8823280334472656,272.0,4,7,9,9.0,21,low,False,none
Dextroamphetamine sulfate,spid:EX000402,4,2,interpolation,0.6353588104248047,0.8471450805664062,272,0.6124503016471863,204.0,4,7,9,12.0,21,low,False,fixed_maximin
Dextroamphetamine sulfate,spid:EX000402,4,2,interpolation,0.7008735686540604,0.934498056769371,272,0.661746010184288,204.0,4,7,9,12.0,21,low,False,uniform_random
Dextroamphetamine sulfate,spid:EX000402,4,2,interpolation,0.6353588104248047,0.8471450805664062,272,0.6124503016471863,204.0,4,7,9,12.0,21,low,False,model_disagreement
Dextroamphetamine sulfate,spid:EX000402,4,2,anchorboost_all,0.9093997881243102,0.9093997881243102,272,0.9093997881243102,272.0,4,7,9,9.0,21,low,False,none
Dextroamphetamine sulfate,spid:EX000402,4,2,anchorboost_all,0.6365284823292852,0.8487046431057134,272,0.6525309836058929,204.0,4,7,9,12.0,21,low,False,fixed_maximin
Dextroamphetamine sulfate,spid:EX000402,4,2,anchorboost_all,0.6938205387629521,0.9250940516839362,272,0.6820498410932325,204.0,4,7,9,12.0,21,low,False,uniform_random
Dextroamphetamine sulfate,spid:EX000402,4,2,anchorboost_all,0.6365284823292852,0.8487046431057134,272,0.6525309836058929,204.0,4,7,9,12.0,21,low,False,model_disagreement
Dextroamphetamine sulfate,spid:EX000402,4,2,anchorboost_five,1.009320523041497,1.009320523041497,272,1.009320523041497,272.0,4,7,9,9.0,21,low,False,none
Dextroamphetamine sulfate,spid:EX000402,4,2,anchorboost_five,0.6398630166715165,0.8531506888953553,272,0.6919573610728186,204.0,4,7,9,12.0,21,low,False,fixed_maximin
Dextroamphetamine sulfate,spid:EX000402,4,2,anchorboost_five,0.7440257331576836,0.9920343108769115,272,0.7569903922811226,204.0,4,7,9,12.0,21,low,False,uniform_random
Dextroamphetamine sulfate,spid:EX000402,4,2,anchorboost_five,0.6398630166715165,0.8531506888953553,272,0.6919573610728186,204.0,4,7,9,12.0,21,low,False,model_disagreement
Dextroamphetamine sulfate,spid:EX000402,4,2,cnp,0.9987121820449829,0.9987121820449829,272,0.9987121820449829,272.0,4,7,9,9.0,21,low,False,none
Dextroamphetamine sulfate,spid:EX000402,4,2,cnp,0.646154522895813,0.861539363861084,272,0.6190447211265564,204.0,4,7,9,12.0,21,low,False,fixed_maximin
Dextroamphetamine sulfate,spid:EX000402,4,2,cnp,0.7033738046884537,0.937831699848175,272,0.7490341663360596,204.0,4,7,9,12.0,21,low,False,uniform_random
Dextroamphetamine sulfate,spid:EX000402,4,2,cnp,0.646154522895813,0.861539363861084,272,0.6190447211265564,204.0,4,7,9,12.0,21,low,False,model_disagreement
Dextroamphetamine sulfate,spid:EX000402,4,3,interpolation,0.8259986042976379,0.8259986042976379,272,0.8259986042976379,272.0,4,7,9,9.0,21,low,True,none
Dextroamphetamine sulfate,spid:EX000402,4,3,interpolation,0.6459192037582397,0.8612256646156311,272,0.6579028367996216,204.0,4,7,9,12.0,21,low,True,fixed_maximin
Dextroamphetamine sulfate,spid:EX000402,4,3,interpolation,0.6125176846981049,0.8166902661323547,272,0.6194989383220673,204.0,4,7,9,12.0,21,low,True,uniform_random
Dextroamphetamine sulfate,spid:EX000402,4,3,interpolation,0.5355042815208435,0.7140057682991028,272,0.5022171139717102,204.0,4,7,9,12.0,21,low,True,model_disagreement
Dextroamphetamine sulfate,spid:EX000402,4,3,anchorboost_all,0.7572022371777555,0.7572022371777555,272,0.7572022371777555,272.0,4,7,9,9.0,21,low,True,none
Dextroamphetamine sulfate,spid:EX000402,4,3,anchorboost_all,0.5960838000461097,0.7947784000614796,272,0.5853871372038457,204.0,4,7,9,12.0,21,low,True,fixed_maximin
Dextroamphetamine sulfate,spid:EX000402,4,3,anchorboost_all,0.567574641252008,0.7567661883360106,272,0.5679016778833166,204.0,4,7,9,12.0,21,low,True,uniform_random
Dextroamphetamine sulfate,spid:EX000402,4,3,anchorboost_all,0.48427189283035793,0.645695857107144,272,0.4660288894696723,204.0,4,7,9,12.0,21,low,True,model_disagreement
Dextroamphetamine sulfate,spid:EX000402,4,3,anchorboost_five,0.7640508846920184,0.7640508846920184,272,0.7640508846920184,272.0,4,7,9,9.0,21,low,True,none
Dextroamphetamine sulfate,spid:EX000402,4,3,anchorboost_five,0.6011621812000418,0.8015495749333891,272,0.5854925235433305,204.0,4,7,9,12.0,21,low,True,fixed_maximin
Dextroamphetamine sulfate,spid:EX000402,4,3,anchorboost_five,0.5751050768010669,0.7668067690680892,272,0.5730381635190138,204.0,4,7,9,12.0,21,low,True,uniform_random
Dextroamphetamine sulfate,spid:EX000402,4,3,anchorboost_five,0.49797349849516087,0.6639646646602145,272,0.481511483699533,204.0,4,7,9,12.0,21,low,True,model_disagreement
Dextroamphetamine sulfate,spid:EX000402,4,3,cnp,0.8478363156318665,0.8478363156318665,272,0.8478363156318665,272.0,4,7,9,9.0,21,low,True,none
Dextroamphetamine sulfate,spid:EX000402,4,3,cnp,0.6200544834136963,0.8267393112182617,272,0.6339447498321533,204.0,4,7,9,12.0,21,low,True,fixed_maximin
Dextroamphetamine sulfate,spid:EX000402,4,3,cnp,0.6042757481336594,0.805700957775116,272,0.635877251625061,204.0,4,7,9,12.0,21,low,True,uniform_random
Dextroamphetamine sulfate,spid:EX000402,4,3,cnp,0.47102856636047363,0.6280380487442017,272,0.5172569751739502,204.0,4,7,9,12.0,21,low,True,model_disagreement
Dextroamphetamine sulfate,spid:EX000402,4,4,interpolation,0.9866272211074829,0.9866272211074829,272,0.9866272211074829,272.0,4,7,9,9.0,21,high,False,none
Dextroamphetamine sulfate,spid:EX000402,4,4,interpolation,0.7299477458000183,0.973263680934906,272,0.7442618012428284,204.0,4,7,9,12.0,21,high,False,fixed_maximin
Dextroamphetamine sulfate,spid:EX000402,4,4,interpolation,0.7606320232152939,1.0141760855913162,272,0.7399704903364182,204.0,4,7,9,12.0,21,high,False,uniform_random
Dextroamphetamine sulfate,spid:EX000402,4,4,interpolation,0.7396580576896667,0.986210823059082,272,0.7167496085166931,204.0,4,7,9,12.0,21,high,False,model_disagreement
Dextroamphetamine sulfate,spid:EX000402,4,4,anchorboost_all,0.8443225611801509,0.8443225611801509,272,0.8443225611801509,272.0,4,7,9,9.0,21,high,False,none
Dextroamphetamine sulfate,spid:EX000402,4,4,anchorboost_all,0.6912203835964031,0.9216271781285376,272,0.6750166501414693,204.0,4,7,9,12.0,21,high,False,fixed_maximin
Dextroamphetamine sulfate,spid:EX000402,4,4,anchorboost_all,0.6559993562630873,0.874665808350783,272,0.6332419208851132,204.0,4,7,9,12.0,21,high,False,uniform_random
Dextroamphetamine sulfate,spid:EX000402,4,4,anchorboost_all,0.6115550858315741,0.8154067811087655,272,0.5941231879102633,204.0,4,7,9,12.0,21,high,False,model_disagreement
Dextroamphetamine sulfate,spid:EX000402,4,4,anchorboost_five,0.8746873901306617,0.8746873901306617,272,0.8746873901306617,272.0,4,7,9,9.0,21,high,False,none
Dextroamphetamine sulfate,spid:EX000402,4,4,anchorboost_five,0.7424883963646047,0.9899845284861396,272,0.7001327194022281,204.0,4,7,9,12.0,21,high,False,fixed_maximin
Dextroamphetamine sulfate,spid:EX000402,4,4,anchorboost_five,0.6845777676462298,0.9127703568616398,272,0.6560155425979963,204.0,4,7,9,12.0,21,high,False,uniform_random
Dextroamphetamine sulfate,spid:EX000402,4,4,anchorboost_five,0.6215739297939867,0.8287652397253157,272,0.6230503543865716,204.0,4,7,9,12.0,21,high,False,model_disagreement
Dextroamphetamine sulfate,spid:EX000402,4,4,cnp,0.9185846447944641,0.9185846447944641,272,0.9185846447944641,272.0,4,7,9,9.0,21,high,False,none
Dextroamphetamine sulfate,spid:EX000402,4,4,cnp,0.753167986869812,1.0042239427566528,272,0.7265855073928833,204.0,4,7,9,12.0,21,high,False,fixed_maximin
Dextroamphetamine sulfate,spid:EX000402,4,4,cnp,0.7053583860397339,0.9404778778553009,272,0.6889385133981705,204.0,4,7,9,12.0,21,high,False,uniform_random
Dextroamphetamine sulfate,spid:EX000402,4,4,cnp,0.6551141738891602,0.8734855651855469,272,0.6193583011627197,204.0,4,7,9,12.0,21,high,False,model_disagreement
Di(2-ethylhexyl) phthalate,spid:ES216_EX000026,4,0,interpolation,1.61765718460083,1.61765718460083,335,1.61765718460083,335.0,5,8,24,24.0,63,high,True,none
Di(2-ethylhexyl) phthalate,spid:ES216_EX000026,4,0,interpolation,1.5463963747024536,1.940234899520874,335,1.5179511308670044,267.0,5,8,24,33.0,63,high,True,fixed_maximin
Di(2-ethylhexyl) phthalate,spid:ES216_EX000026,4,0,interpolation,1.2694836258888245,1.5886340618133545,335,1.2941256999969482,268.0,5,8,24,31.8,63,high,True,uniform_random
Di(2-ethylhexyl) phthalate,spid:ES216_EX000026,4,0,interpolation,0.9026380181312561,1.1117048263549805,335,0.790036678314209,272.0,5,8,24,27.0,63,high,True,model_disagreement
Di(2-ethylhexyl) phthalate,spid:ES216_EX000026,4,0,anchorboost_all,1.268284933805793,1.268284933805793,335,1.268284933805793,335.0,5,8,24,24.0,63,high,True,none
Di(2-ethylhexyl) phthalate,spid:ES216_EX000026,4,0,anchorboost_all,1.1622776892633369,1.458288486528906,335,1.1589588238571988,267.0,5,8,24,33.0,63,high,True,fixed_maximin
Di(2-ethylhexyl) phthalate,spid:ES216_EX000026,4,0,anchorboost_all,1.0462689664521971,1.3082170880484694,335,1.0146279470446342,268.0,5,8,24,31.8,63,high,True,uniform_random
Di(2-ethylhexyl) phthalate,spid:ES216_EX000026,4,0,anchorboost_all,0.9793146886333217,1.2061412525447162,335,0.7251514002935922,272.0,5,8,24,27.0,63,high,True,model_disagreement
Di(2-ethylhexyl) phthalate,spid:ES216_EX000026,4,0,anchorboost_five,1.3546446548093654,1.3546446548093654,335,1.3546446548093654,335.0,5,8,24,24.0,63,high,True,none
Di(2-ethylhexyl) phthalate,spid:ES216_EX000026,4,0,anchorboost_five,1.2360451912614638,1.5508432175003386,335,1.2398114206305095,267.0,5,8,24,33.0,63,high,True,fixed_maximin
Di(2-ethylhexyl) phthalate,spid:ES216_EX000026,4,0,anchorboost_five,1.1081892041418042,1.3860582526312188,335,1.0837157238474924,268.0,5,8,24,31.8,63,high,True,uniform_random
Di(2-ethylhexyl) phthalate,spid:ES216_EX000026,4,0,anchorboost_five,0.9465843054076153,1.1658299349689378,335,0.6913608062588803,272.0,5,8,24,27.0,63,high,True,model_disagreement
Di(2-ethylhexyl) phthalate,spid:ES216_EX000026,4,0,cnp,1.548524260520935,1.548524260520935,335,1.548524260520935,335.0,5,8,24,24.0,63,high,True,none
Di(2-ethylhexyl) phthalate,spid:ES216_EX000026,4,0,cnp,1.4421863555908203,1.809484839439392,335,1.4143892526626587,267.0,5,8,24,33.0,63,high,True,fixed_maximin
Di(2-ethylhexyl) phthalate,spid:ES216_EX000026,4,0,cnp,1.2991078853607179,1.6253174781799316,335,1.2388193726539611,268.0,5,8,24,31.8,63,high,True,uniform_random
Di(2-ethylhexyl) phthalate,spid:ES216_EX000026,4,0,cnp,1.0079431533813477,1.2414005994796753,335,0.6667792201042175,272.0,5,8,24,27.0,63,high,True,model_disagreement
Di(2-ethylhexyl) phthalate,spid:ES216_EX000026,4,1,interpolation,1.7741117477416992,1.7741117477416992,322,1.7741117477416992,322.0,5,8,27,27.0,63,low,False,none
Di(2-ethylhexyl) phthalate,spid:ES216_EX000026,4,1,interpolation,1.4436495304107666,1.7410305738449097,322,0.9696348309516907,267.0,5,8,27,33.0,63,low,False,fixed_maximin
Di(2-ethylhexyl) phthalate,spid:ES216_EX000026,4,1,interpolation,1.5256797075271606,1.908034896850586,322,1.4192894339561462,257.6,5,8,27,34.2,63,low,False,uniform_random
Di(2-ethylhexyl) phthalate,spid:ES216_EX000026,4,1,interpolation,1.690211296081543,2.101343870162964,322,1.4907560348510742,259.0,5,8,27,30.0,63,low,False,model_disagreement
Di(2-ethylhexyl) phthalate,spid:ES216_EX000026,4,1,anchorboost_all,1.583818608919926,1.583818608919926,322,1.583818608919926,322.0,5,8,27,27.0,63,low,False,none
Di(2-ethylhexyl) phthalate,spid:ES216_EX000026,4,1,anchorboost_all,1.1390649336077485,1.3737037776093446,322,1.0210075764600646,267.0,5,8,27,33.0,63,low,False,fixed_maximin
Di(2-ethylhexyl) phthalate,spid:ES216_EX000026,4,1,anchorboost_all,1.3558055569618213,1.6974137933776627,322,1.2670548871359408,257.6,5,8,27,34.2,63,low,False,uniform_random
Di(2-ethylhexyl) phthalate,spid:ES216_EX000026,4,1,anchorboost_all,1.4917885233443948,1.8546560019957343,322,1.0311745283302938,259.0,5,8,27,30.0,63,low,False,model_disagreement
Di(2-ethylhexyl) phthalate,spid:ES216_EX000026,4,1,anchorboost_five,1.506738854860166,1.506738854860166,322,1.506738854860166,322.0,5,8,27,27.0,63,low,False,none
Di(2-ethylhexyl) phthalate,spid:ES216_EX000026,4,1,anchorboost_five,1.2418881681489375,1.497707828254524,322,0.9464038910729363,267.0,5,8,27,33.0,63,low,False,fixed_maximin
Di(2-ethylhexyl) phthalate,spid:ES216_EX000026,4,1,anchorboost_five,1.33601843674398,1.6714077570890242,322,1.2053910838881328,257.6,5,8,27,34.2,63,low,False,uniform_random
Di(2-ethylhexyl) phthalate,spid:ES216_EX000026,4,1,anchorboost_five,1.420740460153072,1.7663259774876028,322,1.044669219410357,259.0,5,8,27,30.0,63,low,False,model_disagreement
Di(2-ethylhexyl) phthalate,spid:ES216_EX000026,4,1,cnp,1.6055301427841187,1.6055301427841187,322,1.6055301427841187,322.0,5,8,27,27.0,63,low,False,none
Di(2-ethylhexyl) phthalate,spid:ES216_EX000026,4,1,cnp,1.4125038385391235,1.7034690380096436,322,1.2650490999221802,267.0,5,8,27,33.0,63,low,False,fixed_maximin
Di(2-ethylhexyl) phthalate,spid:ES216_EX000026,4,1,cnp,1.458470606803894,1.8239813566207885,322,1.284424114227295,257.6,5,8,27,34.2,63,low,False,uniform_random
Di(2-ethylhexyl) phthalate,spid:ES216_EX000026,4,1,cnp,1.5340911149978638,1.9072484970092773,322,0.867231011390686,259.0,5,8,27,30.0,63,low,False,model_disagreement
Di(2-ethylhexyl) phthalate,spid:ES216_EX000026,4,2,interpolation,1.5459908246994019,1.5459908246994019,335,1.5459908246994019,335.0,5,8,24,24.0,63,high,True,none
Di(2-ethylhexyl) phthalate,spid:ES216_EX000026,4,2,interpolation,1.387627363204956,1.7410305738449097,335,1.387627363204956,267.0,5,8,24,33.0,63,high,True,fixed_maximin
Di(2-ethylhexyl) phthalate,spid:ES216_EX000026,4,2,interpolation,1.2389796018600463,1.550398015975952,335,1.2367926478385924,268.0,5,8,24,31.8,63,high,True,uniform_random
Di(2-ethylhexyl) phthalate,spid:ES216_EX000026,4,2,interpolation,0.8946683406829834,1.1018892526626587,335,0.7530493140220642,272.0,5,8,24,27.0,63,high,True,model_disagreement
Di(2-ethylhexyl) phthalate,spid:ES216_EX000026,4,2,anchorboost_all,1.2094815397426868,1.2094815397426868,335,1.2094815397426868,335.0,5,8,24,24.0,63,high,True,none
Di(2-ethylhexyl) phthalate,spid:ES216_EX000026,4,2,anchorboost_all,1.0948624137961047,1.3737037776093446,335,1.0953609923384136,267.0,5,8,24,33.0,63,high,True,fixed_maximin
Di(2-ethylhexyl) phthalate,spid:ES216_EX000026,4,2,anchorboost_all,1.0034355084035667,1.2549879496430154,335,0.9675852317941495,268.0,5,8,24,31.8,63,high,True,uniform_random
Di(2-ethylhexyl) phthalate,spid:ES216_EX000026,4,2,anchorboost_all,0.8680557339064623,1.0691127605097974,335,0.6968738008786404,272.0,5,8,24,27.0,63,high,True,model_disagreement
Di(2-ethylhexyl) phthalate,spid:ES216_EX000026,4,2,anchorboost_five,1.2311587779440372,1.2311587779440372,335,1.2311587779440372,335.0,5,8,24,24.0,63,high,True,none
Di(2-ethylhexyl) phthalate,spid:ES216_EX000026,4,2,anchorboost_five,1.1936954929670387,1.497707828254524,335,1.1354594997662029,267.0,5,8,24,33.0,63,high,True,fixed_maximin
Di(2-ethylhexyl) phthalate,spid:ES216_EX000026,4,2,anchorboost_five,1.0267920913314197,1.2846606598345676,335,0.9849270223552298,268.0,5,8,24,31.8,63,high,True,uniform_random
Di(2-ethylhexyl) phthalate,spid:ES216_EX000026,4,2,anchorboost_five,0.7883570217711747,0.9709544201961158,335,0.6387504798566438,272.0,5,8,24,27.0,63,high,True,model_disagreement
Di(2-ethylhexyl) phthalate,spid:ES216_EX000026,4,2,cnp,1.4710540771484375,1.4710540771484375,335,1.4710540771484375,335.0,5,8,24,24.0,63,high,True,none
Di(2-ethylhexyl) phthalate,spid:ES216_EX000026,4,2,cnp,1.357690453529358,1.7034690380096436,335,1.352436900138855,267.0,5,8,24,33.0,63,high,True,fixed_maximin
Di(2-ethylhexyl) phthalate,spid:ES216_EX000026,4,2,cnp,1.2071052193641663,1.5109205722808838,335,1.1768432259559631,268.0,5,8,24,31.8,63,high,True,uniform_random
Di(2-ethylhexyl) phthalate,spid:ES216_EX000026,4,2,cnp,0.7830732464790344,0.9644469022750854,335,0.5968980193138123,272.0,5,8,24,27.0,63,high,True,model_disagreement
Di(2-ethylhexyl) phthalate,spid:ES216_EX000026,4,3,interpolation,2.096670627593994,2.096670627593994,322,2.096670627593994,322.0,5,8,27,27.0,63,low,False,none
Di(2-ethylhexyl) phthalate,spid:ES216_EX000026,4,3,interpolation,1.6088286638259888,1.940234899520874,322,1.1440234184265137,267.0,5,8,27,33.0,63,low,False,fixed_maximin
Di(2-ethylhexyl) phthalate,spid:ES216_EX000026,4,3,interpolation,1.6493773698806762,2.062325143814087,322,1.6773364543914795,257.6,5,8,27,34.2,63,low,False,uniform_random
Di(2-ethylhexyl) phthalate,spid:ES216_EX000026,4,3,interpolation,1.6088286638259888,1.940234899520874,322,1.1440234184265137,267.0,5,8,27,33.0,63,low,False,model_disagreement
Di(2-ethylhexyl) phthalate,spid:ES216_EX000026,4,3,anchorboost_all,1.6844265020080604,1.6844265020080604,322,1.6844265020080604,322.0,5,8,27,27.0,63,low,False,none
Di(2-ethylhexyl) phthalate,spid:ES216_EX000026,4,3,anchorboost_all,1.2092019437988135,1.458288486528906,322,0.9894686537567309,267.0,5,8,27,33.0,63,low,False,fixed_maximin
Di(2-ethylhexyl) phthalate,spid:ES216_EX000026,4,3,anchorboost_all,1.421252592950683,1.7788221842993042,322,1.347541201606448,257.6,5,8,27,34.2,63,low,False,uniform_random
Di(2-ethylhexyl) phthalate,spid:ES216_EX000026,4,3,anchorboost_all,1.2092019437988135,1.458288486528906,322,0.9894686537567309,267.0,5,8,27,33.0,63,low,False,model_disagreement
Di(2-ethylhexyl) phthalate,spid:ES216_EX000026,4,3,anchorboost_five,1.6141913499341334,1.6141913499341334,322,1.6141913499341334,322.0,5,8,27,27.0,63,low,False,none
Di(2-ethylhexyl) phthalate,spid:ES216_EX000026,4,3,anchorboost_five,1.285947636871399,1.5508432175003386,322,0.9944123280741115,267.0,5,8,27,33.0,63,low,False,fixed_maximin
Di(2-ethylhexyl) phthalate,spid:ES216_EX000026,4,3,anchorboost_five,1.388181085149276,1.736143236603736,322,1.2913530799473067,257.6,5,8,27,34.2,63,low,False,uniform_random
Di(2-ethylhexyl) phthalate,spid:ES216_EX000026,4,3,anchorboost_five,1.285947636871399,1.5508432175003386,322,0.9944123280741115,267.0,5,8,27,33.0,63,low,False,model_disagreement
Di(2-ethylhexyl) phthalate,spid:ES216_EX000026,4,3,cnp,1.9782752990722656,1.9782752990722656,322,1.9782752990722656,322.0,5,8,27,27.0,63,low,False,none
Di(2-ethylhexyl) phthalate,spid:ES216_EX000026,4,3,cnp,1.5004111528396606,1.809484839439392,322,1.1427888870239258,267.0,5,8,27,33.0,63,low,False,fixed_maximin
Di(2-ethylhexyl) phthalate,spid:ES216_EX000026,4,3,cnp,1.6296926498413087,2.0382785558700562,322,1.582620120048523,257.6,5,8,27,34.2,63,low,False,uniform_random
Di(2-ethylhexyl) phthalate,spid:ES216_EX000026,4,3,cnp,1.5004111528396606,1.809484839439392,322,1.1427888870239258,267.0,5,8,27,33.0,63,low,False,model_disagreement
Di(2-ethylhexyl) phthalate,spid:ES216_EX000026,4,4,interpolation,2.4182400703430176,2.4182400703430176,335,2.4182400703430176,335.0,5,8,24,24.0,63,high,True,none
Di(2-ethylhexyl) phthalate,spid:ES216_EX000026,4,4,interpolation,1.5463963747024536,1.940234899520874,335,2.0434627532958984,267.0,5,8,24,33.0,63,high,True,fixed_maximin
Di(2-ethylhexyl) phthalate,spid:ES216_EX000026,4,4,interpolation,1.445395576953888,1.808910036087036,335,1.934592056274414,268.0,5,8,24,31.8,63,high,True,uniform_random
Di(2-ethylhexyl) phthalate,spid:ES216_EX000026,4,4,interpolation,0.9975011944770813,1.228540062904358,335,1.5451383590698242,272.0,5,8,24,27.0,63,high,True,model_disagreement
Di(2-ethylhexyl) phthalate,spid:ES216_EX000026,4,4,anchorboost_all,1.468046070860944,1.468046070860944,335,1.468046070860944,335.0,5,8,24,24.0,63,high,True,none
Di(2-ethylhexyl) phthalate,spid:ES216_EX000026,4,4,anchorboost_all,1.1622776892633369,1.458288486528906,335,1.2936277269850085,267.0,5,8,24,33.0,63,high,True,fixed_maximin
Di(2-ethylhexyl) phthalate,spid:ES216_EX000026,4,4,anchorboost_all,1.1048504288404646,1.3813533513890401,335,1.1744368566887553,268.0,5,8,24,31.8,63,high,True,uniform_random
Di(2-ethylhexyl) phthalate,spid:ES216_EX000026,4,4,anchorboost_all,1.0584038348222717,1.303548840681842,335,0.9341045244138513,272.0,5,8,24,27.0,63,high,True,model_disagreement
Di(2-ethylhexyl) phthalate,spid:ES216_EX000026,4,4,anchorboost_five,1.6421750780965014,1.6421750780965014,335,1.6421750780965014,335.0,5,8,24,24.0,63,high,True,none
Di(2-ethylhexyl) phthalate,spid:ES216_EX000026,4,4,anchorboost_five,1.2360451912614638,1.5508432175003386,335,1.4463488213109599,267.0,5,8,24,33.0,63,high,True,fixed_maximin
Di(2-ethylhexyl) phthalate,spid:ES216_EX000026,4,4,anchorboost_five,1.1570937974089037,1.4471987709886431,335,1.313740062477201,268.0,5,8,24,31.8,63,high,True,uniform_random
Di(2-ethylhexyl) phthalate,spid:ES216_EX000026,4,4,anchorboost_five,0.9940993302092109,1.2243502780150206,335,0.9919254518704007,272.0,5,8,24,27.0,63,high,True,model_disagreement
Di(2-ethylhexyl) phthalate,spid:ES216_EX000026,4,4,cnp,1.7882750034332275,1.7882750034332275,335,1.7882750034332275,335.0,5,8,24,24.0,63,high,True,none
Di(2-ethylhexyl) phthalate,spid:ES216_EX000026,4,4,cnp,1.4421863555908203,1.809484839439392,335,1.6451160907745361,267.0,5,8,24,33.0,63,high,True,fixed_maximin
Di(2-ethylhexyl) phthalate,spid:ES216_EX000026,4,4,cnp,1.3313684701919555,1.6656559944152831,335,1.430620002746582,268.0,5,8,24,31.8,63,high,True,uniform_random
Di(2-ethylhexyl) phthalate,spid:ES216_EX000026,4,4,cnp,1.0378994941711426,1.2782955169677734,335,0.8711158037185669,272.0,5,8,24,27.0,63,high,True,model_disagreement
Diazinon,spid:EPAPLT0170D06,4,0,interpolation,1.9635342359542847,1.9635342359542847,253,1.9635342359542847,253.0,4,7,9,9.0,21,low,False,none
Diazinon,spid:EPAPLT0170D06,4,0,interpolation,1.7140122652053833,2.3440277576446533,253,1.7164722681045532,185.0,4,7,9,12.0,21,low,False,fixed_maximin
Diazinon,spid:EPAPLT0170D06,4,0,interpolation,1.4720163643360138,1.985850214958191,253,1.4726507365703583,189.75,4,7,9,12.0,21,low,False,uniform_random
Diazinon,spid:EPAPLT0170D06,4,0,interpolation,0.855187177658081,1.0605998039245605,253,0.855187177658081,204.0,4,7,9,12.0,21,low,False,model_disagreement
Diazinon,spid:EPAPLT0170D06,4,0,anchorboost_all,1.2995211019865978,1.2995211019865978,253,1.2995211019865978,253.0,4,7,9,9.0,21,low,False,none
Diazinon,spid:EPAPLT0170D06,4,0,anchorboost_all,1.0663629264035583,1.4583233534059477,253,1.0406650778874684,185.0,4,7,9,12.0,21,low,False,fixed_maximin
Diazinon,spid:EPAPLT0170D06,4,0,anchorboost_all,0.9697698317261477,1.3016758400513941,253,0.9746408264899483,189.75,4,7,9,12.0,21,low,False,uniform_random
Diazinon,spid:EPAPLT0170D06,4,0,anchorboost_all,0.7709709602748683,0.9561551615173612,253,0.7724952662909147,204.0,4,7,9,12.0,21,low,False,model_disagreement
Diazinon,spid:EPAPLT0170D06,4,0,anchorboost_five,1.2125564276149812,1.2125564276149812,253,1.2125564276149812,253.0,4,7,9,9.0,21,low,False,none
Diazinon,spid:EPAPLT0170D06,4,0,anchorboost_five,0.9762355651492595,1.3350680972041227,253,0.9547960983877607,185.0,4,7,9,12.0,21,low,False,fixed_maximin
Diazinon,spid:EPAPLT0170D06,4,0,anchorboost_five,0.9266080342158309,1.2424120627966004,253,0.9094173207112357,189.75,4,7,9,12.0,21,low,False,uniform_random
Diazinon,spid:EPAPLT0170D06,4,0,anchorboost_five,0.7784169852330088,0.9653896924703492,253,0.7635076496589176,204.0,4,7,9,12.0,21,low,False,model_disagreement
Diazinon,spid:EPAPLT0170D06,4,0,cnp,1.2739746570587158,1.2739746570587158,253,1.2739746570587158,253.0,4,7,9,9.0,21,low,False,none
Diazinon,spid:EPAPLT0170D06,4,0,cnp,0.9864757657051086,1.3490722179412842,253,1.0071173906326294,185.0,4,7,9,12.0,21,low,False,fixed_maximin
Diazinon,spid:EPAPLT0170D06,4,0,cnp,0.9563921838998795,1.282736748456955,253,0.9554809927940369,189.75,4,7,9,12.0,21,low,False,uniform_random
Diazinon,spid:EPAPLT0170D06,4,0,cnp,0.7912012338638306,0.981244683265686,253,0.7847964763641357,204.0,4,7,9,12.0,21,low,False,model_disagreement
Diazinon,spid:EPAPLT0170D06,4,1,interpolation,2.0243959426879883,2.0243959426879883,253,2.0243959426879883,253.0,4,7,9,9.0,21,low,False,none
Diazinon,spid:EPAPLT0170D06,4,1,interpolation,1.6159586906433105,2.209932804107666,253,1.7051701545715332,185.0,4,7,9,12.0,21,low,False,fixed_maximin
Diazinon,spid:EPAPLT0170D06,4,1,interpolation,1.4674288183450699,1.9776384830474854,253,1.5182970613241196,189.75,4,7,9,12.0,21,low,False,uniform_random
Diazinon,spid:EPAPLT0170D06,4,1,interpolation,0.9160489439964294,1.136080265045166,253,0.9160489439964294,204.0,4,7,9,12.0,21,low,False,model_disagreement
Diazinon,spid:EPAPLT0170D06,4,1,anchorboost_all,1.3116642985602986,1.3116642985602986,253,1.3116642985602986,253.0,4,7,9,9.0,21,low,False,none
Diazinon,spid:EPAPLT0170D06,4,1,anchorboost_all,0.9569882362182929,1.3087460743958277,253,1.0074801598083387,185.0,4,7,9,12.0,21,low,False,fixed_maximin
Diazinon,spid:EPAPLT0170D06,4,1,anchorboost_all,0.9418189692927119,1.2634101833471911,253,0.9837482239202239,189.75,4,7,9,12.0,21,low,False,uniform_random
Diazinon,spid:EPAPLT0170D06,4,1,anchorboost_all,0.7722573943103458,0.957750591963321,253,0.8323114436387927,204.0,4,7,9,12.0,21,low,False,model_disagreement
Diazinon,spid:EPAPLT0170D06,4,1,anchorboost_five,1.238822414198646,1.238822414198646,253,1.238822414198646,253.0,4,7,9,9.0,21,low,False,none
Diazinon,spid:EPAPLT0170D06,4,1,anchorboost_five,0.9110780802040584,1.245960834008793,253,0.9374831117076601,185.0,4,7,9,12.0,21,low,False,fixed_maximin
Diazinon,spid:EPAPLT0170D06,4,1,anchorboost_five,0.9086316498982414,1.2189554508161857,253,0.9291168106489844,189.75,4,7,9,12.0,21,low,False,uniform_random
Diazinon,spid:EPAPLT0170D06,4,1,anchorboost_five,0.743014770746977,0.9214840048969861,253,0.8008023592213275,204.0,4,7,9,12.0,21,low,False,model_disagreement
Diazinon,spid:EPAPLT0170D06,4,1,cnp,1.2893707752227783,1.2893707752227783,253,1.2893707752227783,253.0,4,7,9,9.0,21,low,False,none
Diazinon,spid:EPAPLT0170D06,4,1,cnp,0.9173229336738586,1.2545011043548584,253,0.9794129133224487,185.0,4,7,9,12.0,21,low,False,fixed_maximin
Diazinon,spid:EPAPLT0170D06,4,1,cnp,0.9363781958818436,1.2553405463695526,253,0.9670281112194061,189.75,4,7,9,12.0,21,low,False,uniform_random
Diazinon,spid:EPAPLT0170D06,4,1,cnp,0.792011022567749,0.9822490215301514,253,0.7880972623825073,204.0,4,7,9,12.0,21,low,False,model_disagreement
Diazinon,spid:EPAPLT0170D06,4,2,interpolation,2.5324254035949707,2.5324254035949707,246,2.5324254035949707,246.0,4,7,9,9.0,21,high,False,none
Diazinon,spid:EPAPLT0170D06,4,2,interpolation,1.7182385921478271,2.145617723464966,246,1.1559780836105347,197.0,4,7,9,12.0,21,high,False,fixed_maximin
Diazinon,spid:EPAPLT0170D06,4,2,interpolation,1.9004140198230743,2.5453258752822876,246,1.8993190228939056,184.5,4,7,9,12.0,21,high,False,uniform_random
Diazinon,spid:EPAPLT0170D06,4,2,interpolation,1.7182385921478271,2.145617723464966,246,1.1559780836105347,197.0,4,7,9,12.0,21,high,False,model_disagreement
Diazinon,spid:EPAPLT0170D06,4,2,anchorboost_all,1.8748666380381207,1.8748666380381207,246,1.8748666380381207,246.0,4,7,9,9.0,21,high,False,none
Diazinon,spid:EPAPLT0170D06,4,2,anchorboost_all,1.1564013981301708,1.4440342331980816,246,0.9075932004213254,197.0,4,7,9,12.0,21,high,False,fixed_maximin
Diazinon,spid:EPAPLT0170D06,4,2,anchorboost_all,1.3022584689887675,1.7459998518481736,246,1.4061499785285902,184.5,4,7,9,12.0,21,high,False,uniform_random
Diazinon,spid:EPAPLT0170D06,4,2,anchorboost_all,1.1564013981301708,1.4440342331980816,246,0.9075932004213254,197.0,4,7,9,12.0,21,high,False,model_disagreement
Diazinon,spid:EPAPLT0170D06,4,2,anchorboost_five,1.612807127118112,1.612807127118112,246,1.612807127118112,246.0,4,7,9,9.0,21,high,False,none
Diazinon,spid:EPAPLT0170D06,4,2,anchorboost_five,1.2542624156271092,1.5662363159607557,246,0.8876434601178288,197.0,4,7,9,12.0,21,high,False,fixed_maximin
Diazinon,spid:EPAPLT0170D06,4,2,anchorboost_five,1.2587066915932748,1.6826937000207662,246,1.209605345338584,184.5,4,7,9,12.0,21,high,False,uniform_random
Diazinon,spid:EPAPLT0170D06,4,2,anchorboost_five,1.2542624156271092,1.5662363159607557,246,0.8876434601178288,197.0,4,7,9,12.0,21,high,False,model_disagreement
Diazinon,spid:EPAPLT0170D06,4,2,cnp,1.489664912223816,1.489664912223816,246,1.489664912223816,246.0,4,7,9,9.0,21,high,False,none
Diazinon,spid:EPAPLT0170D06,4,2,cnp,1.0573478937149048,1.3203428983688354,246,1.0135493278503418,197.0,4,7,9,12.0,21,high,False,fixed_maximin
Diazinon,spid:EPAPLT0170D06,4,2,cnp,1.1890211552381516,1.593189924955368,246,1.117248773574829,184.5,4,7,9,12.0,21,high,False,uniform_random
Diazinon,spid:EPAPLT0170D06,4,2,cnp,1.0573478937149048,1.3203428983688354,246,1.0135493278503418,197.0,4,7,9,12.0,21,high,False,model_disagreement
Diazinon,spid:EPAPLT0170D06,4,3,interpolation,1.0975409746170044,1.0975409746170044,270,1.0975409746170044,270.0,4,7,9,9.0,21,high,True,none
Diazinon,spid:EPAPLT0170D06,4,3,interpolation,0.777725100517273,1.0395336151123047,270,0.7766685485839844,202.0,4,7,9,12.0,21,high,True,fixed_maximin
Diazinon,spid:EPAPLT0170D06,4,3,interpolation,0.8231171369552612,1.097580909729004,270,0.8231557756662369,202.5,4,7,9,12.0,21,high,True,uniform_random
Diazinon,spid:EPAPLT0170D06,4,3,interpolation,0.8013420104980469,1.0605998039245605,270,0.831295907497406,204.0,4,7,9,12.0,21,high,True,model_disagreement
Diazinon,spid:EPAPLT0170D06,4,3,anchorboost_all,0.9534610469254923,0.9534610469254923,270,0.9534610469254923,270.0,4,7,9,9.0,21,high,True,none
Diazinon,spid:EPAPLT0170D06,4,3,anchorboost_all,0.7502967736321274,1.0028719251518536,270,0.7383483106977251,202.0,4,7,9,12.0,21,high,True,fixed_maximin
Diazinon,spid:EPAPLT0170D06,4,3,anchorboost_all,0.7299351715671685,0.9732892016949346,270,0.7150957851941193,202.5,4,7,9,12.0,21,high,True,uniform_random
Diazinon,spid:EPAPLT0170D06,4,3,anchorboost_all,0.7224283442575619,0.9561551615173612,270,0.7128966135859661,204.0,4,7,9,12.0,21,high,True,model_disagreement
Diazinon,spid:EPAPLT0170D06,4,3,anchorboost_five,0.9489023859516504,0.9489023859516504,270,0.9489023859516504,270.0,4,7,9,9.0,21,high,True,none
Diazinon,spid:EPAPLT0170D06,4,3,anchorboost_five,0.747028219888707,0.9985030661878757,270,0.7191828214767731,202.0,4,7,9,12.0,21,high,True,fixed_maximin
Diazinon,spid:EPAPLT0170D06,4,3,anchorboost_five,0.7264756855895175,0.9686422785293789,270,0.7116767894637378,202.5,4,7,9,12.0,21,high,True,uniform_random
Diazinon,spid:EPAPLT0170D06,4,3,anchorboost_five,0.7294055454220416,0.9653896924703492,270,0.718914727620331,204.0,4,7,9,12.0,21,high,True,model_disagreement
Diazinon,spid:EPAPLT0170D06,4,3,cnp,0.9303764700889587,0.9303764700889587,270,0.9303764700889587,270.0,4,7,9,9.0,21,high,True,none
Diazinon,spid:EPAPLT0170D06,4,3,cnp,0.7536910176277161,1.007408618927002,270,0.7029876708984375,202.0,4,7,9,12.0,21,high,True,fixed_maximin
Diazinon,spid:EPAPLT0170D06,4,3,cnp,0.7166004329919815,0.9554033875465393,270,0.6977823376655579,202.5,4,7,9,12.0,21,high,True,uniform_random
Diazinon,spid:EPAPLT0170D06,4,3,cnp,0.7413848638534546,0.981244683265686,270,0.7171474695205688,204.0,4,7,9,12.0,21,high,True,model_disagreement
Diazinon,spid:EPAPLT0170D06,4,4,interpolation,2.2377002239227295,2.2377002239227295,248,2.2377002239227295,248.0,4,7,9,9.0,21,high,False,none
Diazinon,spid:EPAPLT0170D06,4,4,interpolation,1.8150190114974976,2.5006930828094482,248,1.8722169399261475,180.0,4,7,9,12.0,21,high,False,fixed_maximin
Diazinon,spid:EPAPLT0170D06,4,4,interpolation,1.6981016993522644,2.280625730752945,248,1.67827507853508,186.0,4,7,9,12.0,21,high,False,uniform_random
Diazinon,spid:EPAPLT0170D06,4,4,interpolation,1.2924672365188599,1.6107128858566284,248,0.9955757856369019,199.0,4,7,9,12.0,21,high,False,model_disagreement
Diazinon,spid:EPAPLT0170D06,4,4,anchorboost_all,1.5329894440871257,1.5329894440871257,248,1.5329894440871257,248.0,4,7,9,9.0,21,high,False,none
Diazinon,spid:EPAPLT0170D06,4,4,anchorboost_all,1.340668358891046,1.8471430722498856,248,1.2954299432164902,180.0,4,7,9,12.0,21,high,False,fixed_maximin
Diazinon,spid:EPAPLT0170D06,4,4,anchorboost_all,1.180237389772572,1.583344368817723,248,1.1497420830653442,186.0,4,7,9,12.0,21,high,False,uniform_random
Diazinon,spid:EPAPLT0170D06,4,4,anchorboost_all,1.0184799608574326,1.2692614587570017,248,0.7686774630746053,199.0,4,7,9,12.0,21,high,False,model_disagreement
Diazinon,spid:EPAPLT0170D06,4,4,anchorboost_five,1.58539230413605,1.58539230413605,248,1.58539230413605,248.0,4,7,9,9.0,21,high,False,none
Diazinon,spid:EPAPLT0170D06,4,4,anchorboost_five,1.4367778939013875,1.9795606538196902,248,1.3416767604290507,180.0,4,7,9,12.0,21,high,False,fixed_maximin
Diazinon,spid:EPAPLT0170D06,4,4,anchorboost_five,1.1988775187649776,1.61077806558655,248,1.1890442281020377,186.0,4,7,9,12.0,21,high,False,uniform_random
Diazinon,spid:EPAPLT0170D06,4,4,anchorboost_five,0.9808922030534075,1.2224184239057543,248,0.7808436221272133,199.0,4,7,9,12.0,21,high,False,model_disagreement
Diazinon,spid:EPAPLT0170D06,4,4,cnp,1.5423403978347778,1.5423403978347778,248,1.5423403978347778,248.0,4,7,9,9.0,21,high,False,none
Diazinon,spid:EPAPLT0170D06,4,4,cnp,1.405124306678772,1.9359490871429443,248,1.2824482917785645,180.0,4,7,9,12.0,21,high,False,fixed_maximin
Diazinon,spid:EPAPLT0170D06,4,4,cnp,1.1648555248975754,1.5673254430294037,248,1.1567553877830505,186.0,4,7,9,12.0,21,high,False,uniform_random
Diazinon,spid:EPAPLT0170D06,4,4,cnp,0.8880172371864319,1.1066747903823853,248,0.8340613842010498,199.0,4,7,9,12.0,21,high,False,model_disagreement
Dieldrin,spid:EX000417,4,0,interpolation,1.4690099954605103,1.4690099954605103,240,1.4690099954605103,240.0,4,7,9,9.0,21,high,False,none
Dieldrin,spid:EX000417,4,0,interpolation,1.142471194267273,1.5941458940505981,240,1.2065240144729614,172.0,4,7,9,12.0,21,high,False,fixed_maximin
Dieldrin,spid:EX000417,4,0,interpolation,1.0709572583436966,1.4534579068422318,240,1.1017575114965439,180.0,4,7,9,12.0,21,high,False,uniform_random
Dieldrin,spid:EX000417,4,0,interpolation,0.7474676966667175,0.8793737292289734,240,0.7474676966667175,204.0,4,7,9,12.0,21,high,False,model_disagreement
Dieldrin,spid:EX000417,4,0,anchorboost_all,1.3302859301619572,1.3302859301619572,240,1.3302859301619572,240.0,4,7,9,9.0,21,high,False,none
Dieldrin,spid:EX000417,4,0,anchorboost_all,1.0448344361663393,1.4579085155809386,240,1.0832205771410257,172.0,4,7,9,12.0,21,high,False,fixed_maximin
Dieldrin,spid:EX000417,4,0,anchorboost_all,1.0066835633447675,1.3555911967458114,240,0.9977144476214678,180.0,4,7,9,12.0,21,high,False,uniform_random
Dieldrin,spid:EX000417,4,0,anchorboost_all,0.8970017447618684,1.0552961703080808,240,0.8192100483546755,204.0,4,7,9,12.0,21,high,False,model_disagreement
Dieldrin,spid:EX000417,4,0,anchorboost_five,1.34387012944099,1.34387012944099,240,1.34387012944099,240.0,4,7,9,9.0,21,high,False,none
Dieldrin,spid:EX000417,4,0,anchorboost_five,1.0445220528792447,1.4574726319245273,240,1.0879804388238317,172.0,4,7,9,12.0,21,high,False,fixed_maximin
Dieldrin,spid:EX000417,4,0,anchorboost_five,1.0133135820428583,1.3629716059006682,240,1.0079025970807427,180.0,4,7,9,12.0,21,high,False,uniform_random
Dieldrin,spid:EX000417,4,0,anchorboost_five,0.9311902442581721,1.095517934421379,240,0.832810029204815,204.0,4,7,9,12.0,21,high,False,model_disagreement
Dieldrin,spid:EX000417,4,0,cnp,1.066917896270752,1.066917896270752,240,1.066917896270752,240.0,4,7,9,9.0,21,high,False,none
Dieldrin,spid:EX000417,4,0,cnp,0.7624844908714294,1.0639318227767944,240,0.8263956904411316,172.0,4,7,9,12.0,21,high,False,fixed_maximin
Dieldrin,spid:EX000417,4,0,cnp,0.7632568180561066,1.0251490622758865,240,0.8001884371042252,180.0,4,7,9,12.0,21,high,False,uniform_random
Dieldrin,spid:EX000417,4,0,cnp,0.728448748588562,0.8569985032081604,240,0.7260541319847107,204.0,4,7,9,12.0,21,high,False,model_disagreement
Dieldrin,spid:EX000417,4,1,interpolation,3.2232820987701416,3.2232820987701416,235,3.2232820987701416,235.0,4,7,9,9.0,21,high,False,none
Dieldrin,spid:EX000417,4,1,interpolation,1.7613801956176758,2.080021619796753,235,1.6906907558441162,199.0,4,7,9,12.0,21,high,False,fixed_maximin
Dieldrin,spid:EX000417,4,1,interpolation,2.29984587430954,3.121024191379547,235,2.417461574077606,176.25,4,7,9,12.0,21,high,False,uniform_random
Dieldrin,spid:EX000417,4,1,interpolation,1.7613801956176758,2.080021619796753,235,1.6906907558441162,199.0,4,7,9,12.0,21,high,False,model_disagreement
Dieldrin,spid:EX000417,4,1,anchorboost_all,2.727984304124673,2.727984304124673,235,2.727984304124673,235.0,4,7,9,9.0,21,high,False,none
Dieldrin,spid:EX000417,4,1,anchorboost_all,1.721234118533962,2.032613155052669,235,1.6278531977248798,199.0,4,7,9,12.0,21,high,False,fixed_maximin
Dieldrin,spid:EX000417,4,1,anchorboost_all,1.8918232423437027,2.5522844085676226,235,2.0459882280935044,176.25,4,7,9,12.0,21,high,False,uniform_random
Dieldrin,spid:EX000417,4,1,anchorboost_all,1.721234118533962,2.032613155052669,235,1.6278531977248798,199.0,4,7,9,12.0,21,high,False,model_disagreement
Dieldrin,spid:EX000417,4,1,anchorboost_five,2.705574800830446,2.705574800830446,235,2.705574800830446,235.0,4,7,9,9.0,21,high,False,none
Dieldrin,spid:EX000417,4,1,anchorboost_five,1.7139832190156161,2.0240505350184415,235,1.6839806197605733,199.0,4,7,9,12.0,21,high,False,fixed_maximin
Dieldrin,spid:EX000417,4,1,anchorboost_five,1.8631327632547368,2.5117378761744598,235,2.029181100622835,176.25,4,7,9,12.0,21,high,False,uniform_random
Dieldrin,spid:EX000417,4,1,anchorboost_five,1.7139832190156161,2.0240505350184415,235,1.6839806197605733,199.0,4,7,9,12.0,21,high,False,model_disagreement
Dieldrin,spid:EX000417,4,1,cnp,2.475220203399658,2.475220203399658,235,2.475220203399658,235.0,4,7,9,9.0,21,high,False,none
Dieldrin,spid:EX000417,4,1,cnp,1.5898083448410034,1.8774116039276123,235,1.5822093486785889,199.0,4,7,9,12.0,21,high,False,fixed_maximin
Dieldrin,spid:EX000417,4,1,cnp,1.9140181839466095,2.5926173329353333,235,1.8564152419567108,176.25,4,7,9,12.0,21,high,False,uniform_random
Dieldrin,spid:EX000417,4,1,cnp,1.5898083448410034,1.8774116039276123,235,1.5822093486785889,199.0,4,7,9,12.0,21,high,False,model_disagreement
Dieldrin,spid:EX000417,4,2,interpolation,1.4655474424362183,1.4655474424362183,240,1.4655474424362183,240.0,4,7,9,9.0,21,high,False,none
Dieldrin,spid:EX000417,4,2,interpolation,1.1757749319076538,1.6406161785125732,240,1.1757749319076538,172.0,4,7,9,12.0,21,high,False,fixed_maximin
Dieldrin,spid:EX000417,4,2,interpolation,1.1012673377990723,1.4959404319524765,240,1.0991606712341309,180.0,4,7,9,12.0,21,high,False,uniform_random
Dieldrin,spid:EX000417,4,2,interpolation,0.7440052032470703,0.8753002285957336,240,0.7440052032470703,204.0,4,7,9,12.0,21,high,False,model_disagreement
Dieldrin,spid:EX000417,4,2,anchorboost_all,1.2119297706651417,1.2119297706651417,240,1.2119297706651417,240.0,4,7,9,9.0,21,high,False,none
Dieldrin,spid:EX000417,4,2,anchorboost_all,1.0727760813387652,1.4968968576819979,240,1.0152105544388619,172.0,4,7,9,12.0,21,high,False,fixed_maximin
Dieldrin,spid:EX000417,4,2,anchorboost_all,0.9473627129430344,1.2790679171093966,240,0.9089473279988564,180.0,4,7,9,12.0,21,high,False,uniform_random
Dieldrin,spid:EX000417,4,2,anchorboost_all,0.7827829948731535,0.9209211704390041,240,0.7284980990147668,204.0,4,7,9,12.0,21,high,False,model_disagreement
Dieldrin,spid:EX000417,4,2,anchorboost_five,1.2219596956399277,1.2219596956399277,240,1.2219596956399277,240.0,4,7,9,9.0,21,high,False,none
Dieldrin,spid:EX000417,4,2,anchorboost_five,1.0620874921874341,1.4819825472382802,240,1.020840619681933,172.0,4,7,9,12.0,21,high,False,fixed_maximin
Dieldrin,spid:EX000417,4,2,anchorboost_five,0.9551147907151437,1.2883540343256108,240,0.9164697717299459,180.0,4,7,9,12.0,21,high,False,uniform_random
Dieldrin,spid:EX000417,4,2,anchorboost_five,0.8107571859356305,0.9538319834536831,240,0.7229035674638262,204.0,4,7,9,12.0,21,high,False,model_disagreement
Dieldrin,spid:EX000417,4,2,cnp,1.0419201850891113,1.0419201850891113,240,1.0419201850891113,240.0,4,7,9,9.0,21,high,False,none
Dieldrin,spid:EX000417,4,2,cnp,0.7708613276481628,1.0756202936172485,240,0.812233030796051,172.0,4,7,9,12.0,21,high,False,fixed_maximin
Dieldrin,spid:EX000417,4,2,cnp,0.7588194310665131,1.021634966135025,240,0.7814401686191559,180.0,4,7,9,12.0,21,high,False,uniform_random
Dieldrin,spid:EX000417,4,2,cnp,0.6795153021812439,0.7994297742843628,240,0.6793867349624634,204.0,4,7,9,12.0,21,high,False,model_disagreement
Dieldrin,spid:EX000417,4,3,interpolation,1.8236010074615479,1.8236010074615479,240,1.8236010074615479,240.0,4,7,9,9.0,21,high,False,none
Dieldrin,spid:EX000417,4,3,interpolation,1.539608120918274,2.1482901573181152,240,1.5996909141540527,172.0,4,7,9,12.0,21,high,False,fixed_maximin
Dieldrin,spid:EX000417,4,3,interpolation,1.3394149541854858,1.8086468577384949,240,1.3677006959915161,180.0,4,7,9,12.0,21,high,False,uniform_random
Dieldrin,spid:EX000417,4,3,interpolation,1.1020585298538208,1.296539306640625,240,1.1020585298538208,204.0,4,7,9,12.0,21,high,False,model_disagreement
Dieldrin,spid:EX000417,4,3,anchorboost_all,1.5128053281129235,1.5128053281129235,240,1.5128053281129235,240.0,4,7,9,9.0,21,high,False,none
Dieldrin,spid:EX000417,4,3,anchorboost_all,1.2787151461299324,1.7842536922743246,240,1.2725716525391577,172.0,4,7,9,12.0,21,high,False,fixed_maximin
Dieldrin,spid:EX000417,4,3,anchorboost_all,1.1637480551260353,1.5599139989455801,240,1.1346039960846925,180.0,4,7,9,12.0,21,high,False,uniform_random
Dieldrin,spid:EX000417,4,3,anchorboost_all,1.1681470749834273,1.374290676451091,240,1.0847401303860826,204.0,4,7,9,12.0,21,high,False,model_disagreement
Dieldrin,spid:EX000417,4,3,anchorboost_five,1.5700387641565474,1.5700387641565474,240,1.5700387641565474,240.0,4,7,9,9.0,21,high,False,none
Dieldrin,spid:EX000417,4,3,anchorboost_five,1.2846956064255692,1.792598520593818,240,1.313706616422946,172.0,4,7,9,12.0,21,high,False,fixed_maximin
Dieldrin,spid:EX000417,4,3,anchorboost_five,1.1843747489303122,1.5877494160543646,240,1.1775290731174106,180.0,4,7,9,12.0,21,high,False,uniform_random
Dieldrin,spid:EX000417,4,3,anchorboost_five,1.1854355193294561,1.3946300227405366,240,1.1373996432445206,204.0,4,7,9,12.0,21,high,False,model_disagreement
Dieldrin,spid:EX000417,4,3,cnp,1.3322962522506714,1.3322962522506714,240,1.3322962522506714,240.0,4,7,9,9.0,21,high,False,none
Dieldrin,spid:EX000417,4,3,cnp,1.0568474531173706,1.4746707677841187,240,1.107911229133606,172.0,4,7,9,12.0,21,high,False,fixed_maximin
Dieldrin,spid:EX000417,4,3,cnp,0.9868707954883575,1.3188686966896057,240,0.9992220997810364,180.0,4,7,9,12.0,21,high,False,uniform_random
Dieldrin,spid:EX000417,4,3,cnp,1.0628787279129028,1.2504454851150513,240,1.059931993484497,204.0,4,7,9,12.0,21,high,False,model_disagreement
Dieldrin,spid:EX000417,4,4,interpolation,2.275120496749878,2.275120496749878,240,2.275120496749878,240.0,4,7,9,9.0,21,high,False,none
Dieldrin,spid:EX000417,4,4,interpolation,1.218115210533142,1.6996958255767822,240,1.6528782844543457,172.0,4,7,9,12.0,21,high,False,fixed_maximin
Dieldrin,spid:EX000417,4,4,interpolation,1.3194859623908997,1.7561321258544922,240,1.7063405513763428,180.0,4,7,9,12.0,21,high,False,uniform_random
Dieldrin,spid:EX000417,4,4,interpolation,1.553578495979309,1.8277393579483032,240,1.553578495979309,204.0,4,7,9,12.0,21,high,False,model_disagreement
Dieldrin,spid:EX000417,4,4,anchorboost_all,1.3220741603961577,1.3220741603961577,240,1.3220741603961577,240.0,4,7,9,9.0,21,high,False,none
Dieldrin,spid:EX000417,4,4,anchorboost_all,1.0121219911120967,1.4122632434122282,240,1.0376346953276971,172.0,4,7,9,12.0,21,high,False,fixed_maximin
Dieldrin,spid:EX000417,4,4,anchorboost_all,0.9330160921886204,1.2544046672662352,240,0.9915556202971182,180.0,4,7,9,12.0,21,high,False,uniform_random
Dieldrin,spid:EX000417,4,4,anchorboost_all,0.8676650565193749,1.0207824194345587,240,0.8617269895609766,204.0,4,7,9,12.0,21,high,False,model_disagreement
Dieldrin,spid:EX000417,4,4,anchorboost_five,1.363618578236454,1.363618578236454,240,1.363618578236454,240.0,4,7,9,9.0,21,high,False,none
Dieldrin,spid:EX000417,4,4,anchorboost_five,1.0154545388465825,1.4169133100184874,240,1.0914190943716156,172.0,4,7,9,12.0,21,high,False,fixed_maximin
Dieldrin,spid:EX000417,4,4,anchorboost_five,0.9547243227264796,1.282234269029165,240,1.0227139336773403,180.0,4,7,9,12.0,21,high,False,uniform_random
Dieldrin,spid:EX000417,4,4,anchorboost_five,0.9126389630172359,1.073692897667336,240,0.8643131828648838,204.0,4,7,9,12.0,21,high,False,model_disagreement
Dieldrin,spid:EX000417,4,4,cnp,1.292497992515564,1.292497992515564,240,1.292497992515564,240.0,4,7,9,9.0,21,high,False,none
Dieldrin,spid:EX000417,4,4,cnp,0.791232705116272,1.1040456295013428,240,1.030556559562683,172.0,4,7,9,12.0,21,high,False,fixed_maximin
Dieldrin,spid:EX000417,4,4,cnp,0.8109558522701263,1.0806324779987335,240,0.9693734496831894,180.0,4,7,9,12.0,21,high,False,uniform_random
Dieldrin,spid:EX000417,4,4,cnp,0.930816113948822,1.0950778722763062,240,0.9369859099388123,204.0,4,7,9,12.0,21,high,False,model_disagreement
Diphenhydramine hydrochloride,spid:TP0001649G01,4,0,interpolation,1.518799901008606,1.518799901008606,222,1.518799901008606,222.0,4,7,9,9.0,21,high,False,none
Diphenhydramine hydrochloride,spid:TP0001649G01,4,0,interpolation,1.0161575078964233,1.3508200645446777,222,1.1050654649734497,167.0,4,7,9,12.0,21,high,False,fixed_maximin
Diphenhydramine hydrochloride,spid:TP0001649G01,4,0,interpolation,1.0793744921684265,1.439420610666275,222,1.139099895954132,166.5,4,7,9,12.0,21,high,False,uniform_random
Diphenhydramine hydrochloride,spid:TP0001649G01,4,0,interpolation,1.0595401525497437,1.3836348056793213,222,1.0595401525497437,170.0,4,7,9,12.0,21,high,False,model_disagreement
Diphenhydramine hydrochloride,spid:TP0001649G01,4,0,anchorboost_all,1.2603877408947897,1.2603877408947897,222,1.2603877408947897,222.0,4,7,9,9.0,21,high,False,none
Diphenhydramine hydrochloride,spid:TP0001649G01,4,0,anchorboost_all,0.9214318333107754,1.2248974071556415,222,0.9488293130555352,167.0,4,7,9,12.0,21,high,False,fixed_maximin
Diphenhydramine hydrochloride,spid:TP0001649G01,4,0,anchorboost_all,0.933711845064294,1.2461254850232755,222,0.9452908056710922,166.5,4,7,9,12.0,21,high,False,uniform_random
Diphenhydramine hydrochloride,spid:TP0001649G01,4,0,anchorboost_all,0.8721771885183485,1.138960799123961,222,0.8640339036744533,170.0,4,7,9,12.0,21,high,False,model_disagreement
Diphenhydramine hydrochloride,spid:TP0001649G01,4,0,anchorboost_five,1.2640944128111085,1.2640944128111085,222,1.2640944128111085,222.0,4,7,9,9.0,21,high,False,none
Diphenhydramine hydrochloride,spid:TP0001649G01,4,0,anchorboost_five,0.9210766915790659,1.2244253025781595,222,0.9499865362005402,167.0,4,7,9,12.0,21,high,False,fixed_maximin
Diphenhydramine hydrochloride,spid:TP0001649G01,4,0,anchorboost_five,0.9329407892961544,1.2451069611133843,222,0.9480708096083312,166.5,4,7,9,12.0,21,high,False,uniform_random
Diphenhydramine hydrochloride,spid:TP0001649G01,4,0,anchorboost_five,0.8614070883743099,1.1248963154064517,222,0.8585807783215808,170.0,4,7,9,12.0,21,high,False,model_disagreement
Diphenhydramine hydrochloride,spid:TP0001649G01,4,0,cnp,1.2664026021957397,1.2664026021957397,222,1.2664026021957397,222.0,4,7,9,9.0,21,high,False,none
Diphenhydramine hydrochloride,spid:TP0001649G01,4,0,cnp,0.9387187957763672,1.2478777170181274,222,0.9710555672645569,167.0,4,7,9,12.0,21,high,False,fixed_maximin
Diphenhydramine hydrochloride,spid:TP0001649G01,4,0,cnp,0.9338792860507965,1.2469733655452728,222,0.9498019516468048,166.5,4,7,9,12.0,21,high,False,uniform_random
Diphenhydramine hydrochloride,spid:TP0001649G01,4,0,cnp,0.8229570388793945,1.074684977531433,222,0.8204455971717834,170.0,4,7,9,12.0,21,high,False,model_disagreement
Diphenhydramine hydrochloride,spid:TP0001649G01,4,1,interpolation,1.5511975288391113,1.5511975288391113,217,1.5511975288391113,217.0,4,7,9,9.0,21,high,False,none
Diphenhydramine hydrochloride,spid:TP0001649G01,4,1,interpolation,0.8383198380470276,1.1025176048278809,217,0.9294653534889221,165.0,4,7,9,12.0,21,high,False,fixed_maximin
Diphenhydramine hydrochloride,spid:TP0001649G01,4,1,interpolation,1.078807219862938,1.4417573511600494,217,1.1633980423212051,162.75,4,7,9,12.0,21,high,False,uniform_random
Diphenhydramine hydrochloride,spid:TP0001649G01,4,1,interpolation,0.8383198380470276,1.1025176048278809,217,0.9294653534889221,165.0,4,7,9,12.0,21,high,False,model_disagreement
Diphenhydramine hydrochloride,spid:TP0001649G01,4,1,anchorboost_all,1.4135239395638892,1.4135239395638892,217,1.4135239395638892,217.0,4,7,9,9.0,21,high,False,none
Diphenhydramine hydrochloride,spid:TP0001649G01,4,1,anchorboost_all,0.6824134208261544,0.8974770443592458,217,0.8402368012712089,165.0,4,7,9,12.0,21,high,False,fixed_maximin
Diphenhydramine hydrochloride,spid:TP0001649G01,4,1,anchorboost_all,0.9523465679331538,1.2733569643925384,217,1.060142954672917,162.75,4,7,9,12.0,21,high,False,uniform_random
Diphenhydramine hydrochloride,spid:TP0001649G01,4,1,anchorboost_all,0.6824134208261544,0.8974770443592458,217,0.8402368012712089,165.0,4,7,9,12.0,21,high,False,model_disagreement
Diphenhydramine hydrochloride,spid:TP0001649G01,4,1,anchorboost_five,1.4348053322322705,1.4348053322322705,217,1.4348053322322705,217.0,4,7,9,9.0,21,high,False,none
Diphenhydramine hydrochloride,spid:TP0001649G01,4,1,anchorboost_five,0.6900233968770697,0.9074853158928735,217,0.8489902277542715,165.0,4,7,9,12.0,21,high,False,fixed_maximin
Diphenhydramine hydrochloride,spid:TP0001649G01,4,1,anchorboost_five,0.9749815372546486,1.3037590728722246,217,1.076103999174203,162.75,4,7,9,12.0,21,high,False,uniform_random
Diphenhydramine hydrochloride,spid:TP0001649G01,4,1,anchorboost_five,0.6900233968770697,0.9074853158928735,217,0.8489902277542715,165.0,4,7,9,12.0,21,high,False,model_disagreement
Diphenhydramine hydrochloride,spid:TP0001649G01,4,1,cnp,1.3679895401000977,1.3679895401000977,217,1.3679895401000977,217.0,4,7,9,9.0,21,high,False,none
Diphenhydramine hydrochloride,spid:TP0001649G01,4,1,cnp,0.7077429294586182,0.9307892918586731,217,0.798754870891571,165.0,4,7,9,12.0,21,high,False,fixed_maximin
Diphenhydramine hydrochloride,spid:TP0001649G01,4,1,cnp,0.9669173210859299,1.2928012758493423,217,1.0259921848773956,162.75,4,7,9,12.0,21,high,False,uniform_random
Diphenhydramine hydrochloride,spid:TP0001649G01,4,1,cnp,0.7077429294586182,0.9307892918586731,217,0.798754870891571,165.0,4,7,9,12.0,21,high,False,model_disagreement
Diphenhydramine hydrochloride,spid:TP0001649G01,4,2,interpolation,1.2291399240493774,1.2291399240493774,217,1.2291399240493774,217.0,4,7,9,9.0,21,high,True,none
Diphenhydramine hydrochloride,spid:TP0001649G01,4,2,interpolation,0.9593221545219421,1.2850180864334106,217,0.9593221545219421,162.0,4,7,9,12.0,21,high,True,fixed_maximin
Diphenhydramine hydrochloride,spid:TP0001649G01,4,2,interpolation,0.8941628038883209,1.1929374635219574,217,0.9218549281358719,162.75,4,7,9,12.0,21,high,True,uniform_random
Diphenhydramine hydrochloride,spid:TP0001649G01,4,2,interpolation,0.788214921951294,1.0366220474243164,217,0.8367935419082642,165.0,4,7,9,12.0,21,high,True,model_disagreement
Diphenhydramine hydrochloride,spid:TP0001649G01,4,2,anchorboost_all,1.0958462932691064,1.0958462932691064,217,1.0958462932691064,217.0,4,7,9,9.0,21,high,True,none
Diphenhydramine hydrochloride,spid:TP0001649G01,4,2,anchorboost_all,0.8487133345509074,1.1368567506021412,217,0.832859169908845,162.0,4,7,9,12.0,21,high,True,fixed_maximin
Diphenhydramine hydrochloride,spid:TP0001649G01,4,2,anchorboost_all,0.8095772396127296,1.0798294218496,217,0.8218847199518298,162.75,4,7,9,12.0,21,high,True,uniform_random
Diphenhydramine hydrochloride,spid:TP0001649G01,4,2,anchorboost_all,0.756206564018256,0.9945262084361306,217,0.7786449339694232,165.0,4,7,9,12.0,21,high,True,model_disagreement
Diphenhydramine hydrochloride,spid:TP0001649G01,4,2,anchorboost_five,1.090400593115916,1.090400593115916,217,1.090400593115916,217.0,4,7,9,9.0,21,high,True,none
Diphenhydramine hydrochloride,spid:TP0001649G01,4,2,anchorboost_five,0.8359648828134932,1.1197801208057285,217,0.8271759002257412,162.0,4,7,9,12.0,21,high,True,fixed_maximin
Diphenhydramine hydrochloride,spid:TP0001649G01,4,2,anchorboost_five,0.8073915209779556,1.0769065228410162,217,0.8178004448369369,162.75,4,7,9,12.0,21,high,True,uniform_random
Diphenhydramine hydrochloride,spid:TP0001649G01,4,2,anchorboost_five,0.755404319971347,0.9934711359623171,217,0.772476165996228,165.0,4,7,9,12.0,21,high,True,model_disagreement
Diphenhydramine hydrochloride,spid:TP0001649G01,4,2,cnp,1.098201870918274,1.098201870918274,217,1.098201870918274,217.0,4,7,9,9.0,21,high,True,none
Diphenhydramine hydrochloride,spid:TP0001649G01,4,2,cnp,0.8223813772201538,1.1015849113464355,217,0.8233222961425781,162.0,4,7,9,12.0,21,high,True,fixed_maximin
Diphenhydramine hydrochloride,spid:TP0001649G01,4,2,cnp,0.8103532195091248,1.0809188336133957,217,0.8236514180898666,162.75,4,7,9,12.0,21,high,True,uniform_random
Diphenhydramine hydrochloride,spid:TP0001649G01,4,2,cnp,0.7479972839355469,0.9837297797203064,217,0.7657018303871155,165.0,4,7,9,12.0,21,high,True,model_disagreement
Diphenhydramine hydrochloride,spid:TP0001649G01,4,3,interpolation,1.2308071851730347,1.2308071851730347,220,1.2308071851730347,220.0,4,7,9,9.0,21,high,False,none
Diphenhydramine hydrochloride,spid:TP0001649G01,4,3,interpolation,0.9646687507629395,1.2862249612808228,220,0.9646687507629395,165.0,4,7,9,12.0,21,high,False,fixed_maximin
Diphenhydramine hydrochloride,spid:TP0001649G01,4,3,interpolation,0.8995984196662903,1.2005154490470886,220,0.9231053292751312,165.0,4,7,9,12.0,21,high,False,uniform_random
Diphenhydramine hydrochloride,spid:TP0001649G01,4,3,interpolation,0.7673722505569458,1.0048922300338745,220,0.7673722505569458,168.0,4,7,9,12.0,21,high,False,model_disagreement
Diphenhydramine hydrochloride,spid:TP0001649G01,4,3,anchorboost_all,1.0908346766889947,1.0908346766889947,220,1.0908346766889947,220.0,4,7,9,9.0,21,high,False,none
Diphenhydramine hydrochloride,spid:TP0001649G01,4,3,anchorboost_all,0.8429742522953803,1.123965669727174,220,0.8189466023921106,165.0,4,7,9,12.0,21,high,False,fixed_maximin
Diphenhydramine hydrochloride,spid:TP0001649G01,4,3,anchorboost_all,0.7980958864753823,1.0654686603003398,220,0.818126007516746,165.0,4,7,9,12.0,21,high,False,uniform_random
Diphenhydramine hydrochloride,spid:TP0001649G01,4,3,anchorboost_all,0.6497541853961802,0.8508685761140455,220,0.6661761138602251,168.0,4,7,9,12.0,21,high,False,model_disagreement
Diphenhydramine hydrochloride,spid:TP0001649G01,4,3,anchorboost_five,1.1078209383582287,1.1078209383582287,220,1.1078209383582287,220.0,4,7,9,9.0,21,high,False,none
Diphenhydramine hydrochloride,spid:TP0001649G01,4,3,anchorboost_five,0.8608061823574101,1.1477415764765468,220,0.8384520793386832,165.0,4,7,9,12.0,21,high,False,fixed_maximin
Diphenhydramine hydrochloride,spid:TP0001649G01,4,3,anchorboost_five,0.8065014905435757,1.076757801456815,220,0.8308657037686715,165.0,4,7,9,12.0,21,high,False,uniform_random
Diphenhydramine hydrochloride,spid:TP0001649G01,4,3,anchorboost_five,0.6476429593072285,0.8481038752832755,220,0.651982866006718,168.0,4,7,9,12.0,21,high,False,model_disagreement
Diphenhydramine hydrochloride,spid:TP0001649G01,4,3,cnp,1.1232857704162598,1.1232857704162598,220,1.1232857704162598,220.0,4,7,9,9.0,21,high,False,none
Diphenhydramine hydrochloride,spid:TP0001649G01,4,3,cnp,0.8531011343002319,1.1374683380126953,220,0.8537501692771912,165.0,4,7,9,12.0,21,high,False,fixed_maximin
Diphenhydramine hydrochloride,spid:TP0001649G01,4,3,cnp,0.8302376568317413,1.1083831191062927,220,0.8424643576145172,165.0,4,7,9,12.0,21,high,False,uniform_random
Diphenhydramine hydrochloride,spid:TP0001649G01,4,3,cnp,0.6782516241073608,0.8881866931915283,220,0.6765708923339844,168.0,4,7,9,12.0,21,high,False,model_disagreement
Diphenhydramine hydrochloride,spid:TP0001649G01,4,4,interpolation,1.479243278503418,1.479243278503418,228,1.479243278503418,228.0,4,7,9,9.0,21,high,True,none
Diphenhydramine hydrochloride,spid:TP0001649G01,4,4,interpolation,0.7929660677909851,1.04506516456604,228,1.1568603515625,173.0,4,7,9,12.0,21,high,True,fixed_maximin
Diphenhydramine hydrochloride,spid:TP0001649G01,4,4,interpolation,0.7941204905509949,1.059414565563202,228,1.1094325184822083,171.0,4,7,9,12.0,21,high,True,uniform_random
Diphenhydramine hydrochloride,spid:TP0001649G01,4,4,interpolation,0.7832784652709961,1.0322976112365723,228,1.0235167741775513,173.0,4,7,9,12.0,21,high,True,model_disagreement
Diphenhydramine hydrochloride,spid:TP0001649G01,4,4,anchorboost_all,1.0154222565790145,1.0154222565790145,228,1.0154222565790145,228.0,4,7,9,9.0,21,high,True,none
Diphenhydramine hydrochloride,spid:TP0001649G01,4,4,anchorboost_all,0.6767043785700302,0.8918416087512536,228,0.7872715944444579,173.0,4,7,9,12.0,21,high,True,fixed_maximin
Diphenhydramine hydrochloride,spid:TP0001649G01,4,4,anchorboost_all,0.672742848374891,0.8975751235859106,228,0.7615666924342609,171.0,4,7,9,12.0,21,high,True,uniform_random
Diphenhydramine hydrochloride,spid:TP0001649G01,4,4,anchorboost_all,0.6262545811741338,0.8253528584260261,228,0.7066887576274673,173.0,4,7,9,12.0,21,high,True,model_disagreement
Diphenhydramine hydrochloride,spid:TP0001649G01,4,4,anchorboost_five,1.0549736123787907,1.0549736123787907,228,1.0549736123787907,228.0,4,7,9,9.0,21,high,True,none
Diphenhydramine hydrochloride,spid:TP0001649G01,4,4,anchorboost_five,0.6984515887518271,0.9205026718810208,228,0.8206434800909865,173.0,4,7,9,12.0,21,high,True,fixed_maximin
Diphenhydramine hydrochloride,spid:TP0001649G01,4,4,anchorboost_five,0.6788568608813645,0.9057444105054023,228,0.791230209284093,171.0,4,7,9,12.0,21,high,True,uniform_random
Diphenhydramine hydrochloride,spid:TP0001649G01,4,4,anchorboost_five,0.6205087293065548,0.8177802906467888,228,0.7209464521122897,173.0,4,7,9,12.0,21,high,True,model_disagreement
Diphenhydramine hydrochloride,spid:TP0001649G01,4,4,cnp,1.0192443132400513,1.0192443132400513,228,1.0192443132400513,228.0,4,7,9,9.0,21,high,True,none
Diphenhydramine hydrochloride,spid:TP0001649G01,4,4,cnp,0.6947516798973083,0.9156264662742615,228,0.8160749673843384,173.0,4,7,9,12.0,21,high,True,fixed_maximin
Diphenhydramine hydrochloride,spid:TP0001649G01,4,4,cnp,0.670664593577385,0.8947241604328156,228,0.7644332349300385,171.0,4,7,9,12.0,21,high,True,uniform_random
Diphenhydramine hydrochloride,spid:TP0001649G01,4,4,cnp,0.6217159032821655,0.819371223449707,228,0.6748024225234985,173.0,4,7,9,12.0,21,high,True,model_disagreement
Fosthiazate,spid:TT0000177B04,4,0,interpolation,0.9088104367256165,0.9088104367256165,252,0.9088104367256165,252.0,4,7,9,9.0,21,low,False,none
Fosthiazate,spid:TT0000177B04,4,0,interpolation,0.6756789088249207,0.886828601360321,252,0.6756789088249207,192.0,4,7,9,12.0,21,low,False,fixed_maximin
Fosthiazate,spid:TT0000177B04,4,0,interpolation,0.7044478803873062,0.9394741505384445,252,0.6816078126430511,189.0,4,7,9,12.0,21,low,False,uniform_random
Fosthiazate,spid:TT0000177B04,4,0,interpolation,0.6756789088249207,0.886828601360321,252,0.6756789088249207,192.0,4,7,9,12.0,21,low,False,model_disagreement
Fosthiazate,spid:TT0000177B04,4,0,anchorboost_all,0.9317691891151622,0.9317691891151622,252,0.9317691891151622,252.0,4,7,9,9.0,21,low,False,none
Fosthiazate,spid:TT0000177B04,4,0,anchorboost_all,0.6340183686855684,0.8321491088998086,252,0.6453431908995498,192.0,4,7,9,12.0,21,low,False,fixed_maximin
Fosthiazate,spid:TT0000177B04,4,0,anchorboost_all,0.7247686228631156,0.9672119600746057,252,0.6988268918363716,189.0,4,7,9,12.0,21,low,False,uniform_random
Fosthiazate,spid:TT0000177B04,4,0,anchorboost_all,0.6340183686855684,0.8321491088998086,252,0.6453431908995498,192.0,4,7,9,12.0,21,low,False,model_disagreement
Fosthiazate,spid:TT0000177B04,4,0,anchorboost_five,0.8938696519093079,0.8938696519093079,252,0.8938696519093079,252.0,4,7,9,9.0,21,low,False,none
Fosthiazate,spid:TT0000177B04,4,0,anchorboost_five,0.630697959798026,0.8277910722349091,252,0.6488991007164147,192.0,4,7,9,12.0,21,low,False,fixed_maximin
Fosthiazate,spid:TT0000177B04,4,0,anchorboost_five,0.7525278823928129,1.0041163374014124,252,0.670402238931981,189.0,4,7,9,12.0,21,low,False,uniform_random
Fosthiazate,spid:TT0000177B04,4,0,anchorboost_five,0.630697959798026,0.8277910722349091,252,0.6488991007164147,192.0,4,7,9,12.0,21,low,False,model_disagreement
Fosthiazate,spid:TT0000177B04,4,0,cnp,1.1171648502349854,1.1171648502349854,252,1.1171648502349854,252.0,4,7,9,9.0,21,low,False,none
Fosthiazate,spid:TT0000177B04,4,0,cnp,0.6533750295639038,0.8575547337532043,252,0.6565921306610107,192.0,4,7,9,12.0,21,low,False,fixed_maximin
Fosthiazate,spid:TT0000177B04,4,0,cnp,0.8615487962961197,1.1506282538175583,252,0.8378736674785614,189.0,4,7,9,12.0,21,low,False,uniform_random
Fosthiazate,spid:TT0000177B04,4,0,cnp,0.6533750295639038,0.8575547337532043,252,0.6565921306610107,192.0,4,7,9,12.0,21,low,False,model_disagreement
Fosthiazate,spid:TT0000177B04,4,1,interpolation,1.0971802473068237,1.0971802473068237,249,1.0971802473068237,249.0,4,7,9,9.0,21,high,False,none
Fosthiazate,spid:TT0000177B04,4,1,interpolation,0.6999441981315613,0.9221487045288086,249,0.7471328973770142,189.0,4,7,9,12.0,21,high,False,fixed_maximin
Fosthiazate,spid:TT0000177B04,4,1,interpolation,0.7568349391222,1.0094639211893082,249,0.8228852301836014,186.75,4,7,9,12.0,21,high,False,uniform_random
Fosthiazate,spid:TT0000177B04,4,1,interpolation,0.6999441981315613,0.9221487045288086,249,0.7471328973770142,189.0,4,7,9,12.0,21,high,False,model_disagreement
Fosthiazate,spid:TT0000177B04,4,1,anchorboost_all,1.192151553434753,1.192151553434753,249,1.192151553434753,249.0,4,7,9,9.0,21,high,False,none
Fosthiazate,spid:TT0000177B04,4,1,anchorboost_all,0.5623419596167474,0.7408632166379369,249,0.5702517867773453,189.0,4,7,9,12.0,21,high,False,fixed_maximin
Fosthiazate,spid:TT0000177B04,4,1,anchorboost_all,0.791926492295628,1.0571723073609296,249,0.8941136650760648,186.75,4,7,9,12.0,21,high,False,uniform_random
Fosthiazate,spid:TT0000177B04,4,1,anchorboost_all,0.5623419596167474,0.7408632166379369,249,0.5702517867773453,189.0,4,7,9,12.0,21,high,False,model_disagreement
Fosthiazate,spid:TT0000177B04,4,1,anchorboost_five,1.5375928168143842,1.5375928168143842,249,1.5375928168143842,249.0,4,7,9,9.0,21,high,False,none
Fosthiazate,spid:TT0000177B04,4,1,anchorboost_five,0.5450466414906714,0.7180773213289797,249,0.7111481862922701,189.0,4,7,9,12.0,21,high,False,fixed_maximin
Fosthiazate,spid:TT0000177B04,4,1,anchorboost_five,0.9094670056773302,1.2146168087239702,249,1.1531946126107882,186.75,4,7,9,12.0,21,high,False,uniform_random
Fosthiazate,spid:TT0000177B04,4,1,anchorboost_five,0.5450466414906714,0.7180773213289797,249,0.7111481862922701,189.0,4,7,9,12.0,21,high,False,model_disagreement
Fosthiazate,spid:TT0000177B04,4,1,cnp,1.0320370197296143,1.0320370197296143,249,1.0320370197296143,249.0,4,7,9,9.0,21,high,False,none
Fosthiazate,spid:TT0000177B04,4,1,cnp,0.6465321183204651,0.8517804145812988,249,0.6775290966033936,189.0,4,7,9,12.0,21,high,False,fixed_maximin
Fosthiazate,spid:TT0000177B04,4,1,cnp,0.7778210192918777,1.0378419756889343,249,0.7740277647972107,186.75,4,7,9,12.0,21,high,False,uniform_random
Fosthiazate,spid:TT0000177B04,4,1,cnp,0.6465321183204651,0.8517804145812988,249,0.6775290966033936,189.0,4,7,9,12.0,21,high,False,model_disagreement
Fosthiazate,spid:TT0000177B04,4,2,interpolation,1.0461705923080444,1.0461705923080444,252,1.0461705923080444,252.0,4,7,9,9.0,21,low,True,none
Fosthiazate,spid:TT0000177B04,4,2,interpolation,0.7313897609710693,0.9751864075660706,252,0.8127782344818115,189.0,4,7,9,12.0,21,low,True,fixed_maximin
Fosthiazate,spid:TT0000177B04,4,2,interpolation,0.7381795346736908,0.9842394143342972,252,0.7846279442310333,189.0,4,7,9,12.0,21,low,True,uniform_random
Fosthiazate,spid:TT0000177B04,4,2,interpolation,0.7313897609710693,0.9751864075660706,252,0.8127782344818115,189.0,4,7,9,12.0,21,low,True,model_disagreement
Fosthiazate,spid:TT0000177B04,4,2,anchorboost_all,0.8911683953342254,0.8911683953342254,252,0.8911683953342254,252.0,4,7,9,9.0,21,low,True,none
Fosthiazate,spid:TT0000177B04,4,2,anchorboost_all,0.6781667833539284,0.9042223778052378,252,0.7549799641174784,189.0,4,7,9,12.0,21,low,True,fixed_maximin
Fosthiazate,spid:TT0000177B04,4,2,anchorboost_all,0.6054865710647837,0.8073154280863781,252,0.6683762965006692,189.0,4,7,9,12.0,21,low,True,uniform_random
Fosthiazate,spid:TT0000177B04,4,2,anchorboost_all,0.6781667833539284,0.9042223778052378,252,0.7549799641174784,189.0,4,7,9,12.0,21,low,True,model_disagreement
Fosthiazate,spid:TT0000177B04,4,2,anchorboost_five,0.9210267189842579,0.9210267189842579,252,0.9210267189842579,252.0,4,7,9,9.0,21,low,True,none
Fosthiazate,spid:TT0000177B04,4,2,anchorboost_five,0.6904954652757647,0.9206606203676864,252,0.7699211979806319,189.0,4,7,9,12.0,21,low,True,fixed_maximin
Fosthiazate,spid:TT0000177B04,4,2,anchorboost_five,0.6085426744326076,0.8113902325768101,252,0.6907700392381934,189.0,4,7,9,12.0,21,low,True,uniform_random
Fosthiazate,spid:TT0000177B04,4,2,anchorboost_five,0.6904954652757647,0.9206606203676864,252,0.7699211979806319,189.0,4,7,9,12.0,21,low,True,model_disagreement
Fosthiazate,spid:TT0000177B04,4,2,cnp,0.8380444049835205,0.8380444049835205,252,0.8380444049835205,252.0,4,7,9,9.0,21,low,True,none
Fosthiazate,spid:TT0000177B04,4,2,cnp,0.6706628799438477,0.8942171931266785,252,0.7028120756149292,189.0,4,7,9,12.0,21,low,True,fixed_maximin
Fosthiazate,spid:TT0000177B04,4,2,cnp,0.6253727525472641,0.833830326795578,252,0.6285333186388016,189.0,4,7,9,12.0,21,low,True,uniform_random
Fosthiazate,spid:TT0000177B04,4,2,cnp,0.6706628799438477,0.8942171931266785,252,0.7028120756149292,189.0,4,7,9,12.0,21,low,True,model_disagreement
Fosthiazate,spid:TT0000177B04,4,3,interpolation,1.1692631244659424,1.1692631244659424,249,1.1692631244659424,249.0,4,7,9,9.0,21,high,False,none
Fosthiazate,spid:TT0000177B04,4,3,interpolation,0.8506897687911987,1.138826608657837,249,0.9330587983131409,186.0,4,7,9,12.0,21,high,False,fixed_maximin
Fosthiazate,spid:TT0000177B04,4,3,interpolation,0.8153417259454727,1.0874500274658203,249,0.8769473433494568,186.75,4,7,9,12.0,21,high,False,uniform_random
Fosthiazate,spid:TT0000177B04,4,3,interpolation,0.7634755373001099,1.00584876537323,249,0.8213061690330505,189.0,4,7,9,12.0,21,high,False,model_disagreement
Fosthiazate,spid:TT0000177B04,4,3,anchorboost_all,1.266845046886064,1.266845046886064,249,1.266845046886064,249.0,4,7,9,9.0,21,high,False,none
Fosthiazate,spid:TT0000177B04,4,3,anchorboost_all,0.8919322725079102,1.1940383648089767,249,1.1260476612424934,186.0,4,7,9,12.0,21,high,False,fixed_maximin
Fosthiazate,spid:TT0000177B04,4,3,anchorboost_all,0.7345129574181224,0.9801510374142581,249,0.9501337851645479,186.75,4,7,9,12.0,21,high,False,uniform_random
Fosthiazate,spid:TT0000177B04,4,3,anchorboost_all,0.5926892626154086,0.7808445840806176,249,0.664378998439801,189.0,4,7,9,12.0,21,high,False,model_disagreement
Fosthiazate,spid:TT0000177B04,4,3,anchorboost_five,1.2829290395280968,1.2829290395280968,249,1.2829290395280968,249.0,4,7,9,9.0,21,high,False,none
Fosthiazate,spid:TT0000177B04,4,3,anchorboost_five,1.1461004959715728,1.5342958252522667,249,1.1287521691970364,186.0,4,7,9,12.0,21,high,False,fixed_maximin
Fosthiazate,spid:TT0000177B04,4,3,anchorboost_five,0.8625259258815505,1.1514851296441002,249,0.9621967796460728,186.75,4,7,9,12.0,21,high,False,uniform_random
Fosthiazate,spid:TT0000177B04,4,3,anchorboost_five,0.5998626527600646,0.7902952409378627,249,0.6607803062129886,189.0,4,7,9,12.0,21,high,False,model_disagreement
Fosthiazate,spid:TT0000177B04,4,3,cnp,1.1775171756744385,1.1775171756744385,249,1.1775171756744385,249.0,4,7,9,9.0,21,high,False,none
Fosthiazate,spid:TT0000177B04,4,3,cnp,1.0447241067886353,1.3985822200775146,249,1.0379389524459839,186.0,4,7,9,12.0,21,high,False,fixed_maximin
Fosthiazate,spid:TT0000177B04,4,3,cnp,0.8556633144617081,1.1423585712909698,249,0.8831378370523453,186.75,4,7,9,12.0,21,high,False,uniform_random
Fosthiazate,spid:TT0000177B04,4,3,cnp,0.5884847640991211,0.7753052711486816,249,0.6384671330451965,189.0,4,7,9,12.0,21,high,False,model_disagreement
Fosthiazate,spid:TT0000177B04,4,4,interpolation,0.9409093856811523,0.9409093856811523,255,0.9409093856811523,255.0,4,7,9,9.0,21,low,True,none
Fosthiazate,spid:TT0000177B04,4,4,interpolation,0.6677297353744507,0.886828601360321,255,0.7278254628181458,192.0,4,7,9,12.0,21,low,True,fixed_maximin
Fosthiazate,spid:TT0000177B04,4,4,interpolation,0.7285089790821075,0.9715891778469086,255,0.7056820690631866,191.25,4,7,9,12.0,21,low,True,uniform_random
Fosthiazate,spid:TT0000177B04,4,4,interpolation,0.6677297353744507,0.886828601360321,255,0.7278254628181458,192.0,4,7,9,12.0,21,low,True,model_disagreement
Fosthiazate,spid:TT0000177B04,4,4,anchorboost_all,0.7877168811740116,0.7877168811740116,255,0.7877168811740116,255.0,4,7,9,9.0,21,low,True,none
Fosthiazate,spid:TT0000177B04,4,4,anchorboost_all,0.6265593290539735,0.8321491088998086,255,0.6396626312922449,192.0,4,7,9,12.0,21,low,True,fixed_maximin
Fosthiazate,spid:TT0000177B04,4,4,anchorboost_all,0.6142504976522767,0.8189394559984211,255,0.5907876608805086,191.25,4,7,9,12.0,21,low,True,uniform_random
Fosthiazate,spid:TT0000177B04,4,4,anchorboost_all,0.6265593290539735,0.8321491088998086,255,0.6396626312922449,192.0,4,7,9,12.0,21,low,True,model_disagreement
Fosthiazate,spid:TT0000177B04,4,4,anchorboost_five,0.7670540871129038,0.7670540871129038,255,0.7670540871129038,255.0,4,7,9,9.0,21,low,True,none
Fosthiazate,spid:TT0000177B04,4,4,anchorboost_five,0.6232779838004021,0.8277910722349091,255,0.6339270444504448,192.0,4,7,9,12.0,21,low,True,fixed_maximin
Fosthiazate,spid:TT0000177B04,4,4,anchorboost_five,0.6096504312861836,0.8128815405663093,255,0.5752905653346779,191.25,4,7,9,12.0,21,low,True,uniform_random
Fosthiazate,spid:TT0000177B04,4,4,anchorboost_five,0.6232779838004021,0.8277910722349091,255,0.6339270444504448,192.0,4,7,9,12.0,21,low,True,model_disagreement
Fosthiazate,spid:TT0000177B04,4,4,cnp,0.7884679436683655,0.7884679436683655,255,0.7884679436683655,255.0,4,7,9,9.0,21,low,True,none
Fosthiazate,spid:TT0000177B04,4,4,cnp,0.6456882953643799,0.8575547337532043,255,0.6538997292518616,192.0,4,7,9,12.0,21,low,True,fixed_maximin
Fosthiazate,spid:TT0000177B04,4,4,cnp,0.632686659693718,0.843466728925705,255,0.5913509726524353,191.25,4,7,9,12.0,21,low,True,uniform_random
Fosthiazate,spid:TT0000177B04,4,4,cnp,0.6456882953643799,0.8575547337532043,255,0.6538997292518616,192.0,4,7,9,12.0,21,low,True,model_disagreement
Heptachlor epoxide B,spid:EX000437,4,0,interpolation,2.137678623199463,2.137678623199463,243,2.137678623199463,243.0,4,7,18,18.0,42,low,False,none
Heptachlor epoxide B,spid:EX000437,4,0,interpolation,2.4480080604553223,2.9160096645355225,243,1.0225564241409302,204.0,4,7,18,24.0,42,low,False,fixed_maximin
Heptachlor epoxide B,spid:EX000437,4,0,interpolation,1.9325793087482452,2.5627182722091675,243,1.6032589077949524,182.25,4,7,18,24.0,42,low,False,uniform_random
Heptachlor epoxide B,spid:EX000437,4,0,interpolation,2.4480080604553223,2.9160096645355225,243,1.0225564241409302,204.0,4,7,18,24.0,42,low,False,model_disagreement
Heptachlor epoxide B,spid:EX000437,4,0,anchorboost_all,2.1944276384123707,2.1944276384123707,243,2.1944276384123707,243.0,4,7,18,18.0,42,low,False,none
Heptachlor epoxide B,spid:EX000437,4,0,anchorboost_all,2.4478105744367453,2.915774360726123,243,1.2231115378202906,204.0,4,7,18,24.0,42,low,False,fixed_maximin
Heptachlor epoxide B,spid:EX000437,4,0,anchorboost_all,1.8126577420049301,2.3962083839539066,243,1.6458207288092779,182.25,4,7,18,24.0,42,low,False,uniform_random
Heptachlor epoxide B,spid:EX000437,4,0,anchorboost_all,2.4478105744367453,2.915774360726123,243,1.2231115378202906,204.0,4,7,18,24.0,42,low,False,model_disagreement
Heptachlor epoxide B,spid:EX000437,4,0,anchorboost_five,2.246755628463246,2.246755628463246,243,2.246755628463246,243.0,4,7,18,18.0,42,low,False,none
Heptachlor epoxide B,spid:EX000437,4,0,anchorboost_five,2.32171535579868,2.7655727032307813,243,1.2954132997913992,204.0,4,7,18,24.0,42,low,False,fixed_maximin
Heptachlor epoxide B,spid:EX000437,4,0,anchorboost_five,1.7891048520926955,2.3697261540577252,243,1.6850667213474346,182.25,4,7,18,24.0,42,low,False,uniform_random
Heptachlor epoxide B,spid:EX000437,4,0,anchorboost_five,2.32171535579868,2.7655727032307813,243,1.2954132997913992,204.0,4,7,18,24.0,42,low,False,model_disagreement
Heptachlor epoxide B,spid:EX000437,4,0,cnp,1.785508394241333,1.785508394241333,243,1.785508394241333,243.0,4,7,18,18.0,42,low,False,none
Heptachlor epoxide B,spid:EX000437,4,0,cnp,1.9494954347610474,2.322193145751953,243,1.3741588592529297,204.0,4,7,18,24.0,42,low,False,fixed_maximin
Heptachlor epoxide B,spid:EX000437,4,0,cnp,1.3901974856853485,1.8341834098100662,243,1.3391313254833221,182.25,4,7,18,24.0,42,low,False,uniform_random
Heptachlor epoxide B,spid:EX000437,4,0,cnp,1.9494954347610474,2.322193145751953,243,1.3741588592529297,204.0,4,7,18,24.0,42,low,False,model_disagreement
Heptachlor epoxide B,spid:EX000437,4,1,interpolation,2.326860189437866,2.326860189437866,238,2.326860189437866,238.0,4,7,18,18.0,42,low,False,none
Heptachlor epoxide B,spid:EX000437,4,1,interpolation,1.434437870979309,1.7155590057373047,238,1.0651845932006836,199.0,4,7,18,24.0,42,low,False,fixed_maximin
Heptachlor epoxide B,spid:EX000437,4,1,interpolation,1.8288750052452087,2.4682271480560303,238,1.7451452016830444,178.5,4,7,18,24.0,42,low,False,uniform_random
Heptachlor epoxide B,spid:EX000437,4,1,interpolation,1.434437870979309,1.7155590057373047,238,1.0651845932006836,199.0,4,7,18,24.0,42,low,False,model_disagreement
Heptachlor epoxide B,spid:EX000437,4,1,anchorboost_all,2.0050833769031335,2.0050833769031335,238,2.0050833769031335,238.0,4,7,18,18.0,42,low,False,none
Heptachlor epoxide B,spid:EX000437,4,1,anchorboost_all,1.316140255967446,1.574077291056543,238,0.9877753756191495,199.0,4,7,18,24.0,42,low,False,fixed_maximin
Heptachlor epoxide B,spid:EX000437,4,1,anchorboost_all,1.579460538691541,2.12906441653549,238,1.5038125326773502,178.5,4,7,18,24.0,42,low,False,uniform_random
Heptachlor epoxide B,spid:EX000437,4,1,anchorboost_all,1.316140255967446,1.574077291056543,238,0.9877753756191495,199.0,4,7,18,24.0,42,low,False,model_disagreement
Heptachlor epoxide B,spid:EX000437,4,1,anchorboost_five,2.0506435508604888,2.0506435508604888,238,2.0506435508604888,238.0,4,7,18,18.0,42,low,False,none
Heptachlor epoxide B,spid:EX000437,4,1,anchorboost_five,1.3588394766760659,1.6251447007482593,238,1.0203255250231933,199.0,4,7,18,24.0,42,low,False,fixed_maximin
Heptachlor epoxide B,spid:EX000437,4,1,anchorboost_five,1.6165872617379233,2.1784721133125697,238,1.5379826631453666,178.5,4,7,18,24.0,42,low,False,uniform_random
Heptachlor epoxide B,spid:EX000437,4,1,anchorboost_five,1.3588394766760659,1.6251447007482593,238,1.0203255250231933,199.0,4,7,18,24.0,42,low,False,model_disagreement
Heptachlor epoxide B,spid:EX000437,4,1,cnp,2.032972812652588,2.032972812652588,238,2.032972812652588,238.0,4,7,18,18.0,42,low,False,none
Heptachlor epoxide B,spid:EX000437,4,1,cnp,1.1507861614227295,1.3763171434402466,238,0.9156619906425476,199.0,4,7,18,24.0,42,low,False,fixed_maximin
Heptachlor epoxide B,spid:EX000437,4,1,cnp,1.377366304397583,1.852293223142624,238,1.5247297137975693,178.5,4,7,18,24.0,42,low,False,uniform_random
Heptachlor epoxide B,spid:EX000437,4,1,cnp,1.1507861614227295,1.3763171434402466,238,0.9156619906425476,199.0,4,7,18,24.0,42,low,False,model_disagreement
Heptachlor epoxide B,spid:EX000437,4,2,interpolation,2.321058511734009,2.321058511734009,238,2.321058511734009,238.0,4,7,18,18.0,42,high,False,none
Heptachlor epoxide B,spid:EX000437,4,2,interpolation,2.11084246635437,2.95517897605896,238,2.0593433380126953,170.0,4,7,18,24.0,42,high,False,fixed_maximin
Heptachlor epoxide B,spid:EX000437,4,2,interpolation,1.9043184220790863,2.571010082960129,238,1.7407938838005066,178.5,4,7,18,24.0,42,high,False,uniform_random
Heptachlor epoxide B,spid:EX000437,4,2,interpolation,1.4286359548568726,1.7086199522018433,238,1.0593827962875366,199.0,4,7,18,24.0,42,high,False,model_disagreement
Heptachlor epoxide B,spid:EX000437,4,2,anchorboost_all,1.9628748781709495,1.9628748781709495,238,1.9628748781709495,238.0,4,7,18,18.0,42,high,False,none
Heptachlor epoxide B,spid:EX000437,4,2,anchorboost_all,1.8100300415814645,2.5340420582140504,238,1.7317664103091335,170.0,4,7,18,24.0,42,high,False,fixed_maximin
Heptachlor epoxide B,spid:EX000437,4,2,anchorboost_all,1.5757099205187688,2.123957286259915,238,1.4721561586282121,178.5,4,7,18,24.0,42,high,False,uniform_random
Heptachlor epoxide B,spid:EX000437,4,2,anchorboost_all,1.3045447359884517,1.5602092822374445,238,1.0112310779013718,199.0,4,7,18,24.0,42,high,False,model_disagreement
Heptachlor epoxide B,spid:EX000437,4,2,anchorboost_five,2.03425320609834,2.03425320609834,238,2.03425320609834,238.0,4,7,18,18.0,42,high,False,none
Heptachlor epoxide B,spid:EX000437,4,2,anchorboost_five,1.8673203731657255,2.6142485224320153,238,1.8064498461335268,170.0,4,7,18,24.0,42,high,False,fixed_maximin
Heptachlor epoxide B,spid:EX000437,4,2,anchorboost_five,1.6005115337678544,2.1561009504856457,238,1.5256899045737549,178.5,4,7,18,24.0,42,high,False,uniform_random
Heptachlor epoxide B,spid:EX000437,4,2,anchorboost_five,1.3549734960808801,1.6205210656645705,238,1.0471927407245674,199.0,4,7,18,24.0,42,high,False,model_disagreement
Heptachlor epoxide B,spid:EX000437,4,2,cnp,2.081214666366577,2.081214666366577,238,2.081214666366577,238.0,4,7,18,18.0,42,high,False,none
Heptachlor epoxide B,spid:EX000437,4,2,cnp,1.871268630027771,2.6197760105133057,238,1.8695135116577148,170.0,4,7,18,24.0,42,high,False,fixed_maximin
Heptachlor epoxide B,spid:EX000437,4,2,cnp,1.4257696270942688,1.9167530536651611,238,1.5609109103679657,178.5,4,7,18,24.0,42,high,False,uniform_random
Heptachlor epoxide B,spid:EX000437,4,2,cnp,1.1952165365219116,1.429455041885376,238,0.9741122722625732,199.0,4,7,18,24.0,42,high,False,model_disagreement
Heptachlor epoxide B,spid:EX000437,4,3,interpolation,2.190675973892212,2.190675973892212,238,2.190675973892212,238.0,4,7,18,18.0,42,low,False,none
Heptachlor epoxide B,spid:EX000437,4,3,interpolation,1.809508204460144,2.533311367034912,238,1.945564866065979,170.0,4,7,18,24.0,42,low,False,fixed_maximin
Heptachlor epoxide B,spid:EX000437,4,3,interpolation,1.5848075300455093,2.151442915201187,238,1.6430069357156754,178.5,4,7,18,24.0,42,low,False,uniform_random
Heptachlor epoxide B,spid:EX000437,4,3,interpolation,0.9915468096733093,1.1858700513839722,238,0.9915468096733093,199.0,4,7,18,24.0,42,low,False,model_disagreement
Heptachlor epoxide B,spid:EX000437,4,3,anchorboost_all,1.9313626371673343,1.9313626371673343,238,1.9313626371673343,238.0,4,7,18,18.0,42,low,False,none
Heptachlor epoxide B,spid:EX000437,4,3,anchorboost_all,1.652089724239287,2.312925613935002,238,1.7218124348155406,170.0,4,7,18,24.0,42,low,False,fixed_maximin
Heptachlor epoxide B,spid:EX000437,4,3,anchorboost_all,1.3768153685697777,1.8734558759698408,238,1.4485219778755005,178.5,4,7,18,24.0,42,low,False,uniform_random
Heptachlor epoxide B,spid:EX000437,4,3,anchorboost_all,0.7901487730384396,0.9450020501665761,238,0.8698941808497758,199.0,4,7,18,24.0,42,low,False,model_disagreement
Heptachlor epoxide B,spid:EX000437,4,3,anchorboost_five,1.929133274334805,1.929133274334805,238,1.929133274334805,238.0,4,7,18,18.0,42,low,False,none
Heptachlor epoxide B,spid:EX000437,4,3,anchorboost_five,1.641375335758763,2.297925470062268,238,1.7195686272933055,170.0,4,7,18,24.0,42,low,False,fixed_maximin
Heptachlor epoxide B,spid:EX000437,4,3,anchorboost_five,1.3860895850036243,1.8848554030843985,238,1.446849955751104,178.5,4,7,18,24.0,42,low,False,uniform_random
Heptachlor epoxide B,spid:EX000437,4,3,anchorboost_five,0.8194036285872863,0.9799902693656992,238,0.8706717378633643,199.0,4,7,18,24.0,42,low,False,model_disagreement
Heptachlor epoxide B,spid:EX000437,4,3,cnp,0.9539811015129089,0.9539811015129089,238,0.9539811015129089,238.0,4,7,18,18.0,42,low,False,none
Heptachlor epoxide B,spid:EX000437,4,3,cnp,0.7261441946029663,1.016601800918579,238,0.7906673550605774,170.0,4,7,18,24.0,42,low,False,fixed_maximin
Heptachlor epoxide B,spid:EX000437,4,3,cnp,0.715790644288063,0.957319512963295,238,0.7154858261346817,178.5,4,7,18,24.0,42,low,False,uniform_random
Heptachlor epoxide B,spid:EX000437,4,3,cnp,0.755211353302002,0.9032175540924072,238,0.752517819404602,199.0,4,7,18,24.0,42,low,False,model_disagreement
Heptachlor epoxide B,spid:EX000437,4,4,interpolation,2.0889148712158203,2.0889148712158203,272,2.0889148712158203,272.0,4,7,18,18.0,42,high,True,none
Heptachlor epoxide B,spid:EX000437,4,4,interpolation,1.627223014831543,2.169630765914917,272,1.6208945512771606,204.0,4,7,18,24.0,42,high,True,fixed_maximin
Heptachlor epoxide B,spid:EX000437,4,4,interpolation,1.4461128562688828,1.9281506538391113,272,1.56668621301651,204.0,4,7,18,24.0,42,high,True,uniform_random
Heptachlor epoxide B,spid:EX000437,4,4,interpolation,0.9094855189323425,1.2126474380493164,272,1.1954984664916992,204.0,4,7,18,24.0,42,high,True,model_disagreement
Heptachlor epoxide B,spid:EX000437,4,4,anchorboost_all,1.7908388850486543,1.7908388850486543,272,1.7908388850486543,272.0,4,7,18,18.0,42,high,True,none
Heptachlor epoxide B,spid:EX000437,4,4,anchorboost_all,1.5918564415143348,2.122475255352446,272,1.5307866722957826,204.0,4,7,18,24.0,42,high,True,fixed_maximin
Heptachlor epoxide B,spid:EX000437,4,4,anchorboost_all,1.2257448175424248,1.6343264233898995,272,1.3431291637864908,204.0,4,7,18,24.0,42,high,True,uniform_random
Heptachlor epoxide B,spid:EX000437,4,4,anchorboost_all,0.7029853923932705,0.9373138565243606,272,0.9252854698482627,204.0,4,7,18,24.0,42,high,True,model_disagreement
Heptachlor epoxide B,spid:EX000437,4,4,anchorboost_five,1.7970432083937518,1.7970432083937518,272,1.7970432083937518,272.0,4,7,18,18.0,42,high,True,none
Heptachlor epoxide B,spid:EX000437,4,4,anchorboost_five,1.5628811525070923,2.0838415366761227,272,1.522429488308527,204.0,4,7,18,24.0,42,high,True,fixed_maximin
Heptachlor epoxide B,spid:EX000437,4,4,anchorboost_five,1.2423214235505506,1.6564285647340673,272,1.3477824062953139,204.0,4,7,18,24.0,42,high,True,uniform_random
Heptachlor epoxide B,spid:EX000437,4,4,anchorboost_five,0.6964548689278947,0.9286064919038595,272,0.9214120652911755,204.0,4,7,18,24.0,42,high,True,model_disagreement
Heptachlor epoxide B,spid:EX000437,4,4,cnp,1.8531540632247925,1.8531540632247925,272,1.8531540632247925,272.0,4,7,18,18.0,42,high,True,none
Heptachlor epoxide B,spid:EX000437,4,4,cnp,1.5715906620025635,2.095453977584839,272,1.5494450330734253,204.0,4,7,18,24.0,42,high,True,fixed_maximin
Heptachlor epoxide B,spid:EX000437,4,4,cnp,1.256382405757904,1.6751765608787537,272,1.3898655474185944,204.0,4,7,18,24.0,42,high,True,uniform_random
Heptachlor epoxide B,spid:EX000437,4,4,cnp,0.760765552520752,1.0143541097640991,272,0.9631713628768921,204.0,4,7,18,24.0,42,high,True,model_disagreement
Imidacloprid,spid:EX000526,4,0,interpolation,1.0494887828826904,1.0494887828826904,272,1.0494887828826904,272.0,4,7,9,9.0,21,low,False,none
Imidacloprid,spid:EX000526,4,0,interpolation,0.7475944757461548,0.9967926144599915,272,0.7475944757461548,204.0,4,7,9,12.0,21,low,False,fixed_maximin
Imidacloprid,spid:EX000526,4,0,interpolation,0.7868076860904694,1.04907688498497,272,0.7871165424585342,204.0,4,7,9,12.0,21,low,False,uniform_random
Imidacloprid,spid:EX000526,4,0,interpolation,0.6887232661247253,0.9182977080345154,272,0.6887232661247253,204.0,4,7,9,12.0,21,low,False,model_disagreement
Imidacloprid,spid:EX000526,4,0,anchorboost_all,1.0365001897006039,1.0365001897006039,272,1.0365001897006039,272.0,4,7,9,9.0,21,low,False,none
Imidacloprid,spid:EX000526,4,0,anchorboost_all,0.8207920454801044,1.0943893939734726,272,0.83265041637648,204.0,4,7,9,12.0,21,low,False,fixed_maximin
Imidacloprid,spid:EX000526,4,0,anchorboost_all,0.7669559646835296,1.0226079529113727,272,0.7773751422754529,204.0,4,7,9,12.0,21,low,False,uniform_random
Imidacloprid,spid:EX000526,4,0,anchorboost_all,0.5632256138301832,0.750967485106911,272,0.6084179096002437,204.0,4,7,9,12.0,21,low,False,model_disagreement
Imidacloprid,spid:EX000526,4,0,anchorboost_five,1.0817606352348261,1.0817606352348261,272,1.0817606352348261,272.0,4,7,9,9.0,21,low,False,none
Imidacloprid,spid:EX000526,4,0,anchorboost_five,0.8700716094382563,1.1600954792510083,272,0.8892390689602622,204.0,4,7,9,12.0,21,low,False,fixed_maximin
Imidacloprid,spid:EX000526,4,0,anchorboost_five,0.7902437846913779,1.053658379588504,272,0.8113204764261196,204.0,4,7,9,12.0,21,low,False,uniform_random
Imidacloprid,spid:EX000526,4,0,anchorboost_five,0.5702502367367194,0.7603336489822923,272,0.629919830908416,204.0,4,7,9,12.0,21,low,False,model_disagreement
Imidacloprid,spid:EX000526,4,0,cnp,0.9559612274169922,0.9559612274169922,272,0.9559612274169922,272.0,4,7,9,9.0,21,low,False,none
Imidacloprid,spid:EX000526,4,0,cnp,0.7612729072570801,1.0150306224822998,272,0.7477399110794067,204.0,4,7,9,12.0,21,low,False,fixed_maximin
Imidacloprid,spid:EX000526,4,0,cnp,0.7139447182416916,0.9519263505935669,272,0.7169709354639053,204.0,4,7,9,12.0,21,low,False,uniform_random
Imidacloprid,spid:EX000526,4,0,cnp,0.5887748003005981,0.7850330471992493,272,0.587088406085968,204.0,4,7,9,12.0,21,low,False,model_disagreement
Imidacloprid,spid:EX000526,4,1,interpolation,1.0412981510162354,1.0412981510162354,272,1.0412981510162354,272.0,4,7,9,9.0,21,low,False,none
Imidacloprid,spid:EX000526,4,1,interpolation,0.7694436311721802,1.025924801826477,272,0.8380118608474731,204.0,4,7,9,12.0,21,low,False,fixed_maximin
Imidacloprid,spid:EX000526,4,1,interpolation,0.7449237108230591,0.9932316094636917,272,0.7809735834598541,204.0,4,7,9,12.0,21,low,False,uniform_random
Imidacloprid,spid:EX000526,4,1,interpolation,0.680532693862915,0.9073768854141235,272,0.680532693862915,204.0,4,7,9,12.0,21,low,False,model_disagreement
Imidacloprid,spid:EX000526,4,1,anchorboost_all,1.0740034556996934,1.0740034556996934,272,1.0740034556996934,272.0,4,7,9,9.0,21,low,False,none
Imidacloprid,spid:EX000526,4,1,anchorboost_all,0.852297462527496,1.136396616703328,272,0.8942427770117436,204.0,4,7,9,12.0,21,low,False,fixed_maximin
Imidacloprid,spid:EX000526,4,1,anchorboost_all,0.7518737095288599,1.0024982793718131,272,0.80550259177477,204.0,4,7,9,12.0,21,low,False,uniform_random
Imidacloprid,spid:EX000526,4,1,anchorboost_all,0.5897756269990253,0.786367502665367,272,0.6423052615362479,204.0,4,7,9,12.0,21,low,False,model_disagreement
Imidacloprid,spid:EX000526,4,1,anchorboost_five,1.1172179331012553,1.1172179331012553,272,1.1172179331012553,272.0,4,7,9,9.0,21,low,False,none
Imidacloprid,spid:EX000526,4,1,anchorboost_five,0.8870984491478092,1.1827979321970792,272,0.9237520173129721,204.0,4,7,9,12.0,21,low,False,fixed_maximin
Imidacloprid,spid:EX000526,4,1,anchorboost_five,0.7812416147961347,1.0416554863948462,272,0.8379134498259415,204.0,4,7,9,12.0,21,low,False,uniform_random
Imidacloprid,spid:EX000526,4,1,anchorboost_five,0.586500921744264,0.782001228992352,272,0.6545887902618533,204.0,4,7,9,12.0,21,low,False,model_disagreement
Imidacloprid,spid:EX000526,4,1,cnp,1.088246464729309,1.088246464729309,272,1.088246464729309,272.0,4,7,9,9.0,21,low,False,none
Imidacloprid,spid:EX000526,4,1,cnp,0.7796698212623596,1.0395597219467163,272,0.873556911945343,204.0,4,7,9,12.0,21,low,False,fixed_maximin
Imidacloprid,spid:EX000526,4,1,cnp,0.7387167513370514,0.984955683350563,272,0.8161849230527878,204.0,4,7,9,12.0,21,low,False,uniform_random
Imidacloprid,spid:EX000526,4,1,cnp,0.6515287756919861,0.8687049746513367,272,0.6953890323638916,204.0,4,7,9,12.0,21,low,False,model_disagreement
Imidacloprid,spid:EX000526,4,2,interpolation,1.1279503107070923,1.1279503107070923,272,1.1279503107070923,272.0,4,7,9,9.0,21,low,False,none
Imidacloprid,spid:EX000526,4,2,interpolation,0.760299801826477,1.0137330293655396,272,0.7480120062828064,204.0,4,7,9,12.0,21,low,False,fixed_maximin
Imidacloprid,spid:EX000526,4,2,interpolation,0.8176355808973312,1.09018075466156,272,0.8459627330303192,204.0,4,7,9,12.0,21,low,False,uniform_random
Imidacloprid,spid:EX000526,4,2,interpolation,0.760299801826477,1.0137330293655396,272,0.7480120062828064,204.0,4,7,9,12.0,21,low,False,model_disagreement
Imidacloprid,spid:EX000526,4,2,anchorboost_all,1.2523902029641603,1.2523902029641603,272,1.2523902029641603,272.0,4,7,9,9.0,21,low,False,none
Imidacloprid,spid:EX000526,4,2,anchorboost_all,0.7222900662460984,0.9630534216614645,272,0.7092822559575138,204.0,4,7,9,12.0,21,low,False,fixed_maximin
Imidacloprid,spid:EX000526,4,2,anchorboost_all,0.9811219176407946,1.3081625568543926,272,0.9392926522231202,204.0,4,7,9,12.0,21,low,False,uniform_random
Imidacloprid,spid:EX000526,4,2,anchorboost_all,0.7222900662460984,0.9630534216614645,272,0.7092822559575138,204.0,4,7,9,12.0,21,low,False,model_disagreement
Imidacloprid,spid:EX000526,4,2,anchorboost_five,1.4246424794152843,1.4246424794152843,272,1.4246424794152843,272.0,4,7,9,9.0,21,low,False,none
Imidacloprid,spid:EX000526,4,2,anchorboost_five,0.7183445399855993,0.9577927199807991,272,0.743422745448958,204.0,4,7,9,12.0,21,low,False,fixed_maximin
Imidacloprid,spid:EX000526,4,2,anchorboost_five,0.985719539882078,1.3142927198427705,272,1.0684818595614631,204.0,4,7,9,12.0,21,low,False,uniform_random
Imidacloprid,spid:EX000526,4,2,anchorboost_five,0.7183445399855993,0.9577927199807991,272,0.743422745448958,204.0,4,7,9,12.0,21,low,False,model_disagreement
Imidacloprid,spid:EX000526,4,2,cnp,1.2609721422195435,1.2609721422195435,272,1.2609721422195435,272.0,4,7,9,9.0,21,low,False,none
Imidacloprid,spid:EX000526,4,2,cnp,0.7108966708183289,0.9478622078895569,272,0.6942873001098633,204.0,4,7,9,12.0,21,low,False,fixed_maximin
Imidacloprid,spid:EX000526,4,2,cnp,0.8316754698753357,1.1089005917310715,272,0.9457291066646576,204.0,4,7,9,12.0,21,low,False,uniform_random
Imidacloprid,spid:EX000526,4,2,cnp,0.7108966708183289,0.9478622078895569,272,0.6942873001098633,204.0,4,7,9,12.0,21,low,False,model_disagreement
Imidacloprid,spid:EX000526,4,3,interpolation,1.042937994003296,1.042937994003296,272,1.042937994003296,272.0,4,7,9,9.0,21,low,True,none
Imidacloprid,spid:EX000526,4,3,interpolation,0.7385404109954834,0.9847205877304077,272,0.7817763090133667,204.0,4,7,9,12.0,21,low,True,fixed_maximin
Imidacloprid,spid:EX000526,4,3,interpolation,0.7470683008432388,0.9960910975933075,272,0.7822035402059555,204.0,4,7,9,12.0,21,low,True,uniform_random
Imidacloprid,spid:EX000526,4,3,interpolation,0.6887232661247253,0.9182977080345154,272,0.7536385655403137,204.0,4,7,9,12.0,21,low,True,model_disagreement
Imidacloprid,spid:EX000526,4,3,anchorboost_all,0.7917068994892482,0.7917068994892482,272,0.7917068994892482,272.0,4,7,9,9.0,21,low,True,none
Imidacloprid,spid:EX000526,4,3,anchorboost_all,0.510728213975426,0.6809709519672348,272,0.5233920105722811,204.0,4,7,9,12.0,21,low,True,fixed_maximin
Imidacloprid,spid:EX000526,4,3,anchorboost_all,0.6039889742526527,0.8053186323368704,272,0.5937801746169362,204.0,4,7,9,12.0,21,low,True,uniform_random
Imidacloprid,spid:EX000526,4,3,anchorboost_all,0.5632256138301832,0.750967485106911,272,0.5766659098653806,204.0,4,7,9,12.0,21,low,True,model_disagreement
Imidacloprid,spid:EX000526,4,3,anchorboost_five,0.8317612832222359,0.8317612832222359,272,0.8317612832222359,272.0,4,7,9,9.0,21,low,True,none
Imidacloprid,spid:EX000526,4,3,anchorboost_five,0.5254640218550065,0.7006186958066754,272,0.5585359991148069,204.0,4,7,9,12.0,21,low,True,fixed_maximin
Imidacloprid,spid:EX000526,4,3,anchorboost_five,0.6097936760359386,0.8130582347145847,272,0.6238209624166768,204.0,4,7,9,12.0,21,low,True,uniform_random
Imidacloprid,spid:EX000526,4,3,anchorboost_five,0.5702502367367194,0.7603336489822923,272,0.6090519674649653,204.0,4,7,9,12.0,21,low,True,model_disagreement
Imidacloprid,spid:EX000526,4,3,cnp,0.9032690525054932,0.9032690525054932,272,0.9032690525054932,272.0,4,7,9,9.0,21,low,True,none
Imidacloprid,spid:EX000526,4,3,cnp,0.5871790647506714,0.7829053997993469,272,0.6434828639030457,204.0,4,7,9,12.0,21,low,True,fixed_maximin
Imidacloprid,spid:EX000526,4,3,cnp,0.6403924822807312,0.8538565784692764,272,0.6774517744779587,204.0,4,7,9,12.0,21,low,True,uniform_random
Imidacloprid,spid:EX000526,4,3,cnp,0.5887748003005981,0.7850330471992493,272,0.6394823789596558,204.0,4,7,9,12.0,21,low,True,model_disagreement
Imidacloprid,spid:EX000526,4,4,interpolation,0.9824268221855164,0.9824268221855164,272,0.9824268221855164,272.0,4,7,9,9.0,21,low,True,none
Imidacloprid,spid:EX000526,4,4,interpolation,0.7105724811553955,0.947429895401001,272,0.7791405916213989,204.0,4,7,9,12.0,21,low,True,fixed_maximin
Imidacloprid,spid:EX000526,4,4,interpolation,0.700770303606987,0.9343603849411011,272,0.7368201464414597,204.0,4,7,9,12.0,21,low,True,uniform_random
Imidacloprid,spid:EX000526,4,4,interpolation,0.680532693862915,0.9073768854141235,272,0.680532693862915,204.0,4,7,9,12.0,21,low,True,model_disagreement
Imidacloprid,spid:EX000526,4,4,anchorboost_all,0.7591281686728342,0.7591281686728342,272,0.7591281686728342,272.0,4,7,9,9.0,21,low,True,none
Imidacloprid,spid:EX000526,4,4,anchorboost_all,0.5956028319756026,0.7941371093008035,272,0.6002603599397793,204.0,4,7,9,12.0,21,low,True,fixed_maximin
Imidacloprid,spid:EX000526,4,4,anchorboost_all,0.5642137973636742,0.7522850631515656,272,0.5693461265046256,204.0,4,7,9,12.0,21,low,True,uniform_random
Imidacloprid,spid:EX000526,4,4,anchorboost_all,0.5897756269990253,0.786367502665367,272,0.5814612332864957,204.0,4,7,9,12.0,21,low,True,model_disagreement
Imidacloprid,spid:EX000526,4,4,anchorboost_five,0.7572505194619199,0.7572505194619199,272,0.7572505194619199,272.0,4,7,9,9.0,21,low,True,none
Imidacloprid,spid:EX000526,4,4,anchorboost_five,0.5885492775509304,0.7847323700679073,272,0.5918059296163508,204.0,4,7,9,12.0,21,low,True,fixed_maximin
Imidacloprid,spid:EX000526,4,4,anchorboost_five,0.5681828202691541,0.7575770936922055,272,0.56793788959644,204.0,4,7,9,12.0,21,low,True,uniform_random
Imidacloprid,spid:EX000526,4,4,anchorboost_five,0.5865009217442642,0.782001228992352,272,0.5777930298907776,204.0,4,7,9,12.0,21,low,True,model_disagreement
Imidacloprid,spid:EX000526,4,4,cnp,0.857360303401947,0.857360303401947,272,0.857360303401947,272.0,4,7,9,9.0,21,low,True,none
Imidacloprid,spid:EX000526,4,4,cnp,0.6126542687416077,0.8168724179267883,272,0.6673296093940735,204.0,4,7,9,12.0,21,low,True,fixed_maximin
Imidacloprid,spid:EX000526,4,4,cnp,0.6073135882616043,0.8097514510154724,272,0.6430202126502991,204.0,4,7,9,12.0,21,low,True,uniform_random
Imidacloprid,spid:EX000526,4,4,cnp,0.6515287756919861,0.8687049746513367,272,0.6408103704452515,204.0,4,7,9,12.0,21,low,True,model_disagreement
Isodecyl diphenyl phosphate,spid:EX000337,4,0,interpolation,0.7519121766090393,0.7519121766090393,272,0.7519121766090393,272.0,4,7,9,9.0,21,low,True,none
Isodecyl diphenyl phosphate,spid:EX000337,4,0,interpolation,0.5327950119972229,0.7103932499885559,272,0.5114874839782715,204.0,4,7,9,12.0,21,low,True,fixed_maximin
Isodecyl diphenyl phosphate,spid:EX000337,4,0,interpolation,0.5815274864435196,0.7753699272871017,272,0.5639341622591019,204.0,4,7,9,12.0,21,low,True,uniform_random
Isodecyl diphenyl phosphate,spid:EX000337,4,0,interpolation,0.5536069869995117,0.7381425499916077,272,0.5536069869995117,204.0,4,7,9,12.0,21,low,True,model_disagreement
Isodecyl diphenyl phosphate,spid:EX000337,4,0,anchorboost_all,0.6688677920795586,0.6688677920795586,272,0.6688677920795586,272.0,4,7,9,9.0,21,low,True,none
Isodecyl diphenyl phosphate,spid:EX000337,4,0,anchorboost_all,0.5074457227460387,0.6765942969947184,272,0.4870952077072695,204.0,4,7,9,12.0,21,low,True,fixed_maximin
Isodecyl diphenyl phosphate,spid:EX000337,4,0,anchorboost_all,0.5045064390883974,0.6726752521178632,272,0.5016508440596689,204.0,4,7,9,12.0,21,low,True,uniform_random
Isodecyl diphenyl phosphate,spid:EX000337,4,0,anchorboost_all,0.46073456100048854,0.6143127480006514,272,0.46111729227535453,204.0,4,7,9,12.0,21,low,True,model_disagreement
Isodecyl diphenyl phosphate,spid:EX000337,4,0,anchorboost_five,0.6596839132931708,0.6596839132931708,272,0.6596839132931708,272.0,4,7,9,9.0,21,low,True,none
Isodecyl diphenyl phosphate,spid:EX000337,4,0,anchorboost_five,0.5085337226876192,0.6780449635834923,272,0.4901691920568548,204.0,4,7,9,12.0,21,low,True,fixed_maximin
Isodecyl diphenyl phosphate,spid:EX000337,4,0,anchorboost_five,0.5018634040142189,0.6691512053522919,272,0.4947629349698781,204.0,4,7,9,12.0,21,low,True,uniform_random
Isodecyl diphenyl phosphate,spid:EX000337,4,0,anchorboost_five,0.4585010742120433,0.6113347656160577,272,0.4537442789863405,204.0,4,7,9,12.0,21,low,True,model_disagreement
Isodecyl diphenyl phosphate,spid:EX000337,4,0,cnp,0.6643204689025879,0.6643204689025879,272,0.6643204689025879,272.0,4,7,9,9.0,21,low,True,none
Isodecyl diphenyl phosphate,spid:EX000337,4,0,cnp,0.5174487829208374,0.6899316906929016,272,0.5022304058074951,204.0,4,7,9,12.0,21,low,True,fixed_maximin
Isodecyl diphenyl phosphate,spid:EX000337,4,0,cnp,0.5003421381115913,0.6671228557825089,272,0.49824031442403793,204.0,4,7,9,12.0,21,low,True,uniform_random
Isodecyl diphenyl phosphate,spid:EX000337,4,0,cnp,0.4845541715621948,0.6460722088813782,272,0.4794358015060425,204.0,4,7,9,12.0,21,low,True,model_disagreement
Isodecyl diphenyl phosphate,spid:EX000337,4,1,interpolation,0.8953802585601807,0.8953802585601807,267,0.8953802585601807,267.0,4,7,9,9.0,21,low,False,none
Isodecyl diphenyl phosphate,spid:EX000337,4,1,interpolation,0.5520002841949463,0.740623414516449,267,0.662839949131012,199.0,4,7,9,12.0,21,low,False,fixed_maximin
Isodecyl diphenyl phosphate,spid:EX000337,4,1,interpolation,0.5847505331039429,0.7788033187389374,267,0.6715351641178131,200.25,4,7,9,12.0,21,low,False,uniform_random
Isodecyl diphenyl phosphate,spid:EX000337,4,1,interpolation,0.7008007764816284,0.9172245264053345,267,0.7008007764816284,204.0,4,7,9,12.0,21,low,False,model_disagreement
Isodecyl diphenyl phosphate,spid:EX000337,4,1,anchorboost_all,0.7227818738183647,0.7227818738183647,267,0.7227818738183647,267.0,4,7,9,9.0,21,low,False,none
Isodecyl diphenyl phosphate,spid:EX000337,4,1,anchorboost_all,0.5104176578622577,0.6848317319056422,267,0.5525725526063372,199.0,4,7,9,12.0,21,low,False,fixed_maximin
Isodecyl diphenyl phosphate,spid:EX000337,4,1,anchorboost_all,0.5018189407752723,0.6688243119914926,267,0.5420864053637735,200.25,4,7,9,12.0,21,low,False,uniform_random
Isodecyl diphenyl phosphate,spid:EX000337,4,1,anchorboost_all,0.5437671806468978,0.7116952805525574,267,0.5598713336796938,204.0,4,7,9,12.0,21,low,False,model_disagreement
Isodecyl diphenyl phosphate,spid:EX000337,4,1,anchorboost_five,0.7214848911979685,0.7214848911979685,267,0.7214848911979685,267.0,4,7,9,9.0,21,low,False,none
Isodecyl diphenyl phosphate,spid:EX000337,4,1,anchorboost_five,0.5128346866222269,0.6880746800408772,267,0.5534557696992013,199.0,4,7,9,12.0,21,low,False,fixed_maximin
Isodecyl diphenyl phosphate,spid:EX000337,4,1,anchorboost_five,0.5094336852206884,0.678873989985821,267,0.5411136683984763,200.25,4,7,9,12.0,21,low,False,uniform_random
Isodecyl diphenyl phosphate,spid:EX000337,4,1,anchorboost_five,0.5640912932915914,0.7382959573963476,267,0.5594358256164995,204.0,4,7,9,12.0,21,low,False,model_disagreement
Isodecyl diphenyl phosphate,spid:EX000337,4,1,cnp,0.9065336585044861,0.9065336585044861,267,0.9065336585044861,267.0,4,7,9,9.0,21,low,False,none
Isodecyl diphenyl phosphate,spid:EX000337,4,1,cnp,0.7390013337135315,0.9915243983268738,267,0.7567792534828186,199.0,4,7,9,12.0,21,low,False,fixed_maximin
Isodecyl diphenyl phosphate,spid:EX000337,4,1,cnp,0.6548525243997574,0.874375507235527,267,0.6799002140760422,200.25,4,7,9,12.0,21,low,False,uniform_random
Isodecyl diphenyl phosphate,spid:EX000337,4,1,cnp,0.5164299011230469,0.6759155988693237,267,0.5134105682373047,204.0,4,7,9,12.0,21,low,False,model_disagreement
Isodecyl diphenyl phosphate,spid:EX000337,4,2,interpolation,0.9314069151878357,0.9314069151878357,272,0.9314069151878357,272.0,4,7,9,9.0,21,low,True,none
Isodecyl diphenyl phosphate,spid:EX000337,4,2,interpolation,0.5943390130996704,0.7924520373344421,272,0.7031412720680237,204.0,4,7,9,12.0,21,low,True,fixed_maximin
Isodecyl diphenyl phosphate,spid:EX000337,4,2,interpolation,0.6133658289909363,0.8178211152553558,272,0.6985551863908768,204.0,4,7,9,12.0,21,low,True,uniform_random
Isodecyl diphenyl phosphate,spid:EX000337,4,2,interpolation,0.561606764793396,0.7488089799880981,272,0.6722498536109924,204.0,4,7,9,12.0,21,low,True,model_disagreement
Isodecyl diphenyl phosphate,spid:EX000337,4,2,anchorboost_all,0.7360154513567757,0.7360154513567757,272,0.7360154513567757,272.0,4,7,9,9.0,21,low,True,none
Isodecyl diphenyl phosphate,spid:EX000337,4,2,anchorboost_all,0.5172872989361249,0.6897163985815,272,0.5625650702737075,204.0,4,7,9,12.0,21,low,True,fixed_maximin
Isodecyl diphenyl phosphate,spid:EX000337,4,2,anchorboost_all,0.5170856081858887,0.6894474775811849,272,0.5520115885175818,204.0,4,7,9,12.0,21,low,True,uniform_random
Isodecyl diphenyl phosphate,spid:EX000337,4,2,anchorboost_all,0.4806647361305951,0.6408863148407935,272,0.5234363978509563,204.0,4,7,9,12.0,21,low,True,model_disagreement
Isodecyl diphenyl phosphate,spid:EX000337,4,2,anchorboost_five,0.7491498101375821,0.7491498101375821,272,0.7491498101375821,272.0,4,7,9,9.0,21,low,True,none
Isodecyl diphenyl phosphate,spid:EX000337,4,2,anchorboost_five,0.5180674749276372,0.6907566332368494,272,0.5721072670697573,204.0,4,7,9,12.0,21,low,True,fixed_maximin
Isodecyl diphenyl phosphate,spid:EX000337,4,2,anchorboost_five,0.5276521946864687,0.7035362595819583,272,0.5618623576031866,204.0,4,7,9,12.0,21,low,True,uniform_random
Isodecyl diphenyl phosphate,spid:EX000337,4,2,anchorboost_five,0.4868515238189437,0.6491353650919248,272,0.522603905088267,204.0,4,7,9,12.0,21,low,True,model_disagreement
Isodecyl diphenyl phosphate,spid:EX000337,4,2,cnp,0.6827635765075684,0.6827635765075684,272,0.6827635765075684,272.0,4,7,9,9.0,21,low,True,none
Isodecyl diphenyl phosphate,spid:EX000337,4,2,cnp,0.4935157001018524,0.6580209136009216,272,0.5296287536621094,204.0,4,7,9,12.0,21,low,True,fixed_maximin
Isodecyl diphenyl phosphate,spid:EX000337,4,2,cnp,0.488377183675766,0.6511695683002472,272,0.5120726674795151,204.0,4,7,9,12.0,21,low,True,uniform_random
Isodecyl diphenyl phosphate,spid:EX000337,4,2,cnp,0.455863356590271,0.6078178286552429,272,0.48387134075164795,204.0,4,7,9,12.0,21,low,True,model_disagreement
Isodecyl diphenyl phosphate,spid:EX000337,4,3,interpolation,0.7846348881721497,0.7846348881721497,267,0.7846348881721497,267.0,4,7,9,9.0,21,low,False,none
Isodecyl diphenyl phosphate,spid:EX000337,4,3,interpolation,0.517659604549408,0.6945482492446899,267,0.5327432751655579,199.0,4,7,9,12.0,21,low,False,fixed_maximin
Isodecyl diphenyl phosphate,spid:EX000337,4,3,interpolation,0.5837443768978119,0.7783637791872025,267,0.5884761214256287,200.25,4,7,9,12.0,21,low,False,uniform_random
Isodecyl diphenyl phosphate,spid:EX000337,4,3,interpolation,0.5900553464889526,0.772278368473053,267,0.5900553464889526,204.0,4,7,9,12.0,21,low,False,model_disagreement
Isodecyl diphenyl phosphate,spid:EX000337,4,3,anchorboost_all,0.635612020384904,0.635612020384904,267,0.635612020384904,267.0,4,7,9,9.0,21,low,False,none
Isodecyl diphenyl phosphate,spid:EX000337,4,3,anchorboost_all,0.4687785934508109,0.6289642434742035,267,0.4598785062733396,199.0,4,7,9,12.0,21,low,False,fixed_maximin
Isodecyl diphenyl phosphate,spid:EX000337,4,3,anchorboost_all,0.4816416365267854,0.6423716687892629,267,0.47670901528867804,200.25,4,7,9,12.0,21,low,False,uniform_random
Isodecyl diphenyl phosphate,spid:EX000337,4,3,anchorboost_all,0.46842364695739486,0.6130838908707079,267,0.46230666470983134,204.0,4,7,9,12.0,21,low,False,model_disagreement
Isodecyl diphenyl phosphate,spid:EX000337,4,3,anchorboost_five,0.6231719704845494,0.6231719704845494,267,0.6231719704845494,267.0,4,7,9,9.0,21,low,False,none
Isodecyl diphenyl phosphate,spid:EX000337,4,3,anchorboost_five,0.46938412981294125,0.6297766967841976,267,0.45872494072518444,199.0,4,7,9,12.0,21,low,False,fixed_maximin
Isodecyl diphenyl phosphate,spid:EX000337,4,3,anchorboost_five,0.4719956831839614,0.6294744484029132,267,0.46737897786341215,200.25,4,7,9,12.0,21,low,False,uniform_random
Isodecyl diphenyl phosphate,spid:EX000337,4,3,anchorboost_five,0.46296978067220446,0.6059457423503852,267,0.4572243472525143,204.0,4,7,9,12.0,21,low,False,model_disagreement
Isodecyl diphenyl phosphate,spid:EX000337,4,3,cnp,0.790734589099884,0.790734589099884,267,0.790734589099884,267.0,4,7,9,9.0,21,low,False,none
Isodecyl diphenyl phosphate,spid:EX000337,4,3,cnp,0.6734581589698792,0.9035845398902893,267,0.6416432857513428,199.0,4,7,9,12.0,21,low,False,fixed_maximin
Isodecyl diphenyl phosphate,spid:EX000337,4,3,cnp,0.6236134916543961,0.832950085401535,267,0.593050941824913,200.25,4,7,9,12.0,21,low,False,uniform_random
Isodecyl diphenyl phosphate,spid:EX000337,4,3,cnp,0.45704030990600586,0.598185122013092,267,0.4528987407684326,204.0,4,7,9,12.0,21,low,False,model_disagreement
Isodecyl diphenyl phosphate,spid:EX000337,4,4,interpolation,0.9756392240524292,0.9756392240524292,272,0.9756392240524292,272.0,4,7,9,9.0,21,high,True,none
Isodecyl diphenyl phosphate,spid:EX000337,4,4,interpolation,0.5538467764854431,0.7384623885154724,272,0.6719045042991638,204.0,4,7,9,12.0,21,high,True,fixed_maximin
Isodecyl diphenyl phosphate,spid:EX000337,4,4,interpolation,0.5620673447847366,0.7494230717420578,272,0.7317294478416443,204.0,4,7,9,12.0,21,high,True,uniform_random
Isodecyl diphenyl phosphate,spid:EX000337,4,4,interpolation,0.5538467764854431,0.7384623885154724,272,0.6719045042991638,204.0,4,7,9,12.0,21,high,True,model_disagreement
Isodecyl diphenyl phosphate,spid:EX000337,4,4,anchorboost_all,0.6314103082517081,0.6314103082517081,272,0.6314103082517081,272.0,4,7,9,9.0,21,high,True,none
Isodecyl diphenyl phosphate,spid:EX000337,4,4,anchorboost_all,0.47146695002947514,0.6286226000393004,272,0.4609041998697292,204.0,4,7,9,12.0,21,high,True,fixed_maximin
Isodecyl diphenyl phosphate,spid:EX000337,4,4,anchorboost_all,0.4681697913283974,0.6242263884378634,272,0.4735577311887811,204.0,4,7,9,12.0,21,high,True,uniform_random
Isodecyl diphenyl phosphate,spid:EX000337,4,4,anchorboost_all,0.47146695002947514,0.6286226000393004,272,0.4609041998697292,204.0,4,7,9,12.0,21,high,True,model_disagreement
Isodecyl diphenyl phosphate,spid:EX000337,4,4,anchorboost_five,0.6351372195927688,0.6351372195927688,272,0.6351372195927688,272.0,4,7,9,9.0,21,high,True,none
Isodecyl diphenyl phosphate,spid:EX000337,4,4,anchorboost_five,0.47520567834655586,0.6336075711287411,272,0.45937980432674347,204.0,4,7,9,12.0,21,high,True,fixed_maximin
Isodecyl diphenyl phosphate,spid:EX000337,4,4,anchorboost_five,0.4687543957850829,0.6250058610467772,272,0.47635291469457663,204.0,4,7,9,12.0,21,high,True,uniform_random
Isodecyl diphenyl phosphate,spid:EX000337,4,4,anchorboost_five,0.47520567834655586,0.6336075711287411,272,0.45937980432674347,204.0,4,7,9,12.0,21,high,True,model_disagreement
Isodecyl diphenyl phosphate,spid:EX000337,4,4,cnp,0.6816239356994629,0.6816239356994629,272,0.6816239356994629,272.0,4,7,9,9.0,21,high,True,none
Isodecyl diphenyl phosphate,spid:EX000337,4,4,cnp,0.5189406275749207,0.6919208765029907,272,0.5325689911842346,204.0,4,7,9,12.0,21,high,True,fixed_maximin
Isodecyl diphenyl phosphate,spid:EX000337,4,4,cnp,0.4769992455840111,0.635999009013176,272,0.5112179145216942,204.0,4,7,9,12.0,21,high,True,uniform_random
Isodecyl diphenyl phosphate,spid:EX000337,4,4,cnp,0.5189406275749207,0.6919208765029907,272,0.5325689911842346,204.0,4,7,9,12.0,21,high,True,model_disagreement
Kepone,spid:TP0001649G12,4,0,interpolation,0.9502415657043457,0.9502415657043457,225,0.9502415657043457,225.0,4,7,9,9.0,21,high,False,none
Kepone,spid:TP0001649G12,4,0,interpolation,0.6179249882698059,0.8582291603088379,225,0.6502400636672974,162.0,4,7,9,12.0,21,high,False,fixed_maximin
Kepone,spid:TP0001649G12,4,0,interpolation,0.7115484327077866,0.941126748919487,225,0.7126811444759369,168.75,4,7,9,12.0,21,high,False,uniform_random
Kepone,spid:TP0001649G12,4,0,interpolation,0.6179249882698059,0.8582291603088379,225,0.6502400636672974,162.0,4,7,9,12.0,21,high,False,model_disagreement
Kepone,spid:TP0001649G12,4,0,anchorboost_all,0.9528904863815417,0.9528904863815417,225,0.9528904863815417,225.0,4,7,9,9.0,21,high,False,none
Kepone,spid:TP0001649G12,4,0,anchorboost_all,0.585937793933822,0.8138024915747527,225,0.66003247931234,162.0,4,7,9,12.0,21,high,False,fixed_maximin
Kepone,spid:TP0001649G12,4,0,anchorboost_all,0.6831136309610821,0.9007807849545952,225,0.7146678647861563,168.75,4,7,9,12.0,21,high,False,uniform_random
Kepone,spid:TP0001649G12,4,0,anchorboost_all,0.585937793933822,0.8138024915747527,225,0.66003247931234,162.0,4,7,9,12.0,21,high,False,model_disagreement
Kepone,spid:TP0001649G12,4,0,anchorboost_five,0.9579001119176309,0.9579001119176309,225,0.9579001119176309,225.0,4,7,9,9.0,21,high,False,none
Kepone,spid:TP0001649G12,4,0,anchorboost_five,0.5982858044851176,0.8309525062293299,225,0.6721255454986595,162.0,4,7,9,12.0,21,high,False,fixed_maximin
Kepone,spid:TP0001649G12,4,0,anchorboost_five,0.6961492500526496,0.9190380862113074,225,0.7184250839382231,168.75,4,7,9,12.0,21,high,False,uniform_random
Kepone,spid:TP0001649G12,4,0,anchorboost_five,0.5982858044851176,0.8309525062293299,225,0.6721255454986595,162.0,4,7,9,12.0,21,high,False,model_disagreement
Kepone,spid:TP0001649G12,4,0,cnp,0.845610499382019,0.845610499382019,225,0.845610499382019,225.0,4,7,9,9.0,21,high,False,none
Kepone,spid:TP0001649G12,4,0,cnp,0.589168906211853,0.8182901740074158,225,0.6265414953231812,162.0,4,7,9,12.0,21,high,False,fixed_maximin
Kepone,spid:TP0001649G12,4,0,cnp,0.6332403942942619,0.838026687502861,225,0.6342078149318695,168.75,4,7,9,12.0,21,high,False,uniform_random
Kepone,spid:TP0001649G12,4,0,cnp,0.589168906211853,0.8182901740074158,225,0.6265414953231812,162.0,4,7,9,12.0,21,high,False,model_disagreement
Kepone,spid:TP0001649G12,4,1,interpolation,1.1854008436203003,1.1854008436203003,219,1.1854008436203003,219.0,4,7,9,9.0,21,high,False,none
Kepone,spid:TP0001649G12,4,1,interpolation,0.9156942367553711,1.2854938507080078,219,0.9156942367553711,156.0,4,7,9,12.0,21,high,False,fixed_maximin
Kepone,spid:TP0001649G12,4,1,interpolation,0.8890506029129028,1.1770732253789902,219,0.8890506029129028,164.25,4,7,9,12.0,21,high,False,uniform_random
Kepone,spid:TP0001649G12,4,1,interpolation,0.527111828327179,0.726021945476532,219,0.527111828327179,159.0,4,7,9,12.0,21,high,False,model_disagreement
Kepone,spid:TP0001649G12,4,1,anchorboost_all,1.0068734048328734,1.0068734048328734,219,1.0068734048328734,219.0,4,7,9,9.0,21,high,False,none
Kepone,spid:TP0001649G12,4,1,anchorboost_all,0.7501099093920056,1.0530389112618541,219,0.7632857523791716,156.0,4,7,9,12.0,21,high,False,fixed_maximin
Kepone,spid:TP0001649G12,4,1,anchorboost_all,0.7448323980030956,0.9865148793860222,219,0.7551550536246552,164.25,4,7,9,12.0,21,high,False,uniform_random
Kepone,spid:TP0001649G12,4,1,anchorboost_all,0.4710884038624515,0.6488576128671503,219,0.48299410494236694,159.0,4,7,9,12.0,21,high,False,model_disagreement
Kepone,spid:TP0001649G12,4,1,anchorboost_five,1.0281735898496358,1.0281735898496358,219,1.0281735898496358,219.0,4,7,9,9.0,21,high,False,none
Kepone,spid:TP0001649G12,4,1,anchorboost_five,0.7382741870748167,1.0364233780088772,219,0.7748941281330343,156.0,4,7,9,12.0,21,high,False,fixed_maximin
Kepone,spid:TP0001649G12,4,1,anchorboost_five,0.7693201783342001,1.016573714646105,219,0.7711301923872268,164.25,4,7,9,12.0,21,high,False,uniform_random
Kepone,spid:TP0001649G12,4,1,anchorboost_five,0.5061710595914255,0.6971790066070578,219,0.509777182893988,159.0,4,7,9,12.0,21,high,False,model_disagreement
Kepone,spid:TP0001649G12,4,1,cnp,0.8719812035560608,0.8719812035560608,219,0.8719812035560608,219.0,4,7,9,9.0,21,high,False,none
Kepone,spid:TP0001649G12,4,1,cnp,0.6643074750900269,0.9325854778289795,219,0.6641990542411804,156.0,4,7,9,12.0,21,high,False,fixed_maximin
Kepone,spid:TP0001649G12,4,1,cnp,0.6557883322238922,0.8683897405862808,219,0.6539859175682068,164.25,4,7,9,12.0,21,high,False,uniform_random
Kepone,spid:TP0001649G12,4,1,cnp,0.4622988700866699,0.6367512941360474,219,0.45959919691085815,159.0,4,7,9,12.0,21,high,False,model_disagreement
Kepone,spid:TP0001649G12,4,2,interpolation,2.537632465362549,2.537632465362549,195,2.537632465362549,195.0,4,7,9,9.0,21,high,False,none
Kepone,spid:TP0001649G12,4,2,interpolation,0.9474256634712219,1.1619369983673096,195,1.5648099184036255,159.0,4,7,9,12.0,21,high,False,fixed_maximin
Kepone,spid:TP0001649G12,4,2,interpolation,1.50567264854908,2.1092917770147324,195,1.9032244086265564,146.25,4,7,9,12.0,21,high,False,uniform_random
Kepone,spid:TP0001649G12,4,2,interpolation,0.9474256634712219,1.1619369983673096,195,1.5648099184036255,159.0,4,7,9,12.0,21,high,False,model_disagreement
Kepone,spid:TP0001649G12,4,2,anchorboost_all,1.7441057966735511,1.7441057966735511,195,1.7441057966735511,195.0,4,7,9,9.0,21,high,False,none
Kepone,spid:TP0001649G12,4,2,anchorboost_all,0.6579823223766077,0.8069594519713111,195,1.1915790504534178,159.0,4,7,9,12.0,21,high,False,fixed_maximin
Kepone,spid:TP0001649G12,4,2,anchorboost_all,1.0675310291384903,1.4907021980426347,195,1.3080793475051635,146.25,4,7,9,12.0,21,high,False,uniform_random
Kepone,spid:TP0001649G12,4,2,anchorboost_all,0.6579823223766077,0.8069594519713111,195,1.1915790504534178,159.0,4,7,9,12.0,21,high,False,model_disagreement
Kepone,spid:TP0001649G12,4,2,anchorboost_five,1.7805659174697661,1.7805659174697661,195,1.7805659174697661,195.0,4,7,9,9.0,21,high,False,none
Kepone,spid:TP0001649G12,4,2,anchorboost_five,0.7431289246219701,0.9113845301967558,195,1.2045520880691647,159.0,4,7,9,12.0,21,high,False,fixed_maximin
Kepone,spid:TP0001649G12,4,2,anchorboost_five,1.0873496751779135,1.512028233374687,195,1.3354244381023246,146.25,4,7,9,12.0,21,high,False,uniform_random
Kepone,spid:TP0001649G12,4,2,anchorboost_five,0.7431289246219701,0.9113845301967558,195,1.2045520880691647,159.0,4,7,9,12.0,21,high,False,model_disagreement
Kepone,spid:TP0001649G12,4,2,cnp,0.9976909756660461,0.9976909756660461,195,0.9976909756660461,195.0,4,7,9,9.0,21,high,False,none
Kepone,spid:TP0001649G12,4,2,cnp,0.68696528673172,0.8425047397613525,195,0.8681520819664001,159.0,4,7,9,12.0,21,high,False,fixed_maximin
Kepone,spid:TP0001649G12,4,2,cnp,0.6780717074871063,0.9202429354190826,195,0.7482682466506958,146.25,4,7,9,12.0,21,high,False,uniform_random
Kepone,spid:TP0001649G12,4,2,cnp,0.68696528673172,0.8425047397613525,195,0.8681520819664001,159.0,4,7,9,12.0,21,high,False,model_disagreement
Kepone,spid:TP0001649G12,4,3,interpolation,1.5787532329559326,1.5787532329559326,222,1.5787532329559326,222.0,4,7,9,9.0,21,high,False,none
Kepone,spid:TP0001649G12,4,3,interpolation,1.312691330909729,1.832814335823059,222,1.312691330909729,159.0,4,7,9,12.0,21,high,False,fixed_maximin
Kepone,spid:TP0001649G12,4,3,interpolation,1.0958621352910995,1.4463502317667007,222,1.1840649098157883,166.5,4,7,9,12.0,21,high,False,uniform_random
Kepone,spid:TP0001649G12,4,3,interpolation,0.5765489339828491,0.7900856137275696,222,0.7657539248466492,162.0,4,7,9,12.0,21,high,False,model_disagreement
Kepone,spid:TP0001649G12,4,3,anchorboost_all,1.1742995139388983,1.1742995139388983,222,1.1742995139388983,222.0,4,7,9,9.0,21,high,False,none
Kepone,spid:TP0001649G12,4,3,anchorboost_all,0.969086524934738,1.3530642046258603,222,0.9533331510628883,159.0,4,7,9,12.0,21,high,False,fixed_maximin
Kepone,spid:TP0001649G12,4,3,anchorboost_all,0.8308538153910217,1.1010190192820797,222,0.8807246354541738,166.5,4,7,9,12.0,21,high,False,uniform_random
Kepone,spid:TP0001649G12,4,3,anchorboost_all,0.4855672182282361,0.6654069286831383,222,0.567957382499824,162.0,4,7,9,12.0,21,high,False,model_disagreement
Kepone,spid:TP0001649G12,4,3,anchorboost_five,1.0957154331510277,1.0957154331510277,222,1.0957154331510277,222.0,4,7,9,9.0,21,high,False,none
Kepone,spid:TP0001649G12,4,3,anchorboost_five,0.8992782980986578,1.2555961143264278,222,0.8587713831135575,159.0,4,7,9,12.0,21,high,False,fixed_maximin
Kepone,spid:TP0001649G12,4,3,anchorboost_five,0.8279687398074229,1.09604611633158,222,0.8217865748632709,166.5,4,7,9,12.0,21,high,False,uniform_random
Kepone,spid:TP0001649G12,4,3,anchorboost_five,0.5364349521563729,0.7351145640661407,222,0.5604688842039139,162.0,4,7,9,12.0,21,high,False,model_disagreement
Kepone,spid:TP0001649G12,4,3,cnp,1.0188950300216675,1.0188950300216675,222,1.0188950300216675,222.0,4,7,9,9.0,21,high,False,none
Kepone,spid:TP0001649G12,4,3,cnp,0.8016518354415894,1.1192874908447266,222,0.8112761378288269,159.0,4,7,9,12.0,21,high,False,fixed_maximin
Kepone,spid:TP0001649G12,4,3,cnp,0.7312006652355194,0.9670831710100174,222,0.7641712576150894,166.5,4,7,9,12.0,21,high,False,uniform_random
Kepone,spid:TP0001649G12,4,3,cnp,0.5066446661949158,0.6942907571792603,222,0.6139603853225708,162.0,4,7,9,12.0,21,high,False,model_disagreement
Kepone,spid:TP0001649G12,4,4,interpolation,1.2462478876113892,1.2462478876113892,219,1.2462478876113892,219.0,4,7,9,9.0,21,high,True,none
Kepone,spid:TP0001649G12,4,4,interpolation,1.0625338554382324,1.4916340112686157,219,1.0013996362686157,156.0,4,7,9,12.0,21,high,True,fixed_maximin
Kepone,spid:TP0001649G12,4,4,interpolation,1.001259207725525,1.3364803194999695,219,0.9346859157085419,164.25,4,7,9,12.0,21,high,True,uniform_random
Kepone,spid:TP0001649G12,4,4,interpolation,0.7576055526733398,1.043494462966919,219,0.6585263013839722,159.0,4,7,9,12.0,21,high,True,model_disagreement
Kepone,spid:TP0001649G12,4,4,anchorboost_all,1.134013694617316,1.134013694617316,219,1.134013694617316,219.0,4,7,9,9.0,21,high,True,none
Kepone,spid:TP0001649G12,4,4,anchorboost_all,0.7431206976078543,1.043227133180257,219,0.8222655181518952,156.0,4,7,9,12.0,21,high,True,fixed_maximin
Kepone,spid:TP0001649G12,4,4,anchorboost_all,0.8447324412390148,1.1199191713037246,219,0.8505102709629871,164.25,4,7,9,12.0,21,high,True,uniform_random
Kepone,spid:TP0001649G12,4,4,anchorboost_all,0.7174796787826399,0.9882267273798625,219,0.7059338582348391,159.0,4,7,9,12.0,21,high,True,model_disagreement
Kepone,spid:TP0001649G12,4,4,anchorboost_five,1.1045701221403248,1.1045701221403248,219,1.1045701221403248,219.0,4,7,9,9.0,21,high,True,none
Kepone,spid:TP0001649G12,4,4,anchorboost_five,0.7286287185194577,1.0228826240753925,219,0.7947074815809941,156.0,4,7,9,12.0,21,high,True,fixed_maximin
Kepone,spid:TP0001649G12,4,4,anchorboost_five,0.8153073422095295,1.0809909711570387,219,0.8284275916052437,164.25,4,7,9,12.0,21,high,True,uniform_random
Kepone,spid:TP0001649G12,4,4,anchorboost_five,0.676256317164331,0.9314473802452107,219,0.675076349076682,159.0,4,7,9,12.0,21,high,True,model_disagreement
Kepone,spid:TP0001649G12,4,4,cnp,1.1150859594345093,1.1150859594345093,219,1.1150859594345093,219.0,4,7,9,9.0,21,high,True,none
Kepone,spid:TP0001649G12,4,4,cnp,0.889685869216919,1.2489821910858154,219,0.85887610912323,156.0,4,7,9,12.0,21,high,True,fixed_maximin
Kepone,spid:TP0001649G12,4,4,cnp,0.81607286632061,1.0903988182544708,219,0.836314469575882,164.25,4,7,9,12.0,21,high,True,uniform_random
Kepone,spid:TP0001649G12,4,4,cnp,0.6100587248802185,0.8402695655822754,219,0.7087947130203247,159.0,4,7,9,12.0,21,high,True,model_disagreement
Methimazole,spid:TP0001649D01,4,0,interpolation,1.2569701671600342,1.2569701671600342,225,1.2569701671600342,225.0,4,7,9,9.0,21,low,False,none
Methimazole,spid:TP0001649D01,4,0,interpolation,1.0898714065551758,1.442476749420166,225,1.0552332401275635,170.0,4,7,9,12.0,21,low,False,fixed_maximin
Methimazole,spid:TP0001649D01,4,0,interpolation,0.9766900986433029,1.3024777472019196,225,0.9427276998758316,168.75,4,7,9,12.0,21,low,False,uniform_random
Methimazole,spid:TP0001649D01,4,0,interpolation,0.8164633512496948,1.0806132555007935,225,0.8164633512496948,170.0,4,7,9,12.0,21,low,False,model_disagreement
Methimazole,spid:TP0001649D01,4,0,anchorboost_all,1.087347434840527,1.087347434840527,225,1.087347434840527,225.0,4,7,9,9.0,21,low,False,none
Methimazole,spid:TP0001649D01,4,0,anchorboost_all,0.9236593132861185,1.2224902675845684,225,0.8928584003192838,170.0,4,7,9,12.0,21,low,False,fixed_maximin
Methimazole,spid:TP0001649D01,4,0,anchorboost_all,0.834553023768646,1.1130379705880007,225,0.8155105761303953,168.75,4,7,9,12.0,21,low,False,uniform_random
Methimazole,spid:TP0001649D01,4,0,anchorboost_all,0.7076532773793547,0.9365999259432635,225,0.7123822831320916,170.0,4,7,9,12.0,21,low,False,model_disagreement
Methimazole,spid:TP0001649D01,4,0,anchorboost_five,1.0953597714973826,1.0953597714973826,225,1.0953597714973826,225.0,4,7,9,9.0,21,low,False,none
Methimazole,spid:TP0001649D01,4,0,anchorboost_five,0.918416370494693,1.2155510785959172,225,0.8967777448117292,170.0,4,7,9,12.0,21,low,False,fixed_maximin
Methimazole,spid:TP0001649D01,4,0,anchorboost_five,0.8361926880520645,1.11521402208042,225,0.821519828623037,168.75,4,7,9,12.0,21,low,False,uniform_random
Methimazole,spid:TP0001649D01,4,0,anchorboost_five,0.7183382347006442,0.9507417812214407,225,0.7159116888523445,170.0,4,7,9,12.0,21,low,False,model_disagreement
Methimazole,spid:TP0001649D01,4,0,cnp,1.0928723812103271,1.0928723812103271,225,1.0928723812103271,225.0,4,7,9,9.0,21,low,False,none
Methimazole,spid:TP0001649D01,4,0,cnp,0.9356480836868286,1.2383577823638916,225,0.8942768573760986,170.0,4,7,9,12.0,21,low,False,fixed_maximin
Methimazole,spid:TP0001649D01,4,0,cnp,0.8454099595546722,1.127174898982048,225,0.8196542710065842,168.75,4,7,9,12.0,21,low,False,uniform_random
Methimazole,spid:TP0001649D01,4,0,cnp,0.7467586398124695,0.9883570075035095,225,0.7382740378379822,170.0,4,7,9,12.0,21,low,False,model_disagreement
Methimazole,spid:TP0001649D01,4,1,interpolation,1.2021167278289795,1.2021167278289795,225,1.2021167278289795,225.0,4,7,9,9.0,21,low,True,none
Methimazole,spid:TP0001649D01,4,1,interpolation,1.035017728805542,1.369876503944397,225,1.0003796815872192,170.0,4,7,9,12.0,21,low,True,fixed_maximin
Methimazole,spid:TP0001649D01,4,1,interpolation,0.9298078417778015,1.2398777902126312,225,0.9015874862670898,168.75,4,7,9,12.0,21,low,True,uniform_random
Methimazole,spid:TP0001649D01,4,1,interpolation,0.8164633512496948,1.0806132555007935,225,0.817450761795044,170.0,4,7,9,12.0,21,low,True,model_disagreement
Methimazole,spid:TP0001649D01,4,1,anchorboost_all,1.018308424956067,1.018308424956067,225,1.018308424956067,225.0,4,7,9,9.0,21,low,True,none
Methimazole,spid:TP0001649D01,4,1,anchorboost_all,0.8411083243373046,1.1132316057405502,225,0.8305247458771592,170.0,4,7,9,12.0,21,low,True,fixed_maximin
Methimazole,spid:TP0001649D01,4,1,anchorboost_all,0.7850880054614661,1.0469525405239246,225,0.7637313187170504,168.75,4,7,9,12.0,21,low,True,uniform_random
Methimazole,spid:TP0001649D01,4,1,anchorboost_all,0.7076532773793547,0.9365999259432635,225,0.7177706534590177,170.0,4,7,9,12.0,21,low,True,model_disagreement
Methimazole,spid:TP0001649D01,4,1,anchorboost_five,1.035208463884428,1.035208463884428,225,1.035208463884428,225.0,4,7,9,9.0,21,low,True,none
Methimazole,spid:TP0001649D01,4,1,anchorboost_five,0.856442765777059,1.133527189999049,225,0.848135433522923,170.0,4,7,9,12.0,21,low,True,fixed_maximin
Methimazole,spid:TP0001649D01,4,1,anchorboost_five,0.7903856523151307,1.0540444096837884,225,0.776406347913321,168.75,4,7,9,12.0,21,low,True,uniform_random
Methimazole,spid:TP0001649D01,4,1,anchorboost_five,0.7183382347006442,0.9507417812214407,225,0.7272856067423317,170.0,4,7,9,12.0,21,low,True,model_disagreement
Methimazole,spid:TP0001649D01,4,1,cnp,1.0381659269332886,1.0381659269332886,225,1.0381659269332886,225.0,4,7,9,9.0,21,low,True,none
Methimazole,spid:TP0001649D01,4,1,cnp,0.8796091675758362,1.1641885042190552,225,0.8404751420021057,170.0,4,7,9,12.0,21,low,True,fixed_maximin
Methimazole,spid:TP0001649D01,4,1,cnp,0.798826202750206,1.064971074461937,225,0.77862448990345,168.75,4,7,9,12.0,21,low,True,uniform_random
Methimazole,spid:TP0001649D01,4,1,cnp,0.7467586398124695,0.9883570075035095,225,0.7535901069641113,170.0,4,7,9,12.0,21,low,True,model_disagreement
Methimazole,spid:TP0001649D01,4,2,interpolation,1.2730594873428345,1.2730594873428345,230,1.2730594873428345,230.0,4,7,9,9.0,21,high,False,none
Methimazole,spid:TP0001649D01,4,2,interpolation,1.0008256435394287,1.3540582656860352,230,0.9983674883842468,170.0,4,7,9,12.0,21,high,False,fixed_maximin
Methimazole,spid:TP0001649D01,4,2,interpolation,1.0292279422283173,1.373532921075821,230,0.9547946155071259,172.5,4,7,9,12.0,21,high,False,uniform_random
Methimazole,spid:TP0001649D01,4,2,interpolation,0.8421288728713989,1.1067978143692017,230,0.8421288728713989,175.0,4,7,9,12.0,21,high,False,model_disagreement
Methimazole,spid:TP0001649D01,4,2,anchorboost_all,1.0688503705613372,1.0688503705613372,230,1.0688503705613372,230.0,4,7,9,9.0,21,high,False,none
Methimazole,spid:TP0001649D01,4,2,anchorboost_all,0.8421962366352215,1.1394419672123581,230,0.8202127340331659,170.0,4,7,9,12.0,21,high,False,fixed_maximin
Methimazole,spid:TP0001649D01,4,2,anchorboost_all,0.8365046792793992,1.1157869336972446,230,0.8016377779210031,172.5,4,7,9,12.0,21,high,False,uniform_random
Methimazole,spid:TP0001649D01,4,2,anchorboost_all,0.7046974947920456,0.926173850298117,230,0.7096219819805569,175.0,4,7,9,12.0,21,high,False,model_disagreement
Methimazole,spid:TP0001649D01,4,2,anchorboost_five,1.0758033444889574,1.0758033444889574,230,1.0758033444889574,230.0,4,7,9,9.0,21,high,False,none
Methimazole,spid:TP0001649D01,4,2,anchorboost_five,0.8427122293025859,1.1401400749387927,230,0.8308489294521885,170.0,4,7,9,12.0,21,high,False,fixed_maximin
Methimazole,spid:TP0001649D01,4,2,anchorboost_five,0.8382087506308789,1.1180966250969844,230,0.8068525083667181,172.5,4,7,9,12.0,21,high,False,uniform_random
Methimazole,spid:TP0001649D01,4,2,anchorboost_five,0.7085761455417543,0.9312715055691626,230,0.7075849950163783,175.0,4,7,9,12.0,21,high,False,model_disagreement
Methimazole,spid:TP0001649D01,4,2,cnp,1.139690637588501,1.139690637588501,230,1.139690637588501,230.0,4,7,9,9.0,21,high,False,none
Methimazole,spid:TP0001649D01,4,2,cnp,0.8573815226554871,1.1599868535995483,230,0.8774985671043396,170.0,4,7,9,12.0,21,high,False,fixed_maximin
Methimazole,spid:TP0001649D01,4,2,cnp,0.8622137159109116,1.149556040763855,230,0.8547680377960205,172.5,4,7,9,12.0,21,high,False,uniform_random
Methimazole,spid:TP0001649D01,4,2,cnp,0.795079231262207,1.0449613332748413,230,0.7924700379371643,175.0,4,7,9,12.0,21,high,False,model_disagreement
Methimazole,spid:TP0001649D01,4,3,interpolation,1.3159427642822266,1.3159427642822266,235,1.3159427642822266,235.0,4,7,9,9.0,21,low,False,none
Methimazole,spid:TP0001649D01,4,3,interpolation,0.9959407448768616,1.3374062776565552,235,1.010792851448059,175.0,4,7,9,12.0,21,low,False,fixed_maximin
Methimazole,spid:TP0001649D01,4,3,interpolation,1.0041688233613968,1.3401166796684265,235,0.9869571477174759,176.25,4,7,9,12.0,21,low,False,uniform_random
Methimazole,spid:TP0001649D01,4,3,interpolation,0.8941808938980103,1.1674028635025024,235,0.8941808938980103,180.0,4,7,9,12.0,21,low,False,model_disagreement
Methimazole,spid:TP0001649D01,4,3,anchorboost_all,1.1674140732415412,1.1674140732415412,235,1.1674140732415412,235.0,4,7,9,9.0,21,low,False,none
Methimazole,spid:TP0001649D01,4,3,anchorboost_all,0.8705204802647054,1.1689846449268901,235,0.9005816634000862,175.0,4,7,9,12.0,21,low,False,fixed_maximin
Methimazole,spid:TP0001649D01,4,3,anchorboost_all,0.870717024485598,1.1618686267264664,235,0.8755605549311558,176.25,4,7,9,12.0,21,low,False,uniform_random
Methimazole,spid:TP0001649D01,4,3,anchorboost_all,0.7913817663220395,1.033192861587107,235,0.8005160053292443,180.0,4,7,9,12.0,21,low,False,model_disagreement
Methimazole,spid:TP0001649D01,4,3,anchorboost_five,1.1695900776833756,1.1695900776833756,235,1.1695900776833756,235.0,4,7,9,9.0,21,low,False,none
Methimazole,spid:TP0001649D01,4,3,anchorboost_five,0.8791530786900106,1.1805769913837283,235,0.8963262191748841,175.0,4,7,9,12.0,21,low,False,fixed_maximin
Methimazole,spid:TP0001649D01,4,3,anchorboost_five,0.8741748841924212,1.1664125935516862,235,0.8771925582625317,176.25,4,7,9,12.0,21,low,False,uniform_random
Methimazole,spid:TP0001649D01,4,3,anchorboost_five,0.8020456322086491,1.0471151309390694,235,0.8104694308957938,180.0,4,7,9,12.0,21,low,False,model_disagreement
Methimazole,spid:TP0001649D01,4,3,cnp,1.1714649200439453,1.1714649200439453,235,1.1714649200439453,235.0,4,7,9,9.0,21,low,False,none
Methimazole,spid:TP0001649D01,4,3,cnp,0.893888533115387,1.200364589691162,235,0.9058017730712891,175.0,4,7,9,12.0,21,low,False,fixed_maximin
Methimazole,spid:TP0001649D01,4,3,cnp,0.8831126093864441,1.1781971752643585,235,0.8785986304283142,176.25,4,7,9,12.0,21,low,False,uniform_random
Methimazole,spid:TP0001649D01,4,3,cnp,0.8253709077835083,1.0775675773620605,235,0.824694037437439,180.0,4,7,9,12.0,21,low,False,model_disagreement
Methimazole,spid:TP0001649D01,4,4,interpolation,1.3886216878890991,1.3886216878890991,225,1.3886216878890991,225.0,4,7,9,9.0,21,high,False,none
Methimazole,spid:TP0001649D01,4,4,interpolation,1.1350562572479248,1.502280354499817,225,1.0392677783966064,170.0,4,7,9,12.0,21,high,False,fixed_maximin
Methimazole,spid:TP0001649D01,4,4,interpolation,1.088375747203827,1.451764464378357,225,1.0414662659168243,168.75,4,7,9,12.0,21,high,False,uniform_random
Methimazole,spid:TP0001649D01,4,4,interpolation,1.1350562572479248,1.502280354499817,225,1.0392677783966064,170.0,4,7,9,12.0,21,high,False,model_disagreement
Methimazole,spid:TP0001649D01,4,4,anchorboost_all,1.3519318544920602,1.3519318544920602,225,1.3519318544920602,225.0,4,7,9,9.0,21,high,False,none
Methimazole,spid:TP0001649D01,4,4,anchorboost_all,0.8900930846167939,1.1780643766986978,225,0.9808182481013965,170.0,4,7,9,12.0,21,high,False,fixed_maximin
Methimazole,spid:TP0001649D01,4,4,anchorboost_all,0.8781125760297653,1.170411815739264,225,1.013948890869045,168.75,4,7,9,12.0,21,high,False,uniform_random
Methimazole,spid:TP0001649D01,4,4,anchorboost_all,0.8900930846167939,1.1780643766986978,225,0.9808182481013965,170.0,4,7,9,12.0,21,high,False,model_disagreement
Methimazole,spid:TP0001649D01,4,4,anchorboost_five,1.4476483315437942,1.4476483315437942,225,1.4476483315437942,225.0,4,7,9,9.0,21,high,False,none
Methimazole,spid:TP0001649D01,4,4,anchorboost_five,0.8719081912523313,1.1539961354810269,225,1.0700235209580424,170.0,4,7,9,12.0,21,high,False,fixed_maximin
Methimazole,spid:TP0001649D01,4,4,anchorboost_five,0.8771125121671316,1.169251824997185,225,1.0857362486578457,168.75,4,7,9,12.0,21,high,False,uniform_random
Methimazole,spid:TP0001649D01,4,4,anchorboost_five,0.8719081912523313,1.1539961354810269,225,1.0700235209580424,170.0,4,7,9,12.0,21,high,False,model_disagreement
Methimazole,spid:TP0001649D01,4,4,cnp,1.3171948194503784,1.3171948194503784,225,1.3171948194503784,225.0,4,7,9,9.0,21,high,False,none
Methimazole,spid:TP0001649D01,4,4,cnp,0.7939088344573975,1.0507616996765137,225,0.8925691246986389,170.0,4,7,9,12.0,21,high,False,fixed_maximin
Methimazole,spid:TP0001649D01,4,4,cnp,0.9019658714532852,1.2021394968032837,225,0.987896129488945,168.75,4,7,9,12.0,21,high,False,uniform_random
Methimazole,spid:TP0001649D01,4,4,cnp,0.7939088344573975,1.0507616996765137,225,0.8925691246986389,170.0,4,7,9,12.0,21,high,False,model_disagreement
Molinate,spid:ES216_EX000053,4,0,interpolation,1.1045043468475342,1.1045043468475342,233,1.1045043468475342,233.0,4,7,9,9.0,21,low,False,none
Molinate,spid:ES216_EX000053,4,0,interpolation,0.7236780524253845,0.974664568901062,233,0.8206640481948853,173.0,4,7,9,12.0,21,low,False,fixed_maximin
Molinate,spid:ES216_EX000053,4,0,interpolation,0.7802108228206635,1.0396320223808289,233,0.8283783197402954,174.75,4,7,9,12.0,21,low,False,uniform_random
Molinate,spid:ES216_EX000053,4,0,interpolation,0.8119394183158875,1.0628196001052856,233,0.8119394183158875,178.0,4,7,9,12.0,21,low,False,model_disagreement
Molinate,spid:ES216_EX000053,4,0,anchorboost_all,1.0240229728740593,1.0240229728740593,233,1.0240229728740593,233.0,4,7,9,9.0,21,low,False,none
Molinate,spid:ES216_EX000053,4,0,anchorboost_all,0.7237775305054855,0.9747986393513187,233,0.7887188589707931,173.0,4,7,9,12.0,21,low,False,fixed_maximin
Molinate,spid:ES216_EX000053,4,0,anchorboost_all,0.7120867872031452,0.9496340767197144,233,0.7680172296555444,174.75,4,7,9,12.0,21,low,False,uniform_random
Molinate,spid:ES216_EX000053,4,0,anchorboost_all,0.6782738188637777,0.8878528078385405,233,0.7211649698655241,178.0,4,7,9,12.0,21,low,False,model_disagreement
Molinate,spid:ES216_EX000053,4,0,anchorboost_five,1.0133592775758145,1.0133592775758145,233,1.0133592775758145,233.0,4,7,9,9.0,21,low,False,none
Molinate,spid:ES216_EX000053,4,0,anchorboost_five,0.7278766196834335,0.9803193779551447,233,0.7844429587114001,173.0,4,7,9,12.0,21,low,False,fixed_maximin
Molinate,spid:ES216_EX000053,4,0,anchorboost_five,0.7172354498283354,0.9564740873723294,233,0.7600194581818608,174.75,4,7,9,12.0,21,low,False,uniform_random
Molinate,spid:ES216_EX000053,4,0,anchorboost_five,0.6871466668523801,0.8994672661606998,233,0.7110223726326895,178.0,4,7,9,12.0,21,low,False,model_disagreement
Molinate,spid:ES216_EX000053,4,0,cnp,1.008248209953308,1.008248209953308,233,1.008248209953308,233.0,4,7,9,9.0,21,low,False,none
Molinate,spid:ES216_EX000053,4,0,cnp,0.7194602489471436,0.9689840078353882,233,0.7748100161552429,173.0,4,7,9,12.0,21,low,False,fixed_maximin
Molinate,spid:ES216_EX000053,4,0,cnp,0.7318505495786667,0.9757188260555267,233,0.7561861276626587,174.75,4,7,9,12.0,21,low,False,uniform_random
Molinate,spid:ES216_EX000053,4,0,cnp,0.7311012148857117,0.9570032954216003,233,0.7277995347976685,178.0,4,7,9,12.0,21,low,False,model_disagreement
Molinate,spid:ES216_EX000053,4,1,interpolation,0.9460210204124451,0.9460210204124451,233,0.9460210204124451,233.0,4,7,9,9.0,21,low,False,none
Molinate,spid:ES216_EX000053,4,1,interpolation,0.6775501370429993,0.9125386476516724,233,0.7167520523071289,173.0,4,7,9,12.0,21,low,False,fixed_maximin
Molinate,spid:ES216_EX000053,4,1,interpolation,0.6960158199071884,0.9285530894994736,233,0.7095157653093338,174.75,4,7,9,12.0,21,low,False,uniform_random
Molinate,spid:ES216_EX000053,4,1,interpolation,0.6534560322761536,0.855366587638855,233,0.6534560322761536,178.0,4,7,9,12.0,21,low,False,model_disagreement
Molinate,spid:ES216_EX000053,4,1,anchorboost_all,0.8899794442017726,0.8899794442017726,233,0.8899794442017726,233.0,4,7,9,9.0,21,low,False,none
Molinate,spid:ES216_EX000053,4,1,anchorboost_all,0.6656153376045995,0.8964645876408768,233,0.695251040835546,173.0,4,7,9,12.0,21,low,False,fixed_maximin
Molinate,spid:ES216_EX000053,4,1,anchorboost_all,0.6602808869712907,0.8810147560008893,233,0.6674845831513294,174.75,4,7,9,12.0,21,low,False,uniform_random
Molinate,spid:ES216_EX000053,4,1,anchorboost_all,0.6080680912565692,0.7959542992291047,233,0.5948512986065154,178.0,4,7,9,12.0,21,low,False,model_disagreement
Molinate,spid:ES216_EX000053,4,1,anchorboost_five,0.8875812291836966,0.8875812291836966,233,0.8875812291836966,233.0,4,7,9,9.0,21,low,False,none
Molinate,spid:ES216_EX000053,4,1,anchorboost_five,0.670536477752197,0.9030924815968896,233,0.6941504504984111,173.0,4,7,9,12.0,21,low,False,fixed_maximin
Molinate,spid:ES216_EX000053,4,1,anchorboost_five,0.6587791405346081,0.8791014865262105,233,0.6656859218877724,174.75,4,7,9,12.0,21,low,False,uniform_random
Molinate,spid:ES216_EX000053,4,1,anchorboost_five,0.6023196832801552,0.7884296977768323,233,0.5901434637355693,178.0,4,7,9,12.0,21,low,False,model_disagreement
Molinate,spid:ES216_EX000053,4,1,cnp,0.9375942349433899,0.9375942349433899,233,0.9375942349433899,233.0,4,7,9,9.0,21,low,False,none
Molinate,spid:ES216_EX000053,4,1,cnp,0.6873644590377808,0.9257567524909973,233,0.7239903807640076,173.0,4,7,9,12.0,21,low,False,fixed_maximin
Molinate,spid:ES216_EX000053,4,1,cnp,0.6908729672431946,0.9216410964727402,233,0.70319564640522,174.75,4,7,9,12.0,21,low,False,uniform_random
Molinate,spid:ES216_EX000053,4,1,cnp,0.6577889919281006,0.8610383868217468,233,0.6559881567955017,178.0,4,7,9,12.0,21,low,False,model_disagreement
Molinate,spid:ES216_EX000053,4,2,interpolation,1.2112469673156738,1.2112469673156738,235,1.2112469673156738,235.0,4,7,9,9.0,21,low,False,none
Molinate,spid:ES216_EX000053,4,2,interpolation,0.6892758011817932,0.9255990386009216,235,0.8108806014060974,175.0,4,7,9,12.0,21,low,False,fixed_maximin
Molinate,spid:ES216_EX000053,4,2,interpolation,0.801980659365654,1.0683552026748657,235,0.9084351807832718,176.25,4,7,9,12.0,21,low,False,uniform_random
Molinate,spid:ES216_EX000053,4,2,interpolation,0.8999507427215576,1.2085052728652954,235,0.9964707493782043,175.0,4,7,9,12.0,21,low,False,model_disagreement
Molinate,spid:ES216_EX000053,4,2,anchorboost_all,1.0260404523633289,1.0260404523633289,235,1.0260404523633289,235.0,4,7,9,9.0,21,low,False,none
Molinate,spid:ES216_EX000053,4,2,anchorboost_all,0.6477993648603549,0.8699020042410481,235,0.7092666981638057,175.0,4,7,9,12.0,21,low,False,fixed_maximin
Molinate,spid:ES216_EX000053,4,2,anchorboost_all,0.7071508680600601,0.9428255157219699,235,0.7695303392724966,176.25,4,7,9,12.0,21,low,False,uniform_random
Molinate,spid:ES216_EX000053,4,2,anchorboost_all,0.7740363728017928,1.0394202720481218,235,0.8355032492435236,175.0,4,7,9,12.0,21,low,False,model_disagreement
Molinate,spid:ES216_EX000053,4,2,anchorboost_five,1.020179195393923,1.020179195393923,235,1.020179195393923,235.0,4,7,9,9.0,21,low,False,none
Molinate,spid:ES216_EX000053,4,2,anchorboost_five,0.6336421645015834,0.850890906616412,235,0.703753463291389,175.0,4,7,9,12.0,21,low,False,fixed_maximin
Molinate,spid:ES216_EX000053,4,2,anchorboost_five,0.702731857481433,0.9368595435147528,235,0.7651343965454424,176.25,4,7,9,12.0,21,low,False,uniform_random
Molinate,spid:ES216_EX000053,4,2,anchorboost_five,0.7767149538761794,1.0430172237765838,235,0.8361408195066672,175.0,4,7,9,12.0,21,low,False,model_disagreement
Molinate,spid:ES216_EX000053,4,2,cnp,0.9752732515335083,0.9752732515335083,235,0.9752732515335083,235.0,4,7,9,9.0,21,low,False,none
Molinate,spid:ES216_EX000053,4,2,cnp,0.6749725937843323,0.9063917994499207,235,0.7008426189422607,175.0,4,7,9,12.0,21,low,False,fixed_maximin
Molinate,spid:ES216_EX000053,4,2,cnp,0.7107047140598297,0.9478699117898941,235,0.7314548790454865,176.25,4,7,9,12.0,21,low,False,uniform_random
Molinate,spid:ES216_EX000053,4,2,cnp,0.7827572822570801,1.051131248474121,235,0.7907388806343079,175.0,4,7,9,12.0,21,low,False,model_disagreement
Molinate,spid:ES216_EX000053,4,3,interpolation,1.1312958002090454,1.1312958002090454,235,1.1312958002090454,235.0,4,7,9,9.0,21,high,False,none
Molinate,spid:ES216_EX000053,4,3,interpolation,0.8369446992874146,1.0926778316497803,235,0.8515682220458984,180.0,4,7,9,12.0,21,high,False,fixed_maximin
Molinate,spid:ES216_EX000053,4,3,interpolation,0.8418416529893875,1.1226681470870972,235,0.8484718948602676,176.25,4,7,9,12.0,21,high,False,uniform_random
Molinate,spid:ES216_EX000053,4,3,interpolation,0.8369446992874146,1.0926778316497803,235,0.8515682220458984,180.0,4,7,9,12.0,21,high,False,model_disagreement
Molinate,spid:ES216_EX000053,4,3,anchorboost_all,1.0440989135951255,1.0440989135951255,235,1.0440989135951255,235.0,4,7,9,9.0,21,high,False,none
Molinate,spid:ES216_EX000053,4,3,anchorboost_all,0.661704079905559,0.86389143765448,235,0.7114713149288291,180.0,4,7,9,12.0,21,high,False,fixed_maximin
Molinate,spid:ES216_EX000053,4,3,anchorboost_all,0.7153319385212836,0.954417950031049,235,0.7830741851963442,176.25,4,7,9,12.0,21,high,False,uniform_random
Molinate,spid:ES216_EX000053,4,3,anchorboost_all,0.661704079905559,0.86389143765448,235,0.7114713149288291,180.0,4,7,9,12.0,21,high,False,model_disagreement
Molinate,spid:ES216_EX000053,4,3,anchorboost_five,0.9937935228879677,0.9937935228879677,235,0.9937935228879677,235.0,4,7,9,9.0,21,high,False,none
Molinate,spid:ES216_EX000053,4,3,anchorboost_five,0.6602900967972133,0.8620454041519173,235,0.6724732088562905,180.0,4,7,9,12.0,21,high,False,fixed_maximin
Molinate,spid:ES216_EX000053,4,3,anchorboost_five,0.7089273057106004,0.9458306290674353,235,0.745345142165976,176.25,4,7,9,12.0,21,high,False,uniform_random
Molinate,spid:ES216_EX000053,4,3,anchorboost_five,0.6602900967972133,0.8620454041519173,235,0.6724732088562905,180.0,4,7,9,12.0,21,high,False,model_disagreement
Molinate,spid:ES216_EX000053,4,3,cnp,0.9415729641914368,0.9415729641914368,235,0.9415729641914368,235.0,4,7,9,9.0,21,high,False,none
Molinate,spid:ES216_EX000053,4,3,cnp,0.6873318552970886,0.8973500728607178,235,0.6582865715026855,180.0,4,7,9,12.0,21,high,False,fixed_maximin
Molinate,spid:ES216_EX000053,4,3,cnp,0.7137721478939056,0.9520843923091888,235,0.7061797529459,176.25,4,7,9,12.0,21,high,False,uniform_random
Molinate,spid:ES216_EX000053,4,3,cnp,0.6873318552970886,0.8973500728607178,235,0.6582865715026855,180.0,4,7,9,12.0,21,high,False,model_disagreement
Molinate,spid:ES216_EX000053,4,4,interpolation,1.0559717416763306,1.0559717416763306,233,1.0559717416763306,233.0,4,7,9,9.0,21,high,False,none
Molinate,spid:ES216_EX000053,4,4,interpolation,0.677550196647644,0.9125386476516724,233,0.6978541016578674,173.0,4,7,9,12.0,21,high,False,fixed_maximin
Molinate,spid:ES216_EX000053,4,4,interpolation,0.7746513336896896,1.0327901989221573,233,0.7919788062572479,174.75,4,7,9,12.0,21,high,False,uniform_random
Molinate,spid:ES216_EX000053,4,4,interpolation,0.7634067535400391,0.9992908835411072,233,0.7634067535400391,178.0,4,7,9,12.0,21,high,False,model_disagreement
Molinate,spid:ES216_EX000053,4,4,anchorboost_all,0.9211012925957283,0.9211012925957283,233,0.9211012925957283,233.0,4,7,9,9.0,21,high,False,none
Molinate,spid:ES216_EX000053,4,4,anchorboost_all,0.6656153376045995,0.8964645876408768,233,0.6850787641478681,173.0,4,7,9,12.0,21,high,False,fixed_maximin
Molinate,spid:ES216_EX000053,4,4,anchorboost_all,0.6662691336663076,0.8890935616517284,233,0.6908259694467962,174.75,4,7,9,12.0,21,high,False,uniform_random
Molinate,spid:ES216_EX000053,4,4,anchorboost_all,0.5923723785349881,0.7754087876328777,233,0.5966185532921882,178.0,4,7,9,12.0,21,high,False,model_disagreement
Molinate,spid:ES216_EX000053,4,4,anchorboost_five,0.913311075933603,0.913311075933603,233,0.913311075933603,233.0,4,7,9,9.0,21,high,False,none
Molinate,spid:ES216_EX000053,4,4,anchorboost_five,0.670536477752197,0.9030924815968896,233,0.6737553834379575,173.0,4,7,9,12.0,21,high,False,fixed_maximin
Molinate,spid:ES216_EX000053,4,4,anchorboost_five,0.6674377319107999,0.8906747849891251,233,0.6849833069502023,174.75,4,7,9,12.0,21,high,False,uniform_random
Molinate,spid:ES216_EX000053,4,4,anchorboost_five,0.5949890597954527,0.7788339940019128,233,0.5967091342164188,178.0,4,7,9,12.0,21,high,False,model_disagreement
Molinate,spid:ES216_EX000053,4,4,cnp,0.9017964601516724,0.9017964601516724,233,0.9017964601516724,233.0,4,7,9,9.0,21,high,False,none
Molinate,spid:ES216_EX000053,4,4,cnp,0.6873644590377808,0.9257567524909973,233,0.6683075428009033,173.0,4,7,9,12.0,21,high,False,fixed_maximin
Molinate,spid:ES216_EX000053,4,4,cnp,0.6768666356801987,0.9030915796756744,233,0.6763473600149155,174.75,4,7,9,12.0,21,high,False,uniform_random
Molinate,spid:ES216_EX000053,4,4,cnp,0.6219313740730286,0.8141012191772461,233,0.6219715476036072,178.0,4,7,9,12.0,21,high,False,model_disagreement
Octylbicycloheptenedicarboximide,spid:TP0001649H11,4,0,interpolation,1.0370222330093384,1.0370222330093384,217,1.0370222330093384,217.0,4,7,9,9.0,21,low,True,none
Octylbicycloheptenedicarboximide,spid:TP0001649H11,4,0,interpolation,0.6953154802322388,0.9313793182373047,217,0.6953154802322388,162.0,4,7,9,12.0,21,low,True,fixed_maximin
Octylbicycloheptenedicarboximide,spid:TP0001649H11,4,0,interpolation,0.8028620630502701,1.0702603161334991,217,0.7777666449546814,162.75,4,7,9,12.0,21,low,True,uniform_random
Octylbicycloheptenedicarboximide,spid:TP0001649H11,4,0,interpolation,0.8505003452301025,1.1185369491577148,217,0.7824042439460754,165.0,4,7,9,12.0,21,low,True,model_disagreement
Octylbicycloheptenedicarboximide,spid:TP0001649H11,4,0,anchorboost_all,0.8568378816969192,0.8568378816969192,217,0.8568378816969192,217.0,4,7,9,9.0,21,low,True,none
Octylbicycloheptenedicarboximide,spid:TP0001649H11,4,0,anchorboost_all,0.6259781549143006,0.8385016025703903,217,0.6235502178570389,162.0,4,7,9,12.0,21,low,True,fixed_maximin
Octylbicycloheptenedicarboximide,spid:TP0001649H11,4,0,anchorboost_all,0.6605059584907838,0.8807055708432592,217,0.6426284112726894,162.75,4,7,9,12.0,21,low,True,uniform_random
Octylbicycloheptenedicarboximide,spid:TP0001649H11,4,0,anchorboost_all,0.6645525967569564,0.8739873545227852,217,0.6248441132662484,165.0,4,7,9,12.0,21,low,True,model_disagreement
Octylbicycloheptenedicarboximide,spid:TP0001649H11,4,0,anchorboost_five,0.8491668855064616,0.8491668855064616,217,0.8491668855064616,217.0,4,7,9,9.0,21,low,True,none
Octylbicycloheptenedicarboximide,spid:TP0001649H11,4,0,anchorboost_five,0.6095498665740787,0.8164958089294758,217,0.6087816775423858,162.0,4,7,9,12.0,21,low,True,fixed_maximin
Octylbicycloheptenedicarboximide,spid:TP0001649H11,4,0,anchorboost_five,0.6554244361253828,0.8739081215795961,217,0.6368751641298461,162.75,4,7,9,12.0,21,low,True,uniform_random
Octylbicycloheptenedicarboximide,spid:TP0001649H11,4,0,anchorboost_five,0.6630282374607145,0.8719825910846974,217,0.6255764760976024,165.0,4,7,9,12.0,21,low,True,model_disagreement
Octylbicycloheptenedicarboximide,spid:TP0001649H11,4,0,cnp,0.8774751424789429,0.8774751424789429,217,0.8774751424789429,217.0,4,7,9,9.0,21,low,True,none
Octylbicycloheptenedicarboximide,spid:TP0001649H11,4,0,cnp,0.6174185872077942,0.8270359635353088,217,0.6137271523475647,162.0,4,7,9,12.0,21,low,True,fixed_maximin
Octylbicycloheptenedicarboximide,spid:TP0001649H11,4,0,cnp,0.6777712851762772,0.9038043320178986,217,0.6581063717603683,162.75,4,7,9,12.0,21,low,True,uniform_random
Octylbicycloheptenedicarboximide,spid:TP0001649H11,4,0,cnp,0.669177234172821,0.8800694346427917,217,0.6268348693847656,165.0,4,7,9,12.0,21,low,True,model_disagreement
Octylbicycloheptenedicarboximide,spid:TP0001649H11,4,1,interpolation,1.2396389245986938,1.2396389245986938,217,1.2396389245986938,217.0,4,7,9,9.0,21,low,True,none
Octylbicycloheptenedicarboximide,spid:TP0001649H11,4,1,interpolation,0.6953154802322388,0.9313793182373047,217,0.8834157586097717,162.0,4,7,9,12.0,21,low,True,fixed_maximin
Octylbicycloheptenedicarboximide,spid:TP0001649H11,4,1,interpolation,0.7863352745771408,1.0478506684303284,217,0.9297292232513428,162.75,4,7,9,12.0,21,low,True,uniform_random
Octylbicycloheptenedicarboximide,spid:TP0001649H11,4,1,interpolation,0.8951504826545715,1.1772584915161133,217,0.9647158980369568,165.0,4,7,9,12.0,21,low,True,model_disagreement
Octylbicycloheptenedicarboximide,spid:TP0001649H11,4,1,anchorboost_all,0.9660054004027635,0.9660054004027635,217,0.9660054004027635,217.0,4,7,9,9.0,21,low,True,none
Octylbicycloheptenedicarboximide,spid:TP0001649H11,4,1,anchorboost_all,0.6259781549143006,0.8385016025703903,217,0.6868952293255559,162.0,4,7,9,12.0,21,low,True,fixed_maximin
Octylbicycloheptenedicarboximide,spid:TP0001649H11,4,1,anchorboost_all,0.6810815392953823,0.908036062742877,217,0.7245040503020727,162.75,4,7,9,12.0,21,low,True,uniform_random
Octylbicycloheptenedicarboximide,spid:TP0001649H11,4,1,anchorboost_all,0.7024304599327714,0.92380248366916,217,0.720154385909074,165.0,4,7,9,12.0,21,low,True,model_disagreement
Octylbicycloheptenedicarboximide,spid:TP0001649H11,4,1,anchorboost_five,0.9350741419011741,0.9350741419011741,217,0.9350741419011741,217.0,4,7,9,9.0,21,low,True,none
Octylbicycloheptenedicarboximide,spid:TP0001649H11,4,1,anchorboost_five,0.6095498665740787,0.8164958089294758,217,0.6639345900566611,162.0,4,7,9,12.0,21,low,True,fixed_maximin
Octylbicycloheptenedicarboximide,spid:TP0001649H11,4,1,anchorboost_five,0.6647255760343905,0.8864365089500097,217,0.7013056064258806,162.75,4,7,9,12.0,21,low,True,uniform_random
Octylbicycloheptenedicarboximide,spid:TP0001649H11,4,1,anchorboost_five,0.651621294485988,0.8569807327482387,217,0.6969067570223461,165.0,4,7,9,12.0,21,low,True,model_disagreement
Octylbicycloheptenedicarboximide,spid:TP0001649H11,4,1,cnp,0.9447116255760193,0.9447116255760193,217,0.9447116255760193,217.0,4,7,9,9.0,21,low,True,none
Octylbicycloheptenedicarboximide,spid:TP0001649H11,4,1,cnp,0.6174185872077942,0.8270359635353088,217,0.688049852848053,162.0,4,7,9,12.0,21,low,True,fixed_maximin
Octylbicycloheptenedicarboximide,spid:TP0001649H11,4,1,cnp,0.6905763149261475,0.9207914769649506,217,0.7085337489843369,162.75,4,7,9,12.0,21,low,True,uniform_random
Octylbicycloheptenedicarboximide,spid:TP0001649H11,4,1,cnp,0.6963388919830322,0.9157912731170654,217,0.6815974712371826,165.0,4,7,9,12.0,21,low,True,model_disagreement
Octylbicycloheptenedicarboximide,spid:TP0001649H11,4,2,interpolation,1.365515112876892,1.365515112876892,214,1.365515112876892,214.0,4,7,9,9.0,21,low,False,none
Octylbicycloheptenedicarboximide,spid:TP0001649H11,4,2,interpolation,0.8185634613037109,1.0813121795654297,214,0.9207034111022949,162.0,4,7,9,12.0,21,low,False,fixed_maximin
Octylbicycloheptenedicarboximide,spid:TP0001649H11,4,2,interpolation,0.9630507379770279,1.2859075963497162,214,1.0241363495588303,160.5,4,7,9,12.0,21,low,False,uniform_random
Octylbicycloheptenedicarboximide,spid:TP0001649H11,4,2,interpolation,0.8185634613037109,1.0813121795654297,214,0.9207034111022949,162.0,4,7,9,12.0,21,low,False,model_disagreement
Octylbicycloheptenedicarboximide,spid:TP0001649H11,4,2,anchorboost_all,1.2522153656079822,1.2522153656079822,214,1.2522153656079822,214.0,4,7,9,9.0,21,low,False,none
Octylbicycloheptenedicarboximide,spid:TP0001649H11,4,2,anchorboost_all,0.7384164322805361,0.9754389907903377,214,0.8191796666351587,162.0,4,7,9,12.0,21,low,False,fixed_maximin
Octylbicycloheptenedicarboximide,spid:TP0001649H11,4,2,anchorboost_all,0.8721256095576709,1.1647722363185466,214,0.9391615242059865,160.5,4,7,9,12.0,21,low,False,uniform_random
Octylbicycloheptenedicarboximide,spid:TP0001649H11,4,2,anchorboost_all,0.7384164322805361,0.9754389907903377,214,0.8191796666351587,162.0,4,7,9,12.0,21,low,False,model_disagreement
Octylbicycloheptenedicarboximide,spid:TP0001649H11,4,2,anchorboost_five,1.197369453491214,1.197369453491214,214,1.197369453491214,214.0,4,7,9,9.0,21,low,False,none
Octylbicycloheptenedicarboximide,spid:TP0001649H11,4,2,anchorboost_five,0.72927217959459,0.9633595458842115,214,0.8124677347402763,162.0,4,7,9,12.0,21,low,False,fixed_maximin
Octylbicycloheptenedicarboximide,spid:TP0001649H11,4,2,anchorboost_five,0.8498228699608159,1.13471643138888,214,0.8980270901184106,160.5,4,7,9,12.0,21,low,False,uniform_random
Octylbicycloheptenedicarboximide,spid:TP0001649H11,4,2,anchorboost_five,0.72927217959459,0.9633595458842115,214,0.8124677347402763,162.0,4,7,9,12.0,21,low,False,model_disagreement
Octylbicycloheptenedicarboximide,spid:TP0001649H11,4,2,cnp,1.2372006177902222,1.2372006177902222,214,1.2372006177902222,214.0,4,7,9,9.0,21,low,False,none
Octylbicycloheptenedicarboximide,spid:TP0001649H11,4,2,cnp,0.7790175080299377,1.0290725231170654,214,0.8520229458808899,162.0,4,7,9,12.0,21,low,False,fixed_maximin
Octylbicycloheptenedicarboximide,spid:TP0001649H11,4,2,cnp,0.8760600835084915,1.1695163547992706,214,0.9279004633426666,160.5,4,7,9,12.0,21,low,False,uniform_random
Octylbicycloheptenedicarboximide,spid:TP0001649H11,4,2,cnp,0.7790175080299377,1.0290725231170654,214,0.8520229458808899,162.0,4,7,9,12.0,21,low,False,model_disagreement
Octylbicycloheptenedicarboximide,spid:TP0001649H11,4,3,interpolation,1.3818690776824951,1.3818690776824951,214,1.3818690776824951,214.0,4,7,9,9.0,21,low,False,none
Octylbicycloheptenedicarboximide,spid:TP0001649H11,4,3,interpolation,0.8349173069000244,1.1029155254364014,214,0.937057375907898,162.0,4,7,9,12.0,21,low,False,fixed_maximin
Octylbicycloheptenedicarboximide,spid:TP0001649H11,4,3,interpolation,0.9753161817789078,1.3022119998931885,214,1.0364017933607101,160.5,4,7,9,12.0,21,low,False,uniform_random
Octylbicycloheptenedicarboximide,spid:TP0001649H11,4,3,interpolation,0.8349173069000244,1.1029155254364014,214,0.937057375907898,162.0,4,7,9,12.0,21,low,False,model_disagreement
Octylbicycloheptenedicarboximide,spid:TP0001649H11,4,3,anchorboost_all,1.2561254575063885,1.2561254575063885,214,1.2561254575063885,214.0,4,7,9,9.0,21,low,False,none
Octylbicycloheptenedicarboximide,spid:TP0001649H11,4,3,anchorboost_all,0.6938811909889013,0.916608486861882,214,0.8013438391487094,162.0,4,7,9,12.0,21,low,False,fixed_maximin
Octylbicycloheptenedicarboximide,spid:TP0001649H11,4,3,anchorboost_all,0.8520628280230647,1.1381423226941112,214,0.9420940931297913,160.5,4,7,9,12.0,21,low,False,uniform_random
Octylbicycloheptenedicarboximide,spid:TP0001649H11,4,3,anchorboost_all,0.6938811909889013,0.916608486861882,214,0.8013438391487094,162.0,4,7,9,12.0,21,low,False,model_disagreement
Octylbicycloheptenedicarboximide,spid:TP0001649H11,4,3,anchorboost_five,1.2539051815626836,1.2539051815626836,214,1.2539051815626836,214.0,4,7,9,9.0,21,low,False,none
Octylbicycloheptenedicarboximide,spid:TP0001649H11,4,3,anchorboost_five,0.6964158404539416,0.9199567275132314,214,0.8145386011150114,162.0,4,7,9,12.0,21,low,False,fixed_maximin
Octylbicycloheptenedicarboximide,spid:TP0001649H11,4,3,anchorboost_five,0.8425798784344558,1.1253433822577845,214,0.9404288861720126,160.5,4,7,9,12.0,21,low,False,uniform_random
Octylbicycloheptenedicarboximide,spid:TP0001649H11,4,3,anchorboost_five,0.6964158404539416,0.9199567275132314,214,0.8145386011150114,162.0,4,7,9,12.0,21,low,False,model_disagreement
Octylbicycloheptenedicarboximide,spid:TP0001649H11,4,3,cnp,1.173630952835083,1.173630952835083,214,1.173630952835083,214.0,4,7,9,9.0,21,low,False,none
Octylbicycloheptenedicarboximide,spid:TP0001649H11,4,3,cnp,0.7197971940040588,0.9508431553840637,214,0.7884714603424072,162.0,4,7,9,12.0,21,low,False,fixed_maximin
Octylbicycloheptenedicarboximide,spid:TP0001649H11,4,3,cnp,0.8279855698347092,1.105614334344864,214,0.8802231997251511,160.5,4,7,9,12.0,21,low,False,uniform_random
Octylbicycloheptenedicarboximide,spid:TP0001649H11,4,3,cnp,0.7197971940040588,0.9508431553840637,214,0.7884714603424072,162.0,4,7,9,12.0,21,low,False,model_disagreement
Octylbicycloheptenedicarboximide,spid:TP0001649H11,4,4,interpolation,1.1935759782791138,1.1935759782791138,217,1.1935759782791138,217.0,4,7,9,9.0,21,low,False,none
Octylbicycloheptenedicarboximide,spid:TP0001649H11,4,4,interpolation,0.8072192668914795,1.081275224685669,217,0.8984975218772888,162.0,4,7,9,12.0,21,low,False,fixed_maximin
Octylbicycloheptenedicarboximide,spid:TP0001649H11,4,4,interpolation,0.8253806829452515,1.1001523435115814,217,0.8951820582151413,162.75,4,7,9,12.0,21,low,False,uniform_random
Octylbicycloheptenedicarboximide,spid:TP0001649H11,4,4,interpolation,0.8951504826545715,1.1772584915161133,217,0.8951504826545715,165.0,4,7,9,12.0,21,low,False,model_disagreement
Octylbicycloheptenedicarboximide,spid:TP0001649H11,4,4,anchorboost_all,0.9697084877819656,0.9697084877819656,217,0.9697084877819656,217.0,4,7,9,9.0,21,low,False,none
Octylbicycloheptenedicarboximide,spid:TP0001649H11,4,4,anchorboost_all,0.6917409730841333,0.9265913034522032,217,0.7297165509433263,162.0,4,7,9,12.0,21,low,False,fixed_maximin
Octylbicycloheptenedicarboximide,spid:TP0001649H11,4,4,anchorboost_all,0.6942853867603063,0.9257226979273739,217,0.7272813658364743,162.75,4,7,9,12.0,21,low,False,uniform_random
Octylbicycloheptenedicarboximide,spid:TP0001649H11,4,4,anchorboost_all,0.7024304599327714,0.92380248366916,217,0.7133249218880902,165.0,4,7,9,12.0,21,low,False,model_disagreement
Octylbicycloheptenedicarboximide,spid:TP0001649H11,4,4,anchorboost_five,0.945577070092802,0.945577070092802,217,0.945577070092802,217.0,4,7,9,9.0,21,low,False,none
Octylbicycloheptenedicarboximide,spid:TP0001649H11,4,4,anchorboost_five,0.6776420657972811,0.9077057301111727,217,0.7101105646655675,162.0,4,7,9,12.0,21,low,False,fixed_maximin
Octylbicycloheptenedicarboximide,spid:TP0001649H11,4,4,anchorboost_five,0.678830013813525,0.905329490419591,217,0.7091828025696015,162.75,4,7,9,12.0,21,low,False,uniform_random
Octylbicycloheptenedicarboximide,spid:TP0001649H11,4,4,anchorboost_five,0.651621294485988,0.8569807327482387,217,0.6882764774157569,165.0,4,7,9,12.0,21,low,False,model_disagreement
Octylbicycloheptenedicarboximide,spid:TP0001649H11,4,4,cnp,0.944235622882843,0.944235622882843,217,0.944235622882843,217.0,4,7,9,9.0,21,low,False,none
Octylbicycloheptenedicarboximide,spid:TP0001649H11,4,4,cnp,0.6572054028511047,0.8803308010101318,217,0.7004563808441162,162.0,4,7,9,12.0,21,low,False,fixed_maximin
Octylbicycloheptenedicarboximide,spid:TP0001649H11,4,4,cnp,0.6974353641271591,0.9299792647361755,217,0.7081766873598099,162.75,4,7,9,12.0,21,low,False,uniform_random
Octylbicycloheptenedicarboximide,spid:TP0001649H11,4,4,cnp,0.6963388919830322,0.9157912731170654,217,0.6969429850578308,165.0,4,7,9,12.0,21,low,False,model_disagreement
Paraquat dichloride,spid:EX000464,4,0,interpolation,0.7403203248977661,0.7403203248977661,208,0.7403203248977661,208.0,4,7,9,9.0,21,high,False,none
Paraquat dichloride,spid:EX000464,4,0,interpolation,0.30715829133987427,0.4563494622707367,208,0.28291937708854675,140.0,4,7,9,12.0,21,high,False,fixed_maximin
Paraquat dichloride,spid:EX000464,4,0,interpolation,0.5644900053739548,0.7363541796803474,208,0.555240273475647,156.0,4,7,9,12.0,21,high,False,uniform_random
Paraquat dichloride,spid:EX000464,4,0,interpolation,0.7403203248977661,0.8952711224555969,208,0.7403203248977661,172.0,4,7,9,12.0,21,high,False,model_disagreement
Paraquat dichloride,spid:EX000464,4,0,anchorboost_all,0.7155420778041834,0.7155420778041834,208,0.7155420778041834,208.0,4,7,9,9.0,21,high,False,none
Paraquat dichloride,spid:EX000464,4,0,anchorboost_all,0.2872667249823798,0.4267962771166786,208,0.2669440081385512,140.0,4,7,9,12.0,21,high,False,fixed_maximin
Paraquat dichloride,spid:EX000464,4,0,anchorboost_all,0.5404131552417711,0.7085908613838126,208,0.5366565583531375,156.0,4,7,9,12.0,21,high,False,uniform_random
Paraquat dichloride,spid:EX000464,4,0,anchorboost_all,0.6798242628255929,0.8221130620216475,208,0.6962735090420658,172.0,4,7,9,12.0,21,high,False,model_disagreement
Paraquat dichloride,spid:EX000464,4,0,anchorboost_five,0.7228854053192058,0.7228854053192058,208,0.7228854053192058,208.0,4,7,9,9.0,21,high,False,none
Paraquat dichloride,spid:EX000464,4,0,anchorboost_five,0.27571965492347844,0.4096406301720252,208,0.2599214818580896,140.0,4,7,9,12.0,21,high,False,fixed_maximin
Paraquat dichloride,spid:EX000464,4,0,anchorboost_five,0.5516364775800027,0.7202910849236532,208,0.5421640539894044,156.0,4,7,9,12.0,21,high,False,uniform_random
Paraquat dichloride,spid:EX000464,4,0,anchorboost_five,0.7135000447202139,0.8628372633825845,208,0.7153979415009426,172.0,4,7,9,12.0,21,high,False,model_disagreement
Paraquat dichloride,spid:EX000464,4,0,cnp,0.7264557480812073,0.7264557480812073,208,0.7264557480812073,208.0,4,7,9,9.0,21,high,False,none
Paraquat dichloride,spid:EX000464,4,0,cnp,0.2881603538990021,0.42812398076057434,208,0.28855589032173157,140.0,4,7,9,12.0,21,high,False,fixed_maximin
Paraquat dichloride,spid:EX000464,4,0,cnp,0.5504865795373917,0.717641718685627,208,0.5448418110609055,156.0,4,7,9,12.0,21,high,False,uniform_random
Paraquat dichloride,spid:EX000464,4,0,cnp,0.7214701771736145,0.8724755644798279,208,0.7218199968338013,172.0,4,7,9,12.0,21,high,False,model_disagreement
Paraquat dichloride,spid:EX000464,4,1,interpolation,0.7872754335403442,0.7872754335403442,208,0.7872754335403442,208.0,4,7,9,9.0,21,high,False,none
Paraquat dichloride,spid:EX000464,4,1,interpolation,0.7872754335403442,0.9520540237426758,208,0.7872754335403442,172.0,4,7,9,12.0,21,high,False,fixed_maximin
Paraquat dichloride,spid:EX000464,4,1,interpolation,0.5213249698281288,0.6657337918877602,208,0.5904565826058388,156.0,4,7,9,12.0,21,high,False,uniform_random
Paraquat dichloride,spid:EX000464,4,1,interpolation,0.7872754335403442,0.9520540237426758,208,0.7872754335403442,172.0,4,7,9,12.0,21,high,False,model_disagreement
Paraquat dichloride,spid:EX000464,4,1,anchorboost_all,0.5884403312518374,0.5884403312518374,208,0.5884403312518374,208.0,4,7,9,9.0,21,high,False,none
Paraquat dichloride,spid:EX000464,4,1,anchorboost_all,0.5505493382674995,0.6657805951141855,208,0.5712700463089928,172.0,4,7,9,12.0,21,high,False,fixed_maximin
Paraquat dichloride,spid:EX000464,4,1,anchorboost_all,0.4029087136668778,0.5221793663945214,208,0.441330248438878,156.0,4,7,9,12.0,21,high,False,uniform_random
Paraquat dichloride,spid:EX000464,4,1,anchorboost_all,0.5554500591881164,0.671707048320513,208,0.570412824158435,172.0,4,7,9,12.0,21,high,False,model_disagreement
Paraquat dichloride,spid:EX000464,4,1,anchorboost_five,0.6394653684063365,0.6394653684063365,208,0.6394653684063365,208.0,4,7,9,9.0,21,high,False,none
Paraquat dichloride,spid:EX000464,4,1,anchorboost_five,0.6102409532924721,0.7379658039815942,208,0.6289322388498674,172.0,4,7,9,12.0,21,high,False,fixed_maximin
Paraquat dichloride,spid:EX000464,4,1,anchorboost_five,0.42465679968696546,0.5472780104279932,208,0.47959902630475226,156.0,4,7,9,12.0,21,high,False,uniform_random
Paraquat dichloride,spid:EX000464,4,1,anchorboost_five,0.6001359544568058,0.7257458053896256,208,0.6285273652494225,172.0,4,7,9,12.0,21,high,False,model_disagreement
Paraquat dichloride,spid:EX000464,4,1,cnp,0.6301645636558533,0.6301645636558533,208,0.6301645636558533,208.0,4,7,9,9.0,21,high,False,none
Paraquat dichloride,spid:EX000464,4,1,cnp,0.6252540349960327,0.7561212778091431,208,0.6251993775367737,172.0,4,7,9,12.0,21,high,False,fixed_maximin
Paraquat dichloride,spid:EX000464,4,1,cnp,0.4335046373307705,0.5582123771309853,208,0.47262345999479294,156.0,4,7,9,12.0,21,high,False,uniform_random
Paraquat dichloride,spid:EX000464,4,1,cnp,0.6171187162399292,0.7462830543518066,208,0.6261840462684631,172.0,4,7,9,12.0,21,high,False,model_disagreement
Paraquat dichloride,spid:EX000464,4,2,interpolation,1.7329940795898438,1.7329940795898438,240,1.7329940795898438,240.0,4,7,9,9.0,21,high,False,none
Paraquat dichloride,spid:EX000464,4,2,interpolation,0.6823053956031799,0.9520540237426758,240,1.0251479148864746,172.0,4,7,9,12.0,21,high,False,fixed_maximin
Paraquat dichloride,spid:EX000464,4,2,interpolation,0.9102071970701218,1.1752278208732605,240,1.299745500087738,180.0,4,7,9,12.0,21,high,False,uniform_random
Paraquat dichloride,spid:EX000464,4,2,interpolation,0.6416110396385193,0.8952711224555969,240,1.3077247142791748,172.0,4,7,9,12.0,21,high,False,model_disagreement
Paraquat dichloride,spid:EX000464,4,2,anchorboost_all,1.2110437855498708,1.2110437855498708,240,1.2110437855498708,240.0,4,7,9,9.0,21,high,False,none
Paraquat dichloride,spid:EX000464,4,2,anchorboost_all,0.48139005129636764,0.671707048320513,240,0.6790496636257072,172.0,4,7,9,12.0,21,high,False,fixed_maximin
Paraquat dichloride,spid:EX000464,4,2,anchorboost_all,0.7081492004217891,0.9223483748359418,240,0.9082828391624029,180.0,4,7,9,12.0,21,high,False,uniform_random
Paraquat dichloride,spid:EX000464,4,2,anchorboost_all,0.5891810277821806,0.8221130620216475,240,0.9410893281193482,172.0,4,7,9,12.0,21,high,False,model_disagreement
Paraquat dichloride,spid:EX000464,4,2,anchorboost_five,1.1387861483963528,1.1387861483963528,240,1.1387861483963528,240.0,4,7,9,9.0,21,high,False,none
Paraquat dichloride,spid:EX000464,4,2,anchorboost_five,0.5201178271958985,0.7257458053896256,240,0.7007839107838646,172.0,4,7,9,12.0,21,high,False,fixed_maximin
Paraquat dichloride,spid:EX000464,4,2,anchorboost_five,0.7071859727117287,0.9258974467281027,240,0.8540896112972647,180.0,4,7,9,12.0,21,high,False,uniform_random
Paraquat dichloride,spid:EX000464,4,2,anchorboost_five,0.6183667054241854,0.8628372633825845,240,0.8618679421421713,172.0,4,7,9,12.0,21,high,False,model_disagreement
Paraquat dichloride,spid:EX000464,4,2,cnp,1.0766003131866455,1.0766003131866455,240,1.0766003131866455,240.0,4,7,9,9.0,21,high,False,none
Paraquat dichloride,spid:EX000464,4,2,cnp,0.5348361730575562,0.7462830543518066,240,0.6655376553535461,172.0,4,7,9,12.0,21,high,False,fixed_maximin
Paraquat dichloride,spid:EX000464,4,2,cnp,0.7030378133058548,0.9213755130767822,240,0.8074502050876617,180.0,4,7,9,12.0,21,high,False,uniform_random
Paraquat dichloride,spid:EX000464,4,2,cnp,0.6252740621566772,0.8724755644798279,240,0.7488430142402649,172.0,4,7,9,12.0,21,high,False,model_disagreement
Paraquat dichloride,spid:EX000464,4,3,interpolation,5.3229146003723145,5.3229146003723145,176,5.3229146003723145,176.0,4,7,9,9.0,21,high,False,none
Paraquat dichloride,spid:EX000464,4,3,interpolation,1.9347096681594849,2.432206392288208,176,3.628812313079834,140.0,4,7,9,12.0,21,high,False,fixed_maximin
Paraquat dichloride,spid:EX000464,4,3,interpolation,2.096010494977236,3.1082576662302017,176,3.992186188697815,132.0,4,7,9,12.0,21,high,False,uniform_random
Paraquat dichloride,spid:EX000464,4,3,interpolation,1.9347096681594849,2.432206392288208,176,3.628812313079834,140.0,4,7,9,12.0,21,high,False,model_disagreement
Paraquat dichloride,spid:EX000464,4,3,anchorboost_all,4.270423002593675,4.270423002593675,176,4.270423002593675,176.0,4,7,9,9.0,21,high,False,none
Paraquat dichloride,spid:EX000464,4,3,anchorboost_all,1.8402033666219924,2.313398518039076,176,3.154245800473841,140.0,4,7,9,12.0,21,high,False,fixed_maximin
Paraquat dichloride,spid:EX000464,4,3,anchorboost_all,1.7007004942574693,2.5074798991823055,176,3.202817251945256,132.0,4,7,9,12.0,21,high,False,uniform_random
Paraquat dichloride,spid:EX000464,4,3,anchorboost_all,1.8402033666219924,2.313398518039076,176,3.154245800473841,140.0,4,7,9,12.0,21,high,False,model_disagreement
Paraquat dichloride,spid:EX000464,4,3,anchorboost_five,3.955329184405902,3.955329184405902,176,3.955329184405902,176.0,4,7,9,9.0,21,high,False,none
Paraquat dichloride,spid:EX000464,4,3,anchorboost_five,1.6963883697301385,2.13260252194646,176,3.092866798106182,140.0,4,7,9,12.0,21,high,False,fixed_maximin
Paraquat dichloride,spid:EX000464,4,3,anchorboost_five,1.642228410800737,2.4041404215568374,176,2.9664968883044267,132.0,4,7,9,12.0,21,high,False,uniform_random
Paraquat dichloride,spid:EX000464,4,3,anchorboost_five,1.6963883697301385,2.13260252194646,176,3.092866798106182,140.0,4,7,9,12.0,21,high,False,model_disagreement
Paraquat dichloride,spid:EX000464,4,3,cnp,4.424118518829346,4.424118518829346,176,4.424118518829346,176.0,4,7,9,9.0,21,high,False,none
Paraquat dichloride,spid:EX000464,4,3,cnp,2.289628744125366,2.878390312194824,176,3.3442070484161377,140.0,4,7,9,12.0,21,high,False,fixed_maximin
Paraquat dichloride,spid:EX000464,4,3,cnp,2.0443210154771805,2.9608331322669983,176,3.3180888891220093,132.0,4,7,9,12.0,21,high,False,uniform_random
Paraquat dichloride,spid:EX000464,4,3,cnp,2.289628744125366,2.878390312194824,176,3.3442070484161377,140.0,4,7,9,12.0,21,high,False,model_disagreement
Paraquat dichloride,spid:EX000464,4,4,interpolation,0.6737518310546875,0.6737518310546875,208,0.6737518310546875,208.0,4,7,9,9.0,21,high,False,none
Paraquat dichloride,spid:EX000464,4,4,interpolation,0.6737518310546875,0.8147696852684021,208,0.6737518310546875,172.0,4,7,9,12.0,21,high,False,fixed_maximin
Paraquat dichloride,spid:EX000464,4,4,interpolation,0.505313865840435,0.657635509967804,208,0.505313865840435,156.0,4,7,9,12.0,21,high,False,uniform_random
Paraquat dichloride,spid:EX000464,4,4,interpolation,0.6737518310546875,0.8147696852684021,208,0.6737518310546875,172.0,4,7,9,12.0,21,high,False,model_disagreement
Paraquat dichloride,spid:EX000464,4,4,anchorboost_all,0.6734541270698559,0.6734541270698559,208,0.6734541270698559,208.0,4,7,9,9.0,21,high,False,none
Paraquat dichloride,spid:EX000464,4,4,anchorboost_all,0.6475588045851794,0.7830943683355658,208,0.6560024757066976,172.0,4,7,9,12.0,21,high,False,fixed_maximin
Paraquat dichloride,spid:EX000464,4,4,anchorboost_all,0.5054676627662357,0.66157013875805,208,0.5050905953023919,156.0,4,7,9,12.0,21,high,False,uniform_random
Paraquat dichloride,spid:EX000464,4,4,anchorboost_all,0.6463126868997973,0.781587435320685,208,0.6502545702932933,172.0,4,7,9,12.0,21,high,False,model_disagreement
Paraquat dichloride,spid:EX000464,4,4,anchorboost_five,0.6740071479601897,0.6740071479601897,208,0.6740071479601897,208.0,4,7,9,9.0,21,high,False,none
Paraquat dichloride,spid:EX000464,4,4,anchorboost_five,0.6801208802382825,0.8224717621486207,208,0.6640692956719269,172.0,4,7,9,12.0,21,high,False,fixed_maximin
Paraquat dichloride,spid:EX000464,4,4,anchorboost_five,0.5133551787574591,0.6696308710915866,208,0.5055053609701422,156.0,4,7,9,12.0,21,high,False,uniform_random
Paraquat dichloride,spid:EX000464,4,4,anchorboost_five,0.6666841073467233,0.8062226414425493,208,0.6639197312356425,172.0,4,7,9,12.0,21,high,False,model_disagreement
Paraquat dichloride,spid:EX000464,4,4,cnp,0.6582635045051575,0.6582635045051575,208,0.6582635045051575,208.0,4,7,9,9.0,21,high,False,none
Paraquat dichloride,spid:EX000464,4,4,cnp,0.6494411826133728,0.7853707671165466,208,0.6521365642547607,172.0,4,7,9,12.0,21,high,False,fixed_maximin
Paraquat dichloride,spid:EX000464,4,4,cnp,0.4914097376167774,0.6403486579656601,208,0.4936976321041584,156.0,4,7,9,12.0,21,high,False,uniform_random
Paraquat dichloride,spid:EX000464,4,4,cnp,0.6492843627929688,0.7851811051368713,208,0.6538642048835754,172.0,4,7,9,12.0,21,high,False,model_disagreement
Perfluoroundecanoic acid,spid:TP0001411E11,4,0,interpolation,1.2871183156967163,1.2871183156967163,258,1.2871183156967163,258.0,4,7,9,9.0,21,low,False,none
Perfluoroundecanoic acid,spid:TP0001411E11,4,0,interpolation,0.648540735244751,0.8714767098426819,258,0.8447792530059814,192.0,4,7,9,12.0,21,low,False,fixed_maximin
Perfluoroundecanoic acid,spid:TP0001411E11,4,0,interpolation,0.8524670600891113,1.134365364909172,258,0.9653387665748596,193.5,4,7,9,12.0,21,low,False,uniform_random
Perfluoroundecanoic acid,spid:TP0001411E11,4,0,interpolation,0.648540735244751,0.8714767098426819,258,0.8447792530059814,192.0,4,7,9,12.0,21,low,False,model_disagreement
Perfluoroundecanoic acid,spid:TP0001411E11,4,0,anchorboost_all,0.8438433293103107,0.8438433293103107,258,0.8438433293103107,258.0,4,7,9,9.0,21,low,False,none
Perfluoroundecanoic acid,spid:TP0001411E11,4,0,anchorboost_all,0.5226077920040834,0.702254220505487,258,0.5807865649228011,192.0,4,7,9,12.0,21,low,False,fixed_maximin
Perfluoroundecanoic acid,spid:TP0001411E11,4,0,anchorboost_all,0.5826006665755985,0.7763401391517251,258,0.6328824969827331,193.5,4,7,9,12.0,21,low,False,uniform_random
Perfluoroundecanoic acid,spid:TP0001411E11,4,0,anchorboost_all,0.5226077920040834,0.702254220505487,258,0.5807865649228011,192.0,4,7,9,12.0,21,low,False,model_disagreement
Perfluoroundecanoic acid,spid:TP0001411E11,4,0,anchorboost_five,0.8910058080452901,0.8910058080452901,258,0.8910058080452901,258.0,4,7,9,9.0,21,low,False,none
Perfluoroundecanoic acid,spid:TP0001411E11,4,0,anchorboost_five,0.532256229103079,0.7152193078572625,258,0.6055522068504149,192.0,4,7,9,12.0,21,low,False,fixed_maximin
Perfluoroundecanoic acid,spid:TP0001411E11,4,0,anchorboost_five,0.6144068451387452,0.8185586817012729,258,0.6682543560339675,193.5,4,7,9,12.0,21,low,False,uniform_random
Perfluoroundecanoic acid,spid:TP0001411E11,4,0,anchorboost_five,0.532256229103079,0.7152193078572625,258,0.6055522068504149,192.0,4,7,9,12.0,21,low,False,model_disagreement
Perfluoroundecanoic acid,spid:TP0001411E11,4,0,cnp,0.8560301661491394,0.8560301661491394,258,0.8560301661491394,258.0,4,7,9,9.0,21,low,False,none
Perfluoroundecanoic acid,spid:TP0001411E11,4,0,cnp,0.5525870323181152,0.7425389289855957,258,0.6209954023361206,192.0,4,7,9,12.0,21,low,False,fixed_maximin
Perfluoroundecanoic acid,spid:TP0001411E11,4,0,cnp,0.6055988222360611,0.806941419839859,258,0.6420226246118546,193.5,4,7,9,12.0,21,low,False,uniform_random
Perfluoroundecanoic acid,spid:TP0001411E11,4,0,cnp,0.5525870323181152,0.7425389289855957,258,0.6209954023361206,192.0,4,7,9,12.0,21,low,False,model_disagreement
Perfluoroundecanoic acid,spid:TP0001411E11,4,1,interpolation,0.973105788230896,0.973105788230896,260,0.973105788230896,260.0,4,7,9,9.0,21,low,False,none
Perfluoroundecanoic acid,spid:TP0001411E11,4,1,interpolation,0.7874541878700256,1.0553510189056396,260,0.7874541878700256,194.0,4,7,9,12.0,21,low,False,fixed_maximin
Perfluoroundecanoic acid,spid:TP0001411E11,4,1,interpolation,0.7298293560743332,0.9717931896448135,260,0.7298293560743332,195.0,4,7,9,12.0,21,low,False,uniform_random
Perfluoroundecanoic acid,spid:TP0001411E11,4,1,interpolation,0.7887381315231323,1.0409742593765259,260,0.7887381315231323,197.0,4,7,9,12.0,21,low,False,model_disagreement
Perfluoroundecanoic acid,spid:TP0001411E11,4,1,anchorboost_all,0.9449862394578896,0.9449862394578896,260,0.9449862394578896,260.0,4,7,9,9.0,21,low,False,none
Perfluoroundecanoic acid,spid:TP0001411E11,4,1,anchorboost_all,0.7478112383049408,1.0022212472128071,260,0.7413146044982875,194.0,4,7,9,12.0,21,low,False,fixed_maximin
Perfluoroundecanoic acid,spid:TP0001411E11,4,1,anchorboost_all,0.7056920402190522,0.939561937734517,260,0.7087396795934173,195.0,4,7,9,12.0,21,low,False,uniform_random
Perfluoroundecanoic acid,spid:TP0001411E11,4,1,anchorboost_all,0.7751751465054556,1.0230737974183677,260,0.7773933248933654,197.0,4,7,9,12.0,21,low,False,model_disagreement
Perfluoroundecanoic acid,spid:TP0001411E11,4,1,anchorboost_five,0.9516940710902487,0.9516940710902487,260,0.9516940710902487,260.0,4,7,9,9.0,21,low,False,none
Perfluoroundecanoic acid,spid:TP0001411E11,4,1,anchorboost_five,0.7500654535022343,1.0052423603638192,260,0.7430633232150393,194.0,4,7,9,12.0,21,low,False,fixed_maximin
Perfluoroundecanoic acid,spid:TP0001411E11,4,1,anchorboost_five,0.711501166297034,0.9473318434621547,260,0.7137705533176866,195.0,4,7,9,12.0,21,low,False,uniform_random
Perfluoroundecanoic acid,spid:TP0001411E11,4,1,anchorboost_five,0.7685825791857427,1.0143729471486955,260,0.7794733476570528,197.0,4,7,9,12.0,21,low,False,model_disagreement
Perfluoroundecanoic acid,spid:TP0001411E11,4,1,cnp,0.9494984149932861,0.9494984149932861,260,0.9494984149932861,260.0,4,7,9,9.0,21,low,False,none
Perfluoroundecanoic acid,spid:TP0001411E11,4,1,cnp,0.7753233909606934,1.0390933752059937,260,0.7695589661598206,194.0,4,7,9,12.0,21,low,False,fixed_maximin
Perfluoroundecanoic acid,spid:TP0001411E11,4,1,cnp,0.7133327424526215,0.9497158974409103,260,0.7121238112449646,195.0,4,7,9,12.0,21,low,False,uniform_random
Perfluoroundecanoic acid,spid:TP0001411E11,4,1,cnp,0.7862696647644043,1.037716269493103,260,0.7814422249794006,197.0,4,7,9,12.0,21,low,False,model_disagreement
Perfluoroundecanoic acid,spid:TP0001411E11,4,2,interpolation,1.0169342756271362,1.0169342756271362,263,1.0169342756271362,263.0,4,7,9,9.0,21,low,True,none
Perfluoroundecanoic acid,spid:TP0001411E11,4,2,interpolation,0.7114600539207458,0.9498172998428345,263,0.751950204372406,197.0,4,7,9,12.0,21,low,True,fixed_maximin
Perfluoroundecanoic acid,spid:TP0001411E11,4,2,interpolation,0.8398609459400177,1.120386928319931,263,0.762700691819191,197.25,4,7,9,12.0,21,low,True,uniform_random
Perfluoroundecanoic acid,spid:TP0001411E11,4,2,interpolation,0.7114600539207458,0.9498172998428345,263,0.751950204372406,197.0,4,7,9,12.0,21,low,True,model_disagreement
Perfluoroundecanoic acid,spid:TP0001411E11,4,2,anchorboost_all,0.9093073566654715,0.9093073566654715,263,0.9093073566654715,263.0,4,7,9,9.0,21,low,True,none
Perfluoroundecanoic acid,spid:TP0001411E11,4,2,anchorboost_all,0.6864625779825617,0.9164449645147906,263,0.6907393028962887,197.0,4,7,9,12.0,21,low,True,fixed_maximin
Perfluoroundecanoic acid,spid:TP0001411E11,4,2,anchorboost_all,0.694876904720329,0.9256628722857845,263,0.6819805174991036,197.25,4,7,9,12.0,21,low,True,uniform_random
Perfluoroundecanoic acid,spid:TP0001411E11,4,2,anchorboost_all,0.6864625779825617,0.9164449645147906,263,0.6907393028962887,197.0,4,7,9,12.0,21,low,True,model_disagreement
Perfluoroundecanoic acid,spid:TP0001411E11,4,2,anchorboost_five,0.909473467252543,0.909473467252543,263,0.909473467252543,263.0,4,7,9,9.0,21,low,True,none
Perfluoroundecanoic acid,spid:TP0001411E11,4,2,anchorboost_five,0.686356275517221,0.9163030480255288,263,0.685297662718429,197.0,4,7,9,12.0,21,low,True,fixed_maximin
Perfluoroundecanoic acid,spid:TP0001411E11,4,2,anchorboost_five,0.7002013080858847,0.932948348236921,263,0.6821051004394072,197.25,4,7,9,12.0,21,low,True,uniform_random
Perfluoroundecanoic acid,spid:TP0001411E11,4,2,anchorboost_five,0.686356275517221,0.9163030480255288,263,0.685297662718429,197.0,4,7,9,12.0,21,low,True,model_disagreement
Perfluoroundecanoic acid,spid:TP0001411E11,4,2,cnp,0.9281496405601501,0.9281496405601501,263,0.9281496405601501,263.0,4,7,9,9.0,21,low,True,none
Perfluoroundecanoic acid,spid:TP0001411E11,4,2,cnp,0.7160128951072693,0.9558954238891602,263,0.7262999415397644,197.0,4,7,9,12.0,21,low,True,fixed_maximin
Perfluoroundecanoic acid,spid:TP0001411E11,4,2,cnp,0.7162562906742096,0.9544622898101807,263,0.6961122378706932,197.25,4,7,9,12.0,21,low,True,uniform_random
Perfluoroundecanoic acid,spid:TP0001411E11,4,2,cnp,0.7160128951072693,0.9558954238891602,263,0.7262999415397644,197.0,4,7,9,12.0,21,low,True,model_disagreement
Perfluoroundecanoic acid,spid:TP0001411E11,4,3,interpolation,1.3293315172195435,1.3293315172195435,252,1.3293315172195435,252.0,4,7,9,9.0,21,high,False,none
Perfluoroundecanoic acid,spid:TP0001411E11,4,3,interpolation,0.6821061372756958,0.9094748497009277,252,1.0054633617401123,189.0,4,7,9,12.0,21,high,False,fixed_maximin
Perfluoroundecanoic acid,spid:TP0001411E11,4,3,interpolation,0.6414415687322617,0.8552554100751877,252,0.99699866771698,189.0,4,7,9,12.0,21,high,False,uniform_random
Perfluoroundecanoic acid,spid:TP0001411E11,4,3,interpolation,0.6821061372756958,0.9094748497009277,252,1.0054633617401123,189.0,4,7,9,12.0,21,high,False,model_disagreement
Perfluoroundecanoic acid,spid:TP0001411E11,4,3,anchorboost_all,2.060984045191508,2.060984045191508,252,2.060984045191508,252.0,4,7,9,9.0,21,high,False,none
Perfluoroundecanoic acid,spid:TP0001411E11,4,3,anchorboost_all,0.5152953559122446,0.6870604745496596,252,1.368764848321306,189.0,4,7,9,12.0,21,high,False,fixed_maximin
Perfluoroundecanoic acid,spid:TP0001411E11,4,3,anchorboost_all,0.5513503106216504,0.7351337474955337,252,1.545738033893631,189.0,4,7,9,12.0,21,high,False,uniform_random
Perfluoroundecanoic acid,spid:TP0001411E11,4,3,anchorboost_all,0.5152953559122446,0.6870604745496596,252,1.368764848321306,189.0,4,7,9,12.0,21,high,False,model_disagreement
Perfluoroundecanoic acid,spid:TP0001411E11,4,3,anchorboost_five,2.1515399691853814,2.1515399691853814,252,2.1515399691853814,252.0,4,7,9,9.0,21,high,False,none
Perfluoroundecanoic acid,spid:TP0001411E11,4,3,anchorboost_five,0.5168412764219159,0.689121701895888,252,1.3782362044732304,189.0,4,7,9,12.0,21,high,False,fixed_maximin
Perfluoroundecanoic acid,spid:TP0001411E11,4,3,anchorboost_five,0.5742701565171792,0.7656935420229056,252,1.613654976889036,189.0,4,7,9,12.0,21,high,False,uniform_random
Perfluoroundecanoic acid,spid:TP0001411E11,4,3,anchorboost_five,0.5168412764219159,0.689121701895888,252,1.3782362044732304,189.0,4,7,9,12.0,21,high,False,model_disagreement
Perfluoroundecanoic acid,spid:TP0001411E11,4,3,cnp,1.0900605916976929,1.0900605916976929,252,1.0900605916976929,252.0,4,7,9,9.0,21,high,False,none
Perfluoroundecanoic acid,spid:TP0001411E11,4,3,cnp,0.5273444056510925,0.7031258940696716,252,0.6295650601387024,189.0,4,7,9,12.0,21,high,False,fixed_maximin
Perfluoroundecanoic acid,spid:TP0001411E11,4,3,cnp,0.5871971249580383,0.782929539680481,252,0.8175455033779144,189.0,4,7,9,12.0,21,high,False,uniform_random
Perfluoroundecanoic acid,spid:TP0001411E11,4,3,cnp,0.5273444056510925,0.7031258940696716,252,0.6295650601387024,189.0,4,7,9,12.0,21,high,False,model_disagreement
Perfluoroundecanoic acid,spid:TP0001411E11,4,4,interpolation,1.0229719877243042,1.0229719877243042,257,1.0229719877243042,257.0,4,7,9,9.0,21,low,False,none
Perfluoroundecanoic acid,spid:TP0001411E11,4,4,interpolation,0.7901831865310669,1.0467889308929443,257,0.8277897238731384,194.0,4,7,9,12.0,21,low,False,fixed_maximin
Perfluoroundecanoic acid,spid:TP0001411E11,4,4,interpolation,0.7500945627689362,0.9987117797136307,257,0.7672290056943893,192.75,4,7,9,12.0,21,low,False,uniform_random
Perfluoroundecanoic acid,spid:TP0001411E11,4,4,interpolation,0.7901831865310669,1.0467889308929443,257,0.8277897238731384,194.0,4,7,9,12.0,21,low,False,model_disagreement
Perfluoroundecanoic acid,spid:TP0001411E11,4,4,anchorboost_all,0.9378376445252661,0.9378376445252661,257,0.9378376445252661,257.0,4,7,9,9.0,21,low,False,none
Perfluoroundecanoic acid,spid:TP0001411E11,4,4,anchorboost_all,0.7390167405093924,0.9790067129428548,257,0.7456415385167909,194.0,4,7,9,12.0,21,low,False,fixed_maximin
Perfluoroundecanoic acid,spid:TP0001411E11,4,4,anchorboost_all,0.7157758556927682,0.9533099843874451,257,0.7033782333939496,192.75,4,7,9,12.0,21,low,False,uniform_random
Perfluoroundecanoic acid,spid:TP0001411E11,4,4,anchorboost_all,0.7390167405093924,0.9790067129428548,257,0.7456415385167909,194.0,4,7,9,12.0,21,low,False,model_disagreement
Perfluoroundecanoic acid,spid:TP0001411E11,4,4,anchorboost_five,0.9462483170495622,0.9462483170495622,257,0.9462483170495622,257.0,4,7,9,9.0,21,low,False,none
Perfluoroundecanoic acid,spid:TP0001411E11,4,4,anchorboost_five,0.7387274588292729,0.9786234892738306,257,0.741515375997322,194.0,4,7,9,12.0,21,low,False,fixed_maximin
Perfluoroundecanoic acid,spid:TP0001411E11,4,4,anchorboost_five,0.7374157516528048,0.9827171905319726,257,0.7096862377871717,192.75,4,7,9,12.0,21,low,False,uniform_random
Perfluoroundecanoic acid,spid:TP0001411E11,4,4,anchorboost_five,0.7387274588292729,0.9786234892738306,257,0.741515375997322,194.0,4,7,9,12.0,21,low,False,model_disagreement
Perfluoroundecanoic acid,spid:TP0001411E11,4,4,cnp,1.0159955024719238,1.0159955024719238,257,1.0159955024719238,257.0,4,7,9,9.0,21,low,False,none
Perfluoroundecanoic acid,spid:TP0001411E11,4,4,cnp,0.7858226299285889,1.0410125255584717,257,0.782353401184082,194.0,4,7,9,12.0,21,low,False,fixed_maximin
Perfluoroundecanoic acid,spid:TP0001411E11,4,4,cnp,0.8158661723136902,1.085460126399994,257,0.7619966119527817,192.75,4,7,9,12.0,21,low,False,uniform_random
Perfluoroundecanoic acid,spid:TP0001411E11,4,4,cnp,0.7858226299285889,1.0410125255584717,257,0.782353401184082,194.0,4,7,9,12.0,21,low,False,model_disagreement
Phenobarbital,spid:EX000348,4,0,interpolation,0.8258249759674072,0.8258249759674072,252,0.8258249759674072,252.0,4,7,9,9.0,21,low,False,none
Phenobarbital,spid:EX000348,4,0,interpolation,0.6214594841003418,0.8286126255989075,252,0.5771012306213379,189.0,4,7,9,12.0,21,low,False,fixed_maximin
Phenobarbital,spid:EX000348,4,0,interpolation,0.6429115384817123,0.857215404510498,252,0.6193687319755554,189.0,4,7,9,12.0,21,low,False,uniform_random
Phenobarbital,spid:EX000348,4,0,interpolation,0.6483179926872253,0.8644239902496338,252,0.6483179926872253,189.0,4,7,9,12.0,21,low,False,model_disagreement
Phenobarbital,spid:EX000348,4,0,anchorboost_all,0.9468580686060979,0.9468580686060979,252,0.9468580686060979,252.0,4,7,9,9.0,21,low,False,none
Phenobarbital,spid:EX000348,4,0,anchorboost_all,0.6666278454714446,0.8888371272952594,252,0.6641777792700905,189.0,4,7,9,12.0,21,low,False,fixed_maximin
Phenobarbital,spid:EX000348,4,0,anchorboost_all,0.6714266922097534,0.8952355896130043,252,0.7101435514545734,189.0,4,7,9,12.0,21,low,False,uniform_random
Phenobarbital,spid:EX000348,4,0,anchorboost_all,0.653284949325535,0.8710465991007131,252,0.6823114689437163,189.0,4,7,9,12.0,21,low,False,model_disagreement
Phenobarbital,spid:EX000348,4,0,anchorboost_five,0.8989590453661317,0.8989590453661317,252,0.8989590453661317,252.0,4,7,9,9.0,21,low,False,none
Phenobarbital,spid:EX000348,4,0,anchorboost_five,0.6250078458704075,0.8333437944938766,252,0.6167407986185724,189.0,4,7,9,12.0,21,low,False,fixed_maximin
Phenobarbital,spid:EX000348,4,0,anchorboost_five,0.6660298737600858,0.8880398316801145,252,0.6742192840245987,189.0,4,7,9,12.0,21,low,False,uniform_random
Phenobarbital,spid:EX000348,4,0,anchorboost_five,0.6668044514533846,0.8890726019378464,252,0.6783648415202799,189.0,4,7,9,12.0,21,low,False,model_disagreement
Phenobarbital,spid:EX000348,4,0,cnp,1.2857590913772583,1.2857590913772583,252,1.2857590913772583,252.0,4,7,9,9.0,21,low,False,none
Phenobarbital,spid:EX000348,4,0,cnp,1.047924518585205,1.3972326517105103,252,0.9978042840957642,189.0,4,7,9,12.0,21,low,False,fixed_maximin
Phenobarbital,spid:EX000348,4,0,cnp,0.9607957303524017,1.2810609936714172,252,0.9643194079399109,189.0,4,7,9,12.0,21,low,False,uniform_random
Phenobarbital,spid:EX000348,4,0,cnp,0.7463850975036621,0.9951802492141724,252,0.7480024099349976,189.0,4,7,9,12.0,21,low,False,model_disagreement
Phenobarbital,spid:EX000348,4,1,interpolation,0.8102954626083374,0.8102954626083374,252,0.8102954626083374,252.0,4,7,9,9.0,21,low,False,none
Phenobarbital,spid:EX000348,4,1,interpolation,0.5443220734596252,0.7257627248764038,252,0.538670003414154,189.0,4,7,9,12.0,21,low,False,fixed_maximin
Phenobarbital,spid:EX000348,4,1,interpolation,0.6090065389871597,0.8120086938142776,252,0.607721596956253,189.0,4,7,9,12.0,21,low,False,uniform_random
Phenobarbital,spid:EX000348,4,1,interpolation,0.6327884197235107,0.8437178730964661,252,0.6327884197235107,189.0,4,7,9,12.0,21,low,False,model_disagreement
Phenobarbital,spid:EX000348,4,1,anchorboost_all,0.7878926154916562,0.7878926154916562,252,0.7878926154916562,252.0,4,7,9,9.0,21,low,False,none
Phenobarbital,spid:EX000348,4,1,anchorboost_all,0.5306934562180704,0.7075912749574272,252,0.521163483250354,189.0,4,7,9,12.0,21,low,False,fixed_maximin
Phenobarbital,spid:EX000348,4,1,anchorboost_all,0.5880518046148302,0.7840690728197736,252,0.5909194616187423,189.0,4,7,9,12.0,21,low,False,uniform_random
Phenobarbital,spid:EX000348,4,1,anchorboost_all,0.5488146296267516,0.7317528395023355,252,0.5502195840421675,189.0,4,7,9,12.0,21,low,False,model_disagreement
Phenobarbital,spid:EX000348,4,1,anchorboost_five,0.7736783792256323,0.7736783792256323,252,0.7736783792256323,252.0,4,7,9,9.0,21,low,False,none
Phenobarbital,spid:EX000348,4,1,anchorboost_five,0.5059259479146256,0.6745679305528341,252,0.5144158754086557,189.0,4,7,9,12.0,21,low,False,fixed_maximin
Phenobarbital,spid:EX000348,4,1,anchorboost_five,0.5870743347893264,0.7827657797191018,252,0.5802587844192243,189.0,4,7,9,12.0,21,low,False,uniform_random
Phenobarbital,spid:EX000348,4,1,anchorboost_five,0.5575545930649348,0.7434061240865798,252,0.531191988118345,189.0,4,7,9,12.0,21,low,False,model_disagreement
Phenobarbital,spid:EX000348,4,1,cnp,1.157830834388733,1.157830834388733,252,1.157830834388733,252.0,4,7,9,9.0,21,low,False,none
Phenobarbital,spid:EX000348,4,1,cnp,0.9312841296195984,1.241712212562561,252,0.9029673337936401,189.0,4,7,9,12.0,21,low,False,fixed_maximin
Phenobarbital,spid:EX000348,4,1,cnp,0.8800117075443268,1.1733490228652954,252,0.8683731555938721,189.0,4,7,9,12.0,21,low,False,uniform_random
Phenobarbital,spid:EX000348,4,1,cnp,0.6118624210357666,0.8158166408538818,252,0.6171889901161194,189.0,4,7,9,12.0,21,low,False,model_disagreement
Phenobarbital,spid:EX000348,4,2,interpolation,0.986530065536499,0.986530065536499,249,0.986530065536499,249.0,4,7,9,9.0,21,low,False,none
Phenobarbital,spid:EX000348,4,2,interpolation,0.669726550579071,0.896569550037384,249,0.7094530463218689,186.0,4,7,9,12.0,21,low,False,fixed_maximin
Phenobarbital,spid:EX000348,4,2,interpolation,0.7702433913946152,1.0258410274982452,249,0.7398975342512131,186.75,4,7,9,12.0,21,low,False,uniform_random
Phenobarbital,spid:EX000348,4,2,interpolation,0.669726550579071,0.896569550037384,249,0.7094530463218689,186.0,4,7,9,12.0,21,low,False,model_disagreement
Phenobarbital,spid:EX000348,4,2,anchorboost_all,1.1121918920232141,1.1121918920232141,249,1.1121918920232141,249.0,4,7,9,9.0,21,low,False,none
Phenobarbital,spid:EX000348,4,2,anchorboost_all,0.6426402092259372,0.8603086671895609,249,0.7419170845302767,186.0,4,7,9,12.0,21,low,False,fixed_maximin
Phenobarbital,spid:EX000348,4,2,anchorboost_all,0.8083660460108997,1.0770328815994838,249,0.8341439190174105,186.75,4,7,9,12.0,21,low,False,uniform_random
Phenobarbital,spid:EX000348,4,2,anchorboost_all,0.6426402092259372,0.8603086671895609,249,0.7419170845302767,186.0,4,7,9,12.0,21,low,False,model_disagreement
Phenobarbital,spid:EX000348,4,2,anchorboost_five,1.033499759374691,1.033499759374691,249,1.033499759374691,249.0,4,7,9,9.0,21,low,False,none
Phenobarbital,spid:EX000348,4,2,anchorboost_five,0.6534652331797122,0.874800231514776,249,0.7001819152271077,186.0,4,7,9,12.0,21,low,False,fixed_maximin
Phenobarbital,spid:EX000348,4,2,anchorboost_five,0.7842388020077338,1.0450436810144441,249,0.7751248195310184,186.75,4,7,9,12.0,21,low,False,uniform_random
Phenobarbital,spid:EX000348,4,2,anchorboost_five,0.6534652331797122,0.874800231514776,249,0.7001819152271077,186.0,4,7,9,12.0,21,low,False,model_disagreement
Phenobarbital,spid:EX000348,4,2,cnp,3.0635740756988525,3.0635740756988525,249,3.0635740756988525,249.0,4,7,9,9.0,21,low,False,none
Phenobarbital,spid:EX000348,4,2,cnp,0.6283632516860962,0.8411960601806641,249,1.7164559364318848,186.0,4,7,9,12.0,21,low,False,fixed_maximin
Phenobarbital,spid:EX000348,4,2,cnp,1.5113827586174011,2.0149439573287964,249,2.2976805567741394,186.75,4,7,9,12.0,21,low,False,uniform_random
Phenobarbital,spid:EX000348,4,2,cnp,0.6283632516860962,0.8411960601806641,249,1.7164559364318848,186.0,4,7,9,12.0,21,low,False,model_disagreement
Phenobarbital,spid:EX000348,4,3,interpolation,0.9675782918930054,0.9675782918930054,249,0.9675782918930054,249.0,4,7,9,9.0,21,low,False,none
Phenobarbital,spid:EX000348,4,3,interpolation,0.6931987404823303,0.9279918670654297,249,0.6931987404823303,186.0,4,7,9,12.0,21,low,False,fixed_maximin
Phenobarbital,spid:EX000348,4,3,interpolation,0.6974638998508453,0.9304841756820679,249,0.7256837338209152,186.75,4,7,9,12.0,21,low,False,uniform_random
Phenobarbital,spid:EX000348,4,3,interpolation,0.7879326343536377,1.054813027381897,249,0.7879326343536377,186.0,4,7,9,12.0,21,low,False,model_disagreement
Phenobarbital,spid:EX000348,4,3,anchorboost_all,0.8798732689715749,0.8798732689715749,249,0.8798732689715749,249.0,4,7,9,9.0,21,low,False,none
Phenobarbital,spid:EX000348,4,3,anchorboost_all,0.6400287666579818,0.8568127037518142,249,0.6326477154202013,186.0,4,7,9,12.0,21,low,False,fixed_maximin
Phenobarbital,spid:EX000348,4,3,anchorboost_all,0.6521863098620897,0.8696353379220854,249,0.6599049517286812,186.75,4,7,9,12.0,21,low,False,uniform_random
Phenobarbital,spid:EX000348,4,3,anchorboost_all,0.618533812461389,0.8280372005531498,249,0.6248739652948114,186.0,4,7,9,12.0,21,low,False,model_disagreement
Phenobarbital,spid:EX000348,4,3,anchorboost_five,0.8771120532882241,0.8771120532882241,249,0.8771120532882241,249.0,4,7,9,9.0,21,low,False,none
Phenobarbital,spid:EX000348,4,3,anchorboost_five,0.5818735920977419,0.7789598087760095,249,0.6217095863587893,186.0,4,7,9,12.0,21,low,False,fixed_maximin
Phenobarbital,spid:EX000348,4,3,anchorboost_five,0.6452143967990833,0.8602181653784826,249,0.6578340399661682,186.75,4,7,9,12.0,21,low,False,uniform_random
Phenobarbital,spid:EX000348,4,3,anchorboost_five,0.6302296617458846,0.8436945471759421,249,0.6298061145173246,186.0,4,7,9,12.0,21,low,False,model_disagreement
Phenobarbital,spid:EX000348,4,3,cnp,1.196325659751892,1.196325659751892,249,1.196325659751892,249.0,4,7,9,9.0,21,low,False,none
Phenobarbital,spid:EX000348,4,3,cnp,0.9383454322814941,1.2561719417572021,249,0.9243883490562439,186.0,4,7,9,12.0,21,low,False,fixed_maximin
Phenobarbital,spid:EX000348,4,3,cnp,0.900952935218811,1.2010458260774612,249,0.8972442597150803,186.75,4,7,9,12.0,21,low,False,uniform_random
Phenobarbital,spid:EX000348,4,3,cnp,0.6569942831993103,0.8795246481895447,249,0.6500352025032043,186.0,4,7,9,12.0,21,low,False,model_disagreement
Phenobarbital,spid:EX000348,4,4,interpolation,0.9127939343452454,0.9127939343452454,249,0.9127939343452454,249.0,4,7,9,9.0,21,low,False,none
Phenobarbital,spid:EX000348,4,4,interpolation,0.6482753753662109,0.867852509021759,249,0.7119654417037964,186.0,4,7,9,12.0,21,low,False,fixed_maximin
Phenobarbital,spid:EX000348,4,4,interpolation,0.6563756316900253,0.8757699579000473,249,0.6845954656600952,186.75,4,7,9,12.0,21,low,False,uniform_random
Phenobarbital,spid:EX000348,4,4,interpolation,0.7331482768058777,0.9814727306365967,249,0.7331482768058777,186.0,4,7,9,12.0,21,low,False,model_disagreement
Phenobarbital,spid:EX000348,4,4,anchorboost_all,0.7882916782267199,0.7882916782267199,249,0.7882916782267199,249.0,4,7,9,9.0,21,low,False,none
Phenobarbital,spid:EX000348,4,4,anchorboost_all,0.6176251898773267,0.8268208187067438,249,0.6438365111117752,186.0,4,7,9,12.0,21,low,False,fixed_maximin
Phenobarbital,spid:EX000348,4,4,anchorboost_all,0.5766775572864821,0.7691506360651396,249,0.5912187586700399,186.75,4,7,9,12.0,21,low,False,uniform_random
Phenobarbital,spid:EX000348,4,4,anchorboost_all,0.5119689193296809,0.6853777468445729,249,0.5136895874705836,186.0,4,7,9,12.0,21,low,False,model_disagreement
Phenobarbital,spid:EX000348,4,4,anchorboost_five,0.7329510039817534,0.7329510039817534,249,0.7329510039817534,249.0,4,7,9,9.0,21,low,False,none
Phenobarbital,spid:EX000348,4,4,anchorboost_five,0.562814154547548,0.753444755281395,249,0.5941691777052048,186.0,4,7,9,12.0,21,low,False,fixed_maximin
Phenobarbital,spid:EX000348,4,4,anchorboost_five,0.5410662265345485,0.7216105616085374,249,0.549713252986315,186.75,4,7,9,12.0,21,low,False,uniform_random
Phenobarbital,spid:EX000348,4,4,anchorboost_five,0.5075557182299094,0.6794697518239111,249,0.49806576698586336,186.0,4,7,9,12.0,21,low,False,model_disagreement
Phenobarbital,spid:EX000348,4,4,cnp,1.1894091367721558,1.1894091367721558,249,1.1894091367721558,249.0,4,7,9,9.0,21,low,False,none
Phenobarbital,spid:EX000348,4,4,cnp,1.065988540649414,1.427049160003662,249,1.0356814861297607,186.0,4,7,9,12.0,21,low,False,fixed_maximin
Phenobarbital,spid:EX000348,4,4,cnp,0.8849886059761047,1.179735854268074,249,0.8920568525791168,186.75,4,7,9,12.0,21,low,False,uniform_random
Phenobarbital,spid:EX000348,4,4,cnp,0.5931159853935242,0.7940101027488708,249,0.5854119658470154,186.0,4,7,9,12.0,21,low,False,model_disagreement
Phenylmercuric acetate,spid:TP0001649D11,4,0,interpolation,0.9368730187416077,0.9368730187416077,369,0.9368730187416077,369.0,8,11,12,12.0,42,low,False,none
Phenylmercuric acetate,spid:TP0001649D11,4,0,interpolation,0.7156059741973877,0.832992434501648,369,0.7616502642631531,317.0,8,11,12,15.0,42,low,False,fixed_maximin
Phenylmercuric acetate,spid:TP0001649D11,4,0,interpolation,0.8223034739494324,0.9363493770360947,369,0.8197638988494873,322.875,8,11,12,15.75,42,low,False,uniform_random
Phenylmercuric acetate,spid:TP0001649D11,4,0,interpolation,0.7156059741973877,0.832992434501648,369,0.7616502642631531,317.0,8,11,12,15.0,42,low,False,model_disagreement
Phenylmercuric acetate,spid:TP0001649D11,4,0,anchorboost_all,0.7260480335408608,0.7260480335408608,369,0.7260480335408608,369.0,8,11,12,12.0,42,low,False,none
Phenylmercuric acetate,spid:TP0001649D11,4,0,anchorboost_all,0.6107376063091817,0.7109216931485427,369,0.5854357365310185,317.0,8,11,12,15.0,42,low,False,fixed_maximin
Phenylmercuric acetate,spid:TP0001649D11,4,0,anchorboost_all,0.6628832206870103,0.7565421167080274,369,0.6352920293482532,322.875,8,11,12,15.75,42,low,False,uniform_random
Phenylmercuric acetate,spid:TP0001649D11,4,0,anchorboost_all,0.6107376063091817,0.7109216931485427,369,0.5854357365310185,317.0,8,11,12,15.0,42,low,False,model_disagreement
Phenylmercuric acetate,spid:TP0001649D11,4,0,anchorboost_five,0.7944396442779468,0.7944396442779468,369,0.7944396442779468,369.0,8,11,12,12.0,42,low,False,none
Phenylmercuric acetate,spid:TP0001649D11,4,0,anchorboost_five,0.7056925063394105,0.8214527912909857,369,0.6471165747927285,317.0,8,11,12,15.0,42,low,False,fixed_maximin
Phenylmercuric acetate,spid:TP0001649D11,4,0,anchorboost_five,0.723224453796361,0.8259871260096071,369,0.6951346887432033,322.875,8,11,12,15.75,42,low,False,uniform_random
Phenylmercuric acetate,spid:TP0001649D11,4,0,anchorboost_five,0.7056925063394105,0.8214527912909857,369,0.6471165747927285,317.0,8,11,12,15.0,42,low,False,model_disagreement
Phenylmercuric acetate,spid:TP0001649D11,4,0,cnp,0.8090425133705139,0.8090425133705139,369,0.8090425133705139,369.0,8,11,12,12.0,42,low,False,none
Phenylmercuric acetate,spid:TP0001649D11,4,0,cnp,0.6095693707466125,0.709561824798584,369,0.5907065868377686,317.0,8,11,12,15.0,42,low,False,fixed_maximin
Phenylmercuric acetate,spid:TP0001649D11,4,0,cnp,0.7226115390658379,0.8248726427555084,369,0.7079122066497803,322.875,8,11,12,15.75,42,low,False,uniform_random
Phenylmercuric acetate,spid:TP0001649D11,4,0,cnp,0.6095693707466125,0.709561824798584,369,0.5907065868377686,317.0,8,11,12,15.0,42,low,False,model_disagreement
Phenylmercuric acetate,spid:TP0001649D11,4,1,interpolation,1.1298576593399048,1.1298576593399048,366,1.1298576593399048,366.0,8,11,9,9.0,42,low,False,none
Phenylmercuric acetate,spid:TP0001649D11,4,1,interpolation,0.977220356464386,1.1688321828842163,366,0.9375620484352112,306.0,8,11,9,15.0,42,low,False,fixed_maximin
Phenylmercuric acetate,spid:TP0001649D11,4,1,interpolation,0.9579675495624542,1.0954630970954895,366,0.9886254742741585,320.25,8,11,9,13.125,42,low,False,uniform_random
Phenylmercuric acetate,spid:TP0001649D11,4,1,interpolation,0.8852570652961731,0.9818305969238281,366,0.9875724911689758,330.0,8,11,9,15.0,42,low,False,model_disagreement
Phenylmercuric acetate,spid:TP0001649D11,4,1,anchorboost_all,1.0812150200357058,1.0812150200357058,366,1.0812150200357058,366.0,8,11,9,9.0,42,low,False,none
Phenylmercuric acetate,spid:TP0001649D11,4,1,anchorboost_all,0.8217550751422862,0.9828835212486168,366,0.8730573151497559,306.0,8,11,9,15.0,42,low,False,fixed_maximin
Phenylmercuric acetate,spid:TP0001649D11,4,1,anchorboost_all,0.8499763350451914,0.9711377183186466,366,0.9460631425312427,320.25,8,11,9,13.125,42,low,False,uniform_random
Phenylmercuric acetate,spid:TP0001649D11,4,1,anchorboost_all,0.7840135245624338,0.8695422726965174,366,0.9755241571693702,330.0,8,11,9,15.0,42,low,False,model_disagreement
Phenylmercuric acetate,spid:TP0001649D11,4,1,anchorboost_five,0.9914038477011201,0.9914038477011201,366,0.9914038477011201,366.0,8,11,9,9.0,42,low,False,none
Phenylmercuric acetate,spid:TP0001649D11,4,1,anchorboost_five,0.7991215749779934,0.9558120798756392,366,0.8093768078260756,306.0,8,11,9,15.0,42,low,False,fixed_maximin
Phenylmercuric acetate,spid:TP0001649D11,4,1,anchorboost_five,0.8206548218194739,0.9379501645411896,366,0.86747836673848,320.25,8,11,9,13.125,42,low,False,uniform_random
Phenylmercuric acetate,spid:TP0001649D11,4,1,anchorboost_five,0.7755796894982409,0.860188382898049,366,0.8833422882150939,330.0,8,11,9,15.0,42,low,False,model_disagreement
Phenylmercuric acetate,spid:TP0001649D11,4,1,cnp,1.42318856716156,1.42318856716156,366,1.42318856716156,366.0,8,11,9,9.0,42,low,False,none
Phenylmercuric acetate,spid:TP0001649D11,4,1,cnp,0.9262298345565796,1.1078435182571411,366,1.1651896238327026,306.0,8,11,9,15.0,42,low,False,fixed_maximin
Phenylmercuric acetate,spid:TP0001649D11,4,1,cnp,1.0345723927021027,1.1806168034672737,366,1.2452899664640427,320.25,8,11,9,13.125,42,low,False,uniform_random
Phenylmercuric acetate,spid:TP0001649D11,4,1,cnp,0.9857782125473022,1.0933176279067993,366,1.223007082939148,330.0,8,11,9,15.0,42,low,False,model_disagreement
Phenylmercuric acetate,spid:TP0001649D11,4,2,interpolation,0.9615842700004578,0.9615842700004578,372,0.9615842700004578,372.0,8,11,12,12.0,42,low,False,none
Phenylmercuric acetate,spid:TP0001649D11,4,2,interpolation,0.6930714845657349,0.813320517539978,372,0.7846872210502625,317.0,8,11,12,15.0,42,low,False,fixed_maximin
Phenylmercuric acetate,spid:TP0001649D11,4,2,interpolation,0.8272776231169701,0.9416868686676025,372,0.84138622879982,325.5,8,11,12,15.75,42,low,False,uniform_random
Phenylmercuric acetate,spid:TP0001649D11,4,2,interpolation,0.7098135352134705,0.8463160991668701,372,0.7068654298782349,312.0,8,11,12,18.0,42,low,False,model_disagreement
Phenylmercuric acetate,spid:TP0001649D11,4,2,anchorboost_all,0.6956645912648413,0.6956645912648413,372,0.6956645912648413,372.0,8,11,12,12.0,42,low,False,none
Phenylmercuric acetate,spid:TP0001649D11,4,2,anchorboost_all,0.5980536987727243,0.7018169588121561,372,0.582183627199526,317.0,8,11,12,15.0,42,low,False,fixed_maximin
Phenylmercuric acetate,spid:TP0001649D11,4,2,anchorboost_all,0.617284893235559,0.703444443094925,372,0.6087065173567361,325.5,8,11,12,15.75,42,low,False,uniform_random
Phenylmercuric acetate,spid:TP0001649D11,4,2,anchorboost_all,0.49737188732294546,0.5930203271927427,372,0.5010668318461579,312.0,8,11,12,18.0,42,low,False,model_disagreement
Phenylmercuric acetate,spid:TP0001649D11,4,2,anchorboost_five,0.7083616834067329,0.7083616834067329,372,0.7083616834067329,372.0,8,11,12,12.0,42,low,False,none
Phenylmercuric acetate,spid:TP0001649D11,4,2,anchorboost_five,0.6347776725982746,0.744912600020688,372,0.6160759026150974,317.0,8,11,12,15.0,42,low,False,fixed_maximin
Phenylmercuric acetate,spid:TP0001649D11,4,2,anchorboost_five,0.6297096852934237,0.717843888085379,372,0.6198164729808913,325.5,8,11,12,15.75,42,low,False,uniform_random
Phenylmercuric acetate,spid:TP0001649D11,4,2,anchorboost_five,0.5062826253741028,0.6036446687152764,372,0.5098179828326355,312.0,8,11,12,18.0,42,low,False,model_disagreement
Phenylmercuric acetate,spid:TP0001649D11,4,2,cnp,0.7017141580581665,0.7017141580581665,372,0.7017141580581665,372.0,8,11,12,12.0,42,low,False,none
Phenylmercuric acetate,spid:TP0001649D11,4,2,cnp,0.5723878741264343,0.6716981530189514,372,0.5724517703056335,317.0,8,11,12,15.0,42,low,False,fixed_maximin
Phenylmercuric acetate,spid:TP0001649D11,4,2,cnp,0.6204868853092194,0.7074637860059738,372,0.6139998659491539,325.5,8,11,12,15.75,42,low,False,uniform_random
Phenylmercuric acetate,spid:TP0001649D11,4,2,cnp,0.5207912921905518,0.6209434866905212,372,0.5210111141204834,312.0,8,11,12,18.0,42,low,False,model_disagreement
Phenylmercuric acetate,spid:TP0001649D11,4,3,interpolation,1.8730539083480835,1.8730539083480835,388,1.8730539083480835,388.0,8,11,12,12.0,42,low,True,none
Phenylmercuric acetate,spid:TP0001649D11,4,3,interpolation,0.9230602979660034,1.0755177736282349,388,1.507308840751648,333.0,8,11,12,15.0,42,low,True,fixed_maximin
Phenylmercuric acetate,spid:TP0001649D11,4,3,interpolation,1.2731969356536865,1.441687934100628,388,1.6389222294092178,339.5,8,11,12,15.75,42,low,True,uniform_random
Phenylmercuric acetate,spid:TP0001649D11,4,3,interpolation,0.8423466682434082,0.981472909450531,388,1.441196084022522,333.0,8,11,12,15.0,42,low,True,model_disagreement
Phenylmercuric acetate,spid:TP0001649D11,4,3,anchorboost_all,0.8620614371990253,0.8620614371990253,388,0.8620614371990253,388.0,8,11,12,12.0,42,low,True,none
Phenylmercuric acetate,spid:TP0001649D11,4,3,anchorboost_all,0.7074640272907645,0.8243124402066567,388,0.7482456351567586,333.0,8,11,12,15.0,42,low,True,fixed_maximin
Phenylmercuric acetate,spid:TP0001649D11,4,3,anchorboost_all,0.7622139600216751,0.86994826775482,388,0.7543037575491471,339.5,8,11,12,15.75,42,low,True,uniform_random
Phenylmercuric acetate,spid:TP0001649D11,4,3,anchorboost_all,0.6611701135731604,0.7703723845837424,388,0.6669137907045108,333.0,8,11,12,15.0,42,low,True,model_disagreement
Phenylmercuric acetate,spid:TP0001649D11,4,3,anchorboost_five,0.8343131500452984,0.8343131500452984,388,0.8343131500452984,388.0,8,11,12,12.0,42,low,True,none
Phenylmercuric acetate,spid:TP0001649D11,4,3,anchorboost_five,0.7335841532363532,0.8547467010681833,388,0.7100217834164837,333.0,8,11,12,15.0,42,low,True,fixed_maximin
Phenylmercuric acetate,spid:TP0001649D11,4,3,anchorboost_five,0.7554734982496447,0.8625693090486704,388,0.7300240062896362,339.5,8,11,12,15.75,42,low,True,uniform_random
Phenylmercuric acetate,spid:TP0001649D11,4,3,anchorboost_five,0.6681317783641157,0.7784838738897205,388,0.6315692809722663,333.0,8,11,12,15.0,42,low,True,model_disagreement
Phenylmercuric acetate,spid:TP0001649D11,4,3,cnp,0.9329996109008789,0.9329996109008789,388,0.9329996109008789,388.0,8,11,12,12.0,42,low,True,none
Phenylmercuric acetate,spid:TP0001649D11,4,3,cnp,0.7779205441474915,0.9064058661460876,388,0.800157368183136,333.0,8,11,12,15.0,42,low,True,fixed_maximin
Phenylmercuric acetate,spid:TP0001649D11,4,3,cnp,0.8292694464325905,0.9473750740289688,388,0.8163746818900108,339.5,8,11,12,15.75,42,low,True,uniform_random
Phenylmercuric acetate,spid:TP0001649D11,4,3,cnp,0.7810981869697571,0.9101083874702454,388,0.7318722605705261,333.0,8,11,12,15.0,42,low,True,model_disagreement
Phenylmercuric acetate,spid:TP0001649D11,4,4,interpolation,0.8764305114746094,0.8764305114746094,369,0.8764305114746094,369.0,8,11,12,12.0,42,low,False,none
Phenylmercuric acetate,spid:TP0001649D11,4,4,interpolation,0.7046600580215454,0.8280877470970154,369,0.7110387086868286,314.0,8,11,12,15.0,42,low,False,fixed_maximin
Phenylmercuric acetate,spid:TP0001649D11,4,4,interpolation,0.7779060378670692,0.886687383055687,369,0.766876719892025,322.875,8,11,12,15.75,42,low,False,uniform_random
Phenylmercuric acetate,spid:TP0001649D11,4,4,interpolation,0.6365901231765747,0.7601999044418335,369,0.5849521160125732,309.0,8,11,12,18.0,42,low,False,model_disagreement
Phenylmercuric acetate,spid:TP0001649D11,4,4,anchorboost_all,0.6456206744820533,0.6456206744820533,369,0.6456206744820533,369.0,8,11,12,12.0,42,low,False,none
Phenylmercuric acetate,spid:TP0001649D11,4,4,anchorboost_all,0.5837657796843565,0.6860177474634633,369,0.5350653664847063,314.0,8,11,12,15.0,42,low,False,fixed_maximin
Phenylmercuric acetate,spid:TP0001649D11,4,4,anchorboost_all,0.5828693132400051,0.6650765106215729,369,0.5649180901717967,322.875,8,11,12,15.75,42,low,False,uniform_random
Phenylmercuric acetate,spid:TP0001649D11,4,4,anchorboost_all,0.4993848556223768,0.5963527887529354,369,0.4670922431228068,309.0,8,11,12,18.0,42,low,False,model_disagreement
Phenylmercuric acetate,spid:TP0001649D11,4,4,anchorboost_five,0.691931143852101,0.691931143852101,369,0.691931143852101,369.0,8,11,12,12.0,42,low,False,none
Phenylmercuric acetate,spid:TP0001649D11,4,4,anchorboost_five,0.6132049146351147,0.720613418790947,369,0.5941845364180757,314.0,8,11,12,15.0,42,low,False,fixed_maximin
Phenylmercuric acetate,spid:TP0001649D11,4,4,anchorboost_five,0.6098468563430797,0.6961712224979957,369,0.6054397508705883,322.875,8,11,12,15.75,42,low,False,uniform_random
Phenylmercuric acetate,spid:TP0001649D11,4,4,anchorboost_five,0.5385515807957288,0.6431247032803363,369,0.49720729547221837,309.0,8,11,12,18.0,42,low,False,model_disagreement
Phenylmercuric acetate,spid:TP0001649D11,4,4,cnp,0.7478187680244446,0.7478187680244446,369,0.7478187680244446,369.0,8,11,12,12.0,42,low,False,none
Phenylmercuric acetate,spid:TP0001649D11,4,4,cnp,0.6337376832962036,0.7447426915168762,369,0.6387856006622314,314.0,8,11,12,15.0,42,low,False,fixed_maximin
Phenylmercuric acetate,spid:TP0001649D11,4,4,cnp,0.6571379601955414,0.749416396021843,369,0.6543414145708084,322.875,8,11,12,15.75,42,low,False,uniform_random
Phenylmercuric acetate,spid:TP0001649D11,4,4,cnp,0.5674766898155212,0.6776663064956665,369,0.5786575078964233,309.0,8,11,12,18.0,42,low,False,model_disagreement
Phosmet,spid:ES216_EX000068,4,0,interpolation,1.8739405870437622,1.8739405870437622,244,1.8739405870437622,244.0,4,7,9,9.0,21,high,True,none
Phosmet,spid:ES216_EX000068,4,0,interpolation,0.8804067373275757,1.1868466138839722,244,1.1797335147857666,181.0,4,7,9,12.0,21,high,True,fixed_maximin
Phosmet,spid:ES216_EX000068,4,0,interpolation,1.2220203280448914,1.6326110363006592,244,1.405455470085144,183.0,4,7,9,12.0,21,high,True,uniform_random
Phosmet,spid:ES216_EX000068,4,0,interpolation,0.8804067373275757,1.1868466138839722,244,1.1797335147857666,181.0,4,7,9,12.0,21,high,True,model_disagreement
Phosmet,spid:ES216_EX000068,4,0,anchorboost_all,1.4012608623447635,1.4012608623447635,244,1.4012608623447635,244.0,4,7,9,9.0,21,high,True,none
Phosmet,spid:ES216_EX000068,4,0,anchorboost_all,0.8485555564675286,1.1439091479451766,244,0.9151045469024547,181.0,4,7,9,12.0,21,high,True,fixed_maximin
Phosmet,spid:ES216_EX000068,4,0,anchorboost_all,0.96788790928943,1.2943962544086187,244,1.0509456467585727,183.0,4,7,9,12.0,21,high,True,uniform_random
Phosmet,spid:ES216_EX000068,4,0,anchorboost_all,0.8485555564675286,1.1439091479451766,244,0.9151045469024547,181.0,4,7,9,12.0,21,high,True,model_disagreement
Phosmet,spid:ES216_EX000068,4,0,anchorboost_five,1.4235957804473962,1.4235957804473962,244,1.4235957804473962,244.0,4,7,9,9.0,21,high,True,none
Phosmet,spid:ES216_EX000068,4,0,anchorboost_five,0.8142283475363996,1.0976337944689583,244,0.9364202865016622,181.0,4,7,9,12.0,21,high,True,fixed_maximin
Phosmet,spid:ES216_EX000068,4,0,anchorboost_five,0.9780014983525209,1.3078662672492918,244,1.0676968353355472,183.0,4,7,9,12.0,21,high,True,uniform_random
Phosmet,spid:ES216_EX000068,4,0,anchorboost_five,0.8142283475363996,1.0976337944689583,244,0.9364202865016622,181.0,4,7,9,12.0,21,high,True,model_disagreement
Phosmet,spid:ES216_EX000068,4,0,cnp,1.2570300102233887,1.2570300102233887,244,1.2570300102233887,244.0,4,7,9,9.0,21,high,True,none
Phosmet,spid:ES216_EX000068,4,0,cnp,0.8075152635574341,1.088584303855896,244,0.8650583028793335,181.0,4,7,9,12.0,21,high,True,fixed_maximin
Phosmet,spid:ES216_EX000068,4,0,cnp,0.8925109207630157,1.1932552754878998,244,0.9427725821733475,183.0,4,7,9,12.0,21,high,True,uniform_random
Phosmet,spid:ES216_EX000068,4,0,cnp,0.8075152635574341,1.088584303855896,244,0.8650583028793335,181.0,4,7,9,12.0,21,high,True,model_disagreement
Phosmet,spid:ES216_EX000068,4,1,interpolation,2.736677408218384,2.736677408218384,217,2.736677408218384,217.0,4,7,9,9.0,21,low,False,none
Phosmet,spid:ES216_EX000068,4,1,interpolation,1.9181195497512817,2.299623966217041,217,1.6355723142623901,181.0,4,7,9,12.0,21,low,False,fixed_maximin
Phosmet,spid:ES216_EX000068,4,1,interpolation,1.9951164424419403,2.6834333539009094,217,2.0525081753730774,162.75,4,7,9,12.0,21,low,False,uniform_random
Phosmet,spid:ES216_EX000068,4,1,interpolation,1.9181195497512817,2.299623966217041,217,1.6355723142623901,181.0,4,7,9,12.0,21,low,False,model_disagreement
Phosmet,spid:ES216_EX000068,4,1,anchorboost_all,2.19442643358856,2.19442643358856,217,2.19442643358856,217.0,4,7,9,9.0,21,low,False,none
Phosmet,spid:ES216_EX000068,4,1,anchorboost_all,1.379321219435349,1.6536613514777392,217,1.4141662796294618,181.0,4,7,9,12.0,21,low,False,fixed_maximin
Phosmet,spid:ES216_EX000068,4,1,anchorboost_all,1.5101861356565636,2.038138316599964,217,1.6458198251914202,162.75,4,7,9,12.0,21,low,False,uniform_random
Phosmet,spid:ES216_EX000068,4,1,anchorboost_all,1.379321219435349,1.6536613514777392,217,1.4141662796294618,181.0,4,7,9,12.0,21,low,False,model_disagreement
Phosmet,spid:ES216_EX000068,4,1,anchorboost_five,1.902732879805803,1.902732879805803,217,1.902732879805803,217.0,4,7,9,9.0,21,low,False,none
Phosmet,spid:ES216_EX000068,4,1,anchorboost_five,1.364885953891051,1.6363549833942435,217,1.3913069883671232,181.0,4,7,9,12.0,21,low,False,fixed_maximin
Phosmet,spid:ES216_EX000068,4,1,anchorboost_five,1.4901375000861437,2.0098642171450196,217,1.4270496598543525,162.75,4,7,9,12.0,21,low,False,uniform_random
Phosmet,spid:ES216_EX000068,4,1,anchorboost_five,1.364885953891051,1.6363549833942435,217,1.3913069883671232,181.0,4,7,9,12.0,21,low,False,model_disagreement
Phosmet,spid:ES216_EX000068,4,1,cnp,1.996227502822876,1.996227502822876,217,1.996227502822876,217.0,4,7,9,9.0,21,low,False,none
Phosmet,spid:ES216_EX000068,4,1,cnp,1.229126214981079,1.4735933542251587,217,1.3275796175003052,181.0,4,7,9,12.0,21,low,False,fixed_maximin
Phosmet,spid:ES216_EX000068,4,1,cnp,1.483180895447731,2.0087644457817078,217,1.4971705973148346,162.75,4,7,9,12.0,21,low,False,uniform_random
Phosmet,spid:ES216_EX000068,4,1,cnp,1.229126214981079,1.4735933542251587,217,1.3275796175003052,181.0,4,7,9,12.0,21,low,False,model_disagreement
Phosmet,spid:ES216_EX000068,4,2,interpolation,1.8921078443527222,1.8921078443527222,244,1.8921078443527222,244.0,4,7,9,9.0,21,high,True,none
Phosmet,spid:ES216_EX000068,4,2,interpolation,0.8985738754272461,1.2113369703292847,244,1.197900652885437,181.0,4,7,9,12.0,21,high,True,fixed_maximin
Phosmet,spid:ES216_EX000068,4,2,interpolation,1.2356456816196442,1.650719702243805,244,1.4190808534622192,183.0,4,7,9,12.0,21,high,True,uniform_random
Phosmet,spid:ES216_EX000068,4,2,interpolation,0.8985738754272461,1.2113369703292847,244,1.197900652885437,181.0,4,7,9,12.0,21,high,True,model_disagreement
Phosmet,spid:ES216_EX000068,4,2,anchorboost_all,1.4091261847662784,1.4091261847662784,244,1.4091261847662784,244.0,4,7,9,9.0,21,high,True,none
Phosmet,spid:ES216_EX000068,4,2,anchorboost_all,0.8325868958685855,1.122382334762071,244,0.908100665459159,181.0,4,7,9,12.0,21,high,True,fixed_maximin
Phosmet,spid:ES216_EX000068,4,2,anchorboost_all,0.9596766777596257,1.2834067963852998,244,1.0568446385747088,183.0,4,7,9,12.0,21,high,True,uniform_random
Phosmet,spid:ES216_EX000068,4,2,anchorboost_all,0.8325868958685855,1.122382334762071,244,0.908100665459159,181.0,4,7,9,12.0,21,high,True,model_disagreement
Phosmet,spid:ES216_EX000068,4,2,anchorboost_five,1.506329448028392,1.506329448028392,244,1.506329448028392,244.0,4,7,9,9.0,21,high,True,none
Phosmet,spid:ES216_EX000068,4,2,anchorboost_five,0.8050877859003486,1.0853117113794755,244,0.9710366619116272,181.0,4,7,9,12.0,21,high,True,fixed_maximin
Phosmet,spid:ES216_EX000068,4,2,anchorboost_five,0.9904046302557961,1.3242003083619664,244,1.1297470860212941,183.0,4,7,9,12.0,21,high,True,uniform_random
Phosmet,spid:ES216_EX000068,4,2,anchorboost_five,0.8050877859003486,1.0853117113794755,244,0.9710366619116272,181.0,4,7,9,12.0,21,high,True,model_disagreement
Phosmet,spid:ES216_EX000068,4,2,cnp,1.2422767877578735,1.2422767877578735,244,1.2422767877578735,244.0,4,7,9,9.0,21,high,True,none
Phosmet,spid:ES216_EX000068,4,2,cnp,0.7918689250946045,1.0674917697906494,244,0.8518209457397461,181.0,4,7,9,12.0,21,high,True,fixed_maximin
Phosmet,spid:ES216_EX000068,4,2,cnp,0.8833886533975601,1.1810868978500366,244,0.9317076504230499,183.0,4,7,9,12.0,21,high,True,uniform_random
Phosmet,spid:ES216_EX000068,4,2,cnp,0.7918689250946045,1.0674917697906494,244,0.8518209457397461,181.0,4,7,9,12.0,21,high,True,model_disagreement
Phosmet,spid:ES216_EX000068,4,3,interpolation,1.0821788311004639,1.0821788311004639,244,1.0821788311004639,244.0,4,7,9,9.0,21,high,True,none
Phosmet,spid:ES216_EX000068,4,3,interpolation,0.8804067373275757,1.1868466138839722,244,0.9000741839408875,181.0,4,7,9,12.0,21,high,True,fixed_maximin
Phosmet,spid:ES216_EX000068,4,3,interpolation,0.8077508509159088,1.0799483358860016,244,0.8116341382265091,183.0,4,7,9,12.0,21,high,True,uniform_random
Phosmet,spid:ES216_EX000068,4,3,interpolation,0.6276323795318604,0.8102767467498779,244,0.6276323795318604,189.0,4,7,9,12.0,21,high,True,model_disagreement
Phosmet,spid:ES216_EX000068,4,3,anchorboost_all,1.0100836315446737,1.0100836315446737,244,1.0100836315446737,244.0,4,7,9,9.0,21,high,True,none
Phosmet,spid:ES216_EX000068,4,3,anchorboost_all,0.8485555564675286,1.1439091479451766,244,0.8718528154188728,181.0,4,7,9,12.0,21,high,True,fixed_maximin
Phosmet,spid:ES216_EX000068,4,3,anchorboost_all,0.7504391649232331,1.004119536475581,244,0.7575627236585054,183.0,4,7,9,12.0,21,high,True,uniform_random
Phosmet,spid:ES216_EX000068,4,3,anchorboost_all,0.5273100539071034,0.6807600695943559,244,0.5350054657128095,189.0,4,7,9,12.0,21,high,True,model_disagreement
Phosmet,spid:ES216_EX000068,4,3,anchorboost_five,0.9766770517760912,0.9766770517760912,244,0.9766770517760912,244.0,4,7,9,9.0,21,high,True,none
Phosmet,spid:ES216_EX000068,4,3,anchorboost_five,0.8142283475363994,1.0976337944689583,244,0.8358438020025929,181.0,4,7,9,12.0,21,high,True,fixed_maximin
Phosmet,spid:ES216_EX000068,4,3,anchorboost_five,0.7264312748813091,0.9717147300791629,244,0.7325077888320684,183.0,4,7,9,12.0,21,high,True,uniform_random
Phosmet,spid:ES216_EX000068,4,3,anchorboost_five,0.5301546539925494,0.6844324633554604,244,0.5430537358215108,189.0,4,7,9,12.0,21,high,True,model_disagreement
Phosmet,spid:ES216_EX000068,4,3,cnp,0.9324707388877869,0.9324707388877869,244,0.9324707388877869,244.0,4,7,9,9.0,21,high,True,none
Phosmet,spid:ES216_EX000068,4,3,cnp,0.8075153231620789,1.088584303855896,244,0.7887782454490662,181.0,4,7,9,12.0,21,high,True,fixed_maximin
Phosmet,spid:ES216_EX000068,4,3,cnp,0.7052633762359619,0.9434513300657272,244,0.699353039264679,183.0,4,7,9,12.0,21,high,True,uniform_random
Phosmet,spid:ES216_EX000068,4,3,cnp,0.5110679268836975,0.6597913503646851,244,0.5087154507637024,189.0,4,7,9,12.0,21,high,True,model_disagreement
Phosmet,spid:ES216_EX000068,4,4,interpolation,1.242210030555725,1.242210030555725,225,1.242210030555725,225.0,4,7,9,9.0,21,high,False,none
Phosmet,spid:ES216_EX000068,4,4,interpolation,1.0233994722366333,1.4213881492614746,225,1.0447278022766113,162.0,4,7,9,12.0,21,high,False,fixed_maximin
Phosmet,spid:ES216_EX000068,4,4,interpolation,0.9274463504552841,1.2543584704399109,225,0.9316575676202774,168.75,4,7,9,12.0,21,high,False,uniform_random
Phosmet,spid:ES216_EX000068,4,4,interpolation,0.6806324124336243,0.8102767467498779,225,0.6806324124336243,189.0,4,7,9,12.0,21,high,False,model_disagreement
Phosmet,spid:ES216_EX000068,4,4,anchorboost_all,0.8231072451023147,0.8231072451023147,225,0.8231072451023147,225.0,4,7,9,9.0,21,high,False,none
Phosmet,spid:ES216_EX000068,4,4,anchorboost_all,0.6120985155254622,0.8501368271186975,225,0.6754481338897714,162.0,4,7,9,12.0,21,high,False,fixed_maximin
Phosmet,spid:ES216_EX000068,4,4,anchorboost_all,0.5701600242049627,0.7635239196071277,225,0.617330433826736,168.75,4,7,9,12.0,21,high,False,uniform_random
Phosmet,spid:ES216_EX000068,4,4,anchorboost_all,0.5718384584592588,0.6807600695943559,225,0.5764558155331708,189.0,4,7,9,12.0,21,high,False,model_disagreement
Phosmet,spid:ES216_EX000068,4,4,anchorboost_five,0.8164436560096312,0.8164436560096312,225,0.8164436560096312,225.0,4,7,9,9.0,21,high,False,none
Phosmet,spid:ES216_EX000068,4,4,anchorboost_five,0.6492738091089116,0.9017691793179329,225,0.6607370148268296,162.0,4,7,9,12.0,21,high,False,fixed_maximin
Phosmet,spid:ES216_EX000068,4,4,anchorboost_five,0.5840446460743263,0.782655100241198,225,0.6123327420072234,168.75,4,7,9,12.0,21,high,False,uniform_random
Phosmet,spid:ES216_EX000068,4,4,anchorboost_five,0.5749232692185867,0.6844324633554604,225,0.5853498961250062,189.0,4,7,9,12.0,21,high,False,model_disagreement
Phosmet,spid:ES216_EX000068,4,4,cnp,0.7893109321594238,0.7893109321594238,225,0.7893109321594238,225.0,4,7,9,9.0,21,high,False,none
Phosmet,spid:ES216_EX000068,4,4,cnp,0.6540568470954895,0.9084122180938721,225,0.6317286491394043,162.0,4,7,9,12.0,21,high,False,fixed_maximin
Phosmet,spid:ES216_EX000068,4,4,cnp,0.6181830912828445,0.831096276640892,225,0.5919831693172455,168.75,4,7,9,12.0,21,high,False,uniform_random
Phosmet,spid:ES216_EX000068,4,4,cnp,0.5542247891426086,0.6597913503646851,225,0.5607502460479736,189.0,4,7,9,12.0,21,high,False,model_disagreement
Picoxystrobin,spid:ES216_EX000070,4,0,interpolation,1.0468426942825317,1.0468426942825317,451,1.0468426942825317,451.0,8,11,9,9.0,42,high,False,none
Picoxystrobin,spid:ES216_EX000070,4,0,interpolation,0.8347786664962769,0.9829899668693542,451,0.893038272857666,383.0,8,11,9,15.0,42,high,False,fixed_maximin
Picoxystrobin,spid:ES216_EX000070,4,0,interpolation,0.9087174981832504,1.0386329591274261,451,0.9159873127937317,394.625,8,11,9,13.125,42,high,False,uniform_random
Picoxystrobin,spid:ES216_EX000070,4,0,interpolation,0.9051333665847778,0.9908134937286377,451,0.8163396716117859,412.0,8,11,9,12.0,42,high,False,model_disagreement
Picoxystrobin,spid:ES216_EX000070,4,0,anchorboost_all,0.7638503566689527,0.7638503566689527,451,0.7638503566689527,451.0,8,11,9,9.0,42,high,False,none
Picoxystrobin,spid:ES216_EX000070,4,0,anchorboost_all,0.620854021494121,0.7310839783129205,451,0.6178585485966877,383.0,8,11,9,15.0,42,high,False,fixed_maximin
Picoxystrobin,spid:ES216_EX000070,4,0,anchorboost_all,0.6903302458212293,0.7875473588302275,451,0.6683690620853335,394.625,8,11,9,13.125,42,high,False,uniform_random
Picoxystrobin,spid:ES216_EX000070,4,0,anchorboost_all,0.7386568427616922,0.8085782429260272,451,0.6303122267872603,412.0,8,11,9,12.0,42,high,False,model_disagreement
Picoxystrobin,spid:ES216_EX000070,4,0,anchorboost_five,0.7673565376859344,0.7673565376859344,451,0.7673565376859344,451.0,8,11,9,9.0,42,high,False,none
Picoxystrobin,spid:ES216_EX000070,4,0,anchorboost_five,0.6155596658127004,0.7248496325888457,451,0.6090251656828561,383.0,8,11,9,15.0,42,high,False,fixed_maximin
Picoxystrobin,spid:ES216_EX000070,4,0,anchorboost_five,0.7035673889980305,0.8024275901953303,451,0.6714369704751926,394.625,8,11,9,13.125,42,high,False,uniform_random
Picoxystrobin,spid:ES216_EX000070,4,0,anchorboost_five,0.7748723745267612,0.8482219439601196,451,0.6711122156313035,412.0,8,11,9,12.0,42,high,False,model_disagreement
Picoxystrobin,spid:ES216_EX000070,4,0,cnp,0.9590975642204285,0.9590975642204285,451,0.9590975642204285,451.0,8,11,9,9.0,42,high,False,none
Picoxystrobin,spid:ES216_EX000070,4,0,cnp,0.8508440256118774,1.0019077062606812,451,0.7753706574440002,383.0,8,11,9,15.0,42,high,False,fixed_maximin
Picoxystrobin,spid:ES216_EX000070,4,0,cnp,0.8420566245913506,0.9633095487952232,451,0.8392103835940361,394.625,8,11,9,13.125,42,high,False,uniform_random
Picoxystrobin,spid:ES216_EX000070,4,0,cnp,0.6451770663261414,0.7062496542930603,451,0.722825825214386,412.0,8,11,9,12.0,42,high,False,model_disagreement
Picoxystrobin,spid:ES216_EX000070,4,1,interpolation,2.4308671951293945,2.4308671951293945,419,2.4308671951293945,419.0,8,11,15,15.0,42,low,False,none
Picoxystrobin,spid:ES216_EX000070,4,1,interpolation,1.0466578006744385,1.1450380086898804,419,1.9730714559555054,383.0,8,11,15,18.0,42,low,False,fixed_maximin
Picoxystrobin,spid:ES216_EX000070,4,1,interpolation,1.5037612542510033,1.7528800889849663,419,2.1270087361335754,366.625,8,11,15,18.375,42,low,False,uniform_random
Picoxystrobin,spid:ES216_EX000070,4,1,interpolation,1.0466578006744385,1.1450380086898804,419,1.9730714559555054,383.0,8,11,15,18.0,42,low,False,model_disagreement
Picoxystrobin,spid:ES216_EX000070,4,1,anchorboost_all,1.209262559087369,1.209262559087369,419,1.209262559087369,419.0,8,11,15,15.0,42,low,False,none
Picoxystrobin,spid:ES216_EX000070,4,1,anchorboost_all,0.8316269691238373,0.9097955615219003,419,1.097490088233259,383.0,8,11,15,18.0,42,low,False,fixed_maximin
Picoxystrobin,spid:ES216_EX000070,4,1,anchorboost_all,0.9122527030175545,1.0525286152261963,419,1.0581047392014478,366.625,8,11,15,18.375,42,low,False,uniform_random
Picoxystrobin,spid:ES216_EX000070,4,1,anchorboost_all,0.8316269691238373,0.9097955615219003,419,1.097490088233259,383.0,8,11,15,18.0,42,low,False,model_disagreement
Picoxystrobin,spid:ES216_EX000070,4,1,anchorboost_five,1.367947767727474,1.367947767727474,419,1.367947767727474,419.0,8,11,15,15.0,42,low,False,none
Picoxystrobin,spid:ES216_EX000070,4,1,anchorboost_five,0.7683622394888332,0.8405842776653294,419,1.2017917040327168,383.0,8,11,15,18.0,42,low,False,fixed_maximin
Picoxystrobin,spid:ES216_EX000070,4,1,anchorboost_five,0.9106410205144697,1.0520334839719778,419,1.1969542967615399,366.625,8,11,15,18.375,42,low,False,uniform_random
Picoxystrobin,spid:ES216_EX000070,4,1,anchorboost_five,0.7683622394888332,0.8405842776653294,419,1.2017917040327168,383.0,8,11,15,18.0,42,low,False,model_disagreement
Picoxystrobin,spid:ES216_EX000070,4,1,cnp,1.3169610500335693,1.3169610500335693,419,1.3169610500335693,419.0,8,11,15,15.0,42,low,False,none
Picoxystrobin,spid:ES216_EX000070,4,1,cnp,0.9835973978042603,1.0760504007339478,419,1.200506567955017,383.0,8,11,15,18.0,42,low,False,fixed_maximin
Picoxystrobin,spid:ES216_EX000070,4,1,cnp,0.9728896468877792,1.1205055490136147,419,1.1523409932851791,366.625,8,11,15,18.375,42,low,False,uniform_random
Picoxystrobin,spid:ES216_EX000070,4,1,cnp,0.9835973978042603,1.0760504007339478,419,1.200506567955017,383.0,8,11,15,18.0,42,low,False,model_disagreement
Picoxystrobin,spid:ES216_EX000070,4,2,interpolation,1.8291469812393188,1.8291469812393188,419,1.8291469812393188,419.0,8,11,18,18.0,42,high,False,none
Picoxystrobin,spid:ES216_EX000070,4,2,interpolation,1.6762619018554688,2.0010080337524414,419,1.6685065031051636,351.0,8,11,18,21.0,42,high,False,fixed_maximin
Picoxystrobin,spid:ES216_EX000070,4,2,interpolation,1.257424920797348,1.460905559360981,419,1.600503608584404,366.625,8,11,18,21.0,42,high,False,uniform_random
Picoxystrobin,spid:ES216_EX000070,4,2,interpolation,0.9875016808509827,1.0803216695785522,419,1.5096102952957153,383.0,8,11,18,21.0,42,high,False,model_disagreement
Picoxystrobin,spid:ES216_EX000070,4,2,anchorboost_all,1.5079792782834371,1.5079792782834371,419,1.5079792782834371,419.0,8,11,18,18.0,42,high,False,none
Picoxystrobin,spid:ES216_EX000070,4,2,anchorboost_all,0.974742196626424,1.1635811407021985,419,1.3643570396427185,351.0,8,11,18,21.0,42,high,False,fixed_maximin
Picoxystrobin,spid:ES216_EX000070,4,2,anchorboost_all,0.9041956969237377,1.0413738629944722,419,1.3194818684980074,366.625,8,11,18,21.0,42,high,False,uniform_random
Picoxystrobin,spid:ES216_EX000070,4,2,anchorboost_all,0.9709910560250375,1.0622591448420124,419,1.311185166185784,383.0,8,11,18,21.0,42,high,False,model_disagreement
Picoxystrobin,spid:ES216_EX000070,4,2,anchorboost_five,1.4020900177347275,1.4020900177347275,419,1.4020900177347275,419.0,8,11,18,18.0,42,high,False,none
Picoxystrobin,spid:ES216_EX000070,4,2,anchorboost_five,1.1080092948996714,1.322666366276246,419,1.264499305951698,351.0,8,11,18,21.0,42,high,False,fixed_maximin
Picoxystrobin,spid:ES216_EX000070,4,2,anchorboost_five,0.9739119158315064,1.1239153408282745,419,1.2268287655178867,366.625,8,11,18,21.0,42,high,False,uniform_random
Picoxystrobin,spid:ES216_EX000070,4,2,anchorboost_five,0.9844557710868058,1.076989472807759,419,1.2335835263227137,383.0,8,11,18,21.0,42,high,False,model_disagreement
Picoxystrobin,spid:ES216_EX000070,4,2,cnp,1.3221755027770996,1.3221755027770996,419,1.3221755027770996,419.0,8,11,18,18.0,42,high,False,none
Picoxystrobin,spid:ES216_EX000070,4,2,cnp,1.1003789901733398,1.313557744026184,419,1.1878745555877686,351.0,8,11,18,21.0,42,high,False,fixed_maximin
Picoxystrobin,spid:ES216_EX000070,4,2,cnp,0.9504103735089302,1.0942987278103828,419,1.1569035202264786,366.625,8,11,18,21.0,42,high,False,uniform_random
Picoxystrobin,spid:ES216_EX000070,4,2,cnp,0.9733573794364929,1.0648478269577026,419,1.1994892358779907,383.0,8,11,18,21.0,42,high,False,model_disagreement
Picoxystrobin,spid:ES216_EX000070,4,3,interpolation,0.8698058724403381,0.8698058724403381,448,0.8698058724403381,448.0,8,11,12,12.0,42,high,False,none
Picoxystrobin,spid:ES216_EX000070,4,3,interpolation,0.7740244269371033,0.8416576385498047,448,0.8249506950378418,412.0,8,11,12,15.0,42,high,False,fixed_maximin
Picoxystrobin,spid:ES216_EX000070,4,3,interpolation,0.7265550568699837,0.8306109011173248,448,0.7610801607370377,392.0,8,11,12,15.75,42,high,False,uniform_random
Picoxystrobin,spid:ES216_EX000070,4,3,interpolation,0.61732017993927,0.7277880311012268,448,0.6423620581626892,380.0,8,11,12,18.0,42,high,False,model_disagreement
Picoxystrobin,spid:ES216_EX000070,4,3,anchorboost_all,0.8374776553893707,0.8374776553893707,448,0.8374776553893707,448.0,8,11,12,12.0,42,high,False,none
Picoxystrobin,spid:ES216_EX000070,4,3,anchorboost_all,0.7568078649788079,0.8229367075497718,448,0.8034950013446532,412.0,8,11,12,15.0,42,high,False,fixed_maximin
Picoxystrobin,spid:ES216_EX000070,4,3,anchorboost_all,0.708144687646584,0.8095259386142901,448,0.7327929484656993,392.0,8,11,12,15.75,42,high,False,uniform_random
Picoxystrobin,spid:ES216_EX000070,4,3,anchorboost_all,0.5402947487301265,0.6369790721870965,448,0.5308860307253762,380.0,8,11,12,18.0,42,high,False,model_disagreement
Picoxystrobin,spid:ES216_EX000070,4,3,anchorboost_five,0.8835752489703054,0.8835752489703054,448,0.8835752489703054,448.0,8,11,12,12.0,42,high,False,none
Picoxystrobin,spid:ES216_EX000070,4,3,anchorboost_five,0.8037835553886722,0.874017069937197,448,0.8423691192932531,412.0,8,11,12,15.0,42,high,False,fixed_maximin
Picoxystrobin,spid:ES216_EX000070,4,3,anchorboost_five,0.7369553647372318,0.8424675110996259,448,0.7731283428490172,392.0,8,11,12,15.75,42,high,False,uniform_random
Picoxystrobin,spid:ES216_EX000070,4,3,anchorboost_five,0.5656113934493406,0.6668260638560647,448,0.5587113860942484,380.0,8,11,12,18.0,42,high,False,model_disagreement
Picoxystrobin,spid:ES216_EX000070,4,3,cnp,0.7882100343704224,0.7882100343704224,448,0.7882100343704224,448.0,8,11,12,12.0,42,high,False,none
Picoxystrobin,spid:ES216_EX000070,4,3,cnp,0.6875668168067932,0.7476454973220825,448,0.7421850562095642,412.0,8,11,12,15.0,42,high,False,fixed_maximin
Picoxystrobin,spid:ES216_EX000070,4,3,cnp,0.6605113297700882,0.755561351776123,448,0.6896838024258614,392.0,8,11,12,15.75,42,high,False,uniform_random
Picoxystrobin,spid:ES216_EX000070,4,3,cnp,0.6488112211227417,0.7649142742156982,448,0.6389366984367371,380.0,8,11,12,18.0,42,high,False,model_disagreement
Picoxystrobin,spid:ES216_EX000070,4,4,interpolation,2.557857036590576,2.557857036590576,419,2.557857036590576,419.0,8,11,12,12.0,42,low,False,none
Picoxystrobin,spid:ES216_EX000070,4,4,interpolation,1.1736475229263306,1.2839641571044922,419,2.1000611782073975,383.0,8,11,12,15.0,42,low,False,fixed_maximin
Picoxystrobin,spid:ES216_EX000070,4,4,interpolation,1.5854218527674675,1.8441652730107307,419,2.238124758005142,366.625,8,11,12,15.75,42,low,False,uniform_random
Picoxystrobin,spid:ES216_EX000070,4,4,interpolation,1.0405278205871582,1.1383320093154907,419,2.1000609397888184,383.0,8,11,12,15.0,42,low,False,model_disagreement
Picoxystrobin,spid:ES216_EX000070,4,4,anchorboost_all,1.2235237477980063,1.2235237477980063,419,1.2235237477980063,419.0,8,11,12,12.0,42,low,False,none
Picoxystrobin,spid:ES216_EX000070,4,4,anchorboost_all,0.8280637944727133,0.9058974670602269,419,1.1005555076360065,383.0,8,11,12,15.0,42,low,False,fixed_maximin
Picoxystrobin,spid:ES216_EX000070,4,4,anchorboost_all,0.900160522985195,1.0372753713552374,419,1.0705832793232553,366.625,8,11,12,15.75,42,low,False,uniform_random
Picoxystrobin,spid:ES216_EX000070,4,4,anchorboost_all,0.754901327565728,0.8258581103134205,419,1.0964161163913384,383.0,8,11,12,15.0,42,low,False,model_disagreement
Picoxystrobin,spid:ES216_EX000070,4,4,anchorboost_five,1.5987689796042075,1.5987689796042075,419,1.5987689796042075,419.0,8,11,12,12.0,42,low,False,none
Picoxystrobin,spid:ES216_EX000070,4,4,anchorboost_five,0.8945872804697428,0.9786738133598492,419,1.3827118310606548,383.0,8,11,12,15.0,42,low,False,fixed_maximin
Picoxystrobin,spid:ES216_EX000070,4,4,anchorboost_five,0.9456908740810033,1.0904172795732663,419,1.3989228571536818,366.625,8,11,12,15.75,42,low,False,uniform_random
Picoxystrobin,spid:ES216_EX000070,4,4,anchorboost_five,0.7678989604705951,0.8400774528385885,419,1.3824991805724376,383.0,8,11,12,15.0,42,low,False,model_disagreement
Picoxystrobin,spid:ES216_EX000070,4,4,cnp,1.1208038330078125,1.1208038330078125,419,1.1208038330078125,419.0,8,11,12,12.0,42,low,False,none
Picoxystrobin,spid:ES216_EX000070,4,4,cnp,0.8580314517021179,0.938681960105896,419,1.0156199932098389,383.0,8,11,12,15.0,42,low,False,fixed_maximin
Picoxystrobin,spid:ES216_EX000070,4,4,cnp,0.8761993125081062,1.009395569562912,419,0.9807034209370613,366.625,8,11,12,15.75,42,low,False,uniform_random
Picoxystrobin,spid:ES216_EX000070,4,4,cnp,0.8085957765579224,0.8845995664596558,419,1.0243088006973267,383.0,8,11,12,15.0,42,low,False,model_disagreement
Resmethrin,spid:TP0001649B12,4,0,interpolation,1.117443323135376,1.117443323135376,235,1.117443323135376,235.0,4,7,9,9.0,21,low,False,none
Resmethrin,spid:TP0001649B12,4,0,interpolation,0.8855119943618774,1.1891162395477295,235,0.8855119943618774,175.0,4,7,9,12.0,21,low,False,fixed_maximin
Resmethrin,spid:TP0001649B12,4,0,interpolation,0.8552183210849762,1.1423714309930801,235,0.8380824774503708,176.25,4,7,9,12.0,21,low,False,uniform_random
Resmethrin,spid:TP0001649B12,4,0,interpolation,0.650335431098938,0.8490490317344666,235,0.650335431098938,180.0,4,7,9,12.0,21,low,False,model_disagreement
Resmethrin,spid:TP0001649B12,4,0,anchorboost_all,0.9438410178766529,0.9438410178766529,235,0.9438410178766529,235.0,4,7,9,9.0,21,low,False,none
Resmethrin,spid:TP0001649B12,4,0,anchorboost_all,0.8241365448584087,1.1066976459527202,235,0.7703226252431065,175.0,4,7,9,12.0,21,low,False,fixed_maximin
Resmethrin,spid:TP0001649B12,4,0,anchorboost_all,0.7220007465028201,0.9643258330431238,235,0.7078807634074896,176.25,4,7,9,12.0,21,low,False,uniform_random
Resmethrin,spid:TP0001649B12,4,0,anchorboost_all,0.5595500807178991,0.7305237164928128,235,0.5508225101080314,180.0,4,7,9,12.0,21,low,False,model_disagreement
Resmethrin,spid:TP0001649B12,4,0,anchorboost_five,0.9679336739342548,0.9679336739342548,235,0.9679336739342548,235.0,4,7,9,9.0,21,low,False,none
Resmethrin,spid:TP0001649B12,4,0,anchorboost_five,0.8470717690621998,1.1374963755978114,235,0.7928517072330181,175.0,4,7,9,12.0,21,low,False,fixed_maximin
Resmethrin,spid:TP0001649B12,4,0,anchorboost_five,0.7278766452858584,0.9723119795627864,235,0.725950255450691,176.25,4,7,9,12.0,21,low,False,uniform_random
Resmethrin,spid:TP0001649B12,4,0,anchorboost_five,0.5492927297499209,0.7171321749512855,235,0.558771816922349,180.0,4,7,9,12.0,21,low,False,model_disagreement
Resmethrin,spid:TP0001649B12,4,0,cnp,0.9121224880218506,0.9121224880218506,235,0.9121224880218506,235.0,4,7,9,9.0,21,low,False,none
Resmethrin,spid:TP0001649B12,4,0,cnp,0.7110939025878906,0.9548974633216858,235,0.7291831374168396,175.0,4,7,9,12.0,21,low,False,fixed_maximin
Resmethrin,spid:TP0001649B12,4,0,cnp,0.6925400644540787,0.9246835112571716,235,0.6840918809175491,176.25,4,7,9,12.0,21,low,False,uniform_random
Resmethrin,spid:TP0001649B12,4,0,cnp,0.5682163834571838,0.7418380975723267,235,0.567823588848114,180.0,4,7,9,12.0,21,low,False,model_disagreement
Resmethrin,spid:TP0001649B12,4,1,interpolation,1.0578441619873047,1.0578441619873047,235,1.0578441619873047,235.0,4,7,9,9.0,21,low,False,none
Resmethrin,spid:TP0001649B12,4,1,interpolation,0.8186836242675781,1.0993752479553223,235,0.8533246517181396,175.0,4,7,9,12.0,21,low,False,fixed_maximin
Resmethrin,spid:TP0001649B12,4,1,interpolation,0.7754936963319778,1.0358684659004211,235,0.7933831214904785,176.25,4,7,9,12.0,21,low,False,uniform_random
Resmethrin,spid:TP0001649B12,4,1,interpolation,0.5907362699508667,0.7712390422821045,235,0.5907362699508667,180.0,4,7,9,12.0,21,low,False,model_disagreement
Resmethrin,spid:TP0001649B12,4,1,anchorboost_all,0.9378585324869865,0.9378585324869865,235,0.9378585324869865,235.0,4,7,9,9.0,21,low,False,none
Resmethrin,spid:TP0001649B12,4,1,anchorboost_all,0.6975856281026349,0.9367578434521098,235,0.7464221689702368,175.0,4,7,9,12.0,21,low,False,fixed_maximin
Resmethrin,spid:TP0001649B12,4,1,anchorboost_all,0.674110941779893,0.9003433751343578,235,0.70339389936524,176.25,4,7,9,12.0,21,low,False,uniform_random
Resmethrin,spid:TP0001649B12,4,1,anchorboost_all,0.5245158146628094,0.6847845358097788,235,0.5233632393533838,180.0,4,7,9,12.0,21,low,False,model_disagreement
Resmethrin,spid:TP0001649B12,4,1,anchorboost_five,0.9512181128615234,0.9512181128615234,235,0.9512181128615234,235.0,4,7,9,9.0,21,low,False,none
Resmethrin,spid:TP0001649B12,4,1,anchorboost_five,0.7163782710356246,0.9619936782478384,235,0.762781811560452,175.0,4,7,9,12.0,21,low,False,fixed_maximin
Resmethrin,spid:TP0001649B12,4,1,anchorboost_five,0.6868076247832249,0.9174197018417805,235,0.7134135846461425,176.25,4,7,9,12.0,21,low,False,uniform_random
Resmethrin,spid:TP0001649B12,4,1,anchorboost_five,0.5216746223466344,0.6810752013969948,235,0.5190462963723482,180.0,4,7,9,12.0,21,low,False,model_disagreement
Resmethrin,spid:TP0001649B12,4,1,cnp,0.8875781297683716,0.8875781297683716,235,0.8875781297683716,235.0,4,7,9,9.0,21,low,False,none
Resmethrin,spid:TP0001649B12,4,1,cnp,0.6680558919906616,0.8971036076545715,235,0.6806708574295044,175.0,4,7,9,12.0,21,low,False,fixed_maximin
Resmethrin,spid:TP0001649B12,4,1,cnp,0.6480452120304108,0.8650314062833786,235,0.6656835675239563,176.25,4,7,9,12.0,21,low,False,uniform_random
Resmethrin,spid:TP0001649B12,4,1,cnp,0.5577013492584229,0.7281101942062378,235,0.5633035898208618,180.0,4,7,9,12.0,21,low,False,model_disagreement
Resmethrin,spid:TP0001649B12,4,2,interpolation,1.2338987588882446,1.2338987588882446,235,1.2338987588882446,235.0,4,7,9,9.0,21,low,False,none
Resmethrin,spid:TP0001649B12,4,2,interpolation,0.9347432851791382,1.2203593254089355,235,0.7362780570983887,180.0,4,7,9,12.0,21,low,False,fixed_maximin
Resmethrin,spid:TP0001649B12,4,2,interpolation,1.0138906687498093,1.352793425321579,235,0.925424113869667,176.25,4,7,9,12.0,21,low,False,uniform_random
Resmethrin,spid:TP0001649B12,4,2,interpolation,0.9347432851791382,1.2203593254089355,235,0.7362780570983887,180.0,4,7,9,12.0,21,low,False,model_disagreement
Resmethrin,spid:TP0001649B12,4,2,anchorboost_all,1.080197078893821,1.080197078893821,235,1.080197078893821,235.0,4,7,9,9.0,21,low,False,none
Resmethrin,spid:TP0001649B12,4,2,anchorboost_all,0.6765227085411483,0.8832379805953882,235,0.6447021178618793,180.0,4,7,9,12.0,21,low,False,fixed_maximin
Resmethrin,spid:TP0001649B12,4,2,anchorboost_all,0.7860953846533978,1.0493049595303099,235,0.8101478091703658,176.25,4,7,9,12.0,21,low,False,uniform_random
Resmethrin,spid:TP0001649B12,4,2,anchorboost_all,0.6765227085411483,0.8832379805953882,235,0.6447021178618793,180.0,4,7,9,12.0,21,low,False,model_disagreement
Resmethrin,spid:TP0001649B12,4,2,anchorboost_five,1.1044239050476625,1.1044239050476625,235,1.1044239050476625,235.0,4,7,9,9.0,21,low,False,none
Resmethrin,spid:TP0001649B12,4,2,anchorboost_five,0.6726862497320681,0.8782292704835334,235,0.640304392318549,180.0,4,7,9,12.0,21,low,False,fixed_maximin
Resmethrin,spid:TP0001649B12,4,2,anchorboost_five,0.7991127160054704,1.0668211524181779,235,0.828317928785747,176.25,4,7,9,12.0,21,low,False,uniform_random
Resmethrin,spid:TP0001649B12,4,2,anchorboost_five,0.6726862497320681,0.8782292704835334,235,0.640304392318549,180.0,4,7,9,12.0,21,low,False,model_disagreement
Resmethrin,spid:TP0001649B12,4,2,cnp,0.9280085563659668,0.9280085563659668,235,0.9280085563659668,235.0,4,7,9,9.0,21,low,False,none
Resmethrin,spid:TP0001649B12,4,2,cnp,0.7489034533500671,0.9777350425720215,235,0.6512807607650757,180.0,4,7,9,12.0,21,low,False,fixed_maximin
Resmethrin,spid:TP0001649B12,4,2,cnp,0.7728932499885559,1.0309014022350311,235,0.6960064321756363,176.25,4,7,9,12.0,21,low,False,uniform_random
Resmethrin,spid:TP0001649B12,4,2,cnp,0.7489034533500671,0.9777350425720215,235,0.6512807607650757,180.0,4,7,9,12.0,21,low,False,model_disagreement
Resmethrin,spid:TP0001649B12,4,3,interpolation,1.0878374576568604,1.0878374576568604,240,1.0878374576568604,240.0,4,7,9,9.0,21,high,True,none
Resmethrin,spid:TP0001649B12,4,3,interpolation,0.7510335445404053,1.001378059387207,240,0.7747644782066345,180.0,4,7,9,12.0,21,high,True,fixed_maximin
Resmethrin,spid:TP0001649B12,4,3,interpolation,0.7718574404716492,1.0291432291269302,240,0.8158780783414841,180.0,4,7,9,12.0,21,high,True,uniform_random
Resmethrin,spid:TP0001649B12,4,3,interpolation,0.7184248566627502,0.9578996300697327,240,0.7184248566627502,180.0,4,7,9,12.0,21,high,True,model_disagreement
Resmethrin,spid:TP0001649B12,4,3,anchorboost_all,0.8002504153469004,0.8002504153469004,240,0.8002504153469004,240.0,4,7,9,9.0,21,high,True,none
Resmethrin,spid:TP0001649B12,4,3,anchorboost_all,0.6248651544639465,0.8331535392852619,240,0.6066646704368942,180.0,4,7,9,12.0,21,high,True,fixed_maximin
Resmethrin,spid:TP0001649B12,4,3,anchorboost_all,0.5926262801692457,0.7901683735589943,240,0.6001878115101754,180.0,4,7,9,12.0,21,high,True,uniform_random
Resmethrin,spid:TP0001649B12,4,3,anchorboost_all,0.5339720249266671,0.7119626999022227,240,0.5198984083047213,180.0,4,7,9,12.0,21,high,True,model_disagreement
Resmethrin,spid:TP0001649B12,4,3,anchorboost_five,0.8070770172273175,0.8070770172273175,240,0.8070770172273175,240.0,4,7,9,9.0,21,high,True,none
Resmethrin,spid:TP0001649B12,4,3,anchorboost_five,0.6229156378289812,0.8305541837719749,240,0.6078221768780331,180.0,4,7,9,12.0,21,high,True,fixed_maximin
Resmethrin,spid:TP0001649B12,4,3,anchorboost_five,0.5936265877583815,0.7915021170111752,240,0.605307762920488,180.0,4,7,9,12.0,21,high,True,uniform_random
Resmethrin,spid:TP0001649B12,4,3,anchorboost_five,0.5356826593938456,0.7142435458584608,240,0.5325260224309734,180.0,4,7,9,12.0,21,high,True,model_disagreement
Resmethrin,spid:TP0001649B12,4,3,cnp,0.7964977025985718,0.7964977025985718,240,0.7964977025985718,240.0,4,7,9,9.0,21,high,True,none
Resmethrin,spid:TP0001649B12,4,3,cnp,0.6407282948493958,0.8543044328689575,240,0.6017208099365234,180.0,4,7,9,12.0,21,high,True,fixed_maximin
Resmethrin,spid:TP0001649B12,4,3,cnp,0.59649558365345,0.795327439904213,240,0.5973732769489288,180.0,4,7,9,12.0,21,high,True,uniform_random
Resmethrin,spid:TP0001649B12,4,3,cnp,0.5447338223457336,0.7263117432594299,240,0.5426390171051025,180.0,4,7,9,12.0,21,high,True,model_disagreement
Resmethrin,spid:TP0001649B12,4,4,interpolation,1.1526529788970947,1.1526529788970947,235,1.1526529788970947,235.0,4,7,9,9.0,21,low,False,none
Resmethrin,spid:TP0001649B12,4,4,interpolation,0.8534974455833435,1.114288330078125,235,0.655032217502594,180.0,4,7,9,12.0,21,low,False,fixed_maximin
Resmethrin,spid:TP0001649B12,4,4,interpolation,0.9529562741518021,1.2717248797416687,235,0.864489734172821,176.25,4,7,9,12.0,21,low,False,uniform_random
Resmethrin,spid:TP0001649B12,4,4,interpolation,0.8534974455833435,1.114288330078125,235,0.655032217502594,180.0,4,7,9,12.0,21,low,False,model_disagreement
Resmethrin,spid:TP0001649B12,4,4,anchorboost_all,0.977310708883576,0.977310708883576,235,0.977310708883576,235.0,4,7,9,9.0,21,low,False,none
Resmethrin,spid:TP0001649B12,4,4,anchorboost_all,0.6735436680003127,0.879348677667075,235,0.6096743273964845,180.0,4,7,9,12.0,21,low,False,fixed_maximin
Resmethrin,spid:TP0001649B12,4,4,anchorboost_all,0.7728814693323133,1.0315883396914842,235,0.732983031662682,176.25,4,7,9,12.0,21,low,False,uniform_random
Resmethrin,spid:TP0001649B12,4,4,anchorboost_all,0.6735436680003127,0.879348677667075,235,0.6096743273964845,180.0,4,7,9,12.0,21,low,False,model_disagreement
Resmethrin,spid:TP0001649B12,4,4,anchorboost_five,0.9620670769637113,0.9620670769637113,235,0.9620670769637113,235.0,4,7,9,9.0,21,low,False,none
Resmethrin,spid:TP0001649B12,4,4,anchorboost_five,0.6689179591374294,0.873309557762755,235,0.6035936110439284,180.0,4,7,9,12.0,21,low,False,fixed_maximin
Resmethrin,spid:TP0001649B12,4,4,anchorboost_five,0.786390514207082,1.0497721936654902,235,0.7215503077227835,176.25,4,7,9,12.0,21,low,False,uniform_random
Resmethrin,spid:TP0001649B12,4,4,anchorboost_five,0.6689179591374294,0.873309557762755,235,0.6035936110439284,180.0,4,7,9,12.0,21,low,False,model_disagreement
Resmethrin,spid:TP0001649B12,4,4,cnp,0.9508797526359558,0.9508797526359558,235,0.9508797526359558,235.0,4,7,9,9.0,21,low,False,none
Resmethrin,spid:TP0001649B12,4,4,cnp,0.730909526348114,0.9542429447174072,235,0.6721357703208923,180.0,4,7,9,12.0,21,low,False,fixed_maximin
Resmethrin,spid:TP0001649B12,4,4,cnp,0.7517925798892975,1.0027339905500412,235,0.7131598144769669,176.25,4,7,9,12.0,21,low,False,uniform_random
Resmethrin,spid:TP0001649B12,4,4,cnp,0.730909526348114,0.9542429447174072,235,0.6721357703208923,180.0,4,7,9,12.0,21,low,False,model_disagreement
Retinoic acid,spid:EX000386,4,0,interpolation,1.299532175064087,1.299532175064087,252,1.299532175064087,252.0,4,7,9,9.0,21,high,True,none
Retinoic acid,spid:EX000386,4,0,interpolation,0.8773093819618225,1.169745922088623,252,1.0217626094818115,189.0,4,7,9,12.0,21,high,True,fixed_maximin
Retinoic acid,spid:EX000386,4,0,interpolation,0.8388767540454865,1.1185023337602615,252,0.9746491461992264,189.0,4,7,9,12.0,21,high,True,uniform_random
Retinoic acid,spid:EX000386,4,0,interpolation,0.6448506116867065,0.8598008751869202,252,0.8775213360786438,189.0,4,7,9,12.0,21,high,True,model_disagreement
Retinoic acid,spid:EX000386,4,0,anchorboost_all,1.040601492460357,1.040601492460357,252,1.040601492460357,252.0,4,7,9,9.0,21,high,True,none
Retinoic acid,spid:EX000386,4,0,anchorboost_all,0.7841133775787038,1.0454845034382716,252,0.8326212331812081,189.0,4,7,9,12.0,21,high,True,fixed_maximin
Retinoic acid,spid:EX000386,4,0,anchorboost_all,0.7254809914076943,0.9673079885435925,252,0.7804511193452678,189.0,4,7,9,12.0,21,high,True,uniform_random
Retinoic acid,spid:EX000386,4,0,anchorboost_all,0.6666637352688989,0.8888849803585319,252,0.7206272449286488,189.0,4,7,9,12.0,21,high,True,model_disagreement
Retinoic acid,spid:EX000386,4,0,anchorboost_five,1.1031105008778395,1.1031105008778395,252,1.1031105008778395,252.0,4,7,9,9.0,21,high,True,none
Retinoic acid,spid:EX000386,4,0,anchorboost_five,0.78516505332915,1.0468867377721998,252,0.8932719991391528,189.0,4,7,9,12.0,21,high,True,fixed_maximin
Retinoic acid,spid:EX000386,4,0,anchorboost_five,0.7480357050674589,0.997380940089945,252,0.8273328756583797,189.0,4,7,9,12.0,21,high,True,uniform_random
Retinoic acid,spid:EX000386,4,0,anchorboost_five,0.6689103294409156,0.891880439254554,252,0.7411982056476862,189.0,4,7,9,12.0,21,high,True,model_disagreement
Retinoic acid,spid:EX000386,4,0,cnp,1.0538594722747803,1.0538594722747803,252,1.0538594722747803,252.0,4,7,9,9.0,21,high,True,none
Retinoic acid,spid:EX000386,4,0,cnp,0.8024240136146545,1.0698986053466797,252,0.8466280698776245,189.0,4,7,9,12.0,21,high,True,fixed_maximin
Retinoic acid,spid:EX000386,4,0,cnp,0.7312172502279282,0.9749562740325928,252,0.7903946042060852,189.0,4,7,9,12.0,21,high,True,uniform_random
Retinoic acid,spid:EX000386,4,0,cnp,0.7013801336288452,0.9351734519004822,252,0.7693288922309875,189.0,4,7,9,12.0,21,high,True,model_disagreement
Retinoic acid,spid:EX000386,4,1,interpolation,1.1697356700897217,1.1697356700897217,252,1.1697356700897217,252.0,4,7,9,9.0,21,high,True,none
Retinoic acid,spid:EX000386,4,1,interpolation,1.0140808820724487,1.3521076440811157,252,0.9946906566619873,189.0,4,7,9,12.0,21,high,True,fixed_maximin
Retinoic acid,spid:EX000386,4,1,interpolation,0.8866545259952545,1.182205930352211,252,0.8773017525672913,189.0,4,7,9,12.0,21,high,True,uniform_random
Retinoic acid,spid:EX000386,4,1,interpolation,0.6448506116867065,0.8598008751869202,252,0.6448506116867065,189.0,4,7,9,12.0,21,high,True,model_disagreement
Retinoic acid,spid:EX000386,4,1,anchorboost_all,1.1660323849898464,1.1660323849898464,252,1.1660323849898464,252.0,4,7,9,9.0,21,high,True,none
Retinoic acid,spid:EX000386,4,1,anchorboost_all,0.9913766642611386,1.3218355523481848,252,0.993683126452329,189.0,4,7,9,12.0,21,high,True,fixed_maximin
Retinoic acid,spid:EX000386,4,1,anchorboost_all,0.8605885651493551,1.1474514201991401,252,0.8745242887423847,189.0,4,7,9,12.0,21,high,True,uniform_random
Retinoic acid,spid:EX000386,4,1,anchorboost_all,0.6666637352688989,0.8888849803585319,252,0.6795744406318639,189.0,4,7,9,12.0,21,high,True,model_disagreement
Retinoic acid,spid:EX000386,4,1,anchorboost_five,1.150927568499431,1.150927568499431,252,1.150927568499431,252.0,4,7,9,9.0,21,high,True,none
Retinoic acid,spid:EX000386,4,1,anchorboost_five,0.9691693133683917,1.2922257511578559,252,0.9828841144318643,189.0,4,7,9,12.0,21,high,True,fixed_maximin
Retinoic acid,spid:EX000386,4,1,anchorboost_five,0.8580986428477062,1.1441315237969416,252,0.8631956763745732,189.0,4,7,9,12.0,21,high,True,uniform_random
Retinoic acid,spid:EX000386,4,1,anchorboost_five,0.6689103294409156,0.891880439254554,252,0.6672735684622784,189.0,4,7,9,12.0,21,high,True,model_disagreement
Retinoic acid,spid:EX000386,4,1,cnp,1.31952702999115,1.31952702999115,252,1.31952702999115,252.0,4,7,9,9.0,21,high,True,none
Retinoic acid,spid:EX000386,4,1,cnp,1.1567989587783813,1.5423985719680786,252,1.124462366104126,189.0,4,7,9,12.0,21,high,True,fixed_maximin
Retinoic acid,spid:EX000386,4,1,cnp,0.9731231033802032,1.297497496008873,252,0.9896452724933624,189.0,4,7,9,12.0,21,high,True,uniform_random
Retinoic acid,spid:EX000386,4,1,cnp,0.7013801336288452,0.9351734519004822,252,0.6991227865219116,189.0,4,7,9,12.0,21,high,True,model_disagreement
Retinoic acid,spid:EX000386,4,2,interpolation,2.1651253700256348,2.1651253700256348,225,2.1651253700256348,225.0,4,7,9,9.0,21,high,False,none
Retinoic acid,spid:EX000386,4,2,interpolation,1.4775516986846924,1.7589900493621826,225,1.1757159233093262,189.0,4,7,9,12.0,21,high,False,fixed_maximin
Retinoic acid,spid:EX000386,4,2,interpolation,1.6687504053115845,2.2444175481796265,225,1.6238439977169037,168.75,4,7,9,12.0,21,high,False,uniform_random
Retinoic acid,spid:EX000386,4,2,interpolation,1.3620878458023071,1.8917884826660156,225,1.533424973487854,162.0,4,7,9,12.0,21,high,False,model_disagreement
Retinoic acid,spid:EX000386,4,2,anchorboost_all,1.8639194976844797,1.8639194976844797,225,1.8639194976844797,225.0,4,7,9,9.0,21,high,False,none
Retinoic acid,spid:EX000386,4,2,anchorboost_all,1.4697565558415888,1.749710185525701,225,1.0727195324415413,189.0,4,7,9,12.0,21,high,False,fixed_maximin
Retinoic acid,spid:EX000386,4,2,anchorboost_all,1.4335246287396695,1.9181018377415255,225,1.3979396232633596,168.75,4,7,9,12.0,21,high,False,uniform_random
Retinoic acid,spid:EX000386,4,2,anchorboost_all,1.163070195081797,1.6153752709469404,225,1.3666369329980625,162.0,4,7,9,12.0,21,high,False,model_disagreement
Retinoic acid,spid:EX000386,4,2,anchorboost_five,1.8847586832418086,1.8847586832418086,225,1.8847586832418086,225.0,4,7,9,9.0,21,high,False,none
Retinoic acid,spid:EX000386,4,2,anchorboost_five,1.4217678839540255,1.6925808142309826,225,1.0544999397956174,189.0,4,7,9,12.0,21,high,False,fixed_maximin
Retinoic acid,spid:EX000386,4,2,anchorboost_five,1.4272512994225308,1.911769270827224,225,1.4135690124313562,168.75,4,7,9,12.0,21,high,False,uniform_random
Retinoic acid,spid:EX000386,4,2,anchorboost_five,1.0926454155810335,1.5175630771958797,225,1.3768301889989278,162.0,4,7,9,12.0,21,high,False,model_disagreement
Retinoic acid,spid:EX000386,4,2,cnp,2.47094464302063,2.47094464302063,225,2.47094464302063,225.0,4,7,9,9.0,21,high,False,none
Retinoic acid,spid:EX000386,4,2,cnp,1.2817814350128174,1.525930404663086,225,1.35441255569458,189.0,4,7,9,12.0,21,high,False,fixed_maximin
Retinoic acid,spid:EX000386,4,2,cnp,1.7395400404930115,2.3524474799633026,225,1.8532084226608276,168.75,4,7,9,12.0,21,high,False,uniform_random
Retinoic acid,spid:EX000386,4,2,cnp,1.3927810192108154,1.9344180822372437,225,1.7118635177612305,162.0,4,7,9,12.0,21,high,False,model_disagreement
Retinoic acid,spid:EX000386,4,3,interpolation,2.121007204055786,2.121007204055786,225,2.121007204055786,225.0,4,7,9,9.0,21,high,False,none
Retinoic acid,spid:EX000386,4,3,interpolation,1.4334335327148438,1.7064685821533203,225,1.131597876548767,189.0,4,7,9,12.0,21,high,False,fixed_maximin
Retinoic acid,spid:EX000386,4,3,interpolation,1.635661780834198,2.200649619102478,225,1.5907554626464844,168.75,4,7,9,12.0,21,high,False,uniform_random
Retinoic acid,spid:EX000386,4,3,interpolation,1.4334335327148438,1.7064685821533203,225,1.131597876548767,189.0,4,7,9,12.0,21,high,False,model_disagreement
Retinoic acid,spid:EX000386,4,3,anchorboost_all,1.7328385607587409,1.7328385607587409,225,1.7328385607587409,225.0,4,7,9,9.0,21,high,False,none
Retinoic acid,spid:EX000386,4,3,anchorboost_all,1.3060778123205379,1.5548545384768309,225,1.0214642524095776,189.0,4,7,9,12.0,21,high,False,fixed_maximin
Retinoic acid,spid:EX000386,4,3,anchorboost_all,1.342131548887107,1.7992859899066695,225,1.2996289205690554,168.75,4,7,9,12.0,21,high,False,uniform_random
Retinoic acid,spid:EX000386,4,3,anchorboost_all,1.3060778123205379,1.5548545384768309,225,1.0214642524095776,189.0,4,7,9,12.0,21,high,False,model_disagreement
Retinoic acid,spid:EX000386,4,3,anchorboost_five,1.7645473645318674,1.7645473645318674,225,1.7645473645318674,225.0,4,7,9,9.0,21,high,False,none
Retinoic acid,spid:EX000386,4,3,anchorboost_five,1.2845793864778445,1.5292611743783866,225,1.023571821273543,189.0,4,7,9,12.0,21,high,False,fixed_maximin
Retinoic acid,spid:EX000386,4,3,anchorboost_five,1.3435510580694074,1.802323920608411,225,1.3234105233989006,168.75,4,7,9,12.0,21,high,False,uniform_random
Retinoic acid,spid:EX000386,4,3,anchorboost_five,1.2845793864778445,1.5292611743783866,225,1.023571821273543,189.0,4,7,9,12.0,21,high,False,model_disagreement
Retinoic acid,spid:EX000386,4,3,cnp,2.3315956592559814,2.3315956592559814,225,2.3315956592559814,225.0,4,7,9,9.0,21,high,False,none
Retinoic acid,spid:EX000386,4,3,cnp,1.1344783306121826,1.3505696058273315,225,1.220934271812439,189.0,4,7,9,12.0,21,high,False,fixed_maximin
Retinoic acid,spid:EX000386,4,3,cnp,1.6339084208011627,2.2130436301231384,225,1.748696655035019,168.75,4,7,9,12.0,21,high,False,uniform_random
Retinoic acid,spid:EX000386,4,3,cnp,1.1344783306121826,1.3505696058273315,225,1.220934271812439,189.0,4,7,9,12.0,21,high,False,model_disagreement
Retinoic acid,spid:EX000386,4,4,interpolation,2.2114768028259277,2.2114768028259277,225,2.2114768028259277,225.0,4,7,9,9.0,21,high,False,none
Retinoic acid,spid:EX000386,4,4,interpolation,1.5239031314849854,1.8141703605651855,225,1.2220673561096191,189.0,4,7,9,12.0,21,high,False,fixed_maximin
Retinoic acid,spid:EX000386,4,4,interpolation,1.7035139501094818,2.290401130914688,225,1.6586075723171234,168.75,4,7,9,12.0,21,high,False,uniform_random
Retinoic acid,spid:EX000386,4,4,interpolation,1.5239031314849854,1.8141703605651855,225,1.2220673561096191,189.0,4,7,9,12.0,21,high,False,model_disagreement
Retinoic acid,spid:EX000386,4,4,anchorboost_all,1.785092607945701,1.785092607945701,225,1.785092607945701,225.0,4,7,9,9.0,21,high,False,none
Retinoic acid,spid:EX000386,4,4,anchorboost_all,1.2672056644566037,1.5085781719721474,225,1.047177412511706,189.0,4,7,9,12.0,21,high,False,fixed_maximin
Retinoic acid,spid:EX000386,4,4,anchorboost_all,1.315920254878829,1.7648095968328674,225,1.3388194559592759,168.75,4,7,9,12.0,21,high,False,uniform_random
Retinoic acid,spid:EX000386,4,4,anchorboost_all,1.2672056644566037,1.5085781719721474,225,1.047177412511706,189.0,4,7,9,12.0,21,high,False,model_disagreement
Retinoic acid,spid:EX000386,4,4,anchorboost_five,1.7936853272115552,1.7936853272115552,225,1.7936853272115552,225.0,4,7,9,9.0,21,high,False,none
Retinoic acid,spid:EX000386,4,4,anchorboost_five,1.2738662968815035,1.5165074962875038,225,1.0696444691650908,189.0,4,7,9,12.0,21,high,False,fixed_maximin
Retinoic acid,spid:EX000386,4,4,anchorboost_five,1.3165187807135579,1.7653104942012954,225,1.3452639954086665,168.75,4,7,9,12.0,21,high,False,uniform_random
Retinoic acid,spid:EX000386,4,4,anchorboost_five,1.2738662968815035,1.5165074962875038,225,1.0696444691650908,189.0,4,7,9,12.0,21,high,False,model_disagreement
Retinoic acid,spid:EX000386,4,4,cnp,2.3927552700042725,2.3927552700042725,225,2.3927552700042725,225.0,4,7,9,9.0,21,high,False,none
Retinoic acid,spid:EX000386,4,4,cnp,1.1973680257797241,1.4254379272460938,225,1.270717740058899,189.0,4,7,9,12.0,21,high,False,fixed_maximin
Retinoic acid,spid:EX000386,4,4,cnp,1.685497671365738,2.2815757989883423,225,1.7945665121078491,168.75,4,7,9,12.0,21,high,False,uniform_random
Retinoic acid,spid:EX000386,4,4,cnp,1.1973680257797241,1.4254379272460938,225,1.270717740058899,189.0,4,7,9,12.0,21,high,False,model_disagreement
Rotenone,spid:EX000352,4,0,interpolation,0.9009657502174377,0.9009657502174377,495,0.9009657502174377,495.0,10,13,15,15.0,84,high,False,none
Rotenone,spid:EX000352,4,0,interpolation,0.9009657502174377,0.9716297388076782,495,0.9009657502174377,459.0,10,13,15,21.0,84,high,False,fixed_maximin
Rotenone,spid:EX000352,4,0,interpolation,0.8108568310737609,0.8993796348571778,495,0.8108691930770874,445.5,10,13,15,21.9,84,high,False,uniform_random
Rotenone,spid:EX000352,4,0,interpolation,0.7188443541526794,0.823675811290741,495,0.6684868931770325,432.0,10,13,15,27.0,84,high,False,model_disagreement
Rotenone,spid:EX000352,4,0,anchorboost_all,0.9919025427603732,0.9919025427603732,495,0.9919025427603732,495.0,10,13,15,15.0,84,high,False,none
Rotenone,spid:EX000352,4,0,anchorboost_all,0.9930884586558066,1.0709777495307717,495,0.9822265511013634,459.0,10,13,15,21.0,84,high,False,fixed_maximin
Rotenone,spid:EX000352,4,0,anchorboost_all,0.8875277337657594,0.9848432286653,495,0.8927122884843357,445.5,10,13,15,21.9,84,high,False,uniform_random
Rotenone,spid:EX000352,4,0,anchorboost_all,0.5535954392735397,0.6343281075009309,495,0.6234989053001508,432.0,10,13,15,27.0,84,high,False,model_disagreement
Rotenone,spid:EX000352,4,0,anchorboost_five,0.8459278035105013,0.8459278035105013,495,0.8459278035105013,495.0,10,13,15,15.0,84,high,False,none
Rotenone,spid:EX000352,4,0,anchorboost_five,0.8766950944758554,0.9454554940425891,495,0.8329455574150062,459.0,10,13,15,21.0,84,high,False,fixed_maximin
Rotenone,spid:EX000352,4,0,anchorboost_five,0.7980610931638809,0.8856717476328398,495,0.7613350231594512,445.5,10,13,15,21.9,84,high,False,uniform_random
Rotenone,spid:EX000352,4,0,anchorboost_five,0.5233409920414525,0.5996615533808309,495,0.5463072699605495,432.0,10,13,15,27.0,84,high,False,model_disagreement
Rotenone,spid:EX000352,4,0,cnp,1.0066502094268799,1.0066502094268799,495,1.0066502094268799,495.0,10,13,15,15.0,84,high,False,none
Rotenone,spid:EX000352,4,0,cnp,1.0368151664733887,1.1181340217590332,495,1.0019487142562866,459.0,10,13,15,21.0,84,high,False,fixed_maximin
Rotenone,spid:EX000352,4,0,cnp,0.917592579126358,1.0171844720840455,495,0.9059852123260498,445.5,10,13,15,21.9,84,high,False,uniform_random
Rotenone,spid:EX000352,4,0,cnp,0.5938693284988403,0.6804752945899963,495,0.5947903990745544,432.0,10,13,15,27.0,84,high,False,model_disagreement
Rotenone,spid:EX000352,4,1,interpolation,2.262918472290039,2.262918472290039,468,2.262918472290039,468.0,10,13,18,18.0,84,high,False,none
Rotenone,spid:EX000352,4,1,interpolation,1.1755542755126953,1.27351713180542,468,1.9962489604949951,432.0,10,13,18,24.0,84,high,False,fixed_maximin
Rotenone,spid:EX000352,4,1,interpolation,1.3295304238796235,1.4950837790966034,468,2.0366267561912537,421.2,10,13,18,24.6,84,high,False,uniform_random
Rotenone,spid:EX000352,4,1,interpolation,1.1755542755126953,1.27351713180542,468,1.9962489604949951,432.0,10,13,18,24.0,84,high,False,model_disagreement
Rotenone,spid:EX000352,4,1,anchorboost_all,1.566047026886718,1.566047026886718,468,1.566047026886718,468.0,10,13,18,18.0,84,high,False,none
Rotenone,spid:EX000352,4,1,anchorboost_all,0.9558486305630562,1.0355026831099776,468,1.341068945871389,432.0,10,13,18,24.0,84,high,False,fixed_maximin
Rotenone,spid:EX000352,4,1,anchorboost_all,1.154644743019891,1.294563503034997,468,1.409442324198046,421.2,10,13,18,24.6,84,high,False,uniform_random
Rotenone,spid:EX000352,4,1,anchorboost_all,0.9558486305630562,1.0355026831099776,468,1.341068945871389,432.0,10,13,18,24.0,84,high,False,model_disagreement
Rotenone,spid:EX000352,4,1,anchorboost_five,1.6383206909909072,1.6383206909909072,468,1.6383206909909072,468.0,10,13,18,18.0,84,high,False,none
Rotenone,spid:EX000352,4,1,anchorboost_five,0.904044386242879,0.9793814184297852,468,1.468907922198486,432.0,10,13,18,24.0,84,high,False,fixed_maximin
Rotenone,spid:EX000352,4,1,anchorboost_five,1.0614581484958752,1.1890215633877186,468,1.4744886218918167,421.2,10,13,18,24.6,84,high,False,uniform_random
Rotenone,spid:EX000352,4,1,anchorboost_five,0.904044386242879,0.9793814184297852,468,1.468907922198486,432.0,10,13,18,24.0,84,high,False,model_disagreement
Rotenone,spid:EX000352,4,1,cnp,1.3905099630355835,1.3905099630355835,468,1.3905099630355835,468.0,10,13,18,18.0,84,high,False,none
Rotenone,spid:EX000352,4,1,cnp,1.1024909019470215,1.19436514377594,468,1.2894929647445679,432.0,10,13,18,24.0,84,high,False,fixed_maximin
Rotenone,spid:EX000352,4,1,cnp,1.0876469731330871,1.2127640664577484,468,1.2514589786529542,421.2,10,13,18,24.6,84,high,False,uniform_random
Rotenone,spid:EX000352,4,1,cnp,1.1024909019470215,1.19436514377594,468,1.2894929647445679,432.0,10,13,18,24.0,84,high,False,model_disagreement
Rotenone,spid:EX000352,4,2,interpolation,1.4100379943847656,1.4100379943847656,495,1.4100379943847656,495.0,10,13,18,18.0,84,high,False,none
Rotenone,spid:EX000352,4,2,interpolation,0.8809435367584229,0.9500370621681213,495,1.251968502998352,459.0,10,13,18,24.0,84,high,False,fixed_maximin
Rotenone,spid:EX000352,4,2,interpolation,1.0871919095516205,1.2099742710590362,495,1.269034218788147,445.5,10,13,18,24.6,84,high,False,uniform_random
Rotenone,spid:EX000352,4,2,interpolation,1.0529240369796753,1.135506272315979,495,1.306241512298584,459.0,10,13,18,24.0,84,high,False,model_disagreement
Rotenone,spid:EX000352,4,2,anchorboost_all,1.2180113197824416,1.2180113197824416,495,1.2180113197824416,495.0,10,13,18,18.0,84,high,False,none
Rotenone,spid:EX000352,4,2,anchorboost_all,1.0077499804803314,1.0867891946356514,495,1.1507730272037489,459.0,10,13,18,24.0,84,high,False,fixed_maximin
Rotenone,spid:EX000352,4,2,anchorboost_all,1.0370856837978566,1.1514406571378524,495,1.0962101878041977,445.5,10,13,18,24.6,84,high,False,uniform_random
Rotenone,spid:EX000352,4,2,anchorboost_all,1.0845633914679336,1.1696271868771833,495,1.1935522805242562,459.0,10,13,18,24.0,84,high,False,model_disagreement
Rotenone,spid:EX000352,4,2,anchorboost_five,1.1560985885174369,1.1560985885174369,495,1.1560985885174369,495.0,10,13,18,18.0,84,high,False,none
Rotenone,spid:EX000352,4,2,anchorboost_five,1.0288796833015854,1.1095761290507293,495,1.1132444734799007,459.0,10,13,18,24.0,84,high,False,fixed_maximin
Rotenone,spid:EX000352,4,2,anchorboost_five,1.011607756186368,1.122892826988544,495,1.040488729665693,445.5,10,13,18,24.6,84,high,False,uniform_random
Rotenone,spid:EX000352,4,2,anchorboost_five,1.1155875128945885,1.2030845727294581,495,1.1247815920725892,459.0,10,13,18,24.0,84,high,False,model_disagreement
Rotenone,spid:EX000352,4,2,cnp,1.2366249561309814,1.2366249561309814,495,1.2366249561309814,495.0,10,13,18,18.0,84,high,False,none
Rotenone,spid:EX000352,4,2,cnp,1.0500876903533936,1.1324474811553955,495,1.1668264865875244,459.0,10,13,18,24.0,84,high,False,fixed_maximin
Rotenone,spid:EX000352,4,2,cnp,1.0979869067668915,1.219337099790573,495,1.112962406873703,445.5,10,13,18,24.6,84,high,False,uniform_random
Rotenone,spid:EX000352,4,2,cnp,1.1560593843460083,1.2467305660247803,495,1.1712020635604858,459.0,10,13,18,24.0,84,high,False,model_disagreement
Rotenone,spid:EX000352,4,3,interpolation,0.9894512891769409,0.9894512891769409,495,0.9894512891769409,495.0,10,13,18,18.0,84,high,False,none
Rotenone,spid:EX000352,4,3,interpolation,0.785810112953186,0.9004074335098267,495,0.7370959520339966,432.0,10,13,18,30.0,84,high,False,fixed_maximin
Rotenone,spid:EX000352,4,3,interpolation,0.9005656778812409,0.9999769330024719,495,0.890506136417389,445.5,10,13,18,24.6,84,high,False,uniform_random
Rotenone,spid:EX000352,4,3,interpolation,0.9148187637329102,0.986569344997406,495,0.9342890977859497,459.0,10,13,18,24.0,84,high,False,model_disagreement
Rotenone,spid:EX000352,4,3,anchorboost_all,1.056468358029656,1.056468358029656,495,1.056468358029656,495.0,10,13,18,18.0,84,high,False,none
Rotenone,spid:EX000352,4,3,anchorboost_all,0.6297355075225229,0.7215719357028908,495,0.6649590170602319,432.0,10,13,18,30.0,84,high,False,fixed_maximin
Rotenone,spid:EX000352,4,3,anchorboost_all,0.9476258745537391,1.0523290088976673,495,0.9508215222266905,445.5,10,13,18,24.6,84,high,False,uniform_random
Rotenone,spid:EX000352,4,3,anchorboost_all,0.9907138602386464,1.068416908100501,495,1.0242067207656844,459.0,10,13,18,24.0,84,high,False,model_disagreement
Rotenone,spid:EX000352,4,3,anchorboost_five,0.9721378756251499,0.9721378756251499,495,0.9721378756251499,495.0,10,13,18,18.0,84,high,False,none
Rotenone,spid:EX000352,4,3,anchorboost_five,0.5910287362460276,0.6772204269485734,495,0.6402260545455518,432.0,10,13,18,30.0,84,high,False,fixed_maximin
Rotenone,spid:EX000352,4,3,anchorboost_five,0.8947469383207063,0.9939360247029843,495,0.8749240880626349,445.5,10,13,18,24.6,84,high,False,uniform_random
Rotenone,spid:EX000352,4,3,anchorboost_five,0.9109620071581211,0.9824100077195423,495,0.9280485663000098,459.0,10,13,18,24.0,84,high,False,model_disagreement
Rotenone,spid:EX000352,4,3,cnp,1.053994059562683,1.053994059562683,495,1.053994059562683,495.0,10,13,18,18.0,84,high,False,none
Rotenone,spid:EX000352,4,3,cnp,0.6570612192153931,0.7528826594352722,495,0.6548486351966858,432.0,10,13,18,30.0,84,high,False,fixed_maximin
Rotenone,spid:EX000352,4,3,cnp,0.9717684090137482,1.0781948149204255,495,0.9485945701599121,445.5,10,13,18,24.6,84,high,False,uniform_random
Rotenone,spid:EX000352,4,3,cnp,0.9997333884239197,1.0781437158584595,495,0.9917408227920532,459.0,10,13,18,24.0,84,high,False,model_disagreement
Rotenone,spid:EX000352,4,4,interpolation,1.234270453453064,1.234270453453064,495,1.234270453453064,495.0,10,13,18,18.0,84,high,False,none
Rotenone,spid:EX000352,4,4,interpolation,0.9146557450294495,0.9863935708999634,495,1.0162057876586914,459.0,10,13,18,27.0,84,high,False,fixed_maximin
Rotenone,spid:EX000352,4,4,interpolation,1.0655675292015077,1.1862893640995025,495,1.1108433425426483,445.5,10,13,18,24.6,84,high,False,uniform_random
Rotenone,spid:EX000352,4,4,interpolation,0.9148187637329102,0.986569344997406,495,1.1091327667236328,459.0,10,13,18,24.0,84,high,False,model_disagreement
Rotenone,spid:EX000352,4,4,anchorboost_all,1.141762823741339,1.141762823741339,495,1.141762823741339,495.0,10,13,18,18.0,84,high,False,none
Rotenone,spid:EX000352,4,4,anchorboost_all,0.8356276200524568,0.9011670412330416,495,0.9938477006175068,459.0,10,13,18,27.0,84,high,False,fixed_maximin
Rotenone,spid:EX000352,4,4,anchorboost_all,1.0008642932014484,1.1118547561078072,495,1.0275865413672052,445.5,10,13,18,24.6,84,high,False,uniform_random
Rotenone,spid:EX000352,4,4,anchorboost_all,1.0008000676090483,1.0792941905587776,495,1.1088181543791065,459.0,10,13,18,24.0,84,high,False,model_disagreement
Rotenone,spid:EX000352,4,4,anchorboost_five,1.1358580233524318,1.1358580233524318,495,1.1358580233524318,495.0,10,13,18,18.0,84,high,False,none
Rotenone,spid:EX000352,4,4,anchorboost_five,0.7153027151915691,0.7714048889320844,495,0.9641486496819126,459.0,10,13,18,27.0,84,high,False,fixed_maximin
Rotenone,spid:EX000352,4,4,anchorboost_five,0.9772422492872564,1.0859269249258117,495,1.0222722210171886,445.5,10,13,18,24.6,84,high,False,uniform_random
Rotenone,spid:EX000352,4,4,anchorboost_five,0.9194990368198274,0.9916166083351079,495,1.107344723442084,459.0,10,13,18,24.0,84,high,False,model_disagreement
Rotenone,spid:EX000352,4,4,cnp,1.1795552968978882,1.1795552968978882,495,1.1795552968978882,495.0,10,13,18,18.0,84,high,False,none
Rotenone,spid:EX000352,4,4,cnp,1.0738760232925415,1.1581015586853027,495,1.084551453590393,459.0,10,13,18,27.0,84,high,False,fixed_maximin
Rotenone,spid:EX000352,4,4,cnp,1.0525630116462708,1.1687716960906982,495,1.061599749326706,445.5,10,13,18,24.6,84,high,False,uniform_random
Rotenone,spid:EX000352,4,4,cnp,0.9981152415275574,1.0763988494873047,495,1.105727195739746,459.0,10,13,18,24.0,84,high,False,model_disagreement
Sodium orthovanadate,spid:EX000499,4,0,interpolation,1.217818021774292,1.217818021774292,322,1.217818021774292,322.0,5,8,25,25.0,73,high,True,none
Sodium orthovanadate,spid:EX000499,4,0,interpolation,0.8579726815223694,1.0666687488555908,322,0.9955646395683289,259.0,5,8,25,36.0,73,high,True,fixed_maximin
Sodium orthovanadate,spid:EX000499,4,0,interpolation,0.910129702091217,1.138581883907318,322,0.9742543935775757,257.6,5,8,25,34.6,73,high,True,uniform_random
Sodium orthovanadate,spid:EX000499,4,0,interpolation,0.7190415263175964,0.8939434885978699,322,0.7999076843261719,259.0,5,8,25,36.0,73,high,True,model_disagreement
Sodium orthovanadate,spid:EX000499,4,0,anchorboost_all,0.9322560647371644,0.9322560647371644,322,0.9322560647371644,322.0,5,8,25,25.0,73,high,True,none
Sodium orthovanadate,spid:EX000499,4,0,anchorboost_all,0.7761825692995028,0.9649837348047873,322,0.7676185712662581,259.0,5,8,25,36.0,73,high,True,fixed_maximin
Sodium orthovanadate,spid:EX000499,4,0,anchorboost_all,0.7671247048494193,0.9598688051448265,322,0.7458048517897314,257.6,5,8,25,34.6,73,high,True,uniform_random
Sodium orthovanadate,spid:EX000499,4,0,anchorboost_all,0.7601131232679376,0.9450055046033818,322,0.6696214582121653,259.0,5,8,25,36.0,73,high,True,model_disagreement
Sodium orthovanadate,spid:EX000499,4,0,anchorboost_five,0.9599229151664582,0.9599229151664582,322,0.9599229151664582,322.0,5,8,25,25.0,73,high,True,none
Sodium orthovanadate,spid:EX000499,4,0,anchorboost_five,0.7708194150329112,0.9583160295003761,322,0.7855366007509,259.0,5,8,25,36.0,73,high,True,fixed_maximin
Sodium orthovanadate,spid:EX000499,4,0,anchorboost_five,0.7989667087848826,0.9992191660176415,322,0.7679383321331665,257.6,5,8,25,34.6,73,high,True,uniform_random
Sodium orthovanadate,spid:EX000499,4,0,anchorboost_five,0.7559481946494075,0.9398274852398039,322,0.6869120257993493,259.0,5,8,25,36.0,73,high,True,model_disagreement
Sodium orthovanadate,spid:EX000499,4,0,cnp,1.0417847633361816,1.0417847633361816,322,1.0417847633361816,322.0,5,8,25,25.0,73,high,True,none
Sodium orthovanadate,spid:EX000499,4,0,cnp,0.9431942701339722,1.1726199388504028,322,0.8938241600990295,259.0,5,8,25,36.0,73,high,True,fixed_maximin
Sodium orthovanadate,spid:EX000499,4,0,cnp,0.8679929971694946,1.0852635502815247,322,0.833427882194519,257.6,5,8,25,34.6,73,high,True,uniform_random
Sodium orthovanadate,spid:EX000499,4,0,cnp,0.701206386089325,0.8717700839042664,322,0.699333906173706,259.0,5,8,25,36.0,73,high,True,model_disagreement
Sodium orthovanadate,spid:EX000499,4,1,interpolation,1.436538577079773,1.436538577079773,330,1.436538577079773,330.0,5,8,26,26.0,73,low,False,none
Sodium orthovanadate,spid:EX000499,4,1,interpolation,1.1494683027267456,1.4478036165237427,330,1.264923334121704,262.0,5,8,26,37.0,73,low,False,fixed_maximin
Sodium orthovanadate,spid:EX000499,4,1,interpolation,1.0800071477890014,1.3524173974990845,330,1.1492308378219604,264.0,5,8,26,35.4,73,low,False,uniform_random
Sodium orthovanadate,spid:EX000499,4,1,interpolation,0.8526822328567505,1.0345041751861572,330,0.8526822328567505,272.0,5,8,26,32.0,73,low,False,model_disagreement
Sodium orthovanadate,spid:EX000499,4,1,anchorboost_all,1.1761616421887373,1.1761616421887373,330,1.1761616421887373,330.0,5,8,26,26.0,73,low,False,none
Sodium orthovanadate,spid:EX000499,4,1,anchorboost_all,1.0051495829680805,1.2660281006849867,330,1.0506369669585502,262.0,5,8,26,37.0,73,low,False,fixed_maximin
Sodium orthovanadate,spid:EX000499,4,1,anchorboost_all,0.8856483892953338,1.1096513485452069,330,0.9409293137509899,264.0,5,8,26,35.4,73,low,False,uniform_random
Sodium orthovanadate,spid:EX000499,4,1,anchorboost_all,0.6327359400356732,0.7676575743079861,330,0.7251068415380302,272.0,5,8,26,32.0,73,low,False,model_disagreement
Sodium orthovanadate,spid:EX000499,4,1,anchorboost_five,1.060504884378789,1.060504884378789,330,1.060504884378789,330.0,5,8,26,26.0,73,low,False,none
Sodium orthovanadate,spid:EX000499,4,1,anchorboost_five,0.962975898200519,1.212908574069356,330,0.9320965466095641,262.0,5,8,26,37.0,73,low,False,fixed_maximin
Sodium orthovanadate,spid:EX000499,4,1,anchorboost_five,0.8530910648490616,1.0686634187255293,330,0.848403907503031,264.0,5,8,26,35.4,73,low,False,uniform_random
Sodium orthovanadate,spid:EX000499,4,1,anchorboost_five,0.6306425890843002,0.7651178470508054,330,0.6469481724418094,272.0,5,8,26,32.0,73,low,False,model_disagreement
Sodium orthovanadate,spid:EX000499,4,1,cnp,1.0551319122314453,1.0551319122314453,330,1.0551319122314453,330.0,5,8,26,26.0,73,low,False,none
Sodium orthovanadate,spid:EX000499,4,1,cnp,0.7290995121002197,0.9183314442634583,330,0.9317132234573364,262.0,5,8,26,37.0,73,low,False,fixed_maximin
Sodium orthovanadate,spid:EX000499,4,1,cnp,0.7283258676528931,0.9106194019317627,330,0.8441055417060852,264.0,5,8,26,35.4,73,low,False,uniform_random
Sodium orthovanadate,spid:EX000499,4,1,cnp,0.7274925112724304,0.8826195597648621,330,0.8028480410575867,272.0,5,8,26,32.0,73,low,False,model_disagreement
Sodium orthovanadate,spid:EX000499,4,2,interpolation,1.3381829261779785,1.3381829261779785,317,1.3381829261779785,317.0,5,8,30,30.0,73,low,False,none
Sodium orthovanadate,spid:EX000499,4,2,interpolation,1.1539323329925537,1.4690624475479126,317,1.1751303672790527,249.0,5,8,30,41.0,73,low,False,fixed_maximin
Sodium orthovanadate,spid:EX000499,4,2,interpolation,1.0630410075187684,1.3318336606025696,317,1.070546305179596,253.6,5,8,30,38.6,73,low,False,uniform_random
Sodium orthovanadate,spid:EX000499,4,2,interpolation,0.7303828597068787,0.8939434885978699,317,0.7303828597068787,259.0,5,8,30,36.0,73,low,False,model_disagreement
Sodium orthovanadate,spid:EX000499,4,2,anchorboost_all,1.2417664714112049,1.2417664714112049,317,1.2417664714112049,317.0,5,8,30,30.0,73,low,False,none
Sodium orthovanadate,spid:EX000499,4,2,anchorboost_all,1.118958644829884,1.4245377124942702,317,1.0890107875678074,249.0,5,8,30,41.0,73,low,False,fixed_maximin
Sodium orthovanadate,spid:EX000499,4,2,anchorboost_all,1.0015507835591961,1.2545472958712,317,0.9934131771289639,253.6,5,8,30,38.6,73,low,False,uniform_random
Sodium orthovanadate,spid:EX000499,4,2,anchorboost_all,0.7721022892500817,0.9450055046033818,317,0.761177938918133,259.0,5,8,30,36.0,73,low,False,model_disagreement
Sodium orthovanadate,spid:EX000499,4,2,anchorboost_five,1.1423622592759468,1.1423622592759468,317,1.1423622592759468,317.0,5,8,30,30.0,73,low,False,none
Sodium orthovanadate,spid:EX000499,4,2,anchorboost_five,0.9962181851601027,1.26827776986246,317,0.9931940412617215,249.0,5,8,30,41.0,73,low,False,fixed_maximin
Sodium orthovanadate,spid:EX000499,4,2,anchorboost_five,0.9356954094369809,1.1713646796702357,317,0.9138898074207574,253.6,5,8,30,38.6,73,low,False,uniform_random
Sodium orthovanadate,spid:EX000499,4,2,anchorboost_five,0.7678716677511331,0.9398274852398039,317,0.7581391134494213,259.0,5,8,30,36.0,73,low,False,model_disagreement
Sodium orthovanadate,spid:EX000499,4,2,cnp,0.9518301486968994,0.9518301486968994,317,0.9518301486968994,317.0,5,8,30,30.0,73,low,False,none
Sodium orthovanadate,spid:EX000499,4,2,cnp,0.7906508445739746,1.0065715312957764,317,0.8084413409233093,249.0,5,8,30,41.0,73,low,False,fixed_maximin
Sodium orthovanadate,spid:EX000499,4,2,cnp,0.7754160046577454,0.9702444553375245,317,0.7614640712738037,253.6,5,8,30,38.6,73,low,False,uniform_random
Sodium orthovanadate,spid:EX000499,4,2,cnp,0.7122663855552673,0.8717700839042664,317,0.68656986951828,259.0,5,8,30,36.0,73,low,False,model_disagreement
Sodium orthovanadate,spid:EX000499,4,3,interpolation,1.288931965827942,1.288931965827942,325,1.288931965827942,325.0,5,8,26,26.0,73,high,False,none
Sodium orthovanadate,spid:EX000499,4,3,interpolation,0.829678475856781,1.0099083185195923,325,0.6787464022636414,267.0,5,8,26,32.0,73,high,False,fixed_maximin
Sodium orthovanadate,spid:EX000499,4,3,interpolation,1.0501187205314637,1.3148102521896363,325,1.0311456084251405,260.0,5,8,26,35.4,73,high,False,uniform_random
Sodium orthovanadate,spid:EX000499,4,3,interpolation,0.829678475856781,1.0099083185195923,325,0.6787464022636414,267.0,5,8,26,32.0,73,high,False,model_disagreement
Sodium orthovanadate,spid:EX000499,4,3,anchorboost_all,1.1162285667659397,1.1162285667659397,325,1.1162285667659397,325.0,5,8,26,26.0,73,high,False,none
Sodium orthovanadate,spid:EX000499,4,3,anchorboost_all,0.7008127980363876,0.8530492859993484,325,0.5991349272141562,267.0,5,8,26,32.0,73,high,False,fixed_maximin
Sodium orthovanadate,spid:EX000499,4,3,anchorboost_all,0.8732804552284087,1.0933698586257028,325,0.8929828534127517,260.0,5,8,26,35.4,73,high,False,uniform_random
Sodium orthovanadate,spid:EX000499,4,3,anchorboost_all,0.7008127980363876,0.8530492859993484,325,0.5991349272141562,267.0,5,8,26,32.0,73,high,False,model_disagreement
Sodium orthovanadate,spid:EX000499,4,3,anchorboost_five,1.0371278802501083,1.0371278802501083,325,1.0371278802501083,325.0,5,8,26,26.0,73,high,False,none
Sodium orthovanadate,spid:EX000499,4,3,anchorboost_five,0.7095989806228287,0.8637440775371509,325,0.5847225879476723,267.0,5,8,26,32.0,73,high,False,fixed_maximin
Sodium orthovanadate,spid:EX000499,4,3,anchorboost_five,0.8382899932620672,1.0491410757340187,325,0.8297023042000866,260.0,5,8,26,35.4,73,high,False,uniform_random
Sodium orthovanadate,spid:EX000499,4,3,anchorboost_five,0.7095989806228287,0.8637440775371509,325,0.5847225879476723,267.0,5,8,26,32.0,73,high,False,model_disagreement
Sodium orthovanadate,spid:EX000499,4,3,cnp,1.2846208810806274,1.2846208810806274,325,1.2846208810806274,325.0,5,8,26,26.0,73,high,False,none
Sodium orthovanadate,spid:EX000499,4,3,cnp,0.848289430141449,1.0325621366500854,325,0.9898275136947632,267.0,5,8,26,32.0,73,high,False,fixed_maximin
Sodium orthovanadate,spid:EX000499,4,3,cnp,0.9946599245071411,1.2463499784469605,325,1.0276966571807862,260.0,5,8,26,35.4,73,high,False,uniform_random
Sodium orthovanadate,spid:EX000499,4,3,cnp,0.848289430141449,1.0325621366500854,325,0.9898275136947632,267.0,5,8,26,32.0,73,high,False,model_disagreement
Sodium orthovanadate,spid:EX000499,4,4,interpolation,1.8268555402755737,1.8268555402755737,332,1.8268555402755737,332.0,5,8,28,28.0,73,high,True,none
Sodium orthovanadate,spid:EX000499,4,4,interpolation,0.8475455641746521,1.0345041751861572,332,1.3472083806991577,272.0,5,8,28,32.0,73,high,True,fixed_maximin
Sodium orthovanadate,spid:EX000499,4,4,interpolation,0.8135664820671081,1.016851782798767,332,1.4614844560623168,265.6,5,8,28,37.0,73,high,True,uniform_random
Sodium orthovanadate,spid:EX000499,4,4,interpolation,0.8475455641746521,1.0345041751861572,332,1.3472083806991577,272.0,5,8,28,32.0,73,high,True,model_disagreement
Sodium orthovanadate,spid:EX000499,4,4,anchorboost_all,1.1162735720764778,1.1162735720764778,332,1.1162735720764778,332.0,5,8,28,28.0,73,high,True,none
Sodium orthovanadate,spid:EX000499,4,4,anchorboost_all,0.6289242777463018,0.7676575743079861,332,0.787060074239048,272.0,5,8,28,32.0,73,high,True,fixed_maximin
Sodium orthovanadate,spid:EX000499,4,4,anchorboost_all,0.7458973755505898,0.9333699869844813,332,0.8930188576611823,265.6,5,8,28,37.0,73,high,True,uniform_random
Sodium orthovanadate,spid:EX000499,4,4,anchorboost_all,0.6289242777463018,0.7676575743079861,332,0.787060074239048,272.0,5,8,28,32.0,73,high,True,model_disagreement
Sodium orthovanadate,spid:EX000499,4,4,anchorboost_five,1.0734678988605388,1.0734678988605388,332,1.0734678988605388,332.0,5,8,28,28.0,73,high,True,none
Sodium orthovanadate,spid:EX000499,4,4,anchorboost_five,0.6268435373428285,0.7651178470508054,332,0.7490963267594573,272.0,5,8,28,32.0,73,high,True,fixed_maximin
Sodium orthovanadate,spid:EX000499,4,4,anchorboost_five,0.7385130865183696,0.9240990763970357,332,0.858774319088431,265.6,5,8,28,37.0,73,high,True,uniform_random
Sodium orthovanadate,spid:EX000499,4,4,anchorboost_five,0.6268435373428285,0.7651178470508054,332,0.7490963267594573,272.0,5,8,28,32.0,73,high,True,model_disagreement
Sodium orthovanadate,spid:EX000499,4,4,cnp,0.8716133832931519,0.8716133832931519,332,0.8716133832931519,332.0,5,8,28,28.0,73,high,True,none
Sodium orthovanadate,spid:EX000499,4,4,cnp,0.7231100797653198,0.8826195597648621,332,0.5816037654876709,272.0,5,8,28,32.0,73,high,True,fixed_maximin
Sodium orthovanadate,spid:EX000499,4,4,cnp,0.7109330296516418,0.888702929019928,332,0.6972907066345215,265.6,5,8,28,37.0,73,high,True,uniform_random
Sodium orthovanadate,spid:EX000499,4,4,cnp,0.7231100797653198,0.8826195597648621,332,0.5816037654876709,272.0,5,8,28,32.0,73,high,True,model_disagreement
Tebupirimfos,spid:ES216_EX000080,4,0,interpolation,1.7561851739883423,1.7561851739883423,222,1.7561851739883423,222.0,4,7,9,9.0,21,low,False,none
Tebupirimfos,spid:ES216_EX000080,4,0,interpolation,0.5546009540557861,0.6619430184364319,222,0.5546009540557861,186.0,4,7,9,12.0,21,low,False,fixed_maximin
Tebupirimfos,spid:ES216_EX000080,4,0,interpolation,1.3140240907669067,1.7962489873170853,222,1.3171389400959015,166.5,4,7,9,12.0,21,low,False,uniform_random
Tebupirimfos,spid:ES216_EX000080,4,0,interpolation,0.5546009540557861,0.6619430184364319,222,0.5546009540557861,186.0,4,7,9,12.0,21,low,False,model_disagreement
Tebupirimfos,spid:ES216_EX000080,4,0,anchorboost_all,1.5555359451486375,1.5555359451486375,222,1.5555359451486375,222.0,4,7,9,9.0,21,low,False,none
Tebupirimfos,spid:ES216_EX000080,4,0,anchorboost_all,0.5645856980122289,0.6738603492404022,222,0.5397564682969013,186.0,4,7,9,12.0,21,low,False,fixed_maximin
Tebupirimfos,spid:ES216_EX000080,4,0,anchorboost_all,1.171210029505206,1.5977203843055297,222,1.1666519588614779,166.5,4,7,9,12.0,21,low,False,uniform_random
Tebupirimfos,spid:ES216_EX000080,4,0,anchorboost_all,0.5645856980122289,0.6738603492404022,222,0.5397564682969013,186.0,4,7,9,12.0,21,low,False,model_disagreement
Tebupirimfos,spid:ES216_EX000080,4,0,anchorboost_five,1.5527558376624362,1.5527558376624362,222,1.5527558376624362,222.0,4,7,9,9.0,21,low,False,none
Tebupirimfos,spid:ES216_EX000080,4,0,anchorboost_five,0.566534956483795,0.6761868835451748,222,0.5279061766162277,186.0,4,7,9,12.0,21,low,False,fixed_maximin
Tebupirimfos,spid:ES216_EX000080,4,0,anchorboost_five,1.1776335185936833,1.6066118961056302,222,1.1645668782468273,166.5,4,7,9,12.0,21,low,False,uniform_random
Tebupirimfos,spid:ES216_EX000080,4,0,anchorboost_five,0.566534956483795,0.6761868835451748,222,0.5279061766162277,186.0,4,7,9,12.0,21,low,False,model_disagreement
Tebupirimfos,spid:ES216_EX000080,4,0,cnp,1.5443642139434814,1.5443642139434814,222,1.5443642139434814,222.0,4,7,9,9.0,21,low,False,none
Tebupirimfos,spid:ES216_EX000080,4,0,cnp,0.5092665553092957,0.6078342795372009,222,0.5096482038497925,186.0,4,7,9,12.0,21,low,False,fixed_maximin
Tebupirimfos,spid:ES216_EX000080,4,0,cnp,1.151275709271431,1.5726720541715622,222,1.1582731902599335,166.5,4,7,9,12.0,21,low,False,uniform_random
Tebupirimfos,spid:ES216_EX000080,4,0,cnp,0.5092665553092957,0.6078342795372009,222,0.5096482038497925,186.0,4,7,9,12.0,21,low,False,model_disagreement
Tebupirimfos,spid:ES216_EX000080,4,1,interpolation,1.9073482751846313,1.9073482751846313,222,1.9073482751846313,222.0,4,7,9,9.0,21,low,False,none
Tebupirimfos,spid:ES216_EX000080,4,1,interpolation,1.530759572982788,2.137287139892578,222,1.6223235130310059,159.0,4,7,9,12.0,21,low,False,fixed_maximin
Tebupirimfos,spid:ES216_EX000080,4,1,interpolation,1.3900049477815628,1.8935028910636902,222,1.4305112212896347,166.5,4,7,9,12.0,21,low,False,uniform_random
Tebupirimfos,spid:ES216_EX000080,4,1,interpolation,0.7057638764381409,0.8423633575439453,222,0.7057638764381409,186.0,4,7,9,12.0,21,low,False,model_disagreement
Tebupirimfos,spid:ES216_EX000080,4,1,anchorboost_all,1.5896658967074133,1.5896658967074133,222,1.5896658967074133,222.0,4,7,9,9.0,21,low,False,none
Tebupirimfos,spid:ES216_EX000080,4,1,anchorboost_all,1.3424779368185191,1.874403157067367,222,1.3642201422816582,159.0,4,7,9,12.0,21,low,False,fixed_maximin
Tebupirimfos,spid:ES216_EX000080,4,1,anchorboost_all,1.167345430295888,1.5938997300053552,222,1.1922494225305598,166.5,4,7,9,12.0,21,low,False,uniform_random
Tebupirimfos,spid:ES216_EX000080,4,1,anchorboost_all,0.5256852092482082,0.6274307336188291,222,0.5852486917054391,186.0,4,7,9,12.0,21,low,False,model_disagreement
Tebupirimfos,spid:ES216_EX000080,4,1,anchorboost_five,1.5785996067828454,1.5785996067828454,222,1.5785996067828454,222.0,4,7,9,9.0,21,low,False,none
Tebupirimfos,spid:ES216_EX000080,4,1,anchorboost_five,1.367741924804479,1.9096774044439897,222,1.3674520046599148,159.0,4,7,9,12.0,21,low,False,fixed_maximin
Tebupirimfos,spid:ES216_EX000080,4,1,anchorboost_five,1.1780634232828207,1.6083195361193956,222,1.1839497050871342,166.5,4,7,9,12.0,21,low,False,uniform_random
Tebupirimfos,spid:ES216_EX000080,4,1,anchorboost_five,0.5387431819772412,0.6430160559083203,222,0.5666128832944357,186.0,4,7,9,12.0,21,low,False,model_disagreement
Tebupirimfos,spid:ES216_EX000080,4,1,cnp,1.587720274925232,1.587720274925232,222,1.587720274925232,222.0,4,7,9,9.0,21,low,False,none
Tebupirimfos,spid:ES216_EX000080,4,1,cnp,1.3145498037338257,1.8354090452194214,222,1.3632981777191162,159.0,4,7,9,12.0,21,low,False,fixed_maximin
Tebupirimfos,spid:ES216_EX000080,4,1,cnp,1.1716179549694061,1.5986439734697342,222,1.190790206193924,166.5,4,7,9,12.0,21,low,False,uniform_random
Tebupirimfos,spid:ES216_EX000080,4,1,cnp,0.55042564868927,0.656959593296051,222,0.5585352182388306,186.0,4,7,9,12.0,21,low,False,model_disagreement
Tebupirimfos,spid:ES216_EX000080,4,2,interpolation,1.715850830078125,1.715850830078125,222,1.715850830078125,222.0,4,7,9,9.0,21,low,False,none
Tebupirimfos,spid:ES216_EX000080,4,2,interpolation,1.6666394472122192,1.9892147779464722,222,0.6722251772880554,186.0,4,7,9,12.0,21,low,False,fixed_maximin
Tebupirimfos,spid:ES216_EX000080,4,2,interpolation,1.5871305465698242,2.1214140951633453,222,1.2868880182504654,166.5,4,7,9,12.0,21,low,False,uniform_random
Tebupirimfos,spid:ES216_EX000080,4,2,interpolation,1.6666394472122192,1.9892147779464722,222,0.6722251772880554,186.0,4,7,9,12.0,21,low,False,model_disagreement
Tebupirimfos,spid:ES216_EX000080,4,2,anchorboost_all,1.5415527489034633,1.5415527489034633,222,1.5415527489034633,222.0,4,7,9,9.0,21,low,False,none
Tebupirimfos,spid:ES216_EX000080,4,2,anchorboost_all,1.3542420182288448,1.616353376595718,222,0.767212714668648,186.0,4,7,9,12.0,21,low,False,fixed_maximin
Tebupirimfos,spid:ES216_EX000080,4,2,anchorboost_all,1.345581210430581,1.8012864593342413,222,1.1561645616775977,166.5,4,7,9,12.0,21,low,False,uniform_random
Tebupirimfos,spid:ES216_EX000080,4,2,anchorboost_all,1.3542420182288448,1.616353376595718,222,0.767212714668648,186.0,4,7,9,12.0,21,low,False,model_disagreement
Tebupirimfos,spid:ES216_EX000080,4,2,anchorboost_five,1.4471397090141873,1.4471397090141873,222,1.4471397090141873,222.0,4,7,9,9.0,21,low,False,none
Tebupirimfos,spid:ES216_EX000080,4,2,anchorboost_five,1.468812596500361,1.7530989055004307,222,0.7752645977172476,186.0,4,7,9,12.0,21,low,False,fixed_maximin
Tebupirimfos,spid:ES216_EX000080,4,2,anchorboost_five,1.328332205572261,1.7716981767506035,222,1.0853547817606404,166.5,4,7,9,12.0,21,low,False,uniform_random
Tebupirimfos,spid:ES216_EX000080,4,2,anchorboost_five,1.468812596500361,1.7530989055004307,222,0.7752645977172476,186.0,4,7,9,12.0,21,low,False,model_disagreement
Tebupirimfos,spid:ES216_EX000080,4,2,cnp,1.4990326166152954,1.4990326166152954,222,1.4990326166152954,222.0,4,7,9,9.0,21,low,False,none
Tebupirimfos,spid:ES216_EX000080,4,2,cnp,1.237919807434082,1.4775172472000122,222,0.7229336500167847,186.0,4,7,9,12.0,21,low,False,fixed_maximin
Tebupirimfos,spid:ES216_EX000080,4,2,cnp,1.2831811010837555,1.7199099361896515,222,1.1242744624614716,166.5,4,7,9,12.0,21,low,False,uniform_random
Tebupirimfos,spid:ES216_EX000080,4,2,cnp,1.237919807434082,1.4775172472000122,222,0.7229336500167847,186.0,4,7,9,12.0,21,low,False,model_disagreement
Tebupirimfos,spid:ES216_EX000080,4,3,interpolation,1.7880100011825562,1.7880100011825562,222,1.7880100011825562,222.0,4,7,9,9.0,21,low,False,none
Tebupirimfos,spid:ES216_EX000080,4,3,interpolation,0.5864259004592896,0.6999276876449585,222,0.5864259004592896,186.0,4,7,9,12.0,21,low,False,fixed_maximin
Tebupirimfos,spid:ES216_EX000080,4,3,interpolation,1.3334257900714874,1.821519821882248,222,1.341007649898529,166.5,4,7,9,12.0,21,low,False,uniform_random
Tebupirimfos,spid:ES216_EX000080,4,3,interpolation,0.5864259004592896,0.6999276876449585,222,0.5864259004592896,186.0,4,7,9,12.0,21,low,False,model_disagreement
Tebupirimfos,spid:ES216_EX000080,4,3,anchorboost_all,1.5860221202467801,1.5860221202467801,222,1.5860221202467801,222.0,4,7,9,9.0,21,low,False,none
Tebupirimfos,spid:ES216_EX000080,4,3,anchorboost_all,0.6233389510671095,0.7439851996607435,222,0.5849348400715731,186.0,4,7,9,12.0,21,low,False,fixed_maximin
Tebupirimfos,spid:ES216_EX000080,4,3,anchorboost_all,1.1930830824408947,1.6251840821480803,222,1.189516590185085,166.5,4,7,9,12.0,21,low,False,uniform_random
Tebupirimfos,spid:ES216_EX000080,4,3,anchorboost_all,0.6233389510671095,0.7439851996607435,222,0.5849348400715731,186.0,4,7,9,12.0,21,low,False,model_disagreement
Tebupirimfos,spid:ES216_EX000080,4,3,anchorboost_five,1.5848996162067095,1.5848996162067095,222,1.5848996162067095,222.0,4,7,9,9.0,21,low,False,none
Tebupirimfos,spid:ES216_EX000080,4,3,anchorboost_five,0.6374728586284127,0.7608547022339119,222,0.5665799003793652,186.0,4,7,9,12.0,21,low,False,fixed_maximin
Tebupirimfos,spid:ES216_EX000080,4,3,anchorboost_five,1.2043908018306135,1.6402129768328275,222,1.188674712155032,166.5,4,7,9,12.0,21,low,False,uniform_random
Tebupirimfos,spid:ES216_EX000080,4,3,anchorboost_five,0.6374728586284127,0.7608547022339119,222,0.5665799003793652,186.0,4,7,9,12.0,21,low,False,model_disagreement
Tebupirimfos,spid:ES216_EX000080,4,3,cnp,1.6145689487457275,1.6145689487457275,222,1.6145689487457275,222.0,4,7,9,9.0,21,low,False,none
Tebupirimfos,spid:ES216_EX000080,4,3,cnp,0.543464720249176,0.6486514806747437,222,0.5338099598884583,186.0,4,7,9,12.0,21,low,False,fixed_maximin
Tebupirimfos,spid:ES216_EX000080,4,3,cnp,1.1920099407434464,1.6274120211601257,222,1.2109266966581345,166.5,4,7,9,12.0,21,low,False,uniform_random
Tebupirimfos,spid:ES216_EX000080,4,3,cnp,0.543464720249176,0.6486514806747437,222,0.5338099598884583,186.0,4,7,9,12.0,21,low,False,model_disagreement
Tebupirimfos,spid:ES216_EX000080,4,4,interpolation,1.9538114070892334,1.9538114070892334,225,1.9538114070892334,225.0,4,7,9,9.0,21,low,False,none
Tebupirimfos,spid:ES216_EX000080,4,4,interpolation,1.5822439193725586,2.197561264038086,225,1.6725871562957764,162.0,4,7,9,12.0,21,low,False,fixed_maximin
Tebupirimfos,spid:ES216_EX000080,4,4,interpolation,1.5679592192173004,2.111326575279236,225,1.4653585404157639,168.75,4,7,9,12.0,21,low,False,uniform_random
Tebupirimfos,spid:ES216_EX000080,4,4,interpolation,1.3385155200958252,1.593470811843872,225,0.8480654358863831,189.0,4,7,9,12.0,21,low,False,model_disagreement
Tebupirimfos,spid:ES216_EX000080,4,4,anchorboost_all,1.5405914583640303,1.5405914583640303,225,1.5405914583640303,225.0,4,7,9,9.0,21,low,False,none
Tebupirimfos,spid:ES216_EX000080,4,4,anchorboost_all,1.3159173038297332,1.8276629219857403,225,1.3331711158910915,162.0,4,7,9,12.0,21,low,False,fixed_maximin
Tebupirimfos,spid:ES216_EX000080,4,4,anchorboost_all,1.2604733107669213,1.6968094492980341,225,1.155443593773023,168.75,4,7,9,12.0,21,low,False,uniform_random
Tebupirimfos,spid:ES216_EX000080,4,4,anchorboost_all,1.0855742036254292,1.2923502424112252,225,0.6534345900086397,189.0,4,7,9,12.0,21,low,False,model_disagreement
Tebupirimfos,spid:ES216_EX000080,4,4,anchorboost_five,1.3895212120601226,1.3895212120601226,225,1.3895212120601226,225.0,4,7,9,9.0,21,low,False,none
Tebupirimfos,spid:ES216_EX000080,4,4,anchorboost_five,1.1867167943961408,1.6482177699946403,225,1.1711357394335096,162.0,4,7,9,12.0,21,low,False,fixed_maximin
Tebupirimfos,spid:ES216_EX000080,4,4,anchorboost_five,1.2238575362634778,1.6463820852636493,225,1.0421409090450917,168.75,4,7,9,12.0,21,low,False,uniform_random
Tebupirimfos,spid:ES216_EX000080,4,4,anchorboost_five,1.0769481764622162,1.2820811624550192,225,0.6702559545500668,189.0,4,7,9,12.0,21,low,False,model_disagreement
Tebupirimfos,spid:ES216_EX000080,4,4,cnp,1.4696320295333862,1.4696320295333862,225,1.4696320295333862,225.0,4,7,9,9.0,21,low,False,none
Tebupirimfos,spid:ES216_EX000080,4,4,cnp,1.208897590637207,1.6790244579315186,225,1.2454941272735596,162.0,4,7,9,12.0,21,low,False,fixed_maximin
Tebupirimfos,spid:ES216_EX000080,4,4,cnp,1.2369312345981598,1.6660408675670624,225,1.1022240072488785,168.75,4,7,9,12.0,21,low,False,uniform_random
Tebupirimfos,spid:ES216_EX000080,4,4,cnp,1.046690583229065,1.2460601329803467,225,0.6929751038551331,189.0,4,7,9,12.0,21,low,False,model_disagreement
Triphenyl phosphate,spid:EX000360,4,0,interpolation,0.9025948643684387,0.9025948643684387,272,0.9025948643684387,272.0,4,7,15,15.0,35,low,True,none
Triphenyl phosphate,spid:EX000360,4,0,interpolation,0.4843113422393799,0.6457483768463135,272,0.6114510893821716,204.0,4,7,15,20.0,35,low,True,fixed_maximin
Triphenyl phosphate,spid:EX000360,4,0,interpolation,0.5946241915225983,0.7928322106599808,272,0.6769461184740067,204.0,4,7,15,20.0,35,low,True,uniform_random
Triphenyl phosphate,spid:EX000360,4,0,interpolation,0.4843113422393799,0.6457483768463135,272,0.6114510893821716,204.0,4,7,15,20.0,35,low,True,model_disagreement
Triphenyl phosphate,spid:EX000360,4,0,anchorboost_all,0.688871426751152,0.688871426751152,272,0.688871426751152,272.0,4,7,15,15.0,35,low,True,none
Triphenyl phosphate,spid:EX000360,4,0,anchorboost_all,0.43757704192939334,0.5834360559058578,272,0.47499301833310337,204.0,4,7,15,20.0,35,low,True,fixed_maximin
Triphenyl phosphate,spid:EX000360,4,0,anchorboost_all,0.4975406393141722,0.6633875190855629,272,0.516653570063364,204.0,4,7,15,20.0,35,low,True,uniform_random
Triphenyl phosphate,spid:EX000360,4,0,anchorboost_all,0.43757704192939334,0.5834360559058578,272,0.47499301833310337,204.0,4,7,15,20.0,35,low,True,model_disagreement
Triphenyl phosphate,spid:EX000360,4,0,anchorboost_five,0.7347398973620185,0.7347398973620185,272,0.7347398973620185,272.0,4,7,15,15.0,35,low,True,none
Triphenyl phosphate,spid:EX000360,4,0,anchorboost_five,0.42585566788629714,0.5678075571817295,272,0.48983505986160186,204.0,4,7,15,20.0,35,low,True,fixed_maximin
Triphenyl phosphate,spid:EX000360,4,0,anchorboost_five,0.5018264002915696,0.6691018670554258,272,0.551054923021514,204.0,4,7,15,20.0,35,low,True,uniform_random
Triphenyl phosphate,spid:EX000360,4,0,anchorboost_five,0.42585566788629714,0.5678075571817295,272,0.48983505986160186,204.0,4,7,15,20.0,35,low,True,model_disagreement
Triphenyl phosphate,spid:EX000360,4,0,cnp,0.7377699613571167,0.7377699613571167,272,0.7377699613571167,272.0,4,7,15,15.0,35,low,True,none
Triphenyl phosphate,spid:EX000360,4,0,cnp,0.5418403744697571,0.722453773021698,272,0.5617617964744568,204.0,4,7,15,20.0,35,low,True,fixed_maximin
Triphenyl phosphate,spid:EX000360,4,0,cnp,0.5509489327669144,0.7345985621213913,272,0.5533274859189987,204.0,4,7,15,20.0,35,low,True,uniform_random
Triphenyl phosphate,spid:EX000360,4,0,cnp,0.5418403744697571,0.722453773021698,272,0.5617617964744568,204.0,4,7,15,20.0,35,low,True,model_disagreement
Triphenyl phosphate,spid:EX000360,4,1,interpolation,1.0233250856399536,1.0233250856399536,267,1.0233250856399536,267.0,4,7,15,15.0,35,low,False,none
Triphenyl phosphate,spid:EX000360,4,1,interpolation,0.4933807849884033,0.6457483768463135,267,0.552927553653717,204.0,4,7,15,20.0,35,low,False,fixed_maximin
Triphenyl phosphate,spid:EX000360,4,1,interpolation,0.7206809371709824,0.9628875404596329,267,0.7674938887357712,200.25,4,7,15,20.0,35,low,False,uniform_random
Triphenyl phosphate,spid:EX000360,4,1,interpolation,0.4933807849884033,0.6457483768463135,267,0.552927553653717,204.0,4,7,15,20.0,35,low,False,model_disagreement
Triphenyl phosphate,spid:EX000360,4,1,anchorboost_all,0.8759300743190231,0.8759300743190231,267,0.8759300743190231,267.0,4,7,15,15.0,35,low,False,none
Triphenyl phosphate,spid:EX000360,4,1,anchorboost_all,0.4457713685572846,0.5834360559058578,267,0.48654502306706954,204.0,4,7,15,20.0,35,low,False,fixed_maximin
Triphenyl phosphate,spid:EX000360,4,1,anchorboost_all,0.6211477045762832,0.8297343821707805,267,0.6569475557392674,200.25,4,7,15,20.0,35,low,False,uniform_random
Triphenyl phosphate,spid:EX000360,4,1,anchorboost_all,0.4457713685572846,0.5834360559058578,267,0.48654502306706954,204.0,4,7,15,20.0,35,low,False,model_disagreement
Triphenyl phosphate,spid:EX000360,4,1,anchorboost_five,0.9423845557904431,0.9423845557904431,267,0.9423845557904431,267.0,4,7,15,15.0,35,low,False,none
Triphenyl phosphate,spid:EX000360,4,1,anchorboost_five,0.4338304931276135,0.5678075571817295,267,0.4863920706989527,204.0,4,7,15,20.0,35,low,False,fixed_maximin
Triphenyl phosphate,spid:EX000360,4,1,anchorboost_five,0.6619684364142346,0.8846020757594146,267,0.7067884168428323,200.25,4,7,15,20.0,35,low,False,uniform_random
Triphenyl phosphate,spid:EX000360,4,1,anchorboost_five,0.4338304931276135,0.5678075571817295,267,0.4863920706989527,204.0,4,7,15,20.0,35,low,False,model_disagreement
Triphenyl phosphate,spid:EX000360,4,1,cnp,1.0698323249816895,1.0698323249816895,267,1.0698323249816895,267.0,4,7,15,15.0,35,low,False,none
Triphenyl phosphate,spid:EX000360,4,1,cnp,0.5519871711730957,0.722453773021698,267,0.560604453086853,204.0,4,7,15,20.0,35,low,False,fixed_maximin
Triphenyl phosphate,spid:EX000360,4,1,cnp,0.7516767978668213,1.0039931535720825,267,0.8023742288351059,200.25,4,7,15,20.0,35,low,False,uniform_random
Triphenyl phosphate,spid:EX000360,4,1,cnp,0.5519871711730957,0.722453773021698,267,0.560604453086853,204.0,4,7,15,20.0,35,low,False,model_disagreement
Triphenyl phosphate,spid:EX000360,4,2,interpolation,0.9026861190795898,0.9026861190795898,267,0.9026861190795898,267.0,4,7,15,15.0,35,low,False,none
Triphenyl phosphate,spid:EX000360,4,2,interpolation,0.7556391358375549,1.0138474702835083,267,0.7556391358375549,199.0,4,7,15,20.0,35,low,False,fixed_maximin
Triphenyl phosphate,spid:EX000360,4,2,interpolation,0.6551194190979004,0.8743754625320435,267,0.6770146042108536,200.25,4,7,15,20.0,35,low,False,uniform_random
Triphenyl phosphate,spid:EX000360,4,2,interpolation,0.5599934458732605,0.7329325675964355,267,0.5599934458732605,204.0,4,7,15,20.0,35,low,False,model_disagreement
Triphenyl phosphate,spid:EX000360,4,2,anchorboost_all,0.8260008084759313,0.8260008084759313,267,0.8260008084759313,267.0,4,7,15,15.0,35,low,False,none
Triphenyl phosphate,spid:EX000360,4,2,anchorboost_all,0.6438871523091014,0.8639088927966337,267,0.6235835329637842,199.0,4,7,15,20.0,35,low,False,fixed_maximin
Triphenyl phosphate,spid:EX000360,4,2,anchorboost_all,0.6181253235341223,0.8249584317053116,267,0.6195006063569484,200.25,4,7,15,20.0,35,low,False,uniform_random
Triphenyl phosphate,spid:EX000360,4,2,anchorboost_all,0.5334460786449146,0.6981867794029027,267,0.5346014830138267,204.0,4,7,15,20.0,35,low,False,model_disagreement
Triphenyl phosphate,spid:EX000360,4,2,anchorboost_five,0.8523425355671786,0.8523425355671786,267,0.8523425355671786,267.0,4,7,15,15.0,35,low,False,none
Triphenyl phosphate,spid:EX000360,4,2,anchorboost_five,0.6757047892800409,0.9065988881295023,267,0.6425013218216036,199.0,4,7,15,20.0,35,low,False,fixed_maximin
Triphenyl phosphate,spid:EX000360,4,2,anchorboost_five,0.6381019691318054,0.8518241000055954,267,0.639256901675384,200.25,4,7,15,20.0,35,low,False,uniform_random
Triphenyl phosphate,spid:EX000360,4,2,anchorboost_five,0.5258034182592747,0.6881838856628743,267,0.5374289362902078,204.0,4,7,15,20.0,35,low,False,model_disagreement
Triphenyl phosphate,spid:EX000360,4,2,cnp,0.9498151540756226,0.9498151540756226,267,0.9498151540756226,267.0,4,7,15,15.0,35,low,False,none
Triphenyl phosphate,spid:EX000360,4,2,cnp,0.7287804484367371,0.9778109788894653,267,0.7342069745063782,199.0,4,7,15,20.0,35,low,False,fixed_maximin
Triphenyl phosphate,spid:EX000360,4,2,cnp,0.710068866610527,0.9481055736541748,267,0.7123613804578781,200.25,4,7,15,20.0,35,low,False,uniform_random
Triphenyl phosphate,spid:EX000360,4,2,cnp,0.5595142245292664,0.7323054075241089,267,0.5810781121253967,204.0,4,7,15,20.0,35,low,False,model_disagreement
Triphenyl phosphate,spid:EX000360,4,3,interpolation,0.7485380172729492,0.7485380172729492,272,0.7485380172729492,272.0,4,7,15,15.0,35,low,True,none
Triphenyl phosphate,spid:EX000360,4,3,interpolation,0.5259412527084351,0.7012549042701721,272,0.5935952663421631,204.0,4,7,15,20.0,35,low,True,fixed_maximin
Triphenyl phosphate,spid:EX000360,4,3,interpolation,0.4764425680041313,0.6352567374706268,272,0.5614034980535507,204.0,4,7,15,20.0,35,low,True,uniform_random
Triphenyl phosphate,spid:EX000360,4,3,interpolation,0.4484655261039734,0.5979540348052979,272,0.538116455078125,204.0,4,7,15,20.0,35,low,True,model_disagreement
Triphenyl phosphate,spid:EX000360,4,3,anchorboost_all,0.6331912278243449,0.6331912278243449,272,0.6331912278243449,272.0,4,7,15,15.0,35,low,True,none
Triphenyl phosphate,spid:EX000360,4,3,anchorboost_all,0.4519440767917387,0.6025921023889849,272,0.482971610988994,204.0,4,7,15,20.0,35,low,True,fixed_maximin
Triphenyl phosphate,spid:EX000360,4,3,anchorboost_all,0.4412118014203482,0.5882824018937975,272,0.47489342086825864,204.0,4,7,15,20.0,35,low,True,uniform_random
Triphenyl phosphate,spid:EX000360,4,3,anchorboost_all,0.4569593124852249,0.6092790833136332,272,0.4857247705408324,204.0,4,7,15,20.0,35,low,True,model_disagreement
Triphenyl phosphate,spid:EX000360,4,3,anchorboost_five,0.6398974361374934,0.6398974361374934,272,0.6398974361374934,272.0,4,7,15,15.0,35,low,True,none
Triphenyl phosphate,spid:EX000360,4,3,anchorboost_five,0.45789654107735717,0.6105287214364761,272,0.4904170849752474,204.0,4,7,15,20.0,35,low,True,fixed_maximin
Triphenyl phosphate,spid:EX000360,4,3,anchorboost_five,0.4382405798821588,0.5843207731762117,272,0.47992307710312004,204.0,4,7,15,20.0,35,low,True,uniform_random
Triphenyl phosphate,spid:EX000360,4,3,anchorboost_five,0.448372433924857,0.5978299118998093,272,0.4810726514622517,204.0,4,7,15,20.0,35,low,True,model_disagreement
Triphenyl phosphate,spid:EX000360,4,3,cnp,0.7316586375236511,0.7316586375236511,272,0.7316586375236511,272.0,4,7,15,15.0,35,low,True,none
Triphenyl phosphate,spid:EX000360,4,3,cnp,0.5111363530158997,0.681515097618103,272,0.5596521496772766,204.0,4,7,15,20.0,35,low,True,fixed_maximin
Triphenyl phosphate,spid:EX000360,4,3,cnp,0.5034462586045265,0.6712616384029388,272,0.5487440079450607,204.0,4,7,15,20.0,35,low,True,uniform_random
Triphenyl phosphate,spid:EX000360,4,3,cnp,0.5352924466133118,0.7137231826782227,272,0.5453196167945862,204.0,4,7,15,20.0,35,low,True,model_disagreement
Triphenyl phosphate,spid:EX000360,4,4,interpolation,0.7576978802680969,0.7576978802680969,267,0.7576978802680969,267.0,4,7,15,15.0,35,low,False,none
Triphenyl phosphate,spid:EX000360,4,4,interpolation,0.6087213754653931,0.8167266249656677,267,0.6035956740379333,199.0,4,7,15,20.0,35,low,False,fixed_maximin
Triphenyl phosphate,spid:EX000360,4,4,interpolation,0.5714762732386589,0.7633427530527115,267,0.5682733580470085,200.25,4,7,15,20.0,35,low,False,uniform_random
Triphenyl phosphate,spid:EX000360,4,4,interpolation,0.4150051772594452,0.5431685447692871,267,0.4150051772594452,204.0,4,7,15,20.0,35,low,False,model_disagreement
Triphenyl phosphate,spid:EX000360,4,4,anchorboost_all,0.742740556586288,0.742740556586288,267,0.742740556586288,267.0,4,7,15,15.0,35,low,False,none
Triphenyl phosphate,spid:EX000360,4,4,anchorboost_all,0.5664422810604343,0.7600004474529445,267,0.5993366423331227,199.0,4,7,15,20.0,35,low,False,fixed_maximin
Triphenyl phosphate,spid:EX000360,4,4,anchorboost_all,0.5369953362800716,0.7171291089649989,267,0.557055417439716,200.25,4,7,15,20.0,35,low,False,uniform_random
Triphenyl phosphate,spid:EX000360,4,4,anchorboost_all,0.4089548133628217,0.5352496821954578,267,0.4335500392832624,204.0,4,7,15,20.0,35,low,False,model_disagreement
Triphenyl phosphate,spid:EX000360,4,4,anchorboost_five,0.7820326219655971,0.7820326219655971,267,0.7820326219655971,267.0,4,7,15,15.0,35,low,False,none
Triphenyl phosphate,spid:EX000360,4,4,anchorboost_five,0.6057323354879403,0.8127162491220101,267,0.6248740468730686,199.0,4,7,15,20.0,35,low,False,fixed_maximin
Triphenyl phosphate,spid:EX000360,4,4,anchorboost_five,0.5645751983325007,0.7542166963137673,267,0.5865244664741978,200.25,4,7,15,20.0,35,low,False,uniform_random
Triphenyl phosphate,spid:EX000360,4,4,anchorboost_five,0.3988041924222945,0.5219643106703559,267,0.4571540395005902,204.0,4,7,15,20.0,35,low,False,model_disagreement
Triphenyl phosphate,spid:EX000360,4,4,cnp,0.9022295475006104,0.9022295475006104,267,0.9022295475006104,267.0,4,7,15,15.0,35,low,False,none
Triphenyl phosphate,spid:EX000360,4,4,cnp,0.7183188199996948,0.9637743830680847,267,0.7416231632232666,199.0,4,7,15,20.0,35,low,False,fixed_maximin
Triphenyl phosphate,spid:EX000360,4,4,cnp,0.6546708568930626,0.8743466436862946,267,0.6766722127795219,200.25,4,7,15,20.0,35,low,False,uniform_random
Triphenyl phosphate,spid:EX000360,4,4,cnp,0.4902961552143097,0.6417112350463867,267,0.4934574067592621,204.0,4,7,15,20.0,35,low,False,model_disagreement
Triphenyl phosphite,spid:TP0001649E09,4,0,interpolation,0.9388461112976074,0.9388461112976074,255,0.9388461112976074,255.0,4,7,9,9.0,21,high,False,none
Triphenyl phosphite,spid:TP0001649E09,4,0,interpolation,0.6479508280754089,0.8605596423149109,255,0.7070032954216003,192.0,4,7,9,12.0,21,high,False,fixed_maximin
Triphenyl phosphite,spid:TP0001649E09,4,0,interpolation,0.6768741309642792,0.9025942087173462,255,0.704134538769722,191.25,4,7,9,12.0,21,high,False,uniform_random
Triphenyl phosphite,spid:TP0001649E09,4,0,interpolation,0.6797230839729309,0.9027572274208069,255,0.6797230839729309,192.0,4,7,9,12.0,21,high,False,model_disagreement
Triphenyl phosphite,spid:TP0001649E09,4,0,anchorboost_all,0.7013270992991628,0.7013270992991628,255,0.7013270992991628,255.0,4,7,9,9.0,21,high,False,none
Triphenyl phosphite,spid:TP0001649E09,4,0,anchorboost_all,0.516458931993196,0.6859220190534637,255,0.5236931704353702,192.0,4,7,9,12.0,21,high,False,fixed_maximin
Triphenyl phosphite,spid:TP0001649E09,4,0,anchorboost_all,0.5123186741373691,0.683195688096538,255,0.525995324474372,191.25,4,7,9,12.0,21,high,False,uniform_random
Triphenyl phosphite,spid:TP0001649E09,4,0,anchorboost_all,0.5121422063625716,0.6801888678252904,255,0.5328356584594164,192.0,4,7,9,12.0,21,high,False,model_disagreement
Triphenyl phosphite,spid:TP0001649E09,4,0,anchorboost_five,0.7099005988341305,0.7099005988341305,255,0.7099005988341305,255.0,4,7,9,9.0,21,high,False,none
Triphenyl phosphite,spid:TP0001649E09,4,0,anchorboost_five,0.5253054907119226,0.6976713548517721,255,0.5314187092172423,192.0,4,7,9,12.0,21,high,False,fixed_maximin
Triphenyl phosphite,spid:TP0001649E09,4,0,anchorboost_five,0.5147024354401639,0.6863165367239502,255,0.5324254491255977,191.25,4,7,9,12.0,21,high,False,uniform_random
Triphenyl phosphite,spid:TP0001649E09,4,0,anchorboost_five,0.5128975789223376,0.6811920970062295,255,0.5307677439543041,192.0,4,7,9,12.0,21,high,False,model_disagreement
Triphenyl phosphite,spid:TP0001649E09,4,0,cnp,0.6625382900238037,0.6625382900238037,255,0.6625382900238037,255.0,4,7,9,9.0,21,high,False,none
Triphenyl phosphite,spid:TP0001649E09,4,0,cnp,0.5066591501235962,0.6729066967964172,255,0.4937945306301117,192.0,4,7,9,12.0,21,high,False,fixed_maximin
Triphenyl phosphite,spid:TP0001649E09,4,0,cnp,0.5071485713124275,0.6763908863067627,255,0.496903732419014,191.25,4,7,9,12.0,21,high,False,uniform_random
Triphenyl phosphite,spid:TP0001649E09,4,0,cnp,0.47743991017341614,0.6340999007225037,255,0.48083260655403137,192.0,4,7,9,12.0,21,high,False,model_disagreement
Triphenyl phosphite,spid:TP0001649E09,4,1,interpolation,1.0611928701400757,1.0611928701400757,255,1.0611928701400757,255.0,4,7,9,9.0,21,low,False,none
Triphenyl phosphite,spid:TP0001649E09,4,1,interpolation,0.7469565272331238,0.9920516014099121,255,0.8386905193328857,192.0,4,7,9,12.0,21,low,False,fixed_maximin
Triphenyl phosphite,spid:TP0001649E09,4,1,interpolation,0.762054979801178,1.0166220366954803,255,0.7958946228027344,191.25,4,7,9,12.0,21,low,False,uniform_random
Triphenyl phosphite,spid:TP0001649E09,4,1,interpolation,0.7469565272331238,0.9920516014099121,255,0.8386905193328857,192.0,4,7,9,12.0,21,low,False,model_disagreement
Triphenyl phosphite,spid:TP0001649E09,4,1,anchorboost_all,0.9960522072059629,0.9960522072059629,255,0.9960522072059629,255.0,4,7,9,9.0,21,low,False,none
Triphenyl phosphite,spid:TP0001649E09,4,1,anchorboost_all,0.7085819908016593,0.9410854565334539,255,0.8018497173612845,192.0,4,7,9,12.0,21,low,False,fixed_maximin
Triphenyl phosphite,spid:TP0001649E09,4,1,anchorboost_all,0.6825350945414885,0.9109722474075885,255,0.7470391554044721,191.25,4,7,9,12.0,21,low,False,uniform_random
Triphenyl phosphite,spid:TP0001649E09,4,1,anchorboost_all,0.7085819908016593,0.9410854565334539,255,0.8018497173612845,192.0,4,7,9,12.0,21,low,False,model_disagreement
Triphenyl phosphite,spid:TP0001649E09,4,1,anchorboost_five,1.039655882828585,1.039655882828585,255,1.039655882828585,255.0,4,7,9,9.0,21,low,False,none
Triphenyl phosphite,spid:TP0001649E09,4,1,anchorboost_five,0.7217239684821473,0.9585396456403519,255,0.8181281091031469,192.0,4,7,9,12.0,21,low,False,fixed_maximin
Triphenyl phosphite,spid:TP0001649E09,4,1,anchorboost_five,0.6973395493681661,0.930829469063028,255,0.7797419121214386,191.25,4,7,9,12.0,21,low,False,uniform_random
Triphenyl phosphite,spid:TP0001649E09,4,1,anchorboost_five,0.7217239684821473,0.9585396456403519,255,0.8181281091031469,192.0,4,7,9,12.0,21,low,False,model_disagreement
Triphenyl phosphite,spid:TP0001649E09,4,1,cnp,0.843480110168457,0.843480110168457,255,0.843480110168457,255.0,4,7,9,9.0,21,low,False,none
Triphenyl phosphite,spid:TP0001649E09,4,1,cnp,0.7021844387054443,0.9325887560844421,255,0.7168928384780884,192.0,4,7,9,12.0,21,low,False,fixed_maximin
Triphenyl phosphite,spid:TP0001649E09,4,1,cnp,0.6160713136196136,0.8217093050479889,255,0.6326101273298264,191.25,4,7,9,12.0,21,low,False,uniform_random
Triphenyl phosphite,spid:TP0001649E09,4,1,cnp,0.7021844387054443,0.9325887560844421,255,0.7168928384780884,192.0,4,7,9,12.0,21,low,False,model_disagreement
Triphenyl phosphite,spid:TP0001649E09,4,2,interpolation,0.9338158369064331,0.9338158369064331,255,0.9338158369064331,255.0,4,7,9,9.0,21,low,False,none
Triphenyl phosphite,spid:TP0001649E09,4,2,interpolation,0.7041195034980774,0.9351586699485779,255,0.7208055853843689,192.0,4,7,9,12.0,21,low,False,fixed_maximin
Triphenyl phosphite,spid:TP0001649E09,4,2,interpolation,0.7033278197050095,0.9380161613225937,255,0.700361892580986,191.25,4,7,9,12.0,21,low,False,uniform_random
Triphenyl phosphite,spid:TP0001649E09,4,2,interpolation,0.6746928691864014,0.896076500415802,255,0.6746928691864014,192.0,4,7,9,12.0,21,low,False,model_disagreement
Triphenyl phosphite,spid:TP0001649E09,4,2,anchorboost_all,0.7660217521859285,0.7660217521859285,255,0.7660217521859285,255.0,4,7,9,9.0,21,low,False,none
Triphenyl phosphite,spid:TP0001649E09,4,2,anchorboost_all,0.600045429687401,0.7969353363035796,255,0.6012080789872516,192.0,4,7,9,12.0,21,low,False,fixed_maximin
Triphenyl phosphite,spid:TP0001649E09,4,2,anchorboost_all,0.575142587881477,0.7670339892158867,255,0.5745163141394464,191.25,4,7,9,12.0,21,low,False,uniform_random
Triphenyl phosphite,spid:TP0001649E09,4,2,anchorboost_all,0.603899739479269,0.8020543414959042,255,0.6248178301172405,192.0,4,7,9,12.0,21,low,False,model_disagreement
Triphenyl phosphite,spid:TP0001649E09,4,2,anchorboost_five,0.7662885970531663,0.7662885970531663,255,0.7662885970531663,255.0,4,7,9,9.0,21,low,False,none
Triphenyl phosphite,spid:TP0001649E09,4,2,anchorboost_five,0.5956442499768131,0.791090019500455,255,0.5986526836866172,192.0,4,7,9,12.0,21,low,False,fixed_maximin
Triphenyl phosphite,spid:TP0001649E09,4,2,anchorboost_five,0.580879645703533,0.7746954637066454,255,0.5747164477898747,191.25,4,7,9,12.0,21,low,False,uniform_random
Triphenyl phosphite,spid:TP0001649E09,4,2,anchorboost_five,0.6148030661751366,0.8165353222638533,255,0.6333796256422141,192.0,4,7,9,12.0,21,low,False,model_disagreement
Triphenyl phosphite,spid:TP0001649E09,4,2,cnp,0.7565057873725891,0.7565057873725891,255,0.7565057873725891,255.0,4,7,9,9.0,21,low,False,none
Triphenyl phosphite,spid:TP0001649E09,4,2,cnp,0.5982866883277893,0.7945995330810547,255,0.5982456207275391,192.0,4,7,9,12.0,21,low,False,fixed_maximin
Triphenyl phosphite,spid:TP0001649E09,4,2,cnp,0.5750022977590561,0.7669116407632828,255,0.5673793703317642,191.25,4,7,9,12.0,21,low,False,uniform_random
Triphenyl phosphite,spid:TP0001649E09,4,2,cnp,0.5808496475219727,0.7714409828186035,255,0.5869901776313782,192.0,4,7,9,12.0,21,low,False,model_disagreement
Triphenyl phosphite,spid:TP0001649E09,4,3,interpolation,0.8181732892990112,0.8181732892990112,258,0.8181732892990112,258.0,4,7,9,9.0,21,low,True,none
Triphenyl phosphite,spid:TP0001649E09,4,3,interpolation,0.5911478400230408,0.7821340560913086,258,0.6076399087905884,195.0,4,7,9,12.0,21,low,True,fixed_maximin
Triphenyl phosphite,spid:TP0001649E09,4,3,interpolation,0.6153608113527298,0.8206792175769806,258,0.6136299818754196,193.5,4,7,9,12.0,21,low,True,uniform_random
Triphenyl phosphite,spid:TP0001649E09,4,3,interpolation,0.6234819293022156,0.8378037810325623,258,0.5949565768241882,192.0,4,7,9,12.0,21,low,True,model_disagreement
Triphenyl phosphite,spid:TP0001649E09,4,3,anchorboost_all,0.7495914518540955,0.7495914518540955,258,0.7495914518540955,258.0,4,7,9,9.0,21,low,True,none
Triphenyl phosphite,spid:TP0001649E09,4,3,anchorboost_all,0.5829030047470548,0.7712255139730261,258,0.5841529953955542,195.0,4,7,9,12.0,21,low,True,fixed_maximin
Triphenyl phosphite,spid:TP0001649E09,4,3,anchorboost_all,0.5657230196998604,0.7543483579524427,258,0.5621935888905716,193.5,4,7,9,12.0,21,low,True,uniform_random
Triphenyl phosphite,spid:TP0001649E09,4,3,anchorboost_all,0.5962884090392591,0.8012625496465042,258,0.5777424601121881,192.0,4,7,9,12.0,21,low,True,model_disagreement
Triphenyl phosphite,spid:TP0001649E09,4,3,anchorboost_five,0.7475895516661404,0.7475895516661404,258,0.7475895516661404,258.0,4,7,9,9.0,21,low,True,none
Triphenyl phosphite,spid:TP0001649E09,4,3,anchorboost_five,0.5968888500079101,0.789729863087389,258,0.5802676560803892,195.0,4,7,9,12.0,21,low,True,fixed_maximin
Triphenyl phosphite,spid:TP0001649E09,4,3,anchorboost_five,0.5680583323301008,0.7574541202317668,258,0.5606921637496053,193.5,4,7,9,12.0,21,low,True,uniform_random
Triphenyl phosphite,spid:TP0001649E09,4,3,anchorboost_five,0.6032427902451054,0.8106074993918604,258,0.585336388913193,192.0,4,7,9,12.0,21,low,True,model_disagreement
Triphenyl phosphite,spid:TP0001649E09,4,3,cnp,0.7124446034431458,0.7124446034431458,258,0.7124446034431458,258.0,4,7,9,9.0,21,low,True,none
Triphenyl phosphite,spid:TP0001649E09,4,3,cnp,0.5633799433708191,0.7453950047492981,258,0.5571995377540588,195.0,4,7,9,12.0,21,low,True,fixed_maximin
Triphenyl phosphite,spid:TP0001649E09,4,3,cnp,0.5438671112060547,0.7252462208271027,258,0.5343334674835205,193.5,4,7,9,12.0,21,low,True,uniform_random
Triphenyl phosphite,spid:TP0001649E09,4,3,cnp,0.5775492787361145,0.7760818600654602,258,0.542573094367981,192.0,4,7,9,12.0,21,low,True,model_disagreement
Triphenyl phosphite,spid:TP0001649E09,4,4,interpolation,0.9381140470504761,0.9381140470504761,258,0.9381140470504761,258.0,4,7,9,9.0,21,low,True,none
Triphenyl phosphite,spid:TP0001649E09,4,4,interpolation,0.5911478400230408,0.7821340560913086,258,0.6794165372848511,195.0,4,7,9,12.0,21,low,True,fixed_maximin
Triphenyl phosphite,spid:TP0001649E09,4,4,interpolation,0.656157985329628,0.8748805671930313,258,0.7035855203866959,193.5,4,7,9,12.0,21,low,True,uniform_random
Triphenyl phosphite,spid:TP0001649E09,4,4,interpolation,0.5917028188705444,0.7951006889343262,258,0.6866502165794373,192.0,4,7,9,12.0,21,low,True,model_disagreement
Triphenyl phosphite,spid:TP0001649E09,4,4,anchorboost_all,0.7973192486863212,0.7973192486863212,258,0.7973192486863212,258.0,4,7,9,9.0,21,low,True,none
Triphenyl phosphite,spid:TP0001649E09,4,4,anchorboost_all,0.5829030047470547,0.7712255139730261,258,0.5976462453320495,195.0,4,7,9,12.0,21,low,True,fixed_maximin
Triphenyl phosphite,spid:TP0001649E09,4,4,anchorboost_all,0.5854097847741133,0.7804918923769031,258,0.5979894365147409,193.5,4,7,9,12.0,21,low,True,uniform_random
Triphenyl phosphite,spid:TP0001649E09,4,4,anchorboost_all,0.5375437027271417,0.7223243505395965,258,0.5871007656049899,192.0,4,7,9,12.0,21,low,True,model_disagreement
Triphenyl phosphite,spid:TP0001649E09,4,4,anchorboost_five,0.8160799788654225,0.8160799788654225,258,0.8160799788654225,258.0,4,7,9,9.0,21,low,True,none
Triphenyl phosphite,spid:TP0001649E09,4,4,anchorboost_five,0.5968888500079101,0.789729863087389,258,0.6103647810885813,195.0,4,7,9,12.0,21,low,True,fixed_maximin
Triphenyl phosphite,spid:TP0001649E09,4,4,anchorboost_five,0.6035035567903206,0.8046742085475341,258,0.6120599841490668,193.5,4,7,9,12.0,21,low,True,uniform_random
Triphenyl phosphite,spid:TP0001649E09,4,4,anchorboost_five,0.5517278019903064,0.7413842339244742,258,0.5984421556942179,192.0,4,7,9,12.0,21,low,True,model_disagreement
Triphenyl phosphite,spid:TP0001649E09,4,4,cnp,0.7482531070709229,0.7482531070709229,258,0.7482531070709229,258.0,4,7,9,9.0,21,low,True,none
Triphenyl phosphite,spid:TP0001649E09,4,4,cnp,0.5633800029754639,0.7453950047492981,258,0.5780686736106873,195.0,4,7,9,12.0,21,low,True,fixed_maximin
Triphenyl phosphite,spid:TP0001649E09,4,4,cnp,0.5631270855665207,0.7509609460830688,258,0.5611898303031921,193.5,4,7,9,12.0,21,low,True,uniform_random
Triphenyl phosphite,spid:TP0001649E09,4,4,cnp,0.515843391418457,0.6931645274162292,258,0.541292130947113,192.0,4,7,9,12.0,21,low,True,model_disagreement
Tris(2-chloroisopropyl)phosphate,spid:EPAPLT0167C08,4,0,interpolation,0.685441255569458,0.685441255569458,270,0.685441255569458,270.0,4,7,9,9.0,21,high,True,none
Tris(2-chloroisopropyl)phosphate,spid:EPAPLT0167C08,4,0,interpolation,0.5093058347702026,0.6807553172111511,270,0.5245336294174194,202.0,4,7,9,12.0,21,high,True,fixed_maximin
Tris(2-chloroisopropyl)phosphate,spid:EPAPLT0167C08,4,0,interpolation,0.5173630118370056,0.6898447126150131,270,0.5140809416770935,202.5,4,7,9,12.0,21,high,True,uniform_random
Tris(2-chloroisopropyl)phosphate,spid:EPAPLT0167C08,4,0,interpolation,0.5374001860618591,0.7183071970939636,270,0.5090441107749939,202.0,4,7,9,12.0,21,high,True,model_disagreement
Tris(2-chloroisopropyl)phosphate,spid:EPAPLT0167C08,4,0,anchorboost_all,0.712481845910449,0.712481845910449,270,0.712481845910449,270.0,4,7,9,9.0,21,high,True,none
Tris(2-chloroisopropyl)phosphate,spid:EPAPLT0167C08,4,0,anchorboost_all,0.5222384757411745,0.6980415269807778,270,0.5481707500054336,202.0,4,7,9,12.0,21,high,True,fixed_maximin
Tris(2-chloroisopropyl)phosphate,spid:EPAPLT0167C08,4,0,anchorboost_all,0.5244579376257267,0.6992289860531691,270,0.5343613844328368,202.5,4,7,9,12.0,21,high,True,uniform_random
Tris(2-chloroisopropyl)phosphate,spid:EPAPLT0167C08,4,0,anchorboost_all,0.4921852886035171,0.657871425361137,270,0.4968501380347079,202.0,4,7,9,12.0,21,high,True,model_disagreement
Tris(2-chloroisopropyl)phosphate,spid:EPAPLT0167C08,4,0,anchorboost_five,0.6882046445533816,0.6882046445533816,270,0.6882046445533816,270.0,4,7,9,9.0,21,high,True,none
Tris(2-chloroisopropyl)phosphate,spid:EPAPLT0167C08,4,0,anchorboost_five,0.5016371307306638,0.6705050757291051,270,0.5281624145132033,202.0,4,7,9,12.0,21,high,True,fixed_maximin
Tris(2-chloroisopropyl)phosphate,spid:EPAPLT0167C08,4,0,anchorboost_five,0.5087023273230252,0.6782222964295883,270,0.5161534834150363,202.5,4,7,9,12.0,21,high,True,uniform_random
Tris(2-chloroisopropyl)phosphate,spid:EPAPLT0167C08,4,0,anchorboost_five,0.4913610215651601,0.6567696822900654,270,0.48593619341589195,202.0,4,7,9,12.0,21,high,True,model_disagreement
Tris(2-chloroisopropyl)phosphate,spid:EPAPLT0167C08,4,0,cnp,0.6443551778793335,0.6443551778793335,270,0.6443551778793335,270.0,4,7,9,9.0,21,high,True,none
Tris(2-chloroisopropyl)phosphate,spid:EPAPLT0167C08,4,0,cnp,0.4838710129261017,0.6467582583427429,270,0.47568878531455994,202.0,4,7,9,12.0,21,high,True,fixed_maximin
Tris(2-chloroisopropyl)phosphate,spid:EPAPLT0167C08,4,0,cnp,0.4846944510936737,0.646254763007164,270,0.48326633870601654,202.5,4,7,9,12.0,21,high,True,uniform_random
Tris(2-chloroisopropyl)phosphate,spid:EPAPLT0167C08,4,0,cnp,0.47827500104904175,0.6392784714698792,270,0.4827006161212921,202.0,4,7,9,12.0,21,high,True,model_disagreement
Tris(2-chloroisopropyl)phosphate,spid:EPAPLT0167C08,4,1,interpolation,1.0205872058868408,1.0205872058868408,272,1.0205872058868408,272.0,4,7,9,9.0,21,high,True,none
Tris(2-chloroisopropyl)phosphate,spid:EPAPLT0167C08,4,1,interpolation,0.5909955501556396,0.7879940867424011,272,0.7967196702957153,204.0,4,7,9,12.0,21,high,True,fixed_maximin
Tris(2-chloroisopropyl)phosphate,spid:EPAPLT0167C08,4,1,interpolation,0.5689001828432083,0.7585335820913315,272,0.7654403895139694,204.0,4,7,9,12.0,21,high,True,uniform_random
Tris(2-chloroisopropyl)phosphate,spid:EPAPLT0167C08,4,1,interpolation,0.5090688467025757,0.678758442401886,272,0.7444804906845093,204.0,4,7,9,12.0,21,high,True,model_disagreement
Tris(2-chloroisopropyl)phosphate,spid:EPAPLT0167C08,4,1,anchorboost_all,0.9399314043717988,0.9399314043717988,272,0.9399314043717988,272.0,4,7,9,9.0,21,high,True,none
Tris(2-chloroisopropyl)phosphate,spid:EPAPLT0167C08,4,1,anchorboost_all,0.6482170062435509,0.8642893416580679,272,0.7265537937739703,204.0,4,7,9,12.0,21,high,True,fixed_maximin
Tris(2-chloroisopropyl)phosphate,spid:EPAPLT0167C08,4,1,anchorboost_all,0.6056893116943012,0.8075857489257349,272,0.7049485532788491,204.0,4,7,9,12.0,21,high,True,uniform_random
Tris(2-chloroisopropyl)phosphate,spid:EPAPLT0167C08,4,1,anchorboost_all,0.5390819643091453,0.7187759524121937,272,0.6827344525147337,204.0,4,7,9,12.0,21,high,True,model_disagreement
Tris(2-chloroisopropyl)phosphate,spid:EPAPLT0167C08,4,1,anchorboost_five,0.9027368531457921,0.9027368531457921,272,0.9027368531457921,272.0,4,7,9,9.0,21,high,True,none
Tris(2-chloroisopropyl)phosphate,spid:EPAPLT0167C08,4,1,anchorboost_five,0.6368965129675834,0.8491953506234445,272,0.7039343090032011,204.0,4,7,9,12.0,21,high,True,fixed_maximin
Tris(2-chloroisopropyl)phosphate,spid:EPAPLT0167C08,4,1,anchorboost_five,0.5878345103097675,0.78377934707969,272,0.677052639859344,204.0,4,7,9,12.0,21,high,True,uniform_random
Tris(2-chloroisopropyl)phosphate,spid:EPAPLT0167C08,4,1,anchorboost_five,0.5230867476599612,0.6974489968799483,272,0.6516679017359841,204.0,4,7,9,12.0,21,high,True,model_disagreement
Tris(2-chloroisopropyl)phosphate,spid:EPAPLT0167C08,4,1,cnp,0.8722772002220154,0.8722772002220154,272,0.8722772002220154,272.0,4,7,9,9.0,21,high,True,none
Tris(2-chloroisopropyl)phosphate,spid:EPAPLT0167C08,4,1,cnp,0.6711754202842712,0.8949006199836731,272,0.6675934791564941,204.0,4,7,9,12.0,21,high,True,fixed_maximin
Tris(2-chloroisopropyl)phosphate,spid:EPAPLT0167C08,4,1,cnp,0.5674683675169945,0.7566244900226593,272,0.6542079001665115,204.0,4,7,9,12.0,21,high,True,uniform_random
Tris(2-chloroisopropyl)phosphate,spid:EPAPLT0167C08,4,1,cnp,0.4860595166683197,0.6480793952941895,272,0.6290355324745178,204.0,4,7,9,12.0,21,high,True,model_disagreement
Tris(2-chloroisopropyl)phosphate,spid:EPAPLT0167C08,4,2,interpolation,0.7681617140769958,0.7681617140769958,267,0.7681617140769958,267.0,4,7,9,9.0,21,low,False,none
Tris(2-chloroisopropyl)phosphate,spid:EPAPLT0167C08,4,2,interpolation,0.5767714977264404,0.7738592028617859,267,0.5767714977264404,199.0,4,7,9,12.0,21,low,False,fixed_maximin
Tris(2-chloroisopropyl)phosphate,spid:EPAPLT0167C08,4,2,interpolation,0.5741409063339233,0.7658157795667648,267,0.5761213153600693,200.25,4,7,9,12.0,21,low,False,uniform_random
Tris(2-chloroisopropyl)phosphate,spid:EPAPLT0167C08,4,2,interpolation,0.5490618944168091,0.7186251878738403,267,0.5490618944168091,204.0,4,7,9,12.0,21,low,False,model_disagreement
Tris(2-chloroisopropyl)phosphate,spid:EPAPLT0167C08,4,2,anchorboost_all,0.6929561719243169,0.6929561719243169,267,0.6929561719243169,267.0,4,7,9,9.0,21,low,False,none
Tris(2-chloroisopropyl)phosphate,spid:EPAPLT0167C08,4,2,anchorboost_all,0.5475624829202742,0.7346692610035839,267,0.5349770288788839,199.0,4,7,9,12.0,21,low,False,fixed_maximin
Tris(2-chloroisopropyl)phosphate,spid:EPAPLT0167C08,4,2,anchorboost_all,0.5262783472235488,0.7019153360323872,267,0.5197171289432377,200.25,4,7,9,12.0,21,low,False,uniform_random
Tris(2-chloroisopropyl)phosphate,spid:EPAPLT0167C08,4,2,anchorboost_all,0.5104840000044066,0.6681334705940029,267,0.4992972551855213,204.0,4,7,9,12.0,21,low,False,model_disagreement
Tris(2-chloroisopropyl)phosphate,spid:EPAPLT0167C08,4,2,anchorboost_five,0.6999967529501192,0.6999967529501192,267,0.6999967529501192,267.0,4,7,9,9.0,21,low,False,none
Tris(2-chloroisopropyl)phosphate,spid:EPAPLT0167C08,4,2,anchorboost_five,0.5493513125637707,0.7370693490177227,267,0.5472411431565902,199.0,4,7,9,12.0,21,low,False,fixed_maximin
Tris(2-chloroisopropyl)phosphate,spid:EPAPLT0167C08,4,2,anchorboost_five,0.5241277126076829,0.6990362900280572,267,0.5249975647125894,200.25,4,7,9,12.0,21,low,False,uniform_random
Tris(2-chloroisopropyl)phosphate,spid:EPAPLT0167C08,4,2,anchorboost_five,0.5096959410824343,0.6671020405343625,267,0.5033790426337106,204.0,4,7,9,12.0,21,low,False,model_disagreement
Tris(2-chloroisopropyl)phosphate,spid:EPAPLT0167C08,4,2,cnp,0.6921232342720032,0.6921232342720032,267,0.6921232342720032,267.0,4,7,9,9.0,21,low,False,none
Tris(2-chloroisopropyl)phosphate,spid:EPAPLT0167C08,4,2,cnp,0.5227334499359131,0.7013558745384216,267,0.5266286730766296,199.0,4,7,9,12.0,21,low,False,fixed_maximin
Tris(2-chloroisopropyl)phosphate,spid:EPAPLT0167C08,4,2,cnp,0.5196915492415428,0.6931690722703934,267,0.519092433154583,200.25,4,7,9,12.0,21,low,False,uniform_random
Tris(2-chloroisopropyl)phosphate,spid:EPAPLT0167C08,4,2,cnp,0.4993790090084076,0.6535990238189697,267,0.4978184998035431,204.0,4,7,9,12.0,21,low,False,model_disagreement
Tris(2-chloroisopropyl)phosphate,spid:EPAPLT0167C08,4,3,interpolation,0.6859213709831238,0.6859213709831238,272,0.6859213709831238,272.0,4,7,9,9.0,21,high,True,none
Tris(2-chloroisopropyl)phosphate,spid:EPAPLT0167C08,4,3,interpolation,0.5110810399055481,0.6814413666725159,272,0.5261969566345215,204.0,4,7,9,12.0,21,high,True,fixed_maximin
Tris(2-chloroisopropyl)phosphate,spid:EPAPLT0167C08,4,3,interpolation,0.5157549530267715,0.6876732856035233,272,0.5144410133361816,204.0,4,7,9,12.0,21,high,True,uniform_random
Tris(2-chloroisopropyl)phosphate,spid:EPAPLT0167C08,4,3,interpolation,0.5389688611030579,0.7186251878738403,272,0.5108212828636169,204.0,4,7,9,12.0,21,high,True,model_disagreement
Tris(2-chloroisopropyl)phosphate,spid:EPAPLT0167C08,4,3,anchorboost_all,0.7091076173804088,0.7091076173804088,272,0.7091076173804088,272.0,4,7,9,9.0,21,high,True,none
Tris(2-chloroisopropyl)phosphate,spid:EPAPLT0167C08,4,3,anchorboost_all,0.5384884714762139,0.7179846286349519,272,0.5514241726922369,204.0,4,7,9,12.0,21,high,True,fixed_maximin
Tris(2-chloroisopropyl)phosphate,spid:EPAPLT0167C08,4,3,anchorboost_all,0.5278383612848898,0.7037844817131864,272,0.5318307130353067,204.0,4,7,9,12.0,21,high,True,uniform_random
Tris(2-chloroisopropyl)phosphate,spid:EPAPLT0167C08,4,3,anchorboost_all,0.5011001029455021,0.6681334705940029,272,0.505429300773214,204.0,4,7,9,12.0,21,high,True,model_disagreement
Tris(2-chloroisopropyl)phosphate,spid:EPAPLT0167C08,4,3,anchorboost_five,0.7070370025018654,0.7070370025018654,272,0.7070370025018654,272.0,4,7,9,9.0,21,high,True,none
Tris(2-chloroisopropyl)phosphate,spid:EPAPLT0167C08,4,3,anchorboost_five,0.5353790444899285,0.7138387259865715,272,0.5412284478304548,204.0,4,7,9,12.0,21,high,True,fixed_maximin
Tris(2-chloroisopropyl)phosphate,spid:EPAPLT0167C08,4,3,anchorboost_five,0.5204934407549635,0.6939912543399513,272,0.530277751876399,204.0,4,7,9,12.0,21,high,True,uniform_random
Tris(2-chloroisopropyl)phosphate,spid:EPAPLT0167C08,4,3,anchorboost_five,0.5003265304007719,0.6671020405343625,272,0.5046434411230478,204.0,4,7,9,12.0,21,high,True,model_disagreement
Tris(2-chloroisopropyl)phosphate,spid:EPAPLT0167C08,4,3,cnp,0.6573964357376099,0.6573964357376099,272,0.6573964357376099,272.0,4,7,9,9.0,21,high,True,none
Tris(2-chloroisopropyl)phosphate,spid:EPAPLT0167C08,4,3,cnp,0.501223087310791,0.6682974696159363,272,0.49190598726272583,204.0,4,7,9,12.0,21,high,True,fixed_maximin
Tris(2-chloroisopropyl)phosphate,spid:EPAPLT0167C08,4,3,cnp,0.4918834790587425,0.655844658613205,272,0.4930473491549492,204.0,4,7,9,12.0,21,high,True,uniform_random
Tris(2-chloroisopropyl)phosphate,spid:EPAPLT0167C08,4,3,cnp,0.4901992678642273,0.6535990238189697,272,0.49525687098503113,204.0,4,7,9,12.0,21,high,True,model_disagreement
Tris(2-chloroisopropyl)phosphate,spid:EPAPLT0167C08,4,4,interpolation,0.767974853515625,0.767974853515625,270,0.767974853515625,270.0,4,7,9,9.0,21,low,True,none
Tris(2-chloroisopropyl)phosphate,spid:EPAPLT0167C08,4,4,interpolation,0.5093058347702026,0.6807553172111511,270,0.5702137351036072,202.0,4,7,9,12.0,21,low,True,fixed_maximin
Tris(2-chloroisopropyl)phosphate,spid:EPAPLT0167C08,4,4,interpolation,0.5358139425516129,0.7142364382743835,270,0.5759811699390411,202.5,4,7,9,12.0,21,low,True,uniform_random
Tris(2-chloroisopropyl)phosphate,spid:EPAPLT0167C08,4,4,interpolation,0.5953733325004578,0.7879940867424011,270,0.5953733325004578,204.0,4,7,9,12.0,21,low,True,model_disagreement
Tris(2-chloroisopropyl)phosphate,spid:EPAPLT0167C08,4,4,anchorboost_all,0.785592348406501,0.785592348406501,270,0.785592348406501,270.0,4,7,9,9.0,21,low,True,none
Tris(2-chloroisopropyl)phosphate,spid:EPAPLT0167C08,4,4,anchorboost_all,0.5222384757411745,0.6980415269807778,270,0.5540440003737347,202.0,4,7,9,12.0,21,low,True,fixed_maximin
Tris(2-chloroisopropyl)phosphate,spid:EPAPLT0167C08,4,4,anchorboost_all,0.5668967474395454,0.7555939462269715,270,0.5891942613048757,202.5,4,7,9,12.0,21,low,True,uniform_random
Tris(2-chloroisopropyl)phosphate,spid:EPAPLT0167C08,4,4,anchorboost_all,0.6530186136972068,0.8642893416580679,270,0.6348290574026316,204.0,4,7,9,12.0,21,low,True,model_disagreement
Tris(2-chloroisopropyl)phosphate,spid:EPAPLT0167C08,4,4,anchorboost_five,0.774048529352199,0.774048529352199,270,0.774048529352199,270.0,4,7,9,9.0,21,low,True,none
Tris(2-chloroisopropyl)phosphate,spid:EPAPLT0167C08,4,4,anchorboost_five,0.501637130730664,0.6705050757291051,270,0.5489477384534184,202.0,4,7,9,12.0,21,low,True,fixed_maximin
Tris(2-chloroisopropyl)phosphate,spid:EPAPLT0167C08,4,4,anchorboost_five,0.5582580060984553,0.744084475105303,270,0.5805363970141493,202.5,4,7,9,12.0,21,low,True,uniform_random
Tris(2-chloroisopropyl)phosphate,spid:EPAPLT0167C08,4,4,anchorboost_five,0.6416142649154915,0.8491953506234445,270,0.6199162319934072,204.0,4,7,9,12.0,21,low,True,model_disagreement
Tris(2-chloroisopropyl)phosphate,spid:EPAPLT0167C08,4,4,cnp,0.8237249851226807,0.8237249851226807,270,0.8237249851226807,270.0,4,7,9,9.0,21,low,True,none
Tris(2-chloroisopropyl)phosphate,spid:EPAPLT0167C08,4,4,cnp,0.4838710129261017,0.6467582583427429,270,0.5485618114471436,202.0,4,7,9,12.0,21,low,True,fixed_maximin
Tris(2-chloroisopropyl)phosphate,spid:EPAPLT0167C08,4,4,cnp,0.5605403557419777,0.7470220178365707,270,0.6177936792373657,202.5,4,7,9,12.0,21,low,True,uniform_random
Tris(2-chloroisopropyl)phosphate,spid:EPAPLT0167C08,4,4,cnp,0.6761469841003418,0.8949006199836731,270,0.6690900921821594,204.0,4,7,9,12.0,21,low,True,model_disagreement
Valinomycin,spid:EX000362,4,0,interpolation,1.3330937623977661,1.3330937623977661,351,1.3330937623977661,351.0,9,12,12,12.0,42,high,False,none
Valinomycin,spid:EX000362,4,0,interpolation,1.3330937623977661,1.4854474067687988,351,1.3330937623977661,315.0,9,12,12,15.0,42,high,False,fixed_maximin
Valinomycin,spid:EX000362,4,0,interpolation,1.072147034936481,1.2073850433031719,351,1.1849722464879353,312.0,9,12,12,15.333333333333334,42,high,False,uniform_random
Valinomycin,spid:EX000362,4,0,interpolation,0.9243002533912659,1.0299346446990967,351,1.1286969184875488,315.0,9,12,12,15.0,42,high,False,model_disagreement
Valinomycin,spid:EX000362,4,0,anchorboost_all,1.8093509793815936,1.8093509793815936,351,1.8093509793815936,351.0,9,12,12,12.0,42,high,False,none
Valinomycin,spid:EX000362,4,0,anchorboost_all,1.810046178131598,2.0169085984894948,351,1.799399294439262,315.0,9,12,12,15.0,42,high,False,fixed_maximin
Valinomycin,spid:EX000362,4,0,anchorboost_all,1.5440586220320334,1.7400268673138433,351,1.6083119816725278,312.0,9,12,12,15.333333333333334,42,high,False,uniform_random
Valinomycin,spid:EX000362,4,0,anchorboost_all,1.1918597116655538,1.3280722501416173,351,1.4443939499243168,315.0,9,12,12,15.0,42,high,False,model_disagreement
Valinomycin,spid:EX000362,4,0,anchorboost_five,1.7176120195424567,1.7176120195424567,351,1.7176120195424567,351.0,9,12,12,12.0,42,high,False,none
Valinomycin,spid:EX000362,4,0,anchorboost_five,1.6614871816329724,1.851371430962455,351,1.7010983055620532,315.0,9,12,12,15.0,42,high,False,fixed_maximin
Valinomycin,spid:EX000362,4,0,anchorboost_five,1.3734745204741312,1.5479497605930541,351,1.526766239593295,312.0,9,12,12,15.333333333333334,42,high,False,uniform_random
Valinomycin,spid:EX000362,4,0,anchorboost_five,1.176906718823511,1.311410343831912,351,1.4140402548812723,315.0,9,12,12,15.0,42,high,False,model_disagreement
Valinomycin,spid:EX000362,4,0,cnp,2.6541287899017334,2.6541287899017334,351,2.6541287899017334,351.0,9,12,12,12.0,42,high,False,none
Valinomycin,spid:EX000362,4,0,cnp,2.6387882232666016,2.940363883972168,351,2.6511588096618652,315.0,9,12,12,15.0,42,high,False,fixed_maximin
Valinomycin,spid:EX000362,4,0,cnp,2.366332901848687,2.6646434201134577,351,2.3592256440056696,312.0,9,12,12,15.333333333333334,42,high,False,uniform_random
Valinomycin,spid:EX000362,4,0,cnp,1.8907630443572998,2.1068501472473145,351,1.876176357269287,315.0,9,12,12,15.0,42,high,False,model_disagreement
Valinomycin,spid:EX000362,4,1,interpolation,1.5302624702453613,1.5302624702453613,378,1.5302624702453613,378.0,9,12,12,12.0,42,low,False,none
Valinomycin,spid:EX000362,4,1,interpolation,1.5302624702453613,1.6913427114486694,378,1.5302624702453613,342.0,9,12,12,15.0,42,low,False,fixed_maximin
Valinomycin,spid:EX000362,4,1,interpolation,1.2646289236015744,1.405719816684723,378,1.3602332539028592,336.0,9,12,12,15.333333333333334,42,low,False,uniform_random
Valinomycin,spid:EX000362,4,1,interpolation,0.4345378279685974,0.5214454531669617,378,0.7877684235572815,315.0,9,12,12,15.0,42,low,False,model_disagreement
Valinomycin,spid:EX000362,4,1,anchorboost_all,1.4424454518812024,1.4424454518812024,378,1.4424454518812024,378.0,9,12,12,12.0,42,low,False,none
Valinomycin,spid:EX000362,4,1,anchorboost_all,1.4258795068911567,1.5759720865639102,378,1.4179060838896091,342.0,9,12,12,15.0,42,low,False,fixed_maximin
Valinomycin,spid:EX000362,4,1,anchorboost_all,1.2483755334016462,1.4003610911508293,378,1.2821737350055131,336.0,9,12,12,15.333333333333334,42,low,False,uniform_random
Valinomycin,spid:EX000362,4,1,anchorboost_all,0.9981104026960872,1.1977324832353047,378,1.240891055381462,315.0,9,12,12,15.0,42,low,False,model_disagreement
Valinomycin,spid:EX000362,4,1,anchorboost_five,1.3397956800881141,1.3397956800881141,378,1.3397956800881141,378.0,9,12,12,12.0,42,low,False,none
Valinomycin,spid:EX000362,4,1,anchorboost_five,1.3256930364365,1.4652396718508685,378,1.3066792331270334,342.0,9,12,12,15.0,42,low,False,fixed_maximin
Valinomycin,spid:EX000362,4,1,anchorboost_five,1.119564107118515,1.2481744549699751,378,1.190929493411657,336.0,9,12,12,15.333333333333334,42,low,False,uniform_random
Valinomycin,spid:EX000362,4,1,anchorboost_five,0.5303780509147743,0.6364536610977292,378,0.8587965508498662,315.0,9,12,12,15.0,42,low,False,model_disagreement
Valinomycin,spid:EX000362,4,1,cnp,2.538914442062378,2.538914442062378,378,2.538914442062378,378.0,9,12,12,12.0,42,low,False,none
Valinomycin,spid:EX000362,4,1,cnp,2.54148006439209,2.809004545211792,378,2.5363662242889404,342.0,9,12,12,15.0,42,low,False,fixed_maximin
Valinomycin,spid:EX000362,4,1,cnp,2.2491270303726196,2.5344096289740667,378,2.2568127844068737,336.0,9,12,12,15.333333333333334,42,low,False,uniform_random
Valinomycin,spid:EX000362,4,1,cnp,2.28200364112854,2.7384045124053955,378,2.3574366569519043,315.0,9,12,12,15.0,42,low,False,model_disagreement
Valinomycin,spid:EX000362,4,2,interpolation,1.746040940284729,1.746040940284729,378,1.746040940284729,378.0,9,12,9,9.0,42,low,False,none
Valinomycin,spid:EX000362,4,2,interpolation,1.8524292707443237,2.2229154109954834,378,1.124937653541565,315.0,9,12,9,12.0,42,low,False,fixed_maximin
Valinomycin,spid:EX000362,4,2,interpolation,1.644663307401869,1.8570832278993394,378,1.552036417855157,336.0,9,12,9,12.666666666666666,42,low,False,uniform_random
Valinomycin,spid:EX000362,4,2,interpolation,1.8524292707443237,2.2229154109954834,378,1.124937653541565,315.0,9,12,9,12.0,42,low,False,model_disagreement
Valinomycin,spid:EX000362,4,2,anchorboost_all,2.823199536920472,2.823199536920472,378,2.823199536920472,378.0,9,12,9,9.0,42,low,False,none
Valinomycin,spid:EX000362,4,2,anchorboost_all,2.4473302563598427,2.9367963076318113,378,2.631547299450729,315.0,9,12,9,12.0,42,low,False,fixed_maximin
Valinomycin,spid:EX000362,4,2,anchorboost_all,2.2640082846972636,2.5534179952877842,378,2.5095106994848644,336.0,9,12,9,12.666666666666666,42,low,False,uniform_random
Valinomycin,spid:EX000362,4,2,anchorboost_all,2.4473302563598427,2.9367963076318113,378,2.631547299450729,315.0,9,12,9,12.0,42,low,False,model_disagreement
Valinomycin,spid:EX000362,4,2,anchorboost_five,2.6839995439795206,2.6839995439795206,378,2.6839995439795206,378.0,9,12,9,9.0,42,low,False,none
Valinomycin,spid:EX000362,4,2,anchorboost_five,2.3153665792530917,2.77843989510371,378,2.4898572494758064,315.0,9,12,9,12.0,42,low,False,fixed_maximin
Valinomycin,spid:EX000362,4,2,anchorboost_five,1.916989506040239,2.1672480949059594,378,2.3857773724262406,336.0,9,12,9,12.666666666666666,42,low,False,uniform_random
Valinomycin,spid:EX000362,4,2,anchorboost_five,2.3153665792530917,2.77843989510371,378,2.4898572494758064,315.0,9,12,9,12.0,42,low,False,model_disagreement
Valinomycin,spid:EX000362,4,2,cnp,3.5132668018341064,3.5132668018341064,378,3.5132668018341064,378.0,9,12,9,9.0,42,low,False,none
Valinomycin,spid:EX000362,4,2,cnp,3.0858490467071533,3.7030189037323,378,3.353900671005249,315.0,9,12,9,12.0,42,low,False,fixed_maximin
Valinomycin,spid:EX000362,4,2,cnp,3.0686030122968884,3.458065297868517,378,3.1229037973615856,336.0,9,12,9,12.666666666666666,42,low,False,uniform_random
Valinomycin,spid:EX000362,4,2,cnp,3.0858490467071533,3.7030189037323,378,3.353900671005249,315.0,9,12,9,12.0,42,low,False,model_disagreement
Valinomycin,spid:EX000362,4,3,interpolation,1.5116459131240845,1.5116459131240845,378,1.5116459131240845,378.0,9,12,9,9.0,42,low,False,none
Valinomycin,spid:EX000362,4,3,interpolation,0.541632890701294,0.6499594449996948,378,0.7691521048545837,315.0,9,12,9,12.0,42,low,False,fixed_maximin
Valinomycin,spid:EX000362,4,3,interpolation,1.2976147267553542,1.4460783402125041,378,1.3436852892239888,336.0,9,12,9,12.666666666666666,42,low,False,uniform_random
Valinomycin,spid:EX000362,4,3,interpolation,0.541632890701294,0.6499594449996948,378,0.7691521048545837,315.0,9,12,9,12.0,42,low,False,model_disagreement
Valinomycin,spid:EX000362,4,3,anchorboost_all,1.6483407710686566,1.6483407710686566,378,1.6483407710686566,378.0,9,12,9,9.0,42,low,False,none
Valinomycin,spid:EX000362,4,3,anchorboost_all,1.106671783210705,1.3280061398528455,378,1.455279916361095,315.0,9,12,9,12.0,42,low,False,fixed_maximin
Valinomycin,spid:EX000362,4,3,anchorboost_all,1.4225580845365708,1.5962965461626655,378,1.4651917965054724,336.0,9,12,9,12.666666666666666,42,low,False,uniform_random
Valinomycin,spid:EX000362,4,3,anchorboost_all,1.106671783210705,1.3280061398528455,378,1.455279916361095,315.0,9,12,9,12.0,42,low,False,model_disagreement
Valinomycin,spid:EX000362,4,3,anchorboost_five,1.1688461340420544,1.1688461340420544,378,1.1688461340420544,378.0,9,12,9,9.0,42,low,False,none
Valinomycin,spid:EX000362,4,3,anchorboost_five,0.7977653135687423,0.957318376282491,378,0.9802940185815245,315.0,9,12,9,12.0,42,low,False,fixed_maximin
Valinomycin,spid:EX000362,4,3,anchorboost_five,1.0861049564527605,1.217720447595038,378,1.038974341370715,336.0,9,12,9,12.666666666666666,42,low,False,uniform_random
Valinomycin,spid:EX000362,4,3,anchorboost_five,0.7977653135687423,0.957318376282491,378,0.9802940185815245,315.0,9,12,9,12.0,42,low,False,model_disagreement
Valinomycin,spid:EX000362,4,3,cnp,2.8201074600219727,2.8201074600219727,378,2.8201074600219727,378.0,9,12,9,9.0,42,low,False,none
Valinomycin,spid:EX000362,4,3,cnp,2.325725555419922,2.7908706665039062,378,2.640630006790161,315.0,9,12,9,12.0,42,low,False,fixed_maximin
Valinomycin,spid:EX000362,4,3,cnp,2.4520598782433405,2.7607103983561196,378,2.506762213177151,336.0,9,12,9,12.666666666666666,42,low,False,uniform_random
Valinomycin,spid:EX000362,4,3,cnp,2.325725555419922,2.7908706665039062,378,2.640630006790161,315.0,9,12,9,12.0,42,low,False,model_disagreement
Valinomycin,spid:EX000362,4,4,interpolation,1.47453773021698,1.47453773021698,378,1.47453773021698,378.0,9,12,12,12.0,42,low,False,none
Valinomycin,spid:EX000362,4,4,interpolation,0.7634645700454712,0.9161575436592102,378,0.7320438623428345,315.0,9,12,12,15.0,42,low,False,fixed_maximin
Valinomycin,spid:EX000362,4,4,interpolation,1.3246303796768188,1.4811360902256436,378,1.310700237751007,336.0,9,12,12,15.333333333333334,42,low,False,uniform_random
Valinomycin,spid:EX000362,4,4,interpolation,0.7634645700454712,0.9161575436592102,378,0.7320438623428345,315.0,9,12,12,15.0,42,low,False,model_disagreement
Valinomycin,spid:EX000362,4,4,anchorboost_all,1.867555686687161,1.867555686687161,378,1.867555686687161,378.0,9,12,12,12.0,42,low,False,none
Valinomycin,spid:EX000362,4,4,anchorboost_all,1.0944446728982289,1.3133336074778748,378,1.660960004296349,315.0,9,12,12,15.0,42,low,False,fixed_maximin
Valinomycin,spid:EX000362,4,4,anchorboost_all,1.5079479883660925,1.6898495823837472,378,1.6600494992774764,336.0,9,12,12,15.333333333333334,42,low,False,uniform_random
Valinomycin,spid:EX000362,4,4,anchorboost_all,1.0944446728982289,1.3133336074778748,378,1.660960004296349,315.0,9,12,12,15.0,42,low,False,model_disagreement
Valinomycin,spid:EX000362,4,4,anchorboost_five,0.9578228768892433,0.9578228768892433,378,0.9578228768892433,378.0,9,12,12,12.0,42,low,False,none
Valinomycin,spid:EX000362,4,4,anchorboost_five,1.0078053057924605,1.2093663669509527,378,0.7436138981675353,315.0,9,12,12,15.0,42,low,False,fixed_maximin
Valinomycin,spid:EX000362,4,4,anchorboost_five,0.9978133456362634,1.1249584057978255,378,0.8513981127904385,336.0,9,12,12,15.333333333333334,42,low,False,uniform_random
Valinomycin,spid:EX000362,4,4,anchorboost_five,1.0078053057924605,1.2093663669509527,378,0.7436138981675353,315.0,9,12,12,15.0,42,low,False,model_disagreement
Valinomycin,spid:EX000362,4,4,cnp,2.200382709503174,2.200382709503174,378,2.200382709503174,378.0,9,12,12,12.0,42,low,False,none
Valinomycin,spid:EX000362,4,4,cnp,1.7096312046051025,2.0515573024749756,378,2.023136615753174,315.0,9,12,12,15.0,42,low,False,fixed_maximin
Valinomycin,spid:EX000362,4,4,cnp,1.8705884615580242,2.1039697726567588,378,1.9558958344989352,336.0,9,12,12,15.333333333333334,42,low,False,uniform_random
Valinomycin,spid:EX000362,4,4,cnp,1.7096312046051025,2.0515573024749756,378,2.023136615753174,315.0,9,12,12,15.0,42,low,False,model_disagreement
tert-Butylphenyl diphenyl phosphate,spid:EPAPLT0169B03,4,0,interpolation,1.6620934009552002,1.6620934009552002,259,1.6620934009552002,259.0,4,7,9,9.0,21,high,False,none
tert-Butylphenyl diphenyl phosphate,spid:EPAPLT0169B03,4,0,interpolation,1.400889277458191,1.8996351957321167,259,1.3748425245285034,191.0,4,7,9,12.0,21,high,False,fixed_maximin
tert-Butylphenyl diphenyl phosphate,spid:EPAPLT0169B03,4,0,interpolation,1.2682559788227081,1.7038058191537857,259,1.2465700209140778,194.25,4,7,9,12.0,21,high,False,uniform_random
tert-Butylphenyl diphenyl phosphate,spid:EPAPLT0169B03,4,0,interpolation,0.7395131587982178,0.9388917088508606,259,0.7395131587982178,204.0,4,7,9,12.0,21,high,False,model_disagreement
tert-Butylphenyl diphenyl phosphate,spid:EPAPLT0169B03,4,0,anchorboost_all,1.4081140254572504,1.4081140254572504,259,1.4081140254572504,259.0,4,7,9,9.0,21,high,False,none
tert-Butylphenyl diphenyl phosphate,spid:EPAPLT0169B03,4,0,anchorboost_all,1.1760094324586798,1.5946934188837594,259,1.1542788861703732,191.0,4,7,9,12.0,21,high,False,fixed_maximin
tert-Butylphenyl diphenyl phosphate,spid:EPAPLT0169B03,4,0,anchorboost_all,1.0740770475335542,1.4412236458420504,259,1.056085519092938,194.25,4,7,9,12.0,21,high,False,uniform_random
tert-Butylphenyl diphenyl phosphate,spid:EPAPLT0169B03,4,0,anchorboost_all,0.705787641096774,0.8960735247258063,259,0.7012184176150194,204.0,4,7,9,12.0,21,high,False,model_disagreement
tert-Butylphenyl diphenyl phosphate,spid:EPAPLT0169B03,4,0,anchorboost_five,1.4803871784940221,1.4803871784940221,259,1.4803871784940221,259.0,4,7,9,9.0,21,high,False,none
tert-Butylphenyl diphenyl phosphate,spid:EPAPLT0169B03,4,0,anchorboost_five,1.214338308341263,1.646668177279514,259,1.2240640699704337,191.0,4,7,9,12.0,21,high,False,fixed_maximin
tert-Butylphenyl diphenyl phosphate,spid:EPAPLT0169B03,4,0,anchorboost_five,1.105980993609386,1.4841418904601824,259,1.1102903838705167,194.25,4,7,9,12.0,21,high,False,uniform_random
tert-Butylphenyl diphenyl phosphate,spid:EPAPLT0169B03,4,0,anchorboost_five,0.7217192259637352,0.916300389826507,259,0.7221885579099183,204.0,4,7,9,12.0,21,high,False,model_disagreement
tert-Butylphenyl diphenyl phosphate,spid:EPAPLT0169B03,4,0,cnp,1.567875862121582,1.567875862121582,259,1.567875862121582,259.0,4,7,9,9.0,21,high,False,none
tert-Butylphenyl diphenyl phosphate,spid:EPAPLT0169B03,4,0,cnp,1.323014497756958,1.7940350770950317,259,1.2932357788085938,191.0,4,7,9,12.0,21,high,False,fixed_maximin
tert-Butylphenyl diphenyl phosphate,spid:EPAPLT0169B03,4,0,cnp,1.189896896481514,1.5984664857387543,259,1.1759068965911865,194.25,4,7,9,12.0,21,high,False,uniform_random
tert-Butylphenyl diphenyl phosphate,spid:EPAPLT0169B03,4,0,cnp,0.6970469355583191,0.8849762678146362,259,0.6937415599822998,204.0,4,7,9,12.0,21,high,False,model_disagreement
tert-Butylphenyl diphenyl phosphate,spid:EPAPLT0169B03,4,1,interpolation,1.9499084949493408,1.9499084949493408,259,1.9499084949493408,259.0,4,7,9,9.0,21,high,False,none
tert-Butylphenyl diphenyl phosphate,spid:EPAPLT0169B03,4,1,interpolation,1.6019606590270996,2.1722922325134277,259,1.6019606590270996,191.0,4,7,9,12.0,21,high,False,fixed_maximin
tert-Butylphenyl diphenyl phosphate,spid:EPAPLT0169B03,4,1,interpolation,1.400111585855484,1.8763870000839233,259,1.4624314606189728,194.25,4,7,9,12.0,21,high,False,uniform_random
tert-Butylphenyl diphenyl phosphate,spid:EPAPLT0169B03,4,1,interpolation,1.027328372001648,1.3043038845062256,259,1.027328372001648,204.0,4,7,9,12.0,21,high,False,model_disagreement
tert-Butylphenyl diphenyl phosphate,spid:EPAPLT0169B03,4,1,anchorboost_all,1.531194580765872,1.531194580765872,259,1.531194580765872,259.0,4,7,9,9.0,21,high,False,none
tert-Butylphenyl diphenyl phosphate,spid:EPAPLT0169B03,4,1,anchorboost_all,1.2077846380497068,1.637781263114524,259,1.2464843641171648,191.0,4,7,9,12.0,21,high,False,fixed_maximin
tert-Butylphenyl diphenyl phosphate,spid:EPAPLT0169B03,4,1,anchorboost_all,1.1023093854574189,1.4774998761746867,259,1.148395935574404,194.25,4,7,9,12.0,21,high,False,uniform_random
tert-Butylphenyl diphenyl phosphate,spid:EPAPLT0169B03,4,1,anchorboost_all,0.7987092542413947,1.0140475335711825,259,0.7959848757621676,204.0,4,7,9,12.0,21,high,False,model_disagreement
tert-Butylphenyl diphenyl phosphate,spid:EPAPLT0169B03,4,1,anchorboost_five,1.5350733734201916,1.5350733734201916,259,1.5350733734201916,259.0,4,7,9,9.0,21,high,False,none
tert-Butylphenyl diphenyl phosphate,spid:EPAPLT0169B03,4,1,anchorboost_five,1.2301262723014568,1.668076987047525,259,1.2595750970838246,191.0,4,7,9,12.0,21,high,False,fixed_maximin
tert-Butylphenyl diphenyl phosphate,spid:EPAPLT0169B03,4,1,anchorboost_five,1.1170631410733247,1.4973619064648762,259,1.1513050300651437,194.25,4,7,9,12.0,21,high,False,uniform_random
tert-Butylphenyl diphenyl phosphate,spid:EPAPLT0169B03,4,1,anchorboost_five,0.8053920977163526,1.0225321240614473,259,0.7669137436077711,204.0,4,7,9,12.0,21,high,False,model_disagreement
tert-Butylphenyl diphenyl phosphate,spid:EPAPLT0169B03,4,1,cnp,1.730562686920166,1.730562686920166,259,1.730562686920166,259.0,4,7,9,9.0,21,high,False,none
tert-Butylphenyl diphenyl phosphate,spid:EPAPLT0169B03,4,1,cnp,1.4289406538009644,1.937673568725586,259,1.4295318126678467,191.0,4,7,9,12.0,21,high,False,fixed_maximin
tert-Butylphenyl diphenyl phosphate,spid:EPAPLT0169B03,4,1,cnp,1.256754845380783,1.6859805583953857,259,1.297921970486641,194.25,4,7,9,12.0,21,high,False,uniform_random
tert-Butylphenyl diphenyl phosphate,spid:EPAPLT0169B03,4,1,cnp,0.8427081108093262,1.069908857345581,259,0.8531724810600281,204.0,4,7,9,12.0,21,high,False,model_disagreement
tert-Butylphenyl diphenyl phosphate,spid:EPAPLT0169B03,4,2,interpolation,1.5215191841125488,1.5215191841125488,272,1.5215191841125488,272.0,4,7,9,9.0,21,high,True,none
tert-Butylphenyl diphenyl phosphate,spid:EPAPLT0169B03,4,2,interpolation,0.9011095762252808,1.2014793157577515,272,1.2249130010604858,204.0,4,7,9,12.0,21,high,True,fixed_maximin
tert-Butylphenyl diphenyl phosphate,spid:EPAPLT0169B03,4,2,interpolation,0.8180780410766602,1.0907706767320633,272,1.1411394476890564,204.0,4,7,9,12.0,21,high,True,uniform_random
tert-Butylphenyl diphenyl phosphate,spid:EPAPLT0169B03,4,2,interpolation,0.7202852368354797,0.9603803157806396,272,1.1281776428222656,204.0,4,7,9,12.0,21,high,True,model_disagreement
tert-Butylphenyl diphenyl phosphate,spid:EPAPLT0169B03,4,2,anchorboost_all,0.9988309193525664,0.9988309193525664,272,0.9988309193525664,272.0,4,7,9,9.0,21,high,True,none
tert-Butylphenyl diphenyl phosphate,spid:EPAPLT0169B03,4,2,anchorboost_all,0.6620649476696837,0.8827532635595782,272,0.7880166131587049,204.0,4,7,9,12.0,21,high,True,fixed_maximin
tert-Butylphenyl diphenyl phosphate,spid:EPAPLT0169B03,4,2,anchorboost_all,0.635453908388896,0.8472718778518613,272,0.7491231895144248,204.0,4,7,9,12.0,21,high,True,uniform_random
tert-Butylphenyl diphenyl phosphate,spid:EPAPLT0169B03,4,2,anchorboost_all,0.633519549188383,0.8446927322511775,272,0.7903022575121421,204.0,4,7,9,12.0,21,high,True,model_disagreement
tert-Butylphenyl diphenyl phosphate,spid:EPAPLT0169B03,4,2,anchorboost_five,1.0351358204154213,1.0351358204154213,272,1.0351358204154213,272.0,4,7,9,9.0,21,high,True,none
tert-Butylphenyl diphenyl phosphate,spid:EPAPLT0169B03,4,2,anchorboost_five,0.6598488459180439,0.8797984612240586,272,0.807831421042653,204.0,4,7,9,12.0,21,high,True,fixed_maximin
tert-Butylphenyl diphenyl phosphate,spid:EPAPLT0169B03,4,2,anchorboost_five,0.6527539649724413,0.8703386199632551,272,0.776351865311566,204.0,4,7,9,12.0,21,high,True,uniform_random
tert-Butylphenyl diphenyl phosphate,spid:EPAPLT0169B03,4,2,anchorboost_five,0.6509755512263542,0.867967401635139,272,0.8189845086161326,204.0,4,7,9,12.0,21,high,True,model_disagreement
tert-Butylphenyl diphenyl phosphate,spid:EPAPLT0169B03,4,2,cnp,1.1653590202331543,1.1653590202331543,272,1.1653590202331543,272.0,4,7,9,9.0,21,high,True,none
tert-Butylphenyl diphenyl phosphate,spid:EPAPLT0169B03,4,2,cnp,0.7491374015808105,0.9988499879837036,272,0.9440264105796814,204.0,4,7,9,12.0,21,high,True,fixed_maximin
tert-Butylphenyl diphenyl phosphate,spid:EPAPLT0169B03,4,2,cnp,0.701838493347168,0.9357846826314926,272,0.8740192651748657,204.0,4,7,9,12.0,21,high,True,uniform_random
tert-Butylphenyl diphenyl phosphate,spid:EPAPLT0169B03,4,2,cnp,0.67371666431427,0.898288905620575,272,0.8558608889579773,204.0,4,7,9,12.0,21,high,True,model_disagreement
tert-Butylphenyl diphenyl phosphate,spid:EPAPLT0169B03,4,3,interpolation,1.6418119668960571,1.6418119668960571,259,1.6418119668960571,259.0,4,7,9,9.0,21,high,False,none
tert-Butylphenyl diphenyl phosphate,spid:EPAPLT0169B03,4,3,interpolation,1.2938640117645264,1.7545067071914673,259,1.2938640117645264,191.0,4,7,9,12.0,21,high,False,fixed_maximin
tert-Butylphenyl diphenyl phosphate,spid:EPAPLT0169B03,4,3,interpolation,1.2313589006662369,1.6542107611894608,259,1.2313589006662369,194.25,4,7,9,12.0,21,high,False,uniform_random
tert-Butylphenyl diphenyl phosphate,spid:EPAPLT0169B03,4,3,interpolation,0.7192315459251404,0.9131420254707336,259,0.7192315459251404,204.0,4,7,9,12.0,21,high,False,model_disagreement
tert-Butylphenyl diphenyl phosphate,spid:EPAPLT0169B03,4,3,anchorboost_all,1.3524572971191253,1.3524572971191253,259,1.3524572971191253,259.0,4,7,9,9.0,21,high,False,none
tert-Butylphenyl diphenyl phosphate,spid:EPAPLT0169B03,4,3,anchorboost_all,1.0595170258193847,1.4367272758493228,259,1.0614360734083905,191.0,4,7,9,12.0,21,high,False,fixed_maximin
tert-Butylphenyl diphenyl phosphate,spid:EPAPLT0169B03,4,3,anchorboost_all,1.0087733816625275,1.3541101248994412,259,1.014342972839344,194.25,4,7,9,12.0,21,high,False,uniform_random
tert-Butylphenyl diphenyl phosphate,spid:EPAPLT0169B03,4,3,anchorboost_all,0.6391487816328829,0.8114683060927289,259,0.6490422396889923,204.0,4,7,9,12.0,21,high,False,model_disagreement
tert-Butylphenyl diphenyl phosphate,spid:EPAPLT0169B03,4,3,anchorboost_five,1.3567321937617207,1.3567321937617207,259,1.3567321937617207,259.0,4,7,9,9.0,21,high,False,none
tert-Butylphenyl diphenyl phosphate,spid:EPAPLT0169B03,4,3,anchorboost_five,1.085560814491769,1.472043198708734,259,1.0748173257154232,191.0,4,7,9,12.0,21,high,False,fixed_maximin
tert-Butylphenyl diphenyl phosphate,spid:EPAPLT0169B03,4,3,anchorboost_five,1.0242418934717932,1.3748136142473308,259,1.0175491453212906,194.25,4,7,9,12.0,21,high,False,uniform_random
tert-Butylphenyl diphenyl phosphate,spid:EPAPLT0169B03,4,3,anchorboost_five,0.6517457890616795,0.8274615655243872,259,0.6200118202103945,204.0,4,7,9,12.0,21,high,False,model_disagreement
tert-Butylphenyl diphenyl phosphate,spid:EPAPLT0169B03,4,3,cnp,1.5437077283859253,1.5437077283859253,259,1.5437077283859253,259.0,4,7,9,9.0,21,high,False,none
tert-Butylphenyl diphenyl phosphate,spid:EPAPLT0169B03,4,3,cnp,1.2446626424789429,1.6877886056900024,259,1.2441803216934204,191.0,4,7,9,12.0,21,high,False,fixed_maximin
tert-Butylphenyl diphenyl phosphate,spid:EPAPLT0169B03,4,3,cnp,1.157603144645691,1.5553676635026932,259,1.1577808260917664,194.25,4,7,9,12.0,21,high,False,uniform_random
tert-Butylphenyl diphenyl phosphate,spid:EPAPLT0169B03,4,3,cnp,0.665010929107666,0.8443030714988708,259,0.6657541990280151,204.0,4,7,9,12.0,21,high,False,model_disagreement
tert-Butylphenyl diphenyl phosphate,spid:EPAPLT0169B03,4,4,interpolation,2.085801362991333,2.085801362991333,272,2.085801362991333,272.0,4,7,9,9.0,21,high,True,none
tert-Butylphenyl diphenyl phosphate,spid:EPAPLT0169B03,4,4,interpolation,1.3706517219543457,1.82753586769104,272,1.7260291576385498,204.0,4,7,9,12.0,21,high,True,fixed_maximin
tert-Butylphenyl diphenyl phosphate,spid:EPAPLT0169B03,4,4,interpolation,1.2323736250400543,1.6431648135185242,272,1.5643509924411774,204.0,4,7,9,12.0,21,high,True,uniform_random
tert-Butylphenyl diphenyl phosphate,spid:EPAPLT0169B03,4,4,interpolation,0.9292367696762085,1.2389822006225586,272,1.1387710571289062,204.0,4,7,9,12.0,21,high,True,model_disagreement
tert-Butylphenyl diphenyl phosphate,spid:EPAPLT0169B03,4,4,anchorboost_all,1.4977525680379786,1.4977525680379786,272,1.4977525680379786,272.0,4,7,9,9.0,21,high,True,none
tert-Butylphenyl diphenyl phosphate,spid:EPAPLT0169B03,4,4,anchorboost_all,1.2239228297157687,1.631897106287692,272,1.2818279993542576,204.0,4,7,9,12.0,21,high,True,fixed_maximin
tert-Butylphenyl diphenyl phosphate,spid:EPAPLT0169B03,4,4,anchorboost_all,1.0435763693876592,1.3914351591835454,272,1.123314426028484,204.0,4,7,9,12.0,21,high,True,uniform_random
tert-Butylphenyl diphenyl phosphate,spid:EPAPLT0169B03,4,4,anchorboost_all,0.6710135646379323,0.8946847528505765,272,0.6992315615736651,204.0,4,7,9,12.0,21,high,True,model_disagreement
tert-Butylphenyl diphenyl phosphate,spid:EPAPLT0169B03,4,4,anchorboost_five,1.5778510822477578,1.5778510822477578,272,1.5778510822477578,272.0,4,7,9,9.0,21,high,True,none
tert-Butylphenyl diphenyl phosphate,spid:EPAPLT0169B03,4,4,anchorboost_five,1.2130247349681718,1.6173663132908958,272,1.3208134524793433,204.0,4,7,9,12.0,21,high,True,fixed_maximin
tert-Butylphenyl diphenyl phosphate,spid:EPAPLT0169B03,4,4,anchorboost_five,1.0523590380667496,1.4031453840889996,272,1.1833883116858184,204.0,4,7,9,12.0,21,high,True,uniform_random
tert-Butylphenyl diphenyl phosphate,spid:EPAPLT0169B03,4,4,anchorboost_five,0.7199911457168009,0.9599881942890677,272,0.7725008575508298,204.0,4,7,9,12.0,21,high,True,model_disagreement
tert-Butylphenyl diphenyl phosphate,spid:EPAPLT0169B03,4,4,cnp,1.4343137741088867,1.4343137741088867,272,1.4343137741088867,272.0,4,7,9,9.0,21,high,True,none
tert-Butylphenyl diphenyl phosphate,spid:EPAPLT0169B03,4,4,cnp,1.0942808389663696,1.4590412378311157,272,1.1919623613357544,204.0,4,7,9,12.0,21,high,True,fixed_maximin
tert-Butylphenyl diphenyl phosphate,spid:EPAPLT0169B03,4,4,cnp,0.9841620922088623,1.3122161328792572,272,1.0757354348897934,204.0,4,7,9,12.0,21,high,True,uniform_random
tert-Butylphenyl diphenyl phosphate,spid:EPAPLT0169B03,4,4,cnp,0.734207808971405,0.9789437055587769,272,0.6964021325111389,204.0,4,7,9,12.0,21,high,True,model_disagreement
